code,name,trading_date,open,high,low,close,pre_close,volume,amount,limit_up,limit_down,is_st,is_suspended,adj_factor,turnover_rate,total_mv,mv_A_free_float,is_limit_up,is_broken_limit,is_db,limit_status_ext,limit_status,limit_desc,last_limit_desc,avg_limit_turnover_5,sma_5,sma_7,open_pct,close_sma7_pct,vwap,touch_limit_down,pct,lowest_30,prev_limit_status,prev_sma_7,pre_pct,pre_vwap,pre_close_sma7_pct,signal,code_right,trading_date_right,buy_time,buy_price,sell_time,sell_price,profit,holding_days,sell_reason
SHSE.601086,国芳集团,2024-01-15,6.0,6.65,6.0,6.41,6.22,83142468.0,529326964.24,6.84,5.6,false,false,1.30620221,12.4839,42.6906,42.6906,false,false,true,断板,断板,断板,2天2板,5.192,6.16,5.93,-3.5369774919614105,8.094435075885336,636.6505312784316,false,0.030546623794212246,5.25,炸板,5.797142857142857,-0.06325301204819278,668.4350194517162,7.294233612617049,1,SHSE.601086,2024-01-15,2024-01-15T09:30:00.000000,6.0,2024-01-16T11:30:00.000000,6.15,1.683266932270914,1.5,未涨停卖出
SHSE.603032,德新科技,2024-01-15,21.36,22.52,21.36,21.5,21.94,17512380.0,379678268.81,24.13,19.75,false,false,1.69439826,7.677,50.623083,49.044940000000004,false,false,false,,未涨停,未涨停,2天2板,7.8293,21.984,21.134285714285713,-2.6435733819507834,1.7304312559145638,2168.056362470435,false,-0.020054694621695623,18.85,断板,20.837142857142858,-0.03134657836644583,2238.401495255028,5.292746469217059,1,SHSE.603032,2024-01-15,2024-01-15T09:30:00.000000,21.36,2024-01-16T11:30:00.000000,21.07,-2.1436725010071997,1.5,未涨停卖出
SHSE.603798,康普顿,2024-01-15,11.25,12.35,10.58,12.0,11.7,43370365.0,501686267.11,12.87,10.53,false,false,2.78842258,16.9118,30.773958,30.773958,false,false,false,,未涨停,未涨停,2天2板,9.56625,11.552,11.088571428571429,-3.84615384615384,8.219531048698785,1156.7490084761796,true,0.025641025641025772,9.65,断板,10.838571428571429,0.03174603174603163,1144.8087281422806,7.947805456702244,1,SHSE.603798,2024-01-15,2024-01-15T09:30:00.000000,11.25,2024-01-16T11:30:00.000000,11.24,-0.8849933598937679,1.5,未涨停卖出
SHSE.603877,太平鸟,2024-01-16,17.9,18.18,17.3,17.5,18.4,12161910.0,214331926.93,20.24,16.56,false,false,1.21685025,2.573,82.92184355,82.71656855,false,false,false,,未涨停,未涨停,3天3板,1.7995333333333334,18.428,17.554285714285715,-2.717391304347826,-0.3092447916666716,1762.3212713299145,false,-0.048913043478260754,14.62,断板,17.354285714285716,-0.03412073490813661,1848.6163623738707,6.025683240039495,1,SHSE.603877,2024-01-16,2024-01-16T09:30:00.000000,17.9,2024-01-17T11:30:00.000000,17.51,-2.958222974025671,1.5,未涨停卖出
SZSE.002641,公元股份,2024-01-17,6.1,6.18,5.66,5.66,6.29,147390115.0,867971361.58,6.92,5.66,false,false,6.29640767,12.9931,69.5667130986,64.1866443598,false,false,false,,未涨停,未涨停,4天4板,2.3834,6.516,6.265714285714286,-3.0206677265500854,-9.667122663018699,588.8938763498488,true,-0.10015898251192368,4.84,断板,6.154285714285714,-0.09885386819484243,642.9557671014535,2.205199628597964,1,SZSE.002641,2024-01-17,2024-01-17T09:30:00.000000,6.1,2024-01-18T11:30:00.000000,5.72,-6.976683430213552,1.5,未涨停卖出
SHSE.600200,退市苏吴,2024-01-29,9.37,9.73,8.99,9.43,9.77,91589433.0,857862507.11,10.75,8.79,false,false,7.39796979,12.908,67.1685539576,66.9113315647,false,false,true,断板,断板,断板,3天3板,6.6776333333333335,9.78,9.391428571428571,-4.094165813715459,0.4107088530574959,936.6391722394438,false,-0.03480040941658136,8.11,断板,9.34142857142857,-0.10036832412523022,1031.0772527815807,4.587857470561251,1,SHSE.600200,2024-01-29,2024-01-29T09:30:00.000000,9.37,2024-01-30T11:30:00.000000,9.45,0.05017284118593486,1.5,未涨停卖出
SZSE.000017,深中华A,2024-01-29,12.31,13.1,11.88,12.6,12.8,114693804.0,1430687473.1,14.08,11.52,false,false,2.10701766,37.8546,55.543565826000005,38.17610559,false,false,true,断板,断板,断板,13天12板,33.3986,12.8,12.308571428571428,-3.8281250000000018,2.367688022284126,1247.3973512117534,false,-0.01562500000000011,4.31,炸板,11.87857142857143,-0.05395417590539531,1390.4974549932506,7.7570655441972285,1,SZSE.000017,2024-01-29,2024-01-29T09:30:00.000000,12.31,2024-01-30T11:30:00.000000,12.82,3.3131487049365567,1.5,未涨停卖出
SZSE.002731,ST萃华,2024-01-29,12.54,12.74,11.7,11.7,13.0,21036410.0,251052005.05,14.3,11.7,false,false,1.73029875,8.6438,29.970252000000002,25.41276504,false,false,false,,未涨停,未涨停,7天3板,15.78895,12.854,12.895714285714286,-3.538461538461545,-9.272183449651054,1193.4165812988053,true,-0.10000000000000009,10.84,断板,12.95142857142857,-0.043414275202354635,1319.481613281623,0.3750275755570359,1,SZSE.002731,2024-01-29,2024-01-29T09:30:00.000000,12.54,2024-01-30T11:30:00.000000,10.62,-15.98581749556799,1.5,止损卖出
SHSE.601113,华鼎股份,2024-01-25,3.93,3.98,3.65,3.92,4.06,151313449.0,581576610.42,4.47,3.65,false,false,2.11661965,13.704,43.2827672592,43.2827672592,false,false,false,,未涨停,未涨停,2天2板,7.4955,4.029999999999999,3.8785714285714286,-3.2019704433497407,1.068139963167586,384.3522266285794,true,-0.03448275862068961,3.39,断板,3.817142857142857,-0.021686746987952032,399.435730844505,6.362275449101785,1,SHSE.601113,2024-01-25,2024-01-25T09:30:00.000000,3.93,2024-01-26T11:30:00.000000,4.12,3.9992700951917413,1.5,未涨停卖出
SHSE.605255,天普股份,2024-01-25,19.2,19.68,18.63,19.68,19.75,11394529.0,220111726.36,21.73,17.78,false,false,1.09217843,8.4983,26.386944,26.386944,false,false,false,,未涨停,未涨停,2天1板,13.8673,19.726,19.271428571428572,-2.784810126582282,2.1200889547813135,1931.7316789487306,false,-0.0035443037974683955,16.91,断板,18.96857142857143,-0.010025062656641603,1936.7333362318168,4.119596324747697,1,SHSE.605255,2024-01-25,2024-01-25T09:30:00.000000,19.2,2024-01-26T11:30:00.000000,19.27,-0.4351344621513741,1.5,未涨停卖出
SHSE.603199,九华旅游,2024-01-18,30.7,31.3,29.43,30.49,31.96,13435302.0,404298407.72,35.16,28.76,false,false,1.04964219,12.1389,33.746332,33.746332,false,false,true,断板,断板,断板,2天2板,11.34,30.977999999999998,30.344285714285714,-3.9424280350438092,0.4802033802551617,3009.2245616808614,false,-0.04599499374217775,25.88,断板,30.21142857142857,-0.05415803492157434,3283.646956086323,5.787781350482323,1,SHSE.603199,2024-01-18,2024-01-18T09:30:00.000000,30.7,2024-01-19T15:00:00.000000,32.5,5.0196607705983975,2.0,未涨停卖出
SZSE.002584,西陇科学,2024-01-18,10.77,10.84,10.13,10.55,11.09,108628553.0,1138010232.7,12.2,9.98,false,false,2.67953716,25.1169,61.740332521000006,45.627884478000006,false,false,false,,未涨停,未涨停,6天3板,28.40305,10.632,10.455714285714285,-2.8854824165915267,0.9017625358655726,1047.616120505628,false,-0.048692515779981904,8.89,断板,10.364285714285714,0.024007386888273308,1099.812166847709,7.002067539627846,1,SZSE.002584,2024-01-18,2024-01-18T09:30:00.000000,10.77,2024-01-19T11:30:00.000000,10.62,-2.178472738572176,1.5,未涨停卖出
SHSE.600097,开创国际,2024-01-30,10.84,11.38,10.3,11.05,11.23,17096300.0,188310911.0,12.35,10.11,false,false,1.1099304,7.0958,26.623489769499997,26.623489769499997,false,false,false,,未涨停,未涨停,2天2板,6.4197,11.016,10.582857142857142,-3.4728406055209313,4.4141468682505565,1101.4717278007522,false,-0.016028495102404228,9.22,断板,10.474285714285713,0.017210144927536364,1113.0290796155914,7.214948172394994,1,SHSE.600097,2024-01-30,2024-01-30T09:30:00.000000,10.84,2024-01-31T11:30:00.000000,11.06,1.2165360697431686,1.5,未涨停卖出
SHSE.600638,新黄浦,2024-01-30,5.24,5.55,5.06,5.06,5.4,29129526.0,153381072.8,5.94,4.86,false,false,12.09542029,4.3258,34.0738773716,34.0738773716,false,false,false,,未涨停,未涨停,2天2板,3.3707000000000003,5.4399999999999995,5.241428571428571,-2.9629629629629655,-3.4614336331425473,526.5484676956296,false,-0.06296296296296311,4.58,断板,5.237142857142857,-0.05429071803852881,556.7371623996297,3.1096563011456793,1,SHSE.600638,2024-01-30,2024-01-30T09:30:00.000000,5.24,2024-01-31T11:30:00.000000,5.1,-3.447279583954262,1.5,未涨停卖出
SHSE.603600,永艺股份,2024-01-26,12.5,12.66,12.07,12.16,13.0,22137380.0,273999701.41,14.3,11.7,false,false,3.13160593,7.3178,40.4815855616,36.785537024,false,false,true,断板,断板,断板,4天2板,5.69425,12.326,12.227142857142857,-3.8461538461538463,-0.5491295712115868,1237.724163428554,false,-0.06461538461538463,10.81,断板,12.117142857142857,0.0375099760574622,1241.7633633376518,7.286017448714924,1,SHSE.603600,2024-01-26,2024-01-26T09:30:00.000000,12.5,2024-01-29T11:30:00.000000,11.74,-6.828366533864556,1.5,未涨停卖出
SZSE.002731,ST萃华,2024-01-26,12.98,14.27,12.61,13.0,13.59,33687088.0,444494932.21,14.95,12.23,false,false,1.73029875,13.8419,33.30028,28.2364056,false,false,true,断板,断板,断板,7天3板,15.78895,13.238,12.95142857142857,-4.488594554819716,0.3750275755570359,1319.481613281623,false,-0.043414275202354635,10.84,断板,12.915714285714285,-0.0014695077149154967,1387.2129524831012,5.220661431257605,1,SZSE.002731,2024-01-26,2024-01-26T09:30:00.000000,12.98,2024-01-29T11:30:00.000000,11.73,-10.350278393360309,1.5,止损卖出
SHSE.600622,光大嘉宝,2024-02-22,2.63,2.74,2.58,2.7,2.76,129614421.0,343674528.67,3.04,2.48,false,false,185.43139687,8.6428,40.491505854,40.491505854,false,false,true,断板,断板,断板,3天3板,8.456966666666666,2.7,2.595714285714286,-4.710144927536229,4.017611447440828,265.1514592423323,false,-0.021739130434782483,2.1,断板,2.6,-0.061224489795918435,281.7998996420981,6.153846153846142,1,SHSE.600622,2024-02-22,2024-02-22T09:30:00.000000,2.63,2024-02-23T11:30:00.000000,2.64,-0.4196143183918226,1.5,未涨停卖出
SHSE.603803,瑞斯康达,2024-02-29,5.98,6.52,5.98,6.43,6.27,21492666.0,136075143.37,6.9,5.64,false,false,1.06813611,5.0585,27.990790315100003,27.320012715100003,false,false,false,,未涨停,未涨停,2天2板,5.3401,6.595999999999999,6.314285714285714,-4.625199362041454,1.832579185520361,633.1236123522322,false,0.02551834130781505,3.89,断板,6.1499999999999995,-0.1004304160688666,669.2767098573677,1.9512195121951237,1,SHSE.603803,2024-02-29,2024-02-29T09:30:00.000000,5.98,2024-03-01T11:30:00.000000,6.45,7.000093272395377,1.5,未涨停卖出
SHSE.603990,麦迪科技,2024-02-29,10.8,11.46,10.6,11.39,11.14,19330451.0,216565971.4,12.25,10.03,false,false,3.12415755,6.9431,34.8856030609,31.7109624423,false,false,false,,未涨停,未涨停,2天2板,3.97025,11.258,10.91,-3.0520646319569105,4.3996333638863465,1120.33584420767,false,0.022441651705565446,8.12,炸板,10.602857142857143,-0.0017921146953404632,1161.9955071502218,5.06601994071679,1,SHSE.603990,2024-02-29,2024-02-29T09:30:00.000000,10.8,2024-03-01T11:30:00.000000,11.2,2.8773793714032645,1.5,未涨停卖出
SZSE.002587,奥拓电子,2024-02-29,5.67,6.31,5.61,6.25,5.9,47715191.0,287926711.9,6.49,5.31,false,false,7.53932152,9.2611,40.72150975,32.2014365,false,false,false,,未涨停,未涨停,2天2板,9.722,6.272,6.015714285714286,-3.89830508474577,3.8945618617905438,603.4277676893297,false,0.05932203389830493,4.15,断板,5.872857142857143,-0.09923664122137399,627.6060399435659,0.4621746533690174,1,SZSE.002587,2024-02-29,2024-02-29T09:30:00.000000,5.67,2024-03-01T11:30:00.000000,6.16,7.776302198612944,1.5,未涨停卖出
SZSE.000017,深中华A,2024-02-26,11.19,12.78,11.04,12.78,11.62,123105168.0,1499474320.06,12.78,10.46,false,false,2.10701766,40.6308,56.3370453378,38.721478527,true,false,false,,涨停,5天3板,2天2板,35.069599999999994,11.866,11.282857142857141,-3.7005163511187584,13.269182071410496,1218.0433562789176,false,0.09982788296041312,4.44,断板,10.978571428571428,-0.005136986301369939,1162.650409872261,5.842550422901757,1,SZSE.000017,2024-02-26,2024-02-26T09:30:00.000000,11.19,2024-02-27T11:30:00.000000,12.15,7.713916452153861,1.5,未涨停卖出
SHSE.603363,傲农生物,2024-03-01,4.05,4.17,3.9,3.93,4.22,69705515.0,277967714.82,4.64,3.8,false,false,1.32937469,9.4522,34.2017973606,28.9819826004,false,false,false,,未涨停,未涨停,8天6板,8.3971,4.276000000000001,4.115714285714286,-4.028436018957344,-4.512322110378335,398.7743506665147,false,-0.06872037914691931,2.38,断板,4.014285714285714,-0.004716981132075526,405.8867746608832,5.124555160142344,1,SHSE.603363,2024-03-01,2024-03-01T09:30:00.000000,4.05,2024-03-04T11:30:00.000000,3.96,-3.0013280212483373,1.5,未涨停卖出
SHSE.603933,睿能科技,2024-03-01,13.85,15.63,13.69,15.63,14.21,24885322.0,371358415.7,15.63,12.79,false,false,2.07498403,11.9904,32.8588825725,32.4392170725,true,false,false,,涨停,11天9板,8天8板,2.799666666666667,15.362,14.741428571428571,-2.533427163969044,6.027715863940312,1492.2789253038397,false,0.09992962702322306,7.58,断板,14.14,-0.05581395348837204,1393.375834362981,0.49504950495049704,1,SHSE.603933,2024-03-01,2024-03-01T09:30:00.000000,13.85,2024-03-04T11:30:00.000000,16.28,16.60851180117077,1.5,未涨停卖出
SHSE.600825,新华传媒,2024-01-10,4.96,5.08,4.8,4.89,5.2,104073946.0,510923867.55,5.72,4.68,false,false,11.35368898,9.9603,51.095015865,51.095015865,false,false,true,断板,断板,断板,4天2板,2.5461,4.942,4.88,-4.615384615384619,0.20491803278688087,490.92389323837114,false,-0.05961538461538474,4.47,炸板,4.878333333333333,0.013645224171540127,542.4959879650492,6.593782029381631,1,SHSE.600825,2024-01-10,2024-01-10T09:30:00.000000,4.96,2024-01-11T11:30:00.000000,4.82,-3.596902711733703,1.5,未涨停卖出
SZSE.002395,双象股份,2024-01-10,21.0,23.79,21.0,23.1,21.63,61858942.0,1435908369.49,23.79,19.47,false,false,3.26607356,23.0637,61.956279,61.956279,false,true,false,,炸板,7天2板,5天2板,12.5335,20.866,20.917142857142856,-2.9126213592232966,10.435732823384795,2321.2624126193427,false,0.06796116504854388,17.95,炸板,20.55333333333333,0.005111524163568637,2258.906459382574,5.238404151800202,1,SZSE.002395,2024-01-10,2024-01-10T09:30:00.000000,21.0,2024-01-11T09:30:00.000000,20.9,-1.2692088787706162,1.0,大幅低开卖出
SZSE.000595,*ST宝实,2024-01-05,5.99,6.7,5.54,6.4,6.15,169896343.0,1017205116.04,6.77,5.54,false,false,3.03086199,14.9265,72.874007424,72.845450752,false,false,true,断板,断板,断板,2天2板,3.1334500000000003,6.13,6.13,-2.6016260162601648,4.404567699836876,598.721018992151,true,0.04065040650406493,5.2,炸板,6.04,-0.019138755980861122,663.289967260668,1.8211920529801375,1,SZSE.000595,2024-01-05,2024-01-05T09:30:00.000000,5.99,2024-01-08T09:30:00.000000,5.91,-2.1217301079488617,1.0,大幅低开卖出
SZSE.002347,泰尔股份,2024-01-12,6.69,6.76,6.35,6.44,6.9,112051729.0,731620076.66,7.59,6.21,false,false,3.93076291,22.7109,32.502826574400004,31.7738588244,false,false,false,,未涨停,未涨停,3天2板,14.38085,6.890000000000001,6.694285714285714,-3.0434782608695645,-3.7985488689713938,652.9306447917461,false,-0.06666666666666665,6.07,断板,6.708571428571429,-0.014285714285714235,663.5364947004085,2.8534923339011904,1,SZSE.002347,2024-01-12,2024-01-12T09:30:00.000000,6.69,2024-01-15T11:30:00.000000,6.21,-7.914530219927454,1.5,未涨停卖出
SZSE.003025,思进智能,2024-01-12,16.8,17.28,15.78,15.78,17.53,50199885.0,823128311.53,19.28,15.78,false,false,3.0801728,21.2147,37.339892877,31.362596302800004,false,false,false,,未涨停,未涨停,4天4板,17.1493,17.768,17.052857142857142,-4.164289788933259,-7.464186981653683,1639.7015880215663,true,-0.09982886480319464,12.98,断板,16.687142857142856,-0.057019903173749276,1711.8850782362617,5.050937419741475,1,SZSE.003025,2024-01-12,2024-01-12T09:30:00.000000,16.8,2024-01-15T11:30:00.000000,15.32,-9.536141149686982,1.5,未涨停卖出
SHSE.603038,华立股份,2024-01-22,15.69,17.08,14.54,15.03,16.15,55079773.0,873696101.39,17.77,14.54,false,false,2.93862393,26.6505,31.0632069591,31.0632069591,false,false,true,断板,断板,断板,6天5板,24.387733333333333,16.052,15.894285714285713,-2.8482972136222853,-5.437713463958294,1586.2376582234645,true,-0.06934984520123832,11.46,断板,15.664285714285713,-0.09977703455964337,1832.3416617224248,3.1007751937984502,1,SHSE.603038,2024-01-22,2024-01-22T09:30:00.000000,15.69,2024-01-23T09:30:00.000000,13.79,-12.809945685708406,1.0,大幅低开卖出
SHSE.603199,九华旅游,2024-01-22,31.35,31.47,29.26,29.26,32.51,11429065.0,346227325.63,35.76,29.26,false,false,1.04964219,10.3262,32.384968,32.384968,false,false,false,,未涨停,未涨停,2天2板,11.34,31.601999999999997,30.951428571428572,-3.5681328821900853,-5.4647835318009745,3029.358268852264,true,-0.09996924023377407,25.88,炸板,30.90142857142857,0.06625122991144639,3223.8115011962223,5.2054921177939,1,SHSE.603199,2024-01-22,2024-01-22T09:30:00.000000,31.35,2024-01-23T11:30:00.000000,28.68,-9.245696639280194,1.5,未涨停卖出
SHSE.605100,华丰股份,2024-01-22,16.69,17.33,16.44,17.01,17.49,15896319.0,268855523.99,19.24,15.74,false,false,2.07165065,9.3545,28.9054332,28.9054332,false,false,true,断板,断板,断板,2天1板,14.9186,17.048,16.66857142857143,-4.57404230989135,2.0483373328762493,1691.3067986997494,false,-0.02744425385934801,15.53,断板,16.492857142857144,-0.04426229508196733,1722.2317022321934,6.04590731918578,1,SHSE.605100,2024-01-22,2024-01-22T09:30:00.000000,16.69,2024-01-23T11:30:00.000000,15.42,-8.345527416994686,1.5,未涨停卖出
SZSE.000532,华金资本,2024-01-22,13.44,14.43,13.27,13.55,14.13,48387807.0,669201165.22,15.54,12.72,false,false,2.8230218,14.0847,46.70798007,46.550990583,false,false,false,,未涨停,未涨停,2天2板,18.15345,14.666,14.182857142857143,-4.8832271762208155,-4.462127316680094,1382.9954418475713,false,-0.04104741684359514,11.76,断板,14.118571428571428,-0.09999999999999987,1430.0082065613162,0.08094708084590427,1,SZSE.000532,2024-01-22,2024-01-22T09:30:00.000000,13.44,2024-01-23T11:30:00.000000,14.13,4.2962080250426995,1.5,未涨停卖出
SZSE.002103,广博股份,2024-01-22,8.03,9.23,8.03,8.63,8.39,137833934.0,1230275174.07,9.23,7.55,false,false,2.37368822,36.5534,46.1077558439,32.5415887244,false,true,false,,炸板,6天2板,3天2板,17.7936,8.452000000000002,8.245714285714287,-4.290822407628143,4.660429660429649,892.5778568215285,false,0.028605482717520836,7.22,断板,8.122857142857143,-0.015258215962441146,855.8707069557996,3.288779458318686,1,SZSE.002103,2024-01-22,2024-01-22T09:30:00.000000,8.03,2024-01-24T11:30:00.000000,8.27,2.1681642049485808,2.5,未涨停卖出
SZSE.002076,*ST星光,2024-03-20,2.45,2.57,2.43,2.51,2.52,151671713.0,377827568.92,2.77,2.27,false,false,6.72016681,14.6311,27.8390247241,26.0196673383,false,false,false,,未涨停,未涨停,5天5板,8.800366666666665,2.646,2.544285714285714,-2.7777777777777715,-1.3475575519371128,249.10878992973463,false,-0.003968253968254065,1.16,断板,2.468571428571429,-0.052631578947368474,253.12261277508236,2.083333333333322,1,SZSE.002076,2024-03-20,2024-03-20T09:30:00.000000,2.45,2024-03-21T11:30:00.000000,2.41,-2.4164566224896338,1.5,未涨停卖出
SZSE.002313,日海智能,2024-03-20,11.6,11.81,11.01,11.65,11.95,39087412.0,451166435.61,13.15,10.76,false,false,2.68599372,10.4444,43.6176,43.6171543875,false,false,false,,未涨停,未涨停,6天4板,11.292100000000001,11.383999999999999,11.435714285714285,-2.9288702928870265,1.8738288569644064,1154.2499554843896,false,-0.025104602510460206,4.64,断板,11.284285714285714,0.02928509905254084,1177.7898428548558,5.899480946955309,1,SZSE.002313,2024-03-20,2024-03-20T09:30:00.000000,11.6,2024-03-21T11:30:00.000000,11.34,-3.020332463250434,1.5,未涨停卖出
SHSE.600446,金证股份,2024-02-07,11.43,12.9,11.35,12.61,11.79,127158912.0,1559372040.13,12.97,10.61,false,false,12.57889641,13.4548,119.1752191305,119.1752191305,false,false,false,,未涨停,未涨停,2天1板,6.8215,11.792,11.382857142857144,-3.053435114503812,10.78062248995982,1226.3175388996722,false,0.06955046649703145,9.42,断板,11.054285714285713,0.0068317677198974636,1132.1938672124102,6.655466528818817,1,SHSE.600446,2024-02-07,2024-02-07T09:30:00.000000,11.43,2024-02-08T11:30:00.000000,12.4,7.6220054166535975,1.5,未涨停卖出
SHSE.600629,华建集团,2024-02-02,6.13,6.67,5.79,5.79,6.43,159871297.0,974667539.06,7.07,5.79,false,false,8.29517277,16.9237,56.195194600200004,54.6957534366,false,false,true,断板,断板,断板,7天6板,17.976399999999998,6.35,6.324285714285714,-4.6656298600311015,-8.44815902416986,609.6576166890045,true,-0.09953343701399686,4.45,断板,6.271428571428571,-0.09943977591036413,667.0606413536284,2.5284738041002246,1,SHSE.600629,2024-02-02,2024-02-02T09:30:00.000000,6.13,2024-02-05T09:30:00.000000,5.33,-13.743395098236746,1.0,大幅低开卖出
SHSE.600639,浦东金桥,2024-02-02,13.3,15.14,13.3,15.14,13.76,99788850.0,1458312113.23,15.14,12.38,false,false,5.05450015,11.7366,128.7258368342,128.7258368342,true,false,false,,涨停,9天6板,5天5板,2.0474500000000004,14.016,13.687142857142858,-3.343023255813947,10.614758375952405,1461.397854800411,false,0.10029069767441867,9.16,炸板,13.115714285714287,0.05846153846153834,1398.2610329315282,4.912318919507671,1,SHSE.600639,2024-02-02,2024-02-02T09:30:00.000000,13.3,2024-02-05T09:30:00.000000,13.63,1.6646197166222085,1.0,大幅低开卖出
SHSE.600239,云南城投,2024-01-11,2.92,3.04,2.86,2.98,3.0,137984459.0,406990466.33,3.3,2.7,false,false,16.16334025,8.5935,47.8494698882,47.8494698882,false,false,false,,未涨停,未涨停,2天2板,12.4976,3.016,2.935714285714286,-2.6666666666666687,1.5085158150851496,294.953844280391,false,-0.00666666666666671,2.56,断板,2.8957142857142855,0.016949152542372836,299.4172174555426,3.6013813517513658,1,SHSE.600239,2024-01-11,2024-01-11T09:30:00.000000,2.92,2024-01-12T11:30:00.000000,2.93,-0.45707580636357825,1.5,未涨停卖出
SHSE.601188,龙江交通,2024-01-11,4.58,4.8,4.5,4.68,4.71,94887196.0,440317414.06,5.18,4.24,false,false,1.27064643,7.2109,61.5831171228,61.5831171228,false,false,true,断板,断板,断板,4天2板,6.082800000000001,4.664,4.5200000000000005,-2.760084925690019,3.539823008849541,464.0430243718025,false,-0.006369426751592355,3.91,断板,4.4314285714285715,-0.04268292682926833,502.7052879221817,6.286266924564794,1,SHSE.601188,2024-01-11,2024-01-11T09:30:00.000000,4.58,2024-01-12T11:30:00.000000,4.53,-1.8798169766349306,1.5,未涨停卖出
SZSE.001339,智微智能,2024-01-11,37.0,41.91,36.99,41.91,38.1,27251020.0,1090530559.26,41.91,34.29,false,false,1.00144665,38.4036,104.42169870000001,29.7397027125,true,false,false,,涨停,7天4板,5天3板,48.5974,39.006,38.612857142857145,-2.8871391076115525,8.538976654704191,4001.7972144161945,false,0.09999999999999987,32.32,断板,37.279999999999994,-0.03299492385786795,3813.730080333965,2.199570815450664,1,SZSE.001339,2024-01-11,2024-01-11T09:30:00.000000,37.0,2024-01-12T11:30:00.000000,43.85,17.569182728545297,1.5,未涨停卖出
SZSE.002786,银宝山新,2024-01-11,16.8,17.0,16.09,16.52,17.28,81115777.0,1345027860.79,19.01,15.55,false,false,3.02700635,16.4165,81.8751024,81.5860024,false,false,false,,未涨停,未涨停,3天2板,24.08315,16.714,16.417142857142856,-2.77777777777778,0.6265227984685019,1658.1581420221123,false,-0.04398148148148162,14.41,断板,16.257142857142856,-0.023728813559321882,1722.79960899745,6.291739894551858,1,SZSE.002786,2024-01-11,2024-01-11T09:30:00.000000,16.8,2024-01-12T11:30:00.000000,15.52,-8.35515082527035,1.5,未涨停卖出
SHSE.600551,时代出版,2024-02-06,10.0,10.9,9.36,10.2,10.4,29971973.0,293752881.88,11.44,9.36,false,false,2.98011216,6.1884,49.401167442,49.401167442,false,false,true,断板,断板,断板,3天2板,3.2246,10.392,10.209999999999999,-3.8461538461538494,-0.09794319294808802,980.0919074630156,true,-0.019230769230769384,8.89,断板,10.20857142857143,-0.044995408631772316,1081.4271348225416,1.8751749230338548,1,SHSE.600551,2024-02-06,2024-02-06T09:30:00.000000,10.0,2024-02-07T11:30:00.000000,9.63,-4.467330677290846,1.5,未涨停卖出
SHSE.603011,合锻智能,2024-03-21,9.22,9.25,8.85,8.91,9.53,83980784.0,760635199.74,10.48,8.58,false,false,2.09823839,16.9859,44.0523263367,44.0523263367,false,false,false,,未涨停,未涨停,3天3板,6.124666666666666,9.47,9.047142857142857,-3.252885624344163,-1.5158692562766447,905.7252903711877,false,-0.06505771248688341,4.41,断板,8.902857142857142,-0.004179728317659448,941.0662017440411,7.044287548138641,1,SHSE.603011,2024-03-21,2024-03-21T09:30:00.000000,9.22,2024-03-22T11:30:00.000000,8.97,-3.4867039434453204,1.5,未涨停卖出
SHSE.603095,越剑智能,2024-03-21,18.61,18.61,17.59,17.87,19.23,13982369.0,252644128.42,21.15,17.31,false,false,1.55063089,7.5662,33.02376,33.02376,false,false,false,,未涨停,未涨停,3天3板,4.145533333333333,18.998,18.187142857142856,-3.2241289651586116,-1.7437750373104899,1806.8764200115158,false,-0.07072282891315651,10.02,断板,17.84714285714286,0.023416711016498226,1868.3529831968515,7.748339069879119,1,SHSE.603095,2024-03-21,2024-03-21T09:30:00.000000,18.61,2024-03-22T11:30:00.000000,17.3,-7.77994951949322,1.5,未涨停卖出
SHSE.603331,百达精工,2024-03-21,13.87,14.78,13.41,14.62,14.26,28703007.0,399504205.37,15.69,12.83,false,false,1.51806394,14.2343,29.6009145832,29.480738183200003,false,false,true,断板,断板,断板,6天2板,16.0078,14.026,13.73857142857143,-2.734922861150074,6.415722158677331,1391.854886040337,false,0.02524544179523147,7.37,断板,13.307142857142859,-0.020604395604395642,1437.816025016031,7.16049382716048,1,SHSE.603331,2024-03-21,2024-03-21T09:30:00.000000,13.87,2024-03-22T11:30:00.000000,13.53,-3.228614022640507,1.5,未涨停卖出
SHSE.600708,光明地产,2024-02-01,2.42,2.48,2.34,2.38,2.53,90831409.0,217506499.77,2.78,2.28,false,false,9.36040537,4.0818,53.041554483400006,52.9616109498,false,false,false,,未涨停,未涨停,3天3板,4.364566666666667,2.5599999999999996,2.4614285714285713,-4.347826086956517,-3.308183401044689,239.46177006898571,false,-0.059288537549407105,1.91,断板,2.4057142857142857,0.0,244.90749409014848,5.166270783847974,1,SHSE.600708,2024-02-01,2024-02-01T09:30:00.000000,2.42,2024-02-02T11:30:00.000000,2.35,-3.6663264298179143,1.5,未涨停卖出
SHSE.600560,金自天正,2024-02-08,12.35,13.99,11.68,13.6,12.98,26836903.0,344465231.28,14.28,11.68,false,false,3.43763449,11.9998,30.415788,30.415788,false,false,false,,未涨停,未涨停,2天1板,3.3417,13.34,12.941428571428572,-4.8536209553158765,5.08886190528755,1283.5506067149402,true,0.04776579352850541,11.51,断板,12.81857142857143,-0.06819813352476667,1317.788721578447,1.259333556224225,1,SHSE.600560,2024-02-08,2024-02-08T09:30:00.000000,12.35,2024-02-20T11:30:00.000000,14.72,18.240560027098095,2.5,未涨停卖出
SHSE.601566,九牧王,2024-01-23,10.86,11.0,10.18,10.72,11.31,17696631.0,185062306.1,12.44,10.18,false,false,1.75416516,3.0796,61.60110248,61.60110248,false,false,true,断板,断板,断板,2天2板,2.245,11.032,10.732857142857142,-3.9787798408488158,-0.1197923599094782,1045.74879874028,true,-0.05216622458001763,9.68,断板,10.615714285714287,-0.06606110652353414,1175.0803016783786,6.540169559951551,1,SHSE.601566,2024-01-23,2024-01-23T09:30:00.000000,10.86,2024-01-24T11:30:00.000000,10.98,0.29935506592415795,1.5,未涨停卖出
SZSE.000635,英力特,2024-01-23,9.57,9.78,9.01,9.01,10.01,41531647.0,379335560.42,11.01,9.01,false,false,3.11988719,13.7029,27.3827870906,27.3081929402,false,false,true,断板,断板,断板,2天2板,8.03585,9.75,9.608571428571429,-4.395604395604391,-6.229556943205473,913.3650789721871,true,-0.09990009990009985,8.52,断板,9.668571428571429,-0.07911683532658687,1077.6903303440174,3.5313238770685507,1,SZSE.000635,2024-01-23,2024-01-23T09:30:00.000000,9.57,2024-01-24T11:30:00.000000,8.92,-7.534751277023568,1.5,未涨停卖出
SZSE.002103,广博股份,2024-01-23,8.2,8.36,7.77,7.77,8.63,94102740.0,751222849.83,9.49,7.77,false,false,2.37368822,24.956,41.5130084481,29.298742107600003,false,false,false,,未涨停,未涨停,3天2板,25.646,8.414,8.304285714285715,-4.9826187717265515,-6.433855152244982,798.3007187994739,true,-0.09965237543453087,7.22,炸板,8.245714285714287,0.028605482717520836,892.5778568215285,4.660429660429649,1,SZSE.002103,2024-01-23,2024-01-23T09:30:00.000000,8.2,2024-01-24T11:30:00.000000,8.27,0.05004372752891645,1.5,未涨停卖出
SHSE.600560,金自天正,2024-03-12,16.85,17.18,16.66,16.92,17.43,29356112.0,496443587.5,19.17,15.69,false,false,3.43763449,13.1262,37.8408186,37.8408186,false,false,false,,未涨停,未涨停,2天2板,7.266500000000001,17.44,16.875714285714285,-3.3275960986804263,0.2624227545924152,1691.1080987155246,false,-0.029259896729776136,11.51,断板,16.717142857142857,-0.02680067001675046,1765.2076114541928,4.2642283370364025,1,SHSE.600560,2024-03-12,2024-03-12T09:30:00.000000,16.85,2024-03-13T11:30:00.000000,16.76,-1.3266814049440159,1.5,未涨停卖出
SHSE.603607,京华激光,2024-03-06,13.95,14.24,13.83,14.08,14.5,9622636.0,135120787.52,15.95,13.05,false,false,2.22133877,5.3903,25.13516544,25.13516544,false,false,false,,未涨停,未涨停,2天2板,2.9857,14.256,13.874285714285715,-3.793103448275867,1.4827018121910958,1404.197223297234,false,-0.0289655172413793,9.56,断板,13.748571428571427,0.00485100485100487,1440.2817670458555,5.4655029093931935,1,SHSE.603607,2024-03-06,2024-03-06T09:30:00.000000,13.95,2024-03-07T11:30:00.000000,14.0,-0.4412457696097258,1.5,未涨停卖出
SZSE.002418,康盛股份,2024-03-06,2.6,2.67,2.53,2.56,2.71,114437228.0,296527501.17,2.98,2.44,false,false,4.99718858,10.0702,29.09184,29.09184,false,false,true,断板,断板,断板,3天3板,8.6023,2.702,2.5928571428571425,-4.0590405904059,-1.2672176308539798,259.1180390790312,false,-0.05535055350553497,1.6,断板,2.5614285714285714,-0.09966777408637872,278.52325171744025,5.800334634690463,1,SZSE.002418,2024-03-06,2024-03-06T09:30:00.000000,2.6,2024-03-07T11:30:00.000000,2.55,-2.7045663499847037,1.5,未涨停卖出
SHSE.600152,维科技术,2024-03-25,6.16,6.37,5.9,5.97,6.32,34041960.0,209168685.33,6.95,5.69,false,false,2.35732075,6.4386,31.564401437399997,31.564401437399997,false,false,false,,未涨停,未涨停,2天2板,1.178,6.522,6.304285714285713,-2.531645569620255,-5.30251529571719,614.4437198386931,false,-0.05537974683544311,3.9,断板,6.252857142857143,-0.07058823529411762,636.2368211430975,1.0737948366461123,1,SHSE.600152,2024-03-25,2024-03-25T09:30:00.000000,6.16,2024-03-26T11:30:00.000000,5.88,-5.306048533140177,1.5,未涨停卖出
SZSE.000737,北方铜业,2024-03-25,7.28,8.17,7.24,7.86,7.57,116462235.0,905778818.94,8.33,6.81,false,false,2.69312653,16.0356,139.3150547262,57.085293364200005,false,false,false,,未涨停,未涨停,5天3板,21.003,7.634,7.442857142857143,-3.830911492734478,5.604606525911709,777.7446645601469,false,0.03830911492734468,3.98,断板,7.204285714285715,-0.06543209876543199,765.5109748960192,5.076343446361292,1,SZSE.000737,2024-03-25,2024-03-25T09:30:00.000000,7.28,2024-03-26T11:30:00.000000,7.46,1.6560133093997638,1.5,未涨停卖出
SHSE.600984,建设机械,2024-03-28,2.96,3.11,2.96,3.09,3.06,64305703.0,195504354.81,3.37,2.75,false,false,1.82431254,5.1156,38.8426572825,38.8426572825,false,false,true,断板,断板,断板,2天2板,3.43195,3.09,3.0285714285714285,-3.2679738562091534,2.028301886792452,304.02335358964973,false,0.009803921568627416,1.93,断板,2.9899999999999998,-0.09999999999999998,316.7971726643306,2.341137123745829,1,SHSE.600984,2024-03-28,2024-03-28T09:30:00.000000,2.96,2024-03-29T11:30:00.000000,3.25,8.922418434370623,1.5,未涨停卖出
SHSE.603499,翔港科技,2024-03-29,22.5,23.75,22.4,22.8,23.12,8994559.0,206985762.05,25.43,20.81,false,false,2.0040179,4.3882,46.733934288,46.733934288,false,false,false,,未涨停,未涨停,4天4板,4.7681,24.224,23.33857142857143,-2.6816608996539837,-2.307645222501077,2301.2330237647,false,-0.01384083044982698,7.62,断板,22.694285714285716,-0.040265670402656606,2228.2173164800406,1.875865541986653,1,SHSE.603499,2024-03-29,2024-03-29T09:30:00.000000,22.5,2024-04-01T11:30:00.000000,22.52,-0.7086321381142219,1.5,未涨停卖出
SZSE.002388,新亚制程,2024-03-29,5.16,5.24,4.9,5.07,5.34,51964761.0,263088349.75,5.87,4.81,false,false,3.85926898,10.4128,25.97936952,25.301573895,false,false,false,,未涨停,未涨停,3天2板,10.69155,5.215999999999999,5.135714285714286,-3.3707865168539275,-1.279554937413076,506.28222796983516,false,-0.05056179775280889,2.63,断板,5.131428571428572,-0.04472271914132375,517.4262797364986,4.064587973273935,1,SZSE.002388,2024-03-29,2024-03-29T09:30:00.000000,5.16,2024-04-01T11:30:00.000000,5.04,-3.103863615306223,1.5,未涨停卖出
SZSE.002708,光洋股份,2024-03-29,10.31,10.66,10.08,10.43,10.71,67557286.0,699744797.22,11.78,9.64,false,false,3.13995502,16.3576,58.626817958100006,43.0762620253,false,false,false,,未涨停,未涨停,2天1板,19.7453,10.424000000000001,10.268571428571429,-3.7348272642390317,1.5720645520311591,1035.7799116145666,false,-0.026143790849673332,5.32,炸板,10.155714285714286,0.07100000000000017,1057.8308444319362,5.457870305246878,1,SZSE.002708,2024-03-29,2024-03-29T09:30:00.000000,10.31,2024-04-01T11:30:00.000000,10.39,-0.027049899335714046,1.5,未涨停卖出
SZSE.002708,光洋股份,2024-01-19,9.77,9.85,9.12,9.12,10.13,63259644.0,587384770.15,11.14,9.12,false,false,3.13995502,15.3508,51.2633345904,37.5830431152,false,false,false,,未涨停,未涨停,5天4板,15.5292,10.216,10.120000000000001,-3.55380059230011,-9.881422924901202,928.5299963907479,true,-0.09970384995064185,7.5,断板,10.038571428571428,-0.06463527239150502,1082.1631473983891,0.9107727337412946,1,SZSE.002708,2024-01-19,2024-01-19T09:30:00.000000,9.77,2024-01-22T11:30:00.000000,8.85,-10.138361599660719,1.5,止损卖出
SHSE.603901,永创智能,2024-02-21,9.7,10.08,9.55,9.86,9.95,12643993.0,124940488.92,10.95,8.96,false,false,4.23233254,2.6214,48.107175358199996,47.558772018199996,false,false,false,,未涨停,未涨停,5天3板,3.9964499999999994,9.856,9.481428571428571,-2.512562814070352,3.9927678167846867,988.1410794833563,false,-0.009045226130653283,7.57,断板,9.364285714285714,-0.008964143426294813,970.3848424568888,6.254767353165519,1,SHSE.603901,2024-02-21,2024-02-21T09:30:00.000000,9.7,2024-02-22T11:30:00.000000,9.88,1.0440711381279302,1.5,未涨停卖出
SZSE.002676,顺威股份,2024-04-02,4.68,4.81,4.51,4.64,4.85,102583993.0,476445441.17,5.34,4.37,false,false,4.68114783,14.2485,33.408,33.406907697600005,false,false,false,,未涨停,未涨停,2天2板,4.73105,4.8420000000000005,4.651428571428572,-3.5051546391752564,-0.24570024570026772,464.44423465754545,false,-0.043298969072164906,3.3,断板,4.591428571428572,-0.03386454183266929,472.00776986699805,5.63161169881766,1,SZSE.002676,2024-04-02,2024-04-02T09:30:00.000000,4.68,2024-04-03T11:30:00.000000,4.35,-7.791909285933187,1.5,未涨停卖出
SHSE.603002,宏昌电子,2024-03-26,6.01,6.08,5.71,5.79,6.3,59065056.0,346224779.62,6.93,5.67,false,false,1.82481106,6.6702,65.6631456711,51.2706843213,false,false,true,断板,断板,断板,3天2板,7.22605,6.343999999999999,6.158571428571428,-4.603174603174605,-5.984690327070282,586.175317636201,true,-0.08095238095238089,3.57,断板,6.12,-0.09999999999999998,655.3359500968767,2.9411764705882306,1,SHSE.603002,2024-03-26,2024-03-26T09:30:00.000000,6.01,2024-03-27T11:30:00.000000,5.42,-10.53556158063255,1.5,止损卖出
SHSE.603721,*ST天择,2024-03-26,37.0,40.85,34.5,37.29,38.33,38233320.0,1432444800.66,42.16,34.5,false,false,1.34893561,29.4102,48.477000000000004,48.477000000000004,false,false,true,断板,断板,断板,3天3板,18.909433333333336,38.426,36.59285714285714,-3.4698669449517308,1.9051337107163784,3746.587533230177,true,-0.02713279415601355,15.52,断板,35.71142857142858,-0.1000234796900682,3945.889761557539,7.332586606928533,1,SHSE.603721,2024-03-26,2024-03-26T09:30:00.000000,37.0,2024-03-27T11:30:00.000000,38.06,2.0452245073759268,1.5,未涨停卖出
SZSE.000710,贝瑞基因,2024-03-26,9.91,10.25,9.42,9.83,10.4,50252171.0,489333041.78,11.44,9.36,false,false,2.53343815,16.4945,34.7511600095,29.492418573200002,false,false,false,,未涨停,未涨停,4天4板,11.570299999999998,10.922,10.495714285714286,-4.7115384615384635,-6.342724921736761,973.7550279768012,true,-0.054807692307692335,5.4,断板,10.257142857142856,-0.09956709956709964,1068.148766980664,1.3927576601671434,1,SZSE.000710,2024-03-26,2024-03-26T09:30:00.000000,9.91,2024-03-27T11:30:00.000000,9.43,-5.601810718779783,1.5,未涨停卖出
SHSE.601137,博威合金,2024-03-27,18.11,18.79,17.5,17.54,18.92,55892682.0,1009938828.13,20.81,17.03,false,false,2.28654455,7.1706,137.139273598,136.718313598,false,false,false,,未涨停,未涨停,2天2板,9.5113,19.25,18.625714285714285,-4.2811839323467344,-5.829114894922533,1806.9249711974817,false,-0.07293868921775915,11.75,断板,18.41857142857143,-0.03469387755102038,1944.7294125223689,2.722407507950057,1,SHSE.601137,2024-03-27,2024-03-27T09:30:00.000000,18.11,2024-03-28T11:30:00.000000,18.62,1.9968717069876214,1.5,未涨停卖出
SHSE.600571,信雅达,2024-03-05,14.74,15.14,14.07,14.36,15.17,96379070.0,1415939489.75,16.69,13.65,false,false,8.20656246,21.6271,67.0318781724,63.9939762308,false,false,false,,未涨停,未涨停,9天7板,35.6474,15.074000000000002,15.06,-2.8345418589321008,-4.648074369189914,1469.1358712529598,false,-0.05339485827290713,7.78,断板,15.001428571428573,0.016075016744809156,1484.8434979968,1.12370250452337,1,SHSE.600571,2024-03-05,2024-03-05T09:30:00.000000,14.74,2024-03-06T11:30:00.000000,13.88,-6.5847870390892265,1.5,未涨停卖出
SHSE.600860,京城股份,2024-03-05,11.1,11.96,11.04,11.2,11.58,34868861.0,398009084.13,12.74,10.42,false,false,1.21587264,8.1432,50.138590656000005,47.958050896,false,false,false,,未涨停,未涨停,2天2板,11.49895,11.862,11.414285714285715,-4.145077720207258,-1.8773466833542016,1141.4456128349016,false,-0.032815198618307506,7.1,断板,11.221428571428572,-0.08168120539254553,1155.304322636118,3.195416931890515,1,SHSE.600860,2024-03-05,2024-03-05T09:30:00.000000,11.1,2024-03-06T11:30:00.000000,11.26,0.633143103262629,1.5,未涨停卖出
SHSE.603728,鸣志电器,2024-03-05,57.3,57.98,54.05,56.68,59.48,11034357.0,623704303.32,65.43,53.53,false,false,1.32322058,2.6342,238.0934088,237.42260100000001,false,false,false,,未涨停,未涨停,8天4板,2.9249,57.284000000000006,56.27428571428572,-3.6650975117686615,0.7209585702680684,5652.384668359018,true,-0.04707464694014796,31.03,断板,55.12285714285714,-0.007011686143572615,5834.42842692035,7.904421292696827,1,SHSE.603728,2024-03-05,2024-03-05T09:30:00.000000,57.3,2024-03-06T11:30:00.000000,57.82,0.10346050353559988,1.5,未涨停卖出
SZSE.002403,爱仕达,2024-03-05,8.5,8.87,8.3,8.69,8.94,32338583.0,276721165.46,9.83,8.05,false,false,1.46274127,10.5704,29.601492515100002,26.585877852600003,false,false,true,断板,断板,断板,7天6板,17.257166666666667,8.959999999999999,8.878571428571428,-4.921700223713641,-2.123893805309735,855.6997239489434,false,-0.027964205816554788,4.96,断板,8.709999999999999,-0.09969788519637468,905.3842113666201,2.640642939150407,1,SZSE.002403,2024-03-05,2024-03-05T09:30:00.000000,8.5,2024-03-06T11:30:00.000000,8.58,0.13686430747598255,1.5,未涨停卖出
SHSE.600636,*ST国化,2024-01-31,9.46,10.87,9.4,10.87,9.88,48282697.0,495234374.94,10.87,8.89,false,false,10.60797149,11.0074,47.6798203774,47.6798203774,true,false,false,,涨停,5天3板,2天2板,3.3328499999999996,10.504,10.06857142857143,-4.251012145748987,7.959704880817236,1025.6974148316528,false,0.10020242914979738,8.48,断板,9.751428571428573,-0.06967984934086613,1014.4473709837067,1.3184881336067928,1,SHSE.600636,2024-01-31,2024-01-31T09:30:00.000000,9.46,2024-02-01T11:30:00.000000,10.59,11.05303942791202,1.5,未涨停卖出
SHSE.603786,科博达,2024-02-20,58.2,59.58,55.56,59.51,60.0,2887357.0,164927620.57,66.0,54.0,false,false,1.03014812,0.7196,240.40510593000002,238.79068889500002,false,false,false,,未涨停,未涨停,2天1板,0.5134,59.874,57.47714285714285,-2.9999999999999956,3.5368096634687145,5712.061950427328,false,-0.008166666666666655,49.65,断板,56.68,-0.04153354632587858,5992.583252883662,5.857445306986592,1,SHSE.603786,2024-02-20,2024-02-20T09:30:00.000000,58.2,2024-02-21T11:30:00.000000,62.05,5.765597404197634,1.5,未涨停卖出
SZSE.002689,ST远智,2024-02-20,3.2,3.38,3.16,3.3,3.33,57360688.0,187903601.91,3.66,3.0,false,false,3.75324332,5.5084,34.429253925,34.416080292,false,false,true,断板,断板,断板,2天2板,5.758850000000001,3.12,3.105714285714286,-3.9039039039039007,6.255749770009189,327.5825455754645,false,-0.009009009009009028,2.62,炸板,3.1185714285714288,0.015243902439024515,336.85753052249464,6.779661016949149,1,SZSE.002689,2024-02-20,2024-02-20T09:30:00.000000,3.2,2024-02-21T11:30:00.000000,3.37,4.473356573705163,1.5,未涨停卖出
SZSE.002793,罗欣药业,2024-03-18,5.0,5.33,4.85,5.13,5.13,90787504.0,457531576.08,5.64,4.62,false,false,3.58884421,8.3603,55.793289331800004,55.708675522200004,false,false,true,断板,断板,断板,5天3板,3.43895,5.066,4.909999999999999,-2.534113060428848,4.4806517311609095,503.9587563504334,false,0.0,3.41,断板,4.764285714285714,-0.06896551724137934,542.9984854267577,7.676161919040479,1,SZSE.002793,2024-03-18,2024-03-18T09:30:00.000000,5.0,2024-03-19T11:30:00.000000,4.97,-1.3920318725099559,1.5,未涨停卖出
SZSE.002281,光迅科技,2024-03-14,37.88,40.68,37.88,40.42,39.34,100485618.0,3996662606.73,43.27,35.41,false,false,3.33271145,13.2937,321.0164289984,305.59214244720005,false,false,false,,未涨停,未涨停,2天2板,17.8652,40.448,39.36571428571428,-3.71123538383325,2.6781826099579153,3977.347889456181,false,0.02745297407219116,19.58,断板,38.65857142857143,-0.03246433841613361,4022.0638033067644,1.7626843058275863,1,SZSE.002281,2024-03-14,2024-03-14T09:30:00.000000,37.88,2024-03-15T11:30:00.000000,38.33,0.3816834036609518,1.5,未涨停卖出
SHSE.600198,大唐电信,2024-04-01,6.45,6.63,6.45,6.58,6.65,34793195.0,226998313.77,7.32,5.99,false,false,1.35391501,3.9517,86.1727873482,57.933921563000006,false,false,false,,未涨停,未涨停,3天2板,3.87675,6.8260000000000005,6.681428571428571,-3.0075187969924837,-1.5180671370536536,652.4215835021762,false,-0.010526315789473717,5.14,断板,6.609999999999999,-0.07766990291262132,665.117206038001,0.6051437216339021,1,SHSE.600198,2024-04-01,2024-04-01T09:30:00.000000,6.45,2024-04-02T11:30:00.000000,6.38,-1.8734364866117164,1.5,未涨停卖出
SHSE.600683,京投发展,2024-04-01,4.97,5.16,4.96,5.05,5.22,86796560.0,436485871.28,5.74,4.7,false,false,5.9168002,11.717,37.4092686485,37.4092686485,false,false,false,,未涨停,未涨停,4天4板,14.099333333333334,5.528,5.314285714285714,-4.789272030651341,-4.973118279569891,502.8838369631239,false,-0.03256704980842906,3.58,断板,5.184285714285714,-0.09999999999999998,539.7763923168441,0.6888950124001079,1,SHSE.600683,2024-04-01,2024-04-01T09:30:00.000000,4.97,2024-04-02T11:30:00.000000,5.1,1.798039231404358,1.5,未涨停卖出
SHSE.605255,天普股份,2024-01-24,19.0,19.87,18.85,19.75,19.95,13041303.0,252575262.68,21.95,17.96,false,false,1.09217843,9.7265,26.480800000000002,26.480800000000002,false,false,true,断板,断板,断板,2天1板,13.8673,19.369999999999997,18.96857142857143,-4.761904761904758,4.119596324747697,1936.7333362318168,false,-0.010025062656641603,16.91,断板,18.608571428571427,-0.02966926070038911,2001.103695371869,7.208659603869191,1,SHSE.605255,2024-01-24,2024-01-24T09:30:00.000000,19.0,2024-01-25T11:30:00.000000,19.45,1.5527364227301264,1.5,未涨停卖出
SHSE.605399,晨光新材,2024-01-24,16.61,16.79,15.42,16.15,17.1,31628537.0,507333630.73,18.81,15.39,false,false,1.75349719,10.1413,50.44111735,50.368243705,false,false,false,,未涨停,未涨停,4天4板,5.011033333333333,17.066,16.36857142857143,-2.8654970760234035,-1.335311572700304,1604.0376155558506,true,-0.05555555555555569,12.29,断板,15.870000000000001,0.024565608148591878,1666.2879992589153,7.7504725897920625,1,SHSE.605399,2024-01-24,2024-01-24T09:30:00.000000,16.61,2024-01-25T11:30:00.000000,15.66,-6.470685589970032,1.5,未涨停卖出
SZSE.000068,华控赛格,2024-01-24,4.01,4.55,3.99,4.55,4.14,117909267.0,522696513.82,4.55,3.73,false,false,1.56098445,11.7128,45.803551612,45.803551612,true,false,false,,涨停,5天3板,2天2板,5.28125,4.295999999999999,4.132857142857143,-3.140096618357486,10.093328724507435,443.3040142807435,false,0.09903381642512077,3.49,断板,4.004285714285714,0.009756097560975618,397.9439869499668,3.3892258294684376,1,SZSE.000068,2024-01-24,2024-01-24T09:30:00.000000,4.01,2024-01-30T11:30:00.000000,5.95,47.19674916294922,4.5,未涨停卖出
SHSE.603527,众源新材,2024-04-08,9.82,10.55,9.5,9.58,10.13,37472671.0,375748716.89,11.14,9.12,false,false,2.1608825,11.8221,30.36584096,30.36584096,false,false,false,,未涨停,未涨停,5天3板,12.567450000000001,10.31,9.874285714285715,-3.060217176702867,-2.980324074074085,1002.7273393188332,false,-0.05429417571569606,7.6,断板,9.815714285714288,-0.10035523978685601,1041.3358855165095,3.201862902052091,1,SHSE.603527,2024-04-08,2024-04-08T09:30:00.000000,9.82,2024-04-09T11:30:00.000000,9.87,-0.29170487094393804,1.5,未涨停卖出
SZSE.000099,中信海直,2024-04-24,20.0,22.39,19.71,21.98,20.52,238273464.0,5104473965.39,22.57,18.47,false,false,2.96105034,33.5495,170.51427611260002,156.10528689280002,false,false,false,,未涨停,未涨停,8天5板,19.193,21.104,20.092857142857145,-2.534113060428848,9.39210806967649,2142.275467733159,false,0.07115009746588696,10.5,断板,19.322857142857142,0.0,2097.3808531603268,6.195475380748191,1,SZSE.000099,2024-04-24,2024-04-24T09:30:00.000000,20.0,2024-04-25T11:30:00.000000,21.71,7.685059760956167,1.5,未涨停卖出
SHSE.600744,华银电力,2024-04-15,3.4,3.65,3.37,3.44,3.5,113666424.0,399367627.67,3.85,3.15,false,false,3.01412594,5.5962,69.87067502560001,69.87067502560001,false,false,false,,未涨停,未涨停,3天2板,8.149750000000001,3.564,3.467142857142857,-2.85714285714286,-0.7828594973217963,351.35056916191894,false,-0.017142857142857126,2.82,断板,3.412857142857143,-0.05405405405405406,356.9565195012799,2.553369610715782,1,SHSE.600744,2024-04-15,2024-04-15T09:30:00.000000,3.4,2024-04-16T11:30:00.000000,3.15,-8.091164752753691,1.5,未涨停卖出
SZSE.002085,万丰奥威,2024-04-23,13.93,14.83,13.81,13.81,14.46,263258304.0,3733863743.38,15.91,13.01,false,false,8.03500756,12.3986,293.227387512,293.227387512,false,false,true,断板,断板,断板,2天1板,19.744499999999995,14.575999999999999,14.097142857142858,-3.665283540802221,-2.0368869071747073,1418.3270524222476,false,-0.044951590594744184,7.67,断板,13.984285714285715,-0.10018668326073421,1461.118462399377,3.4017775053631647,1,SZSE.002085,2024-04-23,2024-04-23T09:30:00.000000,13.93,2024-04-26T11:30:00.000000,17.4,23.91496469255783,3.5,未涨停卖出
SZSE.002455,百川股份,2024-04-17,6.2,6.88,6.08,6.8,6.47,65819921.0,429698130.44,7.12,5.82,false,false,6.32359759,12.9944,40.335765836,34.4438224,false,false,false,,未涨停,未涨停,4天3板,8.1867,6.664,6.445714285714286,-4.173106646058726,5.496453900709216,652.839024890352,false,0.051004636785162205,4.98,断板,6.252857142857144,-0.027067669172932463,641.9042369850192,3.4726981951107914,1,SZSE.002455,2024-04-17,2024-04-17T09:30:00.000000,6.2,2024-04-19T11:30:00.000000,7.8,24.80400976738207,2.5,未涨停卖出
SHSE.605118,力鼎光电,2024-04-19,17.96,18.15,17.3,17.54,18.45,8223500.0,145639995.0,20.3,16.61,false,false,1.02607763,2.0222,71.41030382,71.32996185,false,false,true,断板,断板,断板,4天2板,1.8009499999999998,17.576,17.722857142857144,-2.6558265582655745,-1.0317588263743471,1771.022010093026,false,-0.04932249322493221,15.98,断板,17.81,0.03709949409780777,1838.9710611292433,3.5934868051656412,1,SHSE.605118,2024-04-19,2024-04-19T09:30:00.000000,17.96,2024-04-22T11:30:00.000000,16.9,-6.651789279407982,1.5,未涨停卖出
SZSE.002552,宝鼎科技,2024-04-19,15.56,16.2,15.4,15.73,16.13,16710568.0,263278107.98,17.74,14.52,false,false,3.13462811,5.2948,67.3181460666,49.644270418599994,false,false,false,,未涨停,未涨停,3天2板,7.0244,15.888,15.632857142857144,-3.5337879727216275,0.6214018093758499,1575.5186058307534,false,-0.024798512089274527,12.4,断板,15.411428571428571,-0.03701492537313433,1574.493757083352,4.662588060808302,1,SZSE.002552,2024-04-19,2024-04-19T09:30:00.000000,15.56,2024-04-22T11:30:00.000000,14.78,-5.769723163899672,1.5,未涨停卖出
SHSE.603076,乐惠国际,2024-04-26,26.71,27.28,26.49,26.59,27.45,3558196.0,95202142.11,30.2,24.71,false,false,1.43017774,2.9479,32.0944873696,32.0944873696,false,false,false,,未涨停,未涨停,5天4板,2.83,27.145999999999997,26.287142857142857,-2.695810564663018,1.152111298299004,2675.573299222415,false,-0.031329690346083794,20.4,断板,25.707142857142856,0.0018248175182482562,2782.5342661333475,6.779661016949157,1,SHSE.603076,2024-04-26,2024-04-26T09:30:00.000000,26.71,2024-04-29T11:30:00.000000,27.52,2.2115954005020755,1.5,未涨停卖出
SHSE.600257,大湖股份,2024-04-10,7.42,8.35,7.28,8.07,7.72,127247854.0,1000507318.16,8.49,6.95,false,false,6.02250913,26.4418,38.8358410716,38.8358410716,false,false,false,,未涨停,未涨停,3天2板,18.00395,7.790000000000001,7.664285714285714,-3.8860103626942983,5.293569431500478,786.2665551593507,false,0.045336787564767,4.72,断板,7.464285714285714,-0.03980099502487555,768.1182925881799,3.425837320574158,1,SHSE.600257,2024-04-10,2024-04-10T09:30:00.000000,7.42,2024-04-11T11:30:00.000000,8.22,9.89894867967483,1.5,未涨停卖出
SHSE.603058,永吉股份,2024-04-10,9.06,10.05,9.06,9.57,9.32,36023280.0,343672041.05,10.25,8.39,false,false,1.14739348,8.6641,40.192136912399995,39.7898906724,false,false,false,,未涨停,未涨停,4天3板,9.8661,9.176,9.021428571428572,-2.7896995708154484,6.08076009501187,954.0276206108938,false,0.02682403433476388,6.63,炸板,8.814285714285715,0.06758304696449025,925.2857278263953,5.737439222042134,1,SHSE.603058,2024-04-10,2024-04-10T09:30:00.000000,9.06,2024-04-11T15:00:00.000000,10.2,11.685707501121342,2.0,未涨停卖出
SZSE.002246,北化股份,2024-05-30,10.8,10.81,9.99,9.99,11.1,81724755.0,826734481.45,12.21,9.99,false,false,1.62859845,14.8852,54.848575920600005,54.848575920600005,false,false,false,,未涨停,未涨停,3天2板,12.66765,10.992,10.86,-2.7027027027026933,-8.0110497237569,1011.6083938703763,true,-0.09999999999999998,7.34,断板,10.89857142857143,-0.05932203389830515,1130.5341459603903,1.8482107746755683,1,SZSE.002246,2024-05-30,2024-05-30T09:30:00.000000,10.8,2024-05-31T11:30:00.000000,10.07,-7.502213368747233,1.5,未涨停卖出
SHSE.600665,天地源,2024-05-23,3.2,3.35,3.1,3.33,3.32,95785315.0,307296416.59,3.65,2.99,false,false,3.68907488,11.0847,28.7752799493,28.7752799493,false,false,false,,未涨停,未涨停,6天4板,13.27495,3.31,3.2457142857142856,-3.6144578313252915,2.5968309859155,320.81787964052734,false,0.003012048192771122,2.16,炸板,3.1514285714285712,0.053968253968254,331.6966582342554,5.349048050770627,1,SHSE.600665,2024-05-23,2024-05-23T09:30:00.000000,3.2,2024-05-24T11:30:00.000000,3.12,-3.276892430278888,1.5,未涨停卖出
SZSE.002037,保利联合,2024-05-23,7.39,7.47,7.21,7.26,7.75,33034241.0,241936431.56,8.53,6.98,false,false,3.14071486,6.8269,35.1299468916,35.1299468916,false,false,false,,未涨停,未涨停,5天3板,7.6328499999999995,7.531999999999999,7.28,-4.6451612903225845,-0.2747252747252811,732.3807789620473,false,-0.06322580645161291,5.18,断板,7.185714285714285,0.031957390146471365,778.0555427775852,7.852882703777346,1,SZSE.002037,2024-05-23,2024-05-23T09:30:00.000000,7.39,2024-05-24T11:30:00.000000,7.32,-1.7364911126805298,1.5,未涨停卖出
SZSE.002264,新华都,2024-05-23,7.36,7.49,6.97,6.98,7.74,60860765.0,432610327.39,8.51,6.97,false,false,4.72516034,9.3038,50.2506242134,45.6597090182,false,false,false,,未涨停,未涨停,4天2板,7.792,7.442,7.4157142857142855,-4.90956072351421,-5.875553843190128,710.8197331893545,true,-0.09819121447028423,4.43,炸板,7.3342857142857145,0.05593451568894947,770.6740342161273,5.531749123490455,1,SZSE.002264,2024-05-23,2024-05-23T09:30:00.000000,7.36,2024-05-24T11:30:00.000000,6.81,-8.210094404988752,1.5,未涨停卖出
SHSE.601155,新城控股,2024-05-13,10.6,11.19,10.58,10.9,10.9,60743201.0,664065009.65,11.99,9.81,false,false,1.57967277,2.693,245.86289130400002,245.86289130400002,false,false,false,,未涨停,未涨停,4天2板,2.9038,10.534,10.321428571428571,-2.752293577981658,5.605536332179937,1093.2334791674873,false,0.0,7.95,炸板,10.195714285714287,0.07920792079207928,1064.3216575256504,6.9076642847134595,1,SHSE.601155,2024-05-13,2024-05-13T09:30:00.000000,10.6,2024-05-14T11:30:00.000000,10.9,2.010824626024197,1.5,未涨停卖出
SZSE.002759,天际股份,2024-05-13,9.9,9.99,9.27,9.7,10.3,18645251.0,178372300.7,11.33,9.27,false,false,2.62691976,4.6033,48.944512685,39.289079335000004,false,false,true,断板,断板,断板,4天2板,1.51125,10.05,9.911428571428571,-3.883495145631071,-2.1331795906601356,956.6634458286455,true,-0.058252427184466105,8.92,断板,9.935714285714285,-0.032863849765258135,1067.5508883195248,3.666427030913026,1,SZSE.002759,2024-05-13,2024-05-13T09:30:00.000000,9.9,2024-05-14T11:30:00.000000,9.7,-2.800917541953405,1.5,未涨停卖出
SZSE.000518,*ST四环,2024-05-14,2.58,2.65,2.53,2.54,2.67,50259201.0,129549733.55,2.94,2.4,false,false,8.0768607,4.8817,26.1507280388,26.150206602199997,false,false,false,,未涨停,未涨停,2天2板,6.678599999999999,2.694,2.6042857142857145,-3.3707865168539275,-2.4684585847504192,257.76321742560134,false,-0.048689138576779034,2.0,断板,2.5685714285714285,-0.046428571428571375,261.87399625744456,3.9488320355951054,1,SZSE.000518,2024-05-14,2024-05-14T09:30:00.000000,2.58,2024-05-15T11:30:00.000000,2.47,-5.026406003891409,1.5,未涨停卖出
SZSE.002481,双塔食品,2024-05-14,4.59,4.83,4.56,4.61,4.8,71058839.0,331342467.98,5.28,4.32,false,false,18.56107838,6.355,56.87340865,51.546834860000004,false,false,true,断板,断板,断板,2天1板,4.1517,4.671999999999999,4.601428571428571,-4.375,0.1862775535548037,466.2931067308882,false,-0.03958333333333319,3.67,断板,4.55,-0.043824701195219085,501.8903568960949,5.4945054945054945,1,SZSE.002481,2024-05-14,2024-05-14T09:30:00.000000,4.59,2024-05-16T11:30:00.000000,5.27,13.899955732625063,2.5,未涨停卖出
SHSE.600869,远东股份,2024-05-16,4.6,4.68,4.36,4.41,4.72,96490362.0,429362724.53,5.19,4.25,false,false,8.91125574,4.3477,97.8734560986,97.8734560986,false,false,true,断板,断板,断板,3天2板,4.59135,4.64,4.498571428571428,-2.5423728813559343,-1.9688790092092618,444.9799084907568,false,-0.06567796610169485,3.55,断板,4.454285714285715,-0.04259634888438135,475.6149676517335,5.965362411802424,1,SHSE.600869,2024-05-16,2024-05-16T09:30:00.000000,4.6,2024-05-17T11:30:00.000000,4.38,-5.541313008834223,1.5,未涨停卖出
SZSE.000957,中通客车,2024-05-17,10.6,11.16,10.4,10.66,11.08,75204024.0,802804069.62,12.19,9.97,false,false,3.93320722,12.684,63.203559577600004,63.203559577600004,false,false,false,,未涨停,未涨停,2天2板,9.8293,11.046,10.584285714285715,-4.332129963898921,0.7153462005668773,1067.501480532478,false,-0.03790613718411551,7.91,断板,10.358571428571429,-0.05702127659574463,1123.3445515119795,6.964556612880983,1,SZSE.000957,2024-05-17,2024-05-17T09:30:00.000000,10.6,2024-05-20T11:30:00.000000,10.63,-0.5160490115011583,1.5,未涨停卖出
SZSE.002339,积成电子,2024-05-17,6.82,7.35,6.71,7.28,7.14,117785013.0,836390131.6,7.85,6.43,false,false,5.50694332,24.6004,36.6979175472,34.8561743712,false,false,false,,未涨停,未涨停,4天4板,17.308600000000002,7.644,7.347142857142857,-4.481792717086827,-0.9138635037915557,710.0989423841215,false,0.019607843137255054,5.31,断板,7.124285714285714,-0.08695652173913049,720.1609813788439,0.2205734910768039,1,SZSE.002339,2024-05-17,2024-05-17T09:30:00.000000,6.82,2024-05-20T11:30:00.000000,7.25,5.457933661249399,1.5,未涨停卖出
SZSE.002886,沃特股份,2024-05-29,16.54,17.99,16.42,17.0,17.05,36292496.0,619924513.27,18.76,15.35,false,false,2.59024162,17.4152,44.74460605,35.42726288,false,false,false,,未涨停,未涨停,2天2板,10.52725,16.972,16.38714285714286,-2.9912023460410646,3.7398657484090205,1708.134136792355,false,-0.0029325513196480912,12.67,断板,16.172857142857143,0.042813455657492394,1624.917839921384,5.423549156434944,1,SZSE.002886,2024-05-29,2024-05-29T09:30:00.000000,16.54,2024-05-30T11:30:00.000000,16.75,0.5218511982326394,1.5,未涨停卖出
SZSE.002886,沃特股份,2024-05-28,15.63,17.1,15.56,17.05,16.35,40007155.0,650083398.84,17.99,14.72,false,false,2.59024162,19.1977,44.8762078325,35.531460712,false,false,true,断板,断板,断板,2天2板,10.52725,16.556,16.172857142857143,-4.403669724770646,5.423549156434944,1624.917839921384,false,0.042813455657492394,12.67,断板,15.992857142857146,-0.09418282548476453,1674.2085507451143,2.2331397945511307,1,SZSE.002886,2024-05-28,2024-05-28T09:30:00.000000,15.63,2024-05-29T11:30:00.000000,17.4,10.437329377308414,1.5,未涨停卖出
SHSE.600744,华银电力,2024-05-15,3.89,3.94,3.7,3.71,3.99,172199963.0,648747425.77,4.39,3.59,false,false,3.01412594,8.4781,75.3547105654,75.3547105654,false,false,false,,未涨停,未涨停,3天2板,9.1717,3.904,3.79,-2.506265664160403,-2.110817941952509,376.7407463206017,false,-0.07017543859649134,2.91,断板,3.7328571428571427,-0.05450236966824629,403.115123100636,6.888633754305408,1,SHSE.600744,2024-05-15,2024-05-15T09:30:00.000000,3.89,2024-05-16T11:30:00.000000,3.68,-6.15225473427627,1.5,未涨停卖出
SZSE.002425,凯撒文化,2024-05-20,3.11,3.14,3.07,3.1,3.2,75160173.0,232586839.17,3.52,2.88,false,false,4.42466697,7.8621,29.656617046,29.637887838,false,false,false,,未涨停,未涨停,2天2板,9.694299999999998,3.198,3.0885714285714285,-2.8125000000000093,0.37002775208141053,309.4549012945992,false,-0.03125,2.66,断板,3.0557142857142856,-0.018404907975460016,318.43606812928385,4.72183263207107,1,SZSE.002425,2024-05-20,2024-05-20T09:30:00.000000,3.11,2024-05-22T11:30:00.000000,3.59,14.514290106455208,2.5,未涨停卖出
SZSE.002427,尤夫股份,2024-05-24,4.28,4.34,4.0,4.01,4.44,35618627.0,146399726.7,4.88,4.0,false,false,2.04921552,3.6188,39.5158543577,39.4687239455,false,false,false,,未涨停,未涨停,5天3板,3.1633999999999998,4.25,4.1571428571428575,-3.6036036036036063,-3.539518900343656,411.0201291588246,true,-0.09684684684684697,3.05,断板,4.122857142857143,-0.0410367170626349,430.8260546394667,7.692307692307704,1,SZSE.002427,2024-05-24,2024-05-24T09:30:00.000000,4.28,2024-05-27T11:30:00.000000,4.01,-7.054957739136928,1.5,未涨停卖出
SZSE.000677,恒天海龙,2024-06-21,2.92,3.18,2.88,3.09,3.02,69678137.0,210713535.31,3.32,2.72,false,false,13.89330773,8.0648,26.696918593200003,26.696918593200003,false,false,true,断板,断板,断板,6天4板,10.58965,3.058,2.9857142857142853,-3.3112582781456985,3.4928229665071857,302.40982951366794,false,0.023178807947019875,2.15,断板,2.9214285714285713,-0.10119047619047616,311.82126457996446,3.3740831295843585,1,SZSE.000677,2024-06-21,2024-06-21T09:30:00.000000,2.92,2024-06-24T11:30:00.000000,2.93,-0.45707580636358025,1.5,未涨停卖出
SHSE.600620,天宸股份,2024-05-27,5.7,5.8,5.3,5.3,5.89,25733269.0,138993176.66,6.48,5.3,false,false,322.68681953,3.7475,36.393886989,36.393886989,false,false,true,断板,断板,断板,2天2板,0.7576499999999999,5.752,5.674285714285714,-3.225806451612895,-6.596173212487416,540.1302751702475,true,-0.10016977928692694,4.63,断板,5.6899999999999995,-0.08255451713395645,629.8176779735152,3.514938488576453,1,SHSE.600620,2024-05-27,2024-05-27T09:30:00.000000,5.7,2024-05-28T11:30:00.000000,5.32,-7.410358565737052,1.5,未涨停卖出
SHSE.600843,上工申贝,2024-05-27,8.57,8.72,8.02,8.19,8.9,92861842.0,767728859.12,9.79,8.01,false,false,1.78450512,19.7906,38.429341586999996,38.429341586999996,false,false,true,断板,断板,断板,2天2板,22.897,8.828,8.610000000000001,-3.707865168539327,-4.878048780487823,826.7430869183061,true,-0.07977528089887653,5.09,断板,8.602857142857143,-0.1001011122345804,916.1640956785893,3.4540019926934575,1,SHSE.600843,2024-05-27,2024-05-27T09:30:00.000000,8.57,2024-05-28T11:30:00.000000,8.46,-2.07013253869004,1.5,未涨停卖出
SZSE.000560,我爱我家,2024-05-27,3.19,3.35,3.18,3.31,3.32,472145464.0,1550719426.24,3.65,2.99,false,false,4.07855276,20.9944,77.9670781681,74.4390272841,false,false,false,,未涨停,未涨停,9天5板,15.40025,3.5,3.3757142857142854,-3.9156626506024064,-1.9466779517562327,328.44103024994854,false,-0.0030120481927710108,1.53,断板,3.281428571428571,-0.10027100271002709,333.5657419589787,1.1754462342185499,1,SZSE.000560,2024-05-27,2024-05-27T09:30:00.000000,3.19,2024-05-28T11:30:00.000000,3.11,-3.284666974734281,1.5,未涨停卖出
SHSE.600171,上海贝岭,2024-06-14,18.1,18.77,17.88,18.52,19.05,119167212.0,2190977298.4,20.96,17.15,false,false,2.20602086,16.8096,131.2925957156,131.2925957156,false,false,false,,未涨停,未涨停,10天5板,20.81425,18.616,18.424285714285713,-4.986876640419943,0.5195006590680072,1838.5739345819386,false,-0.027821522309711355,11.68,断板,18.075714285714287,-0.014485256078634157,1957.7662775289564,5.390026080771353,1,SHSE.600171,2024-06-14,2024-06-14T09:30:00.000000,18.1,2024-06-17T11:30:00.000000,18.58,1.8339900068235264,1.5,未涨停卖出
SHSE.600696,*ST岩石,2024-08-16,9.24,9.95,8.9,9.22,9.52,29129849.0,269614500.53,10.47,8.57,false,false,2.60149938,8.7093,30.8380815382,30.8380815382,false,false,true,断板,断板,断板,11天6板,11.303049999999999,9.31,9.161428571428573,-2.941176470588229,0.6393263683143533,925.560927315483,false,-0.031512605042016695,5.94,断板,8.931428571428572,-0.0010493179433368471,983.4391291594042,6.589891234804847,1,SHSE.600696,2024-08-16,2024-08-16T09:30:00.000000,9.24,2024-08-20T11:30:00.000000,8.44,-9.38583329021578,2.5,未涨停卖出
SZSE.002037,保利联合,2024-08-16,7.05,8.1,6.91,7.59,7.38,61637599.0,466129725.32,8.12,6.64,false,false,3.14071486,12.7381,36.7267626594,36.7267626594,false,false,true,断板,断板,断板,2天2板,8.1468,7.35,7.132857142857143,-4.4715447154471555,6.408972561586223,756.2425092515366,false,0.028455284552845628,5.61,断板,6.99,-0.07286432160804024,765.1940665981456,5.579399141630897,1,SZSE.002037,2024-08-16,2024-08-16T09:30:00.000000,7.05,2024-08-19T11:30:00.000000,7.85,10.460286513520394,1.5,未涨停卖出
SHSE.600653,申华控股,2024-06-07,1.5,1.6,1.41,1.43,1.55,185731183.0,274129974.96,1.71,1.4,false,false,10765.42146625,9.5424,27.8332385331,27.8332385331,false,false,false,,未涨停,未涨停,4天4板,3.1069333333333335,1.5859999999999999,1.5142857142857142,-3.2258064516129057,-5.566037735849058,147.59501906580758,true,-0.07741935483870976,1.09,断板,1.4742857142857144,-0.09883720930232553,157.28285706114238,5.135658914728675,1,SHSE.600653,2024-06-07,2024-06-07T09:30:00.000000,1.5,2024-06-11T11:30:00.000000,1.38,-8.733067729083666,1.5,未涨停卖出
SZSE.003032,*ST传智,2024-06-27,10.0,10.15,9.92,9.94,10.3,23716461.0,237219039.39,11.33,9.27,false,false,1.00456893,8.6442,40.0032815,27.2715215696,false,false,true,断板,断板,断板,4天2板,12.3544,9.809999999999999,9.778571428571428,-2.9126213592233077,1.6508400292184038,1000.2295004722669,false,-0.03495145631067975,8.31,断板,9.700000000000001,0.02897102897102899,1011.5968176775569,6.185567010309274,1,SZSE.003032,2024-06-27,2024-06-27T09:30:00.000000,10.0,2024-06-28T11:30:00.000000,9.96,-1.193625498007962,1.5,未涨停卖出
SZSE.000536,华映科技,2024-08-20,2.32,2.44,2.17,2.24,2.41,224894122.0,512832417.4,2.65,2.17,false,false,2.36068065,8.1392,61.95913478720001,61.8930483584,false,false,true,断板,断板,断板,6天3板,8.694399999999998,2.358,2.3042857142857147,-3.7344398340249088,-2.789832610043406,228.03282399706293,true,-0.0705394190871369,1.75,断板,2.2814285714285716,-0.04365079365079361,246.85286466784797,5.635566687539135,1,SZSE.000536,2024-08-20,2024-08-20T09:30:00.000000,2.32,2024-08-21T11:30:00.000000,2.16,-7.63841186976231,1.5,未涨停卖出
SHSE.600817,宇通重工,2024-08-22,12.5,12.84,11.6,11.73,12.84,40462617.0,490989769.74,14.12,11.56,false,false,3.40609768,7.5952,62.675547146999996,62.4902079858,false,false,false,,未涨停,未涨停,6天4板,6.72375,12.9,12.532857142857143,-2.6479750778816187,-6.406018465747176,1213.4404696067977,true,-0.08644859813084105,7.73,断板,12.425714285714287,-0.09894736842105267,1297.1750560290493,3.334099793055863,1,SHSE.600817,2024-08-22,2024-08-22T09:30:00.000000,12.5,2024-08-23T11:30:00.000000,11.29,-10.39968127490041,1.5,止损卖出
SZSE.002425,凯撒文化,2024-08-22,2.88,3.03,2.73,2.78,2.99,106312572.0,303243128.64,3.29,2.69,false,false,4.42466697,11.1207,26.5952888348,26.578492964400002,false,false,false,,未涨停,未涨停,4天3板,11.89015,3.016,2.9728571428571433,-3.6789297658862985,-6.487265737626162,285.2373175958907,false,-0.07023411371237476,2.27,断板,2.93,-0.0714285714285714,311.31094607390014,2.047781569965872,1,SZSE.002425,2024-08-22,2024-08-22T09:30:00.000000,2.88,2024-08-23T11:30:00.000000,2.69,-7.341467463479417,1.5,未涨停卖出
SZSE.000550,江铃汽车,2024-07-16,23.45,25.24,23.31,25.01,24.17,49054650.0,1199436279.5,26.59,21.75,false,false,2.5753324,9.4615,129.8554214,129.667636316,false,false,true,断板,断板,断板,3天2板,6.24825,23.922,23.03,-2.9788994621431626,8.597481545809815,2445.1021044895847,false,0.03475382705833674,20.1,断板,22.457142857142856,-0.018277822908204677,2504.0411857545755,7.62722646310434,1,SZSE.000550,2024-07-16,2024-07-16T09:30:00.000000,23.45,2024-07-17T11:30:00.000000,24.12,2.0375640295959165,1.5,未涨停卖出
SZSE.002741,光华科技,2024-07-16,11.65,11.94,11.45,11.7,12.0,22731606.0,264735482.76,13.2,10.8,false,false,3.06368081,6.288,46.739071431000006,42.299153091,false,false,false,,未涨停,未涨停,7天4板,7.843100000000001,11.686,11.627142857142857,-2.9166666666666634,0.6266126059712427,1164.6140741661632,false,-0.025000000000000022,8.62,断板,11.461428571428572,0.054481546572934914,1186.073215352492,4.6989904025925435,1,SZSE.002741,2024-07-16,2024-07-16T09:30:00.000000,11.65,2024-07-17T11:30:00.000000,11.89,1.2468580613169484,1.5,未涨停卖出
SZSE.000882,华联股份,2024-07-08,1.08,1.09,1.06,1.08,1.11,78764780.0,84556872.24,1.22,1.0,false,false,2.26535668,2.8793,29.5634010276,29.543554072800003,false,false,false,,未涨停,未涨停,3天1板,5.7432,1.122,1.0785714285714285,-2.702702702702705,0.1324503311258397,107.3536576119428,false,-0.027027027027027084,0.79,断板,1.05,-0.017699115044247593,110.45614650611604,5.714285714285719,1,SZSE.000882,2024-07-08,2024-07-08T09:30:00.000000,1.08,2024-07-09T11:30:00.000000,1.04,-4.471004869411251,1.5,未涨停卖出
SHSE.600187,国中水务,2024-08-12,2.6,2.8,2.59,2.71,2.68,134509093.0,363580943.02,2.95,2.41,false,false,4.46493472,8.335,43.7334678913,43.7334678913,false,false,true,断板,断板,断板,3天2板,13.6434,2.742,2.6785714285714284,-2.985074626865674,1.1733333333333393,270.3021297006292,false,0.011194029850746245,1.31,断板,2.6457142857142855,-0.10067114093959728,278.04265741933415,1.2958963282937521,1,SHSE.600187,2024-08-12,2024-08-12T09:30:00.000000,2.6,2024-08-13T11:30:00.000000,2.55,-2.7045663499846797,1.5,未涨停卖出
SHSE.600661,昂立教育,2024-08-12,10.83,10.98,10.35,10.47,11.11,21058996.0,223500317.4,12.22,10.0,false,false,3.78542414,7.3492,30.001662501,30.001662501,false,false,false,,未涨停,未涨停,3天3板,13.312366666666668,11.57,11.174285714285714,-2.5202520252025145,-6.30273587317821,1061.305664334615,false,-0.057605760576057485,8.6,断板,11.108571428571427,-0.043889845094664315,1105.5382581904714,0.012860082304537898,1,SHSE.600661,2024-08-12,2024-08-12T09:30:00.000000,10.83,2024-08-13T11:30:00.000000,10.57,-3.1784220458884613,1.5,未涨停卖出
SZSE.000712,锦龙股份,2024-08-05,11.4,12.86,11.25,12.5,11.74,144614967.0,1760101028.78,12.91,10.57,false,false,9.89230446,16.1538,112.0,111.893996875,false,false,true,断板,断板,断板,9天6板,9.72365,11.95,11.450000000000001,-2.896081771720612,9.170305676855884,1217.0946516068423,false,0.06473594548551964,7.3,断板,10.971428571428572,-0.09553158705701081,1256.5549496588706,7.005208333333335,1,SZSE.000712,2024-08-05,2024-08-05T09:30:00.000000,11.4,2024-08-06T11:30:00.000000,11.38,-0.9708534283917013,1.5,未涨停卖出
SZSE.000868,安凯客车,2024-08-05,5.42,5.54,5.08,5.23,5.64,94347930.0,504113270.07,6.2,5.08,false,false,3.84593936,12.8657,49.136620640500006,38.3530762614,false,false,true,断板,断板,断板,4天2板,14.3601,5.531999999999999,5.46,-3.900709219858152,-4.212454212454204,534.31301573866,true,-0.07269503546099276,3.72,断板,5.404285714285714,-0.03754266211604107,575.3204150923766,4.361617763679621,1,SZSE.000868,2024-08-05,2024-08-05T09:30:00.000000,5.42,2024-08-06T11:30:00.000000,4.94,-9.582334867173353,1.5,未涨停卖出
SHSE.600084,中信尼雅,2024-06-25,4.92,5.13,4.71,4.83,5.07,17861176.0,87607885.2,5.58,4.56,false,false,5.20752481,1.5895,54.276005889,54.276005889,false,false,true,断板,断板,断板,2天2板,0.5345,4.886,4.798571428571429,-2.9585798816568114,0.6549568323905863,490.4933762480141,false,-0.047337278106508895,4.32,炸板,4.784285714285715,-0.04519774011299427,531.1939442212608,5.971931919976109,1,SHSE.600084,2024-06-25,2024-06-25T09:30:00.000000,4.92,2024-06-26T11:30:00.000000,4.75,-4.224565154018073,1.5,未涨停卖出
SHSE.600676,交运股份,2024-08-02,4.35,4.48,4.13,4.19,4.53,93393200.0,398334090.64,4.98,4.08,false,false,10.23557692,9.0806,43.093854353599994,43.093854353599994,false,false,false,,未涨停,未涨停,4天4板,7.298066666666667,4.564,4.372857142857144,-3.9735099337748476,-4.1816399869323835,426.5129480947221,false,-0.07505518763796903,2.65,断板,4.255714285714286,-0.02997858672376863,460.16494537944516,6.445115810674716,1,SHSE.600676,2024-08-02,2024-08-02T09:30:00.000000,4.35,2024-08-05T11:30:00.000000,4.15,-5.3578788295095325,1.5,未涨停卖出
SZSE.000779,甘咨询,2024-08-29,6.61,7.08,6.61,7.01,6.86,40318723.0,273612456.92,7.55,6.17,false,false,1.59534051,8.6746,32.5845445852,32.58170189,false,false,true,断板,断板,断板,3天2板,10.30775,6.944,6.672857142857143,-3.6443148688046643,5.052451295225863,678.6238168307067,false,0.021865889212827838,5.81,断板,6.55,-0.09973753280839892,702.5272530337802,4.7328244274809235,1,SZSE.000779,2024-08-29,2024-08-29T09:30:00.000000,6.61,2024-08-30T11:30:00.000000,7.08,6.256969097889827,1.5,未涨停卖出
SZSE.000810,创维数字,2024-08-29,11.2,11.71,10.52,10.71,11.69,150679973.0,1654772993.38,12.86,10.52,false,false,5.59071682,13.4826,123.18814131120001,119.69406560790001,false,false,false,,未涨停,未涨停,8天5板,10.32235,11.684000000000001,11.231428571428571,-4.191616766467067,-4.642584584075291,1098.2036699595108,true,-0.0838323353293412,7.37,断板,11.125714285714285,-0.09379844961240313,1185.4533014953768,5.071905495634316,1,SZSE.000810,2024-08-29,2024-08-29T09:30:00.000000,11.2,2024-09-02T11:30:00.000000,10.67,-5.491249288560037,2.5,未涨停卖出
SHSE.600936,北投科技,2024-09-03,2.26,2.35,2.24,2.31,2.36,53628178.0,122978806.61,2.6,2.12,false,false,1.02557213,3.2093,38.6007061209,38.6007061209,false,false,true,断板,断板,断板,3天3板,3.7814333333333336,2.366,2.257142857142857,-4.237288135593224,2.3417721518987378,229.31751776090547,false,-0.021186440677966045,1.92,断板,2.21,-0.0992366412213741,244.75777477586624,6.787330316742078,1,SHSE.600936,2024-09-03,2024-09-03T09:30:00.000000,2.26,2024-09-04T11:30:00.000000,2.25,-1.2357649049818213,1.5,未涨停卖出
SHSE.601921,浙版传媒,2024-08-23,9.09,9.1,8.53,8.6,9.48,139111841.0,1212025010.3,10.43,8.53,false,false,1.12917752,32.9476,191.111111178,36.311088732,false,false,true,断板,断板,断板,2天2板,35.858599999999996,9.376000000000001,9.155714285714286,-4.113924050632917,-6.06958963956936,871.2594137115905,true,-0.09282700421940937,7.25,断板,9.138571428571428,-0.09971509971509962,968.9074630425821,3.7361263092074535,1,SHSE.601921,2024-08-23,2024-08-23T09:30:00.000000,9.09,2024-08-26T11:30:00.000000,8.15,-11.055448174299508,1.5,止损卖出
SHSE.603666,亿嘉和,2024-08-23,14.18,15.3,13.81,14.28,14.81,18333244.0,264081740.64,16.29,13.33,false,false,2.79668602,8.8785,29.4868885248,29.4868885248,false,false,true,断板,断板,断板,2天2板,10.1761,14.822,14.414285714285715,-4.253882511816346,-0.9316154608523355,1440.4528769703822,false,-0.0357866306549629,12.86,断板,14.302857142857144,-0.10024301336573516,1549.611333437798,3.545745105872946,1,SHSE.603666,2024-08-23,2024-08-23T09:30:00.000000,14.18,2024-08-27T11:30:00.000000,15.92,11.376215869947579,2.5,未涨停卖出
SZSE.000045,深纺织A,2024-09-04,8.63,9.09,8.63,8.83,9.0,29425146.0,259007592.96,9.9,8.1,false,false,2.1242081,6.4385,40.3550292667,40.3550292667,false,false,false,,未涨停,未涨停,2天2板,5.61265,8.974,8.644285714285715,-4.111111111111102,2.148405222277302,880.2253452200373,false,-0.018888888888888844,7.05,断板,8.53,0.02857142857142847,908.7662755106912,5.509964830011731,1,SZSE.000045,2024-09-04,2024-09-04T09:30:00.000000,8.63,2024-09-05T11:30:00.000000,8.48,-2.521085992068816,1.5,未涨停卖出
SZSE.002600,领益智造,2024-09-04,7.7,7.75,7.24,7.44,7.94,360694189.0,2691164645.83,8.73,7.15,false,false,4.38495176,5.2324,521.4084297336,512.8791894048001,false,false,false,,未涨停,未涨停,2天2板,5.94015,7.872,7.588571428571429,-3.0226700251889196,-1.957831325301205,746.1070147237665,false,-0.06297229219143574,6.12,断板,7.57,-0.005012531328320802,788.2792294564243,4.88771466314399,1,SZSE.002600,2024-09-04,2024-09-04T09:30:00.000000,7.7,2024-09-05T11:30:00.000000,7.36,-5.177213225022014,1.5,未涨停卖出
SZSE.002681,奋达科技,2024-09-04,4.25,4.31,4.01,4.09,4.43,236353181.0,980946603.86,4.87,3.99,false,false,10.62330432,15.9651,73.8411003284,60.5497679416,false,false,false,,未涨停,未涨停,3天3板,3.4090000000000003,4.523999999999999,4.314285714285714,-4.063205417607217,-5.19867549668874,415.0342295837347,true,-0.07674943566591419,3.24,断板,4.267142857142857,-0.09959349593495936,446.0604383428151,3.8165383327753593,1,SZSE.002681,2024-09-04,2024-09-04T09:30:00.000000,4.25,2024-09-05T11:30:00.000000,4.15,-3.131005390203879,1.5,未涨停卖出
SZSE.003015,日久光电,2024-09-04,12.04,13.76,11.77,13.76,12.51,86671503.0,1131204564.57,13.76,11.26,false,false,1.06656186,35.3773,38.674773379200005,33.7108354912,true,false,false,,涨停,6天3板,3天2板,7.39425,13.081999999999999,12.365714285714287,-3.756994404476424,11.275415896487976,1305.1632029157265,false,0.0999200639488409,9.32,断板,11.945714285714287,-0.10000000000000009,1268.0340055524864,4.723750298971528,1,SZSE.003015,2024-09-04,2024-09-04T09:30:00.000000,12.04,2024-09-05T11:30:00.000000,12.91,6.371523871292248,1.5,未涨停卖出
SZSE.000564,供销大集,2024-06-06,2.1,2.15,2.01,2.02,2.16,497250391.0,1035508240.54,2.38,1.94,false,false,5.81150151,3.2753,387.108302167,306.67036181599997,false,false,true,断板,断板,断板,4天2板,2.31345,2.044,2.0628571428571427,-2.77777777777778,-2.0775623268697987,208.24684289489076,false,-0.06481481481481488,1.71,断板,2.06,0.028571428571428692,214.392041772839,4.854368932038839,1,SZSE.000564,2024-06-06,2024-06-06T09:30:00.000000,2.1,2024-06-07T11:30:00.000000,2.04,-3.631189527603882,1.5,未涨停卖出
SZSE.002055,ST得润,2024-06-06,6.67,7.07,6.31,6.31,7.01,84195959.0,549908862.94,7.71,6.31,false,false,5.98376759,14.2867,38.1433200727,37.1867390274,false,false,false,,未涨停,未涨停,2天2板,12.1036,6.953999999999999,6.78,-4.850213980028529,-6.932153392330393,653.1297576169898,true,-0.09985734664764623,5.75,断板,6.795714285714285,-0.02231520223152028,723.3710081376379,3.1532478452806414,1,SZSE.002055,2024-06-06,2024-06-06T09:30:00.000000,6.67,2024-06-07T11:30:00.000000,6.01,-10.613020183135534,1.5,止损卖出
SZSE.000868,安凯客车,2024-07-22,4.6,5.02,4.59,4.92,4.8,88490420.0,429777298.02,5.28,4.32,false,false,3.84593936,12.067,46.224124962,36.0797581656,false,false,false,,未涨停,未涨停,2天2板,3.11235,4.789999999999999,4.598571428571428,-4.1666666666666705,6.989748369058729,485.67663936954983,false,0.025000000000000133,3.72,断板,4.475714285714285,0.0,492.6658075610198,7.245451643791903,1,SZSE.000868,2024-07-22,2024-07-22T09:30:00.000000,4.6,2024-07-23T11:30:00.000000,5.2,12.142733414169419,1.5,未涨停卖出
SHSE.600698,湖南天雁,2024-09-11,3.89,4.07,3.87,3.98,4.08,36796272.0,144651809.28,4.49,3.67,false,false,4.01682358,4.4314,33.4960792736,33.0477417858,false,false,true,断板,断板,断板,5天3板,7.791650000000001,4.0440000000000005,4.001428571428571,-4.656862745098038,-0.5355230274901691,393.11539299415983,false,-0.02450980392156865,3.21,断板,3.914285714285714,-0.05773672055427248,423.0235950732244,4.233576642335772,1,SHSE.600698,2024-09-11,2024-09-11T09:30:00.000000,3.89,2024-09-12T11:30:00.000000,4.1,4.558629236268269,1.5,未涨停卖出
SHSE.600072,中船科技,2024-09-09,12.18,12.44,12.01,12.37,12.64,30122780.0,369293829.44,13.9,11.38,false,false,3.24408467,2.7806,186.35673775360002,134.0088259892,false,false,false,,未涨停,未涨停,2天2板,4.8224,12.504,12.09,-3.639240506329121,2.3159636062861817,1225.9619777457458,false,-0.021360759493671,10.81,断板,11.930000000000001,0.00797448165869219,1267.4667900487445,5.951383067896051,1,SHSE.600072,2024-09-09,2024-09-09T09:30:00.000000,12.18,2024-09-10T11:30:00.000000,12.36,0.6692442054442393,1.5,未涨停卖出
SHSE.600698,湖南天雁,2024-09-09,3.83,4.33,3.83,4.33,3.94,61141723.0,252443555.87,4.33,3.55,false,false,4.01682358,7.3634,36.4417143856,35.9539502343,true,false,false,,涨停,5天3板,2天2板,6.167800000000001,3.9900000000000007,3.8157142857142854,-2.7918781725888295,13.478098090602783,412.88263314071145,false,0.09898477157360408,3.21,断板,3.6728571428571426,0.01285347043701801,404.5226907071837,7.273434461299111,1,SHSE.600698,2024-09-09,2024-09-09T09:30:00.000000,3.83,2024-09-10T11:30:00.000000,4.06,5.160558809149803,1.5,未涨停卖出
SHSE.600187,国中水务,2024-08-19,2.89,3.13,2.75,3.02,3.04,283601742.0,838628834.37,3.34,2.74,false,false,4.46493472,17.5737,48.736189310600004,48.736189310600004,false,false,true,断板,断板,断板,2天1板,19.1845,2.94,2.87,-4.934210526315787,5.226480836236931,295.7065173351439,true,-0.006578947368421018,1.31,炸板,2.8642857142857143,-0.022508038585209,328.24953989296284,6.134663341645885,1,SHSE.600187,2024-08-19,2024-08-19T09:30:00.000000,2.89,2024-08-21T11:30:00.000000,3.45,18.425950178524655,2.5,未涨停卖出
SHSE.600686,金龙汽车,2024-08-19,17.15,18.35,16.42,16.95,17.81,179942660.0,3130525858.65,19.59,16.03,false,false,10.09587752,25.0949,121.5395371815,121.5395371815,false,false,true,断板,断板,断板,3天3板,24.235200000000003,17.778,17.108571428571427,-3.705783267827065,-0.9268537074148233,1739.7352349076089,false,-0.04828747894441321,6.9,断板,16.782857142857143,-0.10005053057099544,1842.2732847944872,6.12019067075246,1,SHSE.600686,2024-08-19,2024-08-19T09:30:00.000000,17.15,2024-08-20T11:30:00.000000,16.47,-4.730233584611993,1.5,未涨停卖出
SHSE.600696,*ST岩石,2024-08-19,8.91,9.04,8.3,8.3,9.22,18539000.0,155861250.31,10.14,8.3,false,false,2.60149938,5.5428,27.760962773000003,27.760962773000003,false,false,false,,未涨停,未涨停,11天6板,10.2409,9.046000000000001,9.151428571428571,-3.362255965292847,-9.303777708398368,840.7209143427369,true,-0.09978308026030369,5.94,断板,9.161428571428573,-0.031512605042016695,925.560927315483,0.6393263683143533,1,SHSE.600696,2024-08-19,2024-08-19T09:30:00.000000,8.91,2024-08-20T11:30:00.000000,8.44,-6.029753041705241,1.5,未涨停卖出
SZSE.002037,保利联合,2024-08-19,7.4,8.35,7.2,8.23,7.59,79935569.0,644880088.06,8.35,6.83,false,false,3.14071486,16.5196,39.8236174818,39.8236174818,false,true,false,,炸板,5天2板,2天2板,8.1468,7.68,7.374285714285714,-2.5032938076416276,11.604029445951197,806.7498563249108,false,0.08432147562582348,5.61,断板,7.132857142857143,0.028455284552845628,756.2425092515366,6.408972561586223,1,SZSE.002037,2024-08-19,2024-08-19T09:30:00.000000,7.4,2024-08-20T11:30:00.000000,7.62,2.152471196295883,1.5,未涨停卖出
SHSE.600152,维科技术,2024-09-06,5.47,5.76,5.4,5.46,5.72,51962560.0,287537295.65,6.29,5.15,false,false,2.35732075,9.8236,28.880977944,28.880977944,false,false,true,断板,断板,断板,3天2板,7.6303,5.606,5.43,-4.370629370629371,0.5524861878453085,553.3547532107732,false,-0.045454545454545414,4.65,断板,5.338571428571428,-0.07142857142857151,579.4301349425826,7.14476853090715,1,SHSE.600152,2024-09-06,2024-09-06T09:30:00.000000,5.47,2024-09-09T11:30:00.000000,5.39,-2.2476820323823543,1.5,未涨停卖出
SZSE.003015,日久光电,2024-09-06,12.55,12.78,11.82,11.87,12.91,53797275.0,659032711.5,14.2,11.62,false,false,1.06656186,21.9588,33.3626133729,29.080495441900002,false,false,true,断板,断板,断板,6天3板,19.13525,12.99,12.884285714285713,-2.7885360185902357,-7.8722696529548735,1225.0299136898664,false,-0.08055770720371813,9.54,断板,12.75,-0.06177325581395343,1296.884861600874,1.2549019607843148,1,SZSE.003015,2024-09-06,2024-09-06T09:30:00.000000,12.55,2024-09-09T11:30:00.000000,12.42,-1.824415485468484,1.5,未涨停卖出
SZSE.002889,东方嘉盛,2024-06-17,17.96,18.96,17.52,18.92,18.5,23735701.0,434384358.35,20.35,16.65,false,false,2.01307484,13.5517,51.03906121600001,33.1381940164,false,false,false,,未涨停,未涨停,2天2板,6.159800000000001,18.327999999999996,17.53142857142857,-2.9189189189189144,7.920469361147345,1830.0886009222984,false,0.022702702702702693,14.9,断板,17.172857142857143,0.029493600445186452,1841.4422215422794,7.72814241743615,1,SZSE.002889,2024-06-17,2024-06-17T09:30:00.000000,17.96,2024-06-18T11:30:00.000000,18.4,1.6335548673901013,1.5,未涨停卖出
SHSE.603324,盛剑科技,2024-08-15,23.5,25.12,23.0,24.07,24.51,12166442.0,290747162.54,26.96,22.06,false,false,1.23912276,8.1613,35.975623750000004,35.882126242,false,false,false,,未涨停,未涨停,2天2板,1.9411999999999998,24.490000000000002,23.634285714285713,-4.120767033863735,1.8435686653771808,2389.746834284009,false,-0.017951856385148957,19.42,断板,23.34714285714286,-0.014078841512469742,2449.663907354673,4.980725692957225,1,SHSE.603324,2024-08-15,2024-08-15T09:30:00.000000,23.5,2024-08-16T11:30:00.000000,25.22,6.464016275324218,1.5,未涨停卖出
SZSE.002678,珠江钢琴,2024-07-17,3.82,3.9,3.61,3.62,3.99,22994852.0,85054556.3,4.39,3.59,false,false,2.79203593,1.6938,49.2250612926,49.144195017600005,false,false,true,断板,断板,断板,2天2板,1.0131000000000001,3.9460000000000006,3.831428571428572,-4.26065162907269,-5.518269947800157,369.8852086545284,true,-0.09273182957393489,3.38,断板,3.821428571428572,-0.09932279909706532,412.7957550626363,4.411214953271016,1,SZSE.002678,2024-07-17,2024-07-17T09:30:00.000000,3.82,2024-07-18T11:30:00.000000,3.5,-9.107027387830868,1.5,未涨停卖出
SHSE.600724,宁波富达,2024-06-12,4.25,4.3,4.07,4.14,4.36,65536982.0,271212055.75,4.8,3.92,false,false,10.84911346,4.5356,59.832980339399995,59.8206262896,false,false,true,断板,断板,断板,2天2板,3.49695,4.348000000000001,4.275714285714286,-2.522935779816521,-3.174072836618787,413.8305540984478,false,-0.05045871559633042,3.92,断板,4.281428571428571,-0.09917355371900816,453.1690607409526,1.835168501835183,1,SHSE.600724,2024-06-12,2024-06-12T09:30:00.000000,4.25,2024-06-13T11:30:00.000000,4.1,-4.298101710803859,1.5,未涨停卖出
SHSE.603615,茶花股份,2024-07-05,11.68,12.08,11.05,11.97,12.02,8246780.0,95902525.0,13.22,10.82,false,false,1.15539508,3.4103,28.945854,28.945854,false,false,true,断板,断板,断板,2天2板,2.07185,12.098000000000003,11.64857142857143,-2.828618968386022,2.759381898454744,1162.9087352881972,false,-0.004159733777038155,9.98,断板,11.481428571428571,-0.09895052473763122,1294.9875129660863,4.690805026751272,1,SHSE.603615,2024-07-05,2024-07-05T09:30:00.000000,11.68,2024-07-08T11:30:00.000000,11.84,0.5621350215575983,1.5,未涨停卖出
SHSE.600135,乐凯胶片,2024-07-29,4.86,5.15,4.86,5.0,4.99,26193555.0,130415591.1,5.49,4.49,false,false,2.23559341,4.734,27.66535495,27.66535495,false,false,true,断板,断板,断板,2天2板,3.95595,4.88,4.747142857142856,-2.605210420841681,5.32651218778214,497.89190928837263,false,0.002004008016031955,4.28,断板,4.659999999999999,-0.05313092979127121,518.7007328938661,7.081545064377705,1,SHSE.600135,2024-07-29,2024-07-29T09:30:00.000000,4.86,2024-07-30T11:30:00.000000,4.96,1.2444050956666988,1.5,未涨停卖出
SHSE.603680,今创集团,2024-07-24,7.31,7.47,7.07,7.14,7.65,15889294.0,114381503.0,8.42,6.89,false,false,1.99683765,2.0274,55.9575199638,55.9575199638,false,false,false,,未涨停,未涨停,2天2板,2.42815,7.462000000000001,7.2128571428571435,-4.444444444444454,-1.0101010101010237,719.8652312682992,false,-0.06666666666666676,6.06,断板,7.167142857142857,0.021361815754339153,755.0320973476814,6.737093880805266,1,SHSE.603680,2024-07-24,2024-07-24T09:30:00.000000,7.31,2024-07-25T11:30:00.000000,7.38,0.15314937241458942,1.5,未涨停卖出
SHSE.603991,至正股份,2024-07-24,33.92,34.74,33.68,34.4,35.12,1851800.0,63373875.0,38.63,31.61,false,false,1.01249822,2.4845,25.640039312,25.640039312,false,false,false,,未涨停,未涨停,2天2板,4.14875,34.706,33.56714285714286,-3.416856492027323,2.481167808656405,3422.2850739820715,false,-0.02050113895216399,28.53,断板,33.18714285714286,0.017381228273464444,3490.5768986336193,5.824114329990084,1,SHSE.603991,2024-07-24,2024-07-24T09:30:00.000000,33.92,2024-07-25T11:30:00.000000,35.19,2.9174575283770503,1.5,未涨停卖出
SZSE.002549,凯美特气,2024-07-24,5.39,5.54,5.18,5.2,5.6,31334375.0,166389334.16,6.16,5.04,false,false,8.39792316,4.5257,36.158090852,36.002695351999996,false,false,false,,未涨停,未涨停,2天2板,2.0554499999999996,5.5280000000000005,5.361428571428571,-3.75,-3.0109245936583995,531.012136543333,false,-0.07142857142857129,4.71,断板,5.338571428571428,0.01449275362318847,563.5231525146887,4.8969761841049,1,SZSE.002549,2024-07-24,2024-07-24T09:30:00.000000,5.39,2024-07-25T11:30:00.000000,5.18,-4.661871992549273,1.5,未涨停卖出
SHSE.600316,洪都航空,2024-08-08,20.96,21.16,19.54,19.54,21.71,51949437.0,1042279567.24,23.88,19.54,false,false,4.39712358,7.2442,140.1241756448,140.1241756448,false,false,true,断板,断板,断板,2天1板,4.5576,21.356,21.295714285714286,-3.454629203132197,-8.24444891661636,2006.3346735403504,true,-0.0999539382772916,15.0,断板,21.697142857142858,-0.0757769263516389,2287.8269370410353,0.05925730840137174,1,SHSE.600316,2024-08-08,2024-08-08T09:30:00.000000,20.96,2024-08-09T11:30:00.000000,20.12,-4.77251300142939,1.5,未涨停卖出
SHSE.600696,*ST岩石,2024-08-08,7.41,8.37,7.34,8.37,7.61,24941797.0,197771503.93,8.37,6.85,false,false,2.60149938,7.4571,27.9950913747,27.9950913747,true,false,false,,涨停,7天4板,5天3板,6.7577,7.812,7.554285714285714,-2.628120893561106,10.79803328290468,792.932056699844,false,0.09986859395532188,5.94,断板,7.262857142857143,-0.09834123222748803,778.0964004930551,4.779701022816677,1,SHSE.600696,2024-08-08,2024-08-08T09:30:00.000000,7.41,2024-08-12T09:30:00.000000,8.55,14.465216058841587,2.0,大幅低开卖出
SHSE.600721,百花医药,2024-08-08,6.9,7.56,6.9,6.97,7.2,75257394.0,546521237.12,7.92,6.48,false,false,1.31785361,19.7012,26.624930919,26.624930919,false,false,false,,未涨停,未涨停,5天4板,20.55975,7.442,7.218571428571429,-4.166666666666664,-3.4434989115377075,726.2027132111431,false,-0.03194444444444455,5.07,断板,7.107142857142857,-0.09999999999999998,722.7457341505146,1.3065326633165908,1,SHSE.600721,2024-08-08,2024-08-08T09:30:00.000000,6.9,2024-08-09T11:30:00.000000,6.66,-4.247358392516898,1.5,未涨停卖出
SZSE.002219,新里程,2024-08-08,1.96,2.03,1.92,1.97,2.02,79518507.0,157437461.09,2.22,1.82,false,false,22.16619102,2.4197,67.1452584341,64.740715184,false,false,false,,未涨停,未涨停,2天2板,2.7958499999999997,2.082,2.0014285714285713,-2.970297029702973,-1.5703069236259783,197.98845203419123,false,-0.024752475247524774,1.66,断板,1.9614285714285715,-0.09821428571428581,203.52585159390958,2.986161689730513,1,SZSE.002219,2024-08-08,2024-08-08T09:30:00.000000,1.96,2024-08-09T11:30:00.000000,1.94,-1.809090169932524,1.5,未涨停卖出
SHSE.603222,济民健康,2024-09-13,5.64,5.79,5.58,5.65,5.88,40735460.0,231110498.8,6.47,5.29,false,false,2.86483477,7.5824,30.3539139475,30.3539139475,false,false,false,,未涨停,未涨停,2天1板,11.4956,5.898000000000001,5.872857142857143,-4.081632653061228,-3.7946971539771273,567.3447625238551,false,-0.03911564625850328,5.15,炸板,5.865714285714286,0.0652173913043479,594.9847181920625,0.2435460301997069,1,SHSE.603222,2024-09-13,2024-09-13T09:30:00.000000,5.64,2024-09-18T11:30:00.000000,5.31,-6.601254556243133,1.5,未涨停卖出
SZSE.002786,银宝山新,2024-09-25,9.02,9.5,9.02,9.09,9.29,77863982.0,717021989.5,10.22,8.36,false,false,3.02700635,15.7584,45.0511308,44.9147808,false,false,false,,未涨停,未涨停,2天1板,22.038,9.366,9.065714285714288,-2.906350914962321,0.2678852820674215,920.8647837969551,false,-0.02152852529601712,6.34,断板,8.901428571428571,-0.07562189054726387,941.2274613828191,4.365270422083125,1,SZSE.002786,2024-09-25,2024-09-25T09:30:00.000000,9.02,2024-09-26T11:30:00.000000,9.07,-0.24690594606055224,1.5,未涨停卖出
SHSE.600130,*ST波导,2024-09-26,3.76,3.87,3.7,3.86,3.91,95751744.0,361810558.46,4.3,3.52,false,false,4.36995993,12.7669,28.95,28.95,false,false,false,,未涨停,未涨停,2天2板,4.1439,3.936,3.741428571428571,-3.8363171355498813,3.169148529973278,377.86315250821957,false,-0.01278772378516635,3.07,断板,3.65,-0.060096153846153855,395.1321472116581,7.123287671232884,1,SHSE.600130,2024-09-26,2024-09-26T09:30:00.000000,3.76,2024-09-27T11:30:00.000000,3.91,3.1607612104772356,1.5,未涨停卖出
SHSE.600776,东方通信,2024-09-26,9.8,9.96,9.58,9.95,10.2,47903076.0,468000110.47,11.22,9.18,false,false,3.64412071,5.0108,95.122006368,95.122006368,false,false,false,,未涨停,未涨停,3天2板,3.5354500000000004,10.162,9.700000000000001,-3.9215686274509665,2.5773195876288475,976.9729828414359,false,-0.02450980392156865,8.03,断板,9.477142857142857,-0.010669253152279512,1026.6077246040988,7.627374133252935,1,SHSE.600776,2024-09-26,2024-09-26T09:30:00.000000,9.8,2024-09-27T11:30:00.000000,10.28,4.062118871452956,1.5,未涨停卖出
SZSE.000736,*ST中地,2024-09-26,10.02,11.34,10.02,11.34,10.31,138491479.0,1509781512.07,11.34,9.28,false,false,2.71802494,19.9144,84.7209586734,78.8621803326,true,false,false,,涨停,8天4板,5天3板,7.7066,10.698,10.247142857142858,-2.812803103782744,10.664993726474266,1090.1620251091404,false,0.09990300678952457,6.76,炸板,9.792857142857143,-0.09956331877729252,1138.7476202771074,5.280816921954784,1,SZSE.000736,2024-09-26,2024-09-26T09:30:00.000000,10.02,2024-09-27T11:30:00.000000,11.85,17.321134623183895,1.5,未涨停卖出
SZSE.002686,亿利达,2024-09-26,4.82,4.96,4.82,4.93,5.05,36123553.0,176903653.35,5.56,4.55,false,false,4.73922037,6.9105,27.915589256900002,25.770717574400003,false,false,false,,未涨停,未涨停,4天3板,5.13785,5.014,4.931428571428571,-4.554455445544545,-0.02896871378909686,489.71831023930565,false,-0.023762376237623783,3.71,断板,4.811428571428571,-0.007858546168958758,491.23950312115846,4.958432304038002,1,SZSE.002686,2024-09-26,2024-09-26T09:30:00.000000,4.82,2024-09-27T11:30:00.000000,4.98,2.496239109950242,1.5,未涨停卖出
SZSE.002285,世联行,2024-10-18,2.51,2.67,2.46,2.61,2.6,171877509.0,435956559.18,2.86,2.34,false,false,14.70257211,8.7011,52.012837891800004,51.556722174,false,false,true,断板,断板,断板,3天2板,8.9129,2.646,2.5614285714285714,-3.4615384615384728,1.896263245956494,253.64374996847317,false,0.0038461538461538325,1.66,断板,2.551428571428571,-0.09407665505226481,269.2811238121488,1.9036954087346167,1,SZSE.002285,2024-10-18,2024-10-18T09:30:00.000000,2.51,2024-10-21T11:30:00.000000,2.51,-0.7968127490039867,1.5,未涨停卖出
SZSE.002480,新筑股份,2024-10-18,4.52,4.63,4.36,4.57,4.64,32899012.0,147494950.38,5.1,4.18,false,false,4.10443354,4.2853,35.151008219000005,35.0847101322,false,false,true,断板,断板,断板,3天2板,3.90345,4.554,4.427142857142857,-2.5862068965517264,3.226847370119402,448.3263825065628,false,-0.015086206896551602,3.33,断板,4.3500000000000005,-0.025210084033613467,466.82037033364315,6.666666666666646,1,SZSE.002480,2024-10-18,2024-10-18T09:30:00.000000,4.52,2024-10-21T11:30:00.000000,4.52,-0.7968127490039693,1.5,未涨停卖出
SZSE.002537,海联金汇,2024-10-18,6.8,7.22,6.65,7.03,7.07,138001117.0,950730344.14,7.78,6.36,false,false,6.8882725,11.7546,82.5333771735,82.5333771735,false,false,true,断板,断板,断板,2天1板,13.7215,6.93,6.755714285714285,-3.818953323903825,4.060054979911196,688.9294556507105,false,-0.005657708628005631,4.63,断板,6.638571428571429,-0.048452220726783235,725.8872226117406,6.498816440714441,1,SZSE.002537,2024-10-18,2024-10-18T09:30:00.000000,6.8,2024-10-21T11:30:00.000000,7.18,4.746894773845805,1.5,未涨停卖出
SZSE.002575,群兴玩具,2024-10-18,5.6,6.44,5.57,6.26,5.85,54235052.0,340968879.67,6.44,5.27,false,false,4.48459714,9.2124,40.234272000000004,36.853872,false,true,false,,炸板,6天2板,3天2板,3.56235,5.866,5.632857142857143,-4.273504273504273,11.133654577732694,628.6872918827477,false,0.07008547008547006,3.88,断板,5.452857142857143,0.03539823008849541,575.542299982796,7.283206706837825,1,SZSE.002575,2024-10-18,2024-10-18T09:30:00.000000,5.6,2024-10-21T11:30:00.000000,6.44,14.083665338645432,1.5,未涨停卖出
SZSE.002630,ST华西,2024-10-18,2.97,3.07,2.88,2.99,3.08,202837782.0,599523261.77,3.39,2.77,false,false,5.90541498,19.1413,35.30592,31.684687944,false,false,true,断板,断板,断板,2天2板,17.25395,3.0620000000000003,2.9714285714285715,-3.571428571428567,0.6250000000000038,295.5678453287366,false,-0.029220779220779147,2.38,断板,2.934285714285714,-0.08875739644970404,322.86066291824704,4.96592015579358,1,SZSE.002630,2024-10-18,2024-10-18T09:30:00.000000,2.97,2024-10-21T11:30:00.000000,2.89,-3.4689524729365546,1.5,未涨停卖出
SHSE.600199,金种子酒,2024-10-10,13.18,13.96,12.92,13.4,13.75,28556240.0,383867105.84,15.13,12.38,false,false,3.63049069,4.3412,88.144774416,88.144774416,false,false,false,,未涨停,未涨停,3天3板,7.561533333333333,14.068000000000001,13.342857142857142,-4.145454545454547,0.4282655246252795,1344.2494734600914,false,-0.025454545454545396,9.8,断板,13.014285714285714,-0.10013089005235598,1402.238112984204,5.653128430296378,1,SHSE.600199,2024-10-10,2024-10-10T09:30:00.000000,13.18,2024-10-11T11:30:00.000000,12.96,-2.4527081355911706,1.5,未涨停卖出
SHSE.600266,城建发展,2024-10-10,5.23,5.55,5.11,5.3,5.39,90811247.0,482781509.38,5.93,4.85,false,false,4.85399876,4.3749,110.01440587100001,110.01440587100001,false,false,false,,未涨停,未涨停,3天2板,5.86655,5.65,5.412857142857143,-2.96846011131724,-2.0849828450778594,531.6318466367937,false,-0.016697588126159513,3.85,断板,5.299999999999999,-0.10016694490818034,546.7108134948118,1.6981132075471843,1,SHSE.600266,2024-10-10,2024-10-10T09:30:00.000000,5.23,2024-10-11T11:30:00.000000,5.39,2.238083992900271,1.5,未涨停卖出
SHSE.600657,信达地产,2024-10-10,4.05,4.25,3.78,4.02,4.2,95637854.0,386783395.7,4.62,3.78,false,false,13.10543678,3.3535,114.645519519,114.645519519,false,false,false,,未涨停,未涨停,4天3板,4.3590333333333335,4.322,4.115714285714286,-3.5714285714285796,-2.3255813953488462,404.42500487307046,true,-0.04285714285714304,2.69,断板,4.018571428571429,-0.10064239828693788,422.454561462357,4.5147529328119465,1,SHSE.600657,2024-10-10,2024-10-10T09:30:00.000000,4.05,2024-10-11T11:30:00.000000,4.15,1.6526486646008594,1.5,未涨停卖出
SHSE.603369,今世缘,2024-10-10,47.51,50.78,46.81,48.51,49.08,15343901.0,747886175.06,53.99,44.17,false,false,2.83453983,1.2231,608.55795,608.55795,false,false,false,,未涨停,未涨停,3天2板,1.47075,50.102,47.48714285714285,-3.198859005704972,2.1539664871694715,4874.159283613731,false,-0.011613691931540382,35.35,断板,46.24571428571429,-0.09994498441225019,4997.2475243413755,6.128753243543784,1,SHSE.603369,2024-10-10,2024-10-10T09:30:00.000000,47.51,2024-10-11T11:30:00.000000,46.46,-2.9892637406593447,1.5,未涨停卖出
SHSE.603737,三棵树,2024-10-10,36.66,38.5,35.5,36.59,37.86,12640134.0,465934592.38,41.65,34.07,false,false,5.19998979,2.3985,192.83386679790001,192.83386679790001,false,false,false,,未涨停,未涨停,3天3板,1.4366,38.374,36.30571428571428,-3.1695721077654593,0.7830329739513886,3686.152317530811,false,-0.03354463814051756,26.3,断板,35.41285714285714,-0.10007130972189215,3849.970768803512,6.910323127193514,1,SHSE.603737,2024-10-10,2024-10-10T09:30:00.000000,36.66,2024-10-11T11:30:00.000000,36.19,-2.0686484829911174,1.5,未涨停卖出
SZSE.000002,万科A,2024-10-10,8.9,9.5,8.72,9.12,9.34,446821056.0,4055413279.12,10.27,8.41,false,false,190.9840261,4.5984,886.8467238096001,886.1845508880001,false,false,false,,未涨停,未涨停,3天3板,6.2015,9.48,8.964285714285714,-4.710920770877939,1.7370517928286853,907.6146311063729,false,-0.02355460385438979,6.18,断板,8.678571428571429,-0.10019267822736044,943.2642532334207,7.6213991769547285,1,SZSE.000002,2024-10-10,2024-10-10T09:30:00.000000,8.9,2024-10-11T11:30:00.000000,9.19,2.435650655803738,1.5,未涨停卖出
SZSE.000882,华联股份,2024-10-10,1.47,1.67,1.39,1.58,1.52,214325047.0,322107672.22,1.67,1.37,false,false,2.26535668,7.8349,43.250160762600004,43.2211254028,false,true,false,,炸板,7天3板,4天3板,7.5427,1.596,1.5157142857142856,-3.2894736842105288,4.241281809613587,150.28932769579657,false,0.03947368421052633,1.1,断板,1.4614285714285713,-0.10059171597633132,153.4952665293438,4.007820136852406,1,SZSE.000882,2024-10-10,2024-10-10T09:30:00.000000,1.47,2024-10-11T11:30:00.000000,1.52,2.577445320757796,1.5,未涨停卖出
SZSE.001236,弘业期货,2024-10-10,12.61,12.88,11.83,11.83,13.14,36899047.0,441756932.16,14.45,11.83,false,false,1.00223547,11.3036,89.6806011374,38.6173381048,false,false,true,断板,断板,断板,2天2板,23.1563,12.98,12.570000000000002,-4.033485540334865,-5.887032617342895,1197.2041775496261,true,-0.09969558599695594,6.77,断板,12.498571428571429,-0.09999999999999998,1333.3984941425585,5.132015087438564,1,SZSE.001236,2024-10-10,2024-10-10T09:30:00.000000,12.61,2024-10-11T09:30:00.000000,11.0,-13.462723254484048,1.0,大幅低开卖出
SZSE.002146,荣盛发展,2024-10-10,1.58,1.65,1.52,1.57,1.65,213952737.0,337726798.78,1.82,1.49,false,false,12.03467189,5.4856,68.2661724607,61.2342602107,false,false,false,,未涨停,未涨停,4天3板,8.940666666666667,1.6900000000000002,1.6085714285714285,-4.242424242424233,-2.3978685612788575,157.85112334412435,false,-0.04848484848484835,1.13,断板,1.5671428571428572,-0.09836065573770503,166.65650889888792,5.287146763901542,1,SZSE.002146,2024-10-10,2024-10-10T09:30:00.000000,1.58,2024-10-11T11:30:00.000000,1.6,0.4589237984769924,1.5,未涨停卖出
SZSE.002541,鸿路钢构,2024-10-10,14.51,15.13,13.81,14.44,14.93,20835423.0,300894602.67,16.42,13.44,false,false,4.30403089,4.1992,99.6376464488,71.6472918164,false,false,false,,未涨停,未涨停,3天2板,4.2744,14.988,14.254285714285714,-2.8131279303415937,1.3028663058729157,1444.1492388707443,false,-0.03281982585398524,10.68,断板,13.89857142857143,-0.10006027727546718,1518.5160272580995,7.421112138965968,1,SZSE.002541,2024-10-10,2024-10-10T09:30:00.000000,14.51,2024-10-11T11:30:00.000000,14.02,-4.146885922883242,1.5,未涨停卖出
SZSE.002722,物产金轮,2024-10-10,14.78,15.43,14.36,14.58,15.44,16064729.0,237561764.19,16.98,13.9,false,false,1.09372066,9.154,30.1194877842,25.587173624400002,false,false,true,断板,断板,断板,2天1板,12.1564,15.406,14.904285714285715,-4.2746113989637315,-2.175788363845493,1478.7785351996913,false,-0.05569948186528495,10.7,断板,14.764285714285714,-0.10023310023310028,1667.5141500056386,4.576681180454762,1,SZSE.002722,2024-10-10,2024-10-10T09:30:00.000000,14.78,2024-10-11T11:30:00.000000,14.1,-5.360964801147257,1.5,未涨停卖出
SHSE.600446,金证股份,2024-10-11,13.2,13.72,12.96,13.14,13.6,59484826.0,795412632.22,14.96,12.24,false,false,12.65809326,6.2862,124.340535657,124.340535657,false,false,false,,未涨停,未涨停,6天4板,4.870833333333334,14.080000000000002,13.474285714285713,-2.941176470588238,-2.48091603053434,1337.1689651071688,false,-0.033823529411764586,8.86,断板,13.155714285714286,-0.07608695652173925,1376.8000070121986,3.377131067434029,1,SHSE.600446,2024-10-11,2024-10-11T09:30:00.000000,13.2,2024-10-14T11:30:00.000000,13.1,-1.5483520463600287,1.5,未涨停卖出
SHSE.600619,海立股份,2024-10-11,9.11,9.93,8.55,9.0,9.45,153811344.0,1421888391.47,10.4,8.51,false,false,42.63406923,19.4901,71.02573182,71.02573182,false,false,true,断板,断板,断板,2天2板,18.64205,9.364,8.97857142857143,-3.5978835978835964,0.23866348448686275,924.4366211831554,true,-0.04761904761904756,4.88,炸板,8.79857142857143,-0.08871745419479271,1064.711691377222,7.4037993180710915,1,SHSE.600619,2024-10-11,2024-10-11T09:30:00.000000,9.11,2024-10-14T11:30:00.000000,9.19,0.07434586571387677,1.5,未涨停卖出
SHSE.600661,昂立教育,2024-10-11,14.03,14.69,13.36,13.56,14.44,19491337.0,269665167.83,15.88,13.0,false,false,3.78542414,6.8021,38.856021348000006,38.856021348000006,false,false,true,断板,断板,断板,4天2板,10.1973,14.452000000000002,13.742857142857144,-2.8393351800554028,-1.3305613305613335,1383.5129310523953,false,-0.06094182825484762,10.0,断板,13.37857142857143,-0.09975062344139651,1489.9994367138147,7.933796049119046,1,SHSE.600661,2024-10-11,2024-10-11T09:30:00.000000,14.03,2024-10-14T11:30:00.000000,13.87,-1.928139189500024,1.5,未涨停卖出
SHSE.600705,中航产融,2024-10-11,3.34,3.68,3.33,3.53,3.49,363438324.0,1289731630.57,3.84,3.14,false,false,17.65251241,4.1279,311.5187675898,310.79619660490005,false,false,false,,未涨停,未涨停,6天5板,7.5078,3.6900000000000004,3.5700000000000003,-4.297994269340984,-1.120448179271722,354.8694635104029,false,0.011461318051575908,2.13,断板,3.4785714285714286,-0.04644808743169393,355.0761862277949,0.3285420944558561,1,SHSE.600705,2024-10-11,2024-10-11T09:30:00.000000,3.34,2024-10-14T11:30:00.000000,3.59,6.6285755182861426,1.5,未涨停卖出
SHSE.600909,华安证券,2024-10-11,5.79,5.91,5.53,5.61,5.99,158313989.0,902002096.39,6.59,5.39,false,false,1.25128382,3.3701,263.5390789251,263.5390789251,false,false,false,,未涨停,未涨停,2天2板,4.63695,6.01,5.784285714285715,-3.3388981636060127,-3.0130896517658696,569.7551442469181,false,-0.06343906510851416,4.23,断板,5.658571428571428,0.013536379018612488,603.3923503079222,5.857106791214347,1,SHSE.600909,2024-10-11,2024-10-11T09:30:00.000000,5.79,2024-10-14T11:30:00.000000,5.62,-3.709514274508177,1.5,未涨停卖出
SHSE.601099,太平洋,2024-10-11,4.27,4.45,4.18,4.25,4.38,566828931.0,2440316353.47,4.82,3.94,false,false,2.85152462,8.3158,289.693445725,289.693445725,false,false,false,,未涨停,未涨停,2天2板,11.3203,4.614,4.46,-2.5114155251141628,-4.708520179372196,430.5207832572681,false,-0.029680365296803624,3.05,断板,4.377142857142857,-0.06808510638297882,448.9306831698895,0.06527415143602704,1,SHSE.601099,2024-10-11,2024-10-11T09:30:00.000000,4.27,2024-10-14T11:30:00.000000,4.16,-3.3523983690530494,1.5,未涨停卖出
SHSE.603031,安孚科技,2024-10-11,25.41,25.45,24.1,24.45,26.2,5263623.0,129131990.12,28.82,23.58,false,false,2.07474118,2.4932,51.61884,51.61884,false,false,false,,未涨停,未涨停,2天2板,4.994999999999999,26.983999999999998,26.048571428571428,-3.015267175572516,-6.136887133925635,2453.2910149530085,false,-0.06679389312977102,21.05,断板,25.75,-0.05721482547679024,2612.7020140042487,1.7475728155339778,1,SHSE.603031,2024-10-11,2024-10-11T09:30:00.000000,25.41,2024-10-14T11:30:00.000000,23.97,-6.418717103251683,1.5,未涨停卖出
SHSE.603189,网达软件,2024-10-11,17.02,17.2,16.02,16.35,17.61,23776199.0,394988652.43,19.37,15.85,false,false,1.03682432,8.8208,44.071155061499994,44.071155061499994,false,false,false,,未涨停,未涨停,2天2板,16.7521,17.956,17.205714285714286,-3.3503691084611007,-4.9734307539023535,1661.2775340162657,false,-0.07155025553662686,10.79,断板,17.04285714285714,-0.10015329586101185,1827.9852086107671,3.327745180217946,1,SHSE.603189,2024-10-11,2024-10-11T09:30:00.000000,17.02,2024-10-14T11:30:00.000000,16.57,-3.41969372802561,1.5,未涨停卖出
SHSE.603920,世运电路,2024-10-11,25.69,26.4,24.1,24.16,26.7,33200447.0,828633492.02,29.37,24.03,false,false,1.6131199,6.0633,160.7923304304,132.2921693216,false,false,false,,未涨停,未涨停,2天2板,6.524649999999999,26.712,25.525714285714287,-3.7827715355805167,-5.3503469890306725,2495.850408339382,true,-0.09513108614232202,18.27,断板,25.04,-0.0859294762067786,2682.77963540854,6.629392971246008,1,SHSE.603920,2024-10-11,2024-10-11T09:30:00.000000,25.69,2024-10-14T11:30:00.000000,23.99,-7.361445614971035,1.5,未涨停卖出
SHSE.605358,立昂微,2024-10-11,24.61,25.57,23.63,23.97,25.4,20250523.0,493195849.06,27.94,22.86,false,false,1.51439338,3.0163,160.926399039,160.926399039,false,false,false,,未涨停,未涨停,2天2板,3.61585,25.46,24.26142857142857,-3.1102362204724376,-1.2012012012012028,2435.4721557561747,false,-0.056299212598425186,17.86,断板,23.632857142857144,-0.063767047548839,2598.1060415703696,7.477482923290806,1,SHSE.605358,2024-10-11,2024-10-11T09:30:00.000000,24.61,2024-10-14T11:30:00.000000,24.08,-2.9332487198706283,1.5,未涨停卖出
SZSE.000676,智度股份,2024-10-11,7.78,8.34,7.65,8.21,8.1,124930342.0,994298490.32,8.91,7.29,false,false,8.18467374,9.8854,103.8802445515,103.7567479253,false,false,false,,未涨停,未涨停,2天2板,9.6014,8.35,7.975714285714285,-3.9506172839506104,2.937488805301828,795.8823088149394,false,0.013580246913580396,5.3,断板,7.772857142857142,-0.10000000000000009,833.7108748752202,4.208785149788645,1,SZSE.000676,2024-10-11,2024-10-11T09:30:00.000000,7.78,2024-10-14T11:30:00.000000,8.04,2.5184608609264583,1.5,未涨停卖出
SZSE.000948,南天信息,2024-10-11,18.42,20.17,18.22,19.59,19.24,48148374.0,932672472.51,21.16,17.32,false,false,1.69839991,12.4755,77.1346429533,75.6064958142,false,false,false,,未涨停,未涨停,2天2板,24.01755,19.983999999999998,19.09857142857143,-4.261954261954245,2.5731169122597035,1937.0798949721543,false,0.018191268191268373,12.01,断板,18.731428571428573,-0.10009354536950421,1985.4791750346849,2.7150701647345765,1,SZSE.000948,2024-10-11,2024-10-11T09:30:00.000000,18.42,2024-10-14T11:30:00.000000,19.18,3.2962612092346943,1.5,未涨停卖出
SZSE.002410,广联达,2024-10-11,13.29,13.6,12.56,12.83,13.64,62305350.0,811322315.31,15.0,12.28,false,false,18.07639337,3.9226,211.9444590786,203.7877624582,false,false,false,,未涨停,未涨停,4天4板,5.217666666666666,13.972,13.331428571428571,-2.5659824046920923,-3.761251607372478,1302.1711864390459,false,-0.05938416422287396,8.81,断板,12.948571428571428,-0.09066666666666667,1386.2901880289382,5.339805825242724,1,SZSE.002410,2024-10-11,2024-10-11T09:30:00.000000,13.29,2024-10-15T11:30:00.000000,14.77,10.25064527443276,2.5,未涨停卖出
SZSE.002819,东方中科,2024-10-11,28.27,28.93,26.99,27.5,29.1,10779532.0,298451809.89,32.01,26.19,false,false,1.32552349,4.591,82.235670275,64.5701188,false,false,false,,未涨停,未涨停,2天2板,7.9121500000000005,29.71,28.472857142857144,-2.8522336769759513,-3.416787918318202,2768.6898641796324,false,-0.054982817869415834,20.49,断板,28.034285714285716,-0.08806016922594795,2993.015289771168,3.801467590705259,1,SZSE.002819,2024-10-11,2024-10-11T09:30:00.000000,28.27,2024-10-14T11:30:00.000000,28.28,-0.7617214199445608,1.5,未涨停卖出
SZSE.002987,京北方,2024-10-11,14.21,16.2,14.21,16.2,14.73,73216572.0,1159566643.91,16.2,13.26,false,false,3.92775677,12.1931,100.10103152399999,97.27698904200001,true,false,false,,涨停,5天3板,2天2板,8.580300000000001,15.283999999999997,14.508571428571429,-3.5302104548540365,11.658133123276873,1583.7488866728152,false,0.09979633401221988,9.81,断板,13.922857142857143,-0.06238064926798215,1496.3840507161526,5.797250153909294,1,SZSE.002987,2024-10-11,2024-10-11T09:30:00.000000,14.21,2024-10-14T11:30:00.000000,16.75,16.935495176226812,1.5,未涨停卖出
SHSE.603893,瑞芯微,2024-10-24,89.0,91.62,88.5,90.03,91.84,11831592.0,1063552309.31,101.02,82.66,false,false,1.02439556,2.8299,376.59621024,376.40939799,false,false,false,,未涨停,未涨停,2天2板,4.8948,91.55600000000001,87.67857142857143,-3.0923344947735227,2.6818737270875754,8989.088782895828,false,-0.019708188153310102,48.68,断板,86.07285714285715,0.00043572984749462584,9350.969936048437,6.700303729398682,1,SHSE.603893,2024-10-24,2024-10-24T09:30:00.000000,89.0,2024-10-25T11:30:00.000000,89.91,0.21751197457361351,1.5,未涨停卖出
SZSE.000859,国风新材,2024-10-24,5.19,5.25,5.0,5.1,5.42,92987748.0,472802880.23,5.96,4.88,false,false,2.71669338,10.3798,45.69478982100001,45.688555071,false,false,false,,未涨停,未涨停,4天4板,12.8638,5.464,5.211428571428572,-4.243542435424346,-2.138157894736855,508.45717892856163,false,-0.05904059040590415,3.18,断板,5.048571428571429,-0.05078809106830118,549.6095145552185,7.357102433503103,1,SZSE.000859,2024-10-24,2024-10-24T09:30:00.000000,5.19,2024-10-25T11:30:00.000000,5.31,1.4969025631577613,1.5,未涨停卖出
SZSE.002456,欧菲光,2024-10-24,12.0,12.78,11.9,12.66,12.45,517470688.0,6432379603.71,13.7,11.21,false,false,20.44370193,15.9176,419.19890621400003,411.7378501668,false,false,false,,未涨停,未涨停,3天3板,15.989966666666668,12.629999999999999,11.93142857142857,-3.6144578313252955,6.1063218390804685,1243.0423119367101,false,0.01686746987951815,7.8,断板,11.535714285714286,-0.07020164301717713,1271.2145432398856,7.925696594427231,1,SZSE.002456,2024-10-24,2024-10-24T09:30:00.000000,12.0,2024-10-25T11:30:00.000000,13.51,11.686254980079692,1.5,未涨停卖出
SZSE.000670,盈方微,2024-11-04,6.3,6.76,6.29,6.44,6.6,77535958.0,500616778.37,7.26,5.94,false,false,3.36227162,10.7375,54.694105984,46.5036722528,false,false,true,断板,断板,断板,2天2板,17.554450000000003,6.55,6.42,-4.545454545454543,0.311526479750786,645.6575649326471,false,-0.024242424242424176,4.19,断板,6.365714285714286,-0.08460471567267691,698.4694828584087,3.680430879712742,1,SZSE.000670,2024-11-04,2024-11-04T09:30:00.000000,6.3,2024-11-05T11:30:00.000000,6.57,3.454752418895862,1.5,未涨停卖出
SZSE.000839,国安股份,2024-11-04,3.35,3.55,3.33,3.39,3.44,140640504.0,476453586.03,3.78,3.1,false,false,16.74883926,3.5879,132.8821133328,132.8821133328,false,false,true,断板,断板,断板,6天3板,7.3965000000000005,3.4760000000000004,3.4285714285714284,-2.6162790697674376,-1.124999999999991,338.77408888551764,false,-0.014534883720930147,2.21,断板,3.367142857142857,-0.07774798927613946,354.43836137373603,2.1637675010606734,1,SZSE.000839,2024-11-04,2024-11-04T09:30:00.000000,3.35,2024-11-05T11:30:00.000000,3.51,3.9412499256704487,1.5,未涨停卖出
SZSE.001267,汇绿生态,2024-11-04,6.77,7.38,6.77,7.12,7.09,43242197.0,306938809.78,7.8,6.38,false,false,1.03207854,11.9126,55.5054856736,25.8453349936,false,false,false,,未涨停,未涨停,2天2板,4.92795,7.268000000000001,6.971428571428571,-4.513399153737662,2.1311475409836196,709.8131711022914,false,0.004231311706629048,4.71,断板,6.798571428571428,-0.06955380577427828,726.3220959775372,4.286614835049386,1,SZSE.001267,2024-11-04,2024-11-04T09:30:00.000000,6.77,2024-11-05T11:30:00.000000,7.2,5.504128243304473,1.5,未涨停卖出
SZSE.002377,国创高新,2024-11-04,2.97,3.18,2.97,3.1,3.08,60870631.0,188397869.55,3.39,2.77,false,false,4.33548447,6.7133,28.406081230999998,28.108081827,false,false,false,,未涨停,未涨停,12天5板,8.1266,3.2019999999999995,3.1357142857142857,-3.571428571428567,-1.1389521640091076,309.50536647139404,false,0.006493506493506551,1.65,断板,3.062857142857143,-0.09941520467836251,320.45842884984,0.5597014925373056,1,SZSE.002377,2024-11-04,2024-11-04T09:30:00.000000,2.97,2024-11-05T11:30:00.000000,3.15,5.215501629844268,1.5,未涨停卖出
SZSE.002423,中粮资本,2024-11-04,18.8,20.0,17.89,19.3,19.35,234800014.0,4459464553.53,21.29,17.42,false,false,1.08389719,10.1905,444.692375975,444.692375975,false,false,false,,未涨停,未涨停,2天2板,13.3862,19.883999999999997,18.879999999999995,-2.8423772609819156,2.224576271186469,1899.2607698609422,false,-0.0025839793281654533,7.06,断板,18.37142857142857,-0.09999999999999998,2012.660911715073,5.326594090202192,1,SZSE.002423,2024-11-04,2024-11-04T09:30:00.000000,18.8,2024-11-05T11:30:00.000000,19.32,1.947105196236321,1.5,未涨停卖出
SZSE.002692,远程股份,2024-11-04,4.65,4.75,4.53,4.62,4.78,27706724.0,127480510.14,5.26,4.3,false,false,4.17887577,3.8596,33.1783452,33.165361845,false,false,true,断板,断板,断板,3天2板,6.64915,4.802,4.6414285714285715,-2.719665271966525,-0.4616805170821775,460.1067601496301,false,-0.03347280334728031,3.22,断板,4.555714285714286,-0.07003891050583644,485.020816582381,4.9231734085920325,1,SZSE.002692,2024-11-04,2024-11-04T09:30:00.000000,4.65,2024-11-05T11:30:00.000000,4.6,-1.8635136871867675,1.5,未涨停卖出
SHSE.600666,奥瑞德,2024-10-14,1.86,1.94,1.83,1.92,1.94,114031330.0,216018506.3,2.13,1.75,false,false,13.89274992,4.7125,53.05944658560001,46.459256352,false,false,true,断板,断板,断板,4天3板,6.5593,1.97,1.875714285714286,-4.123711340206178,2.361005331302348,189.4378556314304,false,-0.010309278350515427,1.35,断板,1.8171428571428572,-0.0976744186046512,198.55276977614207,6.761006289308172,1,SHSE.600666,2024-10-14,2024-10-14T09:30:00.000000,1.86,2024-10-15T11:30:00.000000,1.88,0.2698881891787414,1.5,未涨停卖出
SHSE.601777,千里科技,2024-10-14,4.6,4.7,4.38,4.6,4.81,102583175.0,462425249.08,5.29,4.33,false,false,1.17457654,2.269,207.97060326599998,207.97060326599998,false,false,true,断板,断板,断板,4天2板,2.59495,4.93,4.797142857142857,-4.365904365904365,-4.109589041095898,450.78079234728307,false,-0.043659043659043606,3.74,断板,4.725714285714285,-0.09925093632958804,491.80642219317315,1.7835550181378528,1,SHSE.601777,2024-10-14,2024-10-14T09:30:00.000000,4.6,2024-10-15T11:30:00.000000,4.63,-0.1498354408453066,1.5,未涨停卖出
SHSE.603138,海量数据,2024-10-14,14.4,15.38,14.06,15.19,15.04,19334474.0,282171793.13,16.54,13.54,false,false,3.11114084,6.8291,44.725847648999995,43.00547078100001,false,false,true,断板,断板,断板,4天2板,8.4128,15.681999999999999,15.337142857142856,-4.255319148936162,-0.9593889716840516,1459.423168843383,false,0.00997340425531923,9.62,断板,15.022857142857143,-0.08958837772397099,1555.6144268257224,0.11411182959299364,1,SHSE.603138,2024-10-14,2024-10-14T09:30:00.000000,14.4,2024-10-15T11:30:00.000000,15.11,4.094455511288176,1.5,未涨停卖出
SZSE.002355,兴民智通,2024-10-14,5.91,6.74,5.88,6.74,6.13,97641086.0,635685751.26,6.74,5.52,false,false,2.08648127,15.7953,41.82644496,41.66443221,true,false,false,,涨停,5天2板,2天1板,18.0874,6.459999999999999,6.151428571428572,-3.5889070146818884,9.568044588945648,651.0433028776431,false,0.09951060358890707,4.17,断板,5.902857142857143,-0.09985315712187959,630.3269954449688,3.848015488867372,1,SZSE.002355,2024-10-14,2024-10-14T09:30:00.000000,5.91,2024-10-15T15:00:00.000000,7.16,20.185248852306508,2.0,未涨停卖出
SZSE.002685,华东重机,2024-10-14,4.02,4.18,3.97,4.14,4.14,93377625.0,380664585.1,4.55,3.73,false,false,2.89541126,9.2677,41.7183925374,41.7128314824,false,false,false,,未涨停,未涨停,2天2板,14.00155,4.26,4.087142857142857,-2.898550724637684,1.293254106955601,407.6614554075454,false,0.0,2.75,断板,3.9828571428571427,-0.02358490566037752,416.0228236062054,3.9454806312768986,1,SZSE.002685,2024-10-14,2024-10-14T09:30:00.000000,4.02,2024-10-16T11:30:00.000000,4.65,14.749955402271537,2.5,未涨停卖出
SZSE.000628,高新发展,2024-10-21,60.0,68.38,60.0,63.9,62.29,60359066.0,3850409964.84,68.52,56.06,false,false,2.45464811,31.4232,225.10692,122.74187409,false,false,false,,未涨停,未涨停,3天3板,25.82116666666667,62.414,59.387142857142855,-3.6763525445496854,7.599047412859927,6379.174198686242,false,0.025846845400545826,34.88,断板,58.09142857142857,0.030097569042500494,6254.179719380115,7.227523116269915,1,SZSE.000628,2024-10-21,2024-10-21T09:30:00.000000,60.0,2024-10-22T11:30:00.000000,66.65,10.198207171314749,1.5,未涨停卖出
SHSE.600318,新力金融,2024-11-11,10.65,11.29,10.15,10.62,10.98,113690786.0,1196314897.11,12.08,9.88,false,false,2.52862978,22.1737,54.451674518400004,54.451674518400004,false,false,true,断板,断板,断板,4天3板,19.8966,11.154,10.664285714285715,-3.0054644808743176,-0.4152712659075788,1052.2531677369175,false,-0.03278688524590179,5.95,断板,10.384285714285713,-0.09999999999999987,1138.0487271622646,5.736690053652509,1,SHSE.600318,2024-11-11,2024-11-11T09:30:00.000000,10.65,2024-11-12T11:30:00.000000,10.45,-2.6597834016048667,1.5,未涨停卖出
SHSE.600696,*ST岩石,2024-11-11,15.92,16.49,15.15,16.11,16.68,18598322.0,292463788.87,18.35,15.01,false,false,2.60149938,5.5605,53.8830253341,53.8830253341,false,false,true,断板,断板,断板,2天1板,9.244199999999998,16.274,16.021428571428572,-4.556354916067145,0.5528310298707002,1572.5278273491556,true,-0.03417266187050361,6.39,断板,16.291428571428572,-0.05709440361786333,1711.7921479068393,2.385128025254293,1,SHSE.600696,2024-11-11,2024-11-11T09:30:00.000000,15.92,2024-11-12T11:30:00.000000,16.6,3.440509319505901,1.5,未涨停卖出
SZSE.002568,百润股份,2024-11-11,26.0,27.13,25.9,27.0,27.03,26151675.0,695731234.82,29.73,24.33,false,false,9.0225762,3.6505,283.32961785000003,193.42591074,false,false,true,断板,断板,断板,5天3板,7.5808,26.514,25.90142857142857,-3.8105808361080324,4.241354586068061,2660.3696888249033,false,-0.0011098779134295356,16.62,断板,25.058571428571433,-0.030835424883470797,2736.8962915895067,7.86728236702581,1,SZSE.002568,2024-11-11,2024-11-11T09:30:00.000000,26.0,2024-11-12T11:30:00.000000,26.75,2.064817652467056,1.5,未涨停卖出
SZSE.002797,第一创业,2024-11-11,9.32,10.0,9.3,9.78,9.73,526127446.0,5125768362.3,10.7,8.76,false,false,1.66635273,12.5197,410.99472000000003,410.99435325,false,false,false,,未涨停,未涨停,6天4板,22.798599999999997,9.975999999999999,9.571428571428571,-4.2137718396711215,2.1791044776119364,974.2446248090239,false,0.005138746145940232,5.23,断板,9.401428571428571,-0.08120868744098197,1006.0733411275482,3.4949095882084857,1,SZSE.002797,2024-11-11,2024-11-11T09:30:00.000000,9.32,2024-11-12T11:30:00.000000,9.52,1.3320110117469839,1.5,未涨停卖出
SHSE.603922,金鸿顺,2024-11-12,24.32,27.81,24.32,26.04,25.28,17593394.0,459694631.14,27.81,22.75,false,false,1.43437723,9.8177,46.66368,46.66368,false,true,false,,炸板,7天3板,4天3板,0.54055,26.768,25.707142857142856,-3.7974683544303827,1.2948041122534069,2612.8820348137488,false,0.030063291139240444,13.6,断板,24.915714285714284,-0.10003559985760058,2563.4468485302746,1.462072128891705,1,SHSE.603922,2024-11-12,2024-11-12T09:30:00.000000,24.32,2024-11-13T11:30:00.000000,23.65,-3.5297952925141645,1.5,未涨停卖出
SZSE.000566,海南海药,2024-11-12,5.86,6.2,5.86,6.02,6.02,109589131.0,663405025.35,6.62,5.42,false,false,8.80180268,9.3995,78.1013805852,70.1877659266,false,false,false,,未涨停,未涨停,3天3板,11.889566666666667,6.164,5.8585714285714285,-2.6578073089700878,2.755425505974146,605.3565890124632,false,0.0,3.58,断板,5.677142857142856,-0.06666666666666676,612.3057710457356,6.039255158530459,1,SZSE.000566,2024-11-12,2024-11-12T09:30:00.000000,5.86,2024-11-13T11:30:00.000000,5.69,-3.6747209115755304,1.5,未涨停卖出
SZSE.002348,高乐股份,2024-11-12,3.57,3.83,3.57,3.67,3.68,94202970.0,351132036.66,4.05,3.31,false,false,6.86687357,10.5968,34.76224,32.6254503583,false,false,true,断板,断板,断板,3天3板,10.778933333333333,3.7079999999999997,3.512857142857143,-2.9891304347826173,4.4733631557543685,372.7398792840608,false,-0.0027173913043478937,2.31,断板,3.412857142857143,-0.10024449877750607,373.81353551748776,7.82754290498117,1,SZSE.002348,2024-11-12,2024-11-12T09:30:00.000000,3.57,2024-11-13T11:30:00.000000,3.49,-3.019853359670549,1.5,未涨停卖出
SHSE.601606,长城军工,2024-10-17,12.02,12.52,12.02,12.29,12.52,59658991.0,728861265.35,13.77,11.27,false,false,1.01681585,8.2376,89.00767036,89.00767036,false,false,true,断板,断板,断板,2天2板,8.54405,12.014,11.755714285714287,-3.993610223642172,4.54490217523391,1221.7123574047707,false,-0.018370607028754038,8.85,断板,11.691428571428572,-0.0287044220325835,1312.7307250986291,7.086999022482883,1,SHSE.601606,2024-10-17,2024-10-17T09:30:00.000000,12.02,2024-10-18T11:30:00.000000,11.79,-2.6950434534739545,1.5,未涨停卖出
SZSE.000595,*ST宝实,2024-10-17,9.25,9.99,8.8,9.19,9.68,163122283.0,1521276550.29,10.65,8.71,false,false,3.03086199,14.3333,104.64252003540001,104.5879706767,false,false,false,,未涨停,未涨停,2天2板,11.77825,9.854,9.464285714285714,-4.442148760330576,-2.8981132075471674,932.5988591577031,false,-0.05061983471074383,4.05,断板,9.342857142857143,-0.1003717472118959,993.838601293281,3.6085626911314894,1,SZSE.000595,2024-10-17,2024-10-17T09:30:00.000000,9.25,2024-10-18T11:30:00.000000,8.71,-6.588133950683734,1.5,未涨停卖出
SHSE.600390,五矿资本,2024-10-15,6.77,7.24,6.68,6.74,7.01,384136422.0,2680323385.37,7.71,6.31,false,false,4.5022479,8.54,303.1696119366,303.1696119366,false,false,false,,未涨停,未涨停,7天7板,9.09165,7.116,7.084285714285714,-3.4236804564907306,-4.859850776366191,697.7529939532784,false,-0.03851640513552057,3.92,炸板,6.987142857142857,0.07846153846153836,682.1327233384824,0.3271314659578858,1,SHSE.600390,2024-10-15,2024-10-15T09:30:00.000000,6.77,2024-10-16T11:30:00.000000,6.5,-4.753217558127901,1.5,未涨停卖出
SHSE.601086,国芳集团,2024-10-15,4.56,4.74,4.44,4.54,4.77,45257555.0,206458724.74,5.25,4.29,false,false,1.36648846,6.7954,30.2364,30.2364,false,false,true,断板,断板,断板,5天3板,6.0435,4.702,4.688571428571429,-4.40251572327044,-3.1687995124923827,456.1862096615692,false,-0.048218029350104774,3.39,断板,4.63,-0.08092485549132966,476.4993539937466,3.023758099352045,1,SHSE.601086,2024-10-15,2024-10-15T09:30:00.000000,4.56,2024-10-16T11:30:00.000000,4.4,-4.277626336758209,1.5,未涨停卖出
SHSE.601236,红塔证券,2024-10-15,8.46,8.64,8.31,8.34,8.87,117042323.0,993221083.25,9.76,7.98,false,false,1.1714423,2.4814,393.3800976828,393.3800976828,false,false,true,断板,断板,断板,5天3板,2.99345,8.687999999999999,8.84,-4.622322435174729,-5.656108597285068,848.5999404249692,false,-0.059751972942502785,6.42,断板,8.788571428571428,-0.031659388646288256,863.2657714268987,0.9265279583875109,1,SHSE.601236,2024-10-15,2024-10-15T09:30:00.000000,8.46,2024-10-16T11:30:00.000000,8.29,-2.7902574100760287,1.5,未涨停卖出
SHSE.603978,深圳新星,2024-10-15,13.46,13.97,13.2,13.34,14.02,17091004.0,231216989.7,15.42,12.62,false,false,2.01605973,8.8231,25.840580366599998,25.840580366599998,false,false,false,,未涨停,未涨停,4天3板,13.08685,14.422,14.022857142857143,-3.9942938659058393,-4.869600651996743,1352.8578525872442,false,-0.04850213980028528,8.9,断板,13.791428571428572,-0.02231520223152028,1353.390850000239,1.657344106070017,1,SHSE.603978,2024-10-15,2024-10-15T09:30:00.000000,13.46,2024-10-16T11:30:00.000000,12.74,-6.103372542519369,1.5,未涨停卖出
SZSE.000551,创元科技,2024-10-15,11.7,13.07,11.52,12.31,12.1,45866062.0,567836965.77,13.31,10.89,false,false,5.46795766,11.427,49.7305294955,49.4101070891,false,false,false,,未涨停,未涨停,4天3板,11.0427,12.352,11.954285714285716,-3.305785123966945,2.9756214149139515,1238.0329616482009,false,0.01735537190082659,8.33,断板,11.551428571428572,-0.021827000808407382,1161.2491741223068,4.748948800395741,1,SZSE.000551,2024-10-15,2024-10-15T09:30:00.000000,11.7,2024-10-16T11:30:00.000000,12.4,5.13842067626926,1.5,未涨停卖出
SHSE.600505,西昌电力,2024-11-05,11.49,11.84,11.46,11.78,11.87,32967296.0,383793789.15,13.06,10.68,false,false,2.50046334,9.0429,42.9460515,42.9460515,false,false,false,,未涨停,未涨停,2天2板,13.3187,11.889999999999997,11.455714285714285,-3.2013479359730335,2.830776904850983,1164.1652052688821,false,-0.0075821398483572056,7.87,断板,11.211428571428572,0.02239448751076667,1188.7113398824358,5.8741080530071255,1,SHSE.600505,2024-11-05,2024-11-05T09:30:00.000000,11.49,2024-11-06T11:30:00.000000,11.55,-0.27878043959930576,1.5,未涨停卖出
SZSE.002021,中捷资源,2024-11-05,2.51,2.66,2.5,2.59,2.58,166536283.0,427473114.62,2.84,2.32,false,false,8.00066694,13.8162,31.2201662157,31.2191449269,false,false,false,,未涨停,未涨停,4天3板,14.1201,2.582,2.4857142857142853,-2.7131782945736544,4.195402298850586,256.68467370560927,false,0.003875968992248069,1.48,断板,2.4071428571428575,0.01976284584980248,258.5099847146984,7.1810089020771395,1,SZSE.002021,2024-11-05,2024-11-05T09:30:00.000000,2.51,2024-11-06T11:30:00.000000,2.58,1.9698100030158514,1.5,未涨停卖出
SZSE.002388,新亚制程,2024-11-05,5.51,5.65,5.41,5.58,5.66,64247371.0,355422392.42,6.23,5.09,false,false,3.85926898,12.8741,28.49692608,27.84670263,false,false,false,,未涨停,未涨停,2天2板,7.5124,5.67,5.517142857142858,-2.650176678445236,1.1393060590367579,553.2092393632729,false,-0.014134275618374548,3.68,断板,5.434285714285714,0.03284671532846706,550.6480329069451,4.153522607781287,1,SZSE.002388,2024-11-05,2024-11-05T09:30:00.000000,5.51,2024-11-06T11:30:00.000000,5.43,-2.237149406005746,1.5,未涨停卖出
SZSE.002865,钧达股份,2024-11-05,74.74,77.5,73.8,74.25,76.67,16774467.0,1261815693.34,84.34,69.0,false,false,1.4651997,7.4796,169.70291613,166.5205900875,false,false,false,,未涨停,未涨停,7天4板,8.7096,76.772,73.84142857142857,-2.5172818573105604,0.5533092147265457,7522.240160238772,false,-0.031563845050215256,34.8,断板,71.75142857142858,-0.04639303482587065,7765.913059900167,6.855015330705208,1,SZSE.002865,2024-11-05,2024-11-05T09:30:00.000000,74.74,2024-11-06T11:30:00.000000,75.62,0.3712204966593485,1.5,未涨停卖出
SHSE.600822,上海物贸,2024-11-20,11.66,12.77,11.5,12.53,12.19,54416498.0,668274140.22,13.41,10.97,false,false,2.09834784,13.7364,49.6373328724,49.6373328724,false,false,true,断板,断板,断板,4天3板,12.647266666666667,12.352,11.808571428571428,-4.347826086956517,6.1093636583595465,1228.0726705713403,false,0.02789171452009853,8.55,断板,11.445714285714285,-0.09970457902511076,1288.14083590265,6.502745881178236,1,SHSE.600822,2024-11-20,2024-11-20T09:30:00.000000,11.66,2024-11-21T11:30:00.000000,13.13,11.709935557939774,1.5,未涨停卖出
SHSE.601949,中国出版,2024-11-20,8.24,9.2,8.02,8.79,8.57,156065249.0,1351268426.29,9.43,7.71,false,false,1.15176319,8.5633,167.3587919466,160.19775,false,false,true,断板,断板,断板,4天3板,6.669366666666666,8.678,8.404285714285715,-3.850641773628939,4.589495155532875,865.8355623358535,false,0.025670945157526104,6.37,断板,8.231428571428571,-0.09978991596638653,861.3779079681616,4.113155154460261,1,SHSE.601949,2024-11-20,2024-11-20T09:30:00.000000,8.24,2024-11-21T11:30:00.000000,8.97,7.991819131242023,1.5,未涨停卖出
SZSE.002402,和而泰,2024-11-20,18.25,21.13,17.81,21.13,19.21,347651685.0,6840573004.11,21.13,17.29,false,false,12.47726953,43.3816,195.4931298205,169.33185770240001,true,false,false,,涨停,8天6板,6天5板,33.621,19.973999999999997,18.925714285714285,-4.997397188964086,11.64704106280193,1967.6513301265893,false,0.09994794377928162,10.4,断板,17.924285714285713,-0.09981255857544513,1996.4542874170395,7.173029409420593,1,SZSE.002402,2024-11-20,2024-11-20T09:30:00.000000,18.25,2024-11-22T11:30:00.000000,22.47,22.142225618075635,2.5,未涨停卖出
SZSE.002530,金财互联,2024-11-20,8.99,10.16,8.6,9.47,9.3,221177289.0,2061901185.32,10.23,8.37,false,false,3.34618648,31.8184,73.7900671725,65.8281797298,false,false,true,断板,断板,断板,3天2板,26.227549999999997,9.406,9.025714285714285,-3.3333333333333384,4.922443811332717,932.2391076599189,false,0.018279569892473146,7.33,断板,8.858571428571429,-0.09970958373668914,930.0,4.983067247218199,1,SZSE.002530,2024-11-20,2024-11-20T09:30:00.000000,8.99,2024-11-21T11:30:00.000000,9.55,5.382696134261625,1.5,未涨停卖出
SZSE.002866,传艺科技,2024-11-20,19.0,21.58,18.7,20.74,19.81,43245572.0,873407270.26,21.79,17.83,false,false,1.76191338,23.8575,60.046915894399994,37.5946733444,false,false,false,,未涨停,未涨停,3天2板,12.11535,19.595999999999997,19.217142857142854,-4.088844018172634,7.924472197442771,2019.6455495142948,false,0.04694598687531548,14.41,断板,18.737142857142857,-0.03318692044899951,1908.7456464955364,5.7258310460506205,1,SZSE.002866,2024-11-20,2024-11-20T09:30:00.000000,19.0,2024-11-21T11:30:00.000000,20.39,6.460683581463633,1.5,未涨停卖出
SHSE.600769,祥龙电业,2024-10-30,10.5,11.82,9.98,11.49,10.79,37647216.0,401376977.58,11.87,9.71,false,false,3.84825751,10.0399,43.08488028,43.08488028,false,false,true,断板,断板,断板,2天2板,9.5076,10.758,10.428571428571429,-2.687673772011114,10.17808219178082,1066.1531455074926,false,0.0648748841519926,6.33,断板,10.10142857142857,-0.06336805555555558,1114.077201755947,6.816574741903551,1,SHSE.600769,2024-10-30,2024-10-30T09:30:00.000000,10.5,2024-11-01T11:30:00.000000,12.16,14.886738759248729,2.5,未涨停卖出
SHSE.603978,深圳新星,2024-10-30,17.05,18.5,17.0,18.42,17.57,22427671.0,401140860.02,19.33,15.81,false,false,2.01605973,11.4002,36.2377763358,36.2377763358,false,false,false,,未涨停,未涨停,5天3板,14.0489,18.064,17.734285714285715,-2.959590210586224,3.8666022232962844,1788.5979334189449,false,0.048377916903813434,9.8,断板,17.259999999999998,-0.039365773646801494,1787.3512103833746,1.7960602549246945,1,SHSE.603978,2024-10-30,2024-10-30T09:30:00.000000,17.05,2024-10-31T11:30:00.000000,19.25,12.003598509189048,1.5,未涨停卖出
SZSE.002129,TCL中环,2024-10-30,11.6,12.55,11.41,12.18,12.08,277607404.0,3352954209.13,13.29,10.87,false,false,5.49476695,6.8714,492.4515011514,492.0790164108,false,false,false,,未涨停,未涨停,3天2板,6.04055,11.907999999999998,11.54142857142857,-3.973509933774838,5.532862978091358,1207.8043167501396,false,0.008278145695364225,7.43,断板,11.202857142857143,-0.04731861198738163,1271.4906844359941,7.829635297118083,1,SZSE.002129,2024-10-30,2024-10-30T09:30:00.000000,11.6,2024-10-31T11:30:00.000000,12.63,8.011746118972404,1.5,未涨停卖出
SZSE.002366,融发核电,2024-10-30,4.91,5.52,4.88,5.26,5.07,147905900.0,759241788.0,5.58,4.56,false,false,2.33174583,11.7716,109.457319864,66.09002691399999,false,false,false,,未涨停,未涨停,7天3板,18.2318,4.96,4.908571428571428,-3.155818540433928,7.159487776484284,513.3275873376248,false,0.03747534516765283,2.96,断板,4.771428571428571,-0.009765625,516.8975837994437,6.257485029940127,1,SZSE.002366,2024-10-30,2024-10-30T09:30:00.000000,4.91,2024-10-31T11:30:00.000000,5.11,3.2440502754765044,1.5,未涨停卖出
SZSE.002459,晶澳科技,2024-10-30,16.7,17.8,16.59,17.56,17.29,115566636.0,2016645793.49,19.02,15.56,false,false,2.71451488,3.4957,581.1794302844,580.5300890536,false,false,false,,未涨停,未涨停,5天3板,5.8699,17.444,17.354285714285712,-3.4123770965876226,1.1853803095159738,1745.0069183375729,false,0.015615962984383946,9.76,断板,17.0,-0.050000000000000044,1806.750274810894,1.7058823529411713,1,SZSE.002459,2024-10-30,2024-10-30T09:30:00.000000,16.7,2024-11-01T11:30:00.000000,18.56,10.252164992723714,2.5,未涨停卖出
SZSE.002562,兄弟科技,2024-10-30,4.66,4.81,4.54,4.65,4.79,107977519.0,498349574.89,5.27,4.31,false,false,6.89640619,15.3917,49.4620751565,32.6210884095,false,false,false,,未涨停,未涨停,2天2板,23.0033,4.818,4.615714285714286,-2.7139874739039644,0.7428040854224788,461.53086263261895,false,-0.029227557411273475,3.15,断板,4.5285714285714285,-0.08237547892720298,499.68371943952974,5.772870662460571,1,SZSE.002562,2024-10-30,2024-10-30T09:30:00.000000,4.66,2024-10-31T11:30:00.000000,4.75,1.1191286356718941,1.5,未涨停卖出
SZSE.000016,深康佳A,2024-11-06,6.78,6.98,6.29,6.36,6.98,287051590.0,1902586828.22,7.68,6.28,false,false,17.36657435,17.979,101.54336568000001,101.54336568000001,false,false,false,,未涨停,未涨停,11天10板,9.544566666666666,7.018000000000001,6.758571428571429,-2.865329512893985,-5.897273303741281,662.8030968997593,true,-0.08882521489971351,2.45,断板,6.605714285714286,0.0014347202295552641,696.1104458577552,5.666089965397928,1,SZSE.000016,2024-11-06,2024-11-06T09:30:00.000000,6.78,2024-11-07T11:30:00.000000,6.38,-6.64950816204211,1.5,未涨停卖出
SZSE.000958,电投产融,2024-11-06,8.95,9.06,8.28,8.31,9.2,326900162.0,2822910589.7,10.12,8.28,false,false,3.42137067,6.0724,447.362079012,447.36020926199996,false,false,false,,未涨停,未涨停,10天10板,4.335633333333333,9.48,9.168571428571429,-2.717391304347826,-9.364287940168275,863.5390611094283,true,-0.09673913043478244,3.2,断板,9.018571428571429,-0.039665970772442716,924.8546438475968,2.0117218438143425,1,SZSE.000958,2024-11-06,2024-11-06T09:30:00.000000,8.95,2024-11-07T11:30:00.000000,8.48,-6.00636559905627,1.5,未涨停卖出
SHSE.600759,洲际油气,2024-11-19,2.9,2.99,2.8,2.94,2.99,178714062.0,514957574.6,3.29,2.69,false,false,3.72113488,4.3129,121.98087283200002,121.82436193200002,false,false,false,,未涨停,未涨停,2天2板,2.784,3.0420000000000003,2.915714285714286,-3.0100334448160635,0.8329250367466836,288.14608589669905,false,-0.016722408026755953,2.22,断板,2.8785714285714286,-0.09939759036144569,313.30598002153306,3.8709677419354915,1,SHSE.600759,2024-11-19,2024-11-19T09:30:00.000000,2.9,2024-11-20T11:30:00.000000,2.92,-0.11265283692814987,1.5,未涨停卖出
SHSE.600622,光大嘉宝,2024-10-23,3.65,3.74,3.5,3.71,3.79,216311338.0,786315428.95,4.17,3.41,false,false,185.43139687,14.4238,55.638328414200004,55.638328414200004,false,false,false,,未涨停,未涨停,6天6板,19.921133333333334,3.904,3.7542857142857144,-3.69393139841689,-1.1796042617960478,363.5109635122316,false,-0.02110817941952503,1.64,断板,3.642857142857143,-0.01558441558441559,389.3134743975759,4.039215686274512,1,SHSE.600622,2024-10-23,2024-10-23T09:30:00.000000,3.65,2024-10-24T11:30:00.000000,3.47,-5.689024723025707,1.5,未涨停卖出
SHSE.600678,四川金顶,2024-10-23,8.39,8.39,8.04,8.08,8.7,87418005.0,713704991.65,9.57,7.83,false,false,3.24803981,25.0489,28.198392000000002,28.198392000000002,false,false,false,,未涨停,未涨停,6天5板,31.00486666666667,8.748000000000001,8.39,-3.563218390804583,-3.6948748510131164,816.4279105317034,false,-0.07126436781609191,4.85,断板,8.162857142857144,-0.013605442176870874,871.4878255835154,6.580329016450803,1,SHSE.600678,2024-10-23,2024-10-23T09:30:00.000000,8.39,2024-10-24T11:30:00.000000,7.59,-10.255996277108503,1.5,止损卖出
SZSE.002553,南方精工,2024-11-26,14.5,14.88,13.48,13.48,14.98,64028950.0,895963941.98,16.48,13.48,false,false,4.88555323,25.5299,46.9104,33.80784,false,false,false,,未涨停,未涨停,3天2板,32.36855,15.544,14.998571428571427,-3.2042723631508707,-10.124773787979798,1399.310689898866,true,-0.1001335113484646,9.41,断板,14.847142857142856,-0.09212121212121205,1518.8182784518688,0.8948330607139522,1,SZSE.002553,2024-11-26,2024-11-26T09:30:00.000000,14.5,2024-11-27T11:30:00.000000,12.94,-11.469707377387,1.5,止损卖出
SHSE.600203,福日电子,2024-11-07,13.6,13.61,12.83,12.9,14.25,141249796.0,1835919525.09,15.68,12.83,false,false,1.20493084,23.82,76.495462578,76.495462578,false,false,false,,未涨停,未涨停,6天5板,24.34825,13.558000000000002,13.540000000000001,-4.5614035087719325,-4.726735598227478,1299.7679126488792,true,-0.09473684210526312,5.71,断板,13.365714285714287,0.024442846872753332,1430.4747107450837,6.616075245831546,1,SHSE.600203,2024-11-07,2024-11-07T09:30:00.000000,13.6,2024-11-08T11:30:00.000000,13.15,-4.079271150691346,1.5,未涨停卖出
SHSE.603117,万林物流,2024-11-07,8.63,8.86,8.12,8.51,9.02,66016235.0,565306767.57,9.92,8.12,false,false,1.4819469,11.0174,50.9917278442,50.9917278442,false,false,true,断板,断板,断板,3天3板,20.065,8.754,8.427142857142858,-4.323725055432359,0.9832174944905797,856.3147649513792,true,-0.05654101995565408,3.98,断板,8.482857142857144,-0.05943691345151203,944.0953492152274,6.332098349612646,1,SHSE.603117,2024-11-07,2024-11-07T09:30:00.000000,8.63,2024-11-08T11:30:00.000000,8.44,-2.9808921902194494,1.5,未涨停卖出
SHSE.603185,弘元绿能,2024-11-07,22.66,23.18,21.8,22.9,23.66,28344043.0,640825603.24,26.03,21.29,false,false,3.84204995,4.1742,155.496084258,155.496084258,false,false,false,,未涨停,未涨停,7天4板,7.001399999999999,23.732,23.452857142857145,-4.22654268808115,-2.3573125418773357,2260.882836086581,false,-0.032121724429416854,11.97,断板,22.995714285714286,-0.04788732394366202,2410.3950704308486,2.888737031745047,1,SHSE.603185,2024-11-07,2024-11-07T09:30:00.000000,22.66,2024-11-08T11:30:00.000000,23.94,4.806897740019629,1.5,未涨停卖出
SZSE.000520,凤凰航运,2024-11-07,6.1,6.6,5.66,6.15,6.29,175669233.0,1063268724.12,6.92,5.66,false,false,4.13857403,17.3572,62.2431324825,62.2431324825,false,false,true,断板,断板,断板,12天8板,13.827233333333334,6.3100000000000005,6.255714285714285,-3.0206677265500854,-1.6898835350536534,605.267471122846,true,-0.02225755166931631,2.2,断板,6.134285714285714,-0.10014306151645214,666.112719548742,2.5384257102934327,1,SZSE.000520,2024-11-07,2024-11-07T09:30:00.000000,6.1,2024-11-08T11:30:00.000000,5.82,-5.350401672000525,1.5,未涨停卖出
SZSE.002456,欧菲光,2024-11-07,16.04,16.15,15.18,15.76,16.6,674324501.0,10538361205.85,18.26,14.94,false,false,20.44370193,20.7318,521.898907304,512.6108944048001,false,false,false,,未涨停,未涨停,5天4板,24.8422,16.602,16.669999999999998,-3.3734939759036275,-5.45890821835632,1562.8026551344306,false,-0.050602409638554335,7.92,断板,16.50142857142857,-0.040462427745664664,1689.0971446687665,0.5973508787118226,1,SZSE.002456,2024-11-07,2024-11-07T09:30:00.000000,16.04,2024-11-08T11:30:00.000000,16.4,1.4296927005195985,1.5,未涨停卖出
SHSE.600333,长春燃气,2024-11-15,5.73,6.38,5.59,6.15,5.92,69188545.0,417006093.05,6.51,5.33,false,false,2.25238029,11.3604,37.455387066,37.455387066,false,false,false,,未涨停,未涨停,4天3板,12.372800000000002,6.056,5.83,-3.2094594594594508,5.488850771869645,602.7097304185252,false,0.038851351351351315,4.09,断板,5.624285714285714,0.013698630136986356,584.6803476889921,5.257810515621041,1,SHSE.600333,2024-11-15,2024-11-15T09:30:00.000000,5.73,2024-11-18T11:30:00.000000,6.25,8.205919776391804,1.5,未涨停卖出
SHSE.603005,晶方科技,2024-11-15,31.06,32.15,29.57,29.57,32.18,118205114.0,3636718721.46,35.4,28.96,false,false,2.79516924,18.1248,192.84717346419998,192.84717346419998,false,false,false,,未涨停,未涨停,2天2板,18.76465,32.386,31.055714285714284,-3.4804226227470507,-4.784028704172219,3076.617075518408,false,-0.08110627719080177,19.04,断板,30.69142857142857,-0.06697593505363875,3309.0760723010844,4.850121020294175,1,SHSE.603005,2024-11-15,2024-11-15T09:30:00.000000,31.06,2024-11-18T11:30:00.000000,28.26,-9.739791638340382,1.5,止损卖出
SZSE.000564,供销大集,2024-11-15,2.89,2.99,2.71,2.71,3.01,1220419687.0,3427980184.7,3.31,2.71,false,false,5.81150151,8.5721,489.3735168934,385.8264836207,false,false,true,断板,断板,断板,7天6板,8.1328,2.956,2.897142857142857,-3.9867109634551388,-6.45956607495068,280.8853561782964,true,-0.09966777408637872,1.75,断板,2.85,-0.09063444108761343,311.03134969271395,5.614035087719287,1,SZSE.000564,2024-11-15,2024-11-15T09:30:00.000000,2.89,2024-11-18T11:30:00.000000,2.6,-10.751457836474186,1.5,止损卖出
SZSE.002065,东华软件,2024-11-15,7.91,8.46,7.91,7.93,8.24,282934439.0,2314880403.7,9.06,7.42,false,false,31.92041857,9.7298,254.1947523375,230.5981867657,false,false,false,,未涨停,未涨停,2天2板,0.89845,8.336,7.9557142857142855,-4.0048543689320395,-0.3232178128928005,818.1684816743004,false,-0.03762135922330101,5.02,断板,7.802857142857143,-0.09945355191256833,840.7888532277128,5.6023434639326215,1,SZSE.002065,2024-11-15,2024-11-15T09:30:00.000000,7.91,2024-11-18T11:30:00.000000,8.2,2.8402194005268204,1.5,未涨停卖出
SZSE.000796,凯撒旅业,2024-11-01,4.93,5.05,4.55,4.65,5.06,60877544.0,292437288.88,5.57,4.55,false,false,7.05718195,6.2774,74.576184594,45.094920288000004,false,false,false,,未涨停,未涨停,6天5板,0.20905,4.974,4.835714285714286,-2.5691699604743063,-3.840472673559827,480.3697220111245,true,-0.08102766798418959,3.0,断板,4.767142857142858,-0.003937007874015852,497.4523647950791,6.143242433323322,1,SZSE.000796,2024-11-01,2024-11-01T09:30:00.000000,4.93,2024-11-04T11:30:00.000000,4.56,-8.242082380417468,1.5,未涨停卖出
SZSE.002210,飞马国际,2024-11-01,2.22,2.27,2.11,2.12,2.29,202858822.0,442612115.17,2.52,2.06,false,false,10.35200224,7.6228,56.418134808800005,56.417931288800006,false,false,true,断板,断板,断板,5天3板,9.9326,2.212,2.177142857142857,-3.056768558951958,-2.6246719160104894,218.18726482104879,false,-0.07423580786026196,1.48,断板,2.132857142857143,0.0,234.44156343531162,7.367716008037503,1,SZSE.002210,2024-11-01,2024-11-01T09:30:00.000000,2.22,2024-11-04T11:30:00.000000,2.14,-4.371702379670485,1.5,未涨停卖出
SHSE.603131,上海沪工,2024-11-14,21.25,21.25,19.8,19.95,21.89,31977417.0,652620243.33,24.08,19.7,false,false,2.90819184,10.0561,63.439187742,63.439187742,false,false,false,,未涨停,未涨停,2天2板,12.5217,21.292,20.56142857142857,-2.9237094563727752,-2.9736677551587607,2040.8785466631032,true,-0.08862494289629974,13.45,断板,20.268571428571427,0.014835419564209529,2203.58553922202,7.999718071609823,1,SHSE.603131,2024-11-14,2024-11-14T09:30:00.000000,21.25,2024-11-15T11:30:00.000000,19.22,-10.273634872275611,1.5,止损卖出
SHSE.603360,百傲化学,2024-11-14,24.5,26.2,24.5,25.4,25.49,19743490.0,504048937.88,28.04,22.94,false,false,4.68583667,3.9139,128.129148618,128.129148618,false,false,false,,未涨停,未涨停,4天3板,3.6815,25.812,25.037142857142857,-3.8838760298156085,1.449275362318834,2552.988037474631,false,-0.0035307963907414974,13.34,断板,24.464285714285715,-0.012015503875969058,2510.32862446089,4.1927007299269965,1,SHSE.603360,2024-11-14,2024-11-14T09:30:00.000000,24.5,2024-11-15T11:30:00.000000,22.95,-7.072932758760878,1.5,未涨停卖出
SZSE.002387,维信诺,2024-11-14,12.29,13.59,12.18,12.35,12.9,104478912.0,1358423569.96,14.19,11.61,false,false,3.55754576,7.5463,171.63460603250002,170.986152116,false,false,true,断板,断板,断板,6天4板,8.7665,12.822,12.494285714285715,-4.728682170542645,-1.1548136290875886,1300.1892381498,false,-0.04263565891472876,6.23,断板,12.174285714285714,-0.07327586206896552,1304.1252964846813,5.961042008918096,1,SZSE.002387,2024-11-14,2024-11-14T09:30:00.000000,12.29,2024-11-19T11:30:00.000000,13.3,7.35576813980857,3.5,未涨停卖出
SHSE.601360,三六零,2024-11-28,13.67,13.89,12.65,12.71,14.05,626201383.0,8253724631.19,15.46,12.65,false,false,2.07965088,8.9463,889.6438064209,889.6438064209,false,false,false,,未涨停,未涨停,7天3板,10.1522,13.914000000000001,13.508571428571429,-2.7046263345195785,-5.911590524534683,1318.0623446802576,true,-0.09537366548042703,8.12,断板,13.260000000000002,0.02405247813411071,1364.8289508151868,5.957767722473598,1,SHSE.601360,2024-11-28,2024-11-28T09:30:00.000000,13.67,2024-11-29T11:30:00.000000,13.32,-3.3367626786198334,1.5,未涨停卖出
SZSE.000801,四川九洲,2024-11-28,17.88,19.53,17.69,17.73,18.53,199450518.0,3707241975.3,20.38,16.68,false,false,11.09872493,19.5003,181.34361833580002,181.34361833580002,false,false,false,,未涨停,未涨停,6天6板,20.011666666666667,19.291999999999998,18.610000000000003,-3.5078251484079983,-4.728640515851706,1858.7276746506118,false,-0.043173232595790645,11.19,断板,18.16857142857143,-0.039398652151373614,1790.0920082777488,1.98930649473188,1,SZSE.000801,2024-11-28,2024-11-28T09:30:00.000000,17.88,2024-11-29T11:30:00.000000,16.76,-7.010882643920935,1.5,未涨停卖出
SZSE.002069,獐子岛,2024-11-28,3.62,3.93,3.62,3.82,3.75,53586092.0,204301186.72,4.13,3.38,false,false,6.66341803,7.545,27.1644858108,27.1302586108,false,false,true,断板,断板,断板,2天2板,2.7388500000000002,3.6740000000000004,3.59,-3.4666666666666637,6.406685236768802,381.2578583263732,false,0.01866666666666661,2.8,断板,3.4957142857142856,-0.05063291139240511,381.162523955842,7.2742133224356404,1,SZSE.002069,2024-11-28,2024-11-28T09:30:00.000000,3.62,2024-11-29T11:30:00.000000,3.72,1.9436067883163635,1.5,未涨停卖出
SZSE.002580,圣阳股份,2024-11-28,9.26,9.26,8.83,8.88,9.59,75203477.0,680967347.74,10.55,8.63,false,false,4.21176963,16.6255,40.3035665784,40.16768544,false,false,true,断板,断板,断板,2天2板,15.81785,9.181999999999999,9.025714285714285,-3.441084462982274,-1.6144349477682636,905.4998184990835,false,-0.0740354535974973,7.09,断板,8.941428571428572,-0.04386839481555327,935.2518457552281,7.253554880971391,1,SZSE.002580,2024-11-28,2024-11-28T09:30:00.000000,9.26,2024-11-29T11:30:00.000000,8.81,-5.617701978264058,1.5,未涨停卖出
SHSE.600676,交运股份,2024-11-22,5.43,5.61,5.03,5.1,5.58,108100840.0,573505359.44,6.14,5.02,false,false,10.23557692,10.5106,52.453140143999995,52.453140143999995,false,false,false,,未涨停,未涨停,3天3板,9.514666666666665,5.685999999999999,5.427142857142856,-2.688172043010759,-6.027902079494593,530.5281248878363,true,-0.08602150537634412,3.49,断板,5.394285714285714,-0.09708737864077666,584.4482512855449,3.4427966101694953,1,SHSE.600676,2024-11-22,2024-11-22T09:30:00.000000,5.43,2024-11-25T11:30:00.000000,5.02,-8.287292817679555,1.5,未涨停卖出
SHSE.605028,世茂能源,2024-11-22,22.0,22.0,20.69,20.69,22.99,15983096.0,337082508.02,25.29,20.69,false,false,1.1070858,9.9894,33.104,33.104,false,false,true,断板,断板,断板,3天3板,6.0887,22.348,21.599999999999998,-4.3062200956937735,-4.212962962962948,2108.9938271033348,true,-0.10004349717268368,13.0,断板,21.392857142857142,-0.07596463022508038,2330.7036669858276,7.465776293823034,1,SHSE.605028,2024-11-22,2024-11-22T09:30:00.000000,22.0,2024-11-25T11:30:00.000000,18.92,-14.685258964143411,1.5,止损卖出
SHSE.600119,长江投资,2024-11-29,10.61,11.42,10.52,10.88,10.97,42251101.0,465746498.8,12.07,9.87,false,false,2.18378174,11.5671,39.741416256,39.741416256,false,false,false,,未涨停,未涨停,4天2板,11.8109,10.681999999999999,10.388571428571428,-3.281677301732007,4.730473047304744,1102.3298512386696,false,-0.008204193254329972,6.87,炸板,10.217142857142857,0.0417853751187085,1043.611621843697,7.3685682326621995,1,SHSE.600119,2024-11-29,2024-11-29T09:30:00.000000,10.61,2024-12-02T11:30:00.000000,10.88,1.727679292256062,1.5,未涨停卖出
SZSE.000981,山子高科,2024-12-13,2.59,2.93,2.51,2.82,2.7,1464343249.0,4007155062.83,2.97,2.43,false,false,6.77064435,22.4415,281.9286790416,184.0093837464,false,false,false,,未涨停,未涨停,7天6板,22.13703333333333,2.876,2.7471428571428573,-4.074074074074085,2.652106084243357,273.64861794299156,false,0.04444444444444429,1.3,断板,2.6442857142857146,-0.09999999999999998,278.07471954079915,2.10696920583468,1,SZSE.000981,2024-12-13,2024-12-13T09:30:00.000000,2.59,2024-12-16T11:30:00.000000,2.95,12.992047254995464,1.5,未涨停卖出
SZSE.002177,御银股份,2024-12-13,6.06,6.1,5.78,5.8,6.26,171406632.0,1012508535.05,6.89,5.63,false,false,8.90542052,25.6133,44.149095052,38.814186612,false,false,false,,未涨停,未涨停,4天3板,44.729,6.1739999999999995,6.038571428571428,-3.1948881789137404,-3.9507925242488744,590.7055772789469,false,-0.07348242811501593,4.23,断板,5.9157142857142855,-0.05580693815987936,633.9649901411664,5.819850277710699,1,SZSE.002177,2024-12-13,2024-12-13T09:30:00.000000,6.06,2024-12-16T11:30:00.000000,5.94,-2.7612322985286286,1.5,未涨停卖出
SZSE.002501,利源股份,2024-12-13,2.3,2.33,2.22,2.22,2.38,324035610.0,735602716.65,2.62,2.14,false,false,7.53633796,9.1507,78.81,78.6128419332,false,false,true,断板,断板,断板,8天4板,19.201249999999998,2.322,2.2800000000000002,-3.361344537815129,-2.631578947368423,227.01292510721277,false,-0.0672268907563024,1.36,断板,2.2314285714285718,-0.028571428571428692,236.0686519500298,6.658130601792553,1,SZSE.002501,2024-12-13,2024-12-13T09:30:00.000000,2.3,2024-12-16T11:30:00.000000,2.34,0.9284600727524455,1.5,未涨停卖出
SHSE.603079,圣达生物,2024-11-25,18.17,18.8,17.08,17.08,18.98,10505979.0,185644579.14,20.88,17.08,false,false,2.07025467,6.1371,29.2390740264,29.2390740264,false,false,false,,未涨停,未涨停,4天2板,7.297200000000004,18.15,17.81,-4.26765015806111,-4.098820887142058,1767.0374092695217,true,-0.10010537407797693,11.46,炸板,17.592857142857145,-0.01556016597510379,2007.6278445246783,7.8846934632561805,1,SHSE.603079,2024-11-25,2024-11-25T09:30:00.000000,18.17,2024-11-26T11:30:00.000000,15.88,-13.299580982618773,1.5,止损卖出
SHSE.603706,东方环宇,2024-11-25,18.71,21.19,18.48,21.19,19.28,16522805.0,326795195.0,21.21,17.35,false,false,1.26180154,8.7246,40.1301970966,40.1301970966,true,false,false,,涨停,5天3板,2天2板,6.5581000000000005,20.114,19.162857142857145,-2.956431535269711,10.57850007454897,1977.843320186857,false,0.09906639004149387,15.66,断板,18.524285714285718,-0.07352234502642951,2033.1218054809513,4.079586643016877,1,SHSE.603706,2024-11-25,2024-11-25T09:30:00.000000,18.71,2024-11-26T11:30:00.000000,19.82,5.088571422487495,1.5,未涨停卖出
SZSE.002194,武汉凡谷,2024-11-25,14.3,15.08,13.76,13.9,15.02,115663710.0,1646561938.39,16.52,13.52,false,false,3.88356603,22.7133,94.97672703399999,70.783477072,false,false,false,,未涨停,未涨停,5天3板,18.42755,15.036000000000001,14.442857142857141,-4.7936085219706985,-3.758654797230452,1423.5769701577099,false,-0.07456724367509981,9.16,断板,14.254285714285714,-0.030342156229825723,1503.7141484842855,5.371817999599114,1,SZSE.002194,2024-11-25,2024-11-25T09:30:00.000000,14.3,2024-11-26T11:30:00.000000,13.58,-5.791658540662525,1.5,未涨停卖出
SZSE.002693,*ST双成,2024-11-25,26.0,26.45,24.38,24.38,27.09,73286827.0,1807705544.84,29.8,24.38,false,false,3.50292315,17.8148,101.10136105000001,100.2949550048,false,false,true,断板,断板,断板,3天3板,7.805633333333333,26.7,25.464285714285715,-4.023624953857512,-4.25806451612904,2466.617288315675,true,-0.10003691399040238,15.4,断板,25.39142857142857,-0.09669889963321099,2818.4936293124165,6.689546528637343,1,SZSE.002693,2024-11-25,2024-11-25T09:30:00.000000,26.0,2024-11-26T11:30:00.000000,24.91,-4.955715599141895,1.5,未涨停卖出
SHSE.603660,苏州科达,2024-12-03,8.8,8.92,8.41,8.42,9.2,133592415.0,1143210634.95,10.12,8.28,false,false,2.01467367,25.1458,45.4643258488,44.733082528800004,false,false,false,,未涨停,未涨停,3天3板,12.295066666666665,9.413999999999998,9.001428571428571,-4.347826086956506,-6.4592921758451,855.7451670815293,false,-0.08478260869565213,6.56,断板,8.827142857142857,-0.0935960591133006,928.5641503177724,4.223984463505421,1,SHSE.603660,2024-12-03,2024-12-03T09:30:00.000000,8.8,2024-12-04T11:30:00.000000,8.38,-5.531510322346957,1.5,未涨停卖出
SZSE.000409,云鼎科技,2024-12-03,10.51,10.87,10.27,10.33,11.06,94102773.0,987127445.58,12.17,9.95,false,false,2.14178671,22.2285,70.0829041665,43.7312797335,false,false,true,断板,断板,断板,4天2板,10.78505,10.586,10.40857142857143,-4.972875226039789,-0.754872357946753,1048.9886898232,false,-0.0660036166365281,8.5,炸板,10.268571428571429,0.005454545454545601,1156.9961401135238,7.70728992765721,1,SZSE.000409,2024-12-03,2024-12-03T09:30:00.000000,10.51,2024-12-04T11:30:00.000000,10.43,-1.551927399820325,1.5,未涨停卖出
SZSE.000803,山高环能,2024-12-03,5.92,6.05,5.72,6.0,6.11,53872520.0,314266276.39,6.72,5.5,false,false,3.82314586,11.743,28.25929854,27.52585332,false,false,false,,未涨停,未涨停,5天3板,4.968799999999998,5.936,5.927142857142857,-3.109656301145669,1.2292118582791052,583.3517280981101,false,-0.018003273322422353,3.89,断板,5.865714285714286,0.025167785234899487,605.8455164013436,4.164637116415009,1,SZSE.000803,2024-12-03,2024-12-03T09:30:00.000000,5.92,2024-12-04T11:30:00.000000,5.84,-2.1373963605039195,1.5,未涨停卖出
SHSE.600249,两面针,2024-12-04,6.06,6.68,5.96,6.06,6.27,58825670.0,368938056.23,6.9,5.64,false,false,3.34827535,10.6956,33.33,33.33,false,false,true,断板,断板,断板,6天4板,16.26015,6.27,6.104285714285714,-3.349282296650717,-0.7254856073016649,627.1718728065485,false,-0.03349282296650713,4.49,断板,6.001428571428571,-0.07658321060382922,645.3734621481932,4.475124970245182,1,SHSE.600249,2024-12-04,2024-12-04T09:30:00.000000,6.06,2024-12-05T11:30:00.000000,5.96,-2.4338290402745493,1.5,未涨停卖出
SHSE.603586,金麒麟,2024-12-04,15.88,17.3,15.87,16.0,16.38,18592183.0,304031448.78,18.02,14.74,false,false,1.21172635,9.4833,31.3684448,31.3684448,false,false,true,断板,断板,断板,2天2板,12.757150000000001,16.128,15.52,-3.052503052503042,3.092783505154642,1635.2649324718886,false,-0.023199023199023117,12.75,断板,15.275714285714287,-0.07142857142857151,1684.6216862925794,7.229028336294759,1,SHSE.603586,2024-12-04,2024-12-04T09:30:00.000000,15.88,2024-12-05T11:30:00.000000,16.15,0.8898913163466723,1.5,未涨停卖出
SHSE.605300,佳禾食品,2024-12-04,14.5,15.39,14.46,14.5,15.08,12622541.0,188255708.73,16.59,13.57,false,false,1.03474912,3.1556,58.00145,58.00145,false,false,false,,未涨停,未涨停,4天3板,2.3182,15.378,14.795714285714286,-3.8461538461538463,-1.9986482572173443,1491.4248147817464,false,-0.038461538461538436,11.53,断板,14.471428571428573,-0.09970149253731342,1522.8117957469424,4.205330700888437,1,SHSE.605300,2024-12-04,2024-12-04T09:30:00.000000,14.5,2024-12-05T11:30:00.000000,14.71,0.6399230663552657,1.5,未涨停卖出
SZSE.003040,楚天龙,2024-12-04,16.0,16.5,15.3,15.4,16.51,51511743.0,813865679.9,18.16,14.86,false,false,1.0277099,11.2754,71.014939688,70.354939732,false,false,true,断板,断板,断板,3天3板,16.019233333333332,16.414,15.792857142857143,-3.089036947304673,-2.487562189054723,1579.961446654989,false,-0.06723198061780744,11.32,断板,15.59,-0.09978189749182109,1706.424530525084,5.901218729955111,1,SZSE.003040,2024-12-04,2024-12-04T09:30:00.000000,16.0,2024-12-05T11:30:00.000000,15.7,-2.6568725099601687,1.5,未涨停卖出
SHSE.600228,*ST返利,2024-11-21,6.9,7.42,6.89,6.99,7.15,74777747.0,529022675.35,7.87,6.44,false,false,1.61755691,17.9465,29.3071391523,29.125188194099998,false,false,false,,未涨停,未涨停,4天3板,19.55635,7.136,6.997142857142857,-3.4965034965034962,-0.10208248264597759,707.4600353364484,false,-0.02237762237762242,5.3,炸板,6.902857142857143,0.03623188405797095,709.2430373373845,3.5802980132450353,1,SHSE.600228,2024-11-21,2024-11-21T09:30:00.000000,6.9,2024-11-26T11:30:00.000000,8.22,18.181188290316985,3.5,未涨停卖出
SHSE.600654,中安科,2024-11-21,4.6,4.78,4.33,4.36,4.78,370159568.0,1670755706.49,5.26,4.3,false,false,1303.66198652,16.1129,125.3635596,100.16144183360001,false,false,false,,未涨停,未涨停,8天7板,12.223399999999998,4.774,4.577142857142857,-3.7656903765690504,-4.744069912609237,451.36094023375347,true,-0.08786610878661083,2.23,断板,4.46,-0.012396694214875992,471.7679068481961,7.174887892376688,1,SHSE.600654,2024-11-21,2024-11-21T09:30:00.000000,4.6,2024-11-22T11:30:00.000000,4.12,-11.148449679542702,1.5,止损卖出
SHSE.600787,中储股份,2024-11-21,6.65,7.09,6.35,6.43,6.83,230195588.0,1512574234.69,7.51,6.15,false,false,24.33833794,10.6077,139.849450894,139.53611712260002,false,false,false,,未涨停,未涨停,5天3板,5.4495,6.686,6.458571428571429,-2.6354319180087806,-0.4423800044238122,657.0822003287049,false,-0.05856515373352855,4.92,断板,6.378571428571428,-0.029829545454545414,677.4300649898793,7.07726763717806,1,SHSE.600787,2024-11-21,2024-11-21T09:30:00.000000,6.65,2024-11-25T11:30:00.000000,6.39,-4.675433603930157,2.5,未涨停卖出
SZSE.002356,赫美集团,2024-11-21,3.75,4.01,3.65,4.0,3.87,97831141.0,374004362.47,4.26,3.48,false,false,5.51305055,7.4609,52.45018084,52.45018084,false,false,false,,未涨停,未涨停,2天2板,5.0165500000000005,3.8600000000000003,3.7142857142857144,-3.1007751937984525,7.692307692307689,382.2958197635659,false,0.03359173126614978,2.89,断板,3.6357142857142857,0.010443864229765065,384.31042415578156,6.444007858546173,1,SZSE.002356,2024-11-21,2024-11-21T09:30:00.000000,3.75,2024-11-22T11:30:00.000000,3.82,1.0549800796812696,1.5,未涨停卖出
SHSE.600228,*ST返利,2024-11-27,7.3,7.49,6.89,7.18,7.66,80041971.0,570089476.46,8.43,6.89,false,false,1.61755691,19.2099,30.103756668600003,29.916859976199998,false,false,true,断板,断板,断板,2天2板,11.080950000000001,7.596000000000001,7.432857142857143,-4.69973890339426,-3.401883528733432,712.238178717513,true,-0.06266318537859017,5.46,断板,7.502857142857144,-0.09456264775413714,817.339696564139,2.0944402132520867,1,SHSE.600228,2024-11-27,2024-11-27T09:30:00.000000,7.3,2024-11-28T11:30:00.000000,7.2,-2.1557605195655767,1.5,未涨停卖出
SHSE.600400,红豆股份,2024-11-27,3.12,3.36,3.06,3.31,3.22,168117960.0,543721732.27,3.54,2.9,false,false,10.17309832,7.337,76.0165283012,75.8444083012,false,false,true,断板,断板,断板,7天4板,6.664300000000001,3.2340000000000004,3.185714285714286,-3.105590062111804,3.901345291479815,323.4168034575247,false,0.02795031055900621,2.13,炸板,3.1485714285714286,-0.030120481927710774,340.75241069605204,2.2686025408348516,1,SHSE.600400,2024-11-27,2024-11-27T09:30:00.000000,3.12,2024-11-28T11:30:00.000000,3.17,0.7929819184799288,1.5,未涨停卖出
SHSE.601360,三六零,2024-11-27,13.22,14.4,12.93,14.05,13.72,601414319.0,8208276740.06,15.09,12.35,false,false,2.07965088,8.5922,983.4378819995,983.4378819995,false,false,true,断板,断板,断板,7天3板,10.1522,13.99,13.260000000000002,-3.6443148688046643,5.957767722473598,1364.8289508151868,false,0.02405247813411071,8.03,断板,12.952857142857143,-0.09973753280839892,1425.9417165175926,5.922576375868539,1,SHSE.601360,2024-11-27,2024-11-27T09:30:00.000000,13.22,2024-11-28T11:30:00.000000,13.36,0.25375050478869315,1.5,未涨停卖出
SHSE.603026,石大胜华,2024-11-27,40.0,42.04,39.88,41.73,41.8,12515504.0,510325125.47,45.98,37.62,false,false,1.07841437,6.175,84.57836400000001,84.57836400000001,false,false,true,断板,断板,断板,2天2板,9.0427,42.114,40.441428571428574,-4.3062200956937735,3.186265851849221,4077.543544950327,false,-0.0016746411483253842,30.86,断板,39.44428571428572,-0.09991386735572783,4299.065017917593,5.972257433631503,1,SHSE.603026,2024-11-27,2024-11-27T09:30:00.000000,40.0,2024-11-28T11:30:00.000000,40.28,-0.10239043824701785,1.5,未涨停卖出
SHSE.603333,尚纬股份,2024-11-27,4.45,4.65,4.41,4.55,4.66,49105343.0,221204283.86,5.13,4.19,false,false,1.53833177,7.9008,28.279505163000003,28.279505163000003,false,false,false,,未涨停,未涨停,2天2板,12.84515,4.8180000000000005,4.624285714285714,-4.5064377682403425,-1.6064257028112359,450.46887028159034,false,-0.023605150214592308,3.59,断板,4.54,-0.1003861003861003,475.9725679435611,2.643171806167403,1,SHSE.603333,2024-11-27,2024-11-27T09:30:00.000000,4.45,2024-11-28T11:30:00.000000,4.5,0.31782980437798203,1.5,未涨停卖出
SHSE.603662,柯力传感,2024-11-27,44.53,47.27,44.27,46.84,46.09,23880291.0,1099473771.26,50.7,41.48,false,false,2.51359901,8.5035,131.92927513840002,131.5407101712,false,false,true,断板,断板,断板,5天3板,10.15005,47.298,46.43,-3.384682143632029,0.8830497523153213,4604.105415884589,false,0.016272510305923138,30.76,断板,45.21285714285714,-0.09998047256395226,4745.435071271344,1.9400297007804514,1,SHSE.603662,2024-11-27,2024-11-27T09:30:00.000000,44.53,2024-11-28T11:30:00.000000,48.16,7.290040377452665,1.5,未涨停卖出
SZSE.000546,金圆股份,2024-11-27,6.18,6.3,5.98,6.26,6.36,58523501.0,359014780.09,7.0,5.72,false,false,1.56550403,8.2137,48.7517508212,44.6032759896,false,false,true,断板,断板,断板,3天2板,11.596499999999999,6.34,6.167142857142857,-2.8301886792452926,1.5056752374333975,613.4540380453316,false,-0.01572327044025168,5.09,断板,6.048571428571429,-0.04932735426008972,662.381561221347,5.148795465281057,1,SZSE.000546,2024-11-27,2024-11-27T09:30:00.000000,6.18,2024-11-28T11:30:00.000000,6.32,1.450508645031527,1.5,未涨停卖出
SZSE.001339,智微智能,2024-11-27,38.01,41.98,37.67,40.53,39.01,19046399.0,758832261.43,42.91,35.11,false,false,1.00561805,26.0816,101.7567900027,29.5975123752,false,false,true,断板,断板,断板,3天2板,28.275100000000002,39.602,38.451428571428565,-2.5634452704434763,5.405706642889009,3984.124565646241,false,0.038964368110741,33.3,断板,37.46142857142856,-0.05499031007751942,3957.079438393109,4.133775693093868,1,SZSE.001339,2024-11-27,2024-11-27T09:30:00.000000,38.01,2024-11-28T11:30:00.000000,40.58,5.910690309008657,1.5,未涨停卖出
SZSE.002117,东港股份,2024-11-27,9.12,9.76,8.7,9.24,9.46,64705593.0,588510510.39,10.41,8.51,false,false,6.57240437,12.3589,48.391816242,48.376452432,false,false,true,断板,断板,断板,2天2板,2.254,9.42,9.098571428571429,-3.594080338266402,1.5544041450777206,909.5203105394614,false,-0.023255813953488413,7.06,炸板,8.934285714285716,-0.08863198458574184,1048.9254585462704,5.884234090182273,1,SZSE.002117,2024-11-27,2024-11-27T09:30:00.000000,9.12,2024-11-28T11:30:00.000000,9.03,-1.7757915705598717,1.5,未涨停卖出
SZSE.002167,东方锆业,2024-11-27,9.14,10.49,8.61,10.14,9.57,208038685.0,1970258463.63,10.53,8.61,false,false,7.85922802,27.4196,78.55187262,76.9344070482,false,false,true,断板,断板,断板,4天2板,15.68625,9.506,9.268571428571429,-4.4932079414838,9.401972872996305,947.0635058234482,true,0.059561128526645746,5.9,炸板,9.092857142857143,-0.03625377643504524,1027.924277499346,5.247446975648072,1,SZSE.002167,2024-11-27,2024-11-27T09:30:00.000000,9.14,2024-11-28T11:30:00.000000,10.73,16.46063448612553,1.5,未涨停卖出
SZSE.002426,胜利精密,2024-11-27,2.71,2.92,2.69,2.88,2.8,328633219.0,926182332.98,3.08,2.52,false,false,5.26661252,9.6583,97.9956263808,97.9948768608,false,false,true,断板,断板,断板,2天1板,15.0734,2.7800000000000002,2.717142857142857,-3.214285714285709,5.993690851735014,281.8285795326126,false,0.028571428571428692,1.97,断板,2.674285714285714,-0.05723905723905731,298.36270681951515,4.700854700854708,1,SZSE.002426,2024-11-27,2024-11-27T09:30:00.000000,2.71,2024-11-28T11:30:00.000000,2.86,4.694138574851866,1.5,未涨停卖出
SZSE.002658,雪迪龙,2024-11-27,6.89,7.18,6.72,7.0,7.12,28016511.0,193421684.16,7.83,6.41,false,false,5.57236459,7.8113,44.50326468,25.106567430000002,false,false,true,断板,断板,断板,2天2板,15.7552,7.151999999999999,6.945714285714286,-3.2303370786516914,0.7815713698066638,690.3846241239675,false,-0.016853932584269704,6.1,断板,6.825714285714286,-0.09987357774968397,724.3866340517594,4.311427375470911,1,SZSE.002658,2024-11-27,2024-11-27T09:30:00.000000,6.89,2024-11-28T11:30:00.000000,6.96,0.21105707792921571,1.5,未涨停卖出
SHSE.600776,东方通信,2024-12-02,13.3,13.78,13.25,13.53,13.69,79048171.0,1066389997.92,15.06,12.32,false,false,3.64412071,8.2686,129.3468086592,129.3468086592,false,false,false,,未涨停,未涨停,2天2板,7.88225,13.546000000000001,13.03857142857143,-2.848794740686624,3.76903692341403,1349.0381680304786,false,-0.011687363038714427,10.75,断板,12.897142857142857,0.017087667161961306,1374.488879150743,6.147540983606556,1,SHSE.600776,2024-12-02,2024-12-02T09:30:00.000000,13.3,2024-12-03T11:30:00.000000,13.42,0.09825360213282011,1.5,未涨停卖出
SHSE.603078,江化微,2024-12-02,19.76,20.33,19.05,19.43,20.56,64222346.0,1249048444.81,22.62,18.5,false,false,5.36694904,16.6536,74.9293172864,74.9293172864,false,false,true,断板,断板,断板,2天1板,12.589,20.616,19.934285714285714,-3.8910505836575737,-2.5297405761788743,1944.8813732372842,false,-0.05496108949416334,14.75,断板,19.684285714285714,-0.09982486865148865,2162.0957412104644,4.448798896872046,1,SHSE.603078,2024-12-02,2024-12-02T09:30:00.000000,19.76,2024-12-03T11:30:00.000000,19.71,-1.0478329596593492,1.5,未涨停卖出
SZSE.000421,南京公用,2024-12-02,7.11,7.88,7.09,7.38,7.46,84313543.0,627136574.58,8.21,6.71,false,false,6.52242838,14.6821,42.5133013572,42.3805676292,false,false,true,断板,断板,断板,4天3板,13.241866666666667,7.203999999999999,7.057142857142857,-4.691689008042891,4.574898785425103,743.8147565213812,false,-0.01072386058981234,5.25,断板,6.915714285714286,-0.036175710594315236,755.7856638760646,7.870274736624654,1,SZSE.000421,2024-12-02,2024-12-02T09:30:00.000000,7.11,2024-12-03T11:30:00.000000,7.54,5.2028174222939265,1.5,未涨停卖出
SZSE.000962,东方钽业,2024-12-02,15.3,15.85,15.05,15.3,15.86,56178951.0,860423074.0,17.45,14.27,false,false,2.51693064,11.3344,77.26014408600001,75.834770994,false,false,true,断板,断板,断板,2天2板,13.07205,15.49,15.105714285714285,-3.530895334174015,1.286173633440524,1531.5755433026864,false,-0.03530895334174011,11.8,断板,15.008571428571429,-0.0609828300769687,1652.095983745431,5.672948791166946,1,SZSE.000962,2024-12-02,2024-12-02T09:30:00.000000,15.3,2024-12-03T15:00:00.000000,16.02,3.871572533395821,2.0,未涨停卖出
SZSE.002086,东方海洋,2024-12-02,3.38,3.57,3.38,3.49,3.51,107062152.0,373364677.98,3.86,3.16,false,false,4.12709624,12.0167,68.36723285000001,31.09403285,false,false,false,,未涨停,未涨停,3天2板,10.14975,3.5100000000000002,3.422857142857143,-3.7037037037037006,1.9616026711185317,348.7363844321007,false,-0.005698005698005604,1.95,断板,3.374285714285714,-0.05135135135135149,348.66370675769696,4.022015241320913,1,SZSE.002086,2024-12-02,2024-12-02T09:30:00.000000,3.38,2024-12-03T11:30:00.000000,3.67,7.714703316909867,1.5,未涨停卖出
SZSE.002137,实益达,2024-12-02,7.17,8.23,7.17,8.23,7.48,72539499.0,575606704.79,8.23,6.73,false,false,3.30067154,18.2968,47.5286494842,32.628572078800005,true,false,false,,涨停,4天3板,2天2板,5.9838000000000005,7.438,7.180000000000001,-4.144385026737974,14.62395543175487,793.507968382853,false,0.10026737967914445,5.75,断板,6.964285714285714,-0.04713375796178332,771.6063289417361,7.40512820512821,1,SZSE.002137,2024-12-02,2024-12-02T09:30:00.000000,7.17,2024-12-03T11:30:00.000000,8.08,11.793828868625926,1.5,未涨停卖出
SZSE.002312,川发龙蟒,2024-12-02,18.51,21.08,18.51,21.08,19.16,381899125.0,7603092752.02,21.08,17.24,false,false,18.91426805,21.7825,398.2725808852,369.582678962,true,false,false,,涨停,5天2板,2天1板,25.421199999999995,19.395999999999997,18.615714285714287,-3.3924843423799507,13.23766403192386,1990.8641456091318,false,0.10020876826722325,10.27,断板,18.16142857142857,0.03455723542116629,1907.3890695419711,5.498308817745627,1,SZSE.002312,2024-12-02,2024-12-02T09:30:00.000000,18.51,2024-12-03T11:30:00.000000,21.74,16.514170223482058,1.5,未涨停卖出
SHSE.600467,好当家,2024-11-13,2.54,2.61,2.42,2.46,2.61,112299104.0,280292057.7,2.87,2.35,false,false,7.81307866,7.6865,35.940459878400006,35.940459878400006,false,false,false,,未涨停,未涨停,6天4板,17.28685,2.6439999999999997,2.572857142857143,-2.6819923371647447,-4.386451971127157,249.59420664656417,false,-0.05747126436781602,1.62,断板,2.5371428571428574,-0.029739776951672847,261.5433592510012,2.8716216216216077,1,SHSE.600467,2024-11-13,2024-11-13T09:30:00.000000,2.54,2024-11-14T11:30:00.000000,2.37,-7.43639614769269,1.5,未涨停卖出
SHSE.600520,三佳科技,2024-11-13,43.39,44.19,40.8,41.47,44.8,32116022.0,1350666186.88,49.28,40.32,false,false,1.82936881,20.2714,65.70092100000001,65.70092100000001,false,false,true,断板,断板,断板,2天1板,31.8401,42.546,41.857142857142854,-3.147321428571421,-0.9249146757679136,4205.583701742389,false,-0.07433035714285707,16.42,断板,41.550000000000004,-0.02417773905467213,4678.163908333207,7.82190132370636,1,SHSE.600520,2024-11-13,2024-11-13T09:30:00.000000,43.39,2024-11-14T11:30:00.000000,43.1,-1.4598439613291434,1.5,未涨停卖出
SZSE.000627,*ST天茂,2024-11-13,4.31,4.31,4.03,4.09,4.46,311176656.0,1285579989.25,4.91,4.01,false,false,21.90795504,6.8353,202.07173284849998,186.19742034849997,false,false,true,断板,断板,断板,5天3板,9.162399999999998,4.456,4.277142857142858,-3.363228699551578,-4.37541750167002,413.1351000988969,true,-0.0829596412556054,2.74,断板,4.182857142857143,-0.09898989898989907,448.90301477781986,6.625683060109278,1,SZSE.000627,2024-11-13,2024-11-13T09:30:00.000000,4.31,2024-11-14T11:30:00.000000,4.23,-2.6381712130595902,1.5,未涨停卖出
SZSE.000639,西王食品,2024-11-13,4.2,4.28,3.98,4.03,4.41,107929732.0,439089017.76,4.85,3.97,false,false,8.38937998,9.9988,43.500952228500005,43.5008989116,false,false,false,,未涨停,未涨停,5天5板,12.189333333333332,4.582,4.4314285714285715,-4.761904761904761,-9.058671824629268,406.8286000747227,true,-0.08616780045351469,2.43,断板,4.357142857142857,-0.049568965517241326,438.8020995797598,1.2131147540983729,1,SZSE.000639,2024-11-13,2024-11-13T09:30:00.000000,4.2,2024-11-14T11:30:00.000000,3.94,-6.93796243597041,1.5,未涨停卖出
SZSE.002086,东方海洋,2024-11-13,2.87,3.11,2.86,3.0,2.97,106894624.0,319476638.6,3.27,2.67,false,false,4.12709624,11.9979,58.768395,26.728395,false,false,false,,未涨停,未涨停,3天3板,10.3055,3.114,2.968571428571429,-3.36700336700337,1.0587102983638015,298.8706322592987,false,0.010101010101009944,1.93,断板,2.884285714285714,-0.09999999999999987,300.97918881579017,2.9717682020802583,1,SZSE.002086,2024-11-13,2024-11-13T09:30:00.000000,2.87,2024-11-14T11:30:00.000000,2.92,0.9314657745325226,1.5,未涨停卖出
SZSE.002651,利君股份,2024-11-13,7.38,7.59,7.29,7.5,7.59,35332724.0,261910224.41,8.35,6.83,false,false,3.15451005,6.2485,77.5095,42.409773075000004,false,false,false,,未涨停,未涨停,4天3板,4.4863,7.790000000000001,7.672857142857143,-2.7667984189723316,-2.2528393222863494,741.2681354825628,false,-0.011857707509881354,5.02,断板,7.514285714285714,-0.09857482185273159,766.383647442819,1.0076045627376413,1,SZSE.002651,2024-11-13,2024-11-13T09:30:00.000000,7.38,2024-11-14T11:30:00.000000,7.22,-2.9475593560716487,1.5,未涨停卖出
SHSE.600589,大位科技,2024-12-05,5.01,5.22,4.89,5.12,5.27,91272468.0,458661276.26,5.8,4.74,false,false,4.00012272,6.1734,75.697658368,75.697658368,false,false,false,,未涨停,未涨停,3天3板,6.2632,5.548,5.3185714285714285,-4.933586337760907,-3.733548213806067,502.5187620214236,false,-0.028462998102466663,3.35,断板,5.232857142857142,-0.10068259385665546,556.4768734800548,0.7098007098007142,1,SHSE.600589,2024-12-05,2024-12-05T09:30:00.000000,5.01,2024-12-06T11:30:00.000000,5.01,-0.7968127490039704,1.5,未涨停卖出
SHSE.600716,凤凰股份,2024-12-05,4.05,4.32,3.98,4.24,4.16,64209543.0,268843776.8,4.58,3.74,false,false,3.41774398,6.8595,39.688969016,39.688969016,false,false,true,断板,断板,断板,2天2板,7.06945,4.208,4.072857142857143,-2.6442307692307767,4.1038232199228375,418.6975397099462,false,0.019230769230769162,3.16,断板,3.962857142857143,-0.09956709956709953,426.98993399219,4.974765681326602,1,SHSE.600716,2024-12-05,2024-12-05T09:30:00.000000,4.05,2024-12-06T11:30:00.000000,4.12,0.917810240519418,1.5,未涨停卖出
SHSE.601086,国芳集团,2024-12-05,5.42,5.55,5.35,5.51,5.58,45907536.0,249779280.68,6.14,5.02,false,false,1.36648846,6.893,36.696600000000004,36.696600000000004,false,false,false,,未涨停,未涨停,2天2板,7.537750000000001,5.6259999999999994,5.394285714285714,-2.8673835125448055,2.145127118644067,544.0921087117374,false,-0.012544802867383575,4.3,断板,5.278571428571429,-0.03125,565.5408206353156,5.710419485791595,1,SHSE.601086,2024-12-05,2024-12-05T09:30:00.000000,5.42,2024-12-06T11:30:00.000000,5.43,-0.6137810382087957,1.5,未涨停卖出
SZSE.000892,欢瑞世纪,2024-12-05,3.84,4.15,3.84,3.99,3.99,85824245.0,341660229.24,4.39,3.59,false,false,2.48603921,12.0737,39.1411208727,28.362374514600003,false,false,true,断板,断板,断板,2天2板,16.13335,4.0200000000000005,3.9614285714285713,-3.7593984962406104,0.7212405337180037,398.0929039806875,false,0.0,2.95,断板,3.9257142857142857,-0.09932279909706532,407.34164080238855,1.637554585152844,1,SZSE.000892,2024-12-05,2024-12-05T09:30:00.000000,3.84,2024-12-06T11:30:00.000000,4.08,5.403386454183289,1.5,未涨停卖出
SZSE.002596,海南瑞泽,2024-12-05,3.21,3.42,3.14,3.36,3.34,128879896.0,429136102.48,3.67,3.01,false,false,4.96760032,12.603,38.5587054048,34.359805804800004,false,false,true,断板,断板,断板,2天2板,3.95385,3.272,3.1971428571428566,-3.892215568862272,5.093833780160871,332.9736567136895,false,0.0059880239520957446,2.16,断板,3.141428571428571,-0.053824362606232246,340.9492568541388,6.321055025011378,1,SZSE.002596,2024-12-05,2024-12-05T09:30:00.000000,3.21,2024-12-06T11:30:00.000000,3.33,2.911717615519212,1.5,未涨停卖出
SZSE.002769,普路通,2024-12-05,8.06,8.3,7.89,8.02,8.35,36748739.0,295806709.4,9.19,7.52,false,false,5.13681417,11.0556,29.9401079308,26.658339650000002,false,false,true,断板,断板,断板,2天2板,14.85225,8.132,7.908571428571428,-3.4730538922155585,1.4089595375722515,804.9438360320336,false,-0.03952095808383238,5.91,断板,7.848571428571428,-0.0596846846846848,879.5108335092899,6.388787768474705,1,SZSE.002769,2024-12-05,2024-12-05T09:30:00.000000,8.06,2024-12-06T11:30:00.000000,7.93,-2.3968641562781254,1.5,未涨停卖出
SHSE.603466,风语筑,2024-12-12,11.35,12.21,11.2,11.24,11.65,81676823.0,944032235.33,12.82,10.49,false,false,4.48065511,13.7323,66.8530464132,66.8530464132,false,false,false,,未涨停,未涨停,3天3板,1.7047999999999999,11.746,11.108571428571429,-2.575107296137345,1.1831275720164631,1155.8140983642324,false,-0.03519313304721028,8.06,断板,10.857142857142858,-0.08984375,1174.3471672459941,7.302631578947366,1,SHSE.603466,2024-12-12,2024-12-12T09:30:00.000000,11.35,2024-12-13T11:30:00.000000,11.83,3.3985643329764774,1.5,未涨停卖出
SZSE.002131,利欧股份,2024-12-10,4.9,5.1,4.61,4.61,5.12,2374100753.0,11307622908.9,5.63,4.61,false,false,44.75234055,40.5743,312.1672881168,269.7429012312,false,false,false,,未涨停,未涨停,15天10板,33.758633333333336,5.134,4.878571428571428,-4.296874999999996,-5.505124450951668,476.2907763965483,true,-0.099609375,1.83,断板,4.744285714285715,-0.10017574692442888,534.4342984165404,7.919301415236369,1,SZSE.002131,2024-12-10,2024-12-10T09:30:00.000000,4.9,2024-12-11T11:30:00.000000,4.26,-13.753963736889203,1.5,止损卖出
SZSE.002717,ST岭南,2024-12-10,3.9,4.36,3.9,4.07,4.09,552871296.0,2254882423.82,4.5,3.68,false,false,13.48614029,34.5381,74.0835058106,65.150813156,false,false,false,,未涨停,未涨停,7天5板,36.805933333333336,4.35,4.175714285714285,-4.645476772616136,-2.5316455696202356,407.84942899621984,false,-0.004889975550122161,2.75,断板,4.057142857142857,-0.09911894273127753,410.28305733270196,0.8098591549295789,1,SZSE.002717,2024-12-10,2024-12-10T09:30:00.000000,3.9,2024-12-11T11:30:00.000000,4.16,5.816733067729097,1.5,未涨停卖出
SHSE.600340,华夏幸福,2024-12-11,3.5,3.85,3.46,3.7,3.65,388434810.0,1427465858.41,4.02,3.29,false,false,18.78435188,9.9769,144.807652654,144.054137294,false,false,false,,未涨停,未涨停,8天4板,21.310200000000002,3.75,3.6814285714285715,-4.109589041095888,0.5044625533566193,367.49174421571536,false,0.013698630136986356,1.9,断板,3.605714285714286,0.0,377.61290444807304,1.2282091917591058,1,SHSE.600340,2024-12-11,2024-12-11T09:30:00.000000,3.5,2024-12-12T11:30:00.000000,3.59,1.7541263517359116,1.5,未涨停卖出
SHSE.600571,信雅达,2024-12-11,14.99,15.4,14.96,15.19,15.48,57621865.0,871701076.3,17.03,13.93,false,false,8.43574681,12.588,70.8337511371,69.5324836857,false,false,false,,未涨停,未涨停,2天2板,10.27735,15.5,14.997142857142858,-3.165374677002585,1.285959230329576,1512.7956658466364,false,-0.018733850129199037,11.9,断板,14.827142857142858,0.001293661060802087,1584.2452126294952,4.403121688023889,1,SHSE.600571,2024-12-11,2024-12-11T09:30:00.000000,14.99,2024-12-12T11:30:00.000000,15.19,0.5267788087144407,1.5,未涨停卖出
SHSE.603667,五洲新春,2024-12-11,26.36,30.25,25.1,29.3,27.5,138774336.0,3901532402.34,30.25,24.75,false,false,1.44717643,37.8955,107.3377665,107.29741161,false,true,false,,炸板,9天6板,6天6板,13.387499999999998,28.344,26.884285714285713,-4.145454545454547,8.985599659918174,2811.422136683832,false,0.06545454545454543,16.37,断板,25.572857142857146,-0.04181184668989546,2864.0247774882755,7.535891849617328,1,SHSE.603667,2024-12-11,2024-12-11T09:30:00.000000,26.36,2024-12-13T11:30:00.000000,32.0,20.42875538815905,2.5,未涨停卖出
SHSE.603859,能科科技,2024-12-11,35.77,37.73,34.25,37.0,36.94,32777748.0,1171830268.5,40.63,33.25,false,false,1.50885968,13.3952,90.53814937,90.53814937,false,false,true,断板,断板,断板,3天3板,15.2911,37.242,35.47714285714286,-3.1672983216025843,4.292502214705641,3575.0786432917844,false,0.0016242555495398214,19.38,断板,34.504285714285714,-0.09990253411306049,3879.6913595954857,7.059164493023634,1,SHSE.603859,2024-12-11,2024-12-11T09:30:00.000000,35.77,2024-12-12T11:30:00.000000,36.77,1.9765500480604838,1.5,未涨停卖出
SZSE.002501,利源股份,2024-12-11,2.16,2.45,2.11,2.45,2.23,651331693.0,1540181850.2,2.45,2.01,false,false,7.53633796,18.3934,86.97500000000001,86.75741564700002,true,false,false,,涨停,8天4板,5天3板,14.24345,2.272,2.17,-3.1390134529147913,12.903225806451623,236.46659094784752,false,0.09865470852017943,1.33,断板,2.0885714285714285,-0.04291845493562241,231.14968812317147,6.771545827633381,1,SZSE.002501,2024-12-11,2024-12-11T09:30:00.000000,2.16,2024-12-12T11:30:00.000000,2.32,6.551571491810518,1.5,未涨停卖出
SZSE.002765,蓝黛科技,2024-12-11,10.59,10.81,10.21,10.78,10.98,112675371.0,1182286032.86,12.08,9.88,false,false,2.07313438,18.9093,70.299408102,64.234935842,false,false,true,断板,断板,断板,3天2板,33.30525,10.725999999999999,10.502857142857142,-3.551912568306016,2.638737758433084,1049.285236309539,false,-0.01821493624772319,6.22,断板,10.299999999999999,-0.0009099181073702889,1137.9438872117728,6.60194174757283,1,SZSE.002765,2024-12-11,2024-12-11T09:30:00.000000,10.59,2024-12-12T11:30:00.000000,10.65,-0.23475503086803148,1.5,未涨停卖出
SHSE.603390,通达电气,2024-12-23,10.97,11.23,10.36,10.44,11.38,28095040.0,299789645.2,12.52,10.24,false,false,1.02918841,8.0328,36.7145551296,36.514449666,false,false,false,,未涨停,未涨停,4天2板,8.801800000000004,10.848,10.862857142857141,-3.602811950790862,-3.89268805891635,1067.0554133398637,false,-0.08260105448154664,8.95,断板,10.787142857142856,0.015165031222123204,1169.244377327968,5.4959607998940765,1,SHSE.603390,2024-12-23,2024-12-23T09:30:00.000000,10.97,2024-12-24T11:30:00.000000,10.7,-3.2384591079619702,1.5,未涨停卖出
SHSE.603610,麒盛科技,2024-12-23,11.77,12.28,11.22,11.35,12.08,30653332.0,356882671.04,13.29,10.87,false,false,2.7741241,8.5507,40.6885299885,40.6885299885,false,false,true,断板,断板,断板,2天2板,4.4264,11.728,11.491428571428571,-2.566225165562918,-1.2307309796121335,1164.254088397307,false,-0.060430463576159,9.39,断板,11.445714285714287,-0.061383061383061266,1280.1882969266792,5.541687468796797,1,SHSE.603610,2024-12-23,2024-12-23T09:30:00.000000,11.77,2024-12-24T11:30:00.000000,11.21,-5.516760485669874,1.5,未涨停卖出
SZSE.002369,卓翼科技,2024-12-23,8.3,9.59,8.3,9.59,8.72,197109053.0,1844110474.31,9.59,7.85,false,false,4.29355886,34.8464,54.371107252,54.2458930195,true,false,false,,涨停,9天5板,6天4板,22.97745,8.91,8.63,-4.816513761467888,11.12398609501737,935.5787804987324,false,0.09977064220183474,6.06,断板,8.464285714285714,0.004608294930875667,896.3951722776442,3.021097046413519,1,SZSE.002369,2024-12-23,2024-12-23T09:30:00.000000,8.3,2024-12-24T11:30:00.000000,9.25,10.557768924302787,1.5,未涨停卖出
SHSE.600556,天下秀,2024-12-18,7.25,7.48,6.82,6.82,7.58,258576822.0,1830404473.41,8.34,6.82,false,false,3.65970966,14.3038,123.2883891844,123.2883891844,false,false,true,断板,断板,断板,2天2板,11.6922,7.382000000000001,7.122857142857143,-4.353562005277046,-4.25190533493782,707.8764675242238,true,-0.10026385224274403,4.57,断板,7.018571428571429,-0.07897934386391259,766.8979425343759,7.99918583350295,1,SHSE.600556,2024-12-18,2024-12-18T09:30:00.000000,7.25,2024-12-19T11:30:00.000000,6.42,-12.153867289462847,1.5,止损卖出
SZSE.000501,武商集团,2024-12-18,10.3,10.54,9.94,10.36,10.63,70906313.0,717738316.45,11.69,9.57,false,false,5.54282492,9.2291,79.6676469316,79.5952471076,false,false,true,断板,断板,断板,3天2板,9.800250000000002,10.803999999999998,10.375714285714285,-3.10442144873001,-0.15145256780943947,1012.2347166041478,false,-0.02539981185324569,8.2,断板,10.177142857142856,-0.09991532599491948,1084.7442073011055,4.44974733295903,1,SZSE.000501,2024-12-18,2024-12-18T09:30:00.000000,10.3,2024-12-19T11:30:00.000000,9.77,-5.90144277259895,1.5,未涨停卖出
SZSE.000592,平潭发展,2024-12-18,3.18,3.25,3.07,3.09,3.28,236587834.0,736993624.65,3.61,2.95,false,false,4.90411451,12.3539,59.6920295628,59.1763566741,false,false,true,断板,断板,断板,4天2板,11.402899999999999,3.2199999999999998,3.142857142857143,-3.0487804878048674,-1.6818181818181843,311.5095193990406,false,-0.05792682926829262,2.33,断板,3.1057142857142854,-0.04651162790697683,337.3527244573792,5.6117755289788445,1,SZSE.000592,2024-12-18,2024-12-18T09:30:00.000000,3.18,2024-12-19T11:30:00.000000,2.96,-7.6599263324062274,1.5,未涨停卖出
SZSE.000980,众泰汽车,2024-12-18,3.08,3.22,3.06,3.11,3.19,463422604.0,1446454250.85,3.51,2.87,false,false,1.53907603,9.4739,156.82323468290002,152.12756700399999,false,false,true,断板,断板,断板,4天2板,11.770800000000001,3.1119999999999997,3.09,-3.448275862068962,0.647249190938512,312.12423355378667,false,-0.025078369905956133,2.37,断板,3.07,-0.01846153846153853,334.580264183302,3.9087947882736196,1,SZSE.000980,2024-12-18,2024-12-18T09:30:00.000000,3.08,2024-12-19T11:30:00.000000,2.96,-4.661871992549281,1.5,未涨停卖出
SZSE.002400,省广集团,2024-12-18,10.5,11.2,10.21,10.61,10.85,464224691.0,4925765148.21,11.94,9.77,false,false,18.80699696,26.8934,184.96806928080002,183.1460659698,false,false,false,,未涨停,未涨停,4天3板,33.125800000000005,11.282,10.815714285714284,-3.2258064516129004,-1.9019944525161703,1061.0734938719577,false,-0.022119815668202758,6.42,断板,10.54142857142857,-0.06465517241379315,1119.945627528696,2.9272259113701145,1,SZSE.002400,2024-12-18,2024-12-18T09:30:00.000000,10.5,2024-12-19T11:30:00.000000,9.83,-7.1269208878770645,1.5,未涨停卖出
SHSE.603682,锦和商管,2024-12-24,5.56,6.19,5.56,5.78,5.81,50141712.0,292004026.32,6.39,5.23,false,false,1.21027058,10.612,27.3105,27.3105,false,false,false,,未涨停,未涨停,5天3板,6.6959,5.598000000000001,5.695714285714287,-4.302925989672978,1.4798093804865697,582.3575116860789,false,-0.005163511187607495,4.36,断板,5.6814285714285715,0.04873646209386284,564.0061088603419,2.26301232084485,1,SHSE.603682,2024-12-24,2024-12-24T09:30:00.000000,5.56,2024-12-25T11:30:00.000000,5.55,-0.9752357476568351,1.5,未涨停卖出
SZSE.002031,巨轮智能,2024-12-16,7.13,7.29,6.75,6.75,7.5,578020404.0,3977548793.67,8.25,6.75,false,false,11.00823306,29.1598,148.459207725,133.8017408775,false,false,true,断板,断板,断板,10天7板,38.68344999999999,7.476000000000001,7.321428571428571,-4.9333333333333345,-7.804878048780485,688.1329389316852,true,-0.09999999999999998,3.42,断板,7.337142857142857,-0.09963985594237701,789.6082826247836,2.2196261682242984,1,SZSE.002031,2024-12-16,2024-12-16T09:30:00.000000,7.13,2024-12-17T11:30:00.000000,6.09,-15.266842866961323,1.5,止损卖出
SZSE.002530,金财互联,2024-12-16,12.18,12.38,11.43,11.43,12.7,178796107.0,2078553844.27,13.97,11.43,false,false,3.34618648,25.7215,89.0623514025,79.45259707620001,false,false,true,断板,断板,断板,6天5板,13.918733333333336,12.494,12.212857142857143,-4.094488188976375,-6.41010644519827,1162.52746166895,true,-0.09999999999999998,7.4,断板,12.002857142857142,-0.032749428789032864,1276.5796546180854,5.808140918828854,1,SZSE.002530,2024-12-16,2024-12-16T09:30:00.000000,12.18,2024-12-17T11:30:00.000000,10.61,-13.584087296135655,1.5,止损卖出
SZSE.000564,供销大集,2024-12-09,3.64,3.65,3.43,3.47,3.75,1055990260.0,3753392529.52,4.13,3.38,false,false,5.81150151,7.3967,626.6147983838,495.3942167065,false,false,true,断板,断板,断板,6天4板,11.341849999999999,3.6,3.57,-2.93333333333333,-2.8011204481792618,355.43817700742807,false,-0.07466666666666666,1.87,断板,3.5071428571428567,-0.0026595744680850686,375.660005231725,6.924643584521399,1,SZSE.000564,2024-12-09,2024-12-09T09:30:00.000000,3.64,2024-12-10T11:30:00.000000,3.7,0.8384046232651855,1.5,未涨停卖出
SZSE.002482,广田集团,2024-12-09,2.57,2.63,2.48,2.48,2.67,197061390.0,499925336.0,2.94,2.4,false,false,8.47705042,5.2652,93.0238666024,92.84400306479999,false,false,false,,未涨停,未涨停,5天5板,4.831066666666667,2.758,2.6514285714285712,-3.745318352059929,-6.465517241379305,253.69015005932923,false,-0.07116104868913853,1.72,断板,2.5914285714285716,-0.06643356643356646,270.92919339172664,3.031973539140011,1,SZSE.002482,2024-12-09,2024-12-09T09:30:00.000000,2.57,2024-12-10T11:30:00.000000,2.57,-0.7968127490039828,1.5,未涨停卖出
SZSE.002689,ST远智,2024-12-09,4.25,4.5,4.22,4.34,4.45,111346299.0,485876710.02,4.9,4.01,false,false,3.75324332,10.6765,45.279685465,45.2623601416,false,false,false,,未涨停,未涨停,2天2板,8.6404,4.54,4.335714285714286,-4.494382022471914,0.09884678747939016,436.365388327815,false,-0.024719101123595544,3.03,断板,4.222857142857143,-0.08057851239669411,455.78498055105774,5.378890392422185,1,SZSE.002689,2024-12-09,2024-12-09T09:30:00.000000,4.25,2024-12-10T15:00:00.000000,4.59,7.139442231075684,2.0,未涨停卖出
SHSE.605001,威奥股份,2024-12-27,7.78,7.97,7.45,7.5,8.04,50002255.0,382824871.32,8.84,7.24,false,false,1.37128857,12.7269,29.466450000000002,29.466450000000002,false,false,false,,未涨停,未涨停,2天2板,4.7167,8.038,7.785714285714286,-3.233830845771131,-3.6697247706422,765.6152133938759,false,-0.06716417910447747,5.87,断板,7.7542857142857144,-0.007407407407407418,788.0605091230761,3.6845983787767005,1,SHSE.605001,2024-12-27,2024-12-27T09:30:00.000000,7.78,2024-12-30T11:30:00.000000,7.07,-9.850059914583305,1.5,止损卖出
SZSE.002616,长青集团,2024-12-27,5.36,5.58,5.33,5.45,5.55,39023769.0,213102465.15,6.11,5.0,false,false,4.73549984,8.2989,40.4369620815,25.6273446315,false,false,false,,未涨停,未涨停,3天2板,11.45365,5.587999999999999,5.434285714285714,-3.4234234234234147,0.2891692954784493,546.083760259036,false,-0.018018018018017945,4.4,断板,5.335714285714286,0.022099447513812098,550.7901875254521,4.0160642570280976,1,SZSE.002616,2024-12-27,2024-12-27T09:30:00.000000,5.36,2024-12-30T11:30:00.000000,5.12,-5.238746506511272,1.5,未涨停卖出
SHSE.601011,宝泰隆,2025-01-03,2.66,3.0,2.55,3.0,2.73,253652980.0,734507564.1,3.0,2.46,false,false,2.63761089,13.241,57.469936170000004,57.469936170000004,true,false,false,,涨停,4天3板,2天2板,8.047,2.794,2.687142857142857,-2.564102564102558,11.642743221690603,289.5718252945422,false,0.098901098901099,2.38,断板,2.6214285714285714,-0.09302325581395343,283.07513980560935,4.141689373297002,1,SHSE.601011,2025-01-03,2025-01-03T09:30:00.000000,2.66,2025-01-06T11:30:00.000000,3.08,14.866848395890106,1.5,未涨停卖出
SHSE.600186,莲花控股,2025-01-06,5.41,5.8,5.08,5.08,5.64,303686986.0,1623992144.9,6.2,5.08,false,false,4.36111326,16.997,91.1642647628,90.7648904028,false,false,true,断板,断板,断板,3天2板,21.533250000000002,5.574,5.364285714285714,-4.078014184397155,-5.2996005326231606,534.7585572534215,true,-0.09929078014184389,4.63,断板,5.315714285714286,-0.1004784688995215,606.77651234355,6.100510615425953,1,SHSE.600186,2025-01-06,2025-01-06T09:30:00.000000,5.41,2025-01-07T11:30:00.000000,4.89,-10.332054407140404,1.5,止损卖出
SZSE.002364,中恒电气,2025-01-06,11.0,12.69,10.51,12.69,11.54,138528196.0,1681717948.06,12.69,10.39,false,false,6.68020566,24.8212,71.516393424,70.8234528015,true,false,false,,涨停,10天5板,8天4板,28.322450000000003,11.677999999999999,11.47285714285714,-4.6793760831889015,10.608890549122169,1213.9896401018605,false,0.09965337954939346,6.93,断板,11.117142857142856,-0.02780117944397642,1109.3853536528516,3.803649447442823,1,SZSE.002364,2025-01-06,2025-01-06T09:30:00.000000,11.0,2025-01-08T11:30:00.000000,14.42,30.046360014487504,2.5,未涨停卖出
SHSE.603042,华脉科技,2024-12-30,15.07,16.54,14.73,16.0,15.52,44578484.0,696925490.4,17.07,13.97,false,false,1.01549795,27.7592,25.6943744,25.6943744,false,false,true,断板,断板,断板,6天3板,11.7608,15.437999999999999,15.097142857142856,-2.8994845360824697,5.980317940953831,1563.3674092640745,false,0.030927835051546504,11.81,炸板,14.894285714285713,-0.02267002518891692,1664.319168197786,4.201035871858819,1,SHSE.603042,2024-12-30,2024-12-30T09:30:00.000000,15.07,2024-12-31T11:30:00.000000,15.15,-0.2701866720245733,1.5,未涨停卖出
SHSE.603980,吉华集团,2024-12-30,4.9,5.12,4.8,4.86,5.13,80220399.0,394912257.12,5.64,4.62,false,false,1.71465074,11.8523,32.894101296,32.894101296,false,false,true,断板,断板,断板,3天3板,8.618166666666667,5.056,4.857142857142857,-4.483430799220264,0.05882352941177913,492.2840848996525,false,-0.05263157894736836,4.15,断板,4.797142857142857,-0.08228980322003576,517.3443868594211,6.9386539606908855,1,SHSE.603980,2024-12-30,2024-12-30T09:30:00.000000,4.9,2024-12-31T11:30:00.000000,4.47,-9.502398568989355,1.5,未涨停卖出
SHSE.603861,白云电器,2024-12-20,10.67,10.88,10.23,10.31,11.02,56166848.0,586506570.24,12.12,9.92,false,false,1.06352575,11.7762,50.4048246887,49.17365841,false,false,true,断板,断板,断板,2天2板,14.2695,10.748,10.525714285714285,-3.1760435571687813,-2.049402823018446,1044.2219763516016,false,-0.06442831215970957,8.99,断板,10.462857142857143,-0.07004219409282697,1103.6198710552026,5.324959038776623,1,SHSE.603861,2024-12-20,2024-12-20T09:30:00.000000,10.67,2024-12-23T11:30:00.000000,9.82,-8.699597112953995,1.5,未涨停卖出
SHSE.605228,神通科技,2024-12-20,11.3,11.8,11.23,11.54,11.74,17155076.0,197657432.96,12.91,10.57,false,false,1.02460156,4.0556,49.1617564116,48.8152102116,false,false,true,断板,断板,断板,4天2板,4.563,11.405999999999999,11.471428571428572,-3.7478705281090248,0.5977584059775758,1152.1804564433291,false,-0.017035775127768438,8.45,断板,11.445714285714287,0.005998286203941827,1153.3374232244341,2.571143285072385,1,SHSE.605228,2024-12-20,2024-12-20T09:30:00.000000,11.3,2024-12-23T11:30:00.000000,11.22,-1.4991361985685605,1.5,未涨停卖出
SZSE.000859,国风新材,2024-12-20,6.65,6.89,6.26,6.35,6.95,152261943.0,992446759.83,7.65,6.26,false,false,2.71669338,16.9963,56.8944932085,56.886730333500005,false,false,true,断板,断板,断板,3天3板,0.4909333333333333,6.884,6.554285714285714,-4.316546762589925,-3.116826503923283,651.8022430792178,true,-0.08633093525179869,5.09,断板,6.461428571428572,-0.09974093264248696,767.101334647451,7.561353084236123,1,SZSE.000859,2024-12-20,2024-12-20T09:30:00.000000,6.65,2024-12-23T11:30:00.000000,5.85,-12.731030764161403,1.5,止损卖出
SZSE.002576,通达动力,2024-12-20,16.23,16.57,16.03,16.09,16.8,22381279.0,364284413.96,18.48,15.12,false,false,1.38413402,13.8133,26.56459,26.0702361739,false,false,true,断板,断板,断板,4天2板,11.512799999999999,16.246000000000002,16.05,-3.3928571428571446,0.24922118380061772,1627.6300114930875,false,-0.042261904761904834,13.03,断板,15.86857142857143,0.0005955926146516966,1676.4425305426275,5.869643500180045,1,SZSE.002576,2024-12-20,2024-12-20T09:30:00.000000,16.23,2024-12-23T11:30:00.000000,15.58,-4.769830106560824,1.5,未涨停卖出
SZSE.002583,海能达,2024-12-20,17.7,18.27,17.11,17.19,18.23,301322129.0,5286340528.55,20.05,16.41,false,false,5.6327134,23.4937,312.5940270939,220.47310382310002,false,false,true,断板,断板,断板,3天2板,22.620400000000004,17.674,17.357142857142858,-2.907295666483824,-0.9629629629629586,1754.3817794245042,false,-0.05704882062534278,15.98,断板,17.327142857142857,-0.007621121393576513,1902.8551928555023,5.2106521559897825,1,SZSE.002583,2024-12-20,2024-12-20T09:30:00.000000,17.7,2024-12-23T11:30:00.000000,16.34,-8.419204537781086,1.5,未涨停卖出
SHSE.603533,掌阅科技,2024-12-17,26.53,26.73,24.75,24.75,27.5,54545455.0,1379586986.16,30.25,24.75,false,false,1.02558746,12.4279,108.6269666625,108.6269666625,false,false,true,断板,断板,断板,3天2板,14.53085,26.841999999999995,25.755714285714284,-3.5272727272727233,-3.904820012202555,2529.242786882977,true,-0.09999999999999998,18.15,断板,25.47714285714286,-0.0693739424703892,2884.9617774308695,7.9398900975664395,1,SHSE.603533,2024-12-17,2024-12-17T09:30:00.000000,26.53,2024-12-18T11:30:00.000000,24.25,-9.322378784898099,1.5,未涨停卖出
SZSE.001330,博纳影业,2024-12-17,7.85,7.96,7.37,7.37,8.19,39059527.0,293318047.33,9.01,7.37,false,false,1.0,3.7017,101.3020491208,77.7666248645,false,false,true,断板,断板,断板,4天2板,5.5329,7.9239999999999995,7.781428571428571,-4.15140415140415,-5.287314117863039,750.9513551713004,true,-0.1001221001221001,5.7,断板,7.711428571428572,-0.035335689045936425,820.0129689593009,6.206002223045562,1,SZSE.001330,2024-12-17,2024-12-17T09:30:00.000000,7.85,2024-12-18T11:30:00.000000,7.6,-3.956149922602582,1.5,未涨停卖出
SZSE.002354,天娱数科,2024-12-17,7.43,8.56,7.15,8.56,7.78,738362901.0,5886348947.37,8.56,7.0,false,false,2.87370071,45.6238,141.632546192,138.5325560592,true,false,false,,涨停,12天7板,10天6板,31.2804,8.058,7.795714285714285,-4.498714652956306,9.803921568627462,797.2162387083422,false,0.10025706940874035,3.56,炸板,7.4557142857142855,-0.08470588235294119,879.324717797061,4.349492239892705,1,SZSE.002354,2024-12-17,2024-12-17T09:30:00.000000,7.43,2024-12-18T11:30:00.000000,9.03,20.565919364265653,1.5,未涨停卖出
SZSE.002277,友阿股份,2024-12-25,6.45,7.24,6.04,6.81,6.71,353871365.0,2289323605.82,7.38,6.04,false,false,6.37773812,25.3822,94.94316768,94.94316768,false,false,false,,未涨停,未涨停,8天8板,1.4385666666666668,6.946000000000001,6.584285714285714,-3.8748137108792817,3.4280755044478237,646.9366646323588,true,0.014903129657227954,2.81,断板,6.314285714285714,-0.09932885906040267,691.582224721345,6.266968325791858,1,SZSE.002277,2024-12-25,2024-12-25T09:30:00.000000,6.45,2024-12-26T11:30:00.000000,6.71,3.2020754192532204,1.5,未涨停卖出
SZSE.002369,卓翼科技,2024-12-25,8.84,8.98,8.16,8.16,9.07,129116500.0,1073087151.46,9.98,8.16,false,false,4.29355886,22.8262,46.263632448,46.157089368,false,false,true,断板,断板,断板,9天5板,33.6054,8.844,8.825714285714286,-2.535832414553478,-7.54289414049854,831.0999380094721,true,-0.10033076074972436,6.06,断板,8.745714285714286,-0.054223149113659996,928.4318277255337,3.7079385821626976,1,SZSE.002369,2024-12-25,2024-12-25T09:30:00.000000,8.84,2024-12-26T09:30:00.000000,7.34,-17.629932757657148,1.0,大幅低开卖出
SHSE.600693,东百集团,2024-12-19,4.95,5.17,4.64,4.7,5.16,80287440.0,391518341.4,5.68,4.64,false,false,9.93911793,9.2396,40.882773562,40.840780754,false,false,false,,未涨停,未涨停,5天3板,15.518,5.038,4.987142857142857,-4.069767441860464,-5.757662560870798,487.64581533549955,true,-0.08914728682170536,3.41,炸板,4.927142857142857,0.050916496945010215,465.41407966769316,4.726007538416938,1,SHSE.600693,2024-12-19,2024-12-19T09:30:00.000000,4.95,2024-12-20T11:30:00.000000,4.45,-10.817336713751068,1.5,止损卖出
SZSE.000530,冰山冷热,2024-12-19,6.53,7.44,6.39,7.44,6.76,202954233.0,1438651658.85,7.44,6.08,false,false,7.16756117,33.8247,44.7674105208,44.6413647192,true,false,false,,涨停,6天4板,3天3板,4.038766666666667,7.146000000000001,6.79,-3.4023668639053186,9.57290132547865,708.855212125583,false,0.10059171597633143,5.0,断板,6.522857142857143,-0.0675862068965517,691.3511852103256,3.635567236092853,1,SZSE.000530,2024-12-19,2024-12-19T09:30:00.000000,6.53,2024-12-20T11:30:00.000000,7.02,6.647224272893117,1.5,未涨停卖出
SZSE.002639,雪人集团,2024-12-19,8.1,9.1,7.86,8.64,8.5,177639439.0,1511614182.16,9.35,7.65,false,false,3.08768008,27.3047,66.75282817920001,56.2102680384,false,false,false,,未涨停,未涨停,3天3板,16.679433333333332,8.798,8.438571428571429,-4.70588235294118,2.3869984763839573,850.9451452163165,false,0.016470588235294237,6.39,断板,8.224285714285715,-0.011627906976744096,853.5721606690825,3.3524405072086054,1,SZSE.002639,2024-12-19,2024-12-19T09:30:00.000000,8.1,2024-12-20T11:30:00.000000,8.4,2.8773793714032925,1.5,未涨停卖出
SHSE.603333,尚纬股份,2024-12-26,5.28,6.01,5.22,5.62,5.47,88281834.0,496399486.75,6.02,4.92,false,false,1.53833177,14.204,34.9298503332,34.9298503332,false,false,true,断板,断板,断板,4天2板,3.8911999999999995,5.3740000000000006,5.327142857142857,-3.473491773308949,5.497452400107265,562.2895042597326,false,0.02742230347349195,3.92,断板,5.247142857142856,0.0,546.2086404524852,4.247209365641175,1,SHSE.603333,2024-12-26,2024-12-26T09:30:00.000000,5.28,2024-12-27T11:30:00.000000,5.72,7.470119521912334,1.5,未涨停卖出
SZSE.002210,飞马国际,2024-12-26,2.76,2.96,2.75,2.86,2.88,279197262.0,798785141.1,3.17,2.59,false,false,10.35200224,10.4913,76.1112573364,76.11098277640001,false,false,true,断板,断板,断板,3天2板,8.12975,2.79,2.7257142857142855,-4.1666666666666705,4.926624737945495,286.10063557858246,false,-0.00694444444444442,2.11,断板,2.6928571428571426,0.010526315789473717,289.7502166313572,6.9496021220159205,1,SZSE.002210,2024-12-26,2024-12-26T09:30:00.000000,2.76,2024-12-27T11:30:00.000000,2.82,1.359778278191582,1.5,未涨停卖出
SZSE.002272,川润股份,2024-12-26,10.78,11.99,10.36,11.44,11.15,110185961.0,1248994252.59,12.27,10.04,false,false,3.49296888,29.0289,55.46996312,43.4231910112,false,false,true,断板,断板,断板,4天2板,30.64065,11.096,10.844285714285714,-3.318385650224224,5.493347385061252,1133.5330211350608,false,0.026008968609865457,9.5,断板,10.590000000000002,-0.05588484335309063,1123.8449073028714,5.2880075542964935,1,SZSE.002272,2024-12-26,2024-12-26T09:30:00.000000,10.78,2024-12-27T15:00:00.000000,12.16,11.902667622644886,2.0,未涨停卖出
SZSE.002945,华林证券,2024-12-26,16.59,16.91,16.09,16.41,17.15,82263288.0,1358083852.15,18.87,15.44,false,false,1.02129466,3.0468,443.07,443.07,false,false,true,断板,断板,断板,2天1板,4.7487,17.268,17.021428571428572,-3.265306122448972,-3.5921107847251403,1650.899064659317,false,-0.04314868804664718,14.01,断板,16.95,-0.09973753280839903,1765.323637863707,1.1799410029498483,1,SZSE.002945,2024-12-26,2024-12-26T09:30:00.000000,16.59,2024-12-27T11:30:00.000000,16.82,0.5785177553799349,1.5,未涨停卖出
SHSE.605066,天正电气,2024-12-31,6.36,6.45,6.01,6.02,6.68,79925951.0,492029547.09,7.35,6.01,false,false,1.39487379,15.9078,30.5414767,30.246474125,false,false,false,,未涨停,未涨停,2天2板,4.1414,6.7540000000000004,6.495714285714286,-4.790419161676638,-7.323510006597774,615.6067471627582,true,-0.0988023952095809,5.72,断板,6.507142857142858,-0.09973045822102433,677.2331173693002,2.656421514818862,1,SHSE.605066,2024-12-31,2024-12-31T09:30:00.000000,6.36,2025-01-02T11:30:00.000000,6.01,-6.256107644892152,1.5,未涨停卖出
SZSE.002067,景兴纸业,2024-12-31,4.26,4.37,3.96,3.96,4.4,257127198.0,1056699333.74,4.84,3.96,false,false,2.7753458,24.6105,49.6259137836,44.1908137836,false,false,false,,未涨停,未涨停,3天3板,9.7051,4.322,4.122857142857143,-3.1818181818181945,-3.9501039501039488,410.9636561045557,true,-0.10000000000000009,3.41,断板,4.085714285714286,-0.015659955257270597,458.60803403675845,7.692307692307685,1,SZSE.002067,2024-12-31,2024-12-31T09:30:00.000000,4.26,2025-01-02T11:30:00.000000,3.84,-10.577408675158527,1.5,止损卖出
SZSE.002491,通鼎互联,2024-12-31,5.36,5.47,5.0,5.14,5.55,104460788.0,539282834.33,6.11,5.0,false,false,4.20325831,8.8792,63.2217173,60.470499969399995,false,false,false,,未涨停,未涨停,3天2板,3.4968,5.288,5.1899999999999995,-3.4234234234234147,-0.9633911368015381,516.2538447728348,true,-0.0738738738738739,4.15,炸板,5.187142857142858,0.03738317757009346,558.6130039554153,6.995318094188914,1,SZSE.002491,2024-12-31,2024-12-31T09:30:00.000000,5.36,2025-01-02T11:30:00.000000,4.75,-12.086727716001667,1.5,止损卖出
SHSE.600824,益民集团,2025-01-08,4.85,5.52,4.81,5.52,5.02,169373249.0,896076125.86,5.52,4.52,false,false,20.48487284,16.0692,58.1822944296,58.1822944296,true,false,false,,涨停,5天3板,2天2板,21.40665,5.29,5.072857142857143,-3.3864541832669315,8.81441847366938,529.0541045593334,false,0.09960159362549792,3.6,断板,4.95,-0.10035842293906816,502.0,1.414141414141402,1,SHSE.600824,2025-01-08,2025-01-08T09:30:00.000000,4.85,2025-01-09T11:30:00.000000,5.28,7.998521378403913,1.5,未涨停卖出
SHSE.601011,宝泰隆,2025-01-08,2.95,3.09,2.86,2.96,3.04,156292679.0,461146646.93,3.34,2.74,false,false,2.63761089,8.1587,56.703670354399996,56.703670354399996,false,false,false,,未涨停,未涨停,4天3板,11.9525,2.972,2.9442857142857144,-2.960526315789469,0.5337214944201795,295.05326153504603,false,-0.02631578947368418,2.38,断板,2.8771428571428572,-0.02875399361022357,289.3173857342786,5.660377358490564,1,SHSE.601011,2025-01-08,2025-01-08T09:30:00.000000,2.95,2025-01-09T11:30:00.000000,3.1,4.247417111216131,1.5,未涨停卖出
SZSE.000785,居然智家,2025-01-07,3.9,4.1,3.73,4.03,4.0,324297577.0,1269604173.53,4.4,3.6,false,false,5.22236518,5.4754,251.94915711810003,238.6861740744,false,false,true,断板,断板,断板,2天1板,8.306,3.912,3.882857142857143,-2.500000000000002,3.7895511405445204,391.4935736723065,false,0.007500000000000062,2.8,断板,3.87,-0.04076738609112707,411.9073110303914,3.3591731266149845,1,SZSE.000785,2025-01-07,2025-01-07T09:30:00.000000,3.9,2025-01-08T11:30:00.000000,4.12,4.799264480539373,1.5,未涨停卖出
SZSE.002117,东港股份,2025-01-07,12.31,13.71,11.97,13.0,12.73,103232205.0,1316855465.04,14.0,11.46,false,false,6.57240437,19.7176,68.08372415,68.0621084,false,false,true,断板,断板,断板,5天4板,18.757633333333334,12.88,12.595714285714285,-3.299293008641005,3.2097085176363884,1275.6246609669918,false,0.02120974076983506,8.66,断板,12.20857142857143,-0.09971711456859977,1296.8250942176953,4.271003978469451,1,SZSE.002117,2025-01-07,2025-01-07T09:30:00.000000,12.31,2025-01-08T11:30:00.000000,11.74,-5.390299079878713,1.5,未涨停卖出
SHSE.605208,永茂泰,2025-01-09,7.96,8.33,7.81,7.84,8.28,46247644.0,368679609.98,9.11,7.45,false,false,1.7967959,14.017,25.867296,25.867296,false,false,false,,未涨停,未涨停,2天2板,6.62865,8.478,8.212857142857143,-3.864734299516901,-4.539919986084535,797.1857117305262,false,-0.05314009661835739,6.88,断板,8.224285714285715,-0.09999999999999998,837.2364427507854,0.6774361646690809,1,SHSE.605208,2025-01-09,2025-01-09T09:30:00.000000,7.96,2025-01-10T11:30:00.000000,7.57,-5.6572704158241445,1.5,未涨停卖出
SZSE.002213,大为股份,2025-01-09,14.24,15.78,14.0,15.02,14.75,47654166.0,719324879.28,16.23,13.28,false,false,2.0996759,23.1337,35.624577188,30.9443247608,false,false,true,断板,断板,断板,3天2板,21.1553,14.874,14.412857142857144,-3.457627118644066,4.212508672811965,1509.4690342078381,false,0.018305084745762645,11.0,断板,14.151428571428571,-0.07232704402515722,1492.655126553525,4.229759741570766,1,SZSE.002213,2025-01-09,2025-01-09T09:30:00.000000,14.24,2025-01-10T11:30:00.000000,14.64,1.9897936344509597,1.5,未涨停卖出
SZSE.002245,蔚蓝锂芯,2025-01-09,12.02,13.63,12.02,12.71,12.48,225463728.0,2908727001.96,13.73,11.23,false,false,13.93070616,20.7368,146.4251148527,138.1909051292,false,false,true,断板,断板,断板,4天2板,17.16085,12.560000000000002,12.178571428571429,-3.685897435897443,4.363636363636368,1290.1086253483754,false,0.018429487179487225,9.94,断板,11.947142857142856,-0.08235294117647052,1265.8973125998243,4.460121965801762,1,SZSE.002245,2025-01-09,2025-01-09T09:30:00.000000,12.02,2025-01-10T11:30:00.000000,11.76,-2.9426387627526376,1.5,未涨停卖出
SZSE.002793,罗欣药业,2025-01-09,4.16,4.19,4.01,4.04,4.27,55182209.0,225140648.02,4.7,3.84,false,false,3.58884421,5.0815,43.938574834399994,43.871933337600005,false,false,false,,未涨停,未涨停,2天2板,9.4512,4.265999999999999,4.134285714285714,-2.576112412177973,-2.280580511402903,407.99498987073895,false,-0.05386416861826693,3.77,断板,4.122857142857143,0.0023474178403755097,425.47419625747585,3.5689535689535603,1,SZSE.002793,2025-01-09,2025-01-09T09:30:00.000000,4.16,2025-01-10T11:30:00.000000,3.83,-8.666296353049354,1.5,未涨停卖出
SHSE.605488,福莱新材,2025-01-02,20.51,21.5,20.28,20.94,21.11,7550192.0,157168506.42,23.22,19.0,false,false,1.55587155,3.9452,40.7811806196,40.0742901936,false,false,false,,未涨停,未涨停,4天2板,2.208,21.112000000000002,20.599999999999998,-2.8422548555187013,1.6504854368932207,2081.6491344855863,false,-0.008053055423969613,14.11,断板,20.09,-0.057168378740509174,2147.612830704509,5.077152812344448,1,SHSE.605488,2025-01-02,2025-01-02T09:30:00.000000,20.51,2025-01-03T11:30:00.000000,19.98,-3.360327582891249,1.5,未涨停卖出
SZSE.002364,中恒电气,2025-01-02,10.37,11.87,10.22,11.87,10.79,134429172.0,1545546288.67,11.87,9.71,false,false,6.68020566,24.0867,66.895160752,66.2469964345,true,false,false,,涨停,8天4板,5天3板,32.5582,11.216,10.865714285714285,-3.8924930491195546,9.242703129108602,1149.7104874453887,false,0.1000926784059315,6.93,断板,10.44,-0.06173913043478263,1176.2593020487523,3.352490421455936,1,SZSE.002364,2025-01-02,2025-01-02T09:30:00.000000,10.37,2025-01-03T11:30:00.000000,10.95,4.751677955487618,1.5,未涨停卖出
SZSE.001391,国货航,2025-01-13,7.59,7.78,7.33,7.37,7.93,217910878.0,1635152816.86,8.72,7.14,false,false,1.0,25.9744,885.1889382325,61.8301685254,false,false,true,断板,断板,断板,8天7板,33.303733333333334,7.766,7.687142857142858,-4.287515762925597,-4.1256272068388835,750.3768659314015,false,-0.07061790668348045,6.81,断板,7.875714285714286,-0.07790697674418601,832.740763102837,0.6892798839107449,1,SZSE.001391,2025-01-13,2025-01-13T09:30:00.000000,7.59,2025-01-14T11:30:00.000000,7.67,0.2488071429696217,1.5,未涨停卖出
SZSE.002175,东方智造,2025-01-13,4.4,4.48,4.17,4.19,4.58,206664717.0,882907719.09,5.04,4.12,false,false,6.46648122,16.1865,53.497112461300006,53.497112461300006,false,false,false,,未涨停,未涨停,2天2板,19.0491,4.401999999999999,4.248571428571429,-3.9301310043668063,-1.3786146603900504,427.21744277713356,false,-0.08515283842794752,3.71,断板,4.264285714285714,0.013274336283185972,466.22310283583903,7.403685092127306,1,SZSE.002175,2025-01-13,2025-01-13T09:30:00.000000,4.4,2025-01-15T11:30:00.000000,4.88,10.025353132922858,2.5,未涨停卖出
SZSE.002611,东方精工,2025-01-13,10.42,10.79,10.2,10.4,10.84,121362135.0,1266453227.63,11.92,9.76,false,false,6.94594361,12.1963,126.64769936,104.228561528,false,false,false,,未涨停,未涨停,2天2板,19.41935,10.652000000000001,10.228571428571428,-3.8745387453874534,1.6759776536312962,1043.5324227198212,false,-0.040590405904059046,8.87,断板,10.134285714285713,0.010251630941286116,1107.33321912291,6.96363123766564,1,SZSE.002611,2025-01-13,2025-01-13T09:30:00.000000,10.42,2025-01-15T11:30:00.000000,11.83,12.627035045996438,2.5,未涨停卖出
SZSE.002717,ST岭南,2025-01-13,3.18,3.26,3.05,3.18,3.34,251875419.0,796942719.93,3.67,3.01,false,false,13.48614029,15.7348,57.883427144399995,50.904075144,false,false,false,,未涨停,未涨停,2天2板,30.37355,3.346,3.25,-4.790419161676638,-2.153846153846149,316.40353119571387,false,-0.0479041916167664,2.91,断板,3.277142857142857,-0.026239067055393694,348.6780760197563,1.9180470793373978,1,SZSE.002717,2025-01-13,2025-01-13T09:30:00.000000,3.18,2025-01-14T11:30:00.000000,3.37,5.130421709388868,1.5,未涨停卖出
SZSE.002878,元隆雅图,2025-01-13,15.12,15.7,14.71,15.32,15.77,21849121.0,332163687.15,17.35,14.19,false,false,3.1920117,9.3522,40.1310588092,35.8764925852,false,false,true,断板,断板,断板,3天2板,14.467649999999999,15.962,15.535714285714286,-4.1217501585288545,-1.38850574712644,1520.2610995197472,false,-0.02853519340519972,13.78,断板,15.737142857142857,-0.09988584474885842,1635.6016402670343,0.20878721859114052,1,SZSE.002878,2025-01-13,2025-01-13T09:30:00.000000,15.12,2025-01-15T11:30:00.000000,17.87,17.24609498513881,2.5,未涨停卖出
SHSE.603068,博通集成,2025-01-15,30.78,34.75,30.78,34.75,31.59,16580528.0,565776072.0,34.75,28.43,false,false,1.01717142,11.0225,52.272675685,52.272675685,true,false,false,,涨停,5天3板,2天2板,9.247050000000002,32.056000000000004,30.752857142857145,-2.5641025641025603,12.997630882147993,3412.2922502829824,false,0.10003165558721117,26.06,断板,29.614285714285717,0.049501661129568,3043.6968093701694,6.67149059334297,1,SHSE.603068,2025-01-15,2025-01-15T09:30:00.000000,30.78,2025-01-17T11:30:00.000000,36.31,17.026242010515432,2.5,未涨停卖出
SZSE.002187,广百股份,2025-01-15,8.08,9.15,7.68,9.15,8.32,136754741.0,1178068331.8,9.15,7.49,false,false,2.50972034,26.4459,64.419562278,47.315653389,true,false,false,,涨停,10天5板,7天4板,18.578,8.292,8.088571428571429,-2.8846153846153872,13.122571529494879,861.446062626816,false,0.09975961538461542,5.8,断板,7.718571428571429,0.014634146341463428,803.2838883095699,7.79196742550435,1,SZSE.002187,2025-01-15,2025-01-15T09:30:00.000000,8.08,2025-01-17T11:30:00.000000,10.4,27.68727071910378,2.5,未涨停卖出
SZSE.002582,好想你,2025-01-23,9.62,10.89,9.38,10.89,9.9,150718144.0,1553626227.17,10.89,8.91,false,false,5.47182059,43.7982,49.2510452841,37.4675483358,true,false,false,,涨停,11天6板,9天5板,44.23155,9.862,9.900000000000002,-2.8282828282828394,9.999999999999982,1030.8156575826729,false,0.10000000000000009,6.95,断板,9.58,0.003039513677811634,990.0116296202818,3.340292275574116,1,SZSE.002582,2025-01-23,2025-01-23T09:30:00.000000,9.62,2025-01-24T11:30:00.000000,10.13,4.462399880726598,1.5,未涨停卖出
SZSE.002636,金安国纪,2025-01-23,9.81,10.0,9.15,9.15,10.17,78288016.0,736054878.32,11.19,9.15,false,false,2.69988227,10.8083,66.612,66.2748606555,false,false,false,,未涨停,未涨停,5天5板,6.4317,10.434,9.997142857142858,-3.539823008849552,-8.473849671334674,940.1884425325071,true,-0.10029498525073743,6.8,断板,9.79142857142857,-0.10000000000000009,1064.0165718587102,3.866355412897592,1,SZSE.002636,2025-01-23,2025-01-23T09:30:00.000000,9.81,2025-01-24T11:30:00.000000,8.5,-14.044129293224655,1.5,止损卖出
SZSE.002398,垒知集团,2025-02-07,4.98,5.6,4.88,5.39,5.13,153350384.0,799498879.02,5.64,4.62,false,false,6.54188586,26.4687,37.6232285198,31.227737063600003,false,false,false,,未涨停,未涨停,3天3板,11.992399999999998,5.35,5.075714285714286,-2.9239766081871243,6.191950464396281,521.3543378019842,false,0.050682261208576884,3.92,断板,4.909999999999999,-0.08392857142857135,512.1176332569573,4.4806517311609095,1,SZSE.002398,2025-02-07,2025-02-07T09:30:00.000000,4.98,2025-02-10T11:30:00.000000,5.48,9.163346613545844,1.5,未涨停卖出
SZSE.002861,瀛通通讯,2025-02-07,16.0,18.4,15.6,18.4,16.73,43001835.0,746694245.11,18.4,15.06,false,false,1.38580668,28.6358,34.276249008,27.6309764,true,false,false,,涨停,11天7板,7天6板,43.5616,17.076,16.84142857142857,-4.363419007770474,9.254389685299863,1736.4241435510833,false,0.09982068141063949,9.55,炸板,16.434285714285714,0.001796407185628901,1739.3018342178661,1.7993741307371383,1,SZSE.002861,2025-02-07,2025-02-07T09:30:00.000000,16.0,2025-02-10T11:30:00.000000,18.52,14.827689243027892,1.5,未涨停卖出
SZSE.002861,瀛通通讯,2025-02-11,17.33,17.78,16.5,17.11,17.93,45849259.0,787599290.92,19.72,16.14,false,false,1.38580668,30.5319,31.873185898200003,25.693804685,false,false,true,断板,断板,断板,11天7板,28.635800000000003,17.374,17.20285714285714,-3.346346904629121,-0.539777445607035,1717.8015699664852,false,-0.04573340769659795,9.55,断板,16.958571428571428,-0.025543478260869557,1822.3594801570425,5.72824530368124,1,SZSE.002861,2025-02-11,2025-02-11T09:30:00.000000,17.33,2025-02-12T11:30:00.000000,16.75,-4.116942501201186,1.5,未涨停卖出
SHSE.600397,江钨装备,2025-01-20,4.6,4.76,4.53,4.56,4.72,65580500.0,301817368.0,5.19,4.25,false,false,3.02168363,6.6246,45.1421706192,45.1421706192,false,false,true,断板,断板,断板,2天1板,10.852500000000004,4.536,4.414285714285715,-2.5423728813559343,3.3009708737863916,460.2242556857602,false,-0.03389830508474578,2.58,断板,4.4071428571428575,-0.022774327122153326,479.30768511407183,7.098865478119921,1,SHSE.600397,2025-01-20,2025-01-20T09:30:00.000000,4.6,2025-01-21T11:30:00.000000,4.48,-3.3847219816386533,1.5,未涨停卖出
SHSE.603808,歌力思,2025-01-20,7.92,8.37,7.64,7.7,8.13,27081411.0,211607157.02,8.94,7.32,false,false,2.31678703,7.3373,28.420151606,28.420151606,false,false,true,断板,断板,断板,3天3板,2.6677666666666666,7.9860000000000015,7.652857142857143,-2.583025830258313,0.6160164271047229,781.3741943505086,false,-0.052890528905289114,6.38,断板,7.647142857142858,-0.0771850170261067,864.6774572007718,6.31421632729311,1,SHSE.603808,2025-01-20,2025-01-20T09:30:00.000000,7.92,2025-01-21T11:30:00.000000,7.2,-9.815284317276367,1.5,止损卖出
SHSE.603166,福达股份,2025-01-22,9.55,10.83,9.35,10.26,10.03,105949145.0,1062338325.7,11.03,9.03,false,false,1.56774084,16.5802,66.3010075926,65.5622875926,false,false,false,,未涨停,未涨停,6天4板,18.096600000000002,9.664,9.664285714285713,-4.785643070787624,6.164079822616422,1002.6870209287673,false,0.02293120638085755,6.57,断板,9.437142857142858,0.05246589716684147,963.446897659993,6.282167726309402,1,SHSE.603166,2025-01-22,2025-01-22T09:30:00.000000,9.55,2025-01-23T11:30:00.000000,10.01,3.9815606683214675,1.5,未涨停卖出
SZSE.002552,宝鼎科技,2025-01-22,16.98,17.44,16.51,16.76,17.58,26747126.0,453497870.5,19.34,15.82,false,false,3.16956819,8.3524,68.4716457364,53.6711842096,false,false,false,,未涨停,未涨停,3天2板,13.083250000000001,16.924,16.64857142857143,-3.4129692832764387,0.6692980950746565,1695.5013054486676,false,-0.04664391353811126,12.01,断板,16.35857142857143,0.039621525724423234,1706.967477532135,7.466596803772574,1,SZSE.002552,2025-01-22,2025-01-22T09:30:00.000000,16.98,2025-01-23T11:30:00.000000,16.5,-3.60114313065757,1.5,未涨停卖出
SZSE.002811,郑中设计,2025-01-22,10.47,11.0,10.35,10.99,10.8,23282942.0,250126963.95,11.88,9.72,false,false,1.85688911,9.3572,30.077153953000003,27.345781228499998,false,false,true,断板,断板,断板,8天4板,11.2008,10.68,10.549999999999999,-3.0555555555555562,4.170616113744089,1074.2927760160208,false,0.017592592592592604,7.66,断板,10.351428571428572,-0.0450928381962864,1101.6576885799452,4.33342533811758,1,SZSE.002811,2025-01-22,2025-01-22T09:30:00.000000,10.47,2025-01-23T11:30:00.000000,10.67,1.0981860523521747,1.5,未涨停卖出
SHSE.603683,晶华新材,2025-01-14,9.81,10.9,9.78,10.46,10.08,37633419.0,385940014.07,11.09,9.07,false,false,1.7420075,14.542,27.4574256294,27.0695688294,false,false,false,,未涨停,未涨停,2天2板,6.1795,10.088000000000001,9.687142857142858,-2.6785714285714244,7.978174310573665,1025.5247179906773,false,0.037698412698412787,8.21,断板,9.407142857142858,0.04347826086956519,986.5313877851212,7.152619589977208,1,SHSE.603683,2025-01-14,2025-01-14T09:30:00.000000,9.81,2025-01-15T11:30:00.000000,10.09,2.0346747566309578,1.5,未涨停卖出
SZSE.002418,康盛股份,2025-01-16,3.75,4.25,3.75,4.05,3.86,447297506.0,1846463363.8,4.25,3.47,false,false,4.99718858,39.3609,46.0242,46.0240693875,false,true,false,,炸板,11天7板,9天7板,17.4511,3.8320000000000007,3.7485714285714278,-2.849740932642484,8.041158536585383,412.80430564260735,false,0.04922279792746109,2.41,断板,3.6071428571428568,-0.060827250608272654,417.79190880033286,7.009900990099018,1,SZSE.002418,2025-01-16,2025-01-16T09:30:00.000000,3.75,2025-01-17T09:30:00.000000,3.7,-2.119521912350604,1.0,大幅低开卖出
SZSE.002692,远程股份,2025-01-16,4.59,4.72,4.5,4.57,4.79,44304763.0,203338465.21,5.27,4.31,false,false,4.17887577,6.1717,32.8192722,32.8064293575,false,false,false,,未涨停,未涨停,4天3板,4.69415,4.6259999999999994,4.58,-4.175365344467644,-0.21834061135370714,458.9539621507511,false,-0.045929018789144016,3.53,断板,4.478571428571429,-0.002083333333333326,470.7187761703097,6.953748006379584,1,SZSE.002692,2025-01-16,2025-01-16T09:30:00.000000,4.59,2025-01-22T11:30:00.000000,5.97,29.028982110772596,4.5,未涨停卖出
SHSE.600255,鑫科材料,2025-01-10,3.68,3.77,3.44,3.45,3.82,423780700.0,1511256905.0,4.2,3.44,false,false,10.45974009,23.4632,62.3120699475,62.3120699475,false,false,false,,未涨停,未涨停,4天2板,31.739500000000007,3.7120000000000006,3.701428571428571,-3.6649214659685785,-6.792744114241592,356.61296160962496,true,-0.09685863874345546,2.26,断板,3.697142857142857,-0.04500000000000004,387.0726611396774,3.3230293663060255,1,SHSE.600255,2025-01-10,2025-01-10T09:30:00.000000,3.68,2025-01-13T11:30:00.000000,3.31,-10.771046249783474,1.5,止损卖出
SHSE.600405,动力源,2025-01-10,5.69,5.98,5.46,5.48,5.94,79163797.0,450558126.19,6.53,5.35,false,false,5.14579027,14.3082,33.5830614224,30.3194945504,false,false,false,,未涨停,未涨停,2天2板,21.8495,5.928,5.808571428571428,-4.2087542087542085,-5.656665027053596,569.1466848034083,false,-0.07744107744107742,4.62,断板,5.8342857142857145,-0.037277147487844386,605.3718204960549,1.8119490695396696,1,SHSE.600405,2025-01-10,2025-01-10T09:30:00.000000,5.69,2025-01-13T11:30:00.000000,5.13,-10.560219578627501,1.5,止损卖出
SZSE.002213,大为股份,2025-01-10,14.34,15.49,13.95,14.02,15.02,42291175.0,629609001.57,16.52,13.52,false,false,2.0996759,20.5302,33.252767788,28.8841167208,false,false,false,,未涨停,未涨停,3天2板,21.1553,14.828,14.477142857142857,-4.527296937416776,-3.1576869942766934,1488.7479517180595,false,-0.06657789613848197,11.11,断板,14.412857142857144,0.018305084745762645,1509.4690342078381,4.212508672811965,1,SZSE.002213,2025-01-10,2025-01-10T09:30:00.000000,14.34,2025-01-13T11:30:00.000000,12.91,-10.689459734284608,1.5,止损卖出
SZSE.002245,蔚蓝锂芯,2025-01-10,12.31,12.45,11.44,11.44,12.71,169553688.0,2017683953.65,13.98,11.44,false,false,13.93070616,15.5946,131.7941238328,124.3826872288,false,false,false,,未涨停,未涨停,4天2板,24.47,12.518000000000002,12.285714285714286,-3.147128245476006,-6.883720930232568,1189.9970902726693,true,-0.09992132179386315,9.94,断板,12.178571428571429,0.018429487179487225,1290.1086253483754,4.363636363636368,1,SZSE.002245,2025-01-10,2025-01-10T09:30:00.000000,12.31,2025-01-13T11:30:00.000000,11.06,-10.870247685132743,1.5,止损卖出
SZSE.002269,美邦服饰,2025-01-10,2.31,2.45,2.21,2.22,2.43,284769931.0,660562821.47,2.67,2.19,false,false,4.48725868,11.3341,55.7775,55.7775,false,false,false,,未涨停,未涨停,4天3板,17.547449999999998,2.47,2.435714285714286,-4.938271604938276,-8.856304985337243,231.96368350772258,true,-0.08641975308641969,1.74,断板,2.41,-0.0725190839694656,243.87738579248818,0.8298755186721999,1,SZSE.002269,2025-01-10,2025-01-10T09:30:00.000000,2.31,2025-01-13T11:30:00.000000,2.25,-3.373518911367511,1.5,未涨停卖出
SHSE.603882,金域医学,2025-02-24,38.1,38.59,36.53,37.29,39.2,21468670.0,800228789.28,43.12,35.28,false,false,1.10623179,4.6657,172.7490107475,171.5841837633,false,false,false,,未涨停,未涨停,4天2板,6.8062,38.108,37.722857142857144,-2.8061224489795955,-1.1474664848898035,3727.426008597645,false,-0.04872448979591848,24.35,断板,37.11,-0.006085192697768638,3832.8829954475577,5.631905146860694,1,SHSE.603882,2025-02-24,2025-02-24T09:30:00.000000,38.1,2025-02-25T11:30:00.000000,37.34,-2.7756689776327694,1.5,未涨停卖出
SHSE.603917,合力科技,2025-02-24,14.0,14.39,13.63,13.91,14.39,23053240.0,320406256.8,15.83,12.95,false,false,1.50682557,11.3095,28.354144,28.354144,false,false,false,,未涨停,未涨停,3天2板,14.6398,14.252,13.681428571428572,-2.710215427380129,1.670669311893071,1389.8534730909842,false,-0.03335649756775538,10.49,断板,13.338571428571429,-0.000694444444444442,1433.8101359422556,7.882617543108066,1,SHSE.603917,2025-02-24,2025-02-24T09:30:00.000000,14.0,2025-02-25T11:30:00.000000,13.91,-1.4345475241889496,1.5,未涨停卖出
SZSE.000096,广聚能源,2025-02-24,14.8,16.75,14.8,16.75,15.23,22823687.0,369328991.75,16.75,13.71,false,false,2.1141725,4.4678,88.44,85.56704,true,false,false,,涨停,6天4板,4天3板,3.4822666666666664,15.674000000000001,14.997142857142856,-2.8233749179251455,11.687940560106693,1618.1828630492523,false,0.09980302035456323,10.94,断板,14.347142857142856,-0.06392132759680391,1525.4279334076139,6.153539778950524,1,SZSE.000096,2025-02-24,2025-02-24T09:30:00.000000,14.8,2025-02-28T11:30:00.000000,20.53,37.61090772046949,4.5,未涨停卖出
SHSE.603728,鸣志电器,2025-02-25,80.5,90.08,80.2,86.3,84.68,20105398.0,1725642403.6,93.15,76.21,false,false,1.32438513,4.7998,361.49559750000003,361.49559750000003,false,false,true,断板,断板,断板,2天1板,6.1991,84.41199999999999,81.35714285714286,-4.936230514879554,6.075504828797182,8582.980568701003,false,0.019130845536135865,48.38,断板,79.37142857142858,-0.06678421864668271,8663.89184117326,6.688264938804892,1,SHSE.603728,2025-02-25,2025-02-25T09:30:00.000000,80.5,2025-02-26T11:30:00.000000,89.9,10.787161911360764,1.5,未涨停卖出
SHSE.603956,威派格,2025-02-25,9.5,11.0,9.35,11.0,10.0,87689487.0,923452594.59,11.0,9.0,false,false,1.07416107,16.5714,58.20767051,58.20767051,true,false,false,,涨停,11天8板,9天7板,26.77545,9.925999999999998,9.885714285714286,-5.0,11.271676300578031,1053.0938498819135,false,0.10000000000000009,4.83,断板,9.524285714285714,-0.015748031496062964,998.6323194344368,4.994750262486878,1,SHSE.603956,2025-02-25,2025-02-25T09:30:00.000000,9.5,2025-02-26T11:30:00.000000,11.24,17.373034179073173,1.5,未涨停卖出
SZSE.002474,榕基软件,2025-02-25,7.59,8.61,7.52,8.2,7.83,163409400.0,1350232916.1,8.61,7.05,false,false,6.27298736,30.7875,51.0204,43.50481874,false,true,false,,炸板,6天2板,4天2板,11.1264,7.862,7.737142857142857,-3.065134099616861,5.982274741506644,826.2883996269492,false,0.047254150702426445,5.22,断板,7.554285714285714,-0.03213844252163167,786.6246805463821,3.6497730711043883,1,SZSE.002474,2025-02-25,2025-02-25T09:30:00.000000,7.59,2025-02-27T11:30:00.000000,8.48,10.835708549202398,2.5,未涨停卖出
SHSE.600858,银座股份,2025-01-17,6.02,6.22,5.67,5.95,6.25,68263538.0,408083310.31,6.88,5.63,false,false,6.08393593,13.1898,30.9439620455,30.7941077255,false,false,false,,未涨停,未涨停,6天4板,7.7172,5.934,5.978571428571429,-3.680000000000007,-0.4778972520907988,597.8056840681185,true,-0.04799999999999993,4.63,断板,5.961428571428571,0.04166666666666674,616.527771689887,4.840642223819804,1,SHSE.600858,2025-01-17,2025-01-17T09:30:00.000000,6.02,2025-01-20T11:30:00.000000,6.01,-0.9616020965970071,1.5,未涨停卖出
SHSE.603158,腾龙股份,2025-01-17,8.78,9.0,8.57,8.58,9.01,58174487.0,506962387.79,9.91,8.11,false,false,4.31135391,11.853,42.1105804548,42.1105804548,false,false,false,,未涨停,未涨停,2天2板,5.0298,8.996,8.657142857142857,-2.5527192008879074,-0.8910891089108839,871.451410976774,false,-0.047724750277469474,7.32,断板,8.517142857142858,-0.01422319474835898,899.1506631598842,5.786648775578654,1,SHSE.603158,2025-01-17,2025-01-17T09:30:00.000000,8.78,2025-01-20T11:30:00.000000,8.76,-1.0227881185962162,1.5,未涨停卖出
SZSE.000421,南京公用,2025-01-17,6.86,6.94,6.51,6.51,7.11,56594119.0,377990449.85,7.82,6.4,false,false,6.52242838,9.8551,37.5015707094,37.3906364034,false,false,false,,未涨停,未涨停,3天3板,1.5006666666666673,7.188,6.901428571428572,-3.5161744022503516,-5.671703581039135,667.8970474829725,false,-0.08438818565400852,5.8,断板,6.87,-0.03265306122448974,713.2999593414582,3.493449781659392,1,SZSE.000421,2025-01-17,2025-01-17T09:30:00.000000,6.86,2025-01-20T11:30:00.000000,6.61,-4.412089252320171,1.5,未涨停卖出
SHSE.600825,新华传媒,2025-02-27,7.5,7.62,7.31,7.33,7.81,81753180.0,609265322.86,8.59,7.03,false,false,11.38372605,7.8241,76.590279405,76.590279405,false,false,false,,未涨停,未涨停,2天2板,4.2972,7.7,7.398571428571429,-3.96927016645326,-0.9268198493917736,745.2496928682162,false,-0.06145966709346984,5.51,断板,7.272857142857143,0.0012820512820512775,749.4265247343358,7.385582400314271,1,SHSE.600825,2025-02-27,2025-02-27T09:30:00.000000,7.5,2025-02-28T11:30:00.000000,7.0,-7.410358565737066,1.5,未涨停卖出
SHSE.600666,奥瑞德,2025-02-14,2.81,2.92,2.75,2.83,2.89,277811920.0,786619789.2,3.18,2.6,false,false,13.89274992,11.481,78.2074134569,68.4790080605,false,false,false,,未涨停,未涨停,3天3板,7.941266666666667,2.91,2.762857142857143,-2.7681660899654004,2.4301964839710455,283.1483217854727,false,-0.02076124567474047,2.11,断板,2.68,-0.0462046204620461,297.9235224446556,7.835820895522386,1,SHSE.600666,2025-02-14,2025-02-14T09:30:00.000000,2.81,2025-02-17T11:30:00.000000,2.99,5.557839815116774,1.5,未涨停卖出
SZSE.002036,联创电子,2025-02-14,12.01,13.56,12.01,13.08,12.33,352882710.0,4588190255.3,13.56,11.1,false,false,5.24019508,33.5056,138.56562778440002,137.7593200788,false,true,false,,炸板,7天4板,4天4板,21.046266666666668,12.876,12.242857142857144,-2.5952960259529623,6.8378063010501675,1300.2026240673565,false,0.06082725060827254,8.32,断板,11.692857142857141,-0.06306990881458963,1275.1917420730385,5.448992058643876,1,SZSE.002036,2025-02-14,2025-02-14T09:30:00.000000,12.01,2025-02-17T11:30:00.000000,13.35,10.271652772755763,1.5,未涨停卖出
SZSE.002577,雷柏科技,2025-02-14,22.81,24.0,22.81,23.61,23.5,24148618.0,565385066.28,25.85,21.15,false,false,2.34296846,8.5372,66.787968,66.7844265,false,false,false,,未涨停,未涨停,4天3板,11.942150000000002,24.31,23.740000000000002,-2.936170212765963,-0.547598989048031,2341.272971728651,false,0.004680851063829872,16.26,断板,23.127142857142854,-0.07480314960629919,2379.343931680136,1.612205818765844,1,SZSE.002577,2025-02-14,2025-02-14T09:30:00.000000,22.81,2025-02-17T11:30:00.000000,23.77,3.3783323523093114,1.5,未涨停卖出
SHSE.600579,中化装备,2025-01-27,8.94,9.32,8.35,8.42,9.27,53924169.0,473307028.41,10.2,8.34,false,false,1.43663914,10.9001,41.6547806278,41.6547806278,false,false,false,,未涨停,未涨停,2天2板,11.5856,9.488,9.164285714285713,-3.559870550161813,-8.121590023382682,877.7270696744534,true,-0.09169363538295572,7.42,断板,9.178571428571429,-0.10000000000000009,938.3497961119014,0.996108949416335,1,SHSE.600579,2025-01-27,2025-01-27T09:30:00.000000,8.94,2025-02-05T11:30:00.000000,8.42,-6.567020508569735,1.5,未涨停卖出
SHSE.603278,大业股份,2025-01-27,9.06,9.17,8.43,8.62,9.37,26001473.0,227350025.68,10.31,8.43,false,false,1.46999479,7.6081,29.4596595904,29.4596595904,false,false,true,断板,断板,断板,2天1板,21.4002,8.958,8.792857142857143,-3.3084311632870733,-1.965881397238025,874.3736390626792,true,-0.08004268943436499,7.2,断板,8.797142857142857,-0.03002070393374756,906.3734731076617,6.5118544982136966,1,SHSE.603278,2025-01-27,2025-01-27T09:30:00.000000,9.06,2025-02-05T11:30:00.000000,8.57,-6.162106540724516,1.5,未涨停卖出
SZSE.000096,广聚能源,2025-03-04,19.2,20.22,18.65,19.9,19.8,23051392.0,446840054.0,21.78,17.82,false,false,2.1141725,4.5124,105.072,101.658752,false,false,false,,未涨停,未涨停,9天7板,0.5622333333333334,20.854,19.92142857142857,-3.0303030303030374,-0.10756543564001841,1938.4515000222113,false,0.005050505050504972,11.27,断板,19.254285714285714,-0.09999999999999998,2004.6065079538077,2.834248404807838,1,SZSE.000096,2025-03-04,2025-03-04T09:30:00.000000,19.2,2025-03-05T11:30:00.000000,19.53,0.9082420318725045,1.5,未涨停卖出
SZSE.002582,好想你,2025-03-04,10.18,10.56,9.68,9.8,10.63,107512225.0,1065803393.81,11.69,9.57,false,false,5.47182059,31.2427,44.321418162,33.717352956,false,false,true,断板,断板,断板,2天2板,22.9197,10.542000000000002,10.18714285714286,-4.233301975540932,-3.800308512130151,991.3322822683652,false,-0.0780809031044214,7.16,断板,10.127142857142859,-0.09915254237288129,1144.1158361155678,4.96543941317533,1,SZSE.002582,2025-03-04,2025-03-04T09:30:00.000000,10.18,2025-03-05T11:30:00.000000,9.99,-2.6483457134135295,1.5,未涨停卖出
SZSE.002578,闽发铝业,2025-01-21,3.3,3.34,3.06,3.17,3.4,126095360.0,398100387.44,3.74,3.06,false,false,5.27514831,14.6425,29.7545768011,27.2988531837,false,false,true,断板,断板,断板,2天2板,4.43705,3.306,3.218571428571429,-2.941176470588238,-1.5090989791389369,315.7137482616331,true,-0.0676470588235294,2.76,断板,3.1785714285714284,-0.06593406593406603,346.86417730280124,6.966292134831464,1,SZSE.002578,2025-01-21,2025-01-21T09:30:00.000000,3.3,2025-01-22T11:30:00.000000,3.05,-8.312205722564284,1.5,未涨停卖出
SHSE.603985,恒润股份,2025-03-10,14.08,14.57,13.83,14.04,14.5,27896497.0,393257621.17,15.95,13.05,false,false,4.6384218,6.3278,61.8964636212,61.8964636212,false,false,false,,未涨停,未涨停,3天2板,4.588800000000001,14.088,13.722857142857142,-2.8965517241379306,2.311055590256087,1409.702519889863,false,-0.03172413793103457,10.16,断板,13.534285714285714,0.006245662734212232,1469.6800905048333,7.1353177116318385,1,SHSE.603985,2025-03-10,2025-03-10T09:30:00.000000,14.08,2025-03-11T11:30:00.000000,13.99,-1.4309240311481433,1.5,未涨停卖出
SHSE.605100,华丰股份,2025-03-10,24.2,27.58,24.03,27.58,25.07,33578493.0,904770603.38,27.58,22.56,false,false,2.18014485,19.76,47.1982056,46.867245600000004,true,false,false,,涨停,12天9板,10天8板,27.462649999999996,26.224,25.634285714285713,-3.470283207020347,7.590280873829689,2694.494369893253,false,0.10011966493817304,12.74,断板,24.982857142857142,-0.09982046678635548,2587.5648416361437,0.3488106129917695,1,SHSE.605100,2025-03-10,2025-03-10T09:30:00.000000,24.2,2025-03-12T11:30:00.000000,31.55,29.333080899542313,2.5,未涨停卖出
SZSE.002227,奥特迅,2025-03-07,13.6,13.6,12.65,12.66,14.05,37324882.0,484319838.94,15.46,12.65,false,false,2.07711911,15.0723,31.372261121999998,31.1355945756,false,false,false,,未涨停,未涨停,3天3板,4.801099999999999,13.902000000000001,13.344285714285714,-3.202846975088976,-5.127930628412375,1297.579022326179,true,-0.09893238434163709,10.02,断板,13.195714285714287,0.012247838616714635,1385.2919899026658,6.473963408032909,1,SZSE.002227,2025-03-07,2025-03-07T09:30:00.000000,13.6,2025-03-10T11:30:00.000000,12.28,-10.425357393953586,1.5,止损卖出
SZSE.002725,跃岭股份,2025-03-07,14.1,14.12,13.11,13.38,14.52,41698715.0,570120321.85,15.97,13.07,false,false,2.70276786,19.676,34.2528,28.355758341,false,false,true,断板,断板,断板,2天2板,0.8675999999999999,14.0,13.611428571428574,-2.892561983471074,-1.7002518891687777,1367.237148315002,true,-0.07851239669421484,10.0,断板,13.481428571428571,-0.05653021442495132,1486.4494909782527,7.703719402352441,1,SZSE.002725,2025-03-07,2025-03-07T09:30:00.000000,14.1,2025-03-10T11:30:00.000000,13.52,-4.877511231669073,1.5,未涨停卖出
SHSE.603110,东方材料,2025-02-12,17.19,19.69,17.14,19.69,17.9,49031153.0,917347218.26,19.69,16.11,false,false,2.09915766,24.3661,39.6215435308,39.6215435308,true,false,false,,涨停,6天4板,3天3板,13.5585,18.592,17.654285714285713,-3.96648044692736,11.530992069914241,1870.9476774082796,false,0.10000000000000009,12.72,断板,16.861428571428572,-0.02345881069285327,1756.9205393795712,6.159450987037181,1,SHSE.603110,2025-02-12,2025-02-12T09:30:00.000000,17.19,2025-02-13T11:30:00.000000,20.8,20.03643367194398,1.5,未涨停卖出
SZSE.000880,潍柴重机,2025-01-24,20.78,22.79,20.6,21.75,21.43,33727560.0,737963691.4,23.57,19.29,false,false,4.07046645,20.7987,72.0622305,35.270235,false,false,false,,未涨停,未涨停,2天2板,18.185499999999998,21.698,20.705714285714286,-3.033131124591687,5.0434662619014725,2188.0138717416853,false,0.014932337844143717,11.15,断板,20.145714285714284,-0.034637876743139895,2162.220139926432,6.523897319529158,1,SZSE.000880,2025-01-24,2025-01-24T09:30:00.000000,20.78,2025-01-27T11:30:00.000000,19.73,-5.809485829540359,1.5,未涨停卖出
SHSE.603636,南威软件,2025-02-19,16.79,17.36,16.01,17.02,17.26,99570670.0,1680511873.34,18.99,15.53,false,false,4.89876698,17.1567,98.77736101459999,98.77736101459999,false,false,false,,未涨停,未涨停,2天2板,14.498,17.208,16.564285714285713,-2.7230590961761436,2.7511858559724063,1687.7579244369854,false,-0.013904982618771822,9.8,断板,16.231428571428573,0.02251184834123232,1695.519874100877,6.336912515402217,1,SHSE.603636,2025-02-19,2025-02-19T09:30:00.000000,16.79,2025-02-20T11:30:00.000000,16.38,-3.2192848617442005,1.5,未涨停卖出
SHSE.603990,麦迪科技,2025-02-19,14.01,15.58,13.88,15.11,14.58,68817198.0,1018950563.27,16.04,13.12,false,false,3.12415755,22.4685,46.2793206541,46.2793206541,false,false,true,断板,断板,断板,3天2板,28.118199999999998,14.802000000000001,14.215714285714286,-3.909465020576133,6.290825042709268,1480.6626728248948,false,0.036351165980795574,9.35,断板,13.914285714285715,-0.09999999999999998,1503.197321541298,4.784394250513345,1,SHSE.603990,2025-02-19,2025-02-19T09:30:00.000000,14.01,2025-02-20T11:30:00.000000,14.99,6.1424537396452825,1.5,未涨停卖出
SZSE.000710,贝瑞基因,2025-02-19,11.0,12.67,11.0,12.67,11.52,78166692.0,938706992.47,12.67,10.37,false,false,2.53343815,24.5607,44.7911696155,41.4156087037,true,false,false,,涨停,4天3板,2天2板,13.914549999999998,11.842,11.629999999999999,-4.513888888888886,8.942390369733456,1200.9040787730917,false,0.09982638888888884,7.56,断板,11.327142857142858,-0.10000000000000009,1193.5363902623383,1.7026106696935162,1,SZSE.000710,2025-02-19,2025-02-19T09:30:00.000000,11.0,2025-02-20T11:30:00.000000,13.3,19.94567185802247,1.5,未涨停卖出
SHSE.603598,引力传媒,2025-02-05,20.17,20.5,19.29,20.15,20.78,45184590.0,896973666.7,22.86,18.7,false,false,2.01320262,16.8686,54.095274350000004,53.97437435,false,false,false,,未涨停,未涨停,8天5板,20.231399999999997,19.746,19.678571428571427,-2.935514918190565,2.395644283121598,1985.1318042279458,false,-0.03031761308950931,14.57,断板,19.378571428571426,0.018627450980392313,2081.513138609975,7.231846664209381,1,SHSE.603598,2025-02-05,2025-02-05T09:30:00.000000,20.17,2025-02-06T11:30:00.000000,19.98,-1.731299887213672,1.5,未涨停卖出
SHSE.603300,海南华铁,2025-02-18,7.7,8.8,7.63,8.8,8.0,669145270.0,5804693454.61,8.8,7.2,false,false,5.59336734,33.9184,173.60710320799998,173.60710320799998,true,false,false,,涨停,9天6板,6天5板,25.552449999999997,8.484,8.231428571428571,-3.749999999999998,6.907323845886855,867.4788143701591,false,0.10000000000000009,4.77,断板,7.914285714285714,-0.06213364595545123,791.5856863945191,1.0830324909747366,1,SHSE.603300,2025-02-18,2025-02-18T09:30:00.000000,7.7,2025-02-19T11:30:00.000000,9.14,17.755471620013445,1.5,未涨停卖出
SHSE.603636,南威软件,2025-02-18,16.32,17.53,15.88,17.26,16.88,118722352.0,2012961073.16,18.57,15.19,false,false,4.89876698,20.4567,100.1702262698,100.1702262698,false,false,true,断板,断板,断板,2天2板,14.498,16.824,16.231428571428573,-3.317535545023689,6.336912515402217,1695.519874100877,false,0.02251184834123232,9.8,断板,15.821428571428571,-0.07608100711548993,1863.7448810753042,6.6907449209932235,1,SHSE.603636,2025-02-18,2025-02-18T09:30:00.000000,16.32,2025-02-19T11:30:00.000000,17.06,3.70137098664165,1.5,未涨停卖出
SHSE.603110,东方材料,2025-02-20,22.08,22.67,21.13,21.48,22.71,35692841.0,776887914.07,24.98,20.44,false,false,2.09915766,17.7376,43.2235020336,43.2235020336,false,false,false,,未涨停,未涨停,9天6板,26.576900000000002,22.04,21.650000000000002,-2.7741083223249783,-0.785219399538114,2176.593099075526,false,-0.05416116248348746,12.72,断板,21.138571428571428,-0.029487179487179382,2270.907950926199,7.433939312022715,1,SHSE.603110,2025-02-20,2025-02-20T09:30:00.000000,22.08,2025-02-21T11:30:00.000000,21.88,-1.6953923436687994,1.5,未涨停卖出
SHSE.600238,*ST椰岛,2025-03-05,6.5,6.59,6.25,6.36,6.68,37219400.0,236705298.0,7.35,6.01,false,false,2.94975497,8.3639,28.50552,28.302100488000004,false,false,false,,未涨停,未涨停,2天2板,9.0213,6.574000000000001,6.344285714285713,-2.6946107784431095,0.24769196127000298,635.972901228929,false,-0.0479041916167664,5.28,断板,6.265714285714284,0.038880248833592645,658.961693437522,6.6119471044231855,1,SHSE.600238,2025-03-05,2025-03-05T09:30:00.000000,6.5,2025-03-06T11:30:00.000000,6.44,-1.7125344774746987,1.5,未涨停卖出
SHSE.600693,东百集团,2025-03-05,6.1,6.92,6.1,6.61,6.4,130368422.0,838064154.26,7.04,5.76,false,false,9.93911793,15.0029,57.496836860600006,57.43777889020001,false,false,false,,未涨停,未涨停,2天2板,16.6168,6.612,6.315714285714286,-4.687500000000011,4.659579280705726,642.8429073568137,false,0.03281249999999991,5.35,断板,6.1571428571428575,-0.09985935302391002,645.428502523106,3.94431554524362,1,SHSE.600693,2025-03-05,2025-03-05T09:30:00.000000,6.1,2025-03-06T11:30:00.000000,6.77,10.099275031023453,1.5,未涨停卖出
SHSE.603109,神驰机电,2025-02-28,23.15,23.27,21.38,21.38,23.76,18983285.0,415612430.9,26.14,21.38,false,false,1.5147192,9.0895,44.651779368,44.651779368,false,false,true,断板,断板,断板,2天2板,12.990450000000001,22.532000000000004,22.09857142857143,-2.5673400673400795,-3.2516646195617094,2189.359907413285,true,-0.10016835016835024,16.42,断板,22.02857142857143,-0.037277147487844386,2372.0274883443553,7.859922178988335,1,SHSE.603109,2025-02-28,2025-02-28T09:30:00.000000,23.15,2025-03-03T11:30:00.000000,20.59,-11.767014017364666,1.5,止损卖出
SHSE.603667,五洲新春,2025-02-28,47.01,49.34,44.19,46.58,49.1,59027238.0,2724839036.86,54.01,44.19,false,false,1.44717643,16.1187,170.6414049,170.57725026600002,false,false,true,断板,断板,断板,3天1板,16.810599999999997,48.474000000000004,47.02571428571429,-4.256619144602858,-0.9478097089738193,4616.240110811215,true,-0.0513238289205703,24.91,断板,46.56428571428571,-0.0770676691729324,4967.470325070728,5.445620493940802,1,SHSE.603667,2025-02-28,2025-02-28T09:30:00.000000,47.01,2025-03-03T11:30:00.000000,44.32,-6.473404404081197,1.5,未涨停卖出
SZSE.000815,美利云,2025-02-28,13.2,13.49,12.24,12.24,13.6,101055012.0,1274147140.15,14.96,12.24,false,false,2.61081909,14.5348,85.100195484,85.100195484,false,false,true,断板,断板,断板,4天2板,8.451,13.262,12.874285714285715,-2.941176470588238,-4.926764314247676,1260.8450733250124,true,-0.09999999999999998,8.82,断板,12.752857142857142,-0.0704032809295968,1429.894429602086,6.642769127366423,1,SZSE.000815,2025-02-28,2025-02-28T09:30:00.000000,13.2,2025-03-03T11:30:00.000000,11.77,-11.543824701195216,1.5,止损卖出
SHSE.600120,浙江东方,2025-02-17,7.5,7.91,7.46,7.65,7.82,448337677.0,3437687491.01,8.6,7.04,false,false,63.39747044,13.127,261.276684138,261.276684138,false,false,false,,未涨停,未涨停,7天7板,14.867133333333333,8.28,7.948571428571428,-4.092071611253201,-3.7562904385334224,766.7630153265036,false,-0.021739130434782594,4.14,断板,7.735714285714286,-0.10011507479861903,793.4923571330978,1.089566020313946,1,SHSE.600120,2025-02-17,2025-02-17T09:30:00.000000,7.5,2025-02-18T11:30:00.000000,7.23,-4.368127490039822,1.5,未涨停卖出
SHSE.603612,索通发展,2025-02-17,17.38,17.7,17.2,17.61,17.85,21561897.0,376693507.75,19.64,16.07,false,false,1.58876368,4.3288,87.7161952299,87.7161952299,false,false,false,,未涨停,未涨停,4天2板,6.7013,17.778,17.35571428571429,-2.6330532212885287,1.4651411638817813,1747.0332399324604,false,-0.013445378151260567,13.25,断板,16.917142857142856,-0.007230255839821953,1783.0955335677106,5.514271237966573,1,SHSE.603612,2025-02-17,2025-02-17T09:30:00.000000,17.38,2025-02-18T11:30:00.000000,17.52,0.0022923266657230872,1.5,未涨停卖出
SZSE.000779,甘咨询,2025-03-25,10.88,10.99,10.09,10.09,11.21,68017728.0,698282812.84,12.33,10.09,false,false,1.59534051,14.6341,46.9012917068,46.89720001,false,false,true,断板,断板,断板,4天2板,14.4993,10.906,10.754285714285714,-2.9438001784121326,-6.176939426142405,1026.6188438990494,true,-0.09991079393398761,8.59,断板,10.711428571428572,-0.06349206349206349,1224.100041692606,4.6545745532141956,1,SZSE.000779,2025-03-25,2025-03-25T09:30:00.000000,10.88,2025-03-26T11:30:00.000000,9.74,-11.191264354347323,1.5,止损卖出
SHSE.601789,宁波建工,2025-03-11,6.4,6.99,6.36,6.91,6.65,208052033.0,1406113447.37,7.32,5.99,false,false,2.50977904,19.1436,75.097782569,75.097782569,false,false,false,,未涨停,未涨停,5天3板,28.5283,6.702,6.6499999999999995,-3.7593984962406015,3.909774436090236,675.8470114877464,false,0.03909774436090219,4.1,断板,6.538571428571429,0.01526717557251911,666.0122931950057,1.7041730391085828,1,SHSE.601789,2025-03-11,2025-03-11T09:30:00.000000,6.4,2025-03-12T11:30:00.000000,6.98,8.193476095617545,1.5,未涨停卖出
SHSE.603595,ST东尼,2025-03-11,21.69,22.47,21.65,22.12,22.4,8999245.0,197789134.58,24.64,20.16,false,false,1.97368813,3.8716,51.4162425112,51.4162425112,false,false,false,,未涨停,未涨停,5天3板,6.79275,22.438,21.955714285714286,-3.169642857142845,0.7482594833756276,2197.8414253640167,false,-0.012499999999999845,17.48,断板,21.83142857142857,-0.020979020979021046,2258.2078070299385,2.6043711556079003,1,SHSE.603595,2025-03-11,2025-03-11T09:30:00.000000,21.69,2025-03-12T11:30:00.000000,22.31,2.0388707962065933,1.5,未涨停卖出
SZSE.002283,天润工业,2025-03-14,7.66,7.94,7.46,7.9,7.86,109052182.0,837762414.22,8.65,7.07,false,false,4.51372531,10.8669,90.01711706200001,79.278587891,false,false,true,断板,断板,断板,5天2板,19.139599999999998,7.814,7.76,-2.5445292620865163,1.8041237113402135,768.2215970882637,false,0.0050890585241729624,5.46,断板,7.638571428571429,-0.06428571428571428,789.5692267321456,2.8988217692163842,1,SZSE.002283,2025-03-14,2025-03-14T09:30:00.000000,7.66,2025-03-17T11:30:00.000000,7.95,2.958921494179913,1.5,未涨停卖出
SZSE.002574,明牌珠宝,2025-03-21,7.15,7.2,6.74,6.74,7.49,78128116.0,538983920.22,8.24,6.74,false,false,2.39750625,14.797,35.5872,35.5872,false,false,false,,未涨停,未涨停,6天6板,20.01476666666667,7.756,7.492857142857143,-4.539385847797061,-10.047664442326022,689.871902478744,true,-0.1001335113484646,4.55,断板,7.375714285714286,-0.06374999999999997,777.0954631286921,1.5494867325198471,1,SZSE.002574,2025-03-21,2025-03-21T09:30:00.000000,7.15,2025-03-24T11:30:00.000000,6.09,-15.503858691109698,1.5,止损卖出
SZSE.002580,圣阳股份,2025-03-21,16.2,16.43,15.26,15.56,16.95,87273483.0,1370265523.48,18.65,15.26,false,false,4.21176963,19.2938,70.6220153108,70.38391728,false,false,false,,未涨停,未涨停,2天1板,24.598999999999997,16.863999999999997,16.5,-4.424778761061947,-5.696969696969694,1570.0823163892749,true,-0.0820058997050147,8.73,断板,16.509999999999998,-0.03253424657534243,1723.8173707259755,2.66505148394913,1,SZSE.002580,2025-03-21,2025-03-21T09:30:00.000000,16.2,2025-03-24T11:30:00.000000,14.34,-12.186808322266486,1.5,止损卖出
SHSE.600729,重庆百货,2025-03-03,29.9,30.47,28.32,28.33,31.12,17603089.0,508259558.65,34.23,28.01,false,false,3.4479508,9.3424,124.8071285641,53.3798857412,false,false,true,断板,断板,断板,2天2板,5.08775,30.222,29.23428571428571,-3.920308483290496,-3.093236903831114,2887.3316419067132,false,-0.08965295629820058,26.48,断板,29.09142857142857,-0.0713219934347955,3269.352997213955,6.973089766254187,1,SHSE.600729,2025-03-03,2025-03-03T09:30:00.000000,29.9,2025-03-04T11:30:00.000000,28.0,-7.100694213114112,1.5,未涨停卖出
SHSE.603278,大业股份,2025-03-03,12.19,12.58,11.51,11.7,12.58,46144125.0,550876833.43,13.84,11.32,false,false,1.46999479,13.5019,39.985848864000005,39.985848864000005,false,false,true,断板,断板,断板,3天3板,17.588433333333334,12.506,11.957142857142857,-3.1001589825119282,-2.150537634408609,1193.8179203311363,false,-0.06995230524642293,7.66,断板,11.917142857142858,-0.10014306151645214,1320.5377102580221,5.562215296092056,1,SHSE.603278,2025-03-03,2025-03-03T09:30:00.000000,12.19,2025-03-04T15:00:00.000000,12.17,-0.9595743359621519,2.0,未涨停卖出
SHSE.605100,华丰股份,2025-03-17,27.8,29.5,27.55,27.57,28.63,28389624.0,802413346.33,31.49,25.77,false,false,2.18014485,16.7065,47.181092400000004,46.8502524,false,false,true,断板,断板,断板,15天11板,21.362366666666663,29.236,28.404285714285713,-2.8990569332867566,-2.937182517728708,2826.4317496068284,false,-0.037024100593782694,13.33,断板,28.444285714285712,-0.08354673495518561,2935.2481073941117,0.6529054291597649,1,SHSE.605100,2025-03-17,2025-03-17T09:30:00.000000,27.8,2025-03-18T11:30:00.000000,27.02,-3.5802115279887685,1.5,未涨停卖出
SHSE.603048,浙江黎明,2025-03-12,19.28,21.3,19.15,20.59,19.85,16047029.0,322561808.58,21.84,17.87,false,false,1.05333172,10.9253,30.242592000000002,30.242592000000002,false,false,false,,未涨停,未涨停,4天4板,7.168,21.2,20.327142857142857,-2.871536523929472,1.2931337409515802,2010.1029828013648,false,0.037279596977329854,14.94,断板,19.63,-0.08314087759815225,1992.4938576436812,1.1207335710647093,1,SHSE.603048,2025-03-12,2025-03-12T09:30:00.000000,19.28,2025-03-13T11:30:00.000000,19.33,-0.5395430725232137,1.5,未涨停卖出
SHSE.603788,宁波高发,2025-03-20,20.2,21.57,19.05,20.12,20.8,35737755.0,718133475.95,22.88,18.72,false,false,1.95069996,16.0212,44.8806916816,44.8806916816,false,false,false,,未涨停,未涨停,4天3板,9.525400000000001,20.582,19.91,-2.8846153846153912,1.0547463586137662,2009.4532405575,false,-0.03269230769230769,14.31,断板,19.452857142857145,0.002409638554216942,2155.7970393519536,6.925167070573542,1,SHSE.603788,2025-03-20,2025-03-20T09:30:00.000000,20.2,2025-03-21T11:30:00.000000,18.89,-7.230286773697274,1.5,未涨停卖出
SZSE.002639,雪人集团,2025-04-02,8.8,9.59,8.72,9.44,9.16,215243908.0,1949910426.58,10.08,8.24,false,false,3.08768008,33.0848,72.93364560319999,61.4149224864,false,false,false,,未涨停,未涨停,4天2板,31.739,8.834,8.774285714285714,-3.9301310043668063,7.587105177466621,905.9073702471524,false,0.03056768558951961,7.3,炸板,8.544285714285715,0.07259953161592514,895.3658389995992,7.206152817254628,1,SZSE.002639,2025-04-02,2025-04-02T09:30:00.000000,8.8,2025-04-03T11:30:00.000000,9.26,4.388808402752609,1.5,未涨停卖出
SZSE.002639,雪人集团,2025-04-01,8.3,9.39,8.25,9.16,8.54,199184237.0,1783427614.77,9.39,7.69,false,false,3.08768008,30.6163,70.7703595048,59.5932934296,false,true,false,,炸板,6天2板,4天2板,25.7334,8.674,8.544285714285715,-2.8103044496486937,7.206152817254628,895.3658389995992,false,0.07259953161592514,7.3,断板,8.364285714285714,-0.04260089686098667,891.0181558338941,2.1007685738684834,1,SZSE.002639,2025-04-01,2025-04-01T09:30:00.000000,8.3,2025-04-02T11:30:00.000000,9.08,8.525896414342615,1.5,未涨停卖出
SHSE.600403,大有能源,2025-03-24,3.83,3.98,3.56,3.61,3.95,73110895.0,270820756.93,4.35,3.56,false,false,4.75922487,3.058,86.3083277122,86.3083277122,false,false,false,,未涨停,未涨停,8天5板,4.052449999999999,4.06,3.9457142857142853,-3.0379746835443067,-8.508327299058646,370.4246226639682,true,-0.08607594936708873,2.66,断板,3.9099999999999997,-0.09817351598173507,412.26946674217095,1.0230179028133117,1,SHSE.600403,2025-03-24,2025-03-24T09:30:00.000000,3.83,2025-03-26T11:30:00.000000,4.21,9.045801129684925,2.5,未涨停卖出
SHSE.601608,中信重工,2025-03-28,5.6,5.83,5.18,5.18,5.76,364528184.0,1940790612.91,6.34,5.18,false,false,1.60868424,8.0106,237.2208680366,235.71941877400002,false,false,true,断板,断板,断板,4天3板,9.639966666666666,5.678,5.49,-2.7777777777777803,-5.64663023679418,532.4116757210741,true,-0.10069444444444442,4.06,断板,5.4157142857142855,-0.05728314238952548,588.2724428244428,6.357161698760222,1,SHSE.601608,2025-03-28,2025-03-28T09:30:00.000000,5.6,2025-03-31T11:30:00.000000,4.74,-16.031587933978365,1.5,止损卖出
SZSE.002115,三维通信,2025-03-28,9.55,9.71,9.11,9.19,9.89,173339807.0,1621439369.19,10.88,8.9,false,false,6.24045406,23.0445,74.5301034108,69.1267693908,false,false,true,断板,断板,断板,4天2板,22.671299999999995,9.4,9.272857142857143,-3.437815975733062,-0.8935449083346255,935.4108541207734,false,-0.07077856420626905,7.08,断板,9.231428571428571,0.024870466321243567,980.9611892622479,7.13401423707831,1,SZSE.002115,2025-03-28,2025-03-28T09:30:00.000000,9.55,2025-03-31T11:30:00.000000,8.78,-8.795394338874868,1.5,未涨停卖出
SZSE.002682,龙洲股份,2025-03-28,5.25,5.8,5.11,5.19,5.41,92460619.0,501602884.44,5.95,4.87,false,false,2.60573941,16.4415,29.186930028600003,29.186494068600002,false,false,true,断板,断板,断板,3天2板,14.4101,5.368,5.234285714285714,-2.957486136783736,-0.8460698689956201,542.5043546809912,false,-0.0406654343807763,4.29,断板,5.181428571428571,-0.04585537918871252,568.784604377473,4.411359250068947,1,SZSE.002682,2025-03-28,2025-03-28T09:30:00.000000,5.25,2025-04-01T09:30:00.000000,4.2,-20.637450199203172,2.0,大幅低开卖出
SZSE.002735,王子新材,2025-03-28,10.61,11.31,10.4,10.6,11.05,70885775.0,770483014.77,12.16,9.95,false,false,3.44577114,25.2626,40.492694618,29.74315586,false,false,false,,未涨停,未涨停,2天2板,19.1361,10.84,10.5,-3.9819004524886994,0.952380952380949,1086.9360104619016,false,-0.040723981900452566,8.87,断板,10.398571428571428,0.050380228136882144,1095.3399461478016,6.264596785272718,1,SZSE.002735,2025-03-28,2025-03-28T09:30:00.000000,10.61,2025-03-31T11:30:00.000000,10.24,-4.2563018425825465,1.5,未涨停卖出
SZSE.000025,特力A,2025-04-23,18.6,19.16,17.74,17.8,19.29,50295324.0,923205040.14,21.22,17.36,false,false,1.96617905,12.805,69.91454096,69.91454096,false,false,false,,未涨停,未涨停,3天3板,13.334066666666667,19.526,18.722857142857144,-3.5769828926905016,-4.929040134289641,1835.56833263466,false,-0.07724209434940377,13.86,断板,18.49142857142857,-0.03982080637132901,1945.6520671217245,4.318603213844249,1,SZSE.000025,2025-04-23,2025-04-23T09:30:00.000000,18.6,2025-04-24T11:30:00.000000,17.23,-8.103714175555844,1.5,未涨停卖出
SHSE.600598,北大荒,2025-04-14,16.5,17.43,16.5,16.98,17.06,159219440.0,2688631924.72,18.77,15.35,false,false,2.09306635,8.9566,301.8500485482,301.8500485482,false,false,false,,未涨停,未涨停,3天3板,11.488266666666666,17.844,17.02142857142857,-3.282532239155913,-0.24339068401173133,1688.632948790675,false,-0.004689331770222682,13.65,断板,16.585714285714285,-0.09973614775725592,1733.9973694889356,2.8596037898363424,1,SHSE.600598,2025-04-14,2025-04-14T09:30:00.000000,16.5,2025-04-15T11:30:00.000000,16.25,-2.299891343716075,1.5,未涨停卖出
SHSE.600787,中储股份,2025-04-14,6.45,6.75,6.42,6.69,6.62,155658133.0,1027519525.27,7.28,5.96,false,false,24.33833794,7.1729,145.50432760200002,145.1783240358,false,false,false,,未涨停,未涨停,2天2板,7.392049999999999,6.522,6.299999999999999,-2.567975830815709,6.190476190476215,660.1129703065371,false,0.010574018126888296,5.43,断板,6.171428571428571,-0.008982035928143617,668.0048390994601,7.2685185185185315,1,SHSE.600787,2025-04-14,2025-04-14T09:30:00.000000,6.45,2025-04-15T11:30:00.000000,6.48,-0.3354025757435372,1.5,未涨停卖出
SZSE.001258,立新能源,2025-04-09,7.75,7.89,7.34,7.37,8.15,76784904.0,571392214.87,8.97,7.34,false,false,1.01829143,16.3822,68.7866667158,34.5438834433,false,false,false,,未涨停,未涨停,4天3板,12.5708,7.928,7.841428571428572,-4.907975460122704,-6.012024048096194,744.1465510850935,true,-0.09570552147239264,6.27,断板,7.731428571428572,0.03034134007585343,802.1968600144337,5.413895048041383,1,SZSE.001258,2025-04-09,2025-04-09T09:30:00.000000,7.75,2025-04-10T11:30:00.000000,7.48,-4.252923788716097,1.5,未涨停卖出
SHSE.603313,梦百合,2025-04-10,6.8,7.5,6.8,7.12,7.1,43563651.0,311191552.69,7.81,6.39,false,false,1.82082012,7.6349,40.625786212,40.625786212,false,false,true,断板,断板,断板,3天2板,7.78605,7.062,6.817142857142857,-4.225352112676054,4.442581726739321,714.337631366113,false,0.0028169014084507005,6.07,断板,6.67,-0.04953145917001345,713.495935082614,6.446776611694149,1,SHSE.603313,2025-04-10,2025-04-10T09:30:00.000000,6.8,2025-04-14T11:30:00.000000,7.75,13.062456058120464,2.5,未涨停卖出
SHSE.603697,有友食品,2025-04-24,12.6,13.62,12.56,13.55,12.97,25854956.0,338198754.51,14.27,11.67,false,false,1.73188345,6.0452,57.952279278999995,57.952279278999995,false,false,true,断板,断板,断板,2天2板,7.9438,12.868,12.542857142857143,-2.8527370855821204,8.029612756264244,1308.061613061728,false,0.04471858134155737,8.81,断板,12.307142857142859,-0.04145454545454552,1333.0991710345304,7.092280905397547,1,SHSE.603697,2025-04-24,2025-04-24T09:30:00.000000,12.6,2025-04-25T15:00:00.000000,13.52,6.446594574084606,2.0,未涨停卖出
SZSE.002165,红宝丽,2025-04-24,11.5,12.74,11.5,12.3,11.97,323348894.0,3959518361.63,13.17,10.77,false,false,8.0080824,44.4387,90.43818995100001,89.49842800799999,false,false,true,断板,断板,断板,6天5板,34.77276666666666,12.315999999999999,11.752857142857144,-3.9264828738513002,4.655402941533973,1224.5343760569658,false,0.027568922305764465,4.61,断板,11.274285714285714,-0.09999999999999998,1197.8566584423102,6.170805879371524,1,SZSE.002165,2025-04-24,2025-04-24T09:30:00.000000,11.5,2025-04-25T11:30:00.000000,11.43,-1.4006582366187503,1.5,未涨停卖出
SHSE.600590,泰豪科技,2025-04-16,10.0,10.1,9.29,9.29,10.32,88126231.0,837936033.79,11.35,9.29,false,false,4.43127764,10.4468,79.231599775,78.36760868670001,false,false,true,断板,断板,断板,3天2板,14.218599999999999,9.904,9.574285714285713,-3.1007751937984525,-2.9692629065950418,950.8361180112196,true,-0.09980620155038766,6.22,断板,9.611428571428572,-0.020872865275142205,1029.4760887028074,7.372175980975025,1,SHSE.600590,2025-04-16,2025-04-16T09:30:00.000000,10.0,2025-04-17T11:30:00.000000,9.26,-8.13784860557769,1.5,未涨停卖出
SZSE.000582,北部湾港,2025-04-16,9.37,10.17,9.19,9.46,9.72,188046340.0,1812777870.35,10.69,8.75,false,false,4.12983832,10.3904,220.0476612444,171.2082767846,false,false,false,,未涨停,未涨停,3天2板,10.082550000000001,9.998000000000001,9.672857142857143,-3.6008230452675036,-2.2005612169546573,964.0059308519379,false,-0.02674897119341557,8.02,断板,9.48857142857143,-0.09999999999999998,1008.1705860292334,2.439024390243901,1,SZSE.000582,2025-04-16,2025-04-16T09:30:00.000000,9.37,2025-04-17T11:30:00.000000,9.43,-0.16157355636151738,1.5,未涨停卖出
SZSE.000626,远大控股,2025-04-16,5.79,6.08,5.49,5.55,5.95,37367486.0,214636056.45,6.55,5.36,false,false,8.21606408,7.4434,28.246195752,28.0846717155,false,false,true,断板,断板,断板,3天3板,4.116700000000001,5.916,5.609999999999999,-2.6890756302521033,-1.0695187165775333,574.3925519902516,false,-0.06722689075630262,4.35,断板,5.514285714285714,-0.0998487140695915,636.4118032429444,7.901554404145082,1,SZSE.000626,2025-04-16,2025-04-16T09:30:00.000000,5.79,2025-04-17T11:30:00.000000,5.48,-6.10820964845282,1.5,未涨停卖出
SZSE.002732,燕塘乳业,2025-04-16,18.0,18.75,17.4,18.24,18.48,16024657.0,288351815.3,20.33,16.63,false,false,1.11267998,10.2351,28.70064,28.5576695904,false,false,true,断板,断板,断板,3天2板,12.56565,18.558,17.927142857142858,-2.5974025974025996,1.7451589768108882,1799.4258179753863,false,-0.012987012987013102,14.74,断板,17.47142857142857,-0.06854838709677413,1905.0160495666616,5.772690106295995,1,SZSE.002732,2025-04-16,2025-04-16T09:30:00.000000,18.0,2025-04-17T11:30:00.000000,18.08,-0.35590969455511895,1.5,未涨停卖出
SZSE.002162,悦心健康,2025-03-19,4.98,5.05,4.71,4.74,5.2,128714169.0,626843678.09,5.72,4.68,false,false,2.20636581,13.9801,43.68309596220001,43.6410379422,false,false,true,断板,断板,断板,2天2板,10.2593,5.046,4.898571428571429,-4.230769230769226,-3.237095363079611,487.00440904062395,true,-0.08846153846153848,3.29,断板,4.905714285714285,-0.06976744186046502,538.923636122475,5.998835177635434,1,SZSE.002162,2025-03-19,2025-03-19T09:30:00.000000,4.98,2025-03-20T11:30:00.000000,4.66,-7.171314741035848,1.5,未涨停卖出
SHSE.603178,圣龙股份,2025-04-28,18.1,18.79,17.89,17.95,18.78,14915244.0,271344058.64,20.66,16.9,false,false,1.05656429,6.309,42.4359326395,42.4359326395,false,false,false,,未涨停,未涨停,2天2板,4.384600000000001,18.700000000000003,17.98857142857143,-3.6208732694355676,-0.21442185514613266,1819.239823632788,false,-0.044195953141640154,14.71,断板,17.734285714285715,-0.01675392670157072,1942.4388657896322,5.896568390526827,1,SHSE.603178,2025-04-28,2025-04-28T09:30:00.000000,18.1,2025-04-29T11:30:00.000000,17.52,-3.975699412295587,1.5,未涨停卖出
SHSE.603669,灵康药业,2025-04-28,4.26,4.34,3.94,4.1,4.38,37832055.0,154380721.34,4.82,3.94,false,false,3.22066077,5.2454,29.571034955000002,29.571034955000002,false,false,true,断板,断板,断板,4天2板,2.0136000000000003,4.3340000000000005,4.307142857142858,-2.739726027397263,-4.809286898839161,408.068558105025,true,-0.06392694063926951,3.45,断板,4.295714285714286,-0.051948051948051965,442.11486893626096,1.9620884602593793,1,SHSE.603669,2025-04-28,2025-04-28T09:30:00.000000,4.26,2025-04-29T11:30:00.000000,4.3,0.13467257729645682,1.5,未涨停卖出
SZSE.002584,西陇科学,2025-04-28,10.22,10.46,9.52,9.64,10.56,122523012.0,1220393914.87,11.62,9.5,false,false,2.69794666,28.3294,56.414863080800004,45.1563172028,false,false,true,断板,断板,断板,6天3板,29.023449999999997,10.192,9.895714285714288,-3.2196969696969684,-2.5840912371878293,996.0528189349441,true,-0.08712121212121215,7.31,断板,9.81,-0.020408163265306034,1078.4317826341212,7.64525993883792,1,SZSE.002584,2025-04-28,2025-04-28T09:30:00.000000,10.22,2025-04-29T11:30:00.000000,9.1,-11.668394913496703,1.5,止损卖出
SHSE.601890,亚星锚链,2025-03-27,9.72,10.93,9.18,10.58,10.02,207831207.0,2064127599.72,11.02,9.02,false,false,2.89013933,21.6626,101.50452,101.50452,false,false,false,,未涨停,未涨停,3天3板,18.5552,10.536,10.1,-2.9940119760478936,4.752475247524757,993.1750046180505,false,0.055888223552894356,7.41,断板,9.847142857142858,-0.02529182879377434,1013.468259220509,1.755404033077023,1,SHSE.601890,2025-03-27,2025-03-27T09:30:00.000000,9.72,2025-03-28T11:30:00.000000,9.91,1.1423442034331872,1.5,未涨停卖出
SZSE.002094,青岛金王,2025-05-16,8.23,9.2,7.97,8.64,8.48,262451200.0,2240807780.38,9.33,7.63,false,false,5.30449893,38.0114,59.6935482336,59.655186633599996,false,false,true,断板,断板,断板,2天2板,40.369350000000004,8.33,8.095714285714285,-2.9481132075471694,6.723133933298055,853.7997846380584,false,0.018867924528301883,5.09,断板,7.945714285714287,-0.05462653288740249,872.4970147248206,6.724199928083416,1,SZSE.002094,2025-05-16,2025-05-16T09:30:00.000000,8.23,2025-05-19T11:30:00.000000,8.99,8.364113412691882,1.5,未涨停卖出
SZSE.002331,皖通科技,2025-05-16,7.91,8.18,7.73,7.97,8.27,72876580.0,579346382.14,9.1,7.44,false,false,5.39614387,18.4104,33.9069103953,31.5488700115,false,false,false,,未涨停,未涨停,2天2板,19.06015,8.559999999999999,8.281428571428572,-4.353083434099147,-3.7605658099016828,794.9692235008832,false,-0.03627569528415964,6.07,断板,8.228571428571428,-0.10010881392818283,858.3729971674194,0.503472222222227,1,SZSE.002331,2025-05-16,2025-05-16T09:30:00.000000,7.91,2025-05-19T11:30:00.000000,7.86,-1.4238872575437855,1.5,未涨停卖出
SZSE.002825,纳尔股份,2025-05-16,10.81,11.76,10.81,11.39,11.24,32512376.0,368965065.47,12.36,10.12,false,false,3.09183524,12.4917,38.9570661964,29.6449748772,false,false,false,,未涨停,未涨停,3天2板,15.66555,11.636,11.299999999999999,-3.825622775800709,0.796460176991165,1134.844975556385,false,0.013345195729537407,6.6,断板,11.049999999999999,-0.10008006405124104,1156.5209482890696,1.7194570135746723,1,SZSE.002825,2025-05-16,2025-05-16T09:30:00.000000,10.81,2025-05-19T11:30:00.000000,10.52,-3.45813784639427,1.5,未涨停卖出
SHSE.600610,中毅达,2025-05-12,11.4,12.84,11.4,11.87,11.84,124869182.0,1515991287.11,13.02,10.66,false,false,51.52567524,17.6188,84.38556361350001,84.1258598835,false,false,false,,未涨停,未涨停,5天2板,19.4869,12.272,11.832857142857142,-3.7162162162162122,0.31389593142581385,1214.0636006648942,false,0.0025337837837837718,6.8,断板,11.554285714285713,-0.10030395136778114,1184.0,2.47279920870426,1,SHSE.600610,2025-05-12,2025-05-12T09:30:00.000000,11.4,2025-05-15T11:30:00.000000,14.12,22.872719647724903,3.5,未涨停卖出
SHSE.603030,全筑股份,2025-05-12,2.72,2.76,2.62,2.65,2.8,158053900.0,421962177.92,3.08,2.52,false,false,3.58947569,12.0017,34.89873828,34.89873828,false,false,false,,未涨停,未涨停,4天4板,7.235266666666667,2.882,2.7785714285714285,-2.857142857142844,-4.627249357326478,266.9735944003913,false,-0.05357142857142849,1.93,断板,2.7114285714285713,-0.024390243902439157,269.27014020524814,3.266596417281347,1,SHSE.603030,2025-05-12,2025-05-12T09:30:00.000000,2.72,2025-05-13T11:30:00.000000,2.57,-6.267576751816288,1.5,未涨停卖出
SHSE.600744,华银电力,2025-05-06,4.23,4.86,4.11,4.86,4.42,319244871.0,1476320440.47,4.86,3.98,false,false,3.01412594,15.7176,98.71263971639999,98.71263971639999,true,false,false,,涨停,6天4板,3天3板,1.9752333333333334,4.618,4.348571428571429,-4.298642533936641,11.760840998685943,462.4413967389941,false,0.09954751131221728,3.09,断板,4.162857142857143,-0.09979633401221999,457.9102856123893,6.177076183939601,1,SHSE.600744,2025-05-06,2025-05-06T09:30:00.000000,4.23,2025-05-07T11:30:00.000000,5.09,19.372156763018836,1.5,未涨停卖出
SZSE.002564,天沃科技,2025-05-06,5.6,6.1,5.6,6.02,5.83,115477821.0,678511485.0,6.41,5.25,false,false,3.24522925,13.4448,51.706049515400004,51.706049515400004,false,false,false,,未涨停,未涨停,11天7板,14.413350000000001,5.816000000000001,5.695714285714287,-3.9451114922813106,5.693503887634789,587.5686596130005,false,0.032590051457976,3.52,断板,5.635714285714286,-0.04426229508196711,611.1271669280469,3.447401774397966,1,SZSE.002564,2025-05-06,2025-05-06T09:30:00.000000,5.6,2025-05-07T11:30:00.000000,6.13,8.592060330108126,1.5,未涨停卖出
SZSE.002196,方正电机,2025-04-29,9.11,10.34,9.11,10.34,9.4,75614893.0,743855227.33,10.34,8.46,false,false,2.79738809,15.4818,51.273157562,50.5016360838,true,false,false,,涨停,5天3板,2天2板,4.5409000000000015,9.634,9.195714285714287,-3.085106382978733,12.443684946403591,983.7416913755336,false,0.09999999999999987,6.4,断板,8.822857142857142,-0.05146316851664978,962.099780006595,6.541450777202086,1,SZSE.002196,2025-04-29,2025-04-29T09:30:00.000000,9.11,2025-04-30T11:30:00.000000,10.34,12.597250952283067,1.5,未涨停卖出
SZSE.002537,海联金汇,2025-04-29,7.67,7.77,7.26,7.26,8.07,273897447.0,2030391921.16,8.88,7.26,false,false,6.8882725,23.3299,85.233615687,85.233615687,false,false,false,,未涨停,未涨停,4天4板,13.340800000000002,8.278,7.9314285714285715,-4.956629491945481,-8.46541786743516,741.2964025035253,true,-0.10037174721189601,4.87,断板,7.768571428571429,-0.10033444816053516,836.2030633513225,3.8801029790364128,1,SZSE.002537,2025-04-29,2025-04-29T09:30:00.000000,7.67,2025-04-30T11:30:00.000000,7.04,-8.945184061667277,1.5,未涨停卖出
SHSE.600712,南宁百货,2025-04-17,6.24,6.49,6.03,6.14,6.56,73418750.0,457815222.21,7.22,5.9,false,false,4.96637639,13.6302,33.441839104,33.0730099794,false,false,false,,未涨停,未涨停,2天2板,5.9158,6.552,6.301428571428572,-4.878048780487796,-2.5617773747449637,623.5671707976504,false,-0.06402439024390238,4.61,断板,6.142857142857143,0.007680491551459223,623.6690790734749,6.790697674418592,1,SHSE.600712,2025-04-17,2025-04-17T09:30:00.000000,6.24,2025-04-18T11:30:00.000000,5.98,-4.930278884462156,1.5,未涨停卖出
SZSE.000670,盈方微,2025-04-17,6.34,6.8,6.34,6.59,6.57,78193271.0,519132406.33,7.23,5.91,false,false,3.36227162,10.8285,55.322348823999995,47.5868323208,false,false,false,,未涨停,未涨停,2天2板,2.24565,6.642,6.345714285714286,-3.5007610350076166,3.8496172895092218,663.9093104699508,false,0.003044140030441289,4.84,断板,6.172857142857144,-0.06008583690987124,657.4583160427013,6.433695903725968,1,SZSE.000670,2025-04-17,2025-04-17T09:30:00.000000,6.34,2025-04-18T11:30:00.000000,6.24,-2.3615317908177857,1.5,未涨停卖出
SHSE.605138,盛泰集团,2025-04-21,6.0,6.11,5.93,6.01,6.27,16770441.0,100665247.4,6.9,5.64,false,false,1.06100747,3.0186,33.3893012016,33.3893012016,false,false,true,断板,断板,断板,2天2板,0.9739,6.263999999999999,6.112857142857143,-4.3062200956937735,-1.682636129936907,600.2540267128336,false,-0.04146730462519932,4.72,断板,6.055714285714286,-0.09913793103448276,656.4641537618452,3.538570417551296,1,SHSE.605138,2025-04-21,2025-04-21T09:30:00.000000,6.0,2025-04-22T11:30:00.000000,5.92,-2.1195219123506157,1.5,未涨停卖出
SZSE.002255,海陆重工,2025-04-21,8.61,8.94,8.5,8.81,8.84,109280306.0,954063525.08,9.72,7.96,false,false,4.15711379,17.1293,73.2006209455,56.2053546083,false,false,true,断板,断板,断板,4天2板,13.085799999999999,8.616,8.407142857142857,-2.601809954751136,4.791843670348356,873.0425087572504,false,-0.0033936651583709176,6.31,断板,8.244285714285715,-0.0056242969628796935,893.5440595590375,7.225784092878178,1,SZSE.002255,2025-04-21,2025-04-21T09:30:00.000000,8.61,2025-04-22T11:30:00.000000,8.48,-2.294654136068961,1.5,未涨停卖出
SHSE.600865,百大集团,2025-04-25,10.3,10.3,9.64,9.67,10.66,36279739.0,360612822.47,11.73,9.59,false,false,4.81464739,9.6427,36.3824385572,36.3824385572,false,false,false,,未涨停,未涨停,3天3板,4.518633333333334,11.075999999999999,10.709999999999999,-3.3771106941838593,-9.71055088702147,993.9785467310005,true,-0.09287054409005635,7.8,断板,10.629999999999999,-0.059964726631393295,1057.2680342377535,0.28222013170273885,1,SHSE.600865,2025-04-25,2025-04-25T09:30:00.000000,10.3,2025-04-28T11:30:00.000000,9.5,-8.501914671411456,1.5,未涨停卖出
SHSE.603681,永冠新材,2025-05-29,16.02,18.45,16.02,18.45,16.77,39945025.0,709711454.89,18.45,15.09,false,false,1.06049262,20.8993,35.2636704225,35.2636704225,true,false,false,,涨停,5天4板,3天3板,15.726533333333336,17.238,16.3,-4.47227191413238,13.190184049079745,1776.7205174862202,false,0.10017889087656529,11.84,断板,15.644285714285715,-0.0998389694041868,1752.3541302321185,7.195689891334117,1,SHSE.603681,2025-05-29,2025-05-29T09:30:00.000000,16.02,2025-05-30T11:30:00.000000,17.23,6.696062193174878,1.5,未涨停卖出
SZSE.000561,烽火电子,2025-05-29,9.61,10.39,9.19,9.68,9.91,114969891.0,1103907035.15,10.9,8.92,false,false,2.03139897,19.1047,72.5776589472,58.2532785824,false,false,true,断板,断板,断板,4天3板,13.964566666666668,9.952,9.481428571428571,-3.027245206861763,2.094319722766308,960.1705503486996,false,-0.02320887991927345,7.03,断板,9.247142857142858,-0.08155699721964771,1016.0917932977359,7.168237293372459,1,SZSE.000561,2025-05-29,2025-05-29T09:30:00.000000,9.61,2025-05-30T11:30:00.000000,8.97,-7.403476624200382,1.5,未涨停卖出
SZSE.002259,升达林业,2025-05-29,4.2,4.35,4.0,4.22,4.35,45352242.0,190647255.33,4.79,3.92,false,false,2.58494685,6.0283,31.748252867399998,31.748252867399998,false,false,true,断板,断板,断板,4天2板,4.226050000000001,4.296,4.22,-3.4482758620689538,0.0,420.37007857296226,false,-0.029885057471264354,2.21,断板,4.142857142857143,-0.029017857142857317,446.5208538874166,4.999999999999981,1,SZSE.002259,2025-05-29,2025-05-29T09:30:00.000000,4.2,2025-05-30T11:30:00.000000,4.06,-4.103585657370537,1.5,未涨停卖出
SHSE.601007,金陵饭店,2025-04-22,7.92,8.05,7.47,7.75,8.18,78620382.0,608310235.05,9.0,7.36,false,false,1.51545047,20.1591,30.225,30.225,false,false,false,,未涨停,未涨停,2天2板,14.1544,8.040000000000001,7.74,-3.178484107579459,0.12919896640826598,773.7309582774603,false,-0.05256723716381417,6.12,断板,7.621428571428572,0.007389162561576512,830.8274933492837,7.328959700093711,1,SHSE.601007,2025-04-22,2025-04-22T09:30:00.000000,7.92,2025-04-23T11:30:00.000000,7.42,-7.059640226970913,1.5,未涨停卖出
SHSE.601068,中铝国际,2025-04-22,5.2,5.2,4.95,4.95,5.47,89735465.0,450901127.05,6.02,4.92,false,false,1.00463678,3.5059,128.02483321649999,126.69973801649999,false,false,true,断板,断板,断板,2天2板,2.0238,5.236,5.134285714285714,-4.936014625228512,-3.5893155258764584,502.47817521199676,true,-0.09506398537477145,3.95,断板,5.101428571428571,-0.05034722222222221,544.6938107792122,7.224866984038079,1,SHSE.601068,2025-04-22,2025-04-22T09:30:00.000000,5.2,2025-04-23T11:30:00.000000,4.76,-9.190928593319041,1.5,未涨停卖出
SZSE.002098,浔兴股份,2025-04-22,8.72,9.89,8.72,9.36,9.1,56956716.0,525277141.26,10.01,8.19,false,false,2.37822744,15.9097,33.5088,33.507396,false,false,false,,未涨停,未涨停,3天3板,3.2243,9.473999999999998,8.987142857142857,-4.175824175824165,4.148783977110157,922.2391636132954,false,0.02857142857142847,6.39,断板,8.678571428571429,-0.09990108803165176,933.7268445495771,4.855967078189293,1,SZSE.002098,2025-04-22,2025-04-22T09:30:00.000000,8.72,2025-04-23T11:30:00.000000,8.94,1.7060199568697687,1.5,未涨停卖出
SHSE.600476,湘邮科技,2025-06-04,18.6,19.0,17.83,18.05,19.09,31260296.0,566979630.53,21.0,17.18,false,false,1.57939838,19.4079,29.073135,29.073135,false,false,false,,未涨停,未涨停,4天2板,22.0532,19.182,19.045714285714286,-2.566788894709264,-5.228022802280227,1813.7372420593842,false,-0.054478784704033445,14.26,断板,18.83857142857143,-0.03634528016153449,1980.7852272670307,1.334647759156733,1,SHSE.600476,2025-06-04,2025-06-04T09:30:00.000000,18.6,2025-06-05T11:30:00.000000,17.67,-5.756972111553783,1.5,未涨停卖出
SHSE.600551,时代出版,2025-06-04,8.43,8.56,8.26,8.37,8.68,47501091.0,397202731.25,9.55,7.81,false,false,4.56722568,7.0055,56.7532235043,56.7532235043,false,false,true,断板,断板,断板,2天2板,8.0428,8.814,8.575714285714286,-2.880184331797235,-2.398800599700158,836.1970701893983,false,-0.03571428571428581,7.71,断板,8.527142857142858,-0.08085977482088014,918.0175064953671,5.310772323672307,1,SHSE.600551,2025-06-04,2025-06-04T09:30:00.000000,8.43,2025-06-05T11:30:00.000000,8.4,-1.149849002566235,1.5,未涨停卖出
SZSE.000695,滨海能源,2025-06-09,15.43,16.4,15.0,16.19,15.9,46207166.0,723148117.27,17.49,14.31,false,false,1.95969219,20.8403,35.9656865641,35.8965269316,false,false,true,断板,断板,断板,13天8板,19.863799999999998,16.107999999999997,15.65857142857143,-2.9559748427672994,3.393850926010404,1565.0129187104874,false,0.01823899371069193,8.04,断板,15.48857142857143,-0.06744868035190621,1672.344359399429,2.656336469286107,1,SZSE.000695,2025-06-09,2025-06-09T09:30:00.000000,15.43,2025-06-10T11:30:00.000000,15.81,1.6462987970348002,1.5,未涨停卖出
SZSE.002731,ST萃华,2025-06-09,13.5,13.76,13.35,13.46,13.86,35009585.0,473361917.72,15.25,12.47,false,false,1.74547681,15.2443,34.4785976,30.91175144,false,false,false,,未涨停,未涨停,2天2板,14.3279,13.862,13.27,-2.5974025974025934,1.4318010550113134,1352.092341911508,false,-0.028860028860028808,9.32,断板,13.117142857142857,-0.06854838709677424,1425.2348996056678,5.663254192986271,1,SZSE.002731,2025-06-09,2025-06-09T09:30:00.000000,13.5,2025-06-10T11:30:00.000000,13.24,-2.707392651615761,1.5,未涨停卖出
SHSE.600774,汉商集团,2025-05-09,8.75,8.98,8.54,8.6,9.01,29803378.0,259972675.93,9.91,8.11,false,false,4.76912977,10.1082,25.372786572,25.356423266,false,false,false,,未涨停,未涨停,3天3板,7.757466666666667,9.296,8.865714285714288,-2.885682574916757,-2.997099581050629,872.2926506183293,false,-0.0455049944506104,6.37,断板,8.752857142857144,-0.09990009990009985,916.7337017334404,2.937816223274022,1,SHSE.600774,2025-05-09,2025-05-09T09:30:00.000000,8.75,2025-05-12T11:30:00.000000,8.47,-3.9713147410358527,1.5,未涨停卖出
SZSE.000695,滨海能源,2025-06-05,15.11,17.05,15.11,17.05,15.5,24934558.0,412129593.3,17.05,13.95,false,false,1.95969219,11.2459,37.8761553995,37.803322062,true,false,false,,涨停,13天8板,11天7板,29.410999999999998,15.504,15.165714285714285,-2.516129032258068,12.424642049736253,1652.844992479915,false,0.10000000000000009,8.04,断板,14.895714285714286,-0.02515723270440251,1583.1626050987293,4.0567756785269,1,SZSE.000695,2025-06-05,2025-06-05T09:30:00.000000,15.11,2025-06-06T11:30:00.000000,16.58,8.854324594408569,1.5,未涨停卖出
SZSE.002743,富煌钢构,2025-06-05,7.75,8.1,7.59,7.68,8.06,61323267.0,476305785.59,8.87,7.25,false,false,2.16218297,14.1112,33.4286191104,33.3750511104,false,false,false,,未涨停,未涨停,2天2板,11.5253,7.956,7.714285714285714,-3.846153846153852,-0.44444444444444975,776.7129980044931,false,-0.047146401985111774,6.22,断板,7.757142857142857,-0.0277442702050662,836.816713133725,3.9042357274401542,1,SZSE.002743,2025-06-05,2025-06-05T09:30:00.000000,7.75,2025-06-06T11:30:00.000000,7.3,-6.556997815190854,1.5,未涨停卖出
SZSE.000576,甘化科工,2025-05-19,8.89,9.0,8.45,8.59,9.14,68624170.0,595073177.77,10.05,8.23,false,false,2.68225882,15.8174,37.4883245826,37.267920215100006,false,false,false,,未涨停,未涨停,4天2板,6.361899999999999,9.386000000000001,9.214285714285714,-2.735229759299781,-6.775193798449607,867.1480875761412,false,-0.06017505470459528,5.83,断板,9.112857142857143,-0.08416833667334667,932.5755888241914,0.2978523279510943,1,SZSE.000576,2025-05-19,2025-05-19T09:30:00.000000,8.89,2025-05-20T11:30:00.000000,8.39,-6.376294596641541,1.5,未涨停卖出
SZSE.003029,吉大正元,2025-06-18,23.81,25.37,23.58,24.96,24.59,30810371.0,761294370.06,27.05,22.13,false,false,1.01595899,18.0344,48.3276086592,42.6422982336,false,false,false,,未涨停,未涨停,2天2板,18.154400000000003,24.756,23.59,-3.17202114680765,5.80754557015685,2470.9029633560726,false,0.015046766978446646,19.9,断板,23.060000000000002,-0.06961785849413549,2510.406900418897,6.634865568083249,1,SZSE.003029,2025-06-18,2025-06-18T09:30:00.000000,23.81,2025-06-19T11:30:00.000000,25.72,7.161107773860452,1.5,未涨停卖出
SZSE.002098,浔兴股份,2025-04-30,9.7,9.88,9.12,9.3,10.13,55703659.0,520084852.2,11.14,9.12,false,false,2.37822744,15.5603,33.294000000000004,33.292605,false,false,true,断板,断板,断板,3天2板,21.2148,10.114,9.815714285714288,-4.244817374136243,-5.253965943821871,933.663715340495,true,-0.08193484698914122,6.39,断板,9.787142857142857,-0.09955555555555551,1030.7120425446053,3.503138227995919,1,SZSE.002098,2025-04-30,2025-04-30T09:30:00.000000,9.7,2025-05-06T11:30:00.000000,9.3,-4.887665831519283,1.5,未涨停卖出
SHSE.600468,百利电气,2025-05-30,6.1,7.01,5.75,7.01,6.37,213971127.0,1349061260.42,7.01,5.73,false,false,9.06214995,19.6712,76.2502460021,76.2502460021,true,false,false,,涨停,5天3板,2天2板,18.3438,6.4719999999999995,6.168571428571428,-4.238618524332817,13.640574339972215,630.4875238704519,true,0.10047095761381475,4.15,断板,6.025714285714286,-0.016975308641975384,650.7628709845253,5.713608345187293,1,SHSE.600468,2025-05-30,2025-05-30T09:30:00.000000,6.1,2025-06-04T11:30:00.000000,8.0,30.102540657043953,2.5,未涨停卖出
SZSE.000561,烽火电子,2025-05-30,9.38,9.4,8.86,8.89,9.68,74675782.0,678609662.32,10.65,8.71,false,false,2.03139897,12.4089,66.6544822356,53.49913704520001,false,false,false,,未涨停,未涨停,4天3板,19.1233,9.815999999999999,9.62142857142857,-3.0991735537189973,-7.602078693392706,908.7412868605783,false,-0.08161157024793375,7.03,断板,9.481428571428571,-0.02320887991927345,960.1705503486996,2.094319722766308,1,SZSE.000561,2025-05-30,2025-05-30T09:30:00.000000,9.38,2025-06-03T11:30:00.000000,9.28,-1.8544160246009638,1.5,未涨停卖出
SZSE.000695,滨海能源,2025-05-30,14.0,15.62,13.65,14.45,14.62,52813112.0,780670090.05,16.08,13.16,false,false,1.95969219,23.8197,32.1003193855,32.038592598,false,false,true,断板,断板,断板,8天6板,24.401899999999998,14.573999999999998,14.538571428571428,-4.240766073871404,-0.6092168615505579,1478.1747571512165,false,-0.011627906976744207,8.04,断板,14.26142857142857,-0.02533333333333343,1507.0987219152987,2.514274266252629,1,SZSE.000695,2025-05-30,2025-05-30T09:30:00.000000,14.0,2025-06-04T11:30:00.000000,16.15,14.437962435970395,2.5,未涨停卖出
SZSE.002846,英联股份,2025-05-30,11.75,11.96,11.12,11.12,12.35,56681484.0,638682575.21,13.59,11.12,false,false,2.64334811,22.0535,46.703292323199996,28.5804122752,false,false,false,,未涨停,未涨停,3天2板,9.47915,12.099999999999998,11.727142857142857,-4.858299595141697,-5.177244487757344,1126.7922611376937,true,-0.09959514170040484,8.47,断板,11.67,-0.015151515151515138,1253.116848989573,5.826906598114822,1,SZSE.002846,2025-05-30,2025-05-30T09:30:00.000000,11.75,2025-06-03T11:30:00.000000,10.96,-7.466644062049661,1.5,未涨停卖出
SHSE.600468,百利电气,2025-06-06,7.02,7.95,6.81,7.95,7.23,281587066.0,2174997086.78,7.95,6.51,false,false,9.06214995,25.8875,86.47495801950001,86.47495801950001,true,false,false,,涨停,9天5板,6天4板,22.71485,7.536,7.218571428571429,-2.9045643153527085,10.132594498317829,772.406601509176,false,0.09958506224066377,4.15,断板,7.018571428571429,-0.07069408740359895,742.3163657206734,3.012416039079996,1,SHSE.600468,2025-06-06,2025-06-06T09:30:00.000000,7.02,2025-06-09T11:30:00.000000,8.07,14.04127081417919,1.5,未涨停卖出
SHSE.605599,菜百股份,2025-06-06,17.38,17.5,16.85,17.19,17.97,16348310.0,280008300.49,19.77,16.17,false,false,1.12832548,2.1019,133.70000382,133.70000382,false,false,true,断板,断板,断板,5天3板,3.5003,17.268,17.04,-3.2832498608792426,0.8802816901408576,1712.7660320241052,false,-0.04340567612687796,12.06,断板,16.75857142857143,-0.03955104222340999,1794.9169672261319,7.228710254880223,1,SHSE.605599,2025-06-06,2025-06-06T09:30:00.000000,17.38,2025-06-09T11:30:00.000000,17.18,-1.93839142853212,1.5,未涨停卖出
SZSE.000953,河化股份,2025-06-06,8.32,8.68,7.69,7.69,8.54,92800948.0,750090726.29,9.39,7.69,false,false,2.00577096,25.347,28.1547967955,28.1547967955,false,false,false,,未涨停,未涨停,5天2板,18.4739,8.454,8.3,-2.576112412177973,-7.349397590361449,808.2791635813893,true,-0.09953161592505844,5.47,断板,8.365714285714287,-0.022883295194508158,879.5334144135277,2.083333333333313,1,SZSE.000953,2025-06-06,2025-06-06T09:30:00.000000,8.32,2025-06-09T11:30:00.000000,7.84,-6.520073551946062,1.5,未涨停卖出
SZSE.002345,潮宏基,2025-06-06,14.89,15.32,14.24,14.44,15.43,100379588.0,1472466899.32,16.97,13.89,false,false,8.21454215,11.5777,128.3012348908,125.195430306,false,false,true,断板,断板,断板,3天2板,7.51415,15.488,14.948571428571428,-3.4996759559300012,-3.4021406727828767,1466.898727777205,false,-0.0641607258587168,8.6,断板,14.714285714285714,-0.0997666277712953,1648.522140568643,4.864077669902916,1,SZSE.002345,2025-06-06,2025-06-06T09:30:00.000000,14.89,2025-06-09T11:30:00.000000,14.34,-4.461134642089814,1.5,未涨停卖出
SHSE.600340,华夏幸福,2025-05-21,2.83,2.93,2.66,2.66,2.96,351541081.0,962372773.18,3.26,2.66,false,false,18.78435188,9.0293,104.10496109719999,103.5632446492,false,false,true,断板,断板,断板,2天2板,3.7348,2.8259999999999996,2.77,-4.3918918918918886,-3.9711191335740024,273.75826758068143,true,-0.10135135135135132,1.85,断板,2.7542857142857144,-0.048231511254019255,313.94090920536365,7.4688796680497855,1,SHSE.600340,2025-05-21,2025-05-21T09:30:00.000000,2.83,2025-05-22T11:30:00.000000,2.52,-11.663592977911676,1.5,止损卖出
SHSE.601908,京运通,2025-05-21,3.37,3.55,3.32,3.33,3.49,211688051.0,719990914.44,3.84,3.14,false,false,4.35040436,8.767,80.4062752713,80.4062752713,false,false,false,,未涨停,未涨停,4天3板,11.9922,3.658,3.5342857142857143,-3.4383954154727823,-5.780113177041226,340.1188262817914,false,-0.045845272206303744,2.23,断板,3.4671428571428566,-0.09350649350649343,356.3857852277542,0.6592501030078494,1,SHSE.601908,2025-05-21,2025-05-21T09:30:00.000000,3.37,2025-05-22T11:30:00.000000,3.27,-3.7405275042264243,1.5,未涨停卖出
SHSE.600053,九鼎投资,2025-05-22,15.55,15.87,15.08,15.08,16.16,29436711.0,451577379.25,17.78,14.54,false,false,2.28446965,6.7898,65.37795264,65.37795264,false,false,true,断板,断板,断板,2天2板,4.6789000000000005,15.907999999999998,15.604285714285712,-3.774752475247521,-3.3598828160761567,1534.061937999799,false,-0.06683168316831678,11.0,断板,15.524285714285712,-0.08493771234428082,1754.3501981115471,4.094966412073264,1,SHSE.600053,2025-05-22,2025-05-22T09:30:00.000000,15.55,2025-05-23T11:30:00.000000,14.71,-6.155698748414686,1.5,未涨停卖出
SHSE.600281,华阳新材,2025-05-22,5.18,5.46,5.15,5.21,5.41,64751041.0,339540553.95,5.95,4.87,false,false,1.46747275,12.5876,26.8003455025,26.8003455025,false,false,false,,未涨停,未涨停,2天2板,18.8899,5.426,5.2299999999999995,-4.251386321626625,-0.38240917782025957,524.37852535838,false,-0.0369685767097967,2.9,断板,5.142857142857143,-0.08305084745762714,551.7336393819047,5.194444444444439,1,SHSE.600281,2025-05-22,2025-05-22T09:30:00.000000,5.18,2025-05-23T11:30:00.000000,5.31,1.6928425294959089,1.5,未涨停卖出
SHSE.605188,国光连锁,2025-05-22,12.85,13.82,12.8,12.9,13.45,31388890.0,412153335.78,14.8,12.11,false,false,1.01421912,6.3338,63.92982,63.92982,false,false,false,,未涨停,未涨停,2天2板,8.937999999999999,13.716,13.185714285714285,-4.460966542750927,-2.166847237269765,1313.0548285715106,false,-0.040892193308550095,6.84,断板,12.904285714285715,-0.058123249299719904,1376.3840725300101,4.228938337208006,1,SHSE.605188,2025-05-22,2025-05-22T09:30:00.000000,12.85,2025-05-23T11:30:00.000000,12.61,-2.649634923341649,1.5,未涨停卖出
SZSE.002105,信隆健康,2025-05-22,8.8,9.67,8.58,9.07,9.14,75154023.0,683770677.7,10.05,8.23,false,false,1.72781302,20.62,33.383042,33.0576081325,false,false,true,断板,断板,断板,3天3板,21.20896666666667,9.196000000000002,8.777142857142858,-3.7199124726477004,3.336588541666665,909.8257823137426,false,-0.007658643326039383,6.23,断板,8.581428571428571,-0.09950738916256152,947.5851086827832,6.509072748460143,1,SZSE.002105,2025-05-22,2025-05-22T09:30:00.000000,8.8,2025-05-23T11:30:00.000000,8.42,-5.080586743933379,1.5,未涨停卖出
SHSE.600207,安彩高科,2025-05-23,4.41,4.48,4.26,4.27,4.62,76360300.0,331974426.99,5.08,4.16,false,false,1.16024399,7.01,46.5136460558,46.5136460558,false,false,false,,未涨停,未涨停,2天2板,1.01325,4.724,4.5600000000000005,-4.545454545454545,-6.3596491228070375,434.74741061782106,false,-0.07575757575757591,3.4,断板,4.541428571428572,-0.09941520467836251,466.8754768669311,1.7301038062283673,1,SHSE.600207,2025-05-23,2025-05-23T09:30:00.000000,4.41,2025-05-26T11:30:00.000000,4.33,-2.5964170528769293,1.5,未涨停卖出
SHSE.600550,保变电气,2025-05-23,8.73,9.06,8.55,8.57,8.97,150973533.0,1319571363.94,9.87,8.07,false,false,5.45401513,8.1983,157.81899073600002,157.81899073600002,false,false,false,,未涨停,未涨停,2天2板,8.728,9.040000000000001,8.652857142857142,-2.6755852842809387,-0.9575697540036207,874.0415208671046,false,-0.044593088071348985,6.49,断板,8.540000000000001,-0.07525773195876273,912.5749944376898,5.035128805620605,1,SHSE.600550,2025-05-23,2025-05-23T09:30:00.000000,8.73,2025-05-27T11:30:00.000000,9.42,7.043988992483665,2.5,未涨停卖出
SHSE.605055,迎丰股份,2025-05-23,9.32,10.19,9.0,9.6,9.72,45489567.0,439083088.36,10.69,8.75,false,false,1.01257862,10.3385,42.24,42.24,false,false,false,,未涨停,未涨停,9天7板,14.424499999999998,10.126,9.831428571428573,-4.115226337448563,-2.353966870095919,965.2391027595404,false,-0.012345679012345734,4.26,断板,9.668571428571429,-0.09916589434661716,993.4824937341281,0.531914893617023,1,SHSE.605055,2025-05-23,2025-05-23T09:30:00.000000,9.32,2025-05-26T11:30:00.000000,9.29,-1.1161363131166389,1.5,未涨停卖出
SZSE.002229,鸿博股份,2025-06-03,16.87,17.49,16.45,16.54,17.61,126688658.0,2139244067.59,19.37,15.85,false,false,5.18613694,25.6889,82.0700721152,81.56937538540001,false,false,true,断板,断板,断板,4天2板,33.1542,17.478,17.152857142857144,-4.202157864849509,-3.5729157991171925,1688.583730668297,false,-0.060760931289040365,10.4,断板,17.072857142857142,-0.08137715179968708,1814.1205146949185,3.146180235963519,1,SZSE.002229,2025-06-03,2025-06-03T09:30:00.000000,16.87,2025-06-04T11:30:00.000000,16.82,-1.0908352364106038,1.5,未涨停卖出
SZSE.002973,侨银股份,2025-06-03,13.0,13.76,12.9,13.3,13.36,26308784.0,347879614.33,14.7,12.02,false,false,1.03507402,11.803,54.352519879,29.64556567,false,false,true,断板,断板,断板,2天2板,9.74955,13.428,12.895714285714286,-2.6946107784431095,3.1350393264650536,1322.2945398388615,false,-0.004491017964071808,9.97,断板,12.655714285714286,-0.09729729729729741,1452.1995782176402,5.564962185348229,1,SZSE.002973,2025-06-03,2025-06-03T09:30:00.000000,13.0,2025-06-04T11:30:00.000000,14.03,7.063132087036457,1.5,未涨停卖出
SHSE.600468,百利电气,2025-06-13,8.71,9.33,8.18,8.49,9.09,199021748.0,1741471786.23,10.0,8.18,false,false,9.06214995,18.2969,92.34872875290002,92.34872875290002,false,false,false,,未涨停,未涨停,11天7板,27.515433333333334,8.928,8.545714285714286,-4.180418041804169,-0.6519558676028123,875.0158230094532,true,-0.06600660066006592,4.15,断板,8.444285714285714,0.047235023041474644,895.6725202590654,7.646760277448827,1,SHSE.600468,2025-06-13,2025-06-13T09:30:00.000000,8.71,2025-06-16T11:30:00.000000,8.13,-7.402765516578917,1.5,未涨停卖出
SHSE.600379,宝光股份,2025-05-26,10.53,10.8,10.26,10.62,10.85,30026115.0,316335841.63,11.94,9.77,false,false,2.26051172,9.0933,35.0674060968,35.0674060968,false,false,true,断板,断板,断板,2天2板,4.15845,10.824,10.507142857142856,-2.9493087557603714,1.0740992522093828,1053.5357026042163,false,-0.021198156682027736,7.98,断板,10.35142857142857,-0.09128978224455608,1166.5532663441709,4.816450455423688,1,SHSE.600379,2025-05-26,2025-05-26T09:30:00.000000,10.53,2025-05-27T11:30:00.000000,10.95,3.160009534511521,1.5,未涨停卖出
SHSE.600463,空港股份,2025-05-26,11.39,11.39,10.58,10.65,11.75,37901888.0,404804513.28,12.93,10.58,false,false,2.15760353,12.634,31.95,31.95,false,false,false,,未涨停,未涨停,3天3板,4.606066666666666,12.069999999999999,11.558571428571428,-3.063829787234038,-7.8605858361141925,1068.0325826512917,true,-0.09361702127659577,7.4,断板,11.437142857142856,-0.1003062787136294,1211.0330298497774,2.7354484136897437,1,SHSE.600463,2025-05-26,2025-05-26T09:30:00.000000,11.39,2025-05-27T11:30:00.000000,10.29,-10.377454186764803,1.5,止损卖出
SHSE.603390,通达电气,2025-05-26,11.44,13.19,11.22,13.19,11.99,45654618.0,566304691.42,13.19,10.79,false,false,1.02918841,13.0533,46.3855346896,46.1327194535,true,false,false,,涨停,4天3板,2天2板,13.673350000000001,12.065999999999999,11.634285714285713,-4.587155963302758,13.371807465618865,1240.4105350744583,false,0.10008340283569628,7.9,断板,11.214285714285714,-0.06692607003891049,1223.4688430312813,6.917197452229308,1,SHSE.603390,2025-05-26,2025-05-26T09:30:00.000000,11.44,2025-05-30T11:30:00.000000,18.3,58.69041317248487,4.5,未涨停卖出
SZSE.002510,天汽模,2025-05-26,7.1,7.34,6.81,7.11,7.41,312647475.0,2201924525.5,8.15,6.67,false,false,4.37367412,31.1139,72.1763621388,71.4446178606,false,false,false,,未涨停,未涨停,4天4板,1.4808666666666663,7.784000000000001,7.468571428571429,-4.183535762483138,-4.80107115531752,704.2834826988448,false,-0.04048582995951411,4.32,断板,7.278571428571429,-0.09963547995139732,756.8184637974293,1.8056918547595593,1,SZSE.002510,2025-05-26,2025-05-26T09:30:00.000000,7.1,2025-05-27T11:30:00.000000,7.01,-2.0543179395095637,1.5,未涨停卖出
SZSE.002811,郑中设计,2025-05-26,13.33,15.18,12.88,14.15,13.8,79595473.0,1140473425.79,15.18,12.42,false,false,1.85688911,28.114,43.5777557075,40.061020125,false,true,false,,炸板,8天5板,5天5板,15.1177,14.142000000000001,13.472857142857142,-3.4057971014492794,5.025978157141348,1432.8370481446852,false,0.0253623188405796,7.51,断板,12.911428571428571,-0.028169014084506894,1371.3353122728056,6.882053551670732,1,SZSE.002811,2025-05-26,2025-05-26T09:30:00.000000,13.33,2025-05-27T11:30:00.000000,13.68,3.1935591281448086,1.5,未涨停卖出
SZSE.000695,滨海能源,2025-05-28,13.0,15.0,12.33,15.0,13.64,67270586.0,894264428.9,15.0,12.28,false,false,1.95969219,30.3403,33.32213085,33.2580546,true,false,false,,涨停,8天6板,5天5板,6.6813,14.539999999999997,13.797142857142857,-4.692082111436954,8.718161109960654,1329.3543018935497,true,0.0997067448680351,8.04,断板,13.131428571428572,-0.10026385224274403,1399.2861025494674,3.8729329852045282,1,SZSE.000695,2025-05-28,2025-05-28T09:30:00.000000,13.0,2025-05-29T11:30:00.000000,15.24,16.29665951578302,1.5,未涨停卖出
SZSE.002727,一心堂,2025-05-28,17.41,17.9,16.89,17.21,17.87,55146787.0,951151786.98,19.66,16.08,false,false,2.24982118,13.88,100.7824699125,68.37746971930001,false,false,false,,未涨停,未涨停,4天3板,16.2693,18.044000000000004,17.577142857142857,-2.5741466144376095,-2.088751625487638,1724.7637418658678,false,-0.03693340794627864,12.67,断板,17.14857142857143,-0.051989389920424456,1806.1864823072317,4.206931022992336,1,SZSE.002727,2025-05-28,2025-05-28T09:30:00.000000,17.41,2025-05-29T11:30:00.000000,17.26,-1.6515214272147465,1.5,未涨停卖出
SHSE.603123,翠微股份,2025-06-10,12.3,12.84,12.0,12.13,12.8,113011513.0,1397213623.53,14.08,11.52,false,false,1.17175201,17.3257,96.88675746450001,79.1210726137,false,false,false,,未涨停,未涨停,5天4板,14.6243,13.014,12.671428571428573,-3.90625,-4.272829763246902,1236.3462681275669,false,-0.05234375000000002,7.41,断板,12.400000000000002,-0.02065799540933433,1280.9210889634714,3.2258064516128915,1,SHSE.603123,2025-06-10,2025-06-10T09:30:00.000000,12.3,2025-06-11T11:30:00.000000,12.18,-1.7646487221844378,1.5,未涨停卖出
SHSE.600759,洲际油气,2025-06-19,2.51,2.83,2.43,2.72,2.58,775800067.0,2026864554.84,2.84,2.32,false,false,3.72113488,18.7225,112.85305241600001,112.708253216,false,false,false,,未涨停,未涨停,2天2板,16.96215,2.604,2.4857142857142853,-2.7131782945736544,9.425287356321864,261.26119873614294,false,0.054263565891472965,2.09,断板,2.4071428571428575,-0.01526717557251911,262.79547201459604,7.1810089020771395,1,SHSE.600759,2025-06-19,2025-06-19T09:30:00.000000,2.51,2025-06-20T11:30:00.000000,2.6,2.7602736464500874,1.5,未涨停卖出
SHSE.600792,云煤能源,2025-06-19,3.52,3.56,3.43,3.47,3.64,58755502.0,204923892.9,4.0,3.28,false,false,5.24417261,5.5437,38.51434892,36.777423521100005,false,false,false,,未涨停,未涨停,2天2板,2.3815,3.7399999999999998,3.632857142857142,-3.2967032967032996,-4.48289421942585,348.77396316007986,false,-0.04670329670329665,3.16,断板,3.614285714285714,-0.05208333333333326,363.4106683891741,0.7114624505929001,1,SHSE.600792,2025-06-19,2025-06-19T09:30:00.000000,3.52,2025-06-20T11:30:00.000000,3.57,0.6123234335385709,1.5,未涨停卖出
SZSE.000554,泰山石油,2025-06-19,7.48,8.35,7.25,8.15,7.76,136424007.0,1058755018.97,8.54,6.98,false,false,4.89465934,37.6183,39.184655417,29.556235555500002,false,false,false,,未涨停,未涨停,2天2板,21.3477,7.816,7.4314285714285715,-3.6082474226804044,9.669357939254136,776.0767640918215,false,0.05025773195876293,6.14,断板,7.1899999999999995,-0.047852760736196376,808.706586113026,7.927677329624483,1,SZSE.000554,2025-06-19,2025-06-19T09:30:00.000000,7.48,2025-06-20T11:30:00.000000,7.7,2.120928052495886,1.5,未涨停卖出
SZSE.002731,ST萃华,2025-06-19,15.15,15.54,14.79,14.9,15.64,28737575.0,431805307.41,17.2,14.08,false,false,1.74547681,12.5133,38.167244000000004,34.2188036,false,false,false,,未涨停,未涨停,2天2板,12.427050000000001,15.863999999999999,15.344285714285716,-3.13299232736573,-2.8954473512708403,1502.5808802934835,false,-0.04731457800511507,10.08,断板,15.117142857142857,-0.009499683343888399,1572.589242472957,3.4587034587034604,1,SZSE.002731,2025-06-19,2025-06-19T09:30:00.000000,15.15,2025-06-20T11:30:00.000000,14.34,-6.100745532720615,1.5,未涨停卖出
SHSE.600858,银座股份,2025-06-30,5.86,6.09,5.86,5.99,6.05,63837005.0,379590476.08,6.66,5.45,false,false,6.10638582,12.3345,31.1519886811,31.0011269371,false,false,true,断板,断板,断板,4天3板,12.645566666666667,5.982,5.818571428571429,-3.140495867768587,2.946231279155403,594.6245067104887,false,-0.009917355371900749,5.1,断板,5.7,-0.0735068912710567,625.45354252818,6.140350877192976,1,SHSE.600858,2025-06-30,2025-06-30T09:30:00.000000,5.86,2025-07-01T11:30:00.000000,6.05,2.4196728444583213,1.5,未涨停卖出
SZSE.000020,深华发A,2025-06-23,13.26,14.09,13.26,13.88,13.65,21940499.0,301542974.66,15.02,12.29,false,false,1.56226764,12.1108,25.1457562708,25.1457562708,false,false,false,,未涨停,未涨停,2天2板,10.0125,14.210000000000003,13.708571428571428,-2.857142857142861,1.250521050437691,1374.3669852723042,false,0.01684981684981679,11.72,断板,13.528571428571428,-0.06378600823045266,1412.6747749586473,0.8975712777191164,1,SZSE.000020,2025-06-23,2025-06-23T09:30:00.000000,13.26,2025-06-24T11:30:00.000000,14.31,7.058643255034179,1.5,未涨停卖出
SZSE.002173,创新医疗,2025-06-23,12.5,13.26,12.4,12.94,13.05,109891261.0,1408670115.84,14.36,11.75,false,false,3.04343731,26.3969,57.1021951488,53.8697949242,false,false,true,断板,断板,断板,3天2板,18.787399999999998,12.914000000000001,12.432857142857143,-4.214559386973185,4.079053200045954,1281.8763776311566,false,-0.008429118773946476,9.68,断板,12.227142857142855,-0.039735099337748325,1350.3959221857906,6.729758149316532,1,SZSE.002173,2025-06-23,2025-06-23T09:30:00.000000,12.5,2025-06-24T11:30:00.000000,13.23,4.996653386454173,1.5,未涨停卖出
SZSE.002319,乐通股份,2025-06-23,12.0,12.66,11.86,12.5,12.37,11401301.0,140731452.4,13.61,11.13,false,false,2.05119323,5.7007,26.18406375,25.0,false,false,false,,未涨停,未涨停,4天2板,12.0778,12.464,12.18142857142857,-2.9911075181891613,2.6152222352527335,1234.3455575815426,false,0.010509296685529579,9.89,断板,11.89,-0.020585906571654933,1212.8922275782375,4.037005887300241,1,SZSE.002319,2025-06-23,2025-06-23T09:30:00.000000,12.0,2025-06-24T11:30:00.000000,12.46,3.005976095617538,1.5,未涨停卖出
SZSE.002365,永安药业,2025-06-23,26.18,29.59,25.75,29.59,26.9,75013208.0,2100027700.6,29.59,24.21,false,false,3.44062131,30.5478,87.19655175,72.6612338859,true,false,false,,涨停,11天5板,8天4板,31.269799999999996,27.18,26.885714285714283,-2.6765799256505534,10.05844845908609,2799.5439157861374,false,0.10000000000000009,10.61,断板,25.937142857142856,0.0573899371069182,2484.0534406481916,3.7122714254241016,1,SZSE.002365,2025-06-23,2025-06-23T09:30:00.000000,26.18,2025-06-24T11:30:00.000000,29.89,13.261392930950006,1.5,未涨停卖出
SZSE.000892,欢瑞世纪,2025-06-26,4.18,4.8,4.1,4.8,4.36,139718471.0,632340006.8,4.8,3.92,false,false,2.48603921,19.6555,47.087062704,34.120149792,true,false,false,,涨停,4天3板,2天2板,15.5808,4.3660000000000005,4.24,-4.12844036697249,13.20754716981131,452.5815393442145,false,0.10091743119266039,3.51,断板,4.115714285714286,-0.05831533477321804,441.66524661772524,5.935439083651519,1,SZSE.000892,2025-06-26,2025-06-26T09:30:00.000000,4.18,2025-06-27T11:30:00.000000,4.77,13.205551001734667,1.5,未涨停卖出
SZSE.002235,安妮股份,2025-06-26,9.0,10.2,8.78,9.9,9.42,285870892.0,2726512329.53,10.36,8.48,false,false,4.57443881,51.6406,57.377656116000004,54.804251898000004,false,false,false,,未涨停,未涨停,8天5板,42.247600000000006,9.618,9.194285714285714,-4.458598726114649,7.675574891236801,953.7565403930668,false,0.05095541401273884,5.17,断板,8.827142857142857,-0.03975535168195721,974.6706153149474,6.716297135458819,1,SZSE.002235,2025-06-26,2025-06-26T09:30:00.000000,9.0,2025-06-27T11:30:00.000000,10.3,13.53253652058433,1.5,未涨停卖出
SHSE.600192,长城电工,2025-07-10,10.92,10.92,10.26,10.26,11.4,88258097.0,925793492.75,12.54,10.26,false,false,1.35934051,19.9793,45.3233448,45.3233448,false,false,false,,未涨停,未涨停,6天4板,27.4761,11.053999999999998,10.801428571428572,-4.210526315789477,-5.012564475598469,1048.9615391888633,true,-0.10000000000000009,7.08,断板,10.680000000000001,-0.022298456260720356,1151.5098836820484,6.741573033707854,1,SHSE.600192,2025-07-10,2025-07-10T09:30:00.000000,10.92,2025-07-11T11:30:00.000000,10.04,-8.7912087912088,1.5,未涨停卖出
SZSE.000838,财信发展,2025-07-10,2.96,3.34,2.96,3.17,3.04,138257442.0,436990266.85,3.34,2.74,false,false,10.10514402,13.1203,34.884650789,33.4043776035,false,true,false,,炸板,6天2板,3天2板,5.63175,2.984,2.9171428571428573,-2.6315789473684235,8.667972575905967,316.06997824391976,false,0.042763157894736725,2.43,断板,2.8328571428571427,0.027027027027026973,297.09890705866246,7.312153303076154,1,SZSE.000838,2025-07-10,2025-07-10T09:30:00.000000,2.96,2025-07-11T11:30:00.000000,3.07,2.889792182620875,1.5,未涨停卖出
SHSE.600475,华光环能,2025-07-15,15.88,15.96,15.03,15.04,16.7,56474539.0,865519924.17,18.37,15.03,false,false,3.98380377,5.9895,143.7772456416,141.8100136416,false,false,false,,未涨停,未涨停,6天6板,5.1872,16.686,16.06714285714286,-4.910179640718554,-6.39281586200766,1532.58431055099,true,-0.09940119760479038,10.2,断板,15.714285714285714,0.008454106280193274,1619.67261114958,6.2727272727272725,1,SHSE.600475,2025-07-15,2025-07-15T09:30:00.000000,15.88,2025-07-16T11:30:00.000000,14.64,-6.36413183363506,1.5,未涨停卖出
SZSE.000514,渝开发,2025-07-15,6.13,7.01,5.76,7.01,6.37,185505016.0,1164833863.35,7.01,5.73,false,false,5.65781714,21.9852,59.1483446465,59.1483446465,true,false,false,,涨停,7天5板,4天4板,13.814166666666667,6.712000000000001,6.340000000000001,-3.7676609105180567,10.567823343848564,627.9258040925426,true,0.10047095761381475,4.17,断板,6.007142857142858,-0.1002824858757062,662.1405034664907,6.04042806183114,1,SZSE.000514,2025-07-15,2025-07-15T09:30:00.000000,6.13,2025-07-16T11:30:00.000000,7.09,14.739086070075311,1.5,未涨停卖出
SHSE.605162,新中港,2025-07-14,9.49,10.75,9.47,10.28,9.8,55722610.0,572976957.35,10.78,8.82,false,false,1.10674113,13.9121,41.1747766716,41.1747766716,false,false,false,,未涨停,未涨停,4天4板,11.640066666666668,10.398,9.988571428571431,-3.1632653061224536,2.917620137299739,1028.266546290635,false,0.048979591836734615,7.06,断板,9.62857142857143,-0.041095890410958846,967.229255987199,1.7804154302670558,1,SHSE.605162,2025-07-14,2025-07-14T09:30:00.000000,9.49,2025-07-16T11:30:00.000000,10.88,13.733474951616085,2.5,未涨停卖出
SHSE.600113,浙江东日,2025-07-01,24.83,25.09,23.58,25.07,25.78,23334410.0,565157856.66,28.36,23.2,false,false,3.66747772,5.6715,105.588988662,103.14579181200001,false,false,false,,未涨停,未涨停,8天6板,7.268299999999999,26.524,25.774285714285714,-3.685027152831663,-2.7325130251635055,2421.993342278635,false,-0.027540729247478746,13.68,断板,25.148571428571426,-0.09986033519553073,2645.4387577597918,2.510793001590563,1,SHSE.600113,2025-07-01,2025-07-01T09:30:00.000000,24.83,2025-07-03T11:30:00.000000,29.05,16.063334258615967,2.5,未涨停卖出
SHSE.605378,野马电池,2025-07-02,21.11,21.61,20.59,21.08,21.66,15292045.0,322364612.84,23.83,19.49,false,false,2.17640247,5.8513,55.09182112,55.09182112,false,false,false,,未涨停,未涨停,3天2板,8.63825,21.78,21.020000000000003,-2.5392428439519885,0.28544243577542894,2108.0543043131247,false,-0.026777469990766467,16.69,断板,20.50857142857143,-0.08181432810512923,2220.3110543682956,5.614377263861798,1,SHSE.605378,2025-07-02,2025-07-02T09:30:00.000000,21.11,2025-07-03T11:30:00.000000,22.25,4.560441323290458,1.5,未涨停卖出
SZSE.002882,金龙羽,2025-07-02,34.53,35.89,34.45,34.76,35.98,36747150.0,1287401152.0,39.58,32.38,false,false,1.15192347,14.889,150.47604,85.76583334,false,false,false,,未涨停,未涨停,5天3板,26.1255,36.327999999999996,35.76,-4.030016675931061,-2.796420581655481,3503.404078955783,false,-0.033907726514730396,17.15,断板,35.17428571428571,-0.08911392405063301,3739.1487232339373,2.2906343920071546,1,SZSE.002882,2025-07-02,2025-07-02T09:30:00.000000,34.53,2025-07-03T11:30:00.000000,34.07,-2.118372729758637,1.5,未涨停卖出
SHSE.600682,南京新百,2025-07-29,7.4,7.57,7.24,7.43,7.6,77482926.0,573735207.1,8.36,6.84,false,false,10.89651277,6.6506,100.0176240203,86.56397843250001,false,false,false,,未涨停,未涨停,2天2板,7.07455,7.686,7.408571428571428,-2.631578947368412,0.2892402622445034,740.4666249955507,false,-0.022368421052631593,6.31,断板,7.275714285714286,0.007957559681697646,773.3458317883427,4.457097977616329,1,SHSE.600682,2025-07-29,2025-07-29T09:30:00.000000,7.4,2025-07-30T11:30:00.000000,7.49,0.40971250134596204,1.5,未涨停卖出
SZSE.002365,永安药业,2025-06-20,24.63,27.59,23.19,26.9,25.44,78583216.0,1952049080.82,27.98,22.9,false,false,3.44062131,32.0016,79.2695925,66.055667169,false,false,true,断板,断板,断板,8天4板,22.5338,26.671999999999997,25.937142857142856,-3.1839622641509524,3.7122714254241016,2484.0534406481916,false,0.0573899371069182,10.61,断板,25.074285714285715,-0.10010611956137239,2616.7304439271034,1.4585232452142238,1,SZSE.002365,2025-06-20,2025-06-20T09:30:00.000000,24.63,2025-06-23T11:30:00.000000,28.08,13.0988833945582,1.5,未涨停卖出
SHSE.600444,国机通用,2025-07-24,18.27,18.87,17.95,18.28,19.23,26075200.0,478190916.12,21.15,17.31,false,false,1.62310691,17.8083,26.7659291696,26.7659291696,false,false,false,,未涨停,未涨停,2天2板,8.6081,19.804,19.05857142857143,-4.992199687987524,-4.085151038153061,1833.891652297969,false,-0.049401976079043175,15.47,断板,18.865714285714287,-0.10014038371548906,1947.4384525346832,1.930940481599271,1,SHSE.600444,2025-07-24,2025-07-24T09:30:00.000000,18.27,2025-07-25T11:30:00.000000,17.93,-2.642958543494333,1.5,未涨停卖出
SHSE.600826,兰生股份,2025-07-24,13.08,14.08,12.71,13.54,13.76,90758858.0,1239833950.24,15.14,12.38,false,false,5.5642079,12.3392,99.5912425346,99.5912425346,false,false,true,断板,断板,断板,8天7板,14.5603,14.195999999999998,13.731428571428571,-4.941860465116276,-1.394090719933422,1366.0748686811373,false,-0.015988372093023284,7.5,断板,13.351428571428572,-0.10006540222367555,1395.854602610421,3.060132677081096,1,SHSE.600826,2025-07-24,2025-07-24T09:30:00.000000,13.08,2025-07-25T11:30:00.000000,14.01,6.256624876640221,1.5,未涨停卖出
SHSE.600930,华电新能,2025-07-24,7.35,7.4,7.1,7.13,7.55,705919027.0,5075998082.95,8.31,6.8,false,false,1.0,28.1784,2921.0857224582,178.61899546759997,false,false,true,断板,断板,断板,5天5板,42.912,7.324,7.188571428571429,-2.6490066225165587,-0.8147853736089051,719.0623695924263,false,-0.05562913907284772,5.5,断板,7.198333333333333,-0.023285899094437346,759.7626560334779,4.885390136605695,1,SHSE.600930,2025-07-24,2025-07-24T09:30:00.000000,7.35,2025-07-25T11:30:00.000000,6.83,-7.815269534108463,1.5,未涨停卖出
SZSE.002645,华宏科技,2025-07-24,14.59,15.8,14.5,15.54,15.05,124443102.0,1908080753.36,16.56,13.55,false,false,5.56278037,24.2644,90.3705295206,79.698775002,false,false,false,,未涨停,未涨停,7天6板,24.950650000000003,15.075999999999999,14.618571428571428,-3.0564784053156204,6.303136909997065,1533.2957172346926,false,0.03255813953488351,8.88,断板,14.205714285714285,0.023809523809523947,1477.8529385742786,5.943282381335492,1,SZSE.002645,2025-07-24,2025-07-24T09:30:00.000000,14.59,2025-07-25T11:30:00.000000,14.68,-0.1848671114036062,1.5,未涨停卖出
SHSE.600819,耀皮玻璃,2025-07-07,6.3,6.91,6.15,6.77,6.59,85761369.0,566070816.97,7.25,5.93,false,false,2.57163938,11.4744,50.600067735900005,50.600067735900005,false,false,true,断板,断板,断板,2天2板,6.481999999999999,6.536,6.32,-4.400606980273142,7.12025316455695,660.0533825083879,false,0.0273141122913505,5.46,炸板,6.168571428571428,-0.06657223796033995,717.3281246164379,6.831866604909685,1,SHSE.600819,2025-07-07,2025-07-07T09:30:00.000000,6.3,2025-07-08T11:30:00.000000,7.16,12.74520963763992,1.5,未涨停卖出
SHSE.601718,际华集团,2025-07-07,3.98,4.18,3.88,4.01,4.11,410514743.0,1654876333.52,4.52,3.7,false,false,1.1375747,9.3477,176.1043391004,176.1043391004,false,false,false,,未涨停,未涨停,3天3板,0.6799,4.076,3.98,-3.1630170316301784,0.7537688442211007,403.1222658232277,false,-0.024330900243309084,2.67,炸板,3.87,0.0759162303664922,411.5135510767859,6.201550387596905,1,SHSE.601718,2025-07-07,2025-07-07T09:30:00.000000,3.98,2025-07-08T11:30:00.000000,3.97,-1.0460669883280989,1.5,未涨停卖出
SHSE.603212,赛伍技术,2025-07-07,12.37,12.98,12.27,12.61,12.9,49857937.0,628257074.8,14.19,11.61,false,false,1.02058902,11.3963,55.1675691996,55.1675691996,false,false,false,,未涨停,未涨停,3天2板,12.76065,13.197999999999999,12.832857142857142,-4.108527131782955,-1.7366136034732238,1260.094405430373,false,-0.022480620155038822,9.29,断板,12.745714285714286,-0.040892193308550095,1359.2564587586385,1.2104909213180943,1,SHSE.603212,2025-07-07,2025-07-07T09:30:00.000000,12.37,2025-07-08T11:30:00.000000,13.17,5.618914801585914,1.5,未涨停卖出
SHSE.600152,维科技术,2025-07-03,7.18,7.35,6.75,7.07,7.4,125491698.0,877530800.52,8.14,6.66,false,false,2.35732075,23.7189,37.4059118125,37.4059118125,false,false,false,,未涨停,未涨停,2天2板,18.84935,7.376,7.057142857142857,-2.9729729729729817,0.18218623481782067,699.2739874473608,false,-0.04459459459459458,5.71,断板,6.932857142857143,-0.060913705583756306,785.7817278006345,6.738100144240675,1,SHSE.600152,2025-07-03,2025-07-03T09:30:00.000000,7.18,2025-07-04T11:30:00.000000,6.73,-7.0142827020608225,1.5,未涨停卖出
SHSE.600241,时代万恒,2025-07-03,8.96,9.14,8.71,8.82,9.41,42518350.0,376686139.93,10.35,8.47,false,false,1.84686139,14.4472,25.957446543000003,25.957446543000003,false,false,false,,未涨停,未涨停,3天3板,14.937166666666668,9.758000000000001,9.370000000000001,-4.782146652497335,-5.8697972251867725,885.9378125679854,false,-0.06269925611052074,7.1,断板,9.224285714285713,-0.08015640273704794,942.5944017764064,2.0133188787362677,1,SHSE.600241,2025-07-03,2025-07-03T09:30:00.000000,8.96,2025-07-04T11:30:00.000000,8.5,-5.889833523050663,1.5,未涨停卖出
SZSE.002579,中京电子,2025-07-03,13.8,15.6,13.8,15.6,14.18,223857301.0,3329203126.64,15.6,12.76,false,false,4.70123797,38.4948,95.56850472,91.006772064,true,false,false,,涨停,12天7板,9天6板,43.23485,14.475999999999999,13.831428571428573,-2.679830747531728,12.786614335881003,1487.1988144983486,false,0.10014104372355437,7.66,断板,13.41,0.03654970760233911,1396.7468655139778,5.741983594332584,1,SZSE.002579,2025-07-03,2025-07-03T09:30:00.000000,13.8,2025-07-04T11:30:00.000000,16.23,16.671574571280097,1.5,未涨停卖出
SHSE.603332,苏州龙杰,2025-06-16,16.62,18.4,16.23,17.64,17.42,46598482.0,799203643.94,19.16,15.68,false,false,2.03150395,21.5388,38.1636432576,38.1636432576,false,false,false,,未涨停,未涨停,3天3板,11.372966666666665,18.442,17.634285714285713,-4.592422502870268,0.03240440699935986,1715.0851479239172,false,0.012629161882893092,9.04,断板,17.34857142857143,-0.09974160206718341,1778.6675018364376,0.41172595520422484,1,SHSE.603332,2025-06-16,2025-06-16T09:30:00.000000,16.62,2025-06-17T11:30:00.000000,16.76,0.03883383433774154,1.5,未涨停卖出
SHSE.603787,新日股份,2025-06-16,13.31,13.5,12.78,12.83,14.01,32681641.0,424701756.13,15.41,12.61,false,false,1.11026502,14.2005,29.527448257,29.527448257,false,false,true,断板,断板,断板,3天3板,9.2713,13.824000000000002,13.185714285714285,-4.996431120628118,-2.697724810400861,1299.5117232026384,false,-0.08422555317630265,10.26,断板,12.998571428571427,-0.09379042690815009,1508.2306832936001,7.781074843389392,1,SHSE.603787,2025-06-16,2025-06-16T09:30:00.000000,13.31,2025-06-17T11:30:00.000000,12.22,-8.920890442736939,1.5,未涨停卖出
SZSE.002376,新北洋,2025-06-16,7.81,8.69,7.56,8.36,8.14,184365214.0,1504360987.11,8.95,7.33,false,false,5.14314107,23.4125,67.7630284276,65.3174911708,false,false,true,断板,断板,断板,2天2板,6.22125,8.018,7.779999999999999,-4.054054054054065,7.455012853470438,815.9679119890806,false,0.027027027027026973,6.59,断板,7.611428571428571,-0.0556844547563804,879.1931511750818,6.944444444444454,1,SZSE.002376,2025-06-16,2025-06-16T09:30:00.000000,7.81,2025-06-17T11:30:00.000000,8.12,3.140829766720578,1.5,未涨停卖出
SHSE.600819,耀皮玻璃,2025-07-08,6.6,7.24,6.46,7.09,6.77,97208141.0,673305780.0,7.45,6.09,false,false,2.57163938,13.0059,52.9917991503,52.9917991503,false,false,false,,未涨停,未涨停,2天2板,6.481999999999999,6.786,6.5128571428571425,-2.5110782865583445,8.861592454485637,692.6434073047442,false,0.04726735598227472,5.46,断板,6.32,0.0273141122913505,660.0533825083879,7.12025316455695,1,SHSE.600819,2025-07-08,2025-07-08T09:30:00.000000,6.6,2025-07-09T11:30:00.000000,6.92,4.013038754074605,1.5,未涨停卖出
SHSE.603316,诚邦股份,2025-07-08,10.01,10.44,9.82,10.04,10.46,66786586.0,673873741.4,11.51,9.41,false,false,1.34029005,25.2727,26.5321056,26.5321056,false,false,false,,未涨停,未涨停,7天6板,22.287566666666667,10.994,10.549999999999999,-4.302103250478021,-4.834123222748814,1008.9956408312291,false,-0.040152963671128306,6.32,断板,10.282857142857143,-0.0998278829604129,1091.6372020247147,1.7227007502083989,1,SHSE.603316,2025-07-08,2025-07-08T09:30:00.000000,10.01,2025-07-09T11:30:00.000000,9.44,-6.445745489570188,1.5,未涨停卖出
SHSE.600468,百利电气,2025-06-12,8.4,9.42,8.4,9.09,8.68,235861201.0,2112543963.31,9.55,7.81,false,false,9.06214995,21.6837,98.8751406789,98.8751406789,false,false,true,断板,断板,断板,11天7板,27.515433333333334,8.819999999999999,8.444285714285714,-3.2258064516128964,7.646760277448827,895.6725202590654,false,0.047235023041474644,4.15,断板,8.247142857142858,-0.09865005192108,894.8460115237306,5.24857093365666,1,SHSE.600468,2025-06-12,2025-06-12T09:30:00.000000,8.4,2025-06-13T11:30:00.000000,8.92,5.344336937962423,1.5,未涨停卖出
SHSE.603829,洛凯股份,2025-06-12,17.85,18.31,17.68,17.97,18.45,10453559.0,188108728.51,20.3,16.61,false,false,1.05947339,6.5335,28.752,28.752,false,false,false,,未涨停,未涨停,2天2板,2.89565,18.724,17.927142857142858,-3.2520325203251916,0.23906287353572914,1799.4706731936942,false,-0.026016260162601612,14.28,断板,17.62857142857143,-0.08753709198813053,1878.1818822772254,4.65964343598054,1,SHSE.603829,2025-06-12,2025-06-12T09:30:00.000000,17.85,2025-06-13T11:30:00.000000,17.09,-5.020589909270471,1.5,未涨停卖出
SZSE.002104,恒宝股份,2025-06-12,11.05,12.55,11.05,11.82,11.55,266922204.0,3208355598.92,12.71,10.4,false,false,6.93964789,44.5108,83.7234422028,70.8821764728,false,false,false,,未涨停,未涨停,7天5板,48.59649999999999,11.53,11.115714285714287,-4.329004329004329,6.3359465364349,1201.9815327615083,false,0.023376623376623273,7.13,断板,10.827142857142858,0.03680430879712748,1154.8376870080808,6.676342525399124,1,SZSE.002104,2025-06-12,2025-06-12T09:30:00.000000,11.05,2025-06-13T11:30:00.000000,12.0,7.731968055380283,1.5,未涨停卖出
SZSE.002298,中电鑫龙,2025-06-12,7.5,7.61,7.17,7.23,7.75,216141385.0,1573938777.52,8.53,6.98,false,false,3.14438138,33.0661,53.5100181423,47.2600095768,false,false,true,断板,断板,断板,5天4板,24.26233333333333,7.812,7.551428571428572,-3.225806451612903,-4.256526674233822,728.1987100804411,false,-0.06709677419354831,4.78,断板,7.371428571428572,-0.0828402366863904,811.8282663442671,5.135658914728675,1,SZSE.002298,2025-06-12,2025-06-12T09:30:00.000000,7.5,2025-06-13T11:30:00.000000,6.78,-10.320318725099604,1.5,止损卖出
SHSE.600173,卧龙新能,2025-07-16,6.65,6.97,6.47,6.67,6.93,60703805.0,404299431.77,7.62,6.24,false,false,2.38152474,8.6668,46.723766474799994,46.717763474799995,false,false,true,断板,断板,断板,2天2板,9.46375,6.85,6.621428571428571,-4.040404040404031,0.7335490830636516,666.0199171534634,false,-0.037518037518037506,5.5,断板,6.517142857142857,-0.08211920529801331,712.8972158325531,6.334940815431827,1,SHSE.600173,2025-07-16,2025-07-16T09:30:00.000000,6.65,2025-07-17T11:30:00.000000,6.48,-3.332834077224931,1.5,未涨停卖出
SHSE.600513,联环药业,2025-07-16,14.3,16.31,14.23,16.31,14.83,53840934.0,816935657.56,16.31,13.35,false,false,5.01509443,18.8614,46.557917636999996,46.557917636999996,true,false,false,,涨停,8天6板,6天5板,18.01556666666667,15.244,14.525714285714287,-3.573836817262302,12.283634933123508,1517.3133095350834,false,0.09979770734996629,9.05,断板,13.894285714285715,-0.10012135922330101,1501.6827372125763,6.734526012749327,1,SHSE.600513,2025-07-16,2025-07-16T09:30:00.000000,14.3,2025-07-17T11:30:00.000000,16.44,14.048978909536663,1.5,未涨停卖出
SZSE.002623,亚玛顿,2025-07-16,25.04,26.79,24.51,26.4,25.78,37931860.0,964194021.68,28.36,23.2,false,false,1.09225091,19.0962,52.5525,52.439937,false,false,false,,未涨停,未涨停,8天5板,23.6549,26.374000000000002,26.011428571428574,-2.8704422032583476,1.4938488576449749,2541.910735935438,false,0.024049650892164376,14.49,断板,25.437142857142856,-0.09986033519553073,2677.031748560228,1.3478602718184973,1,SZSE.002623,2025-07-16,2025-07-16T09:30:00.000000,25.04,2025-07-17T11:30:00.000000,25.42,0.7086669297251947,1.5,未涨停卖出
SHSE.600620,天宸股份,2025-07-23,6.62,6.79,6.48,6.52,6.84,43507988.0,287801214.08,7.52,6.16,false,false,323.37761451,6.336,44.771347767600005,44.771347767600005,false,false,false,,未涨停,未涨停,3天3板,5.534733333333333,7.147999999999999,6.851428571428571,-3.2163742690058443,-4.837364470391999,661.4905154428194,false,-0.04678362573099415,5.08,断板,6.795714285714285,-0.09999999999999998,691.5588870853323,0.6516712213580017,1,SHSE.600620,2025-07-23,2025-07-23T09:30:00.000000,6.62,2025-07-24T11:30:00.000000,6.45,-3.1956308821392008,1.5,未涨停卖出
SHSE.600606,绿地控股,2025-07-17,1.98,2.05,1.96,1.99,2.05,366959289.0,731175789.29,2.26,1.85,false,false,120.14220031,2.611,279.6789444486,279.6789444486,false,false,false,,未涨停,未涨停,3天3板,2.701233333333333,2.1380000000000003,2.0428571428571427,-3.4146341463414562,-2.5874125874125804,199.25256321553425,false,-0.029268292682926744,1.57,断板,2.0028571428571427,-0.10087719298245612,209.59978146098376,2.353780313837376,1,SHSE.600606,2025-07-17,2025-07-17T09:30:00.000000,1.98,2025-07-18T11:30:00.000000,1.95,-2.2998913437160518,1.5,未涨停卖出
SZSE.000965,天保基建,2025-07-17,4.4,4.55,4.35,4.41,4.53,157977142.0,696948329.81,4.98,4.08,false,false,2.88094016,14.2343,48.9435424695,48.9435424695,false,false,true,断板,断板,断板,3天2板,18.602649999999997,4.516,4.394285714285714,-2.8697571743929338,0.3576072821846622,441.1703623616637,false,-0.026490066225165587,3.5,断板,4.341428571428572,-0.044303797468354444,468.3445493983651,4.343534057255677,1,SZSE.000965,2025-07-17,2025-07-17T09:30:00.000000,4.4,2025-07-18T11:30:00.000000,4.36,-1.6986599058312162,1.5,未涨停卖出
SHSE.603676,卫信康,2025-07-11,13.13,13.23,12.36,12.37,13.52,27448745.0,346325074.05,14.87,12.17,false,false,1.12874395,6.3077,53.82947755,53.82947755,false,false,false,,未涨停,未涨停,4天3板,3.81835,13.38,13.015714285714285,-2.8846153846153757,-4.961036110196468,1261.7155139515487,false,-0.08505917159763321,9.89,断板,12.745714285714286,-0.04587155963302758,1394.6964322198335,6.074871105133376,1,SHSE.603676,2025-07-11,2025-07-11T09:30:00.000000,13.13,2025-07-14T11:30:00.000000,12.18,-7.97449956457492,1.5,未涨停卖出
SHSE.603936,博敏电子,2025-07-11,10.25,10.34,9.8,9.95,10.54,109492163.0,1089502898.53,11.59,9.49,false,false,2.01035708,17.3687,62.724601398000004,62.724601398000004,false,false,false,,未涨停,未涨停,6天3板,7.4518,10.37,10.324285714285713,-2.7514231499051154,-3.625294036252935,995.0510325839485,false,-0.055977229601517964,7.7,断板,10.254285714285714,-0.037442922374429255,1075.7396526070866,2.7862914460852504,1,SHSE.603936,2025-07-11,2025-07-11T09:30:00.000000,10.25,2025-07-14T11:30:00.000000,9.8,-5.15207462831599,1.5,未涨停卖出
SZSE.000920,沃顿科技,2025-07-11,11.66,12.14,11.32,11.43,11.96,42101022.0,485265801.35,13.16,10.76,false,false,2.47895036,9.9771,54.020593787399996,48.23202825,false,false,false,,未涨停,未涨停,2天2板,3.30785,11.968,11.56,-2.5083612040133834,-1.1245674740484495,1152.6223789769283,false,-0.04431438127090315,9.7,断板,11.450000000000001,-0.04089815557337606,1228.3455953288674,4.454148471615718,1,SZSE.000920,2025-07-11,2025-07-11T09:30:00.000000,11.66,2025-07-14T11:30:00.000000,11.45,-2.5834910785673957,1.5,未涨停卖出
SHSE.600513,联环药业,2025-07-21,16.05,18.43,15.91,17.88,16.75,76268918.0,1355146700.75,18.43,15.08,false,false,5.01509443,26.7182,51.039581076000005,51.039581076000005,false,true,false,,炸板,11天6板,8天6板,15.909049999999999,16.482000000000003,16.267142857142858,-4.179104477611936,9.914815140072001,1776.8007417517053,false,0.06746268656716414,9.05,断板,15.658571428571431,0.006610576923076872,1627.6415277492335,6.97016695556973,1,SHSE.600513,2025-07-21,2025-07-21T09:30:00.000000,16.05,2025-07-22T11:30:00.000000,17.34,7.176527534720933,1.5,未涨停卖出
SHSE.603048,浙江黎明,2025-07-21,19.3,20.15,19.3,19.45,20.08,11827971.0,231683563.84,22.09,18.07,false,false,1.05333172,8.0528,28.56816,28.56816,false,false,true,断板,断板,断板,2天2板,8.6573,19.642000000000003,19.14428571428571,-3.8844621513944104,1.5968957540482165,1958.7769012960887,false,-0.031374501992031845,16.78,断板,18.895714285714288,-0.0638694638694639,2023.3056216612838,6.2674831783473,1,SHSE.603048,2025-07-21,2025-07-21T09:30:00.000000,19.3,2025-07-22T11:30:00.000000,19.41,-0.2314059822884646,1.5,未涨停卖出
SZSE.002082,万邦德,2025-07-21,7.89,8.1,7.83,7.94,8.15,56250142.0,447762901.72,8.97,7.34,false,false,3.02930997,10.1671,48.568110967,43.9282820068,false,false,false,,未涨停,未涨停,2天2板,10.05305,8.18,7.840000000000001,-3.1901840490797624,1.275510204081628,796.0209268805046,false,-0.025766871165644134,6.47,断板,7.688571428571429,-0.035502958579881505,795.8606219039557,6.001486436269049,1,SZSE.002082,2025-07-21,2025-07-21T09:30:00.000000,7.89,2025-07-22T11:30:00.000000,7.57,-4.820262675533601,1.5,未涨停卖出
SZSE.002329,皇氏集团,2025-07-21,4.11,4.14,3.99,4.0,4.24,151078805.0,612018970.26,4.66,3.82,false,false,5.87352365,23.229,33.2961594,26.01555696,false,false,true,断板,断板,断板,3天2板,20.292900000000003,4.151999999999999,4.015714285714286,-3.066037735849054,-0.3913198150124585,405.09916017670383,false,-0.05660377358490576,3.29,断板,3.9699999999999998,-0.07423580786026196,436.6934177974111,6.801007556675074,1,SZSE.002329,2025-07-21,2025-07-21T09:30:00.000000,4.11,2025-07-22T11:30:00.000000,3.94,-4.9001075988018785,1.5,未涨停卖出
SHSE.601512,中新集团,2025-07-18,8.22,8.3,7.96,8.08,8.5,36628158.0,296162858.79,9.35,7.65,false,false,1.17879973,2.4437,121.11031200000001,121.11031200000001,false,false,true,断板,断板,断板,2天2板,1.5310000000000001,8.282,8.062857142857144,-3.2941176470588163,0.2126151665485331,808.5660731014648,false,-0.04941176470588238,7.05,断板,7.964285714285714,-0.06387665198237891,867.9375958570874,6.726457399103138,1,SHSE.601512,2025-07-18,2025-07-18T09:30:00.000000,8.22,2025-07-21T11:30:00.000000,8.02,-3.2105156018263026,1.5,未涨停卖出
SZSE.001896,豫能控股,2025-07-18,6.3,6.55,6.18,6.37,6.62,129190804.0,816520501.02,7.28,5.96,false,false,1.1290175,8.4672,97.192270721,97.192270721,false,false,true,断板,断板,断板,4天3板,6.249766666666666,6.587999999999999,6.377142857142857,-4.8338368580060465,-0.11200716845878096,632.0267973717387,false,-0.03776435045317217,4.28,断板,6.28,-0.043352601156069315,668.4326168465049,5.414012738853501,1,SZSE.001896,2025-07-18,2025-07-18T09:30:00.000000,6.3,2025-07-21T11:30:00.000000,6.04,-4.890912540314925,1.5,未涨停卖出
SZSE.002163,海南发展,2025-07-28,11.07,11.2,10.72,10.77,11.47,79419514.0,865338458.56,12.62,10.32,false,false,4.66415278,9.8836,91.0019622759,86.5422138375,false,false,true,断板,断板,断板,2天1板,13.8553,11.094,10.922857142857142,-3.487358326068006,-1.3994245357049373,1089.5791411667415,false,-0.06102877070619017,8.54,断板,10.848571428571429,-0.015450643776824036,1162.326965475648,5.7282064787990565,1,SZSE.002163,2025-07-28,2025-07-28T09:30:00.000000,11.07,2025-07-29T11:30:00.000000,10.62,-4.829462637255855,1.5,未涨停卖出
SZSE.002266,浙富控股,2025-07-28,3.88,3.97,3.72,3.76,4.0,441530465.0,1676255276.51,4.4,3.6,false,false,11.82342798,9.0167,196.2446047152,184.1197194048,false,false,false,,未涨停,未涨停,3天3板,5.420966666666666,4.116,3.9457142857142853,-3.0000000000000027,-4.70673425054308,379.64657240808964,false,-0.06000000000000005,3.01,断板,3.8714285714285714,-0.06759906759906764,431.07095883081985,3.3210332103321027,1,SZSE.002266,2025-07-28,2025-07-28T09:30:00.000000,3.88,2025-07-29T11:30:00.000000,3.68,-5.910379102148103,1.5,未涨停卖出
SZSE.002297,博云新材,2025-07-28,9.58,10.89,9.5,10.89,9.9,135818431.0,1412758972.99,10.89,8.91,false,false,3.01479911,23.6987,62.4111147891,62.4111147891,true,false,false,,涨停,6天4板,3天3板,6.638166666666667,10.144,9.618571428571428,-3.232323232323235,13.218476162186255,1040.1820743975463,false,0.10000000000000009,7.21,炸板,9.187142857142858,0.007121057985757906,1037.7144138876968,7.75929093453584,1,SZSE.002297,2025-07-28,2025-07-28T09:30:00.000000,9.58,2025-07-29T11:30:00.000000,9.95,3.034625589500031,1.5,未涨停卖出
SHSE.600774,汉商集团,2025-07-25,10.62,11.28,10.53,10.61,10.92,33201540.0,359726976.37,12.01,9.83,false,false,4.76912977,11.2608,31.3029378522,31.2827500991,false,false,true,断板,断板,断板,5天3板,5.8447499999999994,10.681999999999999,10.608571428571429,-2.747252747252754,0.01346619983840053,1083.4647319672522,false,-0.0283882783882784,7.87,断板,10.382857142857144,0.0,1127.7416696376247,5.173362685745719,1,SHSE.600774,2025-07-25,2025-07-25T09:30:00.000000,10.62,2025-07-28T11:30:00.000000,10.48,-2.1045760460980802,1.5,未涨停卖出
SHSE.600684,珠江股份,2025-08-04,4.72,4.82,4.47,4.53,4.88,95770311.0,439794842.79,5.37,4.39,false,false,10.94316274,11.2214,38.6617707519,38.6617707519,false,false,true,断板,断板,断板,2天2板,13.3907,4.848000000000001,4.691428571428571,-3.2786885245901667,-3.4409257003654,459.2183508624087,false,-0.07172131147540972,3.62,断板,4.668571428571428,-0.09963099630996308,496.2670333074844,4.5287637698898475,1,SHSE.600684,2025-08-04,2025-08-04T09:30:00.000000,4.72,2025-08-05T11:30:00.000000,4.54,-4.579985144169072,1.5,未涨停卖出
SHSE.603616,韩建河山,2025-08-04,6.92,7.43,6.66,6.7,7.16,88342153.0,616376833.35,7.88,6.44,false,false,2.01323748,23.1645,26.218306000000002,25.551656,false,false,false,,未涨停,未涨停,8天6板,28.849899999999998,7.126,6.875714285714286,-3.3519553072625725,-2.5555786411801433,697.7154307638393,false,-0.06424581005586594,4.27,断板,6.862857142857144,-0.07012987012987015,739.8730991762608,4.32972522897584,1,SHSE.603616,2025-08-04,2025-08-04T09:30:00.000000,6.92,2025-08-05T11:30:00.000000,6.53,-6.387743822398266,1.5,未涨停卖出
SZSE.001318,阳光乳业,2025-08-04,15.88,16.13,14.8,14.82,16.4,41209617.0,623829615.66,18.04,14.76,false,false,1.04127779,14.5792,41.890212,41.890212,false,false,true,断板,断板,断板,3天3板,13.792000000000002,16.168,15.41,-3.17073170731706,-3.828682673588578,1513.7961987368142,true,-0.09634146341463401,12.05,断板,15.217142857142859,-0.0959206174200663,1719.8067104040153,7.773188133683793,1,SZSE.001318,2025-08-04,2025-08-04T09:30:00.000000,15.88,2025-08-05T11:30:00.000000,14.35,-10.354802452657882,1.5,止损卖出
SZSE.002644,佛慈制药,2025-08-04,10.11,10.99,10.11,10.88,10.43,54394861.0,580506345.71,11.47,9.39,false,false,5.73574395,10.6519,55.5594816,55.5594816,false,false,false,,未涨停,未涨停,3天3板,12.901499999999999,10.868,10.414285714285713,-3.0680728667305877,4.471879286694123,1067.2080689938705,false,0.04314477468839906,7.99,断板,10.132857142857143,-0.01417769376181477,1055.3960424187344,2.932468631044692,1,SZSE.002644,2025-08-04,2025-08-04T09:30:00.000000,10.11,2025-08-05T11:30:00.000000,10.23,0.38067315308499633,1.5,未涨停卖出
SZSE.002205,国统股份,2025-07-31,13.85,14.42,13.6,13.62,14.4,21041421.0,294774921.85,15.84,12.96,false,false,2.10331328,11.3221,25.3118476536,25.3118476536,false,false,false,,未涨停,未涨停,6天4板,16.3992,14.104,13.89,-3.8194444444444495,-1.9438444924406144,1400.9268758512083,false,-0.054166666666666696,10.02,断板,13.881428571428572,-0.011667810569663706,1426.4012247812057,3.735720901512813,1,SZSE.002205,2025-07-31,2025-07-31T09:30:00.000000,13.85,2025-08-01T11:30:00.000000,13.12,-6.025572799056487,1.5,未涨停卖出
SHSE.600715,文投控股,2025-09-05,2.79,2.84,2.63,2.69,2.91,211074105.0,568105714.16,3.2,2.62,false,false,4.50407195,7.928,109.21005915,71.6178132829,false,false,true,断板,断板,断板,3天2板,8.53105,2.94,2.87,-4.123711340206189,-6.271777003484326,269.1498865576144,true,-0.0756013745704468,2.27,断板,2.855714285714286,-0.09907120743034048,298.84651606784917,1.9009504752376183,1,SHSE.600715,2025-09-05,2025-09-05T09:30:00.000000,2.79,2025-09-08T11:30:00.000000,2.700000047683716,-3.996913868076769,1.5,未涨停卖出
SZSE.001330,博纳影业,2025-08-29,5.33,5.41,5.18,5.18,5.48,78072892.0,410995016.56,6.03,4.93,false,false,1.0,7.399,71.2000833712,54.658224803,false,false,false,,未涨停,未涨停,2天2板,7.1167,5.6259999999999994,5.465714285714285,-2.7372262773722693,-5.227391531625717,526.424737231458,false,-0.054744525547445355,4.67,断板,5.427142857142857,-0.04363001745200701,547.8159321891397,0.9739405106607097,1,SZSE.001330,2025-08-29,2025-08-29T09:30:00.000000,5.329999923706055,2025-09-03T11:30:00.000000,5.28,-1.7274228549978115,3.5,未涨停卖出
SZSE.002272,川润股份,2025-08-29,18.8,19.0,17.48,17.48,19.42,109131508.0,1960292140.11,21.36,17.48,false,false,3.49296888,28.2364,84.75655204,67.5589498304,false,false,false,,未涨停,未涨停,8天5板,47.6027,19.386000000000003,19.02285714285714,-3.192584963954691,-8.110543706818856,1796.265969411877,true,-0.09989701338825963,10.84,断板,19.264285714285712,0.009880395215808635,1882.5532075103163,0.8083055246570446,1,SZSE.002272,2025-08-29,2025-08-29T09:30:00.000000,18.799999237060547,2025-09-03T11:30:00.000000,16.23,-14.358096041316342,3.5,止损卖出
SZSE.002644,佛慈制药,2025-08-01,10.15,11.11,9.84,10.43,10.58,64222661.0,677803422.53,11.64,9.52,false,false,5.73574395,12.5765,53.2615251,53.2615251,false,false,true,断板,断板,断板,3天3板,12.901499999999999,10.636,10.132857142857143,-4.064272211720224,2.932468631044692,1055.3960424187344,false,-0.01417769376181477,7.99,断板,9.897142857142857,-0.10034013605442171,1115.3945667856929,6.899538106235569,1,SZSE.002644,2025-08-01,2025-08-01T09:30:00.000000,10.15,2025-08-04T11:30:00.000000,10.61,3.6990952446372125,1.5,未涨停卖出
SHSE.603256,宏和科技,2025-08-08,25.15,26.0,24.65,24.69,25.89,37935900.0,951846867.0,28.48,23.3,false,false,1.03952663,4.3122,217.20471975,217.20471975,false,false,true,断板,断板,断板,8天4板,4.273499999999999,25.698,25.417142857142856,-2.8582464271919736,-2.8608363309352436,2509.092619392185,false,-0.04634994206257237,13.91,断板,24.947142857142858,-0.029973772948669986,2701.568878037542,3.779419343755369,1,SHSE.603256,2025-08-08,2025-08-08T09:30:00.000000,25.15,2025-08-11T11:30:00.000000,25.35,-0.007920603866829154,1.5,未涨停卖出
SZSE.002097,山河智能,2025-08-08,15.0,17.33,14.83,17.33,15.75,281644858.0,4638788488.13,17.33,14.18,false,false,4.95249198,26.2563,186.2311718512,185.8987607887,true,false,false,,涨停,15天9板,12天8板,24.262500000000003,16.672,15.828571428571427,-4.761904761904762,9.485559566787002,1647.034680863941,false,0.10031746031746014,7.84,断板,15.314285714285715,-0.09999999999999998,1618.1634766549146,2.845149253731339,1,SZSE.002097,2025-08-08,2025-08-08T09:30:00.000000,15.0,2025-08-11T11:30:00.000000,18.15,20.035856573705193,1.5,未涨停卖出
SZSE.002651,利君股份,2025-08-08,13.65,14.37,13.5,13.62,14.05,75605200.0,1040103646.19,15.46,12.65,false,false,3.17098272,13.3705,140.757252,77.0161479042,false,false,true,断板,断板,断板,3天2板,18.073950000000004,13.754000000000001,13.252857142857142,-2.846975088967974,2.7702921202975124,1375.7038486638485,false,-0.03060498220640584,10.87,断板,13.034285714285714,-0.047457627118643986,1417.4952979523923,7.792634809294179,1,SZSE.002651,2025-08-08,2025-08-08T09:30:00.000000,13.65,2025-08-11T11:30:00.000000,13.85,0.6567138041241599,1.5,未涨停卖出
SHSE.600619,海立股份,2025-08-15,21.7,23.18,21.33,22.28,22.75,153144966.0,3416821846.03,25.03,20.48,false,false,42.67391327,19.4057,175.8281449944,175.8281449944,false,false,true,断板,断板,断板,6天5板,21.763233333333336,22.836000000000002,21.84,-4.6153846153846185,2.014652014652021,2231.102944663555,false,-0.020659340659340608,11.74,断板,21.217142857142857,-0.10007911392405067,2310.969204252638,7.224616213304606,1,SHSE.600619,2025-08-15,2025-08-15T09:30:00.000000,21.7,2025-08-18T11:30:00.000000,22.579999923706055,3.226173297644594,1.5,未涨停卖出
SHSE.605169,洪通燃气,2025-08-15,16.95,19.57,16.95,19.57,17.79,37824374.0,683461575.35,19.57,16.01,false,false,2.00520961,13.3712,55.359616,55.359616,true,false,false,,涨停,9天7板,7天6板,8.831066666666667,18.288,17.67142857142857,-4.721753794266442,10.743734842360556,1806.9342677026195,false,0.10005621135469367,10.68,断板,16.869999999999997,-0.10015174506828528,1873.8903079788734,5.453467694131605,1,SHSE.605169,2025-08-15,2025-08-15T09:30:00.000000,16.95,2025-08-18T11:30:00.000000,19.020000457763672,11.318269435136278,1.5,未涨停卖出
SZSE.002307,北新路桥,2025-08-15,4.96,4.98,4.77,4.92,5.11,193340387.0,944643577.27,5.62,4.6,false,false,4.20791935,15.2442,62.3999458344,62.3999458344,false,false,false,,未涨停,未涨停,3天3板,7.903033333333333,5.272,5.022857142857143,-2.9354207436399284,-2.0477815699658772,488.59092087676436,false,-0.03718199608610573,3.81,断板,4.910000000000001,-0.10035211267605626,522.3339053622904,4.073319755600799,1,SZSE.002307,2025-08-15,2025-08-15T09:30:00.000000,4.96,2025-08-18T11:30:00.000000,4.889999866485596,-2.19686040074273,1.5,未涨停卖出
SZSE.002232,启明信息,2025-09-02,22.97,23.44,21.73,22.5,24.14,70976500.0,1586201226.29,26.55,21.73,false,false,3.1648441,17.3728,91.923402375,91.923402375,false,false,false,,未涨停,未涨停,3天3板,11.035233333333336,23.95,22.93,-4.846727423363719,-1.875272568687308,2234.825930117715,true,-0.06793703396851702,17.72,断板,22.44142857142857,0.015138772077375906,2424.601109068398,7.568909542300599,1,SZSE.002232,2025-09-02,2025-09-02T09:30:00.000000,22.97,2025-09-03T11:30:00.000000,21.15,-8.65705657994927,1.5,未涨停卖出
SZSE.002205,国统股份,2025-07-30,14.2,15.13,13.51,14.4,14.57,34639493.0,494098152.41,16.03,13.11,false,false,2.10331328,18.6391,26.761424832,26.761424832,false,false,true,断板,断板,断板,6天4板,16.3992,14.178,13.881428571428572,-2.5394646533973986,3.735720901512813,1426.4012247812057,false,-0.011667810569663706,10.02,断板,13.585714285714285,-0.004101161995898828,1467.796002298495,7.245005257623559,1,SZSE.002205,2025-07-30,2025-07-30T09:30:00.000000,14.2,2025-07-31T11:30:00.000000,14.07,-1.7050109421469037,1.5,未涨停卖出
SZSE.002827,高争民爆,2025-07-30,51.8,56.05,51.65,52.61,53.58,46052855.0,2478180551.42,58.94,48.22,false,false,1.70459336,16.6859,145.2036,145.2029292225,false,false,false,,未涨停,未涨停,4天4板,11.023200000000001,53.194,52.005714285714284,-3.3221351250466618,1.1619602241511953,5381.165948169772,false,-0.018103770063456537,30.6,炸板,50.55428571428571,0.08659501115392398,5176.253323832274,5.985079688029843,1,SZSE.002827,2025-07-30,2025-07-30T09:30:00.000000,51.8,2025-07-31T11:30:00.000000,50.59,-3.1141072774538836,1.5,未涨停卖出
SZSE.003007,直真科技,2025-07-30,37.13,38.87,36.49,36.49,39.05,13329634.0,495913719.91,42.96,35.15,false,false,1.33665792,17.9966,37.949600000000004,27.0272803764,false,false,true,断板,断板,断板,2天2板,14.0051,38.79600000000001,37.32285714285714,-4.91677336747758,-2.2314935313480655,3720.385120176593,false,-0.06555697823303441,28.08,断板,36.809999999999995,-0.09815242494226328,4022.213076276787,6.085302906818805,1,SZSE.003007,2025-07-30,2025-07-30T09:30:00.000000,37.13,2025-07-31T11:30:00.000000,38.4,2.596347709082857,1.5,未涨停卖出
SHSE.600503,华丽家族,2025-08-22,3.1,3.23,3.07,3.15,3.23,232410349.0,727277196.38,3.55,2.91,false,false,2.30149279,14.5049,50.472135,50.472135,false,false,true,断板,断板,断板,2天2板,19.15825,3.2380000000000004,3.141428571428571,-4.024767801857582,0.2728512960436666,312.9280600064845,false,-0.024767801857585203,2.56,断板,3.1057142857142854,-0.10027855153203336,337.4463725379667,4.001839926402953,1,SHSE.600503,2025-08-22,2025-08-22T09:30:00.000000,3.0999999046325684,2025-08-25T11:30:00.000000,3.130000114440918,0.16322483897769713,1.5,未涨停卖出
SHSE.603038,华立股份,2025-08-22,16.18,18.0,15.67,17.36,16.64,40328299.0,685243994.29,18.3,14.98,false,false,3.85328836,15.0099,46.6423456016,46.6423456016,false,false,true,断板,断板,断板,2天2板,11.013549999999997,16.368000000000002,15.799999999999999,-2.764423076923082,9.873417721518992,1699.1641385370606,false,0.043269230769230616,14.02,炸板,15.408571428571426,-0.04859919954259562,1800.5674025168555,7.991841275727819,1,SHSE.603038,2025-08-22,2025-08-22T09:30:00.000000,16.18000030517578,2025-08-25T11:30:00.000000,18.06999969482422,10.791194656384334,1.5,未涨停卖出
SZSE.002272,川润股份,2025-08-22,16.39,18.98,16.15,18.98,17.25,127786585.0,2282238800.97,18.98,15.53,false,false,3.49296888,33.0631,92.02971154000001,73.3563425504,true,false,false,,涨停,6天4板,3天3板,14.869533333333331,17.96,16.89,-4.985507246376808,12.374185908821786,1785.9768307995707,false,0.1002898550724638,10.42,断板,16.19857142857143,-0.10015649452269182,1843.2951663294828,6.490872210953336,1,SZSE.002272,2025-08-22,2025-08-22T09:30:00.000000,16.389999389648438,2025-08-25T11:30:00.000000,19.81999969482422,19.96383247470674,1.5,未涨停卖出
SHSE.600629,华建集团,2025-08-05,12.9,13.94,12.9,13.4,13.26,88391995.0,1183556141.71,14.59,11.93,false,false,8.6749289,9.274,130.02538030600002,127.7176847,false,false,true,断板,断板,断板,2天1板,11.359899999999996,12.863999999999999,12.647142857142857,-2.7149321266968283,5.952784366881289,1338.9856646068458,false,0.010558069381598756,8.16,断板,12.381428571428572,-0.03211678832116782,1376.4666001104663,7.0958809276566255,1,SHSE.600629,2025-08-05,2025-08-05T09:30:00.000000,12.9,2025-08-06T11:30:00.000000,13.44,3.3558788103400286,1.5,未涨停卖出
SHSE.603229,奥翔药业,2025-08-05,11.18,11.38,10.76,10.85,11.48,66843920.0,731568656.45,12.63,10.33,false,false,4.80087737,8.0506,90.08724023250001,90.08724023250001,false,false,false,,未涨停,未涨停,3天2板,9.53035,11.36,10.98857142857143,-2.613240418118473,-1.2610504420176907,1094.4430794154503,false,-0.054878048780487854,8.57,断板,10.801428571428572,-0.0674248578391552,1133.751039417591,6.282237799232908,1,SHSE.603229,2025-08-05,2025-08-05T09:30:00.000000,11.18,2025-08-06T11:30:00.000000,10.59,-6.032043560997506,1.5,未涨停卖出
SZSE.002799,环球印务,2025-08-05,9.02,9.2,8.72,8.73,9.3,61730832.0,546326875.78,10.23,8.37,false,false,2.58469944,19.2887,27.939492,27.93912534,false,false,true,断板,断板,断板,2天2板,10.16065,9.166,8.961428571428572,-3.010752688172055,-2.582496413199425,885.0145998032232,false,-0.06129032258064515,7.99,炸板,8.92142857142857,-0.08464566929133854,1022.7397114136816,4.2433947157726335,1,SZSE.002799,2025-08-05,2025-08-05T09:30:00.000000,9.02,2025-08-06T11:30:00.000000,8.54,-6.0759180572609806,1.5,未涨停卖出
SHSE.605169,洪通燃气,2025-08-19,18.48,18.49,17.24,17.45,19.15,30306381.0,534710748.45,21.07,17.24,false,false,2.00520961,10.7135,49.36256,49.36256,false,false,true,断板,断板,断板,9天7板,12.040333333333335,18.746,18.291428571428572,-3.49869451697127,-4.600124960949709,1764.3503803703913,true,-0.08877284595300261,10.87,断板,18.21285714285714,-0.02146142054164546,1958.8624040720606,5.145501607969266,1,SHSE.605169,2025-08-19,2025-08-19T09:30:00.000000,18.479999542236328,2025-08-20T11:30:00.000000,16.31999969482422,-12.391989947748435,1.5,止损卖出
SHSE.601606,长城军工,2025-08-18,58.5,66.29,56.8,66.29,60.26,127431765.0,7798726028.25,66.29,54.23,false,false,1.01681585,17.5955,480.09100636,480.09100636,true,false,false,,涨停,13天8板,10天7板,9.714350000000001,63.802,61.13714285714286,-2.920677066047126,8.428357790447706,6119.923104141263,false,0.10006637902422844,26.24,断板,59.050000000000004,-0.043340212732179806,5972.990024185604,2.0491109229466447,1,SHSE.601606,2025-08-18,2025-08-18T09:30:00.000000,58.5,2025-08-19T11:30:00.000000,68.0,15.313106548166308,1.5,未涨停卖出
SZSE.000901,航天科技,2025-08-18,19.11,21.3,18.88,20.7,19.82,199001348.0,3883746274.64,21.8,17.84,false,false,5.07489324,24.9315,165.227691042,165.22602986700002,false,false,false,,未涨停,未涨停,7天5板,8.970749999999997,20.552,19.765714285714285,-3.5822401614530817,4.726799653078924,1951.6180737830982,false,0.044399596367305616,11.97,断板,19.009999999999998,-0.09990917347865569,2013.149087082909,4.260915307732785,1,SZSE.000901,2025-08-18,2025-08-18T09:30:00.000000,19.110000610351562,2025-08-19T11:30:00.000000,19.450000762939453,0.9681845155316091,1.5,未涨停卖出
SZSE.002941,新疆交建,2025-08-18,15.86,16.2,15.51,15.93,16.3,98716275.0,1567355491.94,17.93,14.67,false,false,1.05917089,14.8164,106.13608331760001,106.13608331760001,false,false,false,,未涨停,未涨停,4天4板,8.375033333333334,16.772,16.122857142857143,-2.699386503067492,-1.1961722488038289,1587.737677439713,false,-0.022699386503067576,10.94,断板,15.64,-0.014510278113663788,1656.6965900602918,4.21994884910486,1,SZSE.002941,2025-08-18,2025-08-18T09:30:00.000000,15.859999656677246,2025-08-19T11:30:00.000000,15.699999809265137,-1.797600590526538,1.5,未涨停卖出
SHSE.603630,拉芳家化,2025-09-08,28.9,31.15,28.07,29.32,29.73,11592603.0,345837471.58,32.7,26.76,false,false,1.41920991,5.1476,66.029982856,66.029982856,false,false,true,断板,断板,断板,4天2板,7.19425,29.252,28.25,-2.7917928018836253,3.7876106194690276,2983.259856134123,false,-0.01379078372014797,21.29,断板,27.65285714285714,-0.04680987495992306,2932.6013464120656,7.5114945497752865,1,SHSE.603630,2025-09-08,2025-09-08T09:30:00.000000,28.899999618530273,2025-09-09T11:30:00.000000,27.84000015258789,-4.43540537508878,1.5,未涨停卖出
SZSE.002846,英联股份,2025-09-09,19.35,22.23,19.35,22.23,20.21,68241143.0,1427453291.12,22.23,18.19,false,false,2.64334811,26.5511,93.36458528280001,57.1351227408,true,false,false,,涨停,7天4板,5天3板,19.09615,20.439999999999998,20.095714285714283,-4.2553191489361675,10.620601407549598,2091.778109754111,false,0.09995051954477985,15.08,断板,19.298571428571428,-0.051618958235570056,2010.279266464057,4.7227774076541635,1,SZSE.002846,2025-09-09,2025-09-09T09:30:00.000000,19.350000381469727,2025-09-10T11:30:00.000000,22.040000915527344,12.994227117896944,1.5,未涨停卖出
SHSE.601579,会稽山,2025-08-28,22.62,23.16,21.7,22.22,23.28,29355142.0,656408418.24,25.61,20.95,false,false,1.12989214,6.1225,106.5367694798,106.5367694798,false,false,false,,未涨停,未涨停,4天2板,6.7521,22.578,22.43,-2.8350515463917527,-0.9362460989745915,2236.093486585757,false,-0.045532646048110026,18.23,断板,22.072857142857142,0.007792207792207684,2301.857414709751,5.468901689211063,1,SHSE.601579,2025-08-28,2025-08-28T09:30:00.000000,22.62,2025-09-03T11:30:00.000000,25.99,13.982795608018831,4.5,未涨停卖出
SZSE.002272,川润股份,2025-08-28,18.58,19.69,18.04,19.42,19.23,126292049.0,2377515019.28,21.15,17.31,false,false,3.49296888,32.6764,94.16317166,75.0569110816,false,false,true,断板,断板,断板,8天5板,47.6027,19.686,19.264285714285712,-3.3801352054082274,0.8083055246570446,1882.5532075103163,false,0.009880395215808635,10.75,断板,19.064285714285713,-0.10014038371548906,1993.836358437866,0.8692394155114356,1,SZSE.002272,2025-08-28,2025-08-28T09:30:00.000000,18.58,2025-08-29T11:30:00.000000,17.81999969482422,-4.854641198151832,1.5,未涨停卖出
SHSE.600173,卧龙新能,2025-09-18,9.07,9.16,8.38,8.5,9.31,110422105.0,960301046.72,10.24,8.38,false,false,2.38152474,15.7652,59.54303074,59.53538074,false,false,false,,未涨停,未涨停,6天4板,16.4025,8.856,8.782857142857143,-2.5778732545649863,-3.2205595315549775,869.66377494796,true,-0.08700322234156821,6.0,断板,8.65857142857143,-0.019999999999999907,937.9707582731437,7.523510971786831,1,SHSE.600173,2025-09-18,2025-09-18T09:30:00.000000,9.07,2025-09-19T11:30:00.000000,7.81,-14.57807139688215,1.5,止损卖出
SHSE.601069,西部黄金,2025-09-12,31.04,33.0,29.69,31.35,31.99,69845224.0,2172980626.05,35.19,28.79,false,false,1.02014339,7.8726,285.5982250605,278.1335768805,false,false,false,,未涨停,未涨停,7天5板,8.19105,31.110000000000003,30.354285714285712,-2.9696780243826173,3.2803087349397706,3111.1370278517543,false,-0.0200062519537354,18.59,断板,29.662857142857142,-0.03644578313253022,3139.5916163452343,7.845309188980927,1,SHSE.601069,2025-09-12,2025-09-12T09:30:00.000000,31.04,2025-09-15T11:30:00.000000,30.14,-3.673193822647543,1.5,未涨停卖出
SZSE.002782,可立克,2025-08-20,17.18,17.49,16.67,16.95,17.63,34666307.0,587159472.03,19.39,15.87,false,false,2.71167056,7.1256,84.1960762035,82.4619534,false,false,false,,未涨停,未涨停,6天3板,9.79925,17.483999999999998,17.24,-2.552467385138964,-1.6821345707656563,1693.7468188636303,false,-0.038570618264322176,13.24,断板,17.124285714285715,-0.045995670995671034,1763.0466726216425,2.9531992992408314,1,SZSE.002782,2025-08-20,2025-08-20T09:30:00.000000,17.18000030517578,2025-08-21T11:30:00.000000,16.65999984741211,-3.7994729274553296,1.5,未涨停卖出
SHSE.603988,中电电机,2025-09-23,28.18,32.0,28.11,30.41,29.22,33649428.0,1027364837.91,32.14,26.3,false,false,3.43116994,14.3067,71.52432,71.52432,false,false,false,,未涨停,未涨停,2天2板,8.5473,30.212,29.092857142857145,-3.559206023271729,4.527375398968811,3053.142056114594,false,0.040725530458590065,22.48,断板,28.662857142857142,-0.04540999673309376,2909.06164333761,1.9437799043062194,1,SHSE.603988,2025-09-23,2025-09-23T09:30:00.000000,28.18,2025-09-24T11:30:00.000000,28.92,1.808239009893717,1.5,未涨停卖出
SZSE.002641,公元股份,2025-09-23,4.51,4.59,4.29,4.44,4.74,114575892.0,505788320.43,5.21,4.27,false,false,6.53622625,10.1037,54.5717678724,50.3493625932,false,false,true,断板,断板,断板,2天2板,2.39365,4.628,4.501428571428571,-4.852320675105494,-1.3646461440812236,441.4439299586688,true,-0.06329113924050633,4.06,炸板,4.457142857142856,-0.07058823529411751,506.92019550461015,6.346153846153868,1,SZSE.002641,2025-09-23,2025-09-23T09:30:00.000000,4.51,2025-09-24T11:30:00.000000,4.34,-4.536179009019366,1.5,未涨停卖出
SZSE.002674,兴业科技,2025-09-23,14.96,17.11,14.62,17.11,15.55,23559537.0,380792386.56,17.11,14.0,false,false,1.42796255,8.0528,50.568766518400004,50.057640857200006,true,false,false,,涨停,4天3板,2天2板,1.0911000000000004,15.925999999999998,15.371428571428572,-3.7942122186495166,11.310408921933078,1616.2982598512017,false,0.10032154340835997,11.04,断板,14.972857142857142,-0.09435061153174151,1562.3377278893895,3.854594027287481,1,SZSE.002674,2025-09-23,2025-09-23T09:30:00.000000,14.96,2025-09-24T11:30:00.000000,17.65,17.041193514711182,1.5,未涨停卖出
SHSE.603222,济民健康,2025-08-25,9.95,10.21,9.6,9.89,10.26,100183061.0,990393600.39,11.29,9.23,false,false,2.86483477,19.0792,51.93146182350001,51.93146182350001,false,false,false,,未涨停,未涨停,5天5板,14.754566666666667,10.838000000000001,10.414285714285715,-3.0214424951267107,-5.034293552812068,988.5838888372556,false,-0.03606237816764124,6.6,断板,10.15857142857143,-0.10000000000000009,1065.4615658937928,0.9984531008296916,1,SHSE.603222,2025-08-25,2025-08-25T09:30:00.000000,9.949999809265137,2025-08-26T11:30:00.000000,9.239999771118164,-7.875633661836782,1.5,未涨停卖出
SHSE.600337,美克家居,2025-09-22,2.33,2.35,2.19,2.22,2.43,183958367.0,414241383.58,2.67,2.19,false,false,11.23182326,12.8016,31.901358641399998,31.901358641399998,false,false,true,断板,断板,断板,2天2板,9.576450000000001,2.4059999999999997,2.347142857142857,-4.115226337448563,-5.416920267802785,225.18213785839924,true,-0.08641975308641969,1.95,断板,2.335714285714286,-0.09999999999999998,256.05135508929357,4.036697247706423,1,SHSE.600337,2025-09-22,2025-09-22T09:30:00.000000,2.33,2025-09-24T11:30:00.000000,2.35,0.05471675529640846,2.5,未涨停卖出
SZSE.002067,景兴纸业,2025-09-22,6.22,6.73,5.99,6.09,6.44,449585367.0,2796823677.25,7.08,5.8,false,false,2.7753458,37.2324,83.94877769040001,75.5902526904,false,false,true,断板,断板,断板,3天3板,4.847300000000001,6.4239999999999995,6.1085714285714285,-3.416149068322991,-0.30402245088868285,622.0895701994679,false,-0.05434782608695665,4.15,断板,5.9799999999999995,-0.1005586592178771,713.897997917504,7.692307692307707,1,SZSE.002067,2025-09-22,2025-09-22T09:30:00.000000,6.22,2025-09-23T11:30:00.000000,5.75,-8.292873521989213,1.5,未涨停卖出
SHSE.603359,东珠生态,2025-09-17,9.93,9.99,9.42,9.47,10.23,68572581.0,662460274.6,11.25,9.21,false,false,2.07247353,15.3717,42.245291200000004,42.245291200000004,false,false,false,,未涨停,未涨停,4天3板,0.23173333333333335,10.362,9.915714285714287,-2.9325513196481006,-4.495029534649195,966.0716644164232,false,-0.07429130009775164,6.4,断板,9.672857142857143,-0.054528650646950116,1044.4206962481878,5.7598582188746095,1,SHSE.603359,2025-09-17,2025-09-17T09:30:00.000000,9.93,2025-09-19T11:30:00.000000,10.1,0.9015298323322976,2.5,未涨停卖出
SHSE.600173,卧龙新能,2025-09-15,7.87,8.89,7.71,8.89,8.08,114885560.0,966020575.96,8.89,7.27,false,false,2.38152474,16.4025,62.2750050916,62.2670040916,true,false,false,,涨停,6天4板,3天3板,12.278333333333334,8.36,7.864285714285714,-2.5990099009900987,13.042688465031802,840.8546521947579,false,0.10024752475247523,6.0,断板,7.538571428571428,-0.08286038592508516,824.4413044790779,7.182111047943914,1,SHSE.600173,2025-09-15,2025-09-15T09:30:00.000000,7.87,2025-09-17T11:30:00.000000,9.71,22.39681679887821,2.5,未涨停卖出
SHSE.603101,汇嘉时代,2025-09-15,12.81,13.47,12.34,13.17,13.16,43644693.0,566218964.15,14.48,11.84,false,false,2.12059439,9.2782,61.95168,61.95168,false,false,false,,未涨停,未涨停,8天4板,11.270499999999998,13.128,12.629999999999999,-2.6595744680851037,4.275534441805234,1297.337488775554,false,0.0007598784194529085,7.31,断板,12.297142857142857,-0.03589743589743588,1324.5754306866968,7.016728624535316,1,SHSE.603101,2025-09-15,2025-09-15T09:30:00.000000,12.81,2025-09-16T11:30:00.000000,12.58,-2.577978484189698,1.5,未涨停卖出
SZSE.002115,三维通信,2025-09-15,12.98,13.37,12.53,12.76,13.53,245166969.0,3149038974.49,14.88,12.18,false,false,6.24045406,32.5935,103.4824939632,95.9801498832,false,false,false,,未涨停,未涨停,3天2板,44.994299999999996,13.37,12.865714285714287,-4.065040650406496,-0.8216744392627219,1284.4466721330637,false,-0.05691056910569103,8.16,断板,12.757142857142856,-0.047183098591549344,1378.1719455612279,6.0582306830907084,1,SZSE.002115,2025-09-15,2025-09-15T09:30:00.000000,12.98,2025-09-16T11:30:00.000000,12.29,-6.070325784688683,1.5,未涨停卖出
SZSE.002181,粤传媒,2025-09-15,8.88,9.5,8.65,9.04,9.22,157573415.0,1418778478.93,10.14,8.3,false,false,2.32889823,13.889,104.9596589296,102.5606243624,false,false,false,,未涨停,未涨停,2天2板,11.338999999999999,9.216,8.84142857142857,-3.6876355748373086,2.2459201809662286,900.3920356298681,false,-0.01952277657266832,6.85,断板,8.65,-0.032528856243441595,981.4167400161625,6.589595375722547,1,SZSE.002181,2025-09-15,2025-09-15T09:30:00.000000,8.88,2025-09-16T11:30:00.000000,8.6,-3.9248411758371877,1.5,未涨停卖出
SZSE.002796,世嘉科技,2025-09-15,16.89,18.94,16.7,18.26,17.4,40718398.0,730076429.55,19.14,15.66,false,false,2.31703799,18.0428,46.0931607048,41.2085257958,false,false,true,断板,断板,断板,2天1板,25.2574,16.93,16.58142857142857,-2.9310344827586094,10.123201516326368,1792.9890796538705,false,0.04942528735632212,12.59,断板,16.14428571428571,-0.014722536806342057,1740.248182534901,7.778072736925947,1,SZSE.002796,2025-09-15,2025-09-15T09:30:00.000000,16.89,2025-09-16T11:30:00.000000,18.51,8.718235406508965,1.5,未涨停卖出
SHSE.605398,新炬网络,2025-09-16,34.2,35.23,34.06,34.77,35.46,15942151.0,550049411.88,39.01,31.91,false,false,2.80998757,9.7975,56.5764849783,56.5764849783,false,false,true,断板,断板,断板,3天3板,5.298266666666667,35.602,33.941428571428574,-3.553299492385781,2.441180184351195,3450.283540031706,false,-0.019458544839255465,28.6,断板,33.27714285714286,-0.09999999999999998,3622.942018136681,6.559629089035787,1,SHSE.605398,2025-09-16,2025-09-16T09:30:00.000000,34.2,2025-09-17T11:30:00.000000,33.49,-2.856294121758577,1.5,未涨停卖出
SHSE.601606,长城军工,2025-08-21,63.0,66.2,61.0,62.07,64.69,59426531.0,3759169642.53,71.16,58.22,false,false,1.01681585,8.2055,449.52856788,449.52856788,false,false,false,,未涨停,未涨停,13天8板,17.595500000000005,64.062,64.44571428571429,-2.612459421858089,-3.686380563929778,6325.743029708397,false,-0.040500850208687544,26.24,断板,64.38571428571429,-0.034477611940298525,6605.266020788849,0.47259818060793907,1,SHSE.601606,2025-08-21,2025-08-21T09:30:00.000000,63.0,2025-08-22T11:30:00.000000,62.060001373291016,-2.276985126481614,1.5,未涨停卖出
SZSE.002364,中恒电气,2025-08-21,21.35,22.49,20.92,21.7,22.47,109173338.0,2356495711.18,24.72,20.22,false,false,6.7245923,19.5615,122.29359632,121.10851592,false,false,true,断板,断板,断板,3天3板,13.518633333333336,22.496,21.497142857142855,-4.98442367601245,0.9436469962785835,2158.490117046709,false,-0.034267912772585674,14.86,断板,21.109999999999996,-0.10012014417300763,2260.648944925552,6.442444339175761,1,SZSE.002364,2025-08-21,2025-08-21T09:30:00.000000,21.350000381469727,2025-08-22T11:30:00.000000,22.530000686645508,4.686081355868484,1.5,未涨停卖出
SHSE.600617,国新能源,2025-10-23,4.0,4.5,3.87,4.1,4.18,214442334.0,909785517.18,4.6,3.76,false,false,48.14761674,12.0776,72.797250249,72.797250249,false,false,false,,未涨停,未涨停,5天4板,13.2813,4.264,4.094285714285713,-4.3062200956937735,0.13956734124216189,424.2564890102343,false,-0.019138755980861233,2.72,断板,3.9885714285714284,-0.09913793103448276,423.50642551051436,4.799426934097418,1,SHSE.600617,2025-10-23,2025-10-23T09:30:00.000000,4.0,2025-10-24T09:30:00.000000,3.81,-5.508964143426302,1.0,大幅低开卖出
SHSE.601015,陕西黑猫,2025-10-28,4.15,4.61,4.12,4.52,4.27,162690470.0,705389142.59,4.7,3.84,false,false,2.46424631,7.9653,92.32089328280001,92.32089328280001,false,false,false,,未涨停,未涨停,4天2板,4.1839,4.326,4.318571428571429,-2.8103044496486937,4.664240820377079,433.57742010948766,false,0.058548009367681564,3.37,断板,4.222857142857143,0.036407766990291135,421.8611501501966,1.1163734776725096,1,SHSE.601015,2025-10-28,2025-10-28T09:30:00.000000,4.15,2025-10-29T11:30:00.000000,4.65,11.155378486055787,1.5,未涨停卖出
SZSE.002054,德美化工,2025-10-28,8.35,8.99,8.23,8.59,8.73,75435942.0,652381419.85,9.6,7.86,false,false,3.5469722,19.6256,41.4137173268,33.0178699671,false,false,false,,未涨停,未涨停,6天3板,21.7399,8.492,8.315714285714286,-4.352806414662093,3.2984023363683184,864.8151034555915,false,-0.016036655211912998,6.42,断板,8.122857142857143,0.030696576151121535,867.9231444399065,7.474498768906092,1,SZSE.002054,2025-10-28,2025-10-28T09:30:00.000000,8.35,2025-10-29T11:30:00.000000,9.13,8.470071808574104,1.5,未涨停卖出
SZSE.002490,山东墨龙,2025-10-28,8.03,8.39,7.68,7.92,8.29,145925990.0,1154368244.11,9.12,7.46,false,false,2.04416346,26.9374,42.9043824,42.9043824,false,false,false,,未涨停,未涨停,5天4板,23.373,8.5,8.182857142857143,-3.1363088057901063,-3.2122905027933015,791.0641854202942,false,-0.04463208685162834,5.5,断板,8.02,-0.015439429928741144,823.7922493898659,3.366583541147127,1,SZSE.002490,2025-10-28,2025-10-28T09:30:00.000000,8.03,2025-10-29T11:30:00.000000,7.38,-8.826958665958822,1.5,未涨停卖出
SHSE.605133,嵘泰股份,2025-09-19,46.88,47.3,44.23,44.4,48.17,12414826.0,561885201.47,52.99,43.35,false,false,1.34561738,5.1644,125.566126848,106.734967524,false,false,false,,未涨停,未涨停,2天1板,6.8595,46.572,45.59571428571429,-2.6780153622586655,-2.6224269198232975,4525.920874525345,false,-0.07826447996678432,31.09,断板,45.42285714285715,-0.008847736625514413,4955.400218930897,6.0479305573027995,1,SHSE.605133,2025-09-19,2025-09-19T09:30:00.000000,46.88,2025-09-22T11:30:00.000000,44.94,-4.902064098554588,1.5,未涨停卖出
SZSE.000737,北方铜业,2025-09-19,14.07,14.24,13.66,13.71,14.45,144820505.0,2008864810.22,15.9,13.01,false,false,2.74958801,7.604,261.13662323849996,261.11218173599997,false,false,true,断板,断板,断板,4天2板,10.2393,14.246,13.892857142857142,-2.6297577854671212,-1.316195372750633,1387.1411442875442,false,-0.05121107266435976,10.98,断板,13.662857142857144,-0.05245901639344264,1455.1513961942092,5.761187787536584,1,SZSE.000737,2025-09-19,2025-09-19T09:30:00.000000,14.07,2025-09-22T11:30:00.000000,13.72,-3.2645537253969215,1.5,未涨停卖出
SHSE.600170,上海建工,2025-09-24,3.35,3.36,3.16,3.25,3.5,1476248532.0,4783384747.27,3.85,3.15,false,false,13.70814133,16.6133,288.79304168,288.79304168,false,false,false,,未涨停,未涨停,5天5板,25.251250000000002,3.474,3.4442857142857144,-4.285714285714283,-5.640812940688514,324.02299772583285,true,-0.0714285714285714,2.37,炸板,3.3971428571428572,0.07692307692307687,334.46441362212795,3.027754415475186,1,SHSE.600170,2025-09-24,2025-09-24T09:30:00.000000,3.35,2025-09-25T11:30:00.000000,3.14,-7.0155200095141925,1.5,未涨停卖出
SHSE.600706,曲江文旅,2025-09-24,11.78,12.12,11.26,11.38,12.3,46569722.0,537628326.36,13.53,11.07,false,false,1.83248785,18.3324,29.025803533,28.908635053,false,false,false,,未涨停,未涨停,2天2板,24.27235,12.331999999999999,11.932857142857143,-4.227642276422775,-4.633065964324191,1154.458955885543,false,-0.0747967479674797,10.02,断板,11.885714285714286,-0.05747126436781613,1206.8808240318488,3.485576923076925,1,SHSE.600706,2025-09-24,2025-09-24T09:30:00.000000,11.78,2025-09-25T11:30:00.000000,10.98,-7.533871305947681,1.5,未涨停卖出
SHSE.603297,永新光学,2025-09-24,113.98,119.22,111.03,115.66,118.01,6886993.0,791487099.08,129.81,106.21,false,false,1.40485282,6.2197,128.30938722,128.06927706,false,false,false,,未涨停,未涨停,3天3板,5.767033333333333,120.922,115.88142857142857,-3.414964833488688,-0.1910820173329913,11492.491702547106,false,-0.019913566646894365,91.38,断板,113.31428571428572,-0.024710743801652835,11510.177551917799,4.143973777105399,1,SHSE.603297,2025-09-24,2025-09-24T09:30:00.000000,113.98,2025-09-25T11:30:00.000000,116.77,1.6314807448570194,1.5,未涨停卖出
SHSE.603162,海通发展,2025-10-22,10.88,10.99,10.51,10.63,11.31,39825799.0,424905088.98,12.44,10.18,false,false,2.25628251,14.3197,98.4381187564,29.563989746799997,false,false,false,,未涨停,未涨停,2天2板,15.1401,11.132,10.657142857142857,-3.8019451812555234,-0.25469168900803035,1066.9091384205499,false,-0.060123784261715274,8.68,断板,10.52142857142857,-0.08048780487804874,1138.1943296070183,7.494908350305514,1,SHSE.603162,2025-10-22,2025-10-22T09:30:00.000000,10.88,2025-10-23T11:30:00.000000,10.8,-1.5262479493789591,1.5,未涨停卖出
SHSE.603421,鼎信通讯,2025-09-25,7.51,8.15,7.31,7.8,7.73,65136867.0,497509117.88,8.5,6.96,false,false,1.5026382,9.9874,50.870859858,50.870859858,false,false,false,,未涨停,未涨停,2天2板,4.767249999999999,7.853999999999999,7.552857142857143,-2.846054333764562,3.27217703801777,763.7903706360332,false,0.009055627425614388,6.37,断板,7.394285714285715,-0.05036855036855037,763.3408200528812,4.540185471406486,1,SHSE.603421,2025-09-25,2025-09-25T09:30:00.000000,7.51,2025-09-26T11:30:00.000000,7.55,-0.2684335892117367,1.5,未涨停卖出
SZSE.000020,深华发A,2025-09-30,14.7,15.25,14.67,14.78,15.45,20127301.0,298691269.39,17.0,13.91,false,false,1.56226764,11.1099,26.7762447898,26.7762447898,false,false,true,断板,断板,断板,2天2板,7.82335,15.290000000000003,14.842857142857142,-4.854368932038835,-0.4234841193455207,1484.0105456265596,false,-0.0433656957928803,12.8,断板,14.678571428571429,-0.08579881656804733,1570.2893899555477,5.255474452554738,1,SZSE.000020,2025-09-30,2025-09-30T09:30:00.000000,14.7,2025-10-09T11:30:00.000000,14.78,-0.25693145784210014,1.5,未涨停卖出
SHSE.603101,汇嘉时代,2025-08-27,10.41,11.8,10.34,10.97,10.87,54199293.0,601100926.15,11.96,9.78,false,false,2.12059439,11.522,51.60288,51.60288,false,false,false,,未涨停,未涨停,3天3板,9.934766666666667,11.15,10.544285714285715,-4.231830726770921,4.037393307139949,1109.0567660172246,false,0.009199632014719628,7.31,断板,10.162857142857144,-0.0979253112033196,1118.7685287671704,6.958110767500686,1,SHSE.603101,2025-08-27,2025-08-27T09:30:00.000000,10.41,2025-08-28T11:30:00.000000,10.19,-2.8933258321182205,1.5,未涨停卖出
SHSE.605055,迎丰股份,2025-09-29,9.71,10.75,9.71,10.44,9.99,32866600.0,336728228.85,10.99,8.99,false,false,1.02083333,7.4697,45.936,45.936,false,false,false,,未涨停,未涨停,2天2板,6.547499999999999,10.076,9.66,-2.802802802802796,8.074534161490677,1024.5301578197927,false,0.04504504504504503,7.16,断板,9.397142857142857,0.010111223458038276,988.9554207818717,6.308908482821532,1,SHSE.605055,2025-09-29,2025-09-29T09:30:00.000000,9.71,2025-09-30T11:30:00.000000,9.91,1.2465072767631682,1.5,未涨停卖出
SHSE.605358,立昂微,2025-09-29,31.08,34.25,31.0,33.15,32.71,73557523.0,2387603473.73,35.98,29.44,false,false,1.51439338,10.9564,222.557805132,222.557805132,false,false,true,断板,断板,断板,3天3板,5.933866666666667,33.056,31.327142857142857,-4.983185570162037,5.818778786082354,3245.8997752412083,false,0.013451543870375948,23.91,断板,30.337142857142858,-0.09988992845349487,3365.8995092937207,7.821623657939347,1,SHSE.605358,2025-09-29,2025-09-29T09:30:00.000000,31.08,2025-09-30T11:30:00.000000,33.22,6.033779938162407,1.5,未涨停卖出
SZSE.001330,博纳影业,2025-09-29,6.21,6.51,6.17,6.47,6.42,69347407.0,440748962.62,7.06,5.78,false,false,1.0,6.5085,88.9313782648,68.9370075413,false,false,false,,未涨停,未涨停,4天2板,4.1293,6.382,6.314285714285715,-3.2710280373831773,2.466063348416275,635.5666083088009,false,0.007788161993769416,4.67,断板,6.201428571428571,-0.0092592592592593,666.7187626749082,3.524533517622672,1,SZSE.001330,2025-09-29,2025-09-29T09:30:00.000000,6.21,2025-09-30T11:30:00.000000,6.5,3.8358642723790832,1.5,未涨停卖出
SZSE.002029,七匹狼,2025-09-29,8.03,8.36,7.84,7.97,8.42,68663659.0,551866343.13,9.26,7.58,false,false,8.0151467,10.3191,56.1903758989,53.0328549323,false,false,true,断板,断板,断板,2天2板,5.8977,8.394,8.114285714285714,-4.631828978622335,-1.778169014084505,803.7240531122875,false,-0.05344418052256539,6.87,断板,8.008571428571429,-0.09946524064171125,901.9445940055625,5.1373528362468734,1,SZSE.002029,2025-09-29,2025-09-29T09:30:00.000000,8.03,2025-09-30T11:30:00.000000,8.15,0.6856757279723132,1.5,未涨停卖出
SHSE.600408,安泰集团,2025-10-31,3.1,3.25,3.1,3.11,3.2,138331171.0,434118535.62,3.52,2.88,false,false,3.25861312,13.7397,31.31148,31.31148,false,false,true,断板,断板,断板,10天6板,26.1899,3.2060000000000004,3.1557142857142857,-3.1250000000000027,-1.4486192847442314,313.82553366804075,false,-0.028125000000000067,2.12,断板,3.1257142857142854,-0.09859154929577452,337.4902891168795,2.3765996343693017,1,SHSE.600408,2025-10-31,2025-10-31T09:30:00.000000,3.1,2025-11-06T11:30:00.000000,4.19,34.08430792957202,4.5,未涨停卖出
SHSE.600159,大龙地产,2025-09-26,3.16,3.22,3.01,3.06,3.3,102138080.0,316623070.48,3.63,2.97,false,false,4.34339262,12.3057,25.3980988992,25.3980988992,false,false,true,断板,断板,断板,5天3板,13.9703,3.282,3.2657142857142856,-4.242424242424233,-6.299212598425191,309.99512667557485,false,-0.07272727272727264,2.67,断板,3.281428571428571,-0.10081743869209814,343.89262150742206,0.5659555942533774,1,SHSE.600159,2025-09-26,2025-09-26T09:30:00.000000,3.16,2025-09-29T11:30:00.000000,2.93,-8.01729789701951,1.5,未涨停卖出
SHSE.600996,贵广网络,2025-09-26,9.71,9.85,9.24,9.29,10.0,69085793.0,653210512.91,11.0,9.0,false,false,1.05012298,5.541,115.8277064366,115.8277064366,false,false,false,,未涨停,未涨停,3天3板,5.275566666666667,9.97,9.572857142857144,-2.8999999999999915,-2.9547828682286417,945.5062821816347,false,-0.07100000000000006,8.07,断板,9.427142857142858,0.021450459652706977,999.8735133785569,6.076678284588565,1,SHSE.600996,2025-09-26,2025-09-26T09:30:00.000000,9.71,2025-09-29T11:30:00.000000,9.33,-4.679120797961611,1.5,未涨停卖出
SHSE.603030,全筑股份,2025-09-26,3.35,3.4,3.13,3.13,3.47,139285775.0,453089061.25,3.82,3.12,false,false,3.58947569,10.5765,41.220019176,41.220019176,false,false,false,,未涨停,未涨停,7天3板,5.128800000000002,3.3,3.2885714285714287,-3.458213256484153,-4.821894005212865,325.29456884595714,true,-0.09798270893371763,2.54,断板,3.2714285714285714,0.035820895522387985,337.03983730526033,6.069868995633197,1,SHSE.603030,2025-09-26,2025-09-26T09:30:00.000000,3.35,2025-09-29T11:30:00.000000,3.06,-9.38455134685141,1.5,未涨停卖出
SHSE.603686,福龙马,2025-09-26,23.69,23.77,21.95,21.95,24.39,94440704.0,2152834013.07,26.83,21.95,false,false,3.29815967,22.7332,91.186973678,91.186973678,false,false,false,,未涨停,未涨停,4天4板,14.224699999999999,25.368000000000002,24.42571428571429,-2.8700287002869995,-10.1356883846064,2279.561589322757,true,-0.10004100041000419,17.29,断板,24.020000000000003,-0.09999999999999998,2525.1537557146626,1.5403830141548602,1,SHSE.603686,2025-09-26,2025-09-26T09:30:00.000000,23.69,2025-09-29T11:30:00.000000,21.84,-8.543790225337574,1.5,未涨停卖出
SZSE.002040,南京港,2025-09-26,10.87,10.96,10.33,10.34,11.24,49541410.0,525844489.4,12.36,10.12,false,false,2.43391489,10.195,50.453718249,50.246210993000005,false,false,true,断板,断板,断板,2天2板,9.864250000000002,10.870000000000001,10.614285714285714,-3.291814946619226,-2.584118438761774,1061.4241488080377,false,-0.08007117437722422,9.15,断板,10.59,-0.06176961602671116,1120.1280380888875,6.137865911237019,1,SZSE.002040,2025-09-26,2025-09-26T09:30:00.000000,10.87,2025-09-29T11:30:00.000000,10.32,-5.816293244684544,1.5,未涨停卖出
SZSE.002402,和而泰,2025-09-26,51.1,53.0,47.97,48.18,52.6,178807066.0,8969338994.73,57.86,47.34,false,false,12.54504455,22.1891,445.57166811300004,388.24977232140003,false,false,false,,未涨停,未涨停,4天3板,0.7177500000000006,52.428,50.24285714285714,-2.8517110266159698,-4.105771964742674,5016.210598036433,false,-0.08403041825095059,29.7,断板,49.06714285714286,-0.06071428571428572,5341.149905574226,7.200046583398834,1,SZSE.002402,2025-09-26,2025-09-26T09:30:00.000000,51.1,2025-09-29T11:30:00.000000,51.06,-0.8744669073217998,1.5,未涨停卖出
SHSE.601069,西部黄金,2025-10-16,32.93,33.58,31.81,32.09,34.21,40678601.0,1331463002.3,37.63,30.79,false,false,1.02014339,4.5851,292.3396185707,284.6987713587,false,false,false,,未涨停,未涨停,3天2板,6.611000000000001,32.622,32.27142857142857,-3.741596024554227,-0.5621956617972473,3273.1287939327117,false,-0.06197018415667921,18.59,断板,31.947142857142858,0.006176470588235228,3358.456101041478,7.08312838170192,1,SHSE.601069,2025-10-16,2025-10-16T09:30:00.000000,32.93,2025-10-17T11:30:00.000000,33.76,1.7036016275015122,1.5,未涨停卖出
SZSE.002084,海鸥住工,2025-10-16,4.13,4.25,4.03,4.07,4.32,89960579.0,369975970.57,4.75,3.89,false,false,3.35633407,13.9553,26.294480828,26.2366217894,false,false,true,断板,断板,断板,4天3板,9.2207,4.287999999999999,4.158571428571429,-4.398148148148157,-2.1298522844383467,411.26455018703246,false,-0.05787037037037035,3.44,断板,4.102857142857143,-0.044247787610619316,434.8521610157286,5.292479108635096,1,SZSE.002084,2025-10-16,2025-10-16T09:30:00.000000,4.13,2025-10-17T11:30:00.000000,4.19,0.6443957824874976,1.5,未涨停卖出
SZSE.002952,亚世光电,2025-10-16,20.85,21.0,20.1,20.77,21.6,14090395.0,288920679.45,23.76,19.44,false,false,2.46978764,10.5748,34.133418,27.6749931464,false,false,true,断板,断板,断板,2天2板,9.982800000000001,21.130000000000003,20.471428571428568,-3.472222222222222,1.4584787159804757,2050.4796313375177,false,-0.038425925925925974,17.71,断板,20.219999999999995,-0.06614785992217886,2242.3212465643455,6.824925816023771,1,SZSE.002952,2025-10-16,2025-10-16T09:30:00.000000,20.85,2025-10-17T11:30:00.000000,20.55,-2.22419673822696,1.5,未涨停卖出
SHSE.600121,郑州煤电,2025-10-30,5.67,5.87,5.39,5.41,5.83,157900378.0,875690708.23,6.41,5.25,false,false,3.58401795,12.9595,65.9160912558,65.9160912558,false,false,false,,未涨停,未涨停,6天3板,14.66105,5.596,5.524285714285715,-2.7444253859348224,-2.068787173519533,554.584301394136,false,-0.07204116638078906,4.01,断板,5.534285714285715,-0.026711185308848084,580.5206570354985,5.343314403717081,1,SHSE.600121,2025-10-30,2025-10-30T09:30:00.000000,5.67,2025-10-31T11:30:00.000000,5.27,-7.795273930732102,1.5,未涨停卖出
SZSE.002160,常铝股份,2025-10-29,5.01,5.68,4.97,5.68,5.16,180673472.0,952094732.87,5.68,4.64,false,false,2.11015766,22.7683,58.661970285600006,45.0725209264,true,false,false,,涨停,5天3板,2天2板,20.98705,5.302,5.069999999999999,-2.9069767441860535,12.031558185404347,526.9698546945508,false,0.10077519379844957,4.08,断板,4.885714285714285,-0.017142857142857126,520.672939222531,5.614035087719311,1,SZSE.002160,2025-10-29,2025-10-29T09:30:00.000000,5.01,2025-10-31T11:30:00.000000,5.7,12.865901662809827,2.5,未涨停卖出
SZSE.002140,东华科技,2025-10-10,12.6,12.84,12.25,12.61,12.96,35425435.0,446754333.01,14.26,11.66,false,false,9.2615249,6.5187,89.2805492592,68.5279659623,false,false,false,,未涨停,未涨停,2天2板,6.8401,12.828,12.31857142857143,-2.777777777777787,2.365765974718764,1261.111777484172,false,-0.027006172839506237,9.75,断板,12.082857142857145,0.012499999999999956,1291.1456052894455,7.2593993851974306,1,SZSE.002140,2025-10-10,2025-10-10T09:30:00.000000,12.6,2025-10-13T11:30:00.000000,12.21,-3.8673875924871854,1.5,未涨停卖出
SZSE.002298,中电鑫龙,2025-10-10,13.05,14.69,13.05,14.01,13.41,282941667.0,3929343004.75,14.75,12.07,false,false,3.14438138,42.8275,103.6895372301,92.5575570312,false,false,true,断板,断板,断板,7天4板,25.779749999999993,13.092000000000002,13.112857142857141,-2.6845637583892574,6.841703889312573,1388.7466792757675,false,0.044742729306487705,9.32,断板,12.739999999999998,0.01667930250189542,1351.6255176114332,5.259026687598131,1,SZSE.002298,2025-10-10,2025-10-10T09:30:00.000000,13.05,2025-10-13T09:30:00.000000,12.61,-4.141594541374731,1.0,大幅低开卖出
SHSE.603131,上海沪工,2025-11-17,27.63,29.58,27.5,28.81,28.38,44773989.0,1280168562.7,31.22,25.54,false,false,2.90983303,14.0802,91.61359142540002,91.61359142540002,false,false,false,,未涨停,未涨停,4天2板,14.098199999999999,27.932,27.20714285714286,-2.6427061310782243,5.891310055132569,2859.1791602485987,false,0.015151515151515138,20.08,断板,26.371428571428574,-0.03469387755102038,2832.2527955159817,7.616468039003238,1,SHSE.603131,2025-11-17,2025-11-17T09:30:00.000000,27.63,2025-11-18T11:30:00.000000,26.92,-3.3460079335210593,1.5,未涨停卖出
SHSE.600105,永鼎股份,2025-10-15,14.68,15.57,14.6,14.84,15.08,194836759.0,2922163856.24,16.59,13.57,false,false,8.77181441,13.3268,216.9600286168,216.9600286168,false,false,true,断板,断板,断板,3天2板,12.293849999999999,15.0,14.314285714285715,-2.6525198938992065,3.672654690618757,1499.8011007974117,false,-0.01591511936339529,9.62,断板,13.964285714285714,-0.0725707257072572,1553.363768657629,7.9897698209718735,1,SHSE.600105,2025-10-15,2025-10-15T09:30:00.000000,14.68,2025-10-16T11:30:00.000000,14.41,-2.621394530868361,1.5,未涨停卖出
SHSE.603516,淳中科技,2025-10-15,165.5,166.0,153.0,157.85,169.99,14563253.0,2288562034.59,186.99,152.99,false,false,2.10236101,7.1645,320.8589784015,320.8589784015,false,false,true,断板,断板,断板,2天1板,7.1051,163.504,163.84,-2.6413318430495965,-3.6560058593750053,15714.634873060299,true,-0.07141596564503805,91.59,断板,163.29,-0.04009260827827654,17299.7140075412,4.103129401678006,1,SHSE.603516,2025-10-15,2025-10-15T09:30:00.000000,165.5,2025-10-16T11:30:00.000000,156.6,-6.131606504495608,1.5,未涨停卖出
SHSE.600641,先导基电,2025-10-13,20.5,23.5,20.5,23.25,21.36,85442409.0,1918819056.88,23.5,19.22,false,false,18.43489918,9.1811,216.3714564,216.3714564,false,true,false,,炸板,5天1板,2天1板,4.1583,21.542,20.702857142857145,-4.026217228464417,12.303339773668222,2245.7455019555923,false,0.08848314606741581,14.91,断板,20.055714285714288,0.012322274881516382,2099.8235974674153,6.503312201723756,1,SHSE.600641,2025-10-13,2025-10-13T09:30:00.000000,20.5,2025-10-14T11:30:00.000000,23.01,11.349528714410647,1.5,未涨停卖出
SHSE.603026,石大胜华,2025-10-13,47.0,54.04,46.26,54.04,49.13,12198302.0,631011361.7,54.04,44.22,false,false,1.07841437,6.0185,125.7516279656,109.528272,true,false,false,,涨停,5天3板,2天2板,6.68445,51.032,48.60285714285715,-4.335436596784048,11.186879078243479,5172.944248306036,false,0.09993893751272132,36.17,断板,46.96,-0.07476459510357814,4993.911264283823,4.620954003407158,1,SHSE.603026,2025-10-13,2025-10-13T09:30:00.000000,47.0,2025-10-15T11:30:00.000000,57.26,20.859031957277253,2.5,未涨停卖出
SZSE.002150,正泰电源,2025-10-13,18.36,18.8,18.21,18.62,19.21,28366214.0,525612708.5,21.13,17.29,false,false,6.0754386,7.9121,67.6342737686,66.7559544036,false,false,false,,未涨停,未涨停,5天3板,11.05,19.572,18.84714285714286,-4.424778761061954,-1.2051845675737212,1852.9533356125708,false,-0.03071317022384179,12.34,断板,18.65142857142857,-0.052761341222879676,1939.8436040616684,2.9947916666666723,1,SZSE.002150,2025-10-13,2025-10-13T09:30:00.000000,18.36,2025-10-14T11:30:00.000000,18.6,0.49996094055151746,1.5,未涨停卖出
SZSE.002310,东方新能,2025-10-13,2.65,2.72,2.62,2.7,2.72,126591409.0,339140689.68,2.99,2.45,false,false,46.5301101,3.0148,161.981697159,113.374342359,false,false,true,断板,断板,断板,2天1板,5.443400000000003,2.6700000000000004,2.61,-2.5735294117647163,3.4482758620689773,267.9018207941741,false,-0.007352941176470562,2.19,断板,2.575714285714286,-0.042253521126760396,278.5268186167073,5.601774819744863,1,SZSE.002310,2025-10-13,2025-10-13T09:30:00.000000,2.65,2025-10-14T11:30:00.000000,2.77,3.695407051041113,1.5,未涨停卖出
SHSE.600172,黄河旋风,2025-10-27,6.72,7.16,6.6,7.01,6.96,320646731.0,2218423191.78,7.66,6.26,false,false,6.66109045,25.124,101.0971317676,89.46552807500001,false,false,false,,未涨停,未涨停,3天3板,17.2136,7.287999999999999,6.945714285714286,-3.448275862068969,0.9255450431920987,691.8589766567744,false,0.007183908045977017,4.46,断板,6.861428571428571,-0.09961190168175948,713.7559210627182,1.4366021236727073,1,SHSE.600172,2025-10-27,2025-10-27T09:30:00.000000,6.72,2025-10-28T11:30:00.000000,6.8,0.38417757541263603,1.5,未涨停卖出
SZSE.002542,中化岩土,2025-10-27,3.95,4.05,3.9,3.96,4.08,156289637.0,619164989.89,4.49,3.67,false,false,18.88874135,8.8863,71.5222228248,69.64734284640001,false,false,false,,未涨停,未涨停,2天2板,8.091050000000003,4.15,3.9914285714285715,-3.1862745098039187,-0.7874015748031534,396.1650956358674,false,-0.02941176470588236,3.49,断板,3.935714285714286,-0.02857142857142858,405.7867938756529,3.6660617059891063,1,SZSE.002542,2025-10-27,2025-10-27T09:30:00.000000,3.95,2025-10-28T11:30:00.000000,3.9,-2.05254929648495,1.5,未涨停卖出
SHSE.603516,淳中科技,2025-11-05,180.0,206.83,179.8,206.3,188.03,15816893.0,3111767174.13,206.83,169.23,false,false,2.10236101,7.7813,419.342459577,419.342459577,false,true,false,,炸板,6天2板,4天2板,5.3263,186.2,181.6,-4.270595117800351,13.601321585903092,19673.69428452225,false,0.09716534595543269,142.8,断板,175.26,-0.010212138758751377,18900.261268495637,7.286317471185673,1,SHSE.603516,2025-11-05,2025-11-05T09:30:00.000000,180.0,2025-11-07T15:00:00.000000,238.16,31.25683930942895,3.0,未涨停卖出
SZSE.002160,常铝股份,2025-11-03,5.36,5.75,5.36,5.7,5.63,156904928.0,871271829.53,6.19,5.07,false,false,2.11015766,19.773,58.868526519,45.231226986,false,false,true,断板,断板,断板,6天4板,24.6569,5.683999999999999,5.589999999999999,-4.795737122557719,1.9677996422182689,555.2864659101083,false,0.01243339253996445,4.08,断板,5.484285714285714,-0.09920000000000007,575.3071706030584,2.6569419119562423,1,SZSE.002160,2025-11-03,2025-11-03T09:30:00.000000,5.36,2025-11-04T11:30:00.000000,5.89,9.012457632157918,1.5,未涨停卖出
SHSE.603823,百合花,2025-11-06,17.0,19.2,17.0,18.15,17.45,55520515.0,1010013224.57,19.2,15.71,false,false,2.05575111,13.5076,75.570738276,74.602217976,false,true,false,,炸板,5天3板,3天3板,10.389800000000001,17.73,16.875714285714285,-2.5787965616045803,7.551003132142554,1819.1712100833358,false,0.04011461318051568,12.81,断板,16.465714285714288,-0.10005157297576073,1782.9520703745745,5.977789345826808,1,SHSE.603823,2025-11-06,2025-11-06T09:30:00.000000,17.0,2025-11-07T11:30:00.000000,17.51,2.179282868525903,1.5,未涨停卖出
SZSE.002248,华东数控,2025-11-06,13.0,13.5,12.78,13.11,13.5,58541161.0,766924062.09,14.85,12.15,false,false,2.0282228,19.038,40.31267316,40.31267316,false,false,true,断板,断板,断板,5天2板,18.8128,13.148,12.838571428571429,-3.7037037037037033,2.1141649048625717,1310.0595358708379,false,-0.028888888888888964,9.86,断板,12.53,-0.01171303074670571,1331.2988020479333,7.741420590582607,1,SZSE.002248,2025-11-06,2025-11-06T09:30:00.000000,13.0,2025-11-07T11:30:00.000000,13.34,1.7977321483297548,1.5,未涨停卖出
SZSE.002227,奥特迅,2025-11-18,14.36,14.45,13.82,13.96,14.79,25147288.0,353403937.86,16.27,13.31,false,false,2.07711911,10.2251,34.593741332,34.3327725336,false,false,true,断板,断板,断板,2天2板,7.2308499999999984,14.7,14.404285714285715,-2.907369844489518,-3.08439948428047,1405.3361851981813,false,-0.056118999323867325,12.61,断板,14.365714285714287,-0.09596577017114916,1501.5194765137883,2.953460620525048,1,SZSE.002227,2025-11-18,2025-11-18T09:30:00.000000,14.36,2025-11-19T11:30:00.000000,13.6,-6.047120709363112,1.5,未涨停卖出
SZSE.002728,特一药业,2025-11-18,13.73,13.93,12.75,12.75,14.17,97825317.0,1289310365.55,15.59,12.75,false,false,5.1853076,25.9611,65.40781824,48.043829115,false,false,true,断板,断板,断板,4天2板,33.5941,13.874,13.39,-3.105151729004936,-4.7796863330843955,1317.9720803255868,true,-0.10021171489061398,8.43,断板,13.171428571428573,-0.06837606837606847,1426.792902812578,7.581344902386107,1,SZSE.002728,2025-11-18,2025-11-18T09:30:00.000000,13.73,2025-11-19T11:30:00.000000,12.16,-12.14051296634292,1.5,止损卖出
SZSE.002160,常铝股份,2025-11-04,5.51,6.05,5.51,5.74,5.7,203583612.0,1182817448.01,6.27,5.13,false,false,2.11015766,25.6554,59.2816389858,45.5486391052,false,false,false,,未涨停,未涨停,6天4板,24.6569,5.799999999999999,5.63,-3.33333333333334,1.9538188277087092,580.9983605212781,false,0.007017543859649145,4.08,断板,5.589999999999999,0.01243339253996445,555.2864659101083,1.9677996422182689,1,SZSE.002160,2025-11-04,2025-11-04T09:30:00.000000,5.51,2025-11-05T11:30:00.000000,5.71,2.8040288935004107,1.5,未涨停卖出
SZSE.003036,泰坦股份,2025-11-04,17.3,17.45,16.8,17.14,18.16,16474576.0,280973055.84,19.98,16.34,false,false,1.07833462,7.6177,37.0681845394,37.0680045694,false,false,true,断板,断板,断板,2天2板,3.8186999999999998,18.089999999999996,17.674285714285713,-4.735682819383256,-3.022955059812467,1705.4949143455951,false,-0.056167400881057206,16.02,断板,17.594285714285714,-0.09920634920634919,1893.7054782157238,3.2153296524845736,1,SZSE.003036,2025-11-04,2025-11-04T09:30:00.000000,17.3,2025-11-05T11:30:00.000000,16.88,-3.2052138267738473,1.5,未涨停卖出
SHSE.600376,首开股份,2025-11-20,6.22,6.54,5.93,6.0,6.54,332583347.0,2059054202.39,7.19,5.89,false,false,8.17072568,12.893,154.77391452,154.77391452,false,false,true,断板,断板,断板,5天3板,10.6539,6.486,6.352857142857142,-4.892966360856273,-5.554306273892504,619.1092311035044,true,-0.0825688073394496,5.43,断板,6.291428571428571,-0.10041265474552952,721.6873044055121,3.9509536784741237,1,SHSE.600376,2025-11-20,2025-11-20T09:30:00.000000,6.22,2025-11-21T11:30:00.000000,5.87,-6.378985665056796,1.5,未涨停卖出
SZSE.000566,海南海药,2025-11-20,6.96,7.92,6.9,7.92,7.2,218745513.0,1634435705.27,7.92,6.48,false,false,8.80180268,18.762,102.7513179792,92.3388628536,true,false,false,,涨停,5天3板,2天2板,15.1853,7.468000000000001,7.088571428571428,-3.333333333333336,11.729141475211614,747.185934401315,false,0.09999999999999987,5.18,断板,6.841428571428572,-0.09999999999999998,741.2457986148482,5.2411776988932965,1,SZSE.000566,2025-11-20,2025-11-20T09:30:00.000000,6.96,2025-11-21T15:00:00.000000,8.38,19.442917983239457,2.0,未涨停卖出
SZSE.000797,中国武夷,2025-11-20,3.9,3.93,3.65,3.67,4.05,287879895.0,1071080648.36,4.46,3.65,false,false,5.2566626,18.3296,57.6466797639,57.6400096123,false,false,false,,未涨停,未涨停,3天2板,6.32005,4.136,3.98,-3.7037037037037015,-7.788944723618092,372.05816278347606,true,-0.09382716049382711,2.67,断板,3.9457142857142853,-0.10000000000000009,409.3166794300895,2.643012309920354,1,SZSE.000797,2025-11-20,2025-11-20T09:30:00.000000,3.9,2025-11-21T11:30:00.000000,3.55,-9.699662886913885,1.5,未涨停卖出
SHSE.600759,洲际油气,2025-11-10,2.67,2.78,2.66,2.7,2.74,439916260.0,1193860507.49,3.01,2.47,false,false,3.72113488,10.6165,112.02325056000001,111.87951606,false,false,false,,未涨停,未涨停,3天2板,14.346700000000002,2.698,2.6385714285714283,-2.5547445255474552,2.3280996210070537,271.38358275049893,false,-0.014598540145985384,2.22,断板,2.5885714285714285,0.02621722846441954,275.463951913691,5.849889624724073,1,SHSE.600759,2025-11-10,2025-11-10T09:30:00.000000,2.67,2025-11-11T11:30:00.000000,2.71,0.6893773221719978,1.5,未涨停卖出
SHSE.600815,厦工股份,2025-11-10,3.51,4.02,3.43,4.02,3.65,363969350.0,1380823310.02,4.02,3.29,false,false,4.82175933,20.5158,71.318598096,71.318598096,true,false,false,,涨停,5天3板,2天2板,7.37715,3.71,3.5242857142857145,-3.835616438356168,14.065666801783525,379.37900815549443,false,0.10136986301369855,2.66,断板,3.392857142857143,-0.03947368421052633,364.4193473760929,7.578947368421051,1,SHSE.600815,2025-11-10,2025-11-10T09:30:00.000000,3.51,2025-11-11T11:30:00.000000,3.89,9.943133449109547,1.5,未涨停卖出
SHSE.600678,四川金顶,2025-11-13,10.8,11.25,10.68,10.92,11.36,83728484.0,920250321.19,12.5,10.22,false,false,3.24803981,23.9917,38.109708,38.109708,false,false,false,,未涨停,未涨停,2天2板,15.38555,11.469999999999999,10.991428571428571,-4.929577464788721,-0.649857031453078,1099.0887177534469,false,-0.03873239436619713,9.04,断板,10.808571428571428,-0.06578947368421062,1136.6659102305357,5.101771081152527,1,SHSE.600678,2025-11-13,2025-11-13T09:30:00.000000,10.8,2025-11-14T11:30:00.000000,10.44,-4.1035856573705285,1.5,未涨停卖出
SZSE.000017,深中华A,2025-11-25,7.92,8.18,7.71,8.02,8.31,95583621.0,762601866.65,9.14,7.48,false,false,2.10701766,21.683,35.3539204702,35.3539204702,false,false,true,断板,断板,断板,3天3板,9.0824,8.315999999999999,7.947142857142857,-4.693140794223833,0.9167715261549537,797.8373895774465,false,-0.0348977135980747,6.61,断板,7.798571428571428,-0.09967497291440952,863.1326718029229,6.557977651584553,1,SZSE.000017,2025-11-25,2025-11-25T09:30:00.000000,7.92,2025-11-26T11:30:00.000000,7.65,-4.17873958710612,1.5,未涨停卖出
SZSE.002205,国统股份,2025-11-25,17.11,17.44,16.55,16.94,17.6,22915160.0,390604844.18,19.36,15.84,false,false,2.10331328,12.3304,31.4818428232,31.4818428232,false,false,false,,未涨停,未涨停,4天2板,7.849399999999999,16.842000000000002,16.82857142857143,-2.7840909090909203,0.662139219015284,1704.5695695775198,false,-0.03749999999999998,13.41,断板,16.582857142857144,0.04761904761904767,1700.1082154430492,6.133700895933843,1,SZSE.002205,2025-11-25,2025-11-25T09:30:00.000000,17.11,2025-11-26T11:30:00.000000,15.96,-7.464472909065078,1.5,未涨停卖出
SZSE.000753,漳州发展,2025-11-12,9.76,9.95,9.4,9.64,10.05,95764277.0,926971371.68,11.06,9.05,false,false,8.20911977,9.6587,95.5787752444,95.5787752444,false,false,false,,未涨停,未涨停,4天3板,15.303500000000001,9.786,9.75,-2.8855721393034917,-1.1282051282051224,967.9719836239144,false,-0.04079601990049753,6.76,断板,9.567142857142857,-0.0059347181008900796,1007.3897007371082,5.047035986262518,1,SZSE.000753,2025-11-12,2025-11-12T09:30:00.000000,9.76,2025-11-13T11:30:00.000000,10.12,2.862321206975385,1.5,未涨停卖出
SHSE.603232,格尔软件,2025-11-21,25.39,26.87,24.54,24.59,26.67,41563818.0,1057739835.57,29.34,24.0,false,false,3.56059178,17.9697,57.5608117505,56.876668770500004,false,false,false,,未涨停,未涨停,2天2板,15.883700000000001,26.471999999999998,25.47,-4.79940007499063,-3.4550451511582216,2544.8572495674002,false,-0.0779902512185977,14.42,断板,25.135714285714283,-0.023076923076922995,2701.2707561182233,6.1040068201193725,1,SHSE.603232,2025-11-21,2025-11-21T09:30:00.000000,25.39,2025-11-24T11:30:00.000000,23.83,-6.892006609246352,1.5,未涨停卖出
SHSE.603877,太平鸟,2025-11-21,16.49,17.0,15.76,15.95,17.0,15340998.0,249299893.58,18.7,15.3,false,false,1.29462513,3.2687,75.13653395600001,74.85706204350001,false,false,true,断板,断板,断板,2天2板,2.9598999999999998,16.442,15.994285714285715,-3.0000000000000093,-0.2768846016434509,1625.0565548603813,false,-0.061764705882352944,13.69,断板,15.830000000000002,-0.056079955580233265,1708.6627753988796,7.391029690461137,1,SHSE.603877,2025-11-21,2025-11-21T09:30:00.000000,16.49,2025-11-24T11:30:00.000000,15.66,-5.790059893838824,1.5,未涨停卖出
SHSE.605255,天普股份,2025-11-21,107.0,115.9,102.88,108.61,109.99,5228763.0,575043896.16,120.99,98.99,false,false,1.13792275,3.8997,145.624288,145.624288,false,false,false,,未涨停,未涨停,2天1板,4.7203,111.06799999999998,106.12,-2.718428948086185,2.3464003015454153,10997.704354930602,false,-0.012546595145013106,80.73,断板,103.73857142857142,-0.07888786533791137,11306.36744882606,6.026137130424011,1,SHSE.605255,2025-11-21,2025-11-21T09:30:00.000000,107.0,2025-11-24T11:30:00.000000,110.22,2.1885541944372044,1.5,未涨停卖出
SZSE.000955,欣龙控股,2025-11-21,7.59,8.0,7.29,7.5,7.87,81306088.0,617070428.75,8.66,7.08,false,false,1.8688739,15.1129,40.379625000000004,40.364578125,false,false,false,,未涨停,未涨停,3天2板,14.77845,7.856,7.624285714285714,-3.557814485387551,-1.6301292861157872,758.9473850346852,false,-0.04701397712833544,5.25,断板,7.517142857142857,0.003826530612244916,761.4166488694889,4.694032687191187,1,SZSE.000955,2025-11-21,2025-11-21T09:30:00.000000,7.59,2025-11-24T11:30:00.000000,7.03,-8.11615199281922,1.5,未涨停卖出
SZSE.002301,齐心集团,2025-11-21,7.1,7.39,7.04,7.08,7.41,62991003.0,452876503.95,8.15,6.67,false,false,5.01682543,8.7732,51.068601656400006,50.833707788400005,false,false,true,断板,断板,断板,2天2板,7.034700000000001,7.367999999999999,7.1642857142857155,-4.183535762483138,-1.1764705882353095,718.9542670879522,false,-0.04453441295546556,6.13,断板,7.095714285714286,-0.09302325581395343,757.9486109602461,4.429232937386749,1,SZSE.002301,2025-11-21,2025-11-21T09:30:00.000000,7.1,2025-11-25T11:30:00.000000,7.86,9.822119970820951,2.5,未涨停卖出
SZSE.002836,新宏泽,2025-11-24,14.01,14.62,13.66,14.14,14.47,16885472.0,237838276.37,15.92,13.02,false,false,3.45385503,7.3288,32.57856,32.57856,false,false,true,断板,断板,断板,3天2板,9.16975,14.681999999999999,14.165714285714285,-3.178991015894961,-0.18152480839047438,1408.5379216524123,false,-0.022805805114029076,9.47,断板,13.9,-0.10012437810945263,1520.5951443974564,4.100719424460434,1,SZSE.002836,2025-11-24,2025-11-24T09:30:00.000000,14.01,2025-11-25T11:30:00.000000,14.45,2.3187762867160857,1.5,未涨停卖出
SHSE.601566,九牧王,2025-12-24,14.8,15.81,14.58,15.46,15.35,65444714.0,1004204283.71,16.89,13.82,false,false,1.87045071,11.3889,88.83890339,88.83890339,false,false,false,,未涨停,未涨停,6天4板,10.32905,15.934000000000003,15.534285714285714,-3.5830618892508075,-0.4782048924038907,1534.431464869722,false,0.007166123778501676,9.44,断板,15.277142857142858,-0.06630170316301709,1564.115439273575,0.47690293622591584,1,SHSE.601566,2025-12-24,2025-12-24T09:30:00.000000,14.8,2025-12-25T11:30:00.000000,14.98,0.40971250134597775,1.5,未涨停卖出
SHSE.603023,威帝股份,2025-12-24,5.59,5.79,5.41,5.52,5.78,89111671.0,493148083.38,6.36,5.2,false,false,6.91067189,15.9665,30.8080808664,30.8080808664,false,false,false,,未涨停,未涨停,4天3板,17.7008,5.67,5.472857142857143,-3.287197231833917,0.8613938919342047,553.4045965539127,false,-0.04498269896193785,3.99,断板,5.355714285714286,-0.03344481605351168,566.5398156535215,7.922112563350228,1,SHSE.603023,2025-12-24,2025-12-24T09:30:00.000000,5.59,2025-12-25T11:30:00.000000,5.56,-1.3292091027660375,1.5,未涨停卖出
SHSE.600734,实达集团,2025-12-03,5.69,6.52,5.69,6.15,5.93,850215290.0,5272762524.2,6.52,5.34,false,false,6.6001656,39.0391,133.965641019,133.937966019,false,true,false,,炸板,10天6板,8天6板,15.6709,5.6579999999999995,5.718571428571429,-4.047217537942653,7.5443417436922315,620.1679252557313,false,0.03709949409780777,3.35,炸板,5.565714285714286,0.06082289803220031,583.2393349312048,6.545174537987672,1,SHSE.600734,2025-12-03,2025-12-03T09:30:00.000000,5.69,2025-12-04T11:30:00.000000,5.68,-0.9711592995329911,1.5,未涨停卖出
SHSE.603327,福蓉科技,2025-12-08,12.29,14.03,12.29,13.58,12.75,156341263.0,2117141399.26,14.03,11.48,false,false,2.74591638,15.6734,135.4596421514,135.4596421514,false,true,false,,炸板,6天3板,3天3板,9.540366666666667,13.080000000000002,12.340000000000002,-3.607843137254909,10.048622366288479,1354.1795420061305,false,0.06509803921568635,8.97,断板,11.83857142857143,-0.06798245614035081,1284.4704695662501,7.698805357789289,1,SHSE.603327,2025-12-08,2025-12-08T09:30:00.000000,12.29,2025-12-09T11:30:00.000000,14.49,16.961284236528254,1.5,未涨停卖出
SZSE.002632,道明光学,2025-12-08,14.53,15.94,14.53,15.67,15.0,143974485.0,2191027708.97,16.5,13.5,false,false,6.76963232,24.7427,97.87467740299999,91.1815379237,false,false,false,,未涨停,未涨停,6天5板,16.312433333333335,15.436000000000002,14.757142857142856,-3.1333333333333373,6.185866408518883,1521.816667008741,false,0.04466666666666663,9.55,断板,14.134285714285713,0.006711409395973034,1492.2580461153232,6.124924196482723,1,SZSE.002632,2025-12-08,2025-12-08T09:30:00.000000,14.53,2025-12-09T11:30:00.000000,15.62,6.6451331631492,1.5,未涨停卖出
SHSE.603023,威帝股份,2025-12-11,4.97,5.33,4.73,5.18,5.1,100446366.0,500772939.43,5.61,4.59,false,false,6.91067189,17.9974,28.910481682600004,28.910481682600004,false,false,true,断板,断板,断板,2天2板,15.295800000000002,5.036,4.884285714285714,-2.5490196078431353,6.05440187189236,498.54759248333585,false,0.015686274509803866,3.99,断板,4.787142857142858,-0.06422018348623859,546.3337602075769,6.535362578334793,1,SHSE.603023,2025-12-11,2025-12-11T09:30:00.000000,4.97,2025-12-12T11:30:00.000000,4.89,-2.3936447369475795,1.5,未涨停卖出
SHSE.603278,大业股份,2025-12-11,10.51,10.67,10.11,10.13,10.91,47471058.0,489882256.6,12.0,9.82,false,false,1.46999479,13.8902,34.6202264096,34.6202264096,false,false,true,断板,断板,断板,2天2板,8.60115,10.642000000000001,10.325714285714286,-3.6663611365719557,-1.895406751521851,1031.9598450912974,false,-0.07149404216315303,8.97,断板,10.232857142857142,-0.07227891156462585,1147.2333863863876,6.617339103727497,1,SHSE.603278,2025-12-11,2025-12-11T09:30:00.000000,10.51,2025-12-12T11:30:00.000000,10.08,-4.855553997141772,1.5,未涨停卖出
SZSE.000571,新大洲A,2025-12-11,6.36,6.58,5.96,6.35,6.58,105420515.0,658946097.01,7.24,5.92,false,false,8.75777296,12.951,53.2846915,51.68851105,false,false,false,,未涨停,未涨停,4天2板,12.9008,6.523999999999999,6.482857142857143,-3.3434650455927013,-2.0493609519612255,625.0643880937216,true,-0.0349544072948329,5.15,断板,6.418571428571428,0.042789223454833714,647.7864817551675,2.5150233696861863,1,SZSE.000571,2025-12-11,2025-12-11T09:30:00.000000,6.36,2025-12-12T11:30:00.000000,6.49,1.230925355183025,1.5,未涨停卖出
SZSE.002585,双星新材,2025-12-11,6.75,6.91,6.41,6.45,6.93,156692956.0,1029596966.58,7.62,6.24,false,false,3.91869937,17.6742,73.615308474,57.183235326,false,false,false,,未涨停,未涨停,3天3板,9.189333333333334,7.018000000000001,6.731428571428571,-2.5974025974025934,-4.180814940577245,657.0792924348176,false,-0.06926406926406925,5.29,断板,6.628571428571428,-0.032122905027933024,714.980152289548,4.547413793103451,1,SZSE.002585,2025-12-11,2025-12-11T09:30:00.000000,6.75,2025-12-12T11:30:00.000000,6.51,-4.324037184594962,1.5,未涨停卖出
SHSE.600828,茂业商业,2025-12-04,5.59,6.15,5.4,5.77,5.88,125279509.0,733613124.43,6.47,5.29,false,false,10.33482775,7.2359,99.9353929042,99.89948244370001,false,false,true,断板,断板,断板,6天5板,4.3858999999999995,6.054,5.84857142857143,-4.931972789115647,-1.3434294088910854,585.581098046928,false,-0.018707482993197355,3.93,断板,5.684285714285715,-0.09954058192955595,605.7739377473409,3.443076149786363,1,SHSE.600828,2025-12-04,2025-12-04T09:30:00.000000,5.59,2025-12-05T11:30:00.000000,6.01,6.656736203664759,1.5,未涨停卖出
SHSE.603068,博通集成,2025-12-04,40.11,40.55,39.03,39.3,41.23,12235302.0,483525120.54,45.35,37.11,false,false,1.01717142,8.1338,59.117011638,59.117011638,false,false,false,,未涨停,未涨停,4天2板,7.552100000000002,40.852000000000004,40.370000000000005,-2.7164685908319126,-2.6504830319544395,3951.885458487253,false,-0.04681057482415718,34.26,断板,39.83857142857143,-0.029882352941176582,4120.4949147647185,3.492666834008674,1,SHSE.603068,2025-12-04,2025-12-04T09:30:00.000000,40.11,2025-12-05T11:30:00.000000,38.82,-3.9873415835535955,1.5,未涨停卖出
SZSE.000592,平潭发展,2025-12-04,10.9,11.78,10.34,11.1,11.27,511897226.0,5709769351.05,12.4,10.14,false,false,4.90411451,26.7296,214.427679012,212.575261839,false,false,true,断板,断板,断板,3天2板,23.6306,11.396,10.867142857142856,-3.2830523513753262,2.1427632443801867,1115.4132237962158,false,-0.015084294587400127,3.71,断板,10.700000000000001,-0.09912070343725021,1221.7072706242652,5.3271028037383035,1,SZSE.000592,2025-12-04,2025-12-04T09:30:00.000000,10.9,2025-12-05T11:30:00.000000,11.71,6.57516722102416,1.5,未涨停卖出
SZSE.002983,芯瑞达,2025-12-04,22.57,23.08,21.88,21.96,23.3,19717981.0,441077520.16,25.63,20.97,false,false,1.65248239,15.3892,49.1168386116,28.1370117924,false,false,false,,未涨停,未涨停,2天2板,9.4673,23.174,22.142857142857142,-3.133047210300431,-0.8258064516128972,2236.9304451606886,false,-0.057510729613733935,18.91,断板,21.798571428571428,-0.07097288676236035,2363.6458471932474,6.887738383904586,1,SZSE.002983,2025-12-04,2025-12-04T09:30:00.000000,22.57,2025-12-05T11:30:00.000000,22.18,-2.511001629282595,1.5,未涨停卖出
SZSE.000663,永安林业,2025-11-26,9.71,9.9,8.99,8.99,9.99,65923666.0,610659332.54,10.99,8.99,false,false,2.53087682,21.5225,30.2678852171,27.536477520400002,false,false,true,断板,断板,断板,6天4板,24.061633333333333,9.654,9.325714285714286,-2.802802802802796,-3.5998774509803892,926.3127638259681,true,-0.10010010010010006,6.54,断板,9.327142857142858,-0.021547502448579836,982.9608347280445,7.106754480012242,1,SZSE.000663,2025-11-26,2025-11-26T09:30:00.000000,9.71,2025-11-27T11:30:00.000000,8.6,-12.137238892011789,1.5,止损卖出
SZSE.000681,视觉中国,2025-11-26,24.56,25.39,24.21,24.32,25.32,124750433.0,3073158423.88,27.85,22.79,false,false,3.904298,18.4514,170.38043243520002,164.42814453760002,false,false,false,,未涨停,未涨停,4天2板,18.7589,24.716,24.391428571428573,-3.00157977883097,-0.29284291905822335,2463.4450959220317,false,-0.03949447077409163,20.08,断板,23.990000000000002,-0.009389671361502261,2583.2036867861425,5.5439766569403846,1,SZSE.000681,2025-11-26,2025-11-26T09:30:00.000000,24.56,2025-11-27T11:30:00.000000,23.91,-3.422304268268935,1.5,未涨停卖出
SZSE.000838,财信发展,2025-11-26,3.51,3.62,3.41,3.43,3.61,132519206.0,461145843.96,3.97,3.25,false,false,10.10514402,12.5758,37.745852431,36.1441688265,false,false,false,,未涨停,未涨停,2天2板,10.801900000000002,3.596,3.468571428571429,-2.7700831024930777,-1.1120263591433315,347.9841585830208,false,-0.049861495844875314,2.66,断板,3.46,-0.04999999999999993,363.4972975315036,4.335260115606934,1,SZSE.000838,2025-11-26,2025-11-26T09:30:00.000000,3.51,2025-11-27T11:30:00.000000,3.46,-2.20996356454523,1.5,未涨停卖出
SZSE.002069,獐子岛,2025-11-26,4.46,4.52,4.21,4.25,4.68,96908303.0,419662232.1,5.15,4.21,false,false,6.66341803,13.6449,30.222268245000002,30.184188245,false,false,false,,未涨停,未涨停,3天2板,16.88595,4.640000000000001,4.562857142857143,-4.700854700854696,-6.856606136505955,433.0508523093217,true,-0.09188034188034178,3.67,断板,4.5600000000000005,-0.10000000000000009,471.12011515714767,2.6315789473684035,1,SZSE.002069,2025-11-26,2025-11-26T09:30:00.000000,4.46,2025-11-27T11:30:00.000000,4.17,-7.247244207028397,1.5,未涨停卖出
SZSE.002228,合兴包装,2025-11-26,4.32,4.48,4.09,4.24,4.49,184559340.0,785362192.62,4.94,4.04,false,false,11.75880573,15.2614,51.4475506696,51.2752404616,false,false,true,断板,断板,断板,4天2板,9.344899999999999,4.244,4.177142857142857,-3.7861915367483276,1.5047879616963138,425.53370239620494,false,-0.055679287305122505,3.38,炸板,4.16,0.013544018058690765,455.7525578196498,7.932692307692308,1,SZSE.002228,2025-11-26,2025-11-26T09:30:00.000000,4.32,2025-11-27T11:30:00.000000,4.14,-4.930278884462162,1.5,未涨停卖出
SHSE.600250,南京商旅,2025-12-16,12.4,13.12,11.88,12.08,12.75,47007363.0,586683672.54,14.03,11.48,false,false,2.08488957,15.1347,37.519740583200004,37.519740583200004,false,false,false,,未涨停,未涨停,4天3板,22.7337,12.452,12.265714285714285,-2.7450980392156836,-1.514092709061257,1248.0676113229326,false,-0.052549019607843084,9.91,断板,12.0,0.020000000000000018,1255.5192590403267,6.25,1,SHSE.600250,2025-12-16,2025-12-16T09:30:00.000000,12.4,2025-12-19T11:30:00.000000,15.35,22.803945508289413,3.5,未涨停卖出
SHSE.600678,四川金顶,2025-12-16,13.64,15.69,13.2,15.18,14.26,153176525.0,2278330442.0,15.69,12.83,false,false,3.24803981,43.8914,52.976682000000004,52.976682000000004,false,true,false,,炸板,5天2板,2天2板,17.1301,14.339999999999998,13.705714285714285,-4.347826086956516,10.75672295184491,1487.3887770988406,false,0.06451612903225801,9.54,断板,13.26142857142857,0.008486562942008335,1452.8800397580471,7.52989335344178,1,SHSE.600678,2025-12-16,2025-12-16T09:30:00.000000,13.64,2025-12-17T09:30:00.000000,14.04,2.1123716278580553,1.0,大幅低开卖出
SHSE.600855,航天长峰,2025-12-16,20.3,22.88,19.5,22.13,20.87,88328184.0,1870432310.56,22.96,18.78,false,false,1.35801781,18.8881,103.6885057064,103.48867180639999,false,false,true,断板,断板,断板,4天2板,14.727549999999999,20.241999999999997,20.03857142857143,-2.731193100143748,10.437014329507367,2117.59398399949,false,0.06037374221370384,14.43,断板,19.512857142857143,0.026057030481809296,2107.5506789741517,6.955121165531885,1,SHSE.600855,2025-12-16,2025-12-16T09:30:00.000000,20.3,2025-12-17T11:30:00.000000,20.21,-1.2366298353384362,1.5,未涨停卖出
SHSE.601116,三江购物,2025-12-01,16.49,17.05,16.15,16.33,16.98,45633070.0,754414997.41,18.68,15.28,false,false,1.28470672,8.3321,89.43588272,89.43588272,false,false,false,,未涨停,未涨停,3天2板,9.740300000000001,16.677999999999997,16.205714285714286,-2.885747938751484,0.7669252468265014,1653.2199069885064,false,-0.03828032979976459,12.54,断板,16.01,0.017375674056321122,1667.1282294574846,6.058713304184877,1,SHSE.601116,2025-12-01,2025-12-01T09:30:00.000000,16.49,2025-12-02T11:30:00.000000,15.98,-3.8649525608904454,1.5,未涨停卖出
SZSE.002196,方正电机,2025-11-14,15.0,15.11,14.02,14.3,15.58,165417624.0,2383684386.36,17.14,14.02,false,false,2.79738809,33.8772,70.90968599,69.82481320100001,false,false,false,,未涨停,未涨停,4天3板,28.1709,15.462,14.892857142857142,-3.7227214377406934,-3.9808153477218147,1441.0099291233926,true,-0.08215661103979455,8.43,断板,14.515714285714285,-0.0791962174940899,1560.6140674670814,7.331955516189356,1,SZSE.002196,2025-11-14,2025-11-14T09:30:00.000000,15.0,2025-11-17T11:30:00.000000,13.77,-8.931474103585673,1.5,未涨停卖出
SZSE.003016,欣贺股份,2025-12-09,10.28,11.63,10.11,11.63,10.57,48168009.0,533980073.06,11.63,9.51,false,false,1.16430138,11.7231,48.906663475600006,47.785674524600005,true,false,false,,涨停,6天2板,2天1板,13.307,10.752000000000002,10.331428571428571,-2.743614001892156,12.569137168141605,1108.5782537949617,false,0.10028382213812681,8.22,炸板,9.991428571428571,0.030214424951267027,1059.423714883298,5.790677723763231,1,SZSE.003016,2025-12-09,2025-12-09T09:30:00.000000,10.28,2025-12-12T09:30:00.000000,10.5,1.3262126590912635,3.0,大幅低开卖出
SZSE.000505,京粮控股,2025-11-27,7.88,7.89,7.49,7.55,8.12,72393581.0,554923588.32,8.93,7.31,false,false,2.77907931,11.4478,49.979131450500006,47.744715368,false,false,false,,未涨停,未涨停,3天1板,5.8918,8.34,8.087142857142856,-2.955665024630534,-6.641936053700752,766.5370059812349,false,-0.07019704433497531,6.42,断板,8.064285714285713,-0.0997782705099779,845.4547244963246,0.6908768821966385,1,SZSE.000505,2025-11-27,2025-11-27T09:30:00.000000,7.88,2025-11-28T11:30:00.000000,7.72,-2.8110906627298093,1.5,未涨停卖出
SZSE.002228,合兴包装,2025-11-27,4.1,4.24,4.08,4.15,4.24,103390163.0,428627354.88,4.66,3.82,false,false,11.75880573,8.5494,50.355503603500004,50.1868509235,false,false,false,,未涨停,未涨停,4天2板,13.779499999999999,4.268,4.224285714285714,-3.3018867924528434,-1.7585390598579536,414.57266575737964,false,-0.021226415094339535,3.38,断板,4.177142857142857,-0.055679287305122505,425.53370239620494,1.5047879616963138,1,SZSE.002228,2025-11-27,2025-11-27T09:30:00.000000,4.1,2025-11-28T11:30:00.000000,4.19,1.3808181906520514,1.5,未涨停卖出
SZSE.002279,久其软件,2025-11-27,9.2,9.38,8.98,8.98,9.5,176605632.0,1614471878.49,10.45,8.55,false,false,9.99435319,22.3629,77.42617701580001,70.9175159402,false,false,false,,未涨停,未涨停,2天2板,27.781650000000003,9.478,9.098571428571429,-3.157894736842113,-1.3031873135500052,914.1678327053579,false,-0.054736842105263084,7.11,断板,8.975714285714286,-0.0631163708086786,995.1599539163025,5.841158682158201,1,SZSE.002279,2025-11-27,2025-11-27T09:30:00.000000,9.2,2025-11-28T15:00:00.000000,9.47,2.1145851377100318,2.0,未涨停卖出
SZSE.002474,榕基软件,2025-11-27,11.99,12.08,11.11,11.11,12.34,161652370.0,1816767229.43,13.57,11.11,false,false,6.27298736,30.4564,69.12642,58.9680964895,false,false,true,断板,断板,断板,7天6板,32.575833333333335,12.414,11.954285714285714,-2.8363047001620716,-7.06261950286807,1123.8729314206776,true,-0.09967585089141007,7.17,断板,11.702857142857143,-0.09992706053975209,1285.8874702345404,5.444335937499998,1,SZSE.002474,2025-11-27,2025-11-27T09:30:00.000000,11.99,2025-11-28T11:30:00.000000,11.02,-8.8224250620537,1.5,未涨停卖出
SHSE.601929,吉视传媒,2025-11-07,4.3,4.54,4.2,4.23,4.44,588632866.0,2556128939.04,4.88,4.0,false,false,2.18466296,16.8673,147.6180395064,147.6180395064,false,false,true,断板,断板,断板,3天3板,23.188433333333332,4.43,4.195714285714286,-3.1531531531531654,0.8171603677221753,434.2484231996655,false,-0.04729729729729726,3.48,断板,4.114285714285715,-0.09939148073022297,453.82207319448327,7.916666666666663,1,SHSE.601929,2025-11-07,2025-11-07T09:30:00.000000,4.3,2025-11-10T11:30:00.000000,4.51,4.047994070230708,1.5,未涨停卖出
SHSE.603175,超颖电子,2025-11-07,75.57,76.77,72.0,72.98,77.72,10949803.0,809227710.05,85.49,69.95,false,false,1.0,24.8863,318.9439984658,32.110694978400005,false,false,false,,未涨停,未涨停,8天6板,36.89,73.886,74.96571428571428,-2.7663407102419013,-2.648829941306495,7390.340356351617,false,-0.06098816263510032,66.66,断板,76.93285714285715,0.03392310762272177,7733.429604663643,1.0231556273559461,1,SHSE.603175,2025-11-07,2025-11-07T09:30:00.000000,75.57,2025-11-10T11:30:00.000000,71.28,-6.428434732684975,1.5,未涨停卖出
SHSE.603686,福龙马,2025-11-07,29.9,33.34,29.51,31.9,30.87,138845026.0,4393999260.05,33.96,27.78,false,false,3.29815967,33.422,132.522298876,132.522298876,false,false,false,,未涨停,未涨停,5天3板,25.01025,32.194,31.434285714285718,-3.142209264658252,1.481548809307383,3164.678913344724,false,0.03336572724327813,19.21,断板,30.53,-0.09999999999999987,3180.5010226153204,1.1136586963642314,1,SHSE.603686,2025-11-07,2025-11-07T09:30:00.000000,29.9,2025-11-10T11:30:00.000000,31.15,3.3504776879105718,1.5,未涨停卖出
SHSE.603823,百合花,2025-11-07,17.38,18.38,17.12,17.25,18.15,38888745.0,686677201.5,19.97,16.34,false,false,2.05575111,9.4613,71.82342894,70.90293444,false,false,false,,未涨停,未涨停,3天3板,10.389800000000001,17.974,17.21,-4.24242424242424,0.23242300987797296,1765.747908552976,false,-0.04958677685950408,12.81,炸板,16.875714285714285,0.04011461318051568,1819.1712100833358,7.551003132142554,1,SHSE.603823,2025-11-07,2025-11-07T09:30:00.000000,17.38,2025-11-10T11:30:00.000000,16.63,-5.077732797234537,1.5,未涨停卖出
SZSE.001316,润贝航科,2026-01-27,46.35,52.44,45.55,51.3,47.7,9771921.0,472886314.4,52.47,42.93,false,false,1.48399997,8.7805,59.05421046,57.092608755,false,true,false,,炸板,4天2板,2天2板,5.14745,48.79600000000001,46.98714285714285,-2.830188679245286,9.178802711988093,4839.23595370859,false,0.07547169811320753,32.6,断板,45.33428571428571,-0.09999999999999998,4918.307801223483,5.21837776517301,1,SZSE.001316,2026-01-27,2026-01-27T09:30:00.000000,46.35,2026-01-28T11:30:00.000000,48.03,2.798901481452832,1.5,未涨停卖出
SHSE.600506,统一股份,2025-11-19,31.3,31.3,29.3,29.3,32.56,34908201.0,1049081393.64,35.82,29.3,false,false,1.00495459,23.6334,56.261547662,43.278113788999995,false,false,true,断板,断板,断板,2天1板,26.4157,31.288,30.56,-3.869778869778874,-4.1230366492146535,3005.2576861236703,true,-0.10012285012285016,18.9,断板,30.23428571428571,-0.054313099041533475,3337.7947234412604,7.692307692307711,1,SHSE.600506,2025-11-19,2025-11-19T09:30:00.000000,31.3,2025-11-20T11:30:00.000000,29.86,-5.360793248730315,1.5,未涨停卖出
SHSE.600815,厦工股份,2025-11-19,4.18,4.25,3.95,3.95,4.37,204882110.0,832720723.08,4.81,3.93,false,false,4.82175933,11.5485,70.07673196,70.07673196,false,false,true,断板,断板,断板,10天5板,8.5541,4.228,4.097142857142858,-4.34782608695653,-3.5913528591352986,406.43896291384345,true,-0.09610983981693366,2.66,断板,4.107142857142857,-0.045851528384279416,441.06052570808913,6.400000000000013,1,SHSE.600815,2025-11-19,2025-11-19T09:30:00.000000,4.18,2025-11-20T11:30:00.000000,4.04,-4.119407537314839,1.5,未涨停卖出
SZSE.000833,粤桂股份,2025-11-19,22.03,23.4,21.9,22.3,23.12,90730847.0,2034336138.35,25.43,20.81,false,false,1.44367789,19.9979,178.864335283,101.175551798,false,false,false,,未涨停,未涨停,3天2板,24.13595,23.026,22.07857142857143,-4.714532871972318,1.002911679068263,2242.1659288047867,false,-0.035467128027681705,13.07,断板,21.572857142857142,-0.014912654452492458,2369.738003529706,7.1717104827494955,1,SZSE.000833,2025-11-19,2025-11-19T09:30:00.000000,22.03,2025-11-20T11:30:00.000000,22.43,1.0044253309051256,1.5,未涨停卖出
SZSE.002198,嘉应制药,2025-11-19,7.26,7.38,7.0,7.05,7.59,54934301.0,390304386.37,8.35,6.83,false,false,5.11792702,10.8249,35.779444284,35.777392734,false,false,true,断板,断板,断板,2天2板,6.5586,7.537999999999999,7.347142857142857,-4.347826086956523,-4.044332101886059,710.4930421705011,false,-0.07114624505928857,6.14,断板,7.307142857142857,-0.09964412811387902,774.2811505442409,3.870967741935485,1,SZSE.002198,2025-11-19,2025-11-19T09:30:00.000000,7.26,2025-11-20T11:30:00.000000,7.1,-2.98310888676699,1.5,未涨停卖出
SZSE.002317,众生药业,2025-11-19,22.81,23.4,22.41,22.74,23.87,112248664.0,2570205012.28,26.26,21.48,false,false,11.4302213,14.7382,193.2741904698,173.19179812439998,false,false,false,,未涨停,未涨停,3天2板,14.0185,24.554,23.914285714285715,-4.440720569752838,-4.910394265232982,2289.742185510556,false,-0.04733975701717652,16.2,断板,23.580000000000002,-0.09992458521870284,2512.1715811759104,1.229855810008478,1,SZSE.002317,2025-11-19,2025-11-19T09:30:00.000000,22.81,2025-11-20T11:30:00.000000,23.23,1.029813232820598,1.5,未涨停卖出
SZSE.002593,日上集团,2025-11-19,6.45,6.58,6.09,6.12,6.67,120690264.0,754479626.52,7.34,6.0,false,false,3.47192385,21.5962,49.1961113748,34.2015660216,false,false,true,断板,断板,断板,2天2板,16.0194,6.548,6.364285714285715,-3.2983508245877022,-3.8383838383838436,625.1371084249182,false,-0.08245877061469264,4.9,断板,6.308571428571429,-0.08504801097393688,689.4593705005435,5.7291666666666625,1,SZSE.002593,2025-11-19,2025-11-19T09:30:00.000000,6.45,2025-11-20T11:30:00.000000,5.9,-9.255999258778827,1.5,未涨停卖出
SHSE.600337,美克家居,2026-01-13,3.62,3.65,3.37,3.4,3.74,170397570.0,587442334.66,4.11,3.37,false,false,11.23182326,11.8579,48.857936658,48.857936658,false,false,false,,未涨停,未涨停,4天4板,0.3676000000000006,3.825999999999999,3.6957142857142853,-3.208556149732623,-8.001546192500959,344.7480704449013,true,-0.09090909090909094,2.32,断板,3.6271428571428572,-0.02604166666666663,368.01324286215385,3.111461205198901,1,SHSE.600337,2026-01-13,2026-01-13T09:30:00.000000,3.62,2026-01-14T11:30:00.000000,3.49,-4.35935814752039,1.5,未涨停卖出
SZSE.000571,新大洲A,2025-12-10,6.05,6.82,6.02,6.58,6.31,127217255.0,824096180.35,6.94,5.68,false,false,8.75777296,15.6288,55.2146882,53.56069334,false,false,true,断板,断板,断板,4天2板,12.994250000000001,6.508,6.418571428571428,-4.120443740095084,2.5150233696861863,647.7864817551675,false,0.042789223454833714,5.15,断板,6.2871428571428565,-0.09985734664764623,632.4907529998358,0.363553737786871,1,SZSE.000571,2025-12-10,2025-12-10T09:30:00.000000,6.05,2025-12-11T11:30:00.000000,6.48,6.2539922952816935,1.5,未涨停卖出
SZSE.000859,国风新材,2025-12-10,8.75,9.26,8.69,8.88,9.06,141054783.0,1251809883.03,9.97,8.15,false,false,2.71669338,15.744,79.5626928648,79.5581640648,false,false,false,,未涨停,未涨停,5天3板,9.434799999999996,8.934000000000001,9.01714285714286,-3.4216335540838902,-1.520912547528535,887.4636197412746,false,-0.019867549668874163,6.3,断板,8.94714285714286,-0.02580645161290329,923.3469569687213,1.2613763372185667,1,SZSE.000859,2025-12-10,2025-12-10T09:30:00.000000,8.75,2025-12-12T11:30:00.000000,10.3,16.776323278315324,2.5,未涨停卖出
SHSE.600173,卧龙新能,2026-01-29,8.28,9.3,8.1,9.04,8.52,70468617.0,608081565.47,9.37,7.67,false,false,2.38152474,10.061,63.3257644576,63.3176284576,false,false,false,,未涨停,未涨停,4天2板,10.061999999999998,8.52,8.314285714285715,-2.8169014084507067,8.72852233676974,862.9111672079501,false,0.06103286384976525,6.86,断板,8.042857142857143,0.013079667063020217,866.8923411168253,5.932504440497333,1,SHSE.600173,2026-01-29,2026-01-29T09:30:00.000000,8.28,2026-01-30T11:30:00.000000,8.53,2.198452566545418,1.5,未涨停卖出
SZSE.002009,天奇股份,2026-01-29,25.53,27.47,24.7,25.8,26.51,94701028.0,2471820961.28,29.16,23.86,false,false,4.06425721,26.7424,103.776167406,91.36362280200001,false,false,true,断板,断板,断板,3天2板,14.929599999999997,26.176,25.194285714285712,-3.6967182195397976,2.40417328192335,2610.1310761695217,false,-0.026782346284421,15.04,断板,24.698571428571427,-0.07694986072423393,2724.4723845926583,7.334143096766745,1,SZSE.002009,2026-01-29,2026-01-29T09:30:00.000000,25.53,2026-01-30T11:30:00.000000,27.2,5.692389080575453,1.5,未涨停卖出
SZSE.002201,九鼎新材,2026-01-29,14.99,15.32,14.3,14.6,15.63,108475527.0,1598316302.95,17.19,14.07,false,false,7.39534259,18.0185,95.13889118600001,87.89541932,false,false,false,,未涨停,未涨停,9天5板,23.6421,15.268,14.685714285714287,-4.094689699296229,-0.5836575875486482,1473.4349278155617,false,-0.06589891234804868,8.12,断板,14.591428571428574,0.03992015968063889,1492.6316995895602,7.11768161347169,1,SZSE.002201,2026-01-29,2026-01-29T09:30:00.000000,14.99,2026-01-30T11:30:00.000000,14.01,-7.2824113818242715,1.5,未涨停卖出
SHSE.603686,福龙马,2026-01-05,28.92,29.66,28.51,28.88,29.69,79082647.0,2288109295.51,32.66,26.72,false,false,3.29815967,19.0363,119.97630067520001,119.97630067520001,false,false,true,断板,断板,断板,3天2板,30.9819,29.486,28.368571428571432,-2.593465813405185,1.802799879141892,2893.3139978357076,false,-0.027281913102054633,23.9,断板,27.784285714285716,-0.05984800506649768,3001.2365191252325,6.858964471181037,1,SHSE.603686,2026-01-05,2026-01-05T09:30:00.000000,28.92,2026-01-06T11:30:00.000000,28.86,-1.002628490188641,1.5,未涨停卖出
SZSE.002691,冀凯股份,2026-01-05,8.7,9.02,8.66,8.81,9.05,32123108.0,283553223.12,9.96,8.15,false,false,1.72910012,9.561,29.954,29.599864870500003,false,false,false,,未涨停,未涨停,2天2板,7.053499999999998,9.342000000000002,8.98142857142857,-3.867403314917142,-1.9087004930809344,882.7079344875347,false,-0.026519337016574607,7.62,断板,8.854285714285712,-0.09950248756218905,917.6172552468788,2.210390448531815,1,SZSE.002691,2026-01-05,2026-01-05T09:30:00.000000,8.7,2026-01-06T11:30:00.000000,8.84,0.7995603791729564,1.5,未涨停卖出
SHSE.601700,风范股份,2026-01-21,6.41,6.74,6.35,6.67,6.61,111892863.0,733712438.09,7.27,5.95,false,false,6.33401517,9.7959,76.18785489,76.18785489,false,false,true,断板,断板,断板,2天1板,15.4953,6.386,6.2457142857142856,-3.0257186081694427,6.7932296431839,655.7276473388656,false,0.009077155824508187,4.88,断板,6.138571428571429,-0.017830609212481474,658.2134570808569,7.679776588317432,1,SHSE.601700,2026-01-21,2026-01-21T09:30:00.000000,6.41,2026-01-22T11:30:00.000000,6.46,-0.022996935813689064,1.5,未涨停卖出
SHSE.600330,天通股份,2025-12-15,11.77,11.97,11.44,11.76,12.08,149253551.0,1751449128.08,13.29,10.87,false,false,3.89532529,12.1006,145.0518873216,145.0518873216,false,false,false,,未涨停,未涨停,2天2板,16.55625,12.082,11.510000000000002,-2.566225165562918,2.1720243266724433,1173.4723337202208,false,-0.026490066225165587,8.81,断板,11.20142857142857,-0.057722308892355745,1224.0865507375363,7.843387323045542,1,SHSE.600330,2025-12-15,2025-12-15T09:30:00.000000,11.77,2025-12-17T11:30:00.000000,10.98,-7.455310448943386,2.5,未涨停卖出
SHSE.600828,茂业商业,2025-12-15,6.25,7.0,6.23,6.52,6.44,117819151.0,781759314.42,7.08,5.8,false,false,10.33482775,6.805,112.9252619992,112.88468380120001,false,false,false,,未涨停,未涨停,2天2板,4.58555,6.7459999999999996,6.521428571428572,-2.9503105590062173,-0.021905805038354143,663.5248240924772,false,0.012422360248447006,4.0,断板,6.4142857142857155,-0.1005586592178771,655.8211879466363,0.40089086859686934,1,SHSE.600828,2025-12-15,2025-12-15T09:30:00.000000,6.25,2025-12-16T11:30:00.000000,6.93,9.996494023904411,1.5,未涨停卖出
SHSE.603023,威帝股份,2025-12-12,4.93,5.07,4.66,4.67,5.18,72227519.0,351764697.4,5.7,4.66,false,false,6.91067189,12.9413,26.0640829069,26.0640829069,false,false,false,,未涨停,未涨停,2天2板,15.295800000000002,5.07,4.904285714285714,-4.826254826254826,-4.777162831342843,487.0230935109373,true,-0.09845559845559837,3.99,断板,4.884285714285714,0.015686274509803866,498.54759248333585,6.05440187189236,1,SHSE.603023,2025-12-12,2025-12-12T09:30:00.000000,4.93,2025-12-15T11:30:00.000000,4.79,-3.6139417987279843,1.5,未涨停卖出
SHSE.603386,骏亚科技,2025-12-12,17.2,17.37,16.02,16.45,17.8,53792648.0,888295586.68,19.58,16.02,false,false,1.51964841,16.4845,53.68006112,53.68006112,false,false,false,,未涨停,未涨停,5天5板,21.411,18.172,17.521428571428572,-3.37078651685394,-6.114961271911953,1651.3327001117327,true,-0.07584269662921361,11.73,断板,17.13714285714286,-0.018743109151047377,1781.3124392088707,3.867955985328437,1,SHSE.603386,2025-12-12,2025-12-12T09:30:00.000000,17.2,2025-12-15T11:30:00.000000,15.21,-12.274390808857587,1.5,止损卖出
SHSE.603696,安记食品,2025-12-12,19.7,21.48,19.19,20.07,20.71,49975471.0,1010799491.34,22.78,18.64,false,false,2.34907659,21.2481,47.20464,47.20464,false,false,false,,未涨停,未涨停,6天6板,12.290433333333333,21.754,20.84857142857143,-4.8768710767745125,-3.734411401946005,2022.5912254833977,false,-0.030902945436987017,11.32,断板,20.28,-0.09995654063450676,2124.237867739038,2.1203155818540416,1,SHSE.603696,2025-12-12,2025-12-12T09:30:00.000000,19.7,2025-12-15T11:30:00.000000,20.99,5.699233522761742,1.5,未涨停卖出
SZSE.002752,昇兴股份,2025-12-12,7.52,8.01,7.37,7.56,7.73,80657792.0,618424124.83,8.5,6.96,false,false,2.10462105,8.2576,73.8550361808,73.8436961808,false,false,false,,未涨停,未涨停,3天3板,3.737766666666667,8.09,7.74,-2.7166882276843576,-2.325581395348845,766.7258295763912,false,-0.02199223803363526,5.72,断板,7.622857142857143,-0.09590643274853805,803.6888589713612,1.4055472263868134,1,SZSE.002752,2025-12-12,2025-12-12T09:30:00.000000,7.52,2025-12-16T11:30:00.000000,7.4,-2.3798423327964646,2.5,未涨停卖出
SZSE.001376,百通能源,2026-02-02,22.56,23.68,22.0,22.08,23.73,31578674.0,717094177.66,26.1,21.36,false,false,1.02585991,14.7735,101.76672,47.1966211104,false,false,true,断板,断板,断板,2天2板,8.277649999999998,22.576,22.157142857142855,-4.930467762326177,-0.34816247582204746,2270.817886970175,false,-0.06953223767383065,14.5,断板,22.077142857142857,-0.03221859706362151,2375.5309796294287,7.486734825935038,1,SZSE.001376,2026-02-02,2026-02-02T09:30:00.000000,22.56,2026-02-03T11:30:00.000000,20.93,-7.9644189200644115,1.5,未涨停卖出
SZSE.002342,巨力索具,2026-02-02,14.15,15.32,14.08,14.55,14.7,259557053.0,3837791056.31,16.17,13.23,false,false,2.48117668,27.1876,139.68,138.907395,false,false,false,,未涨停,未涨停,6天4板,26.063,14.226000000000003,14.054285714285713,-3.741496598639449,3.527139662533047,1478.5924758939223,false,-0.010204081632652962,6.85,断板,13.734285714285715,0.03960396039603942,1458.201680820061,7.03141252340336,1,SZSE.002342,2026-02-02,2026-02-02T09:30:00.000000,14.15,2026-02-05T11:30:00.000000,18.6,30.401362746892307,3.5,未涨停卖出
SZSE.002842,翔鹭钨业,2026-02-02,24.92,28.24,24.92,27.1,26.12,74170076.0,2005550081.32,28.73,23.51,false,false,2.79998955,27.6277,88.663726362,72.753299289,false,false,false,,未涨停,未涨停,3天2板,21.8584,27.224,26.13,-4.5941807044410385,3.7122081898201396,2703.9881708089392,false,0.03751914241960175,11.88,断板,25.37,-0.06178160919540221,2596.093195431293,2.956247536460386,1,SZSE.002842,2026-02-02,2026-02-02T09:30:00.000000,24.92,2026-02-03T11:30:00.000000,27.0,7.483389076119266,1.5,未涨停卖出
SHSE.601226,华电科工,2026-02-06,11.11,11.36,10.89,10.98,11.46,81471798.0,901515131.13,12.61,10.31,false,false,1.61372172,7.01,127.61216226,127.61216226,false,false,true,断板,断板,断板,2天1板,12.4054,11.488,11.305714285714286,-3.054101221640501,-2.880970432145564,1106.5364374676008,false,-0.041884816753926746,7.73,断板,11.297142857142857,-0.09976433621366843,1179.396809987988,1.4415781487101744,1,SHSE.601226,2026-02-06,2026-02-06T09:30:00.000000,11.11,2026-02-09T11:30:00.000000,11.26,0.5425642165810184,1.5,未涨停卖出
SHSE.601595,上海电影,2026-02-12,31.24,32.58,30.14,31.43,32.44,36346807.0,1128360791.23,35.68,29.2,false,false,1.27380401,8.1095,140.86926,140.86926,false,false,true,断板,断板,断板,2天2板,5.26945,32.35000000000001,31.41142857142857,-3.6991368680641163,0.05912315808623487,3104.4289288739997,false,-0.031134401972872983,27.57,断板,31.215714285714284,-0.09334823923979885,3372.4778161386157,3.9220172989794486,1,SHSE.601595,2026-02-12,2026-02-12T09:30:00.000000,31.24,2026-02-13T11:30:00.000000,32.45,3.0455642219853267,1.5,未涨停卖出
SHSE.601599,浙文影业,2026-02-12,4.85,4.91,4.58,4.59,5.08,161895729.0,755127241.61,5.59,4.57,false,false,3.26617693,13.95,53.268898592700005,53.268898592700005,false,false,true,断板,断板,断板,4天2板,9.01715,5.090000000000001,4.971428571428571,-4.527559055118119,-7.672413793103436,466.4281425299367,true,-0.09645669291338588,3.84,断板,4.99,-0.09929078014184389,518.2065995035151,1.8036072144288546,1,SHSE.601599,2026-02-12,2026-02-12T09:30:00.000000,4.85,2026-02-13T11:30:00.000000,4.62,-5.501293793896572,1.5,未涨停卖出
SZSE.002905,金逸影视,2026-02-12,12.89,12.99,12.19,12.19,13.54,33106946.0,407085878.56,14.89,12.19,false,false,2.32713977,9.4743,45.873408,42.596736,false,false,true,断板,断板,断板,4天2板,10.514399999999998,13.538,13.305714285714286,-4.800590841949768,-8.38522654069144,1229.6086705188693,true,-0.09970457902511076,10.46,断板,13.357142857142858,-0.09973404255319152,1367.8849567595917,1.368983957219241,1,SZSE.002905,2026-02-12,2026-02-12T09:30:00.000000,12.89,2026-02-13T11:30:00.000000,12.19,-6.184107634628279,1.5,未涨停卖出
SZSE.002361,神剑股份,2026-01-07,13.86,15.49,13.8,14.41,14.46,287407538.0,4175281523.4,15.91,13.01,false,false,9.96011472,35.5209,137.0441390329,116.59462199440001,false,false,false,,未涨停,未涨停,10天9板,35.0431,13.99,13.944285714285714,-4.149377593361005,3.339821739575867,1452.739045209037,false,-0.003457814661134262,6.24,断板,13.595714285714285,0.05547445255474459,1400.348608010347,6.357045287380488,1,SZSE.002361,2026-01-07,2026-01-07T09:30:00.000000,13.86,2026-01-08T11:30:00.000000,15.04,7.6490574498542445,1.5,未涨停卖出
SZSE.002202,金风科技,2025-12-31,19.6,20.88,19.45,20.4,20.2,427962622.0,8620825356.11,22.22,18.18,false,false,8.39977132,12.7656,704.1050305919999,683.965606524,false,false,true,断板,断板,断板,3天2板,7.2620000000000005,20.224,19.37142857142857,-2.9702970297029596,5.3097345132743365,2014.3874518345203,false,0.00990099009900991,13.96,断板,18.87,-0.06740535549399818,2115.160199145559,7.04822469528351,1,SZSE.002202,2025-12-31,2025-12-31T09:30:00.000000,19.6,2026-01-06T11:30:00.000000,22.16,12.160338238881199,2.5,未涨停卖出
SZSE.002759,天际股份,2025-12-31,44.86,49.0,44.55,46.43,46.03,141859525.0,6624805189.29,50.63,41.43,false,false,2.65585063,28.3185,232.79194350150001,232.58741377990003,false,false,false,,未涨停,未涨停,4天3板,28.345499999999998,47.332,45.29571428571429,-2.541820551814038,2.504178887942716,4669.97558978856,false,0.008689984792526584,30.95,断板,43.63571428571429,-0.07384305835010063,4593.410190542588,5.48698641348828,1,SZSE.002759,2025-12-31,2025-12-31T09:30:00.000000,44.86,2026-01-05T11:30:00.000000,48.68,7.650716793992109,1.5,未涨停卖出
SHSE.600192,长城电工,2025-12-17,9.7,9.97,9.54,9.82,10.17,36976015.0,358867547.3,11.19,9.15,false,false,1.35934051,8.3704,43.3796536,43.3796536,false,false,true,断板,断板,断板,2天2板,2.2883,9.884,9.621428571428572,-4.621435594886929,2.0638455827765383,970.5414369287766,false,-0.034414945919370665,8.74,断板,9.510000000000002,-0.05483271375464682,1031.3080985387635,6.940063091482632,1,SHSE.600192,2025-12-17,2025-12-17T09:30:00.000000,9.7,2025-12-18T11:30:00.000000,9.62,-1.6149833655070511,1.5,未涨停卖出
SZSE.000592,平潭发展,2025-12-05,10.8,12.17,10.8,11.87,11.1,520925128.0,6013013438.46,12.21,9.99,false,false,4.90411451,27.201,229.30239188040002,227.32147369630002,false,false,false,,未涨停,未涨停,3天2板,23.6306,11.623999999999999,11.228571428571428,-2.7027027027026933,5.7124681933842245,1154.2951405600077,false,0.06936936936936933,3.71,断板,10.867142857142856,-0.015084294587400127,1115.4132237962158,2.1427632443801867,1,SZSE.000592,2025-12-05,2025-12-05T09:30:00.000000,10.8,2025-12-08T11:30:00.000000,12.27,12.705843293492686,1.5,未涨停卖出
SZSE.000678,襄阳轴承,2025-12-05,14.4,14.99,13.6,14.59,15.0,85329362.0,1216855036.98,16.5,13.5,false,false,3.70220088,18.5655,67.0573611823,67.0573611823,false,false,false,,未涨停,未涨停,4天2板,14.099099999999993,14.758000000000001,14.567142857142857,-3.9999999999999973,0.15690889477297434,1426.068364345675,true,-0.02733333333333332,11.6,炸板,14.445714285714287,-0.014454664914586135,1601.5650273062165,3.83702531645569,1,SZSE.000678,2025-12-05,2025-12-05T09:30:00.000000,14.4,2025-12-08T11:30:00.000000,14.84,2.234395750331992,1.5,未涨停卖出
SZSE.002084,海鸥住工,2025-12-05,4.5,4.65,4.33,4.61,4.65,99196526.0,448489379.15,5.12,4.19,false,false,3.35633407,15.388,29.783183444000002,29.7176477762,false,false,true,断板,断板,断板,2天1板,27.867,4.708,4.662857142857143,-3.2258064516129106,-1.1335784313725412,452.12206236940193,false,-0.008602150537634468,3.88,断板,4.6328571428571435,-0.10058027079303666,472.79949516497,0.37002775208140093,1,SZSE.002084,2025-12-05,2025-12-05T09:30:00.000000,4.5,2025-12-08T11:30:00.000000,4.67,2.9508632138114206,1.5,未涨停卖出
SZSE.002413,雷科防务,2025-12-05,8.08,8.88,8.0,8.79,8.3,469212564.0,4057730423.61,9.13,7.47,false,false,4.96393059,36.2864,115.76338830120001,113.66167926,false,false,false,,未涨停,未涨停,7天6板,24.806300000000004,8.709999999999999,8.31,-2.650602409638562,5.7761732851985395,864.7957737998678,false,0.059036144578312966,5.46,断板,8.155714285714286,-0.05251141552511407,854.8995447014802,1.769136451217385,1,SZSE.002413,2025-12-05,2025-12-05T09:30:00.000000,8.08,2025-12-08T11:30:00.000000,9.12,11.971914322906391,1.5,未涨停卖出
SZSE.002721,金一文化,2026-01-30,3.73,3.78,3.51,3.59,3.86,187104782.0,675122353.84,4.25,3.47,false,false,3.04567232,7.0357,95.4716922785,95.4716922785,false,false,true,断板,断板,断板,4天2板,5.2776,3.7380000000000004,3.6542857142857144,-3.367875647668391,-1.7591868647380826,360.8258146176082,false,-0.06994818652849744,2.97,断板,3.6185714285714288,-0.0227848101265824,401.38110906424697,6.671930517173302,1,SZSE.002721,2026-01-30,2026-01-30T09:30:00.000000,3.73,2026-02-02T11:30:00.000000,3.49,-7.179859649872358,1.5,未涨停卖出
SHSE.600774,汉商集团,2026-01-22,10.6,11.1,10.38,10.5,10.94,31335359.0,332838655.32,12.03,9.85,false,false,4.76912977,10.6278,30.978402210000002,30.958423755000002,false,false,true,断板,断板,断板,2天2板,10.43715,10.656,10.350000000000003,-3.1078610603290664,1.4492753623188093,1062.1823586575154,false,-0.04021937842778789,8.97,断板,10.22714285714286,-0.06013745704467366,1077.53168174932,6.97024724123477,1,SHSE.600774,2026-01-22,2026-01-22T09:30:00.000000,10.6,2026-01-26T11:30:00.000000,10.82,1.2621213260166848,2.5,未涨停卖出
SHSE.601388,怡球资源,2026-02-03,4.03,4.14,3.91,4.07,4.15,215399979.0,867888747.9,4.57,3.74,false,false,5.47630341,9.7855,89.58976047120001,89.58976047120001,false,false,false,,未涨停,未涨停,2天2板,7.8469,4.234,4.071428571428571,-2.891566265060243,-0.0350877192982324,402.91960655205077,false,-0.01927710843373498,2.83,断板,4.007142857142857,-0.09978308026030369,418.6919116651683,3.56506238859181,1,SHSE.601388,2026-02-03,2026-02-03T09:30:00.000000,4.03,2026-02-04T11:30:00.000000,3.91,-3.750753808586988,1.5,未涨停卖出
SHSE.600755,厦门国贸,2025-12-30,7.5,7.77,7.16,7.39,7.85,303003108.0,2227887572.5,8.64,7.07,false,false,25.87031624,14.2111,157.9701990683,157.5665121893,false,false,true,断板,断板,断板,3天3板,16.545466666666666,7.8199999999999985,7.447142857142857,-4.458598726114645,-0.7673124880107397,735.2688846016721,false,-0.05859872611464967,6.2,断板,7.297142857142857,-0.09977064220183496,793.1850249467108,7.576350822239619,1,SHSE.600755,2025-12-30,2025-12-30T09:30:00.000000,7.5,2025-12-31T11:30:00.000000,7.23,-4.368127490039828,1.5,未涨停卖出
SHSE.603069,海汽集团,2025-12-30,27.73,28.37,26.84,27.16,28.47,32006494.0,879721309.23,31.32,25.62,false,false,1.02190939,10.1286,85.82560000000001,85.82560000000001,false,false,true,断板,断板,断板,6天4板,10.2842,28.574,28.285714285714285,-2.599227256761498,-3.9797979797979757,2748.571303154916,false,-0.04601334738321039,21.5,断板,27.814285714285713,-0.06287030941408822,2951.9987873155324,2.357473035439137,1,SHSE.603069,2025-12-30,2025-12-30T09:30:00.000000,27.73,2025-12-31T11:30:00.000000,27.02,-3.336815019043917,1.5,未涨停卖出
SZSE.000036,华联控股,2025-12-30,6.75,6.93,6.33,6.74,7.03,228041163.0,1507499000.1,7.73,6.33,false,false,11.18747432,16.2753,94.617382065,94.4375762542,false,false,true,断板,断板,断板,6天4板,4.116633333333334,7.0840000000000005,6.731428571428572,-3.9829302987197757,0.1273344651952378,661.0644237505489,true,-0.04125177809388336,4.16,断板,6.552857142857143,-0.0998719590268885,721.7946584288859,7.281447569217349,1,SZSE.000036,2025-12-30,2025-12-30T09:30:00.000000,6.75,2025-12-31T11:30:00.000000,6.74,-0.9437804338202509,1.5,未涨停卖出
SZSE.002951,金时科技,2025-12-30,15.7,16.2,15.16,15.39,16.2,13895859.0,215487162.55,17.82,14.58,false,false,1.17721449,3.4642,62.3295,61.7330490075,false,false,false,,未涨停,未涨停,4天3板,4.7016,15.953999999999999,15.477142857142857,-3.08641975308642,-0.5630422743215748,1550.7293399422088,false,-0.04999999999999993,12.66,断板,15.184285714285716,0.008089607965152457,1584.608167578307,6.689246401354768,1,SZSE.002951,2025-12-30,2025-12-30T09:30:00.000000,15.7,2025-12-31T11:30:00.000000,14.94,-5.599005252873855,1.5,未涨停卖出
SZSE.002044,美年健康,2026-01-19,7.3,7.75,7.16,7.21,7.66,530478817.0,3910233725.94,8.43,6.89,false,false,7.52387816,13.6925,282.21770784830005,279.3318119067,false,false,false,,未涨停,未涨停,4天4板,3.4669666666666674,7.787999999999999,7.401428571428572,-4.69973890339426,-2.586373287010239,737.1140186244232,false,-0.058746736292428214,4.82,断板,7.167142857142857,-0.099882491186839,779.955240082278,6.876619493721348,1,SZSE.002044,2026-01-19,2026-01-19T09:30:00.000000,7.3,2026-01-20T11:30:00.000000,7.49,1.7851880150630488,1.5,未涨停卖出
SHSE.600280,中央商场,2025-12-23,4.68,4.75,4.45,4.52,4.89,195034118.0,888738436.91,5.38,4.4,false,false,9.94009898,17.2851,51.000732417600005,51.000732417600005,false,false,false,,未涨停,未涨停,8天4板,16.7694,4.688,4.6085714285714285,-4.294478527607361,-1.9218846869187935,455.6835727121344,false,-0.0756646216768917,3.31,断板,4.531428571428571,-0.04117647058823526,505.95891435211604,7.912988650693569,1,SHSE.600280,2025-12-23,2025-12-23T09:30:00.000000,4.68,2025-12-24T11:30:00.000000,4.66,-1.220757993666356,1.5,未涨停卖出
SHSE.601566,九牧王,2025-12-23,15.99,16.87,15.0,15.35,16.44,84730774.0,1325287117.95,18.08,14.8,false,false,1.87045071,14.7451,88.206802525,88.206802525,false,false,true,断板,断板,断板,6天4板,9.2474,15.650000000000002,15.277142857142858,-2.7372262773722693,0.47690293622591584,1564.115439273575,false,-0.06630170316301709,9.31,炸板,15.231428571428571,-0.03180212014134276,1739.073114663445,7.934721440630285,1,SHSE.601566,2025-12-23,2025-12-23T09:30:00.000000,15.99,2025-12-24T11:30:00.000000,15.55,-3.5266065195129355,1.5,未涨停卖出
SHSE.603585,苏利股份,2025-12-23,19.3,19.87,18.81,19.02,20.16,16366772.0,314367944.17,22.18,18.14,false,false,2.12950236,8.9567,35.545900172399996,34.755619172399996,false,false,true,断板,断板,断板,3天3板,8.773333333333335,20.09,19.204285714285714,-4.265873015873013,-0.9596072305288993,1920.7693744985268,false,-0.05654761904761907,16.71,断板,18.935714285714287,-0.09999999999999998,2067.8668511828946,6.465484722746127,1,SHSE.603585,2025-12-23,2025-12-23T09:30:00.000000,19.3,2025-12-24T11:30:00.000000,19.68,1.156410626922352,1.5,未涨停卖出
SHSE.601992,金隅集团,2026-01-16,2.01,2.03,1.9,1.9,2.11,310087502.0,599633878.56,2.32,1.9,false,false,2.59613562,3.7207,158.44111901600002,158.349007016,false,false,true,断板,断板,断板,3天3板,4.623766666666667,2.0839999999999996,1.9957142857142858,-4.739336492891,-4.795991410164646,193.37570030797303,true,-0.09952606635071093,1.61,断板,1.9685714285714286,-0.09829059829059827,219.4160774856045,7.184325108853401,1,SHSE.601992,2026-01-16,2026-01-16T09:30:00.000000,2.01,2026-01-19T11:30:00.000000,1.86,-8.200035678182788,1.5,未涨停卖出
SZSE.000516,国际医学,2026-01-16,5.3,5.48,5.12,5.19,5.57,196595043.0,1032773147.93,6.13,5.01,false,false,29.81794653,8.9165,116.1987414807,114.43204036110001,false,false,true,断板,断板,断板,2天2板,13.706,5.540000000000001,5.388571428571429,-4.847396768402162,-3.685047720042414,525.3302078069181,false,-0.06822262118491917,4.27,断板,5.378571428571428,-0.10016155088852985,565.6611218615685,3.5590969455511425,1,SZSE.000516,2026-01-16,2026-01-16T09:30:00.000000,5.3,2026-01-19T11:30:00.000000,5.13,-3.9788017740359285,1.5,未涨停卖出
SZSE.000981,山子高科,2026-01-16,4.85,5.3,4.84,5.05,5.1,1296383507.0,6630897987.79,5.61,4.59,false,false,6.77064435,13.627,504.87227984400005,480.42448269650004,false,false,true,断板,断板,断板,3天2板,20.9264,5.22,5.068571428571429,-4.901960784313726,-0.3664036076663105,511.492004641031,false,-0.009803921568627416,2.98,断板,4.998571428571429,-0.10052910052910058,525.0071558195124,2.02915118605314,1,SZSE.000981,2026-01-16,2026-01-16T09:30:00.000000,4.85,2026-01-19T11:30:00.000000,5.13,4.930381566517447,1.5,未涨停卖出
SHSE.603402,陕西旅游,2026-01-14,140.01,146.72,138.15,141.67,146.0,6940198.0,981850330.2,160.6,131.4,false,false,1.0,35.8976,109.55813427780001,27.389534277800003,false,false,true,断板,断板,断板,5天5板,51.568025,137.592,137.25571428571428,-4.102739726027403,3.216103414898155,14147.295656406344,false,-0.029657534246575468,125.0,断板,136.52,0.054151624548736566,13649.735570980776,6.944037503662459,1,SHSE.603402,2026-01-14,2026-01-14T09:30:00.000000,140.01,2026-01-16T11:30:00.000000,152.95,8.371741233053662,2.5,未涨停卖出
SHSE.603938,三孚股份,2026-01-14,23.23,24.44,22.98,23.39,23.9,25416176.0,602014765.18,26.29,21.51,false,false,2.65546013,6.6426,89.4958698483,89.4958698483,false,false,false,,未涨停,未涨停,2天2板,7.812950000000001,24.422,23.26142857142857,-2.8033472803347204,0.5527236995639682,2368.6284088526927,false,-0.021338912133891164,16.75,断板,22.694285714285716,-0.10015060240963858,2466.390399723398,5.312854085358164,1,SHSE.603938,2026-01-14,2026-01-14T09:30:00.000000,23.23,2026-01-15T11:30:00.000000,23.94,2.235226120914543,1.5,未涨停卖出
SZSE.002413,雷科防务,2026-01-14,17.23,17.85,16.31,16.31,18.12,427669541.0,7127423074.64,19.93,16.31,false,false,4.96393059,33.0737,214.8010083268,210.90125014,false,false,true,断板,断板,断板,9天7板,51.67715,18.11,17.492857142857144,-4.911699779249451,-6.761943650469592,1666.5725265293092,true,-0.09988962472406193,8.0,断板,17.135714285714286,-0.09985096870342758,1843.6499510686897,5.744060025010424,1,SZSE.002413,2026-01-14,2026-01-14T09:30:00.000000,17.23,2026-01-15T09:30:00.000000,14.96,-13.866530396117218,1.0,大幅低开卖出
SHSE.600545,卓郎智能,2026-03-02,3.26,3.46,3.26,3.35,3.42,122762294.0,413670385.11,3.76,3.08,false,false,3.1503084,6.8662,59.895059437,59.895059437,false,false,false,,未涨停,未涨停,6天3板,10.1598,3.3259999999999996,3.2657142857142856,-4.678362573099419,2.5809273840769977,336.96860137690163,false,-0.020467836257309857,2.44,断板,3.2128571428571426,0.0029325513196480912,342.6118599918605,6.447309915518014,1,SHSE.600545,2026-03-02,2026-03-02T09:30:00.000000,3.26,2026-03-03T11:30:00.000000,3.21,-2.3183340258597473,1.5,未涨停卖出
SZSE.000839,国安股份,2026-03-02,3.43,3.52,3.32,3.33,3.59,223328792.0,754595418.86,3.95,3.23,false,false,16.74883926,5.6974,130.5302175216,130.5302175216,false,false,false,,未涨停,未涨停,6天3板,4.3413,3.5400000000000005,3.4528571428571433,-4.45682451253481,-3.5581299131154425,337.88541643121414,false,-0.07242339832869071,2.66,断板,3.4214285714285713,0.0027932960893854997,361.03630147440293,4.926931106471817,1,SZSE.000839,2026-03-02,2026-03-02T09:30:00.000000,3.43,2026-03-03T11:30:00.000000,3.19,-7.738143635371062,1.5,未涨停卖出
SHSE.600345,长江通信,2026-01-06,34.65,35.3,33.01,34.79,35.9,33262538.0,1139216777.69,39.49,32.31,false,false,1.43621921,15.7226,114.67206072280001,73.6014794263,false,false,true,断板,断板,断板,5天3板,19.5988,34.072,34.15571428571429,-3.4818941504178276,1.8570412815257724,3424.9243929912986,false,-0.03091922005571024,23.01,断板,33.43571428571429,0.035776110790536775,3525.6538252836476,7.3702200384533025,1,SHSE.600345,2026-01-06,2026-01-06T09:30:00.000000,34.65,2026-01-07T11:30:00.000000,35.56,1.8085234818302685,1.5,未涨停卖出
SHSE.600501,航天晨光,2026-01-06,27.96,30.9,27.23,30.08,28.72,83644334.0,2399171631.5,31.59,25.85,false,false,3.80796262,19.5511,128.68951936,128.68951936,false,false,true,断板,断板,断板,2天1板,22.428299999999997,28.476,27.82428571428571,-2.6462395543175417,8.106997997638246,2868.301433902265,false,0.0473537604456824,19.81,断板,26.975714285714282,-0.04679721208098242,2841.1019467836004,6.466133559286138,1,SHSE.600501,2026-01-06,2026-01-06T09:30:00.000000,27.96,2026-01-07T11:30:00.000000,31.38,11.33748268727665,1.5,未涨停卖出
SHSE.600506,统一股份,2026-01-06,26.09,26.96,26.09,26.23,26.85,27516837.0,726509857.42,29.54,24.17,false,false,1.00495459,14.3303,50.3665663882,50.3665663882,false,false,false,,未涨停,未涨停,2天2板,26.911450000000002,26.976,26.10571428571428,-2.8305400372439538,0.4760862427492794,2640.2375295532697,false,-0.023091247672253346,22.4,断板,25.767142857142854,0.02441816100724914,2669.0679387979926,4.2024726950158175,1,SHSE.600506,2026-01-06,2026-01-06T09:30:00.000000,26.09,2026-01-07T11:30:00.000000,27.72,5.401009988409711,1.5,未涨停卖出
SHSE.600783,鲁信创投,2026-01-06,21.15,24.49,20.61,24.49,22.26,84046947.0,1895940965.33,24.49,20.03,false,false,4.98725308,11.2912,182.29359110060003,182.29359110060003,true,false,false,,涨停,9天6板,7天5板,6.842366666666667,23.434,22.49285714285714,-4.986522911051226,8.879009209272791,2255.811820660184,false,0.10017969451931696,13.64,断板,21.485714285714288,-0.09987868985038406,2392.570564696945,3.6037234042553177,1,SHSE.600783,2026-01-06,2026-01-06T09:30:00.000000,21.15,2026-01-13T11:30:00.000000,38.24,79.36311491622163,5.5,未涨停卖出
SHSE.605003,众望布艺,2026-01-06,30.76,32.58,29.73,30.36,32.0,6457900.0,197547141.69,35.2,28.8,false,false,1.38417979,5.8708,33.396,33.396,false,false,true,断板,断板,断板,2天2板,7.84585,31.922000000000004,31.12,-3.874999999999995,-2.4421593830334243,3058.9997009863887,false,-0.05125000000000002,22.37,断板,30.54,-0.09985935302390991,3276.6842946143106,4.780615586116571,1,SHSE.605003,2026-01-06,2026-01-06T09:30:00.000000,30.76,2026-01-07T11:30:00.000000,31.35,1.1059792041198078,1.5,未涨停卖出
SZSE.001208,华菱线缆,2026-01-06,22.77,25.69,22.01,24.21,23.45,123358230.0,2894732959.82,25.8,21.11,false,false,1.02579733,46.8334,154.5446395872,63.7232007987,false,false,false,,未涨停,未涨停,4天2板,40.7148,23.648,23.608571428571427,-2.8997867803837942,2.5475009076606674,2346.6070807111937,false,0.032409381663113024,11.11,断板,23.15714285714285,-0.02454242928452577,2361.271953410305,1.2646514497224162,1,SZSE.001208,2026-01-06,2026-01-06T09:30:00.000000,22.77,2026-01-07T15:00:00.000000,25.83,12.534840873659498,2.0,未涨停卖出
SZSE.001299,美能能源,2026-01-06,12.9,13.19,12.79,13.02,13.24,19759015.0,257027728.29,14.56,11.92,false,false,1.41358233,9.0471,31.5915465012,28.435669453800003,false,false,true,断板,断板,断板,2天2板,9.663599999999999,13.297999999999998,12.99,-2.567975830815709,0.23094688221708512,1300.8124559346709,false,-0.0166163141993958,11.12,断板,12.872857142857143,-0.0999320190346703,1356.8439975373665,2.8520696925979383,1,SZSE.001299,2026-01-06,2026-01-06T09:30:00.000000,12.9,2026-01-07T11:30:00.000000,12.89,-0.8737144445473836,1.5,未涨停卖出
SZSE.002112,三变科技,2026-02-11,24.47,25.3,24.0,24.08,25.16,62696652.0,1530957647.3,27.68,22.64,false,false,3.39051321,23.9228,70.8268127056,63.10875564,false,false,false,,未涨停,未涨停,5天3板,24.2639,24.610000000000003,24.535714285714285,-2.74244833068363,-1.8573508005822446,2441.8491234587773,false,-0.04292527821939596,13.18,断板,24.185714285714287,-0.005533596837944632,2540.0835261690936,4.028352037802713,1,SZSE.002112,2026-02-11,2026-02-11T09:30:00.000000,24.47,2026-02-12T11:30:00.000000,25.46,3.2167203682206367,1.5,未涨停卖出
SZSE.002361,神剑股份,2026-02-11,14.3,15.3,14.0,14.02,14.78,229430127.0,3360538101.4,16.26,13.3,false,false,9.96011472,28.3554,133.3351026538,113.4390423568,false,false,false,,未涨停,未涨停,4天3板,31.95885,14.565999999999999,14.034285714285714,-3.247631935047352,-0.10179153094462504,1464.7327033036077,false,-0.05142083897158323,11.06,断板,13.695714285714287,-0.010709504685408322,1466.6954490826577,7.9169708980911535,1,SZSE.002361,2026-02-11,2026-02-11T09:30:00.000000,14.3,2026-02-12T11:30:00.000000,13.47,-6.554759981054817,1.5,未涨停卖出
SHSE.600828,茂业商业,2026-02-05,6.82,7.78,6.68,7.78,7.07,138034799.0,997476528.77,7.78,6.36,false,false,10.33482775,7.9726,134.7482420788,134.6998220818,true,false,false,,涨停,5天3板,2天2板,5.387449999999999,7.109999999999999,6.800000000000002,-3.536067892503536,14.41176470588233,722.626856413215,false,0.10042432814710045,5.51,断板,6.565714285714287,0.027616279069767602,699.3148930004368,7.680591818973008,1,SHSE.600828,2026-02-05,2026-02-05T09:30:00.000000,6.82,2026-02-06T11:30:00.000000,7.41,7.785281162739066,1.5,未涨停卖出
SHSE.603629,利通电子,2026-02-05,38.44,43.88,37.41,43.16,40.0,52792444.0,2180913594.05,44.0,36.0,false,false,2.04163819,20.5536,113.243208,110.8573232,false,false,false,,未涨停,未涨停,2天2板,18.290550000000003,41.160000000000004,39.05714285714286,-3.9000000000000057,10.504754937820037,4131.109357335304,false,0.07899999999999996,25.85,断板,37.84142857142857,-0.09297052154195018,4053.9398725103374,5.704254596247496,1,SHSE.603629,2026-02-05,2026-02-05T09:30:00.000000,38.44,2026-02-06T15:00:00.000000,46.01,18.739298788197896,2.0,未涨停卖出
SZSE.002155,湖南黄金,2026-02-05,34.5,35.5,32.33,32.71,35.92,202234857.0,6739773855.6,39.51,32.33,false,false,3.60500312,12.9429,511.1432454636,511.09731767970004,false,false,true,断板,断板,断板,7天6板,12.483633333333332,35.112,34.254285714285714,-3.953229398663702,-4.508299274334806,3332.646980634006,true,-0.08936525612472157,20.39,断板,33.55285714285714,-0.01938301938301945,3706.1588073105445,7.054966577255509,1,SZSE.002155,2026-02-05,2026-02-05T09:30:00.000000,34.5,2026-02-09T11:30:00.000000,35.8,2.941278364801656,2.5,未涨停卖出
SHSE.603138,海量数据,2026-02-25,20.33,22.8,20.0,22.33,20.93,53810472.0,1142721417.51,23.02,18.84,false,false,3.11114084,18.662,65.621776143,64.386958405,false,false,false,,未涨停,未涨停,5天3板,14.00555,21.938,20.889999999999997,-2.8666985188724388,6.8932503590234635,2123.6041518275474,false,0.06688963210702337,14.47,断板,20.302857142857142,-0.0997849462365592,2143.1805306497104,3.088938924852238,1,SHSE.603138,2026-02-25,2026-02-25T09:30:00.000000,20.33,2026-02-26T11:30:00.000000,22.37,9.157663492610979,1.5,未涨停卖出
SZSE.000890,法尔胜,2026-03-09,8.68,9.0,8.43,8.91,9.05,70398641.0,613241820.65,9.96,8.15,false,false,2.77112408,16.7819,37.3778035488,37.3766521986,false,false,false,,未涨停,未涨停,8天6板,28.730249999999998,8.808,8.59,-4.088397790055259,3.725261932479631,871.0989472793942,false,-0.015469613259668558,5.05,断板,8.462857142857143,-0.010928961748633892,896.3454967868458,6.937879810938566,1,SZSE.000890,2026-03-09,2026-03-09T09:30:00.000000,8.68,2026-03-10T11:30:00.000000,8.68,-0.7968127490039741,1.5,未涨停卖出
SHSE.603466,风语筑,2026-02-27,12.3,12.4,11.8,11.89,12.65,124400294.0,1494004299.04,13.92,11.39,false,false,4.5701788,20.9151,70.7200576591,70.7200576591,false,false,false,,未涨停,未涨停,6天4板,28.9557,12.408000000000001,11.991428571428571,-2.7667984189723294,-0.8458422682868642,1200.965247750942,false,-0.060079051383399196,8.85,断板,11.858571428571429,-0.024672320740169673,1269.7624197339064,6.673894711480548,1,SHSE.603466,2026-02-27,2026-02-27T09:30:00.000000,12.3,2026-03-02T11:30:00.000000,10.98,-11.443008453988918,1.5,止损卖出
SZSE.002323,雅博股份,2026-02-27,2.4,2.58,2.39,2.42,2.48,432355786.0,1061870324.18,2.73,2.23,false,false,7.75930993,20.3905,51.3246944364,51.3132425608,false,false,false,,未涨停,未涨停,4天4板,15.989699999999997,2.366,2.404285714285714,-3.2258064516129057,0.6535947712418426,245.6010439929674,false,-0.024193548387096753,1.63,炸板,2.367142857142857,0.06437768240343344,243.428701026503,4.7676523838261975,1,SZSE.002323,2026-02-27,2026-02-27T09:30:00.000000,2.4,2026-03-02T11:30:00.000000,2.21,-8.650398406374503,1.5,未涨停卖出
SHSE.600545,卓郎智能,2026-03-11,3.82,4.36,3.79,4.16,3.96,305508934.0,1249984774.84,4.36,3.56,false,false,3.1503084,17.0875,74.37714843520001,74.37714843520001,false,true,false,,炸板,6天3板,3天3板,6.926466666666666,3.9859999999999998,3.782857142857143,-3.5353535353535386,9.969788519637463,409.14835401834756,false,0.05050505050505061,2.44,断板,3.6671428571428573,0.01799485861182526,395.04341171132734,7.985975847292555,1,SHSE.600545,2026-03-11,2026-03-11T09:30:00.000000,3.82,2026-03-12T11:30:00.000000,3.9,1.2807409107027423,1.5,未涨停卖出
SHSE.600722,金牛化工,2026-03-11,12.22,14.0,12.22,14.0,12.73,140684012.0,1854358195.13,14.0,11.46,false,false,4.3971085,20.6791,95.24475464,95.24475464,true,false,false,,涨停,8天4板,5天3板,24.7244,13.158000000000001,12.731428571428571,-4.006284367635505,9.964093357271096,1318.101587215184,false,0.09976433621366843,6.43,断板,12.205714285714285,-0.03779289493575211,1235.714267171375,4.295411985018739,1,SHSE.600722,2026-03-11,2026-03-11T09:30:00.000000,12.22,2026-03-17T11:30:00.000000,17.49,41.98557651554176,4.5,未涨停卖出
SZSE.002667,威领股份,2026-03-16,28.79,30.32,28.16,29.01,30.11,39412222.0,1141880734.18,33.12,27.1,false,false,3.46924169,16.657,75.59759415,68.6408511,false,false,false,,未涨停,未涨停,4天2板,9.7599,31.118000000000002,30.04,-4.383925606110928,-3.428761651131816,2897.2757084845407,false,-0.036532713384257676,16.01,断板,29.361428571428572,-0.09985052316890897,3108.05298658356,2.5495061548192437,1,SZSE.002667,2026-03-16,2026-03-16T09:30:00.000000,28.79,2026-03-17T11:30:00.000000,30.03,3.475919178444272,1.5,未涨停卖出
SHSE.600121,郑州煤电,2026-03-17,5.09,5.41,5.08,5.23,5.28,183062230.0,955949412.39,5.81,4.75,false,false,3.58401795,15.0247,63.7229495874,63.7229495874,false,false,true,断板,断板,断板,2天2板,8.58675,5.194000000000001,5.067142857142857,-3.5984848484848557,3.213983648153386,522.1991518348706,false,-0.009469696969696906,4.19,断板,4.997142857142857,-0.06548672566371683,544.5001386558782,5.660377358490567,1,SHSE.600121,2026-03-17,2026-03-17T09:30:00.000000,5.09,2026-03-18T11:30:00.000000,4.9,-4.499878677823088,1.5,未涨停卖出
SHSE.600821,金开新能,2026-03-17,10.36,10.48,9.63,9.7,10.65,381886617.0,3862726323.06,11.72,9.59,false,false,3.72160005,19.1205,193.734554941,193.734554941,false,false,false,,未涨停,未涨停,10天5板,23.4837,10.25,10.052857142857144,-2.7230046948356894,-3.5100184737814613,1011.4851244080124,true,-0.08920187793427237,5.5,断板,9.895714285714286,0.049261083743842304,998.6720135523864,7.622347336509312,1,SHSE.600821,2026-03-17,2026-03-17T09:30:00.000000,10.36,2026-03-19T15:00:00.000000,11.11,6.3848851697457105,3.0,未涨停卖出
SHSE.603387,基蛋生物,2026-03-23,9.25,9.38,8.69,8.69,9.65,60344901.0,543946027.34,10.62,8.69,false,false,4.39785204,11.8987,44.0716406273,44.0716406273,false,false,false,,未涨停,未涨停,2天2板,7.1129999999999995,9.672,9.327142857142857,-4.145077720207258,-6.831061418287638,901.3951772660957,true,-0.09948186528497416,8.08,断板,9.278571428571427,-0.0539215686274509,974.1533484676276,4.00307929176292,1,SHSE.603387,2026-03-23,2026-03-23T09:30:00.000000,9.25,2026-03-24T11:30:00.000000,8.92,-4.335953483363837,1.5,未涨停卖出
SHSE.603421,鼎信通讯,2026-03-23,9.56,10.2,9.46,9.61,10.0,54987635.0,536536989.74,11.0,9.0,false,false,1.5026382,8.4312,62.6755081071,62.6755081071,false,false,false,,未涨停,未涨停,5天3板,13.144999999999998,9.968,9.934285714285716,-4.399999999999995,-3.264308311763036,975.7411638816618,false,-0.039000000000000035,7.46,炸板,9.941428571428572,-0.03194578896418199,1059.8356462889758,0.5891651099295802,1,SHSE.603421,2026-03-23,2026-03-23T09:30:00.000000,9.56,2026-03-25T11:30:00.000000,10.63,10.306472853356448,2.5,未涨停卖出
SHSE.603803,瑞斯康达,2026-03-23,12.72,14.61,12.7,14.61,13.28,127442427.0,1782188325.35,14.61,11.95,false,false,1.06813611,29.9947,62.0754876777,62.0754876777,true,false,false,,涨停,10天5板,7天4板,18.7362,13.372,13.368571428571428,-4.216867469879508,9.286172259029705,1398.4262284568701,false,0.10015060240963858,9.51,炸板,13.067142857142857,-0.04460431654676267,1431.8716651852048,1.6289493823111387,1,SHSE.603803,2026-03-23,2026-03-23T09:30:00.000000,12.72,2026-03-24T11:30:00.000000,15.33,19.558558219950374,1.5,未涨停卖出
SHSE.600227,赤天化,2026-03-05,3.06,3.13,2.92,2.99,3.2,178065438.0,533310262.26,3.52,2.88,false,false,4.25919901,13.9375,50.492957781499996,38.2002341097,false,false,false,,未涨停,未涨停,5天2板,11.7697,3.1119999999999997,3.0528571428571425,-4.3750000000000036,-2.058961160505363,299.5024010555041,false,-0.06562499999999993,2.41,断板,3.0085714285714285,-0.036144578313252906,315.33031950603686,6.362773029439706,1,SHSE.600227,2026-03-05,2026-03-05T09:30:00.000000,3.06,2026-03-10T15:00:00.000000,3.83,24.166080774939445,4.0,未涨停卖出
SHSE.600583,海油工程,2026-03-05,7.77,8.05,7.47,7.7,8.17,269317312.0,2069889907.25,8.99,7.35,false,false,17.99515283,6.0913,340.44431960000003,340.44431960000003,false,false,true,断板,断板,断板,2天2板,7.3938500000000005,7.946000000000001,7.767142857142858,-4.895960832313346,-0.8644473054993622,768.5691988675426,false,-0.057527539779681724,5.92,断板,7.734285714285714,-0.06307339449541294,809.1571071355357,5.63354266715922,1,SHSE.600583,2026-03-05,2026-03-05T09:30:00.000000,7.77,2026-03-06T11:30:00.000000,7.48,-4.4993770093371594,1.5,未涨停卖出
SHSE.603727,博迈科,2026-03-05,18.94,21.13,18.15,19.64,19.63,29113253.0,564977403.43,21.59,17.67,false,false,1.10967148,10.3341,55.329666002799996,55.329666002799996,false,false,true,断板,断板,断板,2天2板,12.19205,19.776,19.208571428571425,-3.5150280183392653,2.2460211215231536,1940.619289194512,false,0.0005094243504839557,14.85,断板,18.954285714285714,-0.09912804038549794,1987.2531841324428,3.5649683448899587,1,SHSE.603727,2026-03-05,2026-03-05T09:30:00.000000,18.94,2026-03-06T11:30:00.000000,20.24,6.012276133060143,1.5,未涨停卖出
SZSE.002629,仁智股份,2026-03-05,6.96,7.3,6.6,6.93,7.3,64983094.0,445420426.11,8.03,6.57,false,false,3.72748784,15.3518,29.5285914,29.334291525,false,false,true,断板,断板,断板,2天2板,24.3759,7.281999999999999,7.078571428571428,-4.657534246575341,-2.0988900100908174,685.4404718094833,true,-0.050684931506849384,5.66,断板,7.041428571428571,-0.09987669543773114,733.8588273140792,3.672144451207146,1,SZSE.002629,2026-03-05,2026-03-05T09:30:00.000000,6.96,2026-03-06T11:30:00.000000,6.68,-4.7877455694463595,1.5,未涨停卖出
SZSE.002309,中利集团,2026-04-01,4.74,4.88,4.47,4.53,4.94,738893461.0,3428568823.37,5.43,4.45,false,false,3.77222292,30.7088,136.2472419405,108.9977935524,false,false,true,断板,断板,断板,7天5板,40.9895,4.659999999999999,4.711428571428572,-4.048582995951421,-3.8508186779866596,464.0139620033801,true,-0.08299595141700411,3.25,断板,4.662857142857143,0.037815126050420256,486.61519515702724,5.943627450980402,1,SZSE.002309,2026-04-01,2026-04-01T09:30:00.000000,4.74,2026-04-03T11:30:00.000000,5.1,6.737606535881796,2.5,未涨停卖出
SHSE.600996,贵广网络,2026-04-02,10.0,10.13,9.25,9.62,10.27,87786777.0,842004717.09,11.3,9.24,false,false,1.05012298,7.041,119.9421459548,119.9421459548,false,false,false,,未涨停,未涨停,2天2板,4.69515,10.254000000000001,9.992857142857142,-2.629016553067182,-3.731236597569692,959.1475457516797,true,-0.06329113924050633,7.7,断板,9.957142857142856,-0.0067698259187620735,1041.6542006982224,3.1420373027259805,1,SHSE.600996,2026-04-02,2026-04-02T09:30:00.000000,10.0,2026-04-03T11:30:00.000000,9.48,-5.955378486055775,1.5,未涨停卖出
SHSE.603538,美诺华,2026-04-02,38.51,43.77,37.72,42.32,39.79,94704866.0,3905407480.57,43.77,35.81,false,false,1.74275442,43.7975,93.31045727360001,91.5100459776,false,true,false,,炸板,10天6板,7天6板,9.082633333333334,41.05800000000001,39.041428571428575,-3.216888665493846,8.397672801785639,4123.7664393823225,false,0.06358381502890187,20.22,断板,37.20142857142857,-0.027139364303178426,3915.4194341050834,6.95825813140816,1,SHSE.603538,2026-04-02,2026-04-02T09:30:00.000000,38.51,2026-04-03T11:30:00.000000,43.32,11.593925518388644,1.5,未涨停卖出
SZSE.000037,深南电A,2026-04-02,11.46,11.94,10.81,10.83,11.85,61030448.0,683312653.41,13.04,10.67,false,false,4.2866919,18.008,36.703752645,36.703752645,false,false,true,断板,断板,断板,4天2板,22.54685,11.988,11.832857142857142,-3.291139240506319,-8.475190148496912,1119.6258192468126,false,-0.08607594936708862,9.42,断板,11.785714285714286,-0.08986175115207373,1204.8052171170343,0.545454545454536,1,SZSE.000037,2026-04-02,2026-04-02T09:30:00.000000,11.46,2026-04-07T11:30:00.000000,9.6,-16.897853611731094,2.5,止损卖出
SZSE.000657,中钨高新,2026-03-04,62.31,68.83,62.0,66.48,64.94,95729782.0,6360751546.15,71.43,58.45,false,false,3.41852117,6.5888,1514.81620512,965.9047673616001,false,false,false,,未涨停,未涨停,3天2板,6.7705,65.372,62.738571428571426,-4.049892208192171,5.963522098504007,6644.4855647430595,false,0.023714197720973385,31.61,断板,60.72857142857142,-0.059113300492610765,6767.059983853148,6.9348388614443754,1,SZSE.000657,2026-03-04,2026-03-04T09:30:00.000000,62.31,2026-03-05T11:30:00.000000,65.3,3.9635391990056057,1.5,未涨停卖出
SZSE.003035,南网能源,2026-03-04,7.74,8.58,7.7,8.4,8.05,211405412.0,1770219285.93,8.86,7.25,false,false,1.01089718,5.5811,318.181818108,318.181818108,false,false,false,,未涨停,未涨停,4天2板,5.1753,8.094,7.840000000000001,-3.8509316770186395,7.142857142857137,837.3576008214965,false,0.04347826086956519,4.73,断板,7.571428571428571,-0.03361344537815114,823.8735231597899,6.320754716981145,1,SZSE.003035,2026-03-04,2026-03-04T09:30:00.000000,7.74,2026-03-05T11:30:00.000000,8.89,13.942678896815833,1.5,未涨停卖出
SZSE.002491,通鼎互联,2026-03-30,10.9,11.88,10.9,11.65,11.22,205158206.0,2375101644.25,12.34,10.1,false,false,4.20325831,17.4385,143.29435925,137.0586234715,false,false,false,,未涨停,未涨停,2天2板,9.19205,11.098,10.691428571428572,-2.8520499108734425,8.965793693212182,1157.6927340893203,false,0.03832442067736186,8.71,断板,10.505714285714285,0.03314917127071837,1107.834722378325,6.799020940984509,1,SZSE.002491,2026-03-30,2026-03-30T09:30:00.000000,10.9,2026-03-31T11:30:00.000000,11.29,2.7526590884169715,1.5,未涨停卖出
SHSE.605162,新中港,2026-04-13,13.5,13.97,12.9,13.8,14.17,37229515.0,502775631.46,15.59,12.75,false,false,1.10674113,9.1693,56.031238308000006,56.031238308000006,false,false,false,,未涨停,未涨停,6天5板,15.10445,14.334,14.072857142857144,-4.728299223712067,-1.9388894528474285,1350.4759099332882,false,-0.026111503175723305,9.48,断板,13.925714285714287,0.001413427561837377,1397.27326386646,1.7542059909724972,1,SHSE.605162,2026-04-13,2026-04-13T09:30:00.000000,13.5,2026-04-14T11:30:00.000000,14.17,4.126604692341748,1.5,未涨停卖出
SZSE.002051,中工国际,2026-04-13,10.2,10.3,9.69,9.84,10.73,121638614.0,1202057842.2,11.8,9.66,false,false,5.65600751,9.8307,121.7610394008,121.75403135280001,false,false,false,,未涨停,未涨停,5天3板,7.7064,10.815999999999999,10.502857142857142,-4.939422180801502,-6.311207834602821,988.220600902276,true,-0.08294501397949683,8.01,断板,10.384285714285713,-0.06695652173913036,1097.0545152459829,3.329206218186833,1,SZSE.002051,2026-04-13,2026-04-13T09:30:00.000000,10.2,2026-04-16T11:30:00.000000,11.57,12.52753691117883,3.5,未涨停卖出
SZSE.002491,通鼎互联,2026-04-13,14.18,15.55,13.88,14.82,14.59,263124485.0,3855359942.74,16.05,13.13,false,false,4.20325831,22.3656,182.2851849,174.35268668220002,false,false,false,,未涨停,未涨停,2天2板,10.95105,14.913999999999998,14.161428571428571,-2.810143934201509,4.6504589932412035,1465.2227985320333,false,0.015764222069911016,9.34,断板,13.752857142857144,-0.09603469640644369,1497.147445723717,6.087046847408324,1,SZSE.002491,2026-04-13,2026-04-13T09:30:00.000000,14.18,2026-04-14T11:30:00.000000,15.12,5.7794211026135205,1.5,未涨停卖出
SHSE.601606,长城军工,2026-03-27,39.98,43.86,39.98,42.83,41.34,46827072.0,2011208394.21,45.47,37.21,false,false,1.01681585,6.4658,310.18702372,310.18702372,false,false,true,断板,断板,断板,2天2板,5.9928500000000025,40.507999999999996,40.251428571428576,-3.2897919690372674,6.4061612720045265,4294.969359198884,false,0.03604257377842268,35.56,断板,40.105714285714285,-0.04460365149064016,4252.238594361038,3.07758067963241,1,SHSE.601606,2026-03-27,2026-03-27T09:30:00.000000,39.98,2026-03-30T11:30:00.000000,42.79,6.1756974104582305,1.5,未涨停卖出
SZSE.000677,恒天海龙,2026-03-27,4.94,5.12,4.92,5.04,5.11,75773510.0,380403326.3,5.62,4.6,false,false,13.89330773,8.7703,43.5444885792,43.5444885792,false,false,false,,未涨停,未涨停,3天2板,9.11675,4.924,4.875714285714286,-3.326810176125243,3.3694696747729145,502.0267984154357,false,-0.013698630136986356,3.76,断板,4.825714285714286,0.00988142292490135,511.263752187495,5.891059798697463,1,SZSE.000677,2026-03-27,2026-03-27T09:30:00.000000,4.94,2026-03-30T11:30:00.000000,4.91,-1.399261254576837,1.5,未涨停卖出
SZSE.002218,拓日新能,2026-03-27,6.62,6.78,6.46,6.67,6.87,185989848.0,1238795646.85,7.56,6.18,false,false,5.71650993,13.3575,94.2484706183,92.8729632083,false,false,false,,未涨停,未涨停,2天2板,13.4774,6.936,6.661428571428571,-3.6390101892285296,0.12867252841518825,666.0555187130428,false,-0.02911208151382827,5.75,断板,6.558571428571428,-0.05890410958904102,694.5105481613531,4.748420823350046,1,SZSE.002218,2026-03-27,2026-03-27T09:30:00.000000,6.62,2026-03-30T11:30:00.000000,6.32,-5.292425464305907,1.5,未涨停卖出
SZSE.002428,云南锗业,2026-03-27,44.88,51.36,44.88,51.36,46.69,79509068.0,3869850296.3,51.36,42.02,false,false,5.30804749,12.1753,335.442432,335.399097,true,false,false,,涨停,6天3板,3天2板,7.8928,46.348,44.958571428571425,-3.876633112015411,14.23850529058499,4867.181057008491,false,0.10002141786249741,33.31,断板,43.442857142857136,-0.03592814371257491,4702.84932097994,7.474514962183504,1,SZSE.002428,2026-03-27,2026-03-27T09:30:00.000000,44.88,2026-03-30T11:30:00.000000,53.22,17.638004133199793,1.5,未涨停卖出
SZSE.000586,汇源通信,2026-04-14,20.63,23.76,20.48,23.19,21.6,79003672.0,1757979701.16,23.76,19.44,false,false,2.68004114,0.0,44.858736,44.858736,false,true,false,,炸板,8天5板,5天5板,10.1937,23.072,22.141428571428573,-4.490740740740751,4.735789405768111,2225.1873320014797,false,0.07361111111111107,13.56,断板,21.278571428571432,-0.04467049977885884,2093.6886043807617,1.5105740181268783,1,SZSE.000586,2026-04-14,2026-04-14T09:30:00.000000,20.63,2026-04-15T11:30:00.000000,22.42,7.810734763321915,1.5,未涨停卖出
SHSE.601588,北辰实业,2026-04-17,1.88,1.97,1.88,1.9,1.94,136285411.0,260704897.41,2.13,1.75,false,false,1.29085855,0.0,50.54,50.54,false,false,false,,未涨停,未涨停,2天1板,0.0,1.954,1.8971428571428568,-3.092783505154642,0.15060240963856775,191.29332736135638,false,-0.020618556701030966,1.65,断板,1.8757142857142857,-0.02020202020202022,193.17325252625017,3.427265803503427,1,SHSE.601588,2026-04-17,2026-04-17T09:30:00.000000,1.88,2026-04-20T11:30:00.000000,1.86,-1.8521658048656444,1.5,未涨停卖出
SZSE.000008,神州高铁,2026-04-03,3.04,3.07,2.81,2.81,3.12,340271856.0,980375469.01,3.43,2.81,false,false,22.49345834,12.527,76.3302128923,76.3279443512,false,false,false,,未涨停,未涨停,2天2板,5.45075,3.088,2.9728571428571433,-2.5641025641025665,-5.478135511773199,288.11535592000297,true,-0.09935897435897434,2.54,断板,2.962857142857143,-0.04587155963302747,311.23979237758414,5.303760848601732,1,SZSE.000008,2026-04-03,2026-04-03T09:30:00.000000,3.04,2026-04-07T11:30:00.000000,2.74,-10.586600964562793,1.5,止损卖出
SHSE.600396,华电辽能,2026-04-16,7.68,7.75,7.25,7.29,8.05,278149625.0,2051525100.29,8.86,7.25,false,false,4.75799618,0.0,107.36032695930001,107.36032695930001,false,false,true,断板,断板,断板,2天2板,8.249249999999998,7.461999999999999,7.447142857142857,-4.596273291925478,-2.110109342029534,737.5616991358518,true,-0.09440993788819885,3.2,断板,7.4799999999999995,0.0024906600249068322,805.4139114907081,7.62032085561499,1,SHSE.600396,2026-04-16,2026-04-16T09:30:00.000000,7.68,2026-04-17T11:30:00.000000,7.16,-7.513695219123495,1.5,未涨停卖出
SHSE.601588,北辰实业,2026-04-16,1.91,2.0,1.89,1.94,1.98,214244420.0,413862914.47,2.18,1.78,false,false,1.29085855,0.0,51.604,51.604,false,false,true,断板,断板,断板,2天1板,0.0,1.9299999999999997,1.8757142857142857,-3.5353535353535386,3.427265803503427,193.17325252625017,false,-0.02020202020202022,1.65,炸板,1.844285714285714,-0.04347826086956519,216.92456062254575,7.358636715724256,1,SHSE.601588,2026-04-16,2026-04-16T09:30:00.000000,1.91,2026-04-17T11:30:00.000000,1.91,-0.7968127490039901,1.5,未涨停卖出
SZSE.001299,美能能源,2026-04-16,15.98,16.2,15.02,15.38,16.69,31734136.0,485883761.21,18.36,15.02,false,false,1.41358233,0.0,37.317817602800005,33.589907542199995,false,false,true,断板,断板,断板,3天3板,5.558199999999999,16.556,15.752857142857144,-4.254044337926907,-2.3669175659744255,1531.1075783188173,true,-0.0784901138406231,12.51,断板,15.471428571428573,-0.09978425026968707,1749.0900886510328,7.876269621421972,1,SZSE.001299,2026-04-16,2026-04-16T09:30:00.000000,15.98,2026-04-17T11:30:00.000000,14.72,-8.618841280684522,1.5,未涨停卖出
SZSE.002150,正泰电源,2026-03-25,36.01,39.51,35.35,39.05,37.04,77573569.0,2881654861.92,40.74,33.34,false,false,6.0754386,21.6357,140.9192675715,140.011813909,false,false,true,断板,断板,断板,9天5板,12.443399999999999,36.209999999999994,35.574285714285715,-2.7807775377969794,9.77029957433137,3714.738021039099,false,0.05426565874730027,23.05,断板,34.52428571428572,-0.03466249674224653,3630.9657091085355,7.2867960441924815,1,SZSE.002150,2026-03-25,2026-03-25T09:30:00.000000,36.01,2026-03-26T11:30:00.000000,37.03,2.0131636741011643,1.5,未涨停卖出
SZSE.000720,新能泰山,2026-04-10,5.8,6.03,5.43,5.43,6.03,243645515.0,1360586920.68,6.63,5.43,false,false,5.67313796,19.3903,68.2296643053,68.2296643053,false,false,false,,未涨停,未涨停,10天8板,16.679666666666666,6.1259999999999994,5.84857142857143,-3.814262023217254,-7.156814851001488,558.428880039101,true,-0.09950248756218916,3.68,断板,5.852857142857144,-0.09999999999999998,615.1711825773567,3.0266048328044737,1,SZSE.000720,2026-04-10,2026-04-10T09:30:00.000000,5.8,2026-04-13T11:30:00.000000,5.22,-10.717131474103589,1.5,止损卖出
SHSE.600664,哈药股份,2026-04-20,4.05,4.34,4.03,4.28,4.17,362155590.0,1504194049.38,4.59,3.75,false,false,10.00745856,0.0,107.79222269280001,107.79222269280001,false,false,false,,未涨停,未涨停,2天2板,0.0,4.266,4.1085714285714285,-2.8776978417266212,4.172461752433943,415.34470015498033,false,0.026378896882494063,3.2,断板,4.032857142857143,-0.05227272727272736,423.0219962464229,3.4006376195536627,1,SHSE.600664,2026-04-20,2026-04-20T09:30:00.000000,4.05,2026-04-21T11:30:00.000000,4.06,-0.5518666076435114,1.5,未涨停卖出
SHSE.600545,卓郎智能,2026-03-19,4.31,4.4,4.14,4.17,4.45,158878649.0,674584314.25,4.9,4.01,false,false,3.1503084,8.8863,74.5559396574,74.5559396574,false,false,true,断板,断板,断板,2天2板,8.824850000000001,4.258,4.212857142857143,-3.1460674157303496,-1.0172939979654083,424.59091797161494,false,-0.06292134831460683,2.44,断板,4.182857142857143,-0.03887688984881199,449.3227520947057,6.386612021857917,1,SHSE.600545,2026-03-19,2026-03-19T09:30:00.000000,4.31,2026-03-20T11:30:00.000000,3.95,-9.082925837254214,1.5,未涨停卖出
SHSE.601016,节能风电,2026-03-19,4.26,4.7,4.25,4.57,4.4,896542403.0,4040923506.15,4.84,3.96,false,false,2.68040981,15.1082,294.325397533,271.1906719547,false,false,true,断板,断板,断板,6天3板,16.003500000000003,4.4159999999999995,4.362857142857143,-3.1818181818181945,4.74787164374591,450.7230770823898,false,0.03863636363636358,3.02,断板,4.232857142857143,-0.03296703296703285,443.1036964091063,3.9487006412419867,1,SHSE.601016,2026-03-19,2026-03-19T09:30:00.000000,4.26,2026-03-20T11:30:00.000000,4.54,5.723584535099034,1.5,未涨停卖出
SHSE.603421,鼎信通讯,2026-03-19,9.7,11.0,9.57,10.33,10.0,86105097.0,898454277.0,11.0,9.0,false,false,1.5026382,13.2024,67.37127978630001,67.37127978630001,false,true,false,,炸板,8天3板,5天3板,13.144999999999998,9.986,9.959999999999999,-3.000000000000007,3.7148594377510142,1043.439132296663,false,0.03299999999999992,7.46,断板,9.8,0.010101010101010166,983.8921181432867,2.0408163265306047,1,SHSE.603421,2026-03-19,2026-03-19T09:30:00.000000,9.7,2026-03-20T11:30:00.000000,10.25,4.828110239454573,1.5,未涨停卖出
SZSE.000950,重药控股,2026-04-09,6.43,6.75,6.17,6.2,6.6,186825441.0,1196944860.36,7.26,5.94,false,false,2.17027227,10.8105,107.14745115200002,107.14745115200002,false,false,false,,未涨停,未涨停,2天2板,6.654249999999999,6.714,6.452857142857143,-2.575757575757575,-3.918529997786138,640.6755171850497,false,-0.06060606060606055,5.18,断板,6.381428571428572,-0.07563025210084029,666.4453198832052,3.4251175285426365,1,SZSE.000950,2026-04-09,2026-04-09T09:30:00.000000,6.43,2026-04-10T11:30:00.000000,6.11,-5.7338298439213435,1.5,未涨停卖出
SZSE.000892,欢瑞世纪,2026-02-13,8.58,8.82,8.06,8.06,8.95,202247669.0,1687252357.84,9.85,8.06,false,false,2.48603921,28.4521,79.0670261238,57.2934181924,false,false,true,断板,断板,断板,3天3板,12.5869,8.8,8.412857142857144,-4.134078212290494,-4.194260485651218,834.2505830512192,true,-0.09944134078212274,6.77,断板,8.331428571428571,-0.09321175278622085,898.7866136256206,7.424554183813441,1,SZSE.000892,2026-02-13,2026-02-13T09:30:00.000000,8.58,2026-02-24T11:30:00.000000,7.42,-14.208898671050068,1.5,止损卖出
SZSE.003018,金富科技,2026-02-13,21.81,24.62,21.81,22.84,22.38,33296834.0,774003071.43,24.62,20.14,false,false,1.10699501,33.9837,59.384,54.219305,false,true,false,,炸板,7天4板,5天4板,12.406999999999998,22.55,21.708571428571428,-2.54691689008043,5.211897867859965,2324.554555036674,false,0.020554066130473725,16.36,断板,20.87,-0.049277824978759543,2263.5914526739857,7.2352659319597405,1,SZSE.003018,2026-02-13,2026-02-13T09:30:00.000000,21.81,2026-02-24T11:30:00.000000,22.63,2.932972374600633,1.5,未涨停卖出
SZSE.002903,宇环数控,2026-03-13,27.4,31.03,27.19,31.03,28.21,43177943.0,1286130418.73,31.03,25.39,false,false,1.58756999,40.4882,48.6233894,33.091369134699995,true,false,false,,涨停,5天3板,2天2板,14.390149999999998,29.274,28.09857142857143,-2.871322226160944,10.432660531801314,2978.674594873591,false,0.09996455157745476,20.91,断板,27.245714285714286,-0.032246998284734096,2824.4048792801377,3.5392197986577214,1,SZSE.002903,2026-03-13,2026-03-13T09:30:00.000000,27.4,2026-03-16T11:30:00.000000,30.93,11.98374385669003,1.5,未涨停卖出
SHSE.600339,中油工程,2026-03-06,4.63,4.81,4.59,4.65,4.82,193768632.0,903357615.52,5.3,4.34,false,false,4.33974586,3.4706,259.6163574015,259.6163574015,false,false,false,,未涨停,未涨停,2天2板,3.80755,4.9,4.704285714285715,-3.9419087136929543,-1.1539629517157601,466.20425927350306,false,-0.03526970954356845,3.41,断板,4.651428571428572,-0.08015267175572516,487.43114625459987,3.6240786240786145,1,SHSE.600339,2026-03-06,2026-03-06T09:30:00.000000,4.63,2026-03-09T11:30:00.000000,4.92,5.416777813153434,1.5,未涨停卖出
SHSE.601808,中海油服,2026-03-06,18.88,19.1,18.32,18.74,19.8,71114003.0,1327560760.23,21.78,17.82,false,false,1.22527478,2.4021,554.7917032,554.7917032,false,false,false,,未涨停,未涨停,2天2板,4.4832,19.639999999999997,18.85,-4.646464646464655,-0.5835543766578407,1866.8064013074893,false,-0.05353535353535366,14.66,断板,18.60857142857143,-0.04255319148936165,1945.6280150951766,6.402579456471666,1,SHSE.601808,2026-03-06,2026-03-06T09:30:00.000000,18.88,2026-03-09T11:30:00.000000,19.85,4.299961172260107,1.5,未涨停卖出
SHSE.603619,中曼石油,2026-03-06,42.03,43.32,40.08,40.45,43.69,56317143.0,2309162345.87,48.06,39.32,false,false,1.11155486,12.1809,187.0159074745,187.0159074745,false,false,false,,未涨停,未涨停,2天2板,4.46155,43.034000000000006,41.107142857142854,-3.799496452277401,-1.5986099044309154,4100.283187075026,false,-0.07415884641794446,24.85,断板,40.72857142857142,-0.07141339001062696,4446.28811331274,7.271132935812011,1,SHSE.603619,2026-03-06,2026-03-06T09:30:00.000000,42.03,2026-03-09T15:00:00.000000,41.58,-1.8589453748176534,2.0,未涨停卖出
SZSE.000968,蓝焰控股,2026-03-06,9.76,9.97,9.51,9.77,10.11,82236929.0,797600503.42,11.12,9.1,false,false,1.52557533,8.4999,94.525009882,94.525009882,false,false,false,,未涨停,未涨停,2天2板,8.59965,10.174,9.707142857142857,-3.4619188921859516,0.6475349521707078,969.8811873434622,false,-0.03363006923837786,6.85,断板,9.532857142857143,-0.0908273381294964,1029.5352551636797,6.054248463959232,1,SZSE.000968,2026-03-06,2026-03-06T09:30:00.000000,9.76,2026-03-09T15:00:00.000000,10.13,2.963963816863705,2.0,未涨停卖出
SZSE.002828,贝肯能源,2026-03-06,14.36,14.97,14.22,14.79,14.78,46618423.0,677740699.85,16.26,13.3,false,false,1.78545307,24.0845,29.72606604,28.6278161025,false,false,false,,未涨停,未涨停,2天2板,13.4491,15.436000000000002,14.887142857142859,-2.8416779431664407,-0.6525285481239971,1453.8044323163826,false,0.0006765899864682456,11.27,断板,14.745714285714286,-0.0965770171149144,1522.3216574622618,0.23251307886068268,1,SZSE.002828,2026-03-06,2026-03-06T09:30:00.000000,14.36,2026-03-09T11:30:00.000000,15.27,5.489740203531284,1.5,未涨停卖出
SHSE.600052,东望时代,2026-04-27,4.19,4.49,4.15,4.35,4.3,78448933.0,337784911.28,4.73,3.87,false,false,3.53914074,9.2928,36.7224712335,36.7224712335,false,false,true,断板,断板,断板,2天2板,0.0,4.234,4.105714285714286,-2.5581395348837077,5.949895615866375,430.5793569939313,false,0.011627906976744207,3.72,断板,4.034285714285714,-0.06113537117903933,461.9974060124558,6.58640226628896,1,SHSE.600052,2026-04-27,2026-04-27T09:30:00.000000,4.19,2026-04-28T11:30:00.000000,4.19,-0.7968127490039915,1.5,未涨停卖出
SHSE.600184,光电股份,2026-04-27,23.15,23.46,22.22,23.03,24.13,51927365.0,1190433186.12,26.54,21.72,false,false,3.14279905,8.9111,134.20213588040002,134.20213588040002,false,false,false,,未涨停,未涨停,3天2板,0.0,24.336000000000002,24.04857142857143,-4.061334438458353,-4.235475822739701,2292.496809957524,false,-0.04558640696228755,14.32,断板,23.882857142857144,-0.041319030591974726,2440.3081905509507,1.0348127766479138,1,SHSE.600184,2026-04-27,2026-04-27T09:30:00.000000,23.15,2026-04-28T11:30:00.000000,22.36,-4.182148296662158,1.5,未涨停卖出
SZSE.002201,九鼎新材,2026-04-27,13.78,14.55,13.55,14.13,14.2,92873980.0,1320792912.71,15.62,12.78,false,false,7.39534259,15.427,92.0762008533,85.065871095,false,false,false,,未涨停,未涨停,2天2板,0.0,14.475999999999999,13.894285714285717,-2.957746478873239,1.696483652066613,1422.134501730194,false,-0.004929577464788615,10.25,断板,13.625714285714286,-0.04054054054054068,1467.5682549840653,4.214720067100012,1,SZSE.002201,2026-04-27,2026-04-27T09:30:00.000000,13.78,2026-04-28T11:30:00.000000,14.56,4.818462001052397,1.5,未涨停卖出
SZSE.002429,兆驰股份,2026-04-27,11.43,12.25,11.22,11.9,11.79,357755512.0,4177310296.53,12.97,10.61,false,false,9.53419908,7.9074,538.705932233,538.395584517,false,false,true,断板,断板,断板,2天1板,0.0,11.937999999999999,11.617142857142856,-3.053435114503812,2.4348253812100507,1167.6438675052475,false,0.00932994062765058,9.05,断板,11.370000000000001,-0.10000000000000009,1179.0,3.69393139841687,1,SZSE.002429,2026-04-27,2026-04-27T09:30:00.000000,11.43,2026-04-28T11:30:00.000000,11.68,1.37298574729952,1.5,未涨停卖出
SZSE.002418,康盛股份,2026-04-22,5.97,6.74,5.93,6.74,6.13,336389699.0,2126651972.51,6.74,5.52,false,false,4.99718858,0.0,76.59336,76.5931805812,true,false,false,,涨停,4天3板,2天2板,0.0,6.3,6.157142857142857,-2.610114192495924,9.4663573085847,632.1988987272764,false,0.09951060358890707,3.95,断板,6.088571428571428,-0.09985315712187959,639.3930244304449,0.6804317221961584,1,SZSE.002418,2026-04-22,2026-04-22T09:30:00.000000,5.97,2026-04-23T11:30:00.000000,6.49,7.844000880898537,1.5,未涨停卖出
SHSE.603017,中衡设计,2026-04-23,14.53,16.46,14.53,16.46,14.96,40671303.0,636803081.51,16.46,13.46,false,false,5.1219852,0.0,45.4609222278,45.4609222278,true,false,false,,涨停,4天3板,2天2板,0.0,14.836000000000002,14.308571428571428,-2.874331550802149,15.035942492012792,1565.7307106929916,false,0.10026737967914445,12.46,断板,13.864285714285714,-0.042866282789507326,1502.2116198533731,7.903142709943338,1,SHSE.603017,2026-04-23,2026-04-23T09:30:00.000000,14.53,2026-04-24T11:30:00.000000,15.11,3.163121773059194,1.5,未涨停卖出
SHSE.603060,国检集团,2026-04-28,6.81,6.95,6.75,6.93,7.01,41813648.0,286848207.14,7.71,6.31,false,false,3.98866533,0.0,55.71449653770001,55.71449653770001,false,false,true,断板,断板,断板,2天2板,0.0,6.7780000000000005,6.597142857142856,-2.853067047075609,5.04547423126896,686.0157409370261,false,-0.011412268188302432,5.88,断板,6.511428571428572,-0.0384087791495199,687.5606286559957,7.656867046950411,1,SHSE.603060,2026-04-28,2026-04-28T09:30:00.000000,6.81,2026-04-29T11:30:00.000000,6.85,-0.21412148761781516,1.5,未涨停卖出
