code,name,trading_date,open,high,low,close,pre_close,pct,volume,amount,limit_up,limit_down,is_st,is_suspended,adj_factor,turnover_rate,total_mv,circulation_mv,mv_A_free_float,is_limit_up,is_broken_limit,is_db,limit_status_ext,limit_status,limit_desc,last_limit_desc,avg_limit_turnover_5,sma_5,sma_7,open_pct,close_sma7_pct,vwap,touch_limit_down,lowest_30,trend_rsq_20,trend_slope_20,trend_rsq_60,trend_slope_60,trend_rsq_120,trend_slope_120,trend_slope,trend_rsq,stability_ewmvol_60,stability_maxdd_60,stability_up_ratio_60,trend_strength,trend_stability,trend_composite,prev_limit_status,prev_sma_7,pre_pct,pre_vwap,pre_close_sma7_pct,pre_trend_composite,pre_trend_rsq_60,pre_trend_strength,pre_trend_stability,pre_trend_slope,pre_amount,open_pre_vwap_pct,open_prev_sma7_pct,signal,code_right,trading_date_right,buy_time,buy_price,sell_time,sell_price,profit,holding_days,sell_reason
SZSE.002229,鸿博股份,2018-04-18,12.99,13.13,12.29,12.73,13.65,-0.06739926739926738,71588132.0,906639470.0,15.02,12.29,false,false,5.14149,17.233565542931515,64.0003567149,5288034667.52,40.5743050676,false,false,true,断板,断板,断板,3天2板,6.38231806984884,13.219999999999999,12.695714285714287,-4.835164835164836,0.27005738719477507,1266.466165090046,true,9.83,0.5975163396574742,0.011792669385915087,0.6882333623545425,0.005418731563776653,,,0.005067899659071344,0.4636199491087661,20.912416051098347,2.2082152486882776,0.5833333333333334,0.9669515669515669,0.42249848779912075,0.6947250273753438,炸板,12.662857142857144,-0.03669724770642202,1461.5140295316214,7.795577617328515,0.6900130091500875,0.6810511833340911,0.9646622969506982,0.4153637213494767,0.004808767765338991,1693006452.0,-11.119566849707429,2.5834837545126277,1,SZSE.002229,2018-04-18,2018-04-18T09:30:00.000000,12.99,2018-04-19T11:30:00.000000,12.8,-2.247821646439635,1.5,未涨停卖出
SZSE.002447,晨鑫退,2018-01-11,6.9,7.89,6.85,7.89,7.17,0.10041841004184104,201884575.0,1484506030.74,7.89,6.45,false,false,18.4125,20.937747781306822,112.6055277,7607643923.25,74.0609979075,true,false,false,,涨停,5天3板,2天2板,7.530744969662708,6.994,6.578571428571428,-3.7656903765690317,19.934853420195438,735.3241478404182,false,5.3,,,,,,,0.0,0.0,,,,0.0,0.0,0.0,炸板,6.231428571428571,0.021367521367521514,740.009442615355,15.061898211829435,0.0,,0.0,0.0,0.0,1855203931.64,-6.757946552494076,10.729023383768933,1,SZSE.002447,2018-01-11,2018-01-11T09:30:00.000000,6.9,2018-01-12T11:30:00.000000,8.34,19.906461112073437,1.5,未涨停卖出
SZSE.002611,东方精工,2018-08-09,5.5,5.93,5.41,5.69,5.7,-0.0017543859649122862,60701416.0,343738014.0,6.27,5.13,false,false,6.95277,5.906608128660805,104.6190197624,5847536344.320001,39.891912434800005,false,false,true,断板,断板,断板,4天3板,4.365610891806884,5.630000000000001,5.401428571428572,-3.5087719298245648,5.342501983602215,566.2767636260742,false,4.42,0.6132638177680771,0.011398732766578774,0.8088474306347663,-0.019793253287634892,0.7673338386316468,-0.00828071343727794,-0.010101094121685073,0.7572766304604925,28.75494182315531,1.578534006495916,0.36666666666666664,0.057409502262443436,0.46789004949577623,0.2626497758791098,断板,5.2700000000000005,-0.027303754266211677,591.9096134830462,8.159392789373808,0.2533643929861035,0.8255624148365017,0.04751131221719457,0.4592174737550125,-0.01055774051176067,541042606.0,-7.080407637989239,4.364326375711558,1,SZSE.002611,2018-08-09,2018-08-09T09:30:00.000000,5.5,2018-08-10T11:30:00.000000,5.56,0.28540383918869167,1.5,未涨停卖出
SHSE.600856,退市中天,2018-09-25,5.51,6.06,5.51,5.89,5.69,0.03514938488576447,119733302.0,699549263.0,6.26,5.12,false,false,5.45578,8.91256038086622,80.4959429231,7912755915.73,54.815651416899996,false,false,true,断板,断板,断板,2天2板,2.6042161372671284,5.395999999999999,5.124285714285714,-3.1634446397188154,14.942849177585735,584.2562188755138,false,3.9,0.4247569267217353,0.011707624176792192,0.5981673918577698,-0.006466462804287323,0.8449888408262387,-0.009714053423165451,-0.0038059225937348575,0.6375317335211036,22.158296827852062,2.291390675972108,0.5,0.28225352112676055,0.3357491768405845,0.3090013489836725,炸板,4.947142857142857,0.010657193605683846,591.6930611263301,15.015882183078274,0.26509345355499203,0.6645966965012186,0.19808396731473654,0.33210293979524746,-0.004733541250636781,957568921.0,-6.877393669087139,11.377418423332376,1,SHSE.600856,2018-09-25,2018-09-25T09:30:00.000000,5.51,2018-09-26T11:30:00.000000,5.73,3.164113057750854,1.5,未涨停卖出
SZSE.000006,深振业A,2018-09-25,5.7,5.78,5.62,5.66,5.98,-0.053511705685618804,48111686.0,273651606.0,6.58,5.38,false,false,62.4052,3.5683009371096412,76.40971960360001,7631423121.52,50.3349340008,false,false,true,断板,断板,断板,2天2板,4.868762431377214,5.686,5.5042857142857144,-4.682274247491643,2.8289644432909418,568.78407046471,false,4.97,0.022164769105191738,0.0014565135650056987,0.07206245706031447,-0.000679447725671798,0.7780788419733972,-0.0033853703507842497,-0.0010640322550700342,0.2738878349432147,35.52012458597291,4.823076690456224,0.45,0.7284507042253521,0.0,0.36422535211267604,断板,5.428571428571429,-0.026058631921824005,603.0289317705293,10.157894736842108,0.3440405748098056,0.08263414720944635,0.6880811496196112,0.0,-0.0013759179620678756,470692701.0,-5.477171994642838,5.000000000000004,1,SZSE.000006,2018-09-25,2018-09-25T09:30:00.000000,5.7,2018-09-26T11:30:00.000000,5.66,-1.4929754665548451,1.5,未涨停卖出
SZSE.002938,鹏鼎控股,2018-09-25,25.0,25.0,23.56,23.71,26.17,-0.09400076423385562,63891504.0,1547096231.0,28.79,23.55,false,false,1.0,27.641538499516937,548.0402464736001,5480402474.22,54.804024742200006,false,false,true,断板,断板,断板,3天3板,0.16843910272570187,25.294,25.294,-4.470768055024844,-6.26235470862655,2421.442811864313,true,19.28,,,,,,,0.0,0.0,,,,0.892112676056338,0.0,0.446056338028169,断板,25.69,-0.06535714285714278,2715.797550474446,1.8684312962242136,0.4502676810369118,,0.9005353620738236,0.0,0.0,2524118732.0,-7.946010203770393,-2.685869988322309,1,SZSE.002938,2018-09-25,2018-09-25T09:30:00.000000,25.0,2018-09-26T11:30:00.000000,23.5,-6.749003984063755,1.5,未涨停卖出
SHSE.600812,华北制药,2018-07-27,5.33,5.5,5.13,5.27,5.51,-0.04355716878402904,44812046.0,236161022.0,6.06,4.96,false,false,3.7561,2.747848666558533,85.9434092183,8594340921.83,40.68606289579999,false,false,true,断板,断板,断板,2天2板,1.763227226942877,5.148,5.005714285714285,-3.2667876588021727,5.279680365296803,527.003435638712,false,3.95,0.6843010775758492,0.011000741739660463,0.07744180460885892,-0.0011905543773234606,0.07580631519804026,0.0005063868470450113,0.0017567872133838658,0.1983230123790114,28.6600587731908,2.9749999114937524,0.5,0.956989247311828,0.0,0.478494623655914,断板,4.934285714285714,0.007312614259597838,571.3938889405514,11.667631731325997,0.47538200339558573,0.10621751172864477,0.9507640067911715,0.0,0.0015064390491649172,451744420.0,-6.719338390499652,8.019687319050384,1,SHSE.600812,2018-07-27,2018-07-27T09:30:00.000000,5.33,2018-07-30T11:30:00.000000,5.14,-4.333136497163319,1.5,未涨停卖出
SZSE.002367,康力电梯,2018-03-20,11.05,11.33,10.79,11.03,11.38,-0.030755711775044103,59089148.0,651960503.0,12.52,10.24,false,false,6.07032,11.364168384293459,87.98109137609998,5735160553.7699995,45.5574662196,false,false,true,断板,断板,断板,2天2板,4.532774500517068,10.517999999999999,10.151428571428571,-2.899824253075572,8.654658035462985,1103.3506575522124,false,7.5,0.7931691480518722,0.01884513575558556,,,,,0.0037690271511171118,0.15863382961037445,,,,0.96,0.0,0.48,炸板,9.811428571428573,0.031731640979147935,1165.8965680473616,15.987186953989504,0.47785714285714287,,0.9557142857142857,0.0,0.0034265964648489706,1129756456.0,-5.223153555495131,12.623762376237613,1,SZSE.002367,2018-03-20,2018-03-20T09:30:00.000000,11.05,2018-03-21T11:30:00.000000,10.98,-1.42524922932706,1.5,未涨停卖出
SZSE.002611,东方精工,2018-08-07,5.14,5.86,5.01,5.86,5.33,0.09943714821763616,70049066.0,379023108.0,5.86,4.8,false,false,6.95277,6.81618996566237,107.74471982560001,6022243054.08,41.0837621912,true,false,false,,涨停,4天3板,2天2板,3.140321354879141,5.284000000000001,5.12,-3.564727954971865,14.453125000000004,541.0823150732659,false,4.42,0.3768987841653114,0.0073737298912289586,0.8392642832805913,-0.020058056136590396,0.7429093183866414,-0.007961804484405052,-0.010942823435370922,0.7178846939893504,28.642199756688967,1.578534006495916,0.4,0.0376131221719457,0.46061927950769643,0.24911620083982106,断板,4.968571428571429,-0.04308797127468589,566.9743598719989,7.274295572167907,0.24351464536166906,0.8515429542522016,0.028563348416289592,0.4584659423070485,-0.011571486007094288,559719424.0,-9.343343124715286,3.450258769407699,1,SZSE.002611,2018-08-07,2018-08-07T09:30:00.000000,5.14,2018-08-08T11:30:00.000000,6.08,17.345404374719035,1.5,未涨停卖出
SZSE.002161,远望谷,2018-05-29,7.63,8.69,7.38,8.69,7.9,0.09999999999999987,53636030.0,442630324.0,8.69,7.11,false,false,10.6969,7.68014686810699,64.28491806,6068856607.88,45.4685876733,true,false,false,,涨停,73天72板,71天71板,0.18319150423762706,7.787999999999999,7.491428571428571,-3.4177215189873476,15.999237223493514,825.2481102721435,false,6.75,0.4528925272769986,0.009283855905544694,0.16892427349463687,0.001195509930505181,,,0.002454526146361529,0.17504064220271814,44.36963156056066,4.479381242650398,0.05,0.8986371379897785,0.0,0.44931856899488926,断板,7.214285714285714,-0.033047735618115026,827.6216713605218,9.504950495049508,0.3992049971607041,0.13285010500786065,0.7984099943214082,0.0,0.0016025315162485115,332210848.0,-7.808117355637945,5.7623762376237675,1,SZSE.002161,2018-05-29,2018-05-29T09:30:00.000000,7.63,2018-05-30T11:30:00.000000,9.2,19.61590074825206,1.5,未涨停卖出
SHSE.601069,西部黄金,2018-03-27,18.32,20.98,18.02,20.79,19.16,0.08507306889352817,62712137.0,1210916402.0,21.08,17.24,false,false,1.00489,9.860398899371068,132.2244,13222440000.0,39.449025,false,false,true,断板,断板,断板,3天2板,8.052482232704403,18.682000000000002,17.84857142857143,-4.384133611691022,16.479910356971338,1930.9123559288053,false,12.88,0.735174649515376,0.01577569272668993,,,,,0.0031551385453379866,0.1470349299030752,,,,0.9597372929754426,0.0,0.4798686464877213,断板,17.134285714285713,0.014830508474576343,1967.9476069044147,11.822577955644494,0.4774414620217019,,0.9548829240434038,0.0,0.0026202887105498777,1336460594.0,-6.908090765600228,6.920126730031684,1,SHSE.601069,2018-03-27,2018-03-27T09:30:00.000000,18.32,2018-03-28T11:30:00.000000,21.35,15.610701299605095,1.5,未涨停卖出
SHSE.600614,退市鹏起,2019-02-22,6.1,6.62,5.68,6.18,6.31,-0.020602218700475405,203942894.0,1235013031.0,6.94,5.68,false,false,167.805,13.492858702522067,93.40993726439999,9340993726.439999,49.084763650199996,false,false,true,断板,断板,断板,2天2板,11.041979940533526,5.79,5.505714285714285,-3.328050713153724,12.247016087182152,605.5680621066405,true,4.01,0.0661070372660138,0.005480051959886426,0.4400465501906708,0.008609860253496734,0.09463343398808523,0.001705132652637153,0.005912480314516798,0.26163471274496375,17.135223739133952,1.8682795349877879,0.45,0.9724080267558528,0.0,0.4862040133779264,炸板,5.297142857142857,0.04817275747508298,639.6728609920249,19.12081984897518,0.4754601226993865,0.40825039006469405,0.950920245398773,0.0,0.004381506130477662,1465920180.0,-4.638755651757265,15.156418554476803,1,SHSE.600614,2019-02-22,2019-02-22T09:30:00.000000,6.1,2019-02-26T11:30:00.000000,6.87,11.72555678923648,2.5,未涨停卖出
SHSE.600895,张江高科,2019-03-01,18.1,19.08,17.55,18.5,18.88,-0.0201271186440678,70438602.0,1285501285.0,20.77,16.99,false,false,16.9412,4.548271278772431,286.50756675,28650756675.0,141.09079575,false,false,true,断板,断板,断板,4天3板,6.417527429346099,19.474,18.851428571428574,-4.131355932203378,-1.8642012731130784,1824.9954549069557,false,13.58,0.7824728890210674,0.018922271503967275,0.44065656082136806,0.0038420868373630337,0.6642801591016004,0.00575006302266765,0.007430516626275268,0.5761069059453776,23.39011060795433,2.535341766543131,0.55,0.9637883008356546,0.41990168953511386,0.6918449951853842,断板,18.49857142857143,-0.10009532888465211,1944.9040788689038,2.0619352845779417,0.6865621083857195,0.3921256392863322,0.9640568403455001,0.4090673764259389,0.007101084578050228,2052002692.0,-6.936284433490414,-2.1546065333230446,1,SHSE.600895,2019-03-01,2019-03-01T09:30:00.000000,18.1,2019-03-04T11:30:00.000000,19.12,4.7936431071294745,1.5,未涨停卖出
SHSE.601258,*ST庞大,2019-03-01,1.65,1.89,1.65,1.89,1.72,0.09883720930232553,552676214.0,993738298.0,1.89,1.55,false,false,5.02246,8.452673237108906,126.15113829779999,12357724179.779999,85.1364798417,true,false,false,,涨停,4天3板,2天2板,6.028569802714781,1.69,1.5957142857142856,-4.069767441860469,18.442256042972247,179.80478855925577,false,1.13,0.4701599059471546,0.015623543449473825,0.011588185988653446,-0.0004947018024066839,0.44871766556414444,-0.0017058617792927284,0.0023655992549036046,0.23444137385300098,31.29610073425994,2.378048723936646,0.36666666666666664,0.4986072423398329,0.0,0.24930362116991645,炸板,1.52,-0.02824858757062154,183.85030718201472,13.157894736842103,0.09292281972694344,0.07168127887547014,0.18584563945388688,0.0,0.0009072648994269245,1333586187.0,-10.253073530822343,8.552631578947366,1,SHSE.601258,2019-03-01,2019-03-01T09:30:00.000000,1.65,2019-03-04T11:30:00.000000,1.93,16.037667511771105,1.5,未涨停卖出
SZSE.000563,陕国投A,2019-03-01,4.61,5.3,4.43,5.15,4.82,0.06846473029045641,642492318.0,3143650589.0,5.3,4.34,false,false,16.9436,16.20812905912566,204.14666156900003,20414666156.9,80.86850479350001,false,true,false,,炸板,10天6板,8天6板,6.183008223530868,4.926,4.617142857142857,-4.356846473029044,11.540841584158416,489.28998852247753,false,2.65,0.8360010703549069,0.03919350362379811,0.3515015568895853,0.0068544200364295095,0.21920869989783015,0.002168287774812886,0.011916397075418243,0.4087136024851231,25.009578310464843,1.9705881964619383,0.4666666666666667,0.9891364902506964,0.30171496927015745,0.6454257297604269,断板,4.364285714285715,-0.10074626865671643,488.89266983227066,10.441898527004904,0.6356614361527853,0.3094093093371448,0.9877403176372248,0.28358255466834564,0.010690102231032915,464964307.0,-5.705274706172226,5.630114566284772,1,SZSE.000563,2019-03-01,2019-03-01T09:30:00.000000,4.61,2019-03-05T11:30:00.000000,5.55,19.431169033194774,2.5,未涨停卖出
SZSE.000070,特发信息,2019-02-27,13.66,15.74,13.58,15.74,14.31,0.09993011879804325,120918787.0,1806931793.0,15.74,12.88,false,false,2.87415,20.142837203285325,98.68897302040001,9448826340.460001,53.9805404438,true,false,false,,涨停,5天4板,3天3板,7.3890662189128244,13.9,13.038571428571428,-4.54227812718379,20.71874657609292,1494.3350308335462,false,8.73,0.7019815934238568,0.023716457120140946,0.6556521110182135,0.011057244994712409,0.5269691851868876,0.0053039045612347305,0.011863085289754813,0.6263131297499445,19.971563654735675,1.7505518457353726,0.4666666666666667,0.9910838673725272,0.4270092798854034,0.7090465736289653,炸板,12.375714285714285,-0.007628294036061023,1562.1215384573632,15.629689484012482,0.7058081774208276,0.6464324243761944,0.9899693507940931,0.4216470040475621,0.010396654071046051,1755540225.0,-12.55481943172223,10.377467390049656,1,SZSE.000070,2019-02-27,2019-02-27T09:30:00.000000,13.66,2019-03-01T11:30:00.000000,16.04,16.487490739822537,2.5,未涨停卖出
SZSE.002939,长城证券,2019-02-27,14.1,15.29,14.0,15.0,14.47,0.03662750518313751,118485831.0,1741261149.0,15.92,13.02,false,false,1.0,38.17929572693656,465.51080265,4655108040.0,46.551080400000004,false,false,true,断板,断板,断板,2天2板,32.46347248043678,13.388,12.821428571428571,-2.5570145127850794,16.991643454039,1469.5944099847686,false,9.5,0.6200210188215496,0.018402856578844978,0.19995161815804324,0.002401314280935419,,,0.004881228456236705,0.22398001284333155,29.572956779590317,2.640759861179243,0.4666666666666667,0.9069378657007523,0.0,0.45346893285037615,炸板,12.247142857142858,0.05620437956204394,1483.9281510458482,18.15000583226408,0.42490944552800225,0.13587215746123302,0.8498188910560045,0.0,0.0036161889179356513,2009547611.0,-4.981922540774287,15.128893036276668,1,SZSE.002939,2019-02-27,2019-02-27T09:30:00.000000,14.1,2019-02-28T11:30:00.000000,13.79,-2.97787573111809,1.5,未涨停卖出
SHSE.600705,中航产融,2019-02-28,5.93,5.95,5.68,5.82,6.12,-0.04901960784313719,169495628.0,980550922.0,6.73,5.51,false,false,20.8732,1.8882517459649872,522.4221595812,52242215958.12,277.86272375280004,false,false,false,,未涨停,未涨停,2天1板,2.6844582993268338,5.902,5.665714285714286,-3.104575163398699,2.7231467473524895,578.5110410045503,false,4.3,0.8350459319066844,0.019123485477300386,0.2924967017119727,0.0028760502674017897,0.08994371543907081,0.0006311416105893564,0.005452064712337779,0.34024065186904445,37.360267994558065,2.7333332586222245,0.48333333333333334,0.9133463360267484,0.3240803770316578,0.6187133565292031,炸板,5.561428571428571,0.02684563758389258,623.2939548833551,10.043668122270745,0.609161328036717,0.24498768629566045,0.9122318194483143,0.3060908366251197,0.005004128877675696,1475794370.0,-4.860299806537416,6.627279732853841,1,SHSE.600705,2019-02-28,2019-02-28T09:30:00.000000,5.93,2019-03-01T11:30:00.000000,6.0,0.37421981551031264,1.5,未涨停卖出
SZSE.002477,雏鹰退,2019-02-28,2.45,2.55,2.31,2.35,2.57,-0.08560311284046684,250752665.0,606033650.0,2.83,2.31,false,false,20.4751,12.724191516026332,73.67625130500001,4631090014.7,35.2029582875,false,false,true,断板,断板,断板,4天2板,13.361051211181936,2.368,2.267142857142857,-4.669260700389092,3.6546943919344823,241.6858261506413,true,1.39,0.8448496906545478,0.028170585446114595,0.2734481421603772,0.00408945230839225,0.25850179440772314,-0.003961088995668659,0.006490516544718446,0.3832445475334151,25.82466939176296,2.0373133913293615,0.4666666666666667,0.9537475619949847,0.2974927467564836,0.6256201543757341,炸板,2.207142857142857,0.03629032258064502,259.7112419320017,16.440129449838196,0.6124637881958035,0.22178595935355433,0.9387015881861243,0.2862259882054827,0.0056422668835801855,968805144.0,-5.66446096925347,11.003236245954717,1,SZSE.002477,2019-02-28,2019-02-28T09:30:00.000000,2.45,2019-03-01T11:30:00.000000,2.4,-2.8213675908610614,1.5,未涨停卖出
SHSE.600783,鲁信创投,2019-03-26,24.7,25.2,23.36,23.42,25.95,-0.09749518304431593,56230103.0,1359239145.0,28.55,23.36,false,false,5.80654,7.5541614719195005,174.3289466548,17432894665.48,53.045695061400004,false,false,true,断板,断板,断板,2天1板,11.567422304530263,25.822000000000003,25.271428571428572,-4.8169556840077075,-7.326172979084225,2417.2801977616864,true,15.76,0.12001927629671329,0.003829380767398123,0.7401095166220139,0.009683278129303339,0.673682040684688,0.007165648377592213,0.007757209731408958,0.596163225775756,17.87854258055316,1.921865117443676,0.5833333333333334,0.9188438021122846,0.3095459765320768,0.6141948893221807,断板,25.33142857142857,-0.0964484679665738,2818.027379315159,2.4419129257838925,0.6260155394633519,0.7416547072536885,0.9282536151279199,0.3237774637987838,0.008052503341902151,2707815343.0,-12.350035413770089,-2.4926686217008776,1,SHSE.600783,2019-03-26,2019-03-26T09:30:00.000000,24.7,2019-03-27T11:30:00.000000,23.9,-4.009871445392501,1.5,未涨停卖出
SZSE.000682,东方电子,2019-03-26,6.9,6.97,6.41,6.41,7.12,-0.0997191011235955,126607161.0,833535299.0,7.83,6.41,false,false,15.6298,12.945290875889782,85.94060114870001,6269089739.2,49.847329039899996,false,false,false,,未涨停,未涨停,2天2板,14.910348808617993,6.964,6.674285714285714,-3.089887640449435,-3.959760273972602,658.3634704517227,true,3.84,0.8823025193961439,0.03204038196002896,0.6686098262055524,0.011363233987994178,0.5573785573952229,0.005098705173025573,0.013619304937910554,0.6779789842005719,23.461207733854216,1.684434939643846,0.55,0.9874930516953864,0.399828247265311,0.6936606494803487,断板,6.644285714285714,-0.05193075898801591,754.0267204636426,7.159750591270699,0.6922192314630672,0.6530371851126276,0.989154616240267,0.3952838466858674,0.01375610263138779,1220594002.0,-8.491306571241042,3.848634702214593,1,SZSE.000682,2019-03-26,2019-03-26T09:30:00.000000,6.9,2019-03-27T11:30:00.000000,6.22,-10.57335873895722,1.5,止损卖出
SZSE.002063,远光软件,2019-03-14,11.1,11.25,10.46,10.46,11.62,-0.0998278829604129,72240798.0,770744907.0,12.78,10.46,false,false,7.74429,9.48737785495459,88.84758005460002,7964674313.940001,63.95692702620001,false,false,true,断板,断板,断板,2天2板,1.0387745808412383,10.532,10.15857142857143,-4.4750430292598935,2.9672338630291115,1066.9108430945073,true,6.5,0.8187297520478576,0.02309143320585466,0.7847161260286201,0.010661041172806958,0.5399030934955826,0.004272712228061037,0.011230620895992721,0.7180749414725563,24.555302157765027,1.7596566213965998,0.5666666666666667,0.9805122494432071,0.444329932672287,0.7124210910577471,炸板,9.918571428571429,0.03935599284436497,1214.4988206477728,17.153968025349258,0.7090857532939531,0.7679759434906422,0.9771651350598719,0.44100637152803424,0.010835759021098734,2241816314.0,-8.604275185054256,11.911277545729494,1,SZSE.002063,2019-03-14,2019-03-14T09:30:00.000000,11.1,2019-03-15T11:30:00.000000,10.38,-7.231614084203705,1.5,未涨停卖出
SZSE.002468,申通快递,2019-03-14,23.78,23.78,22.23,22.7,24.59,-0.07686051240341607,24783691.0,563527686.0,27.05,22.13,false,false,2.18463,7.47000717351466,347.49209168199997,7531315200.0,49.44989565,false,false,true,断板,断板,断板,2天2板,4.453689386815201,22.988,22.624285714285715,-3.2940219601463956,0.3346593420470966,2273.7843447128193,true,18.28,0.3443255906238653,0.005589801574164149,0.8572629067561659,0.006936218044301166,0.2732374757463558,0.0015878691178444334,0.005062430072336742,0.5794678142267627,33.60508856926828,2.431444182197061,0.55,0.7255011135857461,0.44272306641446646,0.5841120900001062,断板,22.595714285714287,-0.005661140315406432,2545.6986552697886,8.825946766137694,0.5908923763786239,0.8400115296307493,0.7254246727930939,0.456360079964154,0.005119238795511276,1480441863.0,-6.5875297110535636,5.241196181323882,1,SZSE.002468,2019-03-14,2019-03-14T09:30:00.000000,23.78,2019-03-15T11:30:00.000000,22.92,-4.384480580621165,1.5,未涨停卖出
SZSE.002474,榕基软件,2019-03-14,9.8,9.8,9.24,9.36,10.27,-0.08860759493670889,43375450.0,410516622.0,11.3,9.24,false,false,6.24741,9.253068685728238,58.23792,4387671007.2,39.291246352799995,false,false,true,断板,断板,断板,4天2板,5.6504674473807714,9.81,9.587142857142856,-4.576436222005832,-2.3692445239159565,946.4261973074631,true,6.68,0.8168829615537218,0.018684815249267604,0.7299411534828005,0.006698038226160684,0.1911285897974668,0.0014287113557169752,0.007514595569648955,0.5856857459913847,34.01418783260719,2.1701322780470353,0.5666666666666667,0.909521158129176,0.4346471788119294,0.6720841684705527,断板,9.435714285714285,-0.026540284360189625,1089.2734012786402,8.841786525359579,0.6687425628577008,0.7064376630045548,0.9005847953216374,0.4369003303937644,0.007350791210308287,901517894.0,-10.031769907386877,3.860711582134768,1,SZSE.002474,2019-03-14,2019-03-14T09:30:00.000000,9.8,2019-03-15T11:30:00.000000,9.44,-4.441011464346702,1.5,未涨停卖出
SZSE.002498,汉缆股份,2019-03-14,3.37,3.38,3.17,3.18,3.52,-0.09659090909090906,96561471.0,312799179.0,3.87,3.17,false,false,7.74312,2.903330959327159,105.7921128,10576316723.16,35.3449923228,false,false,true,断板,断板,断板,2天2板,1.272781118451416,3.228,3.192857142857143,-4.261363636363634,-0.4026845637583906,323.9378768370254,true,2.27,0.6914259393471014,0.011056381443885896,0.5801107681229619,0.006702308625341778,0.568045616105822,0.0035572790705777715,0.006629614322621399,0.5987542567626478,21.78586653667185,2.106741528650108,0.48333333333333334,0.8610801781737194,0.38193541546468374,0.6215077968192015,断板,3.1571428571428575,0.020289855072463725,361.0616395823838,11.493212669683246,0.6182819319090128,0.5747659676176738,0.8554720133667502,0.3810918504512755,0.006657649262536657,710817681.0,-6.664136242834962,6.742081447963799,1,SZSE.002498,2019-03-14,2019-03-14T09:30:00.000000,3.37,2019-03-15T11:30:00.000000,3.21,-5.5067563573598886,1.5,未涨停卖出
SZSE.002657,中科金财,2019-03-14,20.2,21.18,19.01,19.69,21.04,-0.06416349809885924,24184149.0,483192906.0,23.14,18.94,false,false,3.63811,8.561648907060244,66.4688494734,5561847945.17,51.33528480740001,false,false,false,,未涨停,未涨停,4天2板,9.267059078585543,20.554,20.451428571428572,-3.9923954372623567,-3.7231070131321564,1997.9735735171,true,11.81,0.8723404068832681,0.024867776385604393,0.5601559090860012,0.008033378299324012,0.07683335618976381,0.001153322295987311,0.00933624111557908,0.4775960427765834,26.494024752741037,2.0572962871292133,0.5833333333333334,0.9587973273942093,0.2700978083332344,0.6144475678637218,断板,20.237142857142857,-0.05054151624548742,2145.5063362178275,3.967245517436113,0.6111448877049642,0.5261695583085977,0.961292119186856,0.26099765622307247,0.009504237686493328,678775792.0,-5.849730392270692,-0.1835380488493632,1,SZSE.002657,2019-03-14,2019-03-14T09:30:00.000000,20.2,2019-03-15T11:30:00.000000,20.1,-1.287917636385142,1.5,未涨停卖出
SHSE.600422,昆药集团,2019-03-27,11.54,12.91,11.0,12.5,11.97,0.044277360066833804,103153061.0,1245560420.0,13.17,10.77,false,false,9.73748,13.596153132781277,95.298999,9483662400.0,55.8580095,false,false,false,,未涨停,未涨停,2天1板,11.041679557256277,11.888,11.355714285714285,-3.5923141186299206,10.076739212479565,1207.4875994227646,false,6.5,0.8458322858858051,0.0252874754523344,0.7213473027054347,0.011645025774156261,0.24411926107571275,0.0026681482681328666,0.01168045245798487,0.6030758868525922,27.096618115970312,1.7928286531166175,0.6333333333333333,0.9816564758198999,0.34362014661409995,0.6626383112169999,断板,10.929999999999998,-0.04086538461538458,1256.995304359308,9.515096065873768,0.650701831389887,0.7085212231066262,0.9777654252362423,0.32363823754353166,0.011223758636273149,1219847209.0,-8.193770016651325,5.5809698078682635,1,SHSE.600422,2019-03-27,2019-03-27T09:30:00.000000,11.54,2019-03-28T09:30:00.000000,11.58,-0.45295421433847805,1.0,大幅低开卖出
SHSE.600639,浦东金桥,2019-03-27,15.39,15.65,14.75,15.18,15.8,-0.03924050632911402,15382962.0,233783513.0,17.38,14.22,false,false,3.11169,1.809256404213357,129.0659315154,12906593151.539999,38.9188036908,false,false,true,断板,断板,断板,2天2板,1.936948609944918,15.796000000000001,15.41,-2.59493670886076,-1.4925373134328386,1519.7561626948047,false,11.71,0.5432570607797553,0.00819188490760388,0.8059309423731109,0.006030138299540909,0.4844996840053352,0.0022924269335674254,0.0053411742113614585,0.6569667885441072,30.012390045239005,2.6311843385647897,0.5333333333333333,0.782934963868816,0.4725416995728498,0.6277383317208329,断板,15.354285714285712,-0.09971509971509973,1628.676264682318,2.902865649423166,0.6268939499659699,0.7924842422577252,0.7787659811006115,0.4750219188313283,0.005422849302460403,480462674.0,-5.506082861704254,0.2326014142166155,1,SHSE.600639,2019-03-27,2019-03-27T09:30:00.000000,15.39,2019-03-28T11:30:00.000000,14.96,-3.5685717170305082,1.5,未涨停卖出
SZSE.002063,远光软件,2018-01-15,12.6,13.3,12.52,12.75,12.97,-0.016962220508866643,76995672.0,993914803.97,14.27,11.67,false,false,5.5009,14.371886212993774,76.828178625,6830660940.75,54.64605528,false,false,true,断板,断板,断板,2天2板,15.933929177071635,12.678,12.16,-2.8527370855821204,4.851973684210525,1290.87100372343,false,10.57,,,,,,,0.0,0.0,,,,0.0,0.0,0.0,断板,11.854285714285714,-0.058097312999273676,1337.6540102170734,9.411906483490005,0.0,,0.0,0.0,0.0,1345219660.91,-5.80523884531784,6.290672451193058,1,SZSE.002063,2018-01-15,2018-01-15T09:30:00.000000,12.6,2018-01-18T11:30:00.000000,11.54,-9.142477708214754,3.5,未涨停卖出
SHSE.601828,美凯龙,2018-01-26,21.58,23.33,21.0,22.61,22.36,0.011180679785330883,108146306.0,2364162062.0,24.6,20.12,false,false,1.0,34.33216063492063,650.2871073909,7122150000.0,71.2215,false,false,true,断板,断板,断板,6天6板,12.706454682539684,21.97,20.552857142857142,-3.488372093023261,10.009035935219295,2186.077499494065,false,12.28,,,,,,,0.0,0.0,,,,0.0,0.0,0.0,断板,19.427142857142858,-0.05733558178752107,2291.094118698538,15.096698286638716,0.0,,0.0,0.0,0.0,2724937763.0,-5.809194725450329,11.081697183616424,1,SHSE.601828,2018-01-26,2018-01-26T09:30:00.000000,21.58,2018-01-29T11:30:00.000000,22.9,5.27122280110328,1.5,未涨停卖出
SHSE.600903,贵州燃气,2018-03-05,27.36,30.52,26.68,29.54,28.57,0.03395169758487926,59512424.0,1697639596.0,31.43,25.71,false,false,1.0,48.80131756714537,240.157040697,3602355617.8399997,36.0235561784,false,false,true,断板,断板,断板,5天5板,25.60291957427632,27.594,26.09714285714286,-4.235211760588033,13.192467703087353,2852.58015368354,false,18.54,0.059154947888052034,0.005158900923257471,,,,,0.0010317801846514941,0.011830989577610408,,,,0.8748571428571429,0.0,0.43742857142857144,断板,24.641428571428573,0.008115737473535667,2956.6051158205196,15.942953214679104,0.31985714285714284,,0.6397142857142857,0.0,-0.00023358209459635557,1998764075.0,-7.46143320391629,11.032523624557932,1,SHSE.600903,2018-03-05,2018-03-05T09:30:00.000000,27.36,2018-03-06T11:30:00.000000,29.18,5.802229677780108,1.5,未涨停卖出
SHSE.600490,鹏欣资源,2018-02-28,9.01,9.61,9.0,9.45,9.27,0.01941747572815533,91010409.0,852755010.0,10.2,8.34,false,false,13.9802,6.118553706740998,178.734168459,14056399702.8,115.22618452799999,false,false,true,断板,断板,断板,3天2板,3.8673087127119428,8.968,8.545714285714286,-2.80474649406688,10.581745235707105,936.9862407716463,false,7.02,0.0006854422431156613,0.000396710133025656,,,,,0.00007934202660513121,0.00013708844862313227,,,,0.8746781115879828,0.0,0.4373390557939914,断板,8.242857142857144,-0.007494646680942241,944.654232620785,12.461005199306742,0.38515446224256294,,0.7703089244851259,0.0,-0.000632237528126807,1129268151.0,-4.621186367807162,9.30675909878682,1,SHSE.600490,2018-02-28,2018-02-28T09:30:00.000000,9.01,2018-03-08T11:30:00.000000,9.6,5.699289412825919,6.5,未涨停卖出
SHSE.601066,中信建投,2018-06-29,10.6,10.95,10.23,10.76,11.05,-0.026244343891402844,125912980.0,1335582599.0,12.16,9.95,false,false,1.0,31.478244999999998,687.0648948176,4304000000.0,43.04,false,false,false,,未涨停,未涨停,5天5板,1.0760465000000001,11.082,10.49,-4.072398190045258,2.573879885605334,1060.7187590985457,false,6.5,,,,,,,0.0,0.0,,,,0.918719909374115,0.0,0.4593599546870575,断板,10.067142857142857,-0.06355932203389825,1130.9241089856407,9.76301972470556,0.4576607193429623,,0.9153214386859246,0.0,0.0,1789632858.0,-6.271341146777276,5.293032496097627,1,SHSE.601066,2018-06-29,2018-06-29T09:30:00.000000,10.6,2018-07-02T11:30:00.000000,10.73,0.4198301135082275,1.5,未涨停卖出
SHSE.600869,远东股份,2018-03-08,5.6,5.89,5.6,5.73,5.85,-0.02051282051282033,19182386.0,109868505.0,6.44,5.27,false,false,10.6731,0.8806564249863696,127.16891234580002,12481038991.080002,42.735887902200005,false,false,true,断板,断板,断板,14天14板,0.08704891155507777,5.516,5.414285714285714,-4.273504273504273,5.831134564643818,572.757241982306,false,4.78,0.02804117565911691,0.0013371786663340809,,,,,0.0002674357332668162,0.005608235131823382,,,,0.26057142857142856,0.0,0.13028571428571428,断板,5.332857142857143,0.029929577464788748,598.0533790062048,9.697294401285825,0.07371428571428572,,0.14742857142857144,0.0,-0.0002643537131931782,222124387.0,-6.3628733390719505,5.009375837128305,1,SHSE.600869,2018-03-08,2018-03-08T09:30:00.000000,5.6,2018-03-09T11:30:00.000000,5.62,-0.442515651678993,1.5,未涨停卖出
SZSE.000882,华联股份,2018-03-02,3.25,3.46,3.25,3.27,3.38,-0.032544378698224796,83059774.0,276032556.0,3.72,3.04,false,false,2.96177,3.73120825821254,89.51140866690001,7279289768.46,50.413753467300005,false,false,true,断板,断板,断板,2天2板,1.7655937969644826,3.19,3.0742857142857143,-3.8461538461538427,6.366171003717473,332.33001091479014,false,2.63,0.16493089161018096,0.0054324021014254854,,,,,0.0010864804202850972,0.032986178322036194,,,,0.9194285714285715,0.0,0.45971428571428574,断板,3.0028571428571427,-0.00588235294117645,342.14828444909904,12.55946717411989,0.4473985134362493,,0.8947970268724986,0.0,0.0005101808645769695,519209026.0,-5.011945179473843,8.230256898192213,1,SZSE.000882,2018-03-02,2018-03-02T09:30:00.000000,3.25,2018-03-05T11:30:00.000000,3.26,-0.49157217284707294,1.5,未涨停卖出
SZSE.002190,成飞集成,2018-01-31,23.5,24.49,23.02,23.5,24.71,-0.0489680291380008,13042611.0,308463715.0,27.18,22.24,false,false,2.62815,3.7784038166151257,84.301395605,8111926977.0,38.709106,false,false,true,断板,断板,断板,2天2板,3.429584863606447,22.438,21.45,-4.896802913800085,9.55710955710956,2365.045733557491,false,18.18,0.00348916449304115,0.0009266996509937645,,,,,0.00018533993019875293,0.00069783289860823,,,,0.7482778415614236,0.0,0.3741389207807118,断板,20.83142857142857,0.05643437366395898,2463.789249013898,18.61884515155672,0.19853574504737295,,0.3970714900947459,0.0,-0.00042744505309365267,580379755.0,-4.618465197842747,12.810314085859286,1,SZSE.002190,2018-01-31,2018-01-31T09:30:00.000000,23.5,2018-02-01T11:30:00.000000,22.28,-5.946935661608871,1.5,未涨停卖出
SZSE.000935,四川双马,2018-11-21,17.49,18.9,17.18,18.03,17.94,0.0050167224080266415,25759896.0,466364642.0,19.73,16.15,false,false,2.45966,3.3741858907001183,137.6482920399,13764829203.990002,42.5804622348,false,false,true,断板,断板,断板,2天2板,4.664361242229522,18.097999999999995,17.31142857142857,-2.5083612040133936,4.150849975243447,1810.42905608004,false,12.66,0.7346553535970334,0.015947082872568238,0.009039676765034053,0.0004159576359349335,0.2853055043633148,-0.0013698573023986622,0.0029864382017615156,0.23704256041091815,32.03320307066706,2.7414029509818976,0.5166666666666667,0.9413086211738276,0.0,0.4706543105869138,断板,16.902857142857147,-0.09984947315604609,1870.0486319247007,6.135902636916814,0.4653187306936254,1.2014337013405579e-6,0.9306374613872508,0.0,0.0025862805301208377,689479600.0,-6.47302053316734,3.47363083164296,1,SZSE.000935,2018-11-21,2018-11-21T09:30:00.000000,17.49,2018-11-22T11:30:00.000000,17.38,-1.4207321656769099,1.5,未涨停卖出
SHSE.600162,香江控股,2018-01-16,3.71,3.99,3.5,3.86,3.86,0.0,255357683.0,941964645.0,4.25,3.47,false,false,6.64228,14.381487152303302,131.2659169664,6853815922.8,43.71037694099999,false,false,true,断板,断板,断板,9天9板,0.14200890000010025,3.6340000000000003,3.5585714285714287,-3.8860103626942983,8.47049377759935,368.88047930792044,true,3.37,,,,,,,0.0,0.0,,,,0.0,0.0,0.0,炸板,3.488571428571429,0.040431266846361114,401.92556572527235,10.647010647010633,0.0,,0.0,0.0,0.0,1215941033.0,-7.694351482585427,6.347256347256347,1,SHSE.600162,2018-01-16,2018-01-16T09:30:00.000000,3.71,2018-01-17T11:30:00.000000,3.61,-3.470753106173699,1.5,未涨停卖出
SZSE.000802,北京文化,2018-07-10,14.6,14.88,14.09,14.3,15.2,-0.05921052631578938,64702645.0,932876830.0,16.72,13.68,false,false,3.29834,16.800231485781982,103.410486465,5507351635.5,36.877588462000006,false,false,true,断板,断板,断板,5天3板,8.657237275233117,14.663999999999998,13.78,-3.947368421052629,3.7735849056603876,1441.790872691526,false,9.02,0.6069869592408077,0.024542625846235174,0.028333523719951077,0.0010546551467200962,0.18754932583121675,-0.0012246068050476666,0.005068470701092783,0.19182895145750212,28.807449523946246,2.1053921125359847,0.45,0.9932107496463932,0.0,0.4966053748231966,断板,13.228571428571428,-0.048215403882279406,1593.2506632739157,14.90280777537797,0.4947651386530843,0.008013414909441382,0.9895302773061686,0.0,0.004201387483412832,1438341801.0,-8.363446276564135,10.367170626349886,1,SZSE.000802,2018-07-10,2018-07-10T09:30:00.000000,14.6,2018-07-11T11:30:00.000000,13.8,-6.232603831250336,1.5,未涨停卖出
SHSE.600635,大众公用,2018-11-08,4.1,4.43,4.01,4.26,4.25,0.0023529411764704466,191437396.0,808868077.0,4.68,3.83,false,false,132.893,7.914588014281966,103.040525355,10304052535.5,75.60597225059999,false,false,true,断板,断板,断板,2天2板,2.120508807357293,3.9599999999999995,3.78,-3.5294117647058907,12.698412698412698,422.52354759359554,false,3.02,0.596388564989025,0.013973841355796457,0.050934546203880215,-0.0008651579448258721,0.4976633676398669,-0.001793191098765947,0.0018242319691165714,0.2940439963917052,37.679720304602284,2.9868420160509026,0.5166666666666667,0.9519392917369308,0.0,0.4759696458684654,炸板,3.641428571428571,0.029055690072639306,443.3596237199369,16.712436249509626,0.5605695807071693,0.12872987232883681,0.910061832490163,0.2110773289241757,0.0009119114639839685,1050021707.0,-7.524280952793683,12.593173793644574,1,SHSE.600635,2018-11-08,2018-11-08T09:30:00.000000,4.1,2018-11-09T11:30:00.000000,4.14,0.17102322417646434,1.5,未涨停卖出
SZSE.000652,泰达股份,2018-11-22,3.71,3.88,3.66,3.75,3.87,-0.03100775193798455,57157924.0,214726539.0,4.26,3.48,false,false,27.0475,3.8774118530316577,55.33401945,5527971315.0,36.824209125,false,false,true,断板,断板,断板,2天2板,1.4771927683202892,3.7620000000000005,3.5985714285714288,-4.134366925064603,4.208019055180622,375.6723897110049,false,2.37,0.7838535876359572,0.021071091555404313,0.05143209174597059,0.0013642042308909415,0.19572268384951697,-0.0013612478657013898,0.004487946066815917,0.24120356855503183,32.009700830162416,2.227979224972484,0.5,0.9736029205279416,0.0,0.4868014602639708,断板,3.4985714285714287,-0.05378973105134466,408.37833727804417,10.616578195181708,0.4839932603201348,0.02340872521673868,0.9679865206402696,0.0,0.003937757150440707,446293444.0,-9.152869745046033,6.043282972641895,1,SZSE.000652,2018-11-22,2018-11-22T09:30:00.000000,3.71,2018-11-23T11:30:00.000000,3.73,-0.2620246775700464,1.5,未涨停卖出
SHSE.600816,建元信托,2018-10-24,4.77,5.1,4.63,4.85,4.93,-0.016227180527383367,130851003.0,637077976.0,5.42,4.44,false,false,29.3525,2.8004440201901653,265.2531890715,22661669362.949997,97.45721939399999,false,false,true,断板,断板,断板,2天2板,0.8416588552908402,4.514,4.331428571428572,-3.245436105476676,11.972295514511854,486.87282588120473,false,3.78,0.38196514345207133,-0.011419621042544657,0.9084134705729109,-0.00969899473767635,0.8936818403305371,-0.006338942240598283,-0.00903510424952659,0.7987043160760309,28.14304994897166,1.9667518794774372,0.38333333333333336,0.05539932508436445,0.4096517169224814,0.23252552100342294,炸板,4.235714285714286,0.05341880341880345,502.9255753584959,16.391231028667782,0.23761489703430533,0.9201155026898454,0.045275590551181105,0.4299542035174295,-0.009353648790964217,849734779.0,-5.154952666707324,12.613827993254635,1,SHSE.600816,2018-10-24,2018-10-24T09:30:00.000000,4.77,2018-10-25T11:30:00.000000,4.77,-0.7968127490039689,1.5,未涨停卖出
SHSE.601138,工业富联,2018-06-15,22.6,23.13,22.02,22.58,23.29,-0.0304851867754401,213870016.0,4811430352.0,25.62,20.96,false,false,1.0,19.131584686824567,4447.1987901276,25241949584.059998,252.41949584059998,false,false,false,,未涨停,未涨停,3天3板,0.539626610349793,23.477999999999998,22.87,-2.9626449119793805,-1.2680367293397583,2249.6984112069267,false,16.52,,,,,,,0.0,0.0,,,,0.8097533314431529,0.0,0.40487666572157643,断板,22.927999999999997,-0.09447900466562986,2389.5753911777606,1.578855547801823,0.3980720158775163,,0.7961440317550326,0.0,0.0,8310515596.0,-5.422527853950498,-1.4305652477320074,1,SHSE.601138,2018-06-15,2018-06-15T09:30:00.000000,22.6,2018-06-19T11:30:00.000000,20.38,-10.541550611712452,1.5,止损卖出
SHSE.600503,华丽家族,2019-03-08,4.93,5.35,4.72,4.85,5.07,-0.04339250493096658,150928679.0,755931497.0,5.58,4.56,false,false,3.01653,9.419560691260633,77.71106499999999,7771106499.999999,67.81609499999999,false,false,true,断板,断板,断板,2天2板,8.901806383363809,4.668000000000001,4.467142857142857,-2.7613412228796954,8.570514870482885,500.85345078783865,false,2.91,0.7810741267625013,0.018368505910686814,0.39641994996261887,0.004927683926211592,0.017126516606561126,0.00042056535514398163,0.006263712751786353,0.3595627553157781,29.353072841967425,2.1829267816165987,0.4666666666666667,0.8782729805013928,0.20440742715482635,0.5413402038281095,断板,4.347142857142857,0.03258655804480659,518.6274826280263,16.628327308577074,0.5169893879918726,0.3394022796917108,0.8646239554317549,0.16935482055199017,0.0060129736980452115,959636196.0,-4.941404666440907,13.407821229050288,1,SHSE.600503,2019-03-08,2019-03-08T09:30:00.000000,4.93,2019-03-11T11:30:00.000000,4.97,0.008081265202873071,1.5,未涨停卖出
SHSE.601258,*ST庞大,2019-03-05,1.81,1.87,1.78,1.87,1.88,-0.005319148936170137,404991843.0,740933144.0,2.07,1.69,false,false,5.02246,6.193976917873132,124.8162056174,12226954611.74,122.2695461174,false,false,true,断板,断板,断板,4天3板,6.8366042808461565,1.8259999999999998,1.7428571428571427,-3.7234042553191404,7.295081967213132,182.9501400599814,false,1.13,0.7523409665619398,0.023944555967803562,0.009559993664294164,0.0005330640285675875,0.2847001369830579,-0.0013966663364233807,0.004636443306917492,0.24065823123945243,31.33295048926481,2.3294117104442913,0.36666666666666664,0.8044568245125349,0.0,0.40222841225626743,断板,1.6728571428571428,-0.005291005291005346,190.5753090017814,12.382578992314256,0.35584958217270196,0.000046432544799198476,0.7116991643454039,0.0,0.0036030595287693842,1166117734.0,-5.024422655765903,8.198121263877024,1,SHSE.601258,2019-03-05,2019-03-05T09:30:00.000000,1.81,2019-03-06T11:30:00.000000,1.98,8.52061367788515,1.5,未涨停卖出
SZSE.002161,远望谷,2018-06-22,10.07,10.55,9.8,10.27,10.47,-0.0191021967526267,62911326.0,643521892.0,11.52,9.42,false,false,10.6969,9.008277147793338,75.97308498,7172285082.04,53.7356036139,false,false,true,断板,断板,断板,5天3板,15.649313226347022,10.22,10.141428571428573,-3.8204393505253136,1.2677841949570139,1022.9030810763709,false,6.75,0.6048492464753115,0.013530439347996682,0.6543711949559251,0.007519390331404525,,,0.0064657830353015994,0.4481554467730249,24.851222524545253,2.4999999375000015,0.21666666666666667,0.9931992065741003,0.3584657044940032,0.6758324555340518,断板,9.904285714285715,-0.03944954128440359,1074.6328628602723,5.711813067935959,0.6783187675241477,0.6298008547518625,0.9931972789115646,0.36344025613673064,0.006421703530135523,1182880298.0,-6.293578504593544,1.6731573633347763,1,SZSE.002161,2018-06-22,2018-06-22T09:30:00.000000,10.07,2018-06-25T11:30:00.000000,10.43,2.7496765668210834,1.5,未涨停卖出
SZSE.002600,领益智造,2019-02-20,4.26,4.56,4.22,4.43,4.43,0.0,315143940.0,1386279587.0,4.87,3.99,false,false,4.1832,21.18057944703426,302.3589726368,6591357227.46,65.9135722746,false,false,true,断板,断板,断板,6天6板,13.432859987376146,4.312,4.031428571428571,-3.8374717832957095,9.886605244507441,439.88775002305294,false,2.38,0.6268605216745674,0.03053302921287087,0.14632849422101024,0.003635816982905664,0.00531218410454611,-0.0002782025721762649,0.007841053562374127,0.20013000667678243,25.31283216011865,1.9444444066358029,0.4166666666666667,0.990239821528165,0.0,0.4951199107640825,断板,3.81,-0.04525862068965514,446.89922782475134,16.272965879265083,0.49316787506971554,0.08914537989733512,0.9863357501394311,0.0,0.006370984479402842,1920071884.0,-4.676496740993885,11.811023622047244,1,SZSE.002600,2019-02-20,2019-02-20T09:30:00.000000,4.26,2019-02-21T11:30:00.000000,4.26,-0.7968127490039716,1.5,未涨停卖出
SZSE.002936,郑州银行,2018-09-26,7.22,7.57,7.12,7.39,7.48,-0.012032085561497374,196596943.0,1439734444.0,8.23,6.73,false,false,1.0,32.766157166666666,325.45056741,4434000000.0,44.34,false,false,true,断板,断板,断板,3天3板,0.48694455555555555,7.35,7.35,-3.4759358288770144,0.5442176870748304,732.3279914886571,false,5.51,,,,,,,0.0,0.0,,,,0.8789414414414415,0.0,0.43947072072072074,断板,7.34,-0.06499999999999995,758.3036552550221,1.9073569482288906,0.446056338028169,,0.892112676056338,0.0,0.0,2069654030.0,-4.787482561034606,-1.6348773841961872,1,SZSE.002936,2018-09-26,2018-09-26T09:30:00.000000,7.22,2018-09-27T11:30:00.000000,7.03,-3.4074229398196674,1.5,未涨停卖出
SHSE.600478,科力远,2019-01-28,4.72,4.85,4.5,4.51,4.85,-0.07010309278350513,37614335.0,175721018.0,5.34,4.37,false,false,10.2294,2.559343805170773,66.282869268,6628286926.799999,49.6279737932,false,false,true,断板,断板,断板,2天2板,0.4101670500272888,4.587999999999999,4.572857142857143,-2.6804123711340186,-1.3745704467354019,467.1650263124418,false,3.71,0.640088300756911,0.009794719996146992,0.10305012030040125,0.0011044585951057917,0.0028187695124178838,0.00009810249916801202,0.002540604046532698,0.1803883511553082,35.48518772841442,3.4899327641097293,0.4166666666666667,0.9290700921530298,0.0,0.4645350460765149,断板,4.571428571428571,0.006224066390041472,500.945859007912,6.093749999999998,0.46522346368715084,0.0883330552082163,0.9304469273743017,0.0,0.0027182367206038008,314719807.0,-5.7782409989848516,3.2499999999999973,1,SHSE.600478,2019-01-28,2019-01-28T09:30:00.000000,4.72,2019-01-29T11:30:00.000000,4.3,-9.624215004389223,1.5,未涨停卖出
SZSE.002252,上海莱士,2019-03-12,10.21,11.4,10.0,10.81,10.48,0.031488549618320594,233362940.0,2488242386.0,11.53,9.43,false,false,24.1059,4.6929865982075585,537.7566489019,53753688160.19,141.69823810530002,false,false,true,断板,断板,断板,5天5板,0.7225436042408055,10.204,10.028571428571427,-2.5763358778625913,7.7920227920228164,1066.2543015613362,false,5.75,0.8073612925799162,0.017363461120416528,0.0025572348602275613,-0.0006780355821367156,0.7182889587649115,-0.010122658750535944,0.00009687680785416515,0.3782375635755705,16.91619926280826,1.5715705518424152,0.3333333333333333,0.019771651350598718,0.14739119409525778,0.08358142272292825,炸板,9.854285714285712,-0.006635071090047462,1081.9159864727178,6.349666570020321,0.09871785718388965,0.03727637800102094,0.00835421888053467,0.18908149548724462,-0.0007419494398549415,2718933248.0,-5.630380476335972,3.6097419541896603,1,SZSE.002252,2019-03-12,2019-03-12T09:30:00.000000,10.21,2019-03-13T11:30:00.000000,10.73,4.255651244190719,1.5,未涨停卖出
SHSE.600677,*ST航通,2019-01-10,14.52,14.78,13.76,13.99,14.91,-0.061703554661301174,103637112.0,1477390963.0,16.4,13.42,false,false,4.49206,24.887157106881595,72.99865883,5825828923.14,47.4168888441,false,false,true,断板,断板,断板,6天5板,12.632609871563753,14.128,13.217142857142859,-2.6156941649899434,5.847384349329862,1425.5423896798668,false,8.5,0.6773333040510813,0.029892481559853096,0.4447505193356894,0.006480686020288361,0.2957971527250209,0.002250788765716405,0.009894075951829721,0.44658106629556726,26.650601747166746,1.8155021504456321,0.55,0.9955182072829132,0.372492598841846,0.6840054030623796,断板,12.571428571428571,-0.022935779816513735,1525.7850437157217,18.60227272727273,0.6749064097618771,0.4243898939601552,0.9946778711484594,0.3551349483752949,0.008926265293538016,2135697322.0,-4.835874097706061,15.500000000000004,1,SHSE.600677,2019-01-10,2019-01-10T09:30:00.000000,14.52,2019-01-11T11:30:00.000000,14.14,-3.3930394125975303,1.5,未涨停卖出
SHSE.601162,天风证券,2019-03-11,10.79,11.34,10.19,11.13,11.19,-0.005361930294906059,119209697.0,1296938976.0,12.31,10.07,false,false,1.0,23.013455019305017,576.5340000000001,5765340000.0,57.6534,false,false,true,断板,断板,断板,2天2板,41.7505333976834,11.264,10.874285714285714,-3.5746201966041142,2.351550183920139,1087.9475484280445,false,6.78,0.8852181020239178,0.02657508636455707,0.7509437739327594,0.010152392289347499,,,0.010391213417585164,0.5525155073711633,22.61682323910923,1.8719879167638407,0.55,0.9768866610971874,0.36047252216986475,0.6686795916335261,断板,10.607142857142858,-0.09975864843121485,1148.972701766875,5.494949494949485,0.6713883640042311,0.7369958180968991,0.9785515320334262,0.36422519597503594,0.010262900481959509,2228057404.0,-6.090022997001753,1.7239057239057054,1,SHSE.601162,2019-03-11,2019-03-11T09:30:00.000000,10.79,2019-03-12T15:00:00.000000,11.75,8.029420778424761,2.0,未涨停卖出
SHSE.601212,白银有色,2019-03-11,5.07,5.58,4.9,5.24,5.3,-0.011320754716981019,141006414.0,733057503.0,5.83,4.77,false,false,1.00405,7.177085670631386,365.38341143080004,10294897445.4,37.36282964,false,false,true,断板,断板,断板,4天4板,5.088277586621912,4.996,4.648571428571429,-4.3396226415094254,12.722802704363865,519.8752895027882,false,2.88,0.798677134453677,0.03026698897143526,0.3618902387766198,0.005587086216777291,0.009270170227631743,-0.00035154285961327936,0.008741478044791714,0.34346159734733483,29.207325489571616,2.0176678038131337,0.4666666666666667,0.9557226399331662,0.16432055088605602,0.560021595409611,断板,4.404285714285715,0.0037878787878786735,543.1815324546874,20.337333765812502,0.545645111041445,0.3159486969273458,0.9392757660167131,0.1520144560661769,0.007757356120072485,1345943327.0,-6.66103876749633,15.115147583522525,1,SHSE.601212,2019-03-11,2019-03-11T09:30:00.000000,5.07,2019-03-12T11:30:00.000000,5.34,4.486197222942526,1.5,未涨停卖出
SZSE.000897,津滨发展,2019-03-11,2.98,3.17,2.98,3.14,3.06,0.026143790849673332,53916728.0,166586869.0,3.37,2.75,false,false,5.95018,3.3338634654576325,50.782348147600004,5078148150.76,39.1392161528,false,false,false,,未涨停,未涨停,2天2板,7.837226838496964,3.192,3.06,-2.6143790849673225,2.6143790849673225,308.9706574924205,false,2.2,0.8188195684954719,0.017487306598906426,0.27397661163456066,0.0027384284944994663,0.15332852544268777,0.0009415607536123509,0.005149143793114723,0.346750777149181,28.99628152864657,2.5602836223927388,0.5333333333333333,0.7699805068226121,0.19359412775553814,0.4817873172890751,断板,3.0042857142857144,-0.09999999999999998,319.10912463286616,1.8544935805991405,0.46980642310281234,0.22283723311491166,0.7707520891364903,0.1688607570691344,0.00490545588342107,277681258.0,-6.615017560889913,-0.8083689966714269,1,SZSE.000897,2019-03-11,2019-03-11T09:30:00.000000,2.98,2019-03-12T11:30:00.000000,3.16,5.195326078237379,1.5,未涨停卖出
SZSE.002939,长城证券,2019-03-11,15.21,15.79,14.6,15.44,15.7,-0.016560509554140124,61102806.0,929405869.0,17.27,14.13,false,false,1.0,19.68895420094267,479.16578619439997,4791657875.84,47.9165787584,false,false,true,断板,断板,断板,2天2板,41.20840130919926,15.768,15.26,-3.121019108280245,1.179554390563563,1521.0526812794817,false,9.5,0.8780014615038314,0.02606413399218017,0.5330610890486869,0.006803120391820108,,,0.008614386994346088,0.44213083682510973,24.580601911271394,2.19647350339232,0.5,0.9515455304928989,0.266952745321063,0.609249137906981,断板,14.987142857142857,-0.09977064220183496,1605.5179014132689,4.756457916309216,0.6139999312025405,0.5024112961483956,0.9587743732590529,0.2692254891460281,0.00862121450466228,1548364338.0,-5.264214203956952,1.486988847583648,1,SZSE.002939,2019-03-11,2019-03-11T09:30:00.000000,15.21,2019-03-12T11:30:00.000000,15.88,3.5730843882851158,1.5,未涨停卖出
SZSE.000723,美锦能源,2019-03-29,8.06,9.23,8.0,9.23,8.39,0.10011918951132293,203550709.0,1794021307.0,9.23,7.55,false,false,6.70624,18.82564801458263,377.6333634996,9979858555.810001,81.86452452620001,true,false,false,,涨停,5天3板,3天2板,18.4162463945946,8.376000000000001,7.930000000000001,-3.9332538736591185,16.393442622950815,881.3633299602017,false,4.64,0.82650845995932,0.030590545212216987,0.8368235891668027,0.014882331436286853,0.5455118837071032,0.006034522102988224,0.015369631391483292,0.7473670516873963,21.821262839831412,1.4676691513918028,0.5666666666666667,0.9925,0.4334051542776999,0.71295257713885,炸板,7.58,-0.05411499436302125,911.8358979339533,10.68601583113457,0.7141669709561679,0.8535989880864944,0.9922200611280911,0.4361138807842447,0.014273127498540154,2785054276.0,-11.606901874970843,6.33245382585752,1,SZSE.000723,2019-03-29,2019-03-29T09:30:00.000000,8.06,2019-04-02T15:00:00.000000,10.75,32.311943293822196,3.0,未涨停卖出
SZSE.002266,浙富控股,2019-03-28,5.2,5.23,4.91,4.92,5.38,-0.08550185873605942,63187784.0,319224543.0,5.92,4.84,false,false,10.9254,3.9043457189660584,97.35301657080001,7962509461.44,73.1956356624,false,false,true,断板,断板,断板,11天11板,0.05957379169182346,5.284000000000001,5.26,-3.345724907063192,-6.463878326996195,505.19977564017756,false,4.13,0.5566528910111105,0.007433600258403296,0.6987582201891019,0.004923398525628596,0.6849685991606316,0.0024715574954803417,0.00468988656313906,0.6662002680449626,42.16726162220896,2.9999999100000023,0.4,0.7304806890803001,0.5923672268321378,0.6614239579562189,断板,5.3,-0.05944055944055937,560.1446807370681,1.5094339622641524,0.7048698474374497,0.6975685671185605,0.7684824902723736,0.6412572046025258,0.005205015628172686,642340356.0,-7.166841374668353,-1.8867924528301772,1,SZSE.002266,2019-03-28,2019-03-28T09:30:00.000000,5.2,2019-03-29T11:30:00.000000,4.91,-6.3292981918479905,1.5,未涨停卖出
SHSE.600390,五矿资本,2019-04-03,10.5,11.09,10.42,11.02,10.8,0.020370370370370372,47787493.0,514706287.0,11.88,9.72,false,false,4.75105,9.305546317892098,413.0723445964,5659185982.96,41.9540997318,false,false,true,断板,断板,断板,2天1板,6.09369401214884,10.508000000000001,10.277142857142858,-2.7777777777777843,7.228245760355843,1077.073214533351,false,8.23,0.049055877060971136,-0.0019388047678217126,0.7840934654311335,0.008524447540937943,0.5272348335024928,0.003314783862314128,0.004868897975598868,0.5600283581785088,27.929766141220707,2.255474401683096,0.6166666666666667,0.7153568453207443,0.27564693624902403,0.49550189078488416,断板,10.154285714285715,-0.030520646319569078,1105.496619076624,6.3590320765334845,0.5059494062835084,0.7822896509543901,0.7042488197722855,0.30764999279473115,0.004565358706976299,598534862.0,-5.020062306746631,3.4046145188519894,1,SHSE.600390,2019-04-03,2019-04-03T09:30:00.000000,10.5,2019-04-04T11:30:00.000000,10.98,3.7381900967558335,1.5,未涨停卖出
SHSE.603128,华贸物流,2019-04-10,9.85,10.52,9.48,9.87,10.12,-0.024703557312252933,101928566.0,1021569469.0,11.13,9.11,false,false,2.11451,10.4579105117869,99.88818544109999,9619846577.25,47.482719276299996,false,false,true,断板,断板,断板,3天3板,6.480233312600359,10.027999999999997,9.54142857142857,-2.6679841897233163,3.443629285821238,1002.240597596556,false,5.92,0.5662562673979857,0.017141694254969517,0.7777055779147014,0.010820745881436571,0.42738625344401987,0.0034470115543436698,0.00987281525801529,0.6303199184701539,28.36312704678846,1.8805460397207894,0.55,0.9555678978061649,0.29312642691066987,0.6243471623584174,断板,9.234285714285713,-0.08166969147005443,1036.021002980096,9.591584158415847,0.6099744011739658,0.7621508063961611,0.9477922799222438,0.27215652242568783,0.00925111966773845,1207992854.0,-4.924707398144923,6.667698019801982,1,SHSE.603128,2019-04-10,2019-04-10T09:30:00.000000,9.85,2019-04-11T11:30:00.000000,10.11,1.821748538839573,1.5,未涨停卖出
SZSE.000996,中期退,2019-04-10,16.11,16.66,15.8,16.17,16.81,-0.03807257584770951,31489101.0,508215480.0,18.49,15.13,false,false,4.05977,9.127275652173914,55.78650000000001,5578650000.000001,44.94005208,false,false,false,,未涨停,未涨停,2天2板,17.298531884057972,16.778,16.204285714285714,-4.164187983343244,-0.2115842369743315,1613.9408997417868,false,12.25,0.5472020038629679,0.010553159591466636,0.9052529862609251,0.010967309518314256,0.7284239867429239,0.0057490011763251525,0.009318987030348001,0.7805940899259334,25.444174543235118,1.966083112329854,0.5833333333333334,0.9452929741738406,0.45012028832638307,0.6977066312501119,断板,15.942857142857145,0.012650602409638445,1705.513210699393,5.439068100358401,0.6892401377379611,0.9027188738579843,0.9430713690641489,0.43540890641177327,0.008990660784799794,856187501.0,-5.541628766430684,1.0483870967741726,1,SZSE.000996,2019-04-10,2019-04-10T09:30:00.000000,16.11,2019-04-11T11:30:00.000000,16.23,-0.05786908232988853,1.5,未涨停卖出
SZSE.002157,正邦科技,2019-04-10,19.09,19.6,18.51,18.76,19.63,-0.044319918492103816,61969512.0,1178636453.0,21.59,17.67,false,false,15.3062,2.8578425561139866,444.86112923560006,40679219456.4,393.65633338080005,false,false,false,,未涨停,未涨停,4天2板,4.354726789137783,19.508000000000003,19.02285714285714,-2.7508914926133428,-1.3817963352357905,1901.9618114791674,false,10.83,0.48627454855657354,0.012548594513396162,0.8986765750479049,0.02279343243564372,0.7682341589078241,0.015101957379042425,0.01843702233421382,0.7770634449076144,18.999793337103785,1.3488657083537428,0.65,0.9941682865870591,0.41292378128702195,0.7035460339370405,断板,18.669999999999998,-0.05169082125603863,2009.8639622836515,5.141938939475098,0.6856213017003525,0.8942699375924995,0.9936128853096362,0.3776297180910687,0.01782794627031908,1682323085.0,-5.018447227097289,2.24959828602036,1,SZSE.002157,2019-04-10,2019-04-10T09:30:00.000000,19.09,2019-04-11T11:30:00.000000,18.87,-1.9400658236618615,1.5,未涨停卖出
SHSE.600006,东风股份,2019-04-19,6.9,7.37,6.82,7.03,7.16,-0.018156424581005526,112843999.0,797822217.0,7.88,6.44,false,false,3.55856,5.64219995,140.6,14060000000.0,56.0994,false,false,true,断板,断板,断板,6天3板,9.021113524999999,7.142,6.97,-3.631284916201114,0.8608321377331493,707.0134203591987,false,4.25,0.8367485915218145,0.028092484708115102,0.7361064667220165,0.010496825175707842,0.5268953129090012,0.00415667657911686,0.012113912503212,0.6934715455380716,27.02403147026478,1.8229884725142562,0.6333333333333333,0.9753189129229063,0.37543072321671195,0.6753748180698091,断板,6.774285714285715,-0.06649282920469357,748.5428443681262,5.693800084352587,0.6697909954123547,0.7228576797851657,0.9722607489597781,0.3673212418649312,0.011789943033339741,1439509390.0,-7.820907621866913,1.8557570645297394,1,SHSE.600006,2019-04-19,2019-04-19T09:30:00.000000,6.9,2019-04-22T11:30:00.000000,6.82,-1.9469946301749537,1.5,未涨停卖出
SHSE.600794,保税科技,2019-04-19,5.3,5.49,5.22,5.4,5.52,-0.021739130434782483,116380798.0,622050873.0,6.07,4.97,false,false,20.5486,9.766979026551681,65.456216478,6434500447.8,41.545243926000005,false,false,true,断板,断板,断板,6天4板,19.51500719732377,5.601999999999999,5.43,-3.985507246376807,-0.5524861878452921,534.4961399903789,false,3.12,0.8060367418164908,0.030768108630501573,0.7118801275695527,0.01147553443469874,0.48541191662465455,0.004360162608811426,0.013199437726093112,0.6627709871354709,26.251814132011194,1.7653958632619262,0.5833333333333334,0.9811425402107599,0.3294105392020011,0.6552765397063804,断板,5.277142857142857,-0.0830564784053156,570.3203271644879,4.602057390362751,0.6463184388427107,0.694936296294955,0.9783633841886269,0.3142734934967945,0.012834146793549578,1326513832.0,-7.0697685570760065,0.43313481321061165,1,SHSE.600794,2019-04-19,2019-04-19T09:30:00.000000,5.3,2019-04-22T11:30:00.000000,5.46,2.198000451026087,1.5,未涨停卖出
SHSE.600875,东方电气,2019-04-19,13.72,14.26,13.42,13.95,14.3,-0.02447552447552459,137669274.0,1899221723.0,15.73,12.87,false,false,2.98707,6.894148361436929,383.7370786245,27856760133.6,142.6922628975,false,false,true,断板,断板,断板,6天4板,8.961233938737998,14.412,14.172857142857142,-4.055944055944057,-1.5724221348654341,1379.5538160533918,false,9.8,0.742162202014923,0.02154819795333215,0.7092620842582014,0.007188891265143168,0.7963306015859164,0.004915763305299415,0.009378814214827839,0.7419626630078602,27.35923503458867,2.1370420167457103,0.5333333333333333,0.949528563505269,0.4525955761650046,0.7010620698351369,断板,13.858571428571429,-0.0885914595283619,1503.7986221527476,3.1852386351922535,0.6932005809724257,0.702468532952763,0.9439667128987518,0.4424344490460995,0.009030947141187224,3445486350.0,-8.764379765428465,-0.9998969178435124,1,SHSE.600875,2019-04-19,2019-04-19T09:30:00.000000,13.72,2019-04-22T11:30:00.000000,14.0,1.2277420928530796,1.5,未涨停卖出
SZSE.002733,雄韬股份,2019-04-19,31.5,33.45,30.05,31.51,32.58,-0.032842234499692924,43110697.0,1358645702.0,35.84,29.32,false,false,2.31708,13.174098894744892,110.32067152569999,10311278769.980001,49.2332396947,false,false,true,断板,断板,断板,4天2板,15.810241746215167,31.938,30.415714285714284,-3.3149171270718183,3.597764313559732,3151.528034909758,false,21.54,0.5397214781586368,0.013604373756910001,0.7914827783048242,0.008533730863107337,0.9059933305087623,0.012041194956925889,0.010600098670013436,0.7754836839367681,18.370727539418624,1.8556176574834542,0.5833333333333334,0.9636716583471991,0.42641585658875775,0.6950437574679784,断板,29.641428571428573,-0.06781115879828337,3418.294316156973,9.91373078220636,0.6887578295490917,0.7750786498036408,0.9606102635228849,0.4169053955752985,0.010280831072463772,1951435073.0,-7.84877752886427,6.270181695503396,1,SZSE.002733,2019-04-19,2019-04-19T09:30:00.000000,31.5,2019-04-22T11:30:00.000000,30.86,-2.81236956934167,1.5,未涨停卖出
SHSE.600614,退市鹏起,2019-04-11,7.48,7.56,7.05,7.05,7.83,-0.09961685823754796,157539707.0,1140471019.0,8.61,7.05,false,false,167.805,10.422824570625771,106.559879889,10655987988.9,55.9947546495,false,false,true,断板,断板,断板,3天3板,13.176937785709221,7.736,7.4157142857142855,-4.469987228607914,-4.931612406087458,723.9260759828632,true,5.49,0.4766489564416601,0.012877945518979958,0.3957520433041265,0.0054643447502219595,0.7486468630560601,0.0068394246944617825,0.0073595888872455065,0.5177998718572132,15.736665525925046,1.8251028473484314,0.5166666666666667,0.8747570119411274,0.13165099447165704,0.5032040032063922,断板,7.322857142857143,-0.09999999999999987,804.0642676621371,6.925477955520873,0.4924212510608242,0.3487496616711316,0.8689252985281866,0.11591720359346183,0.007206982970765371,1728748765.0,-6.97261026474253,2.145922746781115,1,SHSE.600614,2019-04-11,2019-04-11T09:30:00.000000,7.48,2019-04-12T11:30:00.000000,7.09,-5.969171442571971,1.5,未涨停卖出
SHSE.600685,中船防务,2019-04-11,19.75,21.09,19.26,19.8,20.31,-0.025110782865583325,35428151.0,714589243.0,22.34,18.28,false,false,2.02192,4.312957591720192,162.64416583800002,16264416583.800001,63.298636038000005,false,false,true,断板,断板,断板,7天7板,0.6713461241441521,18.733999999999998,18.004285714285714,-2.757262432299354,9.973815758152824,2017.009702256265,false,13.35,0.1419672716507777,0.00491064122358152,0.843865901945671,0.013074572843929235,0.6541492002077944,0.006092416767756461,0.009347139697007859,0.6465711653653293,24.605809743718268,1.7573529102935772,0.5333333333333333,0.9458483754512635,0.28877321853484517,0.6173107969930544,断板,17.487142857142857,0.03728294177732372,2083.4434348754003,16.14247202025978,0.601821199876785,0.8330080418494856,0.9366842543737851,0.2669581453797848,0.008957279417232643,1147375905.0,-5.205009795808813,12.940119271301365,1,SHSE.600685,2019-04-11,2019-04-11T09:30:00.000000,19.75,2019-04-12T11:30:00.000000,18.24,-8.381461495789003,1.5,未涨停卖出
SHSE.603888,新华网,2019-04-11,29.08,29.5,27.2,27.23,30.18,-0.09774685222001323,26603948.0,748118749.0,33.2,27.16,false,false,2.57377,15.075622493978862,141.331694728,4805277555.4,40.7088246761,false,false,true,断板,断板,断板,3天2板,15.896492139909576,29.160000000000004,28.17571428571429,-3.6447978793903295,-3.3564873497946652,2812.0591312236816,true,19.95,0.6549873736814846,0.015444095872546984,0.8899012449224,0.014464707759484033,0.6273252495473246,0.00664221970447529,0.012313838965594001,0.7641456720616944,18.170285439688918,1.6435253299552557,0.65,0.9783393501805054,0.4062964827697255,0.6923179164751154,断板,27.90142857142857,-0.03824091778202676,3104.1996984114276,8.166504531258,0.6811352112352855,0.8882809472624453,0.9769508469869481,0.38531957548362306,0.012146020602252255,1110905068.0,-6.3204599405068285,4.224054067892058,1,SHSE.603888,2019-04-11,2019-04-11T09:30:00.000000,29.08,2019-04-12T11:30:00.000000,27.94,-4.685796018128325,1.5,未涨停卖出
SZSE.002210,飞马国际,2019-04-11,5.92,6.24,5.54,5.57,6.15,-0.09430894308943094,177019115.0,1046880003.0,6.77,5.54,false,false,10.3617,12.671802542464361,92.0654375002,7781027736.55,77.8102773655,false,false,true,断板,断板,断板,6天6板,14.395338568014656,5.702,5.33,-3.7398373983739908,4.502814258911824,591.3937616285111,true,3.3,0.4475880069056092,0.02038009681599307,0.441834918346422,0.007725712689293533,0.03252525113293693,-0.0008496029648629518,0.007683994818386494,0.32019263589421393,18.267386292419854,1.5423340723218955,0.5666666666666667,0.8903082477089698,0.03455049251025042,0.4624293701096101,断板,5.078571428571429,0.0016286644951140072,631.7303634295795,21.097046413502103,0.42016106637045264,0.39178655870904755,0.8403221327409053,0.0,0.006725640277322713,1646979960.0,-6.289133106391898,16.56821378340365,1,SZSE.002210,2019-04-11,2019-04-11T09:30:00.000000,5.92,2019-04-12T11:30:00.000000,5.77,-3.310407020566392,1.5,未涨停卖出
SHSE.600775,南京熊猫,2019-04-23,16.79,16.85,15.55,15.55,17.28,-0.10011574074074081,100347896.0,1615522238.0,19.01,15.55,false,false,1.44543,14.936311579117548,104.47089125950001,10447089125.95,48.999948655000004,false,false,false,,未涨停,未涨停,8天5板,17.889191595718483,16.812,15.965714285714286,-2.8356481481481595,-2.6037938439513226,1609.9213858953256,true,10.59,0.7484932886902717,0.02302895999145846,0.8252742219602646,0.01220769531581943,0.8752475144119464,0.009494902621250478,0.01355811044257655,0.8249100230417705,17.4475262232962,1.567545280205612,0.5666666666666667,0.9850291100637649,0.44344430035814775,0.7142367052109564,断板,15.510000000000002,-0.024280067758328583,1804.1396300232093,11.411992263056089,0.7122429544980526,0.8214826570500028,0.9836429165511505,0.44084299244495473,0.013553960133088846,2293829492.0,-6.936249719296928,8.252740167633776,1,SHSE.600775,2019-04-23,2019-04-23T09:30:00.000000,16.79,2019-04-24T11:30:00.000000,16.11,-4.814571375012166,1.5,未涨停卖出
SZSE.000836,ST富通,2019-04-23,5.72,5.79,5.37,5.37,5.97,-0.10050251256281406,202789480.0,1110199447.0,6.57,5.37,false,false,8.03294,16.781891569779656,64.8940455288,6489015276.21,52.6609637478,false,false,true,断板,断板,断板,2天2板,15.409043295225569,5.398000000000001,5.182857142857143,-4.1876046901172534,3.6108048511576563,547.4640237748033,true,4.36,0.3155408405889957,0.007311408291720806,0.6534913685434249,0.004359698865836858,0.6549169085038672,0.0024838416065050104,0.004387283573214094,0.5863289249406718,31.400142301658832,2.5261043538586487,0.5333333333333333,0.6212919323537566,0.3407158565970801,0.48100389447541836,炸板,5.07,0.04370629370629375,608.4734142488018,17.751479289940818,0.4278012502326146,0.6418783644134446,0.5295259218186859,0.32607657864654344,0.004078387731869288,2107960589.0,-5.994249443721467,12.82051282051282,1,SZSE.000836,2019-04-23,2019-04-23T09:30:00.000000,5.72,2019-04-24T11:30:00.000000,5.28,-8.427827152926747,1.5,未涨停卖出
SZSE.002668,TCL智家,2019-04-23,7.65,7.73,7.11,7.11,7.9,-0.09999999999999998,154225057.0,1120690416.0,8.69,7.11,false,false,4.94182,23.570952086088248,77.0803225308,4652082577.17,38.7372766302,false,false,true,断板,断板,断板,2天2板,22.738867752934645,7.274000000000001,7.047142857142857,-3.164556962025316,0.8919521589296618,726.6591031313413,true,5.47,0.3412329129143724,0.00805723452958421,0.7319551077775728,0.01117356765889025,0.016231060117801722,-0.0009057587749912331,0.006926503102864598,0.4390934545070014,16.114669623087753,1.5907407154361801,0.5666666666666667,0.8780149708899362,0.08452714374555531,0.4812710573177458,炸板,6.988571428571428,0.011523687580025754,817.2120131034577,13.041700735895349,0.47915778416443844,0.7262168844104924,0.8744108677571389,0.08390470057173798,0.007009766629891064,1956570342.0,-6.389041309509935,9.464431725265744,1,SZSE.002668,2019-04-23,2019-04-23T09:30:00.000000,7.65,2019-04-24T11:30:00.000000,6.66,-13.634872275603469,1.5,止损卖出
SHSE.600175,退市美都,2019-04-26,4.08,4.66,4.01,4.66,4.24,0.09905660377358494,520086388.0,2312677916.0,4.66,3.82,false,false,17.0377,21.21903014908125,166.6643768218,11421834791.94,80.9240793316,true,false,false,,涨停,7天6板,5天5板,15.432373173037394,4.2780000000000005,3.991428571428572,-3.7735849056603805,16.75017895490335,444.6718793955438,false,2.51,0.6765000979862679,0.030105872120253743,0.5933692415525641,0.009045336808039385,0.34541074574048203,0.0029675282549902994,0.011434101304567531,0.5356078640956803,21.70912385857643,1.6143790589051221,0.6166666666666667,0.9794957051814908,0.19942902868527007,0.5894623669333804,断板,3.731428571428572,-0.07221006564551424,453.02568604661735,13.629402756508405,0.5731528118260685,0.5840298078724713,0.9675720620842572,0.17873356156787967,0.010206787542208655,3167679445.0,-9.938881488054097,9.341500765696754,1,SHSE.600175,2019-04-26,2019-04-26T09:30:00.000000,4.08,2019-04-29T11:30:00.000000,4.6,11.846730724162164,1.5,未涨停卖出
SHSE.603609,禾丰股份,2019-04-26,13.16,14.18,12.38,14.01,13.6,0.030147058823529527,27233794.0,366498079.0,14.96,12.24,false,false,1.54543,3.2765357316678316,129.2148458796,11644782330.69,38.6350626156,false,false,false,,未涨停,未涨停,2天2板,3.955729285690353,13.618,13.038571428571428,-3.235294117647055,7.450421825353349,1345.7474158760251,false,10.02,0.7070914574963396,0.014813622972473161,0.598936486750965,0.006581908795090726,0.714306603869218,0.004762960552731108,0.0076825671578593276,0.6551785160355159,25.0131505887401,1.9920212369142576,0.5166666666666667,0.940149625935162,0.3971450389389654,0.6686473324370638,断板,12.671428571428569,-0.029957203994293913,1423.6454043178053,7.328072153325834,0.6453797082668113,0.5956991916665936,0.9168514412416852,0.3739079752919376,0.007358277963960446,455609495.0,-7.561251136787661,3.8556933483653077,1,SHSE.603609,2019-04-26,2019-04-26T09:30:00.000000,13.16,2019-04-29T11:30:00.000000,13.92,4.932246697102164,1.5,未涨停卖出
SZSE.002600,领益智造,2019-04-26,6.71,6.99,6.32,6.32,7.02,-0.09971509971509962,330231771.0,2187403664.0,7.72,6.32,false,false,4.1832,20.68376676226537,431.35636728320003,10090351611.04,100.9035161104,false,false,true,断板,断板,断板,3天3板,18.157677860588382,6.843999999999999,6.525714285714286,-4.415954415954411,-3.152364273204901,662.3843785157788,true,5.12,0.42425119850383963,0.010521807516788929,0.5135588468117648,0.01062824919128936,0.676032512929475,0.009388659044882884,0.010235083812467332,0.5444394169854928,15.92940945025829,1.4082644429778297,0.6,0.973122748683846,0.19465860488443698,0.5838906767841414,断板,6.458571428571429,-0.07994757536041941,753.9824706889976,8.692767086927656,0.588930785194368,0.5363530856161246,0.9731152993348116,0.20474627105392446,0.010610773733443627,3790020131.0,-11.005888586927936,3.8929440389294356,1,SZSE.002600,2019-04-26,2019-04-26T09:30:00.000000,6.71,2019-04-29T11:30:00.000000,5.88,-13.067847833702453,1.5,止损卖出
SHSE.600666,奥瑞德,2019-04-18,5.35,5.78,5.17,5.54,5.61,-0.012477718360071388,190900779.0,1033193100.0,6.17,5.05,false,false,8.73176,23.75405523868154,67.99387369600001,4452251647.28,36.6827140008,false,false,true,断板,断板,断板,5天3板,17.73593490301514,5.276,5.047142857142858,-4.634581105169352,9.765072176620416,541.2199496577225,false,3.69,0.5578324202028138,0.016447049250924297,0.7403960685822882,0.009736188479250969,0.3577650736439335,0.002904536240948383,0.00902886496209486,0.5890940404248869,19.406620994986525,1.60471201613381,0.5333333333333333,0.9436893203883495,0.20253059561797424,0.5731099580031619,炸板,4.854285714285715,0.007181328545780907,586.7161117864698,15.567981165391398,0.5532600481031065,0.725471594889085,0.9273231622746186,0.17919693393159436,0.008375111241728392,1564440399.0,-8.814503428072118,10.211889346674496,1,SHSE.600666,2019-04-18,2019-04-18T09:30:00.000000,5.35,2019-04-25T09:30:00.000000,3.36,-37.69668987600998,5.0,大幅低开卖出
SHSE.600710,苏美达,2019-04-18,7.7,7.88,7.3,7.32,8.05,-0.09068322981366461,139786943.0,1050727353.0,8.86,7.25,false,false,5.87723,21.83202188403896,95.65405856880001,4686878880.0,35.00268816,false,false,true,断板,断板,断板,4天4板,13.480493421669134,7.636,7.161428571428572,-4.347826086956528,2.2142429682824627,751.6634461345935,true,4.94,0.7159164052353136,0.025005715089590194,0.7394108576300199,0.00973701224630413,0.6341666197757673,0.0046880199412542055,0.011276055123446364,0.7031386957948029,24.99907448048753,1.7309941220833764,0.6,0.9700416088765603,0.37859567616849177,0.674318642522526,断板,6.910000000000001,-0.03477218225419654,840.8057941060567,16.49782923299565,0.6640162445029042,0.7218880961040327,0.9653259361997226,0.36270655280608577,0.010743868630050817,1554994980.0,-8.421182941696703,11.432706222865407,1,SHSE.600710,2019-04-18,2019-04-18T09:30:00.000000,7.7,2019-04-19T11:30:00.000000,7.22,-6.98090753867648,1.5,未涨停卖出
SHSE.600775,南京熊猫,2019-04-12,12.61,12.94,12.21,12.36,13.14,-0.05936073059360736,69420423.0,871732773.0,14.45,11.83,false,false,1.44543,10.332902922868838,83.0392421844,8303924218.44,38.947869156,false,false,true,断板,断板,断板,2天2板,8.189729618796543,12.894,12.677142857142858,-4.033485540334865,-2.5016903313049466,1255.729561025579,false,9.81,0.4273598663389866,0.0072072866705560155,0.8086290392463705,0.010197613881141607,0.9035121425645056,0.008943340860484114,0.009223266532827241,0.7608401356603343,18.85011039038288,1.8144207708612776,0.5333333333333333,0.9439200444197668,0.41633134288163437,0.6801256936507006,断板,12.694285714285714,-0.07789473684210524,1424.0941072751918,3.511141120864288,0.6852220934194283,0.8063089002277023,0.9480699805609553,0.4223742062779013,0.00949022104739357,1950679534.0,-11.452481015264516,-0.6639657888813932,1,SHSE.600775,2019-04-12,2019-04-12T09:30:00.000000,12.61,2019-04-19T11:30:00.000000,16.56,30.277936627794922,5.5,未涨停卖出
SHSE.600864,哈投股份,2019-04-30,8.07,8.28,7.67,7.78,8.43,-0.07710557532621587,107187702.0,856652326.0,9.27,7.59,false,false,10.0834,6.791264240760077,164.0423706836,12279309006.34,60.58055898720001,false,false,true,断板,断板,断板,2天1板,12.666556419721502,8.456,8.317142857142857,-4.270462633451951,-6.458261765716242,799.2076609684196,false,6.81,0.023975945072093434,-0.0012991186629894415,0.795015549298386,0.011240324363208046,0.6683471963914979,0.006296672549560878,0.007249340213874399,0.6028071225810611,20.140903609586104,1.744525517011562,0.6,0.9537396121883657,0.3201856968746472,0.6369626545315065,断板,8.37857142857143,-0.10032017075773747,882.72597646614,0.6138107416879603,0.6329154660523647,0.8184632729633255,0.9542936288088643,0.3115373032958651,0.007788106738546261,1368005350.0,-8.578650508201601,-3.6828644501278873,1,SHSE.600864,2019-04-30,2019-04-30T09:30:00.000000,8.07,2019-05-06T09:30:00.000000,7.23,-11.122795065092777,1.0,大幅低开卖出
SHSE.600963,岳阳林纸,2019-04-24,6.6,6.83,6.51,6.6,6.86,-0.03790087463556857,96684058.0,642742706.0,7.55,6.17,false,false,3.39417,9.268389984919157,92.250387768,6884850376.799999,42.925313771999996,false,false,false,,未涨停,未涨停,4天4板,6.3687558567365725,7.0760000000000005,6.742857142857143,-3.790087463556861,-2.118644067796616,664.7866455915618,false,4.55,0.7413847231136621,0.02359796452822519,0.7155683720256801,0.008415518186071426,0.43041495627959103,0.0028471182241012194,0.009781487465911117,0.6351856175194498,25.99512939027592,1.8999999639000007,0.5333333333333333,0.9578597172165234,0.3286459658670278,0.6432528415417756,断板,6.531428571428571,-0.09973753280839892,699.760154542681,5.030621172353465,0.629198513022703,0.6989466744417161,0.9556418075963404,0.30275521844906567,0.009718716476217115,1080609440.0,-5.6819689267197155,1.049868766404205,1,SHSE.600963,2019-04-24,2019-04-24T09:30:00.000000,6.6,2019-04-25T11:30:00.000000,6.44,-3.201738500543284,1.5,未涨停卖出
SHSE.601777,千里科技,2019-04-24,8.11,8.26,7.69,7.86,8.42,-0.0665083135391924,157589433.0,1251903043.0,9.26,7.58,false,false,1.17458,12.466581674477167,103.2613457094,9935786534.94,48.522834160200006,false,false,false,,未涨停,未涨停,5天5板,8.722438991139553,8.587999999999997,8.177142857142858,-3.681710213776728,-3.878406708595393,794.4079873680363,false,4.69,0.8055607183012443,0.03820052414139641,0.6421504537080465,0.011495745267296787,0.40486255635015567,0.004057661054941389,0.014605275778410092,0.6036461374193188,24.912426899124114,1.6245790981865516,0.65,0.9886332131965623,0.26686585791047845,0.6277495355535203,断板,7.938571428571429,-0.1004273504273504,851.9037550175192,6.06442324995501,0.6116350499223375,0.6223735337427834,0.9878014970889937,0.2354686027556814,0.01432353845678093,1072772778.0,-4.801452602668488,2.159438545978043,1,SHSE.601777,2019-04-24,2019-04-24T09:30:00.000000,8.11,2019-04-25T11:30:00.000000,7.12,-12.906696272861693,1.5,止损卖出
SZSE.002668,TCL智家,2019-04-24,6.8,6.92,6.51,6.77,7.11,-0.04781997187060494,94973390.0,636955402.0,7.82,6.4,false,false,4.94182,14.515236814880039,73.3943436756,4429620119.19,37.251835771399996,false,false,false,,未涨停,未涨停,2天2板,22.738867752934645,7.337999999999999,7.094285714285713,-4.360056258790443,-4.57108336689488,670.6672279466911,false,5.47,0.19759022923460637,0.005391001006634389,0.725891524095866,0.011017764252501483,0.004160290531560275,-0.00042971141981865027,0.006458168901632024,0.4037118950543223,16.061451699402355,1.5907407154361801,0.5666666666666667,0.8652619905738841,0.07124758500611916,0.4682547877900016,断板,7.047142857142857,-0.09999999999999998,726.6591031313413,0.8919521589296618,0.4812710573177458,0.7319551077775728,0.8780149708899362,0.08452714374555531,0.006926503102864598,1120690416.0,-6.421044328802394,-3.5069937157916065,1,SZSE.002668,2019-04-24,2019-04-24T09:30:00.000000,6.8,2019-04-25T11:30:00.000000,6.56,-4.298101710803823,1.5,未涨停卖出
SHSE.600587,新华医疗,2019-05-09,16.1,16.4,15.6,15.93,16.83,-0.053475935828876886,18242379.0,292400961.0,18.51,15.15,false,false,5.4971,4.5214091886272,64.74399489630001,6427224021.24,44.7262815474,false,false,false,,未涨停,未涨停,2天2板,4.6858997284008606,16.694,15.971428571428572,-4.337492572786672,-0.2593917710196804,1602.8663860124823,false,13.89,0.051005248557960285,0.002348429400129239,0.6240758387831602,0.003488471135654361,0.3411582997316855,0.0013992704707833873,0.0026337025890880443,0.42458645902267783,35.919941588737004,2.767963995240039,0.5666666666666667,0.8693244739756367,0.447340570494186,0.6583325222349113,断板,15.75,-0.06448026681489716,1715.6765507536488,6.857142857142846,0.6380726491876261,0.6368310158844851,0.8443644419828302,0.431780856392422,0.0026698275980949985,362286807.0,-6.159468153086777,2.2222222222222365,1,SHSE.600587,2019-05-09,2019-05-09T09:30:00.000000,16.1,2019-05-10T11:30:00.000000,16.35,0.7436094132785592,1.5,未涨停卖出
SHSE.600868,梅雁吉祥,2019-04-25,5.25,5.29,4.95,4.95,5.5,-0.09999999999999998,289305521.0,1457170058.0,6.05,4.95,false,false,32.7939,15.241457331593992,93.95835961050001,9395835961.050001,89.2604367765,false,false,true,断板,断板,断板,2天2板,12.878205179837758,5.322000000000001,5.262857142857143,-4.545454545454546,-5.9446254071661295,503.6786207754397,true,3.89,0.7894852506469087,0.016574189342337193,0.8692706022086325,0.010459337197589158,0.7209329891594439,0.0054472855002085626,0.010178692117324587,0.8088122479815312,23.122874589070086,1.8303571093550706,0.5833333333333334,0.9670177383592018,0.4688041042568469,0.7179109213080244,断板,5.302857142857143,-0.0693739424703892,566.3294309361637,3.717672413793093,0.7192085201053833,0.868883998036178,0.9670085943997782,0.4714084458109883,0.010409224777393044,2087222873.0,-7.297772052539209,-0.9967672413793149,1,SHSE.600868,2019-04-25,2019-04-25T09:30:00.000000,5.25,2019-04-26T09:30:00.000000,4.5,-14.968696642003417,1.0,大幅低开卖出
SZSE.002547,*ST春兴,2019-04-29,13.0,13.77,12.15,12.15,13.5,-0.09999999999999998,182020109.0,2331996412.0,14.85,12.15,false,false,6.12151,27.80531584954695,137.058945912,7953674528.7,77.004794151,false,false,false,,未涨停,未涨停,8天7板,35.418629722775975,13.463999999999999,13.462857142857144,-3.7037037037037033,-9.751697792869278,1281.175154114428,true,7.27,0.7988241212696469,0.037268969091637405,0.5490260108035592,0.010369364093611512,0.8116396873561184,0.009807505572113592,0.015580727536767314,0.6777697358625444,15.997870363042086,1.5400801366021726,0.55,0.9941828254847646,0.3899053793451279,0.6920441024149462,断板,13.391428571428573,-0.09999999999999998,1414.6829505824328,0.8107531470023334,0.6856821836238083,0.539421136195488,0.9933499584372403,0.3780144088103763,0.015832913927446873,3504779595.0,-8.106618556137768,-2.9229784510347856,1,SZSE.002547,2019-04-29,2019-04-29T09:30:00.000000,13.0,2019-04-30T11:30:00.000000,11.94,-8.885688017162142,1.5,未涨停卖出
SZSE.002447,晨鑫退,2019-04-04,4.61,4.73,4.5,4.52,4.77,-0.052410901467505266,177238067.0,812903674.0,5.25,4.29,false,false,18.4125,13.351791836937016,64.5091236,6000064055.999999,43.69330546,false,false,true,断板,断板,断板,2天2板,5.639957480813935,4.62,4.407142857142857,-3.35429769392032,2.560777957860619,458.6507220257599,false,2.81,0.4933588726300241,0.014227965934224162,0.5819619796645978,0.007467528489447458,0.2690035005083229,0.00203720173515022,0.007190517952113627,0.4703538145108006,23.434670010397305,1.7524429660321068,0.55,0.8891974451541238,0.1261279039485793,0.5076626745513515,断板,4.314285714285714,-0.055445544554455495,495.5691370591038,10.562913907284765,0.4983831273357052,0.5591906640948732,0.8803110247153568,0.11645522995605358,0.006775755204824687,1568704459.0,-6.97564365372918,6.854304635761599,1,SZSE.002447,2019-04-04,2019-04-04T09:30:00.000000,4.61,2019-04-08T11:30:00.000000,4.37,-5.96140384233134,1.5,未涨停卖出
SZSE.002663,普邦股份,2019-04-04,4.04,4.12,3.96,4.0,4.18,-0.04306220095693769,110713980.0,445652618.0,4.6,3.76,false,false,8.15777,8.85817493224052,71.83561808,4999403640.0,42.40542424,false,false,true,断板,断板,断板,3天3板,4.413337267562577,4.098,3.8714285714285714,-3.3492822966507103,3.3210332103321027,402.52605678162774,false,2.72,0.49316865790750924,0.012610864003609761,0.7129799942580385,0.007266114820355172,0.5532223011164482,0.0031103750812021074,0.007088342735260171,0.6210904190454556,24.469403554207975,2.216748719333157,0.6,0.8830880311024716,0.3219584152633237,0.6025232231828976,断板,3.7714285714285714,-0.07111111111111112,429.0163349789324,10.833333333333329,0.5751988365370606,0.7052160549766948,0.8636489863926687,0.2867486866814525,0.006488764459418941,797021193.0,-5.831091485167061,7.121212121212128,1,SZSE.002663,2019-04-04,2019-04-04T09:30:00.000000,4.04,2019-04-08T11:30:00.000000,3.88,-4.725651848053341,1.5,未涨停卖出
SHSE.603508,思维列控,2019-05-20,70.67,72.95,66.1,69.4,72.58,-0.043813722788646925,5781902.0,400588109.0,79.84,65.32,false,false,1.01495,3.61368875,135.14869319400003,11104000000.0,36.032894318000004,false,false,true,断板,断板,断板,5天3板,4.39074875,73.678,70.91285714285713,-2.6315789473684164,-2.1334031708938346,6928.310251540064,false,44.23,0.8641692078506265,0.03126135085074506,0.48695930766853424,0.007084510512809767,0.4768819628272716,0.0032297939041890412,0.010763463597810607,0.5593780842525738,24.353991601719287,1.9418386114483495,0.5333333333333333,0.993088194636439,0.4531789563166191,0.7231335754765291,断板,68.92714285714285,-0.09309009121579415,7730.38311469485,5.299591701382414,0.7180188587819094,0.46649128391740785,0.9928117224218966,0.4432259951419221,0.010382549397631197,595045158.0,-8.581503721772988,2.5285498145039442,1,SHSE.603508,2019-05-20,2019-05-20T09:30:00.000000,70.67,2019-05-21T11:30:00.000000,70.2,-1.4565764112081354,1.5,未涨停卖出
SHSE.600677,*ST航通,2019-05-17,19.18,19.45,17.87,17.99,19.85,-0.09370277078085654,84911902.0,1586891378.0,21.84,17.87,false,false,4.49206,18.710287871107333,93.87032683,8164305795.309999,61.31955274549999,false,false,false,,未涨停,未涨停,3天2板,17.110603236070446,18.996000000000002,18.420000000000005,-3.375314861460966,-2.334419109663446,1868.8680156993776,true,13.88,0.33943056878074385,0.009750798883457154,0.20547736622024523,0.0021489393772951516,0.815041701412844,0.006238850190745893,0.004896284522562774,0.4151373072901246,20.850406839334973,2.65776074361244,0.5,0.9635056676803981,0.39176725534329193,0.6776364615118451,断板,18.07,0.011207335710647026,2011.3494826622161,9.850581073602664,0.6690127636543786,0.2178296482367706,0.9579646017699115,0.38006092553884574,0.004688809316391991,2071435632.0,-4.641136881824193,6.142778085224121,1,SHSE.600677,2019-05-17,2019-05-17T09:30:00.000000,19.18,2019-05-20T11:30:00.000000,18.59,-3.848422784357873,1.5,未涨停卖出
SHSE.600794,保税科技,2019-05-17,5.84,6.44,5.84,6.01,6.03,-0.0033167495854063977,193101036.0,1188586391.0,6.63,5.43,false,false,20.5486,16.20554078532269,72.8503446357,7161360683.57,46.2383177769,false,false,true,断板,断板,断板,4天2板,13.794728262137022,5.970000000000001,5.688571428571429,-3.1509121061359933,5.650426921145148,615.5256417163914,false,3.52,0.009051079967944806,0.0013145928571078836,0.830943744983251,0.013809000706106765,0.6561670017616277,0.007074154823636624,0.009289665371565947,0.6141321890137028,19.311508677935517,1.8016759451932685,0.6,0.9905999447055571,0.4357304371236959,0.7131651909146265,断板,5.5442857142857145,-0.05188679245283023,614.9906494904537,8.760628703942283,0.7098853117334374,0.8248260565487147,0.9897676991150443,0.4300029243518304,0.009031358681096393,1473769441.0,-5.039206614951109,5.333676887400141,1,SHSE.600794,2019-05-17,2019-05-17T09:30:00.000000,5.84,2019-05-20T11:30:00.000000,5.46,-7.066305650406554,1.5,未涨停卖出
SHSE.600776,东方通信,2019-05-27,24.14,25.63,24.14,25.27,24.78,0.0197740112994349,64475709.0,1611642773.0,27.26,22.3,false,false,4.68553,6.74432057360197,241.5812161728,24158121617.28,97.3621067748,false,false,false,,未涨停,未涨停,3天3板,7.618866121749548,25.504,24.358571428571427,-2.5827280064568225,3.7417160283854374,2499.6123315216278,false,19.86,0.002714982514307237,0.0008496359229916687,0.6034040912072849,-0.006643456054804364,0.5816530686981001,0.009813353175530028,-0.00020779489014483975,0.47674096271593386,17.144049684314147,1.9019073207757133,0.5,0.6550676608671637,0.3911942043763664,0.523130932621765,断板,23.887142857142855,-0.026326129666011666,2535.8517550618,3.7378147239997737,0.4716449485489235,0.6023651345869998,0.5459817729908865,0.3973081241069606,-0.0009993879417894511,2092661451.0,-4.80516082292951,1.0585491298367389,1,SHSE.600776,2019-05-27,2019-05-27T09:30:00.000000,24.14,2019-05-28T11:30:00.000000,25.97,6.723561429509796,1.5,未涨停卖出
SHSE.600259,中稀有色,2019-05-24,39.0,40.69,36.68,37.14,40.1,-0.07381546134663342,20338439.0,781117855.0,44.11,36.09,false,false,1.05137,7.759130815427523,112.0893708774,9735235072.44,54.219145804200004,false,false,false,,未涨停,未涨停,4天2板,14.212256960049153,40.21,39.748571428571424,-2.743142144638407,-6.5626797009775615,3840.598853235492,false,29.33,0.5721267056309816,0.014292171206861503,0.291262151762525,0.0038290375307461844,0.683883433230394,0.00537998000272785,0.006386947007563748,0.46522144697657697,21.580070576692776,2.308784796774032,0.5166666666666667,0.9795636564484949,0.41062365322500943,0.6950936548367521,断板,39.59714285714285,-0.013530135301352941,4107.903966836073,1.269932895591337,0.6891224783267373,0.3150703139446419,0.9781888459414688,0.40005611071200586,0.006320680173263418,874121871.0,-5.061071741562683,-1.508045313514661,1,SHSE.600259,2019-05-24,2019-05-24T09:30:00.000000,39.0,2019-05-27T11:30:00.000000,38.14,-2.9843702114618296,1.5,未涨停卖出
SHSE.600366,宁波韵升,2019-05-24,8.57,8.97,8.02,8.05,8.91,-0.09652076318742975,120376982.0,1008653248.0,9.8,8.02,false,false,11.5487,12.170186242922416,79.62365454050001,7962365454.050001,53.8309058525,false,false,false,,未涨停,未涨停,4天3板,11.82263894608333,8.79,8.432857142857143,-3.815937149270481,-4.540064374047091,837.9120586359276,true,6.0,0.5815665692664872,0.018766389988745667,0.24634022918517368,0.0027984625135252,0.6715764428872574,0.003612574649034091,0.006236281649221961,0.4409563613120615,24.955443841647117,2.3835293549525822,0.5333333333333333,0.9787351560342447,0.4192632176757838,0.6989991868550143,断板,8.234285714285715,-0.018722466960352402,912.3016567876929,8.206106870229002,0.6929263606155126,0.23857892455885019,0.9759801214798454,0.4098725997511799,0.005973571954459538,1189449102.0,-6.061773140083471,4.077029840388624,1,SHSE.600366,2019-05-24,2019-05-24T09:30:00.000000,8.57,2019-05-28T11:30:00.000000,8.66,0.24499435164823344,2.5,未涨停卖出
SHSE.600525,ST长园,2019-06-04,5.65,6.44,5.65,6.44,5.85,0.10085470085470094,150740038.0,938438598.0,6.44,5.27,false,false,12.701,11.544103727898172,85.2441388288,8409191978.88,66.73772032200002,true,false,false,,涨停,4天3板,2天2板,0.9106679263873736,5.912000000000001,5.725714285714284,-3.4188034188034067,12.475049900199638,622.5543063747934,false,4.93,0.13948675405626065,0.004352663041503148,0.47855156037464,-0.005598918874552853,0.13081388312947242,0.0019302562020101113,-0.0013498499683727637,0.30641729593741385,21.078332896728924,2.507645197055992,0.43333333333333335,0.4596907785753727,0.1724400543472993,0.316065416461336,断板,5.538571428571427,-0.07290015847860543,594.2597814611905,5.622904307454234,0.1461899503036996,0.5066811917712168,0.2923799006073992,0.0,-0.001968819112054669,754172361.0,-4.923735775832805,2.0118648439515274,1,SHSE.600525,2019-06-04,2019-06-04T09:30:00.000000,5.65,2019-06-05T11:30:00.000000,6.47,13.600817967069753,1.5,未涨停卖出
SHSE.601608,中信重工,2019-06-17,4.5,4.51,4.23,4.25,4.7,-0.09574468085106391,131211070.0,568756852.0,5.17,4.23,false,false,1.57415,3.0237011254399655,184.4253199525,18442531995.25,54.2711869625,false,false,false,,未涨停,未涨停,2天2板,1.018568649756888,4.385999999999999,4.191428571428571,-4.255319148936174,1.397409679618272,433.467124382112,true,3.67,0.12149472570849075,0.003459162359597737,0.7007437541682298,-0.0059448282049947305,0.3602007873075167,0.004655379158297823,-0.000883967883088471,0.48273105841806807,25.570581505977252,2.691244167203383,0.4166666666666667,0.7028145695364238,0.3935803936277862,0.548197481582105,炸板,4.14,0.060948081264108556,476.871522267662,13.52657004830919,0.5458760684154633,0.7118245572451957,0.6788079470198676,0.4129441898110591,-0.0009122252702024129,851570164.0,-5.634960573841797,8.69565217391306,1,SHSE.601608,2019-06-17,2019-06-17T09:30:00.000000,4.5,2019-06-18T11:30:00.000000,4.32,-4.764940239043815,1.5,未涨停卖出
SZSE.002041,登海种业,2019-06-03,9.42,10.71,9.37,10.71,9.74,0.09958932238193019,103767353.0,1086933915.0,10.71,8.77,false,false,13.4991,11.874567840158742,94.248,9359063551.53,35.39429083260001,true,false,false,,涨停,4天3板,2天2板,5.498496517430667,9.362,8.775714285714285,-3.2854209445585245,22.04134787563082,1047.4719491013711,false,6.02,0.32251186016073063,0.010691541342138932,0.5528348485096788,0.005819776072187481,0.6636570680580769,0.003819534361269658,0.006194056612902425,0.5400169167044085,19.62228445402995,2.2835820374047677,0.55,0.9803975704030922,0.42817438753513826,0.7042859789691152,炸板,8.34142857142857,0.010373443983402453,1004.7921954620634,16.7665696180853,0.7046672131808356,0.549351566135306,0.9729431253451132,0.4363913010165579,0.005688554209404185,1066544041.0,-6.249271814177238,12.930296283610222,1,SZSE.002041,2019-06-03,2019-06-03T09:30:00.000000,9.42,2019-06-05T11:30:00.000000,9.95,4.784682924353539,2.5,未涨停卖出
SZSE.002503,*ST搜特,2019-06-03,3.25,3.72,3.25,3.72,3.38,0.10059171597633143,263736942.0,959584164.0,3.72,3.04,false,false,37.954,13.221223391400406,115.04120073120001,7420655375.04,40.411008768,true,false,false,,涨停,5天4板,3天3板,4.175923000579037,3.308,3.0928571428571425,-3.8461538461538427,20.277136258660526,363.8413931408972,false,2.48,0.35412908673373117,0.011615866012332195,0.12385462163389363,-0.0020446204938624514,0.39217037407115574,0.0027067482523155987,0.002112887431229893,0.2504042403850398,23.396210893932466,2.878787795913685,0.55,0.890668139149641,0.0,0.4453340695748205,炸板,2.9200000000000004,-0.020289855072463836,362.5329524115671,15.753424657534229,0.40833793484262837,0.18197814559890885,0.8166758696852567,0.0,0.0012008782285588713,977746928.0,-10.352976787874901,11.301369863013688,1,SZSE.002503,2019-06-03,2019-06-03T09:30:00.000000,3.25,2019-06-04T11:30:00.000000,3.59,9.581366840330986,1.5,未涨停卖出
SZSE.002119,康强电子,2019-05-31,18.0,19.25,17.58,17.69,18.75,-0.05653333333333321,59680553.0,1090712805.0,20.63,16.88,false,false,3.75786,16.23945159705962,66.38773960000002,6501136915.0,39.6109006714,false,false,true,断板,断板,断板,9天8板,15.738003946447675,18.634,17.83142857142857,-4.0,-0.7931421246594998,1827.584950494678,false,10.28,0.8290008953375262,0.028734259256201666,0.36226100642387254,0.00558861707024719,0.6795915358488958,0.0052079648920760925,0.010103549853986756,0.5508081430341102,18.081292995597405,1.8195488390728705,0.55,0.9936499171728327,0.4201202513231807,0.7068850842480067,断板,17.39142857142857,-0.09594985535197675,1934.780518506203,7.811729916214895,0.7085283064049538,0.35224906930245664,0.9936481634907484,0.42340844931915916,0.010156856095983897,1552030647.0,-6.966191628302298,3.4992607195662995,1,SZSE.002119,2019-05-31,2019-05-31T09:30:00.000000,18.0,2019-06-03T11:30:00.000000,17.39,-4.158698539176621,1.5,未涨停卖出
SZSE.002002,ST鸿达,2019-06-18,5.84,6.01,5.56,5.75,5.99,-0.04006677796327218,172310087.0,996660318.0,6.59,5.39,false,false,10.733,6.758185043763526,148.8510428675,14660489374.5,72.9060279,false,false,false,,未涨停,未涨停,3天2板,4.248607285295638,5.938000000000001,5.675714285714286,-2.5041736227045135,1.3088346337779937,578.4108959332137,false,4.62,0.05347237966704862,0.003116742700477797,0.09183477186630064,-0.001889870928204881,0.6589165671872513,0.005947605394262439,0.0014626946942718506,0.25428683202273544,19.992454198662248,2.598615849426972,0.5333333333333333,0.9158620689655173,0.0,0.4579310344827586,断板,5.545714285714285,-0.07561728395061729,624.2962691795383,8.011334363730047,0.45502207505518766,0.09026760347476782,0.9100441501103753,0.0,0.001425013800365873,1576207407.0,-6.45467083000455,5.306543019062349,1,SZSE.002002,2019-06-18,2019-06-18T09:30:00.000000,5.84,2019-06-19T11:30:00.000000,5.91,0.3922665502374188,1.5,未涨停卖出
SHSE.600366,宁波韵升,2019-06-13,9.79,10.33,9.71,10.0,10.23,-0.022482893450635477,153392147.0,1524620517.0,11.25,9.21,false,false,11.5487,15.508039545232432,98.91137210000001,9891137210.0,66.8706905,false,false,true,断板,断板,断板,2天2板,14.931582371608817,9.685999999999998,9.295714285714284,-4.3010752688172165,7.57645612417398,993.9364868528766,false,6.0,0.36834695255389305,0.009112793828232888,0.5139860932820537,0.006120645269492577,0.7755302870020486,0.005095301225865797,0.006411471768152605,0.56332152325242,22.342857647793956,2.1235954605213996,0.5166666666666667,0.9897874689483853,0.4361282866608841,0.7129578778046347,炸板,9.052857142857144,-0.007759456838021372,1097.685392674749,13.00299826416284,0.7084779084368695,0.492307200221563,0.9900634833011317,0.42689233357260725,0.0065599396461390866,2833209225.0,-10.812332337369114,8.142654252800984,1,SHSE.600366,2019-06-13,2019-06-13T09:30:00.000000,9.79,2019-06-14T11:30:00.000000,9.77,-0.9994750314370715,1.5,未涨停卖出
SHSE.600531,豫光金铅,2019-06-13,5.71,5.88,5.53,5.65,5.9,-0.0423728813559322,117130050.0,665976435.0,6.49,5.31,false,false,10.1658,10.743484647106545,61.598708821,6159870882.1,36.94935551100001,false,false,false,,未涨停,未涨停,2天2板,8.386569525770351,5.644,5.340000000000001,-3.2203389830508535,5.805243445692875,568.5786311881537,false,4.1,0.6343434708620667,0.013190178922754155,0.03363001885973165,-0.0008667670796567025,0.3919737567896469,0.0029432103802739585,0.003087615358804667,0.26127583063917326,27.428777161648267,2.88073386196785,0.43333333333333335,0.9602539332045267,0.0,0.48012696660226334,断板,5.225714285714285,-0.010067114093959662,599.7429732463775,12.903225806451632,0.47626276566381454,0.07724821237928367,0.9525255313276291,0.0,0.00271996984959274,1188184168.0,-4.792548563060805,9.267359212684534,1,SHSE.600531,2019-06-13,2019-06-13T09:30:00.000000,5.71,2019-06-14T11:30:00.000000,5.92,2.8516407225737956,1.5,未涨停卖出
SZSE.002093,国脉科技,2019-06-13,10.28,10.59,10.0,10.26,10.58,-0.030245746691871522,65239370.0,668939402.0,11.64,9.52,false,false,12.1506,6.599920111464703,103.3695,10141879369.68,44.9963364384,false,false,false,,未涨停,未涨停,4天3板,7.2084821733890045,10.522,10.209999999999999,-2.8355387523629556,0.48971596474045753,1025.3615293955168,false,7.45,0.655473621809162,0.016300009282462904,0.09898550154463567,-0.0018893137782075016,0.3333348483114683,0.002275182223571474,0.0029978996344602726,0.2805879296275907,23.81203065920662,2.693181745649537,0.48333333333333334,0.9588738614407949,0.0,0.47943693072039745,断板,9.91,-0.03642987249544627,1086.504470428988,6.76084762865792,0.4747446867237096,0.12704594286945564,0.9494893734474192,0.0,0.002572501774972972,1036222858.0,-5.384650686792725,3.733602421796167,1,SZSE.002093,2019-06-13,2019-06-13T09:30:00.000000,10.28,2019-06-14T11:30:00.000000,10.35,-0.12130466461004055,1.5,未涨停卖出
SZSE.002312,川发龙蟒,2019-07-17,3.71,3.87,3.71,3.73,3.81,-0.02099737532808399,40420546.0,152112226.0,4.19,3.43,false,false,18.2032,2.997150438763291,51.4028216409,5030399363.01,50.3039936301,false,false,true,断板,断板,断板,2天2板,3.4273410459768554,3.6740000000000004,3.562857142857143,-2.624671916010501,4.6912590216519545,376.3240259050434,false,3.26,0.0011598703648013754,0.0003071508558634714,0.4460462213599772,-0.002739776217580978,0.0024476195012459703,0.00014278732145712317,-0.0012656217411806578,0.22398937060332266,30.040212860730826,3.1879193614589467,0.4,0.5229837599779796,0.0,0.2614918799889898,断板,3.5014285714285713,-0.037878787878787845,395.3712127159045,8.81272949816402,0.22784810126582278,0.5012175994825812,0.45569620253164556,0.0,-0.001597425162862713,328336929.0,-6.164134345667838,5.956752345981231,1,SZSE.002312,2019-07-17,2019-07-17T09:30:00.000000,3.71,2019-07-18T11:30:00.000000,3.66,-2.133782927588825,1.5,未涨停卖出
SHSE.603686,福龙马,2019-06-27,19.52,20.26,19.1,19.58,20.47,-0.0434782608695653,45922092.0,897704095.0,22.52,18.42,false,false,2.07768,15.467350279830253,58.545170189,5813242378.9,42.519990656,false,false,false,,未涨停,未涨停,4天4板,1.0515894310872944,21.009999999999998,19.965714285714284,-4.640937957987296,-1.9318832283915306,1954.84146279747,false,10.97,0.8050225621141072,0.033710519031751644,0.07362014013101992,0.0029494425453357688,0.30099360680365994,0.0028840346901260346,0.009082035486056024,0.28811266452942935,24.082049988958513,1.8291760814315488,0.5166666666666667,0.9955922865013774,0.0,0.4977961432506887,断板,19.315714285714286,-0.09982409850483731,2062.1410944075983,5.975889357296051,0.49779553596031967,0.04564195268533633,0.9955910719206393,0.0,0.008875602681970187,885720759.0,-5.341103705575446,1.0576140817986746,1,SHSE.603686,2019-06-27,2019-06-27T09:30:00.000000,19.52,2019-06-28T11:30:00.000000,19.76,0.4228985696558137,1.5,未涨停卖出
SHSE.600546,山煤国际,2020-01-13,9.98,10.86,9.91,10.56,10.4,0.01538461538461533,91390323.0,949892725.0,11.44,9.36,false,false,8.11275,4.609954346833621,209.34736838400002,20934736838.4,82.83791556480001,false,false,false,,未涨停,未涨停,3天3板,1.087458055944683,10.016000000000002,9.422857142857142,-4.038461538461537,12.067919951485768,1039.3799844650948,false,5.78,0.7787585263107817,0.034247144330012864,0.19893751929803405,0.00410669548235057,0.010095914387803169,0.00034873061753559965,0.009007395792438538,0.2582492392275143,29.785076473631605,2.131115414466053,0.5333333333333333,0.9798033483922403,0.0,0.48990167419612013,炸板,8.928571428571429,0.05050505050505061,1047.9000072266097,16.48,0.4864433811802233,0.15540794101046718,0.9728867623604466,0.0,0.00783078340445674,1508639886.0,-4.761905418693124,11.776000000000009,1,SHSE.600546,2020-01-13,2020-01-13T09:30:00.000000,9.98,2020-01-14T11:30:00.000000,10.75,6.85714057597264,1.5,未涨停卖出
SZSE.002537,海联金汇,2019-09-17,9.4,10.76,9.21,10.08,9.78,0.030674846625766916,114903143.0,1141646387.0,10.76,8.8,false,false,6.88648,9.615308852724255,125.34835209120001,12045621198.24,48.630396427200004,false,true,false,,炸板,8天3板,6天3板,5.367488503909351,9.175999999999998,8.671428571428573,-3.885480572597127,16.24382207578252,993.5728102755205,false,6.16,0.6866027575350827,0.021485899276414786,0.02116126519110383,0.0009141085143676528,0.6142584605365633,-0.005731945882346691,0.0030346503477627768,0.33217872226353745,27.55758116088441,2.3391303800672985,0.5,0.9009229098805646,0.1855475120745816,0.5432352109775731,炸板,8.274285714285714,0.055016181229773364,992.4486459873934,18.197513812154693,0.4930159652457236,0.0000614649568456271,0.8183546022264458,0.16767732826500134,0.001748758175171506,1243069936.0,-5.2847717813360395,13.604972375690604,1,SZSE.002537,2019-09-17,2019-09-17T09:30:00.000000,9.4,2019-09-18T11:30:00.000000,9.93,4.79655844706281,1.5,未涨停卖出
SHSE.601200,上海环境,2019-06-25,14.2,14.6,13.52,13.9,14.84,-0.06334231805929913,99640610.0,1399467536.0,16.32,13.36,false,false,1.31418,11.400127216357399,126.94967981100001,12149026521.5,57.637199151000004,false,false,true,断板,断板,断板,3天3板,3.6480746668522284,13.434000000000003,12.642857142857142,-4.312668463611864,9.943502824858765,1404.5152232608773,false,9.89,0.6295323234930125,0.017876072228746324,0.5007406973806371,-0.008240585564673799,0.1941565854410546,-0.0019973534671707755,-0.0011442843767388673,0.43452378902123745,33.562470022047734,2.4651851244138068,0.45,0.6047409040793826,0.4331756971791516,0.5189583006292671,炸板,12.2,0.05622775800711732,1515.1409479933072,21.639344262295086,0.4589347560010939,0.5554488284706363,0.45893054024255786,0.45893897175963,-0.0018683567663837402,2253110089.0,-6.279346361756932,16.393442622950815,1,SHSE.601200,2019-06-25,2019-06-25T09:30:00.000000,14.2,2019-06-26T11:30:00.000000,13.96,-2.4734863363447506,1.5,未涨停卖出
SZSE.002183,怡亚通,2019-08-26,4.47,4.55,4.36,4.49,4.64,-0.032327586206896464,37920266.0,169404203.0,5.1,4.18,false,false,14.8873,1.7883803595104317,95.30913207310002,9520457627.18,60.746812121800005,false,false,true,断板,断板,断板,4天2板,2.0970084538797074,4.494,4.385714285714285,-3.663793103448275,2.3778501628664657,446.7379079039161,false,3.78,0.03880814950405793,0.0022153118194751576,0.5531007670173147,-0.002852320587782587,0.7840771493296415,-0.003773523197552822,-0.0021151548892621086,0.5195351582083614,40.002787019767254,3.5890409670782546,0.4166666666666667,0.37068262170247485,0.42246396143057113,0.396573291566523,断板,4.301428571428572,-0.019027484143763318,479.7824867843887,7.871139156426425,0.3662548425672093,0.5829740917396755,0.3001360544217687,0.43237363071264984,-0.0025616309607443236,382231725.0,-6.832781038779546,3.9189637994021753,1,SZSE.002183,2019-08-26,2019-08-26T09:30:00.000000,4.47,2019-08-27T11:30:00.000000,4.57,1.422497927752113,1.5,未涨停卖出
SHSE.600105,永鼎股份,2019-11-27,4.39,4.76,4.2,4.6,4.53,0.015452538631346435,128309770.0,572600275.0,4.98,4.08,false,false,11.0099,10.361978449985763,57.28885402,5696064172.0,35.943414358,false,false,true,断板,断板,断板,2天2板,4.329141732850548,4.228,4.077142857142857,-3.090507726269328,12.82410651716887,446.2639711691479,false,3.53,0.054322301938089367,0.0030897586414313457,0.3252917470481342,-0.0022562602466687995,0.552058654819808,-0.001978799067042899,-0.001103818115161,0.33912793035762734,36.49762107655104,3.715384477343791,0.5,0.5577283686043397,0.24649391896874825,0.402111143786544,炸板,3.9371428571428573,0.031890660592255315,470.9061544066239,15.058055152394779,0.31261816585230773,0.41466622784608653,0.3409212640599893,0.2843150676446261,-0.0019552290435523485,724910443.0,-6.775480445106529,11.502177068214792,1,SHSE.600105,2019-11-27,2019-11-27T09:30:00.000000,4.39,2019-11-28T11:30:00.000000,4.39,-0.7968127490039899,1.5,未涨停卖出
SHSE.601872,招商轮船,2019-10-16,6.74,7.28,6.43,6.59,7.0,-0.05857142857142861,278192752.0,1897547327.0,7.7,6.3,false,false,1.22917,5.249456569343669,399.7897740963,34923428958.08,120.5018066592,false,false,true,断板,断板,断板,3天3板,2.6391939838143714,6.5699999999999985,6.177142857142857,-3.714285714285711,6.683626271970397,682.0980465371722,false,4.58,0.66897607076478,0.02115101500560028,0.6239237881737104,0.0066770537251992276,0.23050799898448412,0.0017534074475474971,0.00809475209798392,0.5149095079351564,30.71489478084782,2.0837988392593876,0.5,0.9899783315276273,0.4091183804368058,0.6995483559822165,断板,5.917142857142857,-0.005681818181818232,715.1785208800227,18.300338000965716,0.6924486547294265,0.6032650407690547,0.9878147847278635,0.3970825247309895,0.00739282385801973,2338393685.0,-5.757796085563749,13.906325446644141,1,SHSE.601872,2019-10-16,2019-10-16T09:30:00.000000,6.74,2019-10-17T11:30:00.000000,6.31,-7.125799472732232,1.5,未涨停卖出
SHSE.600079,ST人福,2020-02-10,15.42,15.44,14.79,15.21,15.89,-0.04279421019509122,60784082.0,921529792.0,17.48,14.3,false,false,12.487,4.726420149591463,205.89842433420003,19560806233.02,143.40827074860002,false,false,true,断板,断板,断板,2天2板,5.717522112698372,15.831999999999999,15.370000000000001,-2.9578351164254286,-1.040988939492519,1516.0709213310156,false,12.42,0.18841732495014532,0.003680474370040429,0.45217094658805423,0.0031705809180797395,0.7519273055105763,0.002795796549471367,0.0031601242978893654,0.48934712993722906,32.51965350485918,2.9283438632926058,0.5,0.8555173326276793,0.4597431060149741,0.6576302193213267,断板,15.365714285714287,-0.09561752988047811,1681.066409143936,3.4120490888806225,0.6615998193458305,0.41986451811976555,0.8613022763366861,0.46189736235497486,0.0032607189428413294,1920576682.0,-8.272511328969689,0.3532911863146193,1,SHSE.600079,2020-02-10,2020-02-10T09:30:00.000000,15.42,2020-02-11T11:30:00.000000,14.78,-4.914195358643249,1.5,未涨停卖出
SHSE.600664,哈药股份,2020-02-10,5.89,5.9,5.45,5.45,6.06,-0.1006600660066006,55842600.0,308621311.0,6.67,5.45,false,false,9.56457,2.22750700778812,136.632539642,13662905164.2,68.352409316,false,false,true,断板,断板,断板,4天4板,4.009776848909119,5.552,5.1814285714285715,-2.8052805280528044,5.1833471188309925,552.66286132809,true,3.61,0.6873645479312485,0.025694899269073396,0.29794687062605996,0.0042606006999089535,0.010722103371446419,0.0003007804071470374,0.007359514325913268,0.2896629759107136,29.276627364148016,2.1622516088758172,0.4666666666666667,0.9542206933051072,0.0,0.4771103466525536,炸板,4.968571428571429,0.02020202020202011,620.8019860673612,21.966647498562377,0.47419269454737956,0.24913652269768347,0.9483853890947591,0.0,0.0066091106113888454,2401205645.0,-5.122726212398188,18.545140885566404,1,SHSE.600664,2020-02-10,2020-02-10T09:30:00.000000,5.89,2020-02-12T11:30:00.000000,4.93,-16.965753285668868,2.5,止损卖出
SZSE.002589,瑞康医药,2020-02-10,7.81,7.81,7.26,7.42,8.02,-0.07481296758104738,105475520.0,787357648.0,8.82,7.22,false,false,9.43565,9.072126720251886,111.6495169482,8626735301.8,68.6998183746,false,false,true,断板,断板,断板,2天2板,13.091064290385274,7.733999999999999,7.447142857142858,-2.618453865336658,-0.3644734318051204,746.4837793641595,true,6.3,0.06590490560922803,0.002342272495276631,0.010154990125589989,-0.0002261300214494004,0.13250225037217392,-0.0006795459599424507,0.00015152570034789086,0.05800915129629277,34.370894218072394,3.2105262127146847,0.48333333333333334,0.67160624503837,0.0,0.335803122519185,断板,7.421428571428572,-0.05535924617196708,847.5574396418284,8.065447545717026,0.32424563260984646,0.014968358069443641,0.6484912652196929,0.0,5.337440640442977e-6,1739994334.0,-7.852852978313207,5.2358036573628475,1,SZSE.002589,2020-02-10,2020-02-10T09:30:00.000000,7.81,2020-02-11T11:30:00.000000,7.19,-8.67209778045307,1.5,未涨停卖出
SZSE.002635,安洁科技,2020-02-10,28.03,29.7,27.25,29.37,29.2,0.005821917808219279,64949612.0,1866477605.0,32.12,26.28,false,false,4.74588,17.91420081413923,202.4209978527,10648368432.57,78.89203694460001,false,false,true,断板,断板,断板,6天4板,11.591602328903415,29.461999999999996,28.04,-4.006849315068487,4.743223965763202,2873.7317245251597,false,16.38,0.7410243888999752,0.021949661556782116,0.7653484225706099,0.011687844971750481,0.5778013115514146,0.005005979372692911,0.011735648609039537,0.7042194825307243,24.00253276410167,1.770742326723318,0.6333333333333333,0.9867689865043663,0.45045858785400084,0.7186137871791836,断板,27.27142857142857,-0.09987669543773114,2982.5068339237473,7.071765322158206,0.7177173609598408,0.7525207741604428,0.986500794070937,0.44893392784874464,0.011507532638369643,2895953054.0,-6.0186562485622375,2.781561026715562,1,SZSE.002635,2020-02-10,2020-02-10T09:30:00.000000,28.03,2020-02-11T11:30:00.000000,27.83,-1.5046485481548844,1.5,未涨停卖出
SZSE.002261,拓维信息,2020-01-06,8.66,9.57,8.66,9.26,8.92,0.03811659192825112,152303988.0,1384050383.0,9.81,8.03,false,false,10.139,17.323548096967873,101.9310125324,8141143609.76,63.252530631,false,false,true,断板,断板,断板,8天4板,20.081494274343058,8.826,8.857142857142856,-2.9147982062780247,4.548387096774206,908.7420501425084,false,5.15,0.901443357270731,0.03318998239876791,0.24478495024786703,0.0052156410569671125,0.20250813728760506,0.0018854672669479414,0.00981145718832152,0.36343358776436124,25.42237691445499,2.0662525452977216,0.55,0.986709197235513,0.2906963695555665,0.6387027833955398,断板,8.684285714285712,-0.020856201975850697,945.3310233820816,2.7142622141799855,0.6200681737868013,0.20103398921732363,0.9874966746475127,0.25263967292609,0.009273701177128627,1982601520.0,-8.39187770419948,-0.27965125843063543,1,SZSE.002261,2020-01-06,2020-01-06T09:30:00.000000,8.66,2020-01-07T11:30:00.000000,9.02,3.3271072752868474,1.5,未涨停卖出
SHSE.600636,退市国化,2020-02-12,14.18,15.98,14.18,15.32,14.58,0.05075445816186552,51462621.0,769310055.0,16.04,13.12,false,false,10.132,11.51451641768166,68.470730782,6847073078.2,39.81480713,false,false,false,,未涨停,未涨停,4天4板,1.3780965217642904,14.614,13.73857142857143,-2.7434842249657088,11.510866174482683,1494.8909325858083,false,9.25,0.6776956298484232,0.022507757102976228,0.5528644843950157,0.006187734868628915,0.15467434802966104,0.0012298941644611296,0.007964387104248042,0.4583736725760908,29.89241382583473,2.1749346785451547,0.55,0.9563838223632039,0.3940259445013091,0.6752048834322565,断板,12.978571428571428,-0.042049934296977676,1562.9785923729962,12.339020363236111,0.6610797870844625,0.5394083910467656,0.9463104998677598,0.37584907430116504,0.006866005649266086,962993530.0,-9.275788745953461,9.257017061089723,1,SHSE.600636,2020-02-12,2020-02-12T09:30:00.000000,14.18,2020-02-13T11:30:00.000000,14.92,4.380222410780012,1.5,未涨停卖出
SZSE.002966,苏州银行,2019-08-08,12.45,12.83,11.8,12.05,13.01,-0.07378939277478858,112025790.0,1369081068.0,14.31,11.71,false,false,1.0,33.607736932784526,401.6666667470001,4016666674.7000003,40.166666747,false,false,true,断板,断板,断板,3天3板,0.49221899901556204,12.506,12.506,-4.304381245196007,-3.64624980009595,1222.112397511323,true,9.43,,,,,,,0.0,0.0,,,,0.7970027247956403,0.0,0.39850136239782014,炸板,12.62,-0.05036496350364961,1346.3013454518182,3.0903328050713204,0.3924482006543075,,0.784896401308615,0.0,0.0,2105558625.0,-7.52441834764872,-1.347068145800312,1,SZSE.002966,2019-08-08,2019-08-08T09:30:00.000000,12.45,2019-08-09T11:30:00.000000,11.49,-8.446215139442227,1.5,未涨停卖出
SZSE.002280,ST联络,2019-11-06,3.98,4.03,3.83,3.88,4.15,-0.06506024096385554,159501303.0,623925281.0,4.57,3.74,false,false,13.5192,9.047017481916718,84.47340739,6840542276.8,50.546191525999994,false,false,false,,未涨停,未涨停,2天2板,8.800004499081908,3.965999999999999,3.8299999999999996,-4.096385542168683,1.3054830287206336,391.1725291673636,false,3.19,0.7118310802758405,0.011730005285318893,0.2644370025797305,0.0019820024425233076,0.2825213001518627,-0.0012176275818336405,0.0029717140037753406,0.3593411073905922,31.558118162665693,3.11111101432099,0.48333333333333334,0.9101425881086898,0.31477202326463055,0.6124573056866601,断板,3.7914285714285714,0.02977667493796532,419.0744994365953,9.457422758100991,0.6086931680564178,0.24934999905921415,0.8978987068965517,0.3194876292162838,0.002793713571803616,1011453235.0,-5.028819330435985,4.973624717407699,1,SZSE.002280,2019-11-06,2019-11-06T09:30:00.000000,3.98,2019-11-07T11:30:00.000000,3.91,-2.541592424272752,1.5,未涨停卖出
SZSE.002166,莱茵生物,2020-02-05,11.06,11.98,11.06,11.68,11.63,0.004299226139294898,80126476.0,918525195.0,12.79,10.47,false,false,7.12448,18.063404115053736,66.017081632,5181067941.12,41.5954043216,false,false,true,断板,断板,断板,5天3板,8.96466117947868,11.214000000000002,10.739999999999998,-4.901117798796219,8.752327746741168,1146.344180917179,false,7.11,0.6805757557160953,0.02183037507494745,0.5205742656415243,0.006429113230696708,0.16928988268231593,0.0014299837916190367,0.008009626767823555,0.44718924876867605,33.04394484201571,2.1525423265469703,0.5666666666666667,0.9692796610169492,0.4109975191969961,0.6901385901069726,断板,10.252857142857142,-0.024328859060402608,1167.9100406631203,13.43179601504809,0.6800162298167091,0.492843386692932,0.9631788079470198,0.3968536516863983,0.007310522415670546,1086765181.0,-5.300925457235451,7.872370071060342,1,SZSE.002166,2020-02-05,2020-02-05T09:30:00.000000,11.06,2020-02-06T11:30:00.000000,12.08,8.35212495407161,1.5,未涨停卖出
SHSE.603588,高能环境,2020-02-11,11.51,11.53,11.0,11.04,12.05,-0.08381742738589226,53357401.0,599761388.0,13.26,10.85,false,false,4.05013,7.97945893310284,74.44945980959999,7382276316.959999,51.4562066112,false,false,true,断板,断板,断板,2天2板,7.048577781416299,10.948,10.497142857142858,-4.481327800829884,5.171475231355452,1124.0453559572738,false,9.22,0.12258356244332463,0.003801121633014864,0.4145259833998359,0.002494281942154878,0.05507398112431472,0.0003567846160121218,0.0021144006824840482,0.24830189852587728,34.77205555200728,3.3946665514290535,0.5833333333333334,0.8085162655382174,0.0,0.4042581327691087,炸板,10.4,0.04148660328435616,1226.0520257691132,15.865384615384617,0.4011643291876158,0.358342744027903,0.8023286583752316,0.0,0.001987326499392643,1160108744.0,-6.121438910557853,10.673076923076907,1,SHSE.603588,2020-02-11,2020-02-11T09:30:00.000000,11.51,2020-02-12T11:30:00.000000,11.11,-4.2443605248856775,1.5,未涨停卖出
SZSE.002411,必康退,2020-02-11,13.78,14.21,13.12,13.53,14.34,-0.05648535564853563,85017162.0,1154490038.0,15.77,12.91,false,false,4.16382,5.960027929783017,207.3180128877,19299946500.45,52.5223443162,false,false,false,,未涨停,未涨停,2天2板,9.52514675420026,14.75,14.218571428571432,-3.905160390516042,-4.8427609765899975,1357.9493961466274,false,11.41,0.47534924783445703,-0.021978234431432223,0.009185941242219093,-0.0006043689822012431,0.09033697085623628,-0.0007075782417987091,-0.00491010484992668,0.12676391144487184,21.85018614332509,1.852128419766404,0.38333333333333336,0.03306003702724147,0.0,0.016530018513620737,断板,14.055714285714288,-0.09981167608286257,1459.2238227058815,2.022563268624844,0.029637470230219634,0.0028531143298234445,0.05927494046043927,0.0,-0.0041567467488216915,1288894419.0,-5.566234695597682,-1.9615814615306593,1,SZSE.002411,2020-02-11,2020-02-11T09:30:00.000000,13.78,2020-02-12T11:30:00.000000,13.6,-2.0926453836323766,1.5,未涨停卖出
SZSE.002467,二六三,2020-02-11,8.78,9.03,8.32,8.32,9.24,-0.09956709956709953,322518479.0,2722961040.0,10.16,8.32,false,false,11.0519,27.948938860783105,112.64306168960002,9600914577.28,91.4664202816,false,false,true,断板,断板,断板,4天4板,12.195924962929201,8.61,8.05857142857143,-4.978354978354988,3.244105655025695,844.2806280256581,true,5.28,0.6969734534597345,0.026279026888717135,0.47477792486449566,0.0062869409991421895,0.09992236674372257,0.0010973222785515158,0.008728472560879977,0.40676036314731145,29.189270205749686,1.9902912225233298,0.5166666666666667,0.9666754826765406,0.35087457191034155,0.6587750272934411,炸板,7.742857142857143,-0.008583690987124526,952.9666382002173,19.335793357933582,0.6514251046618055,0.43587734190288724,0.9624239216724001,0.3404262876512108,0.008037113198244138,4971734084.0,-7.866659250716279,13.394833948339468,1,SZSE.002467,2020-02-11,2020-02-11T09:30:00.000000,8.78,2020-02-12T11:30:00.000000,8.41,-4.9773570864605325,1.5,未涨停卖出
SZSE.002672,东江环保,2020-02-11,10.05,10.15,9.54,9.64,10.42,-0.07485604606525909,31271360.0,303878051.0,11.46,9.38,false,false,5.99486,4.735082727117811,65.4680936328,6366433867.64,38.22584492040001,false,false,true,断板,断板,断板,2天1板,6.41484515398556,9.632000000000001,9.254285714285714,-3.5508637236084377,4.167953071935787,971.7455556777832,false,8.11,0.005868767027139268,0.0007315412448596102,0.04220520537309739,0.0005142053729064138,0.4343335136675173,-0.0010992479596190446,0.00007363654753941555,0.15257641019223175,36.399195925711425,3.5746030468253,0.5166666666666667,0.6696641100238032,0.0,0.3348320550119016,炸板,9.178571428571429,0.017578125,1066.2635676837451,13.52529182879377,0.32495369145276526,0.020759305602248406,0.6499073829055305,0.0,-0.00002519325526318479,617428385.0,-5.74563077465251,9.494163424124524,1,SZSE.002672,2020-02-11,2020-02-11T09:30:00.000000,10.05,2020-02-12T11:30:00.000000,9.52,-6.028423618957016,1.5,未涨停卖出
SHSE.601519,大智慧,2020-02-25,8.98,9.38,8.58,9.25,9.41,-0.01700318809776835,166960150.0,1511387063.0,10.35,8.47,false,false,2.90832,8.399665442471198,183.86225000000002,18386225000.0,73.8460282925,false,false,false,,未涨停,未涨停,5天3板,10.338408512350957,9.311999999999998,9.09,-4.569606801275236,1.7601760176017618,905.2382038468461,false,6.28,0.5463174747588491,0.015875555149267688,0.09910566998426494,0.001594416988107972,0.0067812109502355,0.0002443669821541022,0.0040456296185537545,0.16085069322897294,27.160880320399556,2.505995141036813,0.5333333333333333,0.7916666666666666,0.0,0.3958333333333333,断板,8.884285714285713,-0.028895768833849256,944.8260539493308,5.917350056279156,0.39016350210970463,0.09158621391800097,0.7803270042194093,0.0,0.0034138519686427006,1589102600.0,-4.95605024370358,1.0773436243769252,1,SHSE.601519,2020-02-25,2020-02-25T09:30:00.000000,8.98,2020-02-26T11:30:00.000000,9.04,-0.1339852172601626,1.5,未涨停卖出
SHSE.603026,石大胜华,2020-02-25,41.68,42.25,39.13,41.42,43.48,-0.04737810487580485,28307270.0,1155833799.0,47.83,39.13,false,false,1.06501,13.96648411288731,83.950056,8395005600.0,53.194453459200005,false,false,true,断板,断板,断板,3天1板,15.98139925004934,42.172000000000004,40.30142857142857,-4.139834406623729,2.7755130977278357,4083.169443750669,true,27.9,0.5061259896150486,0.01358015280847811,0.06486306488182243,0.0010505630050033892,0.23591155750052953,0.001103727281085225,0.0035724302485228843,0.20443019761407982,29.587993623744758,2.4872067611657425,0.45,0.7634493670886076,0.0,0.3817246835443038,断板,39.24142857142857,-0.047744196233026726,4381.910499539284,10.801266882667727,0.3714398734177215,0.03570034118434014,0.742879746835443,0.0,0.0028371099234563296,1465515813.0,-4.881672036929419,6.214277913284061,1,SHSE.603026,2020-02-25,2020-02-25T09:30:00.000000,41.68,2020-02-26T11:30:00.000000,39.52,-5.937860840706266,1.5,未涨停卖出
SZSE.002002,ST鸿达,2020-02-25,5.14,5.33,4.96,5.25,5.37,-0.022346368715083775,178034397.0,913041250.0,5.91,4.83,false,false,10.733,6.98213150783172,135.9074739225,13386751355.25,66.5772447375,false,false,false,,未涨停,未涨停,5天3板,8.696774412288006,5.1899999999999995,5.081428571428572,-4.283054003724403,3.3174023053134576,512.8454194163389,false,3.27,0.7587621451922305,0.01748229439162411,0.45313057040328947,0.003325457491803491,0.0068725318546121955,-0.00019948907359291127,0.005099340902148694,0.3803794737964745,27.43940323225984,2.362499944185939,0.55,0.8446729957805907,0.351087238013402,0.5978801168969964,断板,4.974285714285714,-0.0018587360594795044,544.1789182686234,7.955198161975879,0.5903489791294991,0.434221214726496,0.8364978902953587,0.34420006796363944,0.004573027921386291,944147637.0,-5.545771299748548,3.3314187248707494,1,SZSE.002002,2020-02-25,2020-02-25T09:30:00.000000,5.14,2020-02-26T11:30:00.000000,5.13,-0.9898150588308254,1.5,未涨停卖出
SHSE.600839,四川长虹,2020-02-27,3.44,3.59,3.21,3.26,3.57,-0.08683473389355745,453522267.0,1517012305.0,3.93,3.21,false,false,26.32,9.828578329792474,150.48956163719998,15042690212.259998,115.4903375466,false,false,true,断板,断板,断板,3天3板,2.31916593231666,3.4299999999999997,3.2385714285714284,-3.6414565826330505,0.6616674018526664,334.49566104766365,true,2.14,0.7089729771177042,0.021899514128272766,0.010763327074008275,0.0005377583387800836,0.026881720589185407,0.00034056055200133115,0.004750950160644994,0.1552407751373006,28.48914084251847,2.1204188032057796,0.5,0.8081686429512517,0.0,0.40408432147562584,断板,3.1614285714285715,-0.05305039787798416,386.01855607950284,12.923633077270665,0.3923299947285187,0.005292238018371549,0.7846599894570374,0.0,0.004180746778077216,3110149997.0,-10.885113012766379,8.811568007229997,1,SHSE.600839,2020-02-27,2020-02-27T09:30:00.000000,3.44,2020-02-28T11:30:00.000000,3.08,-11.178541647364025,1.5,止损卖出
SZSE.002194,武汉凡谷,2020-02-27,22.63,24.12,22.0,23.57,23.37,0.008557980316645342,34509233.0,800411635.0,25.71,21.03,false,false,3.03599,9.284439050794568,133.0926534754,8760708292.23,69.5770928652,false,false,false,,未涨停,未涨停,2天1板,6.641693203574185,23.817999999999998,22.842857142857145,-3.166452717158759,3.18323952470293,2319.4129959364786,false,14.83,0.7696680735121952,0.022831900154537906,0.030139119116431797,0.000909213941820135,0.18159145534250234,-0.0011746185322195804,0.004668601442151775,0.22348061086340565,25.75965032033822,2.2589133615367705,0.5833333333333334,0.8010540184453228,0.0,0.4005270092226614,断板,22.235714285714288,-0.10011551790527529,2389.9213085509814,5.101188564086087,0.3820506062203479,0.01655536503505845,0.7641012124406958,0.0,0.0038713243726963063,1311796331.0,-5.310689858149953,1.7732091230324265,1,SZSE.002194,2020-02-27,2020-02-27T09:30:00.000000,22.63,2020-02-28T09:30:00.000000,21.8,-4.4352858121205045,1.0,大幅低开卖出
SHSE.600160,巨化股份,2020-02-28,8.08,8.64,8.06,8.25,8.49,-0.028268551236749095,115638738.0,968006921.0,9.34,7.64,false,false,10.3094,4.212449580869679,226.4762034975,22647620349.75,84.88905612,false,false,false,,未涨停,未涨停,5天2板,9.039726220165992,8.798,8.495714285714286,-4.8292108362779755,-2.8922145619640136,837.095715278387,false,6.02,0.7332290168156149,0.019385493463571733,0.24584609764717558,0.002436099752383326,0.0049854527877059894,0.00013376320147426193,0.005135277529348288,0.2710644880230226,29.013369500749132,2.5968169086927384,0.5333333333333333,0.8382081686429512,0.0,0.4191040843214756,断板,8.418571428571429,-0.046067415730337125,860.7885651686785,0.8484642796538235,0.4064558629776021,0.22517597173958023,0.8129117259552042,0.0,0.004828152499646667,1015834318.0,-6.132582065415104,-4.0217206855591385,1,SHSE.600160,2020-02-28,2020-02-28T09:30:00.000000,8.08,2020-03-02T11:30:00.000000,8.34,2.395369018973599,1.5,未涨停卖出
SHSE.600210,紫江企业,2020-02-28,4.7,4.83,4.45,4.49,4.94,-0.09109311740890691,146508710.0,664160607.0,5.43,4.45,false,false,7.51245,9.659472362892004,68.1014534942,6810145349.42,48.990398486100005,false,false,true,断板,断板,断板,4天4板,6.099945597789329,4.890000000000001,4.618571428571428,-4.8582995951417045,-2.783792143519941,453.3249982202423,true,3.17,0.6902876183148485,0.02333806724737189,0.21557158441262575,0.002784289185790134,0.11356466900142606,0.0007867579458738971,0.006295785426131614,0.2799127165697104,27.229726773777752,2.174074026808094,0.5166666666666667,0.8864295125164691,0.0,0.44321475625823453,断板,4.497142857142857,-0.10018214936247716,519.9294208523798,9.847522236340538,0.430961791831357,0.19513453926644272,0.861923583662714,0.0,0.005846226943709549,956015746.0,-9.603115124842287,4.510800508259205,1,SHSE.600210,2020-02-28,2020-02-28T09:30:00.000000,4.7,2020-03-02T11:30:00.000000,4.6,-2.9075188607273277,1.5,未涨停卖出
SZSE.002429,兆驰股份,2020-02-28,5.74,5.83,5.36,5.36,5.96,-0.10067114093959728,256610864.0,1423986037.0,6.56,5.36,false,false,8.96372,5.7071544053804875,242.64401653520002,24100175557.600002,84.7539787056,false,false,false,,未涨停,未涨停,4天4板,7.680352809503193,5.99,5.734285714285714,-3.691275167785231,-6.527154957648221,554.9204015773861,true,3.5,0.7633726764795498,0.025512088590593722,0.7642891359013223,0.010573159267863199,0.6163398900551611,0.005059348483916518,0.011906801897225299,0.7197210702631194,22.888470877465025,1.6958637181990994,0.55,0.9749670619235836,0.44789044737486444,0.7114287546492241,断板,5.598571428571428,-0.053968253968254,605.2695227268334,6.455728502168934,0.7102953806821716,0.7574521405246263,0.9736495388669302,0.446941222497413,0.01203417256518437,2020202572.0,-5.166214645330136,2.526154631283517,1,SZSE.002429,2020-02-28,2020-02-28T09:30:00.000000,5.74,2020-03-02T11:30:00.000000,5.48,-5.290336910198927,1.5,未涨停卖出
SZSE.002463,沪电股份,2020-02-28,26.5,27.44,25.38,26.1,27.8,-0.0611510791366906,133894488.0,3537621876.0,30.58,25.02,false,false,2.75024,7.930791648714565,450.15123174300004,44064278720.100006,289.89816481800005,false,false,false,,未涨停,未涨停,2天2板,10.69142628437266,28.3,27.358571428571427,-4.676258992805757,-4.60028196960993,2642.0967202174893,false,19.41,0.8032004937476134,0.018354028095974903,0.1807950040156869,0.0019041179269063792,0.042830110060102435,-0.0005189588981249686,0.0044671769132106805,0.26388663377539684,27.449540321552853,2.6081192360367913,0.6,0.797364953886693,0.0,0.3986824769433465,断板,27.09857142857143,-0.03472222222222221,2851.027408412281,2.5884337603458296,0.38735177865612647,0.1802374108541249,0.7747035573122529,0.0,0.004259717581885562,4136826600.0,-7.051051414627829,-2.2088670989509174,1,SZSE.002463,2020-02-28,2020-02-28T09:30:00.000000,26.5,2020-03-03T11:30:00.000000,29.13,9.04863564609485,2.5,未涨停卖出
SHSE.600804,退市鹏博,2020-02-14,6.32,6.54,6.15,6.19,6.5,-0.04769230769230759,97613585.0,616010768.0,7.15,5.85,false,false,8.07026,6.814888080283852,88.66520710810002,8866295147.210001,76.9797954884,false,false,true,断板,断板,断板,6天4板,10.134846336609517,6.432,6.268571428571428,-2.7692307692307647,-1.2534184138559523,631.070734672843,false,4.4,0.02794372883274645,-0.0029211143933465947,0.002536652053047916,-0.00018501656063291515,0.46790060956607066,-0.0016154581415431149,-0.001161368601448711,0.14722725466289446,26.35619154797464,2.7187499260839862,0.5333333333333333,0.5328929986789961,0.0,0.26644649933949804,断板,6.1085714285714285,-0.06474820143884896,666.6988970420144,6.407857811038355,0.24253632760898283,0.0012615763882545146,0.48507265521796566,0.0,-0.0014707376443445852,970870255.0,-5.204582937809732,3.4611786716557624,1,SHSE.600804,2020-02-14,2020-02-14T09:30:00.000000,6.32,2020-02-17T11:30:00.000000,6.2,-2.680417570225431,1.5,未涨停卖出
SHSE.601519,大智慧,2020-02-24,9.37,9.74,9.12,9.41,9.69,-0.028895768833849256,168189964.0,1589102600.0,10.66,8.72,false,false,2.90832,8.46153665039996,187.04257,18704257000.0,75.1233649981,false,false,true,断板,断板,断板,5天3板,9.63094911203904,9.157999999999998,8.884285714285713,-3.3023735810113553,5.917350056279156,944.8260539493308,false,6.28,0.3945154694253617,0.012911840714313647,0.09158621391800097,0.001514793515363312,0.006874605885167851,0.00024695689366104897,0.0034138519686427006,0.1267585826096232,27.206331617327923,2.505995141036813,0.5333333333333333,0.7803270042194093,0.0,0.39016350210970463,断板,8.554285714285713,0.01572327044025168,991.7953017444083,13.276553106212429,0.3797151147454497,0.07891159865627567,0.7594302294908994,0.0,0.0026520030404597827,2409393171.0,-5.524859983509945,9.535738142952566,1,SHSE.601519,2020-02-24,2020-02-24T09:30:00.000000,9.37,2020-02-25T11:30:00.000000,8.76,-7.255077874202219,1.5,未涨停卖出
SHSE.600512,腾达建设,2020-03-06,3.9,4.14,3.82,3.92,4.01,-0.02244389027431415,222994607.0,884600042.0,4.41,3.61,false,false,6.31266,13.946726626349488,62.676991014399995,6267699101.44,50.2349831424,false,false,true,断板,断板,断板,6天3板,13.138688999457596,3.768,3.6014285714285714,-2.743142144638401,8.845696152320507,396.6912267075589,false,2.45,0.7870706931847335,0.020649571990244083,0.36702550915385623,0.003587029018129043,0.21250934739993962,0.0010606685661730536,0.006241629476965254,0.40467969743385673,30.65108327288175,2.296296243566531,0.5833333333333334,0.914669475902028,0.37097409982508506,0.6428217878635565,断板,3.494285714285714,0.015189873417721378,412.9671093479775,14.758789860997542,0.6191738437542385,0.3407272959136446,0.8933087460484721,0.3450389414600048,0.005649956417088155,1443107493.0,-5.561486333436982,11.610793131643504,1,SHSE.600512,2020-03-06,2020-03-06T09:30:00.000000,3.9,2020-03-09T11:30:00.000000,3.62,-7.919092859331911,1.5,未涨停卖出
SHSE.600126,杭钢股份,2020-03-04,6.43,6.54,5.95,6.11,6.6,-0.07424242424242411,144647331.0,899885631.0,7.26,5.94,false,false,5.04598,4.283068772433314,206.3462529713,20634625297.13,52.37781387930001,false,false,true,断板,断板,断板,6天4板,2.3617155729151103,6.122,5.95,-2.575757575757575,2.6890756302521033,622.1239097733508,true,4.22,0.7684470198826402,0.02071908817645871,0.052210798528453777,0.0011575366109593391,0.4387396342273041,0.001838523030512823,0.0052741428499252585,0.3114166935089462,28.267879331028826,2.5746267993846086,0.48333333333333334,0.8743414120126449,0.2758201413491382,0.5750807766808915,炸板,5.811428571428571,0.05263157894736836,675.1087922725478,13.569321533923299,0.4200474183350896,0.02495392826626164,0.8400948366701791,0.0,0.004777906378826417,1211099644.0,-4.756091557401199,10.644051130776798,1,SHSE.600126,2020-03-04,2020-03-04T09:30:00.000000,6.43,2020-03-05T11:30:00.000000,6.37,-1.7225034543009825,1.5,未涨停卖出
SHSE.601929,吉视传媒,2020-03-04,2.32,2.35,2.26,2.31,2.4,-0.03749999999999998,125453010.0,289778991.0,2.64,2.16,false,false,2.19445,4.032484086931518,71.86549205220001,7186549205.22,37.6986581664,false,false,true,断板,断板,断板,4天2板,2.237605257933766,2.286,2.2842857142857147,-3.3333333333333366,1.1257035647279392,230.98608076442326,false,1.74,0.7208771898005789,0.008611930571998331,0.051665323729333586,0.0006729936863679957,0.03334756142996769,-0.00026639596121285985,0.0019789641692198063,0.18001236825377287,31.840876572692554,3.1481480490397837,0.5166666666666667,0.6301369863013698,0.0,0.3150684931506849,炸板,2.268571428571429,0.034482758620689724,251.55720298596117,5.793450881612062,0.3117755532139094,0.045435173653333744,0.6235511064278187,0.0,0.0020287676324232356,547582618.0,-7.774455572656624,2.2670025188916476,1,SHSE.601929,2020-03-04,2020-03-04T09:30:00.000000,2.32,2020-03-05T11:30:00.000000,2.32,-0.7968127490039846,1.5,未涨停卖出
SZSE.000030,富奥股份,2020-03-04,6.29,7.04,6.06,6.71,6.62,0.013595166163141936,73165309.0,474682620.0,7.28,5.96,false,false,3.31641,4.1574012336414565,118.2793974516,11808800637.7,37.0501934627,false,false,true,断板,断板,断板,4天3板,2.3015305954582406,6.174,5.801428571428572,-4.984894259818732,15.66116720019699,648.7809953758276,false,4.14,0.7313303066877604,0.022980497173631726,0.11771255515498599,0.001991855637567156,0.08638735410651756,0.0006593471013756275,0.005789831383922611,0.23103854514700037,33.69834391009358,2.4226803536773316,0.6333333333333333,0.899104320337197,0.0,0.4495521601685985,炸板,5.518571428571428,0.032761310452418035,691.0425822773094,19.958581413409288,0.4212328767123288,0.07773850971497938,0.8424657534246576,0.0,0.004817906756309858,708374566.0,-8.978112763015266,13.978772974372266,1,SZSE.000030,2020-03-04,2020-03-04T09:30:00.000000,6.29,2020-03-06T11:30:00.000000,6.96,9.770140423995578,2.5,未涨停卖出
SHSE.600312,平高电气,2020-03-12,8.35,8.64,8.0,8.14,8.75,-0.06971428571428562,93228631.0,770924680.0,9.63,7.88,false,false,6.54774,6.8705996715982005,110.4533945526,11045339455.26,61.1658921104,false,false,false,,未涨停,未涨停,3天3板,5.69392421561566,8.638000000000002,8.174285714285714,-4.571428571428576,-0.41943376441802976,826.9183744637418,false,5.16,0.740301372795496,0.022483959719569385,0.10382494152673358,0.0021155661576349447,0.07480734913642387,-0.0007449208804738965,0.0053310987585891804,0.22241495006339315,26.43419492631488,2.170067980118933,0.55,0.915,0.0,0.4575,断板,7.9557142857142855,-0.06015037593984962,908.2575738322174,9.983839109355362,0.45010531858873093,0.07815116075064851,0.9002106371774619,0.0,0.005131721200515238,1159322819.0,-8.065726721454281,4.956006464356255,1,SHSE.600312,2020-03-12,2020-03-12T09:30:00.000000,8.35,2020-03-16T11:30:00.000000,9.19,9.182909082233937,2.5,未涨停卖出
SHSE.600688,上海石化,2020-03-12,4.71,4.78,4.41,4.41,4.9,-0.10000000000000009,118640855.0,541087545.0,5.39,4.41,false,false,3.69638,1.618827590577929,323.20067535,32320067535.0,82.41467535,false,false,false,,未涨停,未涨停,2天2板,1.3030457590440798,4.8,4.601428571428571,-3.8775510204081707,-4.1601986960571224,456.07185231428076,true,3.23,0.7628177847039302,0.01795464720733307,0.09629381936738357,0.0015834363689972417,0.057615934583657394,-0.0005019145018839049,0.004232073275400064,0.21799524699957507,29.708580605642386,2.454954894686918,0.5166666666666667,0.8726315789473684,0.0,0.4363157894736842,断板,4.5685714285714285,-0.06488549618320605,496.47000798371823,7.254534083802386,0.43154291732490785,0.07910753494590263,0.8630858346498157,0.0,0.004252345643907078,645272108.0,-5.13022087419902,3.0956848030018858,1,SHSE.600688,2020-03-12,2020-03-12T09:30:00.000000,4.71,2020-03-13T09:30:00.000000,4.05,-14.697896312837827,1.0,大幅低开卖出
SZSE.002498,汉缆股份,2020-03-12,3.61,3.69,3.45,3.52,3.76,-0.06382978723404253,127049213.0,452494528.0,4.14,3.38,false,false,7.84011,3.818966146406332,117.1032192,11710321920.0,39.1560570368,false,false,false,,未涨停,未涨停,3天2板,4.231431834113063,3.726,3.5942857142857143,-3.9893617021276575,-2.0667726550079495,356.1568917392664,false,2.38,0.7459466329957721,0.01605828772744608,0.1763875889717165,0.002096480807609848,0.1403996280813724,0.0007385625294942682,0.0044814667081424205,0.2795030095094244,29.061819004187345,2.337078597066028,0.5166666666666667,0.8863157894736842,0.0,0.4431578947368421,断板,3.531428571428571,-0.055276381909547756,390.17140630234894,6.472491909385115,0.43430753027909424,0.15438659737587662,0.8686150605581885,0.0,0.004372681814241306,804593772.0,-7.476561795956849,2.224919093851141,1,SZSE.002498,2020-03-12,2020-03-12T09:30:00.000000,3.61,2020-03-16T11:30:00.000000,4.02,10.470031232411072,2.5,未涨停卖出
SZSE.000903,ST云动,2020-03-16,3.62,3.74,3.43,3.43,3.81,-0.09973753280839892,124303625.0,437742428.0,4.19,3.43,false,false,11.4118,7.033801724693115,67.5984693951,6061607228.04,40.0181602716,false,false,false,,未涨停,未涨停,3天3板,3.613415661775834,3.8280000000000003,3.64,-4.986876640419946,-5.769230769230768,352.15580237503127,true,2.34,0.7385265863807987,0.023920767977375818,0.3985326527189471,0.0049233059467025456,0.275588137645338,0.001677780479500997,0.007749140712676736,0.4296480849292347,26.73381630463906,2.124999954843751,0.5833333333333334,0.9731649565903709,0.3713999278614265,0.6722824422258987,断板,3.567142857142857,-0.099290780141844,382.801950780769,6.8081698037645175,0.6700993834281127,0.370621472316924,0.9689555380163115,0.3712432288399139,0.007698543741444793,960274086.0,-5.434128728534693,1.481778133760514,1,SZSE.000903,2020-03-16,2020-03-16T09:30:00.000000,3.62,2020-03-17T11:30:00.000000,3.29,-9.840197222161079,1.5,止损卖出
SHSE.600512,腾达建设,2020-03-09,3.73,3.81,3.54,3.56,3.92,-0.09183673469387754,183918324.0,668618186.0,4.31,3.53,false,false,6.31266,11.502783053423224,56.920940819200005,5692094081.92,45.6215663232,false,false,false,,未涨停,未涨停,6天3板,13.138688999457596,3.806,3.6371428571428575,-4.8469387755102025,-2.12097407698351,363.54082152249276,true,2.45,0.7889726514952975,0.020428384677872526,0.3945289751921081,0.0038339410695916293,0.23865869366612996,0.0011691374834390544,0.006353388715402037,0.4266566259949526,28.555680276516803,2.296296243566531,0.5666666666666667,0.9273110350276534,0.37888818701832633,0.6530996110229899,断板,3.6014285714285714,-0.02244389027431415,396.6912267075589,8.845696152320507,0.6428217878635565,0.36702550915385623,0.914669475902028,0.37097409982508506,0.006241629476965254,884600042.0,-5.9722083859001245,3.5700119000396713,1,SHSE.600512,2020-03-09,2020-03-09T09:30:00.000000,3.73,2020-03-10T11:30:00.000000,3.68,-2.126614186684887,1.5,未涨停卖出
SZSE.002398,垒知集团,2020-03-09,8.14,8.3,7.83,7.89,8.55,-0.07719298245614048,50072453.0,403618320.0,9.41,7.7,false,false,6.12752,9.451458431385994,54.6389306703,4180007318.85,37.8751407723,false,false,false,,未涨停,未涨停,3天3板,10.270096468828818,8.544,8.121428571428572,-4.795321637426902,-2.8496042216358934,806.0685982370386,false,5.79,0.5542676853015707,0.015542281798745384,0.5838752998056627,0.005150027622101485,0.4906836483492526,0.00245153038436364,0.006418929286108911,0.5499962814679213,29.512096750699108,2.288416023281638,0.65,0.9296813273637082,0.46475142289034227,0.6972163751270253,断板,7.952857142857143,-0.06964091403699657,870.6314082486991,7.5085324232082,0.6891285763816524,0.5766976793615699,0.9157229391624967,0.46253421360080815,0.006266105564105397,521540009.0,-6.504636487054249,2.3531525058379854,1,SZSE.002398,2020-03-09,2020-03-09T09:30:00.000000,8.14,2020-03-10T11:30:00.000000,7.95,-3.112366259776633,1.5,未涨停卖出
SZSE.002581,*ST未名,2020-04-15,14.72,16.9,14.08,16.9,15.36,0.10026041666666652,83317790.0,1273421343.0,16.9,13.82,false,false,2.88717,20.788330209707397,111.495314034,6773370620.9,43.176237285999996,true,false,false,,涨停,8天4板,5天3板,8.251872351047183,15.815999999999997,15.368571428571427,-4.166666666666659,9.964677449340032,1528.390687030945,false,8.6,0.2525388647568595,0.010842855981952048,0.7348122823366273,0.011794884271580385,0.6702507760316663,0.007018288826286118,0.010171499980066438,0.6189891469291854,15.208033191822267,1.6663506831332273,0.5833333333333334,0.9916142557651991,0.4266148517233773,0.7091145537442882,断板,14.762857142857142,-0.08407871198568873,1559.3625681256017,4.044900329011037,0.7033290464047647,0.7317802816185396,0.9892501310959623,0.4174079617135671,0.009121978408906063,1338816821.0,-5.602453843086275,-0.29030385136441517,1,SZSE.002581,2020-04-15,2020-04-15T09:30:00.000000,14.72,2020-04-16T15:00:00.000000,17.1,15.242833015763036,2.0,未涨停卖出
SHSE.600126,杭钢股份,2020-04-16,8.01,8.36,7.86,7.93,8.23,-0.03645200486026745,87822312.0,707287999.0,9.05,7.41,false,false,5.04598,2.600455877406376,267.8110942819,26781109428.19,67.9797158859,false,false,false,,未涨停,未涨停,2天2板,2.5354497600097803,8.302,7.941428571428572,-2.6731470230862775,-0.14391077531931493,805.3625358895129,false,5.92,0.6499037492438147,0.016570855751721476,0.797368475892878,0.010158664663143725,0.5871426717456707,0.004159790526509421,0.009641440639868985,0.7048077893189032,21.051874275048636,1.9094827221594461,0.55,0.9895205658894419,0.46266100909435354,0.7260907874918977,断板,7.798571428571429,-0.056192660550458684,850.4628465855964,5.532148745191428,0.7256106900415945,0.7844816500601908,0.9887316561844863,0.4624897238987027,0.00940112814900639,649447142.0,-5.815991466785153,2.711119252610361,1,SHSE.600126,2020-04-16,2020-04-16T09:30:00.000000,8.01,2020-04-17T11:30:00.000000,7.94,-1.663756957189967,1.5,未涨停卖出
SZSE.000887,中鼎股份,2020-03-31,8.8,9.67,8.56,9.29,9.2,0.009782608695652062,106432351.0,961985602.0,10.12,8.28,false,false,6.93088,8.737567847690036,113.4142102363,11316152938.96,62.9627388482,false,false,true,断板,断板,断板,2天2板,5.114858124374153,8.784,8.40857142857143,-4.347826086956506,10.482500849473308,903.8469910337694,false,7.29,0.2577395399592308,-0.007638960414735595,0.29083388441544544,-0.0027290385960622547,0.1866474710852246,0.001179060827442002,-0.0025385931327456457,0.2529590915251363,24.146810198819587,2.7999999216000027,0.5333333333333333,0.4057247899159664,0.0,0.2028623949579832,断板,8.231428571428571,-0.010752688172043112,970.659142272314,11.766747657063513,0.1566439075630252,0.24251906142469756,0.3132878151260504,0.0,-0.002914359417344848,1583806342.0,-9.33995656395724,6.907323845886859,1,SZSE.000887,2020-03-31,2020-03-31T09:30:00.000000,8.8,2020-04-01T11:30:00.000000,9.28,4.614270191959409,1.5,未涨停卖出
SZSE.002223,鱼跃医疗,2020-03-31,36.7,38.31,35.31,36.28,38.12,-0.04826862539349408,101727572.0,3730570619.0,41.93,34.31,false,false,8.87531,11.73523786450599,363.69862984120005,31449522836.88,201.59529900560003,false,false,false,,未涨停,未涨停,2天2板,9.184294567079512,36.852000000000004,35.182857142857145,-3.7250786988457367,3.1184018190677247,3667.2168082415255,false,26.66,0.24167115822484864,0.008600027964896876,0.7436308872693032,0.009386376919911612,0.5860351953378643,0.004794962242348851,0.007851682725639837,0.5959602338809806,24.141232961072074,1.8585365508242717,0.55,0.9902836134453782,0.432936013862414,0.7116098136538961,炸板,34.198571428571434,0.0005249343832018916,4001.446925991964,11.466644387819015,0.703199157593245,0.7431758903643979,0.9871323529411765,0.41926596224531365,0.00723375045149792,5371842542.0,-8.283176863824004,7.314424161410238,1,SZSE.002223,2020-03-31,2020-03-31T09:30:00.000000,36.7,2020-04-01T11:30:00.000000,35.15,-4.9865931369888425,1.5,未涨停卖出
SHSE.600748,上实发展,2020-03-18,6.1,6.16,5.78,5.78,6.42,-0.09968847352024912,85225593.0,509281856.0,7.06,5.78,false,false,6.09494,4.6203679673720774,106.6157351576,10661573515.76,44.29106087400001,false,false,true,断板,断板,断板,2天2板,1.8464999294803117,6.172,5.984285714285714,-4.984423676012466,-3.413702554308895,597.5691550776303,true,4.58,0.589720681882748,0.01049535207759517,0.07432549017331534,-0.0013508880364924711,0.4838712836171154,-0.0021044587267665896,0.0007922887792428215,0.30026826654834193,26.734234706456405,2.6415093641865446,0.5,0.7209363492898474,0.2972141907809958,0.5090752700354216,断板,5.941428571428572,-0.058651026392961936,661.1568596648156,8.054820870401525,0.5110940696660953,0.09308080835623755,0.6870068385060495,0.33518130082614095,0.0008307574157038963,828474603.0,-7.737476956792133,2.6689107958643765,1,SHSE.600748,2020-03-18,2020-03-18T09:30:00.000000,6.1,2020-03-19T11:30:00.000000,5.4,-12.180785056495322,1.5,止损卖出
SHSE.600300,维维股份,2020-04-10,3.66,3.8,3.51,3.52,3.78,-0.06878306878306872,133102739.0,481945860.0,4.16,3.4,false,false,7.17098,7.960690131578947,58.8544,5885440000.0,35.8011109632,false,false,true,断板,断板,断板,2天2板,12.472343181818182,3.6799999999999997,3.5928571428571425,-3.174603174603166,-2.0278330019880624,362.08560666809416,false,2.79,0.5868157201600819,0.012846932145173254,0.355652148054722,0.0025868756983027045,0.27956163186820054,0.0009947559512098,0.004161251063548943,0.37905770761983754,29.71411894471802,2.414201125148281,0.5666666666666667,0.9323544834819087,0.4151965700472112,0.67377552676456,断板,3.5628571428571427,-0.06896551724137923,383.8818408283045,6.0946271050521235,0.6581265440946705,0.321939021720506,0.9278783110411749,0.3883747771481661,0.003830912108797951,877001367.0,-4.658162727812487,2.7265437048917374,1,SHSE.600300,2020-04-10,2020-04-10T09:30:00.000000,3.66,2020-04-13T11:30:00.000000,3.41,-7.5729867415583545,1.5,未涨停卖出
SZSE.002437,誉衡药业,2020-04-20,3.21,3.3,3.11,3.23,3.34,-0.03293413173652693,132351745.0,424852470.0,3.67,3.01,false,false,15.8775,6.085737379917702,70.999371285,7024557743.17,70.2472360367,false,false,true,断板,断板,断板,2天2板,9.138387171621613,3.2879999999999994,3.1957142857142857,-3.892215568862272,1.0728654447921313,321.0025451496692,false,2.4,0.6508906093842937,0.014510790902631326,0.020096868983726535,-0.0006469167057280876,0.23596577743782773,-0.0009871915489135684,0.002282542362988151,0.21101628960007032,26.21705280930518,2.7777777006172863,0.4666666666666667,0.830890052356021,0.0,0.4154450261780105,断板,3.1457142857142855,-0.07479224376731297,343.40402399579784,6.176203451407815,0.4129353233830846,0.04742826051250548,0.8258706467661692,0.0,0.0020861994149709503,930041987.0,-6.524100601707561,2.043596730245234,1,SZSE.002437,2020-04-20,2020-04-20T09:30:00.000000,3.21,2020-04-21T11:30:00.000000,3.32,2.602673418475615,1.5,未涨停卖出
SHSE.600226,亨通股份,2020-04-22,2.84,3.03,2.77,2.88,2.95,-0.023728813559322104,226163298.0,652377235.0,3.25,2.66,false,false,27.9099,11.348628400516155,90.3928362912,5739462737.28,51.9021692928,false,false,true,断板,断板,断板,3天2板,7.762277301431421,2.786,2.6828571428571424,-3.7288135593220444,7.3482428115016125,288.45406870570133,false,2.19,0.706204991098954,0.012421302091961482,0.3449357696635411,-0.0033120894073654377,0.7088485847825022,-0.003366920058787515,-0.00018186030292667663,0.5263634584863119,24.770764306951243,2.938053011023575,0.5,0.544194560669456,0.5063340927584756,0.5252643267139658,断板,2.617142857142857,0.03146853146853168,298.576672996944,12.718340611353726,0.4769673437723938,0.42285835732295474,0.43432757718472004,0.5196071103600676,-0.000718040238393326,1022320097.0,-4.882053527702491,8.515283842794762,1,SHSE.600226,2020-04-22,2020-04-22T09:30:00.000000,2.84,2020-04-23T11:30:00.000000,2.76,-3.5912687279052893,1.5,未涨停卖出
SZSE.002030,达安基因,2020-04-22,25.87,26.93,25.2,26.0,27.07,-0.039527151828592566,136368732.0,3552987491.0,29.78,24.36,false,false,13.2855,17.940598647835674,207.32725494000002,19762924870.0,129.61571818000002,false,false,true,断板,断板,断板,4天3板,10.16956400205823,25.116,23.525714285714287,-4.432951606944955,10.51736701481661,2605.4268004779865,false,14.41,0.7309963582243627,0.024917417397402115,0.48900166626494806,0.006838336658141674,0.7629852915854467,0.006794036069541371,0.010440862629413673,0.6195956922529806,19.204718763934423,1.8713449942204443,0.6166666666666667,0.9890167364016736,0.43826357196064347,0.7136401541811586,炸板,22.407142857142855,0.033995416348357566,2722.983066632131,20.80969078737649,0.7106984017271779,0.48829019144847535,0.9874411302982732,0.43395567315608263,0.00985512009920335,6029009906.0,-4.993900560693487,15.454255658272253,1,SZSE.002030,2020-04-22,2020-04-22T09:30:00.000000,25.87,2020-04-23T11:30:00.000000,27.3,4.6867805161264515,1.5,未涨停卖出
SZSE.002537,海联金汇,2020-04-22,7.01,7.77,6.81,7.4,7.3,0.013698630136986356,111446212.0,813379326.0,8.03,6.57,false,false,6.88648,9.003315505061332,91.599807686,9159980768.6,39.31734293,false,false,false,,未涨停,未涨停,2天2板,12.748852636275611,7.494,7.225714285714285,-3.9726027397260277,2.4120205614867674,729.8402623141646,false,4.75,0.7906276269925568,0.025746715939930265,0.0027089628053396327,-0.000361592070856832,0.6125335192479356,-0.004068977732562496,0.003747853832788889,0.34324006257556183,19.506942965419523,2.2734583933540824,0.4666666666666667,0.9058577405857741,0.30232788113446957,0.6040928108601218,断板,7.127142857142857,-0.08635794743429293,762.9633129936797,2.4253357386249714,0.6022747588133734,0.017364332090918328,0.8953427524856097,0.3092067651411373,0.0033923503115357925,860821575.0,-8.121401375192072,-1.6436159551012297,1,SZSE.002537,2020-04-22,2020-04-22T09:30:00.000000,7.01,2020-04-23T11:30:00.000000,7.13,0.9013873180601477,1.5,未涨停卖出
SZSE.002074,国轩高科,2020-04-24,22.66,23.86,22.08,23.03,23.28,-0.010738831615120237,82038878.0,1884117281.0,25.61,20.95,false,false,4.5083,8.128212032640985,260.0899344099,23244415287.800003,161.457950192,false,false,false,,未涨停,未涨停,4天2板,11.453585144373745,23.916,22.987142857142857,-2.663230240549832,0.18643962463489613,2296.615125574974,false,16.48,0.672429113102464,0.018954553827369908,0.40636530108824376,-0.005424516834080529,0.48747775881078576,0.005516513461610503,0.002733606386916868,0.4839118008078504,18.384144179017632,2.2560975100758487,0.55,0.850718954248366,0.3979696605915094,0.6243443074199377,断板,22.352857142857143,-0.10011596443757242,2380.43148500173,4.147759953984793,0.6140087524832691,0.43866837765775324,0.8274058577405857,0.40061164722595255,0.002410654882220333,2397694755.0,-4.8071740658247375,1.3740653160350114,1,SZSE.002074,2020-04-24,2020-04-24T09:30:00.000000,22.66,2020-04-27T11:30:00.000000,22.71,-0.5779178080265015,1.5,未涨停卖出
SZSE.002030,达安基因,2020-04-27,25.01,25.44,23.36,23.59,25.74,-0.0835275835275835,120917195.0,2931262806.0,28.31,23.17,false,false,13.2855,15.907802568092242,188.1096132321,17931053757.05,117.60133814870001,false,false,true,断板,断板,断板,7天4板,18.77927707266541,26.2,25.854285714285712,-2.8360528360528243,-8.75787379820974,2424.1902121530356,true,14.86,0.7766477932089154,0.027684610739334557,0.5224417055891314,0.008096023908607612,0.7636051800348881,0.0073695784297191785,0.011795807631086471,0.6456319654468152,18.427876933976915,1.9110815825884873,0.5833333333333334,0.990852064819655,0.4383173445072695,0.7145847046634622,断板,25.70285714285714,-0.10000000000000009,2673.3320837120345,0.14450867052023209,0.7146619695497247,0.5030065313583588,0.9911111111111112,0.43821282798833816,0.011894051930439836,4008218328.0,-6.446340309234754,-2.6956425077812263,1,SZSE.002030,2020-04-27,2020-04-27T09:30:00.000000,25.01,2020-04-28T11:30:00.000000,23.07,-8.491902043963306,1.5,未涨停卖出
SZSE.002079,苏州固锝,2020-04-27,10.24,10.28,9.54,9.54,10.6,-0.10000000000000009,34211854.0,331762354.0,11.66,9.54,false,false,4.90228,4.711026563438782,69.4484798598,6928024768.379999,45.469715427,false,false,true,断板,断板,断板,10天10板,0.0,10.352,10.405714285714284,-3.396226415094335,-8.319604612850075,969.7292464769668,true,9.37,0.13694220704351612,0.0020849010362359883,0.4866788475064658,-0.005567054857750949,0.25069587006288685,0.002986427158334156,-0.0014706190741280304,0.3459366261808022,22.31689180741158,2.415407796642944,0.48333333333333334,0.24072138003136434,0.31827083831815156,0.279496109174758,断板,10.548571428571426,0.00569259962049351,1089.1555946187643,0.4875406283857174,0.356483116190199,0.47343132670631494,0.3150326797385621,0.397933552641836,-0.001059829933549721,460286423.0,-5.982211810753335,-2.9252437703141676,1,SZSE.002079,2020-04-27,2020-04-27T09:30:00.000000,10.24,2020-04-28T11:30:00.000000,9.47,-8.256427415338633,1.5,未涨停卖出
SHSE.603718,*ST海利,2020-04-29,18.2,19.16,17.61,18.2,18.95,-0.0395778364116095,11855160.0,219570687.0,20.85,17.06,false,false,2.32315,1.8408633540372672,117.208,11720800000.0,41.783328313999995,false,false,true,断板,断板,断板,4天2板,2.9776895186335404,18.497999999999998,17.91,-3.95778364116095,1.619207146845333,1852.110701163038,false,13.51,0.7776335667534303,0.011682060492610965,0.013627934153660901,0.0005109288691503554,0.6472458599773108,0.0031087717637453276,0.003524508062220969,0.35651443842070973,26.44839840917297,2.9751461103154626,0.43333333333333335,0.9107282693813625,0.36124076411378625,0.6359845167475744,断板,17.664285714285715,-0.01558441558441559,1936.7701890479907,7.278608976951066,0.6420860308030694,0.00452876588852179,0.9038662486938349,0.3803058129123038,0.003507987839168684,400900835.0,-6.029119495348523,3.0327537403962657,1,SHSE.603718,2020-04-29,2020-04-29T09:30:00.000000,18.2,2020-04-30T11:30:00.000000,17.36,-5.37542139135764,1.5,未涨停卖出
SZSE.000061,农产品,2020-04-29,8.49,8.75,8.0,8.0,8.89,-0.1001124859392577,100241833.0,829752876.0,9.78,8.0,false,false,20.6377,5.912505717910451,135.75713048,13563363864.0,47.17620272,false,false,false,,未涨停,未涨停,3天3板,5.018730032807623,8.856,8.392857142857142,-4.499437570303716,-4.680851063829781,827.7511006806909,true,5.77,0.49854526283953987,0.017698893558444877,0.4841827048359573,0.005494657648137456,0.5958573782689025,0.0032280846467533297,0.007255532929783703,0.5205576184665573,19.965842748090168,1.805008911963256,0.5666666666666667,0.9772905246671887,0.38537395229152016,0.6813322384793544,断板,8.204285714285714,-0.1002024291497976,899.3162903207808,8.358001044750145,0.6803427343995296,0.489088110146908,0.9728317659352143,0.3878537028638449,0.0069761123615254585,1346639010.0,-5.5949492811737445,3.4825004353125744,1,SZSE.000061,2020-04-29,2020-04-29T09:30:00.000000,8.49,2020-04-30T11:30:00.000000,7.69,-10.144580687849308,1.5,止损卖出
SZSE.002498,汉缆股份,2020-04-29,4.42,4.99,4.42,4.99,4.54,0.09911894273127753,349599152.0,1707129467.0,4.99,4.09,false,false,7.84011,10.50858399493086,166.0071204,16600712040.0,55.5081604016,true,false,false,,涨停,4天3板,2天2板,5.036305607557542,4.554,4.457142857142857,-2.643171806167403,11.955128205128206,488.3105285678725,false,3.46,0.6784046132688378,0.014786373738856733,0.7241427050629676,0.007870677031741614,0.6312278607865993,0.0037295781067696082,0.008011486695673036,0.6871206334212312,20.218978210829306,1.9622641124385904,0.5666666666666667,0.9835552075176194,0.4468636819694597,0.7152094447435395,断板,4.354285714285714,-0.06198347107438018,475.33835130932425,4.265091863517066,0.7117540219086873,0.7261398291143846,0.9764890282131662,0.4470190156042083,0.007319218602936711,1794120681.0,-7.013604355191094,1.5091863517060489,1,SZSE.002498,2020-04-29,2020-04-29T09:30:00.000000,4.42,2020-04-30T11:30:00.000000,4.95,11.09859205711095,1.5,未涨停卖出
SZSE.002416,爱施德,2020-05-06,7.55,7.82,7.39,7.74,7.91,-0.02149178255372941,48178492.0,368620602.0,8.7,7.12,false,false,2.69961,3.9403191121268804,95.9204117844,9463739292.9,38.5082356176,false,false,false,,未涨停,未涨停,2天2板,4.223217730541759,7.95,7.7057142857142855,-4.551201011378007,0.44493882091212994,765.1144456742232,false,5.46,0.8306007488776811,0.01771342367266706,0.0021957999608822497,-0.00027016240822402235,0.005171762096181476,-0.0002475964064252398,0.003333324608493829,0.1687695783848318,22.935090901972288,2.7388534281715304,0.55,0.9146882337594573,0.0,0.45734411687972865,断板,7.645714285714285,0.021963824289405576,804.936593141889,3.4566517189835686,0.45694154488517746,0.005922897749088453,0.9138830897703549,0.0,0.0034007977514626084,462131525.0,-6.203792145536924,-1.2518684603886276,1,SZSE.002416,2020-05-06,2020-05-06T09:30:00.000000,7.55,2020-05-07T11:30:00.000000,7.77,2.0938761510250217,1.5,未涨停卖出
SHSE.600831,广电网络,2020-06-03,8.86,9.0,8.37,8.61,9.12,-0.05592105263157898,88033940.0,757810862.0,10.03,8.21,false,false,6.39494,12.392306030668024,61.1647437954,6116474379.54,42.0514398381,false,false,false,,未涨停,未涨停,2天1板,9.255601831076023,8.66,8.348571428571429,-2.8508771929824537,3.1314168377823317,860.8167054660963,false,6.38,0.7603744299235065,0.01755874567628127,0.3517037850069453,-0.00378863286525123,0.4101015833949692,-0.002362144176132507,0.0009087894497908874,0.4509572535066647,26.141033832790242,2.7673129428103698,0.43333333333333335,0.7420192058136517,0.37759876802852566,0.5598089869210887,炸板,8.198571428571428,0.004405286343612147,960.7098080285666,11.238891792995288,0.5452519608929605,0.4290144473049,0.7001557632398754,0.39034815854604554,0.00038286505034944036,1129953847.0,-7.776521838772066,8.067607597142356,1,SHSE.600831,2020-06-03,2020-06-03T09:30:00.000000,8.86,2020-06-04T11:30:00.000000,8.26,-7.514861547039832,1.5,未涨停卖出
SHSE.600565,ST迪马,2020-06-08,3.02,3.08,2.92,2.94,3.15,-0.06666666666666665,99775874.0,296820494.0,3.47,2.84,false,false,11.6818,4.153215908120412,71.6177027496,7062986274.96,39.041024429400004,false,false,true,断板,断板,断板,2天2板,3.20245090298269,3.12,3.024285714285714,-4.126984126984123,-2.786962683042034,297.4872402520874,false,2.72,0.30014618000628845,0.0060722187467597,0.0009211031917296359,0.00007567251761560175,0.5965796007067129,-0.0018724409764406219,0.0006905477152275544,0.23946366780913636,35.287743983363306,4.578947158753473,0.4,0.6674442716433385,0.0,0.33372213582166926,断板,3.0,-0.09482758620689657,327.3968275363955,4.9999999999999964,0.33164721141374837,0.002556645609849496,0.6632944228274967,0.0,0.0005229910111843079,582932998.0,-7.757200253741692,0.6666666666666599,1,SHSE.600565,2020-06-08,2020-06-08T09:30:00.000000,3.02,2020-06-09T11:30:00.000000,2.93,-3.753199124033666,1.5,未涨停卖出
SZSE.002263,大东南,2020-06-08,2.55,2.74,2.51,2.64,2.65,-0.0037735849056602655,141033094.0,367690027.0,2.92,2.39,false,false,4.52072,7.5084584232029545,49.58870664,4958772456.0,35.517676392000006,false,false,true,断板,断板,断板,4天3板,2.553367403797647,2.586,2.4928571428571424,-3.7735849056603805,5.902578796561627,260.7118773129944,false,2.09,0.39128946613254756,0.009219340608879814,0.638959341721975,0.004027052555933489,0.3052640580484108,0.0013345448930543262,0.0042577578676590054,0.48931678150202024,34.31782163375672,2.417322776211174,0.4166666666666667,0.9222395023328149,0.4325014919284317,0.6773704971306234,炸板,2.418571428571428,-0.05017921146953408,284.618691525548,9.568812758417026,0.6557105855636592,0.6279511151203273,0.9011673151750973,0.4102538559522212,0.0036581573454406288,704988488.0,-10.40644638157554,5.434140578854119,1,SZSE.002263,2020-06-08,2020-06-08T09:30:00.000000,2.55,2020-06-09T11:30:00.000000,2.53,-1.5748769627372923,1.5,未涨停卖出
SZSE.002603,以岭药业,2020-06-19,33.4,33.4,31.09,31.73,34.38,-0.07707969749854571,86577783.0,2780272032.0,37.82,30.94,false,false,2.72778,8.771927773306937,381.9395510099,31317096145.61,131.3022322038,false,false,true,断板,断板,断板,3天2板,9.151913899101302,32.688,31.36714285714286,-2.850494473531134,1.156806485403283,3211.2996379221213,true,26.57,0.44452492828697016,0.009100149755194189,0.15650391318465418,0.0034182009404034874,0.784441989345717,0.009046631026695087,0.006243119729249107,0.4024895390534362,18.783142356898164,1.7793426913440902,0.55,0.9493278179937953,0.2603136822177058,0.6048207501057505,断板,30.852857142857147,-0.00578368999421619,3537.2725179148765,11.4321433532435,0.6026255937605907,0.18165304855778053,0.9490429384376616,0.25620824908351975,0.0062698640127848565,4677223708.0,-5.576966912098802,8.255776265222003,1,SZSE.002603,2020-06-19,2020-06-19T09:30:00.000000,33.4,2020-06-22T11:30:00.000000,31.48,-6.4995109382827865,1.5,未涨停卖出
SZSE.000793,*ST华闻,2020-06-18,4.58,4.83,4.3,4.34,4.73,-0.08245243128964075,329441145.0,1484641697.0,5.2,4.26,false,false,12.1521,16.958254388508315,86.68045283379999,8431142360.2,62.290595742200004,false,false,true,断板,断板,断板,5天4板,15.12966985693748,4.646,4.4399999999999995,-3.1712473572938764,-2.2522522522522443,450.65460691013567,true,2.86,0.8456066310203125,0.029421379535791554,0.24567351526036008,0.00404142160414008,0.01758444306227327,0.00040840988423485617,0.008027509674498808,0.29723341675292453,25.520243142894238,2.1728394589605253,0.55,0.9676668391101914,0.0,0.4838334195550957,断板,4.305714285714285,-0.0633663366336632,494.4452459645686,9.85401459854017,0.48304865424430643,0.20979007880756764,0.9660973084886129,0.0,0.007780223418837015,2204539151.0,-7.370936673376416,6.370272063702731,1,SZSE.000793,2020-06-18,2020-06-18T09:30:00.000000,4.58,2020-06-19T11:30:00.000000,4.41,-4.4790271229492475,1.5,未涨停卖出
SZSE.000697,炼石航空,2020-08-11,13.11,14.5,12.73,13.8,13.66,0.01024890190336758,54237146.0,732301351.0,15.03,12.29,false,false,3.67909,9.587383659996814,92.68301614200001,7806849515.400001,55.03915782600001,false,false,true,断板,断板,断板,3天2板,12.343596756913094,13.441999999999998,12.810000000000002,-4.026354319180093,7.728337236533944,1350.1841542325992,false,9.06,0.7815226727785153,0.01894862144280061,0.3493561705978002,0.004063431998232362,0.020703791912115504,0.0004741665617797405,0.005963690256210226,0.3371937574282378,24.931362267410336,2.3942765722451425,0.5166666666666667,0.854526958290946,0.2127169975127507,0.5336219779018484,断板,12.38857142857143,-0.05987611837577422,1424.5399984711557,10.262915129151283,0.40727550241668786,0.28793832169155653,0.8145510048333757,0.0,0.005098728238247606,1030171257.0,-7.970292065720108,5.823339483394818,1,SZSE.000697,2020-08-11,2020-08-11T09:30:00.000000,13.11,2020-08-12T11:30:00.000000,13.03,-1.4021716338308086,1.5,未涨停卖出
SZSE.002416,爱施德,2020-08-11,11.45,11.59,10.58,10.58,11.76,-0.10034013605442171,86806996.0,954559726.0,12.94,10.58,false,false,2.77523,7.099584300088132,131.1160150748,12936222444.3,59.2503724592,false,false,true,断板,断板,断板,3天2板,5.448365979363294,11.767999999999999,11.40857142857143,-2.6360544217687116,-7.26270974204859,1099.6345571041302,true,7.08,0.7729689434287901,0.021371720300903913,0.6830035739897066,0.00804854880876085,0.4818470246075072,0.003465372536636454,0.009338230225552144,0.6406496830628634,25.977377467140265,2.03139009326369,0.5833333333333334,0.9455747711088505,0.43747754603427813,0.6915261585715643,断板,11.327142857142857,-0.10022953328232598,1230.620161124707,3.8214150586454823,0.6931693167871249,0.6628329659726203,0.9450521495802595,0.4412864839939903,0.009171358081159117,1210106043.0,-6.957480775096014,1.084626056249216,1,SZSE.002416,2020-08-11,2020-08-11T09:30:00.000000,11.45,2020-08-12T11:30:00.000000,10.95,-5.128829659527833,1.5,未涨停卖出
SHSE.600515,海南机场,2020-07-14,8.07,8.99,7.89,8.42,8.35,0.008383233532934131,220210004.0,1863786037.0,9.19,7.52,false,false,2.21604,13.27929924396834,329.019285132,13962846981.72,128.1737183454,false,false,true,断板,断板,断板,4天3板,13.540988652399896,7.813999999999998,7.357142857142857,-3.353293413173645,14.446601941747577,846.3675596681793,false,4.71,0.699142045648115,0.028715728715723587,0.44774255127706064,0.0064276285970488135,0.1853261107454934,0.0016929420778374214,0.00946484266502035,0.41929751799180137,26.006451302669596,1.9087048467956333,0.6166666666666667,0.9527113852480082,0.292973701159426,0.6228425432037171,炸板,6.967142857142856,0.05296343001261028,856.8568792855083,19.84826737748617,0.6078121097090233,0.4267970051023759,0.9372750642673522,0.27834915515069447,0.008168818482162632,2258682257.0,-5.818577231600408,15.829403321714185,1,SHSE.600515,2020-07-14,2020-07-14T09:30:00.000000,8.07,2020-07-16T11:30:00.000000,7.75,-4.730520297990195,2.5,未涨停卖出
SHSE.601377,兴业证券,2020-07-14,9.47,9.63,8.95,9.24,9.8,-0.05714285714285716,441908882.0,4119650802.0,10.78,8.82,false,false,2.3795,6.598933074705195,618.7724626776001,61877246267.76,386.1992261820001,false,false,true,断板,断板,断板,2天2板,2.6796851590726503,9.242,8.928571428571429,-3.367346938775511,3.4879999999999995,932.2398733773357,false,5.62,0.9087971228144716,0.03210257694543559,0.35367421105672736,0.00559375529025217,0.003915404947496412,-0.0002236260019291565,0.009150305233634456,0.35977115157550693,32.375497617585,2.084942041472251,0.4166666666666667,0.947828321768183,0.2733267778613791,0.6105775498147811,断板,8.707142857142857,-0.01309164149043296,1002.8881492759023,12.551271534044306,0.6040750002697476,0.306950967819862,0.9439588688946016,0.26419113164489355,0.008617404017579386,6962817885.0,-5.572720080126004,8.761279737489748,1,SHSE.601377,2020-07-14,2020-07-14T09:30:00.000000,9.47,2020-07-15T11:30:00.000000,9.12,-4.463245223961607,1.5,未涨停卖出
SHSE.600908,无锡银行,2020-07-13,6.24,6.48,6.01,6.33,6.5,-0.026153846153846194,118664897.0,739425309.0,7.15,5.85,false,false,1.1071,6.993245073363005,116.995273881,10741062126.81,76.0062360291,false,false,true,断板,断板,断板,4天3板,5.7123916267880785,6.314,6.094285714285715,-3.9999999999999964,3.8677918424753726,623.1205079965645,false,4.8,0.7079415048965073,0.01733784268525663,0.20076290027100563,0.0020082074691789393,0.00021455273395247062,0.000025496849471386304,0.004479321326482212,0.24203411693499002,39.45624931282795,2.832060988496593,0.48333333333333334,0.787917737789203,0.0,0.3939588688946015,断板,5.927142857142857,-0.05109489051094884,682.8750431019537,9.664979513135698,0.3881172839506173,0.16096625133670775,0.7762345679012346,0.0,0.003978036282188698,1173311515.0,-8.621642231134164,5.278380332610277,1,SHSE.600908,2020-07-13,2020-07-13T09:30:00.000000,6.24,2020-07-14T11:30:00.000000,6.16,-2.068648482991115,1.5,未涨停卖出
SHSE.601519,大智慧,2020-07-13,12.1,12.99,11.8,12.4,12.47,-0.005613472333600655,214994301.0,2665805261.0,13.72,11.22,false,false,2.90832,10.8162348946018,246.47480000000002,24647480000.0,102.171466684,false,false,false,,未涨停,未涨停,5天5板,9.325389612785296,12.626,11.950000000000001,-2.96712109061749,3.7656903765690317,1239.9422908423978,false,6.99,0.8099698977027701,0.037016875340224596,0.32088512710094347,0.006320357951910531,0.02706517235382683,0.0007149536635215069,0.010778040143056637,0.33055609479717385,29.10036781657129,1.915322543960556,0.5,0.970694087403599,0.22885402476821942,0.5997740560859092,断板,11.447142857142856,-0.070789865871833,1287.7180907628979,8.935479845251486,0.4841820987654321,0.2769160884667574,0.9683641975308642,0.0,0.009971285804341595,2966223506.0,-6.035334233508715,5.703232247597656,1,SHSE.601519,2020-07-13,2020-07-13T09:30:00.000000,12.1,2020-07-14T11:30:00.000000,12.67,3.8763952454644106,1.5,未涨停卖出
SHSE.601698,中国卫通,2020-07-13,23.0,23.86,22.08,23.66,23.97,-0.012932832707551078,86116490.0,1995056672.0,26.37,21.57,false,false,1.00062,21.1257501725528,946.4,9644704385.68,94.64,false,false,true,断板,断板,断板,2天2板,8.637275607398168,22.206,21.145714285714284,-4.046725073007922,11.890285096608576,2316.6952949429315,false,16.4,0.37473280011925175,0.010661706238497723,0.34034056132799784,0.002848516332982391,0.3365507050187724,0.002332186832608314,0.004256255463973234,0.346082052193481,26.744784772218722,2.435406639252537,0.5166666666666667,0.7683804627249358,0.2563271983750408,0.5123538305499883,断板,20.345714285714283,0.034081104400345064,2425.2883300298367,17.81350933857605,0.4714250792925956,0.315477680352099,0.7224794238683128,0.22037073471687846,0.0034141028526156933,3573146738.0,-5.1659148513816255,13.045920516781372,1,SHSE.601698,2020-07-13,2020-07-13T09:30:00.000000,23.0,2020-07-14T11:30:00.000000,24.15,4.163346613545807,1.5,未涨停卖出
SHSE.601890,亚星锚链,2020-07-13,6.75,7.27,6.75,7.11,7.01,0.014265335235378096,90325472.0,633162444.0,7.71,6.31,false,false,2.80979,9.414787575568063,68.21334,6821334000.0,42.6643839549,false,false,true,断板,断板,断板,2天2板,9.193002240983947,6.652000000000001,6.372857142857144,-3.708987161198285,11.56691324815063,700.9788379517131,false,5.26,0.5825882891747723,0.013229069554571279,0.04084796191299113,0.0007683310677539521,0.0488715763037977,0.00041523810354288126,0.003154550875854096,0.15160311168258936,35.468900422905065,3.0357141935586758,0.55,0.6570694087403599,0.0,0.32853470437017995,断板,6.1414285714285715,0.0014285714285713347,727.8341595240751,14.142823912537795,0.29912551440329216,0.0069606336769801715,0.5982510288065843,0.0,0.0023530256960570596,1274813496.0,-7.25909313718155,9.909281228192611,1,SHSE.601890,2020-07-13,2020-07-13T09:30:00.000000,6.75,2020-07-14T11:30:00.000000,7.29,7.139442231075701,1.5,未涨停卖出
SHSE.600151,航天机电,2020-08-20,8.24,8.63,7.82,8.3,8.5,-0.0235294117647058,89144789.0,733204612.0,9.35,7.65,false,false,4.49123,6.215418989253458,119.042939821,11904293982.1,74.13469330800001,false,false,true,断板,断板,断板,8天5板,10.283042972062557,8.058,7.798571428571428,-3.0588235294117623,6.429749038285417,822.4873492044499,false,4.88,0.8905835509944616,0.030503233963285067,0.553462788080608,0.007482640261529033,0.48934872811409885,0.0035112890518254874,0.010895353638969176,0.601652722673426,24.862182741315717,1.9785866846206834,0.5666666666666667,0.9698581560283688,0.393834021973151,0.6818460890007598,断板,7.694285714285714,0.00591715976331364,869.0436432453886,10.471593018937993,0.6733935769608465,0.5399037676566445,0.9645210339584389,0.38226611996325394,0.010207779246954204,1454359050.0,-5.183127866533366,7.092461938358707,1,SHSE.600151,2020-08-20,2020-08-20T09:30:00.000000,8.24,2020-08-21T11:30:00.000000,7.97,-4.047402622519626,1.5,未涨停卖出
SZSE.002488,金固股份,2020-08-20,6.61,7.46,6.5,7.13,6.88,0.036337209302325535,92692995.0,658104937.0,7.57,6.19,false,false,6.16375,11.245713044068783,72.1354787122,5876915512.25,43.882642307699996,false,false,true,断板,断板,断板,2天2板,6.679246600394243,6.696000000000001,6.442857142857141,-3.9244186046511564,10.665188470066544,709.9834642304955,false,5.2,0.6858302565421952,0.01215621393180848,0.5486862390899296,0.0033879525584086948,0.27322953295055197,-0.001480490669886215,0.0036810718646001794,0.49347803073856944,31.298109475560846,2.835820815103589,0.4666666666666667,0.7266970618034447,0.3991838035081054,0.5629404326557751,断板,6.254285714285713,-0.03370786516853941,720.0395897895986,10.00456829602561,0.5313499050330504,0.5449089460300113,0.6571211353269133,0.40557867473918735,0.0030852383456394113,883174445.0,-8.199492170541689,5.687528551850196,1,SZSE.002488,2020-08-20,2020-08-20T09:30:00.000000,6.61,2020-08-21T11:30:00.000000,6.84,2.6550379420291432,1.5,未涨停卖出
SHSE.600606,绿地控股,2020-07-08,8.34,8.82,8.32,8.59,8.66,-0.008083140877598205,324842392.0,2759065407.0,9.53,7.79,false,false,95.5801,2.6696110332101117,1045.2444616715,104524446167.15,256.03469363700003,false,false,true,断板,断板,断板,5天4板,1.3754330199791702,8.290000000000001,7.775714285714286,-3.6951501154734445,10.472166084879658,849.3550949470905,false,5.28,0.6859886264975839,0.026588055418090048,0.30710228983359356,0.0044142851246133106,0.027398458277291832,-0.000552709145104141,0.0073589409023934235,0.29896840769950106,34.22913147939771,2.225352063154137,0.43333333333333335,0.9456605717228946,0.0,0.4728302858614473,断板,7.351428571428571,-0.011415525114155223,888.521906139523,17.80023319082783,0.46649484536082475,0.26915473055133243,0.9329896907216495,0.0,0.006308752303872764,4779335423.0,-6.136247824931129,13.447337738048958,1,SHSE.600606,2020-07-08,2020-07-08T09:30:00.000000,8.34,2020-07-10T11:30:00.000000,9.02,12.033831883679785,2.5,未涨停卖出
SHSE.600999,招商证券,2020-07-08,27.51,30.98,27.51,29.85,28.43,0.04994723883221952,176231280.0,5083906432.0,31.27,25.59,false,false,1.57886,3.081500767415675,1707.1239324765,170712393247.65,554.186098434,false,false,true,断板,断板,断板,3天3板,1.6963767633430826,27.645999999999997,26.018571428571427,-3.2360182905381576,14.72574534673037,2884.792320636836,false,16.6,0.8306355798023817,0.03375141513703497,0.2503809320398137,0.004618493677001045,0.05500406094473866,0.0008197364459520802,0.00930545079969314,0.3078188002638048,33.24919381588285,2.1223799414323823,0.5,0.9727015194437291,0.2601195081426936,0.6164105137932113,断板,24.685714285714283,-0.0273691412931919,2952.4704849363443,15.167824074074085,0.48221649484536083,0.2076680216608434,0.9644329896907217,0.0,0.008050792720148728,5590735636.0,-6.823793360992337,11.440972222222246,1,SHSE.600999,2020-07-08,2020-07-08T09:30:00.000000,27.51,2020-07-09T11:30:00.000000,28.7,3.4944192694869174,1.5,未涨停卖出
SZSE.000839,国安股份,2020-07-08,3.02,3.12,2.98,3.1,3.15,-0.015873015873015817,184482912.0,564351648.0,3.47,2.84,false,false,22.5891,4.706405218840164,121.51461691200001,12151461691.2,77.231478217,false,false,true,断板,断板,断板,2天2板,3.8492522869798798,2.874,2.7357142857142853,-4.126984126984123,13.315926892950412,305.9099847686706,false,2.26,0.308004006686753,0.008358118165891309,0.5826367315991391,-0.006560827334258812,0.6165446099442733,-0.003254422182970189,-0.0025851166888422004,0.5378825501202021,26.867916315518556,2.5694443784239978,0.4,0.07828998197270153,0.418875018051288,0.24858250001199478,炸板,2.632857142857143,0.06060606060606055,316.86068918875384,19.641888225718926,0.2448449649906759,0.6475692433397324,0.06417525773195876,0.42551467224939304,-0.0034010765488419843,955922783.0,-4.689975656747169,14.704286489419417,1,SZSE.000839,2020-07-08,2020-07-08T09:30:00.000000,3.02,2020-07-09T11:30:00.000000,3.12,2.488061001029,1.5,未涨停卖出
SZSE.002500,山西证券,2020-07-08,8.85,9.87,8.82,9.53,9.08,0.04955947136563865,255154273.0,2380503984.0,9.99,8.17,false,false,1.15866,9.02011539471753,342.10522842909995,26957750708.089996,135.92432818449998,false,false,true,断板,断板,断板,3天3板,5.250371833020098,8.53,7.969999999999999,-2.5330396475770973,19.573400250941038,932.96653668034,false,6.28,0.4304995334440913,0.015765443932271916,0.010146279232134662,0.0004688864203114697,0.3209605617068402,-0.0014666017161518896,0.0029475514817645515,0.18746121481693764,37.560758628101176,2.7493035455832153,0.4166666666666667,0.7478753541076487,0.0,0.37393767705382436,断板,7.5214285714285705,0.03299203640500581,933.0447040384331,20.721747388414073,0.31507731958762886,0.0018023100242647088,0.6301546391752577,0.0,0.0015183762465919872,2643261362.0,-5.149239241215842,17.66381766381768,1,SZSE.002500,2020-07-08,2020-07-08T09:30:00.000000,8.85,2020-07-09T11:30:00.000000,9.27,3.911135120534795,1.5,未涨停卖出
SHSE.600127,金健米业,2020-07-16,12.31,12.48,11.44,11.44,12.71,-0.09992132179386315,145463247.0,1712057693.0,13.98,11.44,false,false,5.03744,22.665480012598273,73.4200001392,7342000013.92,55.1402155304,false,false,true,断板,断板,断板,2天2板,26.307969227702678,11.968,11.68857142857143,-3.147128245476006,-2.1266194084576093,1176.9692539586993,true,8.72,0.6357919536099673,0.013808073587585061,0.006777099597077969,-0.00042296330929171154,0.7214956491557558,0.008906298048179502,0.005222022477325007,0.3469956352672592,20.975492946039207,2.5825770657893434,0.48333333333333334,0.8161745827984596,0.24360852925187643,0.529891556025168,断板,11.567142857142857,-0.02605363984674325,1327.6696248242245,9.880202544152167,0.525861292387919,0.006439821108390143,0.8142343268242549,0.23748825795158315,0.00531086856522865,3316566187.0,-7.28115059776433,6.422131653698915,1,SHSE.600127,2020-07-16,2020-07-16T09:30:00.000000,12.31,2020-07-17T11:30:00.000000,11.34,-8.613798259439909,1.5,未涨停卖出
SZSE.000592,平潭发展,2020-07-16,3.88,3.96,3.62,3.62,4.02,-0.09950248756218893,236347638.0,889714208.0,4.42,3.62,false,false,6.33133,12.349494350034195,69.9304682904,6928044382.3,52.918405605800004,false,false,false,,未涨停,未涨停,4天4板,13.337925952487828,4.118,3.942857142857142,-3.4825870646766095,-8.188405797101431,376.44302922968075,true,2.36,0.6864583104658769,0.029234191293286183,0.5452632760530346,0.008498331435832205,0.1005432748263365,0.0013785210294207106,0.010509560285399552,0.44008628256759363,23.73050373542018,1.8277153223998095,0.5,0.9637997432605905,0.3044792987031162,0.6341395209818533,断板,3.8599999999999994,-0.10067114093959739,415.07104707308565,4.145077720207258,0.613371340159126,0.5159810445724896,0.9576053442959918,0.2691373360222602,0.009968432540704269,1369514256.0,-6.522027316523227,0.5181347150259086,1,SZSE.000592,2020-07-16,2020-07-16T09:30:00.000000,3.88,2020-07-17T11:30:00.000000,3.75,-4.120630878547649,1.5,未涨停卖出
SZSE.002108,沧州明珠,2020-08-26,6.38,6.84,6.08,6.18,6.66,-0.07207207207207211,285968178.0,1844220807.0,7.33,5.99,false,false,16.7498,20.1680864323834,87.6277154982,8762771549.82,56.459562455400004,false,false,true,断板,断板,断板,9天8板,22.118091918301953,6.618,6.554285714285716,-4.204204204204208,-5.7105492589363855,644.9042057399827,false,3.64,0.8228792062277246,0.03989793761511466,0.4998303557247084,0.009564650819035264,0.3003450675922441,0.0031273583687126258,0.013700120443154351,0.5045945393855724,22.601944575770226,1.8592964478422265,0.5166666666666667,0.982111363063744,0.31712204007285977,0.6496167015683019,断板,6.462857142857144,-0.09999999999999998,680.1523524422068,3.0503978779840626,0.6387237315341266,0.469055288853324,0.9808467741935484,0.296600688874705,0.013428452900724678,2632573754.0,-6.19748682642226,-1.2820512820513108,1,SZSE.002108,2020-08-26,2020-08-26T09:30:00.000000,6.38,2020-08-27T11:30:00.000000,6.1,-5.150557644032037,1.5,未涨停卖出
SZSE.002041,登海种业,2020-08-21,22.4,22.89,21.3,21.83,23.43,-0.06828851899274435,67107962.0,1476793112.0,25.77,21.09,false,false,13.565,7.625904772727273,192.104,19210400000.0,72.1653751798,false,false,true,断板,断板,断板,7天4板,9.527863977272727,22.9,22.12285714285714,-4.396073410157922,-1.3237763140901373,2200.6227994228166,true,12.9,0.8399160151665858,0.02532903348161978,0.7429540736621953,0.010941956346710099,0.6169460224134743,0.005020673861158676,0.012042987028026609,0.7245440465884571,23.962049778598548,1.8139204216423808,0.6333333333333333,0.9787341772151898,0.4520160616503799,0.7153751194327849,断板,21.618571428571425,-0.07427894112998812,2399.879777585462,8.37903918588517,0.7127601396276596,0.7189815358590391,0.9759371833839919,0.4495830958713273,0.011851167775711043,2226860853.0,-6.6619911163349315,3.614617062049841,1,SZSE.002041,2020-08-21,2020-08-21T09:30:00.000000,22.4,2020-08-24T11:30:00.000000,22.07,-2.258288275469542,1.5,未涨停卖出
SZSE.000518,四环生物,2020-08-04,6.35,7.15,6.08,6.89,6.56,0.05030487804878048,246254101.0,1636667238.0,7.22,5.9,false,false,8.39685,23.91894741234581,70.9364236958,7093500924.7699995,64.3011361785,false,false,true,断板,断板,断板,3天3板,16.730958253430853,6.186,5.781428571428571,-3.2012195121951215,19.174697306646898,664.6253732846463,false,4.04,0.5268837727542024,0.018453327276851388,0.47835867011013383,0.0054913754483993105,0.24743716212090938,-0.0022470232869761307,0.005762246193477094,0.4187872382421802,27.747197239717117,2.1407185170474925,0.5166666666666667,0.8827427988784093,0.31214937235066603,0.5974460856145377,炸板,5.444285714285714,0.026604068857589924,678.2551472386039,20.493308842823406,0.5827262576508229,0.4663963174529002,0.8357980622131566,0.32965445308848923,0.0045313751139124826,1615210115.0,-6.377415256590324,16.63605352925741,1,SZSE.000518,2020-08-04,2020-08-04T09:30:00.000000,6.35,2020-08-05T11:30:00.000000,6.62,3.4212755278100255,1.5,未涨停卖出
SZSE.002177,御银股份,2020-08-24,6.52,7.25,6.52,7.04,6.79,0.036818851251841034,185239812.0,1292454775.0,7.47,6.11,false,false,8.84567,24.335513748006687,53.587867097600004,5358786709.76,42.834597273600004,false,false,true,断板,断板,断板,4天3板,15.454042095231847,6.718000000000001,6.385714285714286,-3.9764359351988285,10.246085011185675,697.7197617756166,false,4.52,0.6704187591608664,0.017025483377509056,0.7440438730828395,0.007414059597829649,0.1170055427214399,0.0012073693966606915,0.007474337293414844,0.5412073511900249,27.17223434999823,2.210210161359919,0.5,0.9251512096774194,0.37704893310985543,0.6511000713936375,断板,6.107142857142857,-0.030000000000000027,696.1142679554242,11.18128654970761,0.6360577165110471,0.7453443218131104,0.9055696202531646,0.3665458127689297,0.00678831082362801,1468742952.0,-6.33721645800962,6.760233918128655,1,SZSE.002177,2020-08-24,2020-08-24T09:30:00.000000,6.52,2020-08-25T11:30:00.000000,6.72,2.246229804707541,1.5,未涨停卖出
SZSE.000516,国际医学,2020-07-15,6.35,6.45,5.95,6.13,6.61,-0.07261724659606661,115606879.0,707947338.0,7.27,5.95,false,false,42.1158,5.9930938679761825,120.8253222126,11824780053.199999,86.2789286413,false,false,true,断板,断板,断板,6天3板,5.948339473677171,6.25,5.968571428571429,-3.9334341906202823,2.704643370033502,612.3747515059204,true,3.96,0.7671924755986643,0.030004263357265994,0.280034779163688,0.004559113281868489,0.08051957561118951,-0.0009830817254141417,0.0079854847947632,0.31761175738493375,33.939393052208885,2.2444443940691365,0.45,0.9234326824254881,0.23891372107198502,0.5811732017487365,断板,5.767142857142857,0.0,668.2626524247137,14.614812979935607,0.4525828835774865,0.2292133873567329,0.905165767154973,0.0,0.007237038172583819,687776951.0,-4.977481878423706,10.106514738667327,1,SZSE.000516,2020-07-15,2020-07-15T09:30:00.000000,6.35,2020-07-16T11:30:00.000000,5.93,-7.35828340182576,1.5,未涨停卖出
SZSE.000564,供销大集,2020-07-15,5.11,5.2,4.8,4.88,5.29,-0.07750472589792068,254767161.0,1264373242.0,5.82,4.76,false,false,3.65102,12.70091618726156,293.1820176728,9788772143.28,88.5682429368,false,false,true,断板,断板,断板,2天2板,19.565369042069214,5.246,5.107142857142857,-3.402646502835533,-4.447552447552443,496.28579956582394,true,3.88,0.07809212730208583,0.0046166250622850045,0.7251046460762999,0.013134788793457218,0.7299996647855896,0.009862678771594769,0.010449523040664042,0.5971706479342439,14.535677866743212,1.4534605993995822,0.5333333333333333,0.9640287769784173,0.3857513711856195,0.6748900740820184,断板,5.057142857142858,-0.09880749574105618,547.1197951565313,4.604519774011286,0.6746766190098646,0.7417315627616182,0.9645335389360061,0.3848196990837231,0.010410806044160802,2091233583.0,-6.601807406035709,1.0451977401129797,1,SZSE.000564,2020-07-15,2020-07-15T09:30:00.000000,5.11,2020-07-16T11:30:00.000000,4.64,-9.921176351346103,1.5,止损卖出
SHSE.600187,*ST国中,2020-08-07,3.0,3.1,2.81,2.86,3.08,-0.07142857142857151,132298093.0,384138855.0,3.39,2.77,false,false,5.06028,7.998989244516487,47.3025446608,4730254466.08,35.1297154208,false,false,true,断板,断板,断板,3天3板,6.964610182300532,2.944,2.7885714285714287,-2.5974025974025996,2.5614754098360564,290.35857304458654,false,2.17,0.31885951539385965,0.00937872534862187,0.5859129531984094,0.0041896169415232215,0.03216451625338124,0.00037332594082642114,0.004082551322733911,0.36637773455399103,34.12084471115305,2.5555554902469155,0.48333333333333334,0.7732247391193688,0.3127941980726794,0.5430094685960241,断板,2.722857142857143,-0.04049844236760125,323.1367220000484,13.11647429171039,0.5197958473814654,0.5525393172751712,0.747135217723453,0.2924564770394778,0.0036257119429038776,744286974.0,-7.160041067707845,10.178384050367262,1,SHSE.600187,2020-08-07,2020-08-07T09:30:00.000000,3.0,2020-08-10T11:30:00.000000,2.78,-8.071713147410376,1.5,未涨停卖出
SZSE.000738,航发控制,2020-07-22,18.41,19.92,18.38,18.59,18.91,-0.0169222633527234,85851806.0,1640831489.0,20.8,17.02,false,false,1.79943,7.493822294000443,212.97491267910002,21297343477.41,88.53882853530001,false,false,true,断板,断板,断板,2天2板,6.25454464902114,18.074,17.81714285714286,-2.644103648863035,4.337716484926226,1911.2370088056157,false,12.96,0.8710426634386961,0.019066198021529326,0.5970135760730774,0.005296249594101733,0.2594154177887938,0.0016196803619994485,0.006947268509956566,0.550539946060916,31.401916655832085,2.329213428893714,0.6,0.8925281473899693,0.44508609982999936,0.6688071236099844,断板,17.534285714285716,-0.021727884117951235,1934.781829369326,7.8458530226494965,0.6624418746349225,0.5824787337494324,0.8846153846153846,0.44026836465446045,0.00667379615773226,2150068757.0,-4.847152683871125,4.994296887730165,1,SZSE.000738,2020-07-22,2020-07-22T09:30:00.000000,18.41,2020-07-23T11:30:00.000000,18.84,1.5202633247563786,1.5,未涨停卖出
SHSE.603987,康德莱,2020-08-05,19.9,20.99,19.3,20.52,20.81,-0.013935607880826484,31716440.0,635037488.0,22.89,18.73,false,false,2.21159,7.267428778307086,90.6181668,8955317880.0,50.898357936,false,false,true,断板,断板,断板,2天2板,6.836524761754186,20.416,19.41857142857143,-4.372897645362808,5.672037077907742,2002.2344500202419,false,14.92,0.36541439124597414,0.00809578097851378,0.7831039673661742,0.005899878308478667,0.9220404995885383,0.00606292849111964,0.006387973897277982,0.7412470118088433,23.835246079305385,2.281976692111869,0.5333333333333333,0.898343949044586,0.47423825346063325,0.6862911012526096,断板,19.11285714285714,-0.06303466906798749,2154.501367757809,8.8795874131101,0.6833472813550696,0.7777382628793547,0.8954881468264083,0.471206415883731,0.006106223100078568,1340816007.0,-7.635240813469791,4.11839449884146,1,SHSE.603987,2020-08-05,2020-08-05T09:30:00.000000,19.9,2020-08-06T11:30:00.000000,19.4,-3.289355142245097,1.5,未涨停卖出
SZSE.000501,武商集团,2020-08-05,23.5,25.6,23.06,24.49,24.13,0.014919187733112294,45828792.0,1121379491.0,26.54,21.72,false,false,6.76217,5.969177328060547,188.3263198219,18802375174.949997,101.9783253225,false,false,false,,未涨停,未涨停,3天2板,7.3349891692003615,24.535999999999998,23.571428571428573,-2.61085785329465,3.8969696969696836,2446.8886088029553,false,14.13,0.1226048577988507,0.0056388415265516524,0.8783551994226872,0.01462864273825203,0.6571208364118566,0.007061102945369153,0.010560420558047092,0.6608348221946708,17.98767499637136,1.6416666397159725,0.55,0.9645859872611465,0.41695490206507724,0.6907704446631119,断板,22.841428571428573,-0.07900763358778629,2498.042562062137,5.641378447682772,0.6886383340675798,0.8718024194239523,0.9650777466224828,0.41219892151267684,0.010299415853480053,1556391754.0,-5.926342661668982,2.8832322221527207,1,SZSE.000501,2020-08-05,2020-08-05T09:30:00.000000,23.5,2020-08-06T11:30:00.000000,24.22,2.242604051877584,1.5,未涨停卖出
SZSE.002030,达安基因,2020-08-05,43.5,47.26,42.1,46.36,45.35,0.022271223814773977,112201873.0,5061092371.0,49.89,40.82,false,false,14.6256,13.101893937534454,406.64848777199995,39701732108.96,263.61662878239997,false,false,true,断板,断板,断板,3天2板,17.980891641070016,44.71,42.6,-4.079382579933851,8.8262910798122,4510.702215282984,false,25.8,0.6808106837050694,0.020408750116563273,0.783162754041014,0.011967931770713841,0.8155523674409212,0.008348918847349113,0.01257039156287431,0.7724092239937972,19.943036644703156,1.668839607091073,0.6333333333333333,0.9763057324840765,0.4469889981117774,0.7116473652979269,断板,41.034285714285716,-0.04866792531990771,4743.5600693860915,10.517337418186882,0.709770909440294,0.7749088746190504,0.9747642110629621,0.4447776078176259,0.012002480536148458,8379954861.0,-8.29672363434465,6.008912407742661,1,SZSE.002030,2020-08-05,2020-08-05T09:30:00.000000,43.5,2020-08-06T11:30:00.000000,44.26,0.9363923615881417,1.5,未涨停卖出
SZSE.000897,津滨发展,2020-08-25,3.09,3.53,3.09,3.53,3.21,0.09968847352024923,113810282.0,389548407.0,3.53,2.89,false,false,5.95018,7.0372953854549625,57.089709860199996,5708873558.0199995,44.000456375599995,true,false,false,,涨停,5天4板,3天3板,4.515556014102276,3.116,2.9199999999999995,-3.738317757009349,20.890410958904123,342.2787468358966,false,2.29,0.5320741774320118,0.017000162087088044,0.34095199542576227,0.0034216762832128635,0.010727237383298014,0.00026989716655901046,0.005191839708991744,0.2801090044142729,29.020438292982355,2.465277717001834,0.5,0.8523185483870968,0.0,0.4261592741935484,炸板,2.757142857142857,-0.006191950464396245,332.6133813165349,16.42487046632124,0.3854586693548387,0.3445042708354665,0.7709173387096774,0.0,0.003968092514173262,758731216.0,-7.0993479646157205,12.07253886010362,1,SZSE.000897,2020-08-25,2020-08-25T09:30:00.000000,3.09,2020-08-26T11:30:00.000000,3.36,7.871426913704418,1.5,未涨停卖出
SZSE.002537,海联金汇,2020-08-27,8.55,8.64,8.04,8.15,8.93,-0.08734602463605812,127787641.0,1046663370.0,9.82,8.04,false,false,6.88648,10.323477388092035,100.8835719785,10088357197.85,43.5608164175,false,false,true,断板,断板,断板,2天2板,5.960478880824623,8.262,7.994285714285715,-4.255319148936159,1.9478198713366688,819.06463082764,true,6.25,0.25901390472656827,0.006817629413428414,0.7733955582862169,0.0064576547914444084,0.27828637443482207,0.001978717773682845,0.005185968610512741,0.5219864724188688,23.47549256775416,2.215909041806561,0.55,0.8684475806451613,0.3479834873366322,0.6082155339908968,炸板,7.888571428571429,0.007900677200902928,917.1938378207293,13.201738500543275,0.5965693654510985,0.7618192700573101,0.854875283446712,0.3382634474554849,0.005059585710275141,1858336047.0,-6.780882650553243,8.38464324520103,1,SZSE.002537,2020-08-27,2020-08-27T09:30:00.000000,8.55,2020-08-28T11:30:00.000000,8.25,-4.277626336758242,1.5,未涨停卖出
SHSE.600490,鹏欣资源,2020-08-10,4.75,4.88,4.56,4.69,4.88,-0.038934426229508046,82306874.0,388567464.0,5.37,4.39,false,false,13.9802,4.903000339616706,103.7844040051,7873122829.320001,63.61572120540001,false,false,false,,未涨停,未涨停,4天2板,6.659705988421445,4.716000000000001,4.634285714285715,-2.663934426229506,1.2022194821208263,472.0960050068236,false,3.1,0.8547077968918856,0.018526798572492575,0.685434657363446,0.006684366719362653,0.015980132333328168,-0.0004257841084830295,0.006919807841634933,0.5184529277600987,29.897185384651863,2.3710406677635607,0.5,0.8931569575171712,0.40502747452267696,0.6490922160199241,断板,4.5357142857142865,-0.008130081300813052,502.72827925587154,7.5905511811023425,0.6426672977248563,0.6593521289603127,0.8852125222702978,0.4001220731794148,0.006501529747372678,722279889.0,-5.515559875985964,4.724409448818889,1,SHSE.600490,2020-08-10,2020-08-10T09:30:00.000000,4.75,2020-08-11T11:30:00.000000,4.6,-3.929544977982802,1.5,未涨停卖出
SHSE.601598,中国外运,2020-09-04,4.04,4.12,3.84,3.93,4.21,-0.0665083135391924,171718033.0,681196582.0,4.63,3.79,false,false,1.06248,12.704446804336364,206.5575331875,5311934317.83,44.66165435520001,false,false,true,断板,断板,断板,2天2板,6.126592816530666,4.0520000000000005,3.922857142857143,-4.038004750593823,0.18208302986161626,396.69484334239957,false,3.27,0.594229680312225,0.010123482535803236,0.25203014680332564,0.0020002702967968963,0.11388264974735662,0.000556784928011261,0.003191867133962474,0.2790258043883148,32.69896774436706,3.0645160351196696,0.48333333333333334,0.7147516307074762,0.0,0.3573758153537381,断板,3.874285714285714,-0.04966139954853266,442.2397463554773,8.665191740412984,0.35294855708908407,0.23116172380518332,0.7058971141781681,0.0,0.0030839619271179016,1167045766.0,-8.646836172147154,4.277286135693226,1,SHSE.601598,2020-09-04,2020-09-04T09:30:00.000000,4.04,2020-09-07T11:30:00.000000,3.81,-6.444518953887435,1.5,未涨停卖出
SHSE.600418,江淮汽车,2020-11-26,9.99,9.99,9.5,9.58,10.43,-0.08149568552253117,163476660.0,1586389918.0,11.47,9.39,false,false,6.32058,8.634427389554387,181.37930080860002,18137930080.86,117.49787612,false,false,false,,未涨停,未涨停,2天2板,8.99502110459477,10.092,9.73,-4.2186001917545495,-1.5416238437821206,970.4075909062492,false,7.58,0.27865189598571033,0.006147791543798243,0.30010853431365014,0.003064968201619275,0.19858458617924954,-0.0013666910886391845,0.002352035082977531,0.265360022207742,26.559525394096074,2.6745842515063694,0.4666666666666667,0.8504283965728274,0.0,0.4252141982864137,断板,9.647142857142857,0.011639185257031892,1068.2737195096097,8.114911891011403,0.4229921645445642,0.2282502794217741,0.8459843290891284,0.0,0.0023382573649376555,2318833778.0,-6.484641365268229,3.553976010661941,1,SHSE.600418,2020-11-26,2020-11-26T09:30:00.000000,9.99,2020-11-27T11:30:00.000000,9.43,-6.357752174485245,1.5,未涨停卖出
SZSE.002338,奥普光电,2020-09-22,26.56,29.33,26.56,28.18,27.43,0.02734232592052499,18515148.0,519213241.0,30.17,24.69,false,false,3.2452,7.7148378709467735,67.632,6763030920.0,35.4079490688,false,false,true,断板,断板,断板,2天2板,2.2164208271873465,26.03,25.16142857142857,-3.1717098067809006,11.996820530290135,2804.2618994998043,false,21.35,0.021048711923809076,0.0017634940761498325,0.610719633547263,-0.005574498723831865,0.4525911020710457,0.0054170780882299135,-0.0008094271202169919,0.445346889779707,21.604062008252402,2.152185598581132,0.5666666666666667,0.34221005475360877,0.32820351614836185,0.3352067854509853,炸板,24.31857142857143,0.00660550458715603,2874.726765738682,12.794454561475638,0.27556856998177187,0.6298064490779378,0.21325361235675136,0.3378835276067924,-0.0014407723961079285,798312629.0,-7.608610611119381,9.216941784644295,1,SZSE.002338,2020-09-22,2020-09-22T09:30:00.000000,26.56,2020-09-23T11:30:00.000000,26.13,-2.4028884462151328,1.5,未涨停卖出
SHSE.600391,航发科技,2020-08-12,30.3,30.4,28.58,28.58,31.76,-0.10012594458438295,32020543.0,931999238.0,34.94,28.58,false,false,2.34988,9.699392480887651,94.35097308859999,9435097308.859999,60.3672653196,false,false,false,,未涨停,未涨停,3天3板,8.605150133967532,30.71,29.244285714285716,-4.596977329974814,-2.271506032924638,2910.6290858340535,true,18.62,0.6893512709412166,0.017599291252102897,0.6897004858353213,0.008390081994259509,0.3466757016938413,0.002734558420466739,0.008535266773690356,0.5867232076140564,22.30700662465773,1.9428104197712153,0.5333333333333333,0.9326556543837357,0.38667327944813784,0.6596644669159367,断板,28.787142857142857,0.014696485623003186,3205.8754352598075,10.327030916579826,0.6547928105917445,0.6501932228191312,0.9328585961342828,0.37672702504920635,0.008453049577335645,1339182395.0,-5.486034589037447,5.255322316510358,1,SHSE.600391,2020-08-12,2020-08-12T09:30:00.000000,30.3,2020-08-13T11:30:00.000000,30.33,-0.6985917715277543,1.5,未涨停卖出
SHSE.600831,广电网络,2020-08-12,8.18,9.13,8.18,8.88,8.48,0.04716981132075482,73176932.0,636576094.0,9.33,7.63,false,false,6.39494,10.300924117782117,63.082801963200005,6308280196.320001,43.37012610480001,false,false,true,断板,断板,断板,2天1板,5.956950546033383,8.296,8.084285714285716,-3.537735849056612,9.842728397243311,869.91361430676,false,7.2,0.1570999428484709,0.00392104369155722,0.000015948528389343805,0.000015115829922945374,0.24105801589427486,-0.001638160753574389,0.0003003184272006001,0.10374536760217132,25.11804658402456,2.846153765147932,0.5,0.206861499364676,0.0,0.103430749682338,断板,7.90857142857143,-0.02863688430698741,911.4964210903951,7.225433526011544,0.07095625635808749,0.0012459294667549752,0.14191251271617497,0.0,-0.0003407810785178729,961412335.0,-10.257464420820018,3.432080924855474,1,SHSE.600831,2020-08-12,2020-08-12T09:30:00.000000,8.18,2020-08-13T11:30:00.000000,8.42,2.1137942119054416,1.5,未涨停卖出
SZSE.000616,*ST海投,2020-08-12,3.02,3.23,2.98,3.18,3.14,0.01273885350318471,75484749.0,232410850.0,3.45,2.83,false,false,28.1873,5.277788569520692,45.481454715,4548145471.5,36.2622500622,false,false,true,断板,断板,断板,3天2板,6.623148998808359,3.21,3.1242857142857146,-3.821656050955417,1.7832647462277058,307.8911344065011,false,2.6,0.4465735443162913,0.00760246790576394,0.02667457846948138,0.0006264680147520805,0.37081883193392856,0.001952165134837898,0.0024193771289801975,0.2138976476781775,21.511501022232306,3.348623741078196,0.48333333333333334,0.570266836086404,0.0,0.285133418043202,断板,3.0800000000000005,-0.08720930232558133,327.19461991002476,1.9480519480519352,0.25673957273652087,0.0179904579725284,0.5134791454730417,0.0,0.0020095303101942464,488398282.0,-7.700193822549107,-1.9480519480519654,1,SZSE.000616,2020-08-12,2020-08-12T09:30:00.000000,3.02,2020-08-13T11:30:00.000000,3.11,2.1595736260256846,1.5,未涨停卖出
SZSE.002081,金螳螂,2020-08-12,12.05,12.2,11.35,11.53,12.57,-0.0827366746221162,111654157.0,1311732008.0,13.83,11.31,false,false,29.3671,4.285934057575917,309.3912568417,30037149730.16,149.769483828,false,false,true,断板,断板,断板,3天3板,4.414567468348147,11.739999999999998,11.059999999999999,-4.136833731105804,4.2495479204340025,1174.8169913637878,true,7.82,0.6176488661038856,0.01773242003509881,0.5613580568286846,0.00537365692421542,0.11072641097926214,0.0009216372698278746,0.006509803650075835,0.43742672492889806,31.01569051300373,2.323579980433168,0.5333333333333333,0.8775095298602287,0.3367186135854971,0.6071140717228629,断板,10.725714285714286,-0.006324110671936722,1274.1491962232944,17.194992008524242,0.586329203130315,0.5266530433828082,0.853001017293998,0.31965738896663204,0.005940737960672992,2387796736.0,-5.427087850328627,12.346830047948853,1,SZSE.002081,2020-08-12,2020-08-12T09:30:00.000000,12.05,2020-08-13T11:30:00.000000,11.81,-2.772643864376518,1.5,未涨停卖出
SZSE.002670,国盛证券,2020-08-12,10.88,11.25,10.73,10.99,11.23,-0.021371326803205748,49454644.0,540986246.0,12.35,10.11,false,false,2.33081,3.0472897359105615,212.66580336470003,17835735511.3,57.175503683900004,false,false,false,,未涨停,未涨停,2天2板,7.414960764175436,11.419999999999998,11.075714285714286,-3.1166518254674944,-0.7738939765252133,1093.9038323680988,false,9.08,0.13369139977581337,0.003950512088245963,0.615887397510038,0.00497298736900931,0.01520053258649187,-0.00038045211234873566,0.0031624604684492266,0.33924213848612916,27.595940783173543,3.103274462890827,0.48333333333333334,0.6630241423125794,0.2719200783925225,0.467472110352551,断板,10.98,-0.013181019332161759,1160.4397986915883,2.2768670309653913,0.4514308648697126,0.6149097562597415,0.6398779247202442,0.26298380501918106,0.0029192725254730528,856697362.0,-6.242443491964433,-0.910746812386154,1,SZSE.002670,2020-08-12,2020-08-12T09:30:00.000000,10.88,2020-08-13T11:30:00.000000,10.62,-3.167477150222658,1.5,未涨停卖出
SHSE.600151,航天机电,2020-08-18,7.3,8.45,7.18,8.45,7.68,0.10026041666666652,148858293.0,1155365021.0,8.45,6.91,false,false,4.49123,10.378808132240405,121.1943182515,12119431825.15,75.474476922,true,false,false,,涨停,8天5板,5天4板,12.768196687560868,7.558,7.462857142857142,-4.947916666666666,13.227411944869838,776.1509269758991,false,4.88,0.7816883455380031,0.02578274727201065,0.5377278330312554,0.006403761382657945,0.47582925234765056,0.003023915450776205,0.009265604780963964,0.5679503613275235,24.95186858279814,2.144670004765326,0.5666666666666667,0.9510649087221096,0.38257303869172316,0.6668189737069163,断板,7.148571428571429,0.04347826086956519,778.0931927225887,7.4340527577937605,0.6594325092705411,0.546507549360824,0.9276649746192893,0.39120004392179275,0.008123111723414457,1050988924.0,-6.1809039292977435,2.118305355715422,1,SHSE.600151,2020-08-18,2020-08-18T09:30:00.000000,7.3,2020-08-19T11:30:00.000000,8.99,22.16940457348688,1.5,未涨停卖出
SZSE.000877,天山股份,2020-08-14,22.45,23.05,21.11,21.25,23.45,-0.09381663113006389,140849467.0,3058213419.0,25.8,21.11,false,false,6.70179,16.003895393558007,222.8536287875,18702016603.75,120.63907412500001,false,false,true,断板,断板,断板,13天13板,5.018291101355423,22.06,20.905714285714286,-4.264392324093817,1.646849801831352,2171.26374997216,true,15.76,0.3197136773451077,0.00937252221462781,0.8735600129655375,0.00943929319945894,0.7693229819604028,0.005439694261745114,0.008226059321178567,0.7315196365399111,26.45946370553819,1.90669672812965,0.45,0.9321473951715374,0.47107643034026603,0.7016119127559017,断板,20.444285714285716,-0.022101751459549623,2402.7517764703443,14.701977499825297,0.7010143328183152,0.8667652655045065,0.9235264227642277,0.47850224287240267,0.00792638033942953,4853142552.0,-6.565462900295205,9.810635175738923,1,SZSE.000877,2020-08-14,2020-08-14T09:30:00.000000,22.45,2020-08-17T11:30:00.000000,21.3,-5.878490492373476,1.5,未涨停卖出
SHSE.603198,迎驾贡酒,2020-11-16,31.01,34.77,31.01,33.82,32.64,0.03615196078431371,31194679.0,1039698819.0,35.9,29.38,false,false,1.18173,3.8993348749999996,270.56,27056000000.0,68.02898073,false,false,true,断板,断板,断板,2天1板,5.38834375,33.2,32.17,-4.9938725490196045,5.129002175940312,3332.936424830658,false,20.03,0.8637715834626799,0.0250302030423874,0.3917988331197528,0.005672696279312923,0.29514907849775823,0.0022126935283857075,0.008506196806649654,0.4571984568017398,26.515544887029506,2.233374334356843,0.55,0.9842983316977428,0.3168943753561618,0.6505963535269523,断板,31.81714285714285,-0.10008271298593885,3366.122667744917,2.5862068965517446,0.6364092890300574,0.36251739477185796,0.9828263002944063,0.2899922777657085,0.0081589541970512,1043609412.0,-7.876203392270664,-2.536817528735613,1,SHSE.603198,2020-11-16,2020-11-16T09:30:00.000000,31.01,2020-11-17T11:30:00.000000,34.98,11.90349855013996,1.5,未涨停卖出
SZSE.002190,成飞集成,2020-08-13,28.79,31.25,28.08,30.1,29.79,0.010406176569318637,19489298.0,577256647.0,32.77,26.81,false,false,2.63562,5.645988977693925,107.97753224300001,10390170298.2,49.5805996,false,false,false,,未涨停,未涨停,2天2板,3.4482536553040766,30.356,28.92142857142857,-3.3568311513930853,4.075080266732534,2961.91605772563,false,21.77,0.49522342634720934,0.012594288209579606,0.7653174983126669,0.006273816118033456,0.06230314077228757,0.0008358932336745123,0.005906533671035003,0.5003943766574617,27.831300021042743,2.1892416889484223,0.5833333333333334,0.8605182926829268,0.3663702662834762,0.6134442794832015,断板,28.08142857142857,-0.09972801450589319,3027.250635236587,6.084346543216156,0.59593810933537,0.7658551384305012,0.8404066073697586,0.35146961130098126,0.005632826978713899,661053032.0,-4.897203869114108,2.523274151701682,1,SZSE.002190,2020-08-13,2020-08-13T09:30:00.000000,28.79,2020-08-14T11:30:00.000000,31.1,7.162873341645594,1.5,未涨停卖出
SZSE.002646,天佑德酒,2020-12-14,17.61,19.81,17.61,19.4,18.26,0.06243154435925513,49346297.0,939859359.0,20.09,16.43,false,false,1.08648,10.970337959561878,87.3,8726423610.0,35.46596159,false,false,false,,未涨停,未涨停,2天2板,11.08846290697089,18.711999999999996,17.92142857142857,-3.5596933187294746,8.25029892387405,1904.6198319602381,false,10.06,0.012461809961231326,-0.0017850013917410767,0.7334696721360517,0.013688549589966532,0.36142971478413627,0.004032356510668463,0.007696981469835589,0.47765611249551304,21.776024752544256,1.831046278651082,0.5333333333333333,0.9831953239162202,0.3288761179591672,0.6560357209376937,断板,17.33285714285714,-0.06406970784213228,1884.045421306646,5.3490480507706515,0.6546116948865741,0.7158613902647151,0.9824604141291109,0.32676297564403745,0.007578313406564347,946848693.0,-6.530915864083053,1.5989450259622728,1,SZSE.002646,2020-12-14,2020-12-14T09:30:00.000000,17.61,2020-12-15T11:30:00.000000,20.2,13.793548124367941,1.5,未涨停卖出
SHSE.600586,金晶科技,2020-12-17,5.72,6.26,5.61,6.15,5.89,0.04414261460101887,183979098.0,1086435149.0,6.48,5.3,false,false,13.0542,12.876746992168089,87.869355,8786935500.0,59.085185403000004,false,false,false,,未涨停,未涨停,2天2板,6.486586819432098,5.8340000000000005,5.515714285714286,-2.8862478777589122,11.4996114996115,590.5209672242224,false,3.89,0.5720858262092199,0.01269157548602667,0.8578071650731197,0.009498271311837175,0.49479973770457675,0.00330334062728063,0.00827845294130811,0.6917606690897768,25.791586958739376,1.972560936699789,0.55,0.983698296836983,0.43085472538888436,0.7072765111129337,断板,5.338571428571429,-0.048465266558966213,607.0252534027154,10.329141022210315,0.7066617931608266,0.8557842060088845,0.9827292629530527,0.4305943233686003,0.007673834081081327,1197785253.0,-5.769982913623339,7.144768530907131,1,SHSE.600586,2020-12-17,2020-12-17T09:30:00.000000,5.72,2020-12-18T11:30:00.000000,5.98,3.7124230351322005,1.5,未涨停卖出
SHSE.601456,国联民生,2020-12-04,21.16,21.76,20.4,21.0,21.94,-0.042844120328167756,100425773.0,2117002527.0,24.13,19.75,false,false,1.0,21.1103136515464,406.45059000000003,9990099000.0,99.90099000000001,false,false,true,断板,断板,断板,2天1板,39.05911283762053,21.101999999999997,20.40857142857143,-3.5551504102096674,2.8979420411591645,2108.0271167043943,false,14.11,0.7502989522501597,0.015313573067706301,0.002476863201547201,0.00026796224694195723,,,0.0031966957370122393,0.15129822205080556,23.77184994929833,2.5107065750791553,0.4166666666666667,0.9081807081807082,0.0,0.4540903540903541,断板,20.092857142857145,-0.03645147123407988,2238.0428334919343,9.193032349804472,0.45101392621548986,0.0002596044541781953,0.9020278524309797,0.0,0.003060010040768482,3726050596.0,-5.453105350156129,5.311055812300025,1,SHSE.601456,2020-12-04,2020-12-04T09:30:00.000000,21.16,2020-12-07T11:30:00.000000,21.25,-0.3748710262918141,1.5,未涨停卖出
SZSE.002670,国盛证券,2020-12-04,15.31,17.5,15.0,15.5,15.97,-0.029430181590482163,222133283.0,3543714361.0,17.57,14.37,false,false,2.33081,13.68764296063624,299.938121215,25154556532.5,80.63394593,false,false,true,断板,断板,断板,5天4板,7.472983980342807,14.489999999999998,13.502857142857142,-4.132748904195367,14.790520524756676,1595.30994776681,false,8.85,0.7311288900778173,0.03146699188391637,0.16776568226512995,0.0034789378876739145,0.008106956316160248,0.00030731912098834935,0.008125063056916737,0.2325407060429765,27.363389150281982,2.023121346353036,0.5166666666666667,0.9841269841269841,0.0,0.49206349206349204,炸板,12.652857142857142,0.06608811748998655,1628.985139953281,26.216551879869044,0.48900561935010994,0.11753032290009648,0.9780112387002199,0.0,0.006868910895939758,2877036324.0,-6.015103364054708,21.000338715140575,1,SZSE.002670,2020-12-04,2020-12-04T09:30:00.000000,15.31,2020-12-07T11:30:00.000000,15.98,3.5445416244883226,1.5,未涨停卖出
SHSE.600418,江淮汽车,2020-12-16,12.35,12.77,11.81,12.41,12.89,-0.03723816912335143,249824377.0,3063838530.0,14.18,11.6,false,false,6.32058,13.19509735118861,234.96003371970002,23496003371.97,152.3092949759,false,false,false,,未涨停,未涨停,7天3板,16.87163015182879,12.35,12.034285714285714,-4.189294026377043,3.1220322886989607,1226.39694604342,false,8.3,0.7102883477887477,0.01595633920129581,0.7991050151454707,0.0083469075696586,0.005666688903601135,0.00028412009139150527,0.007449957652505914,0.5433101838015653,22.8834475139232,2.094720453015871,0.5,0.9817562636828022,0.36092682344062704,0.6713415435617146,断板,11.688571428571427,-0.014525993883792054,1307.9525163413755,10.278660474211705,0.6714735902864116,0.7828032268446005,0.9815040155755659,0.3614431649972573,0.007229677759001154,4102191015.0,-5.577611987432041,5.658763138596923,1,SHSE.600418,2020-12-16,2020-12-16T09:30:00.000000,12.35,2020-12-17T11:30:00.000000,12.69,1.934287142926264,1.5,未涨停卖出
SHSE.600006,东风股份,2020-12-24,10.0,10.19,9.38,9.38,10.42,-0.09980806142034537,173189377.0,1647012479.0,11.46,9.38,false,false,3.67717,8.65946885,187.6,18760000000.0,74.85240000000002,false,false,false,,未涨停,未涨停,6天5板,11.6267499,9.736,9.16,-4.030710172744721,2.401746724890837,950.9893202052456,true,5.62,0.6239205567438667,0.02898047345627012,0.5876604718113538,0.00882380227535772,0.6933686195897808,0.005588168923401802,0.011884446505953425,0.6266249331313845,22.411009244137915,1.7209302029421314,0.6,0.9859393939393939,0.376192956918765,0.6810661754290794,断板,8.815714285714284,0.02257114818449457,1054.9239024060832,18.198023010857256,0.6802031343665952,0.5772169353295848,0.9859257461781121,0.3744805225550782,0.01117840181181448,3565196167.0,-5.206432642279902,13.433803273375489,1,SHSE.600006,2020-12-24,2020-12-24T09:30:00.000000,10.0,2020-12-25T09:30:00.000000,8.62,-14.486852589641435,1.0,大幅低开卖出
SZSE.000927,中国铁物,2021-01-05,5.58,5.58,5.21,5.21,5.79,-0.10017271157167529,40984690.0,216235946.0,6.37,5.21,false,false,1.58818,2.5692976507044736,290.29085476349996,8310840701.6,63.4559669136,false,false,true,断板,断板,断板,6天3板,0.7066412179419315,5.636000000000001,5.585714285714286,-3.6269430051813467,-6.726342710997453,527.6017605598579,true,4.08,0.8397970745239607,0.01863898933343839,0.7149713280582183,0.006239802720826971,0.4506358024020089,0.0021214714206358497,0.007484140653291918,0.6606358196545039,38.34733221695826,2.3529411211072677,0.5333333333333333,0.9652173913043478,0.4490779702970297,0.7071476808006888,炸板,5.567142857142857,-0.005154639175257825,611.0024249091425,4.003079291762903,0.7210125192417408,0.6979817175382879,0.967391304347826,0.4746337341356556,0.007500821421945916,468435946.0,-8.67466686683348,0.23094688221709792,1,SZSE.000927,2021-01-05,2021-01-05T09:30:00.000000,5.58,2021-01-06T11:30:00.000000,5.28,-6.130317439917749,1.5,未涨停卖出
SZSE.000718,苏宁环球,2021-01-11,4.23,4.82,4.23,4.82,4.38,0.10045662100456632,164943711.0,773976872.0,4.82,3.94,false,false,8.05557,7.20535465272137,146.2694737088,11033859196.92,60.017348240000004,true,false,false,,涨停,5天4板,3天3板,2.6890575505031786,4.308,4.051428571428572,-3.4246575342465633,18.9703808180536,469.23697018069396,false,3.16,0.4932283900070826,0.016069874883340312,0.3945699523607325,0.003577699911066467,0.0007541455135070178,-0.000060045500986180436,0.004984811281905442,0.2961568978358349,32.490164519477574,2.6084655404246817,0.45,0.9324813117916566,0.0,0.4662406558958283,断板,3.845714285714286,-0.02882483370288247,456.6077565240554,13.893016344725098,0.45236372407139414,0.39171721220144523,0.9047274481427883,0.0,0.0036244753065732193,1012607990.0,-7.360312225069443,9.992570579494808,1,SZSE.000718,2021-01-11,2021-01-11T09:30:00.000000,4.23,2021-01-12T15:00:00.000000,4.39,2.955553671837455,2.0,未涨停卖出
SHSE.600405,动力源,2021-01-07,7.31,8.31,7.11,8.31,7.55,0.10066225165562925,90830154.0,716272935.0,8.31,6.8,false,false,7.06395,16.41680546793394,46.2986620788,4597718972.88,40.8134708223,true,false,false,,涨停,6天5板,4天4板,5.922264058245361,7.553999999999999,7.037142857142858,-3.1788079470198705,18.087697929354434,788.5849615536268,false,5.26,0.6374754580678464,0.02054303313437739,0.21384563564379475,0.0026088206985912243,0.3099758328764077,0.0014689857329151308,0.00585371269604563,0.327410659298389,26.924449319917606,2.5202311503571795,0.48333333333333334,0.9476603955619874,0.19204018980158408,0.5698502926817858,断板,6.675714285714286,-0.05742821473158555,800.6954114576205,13.0965118767387,0.4651218923485397,0.17069713460714303,0.9302437846970794,0.0,0.004638610442127544,1431264947.0,-8.70436004257149,9.50139096939866,1,SHSE.600405,2021-01-07,2021-01-07T09:30:00.000000,7.31,2021-01-08T11:30:00.000000,7.76,5.310086602972521,1.5,未涨停卖出
SZSE.000700,模塑科技,2021-01-07,6.0,6.84,5.9,6.84,6.22,0.09967845659163999,130584223.0,873677807.0,6.84,5.6,false,false,15.9072,16.179796609782073,62.726401602,5520440750.04,38.3699925936,true,false,false,,涨停,4天3板,2天2板,0.8125142370140462,6.2219999999999995,5.984285714285714,-3.5369774919614105,14.299355454762477,669.0531114160706,false,5.26,0.015720368069216433,0.0014011926103406022,0.08425060615046907,-0.0009047876257080218,0.7599250609666179,-0.0029017608444199196,-0.0010426835441118662,0.2732468949790632,29.806872767880556,3.481131954288897,0.43333333333333335,0.5781476121562952,0.0,0.2890738060781476,断板,5.7700000000000005,-0.05757575757575761,633.2347841778245,7.798960138648167,0.3561184244329574,0.1533119211596511,0.4593289886555636,0.2529078602103512,-0.0018309331859875915,413243587.0,-5.248414175632455,3.986135181975725,1,SZSE.000700,2021-01-07,2021-01-07T09:30:00.000000,6.0,2021-01-08T11:30:00.000000,6.21,2.675298804780875,1.5,未涨停卖出
SHSE.600655,豫园股份,2021-01-13,13.11,14.93,13.1,14.21,13.63,0.042553191489361764,149637415.0,2128535356.0,14.99,12.27,false,false,162.725,9.321473210361377,551.8451317344001,22811283357.940002,136.0622920692,false,false,false,,未涨停,未涨停,6天6板,8.608295037419868,13.818000000000001,13.098571428571429,-3.8151137197358866,8.485112880357732,1422.4619932120586,false,7.96,0.6803036649491693,0.03178251626618272,0.2057132170735541,0.003962195346164364,0.0016160523292957879,-0.00013291426330417456,0.008297726647327473,0.23940215722539965,28.752896975323583,2.091906677775615,0.45,0.9684261267775368,0.0,0.4842130633887684,断板,12.465714285714284,-0.020129403306973326,1380.849375533899,9.339903735961512,0.4808341369334619,0.16414487192579527,0.9616682738669238,0.0,0.007183738188416902,1833042721.0,-5.058435537684359,5.168462067384838,1,SHSE.600655,2021-01-13,2021-01-13T09:30:00.000000,13.11,2021-01-14T11:30:00.000000,13.42,1.5489529296999545,1.5,未涨停卖出
SHSE.600655,豫园股份,2021-01-12,13.52,14.45,13.35,13.63,13.91,-0.020129403306973326,132747478.0,1833042721.0,15.3,12.52,false,false,162.725,8.26933598071068,529.3208406432,21880210567.82,130.5087291276,false,false,true,断板,断板,断板,6天6板,6.600351596794013,13.344000000000003,12.465714285714284,-2.8037383177570137,9.339903735961512,1380.849375533899,false,7.96,0.605755199104192,0.028438808446376862,0.16414487192579527,0.003220333736208005,0.015466698490975584,-0.00038063456320824233,0.007183738188416902,0.20786348533102872,28.97889718544286,2.091906677775615,0.45,0.9616682738669238,0.0,0.4808341369334619,断板,11.788571428571426,-0.02863128491620115,1450.6083235603426,17.99563742123124,0.4758861827827345,0.12537457819125022,0.951772365565469,0.0,0.006101619238725459,2638336870.0,-6.797722166540487,14.687348521570541,1,SHSE.600655,2021-01-12,2021-01-12T09:30:00.000000,13.52,2021-01-13T11:30:00.000000,14.42,5.806949715929177,1.5,未涨停卖出
SZSE.000301,东方盛虹,2021-01-15,12.13,12.45,11.47,11.47,12.74,-0.09968602825745676,190323682.0,2193690942.0,14.01,11.47,false,false,2.09458,10.98982705503085,554.5588854302,19863939820.06,140.9003346536,false,false,false,,未涨停,未涨停,5天3板,5.243704429950217,12.974,12.592857142857143,-4.788069073783355,-8.916619398752127,1152.610604706565,true,8.98,0.5723724829092756,0.019284944761544444,0.6427351623250817,0.008249771483110744,0.8068316400626893,0.006950141594547143,0.010066917172228403,0.6778915697632028,22.984978068972552,1.7299880226401116,0.55,0.9819233550253073,0.3728956697938861,0.6774095124095967,断板,12.495714285714286,-0.043543543543543506,1316.4425473069177,1.9549559849091145,0.6760975948188136,0.6517368096538987,0.980236201494336,0.37195898814329126,0.010049477496087582,724975495.0,-7.85773351966882,-2.9267177317937487,1,SZSE.000301,2021-01-15,2021-01-15T09:30:00.000000,12.13,2021-01-20T11:30:00.000000,13.74,12.37030443764922,3.5,未涨停卖出
SHSE.601766,中国中车,2021-01-18,6.96,7.44,6.95,7.28,7.14,0.019607843137255054,534118780.0,3848919663.0,7.85,6.43,false,false,1.24207,2.1955081135833012,1771.0636978944,177106369789.44,694.1036627616,false,false,true,断板,断板,断板,2天2板,3.1294949608585307,7.06,6.761428571428572,-2.521008403361341,7.669554193957323,720.6111837146037,false,5.24,0.7452850290170239,0.019236030029271715,0.19969227549065108,0.0021733271342466802,0.003570219231022897,-0.00010921739898540143,0.004901104353282063,0.24997420931803718,36.77800865982167,3.0468749071655306,0.43333333333333335,0.9378463020958805,0.0,0.46892315104794025,断板,6.598571428571428,-0.06422018348623859,734.8854542359252,8.205239229270411,0.4624005784526392,0.15462414044730594,0.9248011569052784,0.0,0.0042024128816535115,6543605283.0,-5.29136262145169,5.477376055423266,1,SHSE.601766,2021-01-18,2021-01-18T09:30:00.000000,6.96,2021-01-19T11:30:00.000000,7.03,0.20092045610658826,1.5,未涨停卖出
SHSE.600259,中稀有色,2021-03-05,46.3,48.2,44.5,46.92,47.91,-0.020663744520976746,33720601.0,1562333112.0,52.7,43.12,false,false,1.05137,11.173076548978218,141.60563493720002,14160563493.720001,70.5839560788,false,false,true,断板,断板,断板,3天2板,9.277374405352013,44.928000000000004,42.62285714285714,-3.3604675433103726,10.081780399517367,4633.171016139362,false,30.24,0.5839086871990389,0.014726866315322459,0.6586776364601049,0.006112237190233891,0.4467427093871092,0.002260971174794885,0.0066797832106199025,0.580143368485993,21.86668691512905,2.266930467519672,0.5,0.9752616555661275,0.32292259013200664,0.6490921228490671,断板,41.315714285714286,0.018278427205100867,4914.063150638399,15.960720583658924,0.6309351409415646,0.6352034137700384,0.9652711703139867,0.2965991115691425,0.005990861257043784,2512091933.0,-5.780616608508494,12.063898205456237,1,SHSE.600259,2021-03-05,2021-03-05T09:30:00.000000,46.3,2021-03-08T11:30:00.000000,47.05,0.8101503274160179,1.5,未涨停卖出
SZSE.002263,大东南,2021-01-20,3.43,3.87,3.43,3.87,3.52,0.09943181818181812,304330641.0,1129602202.0,3.87,3.17,false,false,4.52072,16.202088054140937,72.69253587,7269183927.0,52.066427751000006,true,false,false,,涨停,5天4板,3天3板,8.53515132662291,3.482,3.2899999999999996,-2.5568181818181777,17.62917933130701,371.17596778564274,false,2.48,0.6530190876370259,0.016571158541782177,0.4083963374507037,0.0036378725008906743,0.1097735395410036,0.0007249273571211913,0.00535064616593813,0.3677340481150581,26.646132961202976,2.3988094662666537,0.55,0.9475457170356112,0.19988084824899402,0.5737132826423026,炸板,3.1599999999999997,-0.03825136612021862,384.7683128183232,11.39240506329115,0.5648552663136863,0.40649897031164617,0.9296893811702384,0.20002115145713434,0.004374397881052079,1867401701.0,-10.855445063129466,8.544303797468377,1,SZSE.002263,2021-01-20,2021-01-20T09:30:00.000000,3.43,2021-01-21T11:30:00.000000,3.76,8.74751721975072,1.5,未涨停卖出
SHSE.600963,岳阳林纸,2021-03-30,6.45,6.47,6.08,6.08,6.75,-0.09925925925925927,183148031.0,1124660031.0,7.43,6.08,false,false,4.44703,10.146406778106606,109.74722902719999,10974722902.72,60.976952502399996,false,false,false,,未涨停,未涨停,2天2板,7.411018287107917,6.470000000000001,6.267142857142857,-4.444444444444442,-2.986095281513558,614.0715927216274,true,4.47,0.7250191050004265,0.013789518541040238,0.8348440759280998,0.007167473548287091,0.6623335600614141,0.003265809817106382,0.007321383427483508,0.7611259269825595,25.096316225799185,2.1478260408249534,0.5666666666666667,0.9818009926731269,0.47928506133293225,0.7305430270030295,断板,6.235714285714286,0.015037593984962294,686.97904947153,8.24742268041237,0.7340712103499749,0.832673979407452,0.9817923859068338,0.48635003479311595,0.007368514846951187,1507866549.0,-6.110673899564045,3.436426116838498,1,SHSE.600963,2021-03-30,2021-03-30T09:30:00.000000,6.45,2021-03-31T11:30:00.000000,6.0,-7.717965347910684,1.5,未涨停卖出
SHSE.603919,金徽酒,2021-03-30,36.09,36.97,34.5,35.07,37.4,-0.06229946524064167,32010180.0,1136762898.0,41.14,33.66,false,false,1.78313,6.515309330706431,177.8960809479,17230141434.87,54.9640954233,false,false,true,断板,断板,断板,5天4板,4.73061799034588,36.02,34.39857142857143,-3.502673796791431,1.9519083018397756,3551.254313471527,false,25.0,0.5341579278054107,0.017039869228617072,0.4919727323235512,-0.005734210264334967,0.004336224223359561,-0.00044049602937699006,0.00040871990474283413,0.35411881898986564,21.76432150789022,2.290655600600729,0.43333333333333335,0.6828173008744978,0.2582584870219274,0.47053789394821255,断板,33.14142857142857,-0.017341040462427793,3796.902331980909,12.84969179706022,0.4143060570052337,0.5530324796777595,0.5675100496571294,0.26110206435333805,-0.00030050510054651595,1494205644.0,-4.948832378389801,8.8969352127247,1,SHSE.603919,2021-03-30,2021-03-30T09:30:00.000000,36.09,2021-03-31T11:30:00.000000,34.33,-5.634651750438002,1.5,未涨停卖出
SHSE.600055,万东医疗,2021-02-18,13.67,14.51,13.61,13.68,14.06,-0.027027027027027084,41754498.0,584070757.0,15.47,12.65,false,false,14.1711,7.720644847030552,73.9836560232,7398365602.32,60.9088789224,false,false,true,断板,断板,断板,7天6板,5.192391312474968,14.112,13.448571428571428,-2.7738264580369885,1.720841300191204,1398.8211689193342,false,9.17,0.6277021239812108,0.022317965525690146,0.01125781496902021,0.0006486867362572017,0.622866841905259,-0.0033570487769202704,0.0037808218401905493,0.31802938485233,27.680750501073213,2.448657128034462,0.5,0.9217370555953233,0.15800801689881946,0.5398725362470713,断板,12.952857142857143,-0.08164598301763548,1464.511462700571,8.54747987206353,0.5342130230664299,0.00045374151613807907,0.9129086136960153,0.15551743243684446,0.003207894274903297,1025872808.0,-6.658292897261397,5.5365611558398475,1,SHSE.600055,2021-02-18,2021-02-18T09:30:00.000000,13.67,2021-02-19T11:30:00.000000,13.01,-5.58643261627958,1.5,未涨停卖出
SHSE.600499,科达制造,2021-03-24,9.3,9.93,9.24,9.28,9.56,-0.029288702928870425,40373328.0,383462760.0,10.52,8.6,false,false,29.3856,2.559801042362704,175.2453694112,14636468914.56,93.8936634048,false,false,true,断板,断板,断板,4天2板,4.515470962962572,9.434,9.157142857142857,-2.719665271966525,1.3416536661466452,949.7922985194582,false,7.73,0.2723685742630559,0.006119759831233867,0.1535300604990481,0.0022099761714020607,0.8542351859830631,0.008164963874473252,0.004778429214289779,0.38750930089705415,18.60405926604845,2.6176469903027697,0.43333333333333335,0.9590047393364929,0.28788281803366483,0.6234437786850788,断板,9.017142857142856,-0.03822937625754519,975.9606733125169,6.020278833967066,0.6183434658313732,0.16763426574141493,0.9566145092460882,0.28007242241665825,0.004751123866397152,673758950.0,-4.709275134675384,3.136882129277585,1,SHSE.600499,2021-03-24,2021-03-24T09:30:00.000000,9.3,2021-03-25T11:30:00.000000,9.4,0.26988818917876606,1.5,未涨停卖出
SHSE.601369,陕鼓动力,2021-03-24,9.58,10.26,9.47,9.58,9.85,-0.02741116751269035,54246004.0,532326687.0,10.84,8.87,false,false,2.04633,3.3101653244393536,160.7485903214,15699418832.14,55.129423418,false,false,true,断板,断板,断板,2天2板,2.6234153900451034,9.482,9.275714285714287,-2.7411167512690313,3.2804558755582836,981.319632317986,false,6.46,0.6309528204128885,0.012100760650249088,0.160351558833443,0.0026495710771022056,0.565707757325223,0.00287635462674124,0.004607844056623293,0.37607867069686607,21.953866374972257,2.534441740991702,0.5,0.9559241706161138,0.2827727997788694,0.6193484851974915,断板,9.154285714285715,-0.03714565004887593,1019.5718570901688,7.599875156054921,0.6163085621035063,0.16146144493960438,0.9568515884305357,0.2757655357764767,0.004763655703869699,714797553.0,-6.038991431745988,4.650436953807735,1,SHSE.601369,2021-03-24,2021-03-24T09:30:00.000000,9.58,2021-03-25T11:30:00.000000,9.16,-5.1460130251436995,1.5,未涨停卖出
SZSE.000612,焦作万方,2021-03-19,9.8,10.95,9.7,10.53,10.13,0.03948667324777877,245989047.0,2535720131.0,11.14,9.12,false,false,9.70519,20.65950583365765,125.5385961882,12537882976.32,63.1828948023,false,false,false,,未涨停,未涨停,4天4板,18.940474474273696,10.624,10.162857142857144,-3.2576505429417577,3.6125948833286325,1030.8264379755087,false,6.51,0.5475041736975028,0.015572504740774377,0.49682681287964964,0.005267017251190148,0.4678542036179907,0.002515785556940372,0.006502745240832062,0.4982705022647226,19.745169078423338,2.2003853080377644,0.5833333333333334,0.9798339264531435,0.34564256570725316,0.6627382460801983,断板,9.772857142857143,-0.04971857410881797,1064.6836764354325,3.6544364858938803,0.6467313250360465,0.467421202518235,0.9774560987185572,0.31600655135353567,0.005949679865753097,2576837836.0,-7.953881355535941,0.27773717292793876,1,SZSE.000612,2021-03-19,2021-03-19T09:30:00.000000,9.8,2021-03-22T11:30:00.000000,10.3,4.264574355638665,1.5,未涨停卖出
SHSE.600111,北方稀土,2021-01-26,17.52,19.36,17.51,18.89,18.01,0.04886174347584671,350605546.0,6491500685.0,19.81,16.21,false,false,18.651,9.650403983852756,686.2861674000001,68628616740.0,309.4721802529,false,false,false,,未涨停,未涨停,4天3板,5.701414012297052,17.722,16.89857142857143,-2.7207107162687505,11.784597176430802,1851.5111238428613,false,11.53,0.8340532733215629,0.0199711970878991,0.5471579230914011,0.005537347281520762,0.15409213574675948,0.0014434566009000319,0.007195950038610212,0.486617256934041,24.800825572193485,2.065539069386223,0.6166666666666667,0.9656580211335255,0.24085174807079485,0.6032548846021601,断板,16.177142857142858,-0.015846994535519077,1877.3469857486978,11.329918756623107,0.6011075990414,0.5560878262867494,0.9603651213067499,0.24185007677605,0.006584635497661737,7366451343.0,-6.676815032076178,8.300953726598358,1,SHSE.600111,2021-01-26,2021-01-26T09:30:00.000000,17.52,2021-01-27T11:30:00.000000,17.41,-1.4196638105113677,1.5,未涨停卖出
SZSE.000831,中国稀土,2021-01-26,16.7,18.88,16.66,18.88,17.16,0.10023310023310006,98321880.0,1737602967.0,18.88,15.44,false,false,3.99954,10.023805767454409,185.19183961279998,18519084841.28,106.7811124288,true,false,false,,涨停,5天3板,2天2板,7.811413532354733,17.518,16.852857142857143,-2.6806526806526856,12.028481817411198,1767.2597055711303,false,12.4,0.8243315568311956,0.016621334251561412,0.3448998487564105,0.003187936632614353,0.0021189510661096755,0.00012771194174704726,0.004956548749143573,0.3379519210642773,26.094089956983087,2.6295263932514508,0.55,0.9404418828049952,0.1806113107961051,0.5605265968005502,断板,16.262857142857143,-0.039731393396754355,1770.2668855916788,5.516514406184116,0.5571571831920576,0.34243703865184427,0.9284170069661302,0.18589735941798524,0.004395607366554413,2018461277.0,-5.663941771026604,2.6879831342234706,1,SZSE.000831,2021-01-26,2021-01-26T09:30:00.000000,16.7,2021-01-27T11:30:00.000000,18.14,7.757234534914234,1.5,未涨停卖出
SZSE.002612,朗姿股份,2021-02-09,22.94,25.54,21.58,23.98,23.98,0.0,41650087.0,984446240.0,26.38,21.58,false,false,2.40769,15.935954310118925,106.098400925,6267394263.46,43.432642424600004,false,false,true,断板,断板,断板,3天2板,19.226640695566488,24.168,23.49285714285714,-4.336947456213508,2.073578595317739,2363.611485373368,true,19.29,0.25615578430994373,0.006150401429569653,0.5274648148256522,0.008248245102939894,0.792235176491727,0.009863326478753851,0.008313200781010032,0.552634117222333,14.87137412961287,1.7294657943284233,0.5666666666666667,0.9789775441949355,0.21271182645042344,0.5958446853226795,断板,23.084285714285716,-0.0998498498498499,2452.6359702074465,3.8801906058543154,0.5933030889205052,0.5259695897782394,0.9791915809614925,0.20741459687951794,0.008124346370368175,1134191337.0,-6.467978621141601,-0.6250386781360251,1,SZSE.002612,2021-02-09,2021-02-09T09:30:00.000000,22.94,2021-02-18T11:30:00.000000,28.0,21.084971361285472,2.5,未涨停卖出
SHSE.600733,北汽蓝谷,2021-04-23,13.72,15.01,13.72,14.42,14.37,0.003479471120389821,298888486.0,4324475169.0,15.81,12.93,false,false,10.8,16.38056836173218,503.7856763954,26311492207.98,222.1865795534,false,false,false,,未涨停,未涨停,4天3板,1.8142904668169535,14.613999999999999,13.849999999999998,-4.523312456506601,4.115523465703987,1446.8523785824254,false,8.1,0.8724074246275383,0.03573932534597615,0.2754853744690214,0.005615613441084053,0.3707726807730458,0.0030225339067470997,0.010862431961761388,0.4234559763919321,23.649518704786484,1.872727237656199,0.5166666666666667,0.9857209737827716,0.3039974090374397,0.6448591914101056,断板,13.278571428571427,-0.06566970091027313,1492.9205169416614,8.21947283485746,0.6235329596133447,0.21428442652999433,0.9836142322097379,0.2634516870169514,0.010118505022868388,5181650715.0,-8.099595093607148,3.3243679397525705,1,SHSE.600733,2021-04-23,2021-04-23T09:30:00.000000,13.72,2021-04-26T11:30:00.000000,14.95,8.096767449153822,1.5,未涨停卖出
SHSE.601127,赛力斯,2021-04-22,30.6,34.74,30.35,34.74,31.58,0.10006333122229272,95501853.0,3193556849.0,34.74,28.42,false,false,1.03902,9.908914449982015,448.55533551420007,33482319278.940002,88.45731419040001,true,false,false,,涨停,4天3板,2天2板,2.1798776904892674,32.462,31.754285714285714,-3.1032298923369126,9.402555335612746,3343.973701745871,false,17.18,0.8659103094857982,0.02370909275686806,0.8173988791501385,0.013534990756139322,0.6182837035596263,0.007099272213363491,0.013639095593452319,0.7673666125401168,14.775715798961478,1.562499975585938,0.6166666666666667,0.9868913857677902,0.4432139783724102,0.7150526820701002,断板,31.057142857142857,-0.10002849814762049,3290.643063287915,1.6835326586936472,0.7143940939412188,0.8178903399255296,0.986185904940295,0.44260228294214254,0.012894133108043725,3302488786.0,-7.0090574654263165,-1.4719411223551027,1,SHSE.601127,2021-04-22,2021-04-22T09:30:00.000000,30.6,2021-04-27T11:30:00.000000,42.6,38.106397937661136,3.5,未涨停卖出
SHSE.600997,开滦股份,2021-02-23,7.5,7.84,7.41,7.53,7.88,-0.04441624365482233,88042140.0,669089629.0,8.67,7.09,false,false,4.03537,5.544914237430546,119.56132878030002,11956132878.03,37.4781160032,false,false,false,,未涨停,未涨停,3天3板,4.347897519316075,7.894,7.4871428571428575,-4.822335025380709,0.5724098454493396,759.9652041624613,false,5.3,0.2038093924679074,0.007551881833754551,0.5156564918431921,0.005089109245871468,0.6239694698153971,0.0030006518234543173,0.004955126536722939,0.48578096535979665,21.18436147443387,2.4462809318926313,0.4666666666666667,0.9437022900763359,0.23710445246637274,0.5904033712713543,断板,7.292857142857144,-0.06078665077473189,836.3418882395538,8.050930460332994,0.5831306976083204,0.48228011897889844,0.943927463612503,0.22233393160413772,0.005047960511683901,1032507233.0,-10.323755087921981,2.8403525954945996,1,SHSE.600997,2021-02-23,2021-02-23T09:30:00.000000,7.5,2021-02-24T11:30:00.000000,7.54,-0.2677290836653314,1.5,未涨停卖出
SHSE.601168,西部矿业,2021-02-23,17.89,18.25,17.34,17.37,18.38,-0.05495103373231758,139733514.0,2496546951.0,20.22,16.54,false,false,1.13702,5.863764750314729,413.9271,41392710000.0,289.74898771740004,false,false,false,,未涨停,未涨停,2天2板,4.340514477549307,17.144,16.057142857142857,-2.665941240478773,8.1761565836299,1786.648656813998,false,11.88,0.3419199934670951,0.01428418928330281,0.11672873324278757,0.001984308955738309,0.7767993244978975,0.00572021281875523,0.005565056180156285,0.35978816266418207,22.639473914361886,2.488721742573918,0.5333333333333333,0.9534828244274809,0.18018139298948208,0.5668321087084814,断板,15.302857142857144,0.009890109890109855,1914.0132175655613,20.108289768483925,0.547327946703019,0.07983434886585508,0.9396325459317585,0.1550233474742796,0.0047163857676592235,4611924291.0,-6.531470964686747,16.90627333831216,1,SHSE.601168,2021-02-23,2021-02-23T09:30:00.000000,17.89,2021-02-24T11:30:00.000000,17.1,-5.177501286079814,1.5,未涨停卖出
SHSE.600096,云天化,2021-02-26,8.56,8.79,8.31,8.45,8.99,-0.0600667408231369,48871387.0,417512579.0,9.89,8.09,false,false,2.55905,3.5904486508614912,155.3206109455,11501716367.699999,44.810693238999995,false,false,false,,未涨停,未涨停,2天1板,6.48787640552139,8.856,8.625714285714285,-4.783092324805336,-2.0370983769460036,854.3088392396148,false,5.6,0.725085785307232,0.015939573306543546,0.7239885272396723,0.007230452195618522,0.6213780429446816,0.0035482608219246227,0.007867619005695357,0.6934248335646871,26.9433812230172,2.307506000022925,0.5833333333333334,0.979757085020243,0.45525285683196337,0.7175049709261032,断板,8.495714285714286,-0.04055496264674485,898.846281771913,5.818059525811338,0.7079526102440143,0.7099839020365846,0.9780743565300286,0.4378308639580002,0.007758262767508049,653176762.0,-4.766808590168415,0.7566840423743226,1,SHSE.600096,2021-02-26,2021-02-26T09:30:00.000000,8.56,2021-03-01T11:30:00.000000,8.72,1.0574524332576298,1.5,未涨停卖出
SHSE.600466,*ST蓝光,2021-02-26,4.6,4.67,4.38,4.43,4.81,-0.079002079002079,119478894.0,537524800.0,5.29,4.33,false,false,6.74303,3.9367918493986833,134.4474182705,13444741827.05,56.052266994200004,false,false,false,,未涨停,未涨停,3天2板,1.80882427705464,4.566,4.48,-4.365904365904365,-1.1160714285714444,449.8910075280744,false,3.97,0.2677331381996563,0.004287418710364248,0.7061491699078518,-0.003447365396728161,0.8223222450263624,-0.002186747848368031,-0.0015222233108016403,0.6533178861017659,47.18787687219199,3.876811443906225,0.3,0.5367944748749702,0.6120258114368445,0.5744101431559074,断板,4.421428571428572,0.0388768898488121,482.2562195619722,8.788368336025833,0.5698618478300713,0.7332759245982535,0.5305052430886559,0.6092184525714868,-0.001781825701653851,606016225.0,-4.615019705124257,4.038772213247155,1,SHSE.600466,2021-02-26,2021-02-26T09:30:00.000000,4.6,2021-03-01T11:30:00.000000,4.41,-4.894335700675537,1.5,未涨停卖出
SZSE.000829,天音控股,2021-04-30,6.45,6.96,6.26,6.92,6.67,0.03748125937031488,54672826.0,361605701.0,7.34,6.0,false,false,14.9048,5.340564797377664,70.93695030960001,7084193718.72,38.8792781068,false,false,false,,未涨停,未涨停,2天2板,1.4417899500700684,6.792,6.504285714285714,-3.2983508245877022,6.3913902921151,661.3993229470158,false,5.58,0.5076648551628038,0.009213549337260167,0.07458313382689603,0.000785052989133158,0.6526107691814108,-0.002494955952769214,0.0014867495761878484,0.334607768700432,37.44282842310533,3.59715626870893,0.4,0.7603826411572562,0.3548758597009319,0.5576292504290941,断板,6.35,-0.0710306406685236,693.2229781117471,5.039370078740162,0.34442110177404295,0.01703641546489845,0.6888422035480859,0.0,0.0009883124022992719,431426239.0,-6.956344442462148,1.5748031496063186,1,SZSE.000829,2021-04-30,2021-04-30T09:30:00.000000,6.45,2021-05-06T11:30:00.000000,6.66,2.4330584638191355,1.5,未涨停卖出
SHSE.600227,赤天化,2021-05-18,3.68,3.77,3.48,3.63,3.87,-0.06201550387596899,126012560.0,455843623.0,4.26,3.48,false,false,5.75466,9.85875265300267,61.460771496300005,4639791755.61,35.8212623505,false,false,true,断板,断板,断板,3天3板,7.569530787784804,3.8519999999999994,3.661428571428572,-4.90956072351421,-0.8583690987124627,361.7445935548012,true,2.68,0.7065529017915466,0.020117572703318487,0.21400440080997277,0.002733866879703631,0.14854342213460528,0.0009974811869030245,0.00568969233658642,0.29287580740367725,29.586409253762813,2.6060605381450888,0.48333333333333334,0.9433348815606131,0.0,0.47166744078030653,断板,3.5785714285714287,-0.09999999999999998,394.31064043043284,8.143712574850296,0.47071810364861727,0.19497126384009625,0.9414362072972345,0.0,0.0055154695557922745,551553049.0,-6.672566685421399,2.8343313373253576,1,SHSE.600227,2021-05-18,2021-05-18T09:30:00.000000,3.68,2021-05-19T11:30:00.000000,3.62,-2.414256019400646,1.5,未涨停卖出
SZSE.002426,胜利精密,2021-05-18,2.62,2.97,2.56,2.97,2.7,0.10000000000000009,238471347.0,678510064.0,2.97,2.43,false,false,5.27351,8.101950516700937,102.2130762543,8741844314.28,77.68728658350001,true,false,false,,涨停,8天6板,5天5板,7.1492595626427,2.9019999999999997,2.7628571428571433,-2.9629629629629655,7.497414684591508,284.5247752133509,false,2.01,0.6314162611052776,0.020269456993592214,0.46900199284563526,0.00459444099163228,0.15045042071898992,0.0010731408894561335,0.006673054161371423,0.40591937485957014,27.682394061966068,2.189542435719169,0.5,0.9591267998142127,0.31733867671659416,0.6382327382654034,断板,2.6371428571428575,-0.09999999999999998,277.80987504567116,2.383531960996744,0.6316122810284507,0.46467611013407684,0.9514292354171509,0.31179532663975046,0.006043654262655384,905595913.0,-5.69089743230764,-0.650054171180936,1,SZSE.002426,2021-05-18,2021-05-18T09:30:00.000000,2.62,2021-05-19T11:30:00.000000,3.0,13.591435783583217,1.5,未涨停卖出
SZSE.000572,海马汽车,2021-05-31,5.42,5.56,5.24,5.37,5.66,-0.051236749116607805,110719339.0,593372284.0,6.23,5.09,false,false,4.65324,6.742318715176465,88.3169760762,8818373552.880001,57.7560830601,false,false,false,,未涨停,未涨停,4天3板,1.2249087178862204,5.316000000000001,5.167142857142857,-4.240282685512371,3.925905446502626,535.9246987556528,false,3.23,0.8115684697729058,0.017159443200845358,0.8431187520585334,0.010887625887562093,0.49072939509379193,0.004113093871293019,0.010109629745338022,0.7310918885119854,33.959043208074554,1.9508196340741744,0.5833333333333334,0.9747918593894542,0.49995560438785,0.7373737318886521,炸板,5.037142857142858,0.04621072088724576,584.9842915231712,12.365286443562088,0.7404996350674082,0.8301427186132488,0.9754856614246068,0.5055136087102098,0.010070657991721188,1050159793.0,-7.347939448296903,7.60068065796935,1,SZSE.000572,2021-05-31,2021-05-31T09:30:00.000000,5.42,2021-06-01T11:30:00.000000,5.36,-1.8950030137751566,1.5,未涨停卖出
SHSE.603927,中科软,2021-06-16,43.1,43.92,40.69,41.37,45.21,-0.08493696084936964,24314581.0,1017038138.0,49.73,40.69,false,false,1.00767,7.490902009487961,175.4088,13428212179.199999,107.948859144,false,false,true,断板,断板,断板,2天2板,4.74925348478515,42.604,41.511428571428574,-4.667109046671089,-0.3406979145158089,4182.832260198109,true,34.4,0.7159726700536301,0.012156424933938623,0.03183826586907031,0.0006214106831192734,0.03226236775602725,-0.00032241732229554656,0.0026452651316586978,0.16879237727206936,36.795447939341756,3.372413679371704,0.5,0.8005062126092959,0.0,0.40025310630464794,断板,40.90285714285715,-0.0218520121159671,4701.134036912623,10.530176026823115,0.3898227032005526,0.020751735620578752,0.7796454064011052,0.0,0.002480786495777699,1325398899.0,-8.319993300371674,5.371612182173768,1,SHSE.603927,2021-06-16,2021-06-16T09:30:00.000000,43.1,2021-06-17T11:30:00.000000,40.73,-6.251837198768757,1.5,未涨停卖出
SZSE.000027,深圳能源,2021-03-10,7.15,8.11,7.15,8.11,7.37,0.10040705563093621,137055836.0,1074182710.0,8.11,6.63,false,false,15.1897,2.8809039918938613,385.82432218759993,38582432218.759995,99.3308478181,true,false,false,,涨停,7天4板,5天3板,2.79130501902716,7.331999999999999,7.088571428571429,-2.9850746268656683,14.409512293430055,783.7555417924706,false,5.45,0.7359701450481024,0.01756534594236658,0.28364721323188385,0.002605787962742639,0.38593090041627875,0.0013345143543729056,0.005216317476156507,0.404796905750446,27.033500536686606,2.774834360089033,0.5666666666666667,0.9634117367545735,0.28025557988233396,0.6218336583184537,断板,6.757142857142857,-0.04780361757105944,788.4183797405343,9.069767441860467,0.6052517619649389,0.26525926463944277,0.941777566539924,0.26872595738995375,0.004222504354474453,2582476237.0,-9.312109106930766,5.813953488372103,1,SZSE.000027,2021-03-10,2021-03-10T09:30:00.000000,7.15,2021-03-11T11:30:00.000000,8.58,19.043824701195213,1.5,未涨停卖出
SZSE.000667,ST美置,2021-03-10,2.05,2.09,1.92,1.95,2.12,-0.08018867924528306,301448822.0,597908742.0,2.33,1.91,false,false,25.5545,12.317534413368392,48.106278343499994,4772263532.4,39.6358941225,false,false,false,,未涨停,未涨停,2天2板,10.753789768540067,2.1479999999999997,2.0628571428571427,-3.3018867924528434,-5.470914127423819,198.34502521293646,true,1.54,0.7643123146966313,0.017871352246700337,0.7507329916382914,-0.017172692990274185,0.5767544948473774,-0.0056506657005215,-0.0067072757559534756,0.7012553072126853,21.155097033667175,1.626016233723313,0.35,0.003326205749584224,0.42555954054391565,0.21444287314674992,断板,2.0557142857142856,-0.10169491525423724,217.39181886809473,3.1271716469770783,0.20907866294325153,0.7582735280070703,0.003564638783269962,0.4145926871032331,-0.00657305850568732,766531549.0,-5.700223188073905,-0.2779708130646319,1,SZSE.000667,2021-03-10,2021-03-10T09:30:00.000000,2.05,2021-03-11T11:30:00.000000,1.97,-4.668156641725778,1.5,未涨停卖出
SZSE.000718,苏宁环球,2021-05-10,6.0,6.44,5.83,6.3,6.3,0.0,220214178.0,1344504414.0,6.93,5.67,false,false,8.05557,9.619774178886468,191.182092192,14421849157.8,59.616988641,false,false,false,,未涨停,未涨停,3天3板,10.038525504317835,6.531999999999999,6.207142857142857,-4.761904761904759,1.4959723820483262,610.5439832307255,false,3.9,0.781095749076965,0.023688260598099333,0.37400510732637376,0.005200925258418318,0.6825220543476997,0.0044974962294807765,0.00868736361767326,0.5479783197828898,21.746430374889822,1.9946949204241224,0.5833333333333334,0.9773945467257049,0.4051953113243866,0.6912949290250457,断板,6.015714285714286,-0.09999999999999998,651.2170869352032,4.725718356684864,0.6869033277646723,0.35182475743407954,0.9776223776223776,0.39618427790696703,0.00837927244675047,1185870698.0,-7.86482541117649,-0.261220612681079,1,SZSE.000718,2021-05-10,2021-05-10T09:30:00.000000,6.0,2021-05-11T11:30:00.000000,6.06,0.1952191235059552,1.5,未涨停卖出
SHSE.601016,节能风电,2021-03-26,4.5,4.88,4.49,4.7,4.63,0.015118790496760237,462494428.0,2172246379.0,5.09,4.17,false,false,2.13504,10.322518647241377,235.61344400000002,21058075900.7,101.57585174500001,false,false,true,断板,断板,断板,4天3板,9.025324312291465,4.7780000000000005,4.591428571428572,-2.8077753779697603,2.3646546359676406,469.6805512649333,false,3.03,0.738448408616873,0.017192433255976528,0.2770302926722147,0.0033180911519486403,0.6730494953632644,0.003890863830549839,0.006264791376334577,0.48811967666846123,18.11926631621611,2.4093022675340197,0.5666666666666667,0.9772781065088757,0.3673603841633096,0.6723192453360927,断板,4.491428571428572,-0.09922178988326846,476.3323444302433,3.0852417302798827,0.6664428911369468,0.26597758047657183,0.9756039791567978,0.3572818031170958,0.0060858526704019745,2928525197.0,-5.528145367021075,0.190839694656475,1,SHSE.601016,2021-03-26,2021-03-26T09:30:00.000000,4.5,2021-03-29T11:30:00.000000,4.67,2.9508632138114077,1.5,未涨停卖出
SHSE.600171,上海贝岭,2021-06-24,27.61,30.5,26.66,30.3,28.61,0.059070255155539986,135686651.0,3861115696.0,31.47,25.75,false,false,2.7062,19.394626328652244,215.98304014200002,21198168274.2,157.987082742,false,false,false,,未涨停,未涨停,3天3板,6.770004607646506,28.802,27.254285714285714,-3.4952813701502974,11.175175594926094,2845.6120536131443,false,16.03,0.8825852688861754,0.030344406558059773,0.6789940938992164,0.010274737580804024,0.5526161096481226,0.004588479050960624,0.012582793817302155,0.68179893362128,24.948384299404484,1.8670694515453499,0.55,0.9821100917431193,0.4435191390629111,0.7128146154030152,断板,26.252857142857145,0.0038596491228068963,2897.894195819955,8.978614572563517,0.7125068153829478,0.6750614808666924,0.981417756366139,0.4435958743997566,0.012048283402321003,4088572704.0,-4.72391973514481,5.169505359960813,1,SHSE.600171,2021-06-24,2021-06-24T09:30:00.000000,27.61,2021-06-25T11:30:00.000000,28.8,3.478876958662982,1.5,未涨停卖出
SZSE.002647,仁东控股,2021-04-06,13.33,15.24,13.19,15.24,13.85,0.100361010830325,163723999.0,2359977571.0,15.24,12.47,false,false,3.40265,29.239736138007753,85.33434546000001,8533434546.0,50.6015852076,true,false,false,,涨停,4天3板,2天2板,23.12821048595408,13.400000000000002,13.084285714285718,-3.7545126353790583,16.475597772682576,1441.4365550648442,false,7.8,0.5995796376451137,-0.01907797316531537,0.3935484164315527,0.010331809896099886,0.6609460842516968,-0.01875715545373014,-0.004276836321132174,0.5149739610203081,16.99800029744141,1.6409549776640353,0.45,0.037971698113207546,0.361497641509434,0.19973466981132076,断板,12.67571428571429,-0.0007215007215006786,1436.8950725203026,9.264059506367587,0.2004028895321188,0.36368716692498754,0.02525967894239849,0.3755461001218391,-0.005156196982184893,2861948391.0,-7.230526049342734,5.161726586272919,1,SZSE.002647,2021-04-06,2021-04-06T09:30:00.000000,13.33,2021-04-07T11:30:00.000000,16.23,20.785276000274973,1.5,未涨停卖出
SHSE.601619,嘉泽新能,2021-06-21,3.79,4.3,3.78,4.3,3.91,0.0997442455242965,150764223.0,609837490.0,4.3,3.52,false,false,1.04178,7.1566516106804965,93.550831949,9058512194.9,36.358669909,true,false,false,,涨停,4天3板,2天2板,2.2522234690467537,3.9000000000000012,3.7671428571428556,-3.0690537084399003,14.144861585134667,404.49748479120274,false,3.34,0.3095268586028157,0.006910192851436366,0.04880740509118743,-0.0007087983370266295,0.05336108962616597,0.0004815994250435285,0.001172119229287017,0.10231740115400664,29.346443471759557,4.174757107267422,0.48333333333333334,0.6621497473587505,0.0,0.33107487367937527,断板,3.6385714285714275,-0.0532687651331718,404.2846697100066,7.459756576364388,0.2607397197335171,0.17562027327654428,0.5214794394670342,0.0,0.00023380270546960794,758920825.0,-6.254174744776564,4.1617589320769754,1,SHSE.601619,2021-06-21,2021-06-21T09:30:00.000000,3.79,2021-06-22T11:30:00.000000,4.43,15.955176654858134,1.5,未涨停卖出
SZSE.002803,吉宏股份,2021-06-30,29.75,30.1,27.75,28.38,30.83,-0.0794680506000649,27827566.0,796651766.0,33.91,27.75,false,false,2.97957,10.19170463976386,107.39255593440001,7748912973.78,62.0620463892,false,false,true,断板,断板,断板,4天2板,4.661357477780534,29.25,27.997142857142855,-3.5030814142069358,1.367486478212068,2862.8151164927613,true,23.24,0.14046591633742825,0.005399594958734267,0.15967379347686053,-0.0016325888298066229,0.4567929903300805,-0.0022484056534554163,-0.00041089711919308283,0.24496797710494006,27.248521812787388,3.103167324518002,0.45,0.4062214089661482,0.0,0.2031107044830741,炸板,27.398571428571426,-0.01090792428617271,3333.5357808186955,12.524114917357531,0.15972063201282344,0.21669443970214547,0.3194412640256469,0.0,-0.0009406169653031636,1407962273.0,-10.755420202228683,8.582303561186722,1,SZSE.002803,2021-06-30,2021-06-30T09:30:00.000000,29.75,2021-07-01T11:30:00.000000,27.07,-9.733436003883643,1.5,止损卖出
SZSE.000036,华联控股,2021-07-01,4.52,4.88,4.51,4.66,4.66,0.0,63233333.0,296201528.0,5.13,4.19,false,false,8.81258,4.275409400866972,69.15132556500001,6892143047.64,45.9537928604,false,false,true,断板,断板,断板,2天2板,3.5043501745469814,4.386,4.204285714285715,-3.0042918454935745,10.83927964661909,468.4262460117356,false,3.59,0.5241536367872709,0.01167721593264825,0.0001974901185175088,-0.00005020553360898595,0.05136878833747883,-0.00035321854439910027,0.0022043748564054273,0.12034010891795659,47.8206792136545,3.4256755583231406,0.36666666666666664,0.760347587468557,0.0,0.3801737937342785,炸板,4.065714285714286,0.010845986984815648,485.6065288658558,14.617006324666198,0.33851784080512354,0.02891930160596571,0.6770356816102471,0.0,0.0013940696346858683,536450863.0,-6.920526572067443,11.17357695010539,1,SZSE.000036,2021-07-01,2021-07-01T09:30:00.000000,4.52,2021-07-02T11:30:00.000000,4.65,2.056376264852103,1.5,未涨停卖出
SZSE.000761,本钢板材,2021-04-14,4.11,4.61,4.08,4.44,4.24,0.04716981132075482,112176771.0,494736032.0,4.66,3.82,false,false,1.91805,3.2272740210781405,154.32989575320002,15432989575.320002,40.66150117440001,false,false,true,断板,断板,断板,7天4板,2.4171179255932675,4.184,4.008571428571429,-3.066037735849054,10.76265146115467,441.03251287202767,false,3.02,0.6914874558675126,0.01726284978239384,0.5187906966668066,0.004527945619826382,0.0011119177408685998,0.00007680423056631636,0.0057395840355618545,0.39802641482916634,30.5796398445946,2.483870906045787,0.45,0.963563704748472,0.3350223705152557,0.6492930376318639,断板,3.8528571428571428,-0.004694835680751019,435.2038032314108,10.048201705598823,0.6249320170501346,0.4986514528048387,0.9468735307945463,0.3029905033057229,0.0048172026446682056,571015813.0,-5.561487066908944,6.674082313681873,1,SZSE.000761,2021-04-14,2021-04-14T09:30:00.000000,4.11,2021-04-16T11:30:00.000000,4.29,3.547852386076132,2.5,未涨停卖出
SZSE.002639,雪人集团,2021-04-14,7.9,8.43,7.53,8.04,8.19,-0.01831501831501836,122973826.0,986247489.0,9.01,7.37,false,false,3.08794,22.01182532905438,54.1954504668,4491720001.679999,41.0439243084,false,false,false,,未涨停,未涨停,4天4板,17.100641441423534,8.41,7.981428571428572,-3.5409035409035305,0.7338464292106471,801.9978893720034,false,5.61,0.6249487094436321,0.020370184337344648,0.3368610505127678,0.004039092773001757,0.020448966146914164,-0.00040485051595676153,0.00597212809918278,0.2995549569891846,28.876261501019794,2.2727272210743816,0.5333333333333333,0.9649741419840151,0.0,0.48248707099200755,断板,7.687142857142858,-0.09999999999999998,830.4695699006576,6.5415350306634314,0.4790785143394452,0.2990614545708375,0.9581570286788904,0.0,0.005448850232752421,979338482.0,-4.873094857105798,2.769002044229696,1,SZSE.002639,2021-04-14,2021-04-14T09:30:00.000000,7.9,2021-04-15T11:30:00.000000,8.23,3.347117857683197,1.5,未涨停卖出
SHSE.600169,ST太重,2021-03-11,2.71,2.89,2.63,2.73,2.84,-0.03873239436619713,282663673.0,776032299.0,3.12,2.56,false,false,9.85144,11.024517707994095,90.99476295,6999597150.0,45.5954737875,false,false,true,断板,断板,断板,3天3板,8.653523716289872,2.842,2.718571428571429,-4.577464788732391,0.4203888596952067,274.5426360464792,false,2.05,0.7126102131457044,0.016157678145974144,0.5649435871165828,0.004295998204819091,0.3957711353488162,0.0015913865292918419,0.005856950690391927,0.5437251767920771,27.108075480308607,2.6554621143591572,0.45,0.971265732605082,0.3862542914214905,0.6787600120132862,断板,2.672857142857143,-0.10126582278481022,290.3899246078255,6.253340459647235,0.665588673977223,0.5387512910116119,0.9695889760038013,0.3615883719506447,0.005700241447292628,562656524.0,-6.677202948419025,1.3896312132549271,1,SHSE.600169,2021-03-11,2021-03-11T09:30:00.000000,2.71,2021-03-12T11:30:00.000000,2.77,1.399567780538357,1.5,未涨停卖出
SZSE.000625,长安汽车,2021-04-21,17.29,17.39,16.6,16.78,18.01,-0.06829539144919494,234504471.0,3974148020.0,19.81,16.21,false,false,7.79388,6.01194323100028,761.4101914896,65452797409.82001,364.3807938964,false,false,true,断板,断板,断板,2天2板,4.30383696521329,16.472,15.887142857142857,-3.997779011660202,5.619998201600584,1694.7003198075486,false,13.76,0.45969553542626673,0.008611091904090604,0.643589649017659,-0.005300892237973306,0.35038413588347317,-0.003072781928429205,-0.0018500623166972936,0.5188491723591248,26.072140688190196,3.0537312500308333,0.45,0.15874502458440645,0.4455508795833317,0.3021479520838691,炸板,15.518571428571429,0.035652673950546276,1835.258801918306,16.054496916137357,0.28586381702188,0.693133310406334,0.12353492733239568,0.4481927067113643,-0.0022744257393256073,7322126628.0,-5.789853823735314,11.414894596336179,1,SZSE.000625,2021-04-21,2021-04-21T09:30:00.000000,17.29,2021-04-22T11:30:00.000000,17.07,-2.0590858082994647,1.5,未涨停卖出
SZSE.002055,ST得润,2021-04-21,11.75,12.08,11.48,11.86,12.32,-0.03733766233766245,37406685.0,437853954.0,13.55,11.09,false,false,5.97954,8.625983098995535,56.155389788,5143104026.62,36.355238743799994,false,false,true,断板,断板,断板,2天2板,4.064265538050417,11.654,11.262857142857143,-4.626623376623379,5.301877219685429,1170.5232741153086,false,9.98,0.4100483600472586,0.006989934829628379,0.11388379167471735,-0.001603916489653879,0.7907116562295015,-0.003852137785014196,-0.0005596126144055222,0.3761650647156608,32.39907142123003,3.202298748027537,0.4,0.35401545305549054,0.35255370102411465,0.3532845770398026,炸板,11.040000000000001,-0.011235955056179803,1297.209869772728,11.594202898550718,0.31919885501284684,0.180557094084409,0.26629160806375995,0.3721061019619337,-0.0011571590967164593,816065000.0,-9.420979027405895,6.431159420289845,1,SZSE.002055,2021-04-21,2021-04-21T09:30:00.000000,11.75,2021-04-22T11:30:00.000000,11.82,-0.20581503772146575,1.5,未涨停卖出
SHSE.600578,京能电力,2021-04-02,3.98,4.1,3.74,3.8,4.1,-0.07317073170731703,207746912.0,803747670.0,4.51,3.69,false,false,5.46236,3.1110931544747564,253.749478528,25374947852.8,48.70312199,false,false,true,断板,断板,断板,6天4板,2.7816520901951214,3.9699999999999998,3.761428571428571,-2.9268292682926753,1.0254462590201325,386.88790233377813,false,2.78,0.7272302132585609,0.018932942888308615,0.34506009001923366,0.003497732325812942,0.04612225268529968,0.00045674509478872775,0.005672478269004812,0.3318127634669189,30.483084537548763,2.639053184791851,0.4166666666666667,0.965533522190746,0.27953535320310674,0.6225344376969264,断板,3.7057142857142855,-0.06178489702517176,419.0986822315722,10.639938319198146,0.48110979929161746,0.29752792750127177,0.9622195985832349,0.0,0.005337213649634594,1133136985.0,-5.034299349076488,7.401696222050891,1,SHSE.600578,2021-04-02,2021-04-02T09:30:00.000000,3.98,2021-04-06T11:30:00.000000,3.75,-6.5296602534585375,1.5,未涨停卖出
SZSE.000617,中油资本,2021-04-02,6.94,7.1,6.68,6.69,7.25,-0.0772413793103448,124771900.0,853904545.0,7.98,6.53,false,false,7.06838,0.9869571232730303,845.7550903851001,84575509038.51001,59.1117119322,false,false,false,,未涨停,未涨停,2天2板,0.3134349045943031,7.2700000000000005,6.964285714285714,-4.2758620689655125,-3.9384615384615342,684.3724788994958,false,6.16,0.34581404582896136,0.007845199745799067,0.0005243715754227831,-0.0000674866745259108,0.2985902006357093,-0.0007644072896133742,0.001305974425012846,0.15900205514421645,34.69470702180602,3.7590907677832717,0.48333333333333334,0.7639282341831917,0.0,0.38196411709159583,断板,6.901428571428572,-0.09937888198757772,729.8261924826699,5.050714137859646,0.38016528925619836,0.0036417991488472104,0.7603305785123967,0.0,0.001171855349864111,1085756785.0,-4.908866364579067,0.5588904988615084,1,SZSE.000617,2021-04-02,2021-04-02T09:30:00.000000,6.94,2021-04-06T11:30:00.000000,6.68,-4.513358669070114,1.5,未涨停卖出
SHSE.603198,迎驾贡酒,2021-04-26,41.88,42.28,38.82,38.82,43.13,-0.0999304428472062,39828506.0,1582095094.0,47.44,38.82,false,false,1.18173,4.9785632500000006,310.56,31056000000.0,78.08648823,false,false,false,,未涨停,未涨停,2天1板,3.407343,43.410000000000004,42.04142857142857,-2.898214699744957,-7.662509769275197,3972.2682392354864,true,26.84,0.5817130131495147,0.012217001340254394,0.21274650714516757,0.003711746678760072,0.05280236176724971,0.0008168594545204369,0.004544331443787046,0.23855656473266165,25.454904244002837,2.1646180391846728,0.55,0.9368421052631579,0.0,0.46842105263157896,断板,41.85285714285714,-0.0958071278825996,4417.8664036451855,3.051506980236898,0.4713249063670412,0.19087921330624685,0.9426498127340824,0.0,0.004786117669045089,1536597685.0,-5.203108981646032,0.06485305662697893,1,SHSE.603198,2021-04-26,2021-04-26T09:30:00.000000,41.88,2021-04-27T11:30:00.000000,38.34,-9.182182445005086,1.5,未涨停卖出
SHSE.600155,华创云信,2021-05-19,11.0,11.71,11.0,11.17,11.34,-0.014991181657848296,70093438.0,790838466.0,12.47,10.21,false,false,2.83221,4.029385193094327,194.30847758160002,19430847758.16,116.62944163600001,false,false,true,断板,断板,断板,5天3板,4.81136659712849,10.958000000000002,10.594285714285714,-2.9982363315696636,5.434196332254584,1128.263199188489,false,8.55,0.10846849933444304,0.004560507515021445,0.3462713976558055,-0.0022444851469754228,0.7443205857945333,-0.0026758417667718886,-0.0010128936005149888,0.41812557443315135,35.21134535204696,3.1645568618811124,0.36666666666666664,0.4132807058277223,0.39779579987068536,0.40553825284920386,断板,10.262857142857143,-0.03898305084745768,1188.693581152663,10.495545657015585,0.3693432811933922,0.4377994628402176,0.30794240594519273,0.43074415644159175,-0.0016024541252628352,1174372189.0,-7.461433506409431,7.182628062360807,1,SHSE.600155,2021-05-19,2021-05-19T09:30:00.000000,11.0,2021-05-20T11:30:00.000000,11.31,1.998913437160457,1.5,未涨停卖出
SZSE.002426,胜利精密,2021-05-20,2.77,2.99,2.77,2.88,2.88,0.0,186234908.0,535728146.0,3.17,2.59,false,false,5.27351,6.327242362992782,99.11571030719999,8476939941.12,75.9912316128,false,false,true,断板,断板,断板,8天6板,6.61661637968257,2.8859999999999992,2.8957142857142864,-3.8194444444444406,-0.5426739023187231,287.6625825701807,false,2.01,0.7170243489516712,0.022369974523072614,0.49508987140315214,0.0050897040039312585,0.20605654837924,0.0013912272326378262,0.007436215076371501,0.45276677000568233,27.48074819882521,2.2635134622785804,0.4666666666666667,0.9642608493850081,0.3511082123332666,0.6576845308591374,断板,2.845714285714286,-0.030303030303030387,300.96201318536146,1.2048192771084167,0.6468153993859829,0.48020274062020585,0.961690271650801,0.3319405271211646,0.007071376138440957,1113811044.0,-7.961806518952064,-2.6606425702811354,1,SZSE.002426,2021-05-20,2021-05-20T09:30:00.000000,2.77,2021-05-21T11:30:00.000000,2.78,-0.43867849900039757,1.5,未涨停卖出
SZSE.002570,贝因美,2021-06-03,5.97,6.58,5.94,6.32,6.13,0.030995106035889064,157175719.0,981167321.0,6.74,5.52,false,false,2.57894,15.372230889998463,64.623264,6461980380.0,44.4451946,false,false,true,断板,断板,断板,2天1板,24.874956190442656,6.126,5.885714285714285,-2.610114192495924,7.378640776699043,624.2486608252767,false,4.83,0.3852210830765775,0.009426966011255965,0.2019746515665102,0.0022269555240666625,0.08511690939154029,-0.0009040772871592932,0.0027276477781367366,0.2035666152160327,21.844998100718826,2.459183612993546,0.48333333333333334,0.8045738045738046,0.0,0.4022869022869023,断板,5.732857142857142,-0.07261724659606661,631.4949844987214,6.927485671567417,0.38201987520221864,0.15723648288937508,0.7640397504044373,0.0,0.002126818063026507,1201788601.0,-5.462432061293954,4.136556192374785,1,SZSE.002570,2021-06-03,2021-06-03T09:30:00.000000,5.97,2021-06-04T11:30:00.000000,6.19,2.8589160944163194,1.5,未涨停卖出
SHSE.600864,哈投股份,2021-05-27,6.55,6.8,6.48,6.61,6.72,-0.01636904761904756,98901772.0,650936121.0,7.39,6.05,false,false,10.1332,4.753589029993561,137.52571137200002,13752571137.2,53.7620395237,false,false,true,断板,断板,断板,4天2板,4.444125642999112,6.470000000000001,6.3257142857142865,-2.5297619047619038,4.494128274616072,658.1642652469361,false,5.12,0.8095812136845659,0.014830891662141224,0.12949121751862105,-0.0013643572855951932,0.5484991748256313,-0.0026232736139151,0.0014970176054561184,0.3912116039439131,35.523656772589334,3.3378994319632667,0.45,0.7374392220421394,0.3785448832100734,0.5579920526261064,断板,6.205714285714286,0.0014903129657226621,700.6816228900173,8.287292817679543,0.5482642896859569,0.1976013350163107,0.6956924502084298,0.4008361291634839,0.0010669788073633664,1186785903.0,-6.519597688547862,5.5478821362799025,1,SHSE.600864,2021-05-27,2021-05-27T09:30:00.000000,6.55,2021-05-28T11:30:00.000000,6.53,-1.0997232444268745,1.5,未涨停卖出
SZSE.002269,美邦服饰,2021-05-27,3.42,3.84,3.33,3.65,3.53,0.03399433427762033,327543646.0,1175180454.0,3.88,3.18,false,false,4.48806,13.036563024875623,91.70625,9170625000.0,47.022352896499996,false,false,true,断板,断板,断板,3天3板,11.119883688225537,3.5660000000000003,3.3814285714285717,-3.1161473087818665,7.942543303760023,358.78591093169916,false,2.42,0.4100375632080748,0.012187747127504447,0.6470069842001384,0.014036263559187873,0.4600897204359312,0.007402636357334715,0.01167647211229524,0.5435379208724636,14.497433386966375,1.449122786017975,0.55,0.9817087288724242,0.36859675054627206,0.6751527397093482,断板,3.2614285714285716,-0.09254498714652959,375.77688361377596,8.234778799824781,0.672360430500729,0.6480043167586619,0.9817044928207503,0.3630163681807077,0.0117353781687148,1446260853.0,-8.98854748300375,4.862023653088032,1,SZSE.002269,2021-05-27,2021-05-27T09:30:00.000000,3.42,2021-05-28T11:30:00.000000,3.54,2.684000838750259,1.5,未涨停卖出
SHSE.600293,三峡新材,2021-08-17,4.66,4.71,4.37,4.37,4.85,-0.09896907216494832,87355450.0,391478377.0,5.34,4.37,false,false,3.32716,7.529700730196455,50.6983385102,5069833851.02,42.9761164046,false,false,true,断板,断板,断板,2天2板,4.006044042530869,4.792,4.668571428571428,-3.9175257731958664,-6.3953488372092915,448.14419363645885,true,3.1,0.025807102793893602,0.0014751085661898128,0.6746320864018183,0.008901210850089509,0.82508215162828,0.007373745507979743,0.00695775079067664,0.5900021092481719,22.705721329032837,1.9720279331390294,0.48333333333333334,0.9272686331907228,0.3681706397417385,0.6477196364662307,断板,4.684285714285714,-0.1001855287569573,510.96707290214977,3.537663921927412,0.6500132372522194,0.66968706072793,0.9281369677855373,0.37188950671890136,0.007081974199439725,631779959.0,-8.800385638696717,-0.5184507471790112,1,SHSE.600293,2021-08-17,2021-08-17T09:30:00.000000,4.66,2021-08-18T11:30:00.000000,4.42,-5.905989774806356,1.5,未涨停卖出
SHSE.600522,中天科技,2021-08-17,9.0,9.21,8.5,8.58,9.29,-0.07642626480086101,208858505.0,1845931127.0,10.22,8.36,false,false,8.57024,6.811741380841213,263.076043659,26307604365.9,196.6958493786,false,false,false,,未涨停,未涨停,2天2板,8.34698253473935,9.08,8.698571428571428,-3.1216361679224884,-1.363113811791753,883.8189888412732,false,7.01,0.028836744198972038,0.0030412288030057847,0.5181201245511686,-0.00454526252594882,0.6702982017483919,-0.0025353711021706927,-0.0024249968330244606,0.4659168716398963,28.570431718962908,2.9258240902197072,0.55,0.15807250619229904,0.34977242037097195,0.2539224632816355,断板,8.555714285714286,0.0010775862068965747,947.5579324966045,8.5824010686258,0.2242586752831452,0.509143867630534,0.106555530524893,0.3419618200413974,-0.003209058819714052,1873419830.0,-5.018999985710626,5.192853564868916,1,SHSE.600522,2021-08-17,2021-08-17T09:30:00.000000,9.0,2021-08-18T11:30:00.000000,8.25,-9.063745019920319,1.5,未涨停卖出
SZSE.000697,炼石航空,2021-08-17,9.92,11.39,9.61,10.91,10.35,0.05410628019323682,74807464.0,789401273.0,11.39,9.32,false,false,3.67909,12.967399035681982,73.27331203690001,6293856077.03,43.5128414407,false,true,false,,炸板,5天2板,2天2板,7.7659861316792265,10.738,10.252857142857144,-4.1545893719806735,6.409363243695132,1055.243996775509,false,7.61,0.691621099244815,0.016395177519342434,0.3835539409597162,0.0034302266261709187,0.18656791015054275,0.0010503506595987344,0.005309254014833566,0.38607156337398396,24.911655456255158,2.6681921484871385,0.5833333333333334,0.8894393154694888,0.25802076021193054,0.5737300378407098,断板,9.98857142857143,-0.09448818897637801,1050.5503537074376,3.618421052631567,0.5463570391150763,0.3582951624563578,0.8610047307952241,0.23170934743492835,0.0047317559677028985,515321685.0,-5.57330293600976,-0.6864988558352492,1,SZSE.000697,2021-08-17,2021-08-17T09:30:00.000000,9.92,2021-08-18T11:30:00.000000,10.66,6.603425009638836,1.5,未涨停卖出
SZSE.000062,深圳华强,2021-07-05,17.0,18.15,16.76,17.23,17.76,-0.0298423423423424,31019170.0,537099754.0,19.54,15.98,false,false,7.35164,2.9696119898609794,180.21017618060003,17997647535.260002,52.4666958353,false,false,true,断板,断板,断板,2天2板,0.9205515038307842,17.174,16.81714285714286,-4.2792792792792875,2.4549779136935044,1731.5091087221224,false,14.31,0.3719843374617582,0.005963971091516116,0.5304298709094263,0.004304121392298758,0.7538040730305403,0.0037678603478655094,0.004475213018812255,0.5657530248562268,26.210557917356606,2.398593142936441,0.45,0.8827696526508226,0.41749141231877646,0.6501305324847996,炸板,16.66,-0.04516129032258065,1888.4970597843271,6.602641056422577,0.642756858494574,0.5401976907533054,0.8795153177869227,0.40599839920222536,0.004338537744612718,811367928.0,-9.98132662202048,2.0408163265306145,1,SZSE.000062,2021-07-05,2021-07-05T09:30:00.000000,17.0,2021-07-06T11:30:00.000000,17.27,0.7787672838059552,1.5,未涨停卖出
SHSE.600750,华润江中,2021-07-06,13.57,13.93,12.99,13.12,14.08,-0.06818181818181823,78318189.0,1045074170.0,15.49,12.67,false,false,15.96,12.431458571428571,82.65599999999999,8265599999.999999,47.0890173216,false,false,false,,未涨停,未涨停,2天1板,4.614110793650793,14.134,13.604285714285712,-3.622159090909089,-3.559802583219565,1334.3952194808794,false,10.84,0.5894406174616597,0.014246141669965528,0.5067493951330179,0.003465984369241667,0.4328846264843427,0.0014077221885380362,0.00500453717517535,0.5011282090041437,33.11659837924124,2.8490230094168223,0.48333333333333334,0.8970084494176752,0.42026367827266653,0.6586360638451709,断板,13.387142857142853,-0.09974424552429673,1423.1450854571187,5.175541564400841,0.6486543429978697,0.4880242144739739,0.8884826325411335,0.4088260534546059,0.004714693573794225,1193461295.0,-4.647810411815656,1.365916124213018,1,SHSE.600750,2021-07-06,2021-07-06T09:30:00.000000,13.57,2021-07-07T11:30:00.000000,12.93,-5.4755187063096304,1.5,未涨停卖出
SZSE.002132,恒星科技,2021-08-27,5.41,6.16,5.33,6.16,5.6,0.10000000000000009,249922361.0,1472212412.0,6.16,5.04,false,false,5.83693,19.93723169077951,77.40030162480001,7721843070.4800005,60.8373062528,true,false,false,,涨停,7天4板,5天3板,16.289721397499765,5.577999999999999,5.301428571428572,-3.3928571428571344,16.195095661546752,589.0679033717995,false,3.6,0.7336283904680918,0.023777392198437327,0.5374440870805014,0.00585850989820162,0.6149067888060554,0.0033338728525885014,0.008684895244564826,0.5999197582756857,27.005385640988727,2.231884008157951,0.5166666666666667,0.9553110262744218,0.4008045122528587,0.6780577692636403,断板,5.0042857142857144,-0.012345679012345734,582.0562509810107,11.904082215244067,0.674444509031686,0.5530570044409884,0.9375561545372866,0.4113328635260853,0.007437796215907455,1725865298.0,-7.053656912336848,8.107336568655432,1,SZSE.002132,2021-08-27,2021-08-27T09:30:00.000000,5.41,2021-08-30T11:30:00.000000,6.0,10.022019132343086,1.5,未涨停卖出
SHSE.600460,士兰微,2021-07-07,57.0,59.4,54.16,59.16,59.49,-0.005547150781644028,105737251.0,6032408531.0,65.44,53.54,false,false,14.9264,8.05886323262255,776.2156508423999,77621565084.23999,459.839904006,false,false,true,断板,断板,断板,4天2板,3.34257221856351,58.758,58.07,-4.185577407967729,1.8770449457551168,5705.093024406318,false,36.36,0.8412815246051828,0.019601381504865505,0.9108757168882142,0.013936085155124536,0.70369758118329,0.0075636975977245655,0.013157428157852738,0.8348034377201307,22.62488255821088,1.6653914540295682,0.6166666666666667,0.9815195071868583,0.45955103862897007,0.7205352729079142,断板,57.85,-0.056612749762131265,6061.654466179284,2.834917891097667,0.721220826699705,0.9017230838452087,0.9831011646494634,0.4593404887499466,0.013149274503677678,9141280503.0,-5.966266605876635,-1.4693171996542853,1,SHSE.600460,2021-07-07,2021-07-07T09:30:00.000000,57.0,2021-07-08T11:30:00.000000,61.59,7.1916544348920075,1.5,未涨停卖出
SHSE.601106,中国一重,2021-07-07,3.46,3.52,3.31,3.36,3.55,-0.05352112676056342,291361392.0,985478540.0,3.91,3.2,false,false,1.00784,4.248623718503419,230.42150634719997,23042150634.719997,83.2345597104,false,false,true,断板,断板,断板,5天4板,1.5579545333718903,3.632,3.518571428571429,-2.53521126760563,-4.506699147381261,338.2323695103708,false,2.75,0.6390765062708871,0.017193928216760395,0.23873932760303215,0.0024328373669415095,0.0375268426740188,0.0003666732824072721,0.004765206311545016,0.25844301785789914,32.14071346736519,2.971014404484356,0.35,0.8879762719598449,0.0,0.4439881359799224,断板,3.4385714285714286,-0.09898477157360408,372.1574740780141,3.240548400498539,0.44290934003197074,0.20167220729678265,0.8858186800639415,0.0,0.00457669316724256,1506705235.0,-7.028603722877492,0.6231823847112627,1,SHSE.601106,2021-07-07,2021-07-07T09:30:00.000000,3.46,2021-07-08T11:30:00.000000,3.34,-4.237385717246629,1.5,未涨停卖出
SZSE.002249,大洋电机,2021-08-20,8.75,9.26,8.39,8.54,9.06,-0.0573951434878589,291547368.0,2522569392.0,9.97,8.15,false,false,12.102,17.313765183412418,202.0162760056,14380549212.399998,127.96382474679999,false,false,true,断板,断板,断板,6天4板,6.942047057371909,8.984,8.618571428571428,-3.4216335540838902,-0.9116525774904762,865.2348362136474,false,4.95,0.6139603717779943,0.018992810463526234,0.6416307884735881,0.008915226168669242,0.578969444495595,0.004152230116502923,0.009501844211990745,0.6172983019410715,23.917532052979904,1.8571428226530613,0.5666666666666667,0.9644624381466487,0.38532995904525846,0.6748961985959536,断板,8.4,-0.06211180124223603,936.0585972222552,7.8571428571428585,0.6633107798416432,0.6152312176293663,0.9577052868391451,0.3689162728441413,0.008859358866870296,3832344218.0,-6.522946042421484,4.166666666666652,1,SZSE.002249,2021-08-20,2021-08-20T09:30:00.000000,8.75,2021-08-23T11:30:00.000000,8.55,-3.064314171883883,1.5,未涨停卖出
SZSE.000935,四川双马,2021-09-06,23.77,24.86,22.64,22.91,24.48,-0.06413398692810457,44548662.0,1041676189.0,26.93,22.03,false,false,2.51823,5.8352513057493915,174.9041802903,17490418029.03,54.105290615600005,false,false,false,,未涨停,未涨停,2天2板,5.002516614484396,24.589999999999996,23.88,-2.9003267973856244,-4.061976549413731,2338.2883845086076,false,16.17,0.6693650081977748,0.01974925308469309,0.792913712137246,0.010399004124650845,0.6260935204421856,0.005175800683224741,0.010702092884231462,0.7181579138408336,18.163142933942524,1.7235395885705724,0.5166666666666667,0.967257232563355,0.4268121425331808,0.6970346875482679,断板,23.954285714285714,-0.09999999999999998,2632.7727242719925,2.1946564885496223,0.6983837609432826,0.79503207547923,0.9690305206463196,0.42773700124024555,0.010938127972270218,1910286970.0,-9.714956475884884,-0.7693225190839703,1,SZSE.000935,2021-09-06,2021-09-06T09:30:00.000000,23.77,2021-09-07T11:30:00.000000,23.11,-3.551297544361895,1.5,未涨停卖出
SZSE.002453,华软科技,2021-07-28,8.7,9.17,8.35,9.12,9.0,0.013333333333333197,44564365.0,394351184.0,9.9,8.1,false,false,4.13679,7.800518991773149,70.9913674704,5210256000.0,38.857256136,false,false,false,,未涨停,未涨停,5天3板,9.844393138456153,8.714,8.254285714285714,-3.333333333333341,10.488058151609541,884.9025089889647,false,6.21,0.6856897267170583,0.02016281806779327,0.41075248199346104,0.004080558921626222,0.5986335769243817,0.002812922046859841,0.006916719688429718,0.5221042594174568,30.317015341771018,2.439393879887513,0.4666666666666667,0.9258335223406668,0.38697108195752167,0.6564023021490942,断板,7.961428571428572,-0.005524861878453136,917.581599855567,13.045038578862368,0.6293743671421814,0.39867265834881466,0.9014979573309124,0.3572507769534503,0.0058904514068119735,570600421.0,-5.185544246207286,9.276870626233613,1,SZSE.002453,2021-07-28,2021-07-28T09:30:00.000000,8.7,2021-07-29T11:30:00.000000,9.18,4.67646654760269,1.5,未涨停卖出
SHSE.600331,宏达股份,2021-09-02,4.31,4.88,4.21,4.76,4.46,0.06726457399103136,293567261.0,1351611152.0,4.91,4.01,false,false,8.99892,14.447207726377954,96.7232,9672320000.0,62.37151641,false,false,true,断板,断板,断板,4天2板,10.428676550196851,4.286,4.075714285714286,-3.363228699551578,16.789344549596912,460.40936151936916,false,2.67,0.8261673919133634,0.025029523082017502,0.7959898687547474,0.012993033476215617,0.6257604180219548,0.00577462717186736,0.013234809506071518,0.7509565381666328,19.28498359446686,1.6598639180267483,0.5666666666666667,0.9807001795332136,0.43878245854407355,0.7097413190386436,炸板,3.867142857142857,0.022935779816513735,461.7580148615172,15.330624307351314,0.7084690316606056,0.7921986814541344,0.9777827648114902,0.439155298509721,0.012347203723771471,1751033210.0,-6.6610678908825545,11.45179165127448,1,SHSE.600331,2021-09-02,2021-09-02T09:30:00.000000,4.31,2021-09-03T11:30:00.000000,4.35,0.12386648302381333,1.5,未涨停卖出
SHSE.601101,昊华能源,2021-09-02,8.39,9.6,8.39,9.55,8.8,0.08522727272727271,78370659.0,722315901.0,9.68,7.92,false,false,3.22015,6.530897654492622,114.59983497600001,11459983497.6,39.706477642500005,false,false,true,断板,断板,断板,2天2板,5.554894957382071,9.020000000000001,8.722857142857142,-4.659090909090911,9.482476252866046,921.6662335326286,false,5.63,0.8390897586107585,0.021595266461763248,0.7378683572807665,0.009568670541294066,0.7958945508401999,0.006308565004769485,0.010995958064430527,0.775520495614595,23.19937926473059,1.8193201815697921,0.55,0.9714991023339318,0.46438807231392293,0.7179435873239274,断板,8.47,-0.10020449897750494,935.9142438788757,3.8961038961038965,0.7131779143161053,0.7199898646189491,0.9663375224416517,0.46001830619055895,0.010168181446206365,853127912.0,-10.355034610566104,-0.9445100354191216,1,SHSE.601101,2021-09-02,2021-09-02T09:30:00.000000,8.39,2021-09-03T11:30:00.000000,9.45,11.73660542573447,1.5,未涨停卖出
SHSE.600418,江淮汽车,2021-07-15,14.25,15.7,14.2,15.49,14.69,0.05445881552076237,238141652.0,3572762825.0,16.16,13.22,false,false,6.3372,12.57804510211139,293.27404692330003,29327404692.33,177.949504152,false,false,false,,未涨停,未涨停,2天2板,8.819023472187496,14.407999999999998,13.634285714285713,-2.99523485364193,13.610645431684837,1500.2679266708035,false,8.52,0.6854112624288511,0.020382190985909043,0.664365213308747,0.008364225631786876,0.23494276779899645,0.0020992254805044307,0.008888318657226576,0.5397476894798426,25.71742242081015,2.0519480098431444,0.55,0.9553835647621216,0.3748492788103596,0.6651164217862406,断板,13.047142857142857,0.011707988980716344,1500.0081917028892,12.59170042702288,0.6593458363888524,0.6563691463962193,0.9510362104304259,0.3676554623472789,0.008504049792045134,3651092299.0,-5.000518805016396,9.219314573524585,1,SHSE.600418,2021-07-15,2021-07-15T09:30:00.000000,14.25,2021-07-19T11:30:00.000000,16.95,17.999580624868944,2.5,未涨停卖出
SZSE.002280,ST联络,2021-07-15,7.59,8.14,7.57,7.84,7.9,-0.0075949367088608,115951481.0,910734662.0,8.69,7.11,false,false,13.5192,6.582916924494523,170.68853452,13809373891.039999,118.269462696,false,false,false,,未涨停,未涨停,4天4板,0.8597645421880294,8.303999999999998,7.947142857142857,-3.9240506329113987,-1.3481934208161017,785.4446136828559,false,5.06,0.7214858994483764,0.027987087918825662,0.7543444467169508,0.016713310980220747,0.8004155751839177,0.011891666930316064,0.017521573152970326,0.7615940758033259,17.623913540970552,1.4323076717926393,0.5666666666666667,0.9886182563168677,0.4359718591735998,0.7122950577452338,断板,7.7,-0.09299655568312293,802.9253200291529,2.5974025974025996,0.7110889076279783,0.7408201177443928,0.9883853336369848,0.43379248161897166,0.01728334796472028,1399779672.0,-5.4706607119524016,-1.4285714285714346,1,SZSE.002280,2021-07-15,2021-07-15T09:30:00.000000,7.59,2021-07-16T11:30:00.000000,7.65,-0.01259783002376174,1.5,未涨停卖出
SZSE.002439,启明星辰,2021-07-15,33.59,36.88,33.38,36.3,35.35,0.026874115983026803,38445295.0,1371581365.0,38.89,31.82,false,false,8.23285,5.31345004400462,338.890898346,26264746952.399998,240.461015883,false,false,true,断板,断板,断板,2天2板,6.318267911004417,33.438,32.17714285714286,-4.978783592644973,12.812999467234926,3567.618261220261,false,27.47,0.3041330455636495,0.007662542916508588,0.07286011344342014,-0.0008650844550630451,0.07763749036260584,-0.0004280278986514572,0.0009715579861747581,0.12054791294322173,32.99995557702483,3.9192347029315857,0.5333333333333333,0.6155246983837924,0.0,0.3077623491918962,断板,31.09428571428572,0.012024048096192397,3582.2871909205383,13.686483506386086,0.25222045092234113,0.1567471586124607,0.5044409018446823,0.0,0.00019938580468804878,1758988305.0,-6.233090174525058,8.02627951851511,1,SZSE.002439,2021-07-15,2021-07-15T09:30:00.000000,33.59,2021-07-16T11:30:00.000000,35.47,4.755494248074679,1.5,未涨停卖出
SHSE.600759,ST洲际,2021-09-17,3.76,4.31,3.73,4.23,3.92,0.07908163265306145,365535479.0,1515155995.0,4.31,3.53,false,false,4.46299,16.187143124134888,95.74636801140001,9552118396.140001,63.345859811100006,false,true,false,,炸板,7天2板,5天2板,11.16300978975399,3.778,3.6314285714285712,-4.081632653061228,16.483084185680585,414.50312816283423,false,2.27,0.8502100703520489,0.023402301020527597,0.5352988140952889,0.006977074445634234,0.5645334038013206,0.0036851241072181047,0.009274534659088068,0.6070514422584504,29.85825318301576,2.0523809102582775,0.5666666666666667,0.9551339285714285,0.442285754739783,0.6987098416556058,断板,3.458571428571428,0.010309278350515427,399.9220017975192,13.341594382486585,0.6950879972939842,0.5015680546583344,0.9426083072800358,0.44756768730793256,0.008332813230912202,1597868782.0,-5.981666847534672,8.715406856670803,1,SHSE.600759,2021-09-17,2021-09-17T09:30:00.000000,3.76,2021-09-22T11:30:00.000000,4.03,6.326820378062235,1.5,未涨停卖出
SZSE.002667,*ST威领,2021-09-17,33.99,36.6,32.6,35.93,34.97,0.027452101801544115,23671140.0,813940041.91,38.47,31.47,false,false,3.47008,10.246670100816837,83.0457276,8300297090.0,44.2715088,false,false,true,断板,断板,断板,4天4板,8.24579947881721,35.436,33.27285714285715,-2.802402058907626,7.985917307114317,3438.5333444439093,false,23.97,0.2847216215136632,0.01043870729629504,0.7775479958413007,0.01511225604907634,0.8616455377147125,0.012858175916350374,0.01350132225870229,0.7042119835377968,16.684874674580872,1.5282796310033933,0.55,0.9801339285714286,0.4207587979918396,0.700446363281634,断板,31.995714285714286,-0.09987129987129995,3657.6627114554967,9.29588784212171,0.691468626744115,0.7725552845224604,0.9767753461366682,0.4061619073515619,0.012728412055604097,915109755.94,-7.0718032760480165,6.232977630932712,1,SZSE.002667,2021-09-17,2021-09-17T09:30:00.000000,33.99,2021-09-22T11:30:00.000000,33.77,-1.4389045758712753,1.5,未涨停卖出
SHSE.600888,新疆众和,2021-08-04,8.99,10.16,8.97,10.05,9.27,0.08414239482200658,117589872.0,1138734627.0,10.2,8.34,false,false,12.3661,9.47250851093612,133.2526339275,12475873864.2,78.80183292000001,false,false,true,断板,断板,断板,2天2板,5.467293257366853,9.498000000000001,9.104285714285714,-3.0204962243797127,10.387572571787237,968.3951582156667,false,5.34,0.8520353928017984,0.03186212750495649,0.3706891643397473,0.006415915546292555,0.035039358248420784,0.0007265524316647605,0.009798349003637003,0.3662634682047596,28.72458854842033,1.9497306621650359,0.6333333333333333,0.9644876724722914,0.2279305539518161,0.5962091132120537,断板,8.794285714285714,-0.10000000000000009,981.7914173362806,5.409356725146202,0.5793697322623037,0.3212660609596686,0.9549569941149841,0.2037824704096232,0.008813497737420725,1443514598.0,-8.432689049258935,2.225471085120212,1,SHSE.600888,2021-08-04,2021-08-04T09:30:00.000000,8.99,2021-08-05T11:30:00.000000,9.18,1.2998063363896872,1.5,未涨停卖出
SZSE.000893,亚钾国际,2021-08-04,23.32,24.3,23.23,23.69,23.93,-0.010029251984956078,13485750.0,320878061.0,26.32,21.54,false,false,2.04319,3.3434983915654812,179.3103851368,9555183825.0,56.86607914740001,false,false,false,,未涨停,未涨停,5天5板,-2.9605947323337506e-16,23.94,23.814285714285713,-2.5491015461763453,-0.5218956208758149,2379.386100142743,false,15.33,0.8842470687554345,0.01551354361225061,0.7572832634910898,0.007724954048451369,0.8501188138901671,0.007468377377372449,0.009205698959887543,0.8105266896636819,23.902947672593534,2.0777777346061734,0.5,0.9590590364171002,0.4756596984407434,0.7173593674289218,断板,23.787142857142857,-0.045853269537480035,2494.0589970874616,0.6005645306588171,0.7140629479009533,0.7552008214565236,0.9608420099592576,0.46728388584264896,0.00934647068983669,394334421.0,-6.497801265997016,-1.9638460152543336,1,SZSE.000893,2021-08-04,2021-08-04T09:30:00.000000,23.32,2021-08-05T11:30:00.000000,22.19,-5.60382825473406,1.5,未涨停卖出
SZSE.002559,亚威股份,2021-08-04,9.1,9.31,8.85,9.07,9.57,-0.05224660397074188,62238417.0,566033706.0,10.53,8.61,false,false,7.13872,13.127191047238915,50.4947771884,4300253117.05,39.2424038548,false,false,true,断板,断板,断板,3天2板,14.989504043943125,9.654,9.287142857142857,-4.911180773249745,-2.3381018304876164,909.4603193394203,false,6.41,0.7262682977985017,0.02189778922634714,0.5650489800793849,0.0058842766914506545,0.7054060330987394,0.0035678904522425513,0.008392063326667521,0.6393999595290146,29.991236859209668,2.3311402965350405,0.48333333333333334,0.9491065369825831,0.44623324575597817,0.6976698913692806,断板,9.108571428571429,-0.09971777986829733,984.6055709390594,5.065872020075286,0.6935003716290651,0.5378877986209544,0.9459031235853327,0.4410976196727974,0.008107662335991883,669926172.0,-7.577203820602496,-0.09410288582183401,1,SZSE.002559,2021-08-04,2021-08-04T09:30:00.000000,9.1,2021-08-05T11:30:00.000000,9.0,-1.8869576638500762,1.5,未涨停卖出
SHSE.600218,全柴动力,2021-08-13,13.31,15.36,12.96,14.6,14.0,0.04285714285714293,124510322.0,1736849307.0,15.4,12.6,false,false,2.0133,33.765053219617364,53.83823,5383823000.0,35.363025,false,false,true,断板,断板,断板,4天3板,13.864245185376015,12.809999999999999,11.912857142857144,-4.928571428571425,22.55666147020025,1394.9440328328762,false,8.32,0.6081279891966397,0.024667327560317552,0.17928950572984695,0.003208980370769469,0.0435115396678201,0.0005815489122744694,0.0067124203711305865,0.22432381260459744,33.827751029786725,2.1818181342148772,0.5666666666666667,0.9190712353471596,0.0,0.4595356176735798,炸板,11.132857142857144,0.08024691358024683,1405.6800745980872,25.753881688694968,0.4407850214301827,0.13382689900074976,0.8815700428603654,0.0,0.005268045075075563,1803326501.0,-5.312736229788262,19.556011805466422,1,SHSE.600218,2021-08-13,2021-08-13T09:30:00.000000,13.31,2021-08-17T11:30:00.000000,17.12,27.600192767622218,2.5,未涨停卖出
SZSE.000829,天音控股,2021-09-27,18.72,19.0,17.73,17.73,19.7,-0.09999999999999998,35346638.0,640701107.47,21.67,17.73,false,false,15.0138,3.452612299523814,181.75030765740001,18151354318.77,101.4382787976,false,false,true,断板,断板,断板,2天2板,8.441627264421292,18.21,18.330000000000002,-4.974619289340104,-3.2733224222585995,1812.6224832754956,true,13.17,0.16810993168842117,-0.011151064408839232,0.7586538238897866,0.021215973334307327,0.6759629109810801,0.012693620272565848,0.012185859867155572,0.6157377715769016,16.101481965956452,1.3415221399993298,0.55,0.9790459206419974,0.3894406953786765,0.684243308010337,断板,18.91,0.005102040816326481,2014.6618722373562,4.177683765203591,0.677723864885803,0.7768271881661276,0.98082497212932,0.3746227576422861,0.013555514861009081,1574745463.35,-7.081181919570712,-1.004759386567955,1,SZSE.000829,2021-09-27,2021-09-27T09:30:00.000000,18.72,2021-09-28T11:30:00.000000,16.64,-11.819389110225764,1.5,止损卖出
SZSE.000552,甘肃能化,2021-10-12,4.08,4.27,3.88,4.12,4.21,-0.02137767220902609,177226846.0,720749905.83,4.63,3.79,false,false,7.2519,7.760373250198778,94.22320726,9409013999.44,43.9087510208,false,false,true,断板,断板,断板,4天2板,6.958140645969553,4.031999999999999,3.9085714285714284,-3.087885985748216,5.409356725146207,406.68212638055974,false,3.0,0.355479501026081,0.00638523033994989,0.825339691900645,0.0068796677926164385,0.34378751610486763,0.0018012863368399704,0.005257265865350188,0.586902000986999,29.815531519963926,2.410526257683104,0.5333333333333333,0.9390298175344904,0.4775708932463733,0.7083003553904319,断板,3.84,0.011737089201877993,435.4613324281387,12.239583333333327,0.6995150017162552,0.8110564458167349,0.9296840231419671,0.46934598029054336,0.00516279654683595,1038083380.72,-6.3062619762388366,6.25,1,SZSE.000552,2021-10-12,2021-10-12T09:30:00.000000,4.08,2021-10-14T11:30:00.000000,3.47,-15.62866182329506,2.5,止损卖出
SHSE.603379,三美股份,2021-08-18,23.23,25.18,22.5,25.01,24.26,0.03091508656224229,26164238.0,629877433.0,26.69,21.83,false,false,1.42993,13.552331858096734,152.68080715370002,4828450182.83,46.8634831481,false,false,true,断板,断板,断板,2天2板,16.516264724773233,24.598000000000003,23.587142857142858,-4.24567188788129,6.032342074980319,2407.3983465522674,false,19.6,0.04659335915395831,0.0036304902758359666,0.6494997634333975,0.0065201485947563465,0.47543835789536903,0.0027765438381233756,0.00481913550398238,0.4767000609161011,23.939035917199597,2.490757793783805,0.5666666666666667,0.8744091829844699,0.3148064887789993,0.5946078358817346,断板,22.872857142857146,-0.09981447124304255,2447.3392597547954,6.064580600836916,0.5649436993177719,0.6430174606087872,0.8281918486827291,0.3016955499528148,0.003953979285857953,380468256.0,-5.0805894303045385,1.5614265192679833,1,SHSE.603379,2021-08-18,2021-08-18T09:30:00.000000,23.23,2021-08-19T11:30:00.000000,26.19,11.843800004459135,1.5,未涨停卖出
SZSE.002155,湖南黄金,2021-08-18,11.2,12.14,11.14,11.53,11.64,-0.00945017182130592,128684905.0,1503961140.0,12.8,10.48,false,false,2.6904,10.707286839390909,138.5951513522,13857263533.759998,77.6128757374,false,false,false,,未涨停,未涨停,2天2板,9.523045272889952,11.059999999999999,10.414285714285715,-3.7800687285223478,10.713305898491074,1168.7160510395527,false,7.77,0.6397636519876518,0.017386782288730012,0.25295731805462734,0.0029791248613086066,0.020754924299116427,0.0003310208738697273,0.005066225150561224,0.260657866714579,38.941489229708615,2.711751589435206,0.5333333333333333,0.8825118163403106,0.0,0.4412559081701553,断板,9.994285714285715,0.030088495575221197,1174.5372376730681,16.466552315608922,0.4225399684755686,0.1986694738073244,0.8450799369511371,0.0,0.004228562931344127,1774135338.0,-4.643295752897081,12.064036592338478,1,SZSE.002155,2021-08-18,2021-08-18T09:30:00.000000,11.2,2021-08-23T15:00:00.000000,14.55,28.875569151963592,4.0,未涨停卖出
SZSE.002249,大洋电机,2021-08-18,8.51,9.66,8.51,9.66,8.78,0.10022779043280194,171517049.0,1602226412.0,9.66,7.9,false,false,12.102,10.185672166101812,228.51021384240002,16266522879.6,144.7459656972,true,false,false,,涨停,6天4板,4天3板,6.836869552095375,8.546000000000001,8.015714285714285,-3.0751708428245967,20.51327749064339,934.1499409775876,false,4.78,0.39146165914930253,0.013648188515537342,0.5916876454049872,0.007916108669019971,0.5739010135404516,0.003842046200432184,0.00784030589774711,0.5463064585944896,25.115376237638742,1.934131699118291,0.5833333333333334,0.9459824442943957,0.34988379443569684,0.6479331193650463,断板,7.5685714285714285,-0.011261261261261368,902.4931777003011,16.00604001510003,0.6300203026776015,0.5846201383510181,0.9198378743526233,0.3402027310025795,0.0065592811302885206,4431470817.0,-5.705658388633383,12.438656096640234,1,SZSE.002249,2021-08-18,2021-08-18T09:30:00.000000,8.51,2021-08-19T11:30:00.000000,9.14,6.547253992256584,1.5,未涨停卖出
SZSE.002607,中公教育,2021-10-18,11.7,12.32,11.4,12.0,12.05,-0.004149377593361092,105684512.0,1260643911.67,13.26,10.85,false,false,8.24994,6.434182987522401,740.08792668,19710570036.0,154.52215356,false,false,true,断板,断板,断板,2天2板,6.931432502990448,12.128000000000004,11.888571428571433,-2.9045643153527085,0.9372746935832337,1192.8369519934954,false,10.15,0.061209546034660466,-0.0024414274766879503,0.27855902620924566,-0.003125664523434219,0.8604269232503312,-0.009230129820407459,-0.004820156703176938,0.4096494992866543,21.091798744311312,2.7439861790009292,0.43333333333333335,0.02732726060875361,0.33401129715282124,0.18066927888078743,断板,11.722857142857148,-0.09940209267563527,1231.7036970865818,2.790640994394309,0.1912937143099235,0.32316273165480064,0.01956425077812361,0.3630231778417234,-0.0053401833294713635,2234769574.8,-5.009621813471298,-0.19497928345117987,1,SZSE.002607,2021-10-18,2021-10-18T09:30:00.000000,11.7,2021-10-19T11:30:00.000000,11.5,-2.492593727653482,1.5,未涨停卖出
SZSE.002487,大金重工,2021-09-07,13.45,14.9,13.04,14.13,13.92,0.015086206896551824,68935595.0,957302670.0,15.31,12.53,false,false,4.61945,12.623537535237947,78.5153232,7716220232.490001,41.8037275071,false,false,true,断板,断板,断板,2天2板,1.2822255590036806,12.808000000000002,12.497142857142858,-3.3764367816092005,13.065843621399173,1388.6913865035908,false,8.14,0.8576218322416665,0.021329254842631262,0.8191189603578696,0.010169693677151653,0.12131024763297227,0.0016947606241837843,0.009859125994357214,0.6174769209171598,29.524016003991566,1.9005101679622425,0.5666666666666667,0.9623402824478816,0.4298255425670713,0.6960829125074764,炸板,12.031428571428572,0.05775075987841949,1419.1116009366992,15.696984089289948,0.6895968490977384,0.8239556371207958,0.9558196905135681,0.4233740076819089,0.009053571423147506,1309395400.0,-5.2223941293821685,11.79054856328663,1,SZSE.002487,2021-09-07,2021-09-07T09:30:00.000000,13.45,2021-09-08T11:30:00.000000,14.01,3.333580177431547,1.5,未涨停卖出
SZSE.000049,德赛电池,2021-10-27,43.49,44.2,42.2,43.75,45.1,-0.029933481152993324,34888974.0,1512413095.99,49.61,40.59,false,false,6.91373,11.688733482419265,131.4283775,13058665550.0,71.6995024375,false,false,true,断板,断板,断板,3天2板,7.614202920986823,41.866,40.082857142857144,-3.569844789356983,9.14890583790719,4334.931419852014,false,31.03,0.6364495445397476,0.015913921052575785,0.298911170706673,-0.0029268076405729753,0.47849781191777446,-0.003774627251985929,0.0005869922146328906,0.42029483783661836,32.910721355325066,2.97643303242757,0.5,0.7009511170095112,0.43000368407195366,0.5654774005407324,炸板,38.629999999999995,0.061676082862523574,4569.3738738199645,16.748640952627508,0.5126010441344602,0.4105809138299688,0.5688662533215235,0.4563358349473969,-0.0002581313071737335,2588617286.54,-4.8228461908662705,12.580895676935032,1,SZSE.000049,2021-10-27,2021-10-27T09:30:00.000000,43.49,2021-10-28T11:30:00.000000,42.11,-3.9446719903554577,1.5,未涨停卖出
SZSE.002354,天娱数科,2021-11-11,3.56,3.81,3.52,3.7,3.71,-0.0026954177897573484,114008448.0,420159066.87,4.08,3.34,false,false,2.87403,7.803302642327534,61.53151655700001,5405804143.900001,53.086738307,false,false,false,,未涨停,未涨停,2天2板,0.8490296046295125,3.547999999999999,3.361428571428572,-4.043126684636116,10.072248193795138,368.5332747183788,false,2.69,0.3362109984208038,0.009879890092943266,0.008618436735870254,-0.00034761278829214116,0.5930842394077276,-0.0022038087564666287,0.001141028997502594,0.24947668987441418,33.13105727029388,3.1349205366433637,0.43333333333333335,0.7642258491398324,0.0,0.3821129245699162,炸板,3.232857142857143,0.03342618384401108,378.2735878226018,14.759169244365877,0.34741835834068846,0.040331823105777174,0.6948367166813769,0.0,0.0002770651266087497,566769688.41,-5.888221789634285,10.119310649580203,1,SZSE.002354,2021-11-11,2021-11-11T09:30:00.000000,3.56,2021-11-12T11:30:00.000000,3.9,8.677648954742816,1.5,未涨停卖出
SHSE.600973,宝胜股份,2021-11-19,6.52,6.85,6.4,6.47,6.76,-0.04289940828402372,132263790.0,866192212.0,7.44,6.08,false,false,8.84771,10.564510469984931,88.72739624559999,8100202311.61,42.060260757,false,false,true,断板,断板,断板,2天1板,6.5299649291706094,6.255999999999999,6.005714285714285,-3.550295857988169,7.730732635585159,654.8974681581407,false,4.27,0.7760179896178284,0.015647991316335725,0.5925578272162507,0.004638125842058321,0.6900403926870354,0.002914548701999236,0.006323025794896076,0.6584946293378018,26.47847189508147,2.4775085891385413,0.5166666666666667,0.9485488126649076,0.4873681035783401,0.7179584581216238,炸板,5.861428571428571,0.03840245775729656,697.2921684566306,15.330246161345357,0.7137258750943598,0.5874189072668158,0.9399604134594238,0.4874913367292958,0.00580056283900238,1750679433.0,-6.495436275568567,11.23568120887155,1,SHSE.600973,2021-11-19,2021-11-19T09:30:00.000000,6.52,2021-11-22T11:30:00.000000,6.4,-2.622638281230892,1.5,未涨停卖出
SHSE.600330,天通股份,2021-11-03,13.0,13.39,12.56,13.15,13.42,-0.020119225037257826,111004238.0,1435951907.0,14.76,12.08,false,false,4.93732,11.138677024344396,131.048393495,13104839349.5,96.89103876450001,false,false,true,断板,断板,断板,2天1板,9.756555546015013,13.5,13.124285714285715,-3.129657228017883,0.19592903015129465,1293.600976748293,false,9.9,0.8234458410300026,0.017034574161277263,0.0015403240941946244,-0.00018470405344303935,0.6735011891362416,0.003456259438012603,0.004351440636937713,0.36750968699397035,23.58032181280962,2.941176384083048,0.5833333333333334,0.9302274232722455,0.30414358630564275,0.6171855047889441,断板,12.975714285714286,-0.09993293091884647,1388.1878516611753,3.423978861609598,0.6189421137930868,0.006432520115769583,0.9257950530035336,0.3120891745826402,0.004321549850751287,2239104665.0,-6.35273184069759,0.1871628316635343,1,SHSE.600330,2021-11-03,2021-11-03T09:30:00.000000,13.0,2021-11-05T11:30:00.000000,15.14,15.533558075390733,2.5,未涨停卖出
SZSE.000933,神火股份,2021-09-15,16.3,16.86,15.48,16.65,16.85,-0.011869436201780603,94408639.0,1543377055.78,18.54,15.17,false,false,12.6385,4.230800728080529,374.7892703985,37153814144.85,230.59682434799998,false,false,true,断板,断板,断板,4天2板,6.732439219020858,16.619999999999997,16.077142857142857,-3.264094955489618,3.563177536875773,1634.7837148462652,false,9.58,0.7620860606501523,0.015303156259706487,0.80933106799932,0.009351218688905233,0.28270593013849554,0.002279378975679834,0.008420054289097863,0.6418945251712391,22.697236143865254,1.9141630534885523,0.6333333333333333,0.9423463687150838,0.417449542921019,0.6798979558180513,断板,15.635714285714286,-0.034936998854524615,1709.3086519199226,7.766103243490184,0.6698148817144481,0.7932435415660728,0.9367456414841305,0.4028841219447658,0.007916195870198406,2766422724.88,-4.639808722131122,4.248515303791689,1,SZSE.000933,2021-09-15,2021-09-15T09:30:00.000000,16.3,2021-09-16T11:30:00.000000,16.93,3.0374208686725477,1.5,未涨停卖出
SHSE.601567,三星电气,2021-09-28,17.14,18.5,16.9,17.58,17.8,-0.012359550561797938,39209886.0,693271564.0,19.58,16.02,false,false,5.12118,2.827835073569899,243.7588395174,24375883951.739998,108.94812438599999,false,false,true,断板,断板,断板,4天2板,2.9760944765583197,16.732,16.072857142857142,-3.707865168539327,9.376944271620296,1768.1040031587952,false,13.24,0.4506679388044652,0.008916554005921812,0.3107974143327338,-0.003477997727934673,0.29009310563834945,0.004360560313976481,0.0013524800314099704,0.3325602266187648,21.374766944211647,2.439585671209188,0.45,0.6711229946524064,0.23576437295823885,0.45344368380532263,炸板,15.607142857142858,0.03850641773628949,1837.4885569290436,14.050343249427918,0.4147421944015123,0.39412907418082344,0.572670530539456,0.25681385826356856,0.0007216398555124183,1175741308.0,-6.720507535319165,9.821510297482838,1,SHSE.601567,2021-09-28,2021-09-28T09:30:00.000000,17.14,2021-09-29T11:30:00.000000,16.55,-4.211624912252973,1.5,未涨停卖出
SHSE.603982,泉峰汽车,2021-12-03,44.31,46.34,44.2,45.01,46.46,-0.031209642703400875,5448711.0,247049560.0,51.11,41.81,false,false,1.01224,6.667280527889654,90.65720657,3678358531.3999996,36.783585314,false,false,false,,未涨停,未涨停,3天2板,12.508968084192556,45.70799999999999,43.38285714285714,-4.6276366767111465,3.7506585879873557,4534.091824653574,false,25.72,0.5602499462464392,0.014326505839709925,0.8041685300488209,0.014842166304330773,0.724655153723133,0.009102622930954488,0.013017171199393718,0.7315308003906382,24.077674291482392,1.6002612415372957,0.5166666666666667,0.9890374917781188,0.46431163693629846,0.7266745643572087,断板,42.03142857142858,-0.011068539804171884,4669.550208436033,10.536333355992102,0.7255980997762705,0.7898299991696353,0.9883771929824562,0.46281900657008485,0.012621715707979412,310603584.0,-5.108633546868546,5.421113452518522,1,SHSE.603982,2021-12-03,2021-12-03T09:30:00.000000,44.31,2021-12-06T11:30:00.000000,44.45,-0.4833745586374736,1.5,未涨停卖出
SZSE.002565,顺灏股份,2021-12-03,5.56,5.69,5.24,5.24,5.82,-0.09965635738831613,153725699.0,823525150.2,6.4,5.24,false,false,8.36367,14.56985257081304,55.54341951280001,5528694671.72,36.425615658800005,false,false,true,断板,断板,断板,2天1板,5.179325740390648,5.215999999999999,5.047142857142857,-4.467353951890045,3.8211151995471306,535.7107858719186,true,3.52,0.7796814388120048,0.019372695286677313,0.026929658370102763,-0.001214107443383665,0.15564556418598158,0.0015161933783855112,0.0037223433491592834,0.21609478620324685,21.481267143980766,2.4193547801769006,0.48333333333333334,0.860337645253234,0.0,0.430168822626617,炸板,4.942857142857143,0.06788990825688068,590.3141526299476,17.745664739884397,0.4276315789473684,0.03314848933775127,0.8552631578947368,0.0,0.003654918570028092,1444102294.21,-5.812862943751618,12.48554913294797,1,SZSE.002565,2021-12-03,2021-12-03T09:30:00.000000,5.56,2021-12-06T11:30:00.000000,4.89,-12.751153658746317,1.5,止损卖出
SZSE.002581,*ST未名,2021-12-02,19.68,20.92,19.4,19.42,20.28,-0.04240631163708086,61501451.0,1237767686.6,22.31,18.25,false,false,2.88717,15.345011812772988,128.12065080120001,7783364346.620001,50.5693112142,false,false,true,断板,断板,断板,4天3板,11.925204441655174,18.887999999999998,17.84142857142857,-2.9585798816568114,8.847786051725542,2012.582900848957,false,14.0,0.5896616252267884,0.01717799898071312,0.07133571145029584,0.0013088526251655481,0.3823263059682294,-0.0019747884133370403,0.0034975895847242865,0.26829807256097443,30.16514943445541,2.7358489817550753,0.55,0.8460526315789474,0.0,0.4230263157894737,断板,17.154285714285713,0.013493253373313419,2083.193866650684,18.221185876082625,0.3937266944505374,0.04061547693267078,0.7874533889010747,0.0,0.0025853646975077093,1587718371.32,-5.52967577789053,14.723517654896746,1,SZSE.002581,2021-12-02,2021-12-02T09:30:00.000000,19.68,2021-12-03T11:30:00.000000,19.44,-2.006607715479535,1.5,未涨停卖出
SZSE.000503,国新健康,2021-12-08,9.0,10.41,8.96,10.01,9.47,0.05702217529039055,80091941.0,769694975.72,10.42,8.52,false,false,9.72336,8.910765738048012,90.8122419204,8997210262.039999,66.3782730611,false,true,false,,炸板,6天3板,4天3板,5.6864309136122175,9.701999999999998,9.15,-4.9630411826821605,9.39890710382513,961.014261996722,false,5.9,0.8172584402796049,0.02745745186510482,0.12335585742230767,0.00276912807069143,0.02123881714407222,-0.00042481168387535666,0.006748610903204072,0.23150126191029652,29.95953837207183,2.277056225206426,0.5333333333333333,0.9538091068301225,0.0,0.47690455341506127,断板,8.757142857142856,-0.09980988593155882,968.195517171501,8.140293637846675,0.46890737902342894,0.07657983133049635,0.9378147580468579,0.0,0.005905425889537397,783502511.27,-7.043568779447396,2.773246329526935,1,SZSE.000503,2021-12-08,2021-12-08T09:30:00.000000,9.0,2021-12-09T11:30:00.000000,9.84,8.462151394422314,1.5,未涨停卖出
SHSE.603458,勘设股份,2021-11-18,12.42,13.95,12.2,13.35,12.88,0.036490683229813525,44382082.0,577471033.0,14.17,11.59,false,false,2.74244,14.429687019197251,41.901539802,4106123673.45,37.194846446999996,false,false,true,断板,断板,断板,2天2板,6.7855978529476895,12.437999999999999,11.969999999999995,-3.5714285714285783,11.528822055137885,1301.1355190592456,false,10.09,0.5628789011550991,0.011239642804259964,0.025475561097162595,0.0005185020141116019,0.5025580877198346,-0.003798348344860583,0.0013676750644496187,0.2760809870955515,41.11085393229304,3.6139895066964933,0.5166666666666667,0.7228942159665713,0.0,0.36144710798328566,断板,11.597142857142853,-0.020532319391634912,1307.1394199494841,11.061837891106235,0.3199823943661972,0.004940698980226029,0.6399647887323944,0.0,0.0006195795529514603,597901557.0,-4.983356706662678,7.095343680709587,1,SHSE.603458,2021-11-18,2021-11-18T09:30:00.000000,12.42,2021-11-19T11:30:00.000000,12.81,2.3182631791674115,1.5,未涨停卖出
SHSE.600821,金开新能,2021-09-30,8.7,10.02,8.63,10.02,9.11,0.09989023051591661,113806023.0,1057279641.0,10.02,8.2,false,false,4.21316,11.784611923273946,153.9429216006,9676486233.779999,59.2788123828,true,false,false,,涨停,8天5板,6天4板,10.57162673118786,9.434000000000001,9.157142857142857,-4.500548847420419,9.422776911076445,929.0190563991504,false,5.01,0.846317805629329,0.029812047854926905,0.5086899540074228,0.008790379407300026,0.386848042010413,0.003337890560160494,0.011358966442683542,0.5396629507327011,25.13147753448674,1.8690036551051528,0.5333333333333333,0.9801914088582239,0.39856253135590564,0.6893769701070648,断板,8.772857142857143,-0.09980237154150196,951.7665375743903,3.8430223090701743,0.6792292607223189,0.4725089309025117,0.9757292362502783,0.38272928519435945,0.010437911681918238,1295126281.0,-8.591028823389312,-0.8304836345872091,1,SHSE.600821,2021-09-30,2021-09-30T09:30:00.000000,8.7,2021-10-08T11:30:00.000000,9.32,6.2728396757796565,1.5,未涨停卖出
SHSE.600556,天下秀,2021-11-08,13.11,13.7,12.68,13.13,13.7,-0.04160583941605833,92849110.0,1221490116.0,15.07,12.33,false,false,3.71893,19.50279748939268,237.35726539460003,6250943306.79,62.5094330679,false,false,true,断板,断板,断板,6天5板,19.611600337051623,12.648,12.202857142857143,-4.306569343065693,7.5977522828377495,1315.5647006201782,false,8.08,0.8030951525797136,0.03027540283652691,0.15558220695954703,0.003012297105473785,0.08301695870488227,-0.0009346982683522616,0.007280819639536596,0.2633152216071809,27.724121611569483,2.2354739561427692,0.48333333333333334,0.9668801059836608,0.0,0.4834400529918304,断板,11.698571428571428,0.029301277235161516,1388.0909812063635,17.108316033703744,0.47902406712298523,0.12136692846425162,0.9580481342459705,0.0,0.006452289046936285,1867808034.0,-5.553741235273013,12.064965197215782,1,SHSE.600556,2021-11-08,2021-11-08T09:30:00.000000,13.11,2021-11-09T11:30:00.000000,13.57,2.684000838750259,1.5,未涨停卖出
SHSE.600691,潞化科技,2021-11-29,5.22,5.33,5.11,5.16,5.39,-0.042671614100185495,133664811.0,694753225.0,5.93,4.85,false,false,9.17993,7.610197168716154,122.6006687232,9062977074.960001,60.9765613896,false,false,false,,未涨停,未涨停,5天3板,11.47238540757965,5.228,5.1171428571428565,-3.153988868274581,0.8375209380234651,519.7727208846313,false,3.82,0.567233637054071,0.015680804893816836,0.21643363356305803,-0.004719799488726011,0.366055327087114,0.004024354516624599,0.001983567589387741,0.33148014231847744,19.06786268890221,1.8946135472425671,0.43333333333333335,0.7390254609306409,0.19671023270955204,0.46786784682009647,断板,4.997142857142856,-0.011009174311926717,548.1529116415774,7.8616352201257955,0.3420417124039517,0.20771990157262563,0.6840834248079034,0.0,0.0014899882603388894,872940720.0,-4.771097824374615,4.4596912521440935,1,SHSE.600691,2021-11-29,2021-11-29T09:30:00.000000,5.22,2021-11-30T11:30:00.000000,5.25,-0.22667948894078285,1.5,未涨停卖出
SHSE.600277,ST亿利,2021-12-10,5.63,5.68,5.38,5.39,5.82,-0.07388316151202756,343246618.0,1881617357.0,6.4,5.24,false,false,5.53598,9.640074102172493,191.91753625660002,19191753625.66,96.64366825959999,false,false,false,,未涨停,未涨停,2天1板,9.621483727683577,5.688000000000001,5.421428571428571,-3.26460481099657,-0.5797101449275309,548.1823442175911,false,4.41,0.5084051886530212,0.012786337456277918,0.4742590928133138,0.005112848418847832,0.6475692906661437,0.0036147442800123085,0.006198114984683192,0.5330813713371042,19.18793585940653,2.0792078775610245,0.4666666666666667,0.9496937882764654,0.4004469143204804,0.6750703512984729,断板,5.3100000000000005,-0.07472178060413348,592.4312473287567,9.604519774011294,0.661859606411619,0.4539740678946595,0.9398117750054716,0.38390743781776643,0.005791550057278355,2669121560.0,-4.967875590874183,6.026365348399243,1,SHSE.600277,2021-12-10,2021-12-10T09:30:00.000000,5.63,2021-12-13T11:30:00.000000,5.47,-3.6160862765633803,1.5,未涨停卖出
SZSE.002354,天娱数科,2021-12-22,5.13,5.2,4.86,4.88,5.35,-0.08785046728971957,165617836.0,830560518.08,5.89,4.82,false,false,2.87403,11.335704677563614,81.15508129679999,7129817357.36,70.0171034968,false,false,true,断板,断板,断板,7天4板,15.40091444932306,5.087999999999999,5.0600000000000005,-4.112149532710276,-3.5573122529644383,501.49219319590674,true,3.22,0.8217065499299215,0.02927330528883259,0.5656016206391293,0.008143977263015429,0.06167657968046524,0.0010409337229512782,0.010238929806159616,0.4656450942096886,23.41392483953363,1.8677419005992721,0.45,0.9810292193632796,0.3711991713522696,0.6761141953577746,断板,4.997142857142857,0.01325757575757569,545.9496856006716,7.061177815894785,0.6715364503757122,0.5342453026087172,0.9818856394587516,0.3611872612926727,0.009892262572341867,1366590172.08,-6.035297110652104,2.658662092624353,1,SZSE.002354,2021-12-22,2021-12-22T09:30:00.000000,5.13,2021-12-23T11:30:00.000000,4.78,-7.565061391859445,1.5,未涨停卖出
SZSE.002945,华林证券,2021-12-14,14.68,14.79,13.82,13.82,15.35,-0.09967426710097715,117106795.0,1658959551.56,16.89,13.82,false,false,1.01408,15.515167972969996,373.14,10431185209.98,37.314,false,false,true,断板,断板,断板,3天3板,8.622672472150693,13.679999999999998,12.864285714285716,-4.364820846905538,7.429205996668509,1416.6210863852948,true,10.11,0.5982264189109229,0.017538004146355445,0.0926056280667379,-0.001802776249272713,0.3304571955946605,-0.0014814624831228215,0.002161773959697886,0.2650852564939517,31.058056983545722,2.7862190036419197,0.48333333333333334,0.7828558932866827,0.0,0.39142794664334135,炸板,12.468571428571432,0.0704323570432357,1555.082452093294,23.109532538955055,0.5142808682026032,0.17244277584475914,0.7058180227471567,0.32274371365804977,0.0013924126434359317,2251227505.78,-5.599860764686304,17.736021998166795,1,SZSE.002945,2021-12-14,2021-12-14T09:30:00.000000,14.68,2021-12-15T11:30:00.000000,13.56,-8.365448288589509,1.5,未涨停卖出
SHSE.600466,*ST蓝光,2021-12-23,2.49,2.59,2.35,2.35,2.61,-0.09961685823754785,261077997.0,626800307.0,2.87,2.35,false,false,6.74303,8.602437604142317,71.3208652225,7132086522.25,35.550783221,false,false,true,断板,断板,断板,5天5板,9.889992305540275,2.5399999999999996,2.3957142857142864,-4.597701149425275,-1.9081693500298376,240.08162855638884,true,1.64,0.7100607570339308,0.026851752599404376,0.029957565245359672,0.0013140659372794065,0.6149025510747731,-0.003998508723000844,0.004827830871620326,0.34146169935189796,24.21951415412977,2.059602606586993,0.43333333333333335,0.9134887775114404,0.2706066814352049,0.5920477294733226,炸板,2.311428571428572,-0.07773851590106018,288.8015726614417,12.917181705809616,0.5830690183323788,0.0062767397841558634,0.8918447448757086,0.2742932917890489,0.004198901826782072,1579645789.0,-13.781632937331867,7.725587144622992,1,SHSE.600466,2021-12-23,2021-12-23T09:30:00.000000,2.49,2021-12-24T11:30:00.000000,2.22,-11.553784860557764,1.5,止损卖出
SHSE.601700,风范股份,2021-12-23,7.0,7.18,6.71,6.72,7.26,-0.07438016528925617,183760833.0,1271871655.0,7.99,6.53,false,false,6.16527,16.215641016137912,76.1531904,7615319040.0,35.89214496,false,false,false,,未涨停,未涨停,6天6板,5.562587625481807,7.467999999999999,7.142857142857143,-3.5812672176308515,-5.920000000000009,692.1342454950669,false,4.28,0.6944052355054651,0.03265143583151162,0.3778264817251814,0.0067263922600574256,0.30433645296548484,0.002451391591110464,0.010628900773664178,0.4190952238533292,23.17931303922962,1.8413360830050431,0.5166666666666667,0.9823490956635432,0.3330843446853188,0.657716720174431,断板,6.965714285714285,-0.09813664596273297,738.5233842502026,4.2247744052502085,0.6425502976192213,0.3251168673869403,0.9805931094635848,0.3045074857748579,0.010045746996535704,1776258432.0,-5.216271423729413,0.4922067268252617,1,SHSE.601700,2021-12-23,2021-12-23T09:30:00.000000,7.0,2021-12-24T11:30:00.000000,6.69,-5.190096755833798,1.5,未涨停卖出
SZSE.002945,华林证券,2021-12-15,13.42,14.14,13.3,13.55,13.82,-0.01953690303907374,88413426.0,1212243880.06,15.2,12.44,false,false,1.01408,11.71365978768143,365.85,10227392155.95,36.585,false,false,false,,未涨停,未涨停,3天3板,8.622672472150693,14.02,13.245714285714287,-2.8943560057887145,2.29723899913718,1371.1083654421445,false,10.17,0.6535921149013089,0.018804185624957538,0.0426609294217977,-0.0012290331361505787,0.2941042167706546,-0.0014046341065522868,0.0027249303249505326,0.24028015272235703,30.993771349673374,2.7862190036419197,0.48333333333333334,0.8210618308935984,0.0,0.4105309154467992,断板,12.864285714285716,-0.09967426710097715,1416.6210863852948,7.429205996668509,0.39142794664334135,0.0926056280667379,0.7828558932866827,0.0,0.002161773959697886,1658959551.56,-5.267540283174865,4.319822320932798,1,SZSE.002945,2021-12-15,2021-12-15T09:30:00.000000,13.42,2021-12-16T11:30:00.000000,13.92,2.899282156025677,1.5,未涨停卖出
SZSE.002665,ST航高,2022-01-05,4.9,5.44,4.57,5.23,5.08,0.02952755905511828,585297370.0,2847444723.16,5.59,4.57,false,false,13.7848,23.85569305012705,132.77509454510002,12831759859.87,106.69309212860001,false,false,true,断板,断板,断板,5天3板,14.963677298348792,4.880000000000001,4.57,-3.543307086614168,14.442013129102845,486.4953900544607,true,3.15,0.7314605916488418,0.02565932397853107,0.3910427666214882,0.004775803018711091,0.7807396604886967,0.005592271270354901,0.00919744768616823,0.5760353997871215,23.749977374124292,2.035971181569795,0.5166666666666667,0.9771887899196177,0.42473119347775457,0.7009599916986862,断板,4.305714285714286,-0.013592233009708798,530.339721382318,17.982747179827463,0.6939709923969808,0.378942060553931,0.970013037809648,0.41792894698431365,0.008275929097938365,3323535840.4,-7.606392611357382,13.80225613802255,1,SZSE.002665,2022-01-05,2022-01-05T09:30:00.000000,4.9,2022-01-06T11:30:00.000000,5.1,3.252296934710138,1.5,未涨停卖出
SHSE.600405,动力源,2021-12-24,8.35,8.51,7.95,7.95,8.66,-0.08198614318706698,139357678.0,1145155805.0,9.53,7.79,false,false,7.06395,25.18775747301912,44.292943866,4398539811.6,39.0453782235,false,false,false,,未涨停,未涨停,3天3板,15.65763888128769,9.038,8.700000000000001,-3.579676674364902,-8.620689655172423,821.7385804892645,false,6.26,0.5559285856334931,0.017750046041615744,0.5755943719870513,0.005374596069350866,0.12895138555321775,0.0010311736842749677,0.006546659348281072,0.4376683187861896,25.24628061850031,2.1240309626368616,0.6,0.9492706292183758,0.3618057652076338,0.6555381972130048,断板,8.607142857142858,-0.09508881922675028,906.6380137668392,0.6141078838174231,0.6556797106401318,0.5512098152031752,0.9492264109827849,0.3621330102974786,0.006588039001844116,1696603166.0,-7.901501225301866,-2.9875518672199286,1,SHSE.600405,2021-12-24,2021-12-24T09:30:00.000000,8.35,2021-12-27T11:30:00.000000,8.06,-4.242192905026587,1.5,未涨停卖出
SZSE.002047,宝鹰股份,2021-12-24,4.59,4.75,4.29,4.29,4.77,-0.10062893081760993,281171701.0,1259898688.91,5.25,4.29,false,false,3.25821,21.052245087060953,57.5416379109,5729681524.71,37.0481910513,false,false,true,断板,断板,断板,4天4板,10.189289857860798,4.712,4.451428571428571,-3.7735849056603716,-3.6264441591784253,448.0887245868318,true,2.92,0.6523389089890954,0.023672122590878,0.5265321185939259,0.007998711636262604,0.0713315018500608,0.001082148597456612,0.009058424915543886,0.4151332916498003,19.780894959470704,1.8727914843611488,0.4666666666666667,0.9753973437840192,0.3195098146299407,0.64745357920698,断板,4.337142857142857,-0.10000000000000009,494.0744244534324,9.980237154150187,0.6307559975965487,0.4860761508674613,0.9731967748964916,0.2883152202966058,0.008595070434194711,420975080.74,-7.099016406735348,5.830039525691699,1,SZSE.002047,2021-12-24,2021-12-24T09:30:00.000000,4.59,2021-12-27T11:30:00.000000,4.12,-10.954873317188751,1.5,止损卖出
SZSE.002424,ST百灵,2021-12-24,6.85,7.6,6.58,7.19,7.15,0.005594405594405494,128068354.0,900867825.77,7.87,6.44,false,false,10.8142,13.683047051149325,101.46528,6729579031.76,50.2142036839,false,false,true,断板,断板,断板,2天2板,2.000602311817852,6.9,6.6257142857142854,-4.195804195804206,8.516601983613636,703.4273476880948,false,5.75,0.46708512977567385,0.009387518113907369,0.005909147473494865,0.0002330132233978948,0.6196385225782914,-0.0016653800847637311,0.0014943962090513021,0.28226315646536965,43.58046037977685,3.337448448285157,0.5,0.6494665795776181,0.0,0.32473328978880905,炸板,6.454285714285713,-0.02985074626865669,770.0577416387138,10.779105799026148,0.25920679886685555,0.004276819167963657,0.5184135977337111,0.0,0.0008163240425678628,1361321959.81,-11.04563165064837,6.13103142983622,1,SZSE.002424,2021-12-24,2021-12-24T09:30:00.000000,6.85,2021-12-27T11:30:00.000000,7.35,6.444295809462881,1.5,未涨停卖出
SZSE.002647,仁东控股,2021-12-24,10.8,11.17,10.11,10.11,11.23,-0.09973285841496005,146254194.0,1528352427.74,12.35,10.11,false,false,3.40265,26.11977515670746,56.609595315,5660959531.5,37.3692438006,false,false,true,断板,断板,断板,2天2板,24.928088114968006,10.696000000000003,10.191428571428576,-3.8290293855743522,-0.7989907485282224,1044.997333710649,true,7.61,0.6507446070887334,0.01686898344946787,0.4049438841470749,0.003909951230919161,0.05991244361242103,-0.0008479950543606571,0.005074373789044958,0.35059459657501046,24.458171877816497,2.2434782105376194,0.5333333333333333,0.9203135205747878,0.2843657062841739,0.6023396134294808,断板,10.038571428571432,-0.0442553191489361,1223.9523289885933,11.86850718656607,0.5920655101823019,0.3586888881455961,0.9106559163216387,0.2734751040429651,0.004756319783419755,2311315225.44,-11.761269256911955,7.585029173189106,1,SZSE.002647,2021-12-24,2021-12-24T09:30:00.000000,10.8,2021-12-27T11:30:00.000000,9.91,-8.971890216910145,1.5,未涨停卖出
SHSE.600129,太极集团,2022-01-06,23.98,26.86,23.79,26.56,25.0,0.06240000000000001,78244735.0,1997283502.0,27.5,22.5,false,false,2.90396,14.050284700009307,147.9101816064,14791018160.64,87.63759087039999,false,false,true,断板,断板,断板,2天2板,4.493311977187396,23.83,22.841428571428573,-4.079999999999998,16.279942460441543,2552.6107309328863,false,15.15,0.8856199551832798,0.0290936566083906,0.4799791305730606,0.006358246504641324,0.0003050971394527046,0.00007105665261417057,0.009019171569783033,0.4172050854650221,30.11717649574544,2.179631067167304,0.5666666666666667,0.9756733275412685,0.3458442892914127,0.6607588084163406,炸板,22.154285714285717,0.011736139214892694,2550.197715245867,12.844983234459622,0.6601643695927493,0.46430123574318155,0.9708885509450359,0.3494401882404627,0.007997361952210045,2971660578.0,-5.968075115744254,8.24090791849368,1,SHSE.600129,2022-01-06,2022-01-06T09:30:00.000000,23.98,2022-01-07T11:30:00.000000,24.7,2.181765016663961,1.5,未涨停卖出
SHSE.600255,鑫科材料,2022-01-06,2.88,3.1,2.76,3.01,2.97,0.013468013468013407,239444799.0,693893762.0,3.27,2.67,false,false,13.6324,13.53106188273838,54.16626100549999,5326476600.549999,53.26476600549999,false,false,false,,未涨停,未涨停,6天3板,14.881330504167664,3.1,3.0157142857142856,-3.03030303030304,-0.18948365703458306,289.7927893601899,false,2.12,0.7990580350084653,0.020870040530550322,0.5620390237475451,0.005523403908275638,0.01241052749166979,0.0003130422006167101,0.007029622720432897,0.4445542771229665,35.0139233178451,2.199999951600001,0.5166666666666667,0.9617723718505647,0.39574520004368213,0.6787587859471235,断板,2.9642857142857144,-0.07187500000000002,314.44641777748586,0.1927710843373517,0.6664182895367963,0.5271775914591583,0.9541603302194221,0.3786762488541703,0.006653812378718942,1008546312.0,-8.410468773792912,-2.843373493975909,1,SHSE.600255,2022-01-06,2022-01-06T09:30:00.000000,2.88,2022-01-07T11:30:00.000000,3.1,6.781208499336,1.5,未涨停卖出
SZSE.002987,京北方,2022-01-06,34.94,39.5,34.55,37.82,36.55,0.03474692202462393,23923525.0,892147176.55,40.21,32.9,false,false,1.40605,25.729555577954464,85.0675177188,3516530679.12,35.1653067912,false,false,true,断板,断板,断板,2天1板,20.121264714717835,33.988,32.61285714285714,-4.404924760601913,15.966533794734787,3729.1627239296886,false,28.4,0.25150895509514704,0.006891976959219694,0.5116869462616812,0.0029272644388079238,0.39147409852947407,0.0013165285687438313,0.00323698618187105,0.42358749370871224,33.212354793098534,2.8417265379509367,0.5833333333333334,0.8212423979148566,0.3949091228887392,0.6080757604017979,炸板,31.34571428571428,0.05758101851851838,3754.4303139966178,16.602862090967108,0.56434715474061,0.5385397123283973,0.7336519661090594,0.39504234337216076,0.002415577991143474,929871206.88,-6.936613339864827,11.466593747151599,1,SZSE.002987,2022-01-06,2022-01-06T09:30:00.000000,34.94,2022-01-07T11:30:00.000000,38.5,9.310896083667624,1.5,未涨停卖出
SZSE.002256,兆新股份,2022-01-10,4.88,5.2,4.8,4.81,5.03,-0.04373757455268401,216113522.0,1068541049.14,5.53,4.53,false,false,15.2635,15.534364699767117,90.5440110432,6691654669.57,60.8642428394,false,false,true,断板,断板,断板,7天3板,20.23725885195777,4.936000000000001,4.827142857142857,-2.982107355864818,-0.35513465522345233,494.43507248010144,false,3.61,0.7726849925347302,0.017042606516287983,0.08790202038996923,0.001621228913981656,0.011159367207437855,0.000675956456502363,0.0044219226971991335,0.20183581886416202,22.259521886103897,2.699507316289162,0.5166666666666667,0.9012158054711246,0.0,0.4506079027355623,断板,4.742857142857142,-0.017578125,515.7452848093186,6.054216867469904,0.44518019973947026,0.06427842821864349,0.8903603994789405,0.0,0.004209527279789793,1878651195.72,-5.379648758122258,2.8915662650602636,1,SZSE.002256,2022-01-10,2022-01-10T09:30:00.000000,4.88,2022-01-11T11:30:00.000000,4.89,-0.5935275292273544,1.5,未涨停卖出
SHSE.600668,尖峰集团,2022-01-18,20.2,20.59,18.9,18.9,21.0,-0.10000000000000009,71497828.0,1380584976.0,23.1,18.9,false,false,5.01337,20.77918872723074,65.031843492,6503184349.2,54.530228025,false,false,true,断板,断板,断板,2天2板,22.364798411856775,19.162,18.535714285714285,-3.809523809523813,1.9653179190751424,1930.9467358924526,true,12.41,0.5687339229672582,0.017791589903371246,0.696641684869174,0.009193205456889243,0.508488852965635,0.003520007556697173,0.009210922976128022,0.6146142829177291,20.5995481765181,1.937014630296826,0.5,0.978345604157644,0.4224245150585321,0.7003850596080881,断板,18.15857142857143,0.02739726027397249,2123.839881411392,15.647864054755708,0.7004937270089374,0.6800190859681537,0.979636048526863,0.42135140549101174,0.009481592956573887,2215309736.0,-4.889251883827783,11.242231138384051,1,SHSE.600668,2022-01-18,2022-01-18T09:30:00.000000,20.2,2022-01-19T11:30:00.000000,19.97,-1.9263539899806572,1.5,未涨停卖出
SZSE.002197,证通电子,2022-02-08,11.3,12.6,10.53,12.42,11.7,0.06153846153846154,151392595.0,1742907180.75,12.87,10.53,false,false,4.09088,34.79732926950522,76.3038756576,5403564208.44,44.542545494399995,false,false,false,,未涨停,未涨停,4天4板,9.288643396816465,12.132,11.998571428571427,-3.4188034188034067,3.5123228955828174,1151.249954299284,true,7.53,0.7319810717374712,0.02384052980632124,0.6635930368326366,0.008015223332720806,0.4972768739333855,0.003215336215253127,0.00974031849220059,0.6273757949438282,25.375240417481532,2.0547944783261407,0.55,0.9902828762686244,0.45132902864815616,0.7208059524583903,炸板,11.667142857142855,0.06363636363636349,1189.8516222797496,0.2816211583200844,0.7180986705099601,0.656007968034318,0.9881235154394299,0.4480738255804904,0.009080454566727257,1271187463.78,-5.030175289005701,-3.1468103342720433,1,SZSE.002197,2022-02-08,2022-02-08T09:30:00.000000,11.3,2022-02-11T11:30:00.000000,15.4,35.197264041180404,3.5,未涨停卖出
SZSE.002354,天娱数科,2022-02-28,4.83,4.99,4.71,4.88,5.06,-0.035573122529644174,101055785.0,488577515.65,5.57,4.55,false,false,2.87403,6.913245449977551,81.1194246008,7133440210.8,70.0533320312,false,false,true,断板,断板,断板,2天2板,8.74033181013024,4.869999999999999,4.728571428571429,-4.545454545454537,3.202416918428999,483.47307939867073,false,4.23,0.027169286002915936,0.0015562860866834328,0.08078479191822528,0.00283821082516778,0.580871467838297,0.005559513922273916,0.0033982168066027515,0.22008769351118493,17.546385530622533,1.8151898404685791,0.45,0.9207920792079208,0.0,0.4603960396039604,断板,4.6485714285714295,-0.03984819734345346,526.715658327078,8.850645359557438,0.4558570198105082,0.10634118069519814,0.9117140396210164,0.0,0.0031828179384149726,955763859.53,-8.299669401499287,3.902888752304845,1,SZSE.002354,2022-02-28,2022-02-28T09:30:00.000000,4.83,2022-03-01T11:30:00.000000,4.95,1.6678627106480917,1.5,未涨停卖出
SZSE.002349,精华制药,2022-02-18,12.77,14.4,12.65,13.9,13.18,0.054628224582701,123151242.0,1699614056.4,14.5,11.86,false,false,7.89683,14.801971611388435,116.16568798600001,11564690898.9,59.10524236900001,false,false,false,,未涨停,未涨停,5天3板,8.02984312047915,13.532,13.075714285714286,-3.110773899848256,6.303944062056161,1380.103057669528,false,10.25,0.5158542289671724,-0.02288505256690515,0.6754823229507104,0.020512861215489283,0.5284869339525525,0.009936722205741743,0.008660436756086135,0.5994580874545554,15.172895298060808,1.3229227874486642,0.5666666666666667,0.9883620689655173,0.3970395860665994,0.6927008275160583,断板,12.97857142857143,-0.0853573907009022,1346.8530387414662,1.5520088057237107,0.6900561319230739,0.6788722242720834,0.9892194911599828,0.3908927726861651,0.009086219936242219,1559010649.32,-5.186389066377917,-1.6070445789763466,1,SZSE.002349,2022-02-18,2022-02-18T09:30:00.000000,12.77,2022-02-21T11:30:00.000000,13.72,6.5832207583136615,1.5,未涨停卖出
SZSE.002657,中科金财,2022-02-17,14.1,15.12,13.82,14.5,14.74,-0.016282225237449155,56722373.0,819001023.07,16.21,13.27,false,false,3.64023,19.92176132836737,48.948619470000004,4128522548.5,40.485830335,false,false,false,,未涨停,未涨停,2天2板,16.14578298699584,15.406,14.86,-4.341926729986436,-2.4226110363391617,1443.8765160089476,false,11.51,0.17343752512676494,0.007679307558509639,0.540419885521208,0.0046034276933631,0.5724012101284779,0.0027192249927291212,0.004653342856202214,0.4766178108245004,22.878494311585882,2.2346436847074096,0.5,0.9659335920655455,0.34450664303207296,0.6552201175488093,断板,14.567142857142857,-0.09068476249228874,1537.1877766440577,1.1866235167206085,0.6595430390755121,0.5412888668882959,0.9702457956015524,0.34884028254947197,0.004879528552217222,1164233602.74,-8.27405594661509,-3.2068255369226195,1,SZSE.002657,2022-02-17,2022-02-17T09:30:00.000000,14.1,2022-02-18T11:30:00.000000,14.95,5.183521234212087,1.5,未涨停卖出
SHSE.600523,贵航股份,2022-03-16,21.6,22.17,20.2,21.45,22.18,-0.03291253381424708,19561003.0,411882694.0,24.4,19.96,false,false,2.07588,4.841297725978879,86.72477814,8666757099.0,41.11173495,false,false,true,断板,断板,断板,2天2板,5.484037381811939,22.21,21.565714285714286,-2.6149684400360607,-0.5365659777424522,2105.6317715405494,false,18.26,2.013906237612414e-6,0.000011665560722896152,0.12209905359032423,-0.0013307048445804763,0.6122367763623944,0.0035521852382875323,0.00040263626134060063,0.24472096248512795,21.62527044323623,3.5718308583357326,0.55,0.8362309508478214,0.0,0.4181154754239107,断板,21.581428571428575,-0.09983766233766234,2296.3198381642715,2.773548686039568,0.41938600257621295,0.10817658336107719,0.8387720051524259,0.0,0.000580535572187,495986393.0,-5.9364482202639675,0.08605282319453789,1,SHSE.600523,2022-03-16,2022-03-16T09:30:00.000000,21.6,2022-03-17T11:30:00.000000,22.34,2.601814962372725,1.5,未涨停卖出
SHSE.601696,中银证券,2022-03-16,12.35,14.08,11.9,14.08,12.8,0.09999999999999987,191808972.0,2518744950.0,14.08,11.52,false,false,1.00699,13.212857921223003,391.1424,20439713662.72,146.58549199360002,true,false,false,,涨停,4天3板,2天2板,6.740807187494867,12.508,12.047142857142855,-3.5156250000000084,16.87418475038541,1313.1528331219042,false,10.31,0.06004886111115434,0.0026012270868722284,0.6013729461669537,-0.003047046405298184,0.6240765939480836,-0.001847668985011538,-0.0015575784807781079,0.4999192234901328,37.54769080716718,3.397674303162741,0.48333333333333334,0.6097875080489376,0.4915276137658221,0.5506575609073798,断板,11.678571428571427,-0.018404907975460016,1306.73560437625,9.602446483180449,0.5182783505043299,0.7608503922503148,0.4519106912838128,0.584646009724847,-0.0023515988445621957,2459514560.0,-5.489680095652694,5.74923547400612,1,SHSE.601696,2022-03-16,2022-03-16T09:30:00.000000,12.35,2022-03-17T11:30:00.000000,14.08,13.099666112876438,1.5,未涨停卖出
SHSE.600633,浙数文化,2022-01-21,11.33,12.84,11.15,11.57,11.85,-0.02362869198312234,200472000.0,2388002724.0,13.04,10.67,false,false,5.63591,15.838442413859683,146.4450215111,14644502151.11,72.3297204409,false,false,false,,未涨停,未涨停,2天2板,2.9439233172383568,11.142,10.545714285714284,-4.388185654008436,9.712814955296684,1191.1901532383574,false,8.0,0.7353892304226076,0.017494038285798184,0.725721182635654,0.006044778600810532,0.745835349441259,0.0034972032490220477,0.007570357932271518,0.7336890422347263,31.432908014391355,2.2969588023381915,0.5166666666666667,0.9718614718614719,0.5150595381629864,0.7434605050122292,炸板,10.207142857142857,0.03403141361256523,1206.1891987067838,16.095171448565427,0.7410471547913895,0.7286347616389458,0.9631954968607924,0.5188988127219867,0.007019072865889193,2977530265.0,-6.06780418737406,11.000699790062974,1,SHSE.600633,2022-01-21,2022-01-21T09:30:00.000000,11.33,2022-01-24T11:30:00.000000,12.29,7.608752984531429,1.5,未涨停卖出
SHSE.600756,浪潮软件,2022-01-21,17.71,20.17,17.5,20.17,18.34,0.0997818974918212,99383975.0,1952838223.0,20.17,16.51,false,false,4.95378,30.66471995959824,65.37071848010001,6537071848.01,52.8893207801,true,false,false,,涨停,5天4板,3天3板,9.207917254775738,17.614000000000004,16.46,-3.4351145038167887,22.53948967193196,1964.9427616474386,false,12.64,0.615042410291585,0.020134067644726788,0.3994290455937412,0.0040273652002130456,0.08420830668534846,0.0006899882473983828,0.006247492603271395,0.34798549686079217,36.67710636021974,2.418465169328006,0.5833333333333334,0.9586580086580087,0.30259022586608797,0.6306241172620484,断板,15.47857142857143,0.012141280353200834,1887.4456344003995,18.486386709736955,0.6179967575218853,0.42593761303142763,0.9218445550985062,0.3141489599452645,0.004861732990447924,1984621207.0,-6.169482833204453,14.416243654822324,1,SHSE.600756,2022-01-21,2022-01-21T09:30:00.000000,17.71,2022-01-24T11:30:00.000000,19.04,6.653228981307957,1.5,未涨停卖出
SZSE.002670,国盛证券,2022-03-21,9.55,9.72,9.41,9.47,9.9,-0.04343434343434338,79170010.0,755733486.48,10.89,8.91,false,false,2.33081,4.87695099375253,183.2525166391,15373129556.980001,51.006053543,false,false,true,断板,断板,断板,2天2板,5.444816793955606,9.639999999999997,9.388571428571428,-3.535353535353532,0.8673158855751814,954.5704067487171,false,7.88,0.14755823787683708,0.0038495839777133735,0.22359136263507015,-0.0012078536933233229,0.1320013913290864,-0.0003908580611410163,0.00004873253053870846,0.18090774629162842,38.119949274547665,3.9077489247857518,0.45,0.8111063464837049,0.0,0.40555317324185247,断板,9.204285714285714,-0.06072106261859567,1026.9060245041153,7.558590718609354,0.3975128644939966,0.2771380046357973,0.7950257289879932,0.0,-0.00021940319492804003,1361618844.58,-7.0022010571841875,3.7560142790625584,1,SZSE.002670,2022-03-21,2022-03-21T09:30:00.000000,9.55,2022-03-22T11:30:00.000000,9.4,-2.354977993784034,1.5,未涨停卖出
SZSE.000950,重药控股,2022-03-09,5.31,5.55,5.15,5.38,5.54,-0.028880866425992857,74114595.0,394556168.3,6.09,4.99,false,false,2.38102,4.288580680730666,93.7931627306,9297633664.48,42.0172347234,false,false,true,断板,断板,断板,2天2板,1.8962195462006335,5.548,5.404285714285714,-4.15162454873647,-0.44937879989425894,532.3596091970819,false,4.68,0.488095520929241,0.0072816549723094745,0.16180165647111058,0.0011116780683605983,0.04667561261490673,0.00026756951928388374,0.002092440884427359,0.19252261620587552,37.946456732739215,3.8888887376543275,0.5666666666666667,0.8935483870967742,0.0,0.4467741935483871,断板,5.352857142857142,-0.09918699186991875,581.9334098416343,3.4961302375233627,0.4400946440094644,0.15594289201659298,0.8801892880189288,0.0,0.0020146567522719896,798853371.39,-8.752446410577319,-0.8006405124099225,1,SZSE.000950,2022-03-09,2022-03-09T09:30:00.000000,5.31,2022-03-10T11:30:00.000000,5.58,4.247417111216154,1.5,未涨停卖出
SHSE.600668,尖峰集团,2022-01-19,18.0,20.79,17.81,20.79,18.9,0.10000000000000009,74293854.0,1464551028.0,20.79,17.01,false,false,5.01337,21.591788963705667,71.5350278412,7153502784.12,59.9832508275,true,false,false,,涨停,5天3板,2天2板,22.364798411856775,19.941999999999997,19.07714285714286,-4.761904761904755,8.978583196046106,1971.2949983722744,false,12.41,0.5581077844430055,0.01677699625407368,0.7108324248444409,0.009613828330304707,0.516014203434933,0.003697605156012088,0.009271594962770715,0.6218420303413014,20.030407393139672,1.937014630296826,0.5,0.9785621481160676,0.42231963986167625,0.7004408939888719,断板,18.535714285714285,-0.10000000000000009,1930.9467358924526,1.9653179190751424,0.7003850596080881,0.696641684869174,0.978345604157644,0.4224245150585321,0.009210922976128022,1380584976.0,-6.781478404267382,-2.8901734104046173,1,SHSE.600668,2022-01-19,2022-01-19T09:30:00.000000,18.0,2022-01-20T15:00:00.000000,20.89,15.130810092961491,2.0,未涨停卖出
SHSE.601789,宁波建工,2022-03-25,7.94,8.08,7.48,7.49,8.31,-0.09867629362214203,247140485.0,1900682228.0,9.14,7.48,false,false,2.34046,24.4301991223095,75.7702474459,7577024744.59,53.8994474459,false,false,true,断板,断板,断板,3天3板,22.586321517496078,8.21,7.845714285714286,-4.452466907340555,-4.5338674435542625,769.0695549132713,true,4.45,0.016049956456633468,0.0021255118790122402,0.7702073172181495,0.015936002088000376,0.598305452434512,0.00771177786756262,0.010706636780071423,0.567805285630755,17.080475861251088,1.664864837147115,0.5666666666666667,0.9888746255883611,0.3399877361085641,0.6644311808484626,断板,7.781428571428571,-0.09967497291440952,858.6481001608228,6.792729943087948,0.6600860008539251,0.7695913211175491,0.9884417808219178,0.33173022088593235,0.010432494937595153,2364102840.0,-7.529056449168669,2.037818982926387,1,SHSE.601789,2022-03-25,2022-03-25T09:30:00.000000,7.94,2022-03-28T11:30:00.000000,7.21,-9.917508806085488,1.5,止损卖出
SHSE.600340,*ST华幸,2022-03-24,3.42,3.52,3.35,3.39,3.55,-0.04507042253521121,188285377.0,643814884.0,3.91,3.2,false,false,24.4194,4.836070021912633,132.67511959380002,13198473660.18,60.7898507304,false,false,true,断板,断板,断板,2天2板,5.227293395004516,3.3140000000000027,3.1557142857142892,-3.661971830985913,7.424173834314053,341.9356799014721,false,2.55,0.03073781921748179,0.002347703491190225,0.6484978975942647,-0.004026448854489161,0.6085618470145041,-0.0021079976807722484,-0.00217608303323821,0.5129650667449799,32.93212701386154,2.8085105594205544,0.5,0.5235445205479452,0.40992708420417767,0.46673580237606144,断板,3.045714285714289,0.008522727272727293,359.31167676141985,16.55722326454021,0.4377375407599782,0.7046604290339413,0.4427317490901306,0.4327433324298259,-0.00268550907165375,1217389235.0,-4.8180111811158,12.288930581613378,1,SHSE.600340,2022-03-24,2022-03-24T09:30:00.000000,3.42,2022-03-29T11:30:00.000000,3.86,11.966170406094914,3.5,未涨停卖出
SZSE.002550,千红制药,2022-03-17,6.02,6.82,6.0,6.34,6.3,0.006349206349206327,164791691.0,1056475711.67,6.93,5.67,false,false,9.81265,17.755371320738064,81.13932,5884300035.559999,51.017655645599994,false,false,false,,未涨停,未涨停,2天2板,1.7790210344030764,6.352,5.992857142857143,-4.444444444444449,5.792610250297971,641.0976823279276,false,4.69,0.36728811917753146,0.009520572151580484,0.11071777838663459,0.0030805636769110755,0.4531563260815297,0.003446527322004954,0.004478354465373121,0.2647634108532825,18.91530776172091,1.9770641810956575,0.5833333333333334,0.9697489809053851,0.0,0.48487449045269254,断板,5.8,-0.08695652173913049,637.8659902143567,8.620689655172415,0.4825069757458682,0.11776341419156916,0.9650139514917364,0.0,0.004210535254195563,1204918407.27,-5.622809612768953,3.7931034482758585,1,SZSE.002550,2022-03-17,2022-03-17T09:30:00.000000,6.02,2022-03-18T11:30:00.000000,6.26,3.1581315932284215,1.5,未涨停卖出
SHSE.600866,星湖科技,2022-03-29,7.74,7.97,7.2,7.2,8.0,-0.09999999999999998,141619205.0,1049223122.0,8.8,7.2,false,false,13.6628,19.16313020222807,53.209379952,5320937995.2,40.29938971200001,false,false,false,,未涨停,未涨停,3天3板,2.5599848019818925,7.976000000000001,7.611428571428571,-3.2499999999999973,-5.4054054054054,740.8762971095622,true,5.42,0.6618248548850632,0.016717372754524853,0.42766716889646383,0.0044655895014777455,0.812437456666286,0.005110198836386327,0.007109328952559742,0.5899297924251303,17.893003170301206,2.1422017889720992,0.4,0.9824711415134673,0.36718862925548695,0.6748298853844771,断板,7.494285714285715,-0.05548996458087374,867.607134644595,6.747998475028588,0.6764620644528817,0.4219588255258761,0.9835294117647059,0.3693947171410575,0.007350531897385885,1436269117.0,-10.789115361867097,3.2786885245901676,1,SHSE.600866,2022-03-29,2022-03-29T09:30:00.000000,7.74,2022-03-30T11:30:00.000000,6.82,-12.588406065659829,1.5,止损卖出
SHSE.600220,ST阳光,2022-03-15,3.26,3.74,3.26,3.74,3.4,0.10000000000000009,260249233.0,935485330.0,3.74,3.06,false,false,8.60388,14.593357712250823,66.69692819240001,6669692819.240001,43.86641781280001,true,false,false,,涨停,5天4板,3天3板,9.04673761075484,3.396,3.204285714285714,-4.117647058823533,16.71868033883193,359.45747820897515,false,2.36,0.6347455767929924,0.01756246395415823,0.11706490266785428,0.0019466855552372684,0.355879032827203,0.0017909781391898564,0.005023129010207237,0.29224527654068655,23.581045819864187,2.371257428801321,0.5166666666666667,0.9720910261914985,0.0,0.4860455130957492,炸板,3.0614285714285714,-0.05555555555555558,366.60677129327183,11.059262715818944,0.48055853920515573,0.09222331589373149,0.9611170784103115,0.0,0.004107477013070249,1233913761.0,-11.076383327570339,6.486234251049927,1,SHSE.600220,2022-03-15,2022-03-15T09:30:00.000000,3.26,2022-03-16T11:30:00.000000,3.85,17.157138317894063,1.5,未涨停卖出
SZSE.002932,*ST明德,2022-03-15,92.37,102.0,91.0,97.3,97.0,0.003092783505154628,9717444.0,935072323.07,106.7,87.3,false,false,1.48507,16.16476023700578,102.046226863,5849188527.0,44.764407205,false,false,true,断板,断板,断板,2天2板,14.777310950230548,90.96000000000001,87.88142857142859,-4.773195876288655,10.71736268023471,9622.616019912231,false,71.0,0.5888653105301566,0.011646198028659049,0.05149736055780672,0.001594126549447782,0.4510637173286586,0.002478446953389036,0.003869836966472412,0.2788408575835323,22.555246648164214,2.3131877845815305,0.5333333333333333,0.9602833834263632,0.0,0.4801416917131816,炸板,85.62285714285716,0.01858657985928791,10108.548827159297,13.287506673785352,0.47454350161117076,0.04269402875332943,0.9490870032223415,0.0,0.0033952174911675206,1527404052.75,-8.621898573785868,7.880072076881994,1,SZSE.002932,2022-03-15,2022-03-15T09:30:00.000000,92.37,2022-03-16T11:30:00.000000,89.04,-4.3731536989424775,1.5,未涨停卖出
SZSE.002366,融发核电,2022-03-07,5.57,6.09,5.16,5.85,5.73,0.02094240837696315,171800524.0,972895628.17,6.3,5.16,false,false,2.33033,28.41767542724633,50.722854975000004,3536647703.5499997,35.3664770355,false,false,true,断板,断板,断板,3天3板,19.00075670458986,5.5059999999999985,5.181428571428571,-2.792321116928449,12.903225806451623,566.2937490050962,true,4.07,0.4772297557376829,0.012772463672169485,0.00011567189305839259,0.000049730970969555626,0.07063719131292394,0.0007147530004240039,0.002793784120045876,0.11669494448794296,27.23599406714563,2.7929514638444393,0.55,0.9113597246127366,0.0,0.4556798623063683,断板,4.962857142857142,-0.01715265866209259,589.6096376305737,15.457685664939586,0.42940163581575547,0.0067420178134681924,0.8588032716315109,0.0,0.0020466008080286197,1225128663.67,-5.530716519767209,12.2337363270006,1,SZSE.002366,2022-03-07,2022-03-07T09:30:00.000000,5.57,2022-03-08T11:30:00.000000,5.7,1.518521962419624,1.5,未涨停卖出
SZSE.002537,海联金汇,2022-03-07,9.35,10.03,9.28,9.67,9.59,0.008342022940563076,188403715.0,1833379423.07,10.55,8.63,false,false,6.88648,16.048670449665764,113.5274192415,11352117483.9,68.0430740377,false,false,false,,未涨停,未涨停,3天3板,15.03019014252798,9.963999999999999,9.47285714285714,-2.5026068821689282,2.0811340672598635,973.1121401029699,false,7.3,0.20563635751870482,0.006564195776821008,0.7137363637307369,0.005889279180354643,0.8176029337933046,0.005081345323880285,0.005781882342705609,0.6432763335071008,19.784309260287944,2.3659043099293324,0.5333333333333333,0.9752581755593803,0.4440321726466305,0.7096451741030054,断板,9.20142857142857,-0.09613572101790757,999.3790811870689,4.222946747399485,0.7091632988384651,0.698039132469041,0.9752475247524752,0.4430790729244549,0.005853441631817475,2620668556.59,-6.44190802058805,1.6146561092998057,1,SZSE.002537,2022-03-07,2022-03-07T09:30:00.000000,9.35,2022-03-08T11:30:00.000000,9.19,-2.4944073971493808,1.5,未涨停卖出
SZSE.000950,重药控股,2022-03-30,6.15,6.3,5.89,6.16,6.42,-0.04049844236760125,107028937.0,652222972.56,7.06,5.78,false,false,2.38102,6.193142275112475,107.3914279592,10645617727.36,48.1089527688,false,false,true,断板,断板,断板,5天3板,7.871940847229907,6.3,6.24,-4.205607476635508,-1.2820512820512833,609.3893771550771,false,4.88,0.47267787435711356,0.009159724073903296,0.41109563096919355,0.0031895027271931823,0.4015468343813046,0.0014318871209091305,0.0038562623146499893,0.4205474406704109,24.19071223154739,2.894736758310251,0.5666666666666667,0.9504167557170335,0.30438104675624283,0.6273989012366382,断板,6.188571428571429,-0.022831050228310557,671.9536321540077,3.7396121883656495,0.6241537840960464,0.3858506187929134,0.9551090209491235,0.2931985472429693,0.003892394711894504,1171258575.61,-8.475827710230199,-0.6232686980609414,1,SZSE.000950,2022-03-30,2022-03-30T09:30:00.000000,6.15,2022-03-31T11:30:00.000000,6.25,0.8162472062967678,1.5,未涨停卖出
SZSE.002197,证通电子,2022-02-24,13.84,14.36,13.07,13.14,14.52,-0.09504132231404949,123487160.0,1678397158.83,15.97,13.07,false,false,4.09088,28.383312718010238,80.7272887392,5716814307.4800005,47.12472204480001,false,false,true,断板,断板,断板,2天2板,25.83079067108856,14.132,13.777142857142858,-4.683195592286499,-4.62463708004977,1359.1673489211348,true,8.33,0.4546204931574676,0.012481468668984618,0.7753879189211795,0.012703554273110006,0.5818055220487264,0.005638064870848133,0.010539490331606368,0.6531597147067012,19.30213403952344,1.7105527345591882,0.5166666666666667,0.9900947459086994,0.43544953064238373,0.7127721382755415,断板,13.729999999999999,-0.07633587786259544,1570.2348017569868,5.753823743627101,0.715820194840331,0.7679419912854214,0.9907407407407407,0.44089964893992123,0.011351471693093087,2750689323.64,-11.860315511323694,0.8011653313911182,1,SZSE.002197,2022-02-24,2022-02-24T09:30:00.000000,13.84,2022-02-25T11:30:00.000000,13.14,-5.81431499435782,1.5,未涨停卖出
SZSE.001227,兰州银行,2022-02-10,6.08,6.33,5.85,6.23,6.32,-0.014240506329113889,249417790.0,1520715338.49,6.95,5.69,false,false,1.0,43.790563745860105,354.8419335664,3548419336.9100003,35.484193369100005,false,false,true,断板,断板,断板,4天2板,42.747075333009676,5.868,5.781428571428571,-3.7974683544303827,7.758833703978269,609.7060432176871,false,4.28,,,,,,,0.0,0.0,,,,0.7114803625377644,0.0,0.3557401812688822,炸板,5.724285714285714,0.049833887043189584,639.212941864069,10.406788120788626,0.35783678756476683,,0.7156735751295337,0.0,0.0,2410052801.53,-4.883027207341262,6.214125280758664,1,SZSE.001227,2022-02-10,2022-02-10T09:30:00.000000,6.08,2022-02-11T11:30:00.000000,6.44,5.077060180331305,1.5,未涨停卖出
SHSE.600277,ST亿利,2022-03-11,7.4,7.57,7.15,7.3,7.76,-0.05927835051546393,407674443.0,2994110478.0,8.54,6.98,false,false,5.53598,11.449528222538513,259.925420162,25992542016.2,130.89031137199999,false,false,false,,未涨停,未涨停,4天2板,9.267907602106016,7.242,6.954285714285713,-4.639175257731951,4.971240755957291,734.436639188589,false,4.4,0.7694709881143174,0.01914519422574641,0.2712373113738293,0.0033743581551677047,0.6360564394755339,0.0036670378450268585,0.006616329276241192,0.4803297851524383,23.05672626383175,2.1369508587271744,0.5333333333333333,0.9815173006662369,0.33336952708755513,0.657443413876896,炸板,6.7457142857142856,0.03191489361702127,787.7578754368882,15.036001694197374,0.6401834797169959,0.20772612842343632,0.9780692324231348,0.302297727010857,0.005902414363475179,4304291811.0,-6.062506885177344,9.699279966116059,1,SHSE.600277,2022-03-11,2022-03-11T09:30:00.000000,7.4,2022-03-14T11:30:00.000000,7.25,-2.8076881662539277,1.5,未涨停卖出
SHSE.600425,青松建化,2022-04-12,4.62,4.95,4.48,4.69,4.82,-0.026970954356846488,172254078.0,811656594.0,5.3,4.34,false,false,5.89833,12.493132910443627,64.6652550334,6466525503.34,45.2541189772,false,false,true,断板,断板,断板,2天1板,16.0349552295809,4.709999999999999,4.597142857142858,-4.149377593360999,2.019888129272833,471.1973170237514,false,3.61,0.7786647407570013,0.013943423792588498,0.31736141120229633,0.0021287410948770394,0.6340317911901625,0.0016664106329770797,0.004352978495849343,0.5046231911095972,33.12307604420608,2.994413318156115,0.5166666666666667,0.9520153550863724,0.42732064371323,0.6896679993998012,断板,4.53,-0.045544554455445474,506.2345615559735,6.401766004415012,0.6716223528119661,0.2800079708417161,0.942381562099872,0.4008631435240602,0.0038806315715449683,1310485309.0,-8.737957641614436,1.9867549668874052,1,SHSE.600425,2022-04-12,2022-04-12T09:30:00.000000,4.62,2022-04-13T11:30:00.000000,4.42,-5.091323019609882,1.5,未涨停卖出
SZSE.002596,海南瑞泽,2022-04-12,5.38,6.17,5.38,6.17,5.61,0.09982174688057044,381304433.0,2272802439.63,6.17,5.05,false,false,4.96702,36.61473011923641,70.80571796059999,6425414973.559999,43.19255166519999,true,false,false,,涨停,8天7板,6天6板,19.91570947803704,5.6899999999999995,5.312857142857143,-4.099821746880577,16.133369185264847,596.0597997112717,false,3.07,0.7854385418217061,0.03705902182355899,0.14735567933829324,0.003799839615392469,0.05159697395055076,0.0008166266759279281,0.00955671217518641,0.2462446402186531,23.51403169023448,1.9082839872531603,0.5333333333333333,0.9878438899552143,0.0,0.49392194497760716,断板,4.971428571428572,-0.07881773399014769,590.7360219102118,12.84482758620688,0.4922108408023901,0.09593184060789794,0.9844216816047802,0.0,0.008053682937630147,2162158135.9,-8.927172197775224,8.218390804597675,1,SZSE.002596,2022-04-12,2022-04-12T09:30:00.000000,5.38,2022-04-14T11:30:00.000000,5.64,3.9973933263229533,2.5,未涨停卖出
SHSE.600340,*ST华幸,2022-04-08,4.07,4.39,4.01,4.34,4.18,0.038277511961722466,255110135.0,1079080595.0,4.6,3.76,false,false,24.4194,6.552449775000769,169.8554628428,16897160969.08,77.8253546224,false,false,true,断板,断板,断板,2天2板,3.357481154900123,4.238000000000002,4.08714285714286,-2.631578947368408,6.186648025165952,422.98617222714415,false,2.55,0.861319409143978,0.027099512983334705,0.0041124388934029,0.00043173923736838487,0.10543063733648197,-0.0008818718525686662,0.005371210659580534,0.20594929247644164,22.80829239106484,2.225961488912492,0.55,0.9654215581643544,0.0,0.4827107790821772,断板,4.052857142857146,-0.09719222462203025,431.8307571339487,3.137116672541329,0.4792912040990606,0.0007692056675457846,0.9585824081981212,0.0,0.004853058723938096,1547046936.0,-5.750113145888413,0.4229820232639403,1,SHSE.600340,2022-04-08,2022-04-08T09:30:00.000000,4.07,2022-04-12T11:30:00.000000,3.91,-4.696692346094744,2.5,未涨停卖出
SZSE.003040,楚天龙,2022-04-08,23.04,26.68,22.36,26.68,24.25,0.10020618556701022,54437604.0,1378846413.71,26.68,21.83,false,false,1.00257,25.136911694187532,123.0310773296,5777938405.44,35.368184054400004,true,false,false,,涨停,6天5板,4天4板,13.27566231474195,24.924,23.322857142857142,-4.989690721649488,14.394217812078896,2532.8932803692096,false,18.0,0.11113432329289233,0.005491979069532887,0.6382155176498894,-0.005960653827568076,0.024323361923446463,-0.0004749200326304602,-0.0020244071096665985,0.3486316320605571,19.242677512254925,2.0778442682028766,0.43333333333333335,0.4258271077908218,0.18830376273095525,0.30706543526088853,断板,22.257142857142856,-0.09985152190051971,2517.5092082238752,8.953786906290121,0.24948958673149574,0.687943382607431,0.302732707087959,0.19624646637503243,-0.002746577172983,767760125.84,-8.480970298992785,3.517329910141198,1,SZSE.003040,2022-04-08,2022-04-08T09:30:00.000000,23.04,2022-04-12T11:30:00.000000,24.78,6.69509462151395,2.5,未涨停卖出
SHSE.601607,上海医药,2022-03-23,24.31,25.18,22.51,24.0,24.94,-0.03769045709703289,139373222.0,3320308624.0,27.43,22.45,false,false,8.31051,7.246598471136072,461.60957568000003,46158999168.0,225.3050388,false,false,true,断板,断板,断板,3天3板,1.6274949750660934,23.318,21.91714285714286,-2.5260625501202987,9.503324208056302,2382.3146055990583,true,17.55,0.5288145219125735,0.013689276154888588,0.01492581835377098,0.00047947137745121723,0.15407779792767132,0.0006683522771022529,0.0031780966028340024,0.1594491529377016,34.56772805815413,2.9435215080411945,0.5833333333333334,0.9413401841147506,0.0,0.4706700920573753,断板,21.245714285714286,0.008491710473109704,2550.8201220340206,17.38838084991932,0.4636967230670379,0.0025296999864622637,0.9273934461340758,0.0,0.002521421480752356,5311312684.0,-4.697317580295568,14.423076923076916,1,SHSE.601607,2022-03-23,2022-03-23T09:30:00.000000,24.31,2022-03-25T11:30:00.000000,25.34,3.406366307702137,2.5,未涨停卖出
SHSE.600220,ST阳光,2022-03-18,3.8,4.03,3.62,3.65,3.91,-0.06649616368286448,301192657.0,1137430988.0,4.3,3.52,false,false,8.60388,16.889241644390427,65.091921899,6509192189.9,42.810808828,false,false,true,断板,断板,断板,6天5板,14.70131263474085,3.7619999999999996,3.6685714285714286,-2.813299232736581,-0.5062305295950186,377.6423367452813,false,2.36,0.7850031147518944,0.025903885831753577,0.18611657934172737,0.0032549010137937796,0.40458550430077533,0.0024332523715403873,0.007538203384709721,0.37143456391147517,21.94080425465416,2.1683167846671902,0.5,0.9858490566037735,0.21313305681429542,0.5994910567090345,断板,3.5714285714285716,-0.048661800486618056,412.03714001253064,9.479999999999999,0.5913947751243341,0.16657230459218458,0.9851963098047629,0.19759324044390544,0.007142449221645931,1600784384.0,-7.775303947492784,6.3999999999999835,1,SHSE.600220,2022-03-18,2022-03-18T09:30:00.000000,3.8,2022-03-21T11:30:00.000000,3.81,-0.5357517299224054,1.5,未涨停卖出
SZSE.002433,太安退,2022-04-07,6.41,6.52,6.16,6.17,6.62,-0.06797583081571001,107159517.0,676149584.1,7.28,5.96,false,false,4.20687,14.395697956046174,47.30990644,4592859769.0,35.8929919956,false,false,false,,未涨停,未涨停,3天3板,14.888321381420054,6.828,6.581428571428572,-3.1722054380664644,-6.251356631213378,630.9748336211705,false,5.04,0.5439251345616634,0.012883029317919688,0.07264254484746303,-0.002004308409552622,0.006426940254322828,-0.00027448149341654073,0.0014921072107826647,0.14703438141236103,22.40395630658139,2.2597764852469506,0.4166666666666667,0.8432963279248505,0.0,0.42164816396242527,断板,6.517142857142858,-0.04057971014492756,689.5613775421346,1.5782551512494434,0.41478000854335756,0.10978318501347151,0.8295600170867151,0.0,0.001324006062789285,1037338900.06,-7.042357522288478,-1.6440157825515223,1,SZSE.002433,2022-04-07,2022-04-07T09:30:00.000000,6.41,2022-04-08T11:30:00.000000,6.1,-5.594470790783839,1.5,未涨停卖出
SHSE.600470,六国化工,2022-04-13,9.28,10.14,9.28,9.38,9.76,-0.038934426229508046,140012015.0,1355443712.0,10.74,8.78,false,false,2.43715,26.842794286809816,48.92608,4892608000.0,35.944817069,false,false,true,断板,断板,断板,2天2板,25.43768347392638,9.303999999999998,8.917142857142856,-4.9180327868852505,5.1906440243511875,968.0909970476463,false,6.15,0.8596625939676406,0.024602924509769232,0.23896404060445528,0.003116733445666841,0.07431975079797314,-0.0007892768279367066,0.006242168576406255,0.3137104643351477,28.342508690153593,2.2138492381577577,0.55,0.9759113195480708,0.19863884387620206,0.5872750817121364,断板,8.752857142857142,-0.024975024975025018,984.1114705041598,11.506446874489974,0.48475154617189165,0.19548327089081935,0.9695030923437833,0.0,0.005590839741505186,1905211061.0,-5.701739303517517,6.022523257711776,1,SHSE.600470,2022-04-13,2022-04-13T09:30:00.000000,9.28,2022-04-14T11:30:00.000000,8.94,-4.431412281906869,1.5,未涨停卖出
SHSE.600502,安徽建工,2022-04-13,6.0,6.54,5.72,5.72,6.2,-0.07741935483870976,410413425.0,2500842853.0,6.82,5.58,false,false,13.4603,23.84516024896954,98.4503675584,9845036755.84,55.5252721452,false,false,true,断板,断板,断板,2天2板,10.998753316565047,5.786,5.587142857142857,-3.2258064516129057,2.377908463308611,609.3472339507413,false,4.3,0.7414629051308609,0.015127227964606164,0.2173364630339802,0.002123896531292055,0.7872208153656337,0.0032669449879771536,0.0050674773549604065,0.4931270571528523,25.96775705164683,2.6929133133089485,0.4666666666666667,0.9667448305265401,0.34830664168902037,0.6575257361077802,炸板,5.497142857142857,-0.003215434083601254,655.3286345109217,12.785862785862786,0.64936957936761,0.19060553079968226,0.9601194284495628,0.3386197302856571,0.0047859708718942465,2668663952.0,-8.4428837070753,9.147609147609149,1,SHSE.600502,2022-04-13,2022-04-13T09:30:00.000000,6.0,2022-04-14T11:30:00.000000,5.77,-4.599601593625489,1.5,未涨停卖出
SZSE.002941,新疆交建,2022-04-13,17.91,18.85,16.74,16.74,18.6,-0.1000000000000002,74786862.0,1306033051.36,20.46,16.74,false,false,1.01329,11.68952871430482,107.98136564759999,10709859229.38,36.995723249399994,false,false,false,,未涨停,未涨停,2天2板,11.017318145257331,17.811999999999994,16.930000000000003,-3.709677419354845,-1.1222681630242457,1746.3402213078546,true,13.2,0.09869604038836113,0.00472564409710582,0.7161308373157886,0.006131135509814754,0.7790075116354435,0.0037503898182115547,0.0051358135197920075,0.6115068802261996,22.279691263745963,2.156964610439693,0.55,0.9675975271797058,0.3815295863810577,0.6745635567803818,炸板,16.717142857142857,-0.013785790031813239,1936.3315116421998,11.263031960348666,0.6699587745385103,0.7035954345196719,0.9607592237150778,0.3791583253619428,0.004839716186526372,1890039672.92,-7.505507748461127,7.1355323876260535,1,SZSE.002941,2022-04-13,2022-04-13T09:30:00.000000,17.91,2022-04-14T11:30:00.000000,17.62,-2.4031178468704764,1.5,未涨停卖出
SHSE.600313,农发种业,2022-04-06,7.64,8.64,7.42,8.29,8.0,0.03624999999999989,259952705.0,2067024410.0,8.8,7.2,false,false,4.19933,25.500632012289987,89.71426916269999,8450802017.029999,49.1643162865,false,false,true,断板,断板,断板,5天4板,20.76532353091456,8.006,7.554285714285714,-4.5000000000000036,9.739031770045374,795.1540300378871,false,4.85,0.761380637464026,0.02774120143691047,0.2660262656524361,0.004138004009842235,0.2658858525620183,0.0017056995808700842,0.008128952166564236,0.3650550160876287,24.942187306881664,2.0478260450206056,0.55,0.9818453652285348,0.22118973866814423,0.6015175519483396,炸板,7.1642857142857155,-0.06542056074766356,889.7612100197433,11.665004985044847,0.5878906006055268,0.22791515069270246,0.9803460798974578,0.19543512131359572,0.0070779861956385024,2850829582.0,-14.134265306638028,6.640079760717832,1,SHSE.600313,2022-04-06,2022-04-06T09:30:00.000000,7.64,2022-04-07T11:30:00.000000,7.95,3.2284474666777814,1.5,未涨停卖出
SHSE.600238,*ST椰岛,2022-04-18,13.99,14.9,13.7,14.53,14.35,0.012543554006968716,27096472.0,390867190.0,15.79,12.92,false,false,4.01329,6.089073211829945,65.12346,6465872957.4,42.8997504611,false,false,true,断板,断板,断板,3天2板,11.132673281744305,14.485999999999999,14.047142857142859,-2.5087108013937245,3.4374046577849917,1442.5021456667864,false,11.64,0.2124480574367359,0.005191941499441551,0.4580436455688699,-0.003735931097947232,0.7088715148084459,-0.003907846244652303,-0.0020019311224809965,0.4841728887143159,23.671853377188615,2.7347242173141733,0.5,0.5328218243819267,0.31944424419339745,0.4261330342876621,断板,13.81,-0.07953816549069914,1490.6367696677253,3.910209992758864,0.3878650124161005,0.5119513821219541,0.4520460358056266,0.32368398902657436,-0.002526636167163216,641948911.0,-6.147491564169039,1.303403330919628,1,SHSE.600238,2022-04-18,2022-04-18T09:30:00.000000,13.99,2022-04-19T11:30:00.000000,14.37,1.8977698925527253,1.5,未涨停卖出
SHSE.601666,平煤股份,2022-04-18,16.29,16.9,15.86,16.12,16.71,-0.03530819868342305,69562486.0,1136373851.0,18.38,15.04,false,false,2.85328,3.0320439920261224,373.21281194600004,36983212554.6,166.9751000996,false,false,true,断板,断板,断板,2天2板,3.807147832280112,15.986,15.902857142857142,-2.5134649910233495,1.3654329859863565,1633.6015521354427,false,11.18,0.5076649035332785,0.009364837461700458,0.8707194208478216,0.009689675966908867,0.7458989949668379,0.006442100214085642,0.008650435540020218,0.7606623896206178,19.984330635578424,1.8696939433247743,0.55,0.9882779198635976,0.41698575438697677,0.7026318371252872,炸板,15.954285714285714,-0.029616724738675826,1740.8892981048812,4.736747851002875,0.7059466416902537,0.8707415521813914,0.9884910485933504,0.42340223478715694,0.009105529790482656,2137218763.0,-6.42713458154307,2.1042263610315137,1,SHSE.601666,2022-04-18,2022-04-18T09:30:00.000000,16.29,2022-04-19T11:30:00.000000,16.4,-0.1269324176590229,1.5,未涨停卖出
SZSE.000710,贝瑞基因,2022-04-18,17.19,18.32,17.02,17.95,17.67,0.015846066779852785,26718297.0,474532442.8,19.44,15.9,false,false,3.49696,8.974656701699505,63.6517527675,5343863805.5,37.298256894,false,false,true,断板,断板,断板,2天2板,9.216314903424422,17.306000000000008,16.737142857142864,-2.7164685908319206,7.246500512120131,1776.0579680658539,false,14.76,0.11735386634312706,-0.003535769036371871,0.05881994338352307,-0.0010011914557389757,0.5780983595124493,-0.0023196708140836046,-0.0019036507793689433,0.2263102528141217,24.233537548018784,3.1085713319392676,0.4666666666666667,0.5485933503836317,0.0,0.27429667519181583,断板,16.46428571428572,-0.05051047823750665,1801.9650079823198,7.323210412147486,0.22794117647058823,0.09326953733992217,0.45588235294117646,0.0,-0.002503452004432573,697313552.94,-4.604140902559283,4.407809110629035,1,SZSE.000710,2022-04-18,2022-04-18T09:30:00.000000,17.19,2022-04-19T11:30:00.000000,18.3,5.608977701758406,1.5,未涨停卖出
SHSE.600470,六国化工,2022-04-14,9.1,9.93,8.44,9.8,9.38,0.04477611940298498,139877537.0,1274187221.0,10.32,8.44,false,false,2.43715,26.817012461656443,51.1168,5111680000.0,37.55428649,false,false,false,,未涨停,未涨停,2天2板,25.43768347392638,9.61,9.184285714285712,-2.9850746268656834,6.703997511277056,910.9305527734592,true,6.15,0.8824305383888353,0.025541176840453372,0.29370053477251246,0.0037391968248703684,0.043351318112301786,-0.0006274477358939386,0.006789599459757678,0.33634177049771385,28.314182273989534,2.2138492381577577,0.55,0.9795352803240247,0.2090143585053023,0.5942748194146635,断板,8.917142857142856,-0.038934426229508046,968.0909970476463,5.1906440243511875,0.5872750817121364,0.23896404060445528,0.9759113195480708,0.19863884387620206,0.006242168576406255,1355443712.0,-6.000571973585589,2.050624799743672,1,SHSE.600470,2022-04-14,2022-04-14T09:30:00.000000,9.1,2022-04-15T11:30:00.000000,9.27,1.0564336062343866,1.5,未涨停卖出
SHSE.600502,安徽建工,2022-04-14,5.5,6.29,5.5,6.05,5.72,0.05769230769230771,360251296.0,2142116376.0,6.29,5.15,false,false,13.4603,20.930723411445324,104.13019645600001,10413019645.6,58.7286532305,false,true,false,,炸板,5天2板,2天2板,10.998753316565047,5.968,5.74,-3.8461538461538423,5.400696864111492,594.6172573935723,false,4.3,0.7666061447991781,0.01596411566813863,0.24913854709419003,0.002434251888767146,0.7850084111000366,0.0033487907032681025,0.00541458628899173,0.5133930258369417,25.56527296528028,2.6929133133089485,0.4666666666666667,0.9710083137923684,0.34800899955654224,0.6595086566744554,断板,5.587142857142857,-0.07741935483870976,609.3472339507413,2.377908463308611,0.6575257361077802,0.2173364630339802,0.9667448305265401,0.34830664168902037,0.0050674773549604065,2500842853.0,-9.739477041023015,-1.5597034006647914,1,SHSE.600502,2022-04-14,2022-04-14T09:30:00.000000,5.5,2022-04-15T11:30:00.000000,5.8,4.614270191959439,1.5,未涨停卖出
SHSE.600787,中储股份,2022-04-14,6.31,6.63,5.89,6.34,6.54,-0.030581039755351758,205456191.0,1269341828.0,7.19,5.89,false,false,30.9469,9.426480045940558,139.4673854922,13818437471.8,52.837934376999996,false,false,true,断板,断板,断板,2天2板,4.766025435900543,6.144,5.952857142857143,-3.5168195718654496,6.503479721622268,617.8162954456797,true,5.0,0.4435134418605357,0.008232082490555355,0.1661731907566554,-0.001334849600260595,0.3682862609489778,-0.0011779849048003542,0.0006255962265406673,0.2822751620351282,34.8969525406081,3.3041473562638872,0.4666666666666667,0.7895971008313792,0.0,0.3947985504156896,炸板,5.814285714285714,0.0030674846625766694,703.7505505331175,12.481572481572487,0.5353674164031598,0.25842467464816826,0.745683223193349,0.32505160961297047,0.0002730278979318453,1498687580.0,-10.337547939110847,8.525798525798534,1,SHSE.600787,2022-04-14,2022-04-14T09:30:00.000000,6.31,2022-04-15T11:30:00.000000,5.82,-8.500388304152635,1.5,未涨停卖出
SHSE.600340,*ST华幸,2022-05-11,3.68,3.86,3.6,3.6,3.8,-0.05263157894736836,258820758.0,961107883.0,4.18,3.42,false,false,24.4194,6.647756340698217,140.893932312,14016078223.2,68.35903506,false,false,true,断板,断板,断板,3天3板,4.717738464854489,3.6640000000000024,3.465714285714289,-3.1578947368420964,3.8746908491342857,371.34111283299774,false,2.76,0.01860699738012389,-0.002428141560875995,0.09099491640696872,0.002196429975122775,0.023130800974047894,-0.0004241996346805867,0.00048532678498201245,0.056158097971723504,18.71588461680512,2.225961488912492,0.5,0.922571064913025,0.0,0.4612855324565125,断板,3.362857142857146,-0.04761904761904767,392.0097225785838,12.999150382327837,0.44378447178616887,0.07813687301344517,0.8875689435723377,0.0,-0.0005935974947292227,1373728052.0,-6.124777319463226,9.430756159728016,1,SHSE.600340,2022-05-11,2022-05-11T09:30:00.000000,3.68,2022-05-12T11:30:00.000000,3.52,-5.109994803395119,1.5,未涨停卖出
SZSE.002432,九安医疗,2022-04-19,78.61,81.61,76.03,80.63,80.9,-0.0033374536464773064,82808743.0,6529449421.84,88.99,72.81,false,false,3.08427,17.30217721023918,385.8976166386,38589761663.86,297.609458256,false,false,false,,未涨停,未涨停,3天3板,13.541147051094049,82.93199999999999,79.54714285714284,-2.8306551297898714,1.3612772300343114,7884.97589178476,false,44.88,0.5301505444781945,0.014174499523217437,0.13280965403808137,0.002927590083463536,0.8276658904699956,0.014773184056509396,0.008730650163328075,0.4207347030556783,13.73312605519832,1.8274335949234481,0.55,0.9872258888652331,0.20491365134519143,0.5960697701052122,断板,77.03999999999999,-0.00246609124537589,8358.607897361617,5.010384215991711,0.591788982316785,0.08325526454950787,0.9884910485933504,0.19508691604021977,0.008772132710346832,9467865544.82,-5.953238906190183,2.0379023883696945,1,SZSE.002432,2022-04-19,2022-04-19T09:30:00.000000,78.61,2022-04-20T11:30:00.000000,76.92,-2.9295361487518985,1.5,未涨停卖出
SZSE.000815,美利云,2022-05-12,11.89,12.62,11.65,11.88,12.5,-0.04959999999999998,95637165.0,1155116339.3,13.75,11.25,false,false,3.45045,13.755537139983288,82.597248558,8259724855.8,45.3085858764,false,false,false,,未涨停,未涨停,2天2板,8.232199630748385,12.193999999999997,11.624285714285715,-4.8799999999999955,2.199827946417595,1207.8111467440508,false,9.03,0.029091121967010317,-0.003204213064304486,0.00769231528765481,0.0012923664654884055,0.5402754038296856,0.00854692585386355,0.0025694183760423704,0.17174700318613514,15.55482160727412,1.4320651968831968,0.5666666666666667,0.962468193384224,0.0,0.481234096692112,断板,11.324285714285717,-0.03100775193798455,1318.060704194009,10.382237921029372,0.4830292745014849,0.020316552682737042,0.9660585490029698,0.0,0.002658906471061439,1772201037.32,-9.791711700632888,4.995584710483136,1,SZSE.000815,2022-05-12,2022-05-12T09:30:00.000000,11.89,2022-05-13T11:30:00.000000,11.53,-3.800441631288159,1.5,未涨停卖出
SZSE.002400,省广集团,2022-05-12,4.83,4.93,4.67,4.71,4.98,-0.05421686746987964,182319246.0,874627339.29,5.48,4.48,false,false,18.4784,10.806094471162595,82.1111787288,7946660571.51,63.768499621800004,false,false,true,断板,断板,断板,5天3板,4.47719092961579,4.73,4.58,-3.012048192771091,2.838427947598251,479.7229905667776,false,3.6,0.015020372544413081,-0.0019170694342274348,0.6289016421875209,-0.005082910696599268,0.013843962878119039,-0.0002980096545469647,-0.0030142721315092108,0.32160808446607875,22.683033994039803,2.132075426240656,0.5,0.6651823579304496,0.16241525102506296,0.41379880447775624,断板,4.451428571428572,-0.023529411764705688,519.6435651145092,11.87419768934531,0.40159891589049046,0.6317236094601492,0.6380992787441663,0.16509855303681462,-0.003414193136157923,1567643179.66,-7.051673026381932,8.50449293966622,1,SZSE.002400,2022-05-12,2022-05-12T09:30:00.000000,4.83,2022-05-13T11:30:00.000000,4.67,-4.083046695206748,1.5,未涨停卖出
SHSE.600720,中交设计,2022-05-20,14.6,15.8,14.42,15.62,15.05,0.03787375415282379,147071097.0,2241168585.0,16.56,13.55,false,false,10.889,18.948488437192808,121.25654204840001,12123661170.939999,88.82660669959999,false,false,true,断板,断板,断板,5天4板,8.239617467379405,15.367999999999999,14.508571428571429,-2.9900332225913693,7.660496258369428,1523.8674564316332,false,10.15,0.6697218026254017,0.024111799311990634,0.26061075589701416,0.0037912048905927396,0.2375894697513811,0.0014290437155579784,0.00714667542236189,0.33552657939900177,27.91274827988175,2.21642759103094,0.45,0.9877144672738827,0.22180361064858192,0.6047590389612323,断板,13.805714285714286,-0.09988038277511946,1560.4915461533826,9.012831125827816,0.4917337855023315,0.2054039037761714,0.983467571004663,0.0,0.006074445141843231,3042873437.0,-6.439736658689032,5.753311258278138,1,SHSE.600720,2022-05-20,2022-05-20T09:30:00.000000,14.6,2022-05-23T11:30:00.000000,15.13,2.8043988429842295,1.5,未涨停卖出
SHSE.600395,盘江股份,2022-05-19,8.62,8.8,8.45,8.76,8.99,-0.025583982202447175,54094468.0,467175225.0,9.89,8.09,false,false,5.63753,3.2684454955577973,188.0443407144,14498254302.359999,46.37569623,false,false,true,断板,断板,断板,2天2板,3.587767966625669,8.822,8.527142857142858,-4.115684093437164,2.7307756743172984,863.628467517233,false,6.86,0.1398835919655435,0.005068000136821167,0.013632529867325627,0.0004702521764162293,0.4386128077464898,0.0015519264578505922,0.0017143040529275257,0.16637682565071843,21.72609193328246,2.8052630791997255,0.5166666666666667,0.9194573972022043,0.0,0.45972869860110216,断板,8.347142857142858,-0.06742738589211617,910.6154324761292,7.701523190142044,0.4559135226791013,0.016363014712504603,0.9118270453582026,0.0,0.0012586387710910685,825890088.0,-5.338744627239079,3.2688687318158216,1,SHSE.600395,2022-05-19,2022-05-19T09:30:00.000000,8.62,2022-05-20T11:30:00.000000,9.06,4.266923027148952,1.5,未涨停卖出
SZSE.002323,*ST雅博,2022-06-09,4.01,4.15,3.85,3.92,4.22,-0.07109004739336489,102052489.0,403765214.81,4.64,3.8,false,false,7.76114,4.812682147264744,83.1375215664,8312324492.639999,65.66436539040001,false,false,true,断板,断板,断板,3天3板,4.0802833416048925,4.191999999999999,3.9999999999999996,-4.976303317535544,-1.9999999999999911,395.6446518516565,false,2.95,0.5316617107372144,0.011589561418847875,0.0013033067955997436,0.00017426908236967148,0.1687067764512895,-0.00276364466764234,0.0015759534246617092,0.1575960284806296,26.108357015417706,2.629834184983366,0.48333333333333334,0.8776415891800508,0.0,0.4388207945900254,断板,3.9371428571428564,-0.10021321961620477,437.5156460579524,7.184325108853424,0.42983939137785293,0.001096168688283724,0.8596787827557059,0.0,0.0013490959895491228,839769946.13,-8.346134906708148,1.8505079825834603,1,SZSE.002323,2022-06-09,2022-06-09T09:30:00.000000,4.01,2022-06-10T11:30:00.000000,4.04,-0.054644265829439945,1.5,未涨停卖出
SHSE.600297,广汇汽车,2022-05-27,2.82,2.9,2.64,2.68,2.91,-0.07903780068728516,588839352.0,1617635280.0,3.2,2.62,false,false,6.57222,7.259707017283282,217.37646706720002,21737646706.72,105.53868118560001,false,false,true,断板,断板,断板,2天2板,3.0023693367794078,2.682,2.5757142857142847,-3.0927835051546495,4.048807542983961,274.71589228975307,true,2.0,0.6892505216541938,0.013743348571681973,0.011144023853008007,-0.00040798258360803775,0.4178072027880432,-0.0014001156169052417,0.002124643737460803,0.2687642770937557,33.97973857018473,2.739130359754255,0.48333333333333334,0.9129790387465594,0.0,0.4564895193732797,炸板,2.5242857142857136,0.0174825174825175,305.58045847455264,15.28013582342958,0.44726810673443457,0.04354508729700729,0.8945362134688691,0.0,0.0018452837114324328,2801029698.0,-7.716612047859838,11.714770797962682,1,SHSE.600297,2022-05-27,2022-05-27T09:30:00.000000,2.82,2022-05-30T11:30:00.000000,2.63,-7.480715436127815,1.5,未涨停卖出
SZSE.002277,友阿股份,2022-05-27,3.86,4.1,3.75,3.85,4.0,-0.03749999999999998,173863739.0,673471871.51,4.4,3.6,false,false,6.3603,12.47074530502962,53.6756528,5367565280.0,36.41079596,false,false,true,断板,断板,断板,2天2板,8.341132856701837,3.912,3.818571428571429,-3.500000000000003,0.8230452674897042,387.3561418749887,false,3.0,0.7354479209222206,0.011072697821719659,0.47100281196388344,0.003199038486048354,0.42197279803723114,0.0013149468894781801,0.004208542874211563,0.5091828295775551,25.621943038653477,2.5053190861699313,0.5,0.965699767097184,0.3240724773120533,0.6448861222046186,炸板,3.7828571428571434,-0.06542056074766356,439.9909055618021,5.740181268882162,0.6380144542377674,0.4516436516483745,0.9635747564591275,0.31245415201640725,0.004188490503543357,1165913913.82,-12.270913984656994,2.0392749244712904,1,SZSE.002277,2022-05-27,2022-05-27T09:30:00.000000,3.86,2022-05-30T11:30:00.000000,3.77,-3.109840431022039,1.5,未涨停卖出
SHSE.600267,海正药业,2022-05-25,13.77,15.23,13.45,14.57,14.31,0.018169112508735097,84473501.0,1206140379.0,15.74,12.88,false,false,6.87189,7.617692328316821,174.6444067834,16156847198.92,84.9317419565,false,false,false,,未涨停,未涨停,4天2板,0.6019254246366876,14.894,14.485714285714286,-3.7735849056603836,0.5818540433925066,1427.8328289009828,false,9.88,0.8708360537059738,0.022444489945570918,0.1295211871695953,-0.002391617287503262,0.04050170748070754,-0.000552545376494616,0.0031273257324141686,0.2510783165702047,20.507204858266547,2.3333332788888907,0.45,0.9366525423728813,0.0,0.46832627118644066,断板,14.167142857142858,-0.09999999999999998,1516.3094912697404,1.0083694665725487,0.46757787666878575,0.14506961295206117,0.9351557533375715,0.0,0.002977242100578658,1686149422.0,-9.187404818859523,-2.803267117071706,1,SHSE.600267,2022-05-25,2022-05-25T09:30:00.000000,13.77,2022-05-26T11:30:00.000000,14.71,5.975227629785877,1.5,未涨停卖出
SHSE.600881,亚泰集团,2022-05-25,2.79,2.94,2.77,2.83,2.93,-0.03412969283276457,132688422.0,375188576.0,3.22,2.64,false,false,44.3069,4.084085907673578,91.94425454040001,9194425454.04,64.77042256130001,false,false,true,断板,断板,断板,2天2板,4.383333540356384,2.8320000000000003,2.752857142857143,-4.778156996587034,2.8022833419823487,282.7590910682471,false,2.41,0.5393571961959092,0.008086034948802967,0.4379633803768239,-0.0030541770684716025,0.7026829465703681,-0.0020639103536662772,-0.0005290546505750907,0.5376580133987042,35.12637847229815,3.7078650310566905,0.4666666666666667,0.6733050847457627,0.49729920388683024,0.5853021443162965,断板,2.7157142857142857,-0.04560260586319209,310.7067658378178,7.890583903208842,0.569686900235677,0.45805576025875006,0.6450519177791905,0.4943218826921637,-0.0009513928177781784,709752915.0,-10.204723335303246,2.735402419779054,1,SHSE.600881,2022-05-25,2022-05-25T09:30:00.000000,2.79,2022-05-26T11:30:00.000000,2.73,-2.9302146253694965,1.5,未涨停卖出
SHSE.603997,继峰股份,2022-06-16,10.2,11.76,10.03,11.76,10.69,0.10009354536950421,66438742.0,756665408.0,11.76,9.62,false,false,1.70371,7.542845285048886,131.6089816944,10358420150.4,52.019941696800004,true,false,false,,涨停,5天3板,3天2板,2.610399589454367,10.3,9.755714285714285,-4.58372310570627,20.544735686044813,1138.8918351283653,false,6.79,0.5729580972621235,0.014468384822548058,0.0008257621928225835,-0.0002105954874489734,0.7626189607996692,-0.007415350692266863,0.0005637740131050665,0.3437901887887368,20.771622449750804,2.0346020347285125,0.48333333333333334,0.7569224265482984,0.2027241989097249,0.4798233127290117,炸板,9.299999999999999,0.015194681861348647,1105.4929832673097,14.946236559139791,0.3958724974471549,0.021645394899815925,0.5857112661171,0.2060337287772098,-0.0006897085293810683,678861098.0,-7.733471361765975,9.677419354838722,1,SHSE.603997,2022-06-16,2022-06-16T09:30:00.000000,10.2,2022-06-17T11:30:00.000000,12.08,17.487696273728613,1.5,未涨停卖出
SZSE.002467,二六三,2022-06-20,4.3,4.47,4.23,4.38,4.43,-0.011286681715575564,70311820.0,302138776.07,4.87,3.99,false,false,11.5069,6.32554695152798,59.9452000374,4868603046.66,38.430686903399994,false,false,true,断板,断板,断板,4天2板,6.562251769923597,4.348000000000001,4.264285714285713,-2.934537246049659,2.713567839196,429.71263732043917,false,3.52,0.5640665662231505,0.0072422607213795875,0.21585934088269082,-0.0026845832754934297,0.5261495026682805,-0.0021276882314969115,-0.0005321459629198707,0.37858783448645966,32.2593582482351,2.643616951389488,0.5333333333333333,0.5757767913760304,0.38685536255350944,0.48131607696476997,断板,4.182857142857142,-0.03904555314533631,461.05149237936166,5.908469945355196,0.4678268595382139,0.2790909026669464,0.5316000845487212,0.4040536345277066,-0.0009261665716635665,562113541.51,-6.734929371796062,2.8005464480874487,1,SZSE.002467,2022-06-20,2022-06-20T09:30:00.000000,4.3,2022-06-21T11:30:00.000000,4.3,-0.7968127490039871,1.5,未涨停卖出
SHSE.600495,晋西车轴,2022-06-07,4.34,4.6,4.21,4.57,4.48,0.020089285714285587,113030836.0,497523847.0,4.93,4.03,false,false,7.53641,9.3553789645124,55.21432349020001,5521432349.02,38.013894773000004,false,false,true,断板,断板,断板,5天3板,9.03094682838056,4.464,4.38,-3.1250000000000124,4.337899543379004,440.1664754563082,false,3.1,0.788795749332001,0.018648046423499806,0.02135099418282525,0.0007596178023067803,0.03571335206666863,-0.00038683342715589426,0.003993368157706584,0.17914865257781343,27.40780539167656,2.6756756040832745,0.5666666666666667,0.9657360406091371,0.0,0.48286802030456855,断板,4.242857142857142,-0.04273504273504258,460.2862822002706,5.589225589225621,0.47990693739424706,0.005195136353024284,0.9598138747884941,0.0,0.0035282838695419663,673700682.0,-5.710855008456117,2.289562289562297,1,SHSE.600495,2022-06-07,2022-06-07T09:30:00.000000,4.34,2022-06-08T11:30:00.000000,4.31,-1.4825490664071577,1.5,未涨停卖出
SZSE.002060,广东建工,2022-06-08,8.9,9.2,8.62,8.76,9.15,-0.042622950819672156,189103300.0,1669943861.96,10.07,8.24,false,false,4.01142,15.734317261651071,105.3181562808,10528228714.68,65.6030871564,false,false,true,断板,断板,断板,2天2板,20.538236464078587,9.124,8.928571428571429,-2.73224043715847,-1.8880000000000052,883.0855209612947,false,6.09,0.5631111765884276,0.011792190248571166,0.20362116608450298,0.003919559953495138,0.5619506852198075,0.0045376662388822726,0.005679517898126485,0.38301802392587925,17.326736058612454,2.2786516334707243,0.48333333333333334,0.9782333051563821,0.21358422105291516,0.5959087631046486,断板,8.861428571428572,-0.09674234945705829,948.7775029454751,3.256488795743991,0.5916019177478387,0.21142591511339953,0.9801184433164128,0.20308539217926444,0.005608179724979537,2655608847.22,-6.195077640753555,0.4352732548766669,1,SZSE.002060,2022-06-08,2022-06-08T09:30:00.000000,8.9,2022-06-09T11:30:00.000000,8.91,-0.6853484936657996,1.5,未涨停卖出
SHSE.600662,外服控股,2022-05-31,6.7,6.75,6.31,6.4,6.96,-0.08045977011494243,52478901.0,340711338.0,7.66,6.26,false,false,50.8798,4.982037655080407,146.130992,6741518022.400001,36.69239232,false,false,true,断板,断板,断板,2天1板,2.6166939762507573,6.340000000000001,6.131428571428573,-3.735632183908043,4.380242311276781,649.2348953725232,true,4.73,0.5027611774235046,0.008277788193608788,0.19461700902747076,-0.0019241054435475131,0.7230812385997021,-0.0024692298532668342,-0.000047264039032049064,0.41478511157834697,24.493929706675907,2.854901879279664,0.5166666666666667,0.7734490789752276,0.30392727239955614,0.5386881756873919,炸板,6.038571428571429,0.051359516616314105,704.3064897209317,15.259048970901338,0.539972503641388,0.2624443324019399,0.7482532288799492,0.331691778402827,-0.00016225761732707516,569315199.0,-4.8709603307112825,10.95339484267801,1,SHSE.600662,2022-05-31,2022-05-31T09:30:00.000000,6.7,2022-06-01T11:30:00.000000,6.39,-5.386810965094859,1.5,未涨停卖出
SZSE.000816,智慧农业,2022-05-31,4.16,4.46,4.05,4.22,4.31,-0.02088167053364265,166022854.0,700396574.89,4.74,3.88,false,false,7.32462,12.348083787875254,60.4602066196,5673887996.839999,44.3615738016,false,false,true,断板,断板,断板,6天3板,14.294936848625142,4.233999999999999,4.115714285714286,-3.48027842227377,2.533842415827833,421.8675670338735,false,2.84,0.8061730434472257,0.01849084227539782,0.029837979906728724,-0.0008937072506563499,0.2251828734829695,-0.0011031586082953168,0.0029203672472627945,0.24370846068770038,26.76093930904637,2.3990147207724055,0.43333333333333335,0.9453737031547745,0.0,0.47268685157738727,炸板,4.035714285714286,-0.02708803611738153,452.4376137882139,6.796460176991144,0.4677112005081516,0.06564537384156531,0.9354224010163033,0.0,0.002633778851762627,1124571042.32,-8.053621687888757,3.0796460176991225,1,SZSE.000816,2022-05-31,2022-05-31T09:30:00.000000,4.16,2022-06-01T11:30:00.000000,4.14,-1.2737511492491762,1.5,未涨停卖出
SHSE.600550,保变电气,2022-06-02,5.44,5.85,5.32,5.62,5.61,0.0017825311942958333,99898731.0,555729738.0,6.17,5.05,false,false,7.62297,5.424772523746143,103.493900576,10349390057.6,36.1955404244,false,false,true,断板,断板,断板,2天2板,3.8949142670875223,5.325999999999999,5.155714285714285,-3.030303030303029,9.005264616237206,556.2930904497675,false,3.87,0.7582269350625797,0.01415670393364971,0.29239007486722973,-0.0035871499363982983,0.2691734798932617,-0.0014288446528583146,0.0006091124226732985,0.3785924684141093,24.27843515375195,2.438661650566467,0.5,0.8200296421765827,0.24413272676995187,0.5320811844732672,炸板,4.991428571428571,-0.003552397868561208,570.5568721433146,12.392673153978262,0.5203513791186929,0.35975895238174677,0.7798009739572306,0.2609017842801551,0.00007799144654541254,782484996.0,-4.654553023531715,8.98683457355467,1,SHSE.600550,2022-06-02,2022-06-02T09:30:00.000000,5.44,2022-06-06T11:30:00.000000,5.57,1.573851652214672,1.5,未涨停卖出
SZSE.000767,晋控电力,2022-06-02,3.8,3.95,3.68,3.84,3.99,-0.03759398496240607,152134694.0,580489343.48,4.39,3.59,false,false,10.7823,5.2239707188776965,118.1545812096,11183011092.48,37.5625677312,false,false,true,断板,断板,断板,2天2板,4.031853670459071,3.72,3.5671428571428576,-4.761904761904772,7.649179014817762,381.56276403329804,false,2.71,0.5805429508580996,0.01209590638159558,0.3400260780810986,-0.003527405584891785,0.3422160021570369,-0.001783689027467886,0.00012037177563285805,0.38878642985928025,31.11932858198512,2.6832297416673754,0.48333333333333334,0.7694262121532924,0.33957316360875245,0.5544996878810224,断板,3.4542857142857146,0.012690355329949332,398.90268964976843,15.508684863523566,0.5247491109856753,0.4390659210102137,0.6923565530383231,0.3571416689330276,-0.000522046796182733,1051143419.41,-4.7386718967387225,10.008271298593874,1,SZSE.000767,2022-06-02,2022-06-02T09:30:00.000000,3.8,2022-06-06T11:30:00.000000,3.81,-0.535751729922411,1.5,未涨停卖出
SHSE.601236,红塔证券,2022-06-21,9.83,10.25,9.72,9.94,10.18,-0.023575638506876273,87694819.0,870927126.0,11.2,9.16,false,false,1.13521,3.4278518744264277,468.84870155479996,25429526502.1,57.4359907786,false,false,true,断板,断板,断板,4天3板,3.528700283425375,9.95,9.59142857142857,-3.4381139489194465,3.634197199880848,993.134071010512,false,7.71,0.7585595101934756,0.015178042005366694,0.2552751556336621,-0.003573294817161973,0.6652214548015809,-0.003156761550304265,0.0003019325274010729,0.4789159162960004,24.150365190133954,2.9871133128333933,0.4666666666666667,0.6897208121827412,0.4559020782092208,0.5728114451959809,炸板,9.367142857142856,-0.008763388510223957,1063.732540648002,8.67774897056582,0.5451667599309549,0.28660632625438104,0.6332699217924329,0.4570635980694769,-0.000160354538018648,1485880384.0,-7.58955259550691,4.941284123837142,1,SHSE.601236,2022-06-21,2022-06-21T09:30:00.000000,9.83,2022-06-22T11:30:00.000000,9.57,-3.4207017302103826,1.5,未涨停卖出
SHSE.601236,红塔证券,2022-06-17,9.1,10.27,9.1,10.27,9.34,0.0995717344753746,97890000.0,964531268.0,10.27,8.41,false,false,1.13521,3.826365386393044,484.41410110339996,26273766315.55,59.342819446300005,true,false,false,,涨停,4天3板,2天2板,3.37986773194154,9.403999999999998,9.087142857142856,-2.5695931477516085,13.016821254519737,985.3215527633057,false,7.71,0.591747908826212,0.011305833168179352,0.33406194438909675,-0.004047963890170617,0.7112331835219242,-0.0032962995973899647,-0.0007517051906664272,0.498750509016368,24.209214281562648,2.9871133128333933,0.48333333333333334,0.5624603677869372,0.4614696510239724,0.5119650094054549,断板,8.792857142857143,-0.06786427145708585,956.9941854328528,6.222583265637693,0.46846035095623595,0.39056365289396056,0.4519129148171634,0.4850077870953085,-0.0014287672461198967,896162161.0,-4.91060302645383,3.4930950446791176,1,SHSE.601236,2022-06-17,2022-06-17T09:30:00.000000,9.1,2022-06-20T11:30:00.000000,10.77,17.408607328926067,1.5,未涨停卖出
SHSE.601519,大智慧,2022-06-17,6.45,6.95,6.45,6.75,6.73,0.002971768202080227,88302197.0,590148949.0,7.4,6.06,false,false,2.90832,4.406592787460396,137.4286635,13526092800.0,57.6617765175,false,false,true,断板,断板,断板,2天2板,3.7664268751357377,6.739999999999999,6.581428571428572,-4.160475482912336,2.5613197308443607,668.3287268605559,false,5.0,0.7694043718894021,0.016647193616455305,0.06773365566535922,-0.0015020958233420787,0.6891376464881084,-0.002889039650197279,0.0017116789165608382,0.39448899615699257,29.28412864211142,2.6584506335517526,0.4666666666666667,0.8600718664130205,0.3747608271731669,0.6174163467930937,断板,6.441428571428572,-0.08930987821380232,715.4084103108635,4.479929030827229,0.6136837349056887,0.11863394773716034,0.8325935320228282,0.3947739377885494,0.0012774931905272296,844068210.0,-9.841708497705415,0.13306719893544372,1,SHSE.601519,2022-06-17,2022-06-17T09:30:00.000000,6.45,2022-06-20T11:30:00.000000,6.54,0.5874177707773592,1.5,未涨停卖出
SHSE.601788,光大证券,2022-06-17,18.0,18.49,16.74,17.05,18.49,-0.07787993510005398,532570921.0,9279284897.0,20.34,16.64,false,false,1.22162,13.632249194215404,666.0921520495001,66609215204.950005,298.99847689800004,false,false,true,断板,断板,断板,6天5板,5.814945295130116,18.012,17.14428571428572,-2.6500811249323877,-0.5499541704858135,1742.3566573211383,true,10.91,0.7461527152508336,0.03200282772450852,0.10833964738188061,0.002900958158883487,0.19073321729682022,-0.0015826325010677594,0.00737625487402312,0.2606203319301531,26.292306469985032,1.9251100950981006,0.5,0.9864722046079053,0.0,0.49323610230395265,断板,16.560000000000002,-0.07225288509784256,2040.5429335458803,11.654589371980652,0.4924963009934475,0.07120078103240211,0.984992601986895,0.0,0.006775735936653188,12444308848.0,-11.788182918939395,8.695652173913038,1,SHSE.601788,2022-06-17,2022-06-17T09:30:00.000000,18.0,2022-06-20T11:30:00.000000,16.78,-7.52058432934927,1.5,未涨停卖出
SZSE.002939,长城证券,2022-06-17,9.89,11.08,9.53,10.35,10.27,0.00778967867575453,220056185.0,2207128898.96,11.3,9.24,false,false,1.05145,7.0907973697052515,321.2024538285,32120245382.85,86.746408011,false,false,true,断板,断板,断板,2天2板,2.927596808155404,9.956,9.639999999999999,-3.7000973709834373,7.365145228215778,1002.9842601152064,false,7.62,0.7557678821773888,0.012993057128884754,0.12108417335605388,-0.0018319193614646696,0.8197405687085592,-0.004198623853181196,0.0004230645890902574,0.45761783372607245,31.035344817001643,2.8768472078778933,0.5,0.7349397590361446,0.47054591832146625,0.6027428386788054,断板,9.428571428571429,-0.03658536585365857,1108.2257638972833,8.924242424242417,0.5896664655840779,0.18935535773706824,0.6852673853307969,0.4940655458373588,-0.00001616751939283005,3146493207.05,-10.758255924136206,4.893939393939406,1,SZSE.002939,2022-06-17,2022-06-17T09:30:00.000000,9.89,2022-06-20T11:30:00.000000,10.2,2.3126905925337926,1.5,未涨停卖出
SZSE.002623,亚玛顿,2022-07-01,38.52,42.3,37.03,40.8,40.06,0.01847229156265584,33360029.0,1300371317.18,44.07,36.05,false,false,1.0239,16.794542785205863,81.21749999999999,8104353899.999999,40.80056712,false,false,true,断板,断板,断板,4天4板,3.515886020229201,40.522000000000006,38.06428571428571,-3.8442336495257092,7.187089510227065,3897.992166553572,false,21.77,0.5581840578704187,0.020967543180252565,0.5947727510875396,0.010409148873135108,0.022550748957337097,-0.0007643301423728741,0.009168784029906205,0.41578841180505466,19.54436784496124,1.5947688746029511,0.5166666666666667,0.9866525423728814,0.32626264072612127,0.6564575915495013,断板,36.262857142857136,-0.09997753313862046,4173.869314134938,10.471162937283355,0.6374149570775597,0.5374803450408169,0.983467571004663,0.29136234315045645,0.008252544862104989,1677925557.88,-7.711533110174706,6.224393318625943,1,SZSE.002623,2022-07-01,2022-07-01T09:30:00.000000,38.52,2022-07-05T11:30:00.000000,44.1,13.57374241352348,2.5,未涨停卖出
SZSE.002126,银轮股份,2022-06-28,12.85,13.1,12.35,12.72,13.38,-0.04932735426008972,79771326.0,1012402604.44,14.72,12.04,false,false,5.60528,10.464471866778984,100.75717542480001,9696535856.16,91.12637548560002,false,false,true,断板,断板,断板,6天3板,8.538416890750044,12.308000000000002,11.944285714285714,-3.9611360239163016,6.494438464298537,1269.1309712464852,false,8.29,0.7674864153124029,0.021123871196124067,0.39548535952672426,0.004914095338563456,0.3298168750967589,-0.0025189350388902703,0.00592614139683946,0.45018502535487037,27.984347624700884,2.046511586024879,0.4666666666666667,0.9646186440677966,0.4214841514121863,0.6930513977399915,炸板,11.598571428571429,0.04531250000000009,1351.3976982839242,15.359034363837917,0.6807279580431537,0.33863428089987574,0.9570188439551133,0.404437072131194,0.005206962213573703,1493018352.54,-4.913261164218319,10.789506096809953,1,SZSE.002126,2022-06-28,2022-06-28T09:30:00.000000,12.85,2022-06-29T11:30:00.000000,12.0,-7.3588912831165585,1.5,未涨停卖出
SZSE.002079,苏州固锝,2022-06-30,14.15,15.49,13.28,14.92,14.75,0.0115254237288136,155139142.0,2212803763.43,16.23,13.28,false,false,4.96229,19.64413618582794,120.53668310719999,11783037832.48,86.7604160468,false,false,true,断板,断板,断板,2天2板,14.621533363755534,13.932000000000002,13.281428571428572,-4.06779661016949,12.337313111756474,1426.3349241869596,true,9.4,0.70800296837062,0.02119084135199137,0.3891841380820262,0.004970157053989351,0.25010742693147553,-0.0018846022183178954,0.006157866131897581,0.4112248907945798,28.923279035006686,1.9233532564202953,0.5333333333333333,0.9665112335735481,0.39328514664083364,0.6798981901071909,断板,12.667142857142858,0.008891928864569243,1529.72707839386,16.442990865005065,0.6594211744070714,0.32122009052824885,0.9502118644067796,0.3686304844073631,0.005043244029793678,2827651522.55,-7.499839678220111,11.706326829818426,1,SZSE.002079,2022-06-30,2022-06-30T09:30:00.000000,14.15,2022-07-01T11:30:00.000000,13.9,-2.549519237537507,1.5,未涨停卖出
SZSE.002540,亚太科技,2022-06-30,6.48,7.08,6.31,6.72,6.79,-0.010309278350515538,56293899.0,373099433.31,7.47,6.11,false,false,8.30325,6.289405714368722,85.3795824,6014797239.36,42.793603843199996,false,false,true,断板,断板,断板,4天2板,6.566751921333714,6.986,6.819999999999999,-4.565537555228271,-1.4662756598240418,662.7706375605641,false,4.66,0.8013099146300819,0.016398126423145865,0.5210525646995418,0.006360097877758522,0.3568597562636874,-0.003289122765217645,0.005472937393943141,0.5278461921548935,25.42225687452917,2.0214476803171166,0.5,0.9559135226791013,0.45106519885138613,0.7034893607652437,断板,6.757142857142857,-0.09946949602122013,704.3263352498574,0.48625792811839413,0.6999411903060183,0.4639073419392632,0.9561440677966102,0.44373831281542636,0.0054184179236352855,404178653.54,-7.997192839577094,-4.1014799154333925,1,SZSE.002540,2022-06-30,2022-06-30T09:30:00.000000,6.48,2022-07-01T11:30:00.000000,6.47,-0.949904087354285,1.5,未涨停卖出
SZSE.002501,*ST利源,2022-07-06,2.54,2.74,2.4,2.56,2.61,-0.019157088122605304,89789543.0,228511561.08,2.87,2.35,false,false,7.53656,2.5874213435613136,90.88,8883795855.36,59.2967167488,false,false,true,断板,断板,断板,2天2板,0.33506069527746674,2.478,2.395714285714285,-2.6819923371647447,6.857483601669681,254.49685280166756,false,1.99,0.3348331965749834,0.008045247769328592,0.7142954032219404,0.006689257917100328,0.34323238374399345,0.002128758685355472,0.005592306118022524,0.5270840560491649,29.081855935911175,2.0070422132389414,0.55,0.9442914636729507,0.46510260370279866,0.7046970336878746,断板,2.338571428571428,-0.011363636363636465,270.026679220166,11.606597434331112,0.684780962704054,0.7011470895649746,0.9315532951896588,0.43800863021844905,0.004940482799644731,457450406.99,-5.935220647993322,8.61331704337205,1,SZSE.002501,2022-07-06,2022-07-06T09:30:00.000000,2.54,2022-07-07T11:30:00.000000,2.44,-4.702450042350282,1.5,未涨停卖出
SZSE.002610,ST爱康,2022-06-29,4.35,4.44,4.03,4.03,4.48,-0.1004464285714286,660472055.0,2759956847.19,4.93,4.03,false,false,12.5001,15.068137623660641,180.52516067690001,17664441672.41,155.23300343070002,false,false,true,断板,断板,断板,4天2板,13.30556609382653,4.203999999999999,4.064285714285715,-2.9017857142857313,-0.8435852372583579,417.8764001135521,true,3.15,0.6308012802168228,0.01268083440706425,0.2526077112002871,0.003490045225824499,0.3028864945844672,-0.002087250803827797,0.0036550142531767606,0.34333006001884825,24.525156002167652,1.9556451230448433,0.5166666666666667,0.9048728813559322,0.274720291577934,0.5897965864669331,断板,4.0,-0.006651884700665023,460.6712913425899,12.00000000000001,0.5735717244641639,0.197950579340865,0.8968220338983051,0.25032141503002286,0.0033548332533789513,3939025843.58,-5.572583276846499,8.749999999999991,1,SZSE.002610,2022-06-29,2022-06-29T09:30:00.000000,4.35,2022-06-30T11:30:00.000000,4.22,-3.7615057013326165,1.5,未涨停卖出
SHSE.600255,鑫科材料,2022-07-11,2.88,3.14,2.79,2.99,2.96,0.01013513513513531,201235502.0,600162804.0,3.26,2.66,false,false,13.6324,11.276423168848225,53.80635229450001,5335859979.450001,53.35859979450001,false,false,true,断板,断板,断板,2天2板,4.925255337136656,2.9839999999999995,2.897142857142857,-2.7027027027027053,3.205128205128225,298.23902742568754,false,2.23,0.49065865307056655,0.009195014737722494,0.6460498511041163,0.005397738926239547,0.10943459953009425,-0.0010458767258306795,0.004224109392915069,0.45398703602519974,28.15957426804851,2.1360946289272094,0.4666666666666667,0.8992592592592593,0.3978546241975612,0.6485569417284103,炸板,2.8299999999999996,-0.09756097560975607,322.1244721745184,4.593639575971744,0.6406574864096309,0.6021887561140538,0.8884419983065199,0.392872974512742,0.004010873721868453,1222137271.0,-10.593567121479264,1.7667844522968323,1,SHSE.600255,2022-07-11,2022-07-11T09:30:00.000000,2.88,2022-07-12T11:30:00.000000,2.94,1.2699203187251003,1.5,未涨停卖出
SZSE.000025,特力A,2022-07-11,25.88,28.0,25.88,26.1,27.04,-0.03476331360946738,44634638.0,1195652416.07,29.74,24.34,false,false,2.74325,11.363824255880518,102.51514152,10251514152.0,35.042712687000005,false,false,true,断板,断板,断板,3天2板,15.999511505624854,27.140000000000004,26.154285714285717,-4.289940828402368,-0.20755953681451064,2678.7545942906495,false,15.2,0.2554224057701367,-0.008077486825284816,0.7582588754018643,0.018808161047336357,0.39851250429532187,0.006110419147115983,0.00962170890274601,0.549767670143556,15.757429130144608,1.3982580960465256,0.55,0.9832804232804233,0.3942737045796602,0.6887770639300418,断板,25.79,-0.08555968887385867,2902.4713417676685,4.846839860411012,0.681750024451463,0.7489679329543756,0.9843353090601186,0.3791647398428076,0.00982986573225584,1991397923.09,-10.83460626268058,0.3489724699495822,1,SZSE.000025,2022-07-11,2022-07-11T09:30:00.000000,25.88,2022-07-12T11:30:00.000000,24.58,-5.779971304888647,1.5,未涨停卖出
SZSE.002219,新里程,2022-07-11,4.57,4.97,4.4,4.54,4.77,-0.048218029350104774,116686165.0,543964788.09,5.25,4.29,false,false,22.1634,3.5980399440708752,148.19303438620003,14723438242.34,80.3805342446,false,false,true,断板,断板,断板,11天10板,1.4690467565381953,4.527999999999999,4.232857142857143,-4.192872117400405,7.25615929800877,466.17762104873356,false,2.61,0.5096334306012921,0.022515841121387183,0.25046439441508866,0.003862598222441466,0.09318917216859109,0.000982047707453482,0.006729081647734215,0.2551156349783801,28.025554410767196,1.949090871101356,0.48333333333333334,0.9606349206349206,0.0,0.4803174603174603,炸板,4.0600000000000005,-0.020533880903490842,495.2644193202676,17.487684729064014,0.4731160033869602,0.19419828730337768,0.9462320067739204,0.0,0.0057576227267983745,841465664.27,-7.726058611838926,12.561576354679804,1,SZSE.002219,2022-07-11,2022-07-11T09:30:00.000000,4.57,2022-07-12T11:30:00.000000,4.62,0.28856129094127003,1.5,未涨停卖出
SZSE.002526,山东矿机,2022-07-13,2.74,3.11,2.64,3.02,2.84,0.06338028169014098,367252151.0,1052473120.28,3.12,2.56,false,false,5.96938,20.85585296529984,53.840373847200006,5317938795.72,41.837901112800004,false,false,true,断板,断板,断板,2天2板,8.531993269745213,2.8020000000000005,2.714285714285714,-3.521126760563368,11.263157894736855,286.5805189742782,false,2.08,0.7285792606519781,0.01479505214649289,0.5664558301393838,0.004619165032883053,0.01096258344181096,0.0002372433142574805,0.0053397659400173485,0.4322325422326308,30.810500140350612,2.2620689143476826,0.5166666666666667,0.9394837071519255,0.40264559799161315,0.6710646525717694,炸板,2.6414285714285706,-0.046979865771812124,301.0576564989603,7.517577068685806,0.656073615692292,0.5283437795944685,0.920863309352518,0.3912839220320659,0.004744219510888282,1312468178.24,-8.987533090377898,3.731746890210963,1,SZSE.002526,2022-07-13,2022-07-13T09:30:00.000000,2.74,2022-07-14T11:30:00.000000,2.84,2.8237415302294315,1.5,未涨停卖出
SZSE.000709,河钢股份,2022-07-15,2.96,3.09,2.91,2.94,3.04,-0.03289473684210531,389328652.0,1164944063.78,3.34,2.74,false,false,10.5486,3.6670678194797723,312.18707084880003,31213664246.94,118.2081647838,false,false,false,,未涨停,未涨停,2天2板,2.2156523649664073,2.9419999999999997,2.8242857142857143,-2.6315789473684235,4.097116843702578,299.21868267224266,false,2.25,0.7804800409918237,0.01739819891249144,0.18018860159054892,0.001927290261045136,0.006860202442378831,-0.0001530463099925282,0.0043973710200230975,0.24824836972635286,33.85517863817886,2.945945859159974,0.43333333333333335,0.9092831465426094,0.0,0.4546415732713047,断板,2.7800000000000002,0.0066225165562914245,310.47406272697236,9.352517985611502,0.44382141345746934,0.10904598300356225,0.8876428269149387,0.0,0.003845673638192643,1666047606.75,-4.661923318116501,6.474820143884874,1,SZSE.000709,2022-07-15,2022-07-15T09:30:00.000000,2.96,2022-07-18T11:30:00.000000,2.98,-0.12652094325402347,1.5,未涨停卖出
SHSE.603005,晶方科技,2022-07-04,26.0,27.94,25.2,27.44,26.91,0.01969528056484582,73148157.0,1944633719.0,29.6,24.22,false,false,2.77779,11.217409663371916,179.24146774240003,17893484220.64,128.49007916640002,false,false,false,,未涨停,未涨停,2天2板,11.622784015429803,27.074000000000005,25.841428571428573,-3.381642512077295,6.186079938083918,2658.4862814793814,false,18.8,0.713903365459837,0.015484129701406326,0.5418916543044519,-0.008800387602899758,0.8808594284954341,-0.007275018769310111,-0.003485873491961647,0.6779843287928236,25.533033622899953,2.0485219881526984,0.48333333333333334,0.0714437142251431,0.49568490539560667,0.2835643098103749,断板,25.125714285714285,-0.05213103205353997,2726.7541230665142,7.1014327950875655,0.27886540590776104,0.5939989922104146,0.06228813559322034,0.4954426762223017,-0.00425059905431438,2235961831.0,-4.648535120723174,3.4796452126449884,1,SHSE.603005,2022-07-04,2022-07-04T09:30:00.000000,26.0,2022-07-05T11:30:00.000000,26.97,2.904229236898563,1.5,未涨停卖出
SZSE.002374,中锐股份,2022-07-18,4.47,5.12,4.47,5.05,4.65,0.08602150537634401,205280647.0,1015480350.3,5.12,4.19,false,false,6.63043,19.248367892775992,54.9416660415,5385741134.65,40.248877134000004,false,true,false,,炸板,5天3板,3天3板,12.73125775402174,4.768,4.521428571428572,-3.8709677419354964,11.690363349131097,494.67904799618054,false,3.83,0.35879203212431027,0.008897837009590136,0.20567144150608951,0.002111382907686635,0.6115828513328084,-0.00476012297185776,0.0014072219642040167,0.35806898257774933,23.433889078155982,2.637755032463298,0.48333333333333334,0.6790019031507718,0.25622999339473107,0.46761594827275144,断板,4.362857142857143,-0.10058027079303666,478.0444486300877,6.581532416502951,0.383897333749534,0.1513388574391511,0.5517022626348065,0.2160924048642615,0.00044686004392815786,940967705.99,-6.494050651367367,2.455795677799588,1,SZSE.002374,2022-07-18,2022-07-18T09:30:00.000000,4.47,2022-07-20T11:30:00.000000,5.74,27.38843284579803,2.5,未涨停卖出
SZSE.000040,*ST旭蓝,2022-08-16,4.99,5.35,4.86,5.2,5.14,0.011673151750972943,338739716.0,1740891836.44,5.65,4.63,false,false,4.35063,31.94630985907576,77.31744124000001,5513771484.0,46.986885711999996,false,false,true,断板,断板,断板,4天4板,8.708032178941133,4.9559999999999995,4.619999999999999,-2.9182879377431807,12.554112554112576,513.932011574338,false,3.24,0.5392153261323938,0.019956219663076036,0.6110876295608839,0.006777796865685029,0.17805950914530808,0.0015926481895062313,0.007857936822309591,0.4668047327505131,26.238743581772727,2.0173610704136538,0.5833333333333334,0.9621928166351607,0.3500957995920571,0.6561443081136089,炸板,4.369999999999999,-0.026515151515151603,548.8366649791387,17.62013729977118,0.638931303505307,0.6073925707084874,0.9506198781256566,0.32724272888495737,0.006861980628440786,2463756120.04,-9.080418302781023,14.187643020594987,1,SZSE.000040,2022-08-16,2022-08-16T09:30:00.000000,4.99,2022-08-17T11:30:00.000000,5.12,1.7876390230660428,1.5,未涨停卖出
SZSE.002161,远望谷,2022-08-16,6.74,7.37,6.74,7.12,7.01,0.015691868758915817,110629024.0,784583813.22,7.71,6.31,false,false,10.6969,15.527433926459313,52.670726880000004,5072819208.96,39.4152814056,false,false,true,断板,断板,断板,2天1板,15.045657879782294,6.764,6.649999999999999,-3.851640513552063,7.067669172932356,709.2025083941805,false,4.6,0.6560446162107134,0.009609809226516617,0.8899394431212074,0.009662577428769522,0.10006344870798226,0.0014701754995927717,0.007194303209565916,0.6061976794151411,22.11660997506731,2.076923033786983,0.5833333333333334,0.9548414198697752,0.4330401823431654,0.6939408011064703,炸板,6.547142857142856,-0.015449438202247201,749.9431734458608,7.069605062186351,0.6885417157178975,0.8772174040839998,0.9520907753729775,0.4249926560628174,0.006946493563436386,1330521565.42,-10.126523733380344,2.9456687759110034,1,SZSE.002161,2022-08-16,2022-08-16T09:30:00.000000,6.74,2022-08-17T11:30:00.000000,7.18,5.679359712485374,1.5,未涨停卖出
SZSE.002471,中超控股,2022-08-17,3.66,3.78,3.48,3.58,3.83,-0.06527415143603132,320997591.0,1154916559.26,4.21,3.45,false,false,6.92807,25.351460857975898,45.3944,4532959194.02,37.4376956662,false,false,false,,未涨停,未涨停,6天4板,9.944947989267316,3.7400000000000007,3.6257142857142868,-4.438642297650128,-1.2608353033885218,359.7897902168369,true,2.54,0.7565155856107908,0.021978021978014857,0.6799458870946281,0.0069341413844839555,0.2807343206952889,0.002061260804296882,0.008481053329134014,0.5754963568780589,28.500320156552398,2.187499952148438,0.5833333333333334,0.9666176779340752,0.44507650350795064,0.7058470907210129,炸板,3.601428571428572,0.005249343832020914,386.86449033251495,6.346687822292731,0.700131762703075,0.6674504344979834,0.9655534551564797,0.43471007024967034,0.008125239316127391,1760000851.95,-5.3932296330897795,1.6263387544624974,1,SZSE.002471,2022-08-17,2022-08-17T09:30:00.000000,3.66,2022-08-18T11:30:00.000000,3.36,-8.928221540069236,1.5,未涨停卖出
SHSE.600992,贵绳股份,2022-07-22,20.18,20.99,18.68,18.68,20.75,-0.09975903614457837,38789476.0,748875279.0,22.83,18.68,false,false,1.56722,15.826625321310539,45.782812,4578281200.0,35.0437139976,false,false,true,断板,断板,断板,6天5板,11.238463285595769,19.512,18.518571428571427,-2.74698795180723,0.8717117951091643,1930.6145795833902,true,11.8,0.7415387078868936,0.029705754893027448,0.6103183370355765,0.00855313109106997,0.06983596712011944,0.0012558523097522221,0.010594472217066142,0.4744177002312028,21.968656754243653,1.5775978158675863,0.5666666666666667,0.984147114774889,0.29488634758218374,0.6395167311785364,炸板,17.832857142857144,-0.02352941176470591,2186.73506118257,16.358247216214046,0.6271107691247442,0.6062942163573122,0.9839289490378516,0.2702925892116367,0.010004604855216254,1444381849.0,-7.716301081820099,13.161900184250563,1,SHSE.600992,2022-07-22,2022-07-22T09:30:00.000000,20.18,2022-07-25T11:30:00.000000,17.57,-13.627353815659063,1.5,止损卖出
SZSE.002523,天桥起重,2022-07-22,3.76,4.21,3.75,4.03,3.89,0.03598971722365052,315688249.0,1239335509.75,4.28,3.5,false,false,7.5089,22.60213386133005,57.090624240000004,5628776695.490001,35.6172819366,false,false,true,断板,断板,断板,10天6板,15.958359576715642,3.7940000000000005,3.5799999999999996,-3.3419023136246873,12.569832402234656,392.5820849131448,false,2.55,0.5943709495585661,0.01737252135524057,0.6743087029624385,0.006694793575691309,0.03983231159031302,0.0006098424916479203,0.007004853806388145,0.4679782348700264,21.874605946188254,2.046082907444202,0.55,0.9575142675967026,0.3015091722593255,0.629511719928014,炸板,3.4757142857142855,-0.03712871287128716,423.4984622358347,11.919441019317723,0.6142082860166062,0.6744005332483645,0.9494607739479806,0.27895579808523174,0.006266887721223498,1442123254.39,-11.215734287456304,8.179202630497318,1,SZSE.002523,2022-07-22,2022-07-22T09:30:00.000000,3.76,2022-07-25T11:30:00.000000,3.79,-0.005297957107732626,1.5,未涨停卖出
SZSE.002640,跨境通,2022-10-27,4.21,4.58,4.01,4.25,4.4,-0.03409090909090917,239642336.0,1025731450.32,4.84,3.96,false,false,12.2755,15.479573792396534,66.21675652500001,6579508852.5,45.74322294,false,false,true,断板,断板,断板,8天5板,6.959292698461592,4.266000000000001,4.132857142857143,-4.318181818181826,2.834427929484971,428.02597714620845,false,2.92,0.48775861811331805,0.01601743440190854,0.481139698399333,0.004242753450865483,0.23252120098754925,0.0011886218574933356,0.005681450163062451,0.4078779331185949,25.467963778775243,2.434343375083156,0.5166666666666667,0.9667904290429042,0.27419716475448225,0.6204937968986932,断板,3.9957142857142856,0.011494252873563315,442.5592553724447,10.117983553807665,0.6027116158025517,0.456867093368149,0.9608085808580858,0.2446146507470177,0.004889792848249346,1464337178.69,-4.871495762595912,5.362888809438693,1,SZSE.002640,2022-10-27,2022-10-27T09:30:00.000000,4.21,2022-10-28T11:30:00.000000,4.49,5.801023932772471,1.5,未涨停卖出
SZSE.000631,顺发恒能,2022-07-20,4.95,5.62,4.68,5.62,5.11,0.09980430528375739,160863033.0,843191771.82,5.62,4.6,false,false,17.8993,6.61302221648105,136.7075772416,13670757724.16,45.3960210684,true,false,false,,涨停,6天5板,4天4板,2.7385515138518324,5.159999999999999,4.814285714285715,-3.1311154598825857,16.73590504451037,524.1675207131026,false,3.39,0.6247297933546757,0.02367160136365192,0.44450565214357474,0.005513877025566111,0.11410630880768949,0.0010408972398998587,0.0078035279574833975,0.3814306773850294,26.688172119787996,1.94855301669379,0.5166666666666667,0.9716641996193699,0.2367375806428076,0.6042008901310887,炸板,4.518571428571429,-0.072595281306715,554.0014537913212,13.088839709136899,0.591153706571871,0.4339571483378322,0.9551702262634807,0.22713718688026152,0.0065155119658708285,1141684993.79,-10.650053964216777,9.54789756560228,1,SZSE.000631,2022-07-20,2022-07-20T09:30:00.000000,4.95,2022-07-21T11:30:00.000000,5.75,15.23602559459134,1.5,未涨停卖出
SZSE.000837,秦川机床,2022-08-04,12.3,12.51,11.43,11.67,12.7,-0.08110236220472433,175856778.0,2084479178.93,13.97,11.43,false,false,3.99461,25.365793970821386,104.95658519700001,8090614477.2,52.9514164548,false,false,true,断板,断板,断板,5天5板,16.44718093974762,12.593999999999998,11.887142857142857,-3.1496062992125875,-1.8267035212113925,1185.3277437677154,true,7.42,0.7365428162827423,0.03072238358103506,0.3933453058279736,0.005870184921122092,0.0010051327024848762,-0.00013131356649881957,0.009040175106818413,0.3442827559812808,25.25934426210994,2.0872780629415777,0.5666666666666667,0.9736453721273456,0.2269625225017571,0.6003039473145514,断板,11.471428571428572,-0.09992912827781719,1311.4753855403926,10.709838107098374,0.5884412627839568,0.3623238678161975,0.9687895402783636,0.20809298528955011,0.00849506175600875,2368226224.98,-6.212498262544264,7.222914072229147,1,SZSE.000837,2022-08-04,2022-08-04T09:30:00.000000,12.3,2022-08-05T11:30:00.000000,10.62,-14.346516373530294,1.5,止损卖出
SZSE.000537,绿发电力,2022-07-25,13.8,14.56,12.96,13.81,14.4,-0.04097222222222219,118875222.0,1610928044.69,15.84,12.96,false,false,6.556,6.382491250889279,257.21411143200004,25721411143.2,60.38543793230001,false,false,false,,未涨停,未涨停,3天3板,3.9789892735618353,14.466000000000003,13.651428571428571,-4.166666666666664,1.161573880284643,1355.1419863510328,true,11.03,0.07304982662801345,0.004039321451734367,0.37207458525476733,0.003045315856513006,0.629291409477706,-0.0051631904542354555,0.0007815650823327399,0.38943468079629817,22.072201222493902,2.6129031575338213,0.5333333333333333,0.5708852736108176,0.2520088541259458,0.4114470638683817,断板,13.394285714285715,-0.09999999999999998,1463.5912664884365,7.508532423208187,0.37331308558547543,0.3850886259766468,0.5001056859015007,0.24652048526945014,0.00040826077997627164,645743287.11,-5.711380520122622,3.0290102389078477,1,SZSE.000537,2022-07-25,2022-07-25T09:30:00.000000,13.8,2022-07-26T11:30:00.000000,13.46,-3.240949246492296,1.5,未涨停卖出
SZSE.002512,ST达华,2022-08-10,4.63,5.25,4.63,5.25,4.77,0.10062893081761026,331794314.0,1671313685.12,5.25,4.29,false,false,6.93242,31.61784777780488,60.22246293,5509293867.0,39.6204666375,true,false,false,,涨停,5天4板,3天3板,20.137697171963183,4.754,4.492857142857145,-2.935010482180287,16.85214626391092,503.7198091104117,false,3.12,0.786920932530379,0.021843740618283123,0.7789938147925318,0.008832155555232998,0.058164153436766466,0.001069452718814437,0.009105661716917453,0.5643303399333717,20.58667056673898,1.9100345655938034,0.6,0.9747580984434161,0.3997822292444534,0.6872701638439347,断板,4.297142857142858,-0.051689860834990164,513.0647097065528,11.003989361702095,0.6858762314453062,0.8044430727640811,0.9690656565656566,0.40268680632495574,0.008187150235900675,1848200746.66,-9.757971803437282,7.746010638297851,1,SZSE.002512,2022-08-10,2022-08-10T09:30:00.000000,4.63,2022-08-11T11:30:00.000000,5.09,9.059227453038813,1.5,未涨停卖出
SZSE.002935,天奥电子,2022-09-06,24.56,25.36,24.08,24.93,25.19,-0.010321556173084612,19117624.0,472396630.59,27.71,22.67,false,false,2.60797,7.347145639270314,68.486018211,6486905115.54,35.6789372175,false,false,true,断板,断板,断板,2天2板,5.992225861432875,24.720000000000002,24.227142857142855,-2.500992457324345,2.901114452503103,2471.0007404162775,false,20.7,0.015338853623919178,0.0013142201477633645,0.11869508264844697,-0.0018642509120824025,0.4967243048559056,-0.0030427277672720942,-0.0015820997566701564,0.211432603505779,27.80283618822537,3.033398729202994,0.48333333333333334,0.28768267223382044,0.0,0.14384133611691022,断板,23.859999999999996,-0.0621742367833209,2635.0890702736747,5.574182732606897,0.11137787056367432,0.17352578622969028,0.22275574112734864,0.0,-0.0019218160607830084,861051981.45,-6.796319422139119,2.933780385582585,1,SZSE.002935,2022-09-06,2022-09-06T09:30:00.000000,24.56,2022-09-07T11:30:00.000000,24.12,-2.5740685466602455,1.5,未涨停卖出
SZSE.000670,盈方微,2022-10-26,8.03,9.0,7.94,8.63,8.34,0.03477218225419665,129022933.0,1087342450.43,9.17,7.51,false,false,10.0822,21.15660309956506,70.474941168,5262980576.56,49.0282361288,false,false,true,断板,断板,断板,3天2板,20.26724994968903,8.548,8.215714285714286,-3.7170263788968887,5.042601286732745,842.7513040879329,false,6.72,0.3666905041433638,0.008755792240130282,0.3107153543896677,0.015309829381777607,0.5632985991563103,0.015449895298120653,0.014041041728351055,0.3976853577703997,1.5790963457423957,1.204545440036157,0.31666666666666665,0.9919554455445545,0.23727802492498457,0.6146167352347696,断板,8.06,-0.10032362459546929,880.2372979528323,3.4739454094292723,0.6023867915115525,0.32858023383478363,0.9925681255161024,0.2122054575070026,0.013872647573551063,1292992723.04,-8.774599546334061,-0.3722084367245748,1,SZSE.000670,2022-10-26,2022-10-26T09:30:00.000000,8.03,2022-10-27T11:30:00.000000,8.47,4.638978333242383,1.5,未涨停卖出
SHSE.603318,水发燃气,2022-10-17,13.2,14.86,13.14,13.94,13.69,0.018261504747991264,68969434.0,963485838.0,15.06,12.32,false,false,3.03868,18.245343579873985,52.694755007,5269475500.7,35.6814103164,false,false,true,断板,断板,断板,4天2板,17.215195408717506,12.934000000000001,12.231428571428571,-3.5792549306062833,13.968698902125668,1396.9751266916298,false,7.85,0.7731603330165319,0.023066377830073235,0.5992660518110994,0.006684885595034156,0.6883548973436119,0.0041160592391282095,0.009190536135270188,0.6607715617119396,24.222792309003047,2.0468319140276554,0.6,0.9898655635987591,0.44073517227562004,0.7153003679371895,断板,11.620000000000001,0.02932330827067653,1388.2073301625642,17.814113597246113,0.7137351442789726,0.6098961200206132,0.9888314374353672,0.43863885112257806,0.00840488142865848,1119665702.0,-4.913338856565241,13.597246127366592,1,SHSE.603318,2022-10-17,2022-10-17T09:30:00.000000,13.2,2022-10-18T11:30:00.000000,13.57,1.9838826512133436,1.5,未涨停卖出
SZSE.002279,久其软件,2022-11-02,7.0,7.9,6.67,7.9,7.18,0.10027855153203347,271853434.0,1975565018.68,7.9,6.46,false,false,9.99859,39.332590806288195,59.948616276,5460210183.400001,40.137874756,true,false,false,,涨停,6天5板,4天4板,18.280038187432368,7.072,6.57,-2.506963788300832,20.24353120243531,726.7022489331513,false,4.33,0.5755643573940578,0.018132320794278126,0.42374008425651727,0.005013903806082925,0.5744028874709791,0.0028898268626203617,0.007000364120683196,0.49930377984836394,25.852603859781624,2.1577539641361643,0.5166666666666667,0.9779608650875387,0.35614905324855217,0.6670549591680455,断板,6.204285714285715,-0.031039136302294268,738.3238381574886,15.726456366566879,0.6686092501827567,0.4191541344297956,0.9705458290422245,0.3666726713232889,0.006053510918787291,2064619772.28,-5.1906543141187145,12.825236011973274,1,SZSE.002279,2022-11-02,2022-11-02T09:30:00.000000,7.0,2022-11-03T11:30:00.000000,7.16,1.4706886738759444,1.5,未涨停卖出
SZSE.002077,大港股份,2022-11-03,16.65,18.85,16.5,18.16,17.35,0.046685878962535954,161086603.0,2804731031.91,19.09,15.62,false,false,1.46978,27.75687356676315,105.3912899608,10539128996.08,51.860947184800004,false,false,true,断板,断板,断板,9天6板,24.54027947169049,17.633999999999997,17.31,-4.034582132564857,4.910456383593307,1741.1323969070227,false,11.42,0.8919359723713446,0.027246241570313346,0.12892803645467996,-0.0033038353356818454,0.6459339620712705,0.009971771692734848,0.0067888621540422005,0.43663140132299005,15.5665340267136,2.030685879340765,0.5833333333333334,0.9771369721936148,0.26197965216451025,0.6195583121790625,断板,16.84142857142857,-0.09870129870129862,1929.3168133158545,3.0197641869539638,0.610240644333065,0.11680038583123215,0.9744593202883625,0.2460219683777676,0.006635794702123358,3552988478.85,-13.700021245426353,-1.1366528119433283,1,SZSE.002077,2022-11-03,2022-11-03T09:30:00.000000,16.65,2022-11-04T11:30:00.000000,17.71,5.518825598506879,1.5,未涨停卖出
SZSE.000948,南天信息,2022-11-04,24.05,25.95,23.6,24.9,25.03,-0.005193767479025224,85595843.0,2137828575.06,27.53,22.53,false,false,2.53991,25.588752013474448,98.202031083,8329192801.5,55.79072013299999,false,false,true,断板,断板,断板,3天2板,26.07501348220532,25.159999999999997,24.307142857142857,-3.9153016380343604,2.4390243902438975,2497.584579031484,false,13.79,0.2839136936710899,0.01172650367705292,0.755147462979243,0.014050888091384398,0.6075067783282558,0.006522065438983823,0.01132736441279793,0.6166085037223162,17.815814656151026,1.691259903291972,0.5333333333333333,0.9932028836251288,0.401610016077017,0.6974064498510729,断板,23.805714285714284,-0.06324850299401186,2550.8740064661656,5.142822851656277,0.6975978052539022,0.7425585531406051,0.9929969104016478,0.4021987001061567,0.011651984636646797,2892678624.05,-5.718589240252248,1.0261641862698179,1,SZSE.000948,2022-11-04,2022-11-04T09:30:00.000000,24.05,2022-11-07T11:30:00.000000,25.8,6.42171438984188,1.5,未涨停卖出
SZSE.002279,久其软件,2022-11-04,6.86,7.55,6.86,7.34,7.12,0.030898876404494402,200197337.0,1442788558.67,7.83,6.41,false,false,9.99859,27.539506490926545,58.325356385599996,5335783537.24,39.9189205936,false,false,true,断板,断板,断板,6天5板,30.92640433668816,7.390000000000001,7.117142857142857,-3.651685393258424,3.1312725812926474,720.6831920396623,false,4.33,0.624932910642407,0.019300043331185457,0.478926825967065,0.005926646556025747,0.5721340740666321,0.0031660164325737327,0.007773136874022085,0.5360902173320035,24.473887242182244,2.1577539641361643,0.5166666666666667,0.9839340885684861,0.3744283082605327,0.6791811984145094,断板,6.864285714285714,-0.09873417721518996,731.9168930781032,3.7252861602497473,0.6702681115191058,0.4475691593306573,0.9812564366632338,0.3592797863749777,0.007385173627534627,1718177556.04,-6.273511858019565,-0.062434963579593994,1,SZSE.002279,2022-11-04,2022-11-04T09:30:00.000000,6.86,2022-11-07T11:30:00.000000,7.68,11.061294181873075,1.5,未涨停卖出
SZSE.000671,ST阳光城,2022-11-15,2.15,2.27,2.14,2.17,2.25,-0.03555555555555556,432372277.0,942452038.82,2.48,2.03,false,false,34.7216,10.662104371374719,89.846310015,8799837334.26,41.0555422207,false,false,true,断板,断板,断板,3天2板,8.438022442859637,2.0900000000000007,1.994285714285713,-4.444444444444448,8.810888252149057,217.97235598895716,false,1.61,0.20274895175765503,0.006802913685509169,0.629848826963806,-0.004562870496788816,0.3840228002112636,-0.0016083861108660204,-0.00140336834455238,0.47068104389681303,30.318744357852953,2.8295453744821817,0.4166666666666667,0.2899444787168415,0.42923526491008,0.35958987181346075,断板,1.9314285714285704,0.04651162790697683,226.65946464698027,16.49408284023675,0.3120981222975379,0.6902425605495328,0.1908287065597368,0.43336753803533906,-0.0021863015696144458,1560809041.61,-5.144044906811973,11.316568047337338,1,SZSE.000671,2022-11-15,2022-11-15T09:30:00.000000,2.15,2022-11-16T11:30:00.000000,2.09,-3.5652737885666785,1.5,未涨停卖出
SZSE.000981,山子高科,2022-11-14,2.31,2.34,2.13,2.13,2.37,-0.10126582278481022,410868753.0,893508639.02,2.61,2.13,false,false,7.53825,7.36331246574546,212.9461299144,11885281902.15,56.1721358175,false,false,true,断板,断板,断板,6天4板,1.1847359237186297,2.2359999999999998,2.1599999999999993,-2.531645569620255,-1.3888888888888598,217.4681409807769,true,1.49,0.7205824296345879,0.01851551340380296,0.19684923779189054,0.002798655576586439,0.3221259918162837,0.0016069792674732913,0.005584524249295799,0.33917890236774795,31.553689744986553,2.2333332834555564,0.4666666666666667,0.9695661114538351,0.2744771489819154,0.6220216302178753,炸板,2.1171428571428565,-0.02868852459016391,251.43398538697994,11.943319838056716,0.6163778342358381,0.16465256439910086,0.9677087618264089,0.2650469066452673,0.005356011790817187,1994691392.63,-8.126978282402897,9.109311740890714,1,SZSE.000981,2022-11-14,2022-11-14T09:30:00.000000,2.31,2022-11-15T11:30:00.000000,2.17,-6.809127127852226,1.5,未涨停卖出
SZSE.002866,传艺科技,2022-11-28,45.11,47.75,44.06,46.08,46.3,-0.004751619870410395,23083154.0,1062888938.6,50.93,41.67,false,false,1.75797,12.780352191335195,133.4118555648,8322710676.48,62.744431564799996,false,false,true,断板,断板,断板,4天2板,17.055990962314343,44.89,44.160000000000004,-2.5701943844492394,4.347826086956509,4604.608792195382,false,36.95,0.20154198265756085,0.004567459491553237,0.1527183183647445,0.0024272636371790303,0.8350876018689255,0.009429619094438036,0.004956009445231573,0.3671938362745621,16.15197629707789,2.1365914330465117,0.5,0.9601969634796882,0.3005773305752999,0.630387147027494,断板,43.290000000000006,-0.03016338500209481,4758.742815762236,6.953106953106931,0.6273622102683374,0.16762721987899018,0.9587607714402955,0.29596364909637923,0.0050031650747196284,1722393936.49,-5.206055997429515,4.204204204204198,1,SZSE.002866,2022-11-28,2022-11-28T09:30:00.000000,45.11,2022-11-29T11:30:00.000000,47.0,3.359561090596598,1.5,未涨停卖出
SHSE.601155,新城控股,2022-11-17,19.95,21.09,19.84,20.6,20.99,-0.018580276322057943,103713589.0,2123916935.0,23.09,18.89,false,false,1.58032,4.588009867515287,465.670300434,46567030043.4,153.41550043400002,false,false,false,,未涨停,未涨停,4天3板,1.3955855084473197,20.719999999999995,19.558571428571423,-4.9547403525488285,5.324665838872292,2047.8675508953797,false,13.0,0.6370736018590691,0.02424128132686572,0.3996368252956483,-0.005481965487439485,0.7156244967691836,-0.003913435964400581,0.0009332427323332278,0.5419204820503931,24.250145683094292,2.3197969005001426,0.4,0.7090610232175878,0.4070287502461686,0.5580448867318781,断板,18.72285714285714,-0.0691796008869181,2102.5447888326976,12.108957729284302,0.4928773402099025,0.463361207418719,0.5697554961988904,0.4159991842209146,-0.000011640320354821057,3477431668.0,-5.114982063825857,6.554249961849545,1,SHSE.601155,2022-11-17,2022-11-17T09:30:00.000000,19.95,2022-11-18T11:30:00.000000,20.56,2.236467663181857,1.5,未涨停卖出
SZSE.002516,旷达科技,2022-11-21,5.42,5.6,5.37,5.54,5.58,-0.007168458781361964,55740351.0,305310468.18,6.14,5.02,false,false,8.68981,5.849072902441198,81.4844629828,5279495566.06,37.194907665,false,false,false,,未涨停,未涨停,3天3板,5.408588893650024,5.912000000000001,5.668571428571428,-2.8673835125448055,-2.2681451612903145,547.7368956288058,false,4.3,0.49365072908691193,0.01130550875881454,0.02248948044977393,-0.0007673236720679482,0.00006890832249294454,0.000024012740326828416,0.0018846437378269828,0.10999555853901724,27.512455761314865,3.037914599653874,0.4,0.809484705399302,0.0,0.404742352699651,断板,5.565714285714286,-0.09999999999999998,581.3145188316155,0.2566735112936336,0.3872689938398357,0.05715634726669213,0.7745379876796714,0.0,0.0015466360563047461,654897578.03,-6.7630374879736,-2.6180698151950788,1,SZSE.002516,2022-11-21,2022-11-21T09:30:00.000000,5.42,2022-11-22T11:30:00.000000,5.7,4.328075153261505,1.5,未涨停卖出
SZSE.000597,东北制药,2022-12-23,7.79,7.9,7.2,7.2,8.0,-0.09999999999999998,133761824.0,991129616.87,8.8,7.2,false,false,4.80797,10.007208286257072,103.27077108,9623914135.2,38.682746064,false,false,false,,未涨停,未涨停,6天4板,9.41568391893356,8.078,7.748571428571428,-2.6249999999999996,-7.079646017699108,740.9659850855503,true,5.24,0.8060652721145819,0.025074053938843568,0.6496139147878546,0.007501790747526312,0.2540801146887472,0.0018758533485937214,0.009328462166109986,0.5622440462234679,25.23768443393229,2.0043103046549877,0.6333333333333333,0.9916223947691051,0.4381881970841194,0.7149052959266122,断板,7.798571428571428,-0.1001124859392577,818.2331374732587,2.582890639311236,0.7189231182490698,0.6364043690608215,0.991414554374489,0.4464316821236507,0.00952828739659423,1441846053.89,-4.794860495923259,-0.10991023997067861,1,SZSE.000597,2022-12-23,2022-12-23T09:30:00.000000,7.79,2022-12-26T11:30:00.000000,7.24,-7.8008888707046005,1.5,未涨停卖出
SZSE.002077,大港股份,2022-12-20,20.25,22.1,20.25,21.1,20.87,0.011020603737422086,101127252.0,2165249267.89,22.96,18.78,false,false,1.46978,17.425262533583847,122.45353624300002,12245353624.300001,61.375237533,false,false,false,,未涨停,未涨停,2天2板,18.21053774286142,21.704,20.942857142857143,-2.970771442261624,0.7503410641200604,2141.113522881053,false,16.46,0.7277894314866671,0.014112301591173913,0.7116637948710425,0.0084204346737628,0.5704176673072671,0.0064907027979401125,0.008979888494498217,0.6725150839250348,17.948695428344585,1.9077901066876288,0.55,0.9903885480572597,0.44566630458618284,0.7180274263217212,断板,20.56,-0.07654867256637166,2170.531658682407,1.5077821011673262,0.7154520392903443,0.7007744096305605,0.9883435582822085,0.44256052029848,0.008714870383028293,2361391282.6,-6.704885326148613,-1.5077821011673098,1,SZSE.002077,2022-12-20,2022-12-20T09:30:00.000000,20.25,2022-12-21T11:30:00.000000,20.62,1.0157886970636019,1.5,未涨停卖出
SZSE.002210,飞马国际,2022-12-20,2.62,2.67,2.49,2.51,2.74,-0.08394160583941623,200363499.0,510378679.73,3.01,2.47,false,false,10.3617,7.534025596594473,66.7969426274,6675214678.289999,40.381237147899995,false,false,true,断板,断板,断板,2天2板,10.738841350397355,2.6519999999999997,2.582857142857143,-4.379562043795624,-2.8207964601770117,254.72637595034215,true,2.27,0.5693726128562479,0.008378745027694126,0.2983610456863828,0.001541706002152645,0.24762797616047186,-0.0009384948882085435,0.0021650535401525847,0.3373434382625825,32.924883651605924,3.365591284577412,0.5,0.8006134969325154,0.3271120320364732,0.5638627644844942,断板,2.571428571428572,-0.06484641638225253,286.97037754081276,6.5555555555555385,0.5631482847265464,0.27699669926763965,0.787321063394683,0.3389755060584098,0.002170727468338367,1077426571.95,-8.701378084663636,1.8888888888888733,1,SZSE.002210,2022-12-20,2022-12-20T09:30:00.000000,2.62,2022-12-21T11:30:00.000000,2.51,-4.961832061068707,1.5,未涨停卖出
SZSE.002317,众生药业,2022-12-20,30.4,32.9,29.31,32.08,31.8,0.008805031446540879,95955467.0,2997106199.23,34.98,28.62,false,false,10.961,13.568067991957838,261.2694891808,22687470192.399998,184.950876932,false,false,true,断板,断板,断板,2天1板,9.19103579198759,32.245999999999995,31.775714285714283,-4.402515723270447,0.957604639661919,3123.4345399309036,false,26.99,0.3544629383428832,-0.009651648040497665,0.7186765240175141,0.017409960523949202,0.5942451151974454,0.009402630303382674,0.00959543974488987,0.6085043842365674,16.908496521696204,1.4038069143517249,0.6333333333333333,0.9912065439672801,0.4325295847803804,0.7118680643738302,断板,31.595714285714283,-0.0999150863288989,3318.711032196897,0.6465614685536109,0.7138263032556509,0.7345869485394423,0.9905930470347648,0.437059559476537,0.00940566850704898,4090461253.36,-8.398171142137622,-3.784419225030522,1,SZSE.002317,2022-12-20,2022-12-20T09:30:00.000000,30.4,2022-12-21T11:30:00.000000,33.82,10.36354581673307,1.5,未涨停卖出
SZSE.002579,中京电子,2022-12-20,11.93,12.7,11.54,11.59,12.25,-0.05387755102040814,141602088.0,1721767966.95,13.48,11.03,false,false,4.66495,23.929314577096616,72.0911928862,6858400371.78,39.0742875937,false,false,true,断板,断板,断板,2天2板,23.817579845022188,11.357999999999997,10.85,-2.6122448979591857,6.820276497695854,1215.9199001006257,false,8.32,0.03416461539804219,0.0021971061538770373,0.6917151507255517,0.006345245570214545,0.12447513161758875,0.0016956800089140997,0.00412074801855691,0.39003303792766086,24.19539187850357,2.294117594429067,0.5666666666666667,0.9335378323108384,0.3074157015436868,0.6204767669272626,炸板,10.59,0.016597510373443924,1254.655704091481,15.675165250236073,0.5866782548002818,0.6541533946947062,0.9006134969325154,0.2727430126680482,0.0035832326295469,2250483439.27,-4.914153252595077,12.65344664778092,1,SZSE.002579,2022-12-20,2022-12-20T09:30:00.000000,11.93,2022-12-21T11:30:00.000000,11.78,-2.0441285987650355,1.5,未涨停卖出
SZSE.002291,遥望科技,2023-01-17,15.7,15.85,14.54,14.75,16.15,-0.08668730650154788,116520564.0,1739833002.05,17.77,14.54,false,false,1.72604,13.826968119804484,134.41133734,12429900062.75,101.78261572,false,false,false,,未涨停,未涨停,4天2板,9.171031183840404,16.25,16.058571428571426,-2.786377708978324,-8.148741215194363,1493.1553215362053,true,12.68,0.5975049471000833,0.013220260643587925,0.2482599451102694,-0.0023277083813602138,0.42833262223304414,-0.001683365969068008,0.000975188147317076,0.37213074864506457,28.67051573341973,3.068515403395148,0.43333333333333335,0.7054026503567788,0.3239029651739786,0.5146528077653787,断板,15.905714285714282,-0.05940594059405957,1718.3723431886624,1.5358361774744165,0.5218857655083016,0.2597285160407857,0.7045871559633028,0.33918437505330046,0.0009325553138054225,2274607906.96,-8.634469925961351,-1.2933357283994806,1,SZSE.002291,2023-01-17,2023-01-17T09:30:00.000000,15.7,2023-01-18T11:30:00.000000,14.15,-10.590757987159625,1.5,止损卖出
SHSE.600557,康缘药业,2022-11-23,23.01,23.66,21.32,22.98,23.69,-0.029970451667370224,42768036.0,958191411.0,26.06,21.32,false,false,8.82162,7.419480900744209,134.3406093696,13246337316.960001,76.669665402,false,false,false,,未涨停,未涨停,5天3板,4.579683655445537,23.186,22.11285714285714,-2.87040945546644,3.9214419536145844,2240.4381884639265,true,13.86,0.5649923053864099,0.012245785546773209,0.812028988898982,0.011122237976662615,0.36460978225920465,0.003056579336621945,0.008927249898672534,0.6283958902045343,26.586917519241666,1.8507041911010518,0.55,0.9858403447568234,0.45109332341000585,0.7184668340834146,断板,21.74285714285714,-0.061410459587955546,2423.1010641540706,8.95532194480948,0.713217285881671,0.7937074742736532,0.9841986455981941,0.4422359261651478,0.008491815641864933,1350157268.0,-5.039041332627914,5.827858081471771,1,SHSE.600557,2022-11-23,2022-11-23T09:30:00.000000,23.01,2022-11-25T11:30:00.000000,26.1,12.525127651064585,2.5,未涨停卖出
SHSE.600571,信雅达,2022-11-23,10.92,10.99,10.32,10.32,11.47,-0.10026155187445518,35920560.0,376391156.0,12.62,10.32,false,false,11.3519,8.060434309311423,49.552370512799996,4599009990.96,36.021376404,false,false,true,断板,断板,断板,7天4板,26.974885853227754,11.542,11.469999999999999,-4.795117698343511,-10.026155187445498,1047.8432296155738,true,6.98,0.7241860486116525,0.023512009890495934,0.3459392886802002,0.0050102543470260654,0.0013179134083097,-0.00011634352697822716,0.007172626093518751,0.3182022280849235,24.77952091388926,2.16298806866474,0.5333333333333333,0.9768109993843628,0.2523871308186461,0.6145990651015044,断板,11.391428571428568,-0.09968602825745676,1178.2948551971438,0.6897416603963247,0.6087405822168802,0.3067282955253167,0.9774266365688488,0.2400545278649116,0.007177589126819289,1115992880.0,-7.323706355545923,-4.138449962377699,1,SHSE.600571,2022-11-23,2022-11-23T09:30:00.000000,10.92,2022-11-24T11:30:00.000000,10.34,-6.065846504093514,1.5,未涨停卖出
SZSE.002474,榕基软件,2022-11-23,10.14,10.22,9.59,9.59,10.65,-0.0995305164319249,130629177.0,1277162286.13,11.72,9.59,false,false,6.27882,26.236154336143407,59.668980000000005,4774837773.0199995,44.744373044700005,false,false,true,断板,断板,断板,3天2板,43.763331381379004,10.706,10.452857142857145,-4.788732394366195,-8.254749214158826,977.7006297222558,true,5.85,0.8312653330095199,0.028031704543527238,0.6497072952507399,0.010798476609755482,0.39937134955560105,0.0035135910917275886,0.012059656541101464,0.6109181190939542,19.456044433354144,1.785714253826531,0.48333333333333334,0.9922019289965114,0.42264574335589405,0.7074238361762027,断板,10.477142857142857,-0.0997464074387151,1128.2072261534404,1.6498500136351302,0.7058219382925383,0.6210390784022609,0.99240714139134,0.41923673519373655,0.01238415897672205,2504024156.85,-10.12289440325812,-3.2178892827924632,1,SZSE.002474,2022-11-23,2022-11-23T09:30:00.000000,10.14,2022-11-24T11:30:00.000000,9.19,-10.09099695890994,1.5,止损卖出
SZSE.000006,深振业A,2022-12-06,6.03,6.17,5.63,5.65,6.26,-0.09744408945686889,281183415.0,1632819257.08,6.89,5.63,false,false,71.1115,20.828477543909447,76.274720099,7627472009.900001,48.05928973700001,false,false,false,,未涨停,未涨停,4天4板,12.086036425351445,6.187999999999999,5.868571428571427,-3.6741214057507916,-3.7244401168451553,580.6954357816587,true,3.64,0.7123814778427634,0.02832315816476395,0.11551268505050853,0.0028325020164713943,0.013710197044906834,0.0003610846536560065,0.00718920803728529,0.204345697207279,27.715448858694195,1.95538053919269,0.55,0.9819635171141627,0.0,0.49098175855708137,炸板,5.688571428571428,-0.07533234859675031,709.7665044581339,10.045203415369173,0.4904693584750974,0.08254824569142485,0.9809387169501947,0.0,0.006904555597963238,2773478943.85,-15.042482814773573,6.002009040683087,1,SZSE.000006,2022-12-06,2022-12-06T09:30:00.000000,6.03,2022-12-07T11:30:00.000000,5.38,-11.49035698004004,1.5,止损卖出
SHSE.600705,中航产融,2023-02-03,5.03,5.35,4.97,5.15,5.18,-0.005791505791505669,475014243.0,2449855880.0,5.7,4.66,false,false,23.153,5.395176312024288,454.780638618,45342787889.950005,210.42433878650002,false,false,true,断板,断板,断板,9天5板,5.228153620454297,5.351999999999999,5.17,-2.8957528957528855,-0.3868471953578254,515.7436679219743,false,3.23,0.8427002218419073,0.03336225413496333,0.45952338016066135,0.006866390131876829,0.2843751338507058,0.0022482181417629726,0.010780111335459974,0.4836142746039239,26.28637514307736,2.141263894670334,0.48333333333333334,0.9971492567705151,0.38913004623387965,0.6931396515021974,断板,5.027142857142857,-0.10069444444444442,531.0741842082174,3.040636544472865,0.6816161977745581,0.435766484236999,0.996334758704948,0.3668976368441681,0.010418339874598514,3650499156.0,-5.286301809242222,0.05683432793408549,1,SHSE.600705,2023-02-03,2023-02-03T09:30:00.000000,5.03,2023-02-06T11:30:00.000000,4.76,-6.12183472867973,1.5,未涨停卖出
SZSE.000584,工智退,2023-02-15,9.41,10.14,9.3,10.13,9.75,0.03897435897435897,141663501.0,1385210307.97,10.73,8.78,false,false,4.8495,18.990280963191182,77.0829765501,7556766895.190001,56.990872081800006,false,false,true,断板,断板,断板,3天3板,0.5821499285362556,9.524,8.98,-3.4871794871794854,12.806236080178177,977.8173616999625,false,6.86,0.6101772096250396,0.015401700376852557,0.137354812710305,0.0019355949886581414,0.24248725634115517,0.0013757216926434277,0.004460854077492611,0.26345902518250697,28.374955891974754,2.528344607276548,0.45,0.9332790886899919,0.0,0.46663954434499594,炸板,8.62142857142857,-0.03846153846153855,1010.7604794471409,13.090306545153291,0.4501728696359569,0.10198578673467354,0.9003457392719137,0.0,0.0036679824239630263,1842959274.74,-6.90178146708883,9.146644573322305,1,SZSE.000584,2023-02-15,2023-02-15T09:30:00.000000,9.41,2023-02-16T11:30:00.000000,9.79,3.20926707622219,1.5,未涨停卖出
SZSE.000716,黑芝麻,2023-02-15,9.16,9.76,9.15,9.61,9.43,0.019088016967126142,148953415.0,1411967079.9,10.37,8.49,false,false,3.78652,21.403609611358863,71.498356755,6687854731.71,42.1181779124,false,false,true,断板,断板,断板,2天1板,27.90778178764025,9.041999999999998,8.772857142857143,-2.8632025450689245,9.542419801335278,947.9252824784178,false,6.18,0.02966603520618461,-0.0027951948280225307,0.7622739183734791,0.013017523792577085,0.6779027879367845,0.007761058547191458,0.008278040494841474,0.5904410026090118,16.262654299254248,1.6187050097691635,0.5666666666666667,0.9890154597233524,0.4303648060954659,0.7096901329094092,断板,8.525714285714285,-0.003171247357294016,967.9987001822161,10.606568364611267,0.7106726032145961,0.7596734469821004,0.9851535489119382,0.43619165751725403,0.007312615889041487,2205402715.81,-5.3717737608973914,7.439678284182327,1,SZSE.000716,2023-02-15,2023-02-15T09:30:00.000000,9.16,2023-02-16T11:30:00.000000,9.28,0.5027923241531549,1.5,未涨停卖出
SHSE.603281,江瀚新材,2023-02-07,57.67,61.75,57.22,60.97,59.91,0.017693206476381285,21210876.0,1266745943.0,65.9,53.92,false,false,1.0,31.816313840918433,162.5866668699,4064666686.99,40.646666869899995,false,false,false,,未涨停,未涨停,3天3板,2.3157619884211904,61.17,59.51666666666667,-3.7389417459522534,2.441893027163247,5972.152885151938,false,42.71,,,,,,,0.0,0.0,,,,0.30034616167786604,0.0,0.15017308083893302,断板,59.226,-0.10004506534474988,6099.831849024825,1.1548981866072292,0.1656485440847078,,0.3312970881694156,0.0,0.0,907442217.0,-5.456410230030107,-2.6272245297673247,1,SHSE.603281,2023-02-07,2023-02-07T09:30:00.000000,57.67,2023-02-08T11:30:00.000000,62.84,8.096554306443386,1.5,未涨停卖出
SZSE.002512,ST达华,2023-02-07,4.46,4.98,4.46,4.81,4.69,0.025586353944562656,209910169.0,1002380914.65,5.16,4.22,false,false,6.93242,20.003078685836964,55.17524698919999,5047562571.48,36.751797784,false,false,true,断板,断板,断板,2天2板,8.367193121811376,4.523999999999999,4.320000000000001,-4.904051172707898,11.342592592592553,477.52851585289324,false,3.4,0.5661127319243798,0.014814466858276549,0.07101586561522318,0.0011872232042215677,0.15001758749641678,-0.0010958355713640308,0.0032277543023568845,0.19373575544141258,33.38082268633161,2.7357512204934378,0.4666666666666667,0.9132559560171044,0.0,0.4566279780085522,炸板,4.151428571428573,-0.022916666666666585,494.5105191850923,12.973158981417724,0.42476074119323964,0.032253486924398236,0.8495214823864793,0.0,0.0022809641084342008,1569456582.83,-9.809805313147457,7.43289745354434,1,SZSE.002512,2023-02-07,2023-02-07T09:30:00.000000,4.46,2023-02-08T11:30:00.000000,4.45,-1.0192414199703328,1.5,未涨停卖出
SZSE.002354,天娱数科,2023-02-16,6.5,7.27,6.4,6.84,6.72,0.017857142857142794,480629216.0,3349846546.73,7.39,6.05,false,false,2.87403,32.706387390813006,113.173670088,10051565151.96,94.05689677199999,false,false,false,,未涨停,未涨停,9天5板,36.75000327605398,6.696,6.4785714285714295,-3.2738095238095206,5.5788313120176225,696.9710611037845,false,3.75,0.9123737514220447,0.0345205712526504,0.34597684730575445,0.006073194473241026,0.369492263719518,0.0030528276530234757,0.010856559783057636,0.46631085305314157,25.709229411004884,2.065340866434579,0.48333333333333334,0.9932913193738565,0.39734379228750305,0.6953175558306798,断板,6.375714285714286,-0.020408163265306256,689.6606873632177,5.399955187093869,0.6821611561700607,0.29376714406928545,0.9928803905614321,0.37144192177868923,0.010185649271803952,3189348290.19,-5.7507536807487885,1.9493614160878137,1,SZSE.002354,2023-02-16,2023-02-16T09:30:00.000000,6.5,2023-02-17T11:30:00.000000,6.77,3.323935029114304,1.5,未涨停卖出
SZSE.002550,千红制药,2022-12-15,7.5,7.97,7.45,7.61,7.87,-0.03303684879288438,112441350.0,864308420.0,8.66,7.08,false,false,10.0291,12.201803901972404,97.39278,7012722711.940001,60.536484904400005,false,false,false,,未涨停,未涨停,4天3板,25.435237264950356,7.99,7.711428571428572,-4.701397712833547,-1.3153019636902554,768.6748869521755,false,5.75,0.599385241925825,0.016717283477873456,0.572749661091212,0.004889643755374716,0.31326850689763164,0.0015003209653135397,0.006238374862856111,0.5002324310000604,26.647953020205563,2.3410852165110283,0.5,0.9731996726677578,0.4148786290627678,0.6940391508652628,断板,7.491428571428571,-0.0995423340961098,800.1467361228208,5.053394355453858,0.6830683460449263,0.532110254367075,0.9672533769954973,0.3988833150943554,0.005869485259412643,1263662858.73,-6.26719248594465,0.11441647597254523,1,SZSE.002550,2022-12-15,2022-12-15T09:30:00.000000,7.5,2022-12-16T11:30:00.000000,7.98,5.552191235059773,1.5,未涨停卖出
SZSE.000925,众合科技,2023-03-03,9.66,9.72,9.22,9.26,9.98,-0.07214428857715438,131798933.0,1243636801.33,10.98,8.98,false,false,3.49426,24.118826058718394,51.7741658612,5060188736.42,47.357340784200005,false,false,false,,未涨停,未涨停,2天2板,5.018545139280001,9.780000000000001,9.351428571428572,-3.206412825651305,-0.9776963030858655,943.5863955969962,false,7.0,0.5564685892400235,0.01112961632020977,0.655115025601903,0.00540242722153913,0.19659443412677755,0.00116831742035326,0.005277632100917497,0.4978295608869895,28.334667213794443,2.4732142245463975,0.5166666666666667,0.9653003246753247,0.3911785670181265,0.6782394458467256,断板,9.218571428571428,-0.044061302681992265,1018.6357572768444,8.25972415930576,0.6754932996036167,0.6194690991865466,0.9646772228989038,0.3863093763083297,0.005164323949247365,1886660625.53,-5.167279560022264,4.788470478847051,1,SZSE.000925,2023-03-03,2023-03-03T09:30:00.000000,9.66,2023-03-06T11:30:00.000000,9.25,-5.007299992576267,1.5,未涨停卖出
SHSE.600105,永鼎股份,2023-04-26,6.77,7.5,6.31,7.28,6.96,0.04597701149425282,385040305.0,2649735444.0,7.66,6.26,false,false,11.1433,27.882883212308133,102.2950698952,10053097447.12,71.61748601280001,false,false,true,断板,断板,断板,5天3板,15.295932364810835,6.928,6.578571428571429,-2.72988505747127,10.662323561346357,688.1709290148209,true,4.18,0.8226030538724629,0.02645824010275317,0.6206528708642677,0.007907849813497809,0.5999917083518692,0.004270978719399337,0.01052686654311934,0.6548445587121872,26.957940857268735,2.09444440057747,0.5666666666666667,0.9851166532582462,0.4048950247789251,0.6950058390185856,断板,6.277142857142858,-0.06702412868632712,709.8731387177634,10.878470641784244,0.6942612315754523,0.617369078896976,0.9825020112630732,0.40602045188783126,0.009812547387403503,2556835808.0,-4.630846967549984,7.851615839781512,1,SHSE.600105,2023-04-26,2023-04-26T09:30:00.000000,6.77,2023-04-28T11:30:00.000000,6.49,-4.899751069576926,2.5,未涨停卖出
SZSE.002614,奥佳华,2023-01-03,9.07,9.57,9.02,9.5,9.33,0.018220793140407254,66251060.0,620913021.24,10.26,8.4,false,false,5.11562,15.030175129048096,59.22780757,4187476623.5,36.173814050000004,false,false,false,,未涨停,未涨停,4天2板,8.838386877603552,9.661999999999997,9.452857142857141,-2.7867095391211123,0.49871542995317,937.2122064763945,false,7.72,0.3630958822409316,0.006574489080160441,0.1656261347680374,0.0013120937712466079,0.3106825368767536,0.0012516855859211913,0.00234645037743175,0.2486370048952311,27.03681916242433,3.2865670561638716,0.5666666666666667,0.9123164763458401,0.0,0.45615823817292006,断板,9.254285714285713,-0.10028929604628734,951.9937897803824,0.8181537511577831,0.45024469820554647,0.13375629459520622,0.9004893964110929,0.0,0.0020744609352514104,906736652.37,-4.726269253370042,-1.9913553565915176,1,SZSE.002614,2023-01-03,2023-01-03T09:30:00.000000,9.07,2023-01-04T11:30:00.000000,9.52,4.125065339523925,1.5,未涨停卖出
SZSE.000812,陕西金叶,2022-12-30,7.09,7.25,6.57,6.9,7.3,-0.05479452054794509,181615502.0,1248811663.89,8.03,6.57,false,false,7.36984,23.642982138224518,53.039790366000005,5300291462.7,37.127425539,false,false,false,,未涨停,未涨停,4天3板,20.648020357025864,7.295999999999999,6.9871428571428575,-2.876712328767123,-1.247188713964425,687.6129240828793,true,5.34,0.4667880966188221,0.014027177273691264,0.2802153081997076,0.002576875737040425,0.013735332720844325,-0.000273320772527242,0.004011877091500293,0.23758587323987151,27.7761157674121,2.5446153198647115,0.5166666666666667,0.9649265905383361,0.0,0.48246329526916804,断板,6.7700000000000005,-0.07828282828282829,758.1958821143146,7.828655834564244,0.479085900836564,0.261502945013195,0.958171801673128,0.0,0.0036930288323016505,1602964124.35,-6.488545147083413,4.726735598227472,1,SZSE.000812,2022-12-30,2022-12-30T09:30:00.000000,7.09,2023-01-03T11:30:00.000000,6.86,-4.014969740221059,1.5,未涨停卖出
SZSE.002640,跨境通,2023-01-06,5.51,5.65,5.16,5.33,5.69,-0.0632688927943762,300007799.0,1606860448.22,6.26,5.12,false,false,12.2755,19.378849916214165,83.04360288900001,8251478160.900001,66.37614331270001,false,false,true,断板,断板,断板,3天2板,18.740512143721595,5.604000000000001,5.398571428571429,-3.1634446397188154,-1.2701772955808404,535.6062254301596,true,3.56,0.2337785135502052,0.007353051968610646,0.4685438936817014,0.005553473553313636,0.7376635141242552,0.004733638029508704,0.005667438579231558,0.5023267037881683,17.735452397125677,1.8649424939555261,0.5,0.982059123343527,0.38065927914765235,0.6813592012455897,断板,5.311428571428571,-0.0702614379084967,609.5404939269303,7.127487896718675,0.6798021706527478,0.47265224720932814,0.9812398042414355,0.37836453706406015,0.005710625552212591,2736649835.09,-9.604036895036527,3.7385691231845097,1,SZSE.002640,2023-01-06,2023-01-06T09:30:00.000000,5.51,2023-01-09T11:30:00.000000,5.33,-4.037570227257918,1.5,未涨停卖出
SZSE.000040,*ST旭蓝,2023-01-10,4.33,4.63,4.32,4.42,4.51,-0.019955654101995512,152573109.0,676502510.91,4.96,4.06,false,false,4.35063,14.389065072831734,65.719825054,4686705761.4,39.938852855200004,false,false,true,断板,断板,断板,2天1板,12.508391854855477,4.229999999999999,4.082857142857142,-3.9911308203991065,8.257522743177072,443.3956385525316,false,3.59,0.30178366773080223,0.006590514373768374,0.010002941178694458,-0.0002743378083219416,0.0659262787975142,-0.0009880663726889681,0.0008845140587860137,0.08513608777476193,41.00386379164428,3.804687355243536,0.4,0.7586136595310907,0.0,0.37930682976554536,炸板,3.97142857142857,0.018058690744920947,467.8756786940928,13.561151079136721,0.34291539245667685,0.05893167340739251,0.6858307849133537,0.0,0.00023453300017087036,1318279807.63,-7.454048218842191,9.028776978417309,1,SZSE.000040,2023-01-10,2023-01-10T09:30:00.000000,4.33,2023-01-11T11:30:00.000000,4.49,2.868893939254535,1.5,未涨停卖出
SZSE.002292,奥飞娱乐,2023-04-17,9.06,9.52,8.75,8.8,9.33,-0.056806002143622636,215673961.0,1944591470.69,10.26,8.4,false,false,7.91335,22.113678254853824,130.125573336,8582610432.000001,70.96813838400001,false,false,true,断板,断板,断板,8天6板,13.790405552919776,9.299999999999999,8.767142857142858,-2.893890675241153,0.3747759491608284,901.6347924773357,false,5.05,0.7000189499503314,0.02648069368312654,0.5650310656037235,0.008640282982936178,0.5497005829517306,0.004189164629907314,0.010873029617065592,0.5874294976774472,20.93859996771709,1.8530973107930462,0.5,0.9865001007455169,0.3717759995394491,0.679138050142483,断板,8.430000000000001,-0.10028929604628734,973.6468307768455,10.676156583629874,0.675442144646611,0.5454708132908974,0.984882080225761,0.36600220906746095,0.010667552039202432,3013578519.24,-6.94777907538321,7.473309608540912,1,SZSE.002292,2023-04-17,2023-04-17T09:30:00.000000,9.06,2023-04-18T11:30:00.000000,8.93,-2.2202580406849504,1.5,未涨停卖出
SHSE.600446,金证股份,2023-04-27,18.09,19.93,17.11,17.75,18.84,-0.05785562632696395,118075268.0,2186436529.0,20.72,16.96,false,false,16.5616,12.550317264550856,166.9946633875,16699466338.75,113.7915745075,false,false,true,断板,断板,断板,2天1板,14.720715471582006,17.871999999999996,17.735714285714288,-3.9808917197452227,0.08054772452677181,1851.731159314413,true,12.48,0.7427304227252854,0.012305647075066872,0.6767728820277314,0.005771159289280822,0.7162976265121327,0.003870668843160312,0.006507909712601879,0.7018218135125627,27.23075905604482,2.6751677136696745,0.5166666666666667,0.9672164119066774,0.4398324685517183,0.7035244402291978,断板,17.55,-0.006329113924050667,1925.8034689375834,7.350427350427345,0.701169158910695,0.6410630585247054,0.9641995172968625,0.4381388005245276,0.006512992994784274,3219797039.0,-6.065181147587239,3.076923076923066,1,SHSE.600446,2023-04-27,2023-04-27T09:30:00.000000,18.09,2023-04-28T11:30:00.000000,18.65,2.2741537993961076,1.5,未涨停卖出
SHSE.603019,中科曙光,2023-04-27,51.0,52.5,48.11,48.11,53.45,-0.09990645463049586,212393075.0,10547578998.0,58.8,48.11,false,false,4.01714,14.640437931999282,704.3371228914,69794570939.14,535.2051285434,false,false,true,断板,断板,断板,6天3板,12.547122051206788,53.696000000000005,53.27571428571429,-4.583723105706273,-9.696189633443277,4966.065394552059,true,31.03,0.7318282799438237,0.021078409080842193,0.8553329377851853,0.011928078806938181,0.7117153969041672,0.006994988870781445,0.012278217880871963,0.7875467439526075,19.938619094996497,1.702206907109754,0.5833333333333334,0.9897425583266292,0.43657167600335584,0.7131571171649925,断板,53.24285714285715,-0.10001683785149007,5567.976280634136,0.38905285752615737,0.7150630493044433,0.8544078533586279,0.9901448109412712,0.4399812876676155,0.012474426375604888,10308148944.0,-8.404782223332996,-4.212503353903951,1,SHSE.603019,2023-04-27,2023-04-27T09:30:00.000000,51.0,2023-04-28T11:30:00.000000,50.4,-1.963909069603937,1.5,未涨停卖出
SZSE.002366,融发核电,2023-05-30,6.54,7.38,6.53,7.38,6.71,0.09985096870342769,131511333.0,940219233.46,7.38,6.04,false,false,2.33033,14.652351847651419,153.573197832,6623876136.96,54.1145435724,true,false,false,,涨停,8天5板,5天4板,10.754686308898018,7.299999999999999,6.99,-2.533532041728762,5.579399141630897,714.9339999922288,false,4.83,0.6701765924376395,0.02406589589639174,0.3678365605444503,0.00458939499192772,0.07890091737563137,0.0007758939455800689,0.007340644858916228,0.3416238739724424,28.509328570068103,2.217391255179585,0.4666666666666667,0.9837805366439728,0.2080629444904937,0.5959217405672332,断板,6.704285714285715,-0.08955223880597019,688.1173346624853,0.08523332623055054,0.48958750500600723,0.3272831777174275,0.9791750100120145,0.0,0.006431832261253663,964006571.01,-4.958069350079586,-2.4504581291284966,1,SZSE.002366,2023-05-30,2023-05-30T09:30:00.000000,6.54,2023-05-31T11:30:00.000000,6.89,4.512226324061559,1.5,未涨停卖出
SZSE.002761,浙江建投,2023-05-30,17.64,18.03,17.02,17.27,18.2,-0.05109890109890114,69693080.0,1215373277.7,20.02,16.38,false,false,3.06386,6.44506572251425,186.7474349246,18674743492.46,58.973494279700006,false,false,true,断板,断板,断板,2天2板,3.9801726653439924,16.951999999999998,16.44,-3.07692307692307,5.048661800486607,1743.8937663538475,false,14.88,0.009247853722067946,-0.0009441815215359113,0.8142987618951324,-0.005557546912463962,0.785081464844391,-0.0030329631111786297,-0.0038774986938927523,0.6445233911452971,37.762918626827144,2.8393077067751573,0.35,0.08650380456547857,0.4744139379127285,0.2804588712391035,断板,16.15571428571429,0.009988901220865598,1868.0879166399031,12.653638694844785,0.27970598966727556,0.841501858524467,0.06728073688426112,0.49213124245028994,-0.004227513018950668,2124237591.17,-5.5718960394071875,9.187372888849566,1,SZSE.002761,2023-05-30,2023-05-30T09:30:00.000000,17.64,2023-05-31T11:30:00.000000,16.82,-5.4082987776784055,1.5,未涨停卖出
SHSE.603662,柯力传感,2023-06-01,26.15,27.5,26.15,26.99,26.98,0.0003706449221645425,30308202.0,815644634.0,29.68,24.28,false,false,2.45446,10.792371272987245,76.3812390108,7579598137.32,35.580315123,false,false,false,,未涨停,未涨停,8天5板,15.369413982703577,27.74,27.354285714285712,-3.0763528539659077,-1.3317317735533722,2691.1680013218865,false,17.07,0.8161226815677763,0.030622912650163963,0.34423973401812996,0.005303593066732481,0.38048792364539885,0.002398166128836495,0.009495828902049981,0.4494907804162399,28.31278883757217,2.241454495213362,0.5333333333333333,0.9869895916733387,0.2932291302363304,0.6401093609548345,断板,26.95,-0.04190340909090906,2820.284846479025,0.11131725417440125,0.6302363873022347,0.3003197352876766,0.9877853424108931,0.27268743219357644,0.009118954524141801,1224710838.0,-7.278869250930886,-2.9684601113172615,1,SHSE.603662,2023-06-01,2023-06-01T09:30:00.000000,26.15,2023-06-02T11:30:00.000000,25.21,-4.362816420741505,1.5,未涨停卖出
SHSE.603662,柯力传感,2023-05-24,23.0,26.58,22.61,26.58,24.16,0.1001655629139071,45922567.0,1108090436.0,26.58,21.74,false,false,2.45446,16.352451157367636,75.2209460136,7464457891.44,35.039821266,true,false,false,,涨停,5天4板,3天3板,9.592471600397339,23.148000000000003,21.562857142857144,-4.801324503311259,23.26752351927917,2412.954040657178,false,17.07,0.5104448788644834,0.016870270105939805,0.0579850065195154,0.001171848786265886,0.4050336030961498,0.0016237146611260873,0.00444709281265873,0.2525915599614993,30.78838377162413,2.794952603270411,0.5166666666666667,0.9575320512820513,0.0,0.47876602564102566,断板,20.284285714285716,0.01683501683501687,2460.0950878553185,19.10697936474399,0.456621919455019,0.014755307401244493,0.913243838910038,0.0,0.003005703429388439,1207778960.0,-6.507678855409105,13.388266779350655,1,SHSE.603662,2023-05-24,2023-05-24T09:30:00.000000,23.0,2023-05-25T15:00:00.000000,26.96,16.283388186384894,2.0,未涨停卖出
SHSE.601595,上海电影,2023-06-09,34.0,36.47,33.7,34.99,35.64,-0.01823793490460157,30115031.0,1058825957.0,39.2,32.08,false,false,1.25896,6.719105533244088,156.82518000000002,15682518000.0,42.0777850398,false,false,true,断板,断板,断板,3天2板,6.254128960285587,36.182,34.71857142857142,-4.601571268237937,0.7817964860305542,3515.938459435755,false,26.88,0.30798044982886735,0.009298769718427597,0.5842019582822682,0.012062496312896335,0.7718178020175249,0.013458085533750271,0.011928427760258768,0.585242409712165,16.30705596183209,1.4161926865348156,0.6333333333333333,0.9902058764741155,0.3545586571337084,0.6723822668039119,断板,33.91285714285714,-0.09999999999999998,3760.7097560004945,5.092885125742454,0.6701766469960878,0.6009728584772159,0.9906018796240752,0.34975141436810037,0.011874746309118502,1412727355.0,-9.591534029579263,0.2569611188339982,1,SHSE.601595,2023-06-09,2023-06-09T09:30:00.000000,34.0,2023-06-12T11:30:00.000000,34.56,0.8371220998359497,1.5,未涨停卖出
SHSE.601949,中国出版,2023-06-09,14.01,15.3,14.0,14.77,14.48,0.0200276243093922,130999147.0,1939602292.0,15.93,13.03,false,false,1.11109,7.187881865569273,269.18325,26918325000.0,55.0201167803,false,false,false,,未涨停,未涨停,4天3板,9.085221838134432,14.902000000000001,14.334285714285715,-3.245856353591164,3.0396651385289966,1480.6220776384139,false,8.58,0.1651352409964002,0.00707151613283593,0.8111622825898887,0.01834059151996158,0.7108521828270271,0.010935106765019065,0.013865131016053696,0.6518638443423325,18.011887111672724,1.4947368197628812,0.55,0.992004797121727,0.3908272836176517,0.6914160403696893,断板,13.938571428571427,-0.10006215040397759,1480.2936490696086,3.8843906938608344,0.6854375005680682,0.8052454705973504,0.9926014797040592,0.3782735214320772,0.013098431339299483,1663129425.0,-5.356616176759665,0.5124525981346828,1,SHSE.601949,2023-06-09,2023-06-09T09:30:00.000000,14.01,2023-06-12T11:30:00.000000,13.96,-1.1508569576085286,1.5,未涨停卖出
SZSE.000158,常山北明,2023-03-30,8.89,8.97,8.5,8.5,9.15,-0.0710382513661203,252406136.0,2203495821.46,10.07,8.24,false,false,2.86082,15.962686632029776,135.882421285,13440420184.0,81.903216335,false,false,false,,未涨停,未涨停,2天2板,7.256630106408881,9.017999999999999,8.615714285714287,-2.841530054644806,-1.3430608522633158,872.9961388339624,false,6.2,0.6654112392962845,0.01799343581927568,0.6907748898822635,0.006456705146329176,0.3081142674370898,0.0018295597331543546,0.007375907656966031,0.5709039730315156,31.126425285500346,2.180084698235018,0.55,0.9765419615773508,0.3836499018300757,0.6800959317037133,断板,8.414285714285715,-0.04588112617309692,963.9728312914287,8.743633276740239,0.6772172506928883,0.6760466001658805,0.9753286147623863,0.3791058866233903,0.007199287014189903,3068794957.49,-7.777483852007327,5.653650254668929,1,SZSE.000158,2023-03-30,2023-03-30T09:30:00.000000,8.89,2023-03-31T11:30:00.000000,8.79,-1.9127091185315088,1.5,未涨停卖出
SHSE.600757,长江传媒,2023-05-10,10.95,11.78,10.5,10.76,11.42,-0.05779334500875655,139060799.0,1547439646.0,12.56,10.28,false,false,7.54923,11.45950811552947,130.5887693748,13057228828.28,56.543038192,false,false,true,断板,断板,断板,5天5板,6.717645579743918,11.379999999999999,10.73,-4.115586690017519,0.27958993476234256,1112.7791995499751,false,6.36,0.7759131045577463,0.032846156365830034,0.6005899808822285,0.009775200083382729,0.5036600751253728,0.0041752124639181315,0.012709395054032811,0.6065756338902754,26.586546363831214,1.8285302259307659,0.5833333333333334,0.9907574844283705,0.3698984616404503,0.6803279730344104,断板,10.31857142857143,-0.1000788022064617,1200.712803436085,10.674235082375734,0.6741876570671651,0.5789072010718039,0.9889447236180905,0.35943059051623977,0.012327488924357519,1912644746.0,-8.80417058380376,6.119340994046785,1,SHSE.600757,2023-05-10,2023-05-10T09:30:00.000000,10.95,2023-05-11T11:30:00.000000,11.11,0.6527315395950456,1.5,未涨停卖出
SHSE.603018,华设集团,2023-05-10,11.02,11.6,10.62,10.86,11.4,-0.047368421052631615,69537361.0,768344060.0,12.54,10.26,false,false,7.20545,10.400116955952047,74.25861138719999,7261223538.719999,67.6246709184,false,false,true,断板,断板,断板,2天2板,16.32136110505852,10.814,10.385714285714286,-3.33333333333334,4.566712517193938,1104.9370424051613,false,8.57,0.49549716401524724,0.01086039670725878,0.5595864002895338,0.003769270854907742,0.4814562632918351,0.0018204816809146616,0.004602859273180025,0.5233295119353669,33.330051969142424,2.824073994320133,0.5,0.9497689371107093,0.35588232856885055,0.6528256328397799,断板,10.08,-0.019776440240756754,1166.4740699424792,13.095238095238098,0.6378266981679634,0.5477033234134746,0.9390954773869347,0.3365579189489923,0.004171832189089649,1294285357.0,-5.527261308574016,9.325396825396815,1,SHSE.603018,2023-05-10,2023-05-10T09:30:00.000000,11.02,2023-05-11T11:30:00.000000,10.72,-3.4974439808822804,1.5,未涨停卖出
SZSE.000928,中钢国际,2023-05-10,10.92,11.21,10.12,10.39,11.24,-0.07562277580071175,139313374.0,1478859179.0,12.36,10.12,false,false,2.31572,10.874871989264864,133.1043157961,13310188453.61,60.57948660660001,false,false,true,断板,断板,断板,3天2板,9.149339818248093,10.502,9.967142857142859,-2.8469750889679744,4.242511107926031,1061.5342493966157,true,7.38,0.5602271548289078,0.013312296371128404,0.5278492718864096,0.0045573771169575665,0.7800434587261122,0.004277501244042643,0.006224398205917257,0.60998310452682,28.0117354597445,2.342307637443641,0.45,0.969258589511754,0.3846309336593954,0.6769447615855747,炸板,9.66,0.015356820234869062,1146.3282814508693,16.35610766045549,0.6750569950997604,0.517254441644842,0.9678391959798995,0.38227479421962124,0.006142780994561349,1922204896.98,-4.739330114241602,13.043478260869556,1,SZSE.000928,2023-05-10,2023-05-10T09:30:00.000000,10.92,2023-05-11T11:30:00.000000,10.13,-7.9736001050742145,1.5,未涨停卖出
SZSE.002292,奥飞娱乐,2023-05-10,10.26,10.87,9.9,10.23,10.58,-0.03308128544423439,123547334.0,1278350952.88,11.64,9.52,false,false,7.91335,12.667667346828962,151.27097900310002,9977284627.2,82.50046087140001,false,false,false,,未涨停,未涨停,2天2板,15.875806359796336,10.687999999999999,10.191428571428572,-3.0245746691871482,0.37846930193439554,1034.70541329528,false,6.0,0.41471254247670286,0.010250282809342192,0.796031881210126,0.013927873831922207,0.6397374919477069,0.006669622956945827,0.01101488036491329,0.6728796966847157,18.38827258203369,1.7245336861852298,0.5,0.9885473176612417,0.39278705671342756,0.6906671871873347,断板,10.097142857142858,-0.052820053715308846,1101.2548933768442,4.782116581777016,0.6904278092438153,0.7794977895387959,0.9877386934673367,0.39311692502029394,0.011369894912217487,1660029093.39,-6.833558137125317,1.6129032258064502,1,SZSE.002292,2023-05-10,2023-05-10T09:30:00.000000,10.26,2023-05-11T15:00:00.000000,10.77,4.134339833647854,2.0,未涨停卖出
SZSE.002401,中远海科,2023-05-10,25.71,27.09,24.81,25.49,26.51,-0.0384760467748021,39858862.0,1034471677.31,29.16,23.86,false,false,7.20824,10.833544332100548,94.798472344,9378300962.59,47.3951860659,false,false,true,断板,断板,断板,2天2板,11.309531159384791,25.288,24.24142857142857,-3.0177291588079997,5.150568684070947,2595.3367090861752,false,17.02,0.09555378499737573,-0.004108107843787726,0.7342274656797688,0.009164594729500253,0.8267417763708593,0.007560188871680341,0.006028732457496684,0.6342470227506174,21.066663746611326,2.0938627720418626,0.45,0.9684548925055254,0.37944958622289826,0.6739522393642119,断板,23.59857142857143,-0.025725836089672938,2753.2681266845325,12.337308553786555,0.669049904748841,0.7217762365044378,0.9664321608040201,0.37166764869366187,0.006043954417965026,1488433736.95,-6.6200645305119155,8.947272837338826,1,SZSE.002401,2023-05-10,2023-05-10T09:30:00.000000,25.71,2023-05-11T11:30:00.000000,23.68,-8.6296587279819,1.5,未涨停卖出
SZSE.002423,中粮资本,2023-05-10,8.72,9.25,8.72,8.9,9.12,-0.024122807017543768,118913300.0,1062383000.04,10.03,8.21,false,false,1.05508,5.160931048048872,205.06539617500002,20506539617.5,45.571620876000004,false,false,false,,未涨停,未涨停,2天2板,2.2636878737642046,8.936000000000002,8.471428571428572,-4.385964912280686,5.059021922428333,893.4097363709526,false,7.0,0.46910288947052936,0.011271880437618695,0.0709408352648329,0.0009601482966901475,0.1849787990437122,0.00092526265810266,0.0030120290332996107,0.18478463523963598,38.24173470840675,3.2151897700432657,0.4666666666666667,0.9107896323086196,0.0,0.4553948161543098,断板,8.208571428571428,-0.03184713375796189,955.8805198519227,11.103376261747298,0.4478391959798995,0.04115967262910176,0.895678391959799,0.0,0.002623626204790585,1844640868.42,-8.775209674208739,6.230421162547861,1,SZSE.002423,2023-05-10,2023-05-10T09:30:00.000000,8.72,2023-05-11T11:30:00.000000,8.55,-2.730819839906437,1.5,未涨停卖出
SHSE.601061,中信金属,2023-05-12,9.51,10.15,9.36,9.65,9.95,-0.03015075376884413,95138961.0,930920274.0,10.95,8.96,false,false,1.0,19.571262477780362,472.85,4691015588.25,46.9101558825,false,false,false,,未涨停,未涨停,2天2板,29.558583600705433,10.203999999999999,9.735714285714286,-4.422110552763814,-0.8804108584005839,978.4848018258261,false,7.66,0.031914533428349795,0.0033045823042853377,,,,,0.0006609164608570676,0.006382906685669959,,,,0.7760594496886926,0.0,0.3880297248443463,断板,9.502857142857142,-0.09954751131221728,1018.0596247820407,4.70535177390259,0.3622940940136601,,0.7245881880273202,0.0,0.00010786704516786103,1380329983.0,-6.587003663601509,0.07516536380036687,1,SHSE.601061,2023-05-12,2023-05-12T09:30:00.000000,9.51,2023-05-15T11:30:00.000000,10.23,6.713838651702342,1.5,未涨停卖出
SZSE.000617,中油资本,2023-05-12,8.52,9.07,8.38,8.47,8.9,-0.04831460674157295,457463296.0,3971754745.44,9.79,8.01,false,false,7.5098,3.618576447286278,1070.7840979913,107078409799.13,137.37792194280001,false,false,true,断板,断板,断板,3天2板,5.2411169741900645,9.076,8.772857142857145,-4.269662921348323,-3.452206481029164,868.2127681430425,false,6.3,0.36218865513770715,0.010267256808855279,0.748177815723148,0.006514782292659719,0.42850576795934436,0.002792403712609699,0.006148563621883825,0.5750783692769188,23.279915380326006,2.366028652153054,0.5333333333333333,0.9704759991966259,0.35169194428450434,0.6610839717405651,断板,8.610000000000001,-0.1001011122345804,916.0227333201624,3.368176538908236,0.6553951797276653,0.7335333755705613,0.9686621132985135,0.3421282461568171,0.006001156836999531,5181716882.16,-6.989207908422679,-1.0452961672474004,1,SZSE.000617,2023-05-12,2023-05-12T09:30:00.000000,8.52,2023-05-15T11:30:00.000000,8.11,-5.570675046293696,1.5,未涨停卖出
SZSE.000681,视觉中国,2023-05-12,19.94,20.44,18.68,18.68,20.76,-0.10019267822736044,125481501.0,2423729521.76,22.84,18.68,false,false,5.05972,18.66096914694015,130.8678650448,12560946970.24,83.4174096812,false,false,true,断板,断板,断板,2天1板,28.365440394912543,19.732,19.032857142857143,-3.949903660886321,-1.8539368010207928,1931.543297174936,true,15.02,0.14041026409062188,0.004596246647013799,0.4433064119243877,0.003070573365032692,0.7092980075340121,0.003806495781449973,0.003596484746354098,0.4625246610405218,21.732693791151203,2.7481571726335674,0.48333333333333334,0.9295039164490861,0.2746967593765532,0.6021003379128197,断板,18.722857142857144,-0.03171641791044777,2146.7572338259515,10.880512742255457,0.5938274343977042,0.40496098794912155,0.9262756126958618,0.26137925609954676,0.0035417708701510186,3825865537.33,-7.1157199994014935,6.500839310239592,1,SZSE.000681,2023-05-12,2023-05-12T09:30:00.000000,19.94,2023-05-15T11:30:00.000000,17.06,-15.125056444233106,1.5,止损卖出
SZSE.002281,光迅科技,2023-06-26,38.53,39.1,36.0,36.33,40.0,-0.09175,86225588.0,3201719412.88,44.0,36.0,false,false,3.31789,12.664986933891246,291.7731152616,24734140101.3,139.06068286529998,false,false,true,断板,断板,断板,5天4板,11.865137238048085,39.54799999999999,37.81,-3.674999999999997,-3.914308384025401,3713.1894222397186,true,22.07,0.6846883482610888,0.02495453848873814,0.23093201046670603,0.004324043393589997,0.7212886174554876,0.005526672527366154,0.008810931152752473,0.46879026012221703,19.09766800516777,1.9883564315794777,0.5,0.9862357869539198,0.30078505755323953,0.6435104222535797,断板,36.75857142857143,-0.09828674481514876,4161.283923696558,8.81815708678248,0.6355947226969997,0.1994480704936389,0.9842441164738731,0.2869453289201262,0.008615867694971503,4251359824.54,-7.40838475214407,4.819089813843225,1,SZSE.002281,2023-06-26,2023-06-26T09:30:00.000000,38.53,2023-06-27T11:30:00.000000,35.97,-7.388044499913667,1.5,未涨停卖出
SZSE.002536,飞龙股份,2023-06-26,14.12,15.5,14.12,15.1,14.6,0.03424657534246567,83158673.0,1247325198.04,16.06,13.14,false,false,5.41535,17.651165220913544,75.607483914,7113955065.2,41.688958065,false,false,false,,未涨停,未涨停,7天5板,23.623491734168738,14.910000000000002,14.655714285714286,-3.2876712328767157,3.0314845501510845,1499.933985286177,false,10.1,0.8045016013334113,0.023879951817525846,0.39209509245667057,0.004670387114764791,0.6513514437787002,0.0037777336555732716,0.008244504017559547,0.5523532996286276,24.381784073008177,2.5007898268759825,0.5,0.9840414921204867,0.37614789912664043,0.6800946956235636,断板,14.498571428571429,-0.002050580997949525,1494.2337483244776,0.699576312937229,0.6715936338931979,0.37125789760456174,0.9804547267650578,0.36273254102133806,0.0078486410892055,1299221361.6,-5.5034059039751,-2.611094689131943,1,SZSE.002536,2023-06-26,2023-06-26T09:30:00.000000,14.12,2023-06-27T11:30:00.000000,14.36,0.8893604054038764,1.5,未涨停卖出
SZSE.002897,意华股份,2023-06-16,48.26,49.52,47.0,48.08,49.55,-0.02966700302724523,20454659.0,982053765.66,54.51,44.6,false,false,1.63935,12.945955409145782,82.0590976,7596658366.559999,40.2872359104,false,false,false,,未涨停,未涨停,3天2板,12.570342709677753,49.721999999999994,48.42714285714285,-2.6034308779011086,-0.7168353048762334,4801.125091647825,false,34.6,0.679977049359285,0.016350959774476276,0.09454977402403303,-0.0019164161491170783,0.6409391900814668,-0.0037228990973385886,0.0011951141511351397,0.3755520539083136,29.84836320792832,2.784424883790047,0.4166666666666667,0.7970840822848013,0.2712254606825677,0.5341547714836845,断板,47.40428571428571,-0.04729859642376466,5080.246091691733,4.526414127715996,0.523476353922738,0.13854287411754732,0.764482620854974,0.2824700869905019,0.0008707193434443895,1074638172.44,-5.004601885478133,1.805141186752257,1,SZSE.002897,2023-06-16,2023-06-16T09:30:00.000000,48.26,2023-06-19T11:30:00.000000,47.98,-1.3723803501287044,1.5,未涨停卖出
SHSE.603322,超讯科技,2023-06-20,39.3,41.34,37.17,38.8,41.3,-0.060532687651331685,44076354.0,1701461456.0,45.43,37.17,false,false,1.97312,28.144590619413556,61.194972,6076345392.0,40.9616256,false,false,false,,未涨停,未涨停,2天2板,17.35493705128078,41.738,39.82714285714286,-4.842615012106538,-2.57900211628826,3860.2590767829843,true,28.4,0.7307718204411032,0.019339975895258713,0.7976879898488394,0.013600846049088863,0.7339611253627096,0.008558035447347925,0.013235828837800551,0.7651866966214532,17.417142610786335,1.5679294332866451,0.5333333333333333,0.9926162442626222,0.43654526519160886,0.7145807547271155,断板,39.182857142857145,-0.10002179123992161,4364.205926551126,5.403237567449309,0.7106099242279988,0.7985828535761779,0.9918147334797365,0.4294051149762612,0.012935437830192742,1825270212.0,-9.949253858748685,0.2989645617616832,1,SHSE.603322,2023-06-20,2023-06-20T09:30:00.000000,39.3,2023-06-21T11:30:00.000000,39.88,0.6672546455399733,1.5,未涨停卖出
SZSE.002031,巨轮智能,2023-07-05,4.43,4.49,4.18,4.19,4.64,-0.0969827586206895,668022984.0,2890586577.62,5.1,4.18,false,false,14.928,34.54432937268696,92.15467857300001,8102679524.510001,71.78677063580001,false,false,false,,未涨停,未涨停,2天2板,11.475946476745696,4.43,4.21,-4.525862068965517,-0.4750593824227927,432.7076533073299,true,2.89,0.8475950541451331,0.027110389610379627,0.36144420376055447,0.0049104963988064335,0.04656548115918479,-0.0006944856629813737,0.007668980422584731,0.3642107570570593,26.878211781091217,2.126582233257492,0.5166666666666667,0.9824666268180913,0.241487852642939,0.6119772397305151,断板,4.105714285714286,-0.027253668763102756,481.95668717456664,13.013221990257467,0.6045326914295027,0.31277135047812077,0.9800796812749004,0.22898570158410506,0.007238307243140811,3574538928.68,-8.083026589577425,7.898399443284609,1,SZSE.002031,2023-07-05,2023-07-05T09:30:00.000000,4.43,2023-07-06T11:30:00.000000,4.42,-1.020747708938486,1.5,未涨停卖出
SZSE.002079,苏州固锝,2023-06-27,13.82,14.81,13.58,14.01,14.53,-0.03578802477632481,100494024.0,1409293368.32,15.98,13.08,false,false,4.9744,12.58834381496782,113.1849149016,11184324935.31,84.3103679466,false,false,false,,未涨停,未涨停,2天2板,6.751223040660623,14.303999999999998,13.687142857142858,-4.886441844459732,2.3588351946560846,1402.3653469384408,false,11.37,0.29050174454681305,0.007073920380312282,0.43343037524638917,-0.003940980303191859,0.40298039667069063,-0.0016662296557223611,-0.0010555749722501815,0.39570965553376436,32.70923247005047,3.0412925466436334,0.5166666666666667,0.44628263902730714,0.32276813646166364,0.3845253877444854,断板,13.395714285714288,-0.02352150537634423,1509.9703354223996,8.46752692758876,0.3455628049479137,0.4866571648391241,0.36345501695591464,0.32767059293991274,-0.0015002867890578572,2134336938.64,-8.475023145842208,3.1673243041484334,1,SZSE.002079,2023-06-27,2023-06-27T09:30:00.000000,13.82,2023-06-28T11:30:00.000000,13.39,-3.883453162746997,1.5,未涨停卖出
SZSE.000837,秦川机床,2023-06-30,15.45,16.48,15.4,16.28,15.97,0.019411396368190337,107539093.0,1730310152.77,17.57,14.37,false,false,3.99461,15.511568606397422,146.417584148,11286649844.800001,73.8688140432,false,false,false,,未涨停,未涨停,4天2板,13.765499799533568,16.026,15.64,-3.256105197244842,4.092071611253201,1609.0057155029194,false,11.24,0.8292514923457094,0.021581862768484342,0.48075428539948545,0.004953244125397039,0.4907257462889241,0.0023099358220938656,0.007485975363023548,0.5534451650555618,28.29540678651358,2.240648328847319,0.5833333333333334,0.9800717417297728,0.3772427713505251,0.678657256540149,断板,15.164285714285715,-0.04313960455362498,1654.2953406720158,5.313235986811119,0.672077302897752,0.46165423250706333,0.9780745465417581,0.36608005925374604,0.00691196302087517,2433562724.42,-6.606761077354994,1.8841262364578393,1,SZSE.000837,2023-06-30,2023-06-30T09:30:00.000000,15.45,2023-07-03T11:30:00.000000,15.73,1.0010443662244406,1.5,未涨停卖出
SZSE.002400,省广集团,2023-07-24,6.01,6.68,5.93,6.4,6.24,0.025641025641025772,388948741.0,2491226751.31,6.86,5.62,false,false,18.6887,23.053061768836802,111.573576192,10798010118.400002,86.60825331200002,false,false,true,断板,断板,断板,6天4板,19.485234299000304,6.162000000000001,6.035714285714286,-3.685897435897443,6.03550295857989,640.5025877972954,false,4.6,0.6883777654146632,0.017487611685117564,0.017998348525016045,-0.0007079217728831347,0.008783624341484641,0.00023500699785669482,0.003214063549938954,0.14930981464788606,26.857506145307067,2.9574467210457236,0.4666666666666667,0.9446766169154229,0.0,0.47233830845771146,断板,5.854285714285715,-0.06024096385542166,650.5275098004502,6.5885797950219525,0.4525184152896675,0.058125460717530573,0.905036830579335,0.0,0.002507968897580419,3110505426.21,-7.613438179677101,2.659834065397737,1,SZSE.002400,2023-07-24,2023-07-24T09:30:00.000000,6.01,2023-07-25T11:30:00.000000,6.37,5.145474673684641,1.5,未涨停卖出
SZSE.000982,中银绒业,2023-08-21,1.97,2.01,1.85,1.87,2.05,-0.08780487804878034,531959794.0,1019971664.62,2.26,1.85,false,false,16.8664,12.481819334172144,79.6971008911,7969710089.110001,59.190176645600005,false,false,true,断板,断板,断板,2天2板,7.795869000165641,1.89,1.8157142857142858,-3.902439024390237,2.989771833202202,191.73848778127768,true,1.52,0.24953071226057286,0.005911031180253757,0.45159353206779534,0.0027334035509416917,0.05106749097338429,-0.0003986987135843558,0.0024292983974462906,0.2910231557780275,35.30638662378634,3.05555546219136,0.4166666666666667,0.9478588421887391,0.0,0.47392942109436953,断板,1.785714285714286,0.014851485148514865,209.5965584503236,14.799999999999969,0.4677835051546392,0.41781395905621793,0.9355670103092784,0.0,0.002279732992156229,1877464995.36,-6.00990710127004,10.319999999999974,1,SZSE.000982,2023-08-21,2023-08-21T09:30:00.000000,1.97,2023-08-22T11:30:00.000000,1.82,-8.35035492547576,1.5,未涨停卖出
SZSE.002235,安妮股份,2023-08-21,8.0,9.03,7.73,8.56,8.39,0.020262216924910703,182325535.0,1535111948.45,9.23,7.55,false,false,4.57554,33.256703085669976,49.6113875104,4692908300.56,38.771997326400005,false,false,false,,未涨停,未涨停,3天2板,23.57175145970779,8.282,7.958571428571427,-4.648390941597146,7.556991563453623,841.962124751204,false,6.27,0.8142918552885627,0.01691307866077637,0.0768920071327532,0.0012821926664385763,0.3866943643074012,-0.0019886438803616976,0.003427118901266053,0.3173126839163095,32.25515928825418,3.1770832323947507,0.48333333333333334,0.96847739888977,0.2379333027086528,0.6032053507992114,断板,7.762857142857142,0.012062726176115923,843.975664215158,8.078763341921261,0.6028034238595479,0.05139963681969821,0.9569785884218874,0.2486282592972084,0.0029254848888084456,1475608916.5,-5.21053699528794,3.0548398969451718,1,SZSE.002235,2023-08-21,2023-08-21T09:30:00.000000,8.0,2023-08-22T11:30:00.000000,8.87,9.991533864541818,1.5,未涨停卖出
SZSE.002310,东方新能,2023-07-25,2.29,2.54,2.27,2.36,2.38,-0.008403361344537785,429107379.0,1029711066.44,2.62,2.14,false,false,46.6098,16.470165711586397,63.376903294399995,6148653463.32,55.148844266,false,false,true,断板,断板,断板,3天3板,3.206546357336521,2.188,2.05,-3.781512605042011,15.1219512195122,239.9658259989978,false,1.6,0.5564866236287904,0.01614571362903599,0.003729771863609685,-0.00030898989796934164,0.5301387820256178,-0.0019485855982538643,0.0024900720973463682,0.27220384526524827,36.942713103691695,2.702127586559531,0.35,0.921408674890569,0.0,0.4607043374452845,炸板,1.9557142857142853,0.048458149779735615,244.76335822255865,21.69466764061361,0.5301247871685263,0.03721199692291001,0.8487562189054726,0.21149335543157996,0.0015632260553180622,1292482867.62,-6.44024429842368,17.09276844411982,1,SZSE.002310,2023-07-25,2023-07-25T09:30:00.000000,2.29,2023-07-27T11:30:00.000000,2.44,5.701212616781786,2.5,未涨停卖出
SHSE.600936,北投科技,2023-07-27,4.59,5.23,4.59,5.23,4.75,0.1010526315789475,164304888.0,841315366.0,5.23,4.28,false,false,1.02557,9.832573790003785,87.39467229970002,8739467229.970001,39.1029680962,true,false,false,,涨停,5天4板,3天3板,3.0100783274814074,4.788,4.521428571428572,-3.3684210526315814,15.671406003159547,512.0452448134106,false,3.76,0.5174102485863004,0.013073305984491667,0.019243391528628074,-0.0005705288506063264,0.14023225623051078,-0.0006342099037727611,0.002139133800463342,0.15517342235072734,29.311894359332648,3.5578230026706503,0.43333333333333335,0.9186878727634195,0.0,0.4593439363817097,断板,4.322857142857144,-0.06862745098039214,483.75332286099984,9.881031064111012,0.42006363094054483,0.060152860310994725,0.8401272618810897,0.0,0.0013144282822349044,634008324.0,-5.116930818088116,6.179775280898858,1,SHSE.600936,2023-07-27,2023-07-27T09:30:00.000000,4.59,2023-07-28T11:30:00.000000,4.87,5.254797802255043,1.5,未涨停卖出
SZSE.002146,荣盛发展,2023-07-28,2.44,2.76,2.43,2.76,2.51,0.09960159362549792,864456877.0,2306704774.41,2.76,2.26,false,false,12.049,22.164018838801045,120.00932228759999,10764748928.759998,59.1209087436,true,false,false,,涨停,10天7板,8天6板,12.973938207408585,2.581999999999998,2.4928571428571416,-2.7888446215139377,10.716332378223544,266.83861691460635,false,1.48,0.8004732873516195,0.03299693082972682,0.30806101238339634,0.0073446009536181165,0.1497959898351265,-0.0020996284183533546,0.009641798117248416,0.35906396061256,17.98594940629822,1.717791381534872,0.38333333333333336,0.9922465208747515,0.20109872935595652,0.596672625115354,断板,2.3785714285714272,-0.10035842293906816,262.44706174502477,5.525525525525577,0.5864883116836106,0.2623184657237827,0.9912524850894632,0.1817241382777581,0.008571482450588946,2276794187.34,-7.028869602261601,2.5825825825826376,1,SZSE.002146,2023-07-28,2023-07-28T09:30:00.000000,2.44,2023-08-01T11:30:00.000000,2.92,18.718568349552616,2.5,未涨停卖出
SZSE.002310,东方新能,2023-07-28,2.28,2.4,2.24,2.33,2.35,-0.008510638297872353,292894439.0,676063249.95,2.59,2.12,false,false,46.6098,11.241987862278483,62.57126469320001,6070492614.21,54.447799635500004,false,false,true,断板,断板,断板,6天4板,6.337711016967736,2.404,2.3357142857142854,-2.978723404255331,-0.2446483180427974,230.82147010309066,false,1.6,0.7007599163029063,0.022554457627726027,0.06300941625793266,0.0016546828275376903,0.2799346032048619,-0.0015297176034416507,0.004879317658281555,0.2556370723510062,30.84832927121281,2.599999932400002,0.3333333333333333,0.9799204771371769,0.0,0.48996023856858845,断板,2.2699999999999996,-0.09615384615384615,244.1575861579658,3.5242290748898912,0.48648111332007954,0.030327279763129267,0.9729622266401591,0.0,0.004369243295257402,1105426120.44,-6.617687540338046,0.4405286343612369,1,SZSE.002310,2023-07-28,2023-07-28T09:30:00.000000,2.28,2023-07-31T11:30:00.000000,2.46,7.035017823443079,1.5,未涨停卖出
SZSE.002338,奥普光电,2023-09-13,40.26,42.42,39.34,40.09,42.13,-0.048421552338001383,31769544.0,1288703205.71,46.34,37.92,false,false,3.26772,13.237640941023527,96.21600000000001,9621359460.0,50.613310694400006,false,false,true,断板,断板,断板,4天3板,12.308621326644277,42.052,40.01285714285715,-4.438642297650141,0.19279517298010304,4056.410774136387,false,29.0,0.6522801461795451,0.019345178028924354,0.20846175033081507,-0.002982798523613706,0.27217997032807245,0.0018553180459328585,0.0029342317577578754,0.3163408954997383,26.678171471873597,2.6282986395111396,0.48333333333333334,0.9614243323442137,0.22987669391962673,0.5956505131319202,断板,39.00142857142857,-0.09997863704336674,4305.00866550813,8.021684187392417,0.5968568087718513,0.2538640895052699,0.952324431256182,0.24138918628752068,0.0026095257118081156,2023036707.55,-6.4810244807067985,3.2269880224167657,1,SZSE.002338,2023-09-13,2023-09-13T09:30:00.000000,40.26,2023-09-14T11:30:00.000000,39.9,-1.6838755262111218,1.5,未涨停卖出
SZSE.000712,锦龙股份,2023-08-30,15.87,16.05,14.81,14.81,16.45,-0.09969604863221881,94114611.0,1422324559.82,18.1,14.81,false,false,13.1605,10.512770824139462,132.6976,13258515877.75,66.1755631351,false,false,true,断板,断板,断板,2天2板,2.9644053020261505,15.322000000000003,14.808571428571424,-3.525835866261399,0.009646922631712851,1511.2685955000122,true,12.21,0.00026873927756123397,-0.00017978901530002996,0.5944964095182302,0.004038083584149714,0.00008358678221200106,-0.00001807151498036943,0.00197766253452074,0.297327028649291,29.738604967850627,3.0184873038453244,0.48333333333333334,0.9485046543870074,0.0,0.4742523271935037,断板,14.647142857142853,-0.007840772014475195,1721.3595534898764,12.308592607041867,0.47642630744849446,0.5715662939163867,0.9528526148969889,0.0,0.0020204142821901197,3097006056.85,-7.805432236250509,8.348775968009381,1,SZSE.000712,2023-08-30,2023-08-30T09:30:00.000000,15.87,2023-08-31T11:30:00.000000,14.04,-12.236121675867427,1.5,止损卖出
SZSE.000712,锦龙股份,2023-08-31,14.21,14.33,13.83,13.87,14.81,-0.0634706279540852,83045669.0,1165931910.71,16.29,13.33,false,false,13.1605,9.276350152840168,124.2752,12416989549.25,61.97535858769999,false,false,false,,未涨停,未涨停,2天2板,2.9644053020261505,15.356,14.817142857142853,-4.051316677920322,-6.392209795603527,1403.9647398228558,false,12.32,0.012886859297086667,-0.0012736801776308175,0.5881518661148679,0.004002833140222859,0.00001911134199594139,8.638340165377312e-6,0.0017492720366348794,0.29665903831945006,28.89647377303111,3.0184873038453244,0.48333333333333334,0.9372152901564667,0.0,0.4686076450782333,断板,14.808571428571424,-0.09969604863221881,1511.2685955000122,0.009646922631712851,0.4742523271935037,0.5944964095182302,0.9485046543870074,0.0,0.00197766253452074,1422324559.82,-5.973034559759793,-4.04206058267409,1,SZSE.000712,2023-08-31,2023-08-31T09:30:00.000000,14.21,2023-09-01T11:30:00.000000,13.74,-4.077987837530948,1.5,未涨停卖出
SZSE.000572,海马汽车,2023-08-02,5.58,6.03,5.43,5.89,5.86,0.005119453924914641,284669219.0,1641425887.3,6.45,5.27,false,false,4.65324,17.33509809788846,96.8690854914,9672294269.359999,63.348850879699995,false,false,true,断板,断板,断板,3天3板,6.566285417120835,5.4559999999999995,5.132857142857143,-4.778156996587034,14.750904536598943,576.6081394630868,false,4.08,0.4558473867026659,0.013056207739487059,0.19930783436391433,0.0022537405939010244,0.48481618912768454,-0.002427202393014183,0.003009951126943669,0.33626825126079574,31.62394066155989,2.741227995032127,0.48333333333333334,0.9495130192804612,0.2384014649223359,0.5939572421013986,炸板,4.8914285714285715,0.03169014084507049,597.7419219198018,19.801401869158887,0.5523134328088183,0.13434576864632028,0.9063804412641622,0.19824642435347448,0.002023007783419345,2154131022.96,-6.648675701406459,14.077102803738327,1,SZSE.000572,2023-08-02,2023-08-02T09:30:00.000000,5.58,2023-08-03T11:30:00.000000,5.63,0.09210469948164168,1.5,未涨停卖出
SZSE.002642,荣联科技,2023-10-11,10.84,11.43,10.41,10.56,11.21,-0.057983942908117814,197783338.0,2148927993.07,12.33,10.09,false,false,4.63162,32.70041155066577,69.8628810528,6387051264.0,55.075943788800004,false,false,true,断板,断板,断板,9天6板,33.67001920966576,10.884,10.421428571428573,-3.300624442462096,1.3296778615489997,1086.5060802391758,false,6.57,0.7386388835278841,0.023348849660168994,0.5855867857205838,0.007573615422971385,0.11106488338989827,0.0012569262962595406,0.008833655532397355,0.4738406345828382,21.833692320088193,1.9523099469817282,0.55,0.9940781681800237,0.3100454291240472,0.6520617986520354,断板,10.155714285714286,-0.06113902847571173,1207.217128449724,10.381206920804622,0.6441626171692764,0.5586428842094071,0.9942744323790721,0.2940508019594807,0.008707748994979257,3311898713.23,-10.20670810129709,6.737937825291884,1,SZSE.002642,2023-10-11,2023-10-11T09:30:00.000000,10.84,2023-10-12T11:30:00.000000,10.53,-3.63380426632953,1.5,未涨停卖出
SZSE.000719,中原传媒,2023-08-09,12.42,12.98,11.92,12.0,13.07,-0.08186687069625098,100861603.0,1250872860.8,14.38,11.76,false,false,6.10117,15.118335375477804,122.78444988,8005770516.0,35.068903320000004,false,false,true,断板,断板,断板,2天2板,10.534356640806816,11.742,11.394285714285717,-4.973221117061977,5.3159478435305685,1240.1873692211693,false,9.79,0.32512605431718816,0.007447242850556164,0.14249137837154705,-0.002816809053741727,0.16267062409420613,0.001742502489974045,0.0006037947902325829,0.18507208727747299,24.136646253821933,2.515479812884602,0.4666666666666667,0.7176891006551519,0.0,0.35884455032757595,炸板,11.218571428571432,0.06260162601626007,1310.9182976861573,16.503247166687864,0.3260826380611839,0.14521455190379737,0.6521652761223679,0.0,0.00037771280930207066,1656585888.18,-5.257253469404,10.709283076531229,1,SZSE.000719,2023-08-09,2023-08-09T09:30:00.000000,12.42,2023-08-10T11:30:00.000000,12.44,-0.637065265507998,1.5,未涨停卖出
SZSE.000727,冠捷科技,2023-10-12,2.68,3.07,2.68,3.07,2.79,0.10035842293906794,420304865.0,1249237316.13,3.07,2.51,false,false,5.63606,12.292411733298808,139.05770628599998,10497012006.64,73.4173609474,true,false,false,,涨停,5天3板,3天2板,10.162700229838707,2.81,2.68,-3.9426523297490994,14.552238805970136,297.2217121802766,false,2.18,0.44961681347651455,0.009973636565767987,0.4087231357675853,0.0025554785048092273,0.6055780494660185,0.0018221249359328528,0.0038191040463380673,0.4759583454189011,34.0927867404405,2.9537036164600505,0.5666666666666667,0.9769048559020924,0.3571735501928215,0.667039203047457,断板,2.587142857142857,-0.05423728813559325,296.9210199035928,7.840971838763114,0.6625043744839214,0.43212450759951365,0.9684168969601263,0.3565918520077165,0.0029483388121054805,1787270175.32,-9.740307342667476,3.5891772501380537,1,SZSE.000727,2023-10-12,2023-10-12T09:30:00.000000,2.68,2023-10-16T11:30:00.000000,3.49,29.186240114170186,2.5,未涨停卖出
SZSE.002514,*ST宝馨,2023-10-13,10.68,11.37,10.58,11.12,11.04,0.007246376811594235,146572990.0,1617796248.29,12.14,9.94,false,false,6.66363,26.455582176773095,80.0678101568,6160861015.679999,48.896169,false,false,true,断板,断板,断板,3天3板,3.1507625311780356,10.473999999999998,9.862857142857141,-3.2608695652173862,12.746234067207427,1103.7478653399921,false,7.6,0.5975795609725104,0.01756918131018512,0.05963274806995451,-0.0013797669367510382,0.030839234055537387,-0.00048623376499707597,0.0026780826641623822,0.15858405644614054,31.788145141707464,2.7272726528925637,0.43333333333333335,0.9601263324121595,0.0,0.48006316620607975,断板,9.485714285714286,0.0,1123.5227924362157,16.38554216867469,0.46101460718515597,0.16288511722260451,0.9220292143703119,0.0,0.0015325502815325186,2269550982.28,-4.9418483372127735,12.590361445783138,1,SZSE.002514,2023-10-13,2023-10-13T09:30:00.000000,10.68,2023-10-16T11:30:00.000000,10.04,-6.74157303370788,1.5,未涨停卖出
SZSE.002369,卓翼科技,2023-10-16,6.46,7.48,6.15,7.48,6.8,0.10000000000000009,151013577.0,1014380942.85,7.48,6.12,false,false,4.296,26.671530822145645,42.408329744,4235158317.28,35.07225870720001,true,false,false,,涨停,12天6板,9天5板,18.050974607036334,6.87,6.725714285714285,-4.999999999999998,11.214953271028055,671.7150623152248,true,4.45,0.7451480239024797,0.018425733444992654,0.36407176732813223,0.004032883294275445,0.13812116652918077,0.0009895073479299432,0.005998440540515237,0.3725018384033163,25.734591937319887,2.4686468037442966,0.4666666666666667,0.9877615475720489,0.253818572075925,0.6207900598239869,断板,6.444285714285714,0.02874432677760952,689.4053124280073,5.519840390157396,0.6043634545581064,0.30498888784112604,0.9842084484800632,0.22451846063614958,0.005000964211105063,1119679217.27,-6.296051342444509,0.24384837064952425,1,SZSE.002369,2023-10-16,2023-10-16T09:30:00.000000,6.46,2023-10-17T11:30:00.000000,7.6,16.709632059995315,1.5,未涨停卖出
SHSE.600449,宁夏建材,2023-10-20,19.89,21.17,18.94,19.03,20.57,-0.07486631016042777,58362766.0,1156902655.0,22.63,18.51,false,false,4.32182,12.205160990050292,90.9978522926,9099785229.26,46.377240001400004,false,false,true,断板,断板,断板,3天2板,7.850159500886277,19.88,19.06714285714285,-3.305785123966941,-0.19480032966206032,1982.2615244109575,false,15.51,0.6064075559280313,0.012275728546103088,0.2233040015363259,0.0018660912084766713,0.35549609317322634,0.001149382461698189,0.00373300605196841,0.3395823399057371,34.455769881923736,2.9035532151861707,0.5,0.9700078926598263,0.23913588678906036,0.6045718897244433,断板,18.69571428571428,-0.04503249767873718,2167.606411462802,10.02521586307025,0.48155090765588004,0.16254888545499674,0.9631018153117601,0.0,0.003382560910697592,1769217954.0,-8.239799002175396,6.38801864445635,1,SHSE.600449,2023-10-20,2023-10-20T09:30:00.000000,19.89,2023-10-23T11:30:00.000000,19.01,-5.185892929037998,1.5,未涨停卖出
SHSE.600839,四川长虹,2023-10-20,6.36,6.88,6.06,6.68,6.61,0.010590015128592922,930457555.0,6027212443.0,7.27,5.95,false,false,26.933,20.16177455524411,308.3651140296,30827923655.079998,236.68209060919997,false,false,true,断板,断板,断板,5天3板,16.59360904897351,6.352,6.032857142857144,-3.7821482602118,10.726971347383355,647.768660763897,false,3.92,0.6942449846274741,0.0217562997066715,0.43314943538285605,0.005533721824595292,0.0879052494630802,0.0010253925318181884,0.007425738613177402,0.3817952894558469,30.094279734135704,2.080229183087496,0.55,0.9903314917127072,0.2427462531907963,0.6165388724517518,断板,5.752857142857144,-0.003016591251885359,686.9881817256429,14.899428855227209,0.6064410470120329,0.4009642128395187,0.9873717442778216,0.2255103497462444,0.006489290946569456,8388053043.0,-7.421988191640483,10.553762105785935,1,SHSE.600839,2023-10-20,2023-10-20T09:30:00.000000,6.36,2023-10-23T11:30:00.000000,6.92,7.938059084417056,1.5,未涨停卖出
SZSE.000413,ST旭电,2023-10-20,2.31,2.48,2.27,2.33,2.42,-0.037190082644628086,441758331.0,1043608461.38,2.66,2.18,false,false,4.59671,8.783606575354145,125.4180737651,11718385863.48,96.96082855830001,false,false,true,断板,断板,断板,4天3板,13.564948449375771,2.4099999999999997,2.3299999999999996,-4.5454545454545405,1.9059622740346037e-14,236.2396786083475,false,1.84,0.7206809091929834,0.015525024462449365,0.34203730728786946,0.002806549377110741,0.5472007409364257,0.001980993476288607,0.005102577623931826,0.47931505776345906,28.354043328132505,2.673267255269093,0.43333333333333335,0.9814522494080505,0.307739197344993,0.6445957233765218,断板,2.288571428571428,-0.047244094488189003,255.59682614503447,5.742821473158584,0.6421465278910725,0.332366939799447,0.9800710339384373,0.3042220218437077,0.004848265642688688,1903665367.71,-9.623290913275028,0.9363295880150169,1,SZSE.000413,2023-10-20,2023-10-20T09:30:00.000000,2.31,2023-10-23T11:30:00.000000,2.43,4.356599575723084,1.5,未涨停卖出
SZSE.002279,久其软件,2023-08-25,7.29,7.46,6.8,6.84,7.55,-0.09403973509933772,171782291.0,1221307120.84,8.31,6.8,false,false,9.99859,21.79800810560138,59.2185738816,5390358902.28,41.2244812296,false,false,false,,未涨停,未涨停,2天2板,9.547159248010828,7.6739999999999995,7.465714285714285,-3.4437086092715203,-8.38117106773823,710.9621799373951,true,6.21,0.6002927132226339,0.011110161157022767,0.004128278127013042,0.0002638908548083532,0.5639807493316491,-0.002601020452076597,0.0015736715231857512,0.29131690650752806,26.81323805935874,3.0201341369758143,0.5,0.935407172577769,0.0,0.4677035862888845,断板,7.534285714285715,-0.09688995215311003,785.3232918988342,0.2085703450891086,0.5751725572893959,0.002399705833653529,0.940943321442727,0.20940179313606472,0.001881215531210261,2004752653.41,-7.171987954495796,-3.242320819112632,1,SZSE.002279,2023-08-25,2023-08-25T09:30:00.000000,7.29,2023-08-28T11:30:00.000000,6.86,-6.648303903726652,1.5,未涨停卖出
SZSE.002176,江特电机,2023-10-24,12.63,13.46,12.26,12.42,12.96,-0.04166666666666674,302007028.0,3865403665.72,14.26,11.66,false,false,12.9628,17.702441031733436,211.9256371602,21188757420.72,170.4271906926,false,false,true,断板,断板,断板,2天2板,18.5297407007484,12.292,11.998571428571427,-2.5462962962962967,3.5123228955828174,1279.9052033054013,false,8.52,0.8096352099354921,0.02393202537825856,0.05073098910750402,-0.0015918062260709856,0.5268222924792256,-0.0026229188747948166,0.0032036263001777743,0.3453392242846181,31.949415351205616,2.448979531861726,0.4166666666666667,0.9646942800788955,0.21364437244728868,0.589169326263092,断板,11.79142857142857,-0.0174374526156178,1366.961785754774,9.910346498667334,0.5925877059096925,0.10007244268626446,0.9479187216413494,0.23725669017803563,0.0024834373362392637,5211046024.82,-7.605317634930886,7.111703416525339,1,SZSE.002176,2023-10-24,2023-10-24T09:30:00.000000,12.63,2023-10-25T11:30:00.000000,12.67,-0.4826300498717818,1.5,未涨停卖出
SZSE.002902,铭普光磁,2023-09-15,26.42,29.98,26.42,28.95,27.29,0.06082814217662147,67868513.0,1939608486.51,30.02,24.56,false,false,1.5138,45.400277503653555,61.23504,4327712426.849999,37.4471732685,false,false,false,,未涨停,未涨停,2天2板,23.346143935224543,27.338,26.024285714285714,-3.1879809454012364,11.242246253499477,2857.8915328673843,false,21.0,0.5755473786311409,0.010889761142622589,0.38274805779853993,-0.004234417018141296,0.27218194782678595,0.003923083903264912,0.0012376688904333435,0.38813808897353397,20.02562469651531,2.4925372513054143,0.48333333333333334,0.8631599762705161,0.27406468170486975,0.568612328987693,断板,25.38,-0.03158268275372611,2803.8031635848515,7.52561071710008,0.5337437646154237,0.4792247182629633,0.7563291139240507,0.3111584153067969,0.0006128843906322793,1825378899.26,-5.770846031073562,4.097714736012614,1,SZSE.002902,2023-09-15,2023-09-15T09:30:00.000000,26.42,2023-09-18T11:30:00.000000,26.61,-0.08339088762285894,1.5,未涨停卖出
SZSE.002279,久其软件,2023-08-24,8.0,8.32,7.52,7.55,8.36,-0.09688995215311003,255277371.0,2004752653.41,9.2,7.52,false,false,9.99859,32.39296769091647,65.365531112,5949884460.849999,45.503630597,false,false,true,断板,断板,断板,2天2板,9.547159248010828,7.6579999999999995,7.534285714285715,-4.3062200956937735,0.2085703450891086,785.3232918988342,true,6.02,0.7551483736646222,0.012915122179776055,0.002399705833653529,0.00020138255795142866,0.5783566790737967,-0.0026750006124022143,0.001881215531210261,0.3257365313718902,28.313751261670014,3.0201341369758143,0.5166666666666667,0.940943321442727,0.20940179313606472,0.5751725572893959,炸板,7.4799999999999995,0.022004889975550057,881.6731781157289,11.76470588235294,0.5833380789036148,2.395138130667132e-6,0.9336107808164883,0.23306537699074126,0.0018165519734199323,3169289288.27,-9.263430049020771,6.951871657754016,1,SZSE.002279,2023-08-24,2023-08-24T09:30:00.000000,8.0,2023-08-25T11:30:00.000000,7.1,-11.957171314741046,1.5,止损卖出
SHSE.600203,福日电子,2023-11-03,8.49,9.19,8.41,8.56,8.78,-0.02505694760820032,75695787.0,664075313.0,9.66,7.9,false,false,1.68548,12.765144747040633,50.7597798192,5075977981.92,36.616999008,false,false,true,断板,断板,断板,8天4板,19.568552981474593,8.782,8.641428571428573,-3.302961275626414,-0.942304513142683,877.2949450938399,false,6.19,0.4586752737639708,0.011165685110602685,0.7230651027936121,0.0067847226997977675,0.4578175696346901,0.0022942960040629673,0.00631378717323831,0.5906128770400073,20.233574234289282,2.330097033085118,0.48333333333333334,0.9863985807214666,0.3793113656414204,0.6828549731814435,断板,8.512857142857143,-0.04772234273318887,895.4999852257736,3.138110421211599,0.6760170294034559,0.7009275968388804,0.9865930599369085,0.3654409988700033,0.006297166679608283,976464306.0,-5.192628251585052,-0.26850142641383634,1,SHSE.600203,2023-11-03,2023-11-03T09:30:00.000000,8.49,2023-11-06T11:30:00.000000,8.74,2.124364731885174,1.5,未涨停卖出
SZSE.002194,武汉凡谷,2023-09-19,11.11,11.37,10.54,10.76,11.58,-0.07081174438687399,105933942.0,1156553320.7,12.74,10.42,false,false,3.83285,20.825744545742303,73.5215527256,5473269939.599999,41.703802433199996,false,false,true,断板,断板,断板,2天2板,8.181505167700088,11.022,10.6,-4.058721934369608,1.5094339622641524,1091.768416113506,false,8.51,0.7136743214430534,0.01392138534761,0.10337896351909502,-0.0013289556072501633,0.24445277841762866,-0.001208598266996099,0.0017572197857980887,0.2677601795734468,36.024532606646375,3.143576727375723,0.5,0.9240656515720783,0.0,0.46203282578603916,断板,10.418571428571429,-0.03338898163606008,1192.9781837818591,11.147675853558201,0.4439390943246984,0.155691700938827,0.8878781886493968,0.0,0.001398896052071854,1989603156.83,-6.871725308670795,6.636500754147812,1,SZSE.002194,2023-09-19,2023-09-19T09:30:00.000000,11.11,2023-09-20T11:30:00.000000,10.4,-7.136530386106324,1.5,未涨停卖出
SZSE.000676,智度股份,2023-11-08,8.46,9.08,8.3,8.94,8.71,0.02640642939150384,278283864.0,2409901234.22,9.58,7.84,false,false,10.8123,21.829198269149344,114.1197232968,11396926783.5,85.8707693418,false,false,false,,未涨停,未涨停,4天3板,7.2408713822286215,8.898000000000001,8.714285714285714,-2.870264064293915,2.590163934426233,865.9866941548576,false,5.65,0.5845009327827657,0.017202798047892348,0.46093037222972516,0.005149438308991305,0.00342580969704711,-0.00017263794457833757,0.005963487380700621,0.3483931155805299,28.183409293968126,2.3746958073551556,0.5,0.9820654316121403,0.2406452031304219,0.6113553173712811,炸板,8.484285714285715,-0.018038331454340306,917.4102262472869,2.6603805354436805,0.5917137071422501,0.4071494319912363,0.9771383523847064,0.20628906189979393,0.005152173659351862,3212881316.21,-7.783892549289972,-0.28624347533254824,1,SZSE.000676,2023-11-08,2023-11-08T09:30:00.000000,8.46,2023-11-09T11:30:00.000000,8.32,-2.4384730581221357,1.5,未涨停卖出
SHSE.601901,方正证券,2023-11-13,9.55,9.63,9.09,9.29,9.82,-0.05397148676171093,467571385.0,4339861004.0,10.8,8.84,false,false,1.04618,5.679854542170639,764.7622195954999,76476221959.54999,350.3950243817,false,false,false,,未涨停,未涨停,2天2板,2.5690081772856974,9.405999999999999,9.077142857142857,-2.7494908350305454,2.3449795404469604,928.1707870125542,false,7.1,0.7063221657476725,0.01529010660240811,0.30465037941103185,0.0025705495278989824,0.491342274201162,0.001738788895219391,0.004864932752996931,0.440992305115399,36.94160089285274,3.2201256824714246,0.55,0.9657210401891253,0.35154623104531374,0.6586336356172195,炸板,8.815714285714286,0.05477980665950599,1001.8680016637745,11.391994814454709,0.6436987400398747,0.24994538693781235,0.9603940886699507,0.3270033914097988,0.004473251662888436,7562623373.0,-4.678061539638156,8.32928212607358,1,SHSE.601901,2023-11-13,2023-11-13T09:30:00.000000,9.55,2023-11-14T11:30:00.000000,9.36,-2.770488725725376,1.5,未涨停卖出
SHSE.603533,掌阅科技,2023-11-10,22.03,23.24,21.92,22.71,22.71,0.0,32305444.0,736209562.0,24.98,20.44,false,false,1.02414,7.360600811805809,99.6734712285,9967347122.85,48.421642016999996,false,false,true,断板,断板,断板,5天3板,9.552366104440011,23.338,22.642857142857142,-2.994275649493614,0.29652996845426466,2278.9024722891904,false,17.85,0.5631908630178634,0.01323273906717902,0.21973151453529452,-0.0021562952136952016,0.6224416956232898,-0.0037740908428878484,0.0004361729537218483,0.40923643855820685,29.036994267956683,3.4186990701168325,0.4,0.5958620689655172,0.3121886034928096,0.4540253362291634,断板,22.101428571428574,-0.0998810939357907,2332.140140711957,2.753538879193321,0.4247115416996249,0.28586526750610525,0.5223645320197045,0.3270585513795453,-0.00009019008954413684,1255141662.0,-5.537409114382507,-0.32318531445931775,1,SHSE.603533,2023-11-10,2023-11-10T09:30:00.000000,22.03,2023-11-13T11:30:00.000000,24.09,8.479563362528094,1.5,未涨停卖出
SZSE.000828,东莞控股,2023-11-14,12.0,12.43,11.52,11.98,12.38,-0.03231017770597744,104642980.0,1244397336.61,13.62,11.14,false,false,3.99997,10.066513265607984,124.5341356416,12453397391.16,37.5780311504,false,false,false,,未涨停,未涨停,4天4板,4.5681038438861705,12.663999999999998,12.021428571428572,-3.0694668820678577,-0.3446226975638772,1189.1837719166635,false,8.55,0.6799024054225846,0.02351178500891516,0.12104130953744309,0.0022286348487762556,0.028476814384545586,0.0003949159606878349,0.005935149214377511,0.20504418016860215,30.845363975839977,2.471600627380061,0.43333333333333335,0.9755713159968479,0.0,0.48778565799842394,断板,11.59857142857143,-0.10029069767441856,1259.2177437872601,6.737282916615335,0.4868991331757289,0.08247545171838756,0.9737982663514578,0.0,0.0054251520678005654,1257461512.8,-4.7027405767929515,3.461017366670749,1,SZSE.000828,2023-11-14,2023-11-14T09:30:00.000000,12.0,2023-11-15T11:30:00.000000,11.93,-1.3754980079681465,1.5,未涨停卖出
SZSE.002512,ST达华,2023-11-16,5.9,6.31,5.85,5.88,6.14,-0.04234527687296419,276707437.0,1680423919.23,6.75,5.53,false,false,6.93242,26.39193167664862,67.4491584816,6164913389.04,44.931196211999996,false,false,true,断板,断板,断板,2天2板,8.289335817896667,5.702,5.512857142857144,-3.908794788273605,6.659756413578618,607.2926472265362,false,4.23,0.2660134359519445,0.006388313246247756,0.6273215415547251,0.005265137574048429,0.6514806876897817,0.0028267087102638497,0.004758244049352921,0.5623076642746859,23.19184788875958,2.3510637745122245,0.5666666666666667,0.9550915895213709,0.37926725803065425,0.6671794237760126,炸板,5.394285714285716,0.018242122719734466,636.6378753169489,13.824152542372842,0.6540986680831352,0.6241284412551786,0.9473995271867612,0.36079780897950914,0.004324425327828286,2605049959.23,-7.32565201115789,9.374999999999979,1,SZSE.002512,2023-11-16,2023-11-16T09:30:00.000000,5.9,2023-11-17T11:30:00.000000,5.82,-2.1419407117293376,1.5,未涨停卖出
SZSE.002657,中科金财,2023-10-19,16.79,18.97,16.79,18.09,17.53,0.0319452367370221,68166489.0,1214362801.79,19.28,15.78,false,false,3.64023,20.341003681230944,61.522105888800006,6062295672.99,52.424740404,false,false,true,断板,断板,断板,2天2板,11.887110919065012,16.802,16.220000000000002,-4.221334854535094,11.528976572133152,1781.4659660555496,false,13.9,0.5448436659871402,0.010304600309017274,0.18278254111835973,-0.0016373662040192354,0.29492980564604876,-0.0009002324893760337,0.0009721672129810273,0.28883894545042255,37.19444364422278,3.5272726028562045,0.48333333333333334,0.8531965272296764,0.0,0.4265982636148382,断板,15.742857142857144,-0.009044657998869443,1814.3628403293665,11.352087114337568,0.5141103802655147,0.27359638393784874,0.7543409629044988,0.2738797976265307,0.00022301631216566412,1518220233.29,-7.460626800799874,6.65154264972776,1,SZSE.002657,2023-10-19,2023-10-19T09:30:00.000000,16.79,2023-10-20T11:30:00.000000,16.81,-0.6786433776508155,1.5,未涨停卖出
SZSE.000541,佛山照明,2023-10-30,8.0,8.15,7.78,7.88,8.23,-0.04252733900364525,102718933.0,816088653.67,9.05,7.41,false,false,31.3383,9.722558534134915,83.3957270292,8325228274.0,40.6012759772,false,false,true,断板,断板,断板,4天2板,9.898097876949578,7.917999999999999,7.635714285714286,-2.7946537059538326,3.199251637043959,794.4870822110272,false,5.43,0.9086532865725447,0.022195367821027448,0.5032379560426031,0.0054556842532775185,0.3287875577168175,0.001749582187616666,0.0076917903471292485,0.5319859026508558,32.637525075016605,2.2907267645683143,0.5,0.9915187376725838,0.3492654401808263,0.670392088926705,断板,7.507142857142857,-0.01318944844124692,857.7377310796717,9.628924833491919,0.6588313891283754,0.47053470626687666,0.9913197869402249,0.32634299131652583,0.007466711860888955,1486655489.61,-6.731396904621967,6.565176022835395,1,SZSE.000541,2023-10-30,2023-10-30T09:30:00.000000,8.0,2023-10-31T11:30:00.000000,7.56,-6.252988047808772,1.5,未涨停卖出
SZSE.002122,ST汇洲,2023-10-27,4.13,4.28,3.96,4.14,4.24,-0.02358490566037752,199749949.0,818711070.53,4.66,3.82,false,false,8.47526,10.065046489345505,82.55183287499999,8216204363.639999,50.751372384,false,false,true,断板,断板,断板,2天1板,12.689630961587776,4.108,3.9614285714285713,-2.5943396226415167,4.507753335737464,409.8679747497708,false,3.05,0.6245640649817765,0.013795339651280582,0.000027264372706489733,0.000023588451647591293,0.5824310576762393,-0.0030935396590740837,0.0018428002583576871,0.29965576248558035,29.846482940521486,3.019867458472877,0.43333333333333335,0.9291773525350168,0.0,0.4645886762675084,断板,3.8785714285714286,-0.038548752834467126,434.89620701781996,9.318600368324132,0.557178363877298,0.007227058388097313,0.9177352535016768,0.1966214742529193,0.0015689009609687454,1125038547.21,-5.034812137812638,6.482504604051553,1,SZSE.002122,2023-10-27,2023-10-27T09:30:00.000000,4.13,2023-10-30T11:30:00.000000,4.07,-2.238021280495423,1.5,未涨停卖出
SHSE.603629,利通电子,2023-11-01,32.0,35.49,31.52,33.7,33.23,0.01414384592235951,39179373.0,1311130111.0,36.55,29.91,false,false,2.02131,15.376520015698587,85.86760000000001,8586760000.000001,41.910180698000005,false,false,true,断板,断板,断板,2天2板,6.599562990580848,33.584,32.53000000000001,-3.7014745711706194,3.596679987703641,3346.4805855877275,false,21.8,0.7609349077231858,0.01831023115172946,0.6159873520464332,0.006448839293566347,0.215535320595667,0.0021317527154732043,0.007525991691771027,0.5248412537465539,21.101658121480156,1.9670846008042135,0.5666666666666667,0.9905362776025236,0.3293678279441384,0.659952052773331,断板,31.50142857142858,-0.09994582881906833,3433.9253269945852,5.487279488458535,0.6557097095031166,0.6149578457989672,0.9905344113587063,0.3208850076475269,0.007558533420825533,1370143142.0,-6.812184445470148,1.5826946623735516,1,SHSE.603629,2023-11-01,2023-11-01T09:30:00.000000,32.0,2023-11-02T11:30:00.000000,33.73,4.566359561752973,1.5,未涨停卖出
SZSE.002176,江特电机,2023-10-25,12.0,12.92,11.76,12.22,12.42,-0.01610305958132041,255888135.0,3178992950.78,13.66,11.18,false,false,12.9628,14.999136445784117,208.5129859982,20847553597.52,167.68279148660002,false,false,false,,未涨停,未涨停,2天2板,18.5297407007484,12.556000000000001,12.155714285714286,-3.3816425120772946,0.52885180397227,1242.336988692344,false,8.52,0.846704280339958,0.02473105616459276,0.019371638892177318,-0.0009931632771096593,0.4932186132697506,-0.00253515957820175,0.0036890817209031977,0.32699225949500543,31.933906263073847,2.448979531861726,0.4,0.9704142011834319,0.20161457719418185,0.5860143891888069,断板,11.998571428571427,-0.04166666666666674,1279.9052033054013,3.5123228955828174,0.589169326263092,0.05073098910750402,0.9646942800788955,0.21364437244728868,0.0032036263001777743,3865403665.72,-6.243056368475042,0.011906179307064058,1,SZSE.002176,2023-10-25,2023-10-25T09:30:00.000000,12.0,2023-10-26T11:30:00.000000,11.91,-1.5408366533864544,1.5,未涨停卖出
SZSE.000903,ST云动,2023-12-07,3.65,3.74,3.45,3.45,3.83,-0.09921671018276756,416487963.0,1470529572.8,4.21,3.45,false,false,11.6396,21.68912572064242,67.9795195665,6624902685.6,43.8191142975,false,false,true,断板,断板,断板,2天2板,12.927531894341096,3.4,3.338571428571428,-4.69973890339426,3.3376123234916766,353.0785288985651,true,2.42,0.7795191874535797,0.01995795469081684,0.302672989221952,0.003322416745317881,0.19748234682995636,0.0012739801198397335,0.00603499334677423,0.36648503615067884,27.544405431929334,2.5723683548818403,0.43333333333333335,0.9819004524886877,0.2621252151914334,0.6220128338400606,炸板,3.301428571428571,0.07887323943661984,386.0203697008902,16.01038511466899,0.6077340085485708,0.24982096287438926,0.9789494393074956,0.23651857778964613,0.005608938864157941,1896289332.25,-5.445404271587528,10.55819991345739,1,SZSE.000903,2023-12-07,2023-12-07T09:30:00.000000,3.65,2023-12-08T11:30:00.000000,3.17,-13.84271134639523,1.5,止损卖出
SZSE.002239,奥特佳,2023-11-23,3.6,3.7,3.38,3.39,3.74,-0.0935828877005348,468510582.0,1645722023.02,4.11,3.37,false,false,9.10289,14.44614426755544,109.9464510816,10994289158.16,74.0498085087,false,false,true,断板,断板,断板,4天4板,6.301644215540627,3.658,3.447142857142857,-3.7433155080213933,-1.6576875259013617,351.266777368115,true,2.51,0.5678373243019992,0.018236010391075426,0.46104346797166956,0.004627971927352753,0.14023398022432637,0.000958427129822408,0.006248716180838184,0.3861593929135325,26.3445568384036,2.26842100117424,0.4666666666666667,0.9759747932256794,0.26251063586445894,0.6192427145450692,断板,3.3557142857142854,-0.08333333333333326,389.1171621255545,11.451681566624112,0.6044516357508691,0.4316702826841239,0.9734147302087436,0.2354885412929948,0.00593283961117794,3238026316.39,-7.4828778989088685,7.279693486590055,1,SZSE.002239,2023-11-23,2023-11-23T09:30:00.000000,3.6,2023-11-24T11:30:00.000000,3.36,-7.410358565737065,1.5,未涨停卖出
SZSE.002400,省广集团,2023-11-23,6.9,7.0,6.45,6.5,7.11,-0.0857946554149086,377882722.0,2511461395.21,7.82,6.4,false,false,18.6887,22.570994833203923,113.31691332,10882274845.0,87.116965455,false,false,true,断板,断板,断板,4天3板,21.313000486587754,6.872,6.558571428571429,-2.953586497890295,-0.893051622740146,664.6139791514469,true,4.73,0.7858884598705214,0.018864159531518553,0.04722223954903629,0.0012063665286144293,0.025156196207948445,0.0004938433161736042,0.004524168165463006,0.18833567061100695,30.063882499651548,2.5015872390079132,0.45,0.9523434423001181,0.0,0.47617172115005907,断板,6.420000000000001,-0.03658536585365846,731.9740222982061,10.74766355140186,0.4734147302087436,0.019857976842871883,0.9468294604174872,0.0,0.0043691756063189875,3988617541.67,-5.734359556425062,7.476635514018692,1,SZSE.002400,2023-11-23,2023-11-23T09:30:00.000000,6.9,2023-11-24T11:30:00.000000,6.3,-9.423176857786249,1.5,未涨停卖出
SZSE.000903,ST云动,2023-12-08,3.31,3.37,3.13,3.15,3.45,-0.08695652173913049,282249779.0,910537902.67,3.8,3.11,false,false,11.6396,14.698506283972817,62.0682569955,6048824191.2,40.0087565325,false,false,false,,未涨停,未涨停,2天2板,12.927531894341096,3.442,3.34,-4.0579710144927565,-5.688622754491016,322.60004096229954,true,2.42,0.7436344606906433,0.018992028463739045,0.33675506492579627,0.0035738705886198753,0.20646925941804328,0.001316310826416688,0.005980234234982753,0.3790452024264398,26.319811970310127,2.5723683548818403,0.43333333333333335,0.982690794649882,0.26903999350889224,0.6258653940793871,断板,3.338571428571428,-0.09921671018276756,353.0785288985651,3.3376123234916766,0.6220128338400606,0.302672989221952,0.9819004524886877,0.2621252151914334,0.00603499334677423,1470529572.8,-6.253149679602288,-0.855798031664512,1,SZSE.000903,2023-12-08,2023-12-08T09:30:00.000000,3.31,2023-12-11T11:30:00.000000,3.2,-4.093595406892063,1.5,未涨停卖出
SHSE.600392,盛和资源,2024-02-19,9.01,9.38,8.97,9.06,9.43,-0.03923647932131491,58631760.0,536145585.0,10.37,8.49,false,false,10.0087,3.3449835256662044,158.80608724200002,15880608724.2,110.462100741,false,false,true,断板,断板,断板,2天2板,1.5769380424213904,8.518000000000004,8.329999999999998,-4.453870625662778,8.763505402160893,914.4286049062829,false,6.92,0.16081681296310876,-0.004569021443262299,0.7900376156393073,-0.0043792999966461126,0.8146677975036525,-0.002386682477221498,-0.0038194590301419656,0.6715825096633711,33.77732478250357,2.6796115786822527,0.3333333333333333,0.7311006658832746,0.5564996208459476,0.6438001433646111,炸板,8.21285714285714,0.07037457434733252,954.8801585438621,14.819968690207016,0.6457411942498958,0.8062420573552375,0.7038777908343126,0.5876045976654791,-0.004325690702737645,932572487.0,-5.642609500445195,9.706035832318683,1,SHSE.600392,2024-02-19,2024-02-19T09:30:00.000000,9.01,2024-02-20T11:30:00.000000,8.83,-2.7786744254944744,1.5,未涨停卖出
SHSE.601212,白银有色,2024-04-11,3.4,3.6,3.31,3.49,3.56,-0.0196629213483146,413780219.0,1417909696.0,3.92,3.2,false,false,1.00772,5.588019167704808,258.4266304339,25842663043.390003,61.50542040870001,false,false,false,,未涨停,未涨停,2天2板,4.234402553841655,3.526,3.3642857142857143,-4.494382022471914,3.736730360934188,342.67217979310897,false,2.55,0.671044738762293,0.01544999622802661,0.5015016288524028,0.004315811805390123,0.04608028261927597,0.00046923029317318034,0.0053886742362523376,0.3987838469644428,35.81481794124017,2.3292682384280208,0.45,0.979663668361361,0.5573751529950143,0.7685194106781876,断板,3.275714285714286,-0.035230352303523005,356.4097119212475,8.678587003924989,0.7497276348242874,0.46078885517616797,0.9741834539409349,0.5252718157076399,0.004970851123380076,1577999327.0,-4.604170810270569,3.794156127344084,1,SHSE.601212,2024-04-11,2024-04-11T09:30:00.000000,3.4,2024-04-12T11:30:00.000000,3.54,3.288024373095854,1.5,未涨停卖出
SZSE.002362,汉王科技,2023-12-15,26.39,26.94,25.76,25.98,27.5,-0.05527272727272725,44308447.0,1162112079.39,30.25,24.75,false,false,2.0,21.4016044066651,63.5093170308,5378725030.08,41.8197287934,false,false,true,断板,断板,断板,2天2板,31.18307163500889,26.907999999999998,26.041428571428572,-4.036363636363634,-0.23588787097482017,2622.777727664434,false,21.6,0.48999128866523056,0.009771933994724296,0.14439856264176343,0.0014455825308996352,0.10603213356541728,-0.0005869599243693973,0.0025010900870838576,0.202007179123553,29.893635719942626,3.355605776413818,0.5166666666666667,0.9080007863180657,0.0,0.45400039315903284,断板,25.587142857142855,-0.07188660141748227,2779.0490897472755,7.475852827871152,0.4467164766024381,0.12259162379045735,0.8934329532048761,0.0,0.0022124920297466417,1854182719.88,-5.03946080923714,3.137736586455264,1,SZSE.002362,2023-12-15,2023-12-15T09:30:00.000000,26.39,2023-12-18T11:30:00.000000,26.89,1.0827474490065505,1.5,未涨停卖出
SHSE.600200,退市苏吴,2024-01-29,9.37,9.73,8.99,9.43,9.77,-0.03480040941658136,91589433.0,857862507.0,10.75,8.79,false,false,11.0505,12.90795345112592,67.1685539576,6691133156.47,55.3316912081,false,false,true,断板,断板,断板,3天3板,6.677658822227374,9.779999999999998,9.391428571428573,-4.094165813715459,0.4107088530574769,936.6391721193427,false,7.92,0.22790040312415796,0.004946943741422734,0.021053861846554948,-0.0005139751725626059,0.506487878067055,0.0020429791802698705,0.0013452949160842052,0.20805337496822557,30.131635610451266,3.2956520652998154,0.4166666666666667,0.9558996471971776,0.0,0.4779498235985888,断板,9.341428571428574,-0.10036832412523022,1031.0772525336502,4.587857470561211,0.4797138377107017,0.031079655220744427,0.9594276754214034,0.0,0.0015013362676731842,1330795191.0,-9.124171084414446,0.30585716470403757,1,SHSE.600200,2024-01-29,2024-01-29T09:30:00.000000,9.37,2024-01-30T11:30:00.000000,9.4,-0.4791931526827419,1.5,未涨停卖出
SZSE.002445,中南文化,2023-12-19,2.72,2.78,2.57,2.58,2.86,-0.0979020979020978,408063298.0,1081414292.35,3.15,2.57,false,false,7.2071,17.135167204091857,61.70504293980001,6144108757.74,37.9271575686,false,false,true,断板,断板,断板,2天2板,5.019269195577122,2.723999999999999,2.6657142857142846,-4.895104895104884,-3.215434083601243,265.0114081933435,true,2.22,0.6371247422398741,0.012056108945087818,0.2908355198323407,0.0021548641591710915,0.043856374877129276,-0.0003276617365582533,0.0033903553476356337,0.2859996208272839,34.098179955722344,2.6319999307257618,0.4,0.9461477987421384,0.0,0.4730738993710692,炸板,2.6342857142857135,-0.0434782608695653,309.4571971309049,8.568329718004367,0.4695361635220126,0.23820512130265864,0.9390723270440252,0.0,0.0032149914390659632,1951674602.79,-12.104160923767415,3.2537960954447165,1,SZSE.002445,2023-12-19,2023-12-19T09:30:00.000000,2.72,2023-12-20T11:30:00.000000,2.49,-9.18531755331614,1.5,未涨停卖出
SZSE.000957,中通客车,2024-05-16,11.23,11.8,10.93,11.08,11.75,-0.05702127659574463,95535651.0,1073194530.26,12.93,10.58,false,false,5.11317,16.113175372814524,65.6937561088,6569375610.88,43.46795420480001,false,false,true,断板,断板,断板,2天2板,9.829297793698572,10.796000000000003,10.358571428571427,-4.425531914893614,6.964556612881001,1123.3445515119795,false,7.91,0.6758483679090781,0.013981908967279447,0.5753754238568523,0.004462782515689209,0.03656099031314967,-0.0006416339081388579,0.004835282878858837,0.43382568260418664,23.494566679483494,1.9935587364247063,0.55,0.9450527962456003,0.35308088522855374,0.649066840737077,断板,10.108571428571427,0.03160667251975413,1181.921321027339,16.237987563595272,0.646510641140337,0.5735062656086996,0.9329292139225656,0.3600920683581083,0.004558056709870461,1792003293.78,-4.985215172878332,11.093838326738293,1,SZSE.000957,2024-05-16,2024-05-16T09:30:00.000000,11.23,2024-05-17T11:30:00.000000,10.41,-8.040500509094532,1.5,未涨停卖出
SZSE.000888,峨眉山A,2024-04-16,14.2,15.21,13.28,13.34,14.75,-0.0955932203389831,123116339.0,1712721866.6,16.23,13.28,false,false,6.25234,23.365586950236818,70.2902078068,7029020780.68,42.4567655072,false,false,true,断板,断板,断板,4天3板,15.325300135226726,13.663999999999998,12.940000000000001,-3.728813559322039,3.0911901081916424,1391.1409976217697,true,8.86,0.6501613769381593,0.01955069034819342,0.32957656088075543,0.004354168961793894,0.2500930619916997,0.001545409537203706,0.006550845411696743,0.3698484744255195,25.922243789955917,1.8645832985666237,0.6166666666666667,0.9882697947214076,0.40051702843244685,0.6943934115769272,断板,12.525714285714287,0.002719238613188235,1522.111113702772,17.757755474452548,0.6748990127710605,0.2831647736327497,0.9837732160312805,0.3660248095108403,0.0059190981380520934,2161957400.83,-6.708519028835602,13.366788321167867,1,SZSE.000888,2024-04-16,2024-04-16T09:30:00.000000,14.2,2024-04-17T11:30:00.000000,13.69,-4.359744122103122,1.5,未涨停卖出
SZSE.002306,ST云网,2024-01-03,5.2,5.77,4.96,5.7,5.38,0.059479553903345694,218373506.0,1167507858.75,5.92,4.84,false,false,4.18338,26.850627600811546,49.5764625,4635753780.900001,38.133667299,false,false,true,断板,断板,断板,9天6板,9.775475202481973,5.406000000000001,5.135714285714286,-3.345724907063192,10.987482614742692,534.6380520858606,false,3.86,0.7510008932268226,0.020911917133322643,0.5597624938188486,0.005102659361355628,0.09210970521293979,0.00076608143077864,0.006963537536575935,0.4577143371186707,26.04044194529232,2.140468181608708,0.5166666666666667,0.9895996860282574,0.3400938777059917,0.6648467818671245,断板,5.022857142857143,-0.07718696397941682,585.2962926788222,7.110352673492597,0.653738271808777,0.5465628599098352,0.9858684985279687,0.3216080450895854,0.006137999543537921,1508846480.35,-11.156109050335827,3.526734926052333,1,SZSE.002306,2024-01-03,2024-01-03T09:30:00.000000,5.2,2024-01-04T11:30:00.000000,5.48,4.544897333741965,1.5,未涨停卖出
SHSE.600705,中航产融,2024-01-30,3.33,3.54,3.31,3.36,3.42,-0.01754385964912286,251255936.0,854385531.0,3.76,3.08,false,false,23.5157,2.8537461647496127,296.51644733759997,29582867438.879997,137.2865588976,false,false,false,,未涨停,未涨停,2天2板,3.073799818082904,3.372,3.217142857142857,-2.6315789473684172,4.440497335701597,340.0459088059118,false,2.75,0.22806253071250032,0.005090585344130424,0.4742126214750565,-0.002285797923675089,0.8086824354928224,-0.0021723533359011473,-0.000776487893781804,0.525323547527875,44.77221338237713,3.8645831839832963,0.31666666666666665,0.8592984518910445,0.4050620622124302,0.6321802570517373,断板,3.1557142857142857,-0.011560693641618491,352.68933113301284,8.374830239927569,0.6157133386430136,0.546882263923262,0.8136025088200706,0.41782416846595666,-0.001208046986343967,1385035808.0,-5.582627370598647,5.5228610230873665,1,SHSE.600705,2024-01-30,2024-01-30T09:30:00.000000,3.33,2024-01-31T11:30:00.000000,3.45,2.778076881662531,1.5,未涨停卖出
SZSE.002897,意华股份,2024-05-28,45.9,47.85,45.01,46.08,47.27,-0.02517452929976738,19030409.0,881614177.53,52.0,42.54,false,false,1.645,11.658258371924473,89.4180999168,7521888936.96,41.0237074944,false,false,true,断板,断板,断板,2天2板,14.922624613673808,44.44599999999999,42.56285714285713,-2.8982441294690173,8.263408740014789,4632.660167892345,false,29.03,0.545549932952277,0.011662904330719034,0.3058404001670013,0.0034060522008669764,0.012735251659058849,0.0003085344244884514,0.00412816729392383,0.26585076217167375,26.682549600125906,2.276043904240196,0.55,0.9589362534219789,0.0,0.47946812671098943,炸板,41.37999999999999,0.0033963065166631168,4873.27261728889,14.233929434509465,0.4692999608916699,0.26595558213927806,0.9385999217833398,0.0,0.0036432157812901814,1682170618.19,-5.812780025560738,10.923151280812004,1,SZSE.002897,2024-05-28,2024-05-28T09:30:00.000000,45.9,2024-05-29T11:30:00.000000,47.11,1.8183475249329537,1.5,未涨停卖出
SHSE.600610,中毅达,2023-12-22,8.53,8.64,7.99,7.99,8.88,-0.10022522522522526,93775038.0,775028163.0,9.77,7.99,false,false,58.344,20.89802923585749,56.8020769395,3585326372.9500003,35.8532637295,false,false,true,断板,断板,断板,5天3板,22.684307924129453,8.331999999999997,8.15714285714286,-3.9414414414414574,-2.0490367775832206,826.4759786074413,true,6.7,0.48890079833172595,0.010878064638553791,0.20961658530926022,-0.0030475031616370904,0.5541030933556899,-0.004762283162744747,-0.0007768236019312109,0.36881938032768224,22.689660144215367,2.2534380631690873,0.45,0.45059909644470636,0.2357700757461483,0.34318458609542735,炸板,7.99857142857143,-0.019867549668874163,934.0311450176756,11.019824968744409,0.258551966947194,0.26540435914022725,0.2756385068762279,0.24146542701816015,-0.0014868545840610488,1269823393.0,-8.675422168726744,6.644043579210557,1,SHSE.600610,2023-12-22,2023-12-22T09:30:00.000000,8.53,2023-12-25T11:30:00.000000,8.13,-5.448779325838476,1.5,未涨停卖出
SHSE.600639,浦东金桥,2024-02-02,13.3,15.14,13.3,15.14,13.76,0.10029069767441867,99788850.0,1458312113.0,15.14,12.38,false,false,3.57926,11.736596367564715,128.7258368342,12872583683.42,41.827077546400005,true,false,false,,涨停,9天6板,5天5板,2.0474604823075957,14.016,13.687142857142858,-3.343023255813947,10.614758375952405,1461.3978545699244,false,9.16,0.6777394861451916,0.02387805841950221,0.05706958266742101,0.0015281421329252202,0.31356842245091,-0.0016717759993452722,0.005038149950559471,0.2581532152980218,26.904763166552453,2.5317725111521137,0.4666666666666667,0.995101880877743,0.0,0.4975509404388715,炸板,13.115714285714287,0.05846153846153834,1398.2610328633743,4.912318919507671,0.4960807368214776,0.018913275078527792,0.9921614736429551,0.0,0.003915074989262352,1436138512.0,-4.881851904546652,1.4050756998148284,1,SHSE.600639,2024-02-02,2024-02-02T09:30:00.000000,13.3,2024-02-07T11:30:00.000000,11.65,-13.103975077135072,3.5,止损卖出
SHSE.600686,金龙汽车,2024-07-18,9.5,9.96,9.3,9.68,9.94,-0.026156941649899346,108062306.0,1039879377.0,10.93,8.95,false,false,11.9318,15.070454678173675,69.4101899656,6941018996.559999,35.6609231088,false,false,true,断板,断板,断板,3天2板,10.764843254431526,9.505999999999998,9.121428571428572,-4.426559356136816,6.123727486295998,962.2961192406907,false,6.9,0.6535354477810437,0.01637556536817958,0.05604129393314115,-0.0012327382392368857,0.4578058373319848,0.0025204961527862313,0.0034148927998533425,0.29606948772237474,23.760334418641726,2.885245818392908,0.45,0.9804190327002154,0.0,0.4902095163501077,断板,8.785714285714286,0.009137055837563413,1017.2552728272398,13.138211382113807,0.48326482677627713,0.09911996049419751,0.9665296535525543,0.0,0.002614830560565085,1493157034.0,-6.611444995543591,8.130081300813007,1,SHSE.600686,2024-07-18,2024-07-18T09:30:00.000000,9.5,2024-07-24T11:30:00.000000,12.13,26.666806458377025,4.5,未涨停卖出
SZSE.002673,西部证券,2024-02-29,7.6,8.05,7.26,7.97,7.83,0.017879948914431676,465242031.0,3518348643.85,8.61,7.05,false,false,2.59701,11.321976089772967,356.2256618885,32750281025.76,165.5162131477,false,false,true,断板,断板,断板,3天2板,6.797356724264445,7.455999999999999,7.131428571428573,-2.9374201787994947,11.75881410256408,756.2404962181931,false,5.44,0.5956404308543249,0.013441710712423076,0.0005046636035269053,0.00008764723220783298,0.14733945556632763,-0.0005963690548636516,0.0025532550421294366,0.16358225464252674,35.814809975295056,2.86941572522467,0.35,0.9665165459173684,0.0,0.4832582729586842,炸板,6.892857142857144,0.031620553359683834,824.5121412999451,13.595854922279774,0.47611121989426275,0.014670524903940314,0.9522224397885255,0.0,0.0017179785500649027,4558654123.99,-7.82428033118272,10.259067357512919,1,SZSE.002673,2024-02-29,2024-02-29T09:30:00.000000,7.6,2024-03-01T11:30:00.000000,7.86,2.596980499056438,1.5,未涨停卖出
SZSE.000712,锦龙股份,2024-08-05,11.4,12.86,11.25,12.5,11.74,0.06473594548551964,144614967.0,1760101028.78,12.91,10.57,false,false,13.1605,16.153751151470956,112.0,11190509687.5,55.853783875,false,false,true,断板,断板,断板,9天6板,9.723681319140093,11.950000000000001,11.449999999999998,-2.896081771720612,9.17030567685592,1217.0946516068423,false,7.3,0.8120970067902816,0.03068726848054998,0.027160618412275045,-0.0015122303158621871,0.49449434208251214,-0.003273993252758954,0.004399140562351217,0.32434801318894746,21.530256012313483,2.17741930742716,0.48333333333333334,0.9886408147277712,0.11930141668145236,0.5539711157046118,断板,10.97142857142857,-0.09553158705701081,1256.5549496588706,7.005208333333352,0.5558897198614484,0.07710554679744118,0.9790483649892304,0.13273107473366635,0.003304185681327045,2066044247.32,-9.275754290770399,3.906250000000022,1,SZSE.000712,2024-08-05,2024-08-05T09:30:00.000000,11.4,2024-08-06T11:30:00.000000,11.52,0.2474313273222882,1.5,未涨停卖出
SHSE.600635,大众公用,2024-08-01,3.7,3.77,3.56,3.61,3.89,-0.07197943444730082,266126779.0,974991486.0,4.28,3.5,false,false,141.732,11.002467957477156,87.31837946750001,8731837946.75,63.8903244241,false,false,true,断板,断板,断板,4天4板,3.1186809525462746,3.842,3.6228571428571428,-4.884318766066836,-0.354889589905364,366.3635390860083,false,2.63,0.7206562252378479,0.021526766024057818,0.11497492694332354,0.0020818916361839395,0.032035866818100424,0.00039877372481946134,0.005465931140349372,0.21122946856466146,30.721565155041617,2.2644230256469595,0.45,0.9917759937340904,0.0,0.4958879968670452,炸板,3.531428571428571,-0.09112149532710279,431.330862744743,10.153721682847909,0.4959851155503329,0.08040043224899418,0.9919702311006658,0.0,0.005191919751591182,1723816010.0,-14.218983161665843,4.773462783171545,1,SHSE.600635,2024-08-01,2024-08-01T09:30:00.000000,3.7,2024-08-02T11:30:00.000000,3.5,-6.159147195003767,1.5,未涨停卖出
SZSE.000550,江铃汽车,2024-07-16,23.45,25.24,23.31,25.01,24.17,0.03475382705833674,49054650.0,1199436279.5,26.59,21.75,false,false,3.71039,9.461549784945184,129.8554214,12966763631.6,37.832014255000004,false,false,true,断板,断板,断板,3天2板,6.248284834741199,23.922000000000004,23.03,-2.9788994621431626,8.597481545809815,2445.1021044895847,false,20.1,0.08963435693024357,0.0027649704528726763,0.7495319792307998,-0.004821475347629603,0.0015002853109231803,-0.0001294093525768867,-0.0018965663890133319,0.3931429465947256,31.897733234087603,2.7223649644476997,0.36666666666666664,0.6104912898806029,0.26722180091118364,0.43885654539589325,断板,22.457142857142856,-0.018277822908204677,2504.0411857545755,7.62722646310434,0.3825668915100784,0.8041240424856861,0.47563123899001764,0.2895025440301391,-0.0026147198861609772,1634701889.03,-6.351380586683508,4.421119592875322,1,SZSE.000550,2024-07-16,2024-07-16T09:30:00.000000,23.45,2024-07-17T11:30:00.000000,24.26,2.6298218639302062,1.5,未涨停卖出
SHSE.600577,精达股份,2024-03-27,5.16,5.31,4.83,4.85,5.31,-0.08662900188323919,359372996.0,1818328821.0,5.84,4.78,false,false,24.9671,18.006060821511277,100.84013067199999,9679846402.15,73.4507684005,false,false,true,断板,断板,断板,2天2板,12.846193564329768,4.788,4.607142857142857,-2.8248587570621373,5.271317829457366,505.9725803660551,false,3.03,0.7013050913032102,0.015019502558122011,0.04550206980422415,0.0011243040292982722,0.043882431535913896,-0.0004180204407215182,0.0034406463940570833,0.1761767826235283,29.896124701184856,2.207171266024985,0.5333333333333333,0.9581213307240705,0.0,0.47906066536203523,炸板,4.507142857142857,0.05357142857142838,541.9773401007109,17.81299524564183,0.46996086105675144,0.020287958680327938,0.9399217221135029,0.0,0.0030449184704929052,2349711345.0,-4.793067565497056,14.48494453248812,1,SHSE.600577,2024-03-27,2024-03-27T09:30:00.000000,5.16,2024-03-29T11:30:00.000000,5.17,-0.6045585101454493,2.5,未涨停卖出
SHSE.601137,博威合金,2024-03-27,18.11,18.79,17.5,17.54,18.92,-0.07293868921775915,55892682.0,1009938828.0,20.81,17.03,false,false,2.28617,7.170638786275529,137.139273598,13671831359.8,70.7411884262,false,false,false,,未涨停,未涨停,2天2板,9.511328828291097,19.25,18.625714285714285,-4.2811839323467344,-5.829114894922533,1806.924970964893,false,11.75,0.6858339216369252,0.015884293001755468,0.187281051628254,0.0026080195237104297,0.011204776589414614,0.00024026253760591265,0.0045529471234880825,0.23416874311833644,28.128075281894265,2.139921676320854,0.5666666666666667,0.9749510763209394,0.0,0.4874755381604697,断板,18.418571428571425,-0.03469387755102038,1944.72941307465,2.7224075079500767,0.4865949119373777,0.1632042887790948,0.9731898238747554,0.0,0.004618985455383205,1443719801.0,-6.876504884205026,-1.675327697200013,1,SHSE.601137,2024-03-27,2024-03-27T09:30:00.000000,18.11,2024-03-28T11:30:00.000000,18.66,2.215984213339926,1.5,未涨停卖出
SZSE.000008,神州高铁,2024-03-13,2.76,2.83,2.65,2.68,2.9,-0.07586206896551717,312702782.0,854215674.26,3.19,2.61,false,false,26.7392,11.63902754660222,72.7989219044,7200287587.64,42.71029653080001,false,false,true,断板,断板,断板,3天3板,4.524797795751913,2.6640000000000006,2.5114285714285716,-4.827586206896556,6.71217292377702,273.17175395644546,false,1.88,0.613474680956759,0.015537403224421337,0.04757123582727127,-0.0009984733116680197,0.18316524834818163,-0.0007720121498704428,0.002376640344089125,0.20143012860944193,33.41413886747526,2.5284552206219857,0.4166666666666667,0.9185750636132316,0.0,0.4592875318066158,炸板,2.435714285714286,0.02473498233215543,300.394384572889,19.061583577712597,0.4448795770511063,0.10319644595221106,0.8897591541022126,0.0,0.001891221336263981,1571624227.63,-8.12078581547847,13.313782991202316,1,SZSE.000008,2024-03-13,2024-03-13T09:30:00.000000,2.76,2024-03-14T11:30:00.000000,2.82,1.3597782781915813,1.5,未涨停卖出
SHSE.600316,洪都航空,2024-08-08,20.96,21.16,19.54,19.54,21.71,-0.0999539382772916,51949437.0,1042279567.0,23.88,19.54,false,false,4.39711,7.2442317273869365,140.1241756448,14012417564.48,72.0587037808,false,false,true,断板,断板,断板,2天1板,4.5576103192846835,21.356,21.295714285714286,-3.454629203132197,-8.24444891661636,2006.3346730783628,true,15.0,0.7853226034865112,0.022578675497265367,0.013384096113645284,0.0007119534652884213,0.005063814313298689,0.0001666389806955598,0.0049217035263059514,0.1652757130481145,26.2623339347575,2.562499934335939,0.48333333333333334,0.9911868390129259,0.0,0.49559341950646296,断板,21.697142857142858,-0.0757769263516389,2287.8269365637343,0.05925730840137174,0.495397571484528,0.0062212200705868675,0.990795142969056,0.0,0.005139332194763194,1725573151.0,-8.384678644087218,-3.397419015011849,1,SHSE.600316,2024-08-08,2024-08-08T09:30:00.000000,20.96,2024-08-09T11:30:00.000000,20.15,-4.630523706699922,1.5,未涨停卖出
SZSE.000957,中通客车,2024-05-17,10.6,11.16,10.4,10.66,11.08,-0.03790613718411551,75204024.0,802804069.62,12.19,9.97,false,false,5.11317,12.68401497000688,63.203559577600004,6320355957.76,41.8202519696,false,false,false,,未涨停,未涨停,2天2板,9.829297793698572,11.046000000000003,10.584285714285715,-4.332129963898921,0.7153462005668773,1067.501480532478,false,7.91,0.6475172562934796,0.012808477177219226,0.5751808253823419,0.004382002292184475,0.02016991084138856,-0.0004771221456076973,0.004609559937853773,0.42314483720228346,23.839881586483994,2.1643356174921764,0.5333333333333333,0.9446617129448572,0.33466659190074155,0.6396641524227994,断板,10.358571428571427,-0.05702127659574463,1123.3445515119795,6.964556612881001,0.649066840737077,0.5753754238568523,0.9450527962456003,0.35308088522855374,0.004835282878858837,1073194530.26,-5.638924533592138,2.330713005102769,1,SZSE.000957,2024-05-17,2024-05-17T09:30:00.000000,10.6,2024-05-20T11:30:00.000000,10.62,-0.609636924002108,1.5,未涨停卖出
SZSE.002426,胜利精密,2024-09-03,1.8,1.88,1.72,1.84,1.89,-0.026455026455026398,313750919.0,568407906.5,2.08,1.7,false,false,5.27351,9.220917211861511,62.98078161440001,6260783799.440001,53.753590793600004,false,false,true,断板,断板,断板,2天2板,7.021880360719733,1.811999999999999,1.7628571428571431,-4.761904761904755,4.376012965964332,181.1653359651195,false,1.49,0.5520379897117822,0.008374228985637973,0.29237269197123633,0.0016046555375113707,0.127077105969227,-0.000720469960263357,0.002261032577804273,0.2947170757187427,36.350017112704606,3.1159419318945627,0.38333333333333336,0.9709690074539035,0.0,0.48548450372695173,炸板,1.7314285714285715,-0.03076923076923077,203.99695476112925,9.158415841584146,0.48410518053375196,0.2595067261494371,0.9682103610675039,0.0,0.0020362511683730765,1073517256.88,-11.763388717850487,3.960396039603964,1,SZSE.002426,2024-09-03,2024-09-03T09:30:00.000000,1.8,2024-09-04T11:30:00.000000,1.77,-2.4501992031872524,1.5,未涨停卖出
SHSE.600171,上海贝岭,2024-06-14,18.1,18.77,17.88,18.52,19.05,-0.027821522309711355,119167212.0,2190977298.0,20.96,17.15,false,false,2.76302,16.809605707092974,131.2925957156,13129259571.56,98.2899557156,false,false,false,,未涨停,未涨停,10天5板,20.814207104714118,18.616000000000003,18.424285714285713,-4.986876640419943,0.5195006590680072,1838.5739342462757,false,11.68,0.8978196218308228,0.029021860705060635,0.35406755323592914,0.005586992020053468,0.03607842136403762,0.0006986638370473164,0.008807467302153057,0.3674212273933404,25.375867658445973,2.150367987407965,0.5333333333333333,0.9976535001955417,0.23745184964154276,0.6175526749185423,断板,18.075714285714287,-0.014485256078634157,1957.766277605405,5.390026080771353,0.6059325358962598,0.3053422924844295,0.9972629521016618,0.21460211969085782,0.008476309461578022,3073068176.0,-7.547697562047184,0.13435548881688408,1,SHSE.600171,2024-06-14,2024-06-14T09:30:00.000000,18.1,2024-06-17T11:30:00.000000,18.43,1.0118641456274209,1.5,未涨停卖出
SHSE.603306,华懋科技,2024-09-10,21.61,22.65,20.46,20.46,22.73,-0.09986801583809946,59128322.0,1243057826.0,25.0,20.46,false,false,2.25167,18.13228374698377,66.718869228,6671886922.8,52.25304975,false,false,true,断板,断板,断板,5天3板,14.933876924758362,21.514000000000003,20.872857142857146,-4.9274087109546905,-1.9779618095955225,2102.305264133827,true,16.08,0.5828503883459997,0.01499898022708357,0.014067957793790428,0.0004871040083099008,0.4414602801801143,-0.0016383873322391967,0.0027518318498999054,0.2560421406201294,29.519874544768058,2.81694907319035,0.45,0.9739113377795214,0.0,0.4869556688897607,炸板,20.461428571428574,0.0030891438658429138,2427.863489816512,11.08706276618026,0.4840133385641428,0.0004224004540597842,0.9680266771282856,0.0,0.002277607914443282,2132188077.0,-10.991700766367241,5.6133491586957796,1,SHSE.603306,2024-09-10,2024-09-10T09:30:00.000000,21.61,2024-09-11T11:30:00.000000,18.64,-14.430938900575399,1.5,止损卖出
SHSE.603306,华懋科技,2024-09-06,19.88,22.66,19.88,22.66,20.6,0.09999999999999987,55442223.0,1232089658.0,22.66,18.54,false,false,2.25167,17.00190509379836,73.89294118800001,7389294118.8,57.87165725,true,false,false,,涨停,5天3板,3天2板,9.468208350186547,20.584000000000003,19.640000000000004,-3.4951456310679725,15.376782077393052,2222.294834750764,false,16.08,0.3849075443268433,0.010364325959814392,0.01940296684261169,-0.0005192528296314344,0.556071683141824,-0.0018370695307125663,0.0012621179179333913,0.2535044972292217,32.01217722677421,3.44376887836504,0.4666666666666667,0.936837975676736,0.0,0.468418987838368,断板,18.75714285714286,-0.024621212121212155,2089.733741547852,9.824828636709817,0.42565712043938797,0.11327311545018551,0.8513142408787759,0.0,0.00011490343001954967,851569488.0,-4.86826333542848,5.986290936785976,1,SHSE.603306,2024-09-06,2024-09-06T09:30:00.000000,19.88,2024-09-09T11:30:00.000000,23.79,18.71447810368185,1.5,未涨停卖出
SHSE.600552,凯盛科技,2024-09-05,14.2,15.68,13.37,15.29,14.8,0.033108108108107936,225439778.0,3292536686.0,16.28,13.32,false,false,8.42395,23.865989061900706,144.43039409259998,14443039409.259998,89.6155841592,false,false,true,断板,断板,断板,7天4板,12.465931745218311,14.831999999999999,13.918571428571427,-4.054054054054063,9.853227958534337,1460.4950001325853,true,8.58,0.7629744878385653,0.026659825984729317,0.4102587559776437,0.005980024293179276,0.08010069849549854,-0.0011247323932591755,0.007984557625557748,0.3817544851051845,24.07991037730945,2.0566502040073176,0.5,0.995880737544135,0.21092085573632952,0.6034007966402323,断板,13.405714285714284,-0.07845579078455778,1535.8297920059392,10.40068201193523,0.5952038496046006,0.37036724698026857,0.9950970778584036,0.1953106213507975,0.007235135115039804,4086522641.0,-7.541837813593566,5.924978687127025,1,SHSE.600552,2024-09-05,2024-09-05T09:30:00.000000,14.2,2024-09-06T09:30:00.000000,14.05,-1.8447337410919609,1.0,大幅低开卖出
SHSE.600048,保利发展,2024-10-09,10.6,10.6,9.89,9.89,10.99,-0.100090991810737,395132044.0,3955323147.0,12.09,9.89,false,false,25.8892,3.300897303485337,1183.8768540402,118387685404.02,701.8637245484001,false,false,true,断板,断板,断板,3天3板,3.9892326568449263,10.212000000000007,9.645714285714288,-3.548680618744318,2.5325829383886105,1001.0130049083035,true,7.3,0.6252744370248873,0.01859863394848448,0.01998786435355607,-0.0007341377068580254,0.13770071110709714,-0.001192789514442119,0.0029948210819352476,0.17635903291388466,30.239355850348538,2.5113871004904227,0.48333333333333334,0.7143137254901961,0.0,0.35715686274509806,炸板,9.387142857142859,-0.0036264732547596212,1131.2424581424557,17.075026632171646,0.3615686274509804,0.043358885225433005,0.7231372549019608,0.0,0.0024867157403705934,7761689306.0,-6.297717843744888,12.920407852686022,1,SHSE.600048,2024-10-09,2024-10-09T09:30:00.000000,10.6,2024-10-10T11:30:00.000000,10.19,-4.633917161542504,1.5,未涨停卖出
SHSE.600266,城建发展,2024-10-09,5.75,5.76,5.39,5.39,5.99,-0.10016694490818034,113168085.0,618702158.0,6.59,5.39,false,false,6.75439,5.451930097257436,111.88257502729999,11188257502.73,60.9652252594,false,false,true,断板,断板,断板,3天2板,5.866543100789764,5.6,5.299999999999999,-4.0066777963272155,1.6981132075471843,546.7108133887748,true,3.85,0.6844072763182287,0.019478291556795153,0.4226723025117338,0.004242874150628912,0.07269264722953998,0.0009123997813372946,0.0062908153210746755,0.37002540068837464,25.57445920523056,2.215946794749618,0.5666666666666667,0.9507843137254902,0.4125334521921345,0.6816588829588124,炸板,5.171428571428571,-0.011551155115511413,607.362726511111,15.828729281767973,0.6693650016786876,0.39930190447811953,0.9641176470588235,0.3746123562985517,0.005986899322897519,1489165271.0,-5.328401809741113,11.187845303867427,1,SHSE.600266,2024-10-09,2024-10-09T09:30:00.000000,5.75,2024-10-10T11:30:00.000000,5.43,-6.317685778624628,1.5,未涨停卖出
SHSE.600559,老白干酒,2024-10-09,22.6,22.6,21.1,21.1,23.44,-0.09982935153583616,60375928.0,1293849874.0,25.78,21.1,false,false,7.20851,6.676748270732742,193.011710684,19080127468.4,142.27253393200002,false,false,true,断板,断板,断板,3天3板,7.420225027032921,21.613999999999997,20.481428571428573,-3.583617747440272,3.0201576340936027,2142.989626594228,true,15.81,0.5132124110736113,0.01460680485892708,0.11737898573072425,0.0015178729810381587,0.2799193041723219,-0.001860154206271612,0.003122251200423012,0.24530776633178097,28.868827106788967,2.6248714624468477,0.5,0.7372549019607844,0.0,0.3686274509803922,炸板,19.93,0.009474590869939847,2396.0476773395376,17.611640742599104,0.37676470588235295,0.09445341740593512,0.7535294117647059,0.0,0.002658491164408461,2558369892.0,-5.678003765375772,13.39688911189163,1,SHSE.600559,2024-10-09,2024-10-09T09:30:00.000000,22.6,2024-10-10T11:30:00.000000,21.18,-7.029933363889568,1.5,未涨停卖出
SHSE.600649,城投控股,2024-10-09,4.78,4.91,4.5,4.5,5.0,-0.09999999999999998,138223876.0,647325373.0,5.5,4.5,false,false,5.88227,5.464310856814649,113.83090353,11383090353.0,53.71389846,false,false,true,断板,断板,断板,4天3板,6.222220447484486,4.6019999999999985,4.300000000000002,-4.399999999999995,4.651162790697636,468.31661195783573,true,3.06,0.6820032530837918,0.02577812894133455,0.041012208020726054,0.0013463352906824232,0.046892973909505004,-0.0007256470013495814,0.005611099333203248,0.1709746467999729,28.480726168149666,2.29113918801314,0.45,0.9294117647058824,0.0,0.4647058823529412,炸板,4.130000000000001,0.012145748987854255,518.8102388215763,21.065375302663416,0.4666666666666667,0.017501321998133923,0.9333333333333333,0.0,0.004923204691237851,1493289679.0,-7.866120551952182,15.738498789346234,1,SHSE.600649,2024-10-09,2024-10-09T09:30:00.000000,4.78,2024-10-10T15:00:00.000000,4.8,-0.38173665171949345,2.0,未涨停卖出
SHSE.600801,华新建材,2024-10-09,13.43,13.48,12.57,12.71,13.9,-0.08561151079136686,26763432.0,346458161.0,15.29,12.51,false,false,11.6916,1.9909184563381168,170.8574349879,17085743498.79,70.5254652139,false,false,true,断板,断板,断板,2天2板,2.074571797885777,13.107999999999999,12.464285714285714,-3.3812949640287817,1.971346704871073,1294.520676570927,true,9.91,0.4704282082233893,0.013417682322885927,0.5683742662925827,-0.005719490691870027,0.5820494290622363,-0.002541604322757517,-0.0009386901781850833,0.5528876035096402,32.36234861889993,2.726480761899958,0.4166666666666667,0.043137254901960784,0.6120313335725944,0.3275842942372776,炸板,12.105714285714285,-0.023190442726633842,1450.1796030008052,14.82180788293605,0.3304207370017481,0.6009405602397755,0.051176470588235295,0.609665003415261,-0.0013062619833891869,550614952.0,-7.390781305917027,10.939343875383534,1,SHSE.600801,2024-10-09,2024-10-09T09:30:00.000000,13.43,2024-10-10T11:30:00.000000,13.04,-3.6776201226367746,1.5,未涨停卖出
SHSE.601155,新城控股,2024-10-09,13.99,14.4,13.28,13.47,14.64,-0.07991803278688525,71299709.0,984412264.0,16.1,13.18,false,false,1.58032,3.1609765262992173,303.8323987032,30383239870.32,99.6541387032,false,false,true,断板,断板,断板,3天3板,2.260869018846887,13.475999999999994,12.698571428571427,-4.439890710382516,6.074924063449228,1380.6679968357234,true,9.09,0.5573985458667264,0.017884441040526746,0.43758978999949205,0.004515402495772259,0.0665590677290714,0.0008735636266988061,0.006096658544001121,0.3502423244918127,27.882245375108592,2.123655868879351,0.5333333333333333,0.946078431372549,0.396051686212765,0.671065058792657,炸板,12.254285714285711,0.019498607242339983,1495.4561719133014,19.46840755420848,0.6521856879339021,0.42284831158855857,0.9515686274509804,0.3528027484168239,0.005455361587632433,1799917395.0,-6.449949769500396,14.164140825367255,1,SHSE.601155,2024-10-09,2024-10-09T09:30:00.000000,13.99,2024-10-10T11:30:00.000000,14.04,-0.4422624014307597,1.5,未涨停卖出
SHSE.603517,ST绝味,2024-10-09,16.71,16.74,15.53,15.53,17.25,-0.09971014492753627,39190846.0,627627597.0,18.98,15.53,false,false,1.53603,6.321866406705862,96.27439101440001,9627439101.44,46.8613569324,false,false,true,断板,断板,断板,3天3板,6.136162457660272,15.873999999999986,15.002857142857152,-3.130434782608691,3.5136164540086896,1601.4647833833442,true,11.55,0.5384087120561247,0.015723081288129017,0.18962811779906294,-0.0025501913643447794,0.7607570063659846,-0.004325332316998902,0.0005719208803537431,0.43072290322055184,27.752246059515937,2.613128423335709,0.38333333333333336,0.20137254901960785,0.5167952464197645,0.3590838977196862,断板,14.542857142857153,0.012918379330592922,1757.1042890784886,18.614931237720935,0.3601936954667716,0.2328395962172244,0.1996078431372549,0.5207795477962883,0.000069178475191666,1279830204.0,-4.900351653210411,14.90176817288793,1,SHSE.603517,2024-10-09,2024-10-09T09:30:00.000000,16.71,2024-10-10T11:30:00.000000,16.48,-2.1622665531768797,1.5,未涨停卖出
SZSE.000029,深深房A,2024-10-09,14.94,14.94,14.0,14.0,15.55,-0.09967845659163987,33367593.0,478482773.0,17.11,14.0,false,false,2.29483,3.7421879415920865,124.8324,12483240000.0,36.52180168,false,false,false,,未涨停,未涨停,2天2板,1.9960032972209139,15.222,14.564285714285715,-3.922829581993577,-3.8744482589504705,1433.9744943544474,true,10.4,0.7406603706995915,0.02054743283269505,0.5048205051352176,0.0049768803061062275,0.06282059466402569,0.0006819353797800654,0.0068025073335261435,0.4193885051067348,33.424947457261275,2.251564404874038,0.5833333333333334,0.9619607843137254,0.5133603968649062,0.7376605905893159,断板,14.317142857142857,-0.061557030778515376,1657.5217324189537,8.611055677509487,0.7360169740401573,0.47184480086176445,0.9715686274509804,0.5004653206293342,0.0066612007302281825,911741791.08,-9.865435198868466,4.350429056076632,1,SZSE.000029,2024-10-09,2024-10-09T09:30:00.000000,14.94,2024-10-10T11:30:00.000000,14.38,-4.515272244355903,1.5,未涨停卖出
SZSE.000860,顺鑫农业,2024-10-09,19.7,19.7,18.63,18.63,20.7,-0.09999999999999998,42680670.0,808543669.0,22.77,18.63,false,false,2.71897,5.753918768687615,138.1911900507,13819119005.07,85.1867594523,false,false,false,,未涨停,未涨停,2天2板,6.388032590110315,18.9,17.841428571428573,-4.830917874396135,4.419889502762419,1894.402475406314,true,13.9,0.5461527710078127,0.016166837049968682,0.0762465026193648,-0.001335537810163635,0.27601580275602716,-0.0015327075047238865,0.002105786253494753,0.2301585463380531,30.840581354831844,2.701346316256165,0.5333333333333333,0.5476470588235294,0.0,0.2738235294117647,炸板,17.267142857142858,0.031904287138584175,2112.9377712755836,19.880863737900214,0.2777450980392157,0.1127018757282686,0.5554901960784314,0.0,0.0016003255317358243,1603023301.85,-6.764883150784506,14.08951766360551,1,SZSE.000860,2024-10-09,2024-10-09T09:30:00.000000,19.7,2024-10-10T11:30:00.000000,18.73,-5.68143668978907,1.5,未涨停卖出
SZSE.002050,三花智控,2024-10-09,24.25,26.51,23.58,24.6,25.36,-0.029968454258675004,140056240.0,3507495931.0,27.9,22.82,false,false,15.1822,3.8157784124778464,918.16782561,90293070811.8,480.22290227400003,false,false,true,断板,断板,断板,2天2板,3.0529098201185074,23.032,21.77285714285714,-4.376971608832806,12.984712289219882,2504.3482039786304,false,15.66,0.5904655992740316,0.01744996232640709,0.03849582926197714,0.0011775157330678834,0.39645392341973956,-0.0022408519993115023,0.0034064947320219087,0.2562772115117168,31.339999168774053,2.4433179126522044,0.5333333333333333,0.7762745098039215,0.0,0.38813725490196077,炸板,20.767142857142858,0.06420478388585815,2553.7358605487593,22.11597991332461,0.3687254901960784,0.010352861967558987,0.7374509803921568,0.0,0.002560703494686326,3729825406.11,-5.041079719227348,16.77099814267042,1,SZSE.002050,2024-10-09,2024-10-09T09:30:00.000000,24.25,2024-10-10T11:30:00.000000,24.33,-0.46954450240275936,1.5,未涨停卖出
SZSE.002146,荣盛发展,2024-10-09,1.74,1.74,1.65,1.65,1.83,-0.09836065573770503,215998900.0,359976226.0,2.01,1.65,false,false,12.049,5.5380480115728234,71.7447035415,6435447729.15,38.051946702,false,false,true,断板,断板,断板,4天3板,8.940689333762885,1.6699999999999977,1.5671428571428563,-4.91803278688525,5.287146763901602,166.65650889888792,true,1.13,0.6745486001067947,0.023388015493237886,0.015345634602588913,-0.0007338670141818781,0.26238173139910403,-0.0021642472112432705,0.0036613954281836574,0.22129705674238462,27.813516502690348,2.361445727368269,0.43333333333333335,0.8047058823529412,0.0,0.4023529411764706,炸板,1.5071428571428562,0.028089887640449396,186.66061541245537,21.42180094786738,0.3968627450980392,0.045431958505569296,0.7937254901960784,0.0,0.0029668253867124747,882656629.61,-6.7826924198657546,15.450236966824704,1,SZSE.002146,2024-10-09,2024-10-09T09:30:00.000000,1.74,2024-10-10T11:30:00.000000,1.61,-8.208545129825511,1.5,未涨停卖出
SZSE.002372,伟星新材,2024-10-09,14.65,15.39,13.85,13.89,15.39,-0.09746588693957114,31237462.0,448518261.0,16.93,13.85,false,false,9.26822,2.123757676478908,221.1340765332,20430219134.010002,84.0882030459,false,false,false,,未涨停,未涨停,2天2板,2.399331640765357,14.068000000000003,13.309999999999999,-4.8083170890188445,4.357625845229165,1435.8345149807626,true,10.4,0.4728688126080193,0.015151923889677702,0.5026000874838817,-0.00488686667599571,0.7965809809239981,-0.003933631028826989,-0.000593137868710411,0.5848481005407441,29.096216164563373,2.716171543385836,0.4,0.06333333333333334,0.5923179202797041,0.3278256268065187,炸板,12.841428571428569,0.02874331550802145,1572.0365106918732,19.846479029925494,0.32289651662672547,0.5685194377943117,0.05392156862745098,0.5918714646259999,-0.0012446685560415002,708941446.71,-6.808780200961428,14.083880298142205,1,SZSE.002372,2024-10-09,2024-10-09T09:30:00.000000,14.65,2024-10-10T11:30:00.000000,14.41,-2.421984417279718,1.5,未涨停卖出
SHSE.600199,金种子酒,2024-10-10,13.18,13.96,12.92,13.4,13.75,-0.025454545454545396,28556240.0,383867106.0,15.13,12.38,false,false,4.71653,4.341194569221575,88.144774416,8814477441.6,64.25832516,false,false,false,,未涨停,未涨停,3天3板,7.561546187499784,14.068000000000001,13.342857142857143,-4.145454545454547,0.4282655246252661,1344.2494740203892,false,9.8,0.6538791220930233,0.019626312543654635,0.020164610267314607,-0.0007669267218552784,0.6627843574557402,-0.0031588188949510983,0.0025941534793179582,0.339693436788984,29.759761863627176,2.5605094885780377,0.43333333333333335,0.5466666666666666,0.4202620205106836,0.4834643435886751,断板,13.014285714285716,-0.10013089005235598,1402.2381121621413,5.653128430296364,0.5088805912839451,0.03910103391892564,0.5713725490196079,0.4463886335482825,0.002205615488959367,562899590.0,-6.0074042654747695,1.273326015367715,1,SHSE.600199,2024-10-10,2024-10-10T09:30:00.000000,13.18,2024-10-11T11:30:00.000000,12.97,-2.3774401634735733,1.5,未涨停卖出
SHSE.600606,绿地控股,2024-10-10,1.97,2.03,1.86,1.94,2.06,-0.058252427184466105,264305115.0,514026063.0,2.27,1.85,false,false,120.838,1.880610568975683,272.6518352916,27265183529.16,75.6377348334,false,false,true,断板,断板,断板,5天4板,1.782624349163785,2.0520000000000005,1.934285714285714,-4.368932038834955,0.2954209748892322,194.48207160122496,true,1.31,0.7138834449965016,0.026800376295288413,0.2441914763310418,0.0037630805400903603,0.25255174280263354,-0.0022670807010656646,0.006561491318783164,0.34063795000561126,27.77334851612607,2.336734639274262,0.48333333333333334,0.94,0.38537651920272237,0.6626882596013611,断板,1.8714285714285712,-0.10043668122270744,208.2846304814623,10.076335877862611,0.6628104472255346,0.21253215633408315,0.9447058823529412,0.380915012098128,0.006046216139002037,682386597.0,-5.417889191044578,5.2671755725191005,1,SHSE.600606,2024-10-10,2024-10-10T09:30:00.000000,1.97,2024-10-11T11:30:00.000000,1.93,-2.811090662729796,1.5,未涨停卖出
SHSE.601933,永辉超市,2024-10-10,3.42,3.47,3.23,3.23,3.59,-0.10027855153203336,490423608.0,1592641367.0,3.95,3.23,false,false,9.17165,5.404094863506194,293.1236948739,29312369487.39,152.7992101423,false,false,true,断板,断板,断板,6天6板,4.130658902979086,3.5480000000000005,3.3528571428571436,-4.735376044568243,-3.664252236898191,324.7481036842745,true,2.15,0.6680744728059526,0.02987732489118064,0.3047581339513946,0.005144223276164347,0.032102899302506774,0.0006615058813469599,0.00874602838072239,0.29562483132763984,21.301363991785973,2.1223403804886267,0.45,0.9747058823529412,0.0,0.4873529411764706,断板,3.2457142857142864,-0.10025062656641615,367.74739148797744,10.607394366197154,0.4895098039215686,0.2755139158395555,0.9790196078431372,0.0,0.008384958517859024,2874928993.0,-7.001379774251704,5.369718309859128,1,SHSE.601933,2024-10-10,2024-10-10T09:30:00.000000,3.42,2024-10-11T11:30:00.000000,2.93,-15.010134899000494,1.5,止损卖出
SHSE.603369,今世缘,2024-10-10,47.51,50.78,46.81,48.51,49.08,-0.011613691931540382,15343901.0,747886175.0,53.99,44.17,false,false,2.83478,1.2231088880031886,608.55795,60855795000.0,336.39306166619997,false,false,false,,未涨停,未涨停,3天2板,1.4707793941809486,50.102,47.48714285714284,-3.198859005704972,2.153966487169487,4874.159283222695,false,35.35,0.5668770257409369,0.017415878184995633,0.19407441889296084,-0.0026922139486904016,0.769854589483578,-0.0035372219535677917,0.0010759020765835885,0.44136899143974123,28.939924081620507,2.6565135189326377,0.4166666666666667,0.21098039215686273,0.5358090376646526,0.37339471491075765,断板,46.24571428571427,-0.09994498441225019,4997.2475239195355,6.128753243543832,0.37168846838085756,0.25171882096176473,0.1931372549019608,0.5502396818597544,0.0004951382185941619,829241655.0,-4.9276631333721514,2.7338440627703298,1,SHSE.603369,2024-10-10,2024-10-10T09:30:00.000000,47.51,2024-10-11T11:30:00.000000,46.7,-2.4881320854237927,1.5,未涨停卖出
SHSE.603737,三棵树,2024-10-10,36.66,38.5,35.5,36.59,37.86,-0.03354463814051756,12640134.0,465934592.0,41.65,34.07,false,false,5.20019,2.398450597605486,192.83386679790001,19283386679.79,63.60487925620001,false,false,false,,未涨停,未涨停,3天3板,1.4366186013217652,38.37400000000003,36.305714285714295,-3.1695721077654593,0.7830329739513493,3686.1523145245137,false,26.3,0.6700468906363786,0.020683919597102998,0.05132832910167803,-0.0015187082867357705,0.24378376878486457,-0.002535792914675177,0.0026166919016501608,0.23280867331357413,23.690193401646336,2.5362148889471667,0.48333333333333334,0.5519607843137255,0.0,0.27598039215686276,断板,35.412857142857156,-0.10007130972189215,3849.9707697179583,6.910323127193471,0.27794117647058825,0.09131794591936751,0.5558823529411765,0.0,0.0021351983633348037,421016518.0,-4.778497830814333,3.521723345032024,1,SHSE.603737,2024-10-10,2024-10-10T09:30:00.000000,36.66,2024-10-11T11:30:00.000000,36.01,-2.5557345087734045,1.5,未涨停卖出
SZSE.000002,万科A,2024-10-10,8.9,9.5,8.72,9.12,9.34,-0.02355460385438979,446821056.0,4055413279.12,10.27,8.41,false,false,145.294,4.598374036916626,886.8467238095999,88618455088.79999,590.4402067487999,false,false,false,,未涨停,未涨停,3天3板,6.2014987993336925,9.479999999999997,8.964285714285714,-4.710920770877939,1.7370517928286853,907.6146311063729,false,6.18,0.7327115492797125,0.025940052725003993,0.13544135422155343,0.0025243787399943213,0.05202468725205949,-0.0007746401179887824,0.006217807879601325,0.22987039314233704,28.250325910024067,2.370288192154366,0.5,0.9286274509803921,0.0,0.46431372549019606,断板,8.678571428571429,-0.10019267822736044,943.2642531319511,7.6213991769547285,0.4654901960784314,0.10212727055648135,0.9309803921568628,0.0,0.005652192177467657,5112813707.0,-5.646800772434258,2.551440329218102,1,SZSE.000002,2024-10-10,2024-10-10T09:30:00.000000,8.9,2024-10-11T11:30:00.000000,9.18,2.3241864004655413,1.5,未涨停卖出
SZSE.000069,华侨城A,2024-10-10,2.75,2.83,2.6,2.72,2.89,-0.05882352941176472,291454434.0,786905823.29,3.18,2.6,false,false,45.222,4.2272773946120115,218.6270190416,18753348467.04,80.8516159904,false,false,true,断板,断板,断板,5天4板,3.4359222521379578,2.8779999999999997,2.712857142857142,-4.84429065743945,0.2632964718273094,269.9927438022782,true,1.77,0.7206926613761623,0.02749420977915791,0.1790956950638232,0.0032181181286943736,0.30354345967184543,-0.0024407426092789633,0.00637567823739508,0.3247494177086977,28.35117435211055,2.229166616974828,0.4666666666666667,0.9329411764705883,0.35259733314813524,0.6427692548093618,断板,2.622857142857142,-0.09968847352024912,293.1721665435762,10.18518518518523,0.6441656768198324,0.1438777850408914,0.9386274509803921,0.3497039026592727,0.0058478643958664416,814054626.0,-6.198462411292782,4.847494553376941,1,SZSE.000069,2024-10-10,2024-10-10T09:30:00.000000,2.75,2024-10-11T11:30:00.000000,2.71,-2.2397681999275676,1.5,未涨停卖出
SZSE.002146,荣盛发展,2024-10-10,1.58,1.65,1.52,1.57,1.65,-0.04848484848484835,213952737.0,337726798.78,1.82,1.49,false,false,12.049,5.485585943786813,68.2661724607,6123426021.070001,36.207003831600005,false,false,false,,未涨停,未涨停,4天3板,8.940689333762885,1.6899999999999982,1.6085714285714279,-4.242424242424233,-2.397868561278817,157.85112334412435,false,1.13,0.7134109635515359,0.024190423781596984,0.0033101336893596417,-0.0003462721972587696,0.2552937319628619,-0.0021354150158239362,0.004024324152942831,0.22092537914384558,27.353704542472887,2.361445727368269,0.4166666666666667,0.7849019607843137,0.0,0.39245098039215687,断板,1.5671428571428563,-0.09836065573770503,166.65650889888792,5.287146763901602,0.4023529411764706,0.015345634602588913,0.8047058823529412,0.0,0.0036613954281836574,359976226.0,-5.194221909532438,0.8204193254330638,1,SZSE.002146,2024-10-10,2024-10-10T09:30:00.000000,1.58,2024-10-11T11:30:00.000000,1.6,0.4589237984769757,1.5,未涨停卖出
SZSE.002625,光启技术,2024-10-10,26.8,28.5,25.35,26.68,28.03,-0.04816268283981451,153964765.0,4128939164.74,30.83,25.23,false,false,6.68801,8.6632282734847,574.8440415816,47416272554.8,350.63724434,false,false,true,断板,断板,断板,2天2板,1.8409565141400686,25.976,24.529999999999998,-4.388155547627544,8.764777823073796,2681.7429070475964,true,15.63,0.7820323209262604,0.0247973421589163,0.38317607324172853,0.005336627574007765,0.008394060295052038,0.00029430273514325603,0.007716073039330119,0.350512718894632,31.71740991132746,2.0705479023337925,0.55,0.9643137254901961,0.41032214042641857,0.6873179329583073,炸板,23.521428571428572,0.02001455604075697,2970.4652341714645,19.16793197692074,0.6734749383516445,0.3449511714646037,0.9647058823529412,0.3822439943503479,0.006989037470880709,6718417900.0,-9.778442475273819,13.938657758882478,1,SZSE.002625,2024-10-10,2024-10-10T09:30:00.000000,26.8,2024-10-11T11:30:00.000000,27.51,1.83133139085449,1.5,未涨停卖出
SZSE.000981,山子高科,2024-08-06,1.22,1.31,1.17,1.22,1.27,-0.03937007874015752,347305363.0,424401004.61,1.4,1.14,false,false,7.53825,5.322560750541947,121.96914483360001,7960689651.44,36.350884052,false,false,true,断板,断板,断板,6天5板,4.8026969020936665,1.2679999999999998,1.1914285714285708,-3.9370078740157513,2.398081534772231,122.19822951884564,false,0.77,0.04601686703656203,-0.005402106302009598,0.6350150226313136,-0.005756892466777437,0.12616658461142444,-0.0011673734659701195,-0.004309079533581674,0.36456086010639654,21.564011773174663,1.8850574357299514,0.35,0.13628353240650087,0.13916640884867487,0.13772497062758787,断板,1.1399999999999995,-0.09929078014184389,133.5496585016914,11.403508771929879,0.1247929838724749,0.643721173997154,0.10634547591069331,0.1432404918342565,-0.00484371710673823,804584363.71,-8.648212680787292,7.017543859649167,1,SZSE.000981,2024-08-06,2024-08-06T09:30:00.000000,1.22,2024-08-07T11:30:00.000000,1.2,-2.423094507217031,1.5,未涨停卖出
SZSE.000810,创维数字,2024-08-21,9.48,10.32,9.47,9.62,9.97,-0.03510531594784372,128459913.0,1269637779.54,10.97,8.97,false,false,5.59326,11.493624849888693,110.65078612639999,10751911422.199999,47.258287037,false,false,true,断板,断板,断板,3天3板,8.064468715361201,9.978000000000002,9.452857142857143,-4.914744232698096,1.768172888015709,988.353292392468,false,7.37,0.5481452890182823,0.015103878352058384,0.13291665521798124,-0.0019184829278245245,0.7829240513683197,-0.0036412290456166872,0.0009691654928144088,0.41096460082314296,28.92745951625135,2.725995241848748,0.48333333333333334,0.9243137254901961,0.2703112335235097,0.597312479506853,断板,9.171428571428573,-0.10018050541516244,1036.2876826673357,8.70716510903426,0.5924854451793501,0.19367108685785045,0.8933124141988625,0.2916584761598377,0.0006516484291574313,1732332419.11,-8.519611314889808,3.364485981308407,1,SZSE.000810,2024-08-21,2024-08-21T09:30:00.000000,9.48,2024-08-23T15:00:00.000000,11.13,16.469564778859237,3.0,未涨停卖出
SZSE.002681,奋达科技,2024-09-04,4.25,4.31,4.01,4.09,4.43,-0.07674943566591419,236353181.0,980946603.86,4.87,3.99,false,false,10.6281,15.965123288702992,73.8411003284,6054976794.16,48.3393600187,false,false,false,,未涨停,未涨停,3天3板,3.4089881444151025,4.523999999999999,4.314285714285715,-4.063205417607217,-5.198675496688759,415.0342295837347,true,3.24,0.6749313968438029,0.01842319857787523,0.07252407601630882,0.0013598212021088008,0.5462887601377983,-0.002617219222877879,0.0035793845497660826,0.3351349454182545,27.234052815996765,2.580487738288878,0.45,0.9819572465189252,0.18669973501057024,0.5843284907647477,断板,4.267142857142858,-0.09959349593495936,446.0604383428151,3.8165383327753375,0.5829899501271149,0.04790812185133704,0.9819537073362102,0.18402619291801944,0.0034877824780493523,1207481739.25,-4.721431566775546,-0.4017408771342601,1,SZSE.002681,2024-09-04,2024-09-04T09:30:00.000000,4.25,2024-09-05T11:30:00.000000,4.13,-3.597843918443865,1.5,未涨停卖出
SZSE.000810,创维数字,2024-08-29,11.2,11.71,10.52,10.71,11.69,-0.0838323353293412,150679973.0,1654772993.38,12.86,10.52,false,false,5.59326,13.482560748805309,123.18814131120001,11969406560.79,52.6053484404,false,false,false,,未涨停,未涨停,8天5板,10.322322795368034,11.684000000000001,11.231428571428571,-4.191616766467067,-4.642584584075291,1098.2036699595108,true,7.37,0.8067613669220561,0.027370482082902697,0.0898904753478173,0.002346795977065264,0.4140997338860407,-0.0026343915962683527,0.005857176926232666,0.3305274312241321,23.148387944574527,2.2386554120690927,0.5166666666666667,0.9935268732836406,0.15140413833740574,0.5724655058105232,断板,11.125714285714285,-0.09379844961240313,1185.4533014953768,5.071905495634316,0.5711927268837864,0.058962028843890096,0.9927422518634759,0.14964320190409702,0.005641276094246273,1967338361.24,-5.521373251296491,0.667693888032872,1,SZSE.000810,2024-08-29,2024-08-29T09:30:00.000000,11.2,2024-09-02T11:30:00.000000,10.79,-4.428357996585094,2.5,未涨停卖出
SHSE.600171,上海贝岭,2024-10-11,26.8,28.4,26.56,27.2,27.7,-0.018050541516245522,83143613.0,2285938683.0,30.47,24.93,false,false,2.77713,11.728153475581264,192.827138416,19282713841.6,144.356738416,false,false,false,,未涨停,未涨停,2天2板,14.416780569561839,27.750000000000007,26.225714285714286,-3.2490974729241824,3.7150016341649374,2749.3857922676516,false,18.82,0.6034227392028956,0.01919887359846076,0.04182397507674558,0.0013702594168755386,0.7260015226875659,0.005989696800906527,0.006321813468401879,0.3593969921852217,20.514053437655456,2.3470632553629773,0.5166666666666667,0.9201960784313725,0.36265247693251673,0.6414242776819447,断板,25.32,-0.090311986863711,2862.346059644276,9.399684044233803,0.6387131918883255,0.03726053680858347,0.9256862745098039,0.35174010926684723,0.006103438532049053,3858819488.0,-6.370510617676239,5.845181674565558,1,SHSE.600171,2024-10-11,2024-10-11T09:30:00.000000,26.8,2024-10-14T11:30:00.000000,27.27,0.9429446393530279,1.5,未涨停卖出
SHSE.600570,恒生电子,2024-10-11,24.38,25.22,23.11,23.38,25.46,-0.08169677926158692,128719439.0,3074413624.0,28.01,22.91,false,false,44.9882,6.7956494508187735,442.851048395,44285104839.5,350.79391465439994,false,false,true,断板,断板,断板,4天4板,3.117208081415001,24.909999999999997,23.46285714285715,-4.241948153967014,-0.35314174378960966,2388.4610186966397,true,15.23,0.719801911754758,0.0291597939210311,0.14773509418218694,0.003138966537391472,0.2036898421534281,-0.001638555221711624,0.006909875486388469,0.2789348820880735,27.841231457282674,2.181536026885343,0.5,0.9384313725490196,0.0,0.4692156862745098,断板,22.680000000000007,-0.0802023121387283,2633.4480960512296,12.257495590828894,0.4676470588235294,0.11819433444046543,0.9352941176470588,0.0,0.006421006399673283,6552922004.0,-7.421756150967928,7.495590828924126,1,SHSE.600570,2024-10-11,2024-10-11T09:30:00.000000,24.38,2024-10-14T11:30:00.000000,23.06,-6.167945118623133,1.5,未涨停卖出
SHSE.600602,云赛智联,2024-10-11,13.88,14.55,13.3,13.51,14.42,-0.06310679611650483,78999728.0,1088373407.0,15.86,12.98,false,false,541.636,7.35357983132859,145.13833394899999,14513833394.9,81.3324937278,false,false,false,,未涨停,未涨停,3天2板,6.489444472271273,14.164000000000001,13.411428571428571,-3.7447988904299527,0.7349808265871339,1377.692600409966,false,9.16,0.8014725642425065,0.026820742890707752,0.10054485243411472,0.0022424198965666207,0.22283290568289948,-0.0014841181803606695,0.006040123072316661,0.2774168107704285,31.118423587770263,2.339181231832018,0.5,0.9103921568627451,0.0,0.45519607843137255,断板,13.018571428571429,-0.04692663582286849,1495.6456904154063,10.76484143531219,0.45225490196078433,0.06454754624970267,0.9045098039215687,0.0,0.005598975588533277,1973099004.0,-7.197272128368071,6.6169208822561165,1,SHSE.600602,2024-10-11,2024-10-11T09:30:00.000000,13.88,2024-10-14T11:30:00.000000,13.58,-2.9409738567344466,1.5,未涨停卖出
SHSE.600705,中航产融,2024-10-11,3.34,3.68,3.33,3.53,3.49,0.011461318051575908,363438324.0,1289731631.0,3.84,3.14,false,false,23.6246,4.127905353201395,311.5187675898,31079619660.489998,144.2326050323,false,false,false,,未涨停,未涨停,6天5板,7.507806722620015,3.69,3.5700000000000003,-4.297994269340984,-1.120448179271722,354.86946362871737,false,2.13,0.7952157106071862,0.03309664784172862,0.3665408158011428,0.006242049279478158,0.08219036595276241,-0.001333898031816054,0.009340184798539987,0.3669706598078374,27.653180149112316,2.097938100316453,0.5166666666666667,0.9768627450980392,0.40349165287055583,0.6901771989842975,断板,3.4785714285714286,-0.04644808743169393,355.0761861391259,0.3285420944558561,0.6857992511054009,0.33695694720446784,0.9770588235294118,0.3945396786813899,0.008935873323735105,1761986271.0,-5.935679992594,-3.98357289527721,1,SHSE.600705,2024-10-11,2024-10-11T09:30:00.000000,3.34,2024-10-14T11:30:00.000000,3.58,6.331559987594535,1.5,未涨停卖出
SHSE.601099,太平洋,2024-10-11,4.27,4.45,4.18,4.25,4.38,-0.029680365296803624,566828931.0,2440316353.0,4.82,3.94,false,false,2.84805,8.315766173863787,289.693445725,28969344572.5,258.0717467875,false,false,false,,未涨停,未涨停,2天2板,11.320262501254765,4.614,4.46,-2.5114155251141628,-4.708520179372196,430.5207831743507,false,3.05,0.7291839276994552,0.02549460643699945,0.3498214177648003,0.004543051732963321,0.07181978192058626,0.0008220816548655513,0.007617071650341216,0.34229342899846704,29.03594750722541,2.276595692851971,0.4666666666666667,0.9549019607843138,0.3875333479977308,0.6712176543910223,断板,4.377142857142857,-0.06808510638297882,448.93068317686163,0.06527415143602704,0.659884309095539,0.3235195376780038,0.96,0.359768618191078,0.007460360285224489,3863383862.0,-4.88509340053771,-2.4477806788511858,1,SHSE.601099,2024-10-11,2024-10-11T09:30:00.000000,4.27,2024-10-14T11:30:00.000000,4.13,-4.049376265430081,1.5,未涨停卖出
SHSE.603290,斯达半导,2024-10-11,96.91,99.77,93.0,94.04,101.93,-0.07740606298440111,9152615.0,876583052.0,112.12,91.74,false,false,1.4334,3.823521243488649,225.1097508784,22510975087.84,103.54707254200001,false,false,false,,未涨停,未涨停,2天2板,2.5822284435366227,99.21999999999998,93.5785714285714,-4.924948494064564,0.4930921303717716,9577.405495587873,false,66.66,0.579157479055669,0.021487586996588023,0.07442408887159173,-0.0018067330922645348,0.6165765839422925,-0.0055261318206999335,0.0017363113069753574,0.3380165154296174,24.96460399173494,2.523308894281589,0.43333333333333335,0.2958823529411765,0.37406539356541674,0.33497387325329664,断板,90.44142857142853,-0.060552995391705,10216.48347555809,12.702775276816942,0.31242503530337756,0.09878754331152652,0.22901960784313727,0.3958304627636179,0.0011832762727415494,1643212255.0,-5.143486766412908,7.152221643052381,1,SHSE.603290,2024-10-11,2024-10-11T09:30:00.000000,96.91,2024-10-14T11:30:00.000000,92.2,-5.618265766775016,1.5,未涨停卖出
SHSE.605358,立昂微,2024-10-11,24.61,25.57,23.63,23.97,25.4,-0.056299212598425186,20250523.0,493195849.0,27.94,22.86,false,false,1.51395,3.016317019511284,160.926399039,16092639903.9,119.1282978168,false,false,false,,未涨停,未涨停,2天2板,3.615824855678172,25.459999999999997,24.261428571428585,-3.1102362204724376,-1.2012012012012607,2435.472155459886,false,17.86,0.6043390839476167,0.01884750402372227,0.1283834234625841,-0.0023144226811409323,0.042350594517929385,-0.000561887243287819,0.0024437232911876427,0.19776470687619424,30.27853242978744,2.650646879833131,0.5,0.4592156862745098,0.0,0.2296078431372549,断板,23.632857142857155,-0.063767047548839,2598.1060414457806,7.477482923290757,0.2015686274509804,0.17269723249953475,0.4031372549019608,0.0,0.0019905265550502404,834136494.0,-5.2771534055432445,4.1346793205584875,1,SHSE.605358,2024-10-11,2024-10-11T09:30:00.000000,24.61,2024-10-14T11:30:00.000000,23.77,-4.182862212264319,1.5,未涨停卖出
SZSE.000676,智度股份,2024-10-11,7.78,8.34,7.65,8.21,8.1,0.013580246913580396,124930342.0,994298490.32,8.91,7.29,false,false,10.8123,9.88541110172844,103.88024455150001,10375674792.53,77.9526458415,false,false,false,,未涨停,未涨停,2天2板,9.601412397844483,8.350000000000001,7.975714285714288,-3.9506172839506104,2.9374888053017933,795.8823088149394,false,5.3,0.7881737723642583,0.024410540915387455,0.45623907090501536,0.005304224236337026,0.00009612564231810936,0.000029269352243954396,0.007543001106919191,0.3857831276180548,29.916341179297543,2.27098316185561,0.6333333333333333,0.9537254901960784,0.4537348947057666,0.7037301924509225,断板,7.772857142857144,-0.10000000000000009,833.7108748752202,4.208785149788621,0.6903618422575641,0.426049135095371,0.9513725490196079,0.4293511354955205,0.00700735035313256,1591514517.23,-6.682277580169305,0.09189487226610726,1,SZSE.000676,2024-10-11,2024-10-11T09:30:00.000000,7.78,2024-10-14T11:30:00.000000,8.01,2.1359292905498557,1.5,未涨停卖出
SZSE.000948,南天信息,2024-10-11,18.42,20.17,18.22,19.59,19.24,0.018191268191268373,48148374.0,932672472.51,21.16,17.32,false,false,2.57209,12.475471009500858,77.1346429533,7560649581.42,47.961289003500006,false,false,false,,未涨停,未涨停,2天2板,24.017531771641124,19.983999999999998,19.09857142857143,-4.261954261954245,2.5731169122597035,1937.0798949721543,false,12.01,0.8188772108972601,0.02411968744830066,0.6171840182641771,0.008507293531522997,0.1035750679673071,0.0013228244094635412,0.009474431578260693,0.5034399717017327,24.320080811600548,2.0522051784065902,0.5333333333333333,0.9780392156862745,0.48660154902346686,0.7323203823548707,断板,18.731428571428573,-0.10009354536950421,1985.4791750346849,2.7150701647345765,0.7305899946755562,0.5911828430079218,0.9821568627450981,0.4790231266060143,0.009492221320391927,1211757358.51,-7.226425582236495,-1.6625991458206202,1,SZSE.000948,2024-10-11,2024-10-11T09:30:00.000000,18.42,2024-10-14T11:30:00.000000,19.04,2.542273901138104,1.5,未涨停卖出
SZSE.002368,太极股份,2024-10-11,21.5,21.95,20.12,20.36,22.36,-0.08944543828264762,42806441.0,885649185.67,24.6,20.12,false,false,5.59292,6.901854772373318,126.8898898296,12627607614.24,79.1748082944,false,false,false,,未涨停,未涨停,3天3板,7.415302589732523,21.768,20.63714285714286,-3.8461538461538436,-1.3429322995985153,2068.9624387834533,true,13.85,0.7801565362811563,0.027017557140228625,0.003450289117098478,0.0004534796469628342,0.622206145840338,-0.004032243051762878,0.004420578335998279,0.34441829556688186,26.77708859463447,2.262534132947952,0.5,0.7972549019607843,0.37418091042754437,0.5857179061941643,断板,20.051428571428573,-0.02824858757062154,2279.8849074491095,11.513251638643474,0.5769402736301131,0.0028907590338427143,0.7623529411764706,0.39152760608375575,0.0038469155871934295,1295143224.92,-5.696994046705351,7.2242804217725665,1,SZSE.002368,2024-10-11,2024-10-11T09:30:00.000000,21.5,2024-10-14T11:30:00.000000,20.67,-4.62651718706568,1.5,未涨停卖出
SZSE.002987,京北方,2024-10-11,14.21,16.2,14.21,16.2,14.73,0.09979633401221988,73216572.0,1159566643.91,16.2,13.26,false,false,3.92647,12.193104228255766,100.10103152399999,9727698904.199999,38.962112292,true,false,false,,涨停,5天3板,2天2板,8.580305561674272,15.284,14.508571428571429,-3.5302104548540365,11.658133123276873,1583.7488866728152,false,9.81,0.7668562186419088,0.02468254967810693,0.5682438535902101,0.006637190946233691,0.24857943371192973,-0.003122727404144362,0.007318287187494923,0.5120670006370658,26.879883502595924,2.19788913375088,0.55,0.9492156862745098,0.5144608402699793,0.7318382632722445,断板,13.922857142857143,-0.06238064926798215,1496.3840507161526,5.797250153909294,0.7249425480936176,0.552575753159643,0.9294117647058824,0.5204733314813529,0.006246291177226202,640644943.37,-5.037747540818449,2.0623845680279196,1,SZSE.002987,2024-10-11,2024-10-11T09:30:00.000000,14.21,2024-10-14T11:30:00.000000,16.39,14.42225468288703,1.5,未涨停卖出
SZSE.002987,京北方,2024-10-15,16.0,17.97,16.0,16.69,16.65,0.002402402402402526,84871053.0,1437921675.77,18.32,14.99,false,false,3.92647,14.133980421684031,103.12877877380001,10021931772.29,40.14059593540001,false,false,true,断板,断板,断板,5天3板,10.474474583707273,15.996,15.680000000000001,-3.903903903903896,6.441326530612243,1694.2427658697718,false,9.81,0.8743041704623206,0.029657608464216896,0.6136568030541838,0.008104361797291699,0.15865568685755493,-0.0025257472760601344,0.009225978408671188,0.5292859416768225,26.918850470598436,2.021372287599483,0.5666666666666667,0.9627450980392157,0.5078551408361022,0.7353001194376589,断板,15.137142857142859,0.02777777777777768,1689.8233719756506,9.994337485843694,0.7315737127167341,0.5900058569604812,0.9566666666666667,0.5064807587668014,0.00841079129972362,1787513683.34,-5.315547971776136,5.700264250660614,1,SZSE.002987,2024-10-15,2024-10-15T09:30:00.000000,16.0,2024-10-16T11:30:00.000000,15.73,-2.470866533864541,1.5,未涨停卖出
SHSE.601606,长城军工,2024-10-17,12.02,12.52,12.02,12.29,12.52,-0.018370607028754038,59658991.0,728861265.0,13.77,11.27,false,false,1.01681,8.237593416662477,89.00767036,8900767036.0,35.794546098199994,false,false,true,断板,断板,断板,2天2板,8.544067589727218,12.014000000000001,11.755714285714287,-3.993610223642172,4.54490217523391,1221.712356818103,false,8.85,0.8643870529595948,0.0201736200101933,0.2289816119100543,0.0026026557901000537,0.048681869646066515,-0.0005136525485204788,0.005181956132532544,0.3019727774407661,32.37699956038061,2.780684027305728,0.5833333333333334,0.7869045285238189,0.3531613590511047,0.5700329437874618,断板,11.691428571428572,-0.0287044220325835,1312.7307253321023,7.086999022482883,0.3787492648500294,0.2008134031670425,0.7574985297000588,0.0,0.0048061832765343045,1236976317.0,-8.435143871877383,2.8103616813294208,1,SHSE.601606,2024-10-17,2024-10-17T09:30:00.000000,12.02,2024-10-18T11:30:00.000000,11.78,-2.7775752232335322,1.5,未涨停卖出
SHSE.601777,千里科技,2024-10-14,4.6,4.7,4.38,4.6,4.81,-0.043659043659043606,102583175.0,462425249.0,5.29,4.33,false,false,1.17458,2.2689870471570903,207.97060326599998,20797060326.6,72.45102943399999,false,false,true,断板,断板,断板,4天2板,2.5949570603963745,4.929999999999998,4.797142857142857,-4.365904365904365,-4.109589041095898,450.7807922692976,false,3.74,0.697177834112693,0.01573404209956918,0.002595570674907209,-0.00023981450089024693,0.6021103613597255,0.0035045332777938953,0.004078261152806881,0.32136646056790985,29.049809066482926,3.337499888610942,0.43333333333333335,0.7064705882352941,0.42695803280966,0.566714310522477,断板,4.725714285714285,-0.09925093632958804,491.8064219518164,1.7835550181378528,0.5892118445882584,0.00741439175347891,0.7429411764705882,0.43548251270592864,0.003977689651830842,652055815.0,-6.467264462628874,-2.6602176541717037,1,SHSE.601777,2024-10-14,2024-10-14T09:30:00.000000,4.6,2024-10-15T11:30:00.000000,4.62,-0.3654945435648538,1.5,未涨停卖出
SZSE.000801,四川九洲,2024-10-18,11.36,12.3,11.21,11.82,11.89,-0.005887300252312877,137145511.0,1601379366.7,13.08,10.7,false,false,14.9854,13.408742653007751,120.89574555720002,12089574555.720001,59.6013261516,false,false,true,断板,断板,断板,3天2板,7.73824376381692,11.149999999999997,10.685714285714285,-4.457527333894038,10.614973262032095,1167.6498596443307,false,7.88,0.8169007116620933,0.021109317797107997,0.0009894883106742747,0.00019681186397198385,0.5392507584622018,-0.0033065731529907743,0.003328297545510359,0.3256501140264164,25.02585124668718,2.676595673039205,0.4666666666666667,0.5089198196432072,0.33521472939534785,0.4220672745192775,断板,10.432857142857143,0.03571428571428581,1195.3110692920843,13.966862933041217,0.37979378995086654,0.001746681531170895,0.4146245834150167,0.34496299648671636,0.0027830358362308585,2170341357.48,-4.961977749207236,8.886758866219346,1,SZSE.000801,2024-10-18,2024-10-18T09:30:00.000000,11.36,2024-10-21T11:30:00.000000,12.55,9.595070422535239,1.5,未涨停卖出
SZSE.002302,西部建设,2024-10-18,8.2,8.54,7.8,8.27,8.55,-0.03274853801169608,133656792.0,1095750294.88,9.41,7.7,false,false,4.3826,10.587898466895075,104.3967009408,10439670094.08,37.750025003599994,false,false,true,断板,断板,断板,5天3板,8.780888942887463,7.928000000000003,7.598571428571427,-4.093567251462005,8.836247414927636,819.823877622321,false,5.29,0.877629181353352,0.02499855184958524,0.5495375652459872,0.007174958577110102,0.048824720401875785,0.0008575110452761584,0.008844442972054948,0.46494203501422676,20.59373316993482,2.0862470427228184,0.5,0.9447167222113311,0.4351016118114867,0.6899091670114089,断板,7.319999999999999,0.04907975460122693,865.2476598957309,16.80327868852461,0.6770957046595774,0.5312814174213116,0.9384434424622623,0.41574796685689236,0.008207928523949396,1640878314.41,-5.2294460872836845,12.021857923497258,1,SZSE.002302,2024-10-18,2024-10-18T09:30:00.000000,8.2,2024-10-21T11:30:00.000000,7.8,-5.635992614906227,1.5,未涨停卖出
SZSE.002537,海联金汇,2024-10-18,6.8,7.22,6.65,7.03,7.07,-0.005657708628005631,138001117.0,950730344.14,7.78,6.36,false,false,6.88648,11.754612324545679,82.5333771735,8253337717.35,56.5049076235,false,false,true,断板,断板,断板,2天1板,13.721473793800104,6.9300000000000015,6.7557142857142845,-3.818953323903825,4.060054979911209,688.9294556507105,false,4.63,0.8928680292945486,0.0231735437396687,0.3974413359573076,0.00428180237807576,0.036613338005127026,0.0004918212489690233,0.006923156311662327,0.38827827523910163,29.153807215872654,2.4839742972730745,0.4666666666666667,0.8894334444226623,0.4435535499832517,0.666493497202957,断板,6.638571428571427,-0.048452220726783235,725.8872226117406,6.498816440714468,0.6441827775779645,0.3574080576813725,0.8843364046265438,0.4040291505293851,0.006539147292754152,1284617331.59,-6.321536070939304,2.431676350333567,1,SZSE.002537,2024-10-18,2024-10-18T09:30:00.000000,6.8,2024-10-21T11:30:00.000000,7.17,4.601007733770805,1.5,未涨停卖出
SHSE.600187,*ST国中,2024-10-30,4.26,4.87,4.22,4.87,4.43,0.09932279909706554,312652980.0,1434336042.0,4.87,3.99,false,false,5.06028,19.373939837241977,78.5911397161,7859113971.610001,58.9212876361,true,false,false,,涨停,6天3板,4天2板,13.707122706343897,4.264,4.041428571428571,-3.8374717832957095,20.5019441498763,458.76295245930487,false,2.55,0.3653051522555943,0.01232833814287376,0.491878361779249,0.006708997352747637,0.5811696293247023,0.006990194779918083,0.007917224738923995,0.4933511001381541,13.935187390258486,1.917322797884401,0.55,0.9232125367286974,0.4230019945181106,0.6731072656234041,断板,3.8128571428571427,0.023094688221708903,449.3161218735458,16.185837392281748,0.6450433064249732,0.4752700442364834,0.8822722820763957,0.4078143307735508,0.006802694612197634,1607608449.0,-5.189246665871439,11.727238666167095,1,SHSE.600187,2024-10-30,2024-10-30T09:30:00.000000,4.26,2024-10-31T11:30:00.000000,5.15,19.92873576118063,1.5,未涨停卖出
SHSE.600307,酒钢宏兴,2024-10-30,1.6,1.83,1.6,1.83,1.66,0.10240963855421703,300061574.0,527821222.0,1.83,1.49,false,false,4.23046,4.790746458923466,114.6194408592,11461944085.92,47.482523146800006,true,false,false,,涨停,4天2板,2天1板,3.0536747793941643,1.6639999999999997,1.5971428571428568,-3.6144578313252915,14.579606440071588,175.90430356137503,false,1.19,0.4354129428325382,0.010387845250231004,0.6775302459977662,0.005622819056729655,0.1466069969619627,0.0010524564040317026,0.005204715499620539,0.46982981065397955,32.18984315111558,2.6428570730102052,0.5,0.8094025465230167,0.5739439904469732,0.6916732684849949,断板,1.5328571428571425,-0.05142857142857149,176.5770569727361,8.294501397949695,0.6578538236390387,0.6906471205916594,0.7318315377081293,0.5838761095699481,0.004477597140122402,568580788.0,-9.388001622031583,4.380242311276827,1,SHSE.600307,2024-10-30,2024-10-30T09:30:00.000000,1.6,2024-11-01T11:30:00.000000,2.09,29.584163346613536,2.5,未涨停卖出
SHSE.600438,通威股份,2024-10-30,28.01,30.24,28.0,28.88,29.31,-0.014670760832480423,149517525.0,4375335215.0,32.24,26.38,false,false,12.6887,3.32115166699088,1300.1713125351998,130017131253.51999,717.4296077296,false,false,false,,未涨停,未涨停,3天2板,3.1972644508317103,27.961999999999996,26.668571428571425,-4.435346298191734,8.29226483822585,2926.3025956321844,false,17.39,0.5431829756263994,0.017317080619618112,0.5042461576330335,0.0058024002090179445,0.0019593749292907956,-0.0001607627011868303,0.006316387418076545,0.3613474864205839,27.36056390378784,2.1954261472272347,0.5166666666666667,0.8677766895200784,0.38161438115204477,0.6246955353360616,炸板,25.635714285714283,0.017708333333333215,3020.2653474656613,14.332683198662588,0.602728516289753,0.48906689690299143,0.8395690499510284,0.3658879826284776,0.00589701490391077,6756298517.0,-7.25980409799587,9.26163276678742,1,SHSE.600438,2024-10-30,2024-10-30T09:30:00.000000,28.01,2024-10-31T15:00:00.000000,30.54,8.163703628897467,2.0,未涨停卖出
SHSE.601865,福莱特,2024-10-30,25.38,28.5,25.35,27.09,26.71,0.014226881317858542,60474038.0,1635515868.0,29.38,24.04,false,false,1.0506,3.1827364265893485,515.0687477229001,51472741372.29,211.65207892290002,false,false,true,断板,断板,断板,4天3板,2.8457562834773733,25.992000000000008,24.592857142857145,-4.979408461250475,10.153935521347652,2704.4925758058357,false,14.8,0.5535128927232376,0.01982350219973004,0.25187364288204306,0.0043481438860967754,0.33447147152626977,-0.002809317534464991,0.005295977122654899,0.33698084144355,22.52064461771945,1.9542230436927785,0.48333333333333334,0.815279138099902,0.2979937641677469,0.5566364511338244,断板,23.46,-0.040589080459770055,2810.134190788876,13.853367433930094,0.5245822131152913,0.20850121163428456,0.7598432908912831,0.2893211353392994,0.00477120966326721,2718021870.0,-9.684028317255589,8.184143222506378,1,SHSE.601865,2024-10-30,2024-10-30T09:30:00.000000,25.38,2024-10-31T15:00:00.000000,28.26,10.46028651352039,2.0,未涨停卖出
SZSE.002129,TCL中环,2024-10-30,11.6,12.55,11.41,12.18,12.08,0.008278145695364225,277607404.0,3352954209.13,13.29,10.87,false,false,5.49318,6.8713724177526,492.4515011514,49207901641.08,333.8732570628,false,false,false,,未涨停,未涨停,3天2板,6.040549177753482,11.908000000000005,11.541428571428572,-3.973509933774838,5.532862978091342,1207.8043167501396,false,7.43,0.4414262414638572,0.013125874161705561,0.46019267076601544,0.005767376379107912,0.1013647252059441,-0.0012804656377923716,0.005124723330557357,0.3487910012375624,24.40252174948374,2.1951219030339093,0.4666666666666667,0.8039177277179236,0.34232522574923074,0.5731214767335772,断板,11.202857142857143,-0.04731861198738163,1271.4906844359941,7.829635297118083,0.5455452595070617,0.4271331979899532,0.7629774730656219,0.3281130459485014,0.004807952063107463,4466896047.43,-8.7685018695555,3.5450140270339103,1,SZSE.002129,2024-10-30,2024-10-30T09:30:00.000000,11.6,2024-10-31T11:30:00.000000,12.8,9.46558593213354,1.5,未涨停卖出
SZSE.002229,鸿博股份,2024-10-30,14.29,14.78,13.86,14.4,14.97,-0.038076152304609256,95699645.0,1363912963.56,16.47,13.47,false,false,5.18779,19.405225561937016,71.451574272,7101565934.400001,64.864037088,false,false,false,,未涨停,未涨停,4天3板,29.106059625349886,14.966,14.267142857142858,-4.542418169672689,0.9312105737458675,1425.2016959519547,false,8.2,0.5770463324785412,0.019294806748584702,0.43579006011699567,0.0072166354236877,0.3391469637911891,-0.004346777292001723,0.006163245873960273,0.4350483856915628,21.919379831897523,1.8930179821828466,0.55,0.8589618021547503,0.41384889959415827,0.6364053508744543,断板,13.821428571428571,-0.08103130755064447,1542.9349755426394,8.310077519379853,0.6246582395433788,0.39475732687840726,0.8427032321253672,0.4066132469613905,0.00594679799484091,2253849239.59,-7.38430182403309,3.390180878552962,1,SZSE.002229,2024-10-30,2024-10-30T09:30:00.000000,14.29,2024-10-31T15:00:00.000000,15.27,6.006484907117517,2.0,未涨停卖出
SZSE.002366,融发核电,2024-10-30,4.91,5.52,4.88,5.26,5.07,0.03747534516765283,147905900.0,759241788.0,5.58,4.56,false,false,2.33033,11.77159505491437,109.457319864,6609002691.4,64.3514609956,false,false,false,,未涨停,未涨停,7天3板,18.231826450728143,4.959999999999999,4.908571428571428,-3.155818540433928,7.159487776484284,513.3275873376248,false,2.96,0.8078827786868453,0.02214633989115898,0.3328562197761309,0.0052304946010603695,0.05176313269292896,-0.0009436137952108841,0.0067614311401987155,0.34353360543331324,24.081557757074638,2.156249953505861,0.6333333333333333,0.8850146914789422,0.3307261335257507,0.6078704125023464,断板,4.771428571428571,-0.009765625,516.8975837994437,6.257485029940127,0.593014669604577,0.30171988674005285,0.8620959843290892,0.3239333548800649,0.00634664881334945,870389910.97,-5.010196335042638,2.9041916167664716,1,SZSE.002366,2024-10-30,2024-10-30T09:30:00.000000,4.91,2024-10-31T11:30:00.000000,5.11,3.244050275476517,1.5,未涨停卖出
SZSE.002459,晶澳科技,2024-10-30,16.7,17.8,16.59,17.56,17.29,0.015615962984383946,115566636.0,2016645793.49,19.02,15.56,false,false,2.71424,3.4956913034751964,581.1783273407999,58052898610.99999,304.7829764668,false,false,false,,未涨停,未涨停,5天3板,5.869906815426973,17.444000000000006,17.354285714285698,-3.4123770965876226,1.1853803095160567,1745.0069183375729,false,9.76,0.7789304617124468,0.021672171280301005,0.5687826741771485,0.009282500510747636,0.03310193736935167,-0.0009917548944859916,0.008678158043088222,0.4501080106418691,22.03434806243443,1.8810225801534297,0.5333333333333333,0.9379040156709109,0.42741066393612914,0.6826573398035201,断板,16.999999999999982,-0.050000000000000044,1806.750274810894,1.7058823529412779,0.6781084981041574,0.5403953432710907,0.9355533790401567,0.42066361716815814,0.008667260111505058,3409382756.65,-7.568853134681685,-1.764705882352846,1,SZSE.002459,2024-10-30,2024-10-30T09:30:00.000000,16.7,2024-11-01T11:30:00.000000,18.39,9.242312188372262,2.5,未涨停卖出
SHSE.600307,酒钢宏兴,2024-11-04,1.86,1.91,1.76,1.76,1.95,-0.09743589743589742,256925986.0,457631670.0,2.15,1.76,false,false,4.23046,4.102048926914314,110.2350906624,11023509066.24,45.4227399296,false,false,true,断板,断板,断板,5天3板,4.495713682053261,1.8419999999999999,1.7928571428571425,-4.615384615384608,-1.8326693227091424,178.11809429039226,true,1.19,0.6242709780061975,0.01788477656175565,0.6806194637812278,0.007291884241375545,0.2340139686075863,0.0017277908627140813,0.0077412346918531265,0.5353681180741293,27.59958297114017,2.095238051337869,0.48333333333333334,0.9112808460634547,0.5208860820934504,0.7160834640784526,断板,1.754285714285714,-0.02985074626865658,206.7432467500268,11.156351791530959,0.7136611680523954,0.6551730523007052,0.9054054054054054,0.5219169306993855,0.0072147407646174725,1043985667.0,-10.033337038141532,6.026058631921849,1,SHSE.600307,2024-11-04,2024-11-04T09:30:00.000000,1.86,2024-11-05T15:00:00.000000,1.88,0.26988818917875423,2.0,未涨停卖出
SZSE.000100,TCL科技,2024-11-04,5.01,5.33,5.0,5.12,5.19,-0.013487475915221592,1845606648.0,9450859544.48,5.71,4.67,false,false,3.71755,10.197776256022026,961.4889352704001,92662417771.52,809.4795554816001,false,false,true,断板,断板,断板,2天2板,12.934452652112572,4.962,4.817142857142857,-3.4682080924855607,6.287069988137615,512.0733366842533,false,3.56,0.36065667313534977,0.0085714791406196,0.5746467825760666,0.004212901471791273,0.05588393035015138,-0.0005655297915037379,0.003651087626568435,0.3762199050201487,31.42138472481432,2.568281872365272,0.4666666666666667,0.6555033294163729,0.42781733389052173,0.5416603316534473,炸板,4.692857142857142,-0.02075471698113196,550.046262348425,10.593607305936098,0.48899160669495134,0.5415958062456924,0.5781433607520564,0.3998398526378463,0.0028825096642518845,21142995702.35,-8.916752227171177,6.7579908675799105,1,SZSE.000100,2024-11-04,2024-11-04T09:30:00.000000,5.01,2024-11-05T11:30:00.000000,5.36,6.1335496338001265,1.5,未涨停卖出
SZSE.000670,盈方微,2024-11-04,6.3,6.76,6.29,6.44,6.6,-0.024242424242424176,77535958.0,500616778.37,7.26,5.94,false,false,10.0822,10.737465351242989,54.694105984000004,4650367225.280001,39.9193946144,false,false,true,断板,断板,断板,2天2板,17.554469428612656,6.55,6.420000000000001,-4.545454545454543,0.31152647975077213,645.6575649326471,false,4.19,0.3783715876007964,0.0076702072576009285,0.5538651171258793,0.006597227299979687,0.1659196331963695,0.001532689266701255,0.005292461881520405,0.4023827660420098,23.493862027305116,2.2215742946693995,0.5333333333333333,0.8082647865256561,0.37312611695778836,0.5906954517417222,断板,6.365714285714286,-0.08460471567267691,698.4694828584087,3.680430879712742,0.5745836303412502,0.5162609658188827,0.8006267136701919,0.34854054701230835,0.004975392310550747,1032370618.96,-9.802788029937249,-1.032315978456011,1,SZSE.000670,2024-11-04,2024-11-04T09:30:00.000000,6.3,2024-11-05T11:30:00.000000,6.56,3.2972870423069502,1.5,未涨停卖出
SZSE.000839,国安股份,2024-11-04,3.35,3.55,3.33,3.39,3.44,-0.014534883720930147,140640504.0,476453586.03,3.78,3.1,false,false,22.5891,3.587926897022912,132.8821133328,13288211333.28,84.45635843730001,false,false,true,断板,断板,断板,6天3板,7.396509155362708,3.4760000000000004,3.428571428571428,-2.6162790697674376,-1.124999999999978,338.77408888551764,false,2.21,0.6165427539746313,0.018242537289516587,0.5541997291367556,0.0064945088562733035,0.06283607934744986,0.0008399980108161964,0.007147761289284828,0.41925923916753904,25.655947669481794,2.3109755563500163,0.5166666666666667,0.8938503721112416,0.4221977071913359,0.6580240396512888,断板,3.3671428571428565,-0.07774798927613946,354.43836137373603,2.1637675010606867,0.6346844468086943,0.5061062578378268,0.8815119467293381,0.38785694688805045,0.00653792277784756,1129976202.99,-5.484271312618816,-0.5091217649554336,1,SZSE.000839,2024-11-04,2024-11-04T09:30:00.000000,3.35,2024-11-05T11:30:00.000000,3.5,3.645121008503302,1.5,未涨停卖出
SZSE.002031,巨轮智能,2024-10-24,3.53,3.55,3.37,3.4,3.67,-0.07356948228882831,289529796.0,995003025.36,4.04,3.3,false,false,14.928,14.606133748209235,74.77945278,6739643244.2,60.146298044,false,false,true,断板,断板,断板,3天2板,11.817495740377876,3.418,3.2557142857142845,-3.814713896457769,4.431768319438388,343.6617022173428,false,2.25,0.5362884966966458,0.012308022420398,0.5665704378104387,0.006163144634501142,0.012432932616338793,-0.0004863320659619366,0.005397277181541591,0.39427279802945014,26.45973523641505,2.2823528890851223,0.55,0.7858122672937488,0.40945666099835226,0.5976344641460505,断板,3.1785714285714275,0.019444444444444375,370.5160255212755,15.460674157303409,0.5768308214801031,0.5395338299099839,0.7549500098019996,0.3987116331582066,0.00517222523795972,2108532679.55,-4.727467724677325,11.056179775280928,1,SZSE.002031,2024-10-24,2024-10-24T09:30:00.000000,3.53,2024-10-25T11:30:00.000000,3.48,-2.201957044343858,1.5,未涨停卖出
SZSE.002366,融发核电,2024-10-24,4.6,4.73,4.41,4.45,4.83,-0.07867494824016563,168469374.0,760386547.31,5.31,4.35,false,false,2.33033,13.408209205196814,92.60172498,5591266535.5,54.441825367,false,false,true,断板,断板,断板,4天2板,4.642340560085431,4.551999999999999,4.358571428571428,-4.761904761904771,2.0976728941330967,451.350016478366,false,2.96,0.7855227771152792,0.02104473264579399,0.2143196430834938,0.0031801939519578533,0.24587610731327603,-0.0018872985380347133,0.005232853943727311,0.33802720915878554,25.39460467134584,2.3214285175382665,0.6333333333333333,0.7730746619635509,0.3284398042713335,0.5507572331174422,炸板,4.234285714285713,0.02114164904862581,509.9745477716045,14.068825910931206,0.5403077910830238,0.18991460938847823,0.7496569300137228,0.33095865215232495,0.005124111453734497,1656287574.44,-9.799419988698332,8.636977058029704,1,SZSE.002366,2024-10-24,2024-10-24T09:30:00.000000,4.6,2024-10-28T11:30:00.000000,4.98,7.398233154339186,2.5,未涨停卖出
SZSE.002456,欧菲光,2024-10-24,12.0,12.78,11.9,12.66,12.45,0.01686746987951815,517470688.0,6432379603.71,13.7,11.21,false,false,20.4465,15.917592227934618,419.029515414,41156845936.68,276.054918228,false,false,false,,未涨停,未涨停,3天3板,15.989969195221734,12.629999999999999,11.931428571428569,-3.6144578313252955,6.1063218390804845,1243.0423119367101,false,7.8,0.8031168734088394,0.024583915171338264,0.5661118168223096,0.00698880191497237,0.1930712351338951,0.0016248089618266842,0.008898626680301842,0.5016006536330913,22.91610948342776,2.1130951934435247,0.5166666666666667,0.9368998628257887,0.47341629100633237,0.7051580769160606,断板,11.535714285714283,-0.07020164301717713,1271.2145432398856,7.925696594427264,0.6912057220566521,0.5369211405702983,0.9274652029013919,0.4549462412119122,0.00848728118508974,9787262590.22,-5.602086887582669,4.024767801857609,1,SZSE.002456,2024-10-24,2024-10-24T09:30:00.000000,12.0,2024-10-25T15:00:00.000000,13.14,8.62749003984063,2.0,未涨停卖出
SZSE.002506,协鑫集成,2024-11-05,2.93,3.33,2.93,3.33,3.03,0.0990099009900991,437550750.0,1415740489.92,3.33,2.73,false,false,5.09544,7.481532033977309,194.8155370191,19475208966.33,121.93504533090001,true,false,false,,涨停,4天3板,2天2板,5.033071862025384,2.896,2.787142857142858,-3.3003300330032888,19.477191184008174,323.56029327340883,false,1.74,0.6973645716546117,0.020629494466609454,0.5366793652444649,0.00692792831053824,0.0021312526689974856,0.0001723447377928898,0.007641566469928878,0.40845197275385403,26.54295997463757,2.081249956683985,0.5,0.8883666274970623,0.3248217490229942,0.6065941882600283,炸板,2.6685714285714295,0.02020202020202011,309.1222102542101,13.543897216274045,0.6024255829521925,0.5251285939268112,0.8476302389345868,0.3572209269697981,0.0058877026705663315,2233580181.07,-5.215481036109237,9.796573875802972,1,SZSE.002506,2024-11-05,2024-11-05T09:30:00.000000,2.93,2024-11-06T11:30:00.000000,3.42,15.793481364643808,1.5,未涨停卖出
SZSE.002797,第一创业,2024-11-05,8.34,9.42,8.02,9.42,8.56,0.10046728971962615,489234331.0,4329225270.95,9.42,7.7,false,false,1.66822,11.641794392901431,395.86608,39586572675.0,305.91167871,true,false,false,,涨停,5天3板,2天2板,11.374201028758293,8.588,8.148571428571428,-2.5700934579439325,15.603085553997206,884.8980941507149,false,5.17,0.613206230191607,0.01665426901283099,0.6951873681862905,0.00869035725053542,0.3228768166227601,0.0025433535834863998,0.008439038502879827,0.5670979751182946,26.376817899637647,2.152619543639511,0.55,0.9116725421073247,0.5113333656151277,0.7115029538612262,炸板,7.814285714285714,0.0,883.0145688662137,9.542961608775148,0.695930063149045,0.6936513590316797,0.8852330591461026,0.5066270671519876,0.00680295588504724,8580522097.04,-5.55082221680081,6.7276051188299935,1,SZSE.002797,2024-11-05,2024-11-05T09:30:00.000000,8.34,2024-11-06T15:00:00.000000,10.02,19.186563100117507,2.0,未涨停卖出
SZSE.000592,平潭发展,2024-11-01,2.5,2.52,2.33,2.33,2.59,-0.1003861003861003,237299043.0,565306462.5,2.85,2.33,false,false,6.33133,12.390996743990607,45.01049478360001,4462165406.17,36.9099406858,false,false,true,断板,断板,断板,2天2板,14.729992076742818,2.3739999999999997,2.2485714285714278,-3.4749034749034693,3.6213468869123653,238.22534442332326,true,1.4,0.5227843473720424,0.01582605366452741,0.7004935019045632,0.008884973861448068,2.288777742209137e-6,8.001413654539114e-6,0.007610098087725878,0.45480430706001274,25.413917485922163,1.885135099597791,0.5,0.9169604386995691,0.4502504458585771,0.6836054422790732,炸板,2.1828571428571424,0.019685039370078705,267.5899324582556,18.651832460733004,0.6753320997566522,0.6779392423834395,0.899921660791226,0.4507425387220784,0.0071684432583938125,1155177772.27,-6.57346571175641,14.528795811518357,1,SZSE.000592,2024-11-01,2024-11-01T09:30:00.000000,2.5,2024-11-04T11:30:00.000000,2.31,-8.336254980079687,1.5,未涨停卖出
SZSE.002210,飞马国际,2024-11-01,2.22,2.27,2.11,2.12,2.29,-0.07423580786026196,202858822.0,442612115.17,2.52,2.06,false,false,10.3617,7.622766252072326,56.418134808800005,5641793128.88,36.0752826088,false,false,true,断板,断板,断板,5天3板,9.932578920192437,2.2119999999999997,2.177142857142858,-3.056768558951958,-2.624671916010529,218.18726482104879,false,1.48,0.5125743517391123,0.012373392158060853,0.6566635695577351,0.00692355170753364,0.2494864238968126,0.0019469137258306666,0.006520528403128191,0.5056925822957338,27.91152813203691,2.301886739466003,0.48333333333333334,0.8809244026635331,0.5286063232869924,0.7047653629752628,断板,2.132857142857144,0.0,234.44156343531162,7.3677160080374575,0.7007854746345794,0.6231534872770212,0.8748531139835488,0.5267178352856101,0.006407344982072575,839430054.11,-5.306893220213727,4.0857334226389375,1,SZSE.002210,2024-11-01,2024-11-01T09:30:00.000000,2.22,2024-11-04T11:30:00.000000,2.14,-4.371702379670515,1.5,未涨停卖出
SHSE.603005,晶方科技,2024-11-15,31.06,32.15,29.57,29.57,32.18,-0.08110627719080177,118205114.0,3636718721.0,35.4,28.96,false,false,2.79475,18.124845483560428,192.8471734642,19284717346.420002,157.1920163902,false,false,false,,未涨停,未涨停,2天2板,18.76464110204744,32.38600000000001,31.055714285714284,-3.4804226227470507,-4.784028704172219,3076.617075129254,false,19.04,0.7418428568289126,0.017673703317536846,0.7879331280684464,0.010898518209911221,0.32739511840576324,0.0028243744978989262,0.009831312117832659,0.6405536709217348,24.955092910811906,1.8664974270908068,0.5166666666666667,0.9158183241973376,0.48114765115964686,0.6984829876784922,断板,30.69142857142857,-0.06697593505363875,3309.076072097278,4.850121020294175,0.6952305024679659,0.7670094976519747,0.9122944400939702,0.47816656484196174,0.009904631706891862,4708542318.0,-6.136941782924,1.2008936883261878,1,SHSE.603005,2024-11-15,2024-11-15T09:30:00.000000,31.06,2024-11-18T11:30:00.000000,28.03,-10.47439347567874,1.5,止损卖出
SZSE.000564,供销大集,2024-11-15,2.89,2.99,2.71,2.71,3.01,-0.09966777408637872,1220419687.0,3427980184.7,3.31,2.71,false,false,8.68132,8.57208484169633,489.3735168934,38582648362.07,229.5498868901,false,false,true,断板,断板,断板,7天6板,8.132806464837243,2.9560000000000004,2.8971428571428572,-3.9867109634551388,-6.459566074950694,280.8853561782964,true,1.75,0.8084118537249387,0.03257598382686824,0.5895977829079824,0.00925085034574631,0.08368343215501654,0.001361463559158444,0.011549061005994336,0.4815862918454839,21.56108343135253,1.8770949368321848,0.5333333333333333,0.9508613938919342,0.2498624558148014,0.6003619248533678,断板,2.85,-0.09063444108761343,311.03134969271395,5.614035087719287,0.5828101235876826,0.5621355511930232,0.9445967110415036,0.2210235361338617,0.01142553118245553,6106010924.42,-7.083321251854513,1.403508771929829,1,SZSE.000564,2024-11-15,2024-11-15T09:30:00.000000,2.89,2024-11-18T11:30:00.000000,2.6,-10.751457836474188,1.5,止损卖出
SZSE.002065,东华软件,2024-11-15,7.91,8.46,7.91,7.93,8.24,-0.03762135922330101,282934439.0,2314880403.7,9.06,7.42,false,false,31.9391,9.729782062639062,254.1947523375,23059818676.57,160.5484722907,false,false,false,,未涨停,未涨停,2天2板,0.8984515455904569,8.336000000000002,7.955714285714286,-4.0048543689320395,-0.32321781289281165,818.1684816743004,false,5.02,0.7857282769789206,0.020516415671024003,0.8394782182374596,0.01156573761918711,0.40853297444641523,0.0035817255916288965,0.010960669621287025,0.6994446568484385,25.151798833569703,1.8065133773267794,0.6,0.9404855129209084,0.5168023234508967,0.7286439181859026,断板,7.802857142857143,-0.09945355191256833,840.7888532277128,5.6023434639326215,0.719303993242617,0.8271444949251191,0.9322631166797181,0.5063448698055159,0.010784723759474556,3429314624.26,-5.921683314018489,1.373123398022691,1,SZSE.002065,2024-11-15,2024-11-15T09:30:00.000000,7.91,2024-11-18T11:30:00.000000,8.14,2.0877299902790827,1.5,未涨停卖出
SHSE.601216,君正集团,2024-11-14,5.72,6.05,5.34,5.35,5.93,-0.09780775716694778,500648227.0,2797836601.0,6.52,5.34,false,false,17.6176,5.9332447879679,451.43393036500004,45143393036.5,169.578467965,false,false,true,断板,断板,断板,5天3板,3.982301208554392,5.536,5.3500000000000005,-3.541315345699831,-1.6601465788787388e-14,558.8428062085197,true,3.94,0.7569658558168593,0.02028071810848012,0.6018388239546856,0.006139681098309194,0.12328598823065569,0.0011441445805348747,0.007469227545011084,0.48929837960991135,26.993413028657333,2.1019107838451876,0.5166666666666667,0.8101018010963195,0.3057031971007057,0.5579024990985126,炸板,5.227142857142858,-0.011666666666666714,619.2151395190859,13.446296802405012,0.5301909915924199,0.572441861427611,0.7795614722004699,0.2808205109843699,0.007140376749714895,4954857797.0,-7.624997598694961,9.428805684613263,1,SHSE.601216,2024-11-14,2024-11-14T09:30:00.000000,5.72,2024-11-15T11:30:00.000000,5.18,-10.162148608363754,1.5,止损卖出
SZSE.000815,美利云,2024-11-22,11.39,12.66,11.39,11.8,11.74,0.005110732538330609,119199891.0,1438316855.56,12.91,10.57,false,false,3.45045,17.144574786720828,82.04103813000002,8204103813.000001,53.110111184000004,false,false,false,,未涨停,未涨停,2天1板,14.024806021795763,11.407999999999998,10.941428571428572,-2.9812606473594516,7.846977412194803,1206.6427607387661,false,8.69,0.3195480763566501,0.006946989625787065,0.8545628351300599,0.008434575192101265,0.5904798120811589,0.0036704013827651163,0.006707805936037581,0.6683349764607076,23.64658631135995,2.090609511482974,0.5333333333333333,0.8277886497064579,0.5222538373549213,0.6750212435306896,断板,10.724285714285715,-0.019214703425229795,1207.2108304570836,9.471160250432924,0.6406818012377344,0.8517870124969802,0.7809747504403993,0.5003888520350694,0.006288524659516688,1450545384.03,-5.650283176407312,6.207539629678971,1,SZSE.000815,2024-11-22,2024-11-22T09:30:00.000000,11.39,2024-11-25T11:30:00.000000,11.95,4.080604710219697,1.5,未涨停卖出
SZSE.002194,武汉凡谷,2024-11-22,15.0,16.76,14.07,15.02,15.49,-0.030342156229825723,196887394.0,2960623600.16,17.04,13.94,false,false,3.88367,38.66346907225581,102.62952806119999,7648689392.96,58.299716198999995,false,false,true,断板,断板,断板,5天3板,18.427544579693603,14.920000000000002,14.254285714285714,-3.163331181407361,5.371817999599114,1503.7141484842855,true,9.12,0.7468041319475895,0.020698315095075154,0.8161532972132067,0.010183740003719093,0.5619246168789652,0.004303875602375196,0.010522695701587136,0.7260148600598109,22.6752736983061,1.7416502643620242,0.5833333333333334,0.953816046966732,0.5080153524966462,0.730915699731689,炸板,13.742857142857144,-0.03908188585607941,1679.3679592044975,12.713097713097707,0.722401616747822,0.8144729970661686,0.9399099628107261,0.5048932706849178,0.00999045762677251,3906518675.29,-10.680682468746305,9.147609147609149,1,SZSE.002194,2024-11-22,2024-11-22T09:30:00.000000,15.0,2024-11-25T11:30:00.000000,14.62,-3.309960159362551,1.5,未涨停卖出
SZSE.000409,云鼎科技,2024-12-03,10.51,10.87,10.27,10.33,11.06,-0.0660036166365281,94102773.0,987127445.58,12.17,9.95,false,false,2.13272,22.228520432374737,70.0829041665,4373127973.35,36.937374056500005,false,false,true,断板,断板,断板,4天2板,10.785032695571939,10.585999999999999,10.408571428571426,-4.972875226039789,-0.7548723579467191,1048.9886898232,false,8.5,0.4970300349168308,0.008809208375626343,0.7857961985941044,0.006134693641026071,0.3830784615399975,0.002025175660068781,0.005436741193658938,0.6072276447424176,27.21309679437869,2.331406496705167,0.5833333333333334,0.7914710485133021,0.4879103945875647,0.6396907215504334,炸板,10.268571428571429,0.005454545454545601,1156.9961401135238,7.70728992765721,0.6241027679392224,0.782305426227231,0.7812989045383412,0.4669066313401035,0.005253888824520907,1638010007.86,-9.16132184357361,2.3511407902058856,1,SZSE.000409,2024-12-03,2024-12-03T09:30:00.000000,10.51,2024-12-04T11:30:00.000000,10.45,-1.363148737116242,1.5,未涨停卖出
SHSE.601933,永辉超市,2024-12-04,5.65,6.52,5.34,6.52,5.93,0.0994940978077572,1394368174.0,8565426366.0,6.52,5.34,false,false,9.17165,15.364875923652338,591.6924119436,59169241194.35999,308.4367957052,true,false,false,,涨停,4天3板,2天2板,4.238169236077736,5.522,5.231428571428572,-4.721753794266431,24.63134898962313,614.2872826355832,true,3.41,0.08819832825584713,0.006279605069541565,0.8073712575509757,0.015539404995655873,0.5980012283571956,0.0078016322156439855,0.011366113176429445,0.600725662933816,17.16594080976328,1.5092592364806245,0.55,0.9778994719342852,0.3459381758587425,0.6619188238965138,炸板,4.901428571428573,0.07039711191335729,599.5331175062307,20.985135529000246,0.6418089279510286,0.8071299192708903,0.9649843505477308,0.31863350535432633,0.010118322327370696,7529069980.0,-5.76000165760181,15.272515301661294,1,SHSE.601933,2024-12-04,2024-12-04T09:30:00.000000,5.65,2024-12-05T11:30:00.000000,6.2,8.86013468250889,1.5,未涨停卖出
SHSE.600775,南京熊猫,2024-11-27,11.12,11.8,10.48,11.16,11.59,-0.0371009490940466,129925404.0,1436206915.0,12.75,10.43,false,false,1.4683,19.33878430482215,74.97717983640001,7497717983.64,46.397635718400004,false,false,true,断板,断板,断板,2天2板,7.704372965486769,11.206,10.817142857142857,-4.055220017256261,3.1695721077654566,1105.408850604767,true,8.36,0.14842772502926202,0.004413913506858134,0.8668304812287785,0.008242902340277573,0.42491858909756625,0.0026582229075360468,0.005801700743771228,0.5905763623495115,25.282449350340872,2.0824260841622313,0.5666666666666667,0.8041479162590491,0.44292325331463483,0.623535584786842,炸板,10.564285714285715,-0.04765817584223497,1252.050422875221,9.70926301555104,0.5924114684462777,0.8637661975390211,0.7650166307963217,0.41980630609623365,0.005525186715283281,2527565385.0,-11.185685521642807,5.260311020960096,1,SHSE.600775,2024-11-27,2024-11-27T09:30:00.000000,11.12,2024-11-28T11:30:00.000000,10.65,-4.98975321734642,1.5,未涨停卖出
SHSE.601360,三六零,2024-11-27,13.22,14.4,12.93,14.05,13.72,0.02405247813411071,601414319.0,8208276740.0,15.09,12.35,false,false,2.0808,8.592175811623145,983.4378819995002,98343788199.95001,393.9890621265,false,false,true,断板,断板,断板,7天3板,10.152206364804316,13.99,13.260000000000003,-3.6443148688046643,5.957767722473584,1364.8289508052103,false,8.03,0.8468607243798477,0.022268681086954834,0.8412736656765558,0.012836932931610246,0.40183263000590685,0.003896929006751491,0.012041281385221536,0.7105587667160195,21.63747265330455,1.7577854362299306,0.6,0.9794560751320681,0.4944897513748526,0.7369729132534604,断板,12.952857142857145,-0.09973753280839892,1425.9417165055197,5.922576375868525,0.7346166734378118,0.8322028087550729,0.9767168851496771,0.4925164617259465,0.011930207356603445,10630088420.0,-7.289338358109343,2.0624241755817785,1,SHSE.601360,2024-11-27,2024-11-27T09:30:00.000000,13.22,2024-11-28T11:30:00.000000,13.32,-0.04641042486635013,1.5,未涨停卖出
SHSE.603026,石大胜华,2024-11-27,40.0,42.04,39.88,41.73,41.8,-0.0016746411483253842,12515504.0,510325125.0,45.98,37.62,false,false,1.07841,6.1750069074403005,84.578364,8457836399.999999,52.6734266799,false,false,true,断板,断板,断板,2天2板,9.04271339056641,42.113999999999976,40.44142857142857,-4.3062200956937735,3.186265851849239,4077.543541194985,false,30.86,0.6132939382310423,0.012209340927130798,0.7313643081002998,0.006885750809565811,0.006687612424899324,0.0002834372190772948,0.005969774755932253,0.4903472254238282,23.041937383224276,2.2598539635291397,0.5,0.8166699276071219,0.3075781446349673,0.5621240361210446,断板,39.44428571428572,-0.09991386735572783,4299.065016660463,5.972257433631503,0.5458710870973295,0.7193909503835293,0.7914302484836627,0.3003119257109962,0.005792986441164269,923331474.0,-6.9565129976279945,1.4088587881641246,1,SHSE.603026,2024-11-27,2024-11-27T09:30:00.000000,40.0,2024-11-28T11:30:00.000000,40.49,0.4184262948207183,1.5,未涨停卖出
SHSE.603662,柯力传感,2024-11-27,44.53,47.27,44.27,46.84,46.09,0.016272510305923138,23880291.0,1099473771.0,50.7,41.48,false,false,2.51313,8.503472643444038,131.92927513840002,13154071017.12,61.0549549548,false,false,true,断板,断板,断板,5天3板,10.150029696983655,47.298,46.42999999999999,-3.384682143632029,0.8830497523153368,4604.105414795825,false,30.76,0.7163227687410897,0.015566789911559693,0.9101159477327151,0.012648876593316732,0.6261961960281726,0.005908204856611629,0.011210257735953794,0.7861813864230274,21.188088552713587,1.7047270015648903,0.5833333333333334,0.9726081001760908,0.5022337618333402,0.7374209310047155,断板,45.21285714285714,-0.09998047256395226,4745.4350717020525,1.9400297007804514,0.7373059122074347,0.908026112772234,0.9731950694580317,0.5014167549568377,0.01148018099065566,1432306031.0,-6.162450171237177,-1.5103162817150517,1,SHSE.603662,2024-11-27,2024-11-27T09:30:00.000000,44.53,2024-11-28T11:30:00.000000,48.08,7.111817719018351,1.5,未涨停卖出
SZSE.002167,东方锆业,2024-11-27,9.14,10.49,8.61,10.14,9.57,0.059561128526645746,208038685.0,1970258463.63,10.53,8.61,false,false,7.85857,27.419620776155124,78.55187262,7693440704.820001,58.458230103000005,false,false,true,断板,断板,断板,4天2板,15.686276041016622,9.505999999999998,9.268571428571429,-4.4932079414838,9.401972872996305,947.0635058234482,true,5.9,0.8795201789552226,0.01587692642164556,0.8373132092034065,0.011129172607825385,0.3797637595807102,0.003498289036465808,0.009789458299181547,0.7084897682669608,23.510682015572534,1.8079469871808258,0.55,0.9538250831539816,0.5108421650096873,0.7323336240818344,炸板,9.092857142857143,-0.03625377643504524,1027.924277499346,5.247446975648072,0.7235638701933216,0.8299928930785077,0.9454118567794952,0.5017158836071479,0.009555440545032025,2350757902.41,-11.08294453133184,0.5184603299293045,1,SZSE.002167,2024-11-27,2024-11-27T09:30:00.000000,9.14,2024-11-28T11:30:00.000000,10.78,17.00332150609813,1.5,未涨停卖出
SZSE.002426,胜利精密,2024-11-27,2.71,2.92,2.69,2.88,2.8,0.028571428571428692,328633219.0,926182332.98,3.08,2.52,false,false,5.27351,9.658297464513732,97.9956263808,9799487686.08,84.1360551552,false,false,true,断板,断板,断板,2天1板,15.073388656615341,2.779999999999999,2.7171428571428575,-3.214285714285709,5.993690851734997,281.8285795326126,false,1.97,0.34202765562580384,0.008613823162602435,0.838629627048171,0.009701801303602016,0.7293158431582356,0.005258853884890221,0.008151321449788562,0.7065150975967169,23.35490536292281,1.9815950527573496,0.55,0.9189982390921542,0.522242341073559,0.7206202900828567,断板,2.674285714285715,-0.05723905723905731,298.36270681951515,4.7008547008546735,0.7152404183618079,0.8329066320455298,0.909411074153786,0.5210697625698297,0.008040661789379277,1644947014.84,-9.170954075057159,1.3354700854700585,1,SZSE.002426,2024-11-27,2024-11-27T09:30:00.000000,2.71,2024-11-28T11:30:00.000000,2.87,5.060201996442286,1.5,未涨停卖出
SHSE.603078,江化微,2024-12-02,19.76,20.33,19.05,19.43,20.56,-0.05496108949416334,64222346.0,1249048445.0,22.62,18.5,false,false,5.3671,16.653564025018664,74.9293172864,7492931728.64,40.6910350136,false,false,true,断板,断板,断板,2天1板,12.588991922274065,20.616000000000003,19.934285714285714,-3.8910505836575737,-2.5297405761788743,1944.8813735331312,false,14.75,0.623455833821215,0.014943701540449694,0.8393633490183102,0.009181417062518021,0.35076374528283427,0.002493474242314312,0.008327491112043242,0.6496019648582485,23.803650658087708,1.942499962266938,0.5166666666666667,0.9370109546165885,0.47508398129444646,0.7060474679555174,断板,19.684285714285714,-0.09982486865148865,2162.095741062515,4.448798896872046,0.7052766920778106,0.829209412517206,0.9330985915492958,0.47745479260632556,0.008356655642304752,1753648851.0,-8.607192435015032,0.3846432977719694,1,SHSE.603078,2024-12-02,2024-12-02T09:30:00.000000,19.76,2024-12-03T11:30:00.000000,19.78,-0.6964046647418431,1.5,未涨停卖出
SZSE.000962,东方钽业,2024-12-02,15.3,15.85,15.05,15.3,15.86,-0.03530895334174011,56178951.0,860423074.0,17.45,14.27,false,false,3.38193,11.334351499103308,77.26014408600001,7583477099.400001,41.629884138,false,false,true,断板,断板,断板,2天2板,13.072042721384788,15.49,15.105714285714287,-3.530895334174015,1.2861736334405123,1531.5755433026864,false,11.8,0.2895374678007494,0.005864416018669854,0.8881146716517153,0.007970315338157551,0.6113115529881732,0.003469182981350624,0.006198795767217934,0.6853582952824595,27.757072787599935,2.1464585373605303,0.5333333333333333,0.848982785602504,0.5577363443924847,0.7033595649974943,断板,15.008571428571429,-0.0609828300769687,1652.095983745431,5.672948791166946,0.6977903699758033,0.8792719492401542,0.8429186228482003,0.5526621171034064,0.0061055087007818205,1532039258.99,-7.390368655738133,1.9417475728155331,1,SZSE.000962,2024-12-02,2024-12-02T09:30:00.000000,15.3,2024-12-03T11:30:00.000000,16.21,5.1035075384735675,1.5,未涨停卖出
SHSE.600252,中恒集团,2024-11-07,2.85,3.14,2.81,3.05,2.96,0.03040540540540526,264506309.0,794161988.0,3.26,2.66,false,false,39.4431,7.722341377070142,105.27042834699999,10446886547.199999,74.437508098,false,false,true,断板,断板,断板,4天3板,6.839950299273792,2.9179999999999997,2.79,-3.7162162162162122,9.318996415770602,300.2431174524461,false,1.88,0.7561357518508895,0.017122676953882678,0.18201034823238665,0.0028909053511826295,0.00040714702192468495,0.00005161338046133483,0.004885472080506251,0.24235446859294865,27.89105633080109,2.3262410806377964,0.45,0.6421299921691465,0.0,0.32106499608457323,断板,2.6942857142857144,-0.013333333333333308,302.2477780996678,9.86214209968186,0.2888758323540932,0.1326269011211931,0.5777516647081864,0.0,0.00400732235963778,1033658612.0,-5.706502859379259,5.779427359490996,1,SHSE.600252,2024-11-07,2024-11-07T09:30:00.000000,2.85,2024-11-08T11:30:00.000000,2.97,3.3801635563011225,1.5,未涨停卖出
SHSE.601020,华钰矿业,2024-11-07,15.2,15.41,14.8,14.98,15.92,-0.05904522613065322,88030659.0,1323312842.0,17.51,14.33,false,false,1.44354,10.735908413461965,122.8307117604,12283071176.04,91.8427471598,false,false,true,断板,断板,断板,3天2板,10.795563176794229,15.056000000000003,14.484285714285713,-4.522613065326637,3.422428247361684,1503.2408674800447,false,10.12,0.728682424305662,0.014913412264157528,0.39215803884732514,0.0037467732783274055,0.08748893011164682,-0.0009954721707943364,0.004557427440756908,0.368062183318289,25.90383152654983,2.5303950727491222,0.5166666666666667,0.6018010963194989,0.25507090117955605,0.4284359987495274,断板,14.08285714285714,0.02247912652536921,1605.4221587200905,13.045242442686163,0.41497007684868403,0.34414757540771856,0.582060321190756,0.24787983250661202,0.0040344383055924025,1833968211.0,-5.320853350385601,7.932643538243078,1,SHSE.601020,2024-11-07,2024-11-07T09:30:00.000000,15.2,2024-11-08T11:30:00.000000,14.89,-2.820035646886119,1.5,未涨停卖出
SHSE.601198,东兴证券,2024-11-07,12.5,14.12,12.4,13.48,12.98,0.03852080123266566,254493939.0,3351530265.0,14.28,11.68,false,false,1.13697,7.87310837647157,435.733656096,43573365609.6,191.6911114328,false,false,true,断板,断板,断板,2天2板,10.096307439080984,12.819999999999999,12.231428571428571,-3.6979969183359045,10.207895351553379,1316.9391295405271,false,8.06,0.6113355622913179,0.014363747613028914,0.6750237047635306,0.007735832085135611,0.3828243925977959,0.0024988613884471206,0.007490323981707724,0.5746262826193677,26.88802462359262,2.251993569699921,0.5666666666666667,0.8543461237274863,0.5000564849400443,0.6772013043337652,断板,11.792857142857143,-0.0566860465116279,1329.5355888997015,10.066626287098734,0.6559722323323708,0.6517182860172377,0.8290246768507638,0.4829197878139779,0.006621017069267748,4351124721.0,-5.9822083412993665,5.99636583888552,1,SHSE.601198,2024-11-07,2024-11-07T09:30:00.000000,12.5,2024-11-08T11:30:00.000000,13.09,3.8855776892430347,1.5,未涨停卖出
SHSE.603083,剑桥科技,2024-11-07,44.96,50.8,44.14,48.64,46.32,0.050086355785837755,65650143.0,3163013440.0,50.95,41.69,false,false,2.23628,24.766423053745072,130.3755514624,12893355445.76,106.23704627200001,false,false,false,,未涨停,未涨停,2天2板,17.17407945848713,45.432,42.965714285714284,-2.936096718480137,13.206543423327574,4817.9840826850905,false,25.8,0.8576696736394479,0.023392285637488457,0.68309009472672,0.008819759452125707,0.0022261814628780573,0.00019003517359417424,0.009145347405638798,0.513746836530113,24.172641164799444,1.9472073071488705,0.5666666666666667,0.9091620986687549,0.3853914714535743,0.6472767850611646,炸板,41.17142857142857,0.00108061378863189,4807.7483551588275,12.505204718945178,0.6462479014220068,0.6711450154568269,0.8926752839796318,0.3998205188643819,0.008186905679604133,3491778062.0,-6.484290194271791,9.201943095072874,1,SHSE.603083,2024-11-07,2024-11-07T09:30:00.000000,44.96,2024-11-08T15:00:00.000000,51.23,13.037795437467203,2.0,未涨停卖出
SHSE.603809,豪能股份,2024-11-07,12.3,12.34,11.77,12.02,12.9,-0.06821705426356595,67199237.0,806343157.0,14.19,11.61,false,false,6.07144,11.552685931296345,69.9174922216,6991749222.16,45.1367288302,false,false,false,,未涨停,未涨停,3天2板,11.576052793265907,12.775999999999994,12.13714285714286,-4.651162790697672,-0.9651600753295982,1199.9290363966484,false,6.9,0.7875025470424858,0.02863704799476716,0.5489198315217326,0.008505393896629547,0.08762452614057788,-0.0019705514970996263,0.009388941098138318,0.4582477830115368,26.873967027030375,1.8617157143798377,0.5333333333333333,0.9146436961628818,0.319891979265563,0.6172678377142224,断板,11.784285714285717,-0.05976676384839652,1320.8614465241478,9.467814280518825,0.6263312754847961,0.5113300427750447,0.9104974539757148,0.3421650969938773,0.008810047821700171,1399908413.0,-6.878953637662,4.3762880349133,1,SHSE.603809,2024-11-07,2024-11-07T09:30:00.000000,12.3,2024-11-08T11:30:00.000000,12.59,1.5421241861820834,1.5,未涨停卖出
SZSE.002031,巨轮智能,2024-11-07,4.08,4.38,4.08,4.16,4.21,-0.01187648456057,407713498.0,1710507941.48,4.63,3.79,false,false,14.928,20.56823845079571,91.494859872,8246151734.08,73.5907646656,false,false,true,断板,断板,断板,2天2板,17.28677858435064,3.9239999999999995,3.828571428571428,-3.087885985748216,8.656716417910472,419.5367457468872,false,2.54,0.8307247256859658,0.019667238808490885,0.8090412817629437,0.010566459922046077,0.18719586033785351,0.00228347506286993,0.009901720241582194,0.6268243441200211,23.268108779317423,1.9316238943122224,0.6,0.9291307752545027,0.4892838792215962,0.7092073272380495,炸板,3.732857142857142,0.024330900243308973,431.51685627924815,12.782242632988922,0.705309959825158,0.7914853662180786,0.9255777516647082,0.48504216798560773,0.009347437386651785,2693691541.71,-5.4498117366774785,9.299655568312314,1,SZSE.002031,2024-11-07,2024-11-07T09:30:00.000000,4.08,2024-11-08T11:30:00.000000,4.24,3.093508319662531,1.5,未涨停卖出
SHSE.600318,新力金融,2024-11-11,10.65,11.29,10.15,10.62,10.98,-0.03278688524590179,113690786.0,1196314897.0,12.08,9.88,false,false,3.18095,22.173719320826464,54.45167451839999,5445167451.839999,38.878893405,false,false,true,断板,断板,断板,4天3板,19.896591607920204,11.154000000000003,10.664285714285713,-3.0054644808743176,-0.41527126590756225,1052.2531676401638,false,5.95,0.7742983825413671,0.024191496276706605,0.6970198102167781,0.012087947535786698,0.2829769234969043,0.0030423811423785003,0.011794987365948221,0.5882626586657338,18.707525277118084,1.723163812114974,0.5666666666666667,0.95203602192639,0.3935509648427784,0.6727934933845843,断板,10.384285714285713,-0.09999999999999987,1138.0487271950742,5.736690053652509,0.6664357758358493,0.6658190439416964,0.9504698512137824,0.38240170045791627,0.011410460494566135,2081194979.0,-6.418769728350371,2.558811390837823,1,SHSE.600318,2024-11-11,2024-11-11T09:30:00.000000,10.65,2024-11-12T11:30:00.000000,10.46,-2.5666348689748006,1.5,未涨停卖出
SHSE.600606,绿地控股,2024-11-11,2.53,2.61,2.42,2.48,2.61,-0.04980842911877392,343966124.0,853755631.0,2.87,2.35,false,false,120.838,2.4474226621153368,348.5446141872,34854461418.72,96.69153731280001,false,false,true,断板,断板,断板,3天2板,2.5241886924910903,2.5260000000000007,2.408571428571428,-3.065134099616861,2.965599051008331,248.20921928928095,false,1.44,0.6186542569903578,0.01627152058405877,0.7611022396184782,0.011144519648115489,0.0684821029955642,0.0015171324380674515,0.009281703672289733,0.52482660210598,22.0911398442801,1.8238993378030937,0.48333333333333334,0.8980031323414253,0.3307285138549128,0.614365823098169,断板,2.3528571428571423,-0.04395604395604402,272.36281341236,10.9289617486339,0.6008686289615303,0.7388278374910466,0.8903680501174628,0.3113692078055977,0.008674456401186338,1493515130.0,-7.109198634633196,7.528840315725582,1,SHSE.600606,2024-11-11,2024-11-11T09:30:00.000000,2.53,2024-11-12T11:30:00.000000,2.51,-1.581027667984204,1.5,未涨停卖出
SHSE.603099,长白山,2024-11-11,42.0,43.26,41.0,42.41,43.56,-0.026400367309458384,21053846.0,888207068.0,47.92,39.2,false,false,1.02893,7.895093561330484,113.094747,11309474700.0,37.3130610232,false,false,true,断板,断板,断板,5天2板,12.439981625229688,41.784,39.90714285714286,-3.581267217630859,6.27170216574189,4218.7402149706995,false,23.6,0.7948574063389784,0.022955890640678624,0.7621695986893248,0.010241199956074346,0.49824722878329514,0.003958007595368559,0.010899180384783465,0.6895304492474467,24.442370969675142,1.7544048595478559,0.55,0.9348081440877055,0.5059162887914075,0.7203622164395564,断板,38.457142857142856,-0.027895559027002914,4420.3912738514855,13.268945022288273,0.7215196370010526,0.7498202072948795,0.9353954581049334,0.5076438158971717,0.01045869503823743,1809458347.0,-4.985786555936689,9.212481426448749,1,SHSE.603099,2024-11-11,2024-11-11T09:30:00.000000,42.0,2024-11-12T11:30:00.000000,43.66,3.1240751280591894,1.5,未涨停卖出
SZSE.002426,胜利精密,2024-11-11,2.76,2.99,2.68,2.92,2.85,0.024561403508771784,526455681.0,1488960644.65,3.14,2.57,false,false,5.27351,15.472159462312757,99.3566767472,9935591681.72,85.30461147679999,false,false,true,断板,断板,断板,2天2板,6.429552518903552,2.689999999999999,2.552857142857143,-3.157894736842116,14.381645215444875,282.8273486994625,false,1.68,0.7651816843527425,0.018146327356846903,0.7569278838316991,0.008394340462363476,0.5275935959665329,0.0034302805768360845,0.008855519875601944,0.6897783575763579,26.382225669591417,1.9807691915347638,0.55,0.8839075959279562,0.5343278863856338,0.709117741156795,炸板,2.468571428571429,0.014234875444839812,294.1259229435347,15.451388888888879,0.7002661989714402,0.7656785797367606,0.86530931871574,0.5352230792271403,0.00803231963913075,2456966535.14,-6.162640396376928,11.805555555555536,1,SZSE.002426,2024-11-11,2024-11-11T09:30:00.000000,2.76,2024-11-12T11:30:00.000000,2.8,0.6409146024597291,1.5,未涨停卖出
SZSE.002568,百润股份,2024-11-11,26.0,27.13,25.9,27.0,27.03,-0.0011098779134295356,26151675.0,695731234.82,29.73,24.33,false,false,9.02235,3.650468659026359,283.32961785000003,19342591074.0,134.56615482,false,false,true,断板,断板,断板,5天3板,7.580791750651266,26.514000000000003,25.90142857142857,-3.8105808361080324,4.241354586068061,2660.3696888249033,false,16.62,0.782428759433486,0.015321807998777325,0.7184791949670157,0.008278566118235083,0.051293706497650804,0.0010084059542906719,0.007506166445160207,0.5311134613195003,25.8578429765064,2.1308823075345815,0.4666666666666667,0.8210649960845732,0.3889283242050374,0.6049966601448054,断板,25.058571428571433,-0.030835424883470797,2736.8962915895067,7.86728236702581,0.5808227564835541,0.6831851628989943,0.8055990602975724,0.35604645266953566,0.006857411601471429,1272016259.75,-5.001880853512408,3.7569123767173807,1,SZSE.002568,2024-11-11,2024-11-11T09:30:00.000000,26.0,2024-11-12T11:30:00.000000,26.82,2.3319031566043553,1.5,未涨停卖出
SZSE.002797,第一创业,2024-11-11,9.32,10.0,9.3,9.78,9.73,0.005138746145940232,526127446.0,5125768362.3,10.7,8.76,false,false,1.66822,12.519701015819248,410.99472000000003,41099435325.0,317.60257089,false,false,false,,未涨停,未涨停,6天4板,22.79862059652276,9.975999999999999,9.571428571428571,-4.2137718396711215,2.1791044776119364,974.2446248090239,false,5.23,0.859274509822952,0.02927959879300054,0.7125895124626993,0.011342445041293468,0.3979084793130309,0.0037680630874311733,0.012657561205476195,0.6475222019898493,24.237647946592176,1.8006328789696167,0.5666666666666667,0.9626076742364917,0.48473803600344645,0.7236728551199691,断板,9.401428571428571,-0.08120868744098197,1006.0733411275482,3.4949095882084857,0.7198388832679222,0.6953362075531379,0.9600626468285043,0.47961511970734017,0.012092790318868103,8450051553.02,-7.362618419501221,-0.8661297675125357,1,SZSE.002797,2024-11-11,2024-11-11T09:30:00.000000,9.32,2024-11-12T11:30:00.000000,9.49,1.0126874476343501,1.5,未涨停卖出
SZSE.002501,*ST利源,2024-11-13,1.8,1.84,1.71,1.75,1.86,-0.05913978494623662,318735604.0,561372880.92,2.05,1.67,false,false,7.53656,9.000985379478658,62.125,6196958260.5,46.1958672875,false,false,true,断板,断板,断板,5天3板,6.965313170274176,1.8480000000000003,1.7714285714285711,-3.2258064516129057,-1.209677419354822,176.12493674224103,false,1.08,0.8038713424232589,0.02428143938439294,0.6906203723981292,0.009414631569610192,0.3010574300726591,0.002638274348857093,0.010355085966340813,0.5964016837055142,24.075964436382385,1.8211381782166702,0.43333333333333335,0.9201252936570086,0.4179905929657838,0.6690579433113961,断板,1.721428571428571,-0.09708737864077666,196.89154302422475,8.049792531120358,0.6640798997311945,0.6659286216970013,0.9169929522317932,0.41116684723059593,0.010197588315012631,1201464552.69,-8.579110491376706,4.564315352697124,1,SZSE.002501,2024-11-13,2024-11-13T09:30:00.000000,1.8,2024-11-14T11:30:00.000000,1.69,-6.859229747675973,1.5,未涨停卖出
SHSE.600759,ST洲际,2024-11-19,2.9,2.99,2.8,2.94,2.99,-0.016722408026755953,178714062.0,514957575.0,3.29,2.69,false,false,4.46299,4.312925050026356,121.98087283199999,12182436193.199999,96.43688866139999,false,false,false,,未涨停,未涨停,2天2板,2.7839978131739507,3.0420000000000003,2.915714285714285,-3.0100334448160635,0.8329250367467144,288.1460861205203,false,2.22,0.7508742205005537,0.015243197244905832,0.5131945011467397,0.004744203798681143,0.05785234896714915,-0.0006354798095794348,0.005230097405447907,0.4241277993636253,27.90588457315752,2.3986013410685127,0.43333333333333335,0.6619028974158183,0.28573285674987403,0.4738178770828462,断板,2.8785714285714286,-0.09939759036144569,313.30598010017496,3.8709677419354915,0.4403960601970506,0.4599423780385293,0.6168754894283477,0.26391663096575346,0.0049697490910848505,756951700.0,-7.4387281381361525,0.7444168734491274,1,SHSE.600759,2024-11-19,2024-11-19T09:30:00.000000,2.9,2024-11-20T11:30:00.000000,2.92,-0.11265283692815109,1.5,未涨停卖出
SHSE.600736,苏州高新,2024-11-25,6.99,7.0,6.52,6.52,7.24,-0.09944751381215478,123940954.0,828058301.0,7.96,6.52,false,false,27.3085,10.76537110985606,75.06429753639999,7506429753.639999,39.4117670008,false,false,true,断板,断板,断板,3天2板,10.596420924531937,6.688000000000001,6.380000000000001,-3.4530386740331496,2.1943573667711407,668.10708992929,true,4.54,0.48900926059081573,0.010468180433320111,0.8538255153187988,0.009164849456435328,0.4489029984198838,0.002902557717752858,0.007546828130207543,0.6593855093035277,24.95115008729629,2.031578906095292,0.6166666666666667,0.8776908023483366,0.517847498507674,0.6977691504280052,断板,6.262857142857143,0.029871977240398362,740.7524402053817,15.602189781021892,0.6846765681346847,0.8369513052880158,0.8547945205479452,0.5145586157214243,0.007200974408808922,1424016928.0,-5.636490403434291,11.610401459854014,1,SHSE.600736,2024-11-25,2024-11-25T09:30:00.000000,6.99,2024-11-26T11:30:00.000000,6.42,-8.88634303985773,1.5,未涨停卖出
SZSE.002194,武汉凡谷,2024-11-25,14.3,15.08,13.76,13.9,15.02,-0.07456724367509981,115663710.0,1646561938.39,16.52,13.52,false,false,3.88367,22.713288969467314,94.97672703399999,7078347707.2,53.952467055,false,false,false,,未涨停,未涨停,5天3板,18.427544579693603,15.036000000000001,14.442857142857145,-4.7936085219706985,-3.7586547972304754,1423.5769701577099,false,9.16,0.7579128067334305,0.020721399564382095,0.8220416316778325,0.01028483779200739,0.5787016311135784,0.004475483755775957,0.010629343935612903,0.7362138665196759,22.055861073263028,1.7416502643620242,0.5833333333333334,0.9583170254403132,0.5040716616512203,0.7311943435457667,断板,14.254285714285714,-0.030342156229825723,1503.7141484842855,5.371817999599114,0.730915699731689,0.8161532972132067,0.953816046966732,0.5080153524966462,0.010522695701587136,2960623600.16,-4.902138385715659,0.32070555221488384,1,SZSE.002194,2024-11-25,2024-11-25T09:30:00.000000,14.3,2024-11-26T11:30:00.000000,13.32,-7.595352854317004,1.5,未涨停卖出
SZSE.002366,融发核电,2024-11-25,5.7,5.92,5.36,5.56,5.96,-0.06711409395973156,262652325.0,1440882621.23,6.56,5.36,false,false,2.33033,20.904080297890495,115.700132784,6985942008.4,68.0216964136,false,false,true,断板,断板,断板,3天2板,10.279623284827037,5.413999999999999,5.159999999999999,-4.362416107382547,7.7519379844961325,548.5893266811935,true,3.51,0.1286741299593427,0.004799102378810396,0.8257277825892329,0.010814057073627802,0.24116873090054958,0.002516425601315747,0.007121776692970704,0.5109493365566498,21.667544084563154,1.948717910742933,0.6,0.8573385518590998,0.30114020826410176,0.5792393800616008,炸板,5.011428571428572,0.07775768535262206,604.6572772172208,18.92816419612314,0.5364948433980726,0.8132980662878482,0.8123287671232877,0.2606609196728575,0.006429962605963893,1560124420.04,-5.731722501831449,13.740022805017094,1,SZSE.002366,2024-11-25,2024-11-25T09:30:00.000000,5.7,2024-11-26T11:30:00.000000,5.24,-8.802684000838742,1.5,未涨停卖出
SZSE.002693,双成药业,2024-11-25,26.0,26.45,24.38,24.38,27.09,-0.10003691399040238,73286827.0,1807705544.84,29.8,24.38,false,false,3.50421,17.814782829051463,101.10136105000001,10029495500.48,50.8914212562,false,false,true,断板,断板,断板,3天3板,7.805620122725677,26.7,25.46428571428571,-4.023624953857512,-4.258064516129027,2466.617288315675,true,15.4,0.5890787835065218,-0.021818789971469216,0.7316709552047554,0.028185397993435213,0.6625148770530731,0.02093610155809026,0.01600977146985084,0.6824056974196041,13.099639782055725,1.1264430879159875,0.5333333333333333,0.9925636007827788,0.42591247084579503,0.7092380358142869,断板,25.39142857142857,-0.09669889963321099,2818.4936293124165,6.689546528637343,0.7149606437463846,0.7518436201145449,0.9923679060665362,0.4375533814262329,0.016316755133527826,3735222521.05,-7.752142032186149,2.39675931135368,1,SZSE.002693,2024-11-25,2024-11-25T09:30:00.000000,26.0,2024-11-26T11:30:00.000000,24.79,-5.413576463377263,1.5,未涨停卖出
SZSE.002708,光洋股份,2024-12-06,11.0,11.29,10.34,10.39,11.4,-0.08859649122807012,124609784.0,1314588789.51,12.54,10.26,false,false,3.13855,25.190723582541846,58.4019787713,5139573111.18,35.387649065,false,false,true,断板,断板,断板,2天2板,11.488710725615752,10.700000000000003,10.27714285714286,-3.5087719298245648,1.0981373366694307,1054.9643433375986,true,8.7,0.058214911186590966,0.0033061376846475173,0.6669848697079637,0.007072873572389924,0.5406121877904392,0.003130021587764581,0.00513667079945384,0.5073190734284317,21.841337087497475,2.0833332899305566,0.5833333333333334,0.7366053969495503,0.29891394140169997,0.5177596691756251,断板,10.09142857142857,-0.016393442622950727,1184.897856263115,12.967157417893556,0.49664966181238585,0.6640499475156919,0.7090340242471647,0.28426529937760703,0.004760275654540779,2082981647.99,-7.16499365868234,9.003397508493771,1,SZSE.002708,2024-12-06,2024-12-06T09:30:00.000000,11.0,2024-12-09T11:30:00.000000,10.63,-4.133647229264765,1.5,未涨停卖出
SHSE.600571,信雅达,2024-12-11,14.99,15.4,14.96,15.19,15.48,-0.018733850129199037,57621865.0,871701076.0,17.03,13.93,false,false,11.669,12.588017613557628,70.8337511371,6953248368.57,55.892447285500005,false,false,false,,未涨停,未涨停,2天2板,10.277363621299296,15.5,14.997142857142856,-3.165374677002585,1.285959230329588,1512.7956653260007,false,11.9,0.5652050333210996,0.011060890801238085,0.7602195006905946,0.007395077433559063,0.6221858229665238,0.004212835934249809,0.007173567657302092,0.6798065038994744,21.61221760222004,1.890756266771415,0.6166666666666667,0.8516129032258064,0.42681476156394293,0.6392138323948746,断板,14.827142857142857,0.001293661060802087,1584.2452129569538,4.4031216880239015,0.6222569140463714,0.7583125345367889,0.8371138052405163,0.4074000228522266,0.006683401787419453,1596540445.0,-5.380809249714935,1.0983717121110015,1,SHSE.600571,2024-12-11,2024-12-11T09:30:00.000000,14.99,2024-12-12T11:30:00.000000,15.12,0.06352176351297992,1.5,未涨停卖出
SHSE.603667,五洲新春,2024-12-11,26.36,30.25,25.1,29.3,27.5,0.06545454545454543,138774336.0,3901532402.0,30.25,24.75,false,false,1.44661,37.89549052291439,107.3377665,10729741161.0,60.822541245000004,false,true,false,,炸板,9天6板,6天6板,13.387485936639239,28.344,26.884285714285713,-4.145454545454547,8.985599659918174,2811.4221364388295,false,16.37,0.6709434579137655,0.029333473806825553,0.7006628000823016,0.010797789143962103,0.335747607014557,0.003486444713620136,0.012311522747432205,0.5852443737282711,19.503669625623484,1.6015817835436235,0.5166666666666667,0.975366568914956,0.30415788906975416,0.639762228992355,断板,25.572857142857142,-0.04181184668989546,2864.024777435826,7.535891849617343,0.6312537314361173,0.701015905477369,0.9671490027375831,0.2953584601346515,0.011149656155288751,3822354533.0,-7.961690109398334,3.0780403329423,1,SHSE.603667,2024-12-11,2024-12-11T09:30:00.000000,26.36,2024-12-13T11:30:00.000000,31.8,19.676075666983053,2.5,未涨停卖出
SZSE.002501,*ST利源,2024-12-11,2.16,2.45,2.11,2.45,2.23,0.09865470852017943,651331693.0,1540181850.2,2.45,2.01,false,false,7.53656,18.39338615551742,86.97500000000001,8675741564.7,64.6742142025,true,false,false,,涨停,8天4板,5天3板,14.24345869611816,2.272,2.1699999999999995,-3.1390134529147913,12.90322580645165,236.46659094784752,false,1.33,0.6872619915713338,0.020025910186075666,0.8418390944184184,0.012645464677538161,0.6626755636269754,0.006211394261588123,0.012191332654460652,0.7571746146115687,19.748738021336518,1.7152777483559998,0.55,0.9741935483870968,0.45857090377051357,0.7163822260788052,断板,2.088571428571428,-0.04291845493562241,231.14968812317147,6.771545827633403,0.7155153881641899,0.846978280858753,0.9677356276886977,0.4632951486396821,0.01116421539858481,1143378795.6,-6.554059512768506,3.4199726402189157,1,SZSE.002501,2024-12-11,2024-12-11T09:30:00.000000,2.16,2024-12-12T11:30:00.000000,2.32,6.551571491810518,1.5,未涨停卖出
SZSE.002765,蓝黛科技,2024-12-11,10.59,10.81,10.21,10.78,10.98,-0.01821493624772319,112675371.0,1182286032.86,12.08,9.88,false,false,2.07393,18.90934401129747,70.299408102,6423493584.2,43.791513042199995,false,false,true,断板,断板,断板,3天2板,33.305236974038976,10.725999999999999,10.502857142857142,-3.551912568306016,2.638737758433084,1049.285236309539,false,6.22,0.6558306732772704,0.014046333783177005,0.7634886753262217,0.01518390904824768,0.6404908651045204,0.00788973263507499,0.01276814107128174,0.705057731849921,18.355023498961938,1.580357117881856,0.5666666666666667,0.9781036168132943,0.40454000747388885,0.6913218121435916,断板,10.299999999999999,-0.0009099181073702889,1137.9438872117728,6.60194174757283,0.6855169444730054,0.7567579036083156,0.977121626906531,0.3939122620394798,0.012247533118006611,2232482645.9,-6.937414761742222,2.815533980582541,1,SZSE.002765,2024-12-11,2024-12-11T09:30:00.000000,10.59,2024-12-12T11:30:00.000000,10.78,0.9830366917598574,1.5,未涨停卖出
SZSE.002523,天桥起重,2024-12-09,3.7,4.2,3.7,4.2,3.82,0.09947643979057608,129086324.0,523779969.09,4.2,3.44,false,false,7.60114,9.145045049938416,59.4989136,5928484308.6,37.742402124,true,false,false,,涨停,4天3板,2天2板,18.618449710642118,3.7700000000000005,3.6157142857142857,-3.141361256544494,16.159620703279344,405.7594583683396,false,2.79,0.6608729435858083,0.01722222091153809,0.7867606129348184,0.007914844831744473,0.6797822624445888,0.0040914239258432435,0.008629293775932828,0.7294895739179476,28.211861235229126,1.9815667810104276,0.6333333333333333,0.9288228392647634,0.550725828875063,0.7397743340699132,断板,3.461428571428571,-0.03535353535353536,410.86030867760803,10.35905901774661,0.7299795095924448,0.8078087386972156,0.8963629253030896,0.5635960938818001,0.007414417703663736,1525739210.17,-9.945061086363072,6.892282294676044,1,SZSE.002523,2024-12-09,2024-12-09T09:30:00.000000,3.7,2024-12-11T11:30:00.000000,4.42,18.507591256595223,2.5,未涨停卖出
SZSE.002547,*ST春兴,2024-12-09,5.81,6.25,5.73,5.86,6.06,-0.03300330033003285,209025188.0,1247455159.42,6.67,5.45,false,false,6.12151,18.91960827487971,66.10415004480001,6474169992.76,46.42861386900001,false,false,true,断板,断板,断板,4天2板,17.705958969132904,5.7959999999999985,5.574285714285716,-4.125412541254125,5.12557662737056,596.796573348854,false,3.35,0.4005061990459403,0.010980816859138992,0.8570827797289177,0.013292710414269392,0.7372522052746288,0.007390647072672842,0.011059712700764347,0.7298182912560355,18.553861996687104,1.6206896289060646,0.6166666666666667,0.9694955025420414,0.45036113390659965,0.7099283182243206,断板,5.417142857142858,-0.014634146341463539,624.428146372074,11.867088607594908,0.7016394437725033,0.8465043754181069,0.9638247946812671,0.4394540928637395,0.01028944734248242,2137124001.36,-6.954866884907651,7.2521097046413185,1,SZSE.002547,2024-12-09,2024-12-09T09:30:00.000000,5.81,2024-12-10T11:30:00.000000,5.89,0.5691519635742706,1.5,未涨停卖出
SZSE.002681,奋达科技,2024-12-09,7.52,8.67,7.52,8.67,7.88,0.10025380710659904,259675818.0,2158752852.41,8.67,7.09,false,false,10.6281,17.54051471583452,156.52868944920002,12835366456.08,102.4699881081,true,false,false,,涨停,10天5板,8天4板,17.92413008629148,7.516,7.201428571428572,-4.56852791878173,20.392779210474103,831.3261007653782,false,4.6,0.7116427830036204,0.021003517439130134,0.8380085680863311,0.011342942696532132,0.692683659808012,0.005940051383942774,0.011654190251274926,0.7691379385862932,20.203502244277228,1.713438705819143,0.6,0.9739929605005866,0.485521753346304,0.7297573569234452,炸板,6.8014285714285725,0.024707412223667014,822.0993631265945,15.858013022474251,0.727070568382332,0.8572749006869999,0.9614782948768088,0.49266284188785503,0.01006293022207671,5723599501.94,-8.526872330857172,10.565007351396737,1,SZSE.002681,2024-12-09,2024-12-09T09:30:00.000000,7.52,2024-12-12T11:30:00.000000,9.45,24.66357972365854,3.5,未涨停卖出
SZSE.002402,和而泰,2024-11-20,18.25,21.13,17.81,21.13,19.21,0.09994794377928162,347651685.0,6840573004.11,21.13,17.29,false,false,12.4887,43.38155975918219,195.4931298205,16933185770.24,160.04665785199998,true,false,false,,涨停,8天6板,6天5板,33.6209940864501,19.974,18.925714285714285,-4.997397188964086,11.64704106280193,1967.6513301265893,false,10.4,0.8279732383305477,0.036930296786218585,0.6559234296293651,0.012576225079502987,0.17469014052968385,0.0025155071769797717,0.014428824050089143,0.5459634046396973,23.13015415049134,1.6501501229201956,0.5833333333333334,0.9849285574476414,0.3553192622184905,0.6701239098330659,断板,17.924285714285713,-0.09981255857544513,1996.4542874170395,7.173029409420593,0.6587959587361585,0.6461531583124407,0.9763116679718089,0.34128024950050795,0.013293344314503401,6551715840.61,-8.587939553520286,1.8171674503865587,1,SZSE.002402,2024-11-20,2024-11-20T09:30:00.000000,18.25,2024-11-22T11:30:00.000000,22.49,22.250941439720567,2.5,未涨停卖出
SHSE.600589,大位科技,2024-12-05,5.01,5.22,4.89,5.12,5.27,-0.028462998102466663,91272468.0,458661276.0,5.8,4.74,false,false,5.40862,6.173441110795973,75.697658368,7569765836.8,50.68212715520001,false,false,false,,未涨停,未涨停,3天3板,6.263188198351924,5.548,5.3185714285714285,-4.933586337760907,-3.733548213806067,502.5187617365622,false,3.35,0.4411910505808949,0.01272679646701506,0.8929939215418423,0.01446977138176606,0.33716448986551745,0.00447536772171872,0.011122855300801659,0.6358845178467554,18.74310545002113,1.454945033776404,0.5333333333333333,0.9743840438013297,0.39696606935789003,0.6856750565796099,断板,5.232857142857142,-0.10068259385665546,556.4768734154867,0.7098007098007142,0.6797790357212158,0.8921443631448421,0.9755525132016428,0.3840055582407888,0.011094652497040567,775661055.0,-9.96930439804019,-4.25880425880425,1,SHSE.600589,2024-12-05,2024-12-05T09:30:00.000000,5.01,2024-12-06T11:30:00.000000,4.99,-1.1928334565927738,1.5,未涨停卖出
SZSE.000155,川能动力,2024-12-05,12.7,12.92,12.4,12.44,13.11,-0.05110602593440117,89485930.0,1125585599.13,14.42,11.8,false,false,1.58994,6.8998407443710015,229.6633417448,16133777726.8,89.4417325072,false,false,true,断板,断板,断板,2天2板,5.358378020938981,12.320000000000004,11.904285714285715,-3.1273836765827623,4.50018000720028,1257.8352810659733,false,10.46,0.015027351142143491,0.001301584648656954,0.5315944309015395,0.004068895733648593,0.14294428514200466,0.001063077065977162,0.0026136879163488357,0.3116859712217998,26.743279550424457,2.716981058255609,0.5,0.3504106374657802,0.23886751590537242,0.2946390766855763,断板,11.665714285714285,-0.00531107738998482,1351.598441344123,12.380602498163112,0.26977949221513664,0.5346555844126436,0.30686485429297866,0.23269413013729462,0.0022909162439373847,1999830919.75,-6.037180781517925,8.86602987999019,1,SZSE.000155,2024-12-05,2024-12-05T09:30:00.000000,12.7,2024-12-06T11:30:00.000000,12.28,-4.077548075414854,1.5,未涨停卖出
SZSE.002527,新时达,2024-11-29,9.4,10.82,9.1,10.27,9.84,0.04369918699186992,132770457.0,1340281553.39,10.82,8.86,false,false,2.79474,25.089822654322436,68.0963945857,5434684063.639999,46.3332831845,false,true,false,,炸板,5天2板,3天2板,10.194776023997798,9.654,9.342857142857142,-4.471544715447149,9.92354740061163,1009.4727273477714,false,6.99,0.46077713826871847,0.009284654076241555,0.8737334575957306,0.008321993996377694,0.5994837830607831,0.0036252371881822527,0.0071054989698918335,0.7088672913698439,25.92564534725836,2.0847783765755254,0.6,0.8943661971830986,0.549863063449459,0.7221146303162789,断板,9.078571428571427,0.005107252298263587,987.8845514338414,8.38709677419356,0.7130535039606012,0.8807378327331233,0.8720406965368812,0.554066311384321,0.006888773909889372,1207246025.12,-4.84718091444395,3.5405192761605253,1,SZSE.002527,2024-11-29,2024-11-29T09:30:00.000000,9.4,2024-12-02T11:30:00.000000,10.25,8.173688225820108,1.5,未涨停卖出
SHSE.600556,天下秀,2024-12-18,7.25,7.48,6.82,6.82,7.58,-0.10026385224274403,258576822.0,1830404473.0,8.34,6.82,false,false,3.74985,14.303811881282488,123.2883891844,12328838918.44,75.341084236,false,false,true,断板,断板,断板,2天2板,11.692212153359844,7.382000000000001,7.122857142857142,-4.353562005277046,-4.251905334937809,707.8764673656635,true,4.57,0.7971508349955085,0.021518302431423945,0.8126345501982983,0.01048464550839896,0.6925412801542067,0.0057509711505737545,0.011271274585656396,0.7735098261445129,21.589349855322496,1.6767676486521785,0.6166666666666667,0.9698983580922595,0.49698898012133425,0.7334436691067969,断板,7.018571428571428,-0.07897934386391259,766.8979425631542,7.999185833502964,0.7355663199557467,0.8113151813098028,0.9691164972634871,0.5020161426480063,0.01149092956475177,2931349843.0,-5.463300947596927,3.297374313047019,1,SHSE.600556,2024-12-18,2024-12-18T09:30:00.000000,7.25,2024-12-19T11:30:00.000000,6.36,-12.974859183953827,1.5,止损卖出
SZSE.000501,武商集团,2024-12-18,10.3,10.54,9.94,10.36,10.63,-0.02539981185324569,70906313.0,717738316.45,11.69,9.57,false,false,7.12845,9.229061148424517,79.6676469316,7959524710.759999,43.1954668796,false,false,true,断板,断板,断板,3天2板,9.800237953473458,10.803999999999998,10.375714285714286,-3.10442144873001,-0.15145256780945657,1012.2347166041478,false,8.2,0.7311903358322078,0.014504664736138796,0.6237717718174456,0.004432920079636398,0.7112331754726492,0.00320217504651637,0.00607804550100087,0.6714939057169591,29.937978307068143,2.410204023541817,0.6,0.8301407349491791,0.565025710543272,0.6975832227462255,断板,10.177142857142858,-0.09991532599491948,1084.7442073011055,4.449747332959012,0.6730925872717232,0.623592540377085,0.7994526974198592,0.5467324771235871,0.005967217366557403,956243857.32,-5.046738847060683,1.2071869736103302,1,SZSE.000501,2024-12-18,2024-12-18T09:30:00.000000,10.3,2024-12-19T11:30:00.000000,9.81,-5.516187676478534,1.5,未涨停卖出
SZSE.000592,平潭发展,2024-12-18,3.18,3.25,3.07,3.09,3.28,-0.05792682926829262,236587834.0,736993624.65,3.61,2.95,false,false,6.33133,12.353859685653221,59.6920295628,5917635667.41,48.949234643400004,false,false,true,断板,断板,断板,4天2板,11.402908805474592,3.2199999999999998,3.1428571428571423,-3.0487804878048674,-1.6818181818181706,311.5095193990406,false,2.33,0.8426192794436977,0.01681546375200952,0.8866188920142095,0.011884141717807753,0.8126680378718573,0.008332945352345897,0.01180504721500955,0.8556337132574015,20.456738851409373,1.6299559205690002,0.5666666666666667,0.9740031274433151,0.5012556509935342,0.7376293892184247,断板,3.105714285714285,-0.04651162790697683,337.3527244573792,5.61177552897886,0.7381323840493024,0.8884288796406816,0.9734167318217357,0.502848036276869,0.011926711350275001,1247622637.64,-5.736643890606619,2.3919043238270765,1,SZSE.000592,2024-12-18,2024-12-18T09:30:00.000000,3.18,2024-12-19T11:30:00.000000,2.95,-7.971886040742687,1.5,未涨停卖出
SZSE.000980,众泰汽车,2024-12-18,3.08,3.22,3.06,3.11,3.19,-0.025078369905956133,463422604.0,1446454250.85,3.51,2.87,false,false,2.08115,9.473919335093976,156.8232346829,15212756700.4,85.91707014270001,false,false,true,断板,断板,断板,4天2板,11.770782121841975,3.112000000000001,3.09,-3.448275862068962,0.647249190938512,312.12423355378667,false,2.37,0.7884053571546703,0.013574419002041377,0.8231712283174064,0.010905454756879606,0.7803401136754584,0.007529730832852328,0.010426530428703777,0.8033687196922747,18.687948079674644,1.6824644266694373,0.5,0.9597341673182174,0.4821960627305944,0.7209651150244059,断板,3.07,-0.01846153846153853,334.580264183302,3.9087947882736196,0.7147776646581409,0.8260785987173238,0.955824863174355,0.47373046614192665,0.01034208417986834,2684573489.19,-7.944361048367099,0.32573289902280145,1,SZSE.000980,2024-12-18,2024-12-18T09:30:00.000000,3.08,2024-12-19T11:30:00.000000,2.96,-4.661871992549284,1.5,未涨停卖出
SZSE.002400,省广集团,2024-12-18,10.5,11.2,10.21,10.61,10.85,-0.022119815668202758,464224691.0,4925765148.21,11.94,9.77,false,false,18.7896,26.893419443266563,184.9680692808,18314606596.98,147.5335348695,false,false,false,,未涨停,未涨停,4天3板,33.125788759505205,11.282,10.815714285714288,-3.2258064516129004,-1.9019944525162025,1061.0734938719577,false,6.42,0.7670000144240702,0.02177355438606645,0.8936070591806268,0.014416071096639668,0.6610438788748256,0.006990763576998765,0.013659975498632754,0.7985166961375751,18.007047898743057,1.5362997422057931,0.6166666666666667,0.9855355746677091,0.4700056605864478,0.7277706176270785,断板,10.541428571428572,-0.06465517241379315,1119.945627528696,2.927225911370097,0.7255936766429898,0.8899507995563215,0.9857310398749023,0.4654563134110774,0.013794081520994251,6149471491.24,-6.245448511910345,-0.3930071825450687,1,SZSE.002400,2024-12-18,2024-12-18T09:30:00.000000,10.5,2024-12-19T11:30:00.000000,9.78,-7.599317017643703,1.5,未涨停卖出
SZSE.002761,浙江建投,2024-11-26,11.55,11.78,10.72,10.72,11.91,-0.09991603694374473,107406094.0,1178536514.99,13.1,10.72,false,false,3.11965,9.93266183483464,115.9199162144,11591991621.44,51.1062737216,false,false,true,断板,断板,断板,3天3板,0.5525922011094034,11.429999999999996,10.872857142857145,-3.022670025188912,-1.405859939561171,1097.2715523851002,true,8.55,0.6075130913442018,0.013769666121225342,0.7718690286466195,0.00680390213253631,0.2866411647973887,0.0018062435855032094,0.006697757366164186,0.5934294820313668,26.288809540384605,2.0562962540127523,0.5,0.8487575816865583,0.45697440287976737,0.6528659922831629,炸板,10.695714285714288,-0.05625990491283672,1273.6750619875738,11.353011887271244,0.6406549253683123,0.7596688036767338,0.8309197651663405,0.4503900855702839,0.006663358595114224,2494776918.65,-9.317530469850055,7.9871777748096395,1,SZSE.002761,2024-11-26,2024-11-26T09:30:00.000000,11.55,2024-11-27T11:30:00.000000,10.0,-14.109794587882252,1.5,止损卖出
SZSE.002639,雪人集团,2024-12-19,8.1,9.1,7.86,8.64,8.5,0.016470588235294237,177639439.0,1511614182.16,9.35,7.65,false,false,3.08794,27.304704398696327,66.75282817920001,5621026803.84,52.85250423360001,false,false,false,,未涨停,未涨停,3天3板,16.67945296541744,8.798000000000002,8.43857142857143,-4.70588235294118,2.386998476383936,850.9451452163165,false,6.39,0.6122487916976225,0.013259974393566182,0.8047993511168421,0.007141957965311619,0.7819569057103869,0.004348672126340416,0.007527575499271171,0.7594365056110617,24.303803383703308,1.992172171662793,0.6,0.9069585613760751,0.5417002998539862,0.7243294306150306,断板,8.224285714285715,-0.011627906976744096,853.5721606690825,3.3524405072086054,0.7070887237833345,0.8045509553339167,0.8846755277560594,0.5295019198106098,0.007186196103288092,1519345659.48,-5.10468390099883,-1.51120375195416,1,SZSE.002639,2024-12-19,2024-12-19T09:30:00.000000,8.1,2024-12-20T11:30:00.000000,8.5,4.102110078205709,1.5,未涨停卖出
SHSE.600624,ST复华,2024-12-17,7.81,8.36,7.22,7.85,8.02,-0.021197007481296715,144167656.0,1099088648.0,8.82,7.22,false,false,13.2825,21.05522524718093,53.749892785,5374989278.5,36.879368609,false,false,false,,未涨停,未涨停,3天3板,14.324440090756795,8.004000000000001,7.582857142857143,-2.618453865336658,3.522984174830442,762.3683969724805,true,4.95,0.7776212416158498,0.021333789679264446,0.8067614230107638,0.013701529139311388,0.6747368102969246,0.008112123276210725,0.0135511594883718,0.7613260029176292,17.268078597723466,1.5228426164034117,0.5833333333333334,0.9843627834245504,0.44345761758686497,0.7139102005057076,断板,7.347142857142857,-0.04066985645933008,837.3826424632053,9.158078942251601,0.7044582969953767,0.8035960697473088,0.9827990617670055,0.4261175322237479,0.013539139485256414,1318850045.0,-6.733199328965411,6.2998250048609705,1,SHSE.600624,2024-12-17,2024-12-17T09:30:00.000000,7.81,2024-12-20T11:30:00.000000,8.94,13.556529324443586,3.5,未涨停卖出
SHSE.600694,大商股份,2024-12-17,25.68,26.46,24.11,24.77,26.71,-0.07263197304380387,37229839.0,933367901.0,29.38,24.04,false,false,6.43462,11.892519803007783,77.5431218367,7754312183.67,39.8455728848,false,false,false,,未涨停,未涨停,2天2板,8.079762424311795,25.926,24.65,-3.8562336203669076,0.48681541582150506,2507.0425391847652,true,18.51,0.7088661060683841,0.015185268158675453,0.7503029862405997,0.006749790953588523,0.5593524846914818,0.0031439687003760467,0.007355139718642167,0.6847304597414212,28.00445157178798,1.9534120353326268,0.55,0.8821344800625489,0.5125409080206889,0.6973376940416189,断板,24.189999999999998,-0.038170687792581925,2819.7880624968316,10.417527904092614,0.6763527236046761,0.749956544199376,0.8651290070367474,0.4875764401726049,0.007335324453287453,1579666703.0,-8.92932578322505,6.159570070276987,1,SHSE.600694,2024-12-17,2024-12-17T09:30:00.000000,25.68,2024-12-18T11:30:00.000000,24.87,-3.925885244070429,1.5,未涨停卖出
SHSE.603533,掌阅科技,2024-12-17,26.53,26.73,24.75,24.75,27.5,-0.09999999999999998,54545455.0,1379586986.0,30.25,24.75,false,false,1.02572,12.427853347358953,108.6269666625,10862696666.25,56.265702075,false,false,true,断板,断板,断板,3天2板,14.530838551159754,26.842000000000002,25.755714285714284,-3.5272727272727233,-3.904820012202555,2529.2427865896434,true,18.15,0.6657996107774812,0.015278913593441796,0.7554565485066677,0.007131374595956047,0.5104895114600113,0.0030962655577530984,0.007550349683992312,0.6640350498468335,22.672528385183423,1.9244471374122059,0.6,0.8893666927286943,0.44841655914929124,0.6688916259389928,断板,25.47714285714286,-0.0693739424703892,2884.961777254646,7.9398900975664395,0.6626944732999285,0.7551979216663838,0.8879984362783424,0.4373905103215146,0.007881423660714796,2783082439.0,-8.040376100767022,4.132555792306825,1,SHSE.603533,2024-12-17,2024-12-17T09:30:00.000000,26.53,2024-12-18T11:30:00.000000,24.3,-9.135414617444294,1.5,未涨停卖出
SZSE.000721,西安饮食,2024-12-17,12.48,12.65,11.75,11.75,13.06,-0.1003062787136294,41332602.0,493640116.87,14.37,11.75,false,false,4.68699,9.44741042507882,67.43493119,5140647560.0,38.91581435,false,false,true,断板,断板,断板,4天3板,32.03829535955713,12.331999999999999,11.805714285714286,-4.44104134762634,-0.47192642787996414,1194.311736943152,true,8.7,0.7428148936958373,0.017023259736944484,0.7778408462631504,0.008663681833355266,0.6216019173348393,0.0044944814258438695,0.00908483729181969,0.7239639770711944,21.058424077710647,1.7683685864124108,0.65,0.9310007818608288,0.46549921675779166,0.6982499993093102,断板,11.582857142857142,0.006939090208172738,1352.6561392793776,12.752836704489406,0.6896540388621976,0.7777569942512494,0.924941360437842,0.45436671728655303,0.009192001082305635,2261237838.08,-7.7370838190356945,7.745436605821432,1,SZSE.000721,2024-12-17,2024-12-17T09:30:00.000000,12.48,2024-12-18T11:30:00.000000,10.9,-13.35619062212687,1.5,止损卖出
SZSE.002122,ST汇洲,2024-12-17,4.91,5.0,4.6,4.6,5.11,-0.0998043052837575,260542205.0,1222899591.44,5.62,4.6,false,false,8.47526,13.107488396678251,92.0218845,9143583474.8,61.540586732,false,false,true,断板,断板,断板,7天5板,14.991601513540983,4.75,4.611428571428571,-3.9138943248532323,-0.24783147459727684,469.3671765923682,true,2.76,0.884167655877055,0.031207397099646473,0.7612210729590205,0.011890063920170677,0.6619017231514439,0.006616406063323797,0.014171433199011773,0.7560145846003544,20.16831205607936,1.543909324605366,0.5666666666666667,0.9870992963252541,0.4653922442598307,0.7262457702925424,炸板,4.5200000000000005,0.03232323232323231,515.9402852864174,13.05309734513274,0.7193600575022263,0.7588211580800964,0.9855355746677091,0.4531845403367435,0.014081728334481548,3192369107.77,-4.833948035783275,8.628318584070783,1,SZSE.002122,2024-12-17,2024-12-17T09:30:00.000000,4.91,2024-12-18T09:30:00.000000,4.23,-14.53574703223765,1.0,大幅低开卖出
SZSE.000859,国风新材,2024-12-20,6.65,6.89,6.26,6.35,6.95,-0.08633093525179869,152261943.0,992446759.83,7.65,6.26,false,false,3.71887,16.996289510431296,56.894493208499995,5688673033.349999,38.075499033,false,false,true,断板,断板,断板,3天3板,0.490942783485778,6.884,6.574285714285715,-4.316546762589925,-3.4115601912212203,651.8022430792178,true,5.09,0.5194533946134094,0.011453775213119953,0.680675167038312,0.008076605667099284,0.8013309402744346,0.007409013773816564,0.008551762008318602,0.6846275445241683,18.046215291452334,1.646365395291666,0.48333333333333334,0.9411879640484564,0.43687841331236404,0.6890331886804102,断板,6.4957142857142856,-0.09974093264248696,767.101334647451,6.9936221684627276,0.6856829331827413,0.6917200635155023,0.9382329945269742,0.4331328718385085,0.008723486640782444,1763871458.79,-13.310019163814301,2.3751924345722486,1,SZSE.000859,2024-12-20,2024-12-20T09:30:00.000000,6.65,2024-12-23T11:30:00.000000,5.89,-12.134319863403531,1.5,止损卖出
SZSE.002583,海能达,2024-12-20,17.7,18.27,17.11,17.19,18.23,-0.05704882062534278,301322129.0,5286340528.55,20.05,16.41,false,false,5.6443,23.493692916239045,312.5940270939,22047310382.31,186.8107483332,false,false,true,断板,断板,断板,3天2板,22.620367093468882,17.674,17.357142857142854,-2.907295666483824,-0.9629629629629383,1754.3817794245042,false,15.98,0.23539049146299384,-0.004446860064970122,0.30694561621192296,0.011291294706549852,0.6881683050674487,0.0176974674153162,0.010065515564875763,0.40700139791879486,14.1267616916137,1.1812642663203283,0.55,0.9642438452520515,0.18287037495096103,0.5735571101015062,断板,17.327142857142857,-0.007621121393576513,1902.8551928555023,5.2106521559897825,0.5816335414842773,0.34855606002115,0.9603205629397967,0.20294652002875774,0.010077343201676118,9261458874.73,-6.981886659285652,2.1518674251793213,1,SZSE.002583,2024-12-20,2024-12-20T09:30:00.000000,17.7,2024-12-23T11:30:00.000000,16.41,-8.02687554865284,1.5,未涨停卖出
SHSE.600624,ST复华,2024-12-16,8.02,8.91,7.67,8.02,8.36,-0.04066985645933008,157496702.0,1318850045.0,9.2,7.52,false,false,13.2825,23.001889801816095,54.913903202,5491390320.2,37.6780300948,false,false,true,断板,断板,断板,3天3板,14.324440090756795,7.802000000000001,7.347142857142857,-4.066985645933013,9.158078942251601,837.3826424632053,false,4.95,0.7737073330737674,0.02156466939096349,0.8035960697473088,0.013696383296992699,0.6647893242860955,0.007926713195224555,0.013539139485256414,0.7559762987742366,17.3014985240379,1.5228426164034117,0.5833333333333334,0.9827990617670055,0.4261175322237479,0.7044582969953767,断板,7.091428571428572,0.010882708585247869,842.7571382989963,17.88879935535857,0.6992692022502366,0.8001673984753704,0.980453479280688,0.4180849252197852,0.013357482288602106,1804159666.0,-4.836166488160487,13.094278807413362,1,SHSE.600624,2024-12-16,2024-12-16T09:30:00.000000,8.02,2024-12-17T11:30:00.000000,7.23,-10.568697777468685,1.5,止损卖出
SHSE.600881,亚泰集团,2024-12-16,2.51,2.89,2.51,2.89,2.63,0.09885931558935379,386354665.0,1083108748.0,2.89,2.37,false,false,44.3069,11.891811048069032,93.8936026932,9389360269.32,68.16572119860001,true,false,false,,涨停,8天5板,6天4板,9.667898791157384,2.5300000000000002,2.454285714285714,-4.562737642585556,17.753201396973235,280.34053840141934,false,1.68,0.7523647086153631,0.023775900956161212,0.5681477299505336,0.008741773470849113,0.7800484461176408,0.008778918313532467,0.01175974242071654,0.6685613405336317,16.333320804351597,1.5372340189223068,0.5666666666666667,0.9673573103987491,0.35360455646511724,0.6604809334319331,炸板,2.3400000000000003,0.00766283524904221,277.3552746883145,12.393162393162374,0.6431200448764172,0.5716427272604343,0.950938232994527,0.33530185675830737,0.010742144249932114,2063108445.0,-9.502352070978992,7.264957264957239,1,SHSE.600881,2024-12-16,2024-12-16T09:30:00.000000,2.51,2024-12-18T11:30:00.000000,2.39,-5.539594609609364,2.5,未涨停卖出
SZSE.002474,榕基软件,2024-12-16,8.0,8.3,7.65,7.77,8.34,-0.06834532374100721,107334075.0,846739970.84,9.17,7.51,false,false,6.27882,20.22248714544035,48.34494,4124051392.6499996,39.159305052,false,false,true,断板,断板,断板,3天2板,19.676358003714803,8.028,7.755714285714288,-4.0767386091127085,0.18419598452750222,788.8827204594627,false,5.7,0.8179219555499445,0.015001260969362482,0.795227677126831,0.007663816399014884,0.8040884789177585,0.005880986464320571,0.00859645633267611,0.8024247733487319,20.994994924580972,1.8691206194606083,0.6166666666666667,0.9116497263487099,0.5019987295912682,0.706824227969989,断板,7.685714285714288,-0.02683780630105026,878.5567750252876,8.513011152416325,0.7068619741663604,0.7960902521946119,0.911845191555903,0.5018787567768178,0.008687480563641322,1646052253.74,-8.941570682557941,4.0892193308549984,1,SZSE.002474,2024-12-16,2024-12-16T09:30:00.000000,8.0,2024-12-17T11:30:00.000000,7.17,-11.089143426294816,1.5,止损卖出
SZSE.002717,*ST岭南,2024-12-10,3.9,4.36,3.9,4.07,4.09,-0.004889975550122161,552871296.0,2254882423.82,4.5,3.68,false,false,13.5059,34.537551919002794,74.0835058106,6515187237.35,54.72325040490001,false,false,false,,未涨停,未涨停,7天5板,36.805328914312845,4.350000000000001,4.175714285714285,-4.645476772616136,-2.5316455696202356,407.84942899621984,false,2.75,0.5626283664818716,0.019530856740137437,0.8265817245075039,0.01696753497821504,0.7954293267784915,0.014325657650431058,0.016687636132264327,0.7644453335836737,14.281100580100214,1.287128696304284,0.5833333333333334,0.9923738756355104,0.43030190855254563,0.711337892094028,断板,4.057142857142856,-0.09911894273127753,410.28305733270196,0.809859154929601,0.7136128932631314,0.8272468326278271,0.993351583887368,0.4338742026388947,0.016736187752398133,568443893.67,-4.94367412209622,-3.873239436619691,1,SZSE.002717,2024-12-10,2024-12-10T09:30:00.000000,3.9,2024-12-11T11:30:00.000000,4.12,4.799264480539396,1.5,未涨停卖出
SZSE.002269,美邦服饰,2024-12-12,2.55,2.79,2.44,2.58,2.64,-0.022727272727272707,444791000.0,1155464867.18,2.9,2.38,false,false,4.48806,17.703124378109454,64.8225,6482250000.0,37.830195337800006,false,false,true,断板,断板,断板,8天5板,13.781646069651739,2.5,2.4185714285714286,-3.4090909090909207,6.674542232722978,259.77703397325934,false,1.67,0.8470899829141163,0.02545665473726455,0.7409276238113024,0.009007986622227591,0.8341293385934644,0.00639902069251259,0.011515030466320483,0.7901206100665138,22.14563489791277,1.9510489129830317,0.55,0.9630570758405004,0.5086194477367323,0.7358382617886163,炸板,2.3985714285714286,0.04347826086956541,267.64991376798747,10.065515187611679,0.7349789506575544,0.7364595857721005,0.9605083088954056,0.5094495924197032,0.011019807287419702,1721473638.11,-4.726290993298465,6.313281715306718,1,SZSE.002269,2024-12-12,2024-12-12T09:30:00.000000,2.55,2024-12-13T11:30:00.000000,2.67,3.871572533395836,1.5,未涨停卖出
SZSE.002369,卓翼科技,2024-12-23,8.3,9.59,8.3,9.59,8.72,0.09977064220183474,197109053.0,1844110474.31,9.59,7.85,false,false,4.296,34.8464319241734,54.371107252,5424589301.95,47.3106762247,true,false,false,,涨停,9天5板,6天4板,22.977468573555225,8.91,8.629999999999999,-4.816513761467888,11.123986095017392,935.5787804987324,false,6.06,0.8216232627559157,0.021095573200416117,0.564292890361105,0.006289987626900449,0.8613070014624458,0.00839661389611298,0.009883092622367341,0.7048631981704693,20.16291134455517,1.800711711346615,0.6,0.9708870652598671,0.4907607393865903,0.7308239023232287,断板,8.464285714285714,0.004608294930875667,896.3951722776442,3.021097046413519,0.7171181644111625,0.5679978389021845,0.9558421258304025,0.47839420299192253,0.009435688133849512,2060225819.39,-7.406908730771167,-1.9409282700421748,1,SZSE.002369,2024-12-23,2024-12-23T09:30:00.000000,8.3,2024-12-24T11:30:00.000000,9.2,9.9601593625498,1.5,未涨停卖出
SZSE.002369,卓翼科技,2024-12-25,8.84,8.98,8.16,8.16,9.07,-0.10033076074972436,129116500.0,1073087151.46,9.98,8.16,false,false,4.296,22.82619321162045,46.263632448,4615708936.8,40.256008132800005,false,false,true,断板,断板,断板,9天5板,33.60541822455931,8.844,8.825714285714286,-2.535832414553478,-7.54289414049854,831.0999380094721,true,6.06,0.7831953448393216,0.01999094778981833,0.5566793405791836,0.006067569418297079,0.8703735635672867,0.008508709482513612,0.009584587111866289,0.696090808327642,19.284952760760543,1.8845437261236826,0.5833333333333334,0.9759718695057629,0.49029816864414655,0.7331350190749547,断板,8.745714285714286,-0.054223149113659996,928.4318277255337,3.7079385821626976,0.7341283373282127,0.5645119601507146,0.9753858175424888,0.4928708571139366,0.010007056569523002,2356369272.37,-4.785685539710826,1.0780790591309986,1,SZSE.002369,2024-12-25,2024-12-25T09:30:00.000000,8.84,2024-12-26T11:30:00.000000,7.65,-14.151087955868825,1.5,止损卖出
SZSE.002617,露笑科技,2024-12-25,8.65,8.74,8.1,8.1,9.0,-0.10000000000000009,426530249.0,3532018041.88,9.9,8.1,false,false,7.81805,22.55039259056442,155.763478143,15320775472.199999,101.15995335299999,false,false,true,断板,断板,断板,2天2板,22.15063193281486,8.571999999999997,8.308571428571428,-3.888888888888885,-2.5103163686382346,828.0814901547581,true,6.35,0.7250720740621787,0.015409766598211954,0.5279837999079987,0.004469652211534105,0.761161031702287,0.003939076339573801,0.0064985023272815835,0.6373546242771212,22.04457381309931,2.094339578778926,0.5,0.9327993748779059,0.5032758363504988,0.7180376056142024,断板,8.239999999999998,-0.04458598726114649,915.9391602125812,9.223300970873808,0.7117919655477363,0.5318586794475217,0.918734127759328,0.5048498033361445,0.0065889059101211615,5935380567.04,-5.561413074724153,4.97572815533982,1,SZSE.002617,2024-12-25,2024-12-25T09:30:00.000000,8.65,2024-12-27T11:30:00.000000,9.01,3.3318748128871727,2.5,未涨停卖出
SZSE.002210,飞马国际,2024-12-26,2.76,2.96,2.75,2.86,2.88,-0.00694444444444442,279197262.0,798785141.1,3.17,2.59,false,false,10.3617,10.491313345221906,76.1112573364,7611098277.639999,48.667598236399996,false,false,true,断板,断板,断板,3天2板,8.129734349743046,2.79,2.7257142857142864,-4.1666666666666705,4.926624737945461,286.10063557858246,false,2.11,0.6307414298839124,0.007886164923693087,0.7369987195069175,0.007287454161468651,0.8399324980171762,0.006738220434784991,0.007242426195908439,0.7466273951353941,19.721636342039048,2.1111110665432107,0.5166666666666667,0.9579996092986911,0.510177666571885,0.734088637935288,断板,2.6928571428571435,0.010526315789473717,289.7502166313572,6.949602122015886,0.7309583051489136,0.7380585805896022,0.9509669857394022,0.510949624558425,0.007359493927704329,1296073369.49,-4.745541449879687,2.4933687002652194,1,SZSE.002210,2024-12-26,2024-12-26T09:30:00.000000,2.76,2024-12-27T11:30:00.000000,2.84,2.07864195392343,1.5,未涨停卖出
SZSE.002945,华林证券,2024-12-26,16.59,16.91,16.09,16.41,17.15,-0.04314868804664718,82263288.0,1358083852.15,18.87,15.44,false,false,1.02215,3.046788444444444,443.07,44307000000.0,44.307,false,false,true,断板,断板,断板,2天1板,4.748660222222221,17.268,17.021428571428572,-3.265306122448972,-3.5921107847251403,1650.899064659317,false,14.01,0.6089520837120921,0.008699766047791328,0.6286225191407674,0.005480408811108127,0.7813694537346095,0.005477202117768074,0.006123318250442751,0.670512512433185,21.038678490717565,2.3992442749299703,0.4666666666666667,0.933971478804454,0.5242458849597358,0.7291086818820949,断板,16.95,-0.09973753280839903,1765.323637863707,1.1799410029498483,0.7244006477501158,0.6384820685240875,0.9277202578628638,0.5210810376373678,0.0063782098940305424,1658684144.08,-6.022897761249824,-2.123893805309729,1,SZSE.002945,2024-12-26,2024-12-26T09:30:00.000000,16.59,2024-12-27T11:30:00.000000,17.15,2.5518180442785714,1.5,未涨停卖出
SHSE.600223,福瑞达,2024-12-27,8.25,8.38,7.83,8.04,8.49,-0.05300353356890475,70222656.0,567992410.0,9.34,7.64,false,false,1.95381,6.907811623468368,81.73212951,8173212950.999999,37.368599429999996,false,false,true,断板,断板,断板,2天2板,3.575784432292837,8.017999999999997,7.791428571428574,-2.826855123674914,3.190319031903151,808.8449545400276,false,6.71,0.4691854261607287,0.007188634301273016,0.10549524599432222,0.000963956642267075,0.5388886092275647,0.0016637270482193303,0.00241882329585394,0.30825129099757625,30.71005125942513,3.5769229489792935,0.5833333333333334,0.7329556554014456,0.32309406946374974,0.5280248624325976,断板,7.668571428571431,-0.013937282229965042,874.8296632553197,10.711624441132608,0.3293612033600313,0.07301477496669798,0.6587224067200625,0.0,0.0021479140713451337,918381982.0,-5.695927487174945,7.581967213114726,1,SHSE.600223,2024-12-27,2024-12-27T09:30:00.000000,8.25,2024-12-30T11:30:00.000000,7.8,-6.2078956899674145,1.5,未涨停卖出
SHSE.600255,鑫科材料,2025-01-10,3.68,3.77,3.44,3.45,3.82,-0.09685863874345546,423780700.0,1511256905.0,4.2,3.44,false,false,13.6324,23.46324582431334,62.3120699475,6231206994.75,56.2069706475,false,false,false,,未涨停,未涨停,4天2板,31.739512414149047,3.7119999999999997,3.701428571428571,-3.6649214659685785,-6.792744114241592,356.61296160962496,true,2.26,0.07047744250013747,0.004469321301636118,0.7814106354353092,0.012839262875583377,0.7132606580725864,0.007528655343934222,0.009572092301299177,0.618779003639458,19.160709070357896,1.67021273806134,0.5666666666666667,0.9914129586260734,0.4377604014825582,0.7145866800543158,断板,3.697142857142857,-0.04500000000000004,387.07266117076574,3.3230293663060255,0.7222870564384669,0.788128123565416,0.9931667317454119,0.451407381131522,0.010510406408626945,1867610893.0,-4.9274110739511485,-0.46367851622873824,1,SHSE.600255,2025-01-10,2025-01-10T09:30:00.000000,3.68,2025-01-13T11:30:00.000000,3.33,-10.231898492984586,1.5,止损卖出
SZSE.002379,宏桥控股,2025-01-10,9.8,10.6,9.58,9.67,10.22,-0.05381604696673192,101792028.0,1015845926.27,11.24,9.2,false,false,8.0384,8.9576187175453,109.88734191510001,10988734191.51,84.6393002116,false,false,true,断板,断板,断板,2天2板,8.681542823349599,9.918000000000001,9.647142857142857,-4.109589041095889,0.23693173404413137,997.9621648465438,false,6.82,0.7314744398679967,0.012041797143198122,0.6852714313782421,0.00589272107830988,0.8501838027340897,0.006438936532781046,0.007286400927628878,0.7439857444829473,26.868223022444145,2.15799609986598,0.48333333333333334,0.9806791569086651,0.524044253388347,0.7523617051485061,断板,9.547142857142857,-0.05893186003683226,1055.1929059301915,7.047733054017663,0.7559575422616983,0.6845068045961089,0.9834049199531433,0.5285101645702533,0.0074024698395626365,1979096114.73,-7.125986680502383,2.6485111476881817,1,SZSE.002379,2025-01-10,2025-01-10T09:30:00.000000,9.8,2025-01-13T11:30:00.000000,9.69,-1.9103179120253655,1.5,未涨停卖出
SZSE.002067,景兴纸业,2024-12-31,4.26,4.37,3.96,3.96,4.4,-0.10000000000000009,257127198.0,1056699333.74,4.84,3.96,false,false,2.78974,23.540963749835925,48.688371824399994,4325327182.44,41.4890918244,false,false,false,,未涨停,未涨停,3天3板,9.705125400725672,4.321999999999999,4.122857142857142,-3.1818181818181945,-3.9501039501039283,410.9636561045557,true,3.41,0.13115016111633462,0.004330674980737975,0.7934451817693736,0.00542771635038526,0.8221063780536282,0.004154292319902578,0.004826280867310999,0.6695845365240422,25.50910397637985,2.4822334409232414,0.5,0.9193359375,0.5235357654043252,0.7214358514521626,断板,4.0857142857142845,-0.015659955257270597,458.60803403675845,7.692307692307733,0.7285661713999362,0.7808025333937192,0.9115234375,0.5456089052998724,0.004792889127348642,1561985558.92,-7.11021866532432,4.265734265734289,1,SZSE.002067,2024-12-31,2024-12-31T09:30:00.000000,4.26,2025-01-02T11:30:00.000000,3.87,-9.878794680433185,1.5,止损卖出
SHSE.603667,五洲新春,2025-01-20,39.91,45.0,39.66,43.1,42.01,0.025946203284932245,99218471.0,4208358716.0,46.21,37.81,false,false,1.44661,27.09386141453818,157.8927555,15783339387.0,89.469335415,false,false,false,,未涨停,未涨停,5天4板,10.960896063129184,39.588,37.205714285714286,-4.998809807188769,15.84242051912149,4241.507325788159,false,22.89,0.5754540928364306,0.026890038237618256,0.6508654997752779,0.01251426943330145,0.709720415555255,0.008730656007748248,0.01425433916649885,0.6534396931215015,16.884081519144637,1.5717778306915813,0.5833333333333334,0.9968786578228638,0.4450938084410779,0.7209862331319709,断板,35.08714285714286,0.042431761786600575,4200.4043469134485,19.730467000529288,0.7157224893881093,0.6454286967862316,0.9962934061646508,0.4351515726115678,0.012798087795125573,4379963904.0,-4.9853378298525985,13.745368673913916,1,SHSE.603667,2025-01-20,2025-01-20T09:30:00.000000,39.91,2025-01-21T11:30:00.000000,42.89,6.610491134934092,1.5,未涨停卖出
SZSE.002364,中恒电气,2025-01-02,10.37,11.87,10.22,11.87,10.79,0.1000926784059315,134429172.0,1545546288.67,11.87,9.71,false,false,6.67702,24.086741399931714,66.895160752,6624699643.45,39.1852372341,true,false,false,,涨停,8天4板,5天3板,32.55818760874029,11.216,10.865714285714285,-3.8924930491195546,9.242703129108602,1149.7104874453887,false,6.93,0.773156573542906,0.023398149123840226,0.5889601834896733,0.006887179936756363,0.6867918593457778,0.0042805549657863665,0.009407386282882138,0.6551489642571511,27.3933650401624,2.1120400891721296,0.6333333333333333,0.9857421875,0.5029867564486074,0.7443644719743037,断板,10.439999999999998,-0.06173913043478263,1176.2593020487523,3.352490421455953,0.7461418578670558,0.5792126017655242,0.98046875,0.5118149657341114,0.008721269332774048,1968294985.17,-11.839166908707732,-0.6704980842911712,1,SZSE.002364,2025-01-02,2025-01-02T09:30:00.000000,10.37,2025-01-03T11:30:00.000000,11.13,6.473623346536719,1.5,未涨停卖出
SHSE.601011,宝泰隆,2025-01-03,2.66,3.0,2.55,3.0,2.73,0.098901098901099,253652980.0,734507564.0,3.0,2.46,false,false,2.63761,13.240991563815758,57.469936170000004,5746993617.0,39.38792517,true,false,false,,涨停,4天3板,2天2板,8.046989744899172,2.793999999999999,2.687142857142857,-2.564102564102558,11.642743221690603,289.57182525511826,false,2.38,0.4137031357070366,-0.010297681649825847,0.5381306532192305,0.005659735414029655,0.8521815100812404,0.006937580900864584,0.002851605647309033,0.6074604067753946,18.759314138284616,2.2023809038761346,0.5,0.8648965247950019,0.43719025152813806,0.65104338816157,断板,2.621428571428571,-0.09302325581395343,283.0751399190177,4.1416893732970195,0.6198176789611123,0.5298870096738452,0.788671875,0.45096348292222443,0.0022241564283620894,599056508.0,-6.032016772614712,1.4713896457765996,1,SHSE.601011,2025-01-03,2025-01-03T09:30:00.000000,2.66,2025-01-06T11:30:00.000000,3.08,14.866848395890106,1.5,未涨停卖出
SHSE.600666,奥瑞德,2025-02-14,2.81,2.92,2.75,2.83,2.89,-0.02076124567474047,277811920.0,786619789.0,3.18,2.6,false,false,13.8537,11.4810035347679,78.20741345690001,6847900806.05,48.5655462886,false,false,false,,未涨停,未涨停,3天3板,7.94125665560976,2.9099999999999993,2.762857142857143,-2.7681660899654004,2.4301964839710455,283.14832171348155,false,2.11,0.5815338096866978,0.01601675732705723,0.11966556136331168,-0.0021950720732149477,0.5793261371731653,0.005411563763818236,0.0037292845579494434,0.34993738377094497,21.26178818765899,2.7881355154833405,0.43333333333333335,0.8771929824561403,0.21023333986032242,0.5437131611582313,断板,2.68,-0.0462046204620461,297.9235223884565,7.835820895522386,0.5291190272801425,0.14663335051292908,0.8598440545808966,0.19839399997938845,0.0032733752577793268,1219279186.0,-5.680492178925778,4.850746268656714,1,SHSE.600666,2025-02-14,2025-02-14T09:30:00.000000,2.81,2025-02-17T11:30:00.000000,2.99,5.557839815116776,1.5,未涨停卖出
SHSE.603366,日出东方,2025-02-14,13.85,14.04,12.96,13.15,14.37,-0.08489909533750861,103701202.0,1384069847.0,15.81,12.93,false,false,2.54489,12.75462077489066,106.9158252815,10691582528.15,42.11768527,false,false,true,断板,断板,断板,2天2板,16.911397287674127,13.309999999999999,12.678571428571429,-3.618649965205286,3.71830985915493,1334.6709780663873,true,10.31,0.4082963461525163,0.010706549393973534,0.2094557676539163,-0.00558770162007581,0.5717219271243947,0.012482676950763114,0.0030922621539857358,0.3579037311947798,15.528004439654781,1.552702678593846,0.6,0.8391812865497076,0.1691919072205676,0.5041865968851376,炸板,12.318571428571428,0.00700770847932719,1485.0874812153952,16.653136959294912,0.41695906432748536,0.1481774121655867,0.8339181286549707,0.0,0.0028887748578591372,2218210807.0,-6.739500701567003,12.431868259306512,1,SHSE.603366,2025-02-14,2025-02-14T09:30:00.000000,13.85,2025-02-17T11:30:00.000000,12.97,-7.09997554906728,1.5,未涨停卖出
SZSE.000156,华数传媒,2025-02-14,9.02,9.15,8.49,8.96,9.43,-0.049840933191940495,136289989.0,1203341059.11,10.37,8.49,false,false,1.93473,8.017643572925413,166.02274680320002,15230887857.920002,61.92972907520001,false,false,true,断板,断板,断板,2天2板,4.765433323459063,8.776000000000002,8.387142857142857,-4.347826086956523,6.830182251745881,882.9269617961447,true,6.4,0.7385282273143022,0.017374257654093225,0.001533262867254747,-0.00018001801069040654,0.3978789435645317,0.0017624049365207069,0.003913564006429654,0.2678359599658473,34.471019926413355,2.6666665955555575,0.5,0.8865497076023392,0.0,0.4432748538011696,炸板,8.141428571428571,0.011802575107296098,956.9631522015784,15.827338129496399,0.43323586744639375,0.01755444764616863,0.8664717348927875,0.0,0.00337464455837116,1950835167.41,-5.743497236558259,10.79136690647482,1,SZSE.000156,2025-02-14,2025-02-14T09:30:00.000000,9.02,2025-02-17T11:30:00.000000,9.34,2.722590789834024,1.5,未涨停卖出
SZSE.002036,联创电子,2025-02-14,12.01,13.56,12.01,13.08,12.33,0.06082725060827254,352882710.0,4588190255.3,13.56,11.1,false,false,7.07209,33.49517687822005,138.5655827892,13780210397.4,117.35028882960002,false,true,false,,炸板,7天4板,4天4板,21.039730948571243,12.876,12.242857142857146,-2.5952960259529623,6.8378063010501515,1300.2026240673565,false,8.32,0.6700652718094106,0.022822644110894116,0.00002532564920273091,0.00003163053410932914,0.5055332997746266,0.0037502149365151276,0.005705408570188026,0.2856857071188714,23.636131632563572,2.4964028153775697,0.4666666666666667,0.9432748538011696,0.0,0.4716374269005848,断板,11.692857142857145,-0.06306990881458963,1275.1917420730385,5.448992058643844,0.464327485380117,0.010823524269223183,0.928654970760234,0.0,0.004929847308397879,3995907190.65,-5.818085204380907,2.712278558338399,1,SZSE.002036,2025-02-14,2025-02-14T09:30:00.000000,12.01,2025-02-17T11:30:00.000000,13.46,11.180258151407694,1.5,未涨停卖出
SHSE.600186,莲花控股,2025-02-11,6.53,7.46,6.36,7.46,6.78,0.10029498525073732,558946111.0,3940613899.0,7.46,6.1,false,false,5.41324,31.28353079344881,133.8750817186,13328859889.86,99.3779335972,true,false,false,,涨停,5天3板,3天2板,21.80747148832495,6.409999999999999,6.0457142857142845,-3.687315634218289,23.393194706994354,705.0078391188591,false,4.23,0.6353201818750098,0.02089364883972192,0.09597121378444758,0.0018883062462681122,0.7628884877419106,0.00548045593477017,0.006767019671509491,0.40391618958979897,20.20752901183262,2.3095974698774087,0.5333333333333333,0.9664717348927875,0.24254648762104986,0.6045091112569186,炸板,5.741428571428571,0.04147465437788034,690.7536294790598,18.089076884797226,0.5717785367788202,0.06542435585340542,0.9454191033138402,0.19813797024380023,0.005298458636651347,3154560801.0,-5.465570916729323,13.734759890520042,1,SHSE.600186,2025-02-11,2025-02-11T09:30:00.000000,6.53,2025-02-12T11:30:00.000000,7.21,9.53368760791444,1.5,未涨停卖出
SHSE.603496,恒为科技,2025-02-11,28.0,29.51,27.64,27.76,28.98,-0.04209799861973773,65068024.0,1851936758.0,31.88,26.08,false,false,2.85205,20.320470262003024,88.8900858568,8889008585.68,64.024264896,false,false,true,断板,断板,断板,3天2板,13.894206358059439,26.941999999999997,25.648571428571437,-3.381642512077296,8.232148824774397,2846.1549070554224,false,21.51,0.42312928445338577,0.009887157204466975,0.2360665987364586,-0.002194218806582411,0.15428968106153054,0.0013758509902857669,0.0012930773346879196,0.24894606057736562,27.262206924591673,3.271383208714412,0.48333333333333334,0.6867446393762183,0.0,0.34337231968810916,炸板,24.831428571428578,0.02911931818181812,2971.7628471604426,16.70693821194336,0.3,0.32911446077095097,0.6,0.0,0.0007246137964022493,2645972825.0,-5.77983022180133,12.760326774824504,1,SHSE.603496,2025-02-11,2025-02-11T09:30:00.000000,28.0,2025-02-12T11:30:00.000000,28.27,0.1597894137734554,1.5,未涨停卖出
SHSE.600789,鲁抗医药,2025-01-09,11.12,11.43,10.53,10.53,11.7,-0.09999999999999998,263307773.0,2849717344.0,12.87,10.53,false,false,2.86136,29.299729691989857,94.6299122496,9462991224.96,70.9728195852,false,false,false,,未涨停,未涨停,2天2板,9.76570013884702,11.202000000000002,10.73857142857143,-4.957264957264958,-1.9422642011440863,1082.2761939504155,true,8.28,0.7060577605550696,0.015004947497453076,0.432910754562923,0.0033692492648216828,0.6727251143206284,0.003156202390256953,0.005632474848978542,0.559484463688664,26.387662979442794,2.545090115585883,0.5666666666666667,0.9714955095665756,0.4829980470252558,0.7272467782959157,断板,10.644285714285715,0.010362694300518172,1183.4469745305707,9.91813179439,0.729147274157613,0.4296666677616716,0.9705193283873487,0.4877752199278774,0.005540398180302846,3775227932.0,-6.037192714858319,4.469198765266391,1,SHSE.600789,2025-01-09,2025-01-09T09:30:00.000000,11.12,2025-01-10T11:30:00.000000,9.88,-11.85903866548195,1.5,止损卖出
SZSE.002245,蔚蓝锂芯,2025-01-09,12.02,13.63,12.02,12.71,12.48,0.018429487179487225,225463728.0,2908727001.96,13.73,11.23,false,false,14.0145,20.736849362125525,146.4251148527,13819090512.92,118.0692620754,false,false,true,断板,断板,断板,4天2板,17.160847970695457,12.560000000000002,12.178571428571429,-3.685897435897443,4.363636363636368,1290.1086253483754,false,9.94,0.696528945495708,0.01279445065847168,0.5975123333473448,0.0048426453908047154,0.7074882364892306,0.004169628354891217,0.006231101333564059,0.6503084267195831,25.316303304405388,2.5429103830972597,0.5666666666666667,0.9761811792268645,0.5177010353376439,0.7469411072822543,断板,11.94714285714286,-0.08235294117647052,1265.8973125998243,4.46012196580173,0.7406327434136482,0.5961150057468705,0.9720812182741116,0.5091842685531847,0.005777323200316302,3439439099.37,-5.0475905086326485,0.6098290087289016,1,SZSE.002245,2025-01-09,2025-01-09T09:30:00.000000,12.02,2025-01-10T11:30:00.000000,11.87,-2.034789295397443,1.5,未涨停卖出
SZSE.002269,美邦服饰,2025-01-09,2.52,2.71,2.36,2.43,2.62,-0.0725190839694656,514455105.0,1254639661.15,2.88,2.36,false,false,4.48806,20.475825074626865,61.05375,6105375000.0,35.630765376300005,false,false,true,断板,断板,断板,4天3板,16.510983150912107,2.5180000000000002,2.41,-3.8167938931297747,0.8298755186721999,243.87738579248818,true,1.69,0.07001041374354385,-0.005230191837089967,0.5599428509507189,0.0073508941620508295,0.8167046131076201,0.006686510380703143,0.004635361827818364,0.5389848921563543,18.02413893708315,1.9806451220607706,0.55,0.9574385005857087,0.39877490697286155,0.6781067037792852,炸板,2.352857142857143,-0.015037593984962405,275.6799848830664,11.353976927747409,0.6795734049965163,0.5681276402805885,0.9509957048028114,0.40815110519022135,0.00432702613278175,1789978293.12,-8.589664169167243,7.1038251366120075,1,SZSE.002269,2025-01-09,2025-01-09T09:30:00.000000,2.52,2025-01-10T11:30:00.000000,2.33,-8.276418136975906,1.5,未涨停卖出
SZSE.000034,神州数码,2025-02-12,42.53,45.87,42.53,44.92,43.7,0.027917620137299703,110889986.0,4960949259.95,48.07,39.33,false,false,2.73174,20.063543343172853,300.77828320120005,24827011290.68,219.0917833748,false,false,true,断板,断板,断板,2天2板,16.827680316351007,41.724,39.451428571428586,-2.6773455377574407,13.861529548088027,4473.757675422558,false,30.0,0.700261405709334,0.01844655061524497,0.009451465611030831,0.0004594751519017181,0.6062697557733393,0.0037156532454753074,0.0050337436726424455,0.32665894067938406,29.836374374474506,2.8192843353132027,0.4666666666666667,0.9348927875243664,0.21508821741057166,0.5749905024674691,断板,37.83142857142858,-0.003875085479826623,4476.614304148182,15.512423532965764,0.5530593610573875,0.004488395089444006,0.910916179337232,0.19520254277754304,0.0039857747433717505,7355762850.43,-4.995165742578567,12.419756815950421,1,SZSE.000034,2025-02-12,2025-02-12T09:30:00.000000,42.53,2025-02-13T11:30:00.000000,44.49,3.774977681561562,1.5,未涨停卖出
SZSE.000903,ST云动,2025-02-12,3.27,3.44,3.27,3.35,3.44,-0.026162790697674354,215878629.0,717877966.11,3.78,3.1,false,false,11.6396,11.242146570226144,65.3172672955,6432876520.8,42.5489950425,false,false,true,断板,断板,断板,2天2板,9.024999571308417,3.158,2.981428571428571,-4.941860465116276,12.362242453282247,332.5377641294915,false,2.44,0.00015226926812706833,-0.00020917827799091677,0.10512648770208509,-0.003428197263227585,0.4967547009142774,0.006048222344135984,0.000058532416028819353,0.2016201079789512,18.116144950837203,1.8243242910427324,0.45,0.39103313840155945,0.0,0.19551656920077973,炸板,2.864285714285714,0.045592705167173175,344.2641101024129,20.099750623441413,0.12748538011695906,0.09710250296222815,0.2549707602339181,0.0,-0.0006313484965829691,1114600826.37,-5.014786495541779,14.164588528678323,1,SZSE.000903,2025-02-12,2025-02-12T09:30:00.000000,3.27,2025-02-13T11:30:00.000000,3.52,6.78752878394678,1.5,未涨停卖出
SZSE.002131,利欧股份,2025-02-12,4.52,4.79,4.45,4.7,4.71,-0.002123142250530785,1280620672.0,5984725402.95,5.18,4.24,false,false,44.4809,21.886252690890643,318.26166033600003,27500903162.4,257.99908730100003,false,false,true,断板,断板,断板,4天2板,23.362700527357134,4.436,4.26,-4.0339702760085006,10.328638497652593,467.3300637575527,false,2.8,0.5542613648110437,0.012347505615558522,0.17631749757954476,0.005415036276248432,0.7421286752353111,0.011038196145050232,0.00848847810475099,0.42164962432257447,14.669564020504986,1.5231958530874032,0.55,0.9797270955165692,0.2418122700524564,0.6107696827845128,断板,4.117142857142857,0.037444933920704804,475.9463955738612,14.399722414989583,0.6098898227063645,0.181591479972524,0.980701754385965,0.23907789102676408,0.008568068734929067,9997831333.45,-5.031321971666247,9.784871616932666,1,SZSE.002131,2025-02-12,2025-02-12T09:30:00.000000,4.52,2025-02-13T11:30:00.000000,4.78,4.909565278708188,1.5,未涨停卖出
SHSE.600186,莲花控股,2025-01-06,5.41,5.8,5.08,5.08,5.64,-0.09929078014184389,303686986.0,1623992145.0,6.2,5.08,false,false,5.41324,16.996989497079902,91.1642647628,9076489040.28,67.6729092056,false,false,true,断板,断板,断板,3天2板,21.53326508153539,5.574,5.364285714285714,-4.078014184397155,-5.2996005326231606,534.7585572863501,true,4.63,0.10360620841853997,-0.004194045235275381,0.6292848396044198,0.004312515823436514,0.8067649150183777,0.005682346415265215,0.003022152789242745,0.5773931359914313,23.82120670231258,2.50191564621644,0.5333333333333333,0.8988676298320968,0.4714860540677636,0.6851768419499302,断板,5.315714285714285,-0.1004784688995215,606.7765122427437,6.10051061542597,0.6808896605891364,0.6674385476131525,0.9006247559547051,0.4611545652235675,0.003486161490152487,2588265029.0,-10.840319444736446,1.7737167428110823,1,SHSE.600186,2025-01-06,2025-01-06T09:30:00.000000,5.41,2025-01-07T11:30:00.000000,4.9,-10.14868437525314,1.5,止损卖出
SZSE.001391,国货航,2025-01-13,7.59,7.78,7.33,7.37,7.93,-0.07061790668348045,217910878.0,1635152816.86,8.72,7.14,false,false,1.0,25.974426548752643,885.1889382325,6183016852.54,61.8301685254,false,false,true,断板,断板,断板,8天7板,33.30373485192888,7.766,7.687142857142858,-4.287515762925597,-4.1256272068388835,750.3768659314015,false,6.81,,,,,,,0.0,0.0,,,,0.7283372365339579,0.0,0.36416861826697894,断板,7.875714285714286,-0.07790697674418601,832.740763102837,0.6892798839107449,0.35509367681498827,,0.7101873536299765,0.0,0.0,3245539130.91,-8.855188357547783,-3.627788862688197,1,SZSE.001391,2025-01-13,2025-01-13T09:30:00.000000,7.59,2025-01-14T11:30:00.000000,7.7,0.6409146024597291,1.5,未涨停卖出
SZSE.002175,*ST东智,2025-01-13,4.4,4.48,4.17,4.19,4.58,-0.08515283842794752,206664717.0,882907719.09,5.04,4.12,false,false,6.46863,16.186485793220662,53.497112461300006,5349679821.13,38.7394550527,false,false,false,,未涨停,未涨停,2天2板,19.049145326415903,4.401999999999999,4.248571428571429,-3.9301310043668063,-1.3786146603900504,427.21744277713356,false,3.71,0.6831442049483744,-0.02792000736136138,0.4462442838061297,0.013032167888234587,0.6878124645219048,0.012426498436196533,0.0046600320027039765,0.5660947222493111,14.52318855477294,1.3224298890538475,0.5666666666666667,0.9613583138173302,0.39517995277594004,0.6782691332966351,断板,4.264285714285715,0.013274336283185972,466.22310283583903,7.403685092127284,0.6808922011893705,0.48636062081872916,0.949648711943794,0.41213569043494713,0.004118372132477679,1361737599.27,-5.624582453408022,3.1825795644891075,1,SZSE.002175,2025-01-13,2025-01-13T09:30:00.000000,4.4,2025-01-15T11:30:00.000000,4.91,10.701738500543275,2.5,未涨停卖出
SZSE.002611,东方精工,2025-01-13,10.42,10.79,10.2,10.4,10.84,-0.040590405904059046,121362135.0,1266453227.63,11.92,9.76,false,false,6.95277,12.196319315476295,126.78081936000001,10348746792.800001,73.433763,false,false,false,,未涨停,未涨停,2天2板,19.41932794604842,10.652000000000001,10.228571428571428,-3.8745387453874534,1.6759776536312962,1043.5324227198212,false,8.87,0.164906354432153,-0.004086091180592497,0.3130130265509281,0.007773517154110287,0.6323725233998833,0.008177889248145075,0.005522907115380166,0.37919954118185967,17.27496460424475,1.5427542516266355,0.5666666666666667,0.9724824355971897,0.19918482714736102,0.5858336313722754,断板,10.134285714285713,0.010251630941286116,1107.33321912291,6.96363123766564,0.6179142054541968,0.3463372520091419,0.9722872755659641,0.26354113534242957,0.005544924233944133,2176748613.71,-5.900050499221788,2.819283901888925,1,SZSE.002611,2025-01-13,2025-01-13T09:30:00.000000,10.42,2025-01-15T11:30:00.000000,11.96,13.864694771776605,2.5,未涨停卖出
SZSE.002717,*ST岭南,2025-01-13,3.18,3.26,3.05,3.18,3.34,-0.0479041916167664,251875419.0,796942719.93,3.67,3.01,false,false,13.5059,15.734512577829838,57.88342714440001,5090490273.900001,43.26443299980001,false,false,false,,未涨停,未涨停,2天2板,30.373014587757034,3.346000000000001,3.2499999999999996,-4.790419161676638,-2.1538461538461355,316.40353119571387,false,2.91,0.6971551220147273,-0.028826963175484454,0.28328224923060025,0.006672208936460152,0.8185179975910865,0.01350435452302199,0.001622018190039782,0.5266275482955716,13.692839532211027,1.457583526312343,0.48333333333333334,0.8706088992974239,0.3686030015696973,0.6196059504335606,断板,3.2771428571428567,-0.026239067055393694,348.6780760197563,1.9180470793374118,0.6444936454195125,0.34407217830014725,0.900663544106167,0.3883237467328581,0.0024848800041499678,1329233336.88,-8.798395462643905,-2.9642545771577877,1,SZSE.002717,2025-01-13,2025-01-13T09:30:00.000000,3.18,2025-01-15T11:30:00.000000,3.71,15.737051792828682,2.5,未涨停卖出
SZSE.000785,居然智家,2025-01-07,3.9,4.1,3.73,4.03,4.0,0.007500000000000062,324297577.0,1269604173.53,4.4,3.6,false,false,7.26926,5.474870572210565,251.94915711810003,23871235275.29,72.8356416463,false,false,true,断板,断板,断板,2天1板,8.305166628734153,3.912,3.882857142857144,-2.500000000000002,3.789551140544497,391.4935736723065,false,2.8,0.13311373311917188,-0.006408645271750088,0.6545799552756634,0.00885503298585255,0.6408174774226088,0.0048261872186034106,0.0045936436041572794,0.5461579674884487,21.786551042662154,1.8181817851239672,0.5833333333333334,0.9533385396329559,0.4107633824886536,0.6820509610608048,断板,3.870000000000001,-0.04076738609112707,411.9073110303914,3.35917312661496,0.6713138047066368,0.6460676991045278,0.9580242092932448,0.38460340012002875,0.005122981379020408,1737983361.81,-5.318505023761288,0.7751937984495916,1,SZSE.000785,2025-01-07,2025-01-07T09:30:00.000000,3.9,2025-01-08T11:30:00.000000,4.16,5.816733067729091,1.5,未涨停卖出
SZSE.002117,东港股份,2025-01-07,12.31,13.71,11.97,13.0,12.73,0.02120974076983506,103232205.0,1316855465.04,14.0,11.46,false,false,6.57548,19.717559396088294,68.08372415,6806210840.0,46.66520248,false,false,true,断板,断板,断板,5天4板,18.75763845717127,12.88,12.595714285714289,-3.299293008641005,3.2097085176363596,1275.6246609669918,false,8.66,0.6321573412096941,0.017750811715840246,0.8097792359286817,0.008825813745311226,0.7041654198552671,0.005197268060951958,0.00952224963410925,0.7425707121628599,21.53064353115354,1.9971751013558532,0.5833333333333334,0.9898477157360406,0.48601523493554677,0.7379314753357937,断板,12.208571428571432,-0.09971711456859977,1296.8250942176953,4.271003978469436,0.7360424249986924,0.8076116611873949,0.9875048809058962,0.4845799690914887,0.008953585873607077,1273055185.05,-5.0758652428301465,0.8307980341680121,1,SZSE.002117,2025-01-07,2025-01-07T09:30:00.000000,12.31,2025-01-08T11:30:00.000000,11.86,-4.423249326010348,1.5,未涨停卖出
SZSE.002269,美邦服饰,2025-01-07,2.31,2.66,2.25,2.66,2.42,0.09917355371900838,450532186.0,1120494970.45,2.66,2.18,false,false,4.48806,17.93162929353234,66.8325,6683250000.0,39.0032246506,true,false,false,,涨停,4天3板,2天2板,15.800660079601988,2.364,2.282857142857143,-4.5454545454545405,16.520650813516898,248.70475523584457,false,1.68,0.23575803525133168,-0.009675155087047322,0.5646601919412426,0.007523857662118292,0.8105717253219512,0.006627790043252502,0.003815234826625432,0.5726532206174729,18.39021004738698,1.9430379369295792,0.5666666666666667,0.9336196798125732,0.41559685199086976,0.6746082659017215,断板,2.192857142857143,-0.016260162601625994,244.89121932466168,10.358306188925068,0.6692973406136782,0.5595142051217179,0.9150722374072627,0.4235224438200935,0.0034763578378677698,1346672497.9,-5.672404001650044,5.34201954397393,1,SZSE.002269,2025-01-07,2025-01-07T09:30:00.000000,2.31,2025-01-08T11:30:00.000000,2.76,18.528483468722488,1.5,未涨停卖出
SZSE.000681,视觉中国,2025-02-10,25.5,27.37,25.33,26.51,26.51,0.0,186862427.0,4912328562.03,29.16,23.86,false,false,5.07685,27.63858719264117,185.72307828360002,17923213314.93,124.79388049150002,false,false,false,,未涨停,未涨停,2天2板,23.60543836082511,25.630000000000003,24.304285714285715,-3.8098830629951017,9.075412919532125,2628.847671998823,false,19.65,0.5559735206795455,0.012364949383878257,0.4238232265410741,0.008781099094885763,0.7383283758331337,0.00835658337865981,0.009370514437816477,0.5446048301563863,17.814078986253335,1.7172152970092873,0.6,0.9851851851851852,0.40119849260904367,0.6931918388971144,炸板,23.360000000000003,0.03554687500000009,2683.640752054999,13.484589041095882,0.6817570886890333,0.4209121770303604,0.9847982849347106,0.378715892443356,0.009039410732000283,6378155034.23,-4.979830178561118,9.160958904109574,1,SZSE.000681,2025-02-10,2025-02-10T09:30:00.000000,25.5,2025-02-11T11:30:00.000000,25.41,-1.1469416451839745,1.5,未涨停卖出
SHSE.600811,*ST东方,2025-02-17,2.16,2.35,2.16,2.29,2.27,0.008810572687224738,432877954.0,983566060.0,2.5,2.04,false,false,13.6456,11.831323628467148,83.7852590115,8378525901.150001,62.00918485140001,false,false,true,断板,断板,断板,2天2板,9.926110071950125,2.206,2.1457142857142855,-4.845814977973563,6.724367509986699,227.21555831415708,false,1.79,0.01763087924921813,0.0017601069210243525,0.7574723918083647,-0.010036908080437848,0.21942326633071915,0.004191765680016077,-0.0034089029520092302,0.4480893516532417,19.280214624860804,2.0529411343249144,0.45,0.015207642815363619,0.33921048656377184,0.17720906468956774,断板,2.0899999999999994,-0.04219409282700426,238.90328402141407,8.612440191387591,0.16377610366232795,0.7505701377776935,0.014035087719298246,0.31351711960535766,-0.003655001958853784,1680728277.0,-9.586843527593004,3.3492822966507463,1,SHSE.600811,2025-02-17,2025-02-17T09:30:00.000000,2.16,2025-02-18T11:30:00.000000,2.16,-0.7968127490039769,1.5,未涨停卖出
SHSE.600588,用友网络,2025-02-18,17.02,17.99,16.32,17.1,17.53,-0.02452937820878487,266306396.0,4524102160.0,19.28,15.78,false,false,55.9142,7.793579102476866,584.3065569390001,58430655693.9,341.301960558,false,false,false,,未涨停,未涨停,9天4板,7.126975494876649,17.229999999999997,16.521428571428576,-2.9092983456931063,3.50194552529181,1698.8334594862679,false,9.58,0.8649445328020381,0.03780358351796593,0.01753510516832445,0.0012457071553136597,0.3796921842083599,0.003332534761362626,0.009183330709658804,0.29566411440707785,26.857079217484564,1.9968782119457926,0.5,0.9812829011503217,0.0,0.49064145057516084,断板,16.03571428571429,-0.042076502732240395,1804.8635027207438,9.318485523385291,0.48878923766816146,0.0025735896080606177,0.9775784753363229,0.0,0.008543923422781947,5700622280.0,-5.699240001566997,6.138084632516683,1,SHSE.600588,2025-02-18,2025-02-18T09:30:00.000000,17.02,2025-02-19T11:30:00.000000,17.29,0.7769158384089891,1.5,未涨停卖出
SHSE.603636,南威软件,2025-02-18,16.32,17.53,15.88,17.26,16.88,0.02251184834123232,118722352.0,2012961073.0,18.57,15.19,false,false,4.89107,20.456655353865273,100.17022626980001,10017022626.980001,58.88571692960001,false,false,true,断板,断板,断板,2天2板,14.497985677085758,16.823999999999998,16.23142857142857,-3.317535545023689,6.336912515402241,1695.5198739661087,false,9.8,0.8984388053515469,0.032234455546363894,0.21331410389762642,0.004149015860008593,0.5946872947365587,0.004285449030945996,0.009807033748560874,0.4647510014400902,26.373274773791394,1.967423455863031,0.6,0.9853772665236888,0.4108985911237812,0.698137928823735,断板,15.82142857142857,-0.07608100711548993,1863.7448809592042,6.690744920993236,0.6678518216500766,0.16810865758652813,0.9832325989471632,0.35247104435299015,0.00926879824543246,3371111343.0,-12.43436713505195,3.1512415349887357,1,SHSE.603636,2025-02-18,2025-02-18T09:30:00.000000,16.32,2025-02-19T11:30:00.000000,17.08,3.822943520037488,1.5,未涨停卖出
SZSE.000034,神州数码,2025-02-18,52.8,59.0,52.28,56.7,54.22,0.045739579490962745,144435785.0,8054843456.89,59.64,48.8,false,false,2.73174,26.13305075764637,379.65558008700003,31337745774.300003,276.54728667300003,false,false,true,断板,断板,断板,6天3板,14.653785712200216,51.38199999999999,49.211428571428584,-2.6189597934341604,15.217138875986972,5576.764412565764,false,30.0,0.8197805803326625,0.03258087752520871,0.2217308694718013,0.004141721501293187,0.5681244105863897,0.004193815400035763,0.009845180875699064,0.44525887397835007,27.848032644915993,2.0344827172294893,0.5333333333333333,0.985572236303373,0.39554744352463206,0.6905598399140025,炸板,46.80857142857144,0.0241783150736683,5683.283197196489,15.833485930537721,0.6568728054921757,0.17222555435999984,0.9789432637941119,0.3348023471902396,0.008721200120751033,9204308731.65,-7.095954630510493,12.799853506683734,1,SZSE.000034,2025-02-18,2025-02-18T09:30:00.000000,52.8,2025-02-19T11:30:00.000000,54.48,2.3596522998913603,1.5,未涨停卖出
SHSE.603990,麦迪科技,2025-02-19,14.01,15.58,13.88,15.11,14.58,0.036351165980795574,68817198.0,1018950563.0,16.04,13.12,false,false,3.12464,22.468520433821,46.2793206541,4627932065.41,35.690663591299995,false,false,true,断板,断板,断板,3天2板,28.11820787898094,14.802000000000001,14.215714285714286,-3.909465020576133,6.290825042709268,1480.6626724325508,false,9.35,0.6055398480871925,0.01348617982705255,0.12453378363315172,0.002375685267075205,0.6613578411000324,0.004104999359159994,0.005116578406696111,0.3817822137640241,18.94039621375105,2.364963447719113,0.55,0.9257165139403393,0.26902962135463604,0.5973730676474877,断板,13.914285714285715,-0.09999999999999998,1503.1973213704896,4.784394250513345,0.568650978186219,0.11779961015874542,0.9163579645155001,0.22094399185693786,0.004566059408459623,1144065007.0,-6.798663084186096,0.6878850102669309,1,SHSE.603990,2025-02-19,2025-02-19T09:30:00.000000,14.01,2025-02-20T11:30:00.000000,15.12,7.0629686820170985,1.5,未涨停卖出
SHSE.603728,鸣志电器,2025-02-25,80.5,90.08,80.2,86.3,84.68,0.019130845536135865,20105398.0,1725642404.0,93.15,76.21,false,false,1.32443,4.799770341324835,361.49559750000003,36149559750.0,131.26840486199998,false,false,true,断板,断板,断板,2天1板,6.19906942877776,84.41199999999999,81.35714285714285,-4.936230514879554,6.0755048287972,8582.980570690517,false,48.38,0.751112465544773,0.015418256703371993,0.5948331634873976,0.007158516852908568,0.8295406847183725,0.006394164239425061,0.0085811590389562,0.6965012802681652,21.526417180789878,2.0769054272239873,0.5833333333333334,0.9666601676740105,0.4668001791065376,0.716730173390274,断板,79.37142857142855,-0.06678421864668271,8663.891839089982,6.68826493880493,0.7158013817128118,0.5804775794805088,0.9664651978943264,0.46513756553129726,0.00845476976153533,1954626762.0,-7.085635999288542,1.4218862491000905,1,SHSE.603728,2025-02-25,2025-02-25T09:30:00.000000,80.5,2025-02-26T11:30:00.000000,90.8,11.896265868204202,1.5,未涨停卖出
SHSE.600825,新华传媒,2025-02-26,7.45,8.13,7.2,7.81,7.8,0.0012820512820512775,135980951.0,1019077315.0,8.58,7.02,false,false,12.8606,13.013927858382122,81.605741085,8160574108.5,38.939204997,false,false,true,断板,断板,断板,2天2板,4.297199981797092,7.581999999999999,7.272857142857142,-4.487179487179483,7.385582400314283,749.4265244548849,false,5.51,0.7668923865966741,0.014168122788154724,0.052185493306977776,-0.0014794019217935605,0.5326701498096398,0.00457655756112741,0.0034668908650723877,0.33927226891571566,24.017506519746018,2.5434173022570614,0.5333333333333333,0.8346656268278417,0.27421767564958727,0.5544416512387145,断板,7.131428571428572,-0.042944785276073705,817.7614807885127,9.374999999999995,0.5428747419932995,0.059093308491955654,0.827256775199844,0.2584927087867551,0.0032329944658465288,1549546766.0,-8.897640998980993,4.467147435897445,1,SHSE.600825,2025-02-26,2025-02-26T09:30:00.000000,7.45,2025-02-27T11:30:00.000000,7.43,-1.0631300302147257,1.5,未涨停卖出
SZSE.000815,美利云,2025-02-28,13.2,13.49,12.24,12.24,13.6,-0.09999999999999998,101055012.0,1274147140.15,14.96,12.24,false,false,3.45045,14.534788549487605,85.10019548400001,8510019548.400001,55.0904882112,false,false,true,断板,断板,断板,4天2板,8.451005596752314,13.261999999999997,12.874285714285715,-2.941176470588238,-4.926764314247676,1260.8450733250124,true,8.82,0.7254106124844416,0.015249590140773138,0.000040734983600348265,-0.00003989827261238234,0.5013385588859401,0.0033190084489591303,0.004025671426536176,0.2955040576544705,21.936887721623304,2.3548386542247672,0.5333333333333333,0.8715149151881458,0.0,0.4357574575940729,断板,12.752857142857144,-0.0704032809295968,1429.894429602086,6.642769127366408,0.5560547108518791,0.0026688749651597693,0.8761941899005654,0.23591523180319265,0.004309705601202565,2395618517.02,-7.685492531967397,3.5062170942085746,1,SZSE.000815,2025-02-28,2025-02-28T09:30:00.000000,13.2,2025-03-03T11:30:00.000000,11.78,-11.46867077145961,1.5,止损卖出
SZSE.002501,*ST利源,2025-02-28,2.36,2.45,2.23,2.23,2.48,-0.10080645161290325,495856657.0,1137861945.3,2.73,2.23,false,false,7.53656,13.967797065912757,79.165,7916497783.38,59.0647577435,false,false,true,断板,断板,断板,4天4板,0.8596903604316108,2.452,2.3157142857142854,-4.8387096774193585,-3.7014188772362613,229.47396777613494,true,1.45,0.7486002393599928,0.02656341452431501,0.005876085645842226,-0.0007261785635718686,0.5281330520687669,0.005167810437706669,0.006499936754389068,0.31109800631554974,17.92481639728973,2.013985973424618,0.5166666666666667,0.9409241567557028,0.23425714720325216,0.5875906519794775,断板,2.261428571428571,-0.10144927536231874,261.92752500653523,9.665192672141517,0.5713093501995741,0.008129753359890263,0.9366348216026515,0.2059838787964965,0.006513748413803193,1666916821.92,-9.89874012129437,4.3588123815540225,1,SZSE.002501,2025-02-28,2025-02-28T09:30:00.000000,2.36,2025-03-03T11:30:00.000000,2.04,-14.248092376257688,1.5,止损卖出
SZSE.002570,贝因美,2025-03-21,5.24,5.33,4.89,4.94,5.43,-0.09023941068139951,290597411.0,1470062525.63,5.97,4.89,false,false,2.57894,26.907283959531703,53.35414065020001,5335176945.02,45.91301020280001,false,false,false,,未涨停,未涨停,3天3板,6.575756224432992,5.228,4.994285714285714,-3.4990791896869156,-1.0869565217391126,505.8759885613709,true,4.15,0.3195765771227361,0.007393750901764844,0.29537837105606424,0.00238315558395645,0.13481953127422638,0.0017247997154546018,0.0031877678869675742,0.2520503603348473,25.716382918674086,2.9999999100000023,0.5666666666666667,0.7985975847292559,0.0,0.39929879236462795,炸板,4.9085714285714275,0.06470588235294117,550.5701590119027,10.622817229336457,0.3953058044409817,0.21505966389030404,0.7906116088819634,0.0,0.003097525773282939,2193165710.32,-4.8259351831903885,6.752037252619347,1,SZSE.002570,2025-03-21,2025-03-21T09:30:00.000000,5.24,2025-03-24T11:30:00.000000,4.58,-13.29187068519814,1.5,止损卖出
SZSE.002448,中原内配,2025-03-24,9.74,9.81,9.04,9.04,10.04,-0.09960159362549803,88268477.0,820093827.58,11.04,9.04,false,false,6.00817,18.129535591743238,53.19223199839999,4401364988.32,41.8612109672,false,false,true,断板,断板,断板,3天2板,15.803413192176489,9.468,9.137142857142857,-2.98804780876493,-1.063164477798632,929.0902658034986,true,7.59,0.629037931534878,0.010856370142704666,0.8318867839547632,0.007614983402973115,0.6934355562536287,0.0034981670451262473,0.007028215843565365,0.7497816451604459,28.37164253949685,2.0599250512000458,0.5833333333333334,0.9554040895813047,0.5002195104250952,0.7278118000031999,炸板,9.01,0.0040000000000000036,1040.8402981889424,11.431742508324078,0.7282184328870802,0.820003720748966,0.9485781067393845,0.5078587590347761,0.0068440557318821165,1456581212.94,-6.421763099031064,8.10210876803552,1,SZSE.002448,2025-03-24,2025-03-24T09:30:00.000000,9.74,2025-03-25T11:30:00.000000,8.64,-12.000458126426533,1.5,止损卖出
SZSE.002639,雪人集团,2025-04-01,8.3,9.39,8.25,9.16,8.54,0.07259953161592514,199184237.0,1783427614.77,9.39,7.69,false,false,3.08794,30.616324521070297,70.77035950480001,5959329342.96,56.0334419884,false,true,false,,炸板,6天2板,4天2板,25.733379792671297,8.674000000000001,8.544285714285715,-2.8103044496486937,7.206152817254628,895.3658389995992,false,7.3,0.646086878590016,0.008457352219914864,0.8295235774315428,0.004804271530903732,0.4233808024946383,0.0020628242159918715,0.0047124534742324,0.6709934051821661,28.007006939063253,2.721739056356146,0.55,0.9311015959517321,0.5103704855872331,0.7207360407694826,断板,8.364285714285716,-0.04260089686098667,891.0181558338941,2.1007685738684616,0.7087650330632036,0.7978679358721025,0.9081354612689763,0.509394604857431,0.004196741832709908,1971974313.36,-6.848138327415764,-0.7685738684884758,1,SZSE.002639,2025-04-01,2025-04-01T09:30:00.000000,8.3,2025-04-02T11:30:00.000000,8.9,6.374501992031853,1.5,未涨停卖出
SHSE.600729,重百集团,2025-03-03,29.9,30.47,28.32,28.33,31.12,-0.08965295629820058,17603089.0,508259559.0,34.23,28.01,false,false,4.41559,9.342386264890292,124.8071285641,5337988574.12,50.817860208099994,false,false,true,断板,断板,断板,2天2板,5.087783277519895,30.22200000000001,29.234285714285715,-3.920308483290496,-3.0932369038311256,2887.3316438950005,false,26.48,0.027022043692983368,0.0015777440043486318,0.18899563977123704,-0.001269451542494891,0.6936281777187523,0.00405495004358271,0.0008973080426970938,0.30799068193984086,27.81180284388656,3.8140274847125966,0.5166666666666667,0.6113060428849902,0.3804286400933841,0.4958673414891872,断板,29.091428571428573,-0.0713219934347955,3269.3529957978676,6.973089766254173,0.2944043673230649,0.1333787594491142,0.5888087346461298,0.0,0.0008908123256545341,923489204.0,-8.544595709209835,2.779414653309753,1,SHSE.600729,2025-03-03,2025-03-03T09:30:00.000000,29.9,2025-03-04T11:30:00.000000,28.16,-6.569841037189026,1.5,未涨停卖出
SHSE.603626,科森科技,2025-03-03,10.2,11.09,9.52,9.95,10.58,-0.05954631379962205,128876545.0,1327731496.0,11.64,9.52,false,false,2.10239,23.226033917370447,55.210529155,5521052915.5,35.864710922,false,false,false,,未涨停,未涨停,2天2板,9.466539043806055,10.174000000000001,9.771428571428572,-3.5916824196597426,1.8274853801169433,1030.2351727383752,true,6.91,0.8036378864856561,0.015027386318481214,0.0031356649354082576,-0.0003393596814976064,0.09732349363113102,-0.001225436270617973,0.002468166541762048,0.19149245785417468,28.31224639790547,2.4564755235213975,0.5333333333333333,0.7883040935672515,0.0,0.39415204678362575,炸板,9.61857142857143,0.031189083820662766,1072.9835629311992,9.995544333877898,0.3817508286215637,0.016669405377476614,0.7635016572431274,0.0,0.002322120128765485,1680762280.0,-4.937965944833089,6.044853705628972,1,SHSE.603626,2025-03-03,2025-03-03T09:30:00.000000,10.2,2025-03-04T11:30:00.000000,9.69,-5.756972111553779,1.5,未涨停卖出
SZSE.002583,海能达,2025-04-23,12.71,13.35,12.49,12.52,13.11,-0.045003813882532384,222144815.0,2872257626.6,14.42,11.8,false,false,5.6443,17.320341137456698,227.6717405012,16057726933.48,136.0599516656,false,false,true,断板,断板,断板,2天2板,11.94286517403362,12.203999999999999,11.811428571428568,-3.0511060259343905,5.999032414126782,1292.9663141586266,false,8.8,0.03627970389417566,0.002635687852316212,0.5252744447801627,-0.004181496583233698,0.76852397099179,-0.0064806067907972045,-0.003507792758392768,0.5004503544664535,26.747485656455417,2.29602351134756,0.5,0.11098153547133138,0.4759006582543732,0.2934410968628523,断板,11.558571428571426,0.013137557959814528,1341.915930359304,13.422321097515777,0.2774350571701895,0.5407605662634489,0.07871720116618076,0.4761529131741982,-0.004057958355626864,4743152137.02,-5.284677583365138,9.961685823754829,1,SZSE.002583,2025-04-23,2025-04-23T09:30:00.000000,12.71,2025-04-24T11:30:00.000000,11.99,-6.416505496503393,1.5,未涨停卖出
SZSE.002196,方正电机,2025-04-29,9.11,10.34,9.11,10.34,9.4,0.09999999999999987,75614893.0,743855227.33,10.34,8.46,false,false,2.79754,15.4818349314985,51.273157562,5050163608.38,41.565187994,true,false,false,,涨停,5天3板,2天2板,4.540893413026721,9.634000000000004,9.195714285714285,-3.085106382978733,12.443684946403613,983.7416913755336,false,6.4,0.26919061426793883,0.009694167912767082,0.2936003382638918,0.006688604933766406,0.5016624447348327,0.004998353392304125,0.006782642067127857,0.35113702540598346,18.65995834107983,1.772169136397712,0.5666666666666667,0.9825174825174825,0.31390104042299166,0.648209261470237,断板,8.822857142857142,-0.05146316851664978,962.099780006595,6.541450777202086,0.6313714196424522,0.29190699744123944,0.9751359751359752,0.28760686414892933,0.00582110756979938,885713742.9,-5.311276550364119,3.254533678756477,1,SZSE.002196,2025-04-29,2025-04-29T09:30:00.000000,9.11,2025-04-30T11:30:00.000000,10.38,13.032830259642031,1.5,未涨停卖出
SZSE.002537,海联金汇,2025-04-29,7.67,7.77,7.26,7.26,8.07,-0.10037174721189601,273897447.0,2030391921.16,8.88,7.26,false,false,6.88648,23.32994381609097,85.233615687,8523361568.7,62.8547809032,false,false,false,,未涨停,未涨停,4天4板,13.340802164907224,8.278,7.931428571428571,-4.956629491945481,-8.465417867435152,741.2964025035253,true,4.87,0.7130146260556041,0.024635769381324536,0.33812196961824476,0.004156702919418343,0.006231938022010878,-0.0002467578186365085,0.006931477990383126,0.31353349142684644,23.516658582211875,1.9999999600000007,0.5,0.9832944832944833,0.30814161691966574,0.6457180501070745,断板,7.768571428571428,-0.10033444816053516,836.2030633513225,3.8801029790364248,0.6525479915144174,0.31969974313375754,0.9846542346542346,0.3204417483746002,0.007008461384217876,2723175643.28,-8.275868193303603,-1.2688488414858368,1,SZSE.002537,2025-04-29,2025-04-29T09:30:00.000000,7.67,2025-04-30T11:30:00.000000,7.06,-8.686505607297025,1.5,未涨停卖出
SZSE.000582,北部湾港,2025-04-16,9.37,10.17,9.19,9.46,9.72,-0.02674897119341557,188046340.0,1812777870.35,10.69,8.75,false,false,5.22271,10.390376036773544,220.04766124440002,17120827678.460001,67.48403602380002,false,false,false,,未涨停,未涨停,3天2板,10.0825559447146,9.998000000000001,9.672857142857145,-3.6008230452675036,-2.200561216954675,964.0059308519379,false,8.02,0.513002345788022,0.009756999371869472,0.25250270117096896,0.0017788500178662757,0.4253054456043026,0.001180208339613061,0.0031948873851909507,0.35644345342437966,33.16259726699283,3.2857141777551053,0.5166666666666667,0.9445956454121306,0.49251273369931514,0.7185541895557228,断板,9.488571428571431,-0.09999999999999998,1008.1705860292334,2.439024390243882,0.7099479866061208,0.22254849095543827,0.9430293602955473,0.47686661291669424,0.0030875939969600454,2261184230.45,-7.059379336739536,-1.2496236073472167,1,SZSE.000582,2025-04-16,2025-04-16T09:30:00.000000,9.37,2025-04-17T11:30:00.000000,9.41,-0.3733199539090038,1.5,未涨停卖出
SZSE.000409,云鼎科技,2025-03-11,13.71,15.4,13.31,15.16,14.11,0.07441530829199161,207650070.0,3014191114.3,15.52,12.7,false,false,2.13272,49.050049210068295,102.82580855799999,6417883594.2,54.208302538000005,false,false,true,断板,断板,断板,5天5板,21.620802642073574,14.429999999999998,13.517142857142856,-2.834868887313952,12.153878672585087,1451.572404622835,false,9.0,0.6604286342236352,0.023975949442132147,0.32186651612757256,0.0050410058943879165,0.41993834119385065,0.002814338122182735,0.008159994272275208,0.4190004872666685,24.720253739296496,2.020201979389859,0.5,0.9672578444747613,0.3850873907308303,0.6761726176027958,断板,12.74142857142857,-0.10012755102040816,1480.9017302891853,10.74111447471691,0.6567767520843429,0.26645532871160255,0.955546890232014,0.3580066139366719,0.007026100909282729,2650414712.83,-7.4212709757401685,7.601749075008435,1,SZSE.000409,2025-03-11,2025-03-11T09:30:00.000000,13.71,2025-03-12T11:30:00.000000,16.06,16.207380543471615,1.5,未涨停卖出
SZSE.000903,ST云动,2025-03-11,3.87,4.46,3.87,4.46,4.05,0.10123456790123453,344861711.0,1443789077.01,4.46,3.65,false,false,11.6396,17.959100071554417,86.9597051158,8564366950.08,56.647318773,true,false,false,,涨停,4天3板,2天2板,7.12088559089943,3.9219999999999997,3.7442857142857133,-4.4444444444444375,19.114841663487248,418.6574012010281,false,2.44,0.23089042058377163,0.006766710106759898,0.08627158820741453,-0.002799438754982856,0.3681836167710429,0.004204865981542448,0.001215082438323286,0.19976896325177446,18.747030366888477,1.8243242910427324,0.4666666666666667,0.6339894757357241,0.0,0.31699473786786203,断板,3.5899999999999994,-0.0024630541871920597,415.047129817675,12.813370473537619,0.2222655488399298,0.16176496096664986,0.4445310976798596,0.0,0.00009594798872547138,1746860429.02,-6.757577104555756,7.799442896935949,1,SZSE.000903,2025-03-11,2025-03-11T09:30:00.000000,3.87,2025-03-12T11:30:00.000000,4.69,20.22298403286083,1.5,未涨停卖出
SZSE.002195,岩山科技,2025-03-11,6.15,6.97,6.11,6.97,6.34,0.09936908517350163,1864192241.0,12808239217.89,6.97,5.71,false,false,30.3988,33.21175776328675,396.0036583412,39122951613.64,352.62098308659995,true,false,false,,涨停,5天3板,2天2板,12.58032342119873,6.324,6.008571428571429,-2.9968454258675,16.000951022349014,687.0664374731726,false,3.97,0.5680757356954518,0.014933537321895935,0.28717788885104223,0.00448005214713781,0.7900847672388231,0.007156044960179526,0.00737354702600195,0.49422952173625845,21.298611038547996,2.0144508264719008,0.5166666666666667,0.9582927304618982,0.4083000365945598,0.6832963835282291,断板,5.727142857142858,0.009554140127388422,646.9512441701247,10.700922923422286,0.6644217178780036,0.19840574615286977,0.943848703450965,0.38499473230504233,0.006150430517468431,9810319647.1,-4.9387406636971605,7.383387378398587,1,SZSE.002195,2025-03-11,2025-03-11T09:30:00.000000,6.15,2025-03-12T11:30:00.000000,7.03,13.398114857642604,1.5,未涨停卖出
SZSE.002204,大连重工,2025-03-26,7.5,8.57,7.5,8.57,7.79,0.1001283697047497,533169027.0,4413181869.15,8.57,7.01,false,false,4.92835,27.605741943085093,165.5184117424,16551841174.24,67.6120138526,true,false,false,,涨停,6天5板,4天4板,6.1465466370040485,7.484000000000002,6.921428571428571,-3.7227214377406934,23.81836945304439,827.7266018211518,false,4.84,0.6561952408514605,0.02636610647076183,0.3247662858564187,0.0046108137106201565,0.25280097678779,0.0016471367849897195,0.00807276918495936,0.3694624841348385,31.89118886806951,2.1424999540969383,0.5166666666666667,0.9715732087227414,0.3323392897616667,0.6519562492422041,断板,6.447142857142857,0.011688311688311748,791.9368210327519,20.828717039663207,0.6466885914396033,0.3133221973258221,0.94898753894081,0.3443896439383967,0.006474711677824782,3898551722.25,-5.295475588325694,16.33060048748063,1,SZSE.002204,2025-03-26,2025-03-26T09:30:00.000000,7.5,2025-03-28T11:30:00.000000,6.96,-7.939442231075702,2.5,未涨停卖出
SHSE.600744,华银电力,2025-05-06,4.23,4.86,4.11,4.86,4.42,0.09954751131221728,319244871.0,1476320440.0,4.86,3.98,false,false,4.027,15.717643429630934,98.71263971640002,9871263971.640001,41.1275009736,true,false,false,,涨停,6天4板,3天3板,1.975236170769793,4.617999999999999,4.34857142857143,-4.298642533936641,11.76084099868592,462.4413965917717,false,3.09,0.6711570883826243,0.018595973526442336,0.6055865946738723,0.005785988641178244,0.03547158750168635,0.0005781346141635508,0.0067856294101266545,0.447666191263967,25.43078061435406,2.3962263576753307,0.5666666666666667,0.9788102643856921,0.4157293155709588,0.6972697899783254,断板,4.162857142857144,-0.09979633401221999,457.9102857012343,6.177076183939579,0.7020982465394985,0.6074655504302218,0.9747278382581649,0.429468654820832,0.0060370293573081945,1340049669.0,-7.623826498628072,1.6129032258064502,1,SHSE.600744,2025-05-06,2025-05-06T09:30:00.000000,4.23,2025-05-07T11:30:00.000000,5.07,18.90311096041366,1.5,未涨停卖出
SZSE.002564,天沃科技,2025-05-06,5.6,6.1,5.6,6.02,5.83,0.032590051457976,115477821.0,678511485.0,6.41,5.25,false,false,3.24772,13.444780425798154,51.706049515400004,5170604951.54,35.603982997799996,false,false,false,,未涨停,未涨停,12天7板,14.41338243251467,5.816000000000001,5.695714285714286,-3.9451114922813106,5.693503887634805,587.5686596130005,false,3.52,0.9034508961376674,0.02793803816470463,0.39270453950039813,0.005157577897515678,0.023747905406058152,0.0004712201358655652,0.008307762622458435,0.38416682059955,25.2340136583044,2.1503267511465682,0.43333333333333335,0.9875583203732504,0.3503226772145191,0.6689404987938847,断板,5.635714285714285,-0.04426229508196711,611.1271669280469,3.4474017743979823,0.6661195454146512,0.3545622110904511,0.9858087091757387,0.3464303816535638,0.007728702107942825,903296462.38,-8.36604387676757,-0.6337135614702172,1,SZSE.002564,2025-05-06,2025-05-06T09:30:00.000000,5.6,2025-05-07T11:30:00.000000,6.13,8.59206033010817,1.5,未涨停卖出
SZSE.002196,方正电机,2025-03-14,10.15,11.33,9.56,10.83,10.62,0.019774011299435124,192409735.0,1996747845.02,11.68,9.56,false,false,2.79754,39.39509319259857,53.702930019,5289484707.81,43.534911603000005,false,false,false,,未涨停,未涨停,5天4板,9.945558142048354,9.978000000000003,9.31142857142857,-4.425612052730686,16.30868364528999,1037.7582220670904,true,5.66,0.7695037875601678,0.029893821088014846,0.47427251980552937,0.007812026155594652,0.5136760882405247,0.0039522560255616625,0.011070454103068793,0.5451398438869557,24.41437125384781,1.7430768926937517,0.5166666666666667,0.9873319041122588,0.4298978064096527,0.7086148552609557,炸板,8.807142857142855,0.06841046277665996,1064.6956920050213,20.583941605839435,0.7023607277013479,0.4286942202619992,0.9809004092769441,0.4238210461257519,0.00987655602571168,2186918393.47,-4.6675958565620785,15.247364152473676,1,SZSE.002196,2025-03-14,2025-03-14T09:30:00.000000,10.15,2025-03-17T11:30:00.000000,10.55,3.1126724628579376,1.5,未涨停卖出
SZSE.002086,东方海洋,2025-03-20,3.12,3.55,3.05,3.43,3.25,0.055384615384615365,384773128.0,1292110960.85,3.58,2.93,false,false,4.12614,43.18700707618247,67.19186495,3055946495.0,42.48111883120001,false,false,true,断板,断板,断板,4天4板,22.192212691783396,3.2920000000000003,3.0828571428571427,-3.9999999999999964,11.260426320667294,335.81112266499025,false,2.33,0.41596724871880963,0.015293884953204414,0.08008142494650479,-0.002092306530405924,0.05065454138185725,0.0013080255351820987,0.0024050313859925506,0.13843052463157152,23.449123754635963,2.4743589131344526,0.4666666666666667,0.7152317880794702,0.0,0.3576158940397351,断板,2.9357142857142855,-0.09217877094972071,338.47319296617474,10.70559610705597,0.2691408533021625,0.16945938429642296,0.538281706604325,0.0,0.0012679878368897037,1434991256.91,-7.821355875831603,6.277372262773739,1,SZSE.002086,2025-03-20,2025-03-20T09:30:00.000000,3.12,2025-03-24T11:30:00.000000,3.45,9.69583205638985,2.5,未涨停卖出
SZSE.002165,红宝丽,2025-03-27,5.91,6.68,5.91,6.68,6.07,0.10049423393739687,221603595.0,1425121065.49,6.68,5.46,false,false,8.01607,30.45555412723401,49.1160251116,4860565033.28,36.6266912348,true,false,false,,涨停,6天3板,4天2板,21.77320564530826,5.952,5.638571428571429,-2.6359143327841865,18.46972384089181,643.0947410803511,false,4.39,0.545466192107275,0.01394847086225978,0.49509443980231205,0.004018630169112893,0.3801312268532084,0.002182004377720582,0.005453610570324577,0.47067982637857353,28.926399883377638,2.368794270129271,0.5333333333333333,0.9281821720513819,0.4036810244945356,0.6659315982729588,炸板,5.368571428571429,0.004966887417218624,631.8579926657593,13.065460351250657,0.6420169064272062,0.4753668037686729,0.8839563862928349,0.4000774265615775,0.004358034331297125,1967374421.72,-6.466325209147494,10.08515167642361,1,SZSE.002165,2025-03-27,2025-03-27T09:30:00.000000,5.91,2025-03-28T11:30:00.000000,7.07,18.674540417012157,1.5,未涨停卖出
SZSE.000678,襄阳轴承,2025-05-14,15.75,18.15,15.75,18.15,16.5,0.09999999999999987,113136588.0,1969871651.76,18.15,14.85,false,false,5.11222,24.615684092199224,83.4195411555,8341954115.549999,45.021559060499996,true,false,false,,涨停,6天3板,4天2板,22.660312937964036,16.274,15.415714285714285,-4.545454545454546,17.737003058103966,1741.1446523029315,false,9.7,0.6754553197370413,0.023773425732744536,0.36905292226806546,0.009004538797366958,0.6554059158950464,0.008693570260320993,0.011865025623328685,0.516239299849955,15.907050114895991,1.5266558733006492,0.65,0.9957231726283048,0.36591351084471196,0.6808183417365083,断板,14.558571428571428,-0.019024970273483932,1727.4894548083366,13.335295849278781,0.6718032678010194,0.36228488329413094,0.9943623639191291,0.34924417168290967,0.01079966223653048,2760873594.85,-8.82722927100329,8.183691492493384,1,SZSE.000678,2025-05-14,2025-05-14T09:30:00.000000,15.75,2025-05-15T11:30:00.000000,16.92,6.572566875355716,1.5,未涨停卖出
SZSE.002471,中超控股,2025-05-14,4.06,4.2,3.86,3.94,4.2,-0.06190476190476191,405247222.0,1627085350.54,4.62,3.78,false,false,7.03941,31.05350400014747,53.9386,5141687246.22,42.1024611296,false,false,true,断板,断板,断板,6天5板,12.138554221583663,4.0040000000000004,3.841428571428572,-3.3333333333333464,2.5660096690219225,401.5043810812354,false,2.65,0.3767476952821715,0.01508321775311739,0.5713033763687448,0.005795601305558101,0.21872090941367447,0.0015589122380098958,0.006382117874805498,0.4266175000649091,22.593468943754452,2.251231476413163,0.5333333333333333,0.9743390357698289,0.339954787380235,0.6571469115750319,炸板,3.7028571428571437,0.012048192771084265,427.75373213785275,13.425925925925904,0.6434907774622411,0.5518522634044709,0.9700622083981337,0.3169193465263485,0.00585455601955508,2255271170.98,-5.0855738953183955,9.645061728395032,1,SZSE.002471,2025-05-14,2025-05-14T09:30:00.000000,4.06,2025-05-15T11:30:00.000000,3.66,-10.57052577865876,1.5,止损卖出
SHSE.601608,中信重工,2025-03-28,5.6,5.83,5.18,5.18,5.76,-0.10069444444444442,364528184.0,1940790613.0,6.34,5.18,false,false,1.60554,8.010608557160909,237.2208680366,23571941877.399998,81.7022647364,false,false,true,断板,断板,断板,4天3板,9.63996692459733,5.677999999999999,5.489999999999999,-2.7777777777777803,-5.646630236794165,532.4116757457634,true,4.06,0.6224973933713258,0.013964027866706247,0.5892332168970144,0.005035324141417113,0.16125113064679092,0.0010468370472960721,0.005624518758238628,0.4674914263168096,30.545686719758695,2.5406503419550224,0.5166666666666667,0.9400544959128065,0.4164637046273107,0.6782591002700586,断板,5.4157142857142855,-0.05728314238952548,588.2724428386451,6.357161698760222,0.6771241383046002,0.5511013569927385,0.9340210198520825,0.42022725675711786,0.0056503795482984,2899444173.0,-4.806011769346108,3.40279609601688,1,SHSE.601608,2025-03-28,2025-03-28T09:30:00.000000,5.6,2025-03-31T11:30:00.000000,4.72,-16.385885031303367,1.5,止损卖出
SHSE.600598,北大荒,2025-04-14,16.5,17.43,16.5,16.98,17.06,-0.004689331770222682,159219440.0,2688631925.0,18.77,15.35,false,false,2.81142,8.956586570726666,301.8500485482,30185004854.82,108.2335404024,false,false,false,,未涨停,未涨停,3天3板,11.488272699304419,17.844,17.02142857142857,-3.282532239155913,-0.24339068401173133,1688.6329489665331,false,13.65,0.5960898961003073,0.015502199365777458,0.25363086466933715,0.002307541026678679,0.009447132980709459,-0.0001774953668953472,0.004200961776426227,0.24886755144894285,35.99383450431329,3.1511253026333503,0.5166666666666667,0.9630493971217425,0.0,0.48152469856087127,断板,16.585714285714285,-0.09973614775725592,1733.9973692879523,2.8596037898363424,0.47996888370283936,0.22471713668412585,0.9599377674056787,0.0,0.003896477105269879,3451025875.0,-4.844146293165663,-0.5167958656330685,1,SHSE.600598,2025-04-14,2025-04-14T09:30:00.000000,16.5,2025-04-15T11:30:00.000000,16.37,-1.5784136182542545,1.5,未涨停卖出
SZSE.002094,青岛金王,2025-04-14,7.06,8.14,6.76,7.8,7.4,0.054054054054053946,336252017.0,2600959027.48,8.14,6.66,false,false,5.30727,48.70016491145591,53.890008822,5385537682.2,42.319307706,false,true,false,,炸板,7天4板,5天4板,24.772159244367455,7.132,6.734285714285714,-4.5945945945946045,15.825201527365298,773.5147734385189,false,5.09,0.3915185092030106,0.014332032613168956,0.23146665077750134,0.002558752803583256,0.17418887687743395,-0.0022563568451263415,0.0034688758708875172,0.24629369029258297,27.04048677703058,2.4567163575558935,0.45,0.9531310774017892,0.0,0.4765655387008946,炸板,6.381428571428572,-0.010695187165775444,765.597465944524,15.961495410790242,0.4614935822637106,0.20194560132177541,0.9229871645274212,0.0,0.002317875165106994,2433953876.97,-7.7844387678318805,10.633534810834998,1,SZSE.002094,2025-04-14,2025-04-14T09:30:00.000000,7.06,2025-04-15T11:30:00.000000,8.16,14.659774499734771,1.5,未涨停卖出
SZSE.002094,青岛金王,2025-05-16,8.23,9.2,7.97,8.64,8.48,0.018867924528301883,262451200.0,2240807780.38,9.33,7.63,false,false,5.30727,38.01142022951641,59.693548233600005,5965518663.360001,46.876771612800006,false,false,true,断板,断板,断板,2天2板,40.369363066305276,8.329999999999998,8.095714285714285,-2.9481132075471694,6.723133933298055,853.7997846380584,false,5.09,0.0847085950507579,0.004393542736528521,0.5868856832882602,0.007457923905336518,0.05985419242202828,0.0011123495145817675,0.004941375354348494,0.32834081838089013,18.99375121436111,2.108932417397678,0.4666666666666667,0.9545277885736494,0.2263736333166443,0.5904507109451469,断板,7.945714285714287,-0.05462653288740249,872.4970147248206,6.724199928083416,0.4725894245723173,0.5619916574013112,0.9451788491446346,0.0,0.004320079078210137,2574241236.28,-5.673029694024978,3.5778496943545512,1,SZSE.002094,2025-05-16,2025-05-16T09:30:00.000000,8.23,2025-05-19T11:30:00.000000,8.93,7.640882399926427,1.5,未涨停卖出
SHSE.600340,*ST华幸,2025-05-21,2.83,2.93,2.66,2.66,2.96,-0.10135135135135132,351541081.0,962372773.0,3.26,2.66,false,false,24.4194,9.029258195100624,104.10496109720002,10356324464.92,57.031156371,false,false,true,断板,断板,断板,2天2板,3.7348032528352024,2.8260000000000023,2.7700000000000036,-4.3918918918918886,-3.9711191335741263,273.7582675294783,true,1.85,0.7380500299604177,0.01506170718436364,0.000593338465690879,-0.0001246871019303333,0.38398767649733107,-0.0027585468867750624,0.002122433819875043,0.2631029781741283,27.202827007290637,2.233333283455557,0.5166666666666667,0.8436285936285937,0.0,0.42181429681429683,断板,2.7542857142857176,-0.048231511254019255,313.940909219797,7.468879668049663,0.4166666666666667,0.006315753454453747,0.8333333333333334,0.0,0.002029429906074353,1522575561.0,-9.85564745183768,2.748962655601539,1,SHSE.600340,2025-05-21,2025-05-21T09:30:00.000000,2.83,2025-05-22T11:30:00.000000,2.53,-11.313051680205,1.5,止损卖出
SHSE.601908,京运通,2025-05-21,3.37,3.55,3.32,3.33,3.49,-0.045845272206303744,211688051.0,719990914.0,3.84,3.14,false,false,4.36164,8.76699246982297,80.4062752713,8040627527.13,40.2628434867,false,false,false,,未涨停,未涨停,4天3板,11.992173958581258,3.658,3.534285714285715,-3.4383954154727823,-5.780113177041249,340.1188260739384,false,2.23,0.8013164882770389,0.028106780903334672,0.08665804483429843,0.0021299843090667662,0.17479328024449067,-0.0014919588621339858,0.006238760676560122,0.2560303041459042,26.102548745337664,2.1554403680485392,0.48333333333333334,0.9706682206682207,0.0,0.48533411033411034,断板,3.4671428571428575,-0.09350649350649343,356.3857852095014,0.6592501030078236,0.48465423465423463,0.06180011660839875,0.9693084693084693,0.0,0.0061211841350156055,1171502946.0,-5.439550625765133,-2.801812937783277,1,SHSE.601908,2025-05-21,2025-05-21T09:30:00.000000,3.37,2025-05-22T11:30:00.000000,3.28,-3.446156028704175,1.5,未涨停卖出
SZSE.002094,青岛金王,2025-06-04,9.51,10.66,9.51,9.85,9.88,-0.0030364372469636747,238508157.0,2396523167.62,10.87,8.89,false,false,5.30727,34.54369339478911,68.0534085765,6800967457.65,53.4416898595,false,false,false,,未涨停,未涨停,3天2板,35.40792206138693,9.603999999999997,9.314285714285715,-3.7449392712550704,5.751533742331278,1004.797151495326,false,6.4,0.6948746413981438,0.01293371242842817,0.7771033987376579,0.009903420343633998,0.33365531146716687,0.003240853481474538,0.008510708701944994,0.6276232210886077,17.9428648692894,1.9138240208234039,0.48333333333333334,0.9858114674441205,0.432479799676567,0.7091456335603438,断板,9.067142857142857,0.029166666666666785,997.1044868740687,8.964865290688529,0.7055195711096939,0.7613538885281136,0.9842565597667638,0.4267825824526239,0.008222422887386735,2591326401.63,-4.623837068330394,4.88419725854734,1,SZSE.002094,2025-06-04,2025-06-04T09:30:00.000000,9.51,2025-06-05T11:30:00.000000,9.41,-1.8399587768798649,1.5,未涨停卖出
SHSE.600881,亚泰集团,2025-05-22,1.9,1.98,1.84,1.84,1.95,-0.05641025641025632,264740882.0,500811368.0,2.15,1.76,false,false,44.3069,8.190857512006799,59.4715781792,5947157817.92,43.9303801808,false,false,true,断板,断板,断板,2天2板,7.356883106105686,1.8360000000000003,1.7771428571428574,-2.5641025641025665,3.5369774919614065,189.1703934113206,false,1.39,0.5695700092605018,0.009659911367819551,0.24971728398708398,-0.0019514439366143063,0.4017334491344698,-0.0023412684519188627,0.0002538797696810984,0.3592926785859833,33.21571399341466,2.8783782955277597,0.4,0.5628521468816786,0.41942076201853024,0.49113645445010445,断板,1.745714285714286,-0.010152284263959421,203.08434528386337,11.702127659574447,0.45819690585727496,0.31928484307970445,0.4829059829059829,0.433487828808567,-0.0001161318085167967,951044123.0,-6.442813337273535,8.837970540098183,1,SHSE.600881,2025-05-22,2025-05-22T09:30:00.000000,1.9,2025-05-23T11:30:00.000000,1.8,-6.0180331306353505,1.5,未涨停卖出
SHSE.600495,晋西车轴,2025-05-26,4.63,4.77,4.54,4.56,4.82,-0.05394190871369309,172897960.0,799753659.0,5.3,4.34,false,false,7.59269,14.310483716064052,55.0935044016,5509350440.16,38.0091949968,false,false,true,断板,断板,断板,2天1板,8.933991743420586,4.567999999999999,4.46,-3.9419087136929543,2.242152466367705,462.5581811375912,false,3.61,0.6575576404620164,0.008138243335614375,0.21975515909447105,0.0015226615960531936,0.08399744193496021,0.0004669573464979794,0.0025290666690988657,0.2665883402201269,33.86661050358297,2.875675592980572,0.48333333333333334,0.8787643287351855,0.0,0.43938216436759275,炸板,4.397142857142858,-0.004132231404958553,511.09341017518875,9.61663417803768,0.4308334952399456,0.18998493472234088,0.8616669904798911,0.0,0.00230274655722007,1473417546.0,-9.409906138039158,5.295646523716679,1,SHSE.600495,2025-05-26,2025-05-26T09:30:00.000000,4.63,2025-05-27T11:30:00.000000,4.68,0.2744959686093547,1.5,未涨停卖出
SZSE.002510,天汽模,2025-05-26,7.1,7.34,6.81,7.11,7.41,-0.04048582995951411,312647475.0,2201924525.5,8.15,6.67,false,false,4.37688,31.113939913392542,72.1763621388,7144461786.06,59.942117309400004,false,false,false,,未涨停,未涨停,4天4板,1.480870533822903,7.784000000000001,7.46857142857143,-4.183535762483138,-4.801071155317532,704.2834826988448,false,4.32,0.6415193775254465,0.01940763381041623,0.1961752385316433,0.0029172060794219004,0.0034606848681711993,-0.000173194660812498,0.005288171403550448,0.22742970023136233,23.87382125448249,1.8674698446436355,0.48333333333333334,0.961725276860307,0.0,0.4808626384301535,断板,7.27857142857143,-0.09963547995139732,756.8184637974293,1.8056918547595466,0.4776568875072858,0.14987755116815518,0.9553137750145716,0.0,0.004907511447821637,2829516229.44,-6.186221139810987,-2.4533856722277037,1,SZSE.002510,2025-05-26,2025-05-26T09:30:00.000000,7.1,2025-05-27T11:30:00.000000,7.04,-1.635149542674378,1.5,未涨停卖出
SZSE.002015,协鑫能科,2025-06-20,11.28,11.45,10.68,10.68,11.87,-0.10025273799494516,221771841.0,2420295005.53,13.06,10.68,false,false,6.11695,13.661583092338917,173.3710687752,17337106877.52,72.22193890439999,false,false,true,断板,断板,断板,4天4板,2.846753976466225,11.599999999999998,10.941428571428572,-4.9705139005897205,-2.3893458676067465,1091.3445975000948,true,7.0,0.8189249436736521,0.028784827889714697,0.38930306993017183,0.006034687882464389,0.10778349700131172,0.0011694985863495687,0.009125159095080004,0.3907715728002099,25.10296946615464,1.80661574344282,0.5,0.9840807610172781,0.34794434525543905,0.6660125531363585,断板,10.647142857142857,-0.08410493827160503,1265.8062025592853,11.485307929692738,0.6615241761182011,0.33896579721060405,0.9834919401825597,0.3395564120538427,0.008928666186059486,3979648498.92,-10.886832619453147,5.943915201932115,1,SZSE.002015,2025-06-20,2025-06-20T09:30:00.000000,11.28,2025-06-23T11:30:00.000000,10.7,-5.897685852335351,1.5,未涨停卖出
SZSE.002173,创新医疗,2025-06-23,12.5,13.26,12.4,12.94,13.05,-0.008429118773946476,109891261.0,1408670115.84,14.36,11.75,false,false,3.0439,26.39685039345112,57.1021951488,5386979492.42,41.9776391158,false,false,true,断板,断板,断板,3天2板,18.787400138316563,12.913999999999998,12.432857142857141,-4.214559386973185,4.079053200045968,1281.8763776311566,false,9.68,0.6428063459300025,0.010773278854912804,0.7460342950532514,0.006172515290968034,0.3376372887132124,0.0020806754796835925,0.005865116060371656,0.6028696033265899,25.387420851069685,2.1119292632031437,0.48333333333333334,0.9580663948747816,0.45848927048229277,0.7082778326785372,断板,12.227142857142855,-0.039735099337748325,1350.3959221857906,6.729758149316532,0.6949972404478943,0.675025917617124,0.953212968355659,0.43678151254012954,0.00557685452479628,2071297060.98,-7.434554602570687,2.231569108540743,1,SZSE.002173,2025-06-23,2025-06-23T09:30:00.000000,12.5,2025-06-24T11:30:00.000000,13.28,5.3934661354581594,1.5,未涨停卖出
SHSE.600468,百利电气,2025-06-06,7.02,7.95,6.81,7.95,7.23,0.09958506224066377,281587066.0,2174997087.0,7.95,6.51,false,false,12.5609,25.887461826754453,86.47495801950001,8647495801.95,36.386832715500006,true,false,false,,涨停,9天5板,6天4板,22.714894214600946,7.535999999999999,7.218571428571428,-2.9045643153527085,10.132594498317843,772.4066015873044,false,4.15,0.9006065410118334,0.03050397127528423,0.46599585992257725,0.007800534527146756,0.1003912169034687,0.0014281774132272873,0.01042951474259841,0.44323660323469594,20.306601396166695,1.7815125733041455,0.5166666666666667,0.9904798911987566,0.36441416495652806,0.6774470280776423,断板,7.018571428571428,-0.07069408740359895,742.3163657249884,3.0124160390800094,0.6663954256575433,0.44227750304676117,0.9891198756557218,0.34367097565936466,0.009718354344814944,1720335429.0,-5.431156793318593,0.02035416242622823,1,SHSE.600468,2025-06-06,2025-06-06T09:30:00.000000,7.02,2025-06-09T11:30:00.000000,7.99,12.910750161746206,1.5,未涨停卖出
SZSE.002345,潮宏基,2025-06-06,14.89,15.32,14.24,14.44,15.43,-0.0641607258587168,100379588.0,1472466899.32,16.97,13.89,false,false,8.20859,11.577748861737277,128.3012348908,12519543030.6,76.4750922488,false,false,true,断板,断板,断板,3天2板,7.514156921228418,15.488,14.948571428571428,-3.4996759559300012,-3.4021406727828767,1466.898727777205,false,8.6,0.8795652290389621,0.03157241089272381,0.653606343074461,0.010271720995618584,0.7832814868759279,0.008602310308233975,0.014031035768824246,0.7377006634078013,18.87131768059479,1.634892059602214,0.5333333333333333,0.9959199533708957,0.45198650970073584,0.7239532315358157,断板,14.714285714285714,-0.0997666277712953,1648.522140568643,4.864077669902916,0.7232939844926353,0.6409253518455479,0.9951428016320186,0.4514451673532519,0.014054235515042276,1826206994.98,-9.676675650447574,1.194174757281563,1,SZSE.002345,2025-06-06,2025-06-06T09:30:00.000000,14.89,2025-06-09T11:30:00.000000,14.38,-4.1946385044108325,1.5,未涨停卖出
SZSE.002229,鸿博股份,2025-06-03,16.87,17.49,16.45,16.54,17.61,-0.060760931289040365,126688658.0,2139244067.59,19.37,15.85,false,false,5.18779,25.68893525810985,82.07007211519999,8156937538.54,77.7651753854,false,false,true,断板,断板,断板,4天2板,33.154223586025545,17.478,17.152857142857147,-4.202157864849509,-3.572915799117213,1688.583730668297,false,10.4,0.06065845205160591,0.0026235258636311647,0.350289138486417,0.0058838294535573715,0.006940552377595252,0.0003847939186397891,0.0035820580750968553,0.18935842536680828,20.026792372803584,1.8739002581401092,0.5,0.9273080660835763,0.0,0.46365403304178815,断板,17.072857142857146,-0.08137715179968708,1814.1205146949185,3.146180235963498,0.46365403304178815,0.3295183765371873,0.9273080660835763,0.0,0.003520773425530814,3281391872.15,-7.007280589420839,-1.1881850891138912,1,SZSE.002229,2025-06-03,2025-06-03T09:30:00.000000,16.87,2025-06-04T11:30:00.000000,16.75,-1.502466718779886,1.5,未涨停卖出
SZSE.002108,沧州明珠,2025-06-30,3.96,3.99,3.75,3.86,4.1,-0.0585365853658536,329628067.0,1262883713.19,4.51,3.69,false,false,18.6976,19.99728978502515,64.28423341279999,6362683905.16,47.8091949866,false,false,true,断板,断板,断板,2天2板,3.902084701687796,3.842,3.674285714285715,-3.4146341463414562,5.05443234836701,383.12384157202246,false,3.21,0.2946699442505572,0.0071116419206968175,0.06963087630591303,0.0009838655735928605,0.04557654251612839,0.0003008654462869007,0.002004520804821864,0.10742238975790647,34.706142952203,2.954248278737241,0.5,0.7287378640776699,0.0,0.36436893203883497,炸板,3.585714285714286,-0.0024330900243311193,440.219340186153,14.342629482071697,0.3288349514563107,0.05353990064559258,0.6576699029126214,0.0,0.0014548626851931747,2122838957.25,-10.044842683979827,10.438247011952196,1,SZSE.002108,2025-06-30,2025-06-30T09:30:00.000000,3.96,2025-07-01T11:30:00.000000,3.73,-6.55861402873353,1.5,未涨停卖出
SZSE.002189,中光学,2025-06-30,27.2,30.8,26.6,30.8,28.0,0.10000000000000009,51455174.0,1521211871.36,30.8,25.2,false,false,1.05794,19.702553823333403,80.44937608400001,8043725566.8,43.011556588000005,true,false,false,,涨停,4天3板,2天2板,4.853248328253247,26.45,25.054285714285715,-2.85714285714286,22.9330596419204,2956.382717430904,false,19.03,0.5616215973305263,0.01761061303833546,0.5780363890040602,0.005555191297159334,0.09005566402062976,0.0008578850653342949,0.006557083775847048,0.4283592131743243,27.741329371740676,1.975625361867055,0.5666666666666667,0.9636893203883495,0.3593845599077774,0.6615369401480635,炸板,23.55,0.04283054003724396,2863.956694354424,18.895966029723986,0.6613890224442396,0.606540568142895,0.9438834951456311,0.37889454974284814,0.005161445392956637,2176466181.04,-5.0264968963462,15.49893842887473,1,SZSE.002189,2025-06-30,2025-06-30T09:30:00.000000,27.2,2025-07-01T11:30:00.000000,31.35,14.338967658776664,1.5,未涨停卖出
SZSE.002104,恒宝股份,2025-06-05,9.3,10.56,9.17,10.56,9.6,0.10000000000000009,299876031.0,3049472341.42,10.56,8.64,false,false,6.94786,50.0175182054467,74.78403546240001,6331163562.240001,59.75370899520001,true,false,false,,涨停,5天4板,3天3板,23.636354596667122,9.394,8.802857142857144,-3.124999999999989,19.961051606621215,1016.910998605287,false,7.13,0.19906032820953934,0.008849689117729098,0.37157463757216247,0.0032190301043599086,0.22917075513336552,0.0013583011364140184,0.0037869432166499797,0.29435061096799875,23.349673200707766,2.581907023802107,0.45,0.9263648727414028,0.0,0.4631824363707014,断板,8.337142857142856,-0.020408163265306256,983.6786521244586,15.147361206305696,0.443731778425656,0.3746626852306956,0.887463556851312,0.0,0.0025773158565809027,2763234782.41,-5.456929659755083,11.549006168608656,1,SZSE.002104,2025-06-05,2025-06-05T09:30:00.000000,9.3,2025-06-06T11:30:00.000000,10.96,16.91042282482972,1.5,未涨停卖出
SZSE.001896,豫能控股,2025-07-18,6.3,6.55,6.18,6.37,6.62,-0.03776435045317217,129190804.0,816520501.02,7.28,5.96,false,false,1.38708,8.46718998717857,97.192270721,9719227072.1,37.0785371502,false,false,true,断板,断板,断板,4天3板,6.249781306036386,6.587999999999999,6.377142857142858,-4.8338368580060465,-0.11200716845879487,632.0267973717387,false,4.28,0.9054666009711411,0.026281126117895518,0.45183475620141855,0.00503048958968385,0.606193600686948,0.003222589291563189,0.008738246805889985,0.5888687785010219,24.978201240203912,2.271293323806587,0.55,0.9813519813519813,0.40979852506168296,0.6955752532068321,断板,6.280000000000001,-0.043352601156069315,668.4326168465049,5.414012738853486,0.691801585354217,0.43837195517674477,0.9805749805749806,0.4030281901334533,0.008679305975021184,1232386635.53,-5.749662101741859,0.31847133757960666,1,SZSE.001896,2025-07-18,2025-07-18T09:30:00.000000,6.3,2025-07-21T11:30:00.000000,6.07,-4.418516410548269,1.5,未涨停卖出
SZSE.002298,中电鑫龙,2025-06-12,7.5,7.61,7.17,7.23,7.75,-0.06709677419354831,216141385.0,1573938777.52,8.53,6.98,false,false,3.14451,33.0660579111929,53.510018142300005,4726000957.68,45.01592342400001,false,false,true,断板,断板,断板,5天4板,24.262329491208693,7.812,7.551428571428572,-3.225806451612903,-4.256526674233822,728.1987100804411,false,4.78,0.692214204826112,0.01896991496383771,0.30888560029061446,0.004804166956577883,0.06796309871000292,0.0010572109399415014,0.006513229753038934,0.3132745707235305,22.717546030909535,1.900221693381596,0.5166666666666667,0.9681491551757623,0.2932538733102245,0.6307015142429934,断板,7.371428571428571,-0.0828402366863904,811.8282663442671,5.135658914728689,0.4822261072261072,0.2554182285181118,0.9644522144522144,0.0,0.00612470699096478,2293132742.1,-7.615929243593012,1.744186046511631,1,SZSE.002298,2025-06-12,2025-06-12T09:30:00.000000,7.5,2025-06-13T11:30:00.000000,6.82,-9.79123505976096,1.5,止损卖出
SZSE.002235,安妮股份,2025-06-26,9.0,10.2,8.78,9.9,9.42,0.05095541401273884,285870892.0,2726512329.53,10.36,8.48,false,false,4.57554,51.6405521977991,57.377656116000004,5480425189.8,45.370239255,false,false,false,,未涨停,未涨停,8天5板,42.24755895508346,9.618,9.194285714285712,-4.458598726114649,7.675574891236822,953.7565403930668,false,5.17,0.8800915010856617,0.0371563385439373,0.5680198992237746,0.010163737194090278,0.19007787078933197,0.002216397023156488,0.013178055412779546,0.5170516110658192,25.994878542430556,1.6130952120744757,0.55,0.9955348476024073,0.4069929503270244,0.7012638989647159,断板,8.827142857142857,-0.03975535168195721,974.6706153149474,6.716297135458819,0.6960486707855512,0.5407983552821778,0.9939817511162881,0.3981155904548143,0.012365537729298175,2536428763.81,-7.661112804844228,1.9582456708205243,1,SZSE.002235,2025-06-26,2025-06-26T09:30:00.000000,9.0,2025-06-27T11:30:00.000000,10.44,15.075697211155356,1.5,未涨停卖出
SHSE.600366,宁波韵升,2025-06-16,10.61,11.9,10.28,11.6,11.15,0.04035874439461873,267153804.0,2986093997.0,12.27,10.04,false,false,12.3005,25.13106678313895,127.488761916,12331287617.6,82.064040152,false,false,true,断板,断板,断板,2天2板,16.515583302860094,10.334,9.801428571428573,-4.843049327354268,18.350094738376303,1117.743394363196,false,7.15,0.5480287097541862,0.01657567785398612,0.13395233022707448,0.0022227373055806613,0.1063209482824049,0.0008878977197463331,0.004692873539511455,0.20847819154909594,32.12809111614605,2.418699128490814,0.45,0.9361040978830841,0.0,0.46805204894154206,炸板,9.341428571428574,0.054872280037842946,1122.6904702040854,19.360758525768436,0.4446494464944649,0.07045344546322665,0.8892988929889298,0.0,0.0033070435539735397,3407654726.0,-5.494877870734138,13.580058112861249,1,SHSE.600366,2025-06-16,2025-06-16T09:30:00.000000,10.61,2025-06-17T11:30:00.000000,12.22,14.256639793324355,1.5,未涨停卖出
SZSE.002376,新北洋,2025-06-16,7.81,8.69,7.56,8.36,8.14,0.027027027027026973,184365214.0,1504360987.11,8.95,7.33,false,false,5.13743,23.412509531936966,67.76302842759999,6583203679.799999,46.8078325308,false,false,true,断板,断板,断板,2天2板,6.221238872141997,8.018,7.780000000000001,-4.054054054054065,7.455012853470413,815.9679119890806,false,6.59,0.5572246084188497,0.008688842596629756,0.2960759631145416,0.0027677282282264036,0.05411148169005005,0.0005205139103030861,0.0032777868065300792,0.27571634774805576,27.486699462411433,2.2541965918718274,0.55,0.8838609438725966,0.0,0.4419304719362983,断板,7.611428571428571,-0.0556844547563804,879.1931511750818,6.944444444444454,0.43251116721693533,0.22863932209430685,0.8650223344338707,0.0,0.0028131493991968666,2233380222.86,-11.168552785453588,2.6088588588588646,1,SZSE.002376,2025-06-16,2025-06-16T09:30:00.000000,7.81,2025-06-17T11:30:00.000000,8.03,1.9976432298973188,1.5,未涨停卖出
SHSE.600826,兰生股份,2025-07-22,13.38,15.29,12.51,15.29,13.9,0.09999999999999987,146786366.0,2005941602.0,15.29,12.51,false,false,7.79285,19.956447425078636,112.4630796421,11246307964.21,40.9518991783,true,false,false,,涨停,8天7板,6天6板,8.81195532659517,13.764,12.79857142857143,-3.7410071942446015,19.466458310079233,1366.5721528932734,true,7.5,0.716292371628469,0.0369320974003556,0.3024007732703569,0.006316735166738557,0.09235486911201204,0.0013103487970719902,0.010937891702561996,0.32216532169447587,27.48710585435618,1.9398495864299852,0.5,0.9902837155071901,0.19214670794098862,0.5912152117240893,断板,11.89857142857143,-0.04071773636991027,1464.9543697817007,16.820746788329927,0.49290711232024875,0.2599253092447509,0.9858142246404975,0.0,0.009281248117728205,1744332375.0,-8.666097210974478,12.450474246608234,1,SHSE.600826,2025-07-22,2025-07-22T09:30:00.000000,13.38,2025-07-23T09:30:00.000000,13.99,3.7259035606453086,1.0,大幅低开卖出
SZSE.002401,中远海科,2025-07-21,20.16,21.6,20.04,20.23,20.98,-0.035748331744518635,76933675.0,1599696214.37,23.08,18.88,false,false,7.32968,20.716517333373833,75.188525412,7512692506.2,37.8093381533,false,false,true,断板,断板,断板,5天3板,14.039894934333152,20.204,19.795714285714286,-3.9084842707340335,2.1938370498664925,2079.3186005608077,false,14.33,0.7562915561706259,0.015927743250355553,0.5477419454859648,0.004545210720971462,0.00010959410255707005,-0.00003143727015366224,0.0054487228295107435,0.4251621622078747,30.79604113144453,2.670687504066319,0.5333333333333333,0.9360668480373106,0.31177928588189,0.6239230669596003,断板,19.22714285714286,0.013037180106228785,2139.467015273666,9.1165762686678,0.6134740795267111,0.5190655847646113,0.9296814296814296,0.2972667293719925,0.005172096068588068,2193885471.33,-5.770923991453691,4.8517720484434035,1,SZSE.002401,2025-07-21,2025-07-21T09:30:00.000000,20.16,2025-07-22T11:30:00.000000,20.8,2.35249478277368,1.5,未涨停卖出
SHSE.600537,*ST亿晶,2025-07-24,4.0,4.24,3.94,4.18,4.16,0.004807692307692291,303012655.0,1246213281.0,4.58,3.74,false,false,4.45438,25.598446449718022,49.4792877524,4947928775.24,41.1192877524,false,false,true,断板,断板,断板,4天2板,27.150812367238203,3.939999999999999,3.8614285714285717,-3.8461538461538494,8.250092489826105,411.2743347303432,false,2.72,0.6395144312919704,0.015399144538131671,0.5496274307076213,0.005854956859863708,0.14871987933410682,0.001185016477021943,0.006362812280664772,0.44733256541243677,24.909373632840357,2.4670329061704517,0.5333333333333333,0.9570707070707071,0.30759371937748475,0.6323322132240959,炸板,3.781428571428571,0.019607843137254832,429.6228457521842,10.011333585190794,0.626031278862111,0.5304325787365136,0.9557109557109557,0.2963516020132664,0.006329641613883521,1979357520.0,-6.895081591929886,5.780128447298827,1,SHSE.600537,2025-07-24,2025-07-24T09:30:00.000000,4.0,2025-07-25T11:30:00.000000,4.16,3.1713147410358555,1.5,未涨停卖出
SHSE.600773,西藏城投,2025-07-24,11.53,12.58,11.53,12.16,12.1,0.0049586776859504855,85290009.0,1029164848.0,13.31,10.89,false,false,5.62648,8.962924157218165,115.712962784,11571296278.4,67.1984926528,false,false,true,断板,断板,断板,2天2板,2.693436610224753,11.564,11.109999999999998,-4.710743801652895,9.450945094509475,1206.6651886506424,false,8.97,0.4451224556930747,0.008499759977146946,0.6632089235083115,0.004052853443774384,0.06748688177490685,-0.0006034961548006541,0.0035453298708763847,0.44087501742524277,39.635891872796336,2.8008297970721947,0.55,0.8502331002331003,0.365593444754427,0.6079132724937637,炸板,10.807142857142855,-0.013854930725346382,1279.9965711433415,11.962987442167895,0.5803725501798489,0.6531729978951354,0.8074980574980575,0.3532470428616404,0.0029527961391924012,1812527023.0,-9.921633698589005,6.688697951090572,1,SHSE.600773,2025-07-24,2025-07-24T09:30:00.000000,11.53,2025-07-25T11:30:00.000000,11.49,-1.1409695131011228,1.5,未涨停卖出
SHSE.600826,兰生股份,2025-07-24,13.08,14.08,12.71,13.54,13.76,-0.015988372093023284,90758858.0,1239833950.0,15.14,12.38,false,false,7.79285,12.339186720088005,99.5912425346,9959124253.46,36.2647949558,false,false,true,断板,断板,断板,8天7板,14.560302401651567,14.195999999999998,13.731428571428571,-4.941860465116276,-1.394090719933422,1366.0748684167004,false,7.5,0.7968981358885362,0.03938562720913485,0.39505947493349075,0.008054813825047797,0.13639449696671102,0.00179891086209802,0.012444205612980274,0.3978277137344659,25.487277115468196,1.9398495864299852,0.48333333333333334,0.9935897435897436,0.2500124875124875,0.6218011155511156,断板,13.351428571428572,-0.10006540222367555,1395.8546030155248,3.060132677081096,0.606108811796056,0.34967055586817214,0.9920357420357421,0.22018188155636995,0.011796313993437498,1653921556.0,-6.293965204236085,-2.032955274983961,1,SHSE.600826,2025-07-24,2025-07-24T09:30:00.000000,13.08,2025-07-25T11:30:00.000000,14.07,6.711685368617279,1.5,未涨停卖出
SHSE.601868,中国能建,2025-07-24,2.8,3.08,2.68,3.01,2.9,0.037931034482758585,3563694748.0,10318824139.0,3.19,2.61,false,false,1.03865,10.989314129129898,976.1047018436001,97610470184.36,358.9567097886,false,false,true,断板,断板,断板,2天2板,0.9857424012687219,2.718,2.597142857142857,-3.448275862068969,15.896589658965896,289.55409676407,false,2.2,0.5935312884289121,0.013123546105333275,0.2643536780696412,0.0019948498687098913,0.03283648158234416,0.00025442384061990483,0.0036984613076075723,0.2607340411953063,50.55040833223265,3.4719099918179577,0.4166666666666667,0.8628593628593628,0.0,0.4314296814296814,炸板,2.498571428571428,0.03202846975088969,300.166683454935,16.066323613493438,0.3956876456876457,0.2366470406176173,0.7913752913752914,0.0,0.0027866656303616654,6303465140.0,-6.718494945146947,12.064036592338478,1,SHSE.601868,2025-07-24,2025-07-24T09:30:00.000000,2.8,2025-07-25T11:30:00.000000,2.78,-1.5054069436539614,1.5,未涨停卖出
SZSE.002246,北化股份,2025-07-24,18.91,19.0,17.9,18.0,19.83,-0.09228441754916783,122763234.0,2238235599.07,21.81,17.85,false,false,1.64833,22.359827708842804,98.82626292,9882626292.0,52.43368968,false,false,true,断板,断板,断板,4天4板,6.887716436783786,19.344,18.22714285714286,-4.639435199193133,-1.2461791676463754,1823.2132912611282,true,12.61,0.5846899551499462,0.018697048397468,0.7565660414617605,0.008558718787793181,0.6884621483773931,0.004778612199776811,0.009452352733323234,0.7017596562740874,21.62564188993688,1.687811803301936,0.5833333333333334,0.9858197358197358,0.4390404956571396,0.7124301157384377,炸板,17.73,-0.07895959126799823,2195.125831005935,11.844331641285944,0.7129897690607103,0.7544902697817536,0.9856254856254856,0.4403540524959352,0.009419532422466407,3718806506.97,-13.854596702849008,6.655386350817816,1,SZSE.002246,2025-07-24,2025-07-24T09:30:00.000000,18.91,2025-07-25T11:30:00.000000,17.47,-8.35115381941299,1.5,未涨停卖出
SZSE.002497,雅化集团,2025-07-24,14.73,15.9,14.48,14.79,15.5,-0.04580645161290331,290258212.0,4359235921.81,17.05,13.95,false,false,6.82024,27.42032445965257,170.463996708,15655974318.599998,144.73295814,false,false,true,断板,断板,断板,2天2板,11.715308300493012,14.008,13.318571428571431,-4.967741935483868,11.047945940147994,1501.8475762573776,false,10.88,0.5417064637750786,0.013302630182782398,0.27400246586564936,0.002299534429427076,0.17339364166538773,-0.0009412039117653726,0.0035279320777404062,0.29736061818745674,41.16237821538879,2.986915798633805,0.5,0.8498445998445998,0.0,0.4249222999222999,炸板,12.852857142857145,0.06675843083275979,1582.5485931324372,20.59575414026896,0.39384226884226886,0.22610494852036955,0.7876845376845377,0.0,0.0027543471186186243,3355651245.17,-6.922289375999558,14.604868289429795,1,SZSE.002497,2025-07-24,2025-07-24T09:30:00.000000,14.73,2025-07-25T11:30:00.000000,15.27,2.8399639730284436,1.5,未涨停卖出
SHSE.600606,绿地控股,2025-07-17,1.98,2.05,1.96,1.99,2.05,-0.029268292682926744,366959289.0,731175789.0,2.26,1.85,false,false,120.838,2.611025962464639,279.6789444486,27967894444.86,77.58716098890001,false,false,false,,未涨停,未涨停,3天3板,2.701248112972781,2.138000000000001,2.0428571428571423,-3.4146341463414562,-2.587412587412559,199.2525631365064,false,1.57,0.6612731148491496,0.017966390786984986,0.025236757143895373,0.0007473671475119385,0.2664897661428729,-0.0010911660576870417,0.003639611913846854,0.22481993138463946,33.29890297241932,2.891566181448689,0.4,0.8525641025641025,0.0,0.42628205128205127,断板,2.0028571428571422,-0.10087719298245612,209.5997815685287,2.3537803138373987,0.4124902874902875,0.006873962886771996,0.824980574980575,0.0,0.0033766588776166446,974475530.0,-5.534252698987741,-1.14122681883021,1,SHSE.600606,2025-07-17,2025-07-17T09:30:00.000000,1.98,2025-07-18T11:30:00.000000,1.95,-2.299891343716042,1.5,未涨停卖出
SHSE.600967,内蒙一机,2025-07-02,18.41,18.55,17.38,17.38,19.31,-0.09994821336095283,154172880.0,2747968892.0,21.24,17.38,false,false,5.74991,9.060489101876517,295.7719131246,29573730780.66,126.9214574804,false,false,true,断板,断板,断板,2天2板,12.040433765660097,17.924,17.19857142857143,-4.6607975142413185,1.0549048924329112,1782.3944730097796,true,11.48,0.8014713945508309,0.025188545316255133,0.5984266878281385,0.006945693664454609,0.7116907083169833,0.004460561067786775,0.009848724215814364,0.6730148353193305,25.023385242772704,1.8661844136364858,0.6,0.9875752281110464,0.46318385631132775,0.7253795422111871,断板,16.68285714285714,-0.0020671834625324292,1952.853946281933,15.747559513615347,0.7276794746038071,0.5799680430439175,0.9852455833818676,0.47011336582574664,0.009491702885659592,5394211544.0,-5.72771693934887,10.352800137009766,1,SHSE.600967,2025-07-02,2025-07-02T09:30:00.000000,18.41,2025-07-03T11:30:00.000000,16.98,-8.502437831509386,1.5,未涨停卖出
SHSE.603936,博敏电子,2025-07-11,10.25,10.34,9.8,9.95,10.54,-0.055977229601517964,109492163.0,1089502899.0,11.59,9.49,false,false,2.01005,17.368735672583128,62.724601398,6272460139.799999,48.1906850535,false,false,false,,未涨停,未涨停,6天3板,7.451785174116765,10.37,10.324285714285717,-2.7514231499051154,-3.6252940362529675,995.051033013203,false,7.7,0.840036954139969,0.014907620649550715,0.8046189905764447,0.0061686022011077,0.0955115753257521,0.0008829812257873501,0.006330719598200198,0.5989703587139418,32.29235479481322,2.5164834531566256,0.5666666666666667,0.9531857031857032,0.4436463541332911,0.6984160286594971,断板,10.254285714285716,-0.037442922374429255,1075.7396525483402,2.7862914460852326,0.7023845738942827,0.7933192495268742,0.9555339805825243,0.44923516720604095,0.00645621012997464,1464929038.0,-4.716722343379476,-0.04179437169129496,1,SHSE.603936,2025-07-11,2025-07-11T09:30:00.000000,10.25,2025-07-14T11:30:00.000000,9.76,-5.539209017588178,1.5,未涨停卖出
SHSE.600288,大恒科技,2025-07-30,12.93,13.35,12.61,12.66,13.35,-0.051685393258426915,62058420.0,799537496.0,14.69,12.02,false,false,4.60155,14.207513736263735,55.298880000000004,5529888000.0,38.845944,false,false,false,,未涨停,未涨停,2天2板,12.008959134615385,12.901999999999997,12.282857142857141,-3.1460674157303368,3.070481507327301,1288.3626363674744,false,9.15,0.737234966207007,0.013988958485034205,0.7371075405899146,0.005658870160465391,0.18618120470642538,0.0013030160824139651,0.006018131601963727,0.5718551249482863,39.68544901674604,2.5252173275371206,0.5833333333333334,0.9446386946386947,0.4496955724587304,0.6971671335487125,断板,12.052857142857144,0.003759398496240518,1358.4191130044742,10.762119236695492,0.6920885645265075,0.7236264734528107,0.9389935884981543,0.4451835405548606,0.005720521559199248,1088105324.0,-4.815826896000008,7.277468294417422,1,SHSE.600288,2025-07-30,2025-07-30T09:30:00.000000,12.93,2025-07-31T11:30:00.000000,12.9,-1.026982557010919,1.5,未涨停卖出
SHSE.600651,飞乐音响,2025-08-01,5.45,5.9,5.45,5.56,5.7,-0.024561403508772006,109339079.0,617557975.0,6.27,5.13,false,false,1123.3,4.361302639851035,139.390757634,13939075763.4,43.273267496799996,false,false,true,断板,断板,断板,4天2板,4.452047277979859,5.404,5.237142857142857,-4.385964912280701,6.164757228587018,564.8099294855044,false,4.08,0.6668913685157435,0.013535906978297263,0.6260008052427567,0.004011189016911032,0.025490470237515463,0.0003810811439420704,0.0048271002472975895,0.4540258173957817,36.571209296594546,2.7818181044330594,0.48333333333333334,0.9071484071484072,0.35903798443272134,0.6330931957905642,断板,5.091428571428572,0.0,577.2337385721039,11.952861952861952,0.6079990014858436,0.6136814872021977,0.8797591297591297,0.33623887321255747,0.004207780977208259,1200125344.0,-5.584174385204877,7.042648709315369,1,SHSE.600651,2025-08-01,2025-08-01T09:30:00.000000,5.45,2025-08-05T11:30:00.000000,6.1,11.034760042399204,2.5,未涨停卖出
SZSE.002401,中远海科,2025-07-16,19.48,20.4,18.62,18.83,20.27,-0.07104094721262955,82924042.0,1601682229.81,22.3,18.24,false,false,7.32968,22.329589135660292,69.985167252,6992782990.2,35.192774959299996,false,false,true,断板,断板,断板,2天2板,6.701034166106704,18.580000000000002,17.97714285714286,-3.8973852984706423,4.744119516846771,1931.50525611137,false,14.33,0.6781052023676851,0.012330448445918485,0.4918414957924129,0.00326401017612445,0.01058077472930811,-0.0002832244120464183,0.0040131274536319966,0.38471602078853595,33.59918433462909,2.777920333614639,0.5333333333333333,0.871989121989122,0.28434646737278313,0.5781677946809526,炸板,17.652857142857144,0.03050330452465677,2062.215264631731,14.825604920288086,0.5619054149579389,0.47336756798235424,0.8490675990675991,0.2747432308482786,0.003734428006373776,2468408691.71,-5.538474406168625,10.350408675244793,1,SZSE.002401,2025-07-16,2025-07-16T09:30:00.000000,19.48,2025-07-17T11:30:00.000000,18.53,-5.634750525618271,1.5,未涨停卖出
SZSE.000813,德展健康,2025-08-04,4.56,4.8,4.28,4.41,4.7,-0.0617021276595745,302360689.0,1363961409.23,5.17,4.23,false,false,3.9275,14.420372914877538,92.48235431399999,9246713981.4,49.7217556773,false,false,true,断板,断板,断板,2天2板,10.391262427250265,4.476000000000001,4.314285714285714,-2.978723404255331,2.218543046357625,451.10408159904676,false,3.08,0.7974730195599188,0.01880145909327694,0.49653848564286146,0.004406661826460933,0.06550301770896302,0.0006628043014222341,0.0061624640223125245,0.4274147520461034,39.84446758451504,2.412843978479086,0.6166666666666667,0.9454156954156954,0.3379892378576589,0.6417024666366771,断板,4.2457142857142856,-0.030927835051546282,489.7075571815716,10.69986541049799,0.6321654807181123,0.47581943208468547,0.9391996891996892,0.32513127223653543,0.005825592057878289,1712576861.04,-6.883201348896817,7.402422611036341,1,SZSE.000813,2025-08-04,2025-08-04T09:30:00.000000,4.56,2025-08-05T11:30:00.000000,4.43,-3.6249737890542977,1.5,未涨停卖出
SHSE.600698,湖南天雁,2025-08-08,12.96,13.67,12.75,12.75,13.43,-0.050632911392405,140456470.0,1829729220.0,14.77,12.09,false,false,5.22628,16.915429629754584,106.92631083,10586902205.25,55.115405602500005,false,false,true,断板,断板,断板,2天2板,13.407799609182089,12.392,11.809999999999999,-3.4996276991809303,7.959356477561401,1302.7019830414363,false,8.22,0.5480599683948192,0.011447423919784379,0.749518412073355,0.011025047174394198,0.6510045005354311,0.00626642071161268,0.009681934584637779,0.6796725498762708,18.053099037545444,1.8146279620271166,0.55,0.9794174757281553,0.4246533382772477,0.7020354070027015,炸板,11.54142857142857,0.026758409785932802,1366.1443053664968,16.363411313281357,0.6961834822295592,0.7431172754964753,0.9770829287240241,0.4152840357350942,0.00918888572699937,3048400441.0,-5.134472624228303,12.291125139249925,1,SHSE.600698,2025-08-08,2025-08-08T09:30:00.000000,12.96,2025-08-11T11:30:00.000000,13.54,3.6428360631547885,1.5,未涨停卖出
SHSE.600528,中铁工业,2025-07-28,10.09,10.42,9.5,9.66,10.46,-0.07648183556405364,279660142.0,2770753003.0,11.51,9.41,false,false,4.78195,12.588505417142715,214.60188340080003,21460188340.08,90.906061281,false,false,true,断板,断板,断板,4天4板,2.6290262879999347,10.048,9.432857142857143,-3.5372848948374855,2.4079963652885024,990.7572037920227,true,7.13,0.6159905048603919,0.01917459007636617,0.2517404879502366,0.002897314145319452,0.00567276062878452,0.00015964239206194523,0.005331467805551543,0.25077017313583205,34.64046586042246,2.4640656477026943,0.5166666666666667,0.9306392073052263,0.0,0.46531960365261316,断板,9.120000000000001,-0.04995458673932773,1144.1780419114202,14.692982456140346,0.45832523800272,0.21133763731312583,0.91665047600544,0.0,0.004849746604706514,4576764571.0,-11.81442371377771,10.635964912280693,1,SHSE.600528,2025-07-28,2025-07-28T09:30:00.000000,10.09,2025-07-29T11:30:00.000000,9.4,-7.580776991143459,1.5,未涨停卖出
SZSE.002163,海南发展,2025-07-28,11.07,11.2,10.72,10.77,11.47,-0.06102877070619017,79419514.0,865338458.56,12.62,10.32,false,false,4.66521,9.883594697335617,91.0019622759,8654221383.75,60.7171101036,false,false,true,断板,断板,断板,2天1板,13.855331575195098,11.093999999999998,10.92285714285714,-3.487358326068006,-1.399424535704921,1089.5791411667415,false,8.54,0.7783669600070166,0.010290916287351275,0.6521887590209118,0.004031803600937601,0.05526660422136867,0.0006620397444525556,0.004272696981274823,0.4983477527782698,38.16359572059467,3.0148882465734674,0.5333333333333333,0.8896444530794637,0.41348306002360996,0.6515637565515369,断板,10.848571428571427,-0.015450643776824036,1162.326965475648,5.728206478799073,0.6480035480271822,0.6263380711904268,0.8878958616669905,0.40811123438737373,0.004125829826886593,1909472575.36,-4.7600173719627215,2.041085067158299,1,SZSE.002163,2025-07-28,2025-07-28T09:30:00.000000,11.07,2025-07-29T11:30:00.000000,10.57,-5.277534847061622,1.5,未涨停卖出
SZSE.002266,浙富控股,2025-07-28,3.88,3.97,3.72,3.76,4.0,-0.06000000000000005,441530465.0,1676255276.51,4.4,3.6,false,false,11.8095,9.016712353064339,196.2446047152,18411971940.48,88.82519960799999,false,false,false,,未涨停,未涨停,3天3板,5.420966342406049,4.116,3.9457142857142857,-3.0000000000000027,-4.70673425054309,379.64657240808964,false,3.01,0.651181723314948,0.01687733433365827,0.127863447813761,0.0017609692122053544,0.04523295656868077,0.00043738451441118815,0.0043871668271576875,0.2077379555404743,36.15086361392145,2.5759161640130492,0.45,0.8978045463376725,0.0,0.44890227316883624,断板,3.8714285714285714,-0.06759906759906764,431.07095883081985,3.3210332103321027,0.4491937050709151,0.10657943396419302,0.8983874101418302,0.0,0.004353523143056032,2819204717.36,-9.991616913289613,0.22140221402213722,1,SZSE.002266,2025-07-28,2025-07-28T09:30:00.000000,3.88,2025-07-29T11:30:00.000000,3.68,-5.910379102148089,1.5,未涨停卖出
SZSE.002297,博云新材,2025-07-28,9.58,10.89,9.5,10.89,9.9,0.10000000000000009,135818431.0,1412758972.99,10.89,8.91,false,false,3.01305,23.6987068503432,62.41111478910001,6241111478.910001,44.177110164000005,true,false,false,,涨停,6天4板,3天3板,6.638183814213108,10.144,9.618571428571428,-3.232323232323235,13.218476162186255,1040.1820743975463,false,7.21,0.6094897831777871,0.01653520977527959,0.3816351041761616,0.0035609096497487562,0.5820215654470035,0.0025279904063513574,0.005845893901835703,0.4873219783577392,26.99576988988588,2.6368038045646647,0.5666666666666667,0.9444336506702934,0.34890426622976495,0.6466689584500291,炸板,9.187142857142858,0.007121057985757906,1037.7144138876968,7.75929093453584,0.6310488016827683,0.38166056413620286,0.9174276277443171,0.34466997562121965,0.004874546366098752,2016283080.63,-7.681729464376852,4.2761623386720515,1,SZSE.002297,2025-07-28,2025-07-28T09:30:00.000000,9.58,2025-07-29T11:30:00.000000,9.88,2.309758876810102,1.5,未涨停卖出
SHSE.600203,福日电子,2025-08-12,15.12,17.34,15.11,17.34,15.76,0.10025380710659904,289087298.0,4879440100.0,17.34,14.18,false,false,1.68864,48.75094572305418,102.82413341879999,10282413341.88,74.175089112,true,false,false,,涨停,7天5板,4天4板,26.58563554964218,15.642,14.691428571428572,-4.0609137055837605,18.028004667444566,1687.8777219744882,false,9.02,0.8192522035228488,0.03351895601485525,0.385040995844087,0.006560923116316626,0.0010884892845254633,0.00015998878834822807,0.010032249397633832,0.35669748541197094,29.140400733312973,1.9749430133877999,0.5666666666666667,0.9796156086196856,0.20439358846285877,0.5920045985412722,断板,13.737142857142858,0.02939255388634865,1589.573067471698,14.725457570715461,0.586422611866067,0.3562592010617701,0.9712621359223301,0.20158308780980402,0.008638913380379788,3852958878.0,-4.8801196408720156,10.066555740432603,1,SHSE.600203,2025-08-12,2025-08-12T09:30:00.000000,15.12,2025-08-13T11:30:00.000000,17.85,17.114873837981428,1.5,未涨停卖出
SHSE.600619,海立股份,2025-08-11,18.5,20.89,18.5,20.89,18.99,0.10005265929436558,166300949.0,3242872599.0,20.89,17.09,false,false,57.6495,21.07276479449867,164.8586153022,16485861530.220001,92.7500950844,true,false,false,,涨停,4天3板,2天2板,18.126275872281468,18.76,17.844285714285714,-2.580305423907312,17.068289168201108,1950.0024615012871,false,11.24,0.7947600869285307,0.02261445942188543,0.6201821061162053,0.008908313642895753,0.12135208998278178,0.0015712614562784874,0.009448427142708509,0.5054486974386433,26.434254614708138,1.924119204170064,0.5833333333333334,0.9766990291262136,0.3270914595633148,0.6518952443447642,断板,17.075714285714287,-0.03652968036529691,1985.1354510498095,11.210574751108489,0.647733740890964,0.6029044694123245,0.972621359223301,0.32284612255862705,0.008739591669076206,4424029491.0,-6.807366770783574,8.34100225884713,1,SHSE.600619,2025-08-11,2025-08-11T09:30:00.000000,18.5,2025-08-13T11:30:00.000000,24.39,30.78733713793475,2.5,未涨停卖出
SHSE.600288,大恒科技,2025-07-29,12.85,14.28,12.85,13.35,13.3,0.003759398496240518,80100855.0,1088105324.0,14.63,11.97,false,false,4.60155,18.33810782967033,58.3128,5831280000.0,40.96314,false,false,true,断板,断板,断板,2天2板,12.008959134615385,12.552,12.052857142857144,-3.3834586466165497,10.762119236695492,1358.4191130044742,false,9.15,0.7003482655158272,0.013324201566247884,0.7236264734528107,0.005394962432377479,0.16843901262178765,0.0011940000992031038,0.005720521559199248,0.5524145936161071,41.27562616482216,2.473594487365261,0.6,0.9389935884981543,0.4451835405548606,0.6920885645265075,炸板,11.722857142857142,0.007575757575757791,1410.358399100328,13.453570558128208,0.678286441012403,0.7358976973051493,0.9197590829609481,0.43681379906385787,0.005053309974884224,1555696904.0,-8.888407314076662,9.61491591518402,1,SHSE.600288,2025-07-29,2025-07-29T09:30:00.000000,12.85,2025-07-30T11:30:00.000000,13.23,2.136822360363997,1.5,未涨停卖出
SZSE.000070,特发信息,2025-08-19,10.28,10.66,9.96,10.01,10.6,-0.05566037735849061,130371584.0,1327697596.81,11.66,9.54,false,false,3.48355,14.671659365197456,90.12451047600001,8894832706.76,54.9414548683,false,false,false,,未涨停,未涨停,6天4板,17.688619653624844,10.456,10.058571428571428,-3.0188679245283048,-0.48288595369975335,1018.3949263130837,false,7.29,0.7772928093756595,0.022036621897739823,0.5740078330690789,0.005466217293973426,0.6501603238835671,0.0036139702843417543,0.008224624111837204,0.6375105755747414,30.2832326736349,2.199999951600001,0.5833333333333334,0.9563191613278975,0.4346507172143003,0.6954849392710989,断板,9.804285714285713,-0.008419083255378879,1082.6543057448184,8.11598426344165,0.6909215933767121,0.563631223406155,0.9551543389633081,0.426688847790116,0.007877697980584186,1612516680.02,-5.048177008562183,4.8521054932245455,1,SZSE.000070,2025-08-19,2025-08-19T09:30:00.000000,10.28,2025-08-20T11:30:00.000000,10.01,-3.4023439316663335,1.5,未涨停卖出
SHSE.600629,华建集团,2025-08-05,12.9,13.94,12.9,13.4,13.26,0.010558069381598756,88391995.0,1183556142.0,14.59,11.93,false,false,8.4705,9.273991583719964,130.02538030600002,12771768470.0,59.271597972,false,false,true,断板,断板,断板,2天1板,11.359889742818051,12.863999999999999,12.647142857142857,-2.7149321266968283,5.952784366881289,1338.98566493493,false,8.16,0.9075313971390737,0.026542642200331115,0.5265351092922365,0.006765975510931688,0.33619761431221373,0.0023591412656441086,0.009399258575225299,0.5456331183675971,29.105440059272496,2.2852563580324428,0.5166666666666667,0.9784382284382285,0.38597043307569623,0.6822043307569623,断板,12.381428571428572,-0.03211678832116782,1376.4666003860493,7.0958809276566255,0.6759183774315354,0.5023250177865086,0.9776612276612276,0.374175527201843,0.008954387009940045,1748159988.0,-6.281779765800244,4.188300449982685,1,SHSE.600629,2025-08-05,2025-08-05T09:30:00.000000,12.9,2025-08-06T11:30:00.000000,13.37,2.8175669415361813,1.5,未涨停卖出
SZSE.000901,航天科技,2025-08-18,19.11,21.3,18.88,20.7,19.82,0.044399596367305616,199001348.0,3883746274.64,21.8,17.84,false,false,6.55291,24.931470585572296,165.227691042,16522602986.699999,107.552992932,false,false,false,,未涨停,未涨停,7天5板,8.970780352787717,20.552,19.765714285714285,-3.5822401614530817,4.726799653078924,1951.6180737830982,false,11.97,0.8401520941141029,0.03276943153758597,0.5591264444841011,0.008620869344489704,0.3823124709081942,0.0032185190569537043,0.011829876696848157,0.5622873823373293,28.07978491015464,1.916036907032777,0.55,0.9821393904096292,0.36903558879456316,0.6755874896020961,断板,19.009999999999998,-0.09990917347865569,2013.149087082909,4.260915307732785,0.6679316672902195,0.5389101506659765,0.9817511162880994,0.3541122182923396,0.011103943340045164,4071757617.12,-5.074094498928794,0.5260389268805898,1,SZSE.000901,2025-08-18,2025-08-18T09:30:00.000000,19.11,2025-08-19T11:30:00.000000,19.46,1.0200954424062036,1.5,未涨停卖出
SHSE.600581,*ST八钢,2025-08-14,4.97,4.97,4.71,4.71,5.23,-0.09942638623326971,150351966.0,717720800.0,5.75,4.71,false,false,6.64085,9.808348549665608,72.472368237,7219948967.7,35.5134572265,false,false,true,断板,断板,断板,3天3板,10.147260147648758,4.794000000000001,4.525714285714287,-4.971319311663493,4.071969696969674,477.36043571255993,true,3.16,0.5932998041489244,0.015437626714911456,0.6523713438395257,0.007369602070784864,0.13992706049747966,0.0013248935160017406,0.007169794433175246,0.4868237508987916,25.550865203383584,2.1022726830772225,0.48333333333333334,0.9512715977480101,0.3057059421368705,0.6284887699424403,断板,4.417142857142858,0.01949317738791434,527.4955465036943,18.402328589909427,0.6215826573892294,0.6178844017450853,0.949718501261891,0.2934468135165679,0.007123175550801577,1992504001.0,-5.78119506521384,12.516170763259993,1,SHSE.600581,2025-08-14,2025-08-14T09:30:00.000000,4.97,2025-08-15T11:30:00.000000,4.45,-11.176220670637358,1.5,止损卖出
SHSE.600503,华丽家族,2025-08-22,3.1,3.23,3.07,3.15,3.23,-0.024767801857585203,232410349.0,727277196.0,3.55,2.91,false,false,3.04752,14.504886693420044,50.472135,5047213500.0,46.880505,false,false,true,断板,断板,断板,2天2板,19.15826301730648,3.2380000000000004,3.141428571428571,-4.024767801857582,0.2728512960436666,312.9280598429806,false,2.56,0.7205732014432764,0.013591217982221866,0.5647325239352169,0.00353889629067345,0.10417271975177544,0.0006950714169961526,0.004696213166879944,0.45773271818179634,33.55093604796105,2.8217053467363766,0.55,0.8417782954766064,0.29169297630261337,0.5667356358896098,断板,3.1057142857142854,-0.10027855153203336,337.4463725863749,4.001839926402953,0.5528478815147682,0.5258827474066702,0.831100757134537,0.2745950058949993,0.0044304033435609005,1185045737.0,-8.133550933148504,-0.18399264029437257,1,SHSE.600503,2025-08-22,2025-08-22T09:30:00.000000,3.1,2025-08-25T11:30:00.000000,3.14,0.4832283768153237,1.5,未涨停卖出
SZSE.002272,川润股份,2025-08-22,16.39,18.98,16.15,18.98,17.25,0.1002898550724638,127786585.0,2282238800.97,18.98,15.53,false,false,3.49426,33.06311763885473,92.02971154000001,7335634255.04,67.47803346440001,true,false,false,,涨停,6天4板,3天3板,14.86955430583273,17.96,16.889999999999997,-4.985507246376808,12.374185908821811,1785.9768307995707,false,10.42,0.8470148628559677,0.02725020644094706,0.6479657414581385,0.008668994961412992,0.4189916983485148,0.003351681476256532,0.01079004321177287,0.6190833528048172,25.786614827382024,1.9323671124180268,0.5833333333333334,0.9765094156474471,0.38766886379914695,0.682089139723297,断板,16.198571428571427,-0.10015649452269182,1843.2951663294828,6.490872210953359,0.6799264783858534,0.6414981367704103,0.9714618520675598,0.38839110470414706,0.009902318902317273,3388675364.21,-11.083149897055911,1.1817620601464185,1,SZSE.002272,2025-08-22,2025-08-22T09:30:00.000000,16.39,2025-08-25T11:30:00.000000,19.97,20.87172967677792,1.5,未涨停卖出
SZSE.002645,华宏科技,2025-08-22,16.58,17.85,16.58,16.89,17.32,-0.024826789838337193,78928219.0,1346586691.35,19.05,15.59,false,false,5.56602,15.387175952808477,98.2357630851,8663692564.5,47.188057251000004,false,false,false,,未涨停,未涨停,3天3板,14.735751830359169,17.07,16.261428571428574,-4.272517321016178,3.8654133356759934,1706.0903038367048,false,9.51,0.31311232219655455,0.009125852674431733,0.7942975540108362,0.012730082200414002,0.6566448048283587,0.006731560369301762,0.010209679745883877,0.6567646828932368,21.065865035936753,1.739943842504251,0.5666666666666667,0.9730149485536789,0.4014506518525156,0.6872328002030972,断板,15.812857142857142,0.0383693045563549,1749.7851672653762,9.531122956003259,0.6804797335653148,0.7880192415920001,0.9702970297029703,0.3906624374276594,0.009756359874197987,1682493661.59,-5.245510647962659,4.851386755804499,1,SZSE.002645,2025-08-22,2025-08-22T09:30:00.000000,16.58,2025-08-25T11:30:00.000000,18.01,7.759312568783983,1.5,未涨停卖出
SHSE.600816,建元信托,2025-09-19,3.44,3.51,3.22,3.22,3.58,-0.1005586592178771,426371910.0,1414443246.0,3.94,3.22,false,false,29.3525,7.795961928821858,316.9912337788,17610624099.18,97.74545018140002,false,false,true,断板,断板,断板,2天2板,1.4351187364891171,3.3039999999999994,3.1871428571428573,-3.9106145251396685,1.0309278350515483,331.73931322070445,true,2.81,0.09915654360514105,0.0038075484277157075,0.11517406621638805,0.0008874908292383794,0.5046296427921626,0.001231708154197733,0.001574767546421651,0.228807234666871,37.229330274392346,3.5545453281975243,0.48333333333333334,0.5758928571428571,0.0,0.28794642857142855,炸板,3.1328571428571435,0.008450704225352101,373.883858099947,14.272685818513434,0.2590256211180124,0.08805595341429207,0.5180512422360248,0.0,0.0012332433565564334,2475057836.0,-7.992818478929475,9.803921568627437,1,SHSE.600816,2025-09-19,2025-09-19T09:30:00.000000,3.44,2025-09-22T11:30:00.000000,3.25,-6.27605855647178,1.5,未涨停卖出
SHSE.605133,嵘泰股份,2025-09-19,46.88,47.3,44.23,44.4,48.17,-0.07826447996678432,12414826.0,561885201.0,52.99,43.35,false,false,1.34534,5.16436447386425,125.566126848,10673496752.4,37.470967968,false,false,false,,未涨停,未涨停,2天1板,0.0,46.572,45.59571428571429,-2.6780153622586655,-2.6224269198232975,4525.92087073955,false,31.09,0.48302066612693767,0.009417755277229068,0.2075691241610851,0.0038987319962936287,0.14521993616881781,0.0015431356359720473,0.004295857744384242,0.24395467615657546,23.269953527907287,2.229845576349927,0.43333333333333335,0.8402562111801242,0.0,0.4201281055900621,断板,45.42285714285715,-0.008847736625514413,4955.400218429783,6.0479305573027995,0.4202251552795031,0.1627713335372546,0.8404503105590062,0.0,0.0043193329727213466,889990127.0,-5.3961376809745225,3.2079506856208306,1,SHSE.605133,2025-09-19,2025-09-19T09:30:00.000000,46.88,2025-09-22T11:30:00.000000,45.15,-4.457681220510463,1.5,未涨停卖出
SZSE.002249,大洋电机,2025-09-19,10.26,10.36,9.62,9.66,10.6,-0.08867924528301885,295441170.0,2903740983.53,11.66,9.54,false,false,13.7931,16.145754175888584,235.93796346119998,17676236557.98,154.0313636484,false,false,false,,未涨停,未涨停,3天2板,5.059458911610092,10.180000000000001,9.80285714285714,-3.207547169811319,-1.457301078402775,982.84913491576,true,6.86,0.5756086972201729,0.013776442935490336,0.76858862104208,0.007198147777003204,0.48490768436079484,0.0026449139213242452,0.007147836651996944,0.644888355273313,32.2586644094439,2.320408109422367,0.5333333333333333,0.9382763975155279,0.4440825216907944,0.6911794596031612,断板,9.60142857142857,-0.02752293577981657,1087.0929558466971,10.400238059812535,0.6878324310607342,0.7552683475941592,0.9351708074534162,0.4404940546680523,0.0069647662027108185,4647344552.07,-5.619846538248796,6.859098348460058,1,SZSE.002249,2025-09-19,2025-09-19T09:30:00.000000,10.26,2025-09-24T11:30:00.000000,11.3,9.258870948952724,3.5,未涨停卖出
SHSE.600728,佳都科技,2025-08-28,7.7,7.8,7.27,7.42,8.07,-0.080545229244114,393233932.0,2935000635.0,8.88,7.26,false,false,12.2356,18.43918541993718,158.2388651662,15823886516.619999,116.3749769672,false,false,false,,未涨停,未涨停,2天2板,1.7334973417680466,7.515999999999998,7.128571428571429,-4.584882280049567,4.088176352705403,746.3752225227603,true,5.56,0.6484565982747262,0.01635847983681846,0.5848514782874045,0.004572232890472944,0.3107416730002516,0.0017007973516329478,0.006068051618090049,0.515339560698723,39.79154508909372,2.428977213727968,0.5666666666666667,0.8953601242477189,0.3458636844916385,0.6206119043696787,炸板,6.9385714285714295,0.038610038610038755,833.9863585035611,16.3063619518221,0.5974574932616072,0.5599484225452874,0.8722578140166958,0.3226571725065188,0.005578017312198412,4669154684.0,-7.6723507346538655,10.973852172122701,1,SHSE.600728,2025-08-28,2025-08-28T09:30:00.000000,7.7,2025-08-29T11:30:00.000000,7.18,-7.496248771149171,1.5,未涨停卖出
SZSE.002190,成飞集成,2025-08-28,48.99,48.99,46.36,48.26,51.1,-0.05557729941291589,67186094.0,3207789997.78,56.21,45.99,false,false,2.66065,18.72890949988443,173.1227809318,17312278093.18,84.46117728,false,false,false,,未涨停,未涨停,4天4板,19.56724153451813,51.562,48.925714285714285,-4.1291585127201555,-1.3606633964027128,4774.485026291303,true,33.4,0.6563863523541066,0.023009228555619373,0.26209373446369894,0.003640766056575368,0.7487706670889339,0.008587583019452607,0.00899850364524734,0.48695533782935096,22.564050967693667,2.263867437192801,0.48333333333333334,0.9580663948747816,0.25199507575143454,0.6050307353131081,断板,47.26714285714286,-0.0873370244686551,5213.750680008526,8.10892495542056,0.5875024994626934,0.20969762874850276,0.9549602019025432,0.22004479702284374,0.0086763284522487,5361067760.21,-6.036933856760685,3.6449360776135586,1,SZSE.002190,2025-08-28,2025-08-28T09:30:00.000000,48.99,2025-08-29T11:30:00.000000,47.88,-3.0445273407289513,1.5,未涨停卖出
SZSE.002217,ST合力泰,2025-08-28,3.78,4.1,3.6,3.9,3.9,0.0,904959650.0,3487367153.86,4.29,3.51,false,false,5.73031,15.931441879382549,291.696558192,22153315824.899998,125.39247294600001,false,false,true,断板,断板,断板,5天4板,7.249825875703869,3.593999999999999,3.3771428571428572,-3.0769230769230798,15.482233502538065,385.3616184832108,false,2.39,0.7209272768027524,0.02608857676370145,0.41764245598000294,0.005370705277474528,0.5360615575522392,0.0030709631785061898,0.00882435694502941,0.5138251506162237,26.519319038357033,2.0707070278287945,0.48333333333333334,0.9563191613278975,0.28522068417951507,0.6207699227537062,炸板,3.1942857142857144,0.048387096774193505,397.87929066933094,22.093023255813947,0.6041448342781123,0.40949602009864916,0.9376820034944671,0.27060766506175743,0.007714307658902038,4520870611.21,-4.9963119809249505,18.336314847942738,1,SZSE.002217,2025-08-28,2025-08-28T09:30:00.000000,3.78,2025-08-29T11:30:00.000000,3.52,-7.620312401188888,1.5,未涨停卖出
SZSE.002272,川润股份,2025-08-28,18.58,19.69,18.04,19.42,19.23,0.009880395215808635,126292049.0,2377515019.28,21.15,17.31,false,false,3.49426,32.67642587787291,94.16317166,7505691108.160001,69.0423292876,false,false,true,断板,断板,断板,8天5板,47.602685910503574,19.686,19.264285714285712,-3.3801352054082274,0.8083055246570446,1882.5532075103163,false,10.75,0.8755975585989264,0.02941205768190609,0.6817088185416957,0.01116339967076359,0.4768397130671858,0.004515015775242643,0.012818616104335805,0.6590258349107889,23.621491991966472,1.8233788063433403,0.6,0.9862162686856921,0.40547393384003977,0.6958451012628659,断板,19.064285714285713,-0.10014038371548906,1993.836358437866,0.8692394155114356,0.6877754000680331,0.6618631408608354,0.9850514463211028,0.3904993538149633,0.01257530751638187,3691476382.75,-6.812813793018169,-2.540277257399781,1,SZSE.002272,2025-08-28,2025-08-28T09:30:00.000000,18.58,2025-08-29T11:30:00.000000,17.82,-4.854639568743322,1.5,未涨停卖出
SHSE.603068,博通集成,2025-09-01,46.7,50.5,45.2,46.0,47.93,-0.040267056123513445,23567650.0,1110272304.0,52.72,43.14,false,false,1.01717,15.667379309894608,69.19548436,6919548436.0,41.81402438,false,false,true,断板,断板,断板,2天2板,4.738558491680164,44.34,42.598571428571425,-2.5662424368871206,7.984841879338685,4711.001325970133,false,33.6,0.7376828543994561,0.015091324012021548,0.5385745510110267,0.0038401540268842614,0.14938585395280807,0.0009643817461583023,0.005227656339693932,0.46163960257124703,41.23957994494925,2.6081217593881743,0.65,0.856338575033974,0.30875158966961064,0.5825450823517924,炸板,41.371428571428574,0.02611860415328615,4957.633645242991,15.852900552486183,0.5531259387747567,0.5035490770147907,0.8221704523393516,0.2840814252101618,0.004668863606743971,1905178106.0,-5.80183341136925,12.879834254143653,1,SHSE.603068,2025-09-01,2025-09-01T09:30:00.000000,46.7,2025-09-02T11:30:00.000000,43.4,-7.80688807937417,1.5,未涨停卖出
SZSE.000061,农产品,2025-09-01,8.4,9.11,7.99,8.35,8.77,-0.04789053591790193,133217259.0,1103239813.3,9.65,7.89,false,false,22.0847,7.8504725012108105,141.6965049385,14169390600.099998,48.5999272595,false,false,true,断板,断板,断板,2天2板,3.622409976272216,8.034,7.694285714285714,-4.2189281641961145,8.522094318603788,828.1508128762805,false,6.4,0.5857832003771596,0.012302517750567983,0.34314846523754966,0.002353416778891804,0.14377360566291514,0.0006270862626901344,0.0038253378183665393,0.3318629543930813,42.88022094739604,3.069536329620524,0.5833333333333334,0.761211415259173,0.2387435037117517,0.49997745948546235,炸板,7.4799999999999995,0.04033214709371302,903.3037771967437,17.245989304812838,0.3527470394098233,0.2976396642169104,0.7054940788196467,0.0,0.0032768538000542613,1209951724.93,-7.008027509106263,12.299465240641716,1,SZSE.000061,2025-09-01,2025-09-01T09:30:00.000000,8.4,2025-09-02T11:30:00.000000,8.0,-5.520774046670472,1.5,未涨停卖出
SZSE.002232,启明信息,2025-09-02,22.97,23.44,21.73,22.5,24.14,-0.06793703396851702,70976500.0,1586201226.29,26.55,21.73,false,false,3.16707,17.372847487576472,91.923402375,9192340237.5,40.7044647,false,false,false,,未涨停,未涨停,3天3板,11.035224940454123,23.950000000000003,22.930000000000003,-4.846727423363719,-1.8752725686873233,2234.825930117715,true,17.72,0.6358248485225864,0.016538543318556784,0.40706906702976936,0.0033804118305996783,0.1146880217572612,0.0008473827243848184,0.005252129396326642,0.3651059097465803,34.12641513237543,2.4359860998292664,0.6,0.8633275092215104,0.20691304390210508,0.5351202765618077,断板,22.441428571428577,0.015138772077375906,2424.601109068398,7.568909542300566,0.5131460877225145,0.3714465370661276,0.8406134731120171,0.18567870233301198,0.004948567855441551,1813463548.55,-5.262767083259567,2.355337704500582,1,SZSE.002232,2025-09-02,2025-09-02T09:30:00.000000,22.97,2025-09-03T11:30:00.000000,21.21,-8.397927662445545,1.5,未涨停卖出
SZSE.002364,中恒电气,2025-08-21,21.35,22.49,20.92,21.7,22.47,-0.034267912772585674,109173338.0,2356495711.18,24.72,20.22,false,false,6.67702,19.56147688379666,122.29359632,12110851592.0,71.63602763099999,false,false,true,断板,断板,断板,3天3板,13.518595239948453,22.496,21.497142857142855,-4.98442367601245,0.9436469962785835,2158.490117046709,false,14.86,0.7485637033854504,0.020985629781329715,0.48225108165027847,0.005283808134134333,0.11007402404679262,0.0011629019410429357,0.0071879006056459905,0.42386048871626714,26.68506935384919,2.274134738811344,0.5166666666666667,0.9365171811298777,0.2317252527704228,0.5841212169501503,断板,21.109999999999996,-0.10012014417300763,2260.648944925552,6.442444339175761,0.5721551769025753,0.4378417178704786,0.930110658124636,0.2141996956805147,0.006869628386799862,1208304450.1,-5.558091857101221,1.1369019422075022,1,SZSE.002364,2025-08-21,2025-08-21T09:30:00.000000,21.35,2025-08-22T11:30:00.000000,22.54,4.732545228920346,1.5,未涨停卖出
SZSE.002256,兆新股份,2025-09-04,3.35,3.38,3.17,3.17,3.52,-0.09943181818181823,256912006.0,821531975.35,3.87,3.17,false,false,15.2635,13.167590369771235,62.9601747679,6184966543.99,46.443240369899996,false,false,true,断板,断板,断板,5天4板,8.25813798101809,3.468,3.275714285714286,-4.829545454545452,-3.227213257740955,319.77173357558075,true,2.24,0.696496697303866,0.02622706180057486,0.2993413165976068,0.0042708288744678045,0.19185378914567386,0.0014076478709379098,0.0078031211586302475,0.34652613450327874,27.600440124690092,2.2415729834613694,0.5166666666666667,0.9503009124441856,0.17355279491068504,0.5619268536774353,断板,3.1771428571428575,-0.09511568123393321,368.3564005645687,10.791366906474808,0.5465696431856022,0.259182467292722,0.9376820034944671,0.15545728287673727,0.007437751199745491,2412485982.04,-9.055469244852077,5.440647482014382,1,SZSE.002256,2025-09-04,2025-09-04T09:30:00.000000,3.35,2025-09-05T09:30:00.000000,2.9,-14.12261402152584,1.0,大幅低开卖出
SHSE.603200,上海洗霸,2025-09-10,101.0,106.38,99.01,104.11,106.3,-0.020602069614299112,23533439.0,2411932301.0,116.93,95.67,false,false,2.45774,13.410887387044673,182.69233523329999,18269233523.329998,88.4944932094,false,false,true,断板,断板,断板,2天2板,9.927696475081282,97.02799999999999,93.84142857142857,-4.985888993414861,10.942471342233866,10248.958093205163,false,57.8,0.8206567978353212,0.024994663884670622,0.8838898274386642,0.013231264661206143,0.7969784954546965,0.009115355988081964,0.014349171903961785,0.8451698219228053,22.351711580039517,1.4798392279333101,0.6333333333333333,0.9941770186335404,0.4605292830910352,0.7273531508622878,炸板,90.57857142857144,0.058448670715921525,10632.051345864124,17.35667534106142,0.7264861224118427,0.895544442582137,0.992234517569404,0.4607377272542815,0.013679472892384317,3069524789.0,-5.004220997024178,11.505401782193815,1,SHSE.603200,2025-09-10,2025-09-10T09:30:00.000000,101.0,2025-09-11T11:30:00.000000,108.84,6.903711885132731,1.5,未涨停卖出
SZSE.002709,天赐材料,2025-09-10,27.62,28.89,27.62,27.78,28.91,-0.039086821169145636,192311870.0,5403946688.8,31.8,26.02,false,false,14.515,13.886290224102336,531.8048134818,38472649371.3,326.18130380580004,false,false,true,断板,断板,断板,2天2板,10.138905128976809,26.666000000000007,25.267142857142865,-4.462123832583878,9.945157460281534,2809.9912339264342,false,18.66,0.6901805383958318,0.018232322378973733,0.6280356573555391,0.005527797010529078,0.4163441670422196,0.002125803434980262,0.0070481040115533645,0.5769571864696018,35.12090324403032,2.163610672510878,0.5833333333333334,0.9429347826086957,0.4004253791020021,0.6716800808553489,断板,24.425714285714296,0.031763026409707296,2947.8528899169373,18.358872382734774,0.6596235050256107,0.6358304995845563,0.9270044651523975,0.39224254489882393,0.006375239499943641,8219673256.46,-6.304686728182496,13.077552930167236,1,SZSE.002709,2025-09-10,2025-09-10T09:30:00.000000,27.62,2025-09-11T11:30:00.000000,28.52,2.435731368515805,1.5,未涨停卖出
SZSE.002115,三维通信,2025-09-15,12.98,13.37,12.53,12.76,13.53,-0.05691056910569103,245166969.0,3149038974.49,14.88,12.18,false,false,6.24044,0.0,103.4824939632,9598014988.32,86.6662998652,false,false,false,,未涨停,未涨停,3天2板,44.994299301421535,13.37,12.865714285714287,-4.065040650406496,-0.8216744392627219,1284.4466721330637,false,8.16,0.897629888488219,0.028382507119142534,0.41213896197076444,0.006035125302313121,0.4065819575249976,0.002946657780521617,0.009578061409141553,0.5075700459405252,27.14174738001238,2.2197308924319823,0.5666666666666667,0.9759316770186336,0.311911599439302,0.6439216382289679,断板,12.757142857142858,-0.047183098591549344,1378.1719455612279,6.058230683090693,0.5984767908672615,0.3752688274815133,0.9213853765805388,0.2755682051539842,0.009418454476215038,4158727134.19,-5.817267273466353,1.7469204927211601,1,SZSE.002115,2025-09-15,2025-09-15T09:30:00.000000,12.98,2025-09-16T11:30:00.000000,12.26,-6.299608960153226,1.5,未涨停卖出
SHSE.603686,福龙马,2025-09-26,23.69,23.77,21.95,21.95,24.39,-0.10004100041000419,94440704.0,2152834013.0,26.83,21.95,false,false,3.3,22.733219112195748,91.186973678,9118697367.8,66.97669986550001,false,false,false,,未涨停,未涨停,4天4板,14.224694059705847,25.368,24.425714285714292,-2.8700287002869995,-10.135688384606414,2279.5615892486358,true,17.29,0.5609074951847455,0.018299919052663493,0.6518495788564305,0.00647787947136384,0.8262559110306128,0.005146697408417671,0.00844293276873992,0.6859830617743482,24.051231553586035,2.172811012696756,0.48333333333333334,0.9550038789759504,0.4278519602900306,0.6914279196329904,断板,24.020000000000007,-0.09999999999999998,2525.1537557925762,1.5403830141548451,0.6957867156846191,0.6462395174008907,0.9567410281280311,0.4348324032412071,0.008627745457820576,3565062525.0,-6.183930599646348,-1.3738551207327476,1,SHSE.603686,2025-09-26,2025-09-26T09:30:00.000000,23.69,2025-09-29T11:30:00.000000,21.88,-8.376288009633072,1.5,未涨停卖出
SHSE.600105,永鼎股份,2025-10-15,14.68,15.57,14.6,14.84,15.08,-0.01591511936339529,194836759.0,2922163856.0,16.59,13.57,false,false,11.3501,13.326775083841918,216.9600286168,21696002861.68,160.1035735684,false,false,true,断板,断板,断板,3天2板,12.293854550927467,15.0,14.314285714285715,-2.6525198938992065,3.672654690618757,1499.8011006742315,false,9.62,0.7695479684360303,0.021753886113797968,0.7096774167265104,0.00810638041895621,0.7999154956379176,0.005554674339876624,0.010070369734200686,0.7487229507418365,25.45972424947086,2.0928481368774072,0.55,0.9806051202482544,0.4675262423057925,0.7240656812770234,断板,13.964285714285714,-0.0725707257072572,1553.3637687729372,7.9897698209718735,0.7178066009441433,0.6954686283981176,0.9736229635376261,0.46199023835066033,0.009638563785746729,4984418081.0,-5.495413919713698,5.125319693094643,1,SHSE.600105,2025-10-15,2025-10-15T09:30:00.000000,14.68,2025-10-16T11:30:00.000000,14.51,-1.9456235005482188,1.5,未涨停卖出
SZSE.002067,景兴纸业,2025-09-22,6.22,6.73,5.99,6.09,6.44,-0.05434782608695665,449585367.0,2796823677.25,7.08,5.8,false,false,2.78974,37.232357334737145,81.8960359455,7353751094.55,70.82441594550001,false,false,true,断板,断板,断板,3天3板,1.2724646519427252,6.4239999999999995,6.108571428571428,-3.416149068322991,-0.30402245088866836,622.0895701994679,false,4.15,0.8308503643800398,0.02512222098129937,0.5637408164289632,0.00639740915051981,0.6735351082930272,0.003980418448457126,0.009417274306056916,0.6501010135783977,25.181887985231704,1.9353233456298113,0.5,0.9714673913043478,0.41137170721975685,0.6914195492620523,断板,5.979999999999999,-0.1005586592178771,713.897997917504,7.692307692307724,0.6886190962068299,0.5496850705560401,0.9720496894409938,0.405188502972666,0.009281997952301812,4579295081.04,-12.872707051368348,4.013377926421424,1,SZSE.002067,2025-09-22,2025-09-22T09:30:00.000000,6.22,2025-09-23T11:30:00.000000,5.7,-9.090326795711047,1.5,未涨停卖出
SHSE.603156,养元饮品,2025-10-10,30.15,34.42,30.15,34.42,31.29,0.10003195909236196,37766500.0,1254870110.0,34.42,28.16,false,false,3.8565,2.996681129528255,433.7875382172,43378753821.72,175.51187286240003,true,false,false,,涨停,7天4板,3天3板,1.0003069038205827,30.724000000000007,28.921428571428567,-3.6433365292425712,19.01210175351941,3322.706922801954,false,20.83,0.5892492593118409,0.022241164807325013,0.25249079962447607,0.0034053158849922994,0.01385015112331625,-0.0003193721511775729,0.006055079258607881,0.2482502970116011,34.13122985858178,2.5327446010470425,0.55,0.9055652511149893,0.0,0.45278262555749466,炸板,27.024285714285707,0.061757719714964354,3176.541481858836,15.784743881165117,0.4253441923598992,0.22369488823171788,0.8506883847197984,0.0,0.004659831260741926,1042201215.0,-5.085451670673791,11.566316012052669,1,SHSE.603156,2025-10-10,2025-10-10T09:30:00.000000,30.15,2025-10-13T11:30:00.000000,31.59,3.9412499256704625,1.5,未涨停卖出
SHSE.605358,立昂微,2025-09-29,31.08,34.25,31.0,33.15,32.71,0.013451543870375948,73557523.0,2387603474.0,35.98,29.44,false,false,1.51395,10.956397983902454,222.557805132,22255780513.2,164.751920463,false,false,true,断板,断板,断板,3天3板,5.93387018988945,33.056,31.32714285714287,-4.983185570162037,5.818778786082306,3245.8997756082676,false,23.91,0.6596009777662056,0.017242951477091446,0.5509201527483414,0.0042620219142033705,0.37739588581303946,0.0016524893444515131,0.006075348055855428,0.5205990376713237,32.40945831591191,2.668135024258423,0.6333333333333333,0.9053529868114818,0.3753008054570598,0.6403268961342707,断板,30.337142857142872,-0.09988992845349487,3365.8995095288656,7.8216236579392975,0.6208981102573826,0.5420218819935404,0.8840186190845617,0.3577776014302036,0.005408073849404645,2862829981.0,-7.6621274283071195,2.4486720663024375,1,SHSE.605358,2025-09-29,2025-09-29T09:30:00.000000,31.08,2025-09-30T11:30:00.000000,33.39,6.576397114245711,1.5,未涨停卖出
SZSE.001330,博纳影业,2025-09-29,6.21,6.51,6.17,6.47,6.42,0.007788161993769416,69347407.0,440748962.62,7.06,5.78,false,false,1.0,6.508517548012193,88.9313782648,6893700754.13,52.648961889700004,false,false,false,,未涨停,未涨停,4天2板,4.129283122848937,6.382000000000001,6.314285714285715,-3.2710280373831773,2.466063348416275,635.5666083088009,false,4.67,0.8114264133416096,0.010951319083821248,0.7843324441460803,0.005456445494963331,0.7180878788504014,0.0026832752710985617,0.005723469145575483,0.7698778683964824,28.614495781651563,2.825910851316365,0.48333333333333334,0.8946858029480217,0.4976624605954281,0.6961741317717249,断板,6.201428571428571,-0.0092592592592593,666.7187626749082,3.524533517622672,0.6935312605773962,0.7744917649020379,0.8894491854150505,0.4976133357397421,0.005533855551380538,704399386.96,-6.857278545976775,0.13821700069109877,1,SZSE.001330,2025-09-29,2025-09-29T09:30:00.000000,6.21,2025-09-30T11:30:00.000000,6.48,3.5163693053871485,1.5,未涨停卖出
SZSE.002925,盈趣科技,2025-09-25,20.2,21.25,19.76,19.92,21.25,-0.06258823529411761,63486393.0,1291103522.56,23.38,19.13,false,false,2.10634,8.623821733637946,154.86640337280002,14664599844.720001,49.175547043200005,false,false,true,断板,断板,断板,2天2板,6.182038048357737,20.00600000000002,19.361428571428558,-4.941176470588238,2.88497011731728,2033.6696755791434,false,16.82,0.30578899503121226,0.00644960838144791,0.3243772011130949,0.0018649652608176762,0.7449575297139217,0.002277830726579662,0.0029057535246723187,0.44683365847696643,38.408603105397155,3.301255121142666,0.5166666666666667,0.7280310378273521,0.37001270288438304,0.5490218703558676,炸板,19.058571428571415,-0.012546468401486988,2240.89313169991,11.498388426654751,0.5195652458047697,0.30168182568732893,0.6893071996895013,0.3498232919200381,0.0024744776266519106,1961382609.82,-9.857370196513738,5.9890562926318,1,SZSE.002925,2025-09-25,2025-09-25T09:30:00.000000,20.2,2025-09-26T11:30:00.000000,19.31,-5.167646246696386,1.5,未涨停卖出
SHSE.600748,上实发展,2025-10-20,6.01,6.88,5.9,6.67,6.25,0.06719999999999993,185405751.0,1213338701.0,6.88,5.63,false,false,6.69126,10.051473539022057,123.03234489639999,12303234489.64,48.6046779272,false,true,false,,炸板,4天2板,2天2板,1.989299912686306,5.743999999999999,5.508571428571428,-3.840000000000003,21.08402489626557,654.4234439631811,false,3.86,0.6643373956703265,0.017701405046157206,0.8163079847948711,0.008631997989025182,0.7172738020206985,0.004737124920934209,0.009277417480024294,0.7562036121377104,26.369583550323043,1.921787672564527,0.5,0.9792515028117122,0.4743934052999526,0.7268224540558325,炸板,5.268571428571428,0.08131487889273359,632.4452201627721,18.627982646420843,0.7234552298209613,0.8626830809546097,0.96528989722707,0.4816205624148527,0.008143603468804193,1048142236.0,-4.97200692807499,14.072668112798281,1,SHSE.600748,2025-10-20,2025-10-20T09:30:00.000000,6.01,2025-10-22T11:30:00.000000,7.82,29.07968790395819,2.5,未涨停卖出
SHSE.603026,石大胜华,2025-10-13,47.0,54.04,46.26,54.04,49.13,0.09993893751272132,12198302.0,631011362.0,54.04,44.22,false,false,1.07841,6.018503059009276,125.7516279656,10952827200.0,68.21164576519999,true,false,false,,涨停,5天3板,2天2板,6.68447996842313,51.03199999999998,48.60285714285715,-4.335436596784048,11.186879078243479,5172.944250765393,false,36.17,0.4624048588965674,0.010384454234154095,0.5784981522661736,0.004396476437625416,0.6466161964917242,0.0023952593204717575,0.004993706861785054,0.5757149068599176,32.306219515796165,2.914424027009655,0.5166666666666667,0.8758968392476246,0.4269827475608937,0.6514397934042592,断板,46.96,-0.07476459510357814,4993.911264005231,4.620954003407158,0.6379214655160516,0.5792586698176945,0.844289315493504,0.4315536155385991,0.004355197645052336,717022733.0,-5.885392199970873,0.08517887563883608,1,SHSE.603026,2025-10-13,2025-10-13T09:30:00.000000,47.0,2025-10-14T15:00:00.000000,57.6,21.576672035263204,2.0,未涨停卖出
SHSE.603077,和邦生物,2025-10-13,2.16,2.25,2.15,2.24,2.25,-0.004444444444444362,350909864.0,772534961.0,2.48,2.03,false,false,14.3833,3.9734477754615414,197.8226819072,19782268190.72,113.6336836768,false,false,true,断板,断板,断板,2天1板,8.748820984703313,2.1619999999999995,2.09,-3.999999999999994,7.177033492822985,220.15196500717346,false,1.88,0.281483004535019,0.005241164388417142,0.44812142828995233,0.001968964965145325,0.7472231357201954,0.0015847391117736768,0.002508137093788194,0.5045242557680386,44.74640585573661,3.9830506888106925,0.48333333333333334,0.725615668024045,0.46737714357279436,0.5964964057984197,断板,2.0428571428571423,-0.017467248908296984,227.53715850045293,10.139860139860172,0.568564585153372,0.4360952369654046,0.6858638743455497,0.45126529596119425,0.002188607331128953,1359667001.0,-5.070450284466377,5.734265734265764,1,SHSE.603077,2025-10-13,2025-10-13T09:30:00.000000,2.16,2025-10-14T11:30:00.000000,2.26,3.7959274015050766,1.5,未涨停卖出
SZSE.000923,河钢资源,2025-10-13,18.04,18.97,18.01,18.57,18.97,-0.021085925144965656,46678293.0,862306691.1,20.87,17.07,false,false,1.86007,7.434016936360995,121.21176805770001,11660128143.78,69.761127918,false,false,true,断板,断板,断板,2天2板,7.889055133332297,18.285999999999994,17.547142857142852,-4.902477596204532,5.829194822111896,1847.3398140330453,false,14.02,0.39981360221754025,0.008892259449416792,0.5736690327116758,0.003514229035704504,0.660918344640802,0.0019797253427158885,0.004129484010550377,0.5650727401915865,39.322264384603045,3.1669290335638696,0.55,0.8345937560597246,0.45670764426415456,0.6456507001619396,断板,17.081428571428567,-0.037055837563451766,1947.1452588329382,11.05628502132644,0.6257512149429727,0.5564052544516482,0.8099670350979251,0.4415353947880203,0.003758509251712983,1363941977.1,-7.351544944250088,5.611775528978868,1,SZSE.000923,2025-10-13,2025-10-13T09:30:00.000000,18.04,2025-10-14T11:30:00.000000,18.24,0.30300085688290224,1.5,未涨停卖出
SZSE.002310,东方新能,2025-10-13,2.65,2.72,2.62,2.7,2.72,-0.007352941176470562,126591409.0,339140689.68,2.99,2.45,false,false,46.6098,3.0147632805463163,161.98169715900002,11337434235.900002,71.55113219100001,false,false,true,断板,断板,断板,2天1板,5.443356911794336,2.6700000000000004,2.61,-2.5735294117647163,3.4482758620689773,267.9018207941741,false,2.19,0.30345527520147664,0.005881436067957358,0.7347816013991935,0.004461397869196603,0.4772880728834925,0.0015804200647100176,0.0038811121676027784,0.5712682776049398,38.40823032990183,3.440476072107429,0.4166666666666667,0.8217956176071359,0.4679684397661391,0.6448820286866375,断板,2.575714285714285,-0.042253521126760396,278.5268186167073,5.601774819744899,0.6336526900142978,0.7117533582253958,0.8117122357960054,0.45559314423259023,0.003793391153781032,663956555.74,-4.856558762954233,2.88408208541322,1,SZSE.002310,2025-10-13,2025-10-13T09:30:00.000000,2.65,2025-10-14T11:30:00.000000,2.77,3.6954070510411388,1.5,未涨停卖出
SHSE.603232,格尔软件,2025-10-28,19.51,22.21,19.51,22.21,20.19,0.10004952947003454,83230035.0,1781198374.0,22.21,18.17,false,false,3.55944,35.98358702947659,52.004713889499996,5137172888.95,35.99118773120001,true,false,false,,涨停,4天3板,2天2板,9.18719475112829,19.107999999999997,18.37571428571428,-3.368003962357601,20.866049910596317,2140.090862631501,false,14.04,0.7240013287739303,0.018559572565739608,0.030344781410009233,0.000823625475200997,0.21798498571913794,0.0012168788314881778,0.004488790900194874,0.22536815217553208,32.10615332205294,2.7184821782405266,0.48333333333333334,0.9015885315769082,0.0,0.4507942657884541,炸板,17.568571428571424,0.039114770972722646,2046.2431663407358,14.921125386241702,0.4244039542547005,0.00023481515415621018,0.848807908509401,0.0,0.0032596482774886757,1760518621.0,-4.654538028882338,11.050577329647137,1,SHSE.603232,2025-10-28,2025-10-28T09:30:00.000000,19.51,2025-10-29T15:00:00.000000,23.5,19.491281414577447,2.0,未涨停卖出
SZSE.002512,ST达华,2025-10-30,4.94,5.48,4.7,5.1,5.19,-0.017341040462427904,388728442.0,1946469069.82,5.71,4.67,false,false,6.93242,35.51809667572911,56.737328231999996,5581704088.2,40.297190336999996,false,false,true,断板,断板,断板,4天4板,12.414132512235245,5.0120000000000005,4.684285714285715,-4.816955684007707,8.874656907593753,500.7272068401931,true,3.5,0.538600969348473,0.018811910729195382,0.013585273801368775,0.0005874121868188623,0.4809810764245341,-0.002277613994277503,0.003372804040965257,0.2588071536977392,31.12046852044018,2.521739066843102,0.4666666666666667,0.8603254552499031,0.0,0.43016272762495156,断板,4.475714285714287,-0.03888888888888886,540.221588335287,15.959144589849963,0.39345215032932973,0.000010913880504822911,0.7869043006586595,0.0,0.0024361667951890223,2370757200.26,-8.556042433942812,10.373443983402474,1,SZSE.002512,2025-10-30,2025-10-30T09:30:00.000000,4.94,2025-10-31T11:30:00.000000,4.78,-4.00987144539253,1.5,未涨停卖出
SHSE.600078,澄星股份,2025-10-16,8.57,9.42,8.42,9.33,8.96,0.041294642857142794,133202528.0,1181130660.0,9.86,8.06,false,false,5.96009,20.103830965693597,61.8180479313,6181804793.13,35.9800484451,false,false,true,断板,断板,断板,4天4板,3.196706429845758,9.085999999999999,8.521428571428572,-4.352678571428577,9.488683989941315,886.7179007293315,false,6.21,0.5805186325444834,0.020446188274499465,0.39650293881297194,0.004320767863939802,0.6612576162531448,0.0031136399321471738,0.007183713566513946,0.512732480791326,31.249860626163823,2.1603959929308507,0.5,0.9468580294802172,0.3708446149524188,0.658851322216318,炸板,8.141428571428571,-0.09677419354838701,995.5631581761993,10.054395507983866,0.6379819167451968,0.38121555077479824,0.9251357641582623,0.3508280693321312,0.006242451195270048,1383195729.0,-13.918068084202428,5.264081417792599,1,SHSE.600078,2025-10-16,2025-10-16T09:30:00.000000,8.57,2025-10-20T11:30:00.000000,10.01,15.872100861431756,2.5,未涨停卖出
SHSE.603690,至纯科技,2025-10-16,35.51,36.8,34.3,34.57,37.0,-0.06567567567567567,80655925.0,2853814079.0,40.7,33.3,false,false,1.23458,21.060954123002343,132.625955505,13239074122.5,91.297752124,false,false,true,断板,断板,断板,2天2板,17.142359502225077,36.431999999999995,34.85285714285714,-4.0270270270270325,-0.8115751936713431,3538.2572067706124,false,25.38,0.7042869462531728,0.01674944338118128,0.6561978090711903,0.0052925981420733695,0.31219433833545,0.001605023455145711,0.006477694783816655,0.5626145952868646,28.929936642694287,2.5065095465975324,0.6166666666666667,0.9358029480217223,0.40277648528870835,0.6692897166552153,断板,34.04571428571428,-0.08483799159040317,3746.7135538781017,8.677408526351133,0.6617125629786673,0.6428479319474758,0.9294026377036463,0.39402248825368835,0.006410552804054006,4518133512.0,-5.223605996661396,4.300939912722401,1,SHSE.603690,2025-10-16,2025-10-16T09:30:00.000000,35.51,2025-10-17T11:30:00.000000,35.69,-0.2939523236257857,1.5,未涨停卖出
SZSE.002213,大为股份,2025-10-31,26.02,28.32,25.26,28.02,26.97,0.03893214682981094,83552152.0,2262994915.0,29.67,24.27,false,false,2.10387,40.458135251757206,66.531506184,5786552653.68,46.63217432100001,false,false,false,,未涨停,未涨停,6天4板,21.541591605967145,27.082,25.685714285714287,-3.522432332220984,9.087875417130139,2708.48190122021,false,16.8,0.735669510192106,0.020343109393366126,0.4792748992152138,0.0055996649800951585,0.568318338218852,0.003328114342918644,0.007866888671596397,0.5572668531116838,24.826249637084885,2.250191227101665,0.5166666666666667,0.9711352189074002,0.4018379791170356,0.6864865990122179,断板,24.692857142857147,0.010112359550561889,2749.041439835292,9.221868672259163,0.678511220893959,0.46077411234770627,0.9664858581944983,0.39053658359341964,0.007257730568843268,2445668167.72,-5.34882587452381,5.374602256291561,1,SZSE.002213,2025-10-31,2025-10-31T09:30:00.000000,26.02,2025-11-03T11:30:00.000000,27.52,4.922048929569957,1.5,未涨停卖出
SHSE.601929,吉视传媒,2025-11-07,4.3,4.54,4.2,4.23,4.44,-0.04729729729729726,588632866.0,2556128939.0,4.88,4.0,false,false,2.20056,16.867295023736236,147.6180395064,14761803950.640001,97.03397903850001,false,false,true,断板,断板,断板,3天3板,23.18840366167845,4.43,4.195714285714287,-3.1531531531531654,0.8171603677221538,434.2484231928701,false,3.48,0.4519508538380671,0.011533726684605883,0.006177868906028863,-0.0009021190697150285,0.5952973752644323,0.009617018715143408,0.004740791416606684,0.2720683177999575,15.401014697085884,1.6209476046479814,0.55,0.9097773475314618,0.0,0.4548886737657309,断板,4.114285714285715,-0.09939148073022297,453.82207319971775,7.916666666666663,0.45749419054996127,0.00035144798158563375,0.9149883810999225,0.0,0.0048157501810076305,4334922430.0,-5.249209901086971,4.513888888888862,1,SHSE.601929,2025-11-07,2025-11-07T09:30:00.000000,4.3,2025-11-10T11:30:00.000000,4.51,4.04799407023072,1.5,未涨停卖出
SHSE.603169,兰石重装,2025-11-07,10.21,11.72,10.2,11.72,10.65,0.10046948356807506,264648979.0,3036079917.0,11.72,9.59,false,false,1.62854,20.25956064373911,153.09739872560002,15309739872.560001,69.792262464,true,false,false,,涨停,7天4板,4天3板,11.387580648347607,10.613999999999997,10.14857142857143,-4.131455399061028,15.484234234234231,1147.2101379238647,false,7.6,0.536055006045949,0.014896781555918557,0.4403465696768446,0.003800770051321649,0.07692457947312263,0.0006162544984126953,0.0050646176863683445,0.3504616598895489,30.46399988487315,2.6515836400982797,0.55,0.9208131655372701,0.2672960611459678,0.5940546133416189,断板,9.677142857142858,0.006616257088846833,1079.3494158507174,10.05314437555358,0.565610928885829,0.43914043573653005,0.8801316808675446,0.25109017690411334,0.0038911953379086855,2257546655.0,-5.405980213064532,5.506347800413347,1,SHSE.603169,2025-11-07,2025-11-07T09:30:00.000000,10.21,2025-11-10T11:30:00.000000,11.02,7.073371548087737,1.5,未涨停卖出
SHSE.603686,福龙马,2025-11-07,29.9,33.34,29.51,31.9,30.87,0.03336572724327813,138845026.0,4393999260.0,33.96,27.78,false,false,3.3,33.421970241735124,132.52229887599998,13252229887.599998,98.93718488500001,false,false,false,,未涨停,未涨停,5天3板,25.01026393340243,32.194,31.434285714285718,-3.142209264658252,1.481548809307383,3164.678913308713,false,19.21,0.6727654428781606,0.01909457038337439,0.7311725168193162,0.009359979177245868,0.7701198988864696,0.0060690221697734595,0.01031961031622985,0.7311753166512311,19.625944735532936,1.8921011516027324,0.5,0.9854791868344628,0.44534275269327656,0.7154109697638696,断板,30.530000000000005,-0.09999999999999987,3180.501022625429,1.1136586963642197,0.714174540670365,0.7220382904488928,0.9847017815646786,0.44364729977605133,0.009944864285934758,3146381530.0,-5.9896545000377,-2.063544055027866,1,SHSE.603686,2025-11-07,2025-11-07T09:30:00.000000,29.9,2025-11-10T11:30:00.000000,31.54,4.6444323042279105,1.5,未涨停卖出
SHSE.603978,深圳新星,2025-11-11,34.0,38.41,33.6,36.88,34.92,0.056128293241695326,58297731.0,2110342982.0,38.41,31.43,false,false,2.01657,27.616913993494443,77.85157747120002,7785157747.120001,48.426126708000005,false,true,false,,炸板,4天2板,2天2板,4.923359630853886,33.624,32.08571428571429,-2.6345933562428456,14.942119323241315,3619.9401688549424,false,21.08,0.8556969429825577,0.029854526069970074,0.7570225414821061,0.011205349411638773,0.6596391253113943,0.005413802652410048,0.013197720715536416,0.7475423969309829,26.12121937586867,1.6679586285098889,0.5833333333333334,0.9918667699457785,0.46613820147764173,0.7290024857117101,炸板,30.610000000000003,-0.008236296506674234,3618.53678786817,14.08036589349885,0.7284894903016842,0.7615610382177872,0.9901258470474347,0.4668531335559337,0.012016736387452764,1710989369.0,-6.039368968165704,11.074812152891212,1,SHSE.603978,2025-11-11,2025-11-11T09:30:00.000000,34.0,2025-11-12T11:30:00.000000,34.21,-0.18408718068901375,1.5,未涨停卖出
SZSE.002387,维信诺,2025-11-13,9.8,10.0,9.43,9.66,10.1,-0.04356435643564349,81037740.0,782091745.28,11.11,9.09,false,false,3.55798,5.809172218023514,134.9304977538,13475664673.380001,80.7139665528,false,false,true,断板,断板,断板,2天2板,0.557263933988679,9.56,9.248571428571429,-2.9702970297029596,4.448563484708059,965.0957014349117,false,8.25,0.3269567398262454,0.006358177322493762,0.5469742787285059,-0.003137677428505024,0.009511528446667626,-0.00015869520288229138,-0.0003448118106184469,0.3417319458635023,36.68979207053561,3.7227721386373944,0.31666666666666665,0.2761425251742835,0.3257494062629942,0.30094596571863885,炸板,9.078571428571431,-0.014634146341463428,1055.4741588262766,11.250983477576678,0.2740231321908922,0.5827066826168983,0.21824167312161116,0.3298045912601732,-0.0006484761089209114,1404556636.95,-7.150734880161014,7.946498819826897,1,SZSE.002387,2025-11-13,2025-11-13T09:30:00.000000,9.8,2025-11-14T11:30:00.000000,9.84,-0.39190178063259257,1.5,未涨停卖出
SHSE.600172,黄河旋风,2025-10-24,7.53,7.9,6.96,6.96,7.73,-0.09961190168175948,418283823.0,2985525554.0,8.5,6.96,false,false,8.60261,32.774294885644984,100.37603952959999,8882740020.0,54.776404567200004,false,false,true,断板,断板,断板,3天3板,17.213616863234506,7.161999999999999,6.861428571428571,-2.5873221216041418,1.4366021236727073,713.7559211798635,true,4.44,0.8244102538096184,0.02441645974205137,0.5227424148075532,0.0061978454777011196,0.6279635318206649,0.0035376787554073008,0.009043518313883024,0.6146423177118998,22.514852241797925,2.031100437215209,0.5166666666666667,0.9808102345415778,0.40963258824286597,0.6952214113922219,炸板,6.7457142857142856,0.0012953367875647714,807.6854720377446,14.591274883523939,0.6921870524399429,0.5041578184294587,0.9798371461806902,0.40453695869919565,0.008698063519029985,4336243512.0,-6.7706395535103825,11.626429479034318,1,SHSE.600172,2025-10-24,2025-10-24T09:30:00.000000,7.53,2025-10-27T11:30:00.000000,7.03,-7.384009777622576,1.5,未涨停卖出
SHSE.600172,黄河旋风,2025-10-27,6.72,7.16,6.6,7.01,6.96,0.007183908045977017,320646731.0,2218423192.0,7.66,6.26,false,false,8.60261,25.12401852058257,101.0971317676,8946552807.5,55.169913220699996,false,false,false,,未涨停,未涨停,3天3板,17.213616863234506,7.2879999999999985,6.945714285714287,-3.448275862068969,0.9255450431920859,691.8589767253857,false,4.46,0.8401221035218569,0.024550605730070948,0.5422601255400773,0.006531722260044111,0.6258436797000577,0.0036333127630503743,0.009265976104951359,0.6269075873844274,22.515388791000557,2.031100437215209,0.5166666666666667,0.9821670866446985,0.41500659283614644,0.6985868397404225,断板,6.861428571428571,-0.09961190168175948,713.7559211798635,1.4366021236727073,0.6952214113922219,0.5227424148075532,0.9808102345415778,0.40963258824286597,0.009043518313883024,2985525554.0,-5.850168095395913,-2.06121174266084,1,SHSE.600172,2025-10-27,2025-10-27T09:30:00.000000,6.72,2025-10-28T11:30:00.000000,6.82,0.6794251565167821,1.5,未涨停卖出
SZSE.000555,神州信息,2025-11-03,18.4,20.85,17.67,20.85,18.95,0.10026385224274414,218158442.0,4294002471.09,20.85,17.06,false,false,3.18133,22.446511210543335,203.4489701145,20264189267.7,108.7965582975,true,false,false,,涨停,4天3板,2天2板,11.544922807886572,18.028,17.164285714285715,-2.9023746701847,21.473158551810243,1968.2953507203722,false,12.69,0.5555601016873816,0.019425323753274396,0.16436372851830905,0.002380797380637583,0.4473610348270469,0.002100939981332744,0.005705745435373494,0.3275021950447449,28.31695000689303,2.5488996905323242,0.6,0.9382022471910112,0.23607992208894407,0.5871410846399776,炸板,16.22142857142857,0.029891304347826164,1940.7041971391823,16.820783795684715,0.560909827704813,0.1338123397038093,0.8981015110422317,0.2237181443673944,0.0042977677704925795,4766836596.86,-5.18905443125397,13.430206957287538,1,SZSE.000555,2025-11-03,2025-11-03T09:30:00.000000,18.4,2025-11-04T11:30:00.000000,22.11,19.205569028234883,1.5,未涨停卖出
SHSE.603131,上海沪工,2025-11-14,28.11,29.2,27.71,28.38,29.4,-0.03469387755102038,50603896.0,1433230259.0,32.34,26.46,false,false,2.91075,15.913558469620215,90.24622438920001,9024622438.92,41.666620043399995,false,false,true,断板,断板,断板,4天2板,16.37790677054498,27.276,26.371428571428574,-4.387755102040813,7.616468039003238,2832.2527953183685,false,20.08,0.7535627330587816,0.0143075740820284,0.5121153912342143,0.0037208337739733583,0.8040277738808014,0.003443132761222555,0.005754871531759125,0.6479785743931039,25.764119718359407,2.593723427212839,0.5166666666666667,0.9355151045701007,0.45830389605249355,0.6969095003112971,炸板,25.624285714285715,0.05755395683453224,2957.126937578459,14.734905502592396,0.6887082215099167,0.5063792182156661,0.9221533694810224,0.455263073538811,0.005359548675716365,2434336141.0,-4.94151724505002,9.700618832580687,1,SHSE.603131,2025-11-14,2025-11-14T09:30:00.000000,28.11,2025-11-17T11:30:00.000000,29.19,3.014622406850731,1.5,未涨停卖出
SZSE.001267,汇绿生态,2025-10-23,18.09,18.28,17.05,17.83,18.59,-0.04088219472834864,77645233.0,1363699438.4,20.45,16.73,false,false,1.03822,12.809377755505084,139.99486208739998,10807820105.039999,68.05668172339999,false,false,true,断板,断板,断板,2天2板,7.596312126458743,17.064,16.38285714285714,-2.6896180742334588,8.833275200558079,1756.320878578599,false,13.37,0.20346872123681148,-0.0066957640577191635,0.6169765547166234,0.0061253628108306046,0.904027845927845,0.007478001145005562,0.003966928937373138,0.6203903753840274,18.307810987395232,2.3641826364140957,0.5333333333333333,0.8803799922450563,0.4116024489280268,0.6459912205865415,炸板,15.902857142857142,0.039709172259507985,1908.2484558484975,16.897233201581034,0.6408083102348373,0.6092534708884583,0.8607987592089957,0.4208178612606789,0.003607139370261122,2692553684.53,-5.201023773624225,13.753144089112478,1,SZSE.001267,2025-10-23,2025-10-23T09:30:00.000000,18.09,2025-10-24T11:30:00.000000,19.01,4.248346580510471,1.5,未涨停卖出
SZSE.002083,孚日股份,2025-10-23,5.88,6.36,5.7,6.15,6.16,-0.0016233766233766378,185519393.0,1116693055.06,6.78,5.54,false,false,2.90626,19.604183829717993,58.218299238,5819901898.8,36.212539839,false,false,false,,未涨停,未涨停,2天2板,7.4660208463237545,6.0920000000000005,5.824285714285714,-4.545454545454549,5.592347314201633,601.9279370216568,false,4.68,0.7356537801426091,0.015244929635459372,0.17522332104425634,0.0016301829159121146,0.3662854554025446,0.0010383015346617616,0.00417556784544646,0.3446280531714134,44.618293057504346,3.156681928003358,0.45,0.8904614191547111,0.3166525771619921,0.6035569981583516,断板,5.675714285714285,-0.035993740219092296,652.6633939543899,8.532595016360442,0.5734732171770196,0.13226580968381801,0.8631252423419931,0.2838211920120461,0.0036365812943372016,1545026432.62,-9.9076177020752,3.599295242889511,1,SZSE.002083,2025-10-23,2025-10-23T09:30:00.000000,5.88,2025-10-24T11:30:00.000000,5.65,-4.6772095292300095,1.5,未涨停卖出
SZSE.000566,海南海药,2025-11-19,7.61,7.76,7.2,7.2,8.0,-0.09999999999999998,219254238.0,1625212827.46,8.8,7.2,false,false,9.21128,18.805663306826176,93.41028907200001,8394442077.6,57.462401808,false,false,true,断板,断板,断板,2天2板,15.18530416930874,7.114,6.8414285714285725,-4.8749999999999964,5.241177698893283,741.2457986148482,true,5.18,0.6506862862495321,0.013017814195739373,0.11149817786714786,0.0014613249851101334,0.014860050449229141,-0.00025690416422866617,0.0032571540824343414,0.19034436131824908,33.27562554231448,2.7152317143546356,0.48333333333333334,0.8470770421989934,0.0,0.4235385210994967,炸板,6.720000000000001,0.0738255033557047,798.7476707171257,19.047619047619037,0.40234223770809135,0.058133736361856786,0.8046844754161827,0.0,0.00279879978764233,2697875564.74,-4.725856750635082,13.244047619047606,1,SZSE.000566,2025-11-19,2025-11-19T09:30:00.000000,7.61,2025-11-24T11:30:00.000000,7.89,2.8532388187067848,3.5,未涨停卖出
SZSE.000833,粤桂股份,2025-11-19,22.03,23.4,21.9,22.3,23.12,-0.035467128027681705,90730847.0,2034336138.35,25.43,20.81,false,false,2.08621,19.997893286903683,178.864335283,10117555179.800001,82.679118071,false,false,false,,未涨停,未涨停,3天2板,24.135955698818062,23.026,22.07857142857143,-4.714532871972318,1.002911679068263,2242.1659288047867,false,13.07,0.8339856366922861,0.026482287245950493,0.6174047636908072,0.008207578708302831,0.6167432005118301,0.004257852669577531,0.010677602604214773,0.6605224693374099,26.12859562622723,1.9181817813876036,0.5333333333333333,0.9860627177700348,0.4491073924866757,0.7175850551283552,断板,21.572857142857142,-0.014912654452492458,2369.738003529706,7.1717104827494955,0.7147470635104919,0.6047805265368721,0.9843205574912892,0.4451735695296946,0.010415382903808518,2487129800.38,-7.036136622755396,2.119064962585271,1,SZSE.000833,2025-11-19,2025-11-19T09:30:00.000000,21.860768992941267,2025-11-20T11:30:00.000000,22.42,1.740952428777454,1.5,未涨停卖出
SZSE.002317,众生药业,2025-11-19,22.81,23.4,22.41,22.74,23.87,-0.04733975701717652,112248664.0,2570205012.28,26.26,21.48,false,false,11.4299,14.738195728683229,193.2741904698,17319179812.44,146.5626423252,false,false,false,,未涨停,未涨停,3天2板,14.018476029945145,24.554,23.914285714285715,-4.440720569752838,-4.910394265232982,2289.742185510556,false,16.2,0.7943470435808853,0.020069220210335904,0.0007393308589629622,-0.0001812406417786064,0.4004588976702908,0.002881355237262611,0.004787630292356662,0.2793767434467458,26.687655216814207,2.37638057224523,0.45,0.9161827332559039,0.0,0.45809136662795197,断板,23.580000000000002,-0.09992458521870284,2512.1715811759104,1.229855810008478,0.44860627177700346,0.011966766182924284,0.8972125435540069,0.0,0.004438249730241538,4035286966.83,-9.202061790210314,-3.2654792196777027,1,SZSE.002317,2025-11-19,2025-11-19T09:30:00.000000,22.609813374266114,2025-11-20T11:30:00.000000,23.15,1.5733189321427123,1.5,未涨停卖出
SZSE.000555,神州信息,2025-11-06,20.6,22.0,20.07,21.3,21.26,0.0018814675446847673,198198543.0,4178174522.08,23.39,19.13,false,false,3.18133,20.392819899964522,207.83995508100003,20701545870.600002,113.55337998,false,false,false,,未涨停,未涨停,4天3板,19.03959134785021,20.852,19.912857142857142,-3.10442144873001,6.9660664323122266,2108.075296032827,false,12.69,0.8015664771074019,0.03144585874134794,0.26181220829286994,0.004296203369864837,0.4176268240187254,0.00256736186917554,0.009207481993954669,0.416507446773533,27.730541499462056,2.2272726776652902,0.6,0.981409759876065,0.313725783421535,0.6475677716488,断板,19.042857142857144,-0.029223744292237286,2178.6369598853603,11.642910727681919,0.6290786291875154,0.22949490717331447,0.9755955839628123,0.28256167441221847,0.00823438636820708,4722648462.03,-5.445467146192307,8.17704426106527,1,SZSE.000555,2025-11-06,2025-11-06T09:30:00.000000,20.6,2025-11-07T11:30:00.000000,19.81,-4.601206823192686,1.5,未涨停卖出
SHSE.600376,首开股份,2025-11-20,6.22,6.54,5.93,6.0,6.54,-0.0825688073394496,332583347.0,2059054202.0,7.19,5.89,false,false,10.6146,12.893000013527086,154.77391452,15477391452.0,73.27601424,false,false,true,断板,断板,断板,5天3板,10.65391349772265,6.4860000000000015,6.352857142857142,-4.892966360856273,-5.554306273892504,619.1092309862406,true,5.43,0.04769591913881258,-0.002607785286000228,0.38723850294747336,0.010324330899252011,0.7108681993171333,0.011495767872434524,0.008089338754156317,0.4164188950966392,15.134599633505408,1.4182692106543549,0.55,0.9742547425474255,0.26211087409938744,0.6181828083234064,断板,6.291428571428573,-0.10041265474552952,721.6873043120513,3.9509536784740935,0.6267582334119436,0.42399349712654805,0.9752226093689508,0.2782938574549364,0.00863935742693536,3474818441.0,-13.813088260860884,-1.1353315168029288,1,SHSE.600376,2025-11-20,2025-11-20T09:30:00.000000,6.22,2025-11-21T11:30:00.000000,5.72,-8.7713454862223,1.5,未涨停卖出
SZSE.000566,海南海药,2025-11-20,6.96,7.92,6.9,7.92,7.2,0.09999999999999987,218745513.0,1634435705.27,7.92,6.48,false,false,9.21128,18.762029436151508,102.7513179792,9233886285.36,63.208641988800004,true,false,false,,涨停,5天3板,2天2板,15.18530416930874,7.468000000000001,7.088571428571429,-3.333333333333336,11.7291414752116,747.185934401315,false,5.18,0.6999623299286023,0.015192234247187778,0.17549531109850605,0.0020683580348041957,0.006506586683061253,-0.00017878021770854563,0.00401899180152709,0.22969209753989187,30.807323526781477,2.7152317143546356,0.5,0.8960511033681765,0.0,0.44802555168408825,断板,6.8414285714285725,-0.09999999999999998,741.2457986148482,5.241177698893283,0.4235385210994967,0.11149817786714786,0.8470770421989934,0.0,0.0032571540824343414,1625212827.46,-6.104020919834985,1.7331384422635043,1,SZSE.000566,2025-11-20,2025-11-20T09:30:00.000000,6.96,2025-11-24T11:30:00.000000,7.89,12.458785547465313,2.5,未涨停卖出
SZSE.002255,海陆重工,2025-11-12,13.21,13.38,12.42,12.47,13.8,-0.09637681159420286,208220223.0,2647706448.04,15.18,12.42,false,false,4.1827,32.63781853907396,103.6108675585,7955513870.21,75.6369352635,false,false,false,,未涨停,未涨停,5天5板,9.516200169019998,13.716,13.037142857142857,-4.275362318840578,-4.350208196362039,1271.5894786261947,true,8.05,0.7192047694452164,0.029544704092842666,0.3458879091953848,0.005579923371367471,0.06487197110851582,0.0009246042628778347,0.008976283783115619,0.33624649981929045,25.344892263486663,2.0524245974561346,0.5,0.9783113865220759,0.2142334554643444,0.5962724209932102,断板,12.65857142857143,-0.0713324360699864,1394.4920234524832,9.017040966030923,0.5812245316885728,0.31255925147578906,0.9757939581719597,0.18665510520518597,0.008461455292281359,3624439139.22,-5.270164491190954,4.356167475454242,1,SZSE.002255,2025-11-12,2025-11-12T09:30:00.000000,13.21,2025-11-13T11:30:00.000000,12.9,-3.124820928247657,1.5,未涨停卖出
SHSE.603516,淳中科技,2025-11-05,180.0,206.83,179.8,206.3,188.03,0.09716534595543269,15816893.0,3111767174.0,206.83,169.23,false,false,2.10222,7.781289376686266,419.34245957700006,41934245957.700005,290.07706635700004,false,true,false,,炸板,6天2板,4天2板,5.32630475018682,186.2,181.6,-4.270595117800351,13.601321585903092,19673.694283700344,false,142.8,0.4663007963631382,0.010415957000154366,0.805665985462966,0.011878965920748356,0.891112925713298,0.01659910399927732,0.013002405560188246,0.7634270297181001,17.15013577284202,1.551263757530347,0.6333333333333333,0.9936083672283557,0.44737505908246206,0.7204917131554088,断板,175.26,-0.010212138758751377,18900.261271427724,7.286317471185673,0.7181125508264965,0.8066747008877575,0.9934134056567222,0.4428116959962709,0.012367049179685837,2513944542.0,-4.763221304187393,2.70455323519343,1,SHSE.603516,2025-11-05,2025-11-05T09:30:00.000000,179.86738093993165,2025-11-07T15:00:00.000000,238.3,31.43083197395965,3.0,未涨停卖出
SZSE.001203,大中矿业,2025-11-05,18.5,19.96,18.31,19.49,19.11,0.019884877027734227,74956994.0,1441465198.34,21.02,17.2,false,false,1.0838,5.809318078431903,293.9136971226,25147733233.679996,78.00509401299999,false,false,false,,未涨停,未涨停,3天3板,4.464269780240474,19.21,18.11714285714286,-3.1920460491889036,7.577669137360017,1923.0563039120805,false,11.34,0.7795740657471351,0.025891932057223115,0.48000382757412324,0.006432084441083813,0.7252486604763219,0.004804225250707058,0.009835696207198647,0.6134913250793852,30.69778525718608,2.194860765530358,0.5833333333333334,0.9854735618826264,0.45588417003283327,0.7206788659577298,断板,17.481428571428573,-0.054896142433234374,1941.7569497055224,9.316008825692558,0.715952140916144,0.45758185254047845,0.9819837272375048,0.4499205545947831,0.009131024390353605,1489005811.88,-4.725460090122913,5.826591484841037,1,SZSE.001203,2025-11-05,2025-11-05T09:30:00.000000,18.378247080606428,2025-11-10T15:00:00.000000,24.45,31.9776536711366,4.0,未涨停卖出
SZSE.000547,航天发展,2025-11-24,11.98,13.64,11.42,13.64,12.4,0.10000000000000009,533859742.0,6810383063.18,13.64,11.16,false,false,11.2981,33.61094897647213,218.0310718916,21665103493.440002,163.8074619808,true,false,false,,涨停,7天6板,5天5板,20.337951219684548,12.748000000000001,11.928571428571429,-3.387096774193548,14.34730538922156,1275.6876998565665,false,7.47,0.6276834696753664,0.025430276406032803,0.28707570883358086,0.005057109633668623,0.2331461907222925,0.0018161309965576402,0.008159449397008165,0.33901840556855145,25.129106624239263,2.1497659444246886,0.48333333333333334,0.9794812233836624,0.2317754701666476,0.605628346775155,断板,11.20142857142857,-0.10014513788098689,1271.907364155475,10.700165795179203,0.4843205574912892,0.233923436559626,0.9686411149825784,0.0,0.0069939349539101265,5250637956.59,-5.8107505497893115,6.950644050503785,1,SZSE.000547,2025-11-24,2025-11-24T09:30:00.000000,11.98,2025-11-25T11:30:00.000000,13.84,14.605351548729953,1.5,未涨停卖出
SZSE.000566,海南海药,2025-11-24,8.05,9.2,7.62,7.64,8.38,-0.08830548926014337,351545946.0,2910707079.81,9.22,7.54,false,false,9.21128,30.15246025646125,99.1186956264,8907435760.119999,60.9739930296,false,false,true,断板,断板,断板,5天3板,20.39563077775736,7.828,7.622857142857144,-3.9379474940334136,0.22488755622187426,827.9734449874726,false,5.18,0.7337477718098269,0.017518791337975195,0.29029456943296833,0.0032162774642116513,0.00023483734364591115,-0.00003712663838923035,0.005100759008184096,0.29196729028154333,28.373213117587095,2.288557161555408,0.5166666666666667,0.9448315911730546,0.0,0.4724157955865273,炸板,7.410000000000001,0.05808080808080818,862.2288867904565,13.090418353576244,0.4657375145180023,0.2360959195766822,0.9314750290360047,0.0,0.004848223418619384,3445465596.94,-6.637319587317947,8.636977058029682,1,SZSE.000566,2025-11-24,2025-11-24T09:30:00.000000,8.05,2025-11-26T15:00:00.000000,8.71,7.33661626784788,3.0,未涨停卖出
SZSE.000678,襄阳轴承,2025-12-05,14.4,14.99,13.6,14.59,15.0,-0.02733333333333332,85329362.0,1216855036.98,16.5,13.5,false,false,5.11222,18.56552911760879,67.0573611823,6705736118.23,36.8614575856,false,false,false,,未涨停,未涨停,4天2板,14.099146589137705,14.758000000000001,14.567142857142857,-3.9999999999999973,0.15690889477297434,1426.068364345675,true,11.6,0.5566440653989997,0.008591800653336533,0.17946058542742344,-0.001438946128102133,0.6088058332752356,-0.001948132025823349,0.00041444745886923544,0.3837008557760824,35.33331212170157,3.256809232453334,0.38333333333333336,0.6722136222910217,0.3417548644164956,0.5069842433537586,炸板,14.445714285714287,-0.014454664914586135,1601.5650273062165,3.83702531645569,0.4774387064423593,0.2361406330932939,0.6044891640866873,0.3503882487980313,0.00004478074595662407,1986286187.53,-10.087946761547595,-0.31645569620253333,1,SZSE.000678,2025-12-05,2025-12-05T09:30:00.000000,14.4,2025-12-08T11:30:00.000000,14.77,1.752158034528565,1.5,未涨停卖出
SZSE.002413,雷科防务,2025-12-05,8.08,8.88,8.0,8.79,8.3,0.059036144578312966,469212564.0,4057730423.61,9.13,7.47,false,false,4.96472,36.28644644714006,115.7633883012,11366167925.999998,104.7057220383,false,false,false,,未涨停,未涨停,7天6板,24.80630555246646,8.709999999999997,8.309999999999999,-2.650602409638562,5.776173285198562,864.7957737998678,false,5.46,0.8240917675382927,0.028266647982792735,0.5027368324641412,0.0067293939469950225,0.15095658528601177,0.0014136468101834765,0.009442120613111102,0.4614737453255327,25.961834619924517,2.155056133332611,0.5666666666666667,0.9881965944272446,0.3369305912368322,0.6625635928320384,断板,8.155714285714286,-0.05251141552511407,854.8995447014802,1.769136451217385,0.6540106238432198,0.47595391541380255,0.9874226006191951,0.32059864706724467,0.008871130301116577,3845605265.43,-5.485971421105019,-0.9283587318269393,1,SZSE.002413,2025-12-05,2025-12-05T09:30:00.000000,8.08,2025-12-08T11:30:00.000000,9.12,11.971914322906375,1.5,未涨停卖出
SZSE.002309,中利集团,2025-11-17,3.8,4.02,3.73,3.99,3.93,0.01526717557251911,181017377.0,702484110.45,4.32,3.54,false,false,3.77267,14.890927880199708,120.00584886150001,4850331289.2300005,40.50203242680001,false,false,true,断板,断板,断板,3天3板,9.71049432119864,3.8940000000000006,3.684285714285714,-3.307888040712477,8.297789841023661,388.0755108113184,false,2.81,0.6456706356258652,0.016530296329056608,0.03564077105269792,0.000902778484855757,0.00006713516842512,0.00002082446029894726,0.0037636958463288846,0.14697465320204955,34.936595145133694,2.8366012267264753,0.43333333333333335,0.8640588690937258,0.0,0.4320294345468629,断板,3.5642857142857136,-0.06872037914691931,410.4728348615622,10.260521042084193,0.41218048024786985,0.007407030331474383,0.8243609604957397,0.0,0.0031174830022890707,1175439976.19,-7.423837163752789,6.613226452905829,1,SZSE.002309,2025-11-17,2025-11-17T09:30:00.000000,3.8,2025-11-18T11:30:00.000000,3.86,0.7695533654854256,1.5,未涨停卖出
SHSE.603232,格尔软件,2025-11-21,25.39,26.87,24.54,24.59,26.67,-0.0779902512185977,41563818.0,1057739836.0,29.34,24.0,false,false,3.55944,17.969657975997794,57.5608117505,5687666877.05,39.5103444648,false,false,false,,未涨停,未涨停,2天2板,15.88370440734337,26.471999999999998,25.469999999999995,-4.79940007499063,-3.455045151158208,2544.8572506019536,false,14.42,0.3071924025517005,0.007650112233017547,0.6829977607353449,0.011350585816246105,0.3751474686490751,0.003484807313250016,0.008250757548701568,0.515481601472735,21.2526455740267,1.8587155617820388,0.5166666666666667,0.9773519163763066,0.35759584589378884,0.6674738811350477,断板,25.13571428571428,-0.023076923076922995,2701.2707564739258,6.104006820119387,0.6683269794860374,0.6572852047948117,0.9773519163763066,0.35930204259576803,0.008664764591137953,1366951891.0,-6.007200725252149,1.011651037226513,1,SHSE.603232,2025-11-21,2025-11-21T09:30:00.000000,25.39,2025-11-24T11:30:00.000000,23.86,-6.774791342703239,1.5,未涨停卖出
SHSE.605255,天普股份,2025-11-21,107.0,115.9,102.88,108.61,109.99,-0.012546595145013106,5228763.0,575043896.0,120.99,98.99,false,false,1.13872,3.8997337410501194,145.624288,14562428800.0,36.406072,false,false,false,,未涨停,未涨停,2天1板,4.720279683770883,111.06800000000001,106.12,-2.718428948086185,2.3464003015454153,10997.704351870605,false,80.73,0.6322231505853285,0.013686088182504224,0.49947742292719577,0.010726445567524109,0.8113522271101987,0.017237085774739237,0.01327156615268467,0.6195890097137232,16.68284558639937,1.3068062656450865,0.5,0.9914827719705769,0.4119334086565768,0.7017080903135768,断板,103.73857142857142,-0.07888786533791137,11306.367443211804,6.026137130424011,0.6952398111473136,0.5168517622281174,0.9903213317847465,0.40015829050988067,0.013475584743018732,644437618.0,-5.363061533754243,3.1438919261330023,1,SHSE.605255,2025-11-21,2025-11-21T09:30:00.000000,107.0,2025-11-24T11:30:00.000000,110.82,2.744833749115668,1.5,未涨停卖出
SHSE.600685,中船防务,2025-11-26,31.45,31.47,29.67,29.89,32.97,-0.09341825902335454,83221029.0,2502936625.0,36.27,29.67,false,false,2.06974,10.13117418451548,245.52697560090002,24552697560.09,100.7580906458,false,false,true,断板,断板,断板,4天2板,8.66383199138874,30.835999999999995,29.91571428571429,-4.610251744009704,-0.0859557805262555,3007.577117317307,true,25.53,0.3557320962511708,0.00733626871701415,0.04037474588735456,0.0006174828756151318,0.09662986015611925,0.0005087350796082405,0.001928615705092868,0.12032275024074722,32.037090956324874,3.911060280331395,0.45,0.8169150377395007,0.0,0.40845751886975035,断板,29.54571428571429,-0.0021186440677966045,3310.692020448009,11.589788221641987,0.38765240952196633,0.012763005176896354,0.7753048190439327,0.0,0.0016202411008075007,3731029133.0,-5.004754879784534,6.445218064017011,1,SHSE.600685,2025-11-26,2025-11-26T09:30:00.000000,31.45,2025-11-27T11:30:00.000000,30.45,-3.9511271290038557,1.5,未涨停卖出
SZSE.000681,视觉中国,2025-11-26,24.56,25.39,24.21,24.32,25.32,-0.03949447077409163,124750433.0,3073158423.88,27.85,22.79,false,false,5.08285,18.45140647358109,170.38043243520002,16442814453.76,115.4572867456,false,false,false,,未涨停,未涨停,4天2板,18.758933333913916,24.715999999999998,24.391428571428573,-3.00157977883097,-0.29284291905822335,2463.4450959220317,false,20.08,0.5744630735281576,0.008554172860135354,0.20415092768744952,0.0018548910528740135,0.40664696617474744,0.0012218821006660496,0.0030048447286638927,0.3389621684017805,27.49941088503044,3.4070350598005144,0.45,0.8840719953551384,0.28486307005995853,0.5844675327075485,断板,23.990000000000002,-0.009389671361502261,2583.2036867861425,5.5439766569403846,0.571671378033145,0.15842451790301293,0.8740081285078382,0.2693346275584519,0.0029078812706459893,4648870445.36,-4.924260809816417,2.3759899958315733,1,SZSE.000681,2025-11-26,2025-11-26T09:30:00.000000,24.56,2025-11-27T11:30:00.000000,23.89,-3.5030886227078657,1.5,未涨停卖出
SZSE.002279,久其软件,2025-11-27,9.2,9.38,8.98,8.98,9.5,-0.054736842105263084,176605632.0,1614471878.49,10.45,8.55,false,false,9.99859,22.362861337349987,77.42617701580001,7091751594.02,54.60033968,false,false,false,,未涨停,未涨停,2天2板,27.781640053091284,9.477999999999998,9.098571428571429,-3.157894736842113,-1.3031873135500052,914.1678327053579,false,7.11,0.46861133720402653,0.011872557721984079,0.5312907042182621,0.004257913802825154,0.4875241799694158,0.0018699844831797036,0.005064463790763304,0.5056248735407611,28.991820550447997,2.4999999375000015,0.55,0.9514224888716857,0.3954230310504607,0.6734227599610731,断板,8.975714285714286,-0.0631163708086786,995.1599539163025,5.841158682158201,0.6597445847831449,0.4841195557999494,0.9438745887362106,0.37561458083007915,0.004776980152362295,2691199330.44,-7.552550082076948,2.4988063027216123,1,SZSE.002279,2025-11-27,2025-11-27T09:30:00.000000,9.2,2025-11-28T11:30:00.000000,9.51,2.5459033431491624,1.5,未涨停卖出
SZSE.002474,榕基软件,2025-11-27,11.99,12.08,11.11,11.11,12.34,-0.09967585089141007,161652370.0,1816767229.43,13.57,11.11,false,false,6.27882,30.45643216615942,69.12642,5896809648.95,55.992262436,false,false,true,断板,断板,断板,7天6板,32.57581770184345,12.414,11.954285714285716,-2.8363047001620716,-7.062619502868084,1123.8729314206776,true,7.17,0.6126540550221679,0.027698334067373605,0.5742289048856221,0.009099593523470005,0.3299118456496078,0.0027711617889980863,0.01092081211190915,0.5086188171421269,20.617670955094834,1.8328876669399865,0.5333333333333333,0.9891619895490613,0.35300185293610353,0.6710819212425825,断板,11.702857142857145,-0.09992706053975209,1285.8874702345404,5.444335937499982,0.6642325519413772,0.5433476819624042,0.9880007741436037,0.34046432973915075,0.010652940103367321,3629233374.24,-6.757004189386217,2.453613281249978,1,SZSE.002474,2025-11-27,2025-11-27T09:30:00.000000,11.99,2025-11-28T11:30:00.000000,10.92,-9.649807774739239,1.5,未涨停卖出
SZSE.002202,金风科技,2025-12-31,19.6,20.88,19.45,20.4,20.2,0.00990099009900991,427962622.0,8620825356.11,22.22,18.18,false,false,8.40368,12.765576145678247,704.1050305919999,68390469722.399994,503.543952636,false,false,true,断板,断板,断板,3天2板,7.26201157903922,20.224,19.371428571428574,-2.9702970297029596,5.309734513274317,2014.3874518345203,false,13.96,0.7344443734717768,0.015480843732809453,0.24292004403698494,0.0026009452019276082,0.8535303541744406,0.005655892686001432,0.006093409153326124,0.52440800296518,24.468998213086373,2.582766373202474,0.5333333333333333,0.9611969111969112,0.3959752443941266,0.6785860777955189,断板,18.87,-0.06740535549399818,2115.160199145559,7.04822469528351,0.6691662864843889,0.21413730158511518,0.9561776061776062,0.3821549667911717,0.005752312930661483,14441032116.14,-7.335623997096663,3.868574456809748,1,SZSE.002202,2025-12-31,2025-12-31T09:30:00.000000,19.6,2026-01-06T11:30:00.000000,22.12,11.957882754695511,2.5,未涨停卖出
SZSE.002413,雷科防务,2025-12-04,8.48,8.92,8.23,8.3,8.76,-0.05251141552511407,449831245.0,3845605265.43,9.64,7.88,false,false,4.96472,34.787596569862615,109.31013912400002,10732559020.0,98.868884291,false,false,true,断板,断板,断板,7天6板,24.80630555246646,8.483999999999998,8.155714285714286,-3.1963470319634633,1.769136451217385,854.8995447014802,false,5.35,0.7910014828125624,0.027115190525304818,0.47595391541380255,0.006128096652548047,0.13863169354275895,0.0012801462326052992,0.008871130301116577,0.4377667623322415,26.29274097922143,2.155056133332611,0.55,0.9874226006191951,0.32059864706724467,0.6540106238432198,断板,7.971428571428571,-0.055016181229773475,911.5717019886913,9.892473118279579,0.6406911586508357,0.44347097017399223,0.9856811145510835,0.2957012027505878,0.00842199265175743,5549253173.06,-6.973856455833682,6.379928315412209,1,SZSE.002413,2025-12-04,2025-12-04T09:30:00.000000,8.48,2025-12-05T11:30:00.000000,8.76,2.4787641885288796,1.5,未涨停卖出
SZSE.002348,高乐股份,2025-12-08,5.95,6.82,5.93,6.77,6.2,0.09193548387096762,219376468.0,1433350998.03,6.82,5.58,false,false,6.8795,24.279851233192204,64.12544,6116918403.23,42.8123110241,false,true,false,,炸板,5天3板,3天3板,0.5406288431530744,6.095999999999999,5.728571428571429,-4.032258064516129,18.179551122194503,653.3750001071218,false,4.19,0.5437881376295346,0.016235867583372598,0.7015953654492342,0.00684325997118776,0.42767776761322784,0.002438215481548879,0.007400268146733064,0.5878586405344923,27.97761036940876,2.0584794897903635,0.5166666666666667,0.9791021671826625,0.4352012199688297,0.7071516935757461,炸板,5.448571428571428,-0.03125,650.3764011786793,13.791295228106982,0.7021670896163625,0.7275356363320362,0.9694272445820433,0.43490693465068175,0.006129067230439399,1374595524.36,-8.51451576015373,9.202936549554286,1,SZSE.002348,2025-12-08,2025-12-08T09:30:00.000000,5.95,2025-12-09T11:30:00.000000,6.61,10.207238273795584,1.5,未涨停卖出
SZSE.002585,双星新材,2025-12-11,6.75,6.91,6.41,6.45,6.93,-0.06926406926406925,156692956.0,1029596966.58,7.62,6.24,false,false,3.92043,17.674228476898893,73.615308474,5718323532.6,43.4958126825,false,false,false,,未涨停,未涨停,3天3板,9.189328418622678,7.017999999999998,6.731428571428572,-2.5974025974025934,-4.180814940577258,657.0792924348176,false,5.29,0.3559505273307189,0.010114630839391665,0.19576276973571635,0.0018888266186325323,0.17931710682968313,0.0007422434046100505,0.0031900124985776144,0.2228666223829069,30.798363926173526,3.011494162182589,0.4666666666666667,0.8934029792996712,0.0,0.4467014896498356,断板,6.628571428571429,-0.032122905027933024,714.980152289548,4.547413793103437,0.4425420777713291,0.16251683831984876,0.8850841555426582,0.0,0.0029596645136888496,1455229540.66,-5.591784913402331,1.8318965517241326,1,SZSE.002585,2025-12-11,2025-12-11T09:30:00.000000,6.738140797946697,2025-12-12T11:30:00.000000,6.458632735217056,-4.91190792386011,1.5,未涨停卖出
SHSE.600376,首开股份,2026-01-05,6.3,6.53,6.15,6.25,6.61,-0.05446293494705001,242995890.0,1535338889.0,7.27,5.95,false,false,10.6146,9.420032726584553,161.222827625,16122282762.5,76.3291815,false,false,true,断板,断板,断板,7天3板,13.175747174996241,6.44,6.214285714285714,-4.689863842662639,0.5747126436781589,631.8373899245786,false,4.85,0.13488473037074056,0.006077519217036232,0.21369086637329335,-0.0023323053674582177,0.5033642564384374,0.007256683409748006,0.0022263561826025395,0.28483165619232603,18.195854798671064,2.5445859225119696,0.5,0.8256756756756757,0.0,0.41283783783783784,断板,6.07,-0.04063860667634245,678.79677404687,8.896210873146623,0.48930207653524166,0.2746000926272583,0.7795366795366795,0.19906747353380383,0.00160755768858963,2399883198.0,-7.188716256848437,3.789126853377267,1,SHSE.600376,2026-01-05,2026-01-05T09:30:00.000000,6.3,2026-01-06T11:30:00.000000,6.37,0.3054448871182183,1.5,未涨停卖出
SZSE.000070,特发信息,2025-12-01,13.49,14.84,13.17,14.19,14.01,0.012847965738757905,297740086.0,4138182388.69,15.41,12.61,false,false,3.48355,33.50367630893055,127.758921444,12610352909.88,77.8959849921,false,false,false,,未涨停,未涨停,4天4板,17.221335017583307,13.841999999999999,13.022857142857143,-3.711634546752317,8.96226415094339,1389.864040238774,false,9.17,0.6340908521178484,0.024099049148873637,0.02850866479689086,0.0011439498066326253,0.5495455980034465,0.003796737850275106,0.006530806088173572,0.3059361822230491,25.254803902426666,2.487804816157051,0.45,0.9700019353590091,0.19751553598446056,0.5837587356717349,断板,12.352857142857143,-0.029778393351800547,1447.8954698052726,13.415057245287379,0.4781304431972131,0.002630577554602466,0.9562608863944262,0.0,0.005383515937918317,3957547629.9,-6.830290712807674,9.205504799352383,1,SZSE.000070,2025-12-01,2025-12-01T09:30:00.000000,13.49,2025-12-02T11:30:00.000000,14.77,8.616091600979308,1.5,未涨停卖出
SZSE.000859,国风新材,2025-12-10,8.75,9.26,8.69,8.88,9.06,-0.019867549668874163,141054783.0,1251809883.03,9.97,8.15,false,false,3.71887,15.74403441512032,79.56269286480001,7955816406.4800005,53.25206423040001,false,false,false,,未涨停,未涨停,5天3板,9.434831088719228,8.934000000000001,9.017142857142858,-3.4216335540838902,-1.5209125475285155,887.4636197412746,false,6.3,0.5442980125729029,0.01629087817986822,0.49228492462753304,0.005966621230191249,0.0851347366035919,0.0009033343540493129,0.006512486557284062,0.3805424858094247,23.063387027830604,2.54613459851363,0.4666666666666667,0.9694331592184174,0.26894055515645765,0.6191868571874375,断板,8.94714285714286,-0.02580645161290329,923.3469569687213,1.2613763372185667,0.6180144662179599,0.4620646482692403,0.9729102167182663,0.26311871571765333,0.00681958608842443,1694370068.19,-5.236055266531759,-2.203416892862864,1,SZSE.000859,2025-12-10,2025-12-10T09:30:00.000000,8.75,2025-12-12T11:30:00.000000,10.17,15.302447353443377,2.5,未涨停卖出
SZSE.000950,重药控股,2025-12-17,6.4,6.78,6.03,6.24,6.58,-0.05167173252279633,149221596.0,947731661.66,7.24,5.92,false,false,2.48631,8.634586126435643,107.83872503040001,10783872503.04,47.1118229712,false,false,true,断板,断板,断板,4天3板,5.692655240749029,6.446,6.202857142857143,-2.7355623100303905,0.5988023952095844,635.1169583121199,false,5.14,0.6926822096776741,0.012928272385506952,0.41202539947466355,0.002395987261250468,0.30754421976421414,0.0008330789007309249,0.004033571777945902,0.43681240760213086,37.22139879339492,3.4154588205444742,0.5166666666666667,0.92264552310965,0.4083733262966003,0.6655094247031251,断板,6.085714285714286,-0.030927835051546393,679.2042771341032,8.122065727699521,0.6482345653755228,0.3776305364065152,0.9123791102514507,0.384090020499595,0.0037160937085476096,1525174701.12,-5.7720892600272355,5.164319248826277,1,SZSE.000950,2025-12-17,2025-12-17T09:30:00.000000,6.333110719303343,2025-12-19T11:30:00.000000,6.808094023251093,6.643426294820729,2.5,未涨停卖出
SHSE.600678,ST金顶,2025-12-16,13.64,15.69,13.2,15.18,14.26,0.06451612903225801,153176525.0,2278330442.0,15.69,12.83,false,false,3.10553,43.89137940915212,52.976682000000004,5297668200.0,42.1148631288,false,true,false,,炸板,5天2板,2天2板,17.130089973924754,14.339999999999998,13.705714285714285,-4.347826086956516,10.75672295184491,1487.3887770988406,false,9.54,0.8915515934459042,0.023597848123487575,0.5794957586759312,0.006265924903559239,0.33150669411897005,0.002035012643194078,0.008463035869435358,0.5675102062628374,24.623952904622467,2.35939844057299,0.5833333333333334,0.9831721470019342,0.41484962141877035,0.6990108842103523,断板,13.26142857142857,0.008486562942008335,1452.8800400546477,7.52989335344178,0.6875762330546864,0.5446062940247922,0.975817372799381,0.39933509330999173,0.00756698365994756,2057344112.0,-6.1175071309606865,2.8546805989443147,1,SHSE.600678,2025-12-16,2025-12-16T09:30:00.000000,13.64,2025-12-17T09:30:00.000000,14.04,2.1123716278580598,1.0,大幅低开卖出
SHSE.603716,塞力医疗,2026-01-08,23.57,26.66,23.56,26.66,24.24,0.09983498349834985,70023273.0,1802320474.0,26.66,21.82,false,false,3.52526,33.31392332163169,56.0372442524,5603724425.24,38.3388067682,true,false,false,,涨停,4天3板,2天2板,4.941168898508448,23.786000000000005,23.07428571428572,-2.7640264026402566,15.53987122337789,2573.8877901351457,false,19.34,0.49414028019629846,0.009423494644319056,0.38549858825598876,-0.0029175348860835853,0.5624664635485439,-0.003317273936468145,-0.0005692506951184249,0.46031728923181725,29.020078768829002,3.399503606518116,0.4166666666666667,0.31190889789615905,0.39047381453521096,0.351191356215685,断板,22.33428571428572,-0.02533172496984326,2528.8166057745248,8.532685173340122,0.28843768120713653,0.5368084476377378,0.1370391816251689,0.43983618078910414,-0.0014108749111319313,1822277258.0,-6.794348209442447,5.5328130996545655,1,SHSE.603716,2026-01-08,2026-01-08T09:30:00.000000,23.57,2026-01-09T11:30:00.000000,27.22,14.565581543152776,1.5,未涨停卖出
SZSE.000516,国际医学,2026-01-08,4.91,5.23,4.91,5.09,5.12,-0.005859375,182527096.0,924229541.7,5.63,4.61,false,false,42.1158,8.27841245555585,113.9598447277,11222718409.21,77.7909173092,false,false,true,断板,断板,断板,2天2板,2.3879304170642977,4.8820000000000014,4.732857142857145,-4.101562499999999,7.546030787805566,506.3519674361115,false,4.27,0.1316776868070209,0.0033004589395471944,0.22371506029107033,-0.0010660116353112417,0.7584590096870598,-0.001611096136706641,-0.0003562428707581742,0.3657307704130573,45.06019935042909,4.210526138504162,0.38333333333333336,0.374445087820884,0.40348732379235913,0.38896620580662156,断板,4.644285714285717,-0.013487475915221592,532.8689150589327,10.243002153183578,0.3563895820511533,0.31953678490688103,0.271955220999807,0.44082394310249956,-0.0008386839806106542,1586503283.2,-7.8572635550156145,5.7213165179944125,1,SZSE.000516,2026-01-08,2026-01-08T09:30:00.000000,4.91,2026-01-09T11:30:00.000000,4.96,0.21340300711612326,1.5,未涨停卖出
SHSE.600271,航天信息,2025-12-18,10.4,10.88,10.3,10.45,10.67,-0.020618556701030966,191618599.0,2026818715.0,11.74,9.6,false,false,20.1588,10.341636768430048,193.626444671,19362644467.1,101.02964319799999,false,false,true,断板,断板,断板,2天2板,7.383550988240208,10.05,9.81,-2.5304592314901555,6.523955147808347,1057.7359012002796,false,8.35,0.6319123068468573,0.008991826163965586,0.6399883660642423,0.0030142904755195185,0.05012409274058932,-0.0003721024646504008,0.003193879731157756,0.46141387222366936,41.432596302233165,3.314120927629998,0.45,0.8909512761020881,0.4394468624312012,0.6651990692666446,断板,9.654285714285715,0.001877934272300319,1095.5182347973448,10.52086416099437,0.6488629315445937,0.6166811936899964,0.8683040030941791,0.4294218599950083,0.0027849846462794786,3056919753.0,-5.067759991016018,7.7241787511098,1,SHSE.600271,2025-12-18,2025-12-18T09:30:00.000000,10.4,2025-12-19T11:30:00.000000,10.35,-1.2737511492491695,1.5,未涨停卖出
SHSE.600637,东方明珠,2026-01-15,14.29,15.4,14.17,14.9,14.86,0.0026917900403768957,319371510.0,4741549795.0,16.35,13.37,false,false,3.82748,9.499733108792991,500.923072733,50092307273.3,260.786693187,false,false,false,,未涨停,未涨停,4天4板,4.326189245672377,14.624,13.748571428571429,-3.835800807537014,8.37489609310058,1484.6502103459386,false,9.0,0.7645335328346754,0.030482052234266928,0.2524608546906002,0.004138786079044041,0.5243673345482707,0.0030734528770904232,0.009087839349502533,0.43644733427671634,28.210582966233908,2.2513965973568255,0.5833333333333334,0.9687379390196835,0.3414633939537779,0.6551006664867307,断板,13.05,-0.03443794671864853,1521.879440685786,13.86973180076627,0.6383464580441791,0.2211573787949888,0.9600463231036479,0.31664659298471026,0.00828917306900672,7626428678.0,-6.102943387153781,9.501915708812248,1,SHSE.600637,2026-01-15,2026-01-15T09:30:00.000000,14.29,2026-01-19T11:30:00.000000,12.4,-13.91745822866685,2.5,止损卖出
SHSE.600877,电科芯片,2026-01-15,21.76,22.34,20.61,20.61,22.9,-0.09999999999999998,100203069.0,2111081332.0,25.19,20.61,false,false,4.64221,8.462671823249908,244.0346613012,24403466130.12,137.7816253398,false,false,true,断板,断板,断板,2天2板,7.550982919699443,21.034,20.11714285714286,-4.978165938864616,2.4499360886237618,2106.803068077685,true,14.45,0.7979312243936135,0.019622739720259824,0.6849125435223476,0.006128263674038603,0.5679622952481088,0.002664584229667957,0.007788055049971653,0.6724312052143292,26.55829517543569,2.1157167082598796,0.55,0.9534928598996526,0.46264432653357646,0.7080685932166145,断板,19.64428571428572,0.015971606033717833,2333.636448024113,16.57334012071846,0.7069650030929255,0.6767428643181159,0.9498166377147269,0.46411336847112417,0.007530678155301971,3567331792.0,-6.754970259295689,10.770125809032049,1,SHSE.600877,2026-01-15,2026-01-15T09:30:00.000000,21.76,2026-01-16T11:30:00.000000,20.92,-4.626347550972594,1.5,未涨停卖出
SHSE.603882,金域医学,2026-01-15,36.0,36.99,35.18,35.97,36.99,-0.027575020275750317,27269033.0,980530371.0,40.69,33.29,false,false,1.10624,5.926316856644312,166.6340015175,16551040734.689999,96.1815315153,false,false,false,,未涨停,未涨停,2天2板,8.756431164702494,36.06600000000001,34.35999999999998,-2.676399026763996,4.685681024447095,3595.765097354204,false,27.3,0.6970914718952717,0.016064392767068128,0.09304236386503992,0.0012786790783250895,0.03431070205182405,-0.0003191720833656952,0.003756466467566462,0.1962326869271215,42.51953959903106,3.0403586519568084,0.48333333333333334,0.8301813971439599,0.0,0.41509069857197994,断板,33.55571428571427,0.00845147219193021,3785.361304356627,10.234577887521889,0.4040725728623818,0.06297683312776918,0.8081451457247636,0.0,0.003346080906731338,1707337136.0,-4.896792920223813,7.284260717782853,1,SHSE.603882,2026-01-15,2026-01-15T09:30:00.000000,35.01498206372652,2026-01-19T11:30:00.000000,32.1165196595625,-9.008632138114168,2.5,未涨停卖出
SZSE.000969,安泰科技,2026-01-15,28.02,29.0,26.34,27.56,29.27,-0.058421592073795714,179380751.0,4871748577.64,32.2,26.34,false,false,7.03193,17.352496940046336,289.5231458132,28490041027.76,183.14568532520002,false,false,false,,未涨停,未涨停,2天2板,8.929157345478254,27.603999999999996,26.201428571428572,-4.270584215920738,5.1851044108827145,2715.8703208015895,true,17.61,0.7710050451812734,0.02145877960958514,0.1341914097333885,0.002694415415305762,0.6744060979331131,0.005232846077308652,0.007208817452762505,0.42361854328288284,23.414808358999213,2.2070921498690015,0.5166666666666667,0.9434581242763411,0.312864513474794,0.6281613188755676,炸板,25.314285714285717,0.03464121597737724,3020.731488271354,15.626410835214436,0.6080392835243128,0.09379608549281156,0.9328314997104806,0.2832470673381449,0.006634179378255389,6363213895.26,-7.241010633372302,10.688487584650108,1,SZSE.000969,2026-01-15,2026-01-15T09:30:00.000000,27.792660728265236,2026-01-16T11:30:00.000000,26.771017596569546,-4.443468097630902,1.5,未涨停卖出
SZSE.000859,国风新材,2026-01-09,12.51,14.08,12.51,13.22,12.93,0.022428460943542117,269000512.0,3540576696.51,14.22,11.64,false,false,3.71887,30.024882733774344,118.44806302620002,11844132082.62,79.2784109376,false,false,true,断板,断板,断板,3天2板,12.80225167351039,12.206,11.702857142857143,-3.248259860788863,12.963867187500005,1316.1970102532741,false,7.62,0.6080634689819692,0.013728944819560588,0.8716323892845431,0.01264001284652699,0.4960500991682335,0.004376557415564131,0.010378762611844852,0.7062439181891355,18.334642937494205,1.8028168689069632,0.55,0.9828218490638873,0.44081055711442935,0.7118162030891583,炸板,11.395714285714286,0.03938906752411575,1322.224798453257,13.463708160962765,0.7116787469239384,0.8663168034560189,0.9824358232001544,0.4409216706477223,0.009945936742157085,4003886693.42,-5.386738967275173,9.778112072207602,1,SZSE.000859,2026-01-09,2026-01-09T09:30:00.000000,12.51,2026-01-12T11:30:00.000000,13.66,8.322584959920508,1.5,未涨停卖出
SZSE.002044,美年健康,2026-01-19,7.3,7.75,7.16,7.21,7.66,-0.058746736292428214,530478817.0,3910233725.94,8.43,6.89,false,false,9.79016,13.692505140973743,282.2177078483,27933181190.67,201.7982411235,false,false,false,,未涨停,未涨停,4天4板,3.4669679722460978,7.7880000000000065,7.401428571428575,-4.69973890339426,-2.5863732870102742,737.1140186244232,false,4.82,0.56174863779285,0.022215519228606546,0.22447404412530836,0.0036113373751948813,0.131635467079817,0.0011000432269333753,0.006578785501398763,0.26407738974516926,24.478836905674196,2.1871920703885084,0.5166666666666667,0.9278270937861829,0.0,0.46391354689309144,断板,7.167142857142861,-0.099882491186839,779.955240082278,6.876619493721295,0.4548436896950984,0.19881693923994379,0.9096873793901968,0.0,0.005923923342400005,5288710383.73,-6.404885500481827,1.853697428742218,1,SZSE.002044,2026-01-19,2026-01-19T09:30:00.000000,7.3,2026-01-20T11:30:00.000000,7.42,0.8339245756699202,1.5,未涨停卖出
SZSE.002009,天奇股份,2026-01-29,25.53,27.47,24.7,25.8,26.51,-0.026782346284421,94701028.0,2471820961.28,29.16,23.86,false,false,5.40912,26.74244351819327,103.776167406,9136362280.2,74.19990241800001,false,false,true,断板,断板,断板,3天2板,14.929599982654594,26.176,25.19428571428571,-3.6967182195397976,2.4041732819233648,2610.1310761695217,false,15.04,0.5227104622406017,0.010930338049743938,0.6064910111353584,0.008004786415158765,0.23716998797077996,0.001998899002725946,0.006788130518345954,0.4789385944070335,24.54674671166064,2.098612081597425,0.5166666666666667,0.9291915878834651,0.38070008310303083,0.654945835493248,断板,24.698571428571423,-0.07694986072423393,2724.4723845926583,7.334143096766761,0.6246495992929861,0.5738299647969408,0.9089154766499421,0.3403837219360303,0.006129513026453677,3517993738.22,-6.293783176601931,3.3663022731216685,1,SZSE.002009,2026-01-29,2026-01-29T09:30:00.000000,25.53,2026-01-30T11:30:00.000000,26.85,4.332376721082763,1.5,未涨停卖出
SHSE.600550,保变电气,2026-01-21,15.5,17.1,15.31,15.41,16.25,-0.051692307692307704,290244652.0,4609461930.0,17.88,14.63,false,false,7.62297,15.761073214572278,283.779538768,28377953876.8,125.27555400940001,false,false,true,断板,断板,断板,3天2板,15.52731864347816,15.094,14.45142857142857,-4.615384615384616,6.633056544088582,1588.1298408902294,false,9.22,0.7306700028817102,0.020690358956041436,0.4055168536041102,0.005860716396545975,0.5134079303867206,0.0035206420868798697,0.008124622615545236,0.5029148064944133,22.96755402196912,1.9316908921369895,0.6,0.9558085681204168,0.3775681382967223,0.6666883532085696,炸板,13.959999999999999,0.03569152326322511,1632.4145749773372,16.40401146131806,0.6588936976446786,0.39243419910883237,0.949633346198379,0.36815404909097826,0.0077269979818596745,6519466042.0,-5.04863018504238,11.031518624641844,1,SHSE.600550,2026-01-21,2026-01-21T09:30:00.000000,15.5,2026-01-22T11:30:00.000000,14.8,-5.276956689371525,1.5,未涨停卖出
SHSE.600179,安通控股,2025-12-30,5.69,5.98,5.49,5.49,5.9,-0.06949152542372883,337611205.0,1919636351.0,6.49,5.31,false,false,2.40846,8.741244460674242,232.3108311471,21203908937.55,124.20622335600001,false,false,true,断板,断板,断板,5天5板,7.921721573058133,5.860000000000001,5.527142857142857,-3.5593220338983045,-0.6720082708710141,568.5937914886445,false,3.86,0.5092721057858862,0.020336601918084996,0.24078708689254816,0.003545519562548432,0.7353611759556953,0.004339599203571399,0.0071419599259626345,0.4428563173901599,20.866445110929966,2.1335504430789727,0.5166666666666667,0.9716216216216216,0.3167418228972362,0.6441817222594288,断板,5.322857142857141,-0.09923664122137399,606.8883967732687,10.842726784755811,0.6374734955179803,0.22977792914268183,0.9702530423024918,0.3046939487334688,0.006815378972992983,2522322360.0,-6.243058357140363,6.89747718733229,1,SHSE.600179,2025-12-30,2025-12-30T09:30:00.000000,5.69,2025-12-31T11:30:00.000000,5.39,-6.027209264873741,1.5,未涨停卖出
SHSE.600755,厦门国贸,2025-12-30,7.5,7.77,7.16,7.39,7.85,-0.05859872611464967,303003108.0,2227887573.0,8.64,7.07,false,false,28.1227,14.211096869554613,157.9701990683,15756651218.929998,92.3072917854,false,false,true,断板,断板,断板,3天3板,16.545464208418075,7.8199999999999985,7.4471428571428575,-4.458598726114645,-0.7673124880107516,735.2688847666869,false,6.2,0.14795798138559904,0.0060686352270510275,0.34011874828971317,0.002286680808241249,0.33574665689090377,0.0009977134628717634,0.002656381488392359,0.3003749674892475,29.432974588692165,3.36679525344226,0.55,0.8561776061776062,0.25120001633098255,0.5536888112542944,断板,7.297142857142858,-0.09977064220183496,793.1850250067474,7.576350822239605,0.42795055051187947,0.32752687568839356,0.8559011010237589,0.0,0.0025343857777188213,1849635005.0,-5.444508361259093,2.779953014878611,1,SHSE.600755,2025-12-30,2025-12-30T09:30:00.000000,7.232782603474501,2025-12-31T11:30:00.000000,6.982046139887386,-4.235856573705169,1.5,未涨停卖出
SZSE.000036,华联控股,2025-12-30,6.75,6.93,6.33,6.74,7.03,-0.04125177809388336,228041163.0,1507499000.1,7.73,6.33,false,false,9.50432,16.275274097281205,94.617382065,9443757625.42,66.2191536176,false,false,true,断板,断板,断板,6天4板,4.116637419271373,7.0840000000000005,6.731428571428572,-3.9829302987197757,0.1273344651952378,661.0644237505489,true,4.16,0.7709306638681607,0.027459361263669553,0.5652738195484502,0.007937225701946939,0.4703369716107748,0.003266804415042863,0.010440526428220239,0.5779241340310897,21.789164464656785,1.977215150779619,0.5166666666666667,0.9859073359073359,0.40688161386065924,0.6963944748839976,断板,6.552857142857143,-0.0998719590268885,721.7946584288859,7.281447569217349,0.6880638944073884,0.5299305892579002,0.9855128452771875,0.39061494353758924,0.00988610668563714,1157451342.48,-6.483098466084913,3.00850228907783,1,SZSE.000036,2025-12-30,2025-12-30T09:30:00.000000,6.75,2025-12-31T11:30:00.000000,6.7,-1.5316511730854439,1.5,未涨停卖出
SHSE.600589,大位科技,2026-01-14,9.58,10.88,9.58,10.88,9.89,0.10010111223458029,387977221.0,4044430390.0,10.88,8.9,false,false,5.40862,26.241807399946442,161.532084032,16085752403.2,134.35384305280002,true,false,false,,涨停,6天2板,3天1板,20.445414143672547,9.918000000000001,9.424285714285714,-3.1344792719919155,15.4464150371381,1042.4401668674254,false,6.9,0.7173350979646866,0.022780133725310837,0.23495490595159252,0.002945688168650762,0.10435348574225829,-0.0008849462272066133,0.005763386961225565,0.2922505182914111,30.171651143541666,2.713216883990524,0.55,0.9121791160007721,0.0,0.45608955800038603,断板,8.925714285714283,-0.04166666666666663,1018.7949210250654,10.803457106274042,0.44016599112140514,0.20532220423142722,0.8803319822428103,0.0,0.004619178665431092,4380593455.0,-5.967336484549445,7.330345710627428,1,SHSE.600589,2026-01-14,2026-01-14T09:30:00.000000,9.58,2026-01-15T11:30:00.000000,10.17,5.312778115097017,1.5,未涨停卖出
SZSE.001376,百通能源,2026-02-02,22.56,23.68,22.0,22.08,23.73,-0.06953223767383065,31578674.0,717094177.66,26.1,21.36,false,false,1.02583,14.773454232857278,101.76672,4719662111.04,45.6731011104,false,false,true,断板,断板,断板,2天2板,8.27767445568073,22.576,22.157142857142855,-4.930467762326177,-0.34816247582204746,2270.817886970175,false,14.5,0.7751065143657002,0.019775381168764313,0.7988326578497086,0.010337375019405366,0.6260613881267166,0.004537161853376021,0.010484912299468352,0.7422560482360093,23.042106122027878,1.9414934188110362,0.5,0.9808990931892726,0.4670660024090951,0.7239825477991839,断板,22.077142857142857,-0.03221859706362151,2375.5309796294287,7.486734825935038,0.7223203447615714,0.7864489547454422,0.9795485240208374,0.4650921655023055,0.010283417648684635,854697208.51,-5.031758400729225,2.187136016565283,1,SZSE.001376,2026-02-02,2026-02-02T09:30:00.000000,22.56,2026-02-03T11:30:00.000000,20.96,-7.8324997880817095,1.5,未涨停卖出
SHSE.603629,利通电子,2026-02-05,38.44,43.88,37.41,43.16,40.0,0.07899999999999996,52792444.0,2180913594.0,44.0,36.0,false,false,2.04174,20.55364334324825,113.243208,11085732320.0,55.2079215064,false,false,false,,未涨停,未涨停,2天2板,18.290559334196526,41.16,39.057142857142864,-3.9000000000000057,10.504754937820016,4131.1093572405925,false,25.85,0.8445509277156891,0.022999895744536262,0.5612414679200464,0.0064941069579518285,0.48422104490241075,0.002874815113132576,0.00870947716182294,0.5947972329738842,28.74816619214678,2.183880261186978,0.5833333333333334,0.9691417550626809,0.4519452314359028,0.7105434932492918,断板,37.84142857142858,-0.09297052154195018,4053.939872576466,5.704254596247476,0.702970675274674,0.5350232560183016,0.9594907407407407,0.4464506098086073,0.007964051248878801,1839117984.0,-5.178662712701754,1.5817886669938108,1,SHSE.603629,2026-02-05,2026-02-05T09:30:00.000000,27.43781069412155,2026-02-24T11:30:00.000000,56.19,103.15859577046082,7.5,未涨停卖出
SZSE.002155,湖南黄金,2026-02-05,34.5,35.5,32.33,32.71,35.92,-0.08936525612472157,202234857.0,6739773855.6,39.51,32.33,false,false,3.6068,12.942945884290602,511.1432454636,51109710506.47,327.0614486482,false,false,true,断板,断板,断板,7天6板,12.483596153016059,35.111999999999995,34.25428571428572,-3.953229398663702,-4.508299274334824,3332.646980634006,true,20.54,0.7518075709880446,0.029745503221315577,0.3825827345805553,0.006237295623503903,0.26898967338684754,0.0021603434632591076,0.0097158514949928,0.4223497835039408,24.775451526944032,2.0669805956851213,0.48333333333333334,0.9768563162970106,0.3350826977869965,0.6559695070420035,断板,33.55285714285714,-0.01938301938301945,3706.1588073105445,7.054966577255509,0.6492964533906364,0.3420525918709218,0.9745370370370371,0.32405586974423567,0.009438153411118838,8034339703.26,-6.911706179596555,2.8228381657938506,1,SZSE.002155,2026-02-05,2026-02-05T09:30:00.000000,34.0495989886469,2026-02-09T11:30:00.000000,35.530016335979376,3.516369305387162,2.5,未涨停卖出
SHSE.600783,鲁信创投,2026-01-06,21.15,24.49,20.61,24.49,22.26,0.10017969451931696,84046947.0,1895940965.0,24.49,20.03,false,false,6.28778,11.291179901624227,182.29359110059997,18229359110.059998,57.3589936611,true,false,false,,涨停,9天6板,7天5板,6.842376042126776,23.434000000000005,22.49285714285714,-4.986522911051226,8.879009209272791,2255.8118202675464,false,13.64,0.7215469595832791,0.029739222910281516,0.38477681442246664,0.005912545338901515,0.5080390306818818,0.0033592584048496217,0.009911894772961947,0.4891095083324537,22.836438784908086,1.9851300721167484,0.55,0.984944991314418,0.36226941406510293,0.6736072026897605,断板,21.485714285714288,-0.09987868985038406,2392.570564433119,3.6037234042553177,0.663311939403294,0.35778656880814336,0.9820463320463321,0.34457754676025587,0.00885340056581161,2992686837.0,-11.601353312598539,-1.562500000000011,1,SHSE.600783,2026-01-06,2026-01-06T09:30:00.000000,21.07715924057494,2026-01-14T11:30:00.000000,36.752985002004905,72.98409200079116,6.5,未涨停卖出
SZSE.002009,天奇股份,2026-01-06,21.37,22.09,20.76,20.91,22.21,-0.058532192705988306,105945296.0,2244442867.46,24.43,19.99,false,false,5.40912,29.91769101279732,84.1069635837,7404702917.79,60.1364325411,false,false,false,,未涨停,未涨停,4天4板,26.17859025340272,22.094,21.061428571428568,-3.7820801440792433,-0.7189852811503589,2118.4922334447015,false,15.04,0.5858180458775236,0.02020346775812414,0.1512626039395735,0.002263659381801736,0.023122455318026765,0.0003482795085337409,0.005277007095085818,0.19973164774069951,29.694607591116057,2.5617860195230926,0.5166666666666667,0.9438332368268674,0.0,0.4719166184134337,断板,20.359999999999996,-0.01812555260831128,2256.323626011651,9.086444007858573,0.4688223938223938,0.11649415337331287,0.9376447876447876,0.0,0.004805035829358956,2585542181.73,-5.288409190776022,4.960707269155229,1,SZSE.002009,2026-01-06,2026-01-06T09:30:00.000000,21.37,2026-01-07T11:30:00.000000,22.17,2.916923788234987,1.5,未涨停卖出
SZSE.002721,金一文化,2026-01-30,3.73,3.78,3.51,3.59,3.86,-0.06994818652849744,187104782.0,675122353.84,4.25,3.47,false,false,3.04803,7.035657914395917,95.4716922785,9547169227.85,66.743559672,false,false,true,断板,断板,断板,4天2板,5.277599406431265,3.738000000000001,3.6542857142857144,-3.367875647668391,-1.7591868647380826,360.8258146176082,false,2.97,0.6882355047099828,0.01071626669463432,9.110198987746552e-6,-0.00001095797697335761,0.5524168655506829,-0.0018523837385822914,0.0015820592288654975,0.30337671570669533,35.024422114153246,3.320312389755253,0.4,0.6316804939224387,0.3197002293574551,0.47569036163994693,断板,3.6185714285714288,-0.0227848101265824,401.38110906424697,6.671930517173302,0.4663694032936116,0.002938948206533239,0.5994597723326259,0.33327903425459726,0.0014677172762571208,1331851003.52,-7.0708631829766055,3.0793525463876703,1,SZSE.002721,2026-01-30,2026-01-30T09:30:00.000000,3.73,2026-02-02T11:30:00.000000,3.5,-6.913899362336178,1.5,未涨停卖出
SHSE.600676,交运股份,2026-01-16,8.95,10.0,8.95,9.46,9.26,0.02159827213822907,100894366.0,967638165.0,10.19,8.33,false,false,13.169,9.809923012947767,97.29543250240002,9729543250.240002,46.611840341000004,false,false,false,,未涨停,未涨停,3天3板,1.8311612581498997,8.687999999999999,8.057142857142857,-3.3477321814254912,17.411347517730512,959.0606526037341,false,5.47,0.6810213117212133,0.02744593629627027,0.057844127787108186,0.0017796297546751284,0.17909886164515917,0.0013110716530340938,0.006772323632501846,0.2188559847313445,31.452437685852548,2.2075054700329915,0.5,0.9324585102277113,0.0,0.46622925511385566,炸板,7.5600000000000005,0.025470653377630104,946.5767419338213,22.486772486772477,0.4506947124662293,0.015446569552240563,0.9013894249324585,0.0,0.005472003326852089,1273444325.0,-5.44876497054555,18.386243386243372,1,SHSE.600676,2026-01-16,2026-01-16T09:30:00.000000,8.95,2026-01-19T11:30:00.000000,9.43,4.523581651049432,1.5,未涨停卖出
SHSE.601992,金隅集团,2026-01-16,2.01,2.03,1.9,1.9,2.11,-0.09952606635071093,310087502.0,599633879.0,2.32,1.9,false,false,2.61051,3.720681707467033,158.441119016,15834900701.599998,40.526884593999995,false,false,true,断板,断板,断板,3天3板,4.623756254600447,2.0839999999999996,1.995714285714286,-4.739336492891,-4.795991410164657,193.3757004498685,true,1.61,0.5786405715682801,0.014062545968042062,0.041622263214516425,0.0008287852640004249,0.1766018329828841,0.0007388065997875262,0.003448543805544883,0.18951979581577946,30.576730924926114,3.0909089953719042,0.55,0.8103049015824006,0.0,0.4051524507912003,断板,1.9685714285714286,-0.09829059829059827,219.41607746813438,7.184325108853401,0.40380162099575456,0.024207730813021723,0.8076032419915091,0.0,0.003389511519103009,1883925583.0,-8.393221536288264,2.1044992743105784,1,SHSE.601992,2026-01-16,2026-01-16T09:30:00.000000,2.01,2026-01-19T11:30:00.000000,1.87,-7.706487482904195,1.5,未涨停卖出
SZSE.000516,国际医学,2026-01-16,5.3,5.48,5.12,5.19,5.57,-0.06822262118491917,196595043.0,1032773147.93,6.13,5.01,false,false,42.1158,8.91645617739811,116.19874148070002,11443204036.11,79.3192260972,false,false,true,断板,断板,断板,2天2板,13.706019922879609,5.540000000000002,5.3885714285714315,-4.847396768402162,-3.685047720042462,525.3302078069181,false,4.27,0.5862104231802503,0.013446575224193855,0.021237322851586516,0.0005352236276103381,0.41189734829802327,-0.0012649086326870316,0.0025774542688378308,0.2514299505512503,30.031946828207033,3.223958229394262,0.38333333333333336,0.7464299498263219,0.0,0.37321497491316097,断板,5.378571428571432,-0.10016155088852985,565.6611218615685,3.5590969455510746,0.36974141258201465,0.010848540593896271,0.7394828251640293,0.0,0.0024790409188814666,1154162678.2,-6.304326120948389,-1.460823373174036,1,SZSE.000516,2026-01-16,2026-01-16T09:30:00.000000,5.3,2026-01-19T11:30:00.000000,5.16,-3.4172742990302916,1.5,未涨停卖出
SZSE.000981,山子高科,2026-01-16,4.85,5.3,4.84,5.05,5.1,-0.009803921568627416,1296383507.0,6630897987.79,5.61,4.59,false,false,7.53825,13.626983940545323,504.87227984400005,48042448269.65,230.85102779049998,false,false,true,断板,断板,断板,3天2板,20.926432596850344,5.219999999999999,5.0685714285714285,-4.901960784313726,-0.36640360766629304,511.492004641031,false,2.98,0.9187742539022478,0.028332573231519803,0.13824367544345315,0.0034512666690741053,0.5124812085548678,0.0056353798585082465,0.009082761938393488,0.40662105106863644,22.78547531845513,2.1078066470213246,0.48333333333333334,0.9670011578541103,0.3032914483134,0.6351463030837552,断板,4.998571428571428,-0.10052910052910058,525.0071558195124,2.0291511860531584,0.6236396973632147,0.09503555819234243,0.9683519876495561,0.2789274070768732,0.009068802765738165,10018056104.07,-7.620306766497897,-2.9722777936553313,1,SZSE.000981,2026-01-16,2026-01-16T09:30:00.000000,4.85,2026-01-19T11:30:00.000000,5.15,5.339466874768979,1.5,未涨停卖出
SHSE.600868,梅雁吉祥,2026-01-27,4.93,5.22,4.79,5.12,5.18,-0.01158301158301156,412316520.0,2077579554.0,5.7,4.66,false,false,33.1417,21.7220349786941,97.1852123648,9718521236.48,90.2476035072,false,false,false,,未涨停,未涨停,2天2板,24.018957105098295,4.946,4.697142857142857,-4.826254826254826,9.002433090024345,503.8797751785449,false,3.31,0.8573167308962076,0.023973899836863197,0.5467033260598447,0.006088383992097126,0.6828670470057548,0.003967630433416425,0.00902926109344613,0.6496751233108904,21.91183427367755,2.0413533417874112,0.55,0.9677668403783053,0.4424426456347682,0.7051047430065367,炸板,4.527142857142857,0.048582995951416796,525.9657315575545,14.420952982013258,0.69955010736204,0.5428269560511,0.9596602972399151,0.4394399174841651,0.008414267316857816,2740497181.0,-6.267657677988325,8.898706216472085,1,SHSE.600868,2026-01-27,2026-01-27T09:30:00.000000,4.93,2026-01-28T11:30:00.000000,4.99,0.41052827230631345,1.5,未涨停卖出
SZSE.000839,国安股份,2026-03-02,3.43,3.52,3.32,3.33,3.59,-0.07242339832869071,223328792.0,754595418.86,3.95,3.23,false,false,22.5891,5.6974154451013295,130.5302175216,13053021752.16,82.9615556331,false,false,false,,未涨停,未涨停,6天3板,4.341332439718237,3.5400000000000005,3.4528571428571424,-4.45682451253481,-3.5581299131154176,337.88541643121414,false,2.66,0.7300348378073707,0.013922088458137609,0.5017039331745211,0.003840677320608033,0.0909899278366377,0.000647316942756645,0.004898951434758532,0.424155912499726,31.94438371513421,3.0901638389351005,0.45,0.8789514263685428,0.36838868236716205,0.6236700543678524,断板,3.421428571428571,0.0027932960893854997,361.03630147440293,4.926931106471831,0.6161596455832353,0.4602043534145009,0.8808789514263685,0.35144033974010214,0.004752658357461663,824907291.16,-4.99570303616178,0.25052192066807866,1,SZSE.000839,2026-03-02,2026-03-02T09:30:00.000000,3.43,2026-03-03T11:30:00.000000,3.2,-7.448921515105752,1.5,未涨停卖出
SHSE.600498,烽火通信,2026-03-04,54.0,58.93,54.0,58.44,56.13,0.041154462854088525,159023044.0,9080670367.0,61.74,50.52,false,false,3.78316,12.505533250455,793.7130764808,74313557888.64,438.09077019,false,false,true,断板,断板,断板,3天3板,9.735337463510051,53.938,50.90428571428571,-3.7947621592731204,14.803693205736254,5710.285841968916,false,36.16,0.6906292594260813,0.019217025706297252,0.8481549714797956,0.013242190337274237,0.5804392290926644,0.006068364514707463,0.012285009664308809,0.7363351063529134,20.063361906010236,1.5840568020583898,0.6,0.9901696222050886,0.45116870577218354,0.7206691639886361,断板,48.50428571428571,-0.010227473108799123,5745.15651433941,15.721732983830611,0.7185152891108421,0.8520926457905907,0.98727833461835,0.44975224360333416,0.01147635758934525,13990422735.0,-6.007782616155522,11.330368450505123,1,SHSE.600498,2026-03-04,2026-03-04T09:30:00.000000,54.0,2026-03-05T11:30:00.000000,57.82,6.220894200973879,1.5,未涨停卖出
SHSE.603738,泰晶科技,2026-03-04,22.0,23.98,22.0,23.0,23.0,0.0,51807523.0,1198649781.0,25.3,20.7,false,false,4.97271,13.425551248497062,88.75412316,8875412316.0,63.774608380000004,false,false,true,断板,断板,断板,2天2板,17.63973694695448,22.30799999999999,21.219999999999995,-4.3478260869565215,8.388312912346867,2313.6596995768355,false,15.66,0.7287026088497953,0.021720044899016636,0.36226178876963494,0.0038225735251097514,0.3975050444809115,0.0017663874855307097,0.006785211988017416,0.44612292949904997,33.799165352675615,2.4799598583376685,0.5166666666666667,0.936969930609098,0.38417595243029407,0.660572941519696,断板,20.431428571428565,-0.04006677796327218,2359.7477721259465,12.571668298140153,0.6350161335041778,0.32596858857259486,0.9169236700077101,0.35310859700064556,0.005914692586037644,2219225689.0,-6.769696914769263,7.67724793735145,1,SHSE.603738,2026-03-04,2026-03-04T09:30:00.000000,22.0,2026-03-05T11:30:00.000000,23.99,8.176566461427013,1.5,未涨停卖出
SZSE.003035,南网能源,2026-03-04,7.74,8.58,7.7,8.4,8.05,0.04347826086956519,211405412.0,1770219285.93,8.86,7.25,false,false,1.01025,5.581102878094816,318.181818108,31818181810.800003,82.5529887,false,false,false,,未涨停,未涨停,4天2板,5.17525963800066,8.094,7.840000000000001,-3.8509316770186395,7.142857142857137,837.3576008214965,false,4.73,0.5960578223946055,0.012999096861709606,0.7942838568563468,0.010912521373069188,0.42529513361712956,0.0033042579408499666,0.009047357441131505,0.6439420329922334,28.333846537437335,2.03872433201234,0.5833333333333334,0.9693523515805705,0.4587047464595351,0.7140285490200529,断板,7.571428571428571,-0.03361344537815114,823.8735231597899,6.320754716981145,0.7105597187127298,0.7748571906871088,0.9662683114880494,0.45485112593741023,0.008784565166202359,1809298164.54,-6.053541199929646,2.226415094339629,1,SZSE.003035,2026-03-04,2026-03-04T09:30:00.000000,7.74,2026-03-05T11:30:00.000000,8.88,13.814509404243488,1.5,未涨停卖出
SHSE.600875,东方电气,2026-03-09,42.11,43.8,41.63,43.0,44.22,-0.02758932609678877,141944816.0,6042190726.0,48.64,39.8,false,false,3.39752,6.271401915782008,1311.65494018,97324763585.0,444.57553886,false,false,true,断板,断板,断板,2天1板,3.6271461362625614,40.59599999999999,39.651428571428575,-4.771596562641338,8.445020896382754,4256.718136152292,false,24.21,0.9467012441560213,0.029594069614023756,0.7284666485512318,0.009983182142040518,0.687315856107664,0.005295368097681894,0.012499015423129579,0.7597683299391194,24.912835847597027,1.8484724709231437,0.5166666666666667,0.9903642320292927,0.4709083031216717,0.7306362675754822,断板,38.84428571428571,0.04761904761904767,4421.393782326648,13.839137950057012,0.731168428746714,0.727878431110431,0.9897860859510503,0.4725507715423776,0.01219232179083305,8288425519.0,-4.758539788236938,8.40719355669155,1,SHSE.600875,2026-03-09,2026-03-09T09:30:00.000000,42.11,2026-03-10T11:30:00.000000,42.35,-0.2314181885613591,1.5,未涨停卖出
SHSE.601226,华电科工,2026-02-06,11.11,11.36,10.89,10.98,11.46,-0.041884816753926746,81471798.0,901515131.0,12.61,10.31,false,false,1.61507,7.009992826682161,127.61216226,12761216226.0,47.1279216312,false,false,true,断板,断板,断板,2天1板,12.405440708187244,11.487999999999998,11.305714285714286,-3.054101221640501,-2.880970432145564,1106.5364373080363,false,7.73,0.801865664544709,0.017986665390905175,0.7097721266133624,0.0074234615686836775,0.629829154404548,0.003398060784452565,0.008328482097858643,0.7042079425369875,26.909765548366504,2.237258297925662,0.55,0.9675988428158149,0.4859224513575128,0.7267606470866639,断板,11.297142857142857,-0.09976433621366843,1179.3968097690843,1.4415781487101744,0.7238194033509612,0.679653369886224,0.9654773384763742,0.48216146822554823,0.008263266138741879,1454690646.0,-5.799304288645302,-1.6565503287809813,1,SHSE.601226,2026-02-06,2026-02-06T09:30:00.000000,11.034368320070842,2026-02-09T11:30:00.000000,11.213142964320415,0.8104396096980182,1.5,未涨停卖出
SHSE.600666,奥瑞德,2026-03-27,5.32,6.08,5.13,6.08,5.53,0.09945750452079571,1041757186.0,6119766457.0,6.08,4.98,false,false,13.8537,43.05221293181322,167.2880015552,14712097844.8,123.27632257600001,true,false,false,,涨停,8天5板,6天4板,9.228181595324731,5.209999999999999,5.045714285714285,-3.797468354430379,20.498301245753122,587.4465316143257,false,3.39,0.7402220606390378,0.0206381305183965,0.6402990686845822,0.0064363364153990936,0.41183282098538887,0.0022878540494136465,0.00803215052620294,0.5917437927657153,23.337622728732914,2.1333332878222233,0.5833333333333334,0.981888246628131,0.4159470093911085,0.6989176280096198,炸板,4.811428571428571,0.04734848484848486,567.7299456506043,14.93467933491687,0.7048300755738445,0.6873428408856544,0.9736081679830476,0.4360519831646414,0.006760047660907773,5892852704.0,-6.293475608312093,10.570071258907365,1,SHSE.600666,2026-03-27,2026-03-27T09:30:00.000000,5.32,2026-03-30T11:30:00.000000,6.37,18.78276368211366,1.5,未涨停卖出
SHSE.601606,长城军工,2026-03-27,39.98,43.86,39.98,42.83,41.34,0.03604257377842268,46827072.0,2011208394.0,45.47,37.21,false,false,1.01681,6.465787864712293,310.18702372,31018702372.0,124.7421000314,false,false,true,断板,断板,断板,2天2板,5.992821601583145,40.507999999999996,40.251428571428576,-3.2897919690372674,6.4061612720045265,4294.969358750425,false,35.56,0.6444685473226904,-0.010101194452251171,0.6562984962480892,-0.003132685941040107,0.3006720933525767,-0.00127554741763952,-0.003969246086262144,0.5472445855943557,32.02771843020799,3.053117689694652,0.4666666666666667,0.06859344894026975,0.47637592698932635,0.2724846879647981,断板,40.105714285714285,-0.04460365149064016,4252.238594519221,3.07758067963241,0.27221514126729257,0.6381008215771822,0.06395684839144673,0.48047343414313837,-0.004065695115332221,2150549386.0,-5.978935303557842,-0.31345729144404144,1,SHSE.601606,2026-03-27,2026-03-27T09:30:00.000000,39.98,2026-03-30T11:30:00.000000,42.6,5.704246545583557,1.5,未涨停卖出
SZSE.002218,拓日新能,2026-03-27,6.62,6.78,6.46,6.67,6.87,-0.02911208151382827,185989848.0,1238795646.85,7.56,6.18,false,false,5.74004,13.35751809035778,94.2484706183,9287296320.83,56.584113317699995,false,false,false,,未涨停,未涨停,2天2板,13.477393528379825,6.936,6.661428571428571,-3.6390101892285296,0.12867252841518825,666.0555187130428,false,5.75,0.21815632988901376,0.005066015108386616,0.5336356079117219,0.007157015927525063,0.7843423354989479,0.006487124881541894,0.006537848449902422,0.5457517705833481,19.129786982573044,1.9616306569636957,0.5833333333333334,0.9710982658959537,0.36962824348510004,0.6703632546905269,断板,6.558571428571428,-0.05890410958904102,694.5105481613531,4.748420823350046,0.6659089466753473,0.5539307697310755,0.9703332691196301,0.3614846242310645,0.006368423428054822,1863272582.94,-4.68107334689466,0.9366151165323577,1,SZSE.002218,2026-03-27,2026-03-27T09:30:00.000000,6.62,2026-03-30T11:30:00.000000,6.16,-7.690085579133619,1.5,未涨停卖出
SZSE.002309,中利集团,2026-03-27,4.53,4.63,4.27,4.33,4.74,-0.0864978902953587,854524329.0,3729279793.27,5.21,4.27,false,false,3.77267,35.514436432229644,130.2319111705,10418552893.64,92.9044350979,false,false,true,断板,断板,断板,4天4板,14.96243908961302,4.588000000000001,4.315714285714286,-4.430379746835443,0.33101621979476875,436.41587099505506,true,3.01,0.6206191603714469,0.018552564098719738,0.3716794537962291,0.0045256293496907345,0.2141408512536755,0.0015584044218527055,0.006440848821145127,0.3742058143485066,24.835771197829057,2.1900825966634803,0.48333333333333334,0.9695568400770713,0.27531650582838607,0.6224366729527286,断板,4.2,-0.0650887573964497,494.85339213391194,12.85714285714286,0.6025440601381312,0.3187014935644185,0.9632055480639569,0.24188257221230555,0.005887992695671135,4451582123.19,-8.457735725207671,7.857142857142851,1,SZSE.002309,2026-03-27,2026-03-27T09:30:00.000000,4.53,2026-03-30T11:30:00.000000,4.37,-4.300678082372509,1.5,未涨停卖出
SHSE.600163,中闽能源,2026-03-30,7.6,7.69,7.05,7.26,7.83,-0.07279693486590044,183827714.0,1328181549.0,8.61,7.05,false,false,2.3186,9.659909962308316,138.1575199818,13815751998.18,41.595129641999996,false,false,true,断板,断板,断板,2天2板,4.416583938394245,7.553999999999999,7.249999999999999,-2.9374201787994947,0.13793103448276794,722.514315224526,true,5.8,0.4454290790893657,0.008898043390803174,0.7262633393041532,0.00469283509683553,0.6214928679011501,0.0022184854799582477,0.004791571870565874,0.6386653458402948,31.35677351107281,2.594117579764361,0.55,0.9475915221579961,0.4983927083170409,0.7229921152375185,断板,7.144285714285713,-0.055488540410132625,812.8050854910823,9.598080383923232,0.7208295535033996,0.6894831055601397,0.9450867052023122,0.4965724018044871,0.0046120120664658905,2169261745.0,-6.496648019762141,6.378724255148982,1,SHSE.600163,2026-03-30,2026-03-30T09:30:00.000000,7.6,2026-03-31T11:30:00.000000,7.41,-3.2768924302788687,1.5,未涨停卖出
SHSE.601595,上海电影,2026-02-12,31.24,32.58,30.14,31.43,32.44,-0.031134401972872983,36346807.0,1128360791.0,35.68,29.2,false,false,1.27359,8.109506247211067,140.86926,14086926000.0,39.964119382599996,false,false,true,断板,断板,断板,2天2板,5.269420794288265,32.35,31.411428571428566,-3.6991368680641163,0.059123158086246186,3104.428928241207,false,27.57,0.2582066255791976,0.0047459408114281405,0.006562576722952069,0.00025559198327937253,0.031906965007234944,-0.00028522500910067796,0.000991416651195111,0.06449470297948603,30.529696201946226,3.846790742291157,0.5166666666666667,0.562644564379337,0.0,0.2813222821896685,断板,31.21571428571428,-0.09334823923979885,3372.477815759446,3.9220172989794606,0.25771010023130303,0.0012430274008951117,0.5154202004626061,0.0,0.0006916562770847333,1778873825.0,-7.367811719867201,0.07779964303693543,1,SHSE.601595,2026-02-12,2026-02-12T09:30:00.000000,31.24,2026-02-13T11:30:00.000000,32.45,3.0455642219853156,1.5,未涨停卖出
SHSE.601599,浙文影业,2026-02-12,4.85,4.91,4.58,4.59,5.08,-0.09645669291338588,161895729.0,755127242.0,5.59,4.57,false,false,3.26862,13.950004894823092,53.2688985927,5326889859.2699995,39.7322426259,false,false,true,断板,断板,断板,4天2板,9.017163114497457,5.090000000000001,4.971428571428572,-4.527559055118119,-7.672413793103469,466.42814277083244,true,3.84,0.7798705296582256,0.016385652612026486,0.5781462470777418,0.004297329403066522,0.40080751158773387,0.0015980697469922028,0.005905216148036219,0.5652894829468362,31.224025331810722,2.8059700705190496,0.48333333333333334,0.9254047802621435,0.46281922697098493,0.6941120036165642,断板,4.99,-0.09929078014184389,518.2065994995777,1.8036072144288546,0.7018654292948865,0.5558264086610615,0.9281033153430994,0.4756275432466735,0.00605057639883557,1316113558.0,-6.407984678629086,-2.8056112224449037,1,SHSE.601599,2026-02-12,2026-02-12T09:30:00.000000,4.85,2026-02-13T11:30:00.000000,4.63,-5.296751139770805,1.5,未涨停卖出
SZSE.002099,海翔药业,2026-02-12,7.99,8.54,7.99,8.29,8.2,0.01097560975609757,111397986.0,926498068.77,9.02,7.38,false,false,7.26948,6.894728807350041,134.1914944737,13394135284.269999,80.61227303039999,false,false,false,,未涨停,未涨停,2天2板,6.559794465730503,8.128,7.778571428571429,-2.5609756097560865,6.574839302112008,831.700914924979,false,6.05,0.6751239398244387,0.014953107034680875,0.4910928485169821,0.0038009565971074606,0.3180668762016247,0.0013635634124150675,0.005300168729214426,0.47599127508386624,33.40882272128234,2.6501457023620283,0.5333333333333333,0.9067077872012336,0.4114412780219135,0.6590745326115736,断板,7.582857142857143,-0.02147971360381884,839.1943811648893,8.138658628485297,0.6326116846397272,0.45434162273330514,0.8845412490362374,0.38068212024321685,0.004580696251195603,1318953274.27,-4.789638976025479,5.369253956292397,1,SZSE.002099,2026-02-12,2026-02-12T09:30:00.000000,7.99,2026-02-13T11:30:00.000000,7.52,-6.63229435200376,1.5,未涨停卖出
SZSE.000899,赣能股份,2026-03-03,14.06,15.18,13.64,13.73,14.66,-0.06343792633015,126830342.0,1814777699.72,16.13,13.19,false,false,3.80552,12.999203958487277,133.960556448,13396055644.800001,38.8539680517,false,false,true,断板,断板,断板,3天3板,4.340152770657941,13.669999999999998,12.831428571428571,-4.09276944065484,7.002894678245387,1430.8703036691331,false,10.12,0.5633128214506481,0.015859478774891616,0.4559157070106619,0.003745110064237883,0.27862658854566213,0.001246067853670469,0.005418271143198405,0.4242083943591592,36.850370915906,2.51093743695193,0.6166666666666667,0.9016962220508866,0.3812957731211931,0.6414959975860399,炸板,12.432857142857141,0.003422313483915085,1520.3356899938021,17.913363208089176,0.6094271279070392,0.4311128213991188,0.8712413261372398,0.34761292967683866,0.004715236146268906,2462498709.11,-7.520423992300563,13.087441112260167,1,SZSE.000899,2026-03-03,2026-03-03T09:30:00.000000,14.06,2026-03-04T09:30:00.000000,12.65,-10.745354286977275,1.0,大幅低开卖出
SHSE.600108,亚盛集团,2026-03-06,4.85,5.52,4.71,5.52,5.02,0.09960159362549792,493047908.0,2592029375.0,5.52,4.52,false,false,9.85652,25.32457130163714,107.46971467920001,10746971467.92,77.28843168959999,true,false,false,,涨停,6天5板,4天4板,13.853451035988948,5.002000000000001,4.655714285714285,-3.3864541832669315,18.563976679963194,525.7155203262722,false,3.36,0.5778608210509304,0.02235701441262702,0.5288676178620091,0.006054122531435255,0.4651940817408922,0.0025139202822640917,0.00825264023292226,0.5195641976634583,25.978804665828758,2.1040891750589417,0.48333333333333334,0.9558681826941607,0.3762571375108974,0.666062660102529,断板,4.387142857142857,-0.051039697542533125,522.4009647974981,14.425268642136105,0.6551930694052354,0.5314723363493352,0.9340786430223593,0.3763074957881114,0.0067092085490862725,2913428206.0,-7.159436394225671,10.55030934549006,1,SHSE.600108,2026-03-06,2026-03-06T09:30:00.000000,4.85,2026-03-09T11:30:00.000000,5.23,6.975808107775102,1.5,未涨停卖出
SHSE.600339,中油工程,2026-03-06,4.63,4.81,4.59,4.65,4.82,-0.03526970954356845,193768632.0,903357616.0,5.3,4.34,false,false,4.35953,3.47059849317027,259.6163574015,25961635740.15,62.98304216250001,false,false,false,,未涨停,未涨停,2天2板,3.807554745852422,4.9,4.704285714285715,-3.9419087136929543,-1.1539629517157601,466.20425952122116,false,3.41,0.6257063068770289,0.01357051164496203,0.7409565405667106,0.006297307296071559,0.24589932044079202,0.0013942560282265337,0.006281032785496146,0.5693893277909987,29.17939057088049,2.387930977460614,0.5333333333333333,0.9211794179996146,0.42900008992139715,0.6750897539605059,断板,4.651428571428572,-0.08015267175572516,487.43114626644945,3.6240786240786145,0.6597701892946064,0.7184814476187322,0.9107555898226677,0.40878478876654517,0.0057935289856167055,1645395316.0,-5.012225101654555,-0.4606879606879777,1,SHSE.600339,2026-03-06,2026-03-06T09:30:00.000000,4.63,2026-03-09T11:30:00.000000,4.92,5.416777813153443,1.5,未涨停卖出
SHSE.603619,中曼石油,2026-03-06,42.03,43.32,40.08,40.45,43.69,-0.07415884641794446,56317143.0,2309162346.0,48.06,39.32,false,false,1.11142,12.180934045199411,187.0159074745,18701590747.45,141.52138352500003,false,false,false,,未涨停,未涨停,2天2板,4.461543488158992,43.034,41.10714285714285,-3.799496452277401,-1.5986099044308983,4100.283187305862,false,24.85,0.735163150338465,0.019120937602671667,0.8461680469371945,0.012634507514686517,0.7024664688556376,0.0061218740419320666,0.011978003490457212,0.7808565941929815,21.017007187816777,1.7726269001452668,0.5166666666666667,0.9884370784351513,0.46115356373234995,0.7247953210837506,断板,40.72857142857142,-0.07141339001062696,4446.288113024603,7.271132935812011,0.7227044161973021,0.8323097518755009,0.9878565921356978,0.45755224025890645,0.011358425878197327,3857795248.0,-5.471712737461488,3.195370045598067,1,SHSE.603619,2026-03-06,2026-03-06T09:30:00.000000,42.03,2026-03-09T11:30:00.000000,43.11,1.752305552948792,1.5,未涨停卖出
SZSE.000968,蓝焰控股,2026-03-06,9.76,9.97,9.51,9.77,10.11,-0.03363006923837786,82236929.0,797600503.42,11.12,9.1,false,false,1.98503,8.499917612629613,94.52500988199999,9452500988.199999,39.2733079499,false,false,false,,未涨停,未涨停,2天2板,8.599646434047013,10.173999999999998,9.707142857142856,-3.4619188921859516,0.6475349521707262,969.8811873434622,false,6.85,0.6662788669031787,0.016278420497742814,0.7174287687808354,0.0067999298626179455,0.2515701007802077,0.001551645072412711,0.007121142552581349,0.5674411880051158,26.963685972457785,2.2937625228392498,0.48333333333333334,0.9398728078627867,0.4156796593135714,0.6777762335881791,断板,9.532857142857141,-0.0908273381294964,1029.5352551636797,6.054248463959252,0.6596678520472974,0.69065509603838,0.9267540478026214,0.3925816562919733,0.006471663870605536,1317426823.88,-5.199943847981048,2.382736400419616,1,SZSE.000968,2026-03-06,2026-03-06T09:30:00.000000,9.76,2026-03-09T15:00:00.000000,10.19,3.573819476193592,2.0,未涨停卖出
SHSE.603138,海量数据,2026-02-25,20.33,22.8,20.0,22.33,20.93,0.06688963210702337,53810472.0,1142721418.0,23.02,18.84,false,false,3.11105,18.66197549202278,65.62177614299999,6438695840.499999,35.7764107701,false,false,false,,未涨停,未涨停,5天3板,14.005577388168284,21.938,20.889999999999997,-2.8666985188724388,6.8932503590234635,2123.6041527381512,false,14.47,0.5676338698979044,0.014705615087827927,0.6054950300491253,0.006398386259700267,0.03765909366112768,0.000590710357424053,0.006317529254642935,0.4275720171024818,26.349776411349357,2.243518468184766,0.48333333333333334,0.9377409406322282,0.325300868256145,0.6315209044441866,断板,20.302857142857142,-0.0997849462365592,2143.18053058681,3.088938924852238,0.6150442808095262,0.5860614166700397,0.9254047802621435,0.304683781356909,0.005818516515299284,681454640.0,-5.140982246448589,0.13368983957218195,1,SHSE.603138,2026-02-25,2026-02-25T09:30:00.000000,20.33,2026-02-26T11:30:00.000000,22.44,9.499238657764439,1.5,未涨停卖出
SZSE.002201,九鼎新材,2026-04-24,14.2,15.28,14.2,14.2,14.8,-0.04054054054054068,128817179.0,1890480025.97,16.28,13.32,false,false,7.40536,21.39737965226088,92.53234622199999,8548728730.0,55.941134584,false,false,true,断板,断板,断板,2天2板,22.79940771380636,14.182000000000002,13.625714285714285,-4.054054054054063,4.214720067100024,1467.5682549840653,false,10.25,0.6596431321581112,0.014328730524268822,0.26861364689416284,-0.003246589469984035,0.49062002745271066,0.004154050149256924,0.0024886664146388246,0.4134214581145169,22.58100049501352,2.553030237850667,0.5,0.8228505481823427,0.26560846161296897,0.5442295048976559,炸板,13.281428571428572,-0.03394255874673624,1567.3876846166086,11.43379584812305,0.5368816593624552,0.3059230916035648,0.8056944978838014,0.26806882084110895,0.0022065512567886764,2974735650.96,-9.40339687897066,6.916209529955886,1,SZSE.002201,2026-04-24,2026-04-24T09:30:00.000000,14.2,2026-04-27T11:30:00.000000,14.31,-0.028337354806122712,1.5,未涨停卖出
SZSE.002866,传艺科技,2026-05-12,26.68,26.76,24.89,24.89,27.65,-0.09981916817359848,38984549.0,988270953.42,30.42,24.89,false,false,1.76652,21.513166977559482,72.0620895184,4510379274.34,35.578484076500004,false,false,true,断板,断板,断板,2天1板,21.34911704162404,26.781999999999993,26.57714285714286,-3.508137432188061,-6.3480971834014275,2535.032413533885,true,19.78,0.4525821906913235,0.0076792198530963845,0.7790271543751359,0.006650780657376051,0.4967969254355291,0.0026341535151638623,0.005651480353856461,0.6290690929564914,26.917921038572864,2.542372816719335,0.5333333333333333,0.9130936358392617,0.45912023747122765,0.6861069366552447,断板,26.871428571428574,-0.05760054533060677,2829.187854714446,2.897395002658147,0.7086955188263252,0.7782577253588359,0.930782541818881,0.4866084958337694,0.0062047572090724815,1651023498.0,-5.697318912416827,-0.7123870281765088,1,SZSE.002866,2026-05-12,2026-05-12T09:30:00.000000,26.68,2026-05-13T11:30:00.000000,24.83,-7.675594473679485,1.5,未涨停卖出
SZSE.002667,*ST威领,2026-03-16,28.79,30.32,28.16,29.01,30.11,-0.036532713384257676,39412222.0,1141880734.18,33.12,27.1,false,false,3.47008,16.656969456196038,75.59759415,6864085110.0,54.08305493070001,false,false,false,,未涨停,未涨停,4天2板,9.759938464399367,31.117999999999995,30.040000000000003,-4.383925606110928,-3.4287616511318277,2897.2757084845407,false,16.01,0.8304932631227047,0.029226765201377066,0.8156208152504538,0.015215670700581342,0.6530693894201817,0.007136667605716684,0.01559418867228109,0.7698298770758223,20.496388922832978,1.562855866945818,0.5833333333333334,0.9949894006552322,0.45455746462822777,0.72477343264173,断板,29.361428571428576,-0.09985052316890897,3108.05298658356,2.5495061548192313,0.7224417409011179,0.798484411151093,0.9944112545769898,0.4504722272252461,0.01533840666424947,998987593.7,-7.369661571804165,-1.946187904442187,1,SZSE.002667,2026-03-16,2026-03-16T09:30:00.000000,28.79,2026-03-17T11:30:00.000000,29.68,2.269906134406437,1.5,未涨停卖出
SZSE.002051,中工国际,2026-04-13,10.2,10.3,9.69,9.84,10.73,-0.08294501397949683,121638614.0,1202057842.2,11.8,9.66,false,false,5.66618,9.830672121991089,121.7610394008,12175403135.28,44.264098166400004,false,false,false,,未涨停,未涨停,5天3板,7.706371727776242,10.816,10.50285714285714,-4.939422180801502,-6.311207834602806,988.220600902276,true,8.01,0.6007613622769907,0.014324820093129355,0.28016740409828045,0.00221856069270472,0.1683307657221725,0.0006679081735715549,0.004174616817049698,0.3107352042211901,31.45230238863196,2.7152033524009025,0.5166666666666667,0.9358875625721987,0.26862368088050365,0.6022556217263512,断板,10.38428571428571,-0.06695652173913036,1097.0545152459829,3.3292062181868682,0.46804619826756494,0.2496490787770686,0.9360923965351299,0.0,0.00396424548097802,1826748214.58,-7.023763557338414,-1.7746595130003762,1,SZSE.002051,2026-04-13,2026-04-13T09:30:00.000000,10.2,2026-04-16T11:30:00.000000,11.6,12.81931099132882,3.5,未涨停卖出
SZSE.002491,通鼎互联,2026-04-13,14.18,15.55,13.88,14.82,14.59,0.015764222069911016,263124485.0,3855359942.74,16.05,13.13,false,false,4.20355,22.365613870968286,182.2851849,17435268668.22,114.4530907884,false,false,false,,未涨停,未涨停,2天2板,10.951048062197303,14.914000000000001,14.161428571428571,-2.810143934201509,4.6504589932412035,1465.2227985320333,false,9.34,0.7931486159037848,0.02433246748689602,0.8182793792304002,0.013749597095314913,0.7960921820990025,0.009345347251531912,0.014544896220496234,0.8065970674256577,18.25897769636533,1.5312499765527345,0.6333333333333333,0.9969195225259915,0.451944430539718,0.7244319765328547,断板,13.752857142857142,-0.09603469640644369,1497.147445723717,6.087046847408338,0.722240474897313,0.8150477736357886,0.9965351299326275,0.44794581986199855,0.013992410611392407,4613556644.58,-5.286549828461117,3.1058481354523826,1,SZSE.002491,2026-04-13,2026-04-13T09:30:00.000000,14.18,2026-04-14T11:30:00.000000,15.23,6.5489803831219575,1.5,未涨停卖出
SHSE.600108,亚盛集团,2026-03-10,5.21,5.97,5.2,5.97,5.43,0.09944751381215466,448012536.0,2570785548.0,5.97,4.89,false,false,9.85652,23.011405642064457,116.23083272369999,11623083272.369999,83.5891190556,true,false,false,,涨停,8天6板,6天5板,22.69620708681458,5.446,5.201428571428571,-4.051565377532224,14.776160395495747,573.8200031081274,false,3.37,0.7511019993565988,0.03077461094595788,0.5400458120004004,0.007488618219050221,0.4421293750535852,0.0029743138326852334,0.010791525448522257,0.5528821183875955,25.04600949124785,1.9899999603990008,0.5,0.9826556176527269,0.3850694269579317,0.6838625223053293,断板,4.9157142857142855,-0.016304347826086918,547.6828808476037,10.46207497820401,0.6802497212343409,0.5422763154668793,0.973405280400848,0.3870941620678339,0.009476089730357396,2443476986.0,-4.871958167892476,5.986631793083408,1,SHSE.600108,2026-03-10,2026-03-10T09:30:00.000000,5.21,2026-03-12T11:30:00.000000,6.88,31.001521744117582,2.5,未涨停卖出
SHSE.600664,哈药股份,2026-04-17,4.25,4.44,4.12,4.17,4.4,-0.05227272727272736,403161559.0,1705462075.0,4.84,3.96,false,false,9.56457,16.007940363542176,105.0218618292,10502186182.92,54.4324459395,false,false,true,断板,断板,断板,2天2板,14.174791725136757,4.143999999999999,4.032857142857143,-3.409090909090917,3.4006376195536627,423.02199625138365,false,3.2,0.800982283992091,0.014440831625129732,0.20281419191384753,0.0015461859994943023,0.009597899341146555,-0.00013102090851487735,0.0036219530522186346,0.2644829225576859,36.25789637273483,2.9047618203854904,0.48333333333333334,0.8970559938426015,0.0,0.44852799692130074,炸板,3.9714285714285715,-0.009009009009009028,464.55100001192295,10.791366906474826,0.4467859892224788,0.1609345691149869,0.8935719784449576,0.0,0.0032203577340057885,2832986596.0,-8.513812264080345,7.014388489208634,1,SHSE.600664,2026-04-17,2026-04-17T09:30:00.000000,4.25,2026-04-20T11:30:00.000000,4.11,-4.064682446683837,1.5,未涨停卖出
SZSE.002824,和胜股份,2026-04-17,28.0,31.12,27.69,30.18,28.78,0.04864489228630986,56108283.0,1667175249.47,31.66,25.9,false,false,2.21719,25.503632844811623,93.91377330840001,6639634405.2,49.4024420718,false,false,true,断板,断板,断板,5天3板,14.077682052011188,28.522,27.264285714285723,-2.710215427380129,10.694262509824433,2971.3531769810174,false,16.57,0.8653334506147148,0.03180461094685247,0.0000490746085806499,0.000052340958875878354,0.22161071658273737,0.0016932744761998773,0.006895075011668396,0.2395744424020545,22.41374956656623,2.0858453038057303,0.5,0.9599769097556282,0.0,0.4799884548778141,断板,25.93571428571429,-0.028359216745442284,2944.6210868477606,10.966675846874125,0.47555812163202466,0.002544126847787284,0.9511162432640493,0.0,0.005959530690301904,1404623863.58,-4.911364911896987,7.959239878821234,1,SZSE.002824,2026-04-17,2026-04-17T09:30:00.000000,28.0,2026-04-20T11:30:00.000000,29.34,3.950768355150833,1.5,未涨停卖出
SZSE.000720,新能泰山,2026-04-10,5.8,6.03,5.43,5.43,6.03,-0.09950248756218916,243645515.0,1360586920.68,6.63,5.43,false,false,7.25845,19.390321789216706,68.2296643053,6822966430.53,39.7809080001,false,false,false,,未涨停,未涨停,10天8板,16.679678927595102,6.126,5.848571428571428,-3.814262023217254,-7.15681485100146,558.428880039101,true,3.68,0.773391946630583,0.02786629312003969,0.6403775269966615,0.008656894616791932,0.4360107068113057,0.003250381345487175,0.010876820336050056,0.605670364867839,18.7362361686727,1.8316326195124433,0.5,0.9917228103946102,0.3883381428647372,0.6900304766296737,断板,5.852857142857142,-0.09999999999999998,615.1711825773567,3.0266048328045048,0.6887953569840317,0.6311770070281073,0.9928750240708646,0.38471568989719873,0.010884580370891619,2078864279.32,-5.717300090358846,-0.9030998291432724,1,SZSE.000720,2026-04-10,2026-04-10T09:30:00.000000,5.8,2026-04-13T11:30:00.000000,5.22,-10.717131474103585,1.5,止损卖出
SZSE.002418,康盛股份,2026-04-22,5.97,6.74,5.93,6.74,6.13,0.09951060358890707,336389699.0,2126651972.51,6.74,5.52,false,false,5.00041,29.601415609792635,76.59336,7659318058.12,59.2592485812,true,false,false,,涨停,4天3板,2天2板,13.28608810063932,6.3,6.1571428571428575,-2.610114192495924,9.466357308584685,632.1988987272764,false,3.95,0.7914846350347892,0.02172907090552724,0.24453230410767446,0.0031429056068429436,0.02189634745009053,0.0004149977836080805,0.006041766319609345,0.28713198329582224,21.62935696427443,2.261980779505355,0.5166666666666667,0.9426702577914583,0.0,0.47133512889572915,断板,6.088571428571428,-0.09985315712187959,639.3930244304449,0.6804317221961584,0.46941719561454126,0.19491002714418526,0.9388343912290825,0.0,0.005644113210551937,2678838394.07,-6.630198142716304,-1.9474425152510522,1,SZSE.002418,2026-04-22,2026-04-22T09:30:00.000000,5.97,2026-04-23T11:30:00.000000,6.55,8.841017838194972,1.5,未涨停卖出
SHSE.600186,莲花控股,2026-05-28,11.31,11.55,10.68,10.95,11.87,-0.07750631844987366,395247239.0,4312486068.0,13.06,10.68,false,false,5.41324,22.09148621927292,196.30772818949998,19591064286.449997,145.84629558,false,false,false,,未涨停,未涨停,5天3板,13.21447876272634,12.138,11.77142857142857,-4.717775905644472,-6.978155339805824,1091.0856907971975,true,7.1,0.34943325513593143,0.007931910221262302,0.8909402563027979,0.013324569722005257,0.7055891415197191,0.006457368400266649,0.010185877425335083,0.727033521634501,18.701615950361223,1.6768665569485046,0.48333333333333334,0.9613907030349597,0.4252166832983122,0.6933036931666359,断板,11.858571428571427,-0.1000758150113723,1231.8412250858294,0.09637393085171328,0.7023090502405429,0.8839647119064167,0.9673390970220941,0.43727900345899173,0.010637440171612106,2588813005.0,-8.186219378946602,-4.625948680881797,1,SHSE.600186,2026-05-28,2026-05-28T09:30:00.000000,11.31,2026-05-29T11:30:00.000000,10.4,-8.778678389888714,1.5,未涨停卖出
SHSE.603005,晶方科技,2026-05-28,41.88,46.36,40.99,45.6,43.01,0.06021855382469199,144568467.0,6361660903.0,47.31,38.71,false,false,2.81344,22.167239956895646,297.390297936,29739029793.600002,242.40635601600002,false,false,false,,未涨停,未涨停,4天2板,16.417966007252698,43.18000000000001,41.25428571428571,-2.627295977679599,10.533970496571806,4400.448476084345,false,27.67,0.7824901221181341,0.02087139389997853,0.3769028266010087,0.004836563529033072,0.33565552670677196,0.001958903147467064,0.007180231488752361,0.44564609573616276,28.416732627034065,2.210649180462389,0.5666666666666667,0.9266231271609681,0.3252511257399093,0.6259371264504386,断板,39.51857142857143,-0.04634146341463419,4421.427865992641,8.83490583089325,0.6034008719854294,0.3034451879025918,0.9056676272814601,0.30113411668939855,0.006146427890958906,7025591710.0,-5.279467924560044,5.975490727686816,1,SHSE.603005,2026-05-28,2026-05-28T09:30:00.000000,41.88,2026-05-29T11:30:00.000000,41.16,-2.5023116702245716,1.5,未涨停卖出
SHSE.600611,大众交通,2026-05-26,5.89,6.27,5.53,5.54,6.14,-0.09771986970684032,271631577.0,1591957736.0,6.75,5.53,false,false,216.38,17.375342781226077,86.60772656559999,8660772656.56,60.393218066,false,false,true,断板,断板,断板,3天3板,6.361164975306303,5.688000000000001,5.36,-4.071661237785016,3.358208955223875,586.0724123396008,true,4.32,0.4216727426737796,0.011955095494965155,0.1587449689293773,-0.0019946454840201,0.44935705286940214,-0.0017691956719753847,0.0008629376553903659,0.2985141488602652,31.863280708552523,2.903083616161582,0.45,0.6503362151777138,0.0,0.3251681075888569,断板,5.202857142857143,0.0016313213703098572,621.9410472479183,18.012081274025256,0.45072306974901133,0.23140003469665069,0.5817483189241114,0.3196978205739112,0.0002619428502275854,2259568073.0,-5.2964903014010805,13.207029104887425,1,SHSE.600611,2026-05-26,2026-05-26T09:30:00.000000,5.89,2026-05-27T11:30:00.000000,5.23,-11.912959367961092,1.5,止损卖出
SHSE.600770,综艺股份,2026-04-28,6.71,7.66,6.62,7.66,6.96,0.10057471264367823,190943847.0,1367820503.0,7.66,6.26,false,false,20.9854,14.68798823076923,99.58,9958000000.0,55.395191288599996,true,false,false,,涨停,4天3板,2天2板,5.413808346153846,6.738000000000001,6.454285714285713,-3.5919540229885056,18.680832226648988,716.3469912701612,false,5.18,0.5924165100143979,0.013378782888764538,0.25807331617937324,-0.0026332846517627007,0.1970662406176662,0.0013168922237619192,0.001754181919000133,0.30663983227786606,27.561836542879288,3.080321190256772,0.5333333333333333,0.7668333974605618,0.2298743390038851,0.49835386823222344,炸板,6.185714285714284,-0.001434720229555153,733.8670243978056,12.51732101616631,0.48360834448869583,0.4220777616205258,0.672951135051943,0.2942655539254487,0.0006949046372326092,1974729840.0,-8.566541663238358,8.475750577367226,1,SHSE.600770,2026-04-28,2026-04-28T09:30:00.000000,6.71,2026-04-29T11:30:00.000000,7.8,15.318161036925327,1.5,未涨停卖出
SHSE.601958,金钼股份,2026-06-01,23.49,25.2,23.02,23.2,24.17,-0.04013239553165093,113895331.0,2734374456.0,26.59,21.75,false,false,1.63707,3.5298820952453918,748.5722208,74857222080.0,193.98886990399998,false,false,true,断板,断板,断板,3天2板,3.2778655945550685,24.372,23.538571428571426,-2.8134050475796575,-1.4383686350670575,2400.778356752833,false,18.35,0.44885721403246415,0.008689105953023092,0.014493125218768206,0.0007116548660326881,0.4456625604981813,0.003129455789531046,0.0030324853604802764,0.23071677356533132,25.775074890306673,2.816008236709289,0.4666666666666667,0.8384556281213984,0.0,0.4192278140606992,断板,23.24142857142857,-0.09981378026070764,2481.189905999047,3.9953285389390953,0.4085670380330388,0.0007591362155996532,0.8171340760660776,0.0,0.0029277465877390425,3190128537.0,-5.327681919043636,1.0695187165775444,1,SHSE.601958,2026-06-01,2026-06-01T09:30:00.000000,23.49,2026-06-02T11:30:00.000000,23.16,-2.1904718291584397,1.5,未涨停卖出
SHSE.600172,黄河旋风,2026-05-18,10.77,11.98,10.77,11.04,11.06,-0.001808318264014619,214814585.0,2438056257.0,12.17,9.95,false,false,8.60261,16.831625244391653,159.2171661504,14089863479.999998,86.11389965279999,false,false,false,,未涨停,未涨停,3天3板,19.8193694066935,11.305999999999997,10.742857142857144,-2.622061482820985,2.765957446808494,1134.9584372960524,false,7.55,0.5646064170582803,0.01700722520740407,0.023832601334898812,0.0010287981330248158,0.6119861928324042,0.004457026003552546,0.005252951909058986,0.3084334419288267,21.803546894325837,2.521212057647017,0.5166666666666667,0.8879277201076509,0.21410091359630556,0.5510143168519782,断板,10.428571428571429,-0.0650887573964497,1138.2258569142937,6.054794520547947,0.43675509419454056,0.014697806974804129,0.8735101883890811,0.0,0.004722482413057262,3217547711.0,-5.379060451172302,3.2739726027397165,1,SHSE.600172,2026-05-18,2026-05-18T09:30:00.000000,10.77,2026-05-19T11:30:00.000000,10.74,-1.0731447469176092,1.5,未涨停卖出
SZSE.002031,巨轮智能,2026-05-19,7.93,8.53,7.86,8.38,8.18,0.02444987775061147,455823901.0,3741348869.36,9.0,7.36,false,false,14.928,23.819972815760526,184.30935714600002,16036140426.880001,142.4919553702,false,false,true,断板,断板,断板,2天1板,25.302219785496288,7.978,7.764285714285713,-3.0562347188264063,7.930082796688155,820.7882169302922,false,5.41,0.6855479738377064,0.02004219946749599,0.1179227097944234,-0.0021622860071044696,0.31416465263123444,-0.0016780323019265264,0.0024238871993690052,0.29032034545412333,30.27972303531088,2.595870139104256,0.45,0.7610993657505285,0.0,0.38054968287526425,断板,7.575714285714284,-0.02619047619047632,838.1972102410447,7.976617009240075,0.48760243440199275,0.21001460867501767,0.697039600153787,0.2781652686501985,0.0014789826801084886,5532282730.39,-5.392192874042989,4.676598151989464,1,SZSE.002031,2026-05-19,2026-05-19T09:30:00.000000,7.93,2026-05-21T11:30:00.000000,7.54,-5.675658023643133,2.5,未涨停卖出
SZSE.000062,深圳华强,2026-04-29,35.12,36.44,34.66,35.65,36.1,-0.01246537396121894,102095244.0,3609710703.69,39.71,32.49,false,false,8.2004,9.77081409479119,372.86667329299996,37250687745.049995,118.5830096095,false,false,true,断板,断板,断板,4天3板,9.325897931450404,35.036,33.92714285714286,-2.7146814404432242,5.078108551939011,3535.6306153595165,false,24.13,0.8448783858772102,0.01918772739104913,0.5764229157056056,0.005259707584597579,0.1421401651336655,0.001037293921499912,0.006778587446958589,0.49982918456834446,25.17936231425648,2.378640720119711,0.5666666666666667,0.94978838014621,0.35817149570962076,0.6539799379279154,断板,33.28714285714286,-0.04156738151972461,3739.7551227453428,8.750697394961586,0.6408597931867148,0.5462840292606305,0.9457483647556753,0.3359712216177545,0.0064908035001340365,5429513960.6,-6.0901079153586,5.506201450581494,1,SZSE.000062,2026-04-29,2026-04-29T09:30:00.000000,35.12,2026-04-30T11:30:00.000000,37.34,5.474003757180842,1.5,未涨停卖出
SHSE.600850,电科数字,2026-05-21,21.91,22.83,21.26,21.55,22.5,-0.04222222222222216,40423219.0,894173498.0,24.75,20.25,false,false,9.17874,5.9428541341566525,146.5828286855,14658282868.550001,83.5832957755,false,false,true,断板,断板,断板,2天2板,4.778390864442955,21.124,20.66428571428571,-2.622222222222222,4.286208088489477,2212.0294229907818,false,18.53,0.0833162326618146,0.002422616232494872,0.7804318881380868,-0.006619068302051181,0.5647173367484078,-0.0032191472128254317,-0.0037907550683742453,0.5762943916259288,30.416937589723595,2.795542557508331,0.43333333333333335,0.07572554295598694,0.462236618895086,0.26898108092553646,断板,20.37285714285714,-0.00044424700133283146,2298.9455403616585,10.441063039057589,0.25599943147494014,0.8107775415305695,0.049971170478570054,0.4620276924713102,-0.0041917408228490955,1502473467.0,-4.695437036958994,7.545052941588959,1,SHSE.600850,2026-05-21,2026-05-21T09:30:00.000000,21.91,2026-05-22T11:30:00.000000,21.46,-2.8343040435246785,1.5,未涨停卖出
SHSE.600301,华锡有色,2026-06-04,63.27,65.8,63.26,64.07,65.72,-0.02510651247717599,18147339.0,1168447854.0,72.29,59.15,false,false,1.76438,6.590987021402431,405.2859837953,17640757081.67,126.3173456098,false,false,true,断板,断板,断板,2天2板,7.326449091790613,62.367999999999995,60.669999999999995,-3.7279367011564144,5.604087687489696,6438.6732071297065,false,48.55,0.042635438692650615,0.0025273504404045182,0.12904878587192728,0.0020597916069871845,0.3899714101606625,0.0030312440859882697,0.0024447391173709767,0.1900429037226925,22.167104633590434,2.792634029297778,0.4166666666666667,0.839193083573487,0.0,0.4195965417867435,断板,60.262857142857136,-0.012471825694966188,6672.6475799867485,9.055566091409077,0.40278578290105665,0.06450780934192017,0.8055715658021133,0.0,0.001801690029980348,2393854357.0,-5.180066470518363,4.990043618433537,1,SHSE.600301,2026-06-04,2026-06-04T09:30:00.000000,63.27,2026-06-05T11:30:00.000000,61.76,-3.1643931622962898,1.5,未涨停卖出
SZSE.002579,中京电子,2026-06-04,18.88,21.0,18.71,20.61,19.45,0.05964010282776355,239211180.0,4756007942.91,21.4,17.51,false,false,4.69783,41.00210888055704,126.26069758199999,12024119135.34,81.7435796499,false,false,true,断板,断板,断板,6天5板,34.14832031746911,19.368,18.795714285714286,-2.9305912596401043,9.652656380633877,1988.2047080366394,false,11.82,0.7313362985079106,0.02648242121067371,0.49471522046383026,0.006459352488516515,0.3458373164081216,0.0022559933569753807,0.009202958493485614,0.4973760648559338,22.938929334003504,2.024051762917435,0.5666666666666667,0.9659942363112392,0.3005681592615183,0.6332811977863787,断板,18.0,-0.06310211946050104,2005.8704859488205,8.055555555555552,0.6231439677635245,0.47685955965419935,0.9540826128722383,0.29220532265481086,0.008203666012121856,5494938575.93,-5.876275999597514,4.888888888888876,1,SZSE.002579,2026-06-04,2026-06-04T09:30:00.000000,18.88,2026-06-05T11:30:00.000000,19.25,1.1473175096225339,1.5,未涨停卖出
SHSE.600184,光电股份,2026-04-27,23.15,23.46,22.22,23.03,24.13,-0.04558640696228755,51927365.0,1190433186.0,26.54,21.72,false,false,3.31475,8.911089291572575,134.20213588040002,13420213588.04,57.609799481500005,false,false,false,,未涨停,未涨停,3天2板,6.156611189641055,24.336,24.048571428571428,-4.061334438458353,-4.235475822739686,2292.4968097264323,false,14.32,0.85937135004385,0.019352512334971216,0.27820556396829915,0.00379500594407705,0.11452172910892919,0.0009734210191283858,0.006060031744771284,0.34533357072559834,25.061810786551494,2.1670741176670734,0.5,0.9384378607156598,0.20940768370072188,0.5739227722081909,断板,23.882857142857144,-0.041319030591974726,2440.308190530536,1.0348127766479138,0.5681893690793496,0.23392043396702403,0.9436430082708213,0.19273572988787796,0.006246243959685785,1195374425.0,-5.134932998085528,-3.068548869482013,1,SHSE.600184,2026-04-27,2026-04-27T09:30:00.000000,23.15,2026-04-28T11:30:00.000000,22.29,-4.482114737593902,1.5,未涨停卖出
SHSE.600736,苏州高新,2026-04-27,8.14,8.19,7.65,7.65,8.5,-0.09999999999999998,168146215.0,1302242241.0,9.35,7.65,false,false,27.3978,14.604990092238967,88.07390738550001,8807390738.550001,46.222497531,false,false,true,断板,断板,断板,3天3板,5.790648779413236,7.8100000000000005,7.375714285714287,-4.235294117647053,3.718768158047631,774.4701484954627,true,5.77,0.5894533298887533,0.016420891246895913,0.10757253433857619,-0.0017258711171672405,0.15738645816093247,0.0011319421139543062,0.0027608253249818545,0.2188928705953185,27.63636370676199,2.6773255097146276,0.4666666666666667,0.8355136590996537,0.0,0.41775682954982685,炸板,7.16857142857143,0.015531660692951199,905.405691455524,18.573136707851713,0.40517407193691096,0.16049090978832808,0.8103481438738219,0.0,0.0022524001229994434,2919083849.0,-10.095550792107433,13.551215623754477,1,SHSE.600736,2026-04-27,2026-04-27T09:30:00.000000,8.14,2026-04-28T11:30:00.000000,8.16,-0.5530702741858229,1.5,未涨停卖出
SZSE.002201,九鼎新材,2026-04-27,13.78,14.55,13.55,14.13,14.2,-0.004929577464788615,92873980.0,1320792912.71,15.62,12.78,false,false,7.40536,15.426978181819088,92.0762008533,8506587109.5,55.6653684276,false,false,false,,未涨停,未涨停,2天2板,22.79940771380636,14.476000000000003,13.894285714285713,-2.957746478873239,1.6964836520666389,1422.134501730194,false,10.25,0.6912242077414441,0.014920051246215595,0.21460818242116522,-0.002909676745069486,0.4914857954793006,0.00414334164045426,0.002772174368844654,0.39299467140266164,23.573798879549305,2.553030237850667,0.48333333333333334,0.8364755675259715,0.2547138288980484,0.5455946982120099,断板,13.625714285714285,-0.04054054054054068,1467.5682549840653,4.214720067100024,0.5442295048976559,0.26861364689416284,0.8228505481823427,0.26560846161296897,0.0024886664146388246,1890480025.97,-6.103174736839612,1.1323128538477611,1,SZSE.002201,2026-04-27,2026-04-27T09:30:00.000000,13.78,2026-04-28T11:30:00.000000,14.55,4.7464712991286,1.5,未涨停卖出
SHSE.600611,大众交通,2026-05-27,5.34,5.54,5.1,5.17,5.54,-0.06678700361010836,200754631.0,1060452792.0,6.09,4.99,false,false,216.38,12.841587002027952,80.8234560188,8082345601.88,56.359735993,false,false,false,,未涨停,未涨停,3天3板,6.361164975306303,5.71,5.458571428571429,-3.610108303249101,-5.286574195236859,528.2332899209682,false,4.32,0.44586837374338634,0.012303765234760958,0.1187090443559469,-0.00168913770320849,0.45287169996668053,-0.0017774957474585237,0.0010829354711103896,0.2843897069166549,30.74386909439227,2.903083616161582,0.45,0.6835734870317003,0.0,0.34178674351585014,断板,5.36,-0.09771986970684032,586.0724123396008,3.358208955223875,0.3251681075888569,0.1587449689293773,0.6503362151777138,0.0,0.0008629376553903659,1591957736.0,-8.884979269324022,-0.3731343283582156,1,SHSE.600611,2026-05-27,2026-05-27T09:30:00.000000,5.34,2026-05-28T11:30:00.000000,4.89,-9.15663189936884,1.5,未涨停卖出
SZSE.002584,西陇科学,2026-06-26,9.92,10.33,9.5,9.62,10.27,-0.06329113924050633,142515196.0,1406599172.08,11.3,9.24,false,false,2.70026,30.42423684088241,56.29781979639999,4506263189.74,41.866523789999995,false,false,true,断板,断板,断板,2天2板,9.117877732829596,10.008,9.620000000000001,-3.407984420642645,-1.846524781081341e-14,986.9818879384624,false,7.05,0.7808305552068286,0.019225572396501474,0.28011617036897773,0.002540445291473824,0.2558950312878311,-0.0012837053746630512,0.004730225512638291,0.37299270561220393,29.034860316159634,2.4999999375000015,0.5833333333333334,0.8799231508165226,0.25506950183354704,0.5674963263250348,断板,9.459999999999999,-0.06805807622504534,1068.0761367576504,8.562367864693453,0.5607491470993821,0.2428351235442215,0.8726469458317326,0.2488513483670314,0.004247138270853983,2343296529.55,-7.122726006087365,4.862579281183943,1,SZSE.002584,2026-06-26,2026-06-26T09:30:00.000000,9.92,2026-06-29T11:30:00.000000,9.1,-8.997076211283915,1.5,未涨停卖出
SHSE.600758,辽宁能源,2026-06-03,5.05,5.66,5.0,5.39,5.25,0.026666666666666616,236695139.0,1232383900.0,5.78,4.73,false,false,2.79602,17.921357023270488,71.2567375366,7118806893.66,39.1694173409,false,false,true,断板,断板,断板,4天2板,13.270131904214544,5.0120000000000005,4.845714285714286,-3.809523809523813,11.232311320754702,520.662952862754,false,3.79,0.5424156226573168,0.01123636573337739,0.03244150704888446,0.0011986696414363338,0.32547318767239375,0.001817512829595097,0.003391861816272174,0.22234583435762373,19.07722880544969,2.515999936697442,0.5833333333333334,0.8670509125840538,0.0,0.4335254562920269,炸板,4.7457142857142856,0.01744186046511631,531.1944908171956,10.626128838049372,0.42700729927007297,0.02190710976769693,0.8540145985401459,0.0,0.003138098588351377,1440060302.0,-4.9312429383252425,6.411800120409383,1,SHSE.600758,2026-06-03,2026-06-03T09:30:00.000000,5.05,2026-06-04T11:30:00.000000,5.29,3.917794169855234,1.5,未涨停卖出
SHSE.600863,华能蒙电,2026-06-03,7.03,7.79,6.7,7.39,7.38,0.0013550135501354532,698213004.0,4959862388.0,8.12,6.64,false,false,20.3373,10.697487442993525,579.020508484,48233700923.29,225.57977845149998,false,false,false,,未涨停,未涨停,5天3板,7.626941390980191,7.325999999999999,7.062857142857142,-4.74254742547425,4.631877022653725,710.3652265978134,true,4.5,0.8616402056547353,0.028351091355744703,0.16399938352950966,0.003264850674763893,0.2974169797865447,0.001861518165597745,0.00786109905821021,0.3435528268316653,29.3315361063537,2.274787483664183,0.4666666666666667,0.9500480307396734,0.24421053977729235,0.5971292852584829,断板,6.854285714285715,-0.06818181818181823,737.1474385651626,7.66986244268444,0.5854836245434019,0.11897233251538805,0.9433346139070303,0.22763263517977333,0.007269985122393194,4299085599.0,-4.63237566580027,2.5635681533972443,1,SHSE.600863,2026-06-03,2026-06-03T09:30:00.000000,7.03,2026-06-04T11:30:00.000000,7.17,1.1787841521538058,1.5,未涨停卖出
SHSE.601101,昊华能源,2026-06-03,12.93,14.65,12.45,14.01,13.32,0.05180180180180183,117577412.0,1578841915.0,14.65,11.99,false,false,4.7755,8.165109815581777,201.74370943259999,20174370943.26,69.9625560246,false,true,false,,炸板,5天2板,3天2板,3.141112961575196,12.89,12.237142857142857,-2.927927927927932,14.48750875554518,1342.8105689211802,false,8.09,0.4475724682161297,0.01092448550289664,0.6650774219319397,0.007217413127389753,0.7231402886189053,0.004242728006107694,0.007066422066106512,0.6389952911948674,25.85481316233462,2.229832522576794,0.5833333333333334,0.9417867435158501,0.4201452070363041,0.680965975276077,炸板,11.777142857142858,0.0037678975131876236,1371.0059871793221,13.100436681222705,0.6580295398925637,0.6532479614797911,0.9212447176334998,0.3948143621516277,0.005873267740985419,1674523625.0,-5.689689754003924,9.788937409024733,1,SHSE.601101,2026-06-03,2026-06-03T09:30:00.000000,12.93,2026-06-04T11:30:00.000000,13.98,7.259130531239322,1.5,未涨停卖出
SZSE.000767,晋控电力,2026-06-03,5.92,6.35,5.51,6.07,6.11,-0.006546644844517169,780536145.0,4547253365.06,6.72,5.5,false,false,10.7823,26.80185767767903,186.7703926933,17677335866.52,68.4518162354,false,false,true,断板,断板,断板,2天2板,18.170127224082215,5.794,5.585714285714286,-3.109656301145669,8.670076726342705,582.5807548041225,true,3.73,0.6817247552406642,0.016513252753140438,0.525073559402797,0.006507939180016615,0.7923639978520165,0.005536725873352126,0.008217637902642032,0.6365909301051362,19.290879915962023,2.115384570636096,0.55,0.9548511047070125,0.3848596470060344,0.6698553758565234,断板,5.432857142857143,-0.004885993485341911,628.3504579968236,12.46384433342098,0.6636197925796745,0.4999008969699419,0.949289281598156,0.3779503035611932,0.007859851925765259,5682631045.51,-5.785061112664513,8.966605311596098,1,SZSE.000767,2026-06-03,2026-06-03T09:30:00.000000,5.92,2026-06-04T11:30:00.000000,5.81,-2.640115214816432,1.5,未涨停卖出
SHSE.600255,鑫科材料,2026-06-08,4.35,4.83,4.3,4.61,4.49,0.026726057906458767,496590402.0,2276126826.0,4.94,4.04,false,false,13.6324,27.494462763690237,83.2633746255,8326337462.55,74.5407797955,false,false,true,断板,断板,断板,3天3板,16.423045008169524,4.462,4.211428571428572,-3.1180400890868722,9.4640434192673,458.35095016596796,false,3.4,0.5466284697245446,0.013246564417301095,0.4023924180802343,0.003112006183267323,0.14054881503152025,-0.0008275501519019108,0.0039570509295233074,0.35268654749448214,27.61782735279452,2.6983239495368454,0.48333333333333334,0.8985590778097983,0.2639996808453262,0.5812793793275622,断板,4.087142857142857,-0.07039337474120078,458.43890232591514,9.856693463823841,0.5505310473370139,0.34144731005355006,0.8710854947166187,0.22997659995740896,0.003154675975940698,2694713110.0,-5.1127646905610895,6.431317721076546,1,SHSE.600255,2026-06-08,2026-06-08T09:30:00.000000,4.35,2026-06-09T11:30:00.000000,4.52,3.0800934194257343,1.5,未涨停卖出
SZSE.002421,达实智能,2026-05-22,3.86,4.36,3.71,4.36,3.96,0.101010101010101,647555988.0,2694157527.37,4.36,3.56,false,false,18.6243,32.32321863926826,92.45735946040001,8734724530.960001,73.9185894948,true,false,false,,涨停,6天5板,4天4板,14.438978554385915,4.0,3.732857142857143,-2.5252525252525277,16.800612323000383,416.0501296097968,false,2.43,0.7162416058332888,0.02317175818190229,0.2428438349055737,0.0036338166627647673,0.030135032984998995,0.00046851675888535537,0.006591814995428448,0.2737107485149443,24.674439403259083,2.0704845386287345,0.5166666666666667,0.919469536805689,0.0,0.4597347684028445,炸板,3.542857142857143,-0.07259953161592503,424.72581532993775,11.774193548387087,0.4415721699019796,0.18923126942427534,0.8831443398039592,0.0,0.005336098458134364,3931646379.15,-9.117838834414748,8.951612903225792,1,SZSE.002421,2026-05-22,2026-05-22T09:30:00.000000,3.86,2026-05-26T11:30:00.000000,4.73,21.56245484383711,2.5,未涨停卖出
SZSE.000777,中核科技,2026-06-22,18.82,19.38,18.4,19.12,19.67,-0.027961362480935503,43541315.0,819907551.83,21.64,17.7,false,false,7.32787,11.35630815141274,73.30944378160001,7330815012.240001,46.3053377848,false,false,true,断板,断板,断板,3天3板,8.102402039540387,19.716,18.714285714285715,-4.3213014743263924,2.1679389312977095,1883.0564759700069,false,15.91,0.07823370446751671,0.003771263759772209,0.7133063003927007,-0.005202066507460817,0.6667194734993349,-0.0034631499869954693,-0.0028857254978746074,0.5723157331396542,28.920127190618697,3.13270767666035,0.45,0.43515850144092216,0.43314614599194506,0.43415232371643364,断板,18.297142857142855,-0.10018298261665126,1993.5518286769811,7.5031230480949604,0.4067802331353896,0.7268343835493745,0.3834774255523535,0.4300830407184256,-0.003203252368835785,1077411298.06,-5.595632231493708,2.85758900687072,1,SZSE.000777,2026-06-22,2026-06-22T09:30:00.000000,18.82,2026-06-23T11:30:00.000000,18.32,-3.432391581389656,1.5,未涨停卖出
SHSE.603681,永冠新材,2026-06-17,25.77,26.94,25.18,26.2,26.93,-0.027107315261789888,33106961.0,862763905.0,29.62,24.24,false,false,1.0711,13.925593573499457,62.28835946,6228835946.0,40.48584082,false,false,true,断板,断板,断板,2天1板,12.966959579641495,25.764000000000003,24.841428571428576,-4.3074637950241375,5.468974639139663,2605.989432252631,false,18.08,0.3266807517453173,0.007343781920002385,0.8427543477520938,0.008265520594745387,0.1354507454827096,0.00128038963276441,0.005985633571202494,0.5273485478699232,30.76331255476987,2.33387484398682,0.65,0.9289145052833814,0.37935959600790586,0.6541370506456436,断板,24.270000000000007,-0.016794450529390326,2743.960443546675,10.96003296250512,0.6526662686659022,0.8299050742397226,0.9323727185398655,0.3729598187919388,0.005903786273304401,1181829004.0,-6.084651983206868,6.180469715698367,1,SHSE.603681,2026-06-17,2026-06-17T09:30:00.000000,25.77,2026-06-18T11:30:00.000000,23.59,-9.188855752774689,1.5,未涨停卖出
SZSE.002428,云南锗业,2026-06-17,97.97,100.3,96.12,99.26,101.2,-0.0191699604743083,100318227.0,9872188718.61,111.32,91.08,false,false,5.30909,15.36183068113627,648.286912,64820316137.5,510.3720574442001,false,false,true,断板,断板,断板,3天2板,17.515002952557143,96.49000000000001,92.47714285714287,-3.1916996047430866,7.33463095127753,9840.872405579896,false,73.43,0.26587555151230585,0.006426460681140368,0.7968307008407837,0.012438924055664633,0.8630925994073648,0.011001545770022204,0.010805217895067052,0.7105182405450624,17.151434511058007,1.583964989487808,0.6166666666666667,0.9759846301633045,0.3990561514753464,0.6875203908193255,断板,89.53142857142858,-0.002857424376785822,10390.742747119948,13.032933367372983,0.6803549538396971,0.8002818941599559,0.9767531219980787,0.3839567856813154,0.010498680186563435,15027228071.8,-5.71415115906434,9.425261679857023,1,SZSE.002428,2026-06-17,2026-06-17T09:30:00.000000,97.97,2026-06-18T11:30:00.000000,101.12,2.392837550481967,1.5,未涨停卖出
SHSE.603061,金海通,2026-07-03,452.18,489.1,440.0,472.73,470.7,0.0043127257276398545,4168919.0,1931558177.0,517.77,423.63,false,false,1.46251,4.7918609195402295,411.2751,41127510000.0,253.99492643780002,false,false,false,,未涨停,未涨停,5天3板,4.49166609195403,485.04200000000003,462.90142857142854,-3.934565540684084,2.1232536393122987,46332.35083243402,false,268.63,0.8654105107284062,0.03040312825227495,0.5254380540706733,0.008328501964488115,0.5276125545134377,0.004560470350107894,0.011613017737731416,0.5940848955350493,20.14848465124847,1.6671718424690962,0.6333333333333333,0.9680891964628989,0.276117020601626,0.6221031085322625,断板,450.6671428571429,-0.09999999999999998,48235.713588419814,4.445155911711832,0.6140776750412238,0.5047188966457833,0.9644504227517294,0.26370492733071804,0.011136404608124737,1378569459.0,-6.256181082276536,0.3356927982958613,1,SHSE.603061,2026-07-03,2026-07-03T09:30:00.000000,452.18,2026-07-06T11:30:00.000000,474.86,4.178923212012834,1.5,未涨停卖出
SHSE.601678,滨化股份,2026-07-06,6.66,6.79,6.24,6.24,6.93,-0.09956709956709953,282769521.0,1816788729.0,7.62,6.24,false,false,4.59782,13.838618944970953,128.3465836224,12750418362.24,105.4718547792,false,false,true,断板,断板,断板,2天1板,11.405627391700063,6.892000000000001,6.734285714285714,-3.89610389610389,-7.339838778107757,642.4980749604905,true,5.02,0.6887799547662432,0.013215808405246648,0.6224834993803323,0.0048399006426292,0.41080924691200005,0.0018952747136834998,0.0056316944164689796,0.5722405147170149,23.029979529652227,2.6941580030164993,0.48333333333333334,0.9021342049605845,0.3371611766715538,0.6196476908160692,断板,6.772857142857143,-0.10000000000000009,714.9056879522549,2.3201856148491795,0.6260895323989014,0.6224342811137278,0.9033064206074587,0.34887264419034414,0.006046975090027393,3052366108.0,-6.840858700164809,-1.6663151233916929,1,SHSE.601678,2026-07-06,2026-07-06T09:30:00.000000,6.66,2026-07-07T11:30:00.000000,6.09,-9.287175621836981,1.5,未涨停卖出
SHSE.600988,赤峰黄金,2026-07-07,30.31,31.49,30.23,30.42,31.6,-0.03734177215189871,71399982.0,2194340065.0,34.76,28.44,false,false,5.55955,4.291092839681273,506.16184118760003,50616184118.76,404.3878611552,false,false,true,断板,断板,断板,2天2板,3.1416741414938505,29.490000000000002,28.635714285714283,-4.082278481012667,6.2309802943377575,3073.306187948339,false,25.0,0.04354209309349692,-0.0027321655275936653,0.8788158879322809,-0.009010673556356812,0.16203105508346738,-0.0016933974438693529,-0.005559789116857945,0.49672567910988,24.28886128483965,2.157407360863341,0.38333333333333336,0.17169775043260913,0.2556714526896951,0.2136846015611521,断板,27.994285714285716,0.011847582452769734,3258.7926173273113,12.880179628495608,0.19319711986555818,0.891917774180254,0.13439723130167275,0.2519970084294436,-0.00575837594159204,4833331682.0,-6.990092469097798,8.27209634619308,1,SHSE.600988,2026-07-07,2026-07-07T09:30:00.000000,30.31,2026-07-08T11:30:00.000000,31.34,2.5743282232337488,1.5,未涨停卖出
SZSE.000608,阳光股份,2026-06-12,5.98,6.6,5.91,6.44,6.25,0.030399999999999983,81304559.0,519367208.33,6.88,5.63,false,false,11.1199,10.907103985942115,48.294417099600004,4800553479.96,44.3867216996,false,false,false,,未涨停,未涨停,4天2板,11.453838266261362,6.369999999999999,6.055714285714285,-4.319999999999993,6.345836282142031,638.7922334465894,false,3.46,0.8339707406475743,0.03247594023658186,0.3351750414651001,0.005715295576258331,0.685257398766219,0.005221161497229534,0.010919184284614398,0.5399588884919306,23.627944533141175,1.9637882622710103,0.48333333333333334,0.9809798270893372,0.32394235421437767,0.6524610906518574,断板,5.798571428571428,-0.09942363112391939,650.0175185283639,7.785168760778527,0.641926371897698,0.3056625947185818,0.9754082612872238,0.30844448250817225,0.01008975414956088,433741700.71,-8.002479478727153,3.128849470312911,1,SZSE.000608,2026-06-12,2026-06-12T09:30:00.000000,5.98,2026-06-15T11:30:00.000000,6.6,9.48846753454409,1.5,未涨停卖出
SZSE.000048,京基智农,2026-06-16,16.9,19.11,16.3,19.11,17.37,0.10017271157167529,28601493.0,507253409.2,19.11,15.63,false,false,10.2037,5.403616928119115,101.321745525,10114975552.5,46.1726412147,true,false,false,,涨停,6天4板,3天3板,5.5404864229403685,18.566000000000006,17.682857142857145,-2.705814622913082,8.070770722249135,1773.5207361377952,false,12.43,0.6760687948849775,0.021014048015540736,0.27170599623147673,-0.004985386266969677,0.016071220458683668,-0.0005414663986057805,0.0015476765500415752,0.27588812323033896,21.187908173645386,2.052497841022398,0.45,0.8201729106628242,0.0,0.4100864553314121,断板,16.967142857142857,-0.0814383923849814,1827.1942193703546,2.3743369537762122,0.3877041306436119,0.35740853661639155,0.7754082612872238,0.0,0.00043348723672932427,895062014.98,-7.508463956154133,-0.39572282562937433,1,SZSE.000048,2026-06-16,2026-06-16T09:30:00.000000,16.9,2026-06-17T11:30:00.000000,19.0,11.530210518871273,1.5,未涨停卖出
SZSE.002607,中公教育,2026-07-09,1.98,1.99,1.84,1.88,2.04,-0.07843137254901966,388013474.0,737024970.14,2.24,1.84,false,false,8.24994,6.999506789304936,115.94710851319999,10421667598.56,95.2609254,false,false,false,,未涨停,未涨停,4天2板,1.629460020231928,2.034000000000003,2.010000000000004,-2.9411764705882377,-6.46766169154247,189.94829291417855,true,1.76,0.004703462692782137,-0.0007142473139060085,0.7971296281271828,-0.006681710248243019,0.8281438774469326,-0.0035789967997626715,-0.004557403626831513,0.6479486698362276,29.67398592862755,2.7087377907050634,0.3333333333333333,0.34339550086521825,0.4291559002051543,0.3862757005351863,断板,1.9985714285714324,-0.09734513274336276,210.1231916000487,2.0729092208718556,0.3822871357646793,0.7903388516988133,0.3335896942895597,0.43098457723979894,-0.004488540117654291,1075668477.56,-5.769563800993527,-0.9292351679773159,1,SZSE.002607,2026-07-09,2026-07-09T09:30:00.000000,1.98,2026-07-10T11:30:00.000000,1.93,-3.3019437401907568,1.5,未涨停卖出
SHSE.600094,大名城,2026-07-10,3.91,4.07,3.88,3.96,4.07,-0.027027027027027084,59857151.0,237283861.0,4.48,3.66,false,false,2.60944,2.8151776810405664,84.19870602,8419870602.0,50.0064963156,false,false,true,断板,断板,断板,2天2板,1.2018683585940457,3.915999999999999,3.79,-3.9312039312039344,4.4854881266490745,396.4168976234769,false,3.44,0.09577192679349121,-0.003613746407893973,0.7812028783363317,-0.005281695137125434,0.5263330270265278,-0.002138615682748005,-0.004005181554965913,0.5676557326348225,32.19705712376914,3.1104293511050494,0.38333333333333336,0.4291482407229379,0.41596888449813446,0.42255856261053615,断板,3.7285714285714286,-0.03554502369668233,420.2391957653789,9.15708812260537,0.41097138844423686,0.7616831754476026,0.4064602960969044,0.41548248079156924,-0.004087361134357715,362537215.0,-6.957750742913382,4.8659003831417635,1,SHSE.600094,2026-07-10,2026-07-10T09:30:00.000000,3.91,2026-07-13T11:30:00.000000,3.78,-4.0951284376560135,1.5,未涨停卖出
SZSE.000566,海南海药,2026-06-29,4.02,4.54,3.93,4.54,4.13,0.09927360774818417,98343915.0,421921119.13,4.54,3.72,false,false,9.21128,7.583960253523781,58.900376720400004,5887179773.82,45.388456777600005,true,false,false,,涨停,5天3板,2天2板,3.0299378686079494,4.366000000000001,4.187142857142859,-2.6634382566586035,8.427157966564275,429.0261569615161,false,3.56,0.124414693423125,0.0038356056787877744,0.8266353937649443,-0.006924849106818914,0.9360040244910544,-0.0055033253711876465,-0.0043463010290081955,0.7190018429144134,30.24467699155814,2.6558138829548965,0.43333333333333335,0.30770709206227176,0.48250218196416533,0.3951046370132185,断板,4.07857142857143,-0.10021786492374729,424.6074588837174,1.2609457092819216,0.34080234275447674,0.863658416902195,0.18635926993275698,0.4952454155761965,-0.004971594317542055,409372488.06,-5.324319771289909,-1.4360770577933946,1,SZSE.000566,2026-06-29,2026-06-29T09:30:00.000000,4.02,2026-06-30T11:30:00.000000,4.63,14.256407206992908,1.5,未涨停卖出
SZSE.000818,航锦科技,2026-06-29,13.47,14.19,13.02,13.2,13.97,-0.0551181102362206,52999115.0,711473753.55,15.37,12.57,false,false,2.10185,8.05198935474593,87.12000514799999,8688390994.8,63.344059548,false,false,true,断板,断板,断板,2天2板,5.0625058340865445,13.535999999999992,13.248571428571429,-3.579098067287043,-0.3666163467759421,1342.425724561627,false,11.77,0.057652652674854483,-0.0022886379312813837,0.42076238811996414,-0.005196141710682463,0.6141511187639263,-0.004621771032712033,-0.004442329751411118,0.4061570602241308,21.53371943899447,2.1550539280422134,0.36666666666666664,0.28983278877570634,0.20868730042705377,0.24926004460138007,断板,13.17857142857143,-0.05671843349088457,1442.1194186638663,6.00542005420053,0.21303208596149162,0.44069933551952234,0.20345821325648414,0.2226059586664991,-0.004848913787501937,1382677592.46,-6.595807353595939,2.2113821138211254,1,SZSE.000818,2026-06-29,2026-06-29T09:30:00.000000,13.47,2026-06-30T11:30:00.000000,13.0,-4.258245414777422,1.5,未涨停卖出
SHSE.600362,江西铜业,2026-06-24,47.91,48.49,46.04,47.33,49.37,-0.04132064006481673,95281178.0,4469880996.0,54.31,44.43,false,false,1.82731,4.591316571240334,982.2145967865,98221459678.65,411.6613340235,false,false,false,,未涨停,未涨停,5天2板,6.0043792706248444,50.666000000000004,49.598571428571425,-2.957261494834922,-4.573864454621386,4691.252868431161,false,39.59,0.26081096632469186,0.007579226629080888,0.04600481465297186,0.0007259126041427124,0.37263386293687106,-0.002310839575561352,0.0011855497552191283,0.18695475947248563,26.211331207959038,3.5410781801275464,0.43333333333333335,0.7817902420284287,0.0,0.39089512101421436,断板,48.98714285714285,-0.10007291286912146,5063.864736827424,0.7815461782975229,0.39106628242074926,0.04254462697582573,0.7821325648414985,0.0,0.0010290344619426936,4797966314.0,-5.388468116910595,-2.19882768073254,1,SHSE.600362,2026-06-24,2026-06-24T09:30:00.000000,47.91,2026-06-25T11:30:00.000000,45.94,-4.875925228329001,1.5,未涨停卖出
SHSE.603002,宏昌电子,2026-06-24,22.57,23.97,22.5,23.49,23.35,0.0059957173447535705,112334118.0,2607026727.0,25.69,21.02,false,false,1.85515,9.905321113884188,266.39504176410003,26639504176.41,123.1194355272,false,false,true,断板,断板,断板,9天6板,9.41152440678749,23.912,22.83142857142857,-3.340471092077092,2.884495056939052,2320.779094913978,false,14.47,0.6637197536249291,0.022385062688079757,0.8579879790041651,0.012882656132926601,0.8431223950472017,0.00893202155546626,0.013597947070719131,0.8146746587412289,18.790442406767276,1.5262550257533494,0.5833333333333334,0.9815597387629658,0.4356004675279711,0.7085801031454684,断板,21.965714285714284,-0.09984579799537396,2418.42900668039,6.30202913631635,0.7077729635855836,0.858407448314752,0.9815561959654179,0.43398973120574946,0.01318596801811746,2813359189.0,-6.674953295485498,2.7510405827263273,1,SHSE.603002,2026-06-24,2026-06-24T09:30:00.000000,22.57,2026-06-25T11:30:00.000000,24.38,7.158781797930127,1.5,未涨停卖出
SZSE.000823,超声电子,2026-06-24,20.54,23.52,20.54,23.52,21.38,0.10009354536950421,129444506.0,2877245430.5,23.52,19.24,false,false,3.09953,21.75785966536921,139.9333950672,13992804567.84,101.41938471840001,true,false,false,,涨停,7天4板,5天3板,15.711273017393403,22.474,21.79428571428571,-3.9289055191768,7.9181961195595365,2222.7636532523056,false,15.18,0.8609161643295665,0.02069647908650759,0.7328498029305957,0.007395137266570019,0.49341271453525404,0.0026683525360344366,0.00863737021139686,0.6866319486917873,22.43561946453037,2.0193860658443845,0.5333333333333333,0.9458317326162121,0.39154163472643155,0.6686866836713219,断板,21.04285714285714,-0.10016835016835024,2264.0617365667085,1.6021724372029917,0.6710866176575231,0.7343271607640875,0.9439000960614794,0.3982731392535667,0.00800151980940079,2710053280.93,-9.278092252256897,-2.3896809232858085,1,SZSE.000823,2026-06-24,2026-06-24T09:30:00.000000,20.54,2026-06-29T15:00:00.000000,26.25,26.781093736058704,4.0,未涨停卖出
SHSE.600363,联创光电,2026-07-02,35.22,37.05,35.22,35.8,37.05,-0.03373819163292846,35756489.0,1292178767.0,40.76,33.35,false,false,3.29667,7.930229527946435,161.41806509999998,16141806509.999998,125.56738626199999,false,false,true,断板,断板,断板,2天2板,5.168977936782367,34.14600000000002,33.46285714285714,-4.939271255060724,6.984289617486342,3613.8301134655585,false,29.57,0.023446071313523012,-0.0014211576563307577,0.8766020720170128,-0.010022257709650238,0.9275690630435981,-0.006579482325229437,-0.007269205083660102,0.7212609691842904,27.161991765508223,2.171553043176378,0.4,0.04823212913143735,0.4267717581853879,0.23750194365841262,断板,32.97714285714285,0.035494689770821486,3702.39720215096,12.350545832611342,0.2395297974398406,0.8788120426105022,0.03843936190659235,0.44062023297308883,-0.007641966748181751,1919051509.0,-4.872443238833368,6.801247617397355,1,SHSE.600363,2026-07-02,2026-07-02T09:30:00.000000,35.22,2026-07-03T11:30:00.000000,36.82,3.7098624242383145,1.5,未涨停卖出
SHSE.603459,红板科技,2026-07-02,99.63,107.54,96.51,96.65,104.69,-0.07679816601394585,22567523.0,2264106718.0,115.16,94.22,false,false,1.0,28.547745202902124,728.502842802,7640362075.700001,76.40362075700001,false,false,true,断板,断板,断板,4天3板,29.85161166821236,101.66,98.51285714285714,-4.833317413315505,-1.8909786974869072,10032.588503399333,false,75.0,0.11253914402606532,0.00584616403213814,,,,,0.001169232806427628,0.022507828805213067,,,,0.7897770945426595,0.0,0.39488854727132977,断板,97.27714285714285,-0.06701719989305766,11272.476173831525,7.6203483419978335,0.38862194887564866,,0.7772438977512973,0.0,0.0008304631916661214,3590030707.0,-11.61657965506645,2.418715305313257,1,SHSE.603459,2026-07-02,2026-07-02T09:30:00.000000,99.63,2026-07-03T11:30:00.000000,100.21,-0.21929745636545345,1.5,未涨停卖出
SHSE.605111,新洁能,2026-07-02,88.43,90.42,82.98,83.38,92.2,-0.09566160520607381,34674402.0,2994265514.0,101.42,82.98,false,false,3.93696,8.348587314126995,346.3042943646,34630429436.46,263.0227177842,false,false,true,断板,断板,断板,2天1板,8.132010750796722,89.59599999999996,86.9,-4.088937093275483,-4.050632911392416,8635.377515667033,true,50.6,0.8528602214044606,0.027145952508835444,0.8797627518579323,0.01598381097535823,0.5367209072731411,0.006031753231296567,0.015230621958835174,0.7714696923918006,21.980849510466435,1.5294375864500338,0.6,0.9857801691006918,0.408084191607904,0.6969321803542978,断板,86.40428571428572,-0.07000201734920308,9619.992291400058,6.707669923780232,0.6940045145298823,0.8721005527405901,0.9846242552373631,0.40338477382240145,0.015093337197346655,4598218076.0,-8.07684941800485,2.3444604268968217,1,SHSE.605111,2026-07-02,2026-07-02T09:30:00.000000,88.43,2026-07-03T11:30:00.000000,83.88,-5.901126918313417,1.5,未涨停卖出
SZSE.000551,创元科技,2026-07-02,20.05,20.5,19.5,19.76,21.0,-0.059047619047619015,45520846.0,908954656.24,23.1,18.9,false,false,9.55785,9.397631695074221,95.78324988960001,9571474453.84,61.104056468,false,false,false,,未涨停,未涨停,5天2板,12.88989581145492,19.943999999999996,19.101428571428567,-4.52380952380952,3.447760077780303,1996.787705219714,false,14.2,0.7642655051919189,0.019011256373356517,0.3825643378145563,0.003880740247085339,0.21288969118836712,0.0013210756721764223,0.0061389440998669,0.40800217730217203,29.110957010249663,2.343283527179774,0.5333333333333333,0.9019984627209838,0.2548655989404253,0.5784320308307046,断板,18.684285714285714,0.017935046049442516,2116.232261391858,12.393913907791116,0.57226355620685,0.3757699357182205,0.8940995579473381,0.25042755446636195,0.005735062032917116,1233536611.78,-5.256146190621824,7.309427326248197,1,SZSE.000551,2026-07-02,2026-07-02T09:30:00.000000,20.05,2026-07-03T15:00:00.000000,20.69,2.6815567144650534,2.0,未涨停卖出
SZSE.000823,超声电子,2026-07-02,24.76,24.92,23.4,23.4,26.0,-0.10000000000000009,109968830.0,2634969993.0,28.6,23.4,false,false,3.09953,18.484263601769577,139.219449174,13921412707.8,100.901938878,false,false,false,,未涨停,未涨停,9天6板,13.090660552566826,25.889999999999997,25.548571428571424,-4.769230769230763,-8.409751733392968,2396.106235739709,true,15.18,0.8262181049573476,0.024660101223514266,0.6884901480960924,0.009396047419580446,0.49763660148665306,0.0037913210937281874,0.010767440282611533,0.6587796754855116,20.023784065862742,1.7378867181921265,0.55,0.9619523443504996,0.32388403976341384,0.6429181920569567,炸板,25.259999999999998,0.013645224171540127,2676.586702082198,2.929532858273959,0.648519884322959,0.6859509365828583,0.9634826061887373,0.33355716245718076,0.011200354795832153,4440731956.55,-7.494123090657034,-1.9794140934283333,1,SZSE.000823,2026-07-02,2026-07-02T09:30:00.000000,24.76,2026-07-03T11:30:00.000000,22.8,-8.649730641247613,1.5,未涨停卖出
SZSE.002208,合肥城建,2026-07-02,19.2,19.9,18.81,19.06,20.2,-0.056435643564356486,90207923.0,1736549862.4,22.22,18.18,false,false,5.63344,11.23285247254093,153.1074349964,15306557409.019999,63.3747111848,false,false,true,断板,断板,断板,3天2板,15.361287030971525,18.913999999999998,18.08857142857143,-4.9504950495049505,5.3703996209129485,1925.0524839154095,false,14.82,0.4673052082766653,0.010415974290207021,0.33475800629540786,0.0071659346260263025,0.24356867841360022,0.0026362881355351136,0.00645704861171509,0.33391064832711703,18.803421481298127,1.7285245602859622,0.5666666666666667,0.9062259800153728,0.1299653789668613,0.518095679491117,断板,17.794285714285714,-0.0009891196834816984,2075.1248647189545,13.519588953114964,0.5132458792733336,0.34541093093961633,0.9021718239477224,0.12431993459894482,0.006283194122420372,2975069166.3,-7.4754472541084365,7.899807321772645,1,SZSE.002208,2026-07-02,2026-07-02T09:30:00.000000,19.2,2026-07-03T11:30:00.000000,19.44,0.44322709163348245,1.5,未涨停卖出
SZSE.000656,金科股份,2026-07-08,1.31,1.45,1.29,1.33,1.35,-0.014814814814814836,590033631.0,804771780.35,1.49,1.22,false,false,7.43029,7.776545278932626,140.83013070560003,10091174179.310001,69.66076935230001,false,false,true,断板,断板,断板,3天3板,2.360196969562352,1.3180000000000027,1.247142857142857,-2.9629629629629655,6.643757159221085,136.39422196766273,false,1.04,0.10491625575596288,-0.004768017604968102,0.40648342748872096,-0.002641964822542388,0.3041113261642359,-0.0009326281635209497,-0.0025543743813210996,0.31545836274482386,32.20517037526485,3.1224488820949636,0.3333333333333333,0.5695058642568737,0.28898850894040284,0.42924718659863825,断板,1.2128571428571429,-0.055944055944055826,143.62205910771124,11.307420494699654,0.40705566964632467,0.3899283983520693,0.5174004999038646,0.29671083938878473,-0.0029569698435360186,1180876068.24,-8.78838472733855,8.009422850412262,1,SZSE.000656,2026-07-08,2026-07-08T09:30:00.000000,1.31,2026-07-09T11:30:00.000000,1.28,-3.068641464675647,1.5,未涨停卖出
