20251229 23:01:59- INFO- 回测信号参数: {'low': -5, 'high': -2.5, 'mv_min': 35, 'mv_max': 1000, 'prev_limit_status': ['断板', '炸板']}
20251229 23:01:59- INFO- 回测时间区间: 2021-01-01 至 2025-12-29
20251229 23:02:00- INFO- 使用40个进程并行处理，共824个日期任务
20251229 23:04:52- INFO- 所有回测任务完成，共处理824个日期的结果
20251229 23:04:55- INFO- 
回测时间:2025-01-02 - 2025-12-29
策略胜率: 53.69%
策略盈亏比: 1.70
每日平均开仓个数: 2.53
平均持仓天数: 1.63 天
每单位风险期望收益:0.4479
策略总收益率: 170.69%
策略年化收益率: 173.69%
最大回撤: -6.27%
最大回撤阶段: 2025-04-24 至 2025-04-25
夏普比率: 4.11
策略超额年化收益率: 155.57%
最终净值: 2.7069
20251229 23:04:56- INFO- 
回测时间:2025-01-02 - 2025-12-29
策略胜率: 51.36%
策略盈亏比: 1.67
每日平均开仓个数: 2.53
平均持仓天数: 1.63 天
每单位风险期望收益:0.3732
策略总收益率: 376.03%
策略年化收益率: 384.33%
最大回撤: -10.56%
最大回撤阶段: 2025-02-25 至 2025-03-07
夏普比率: 3.88
策略超额年化收益率: 366.22%
最终净值: 4.7603
20251229 23:04:58- INFO- 
回测时间:2021-01-04 - 2025-12-24
策略胜率: 56.25%
策略盈亏比: 2.48
每日平均开仓个数: 1.18
平均持仓天数: 1.60 天
每单位风险期望收益:0.9576
策略总收益率: 11.80%
策略年化收益率: 2.27%
最大回撤: -3.63%
最大回撤阶段: 2022-11-28 至 2024-10-09
夏普比率: 0.11
策略超额年化收益率: 4.60%
最终净值: 1.1180
20251229 23:04:58- INFO- 
回测时间:2021-01-04 - 2025-12-24
策略胜率: 42.45%
策略盈亏比: 1.38
每日平均开仓个数: 1.06
平均持仓天数: 1.57 天
每单位风险期望收益:0.0094
策略总收益率: 18.01%
策略年化收益率: 3.39%
最大回撤: -30.15%
最大回撤阶段: 2021-08-18 至 2022-12-02
夏普比率: 0.17
策略超额年化收益率: 5.72%
最终净值: 1.1801
20251229 23:04:58- INFO- 
回测时间:2021-01-04 - 2025-12-24
策略胜率: 47.98%
策略盈亏比: 1.62
每日平均开仓个数: 1.45
平均持仓天数: 1.60 天
每单位风险期望收益:0.2563
策略总收益率: 242.20%
策略年化收益率: 28.07%
最大回撤: -18.39%
最大回撤阶段: 2022-08-17 至 2024-11-13
夏普比率: 1.29
策略超额年化收益率: 30.40%
最终净值: 3.4220
20251229 23:04:58- INFO- 
回测时间:2021-01-04 - 2025-12-24
策略胜率: 47.71%
策略盈亏比: 1.46
每日平均开仓个数: 1.22
平均持仓天数: 1.61 天
每单位风险期望收益:0.1759
策略总收益率: 107.14%
策略年化收益率: 15.77%
最大回撤: -9.55%
最大回撤阶段: 2022-12-09 至 2023-06-27
夏普比率: 0.94
策略超额年化收益率: 18.10%
最终净值: 2.0714
20251229 23:04:58- INFO- 
回测时间:2021-01-04 - 2025-12-24
策略胜率: 51.30%
策略盈亏比: 1.41
每日平均开仓个数: 1.20
平均持仓天数: 1.58 天
每单位风险期望收益:0.2379
策略总收益率: 113.57%
策略年化收益率: 16.49%
最大回撤: -15.48%
最大回撤阶段: 2022-12-06 至 2024-11-06
夏普比率: 0.99
策略超额年化收益率: 18.82%
最终净值: 2.1357
20251229 23:04:58- INFO- 
回测时间:2021-01-04 - 2025-12-24
策略胜率: 46.57%
策略盈亏比: 1.48
每日平均开仓个数: 1.31
平均持仓天数: 1.60 天
每单位风险期望收益:0.1558
策略总收益率: 39.52%
策略年化收益率: 6.93%
最大回撤: -36.26%
最大回撤阶段: 2021-02-23 至 2024-10-11
夏普比率: 0.34
策略超额年化收益率: 9.26%
最终净值: 1.3952
20251229 23:04:59- INFO- 
回测时间:2021-01-04 - 2025-12-24
策略胜率: 49.21%
策略盈亏比: 1.76
每日平均开仓个数: 1.51
平均持仓天数: 1.58 天
每单位风险期望收益:0.3568
策略总收益率: 119.54%
策略年化收益率: 17.13%
最大回撤: -13.89%
最大回撤阶段: 2021-03-10 至 2021-09-30
夏普比率: 1.06
策略超额年化收益率: 19.47%
最终净值: 2.1954
20251230 21:05:44- INFO- 回测信号参数: {'low': -5, 'high': -2.5, 'mv_min': 35, 'mv_max': 1000, 'prev_limit_status': ['断板', '炸板']}
20251230 21:05:45- INFO- 回测时间区间: 2021-01-01 至 2025-12-30
20251230 21:05:45- INFO- 使用40个进程并行处理，共825个日期任务
20251230 21:08:30- INFO- 所有回测任务完成，共处理825个日期的结果
20251230 21:08:34- INFO- 
回测时间:2025-01-02 - 2025-12-30
策略胜率: 53.55%
策略盈亏比: 1.71
每日平均开仓个数: 2.53
平均持仓天数: 1.63 天
每单位风险期望收益:0.4493
策略总收益率: 170.97%
策略年化收益率: 173.22%
最大回撤: -6.27%
最大回撤阶段: 2025-04-24 至 2025-04-25
夏普比率: 4.11
策略超额年化收益率: 154.85%
最终净值: 2.7097
20251230 21:08:36- INFO- 
回测时间:2025-01-02 - 2025-12-30
策略胜率: 51.25%
策略盈亏比: 1.68
每日平均开仓个数: 2.53
平均持仓天数: 1.63 天
每单位风险期望收益:0.3743
策略总收益率: 377.39%
策略年化收益率: 383.62%
最大回撤: -10.56%
最大回撤阶段: 2025-02-25 至 2025-03-07
夏普比率: 3.88
策略超额年化收益率: 365.25%
最终净值: 4.7739
20251230 21:08:37- INFO- 
回测时间:2021-01-04 - 2025-12-24
策略胜率: 56.25%
策略盈亏比: 2.48
每日平均开仓个数: 1.18
平均持仓天数: 1.60 天
每单位风险期望收益:0.9576
策略总收益率: 11.80%
策略年化收益率: 2.27%
最大回撤: -3.63%
最大回撤阶段: 2022-11-28 至 2024-10-09
夏普比率: 0.11
策略超额年化收益率: 4.60%
最终净值: 1.1180
20251230 21:08:37- INFO- 
回测时间:2021-01-04 - 2025-12-24
策略胜率: 42.45%
策略盈亏比: 1.38
每日平均开仓个数: 1.06
平均持仓天数: 1.57 天
每单位风险期望收益:0.0094
策略总收益率: 18.01%
策略年化收益率: 3.39%
最大回撤: -30.15%
最大回撤阶段: 2021-08-18 至 2022-12-02
夏普比率: 0.17
策略超额年化收益率: 5.72%
最终净值: 1.1801
20251230 21:08:38- INFO- 
回测时间:2021-01-04 - 2025-12-24
策略胜率: 47.98%
策略盈亏比: 1.62
每日平均开仓个数: 1.45
平均持仓天数: 1.60 天
每单位风险期望收益:0.2563
策略总收益率: 242.20%
策略年化收益率: 28.07%
最大回撤: -18.39%
最大回撤阶段: 2022-08-17 至 2024-11-13
夏普比率: 1.29
策略超额年化收益率: 30.40%
最终净值: 3.4220
20251230 21:08:38- INFO- 
回测时间:2021-01-04 - 2025-12-24
策略胜率: 47.71%
策略盈亏比: 1.46
每日平均开仓个数: 1.22
平均持仓天数: 1.61 天
每单位风险期望收益:0.1759
策略总收益率: 107.14%
策略年化收益率: 15.77%
最大回撤: -9.55%
最大回撤阶段: 2022-12-09 至 2023-06-27
夏普比率: 0.94
策略超额年化收益率: 18.10%
最终净值: 2.0714
20251230 21:08:38- INFO- 
回测时间:2021-01-04 - 2025-12-24
策略胜率: 51.30%
策略盈亏比: 1.41
每日平均开仓个数: 1.20
平均持仓天数: 1.58 天
每单位风险期望收益:0.2379
策略总收益率: 113.57%
策略年化收益率: 16.49%
最大回撤: -15.48%
最大回撤阶段: 2022-12-06 至 2024-11-06
夏普比率: 0.99
策略超额年化收益率: 18.82%
最终净值: 2.1357
20251230 21:08:38- INFO- 
回测时间:2021-01-04 - 2025-12-24
策略胜率: 46.57%
策略盈亏比: 1.48
每日平均开仓个数: 1.31
平均持仓天数: 1.60 天
每单位风险期望收益:0.1558
策略总收益率: 39.52%
策略年化收益率: 6.93%
最大回撤: -36.26%
最大回撤阶段: 2021-02-23 至 2024-10-11
夏普比率: 0.34
策略超额年化收益率: 9.26%
最终净值: 1.3952
20251230 21:08:38- INFO- 
回测时间:2021-01-04 - 2025-12-24
策略胜率: 49.21%
策略盈亏比: 1.76
每日平均开仓个数: 1.51
平均持仓天数: 1.58 天
每单位风险期望收益:0.3568
策略总收益率: 119.54%
策略年化收益率: 17.13%
最大回撤: -13.89%
最大回撤阶段: 2021-03-10 至 2021-09-30
夏普比率: 1.06
策略超额年化收益率: 19.47%
最终净值: 2.1954
20251230 23:27:51- INFO- 回测信号参数: {'low': -5, 'high': -2.5, 'mv_min': 35, 'mv_max': 1000, 'prev_limit_status': ['断板', '炸板']}
20251230 23:27:52- INFO- 回测时间区间: 2021-01-01 至 2025-12-30
20251230 23:27:52- INFO- 使用40个进程并行处理，共825个日期任务
20251230 23:30:39- INFO- 所有回测任务完成，共处理825个日期的结果
20251230 23:30:42- INFO- 
回测时间:2025-01-02 - 2025-12-30
策略胜率: 53.55%
策略盈亏比: 1.71
每日平均开仓个数: 2.53
平均持仓天数: 1.63 天
每单位风险期望收益:0.4493
策略总收益率: 170.97%
策略年化收益率: 173.22%
最大回撤: -6.27%
最大回撤阶段: 2025-04-24 至 2025-04-25
夏普比率: 4.11
策略超额年化收益率: 154.85%
最终净值: 2.7097
20251230 23:30:43- INFO- 
回测时间:2025-01-02 - 2025-12-30
策略胜率: 51.25%
策略盈亏比: 1.68
每日平均开仓个数: 2.53
平均持仓天数: 1.63 天
每单位风险期望收益:0.3743
策略总收益率: 377.39%
策略年化收益率: 383.62%
最大回撤: -10.56%
最大回撤阶段: 2025-02-25 至 2025-03-07
夏普比率: 3.88
策略超额年化收益率: 365.25%
最终净值: 4.7739
20251230 23:30:44- INFO- 
回测时间:2021-01-04 - 2025-12-24
策略胜率: 56.25%
策略盈亏比: 2.48
每日平均开仓个数: 1.18
平均持仓天数: 1.60 天
每单位风险期望收益:0.9576
策略总收益率: 11.80%
策略年化收益率: 2.27%
最大回撤: -3.63%
最大回撤阶段: 2022-11-28 至 2024-10-09
夏普比率: 0.11
策略超额年化收益率: 4.60%
最终净值: 1.1180
20251230 23:30:44- INFO- 
回测时间:2021-01-04 - 2025-12-24
策略胜率: 42.45%
策略盈亏比: 1.38
每日平均开仓个数: 1.06
平均持仓天数: 1.57 天
每单位风险期望收益:0.0094
策略总收益率: 18.01%
策略年化收益率: 3.39%
最大回撤: -30.15%
最大回撤阶段: 2021-08-18 至 2022-12-02
夏普比率: 0.17
策略超额年化收益率: 5.72%
最终净值: 1.1801
20251230 23:30:44- INFO- 
回测时间:2021-01-04 - 2025-12-24
策略胜率: 47.98%
策略盈亏比: 1.62
每日平均开仓个数: 1.45
平均持仓天数: 1.60 天
每单位风险期望收益:0.2563
策略总收益率: 242.20%
策略年化收益率: 28.07%
最大回撤: -18.39%
最大回撤阶段: 2022-08-17 至 2024-11-13
夏普比率: 1.29
策略超额年化收益率: 30.40%
最终净值: 3.4220
20251230 23:30:44- INFO- 
回测时间:2021-01-04 - 2025-12-24
策略胜率: 47.71%
策略盈亏比: 1.46
每日平均开仓个数: 1.22
平均持仓天数: 1.61 天
每单位风险期望收益:0.1759
策略总收益率: 107.14%
策略年化收益率: 15.77%
最大回撤: -9.55%
最大回撤阶段: 2022-12-09 至 2023-06-27
夏普比率: 0.94
策略超额年化收益率: 18.10%
最终净值: 2.0714
20251230 23:30:44- INFO- 
回测时间:2021-01-04 - 2025-12-24
策略胜率: 51.30%
策略盈亏比: 1.41
每日平均开仓个数: 1.20
平均持仓天数: 1.58 天
每单位风险期望收益:0.2379
策略总收益率: 113.57%
策略年化收益率: 16.49%
最大回撤: -15.48%
最大回撤阶段: 2022-12-06 至 2024-11-06
夏普比率: 0.99
策略超额年化收益率: 18.82%
最终净值: 2.1357
20251230 23:30:44- INFO- 
回测时间:2021-01-04 - 2025-12-24
策略胜率: 46.57%
策略盈亏比: 1.48
每日平均开仓个数: 1.31
平均持仓天数: 1.60 天
每单位风险期望收益:0.1558
策略总收益率: 39.52%
策略年化收益率: 6.93%
最大回撤: -36.26%
最大回撤阶段: 2021-02-23 至 2024-10-11
夏普比率: 0.34
策略超额年化收益率: 9.26%
最终净值: 1.3952
20251230 23:30:45- INFO- 
回测时间:2021-01-04 - 2025-12-24
策略胜率: 49.21%
策略盈亏比: 1.76
每日平均开仓个数: 1.51
平均持仓天数: 1.58 天
每单位风险期望收益:0.3568
策略总收益率: 119.54%
策略年化收益率: 17.13%
最大回撤: -13.89%
最大回撤阶段: 2021-03-10 至 2021-09-30
夏普比率: 1.06
策略超额年化收益率: 19.47%
最终净值: 2.1954
20260102 04:52:10- INFO- 回测信号参数: {'low': -5, 'high': -2.5, 'mv_min': 35, 'mv_max': 1000, 'prev_limit_status': ['断板', '炸板']}
20260102 04:56:58- INFO- 回测信号参数: {'low': -5, 'high': -2.5, 'mv_min': 35, 'mv_max': 1000, 'prev_limit_status': ['断板', '炸板']}
20260102 04:57:44- INFO- 回测时间区间: 2021-01-01 至 2026-01-02
20260102 04:57:44- INFO- 使用40个进程并行处理，共504个日期任务
20260102 04:59:54- INFO- 所有回测任务完成，共处理504个日期的结果
20260102 04:59:58- INFO- 
回测时间:2025-01-02 - 2025-12-31
策略胜率: 53.63%
策略盈亏比: 1.69
每日平均开仓个数: 1.85
平均持仓天数: 1.60 天
每单位风险期望收益:0.4433
策略总收益率: 111.27%
策略年化收益率: 112.14%
最大回撤: -8.93%
最大回撤阶段: 2025-09-11 至 2025-11-18
夏普比率: 3.00
策略超额年化收益率: 94.38%
最终净值: 2.1127
20260102 05:13:15- INFO- 
回测时间:2025-01-02 - 2025-12-31
策略胜率: 53.68%
策略盈亏比: 1.63
每日平均开仓个数: 1.85
平均持仓天数: 1.60 天
每单位风险期望收益:0.4117
策略总收益率: 120.07%
策略年化收益率: 121.03%
最大回撤: -8.48%
最大回撤阶段: 2025-09-22 至 2025-11-18
夏普比率: 2.96
策略超额年化收益率: 103.26%
最终净值: 2.2007
20260102 05:13:49- INFO- 
回测时间:2021-01-04 - 2025-12-31
策略胜率: 49.62%
策略盈亏比: 1.62
每日平均开仓个数: 1.65
平均持仓天数: 1.60 天
每单位风险期望收益:0.3015
策略总收益率: 2193.42%
策略年化收益率: 87.30%
最大回撤: -36.55%
最大回撤阶段: 2022-07-21 至 2023-06-29
夏普比率: 1.85
策略超额年化收益率: 89.64%
最终净值: 22.9342
20260102 05:14:06- INFO- 
回测时间:2021-01-04 - 2025-12-31
策略胜率: 49.64%
策略盈亏比: 1.61
每日平均开仓个数: 1.65
平均持仓天数: 1.60 天
每单位风险期望收益:0.2940
策略总收益率: 336.87%
策略年化收益率: 34.36%
最大回撤: -18.59%
最大回撤阶段: 2022-07-21 至 2023-06-29
夏普比率: 1.60
策略超额年化收益率: 36.71%
最终净值: 4.3687
20260102 05:14:20- INFO- 
回测时间:2021-01-04 - 2025-12-31
策略胜率: 49.64%
策略盈亏比: 1.61
每日平均开仓个数: 1.65
平均持仓天数: 1.60 天
每单位风险期望收益:0.2940
策略总收益率: 1967.76%
策略年化收益率: 83.46%
最大回撤: -36.28%
最大回撤阶段: 2022-07-21 至 2023-06-29
夏普比率: 1.78
策略超额年化收益率: 85.80%
最终净值: 20.6776
20260102 05:14:33- INFO- 
回测时间:2025-01-02 - 2025-12-31
策略胜率: 53.68%
策略盈亏比: 1.63
每日平均开仓个数: 1.85
平均持仓天数: 1.60 天
每单位风险期望收益:0.4117
策略总收益率: 205.53%
策略年化收益率: 207.42%
最大回撤: -16.39%
最大回撤阶段: 2025-09-22 至 2025-11-18
夏普比率: 2.90
策略超额年化收益率: 189.65%
最终净值: 3.0553
20260102 05:15:09- INFO- 
回测时间:2021-01-04 - 2025-12-31
策略胜率: 49.17%
策略盈亏比: 1.66
每日平均开仓个数: 1.65
平均持仓天数: 1.60 天
每单位风险期望收益:0.3060
策略总收益率: 1855.94%
策略年化收益率: 81.42%
最大回撤: -38.20%
最大回撤阶段: 2022-07-21 至 2023-06-29
夏普比率: 1.81
策略超额年化收益率: 83.77%
最终净值: 19.5594
20260102 05:15:19- INFO- 
回测时间:2025-01-02 - 2025-12-31
策略胜率: 53.63%
策略盈亏比: 1.69
每日平均开仓个数: 1.85
平均持仓天数: 1.60 天
每单位风险期望收益:0.4433
策略总收益率: 183.24%
策略年化收益率: 184.87%
最大回撤: -16.75%
最大回撤阶段: 2025-09-11 至 2025-11-18
夏普比率: 2.89
策略超额年化收益率: 167.10%
最终净值: 2.8324
20260102 05:15:52- INFO- 回测信号参数: {'low': -5, 'high': -2.5, 'mv_min': 35, 'mv_max': 1000, 'prev_limit_status': ['断板', '炸板']}
20260102 05:15:53- INFO- 回测时间区间: 2021-01-01 至 2026-01-02
20260102 05:15:53- INFO- 使用40个进程并行处理，共725个日期任务
20260102 05:18:54- INFO- 所有回测任务完成，共处理725个日期的结果
20260102 05:18:57- INFO- 
回测时间:2025-01-02 - 2025-12-31
策略胜率: 53.21%
策略盈亏比: 1.61
每日平均开仓个数: 2.34
平均持仓天数: 1.61 天
每单位风险期望收益:0.3899
策略总收益率: 284.56%
策略年化收益率: 287.42%
最大回撤: -9.87%
最大回撤阶段: 2025-04-24 至 2025-04-25
夏普比率: 3.52
策略超额年化收益率: 269.65%
最终净值: 3.8456
20260102 05:19:26- INFO- 
回测时间:2025-01-02 - 2025-12-31
策略胜率: 51.90%
策略盈亏比: 1.60
每日平均开仓个数: 2.34
平均持仓天数: 1.61 天
每单位风险期望收益:0.3487
策略总收益率: 280.92%
策略年化收益率: 283.74%
最大回撤: -11.44%
最大回撤阶段: 2025-04-24 至 2025-04-29
夏普比率: 3.35
策略超额年化收益率: 265.97%
最终净值: 3.8092
20260102 05:43:37- INFO- 回测信号参数: {'low': -5, 'high': -2.5, 'mv_min': 35, 'mv_max': 1000, 'prev_limit_status': ['断板', '炸板'], 'avg_limit_turnover_10_min': 5}
20260102 05:43:37- INFO- 回测时间区间: 2021-01-01 至 2026-01-02
20260102 05:43:38- INFO- 使用40个进程并行处理，共725个日期任务
20260102 05:46:35- INFO- 所有回测任务完成，共处理725个日期的结果
20260102 05:46:38- INFO- 总调整天数: 73, 调整正确率: 51.12%, 预计平均亏损改善: 2.3758%
20260102 05:46:38- INFO- 回测结果(不风控):
20260102 05:46:38- INFO- 
回测时间:2025-01-02 - 2025-12-31
策略胜率: 51.96%
策略盈亏比: 1.60
每日平均开仓个数: 2.34
平均持仓天数: 1.61 天
每单位风险期望收益:0.3497
策略总收益率: 275.83%
策略年化收益率: 278.58%
最大回撤: -12.65%
最大回撤阶段: 2025-02-25 至 2025-03-07
夏普比率: 3.26
策略超额年化收益率: 260.81%
最终净值: 3.7583
20260102 05:46:38- INFO- 回测结果(触及跌停风控):
20260102 05:46:38- INFO- 
回测时间:2025-01-02 - 2025-12-31
策略胜率: 53.21%
策略盈亏比: 1.61
每日平均开仓个数: 2.34
平均持仓天数: 1.61 天
每单位风险期望收益:0.3899
策略总收益率: 284.56%
策略年化收益率: 287.42%
最大回撤: -9.87%
最大回撤阶段: 2025-04-24 至 2025-04-25
夏普比率: 3.52
策略超额年化收益率: 269.65%
最终净值: 3.8456
20260102 05:46:38- INFO- 回测结果(买点下移风控):
20260102 05:46:39- INFO- 
回测时间:2025-01-02 - 2025-12-31
策略胜率: 51.90%
策略盈亏比: 1.60
每日平均开仓个数: 2.34
平均持仓天数: 1.61 天
每单位风险期望收益:0.3487
策略总收益率: 280.92%
策略年化收益率: 283.74%
最大回撤: -11.44%
最大回撤阶段: 2025-04-24 至 2025-04-29
夏普比率: 3.35
策略超额年化收益率: 265.97%
最终净值: 3.8092
20260102 05:46:40- INFO- 正在计算分组 nan 的回测指标
20260102 05:46:41- INFO- 
回测时间:2021-01-04 - 2025-12-24
策略胜率: 0.00%
策略盈亏比: nan
每日平均开仓个数: 1.00
平均持仓天数: 1.50 天
每单位风险期望收益:nan
策略总收益率: -2.40%
策略年化收益率: -0.49%
最大回撤: -2.40%
最大回撤阶段: 2021-01-04 至 2024-11-12
夏普比率: -2.70
策略超额年化收益率: 1.85%
最终净值: 0.9760
20260102 05:46:41- INFO- 正在计算分组 (25, 50] 的回测指标
20260102 05:46:41- INFO- 
回测时间:2021-01-04 - 2025-12-24
策略胜率: 43.00%
策略盈亏比: 1.37
每日平均开仓个数: 1.07
平均持仓天数: 1.56 天
每单位风险期望收益:0.0210
策略总收益率: 21.70%
策略年化收益率: 4.03%
最大回撤: -30.22%
最大回撤阶段: 2021-08-18 至 2023-06-13
夏普比率: 0.20
策略超额年化收益率: 6.36%
最终净值: 1.2170
20260102 05:46:41- INFO- 正在计算分组 (50, 90] 的回测指标
20260102 05:46:41- INFO- 
回测时间:2021-01-04 - 2025-12-24
策略胜率: 46.95%
策略盈亏比: 1.66
每日平均开仓个数: 1.38
平均持仓天数: 1.59 天
每单位风险期望收益:0.2510
策略总收益率: 197.18%
策略年化收益率: 24.49%
最大回撤: -21.18%
最大回撤阶段: 2022-11-04 至 2024-11-14
夏普比率: 1.12
策略超额年化收益率: 26.82%
最终净值: 2.9718
20260102 05:46:41- INFO- 正在计算分组 (90, 120] 的回测指标
20260102 05:46:41- INFO- 
回测时间:2021-01-04 - 2025-12-24
策略胜率: 49.12%
策略盈亏比: 1.45
每日平均开仓个数: 1.20
平均持仓天数: 1.62 天
每单位风险期望收益:0.2017
策略总收益率: 101.08%
策略年化收益率: 15.08%
最大回撤: -14.57%
最大回撤阶段: 2022-04-11 至 2023-06-27
夏普比率: 0.95
策略超额年化收益率: 17.42%
最终净值: 2.0108
20260102 05:46:42- INFO- 正在计算分组 (120, 160] 的回测指标
20260102 05:46:42- INFO- 
回测时间:2021-01-04 - 2025-12-24
策略胜率: 50.00%
策略盈亏比: 1.28
每日平均开仓个数: 1.17
平均持仓天数: 1.58 天
每单位风险期望收益:0.1410
策略总收益率: 57.93%
策略年化收益率: 9.63%
最大回撤: -15.47%
最大回撤阶段: 2022-11-03 至 2024-11-06
夏普比率: 0.56
策略超额年化收益率: 11.96%
最终净值: 1.5793
20260102 05:46:42- INFO- 正在计算分组 (160, 250] 的回测指标
20260102 05:46:42- INFO- 
回测时间:2021-01-04 - 2025-12-24
策略胜率: 50.00%
策略盈亏比: 1.49
每日平均开仓个数: 1.16
平均持仓天数: 1.62 天
每单位风险期望收益:0.2467
策略总收益率: 62.95%
策略年化收益率: 10.32%
最大回撤: -28.00%
最大回撤阶段: 2021-02-23 至 2021-12-10
夏普比率: 0.51
策略超额年化收益率: 12.65%
最终净值: 1.6295
20260102 05:46:42- INFO- 正在计算分组 (250, 1000] 的回测指标
20260102 05:46:42- INFO- 
回测时间:2021-01-04 - 2025-12-24
策略胜率: 50.00%
策略盈亏比: 2.09
每日平均开仓个数: 1.29
平均持仓天数: 1.58 天
每单位风险期望收益:0.5457
策略总收益率: 101.76%
策略年化收益率: 15.16%
最大回撤: -8.77%
最大回撤阶段: 2021-08-13 至 2021-08-18
夏普比率: 1.03
策略超额年化收益率: 17.49%
最终净值: 2.0176
20260102 05:46:42- INFO- 分组描述性统计：
20260102 05:46:42- INFO-    _factor_bin    样本数        均值        标准差        最小值      25分位       中位数  \
0          nan    2.0 -3.004290   2.763519  -4.958393 -3.981342 -3.004290   
1     (25, 50]  109.0  0.048538  10.814135 -20.557315 -6.267661 -2.207137   
2     (50, 90]  605.0  1.180795   9.438691 -34.084415 -4.448015 -0.399202   
3    (90, 120]  257.0  1.124380   8.896676 -16.085855 -5.617117 -0.078024   
4   (120, 160]  182.0  0.841037   8.996814 -16.892787 -5.112910  0.077310   
5   (160, 250]  163.0  1.278053   9.547060 -13.738594 -4.978815 -0.037455   
6  (250, 1000]  159.0  2.257801   9.541168 -13.748475 -3.667348  0.198311   

       75分位        最大值      回测开始日期  ...   策略总收益率 策略年化收益率     最大回撤    最大回撤开始日期  \
0 -2.027239  -1.050187  2021-01-04  ...   -2.40%  -0.49%   -2.40%  2021-01-04   
1  4.027501  54.497052  2021-01-04  ...   21.70%   4.03%  -30.22%  2021-08-18   
2  5.551790  50.088349  2021-01-04  ...  197.18%  24.49%  -21.18%  2022-11-04   
3  6.104944  30.075670  2021-01-04  ...  101.08%  15.08%  -14.57%  2022-04-11   
4  5.316844  32.461238  2021-01-04  ...   57.93%   9.63%  -15.47%  2022-11-03   
5  4.883194  41.144328  2021-01-04  ...   62.95%  10.32%  -28.00%  2021-02-23   
6  5.686367  49.495161  2021-01-04  ...  101.76%  15.16%   -8.77%  2021-08-13   

     最大回撤结束日期   夏普比率 策略超额年化收益率    最终净值 每日平均买入股票个数  平均持仓天数  
0  2024-11-12  -2.70     1.85%  0.9760       1.00  1.50 天  
1  2023-06-13   0.20     6.36%  1.2170       1.07  1.56 天  
2  2024-11-14   1.12    26.82%  2.9718       1.38  1.59 天  
3  2023-06-27   0.95    17.42%  2.0108       1.20  1.62 天  
4  2024-11-06   0.56    11.96%  1.5793       1.17  1.58 天  
5  2021-12-10   0.51    12.65%  1.6295       1.16  1.62 天  
6  2021-08-18   1.03    17.49%  2.0176       1.29  1.58 天  

[7 rows x 24 columns]
20260102 05:52:58- INFO- 回测信号参数: {'low': -5, 'high': -2.5, 'mv_min': 35, 'mv_max': 1000, 'prev_limit_status': ['断板', '炸板'], 'avg_limit_turnover_10_min': 5}
20260102 05:52:59- INFO- 回测时间区间: 2021-01-01 至 2026-01-02
20260102 05:52:59- INFO- 使用40个进程并行处理，共725个日期任务
20260102 05:56:01- INFO- 所有回测任务完成，共处理725个日期的结果
20260102 05:56:04- INFO- 总调整天数: 73, 调整正确率: 51.12%, 预计平均亏损改善: 2.3758%
20260102 05:56:04- INFO- 回测结果(不风控):
20260102 05:56:04- INFO- 
回测时间:2025-01-02 - 2025-12-31
策略胜率: 51.96%
策略盈亏比: 1.60
每日平均开仓个数: 2.34
平均持仓天数: 1.61 天
每单位风险期望收益:0.3497
策略总收益率: 275.83%
策略年化收益率: 278.58%
最大回撤: -12.65%
最大回撤阶段: 2025-02-25 至 2025-03-07
夏普比率: 3.26
策略超额年化收益率: 260.81%
最终净值: 3.7583
20260102 05:56:04- INFO- 回测结果(触及跌停风控):
20260102 05:56:04- INFO- 
回测时间:2025-01-02 - 2025-12-31
策略胜率: 53.21%
策略盈亏比: 1.61
每日平均开仓个数: 2.34
平均持仓天数: 1.61 天
每单位风险期望收益:0.3899
策略总收益率: 284.56%
策略年化收益率: 287.42%
最大回撤: -9.87%
最大回撤阶段: 2025-04-24 至 2025-04-25
夏普比率: 3.52
策略超额年化收益率: 269.65%
最终净值: 3.8456
20260102 05:56:05- INFO- 回测结果(买点下移风控):
20260102 05:56:05- INFO- 
回测时间:2025-01-02 - 2025-12-31
策略胜率: 51.90%
策略盈亏比: 1.60
每日平均开仓个数: 2.34
平均持仓天数: 1.61 天
每单位风险期望收益:0.3487
策略总收益率: 280.92%
策略年化收益率: 283.74%
最大回撤: -11.44%
最大回撤阶段: 2025-04-24 至 2025-04-29
夏普比率: 3.35
策略超额年化收益率: 265.97%
最终净值: 3.8092
20260102 05:57:40- INFO- 回测信号参数: {'low': -5, 'high': -2.5, 'mv_min': 35, 'mv_max': 1000, 'prev_limit_status': ['断板', '炸板'], 'avg_limit_turnover_10_min': 0}
20260102 05:57:40- INFO- 回测时间区间: 2021-01-01 至 2026-01-02
20260102 05:57:40- INFO- 使用40个进程并行处理，共725个日期任务
20260102 06:00:38- INFO- 所有回测任务完成，共处理725个日期的结果
20260102 06:00:41- INFO- 总调整天数: 73, 调整正确率: 51.12%, 预计平均亏损改善: 2.3758%
20260102 06:00:41- INFO- 回测结果(不风控):
20260102 06:00:42- INFO- 
回测时间:2025-01-02 - 2025-12-31
策略胜率: 51.96%
策略盈亏比: 1.60
每日平均开仓个数: 2.34
平均持仓天数: 1.61 天
每单位风险期望收益:0.3497
策略总收益率: 275.83%
策略年化收益率: 278.58%
最大回撤: -12.65%
最大回撤阶段: 2025-02-25 至 2025-03-07
夏普比率: 3.26
策略超额年化收益率: 260.81%
最终净值: 3.7583
20260102 06:00:42- INFO- 回测结果(触及跌停风控):
20260102 06:00:42- INFO- 
回测时间:2025-01-02 - 2025-12-31
策略胜率: 53.21%
策略盈亏比: 1.61
每日平均开仓个数: 2.34
平均持仓天数: 1.61 天
每单位风险期望收益:0.3899
策略总收益率: 284.56%
策略年化收益率: 287.42%
最大回撤: -9.87%
最大回撤阶段: 2025-04-24 至 2025-04-25
夏普比率: 3.52
策略超额年化收益率: 269.65%
最终净值: 3.8456
20260102 06:00:42- INFO- 回测结果(买点下移风控):
20260102 06:00:43- INFO- 
回测时间:2025-01-02 - 2025-12-31
策略胜率: 51.90%
策略盈亏比: 1.60
每日平均开仓个数: 2.34
平均持仓天数: 1.61 天
每单位风险期望收益:0.3487
策略总收益率: 280.92%
策略年化收益率: 283.74%
最大回撤: -11.44%
最大回撤阶段: 2025-04-24 至 2025-04-29
夏普比率: 3.35
策略超额年化收益率: 265.97%
最终净值: 3.8092
20260102 06:06:21- INFO- 回测信号参数: {'low': -5, 'high': -2.5, 'mv_min': 35, 'mv_max': 1000, 'prev_limit_status': ['断板', '炸板'], 'avg_limit_turnover_10_min': -1}
20260102 06:06:22- INFO- 回测时间区间: 2021-01-01 至 2026-01-02
20260102 06:06:22- INFO- 使用40个进程并行处理，共826个日期任务
20260102 06:09:40- INFO- 所有回测任务完成，共处理826个日期的结果
20260102 06:09:43- INFO- 总调整天数: 98, 调整正确率: 56.68%, 预计平均亏损改善: 2.3788%
20260102 06:09:43- INFO- 回测结果(不风控):
20260102 06:09:44- INFO- 
回测时间:2025-01-02 - 2025-12-31

策略胜率: 51.75%
策略盈亏比: 1.65
每日平均开仓个数: 2.58
平均持仓天数: 1.62 天
每单位风险期望收益:0.3690
策略总收益率: 384.42%
策略年化收益率: 388.65%
最大回撤: -13.25%
最大回撤阶段: 2025-07-03 至 2025-07-21
夏普比率: 3.83
策略超额年化收益率: 370.88%
最终净值: 4.8442
20260102 06:09:44- INFO- 回测结果(触及跌停风控):
20260102 06:09:44- INFO- 
回测时间:2025-01-02 - 2025-12-31
策略胜率: 53.20%
策略盈亏比: 1.73
每日平均开仓个数: 2.58
平均持仓天数: 1.62 天
每单位风险期望收益:0.4539
策略总收益率: 417.80%
策略年化收益率: 422.51%
最大回撤: -9.87%
最大回撤阶段: 2025-04-24 至 2025-04-25
夏普比率: 4.27
策略超额年化收益率: 404.74%
最终净值: 5.1780
20260102 06:09:44- INFO- 回测结果(买点下移风控):
20260102 06:09:45- INFO- 
回测时间:2025-01-02 - 2025-12-31
策略胜率: 51.01%
策略盈亏比: 1.70
每日平均开仓个数: 2.58
平均持仓天数: 1.62 天
每单位风险期望收益:0.3788
策略总收益率: 386.90%
策略年化收益率: 391.17%
最大回撤: -10.56%
最大回撤阶段: 2025-02-25 至 2025-03-07
夏普比率: 3.92
策略超额年化收益率: 373.40%
最终净值: 4.8690
20260102 06:15:29- INFO- 回测信号参数: {'low': -5, 'high': -2.5, 'mv_min': 35, 'mv_max': 1000, 'prev_limit_status': ['断板', '炸板'], 'avg_limit_turnover_10_min': 5}
20260102 06:15:29- INFO- 回测时间区间: 2021-01-01 至 2026-01-02
20260102 06:15:30- INFO- 使用40个进程并行处理，共725个日期任务
20260102 06:18:29- INFO- 所有回测任务完成，共处理725个日期的结果
20260102 06:18:32- INFO- 总调整天数: 73, 调整正确率: 51.12%, 预计平均亏损改善: 2.3758%
20260102 06:18:32- INFO- 回测结果(不风控):
20260102 06:18:32- INFO- 
回测时间:2025-01-02 - 2025-12-31
策略胜率: 51.96%
策略盈亏比: 1.60
每日平均开仓个数: 2.34
平均持仓天数: 1.61 天
每单位风险期望收益:0.3497
策略总收益率: 275.83%
策略年化收益率: 278.58%
最大回撤: -12.65%
最大回撤阶段: 2025-02-25 至 2025-03-07
夏普比率: 3.26
策略超额年化收益率: 260.81%
最终净值: 3.7583
20260102 06:18:32- INFO- 回测结果(触及跌停风控):
20260102 06:18:33- INFO- 
回测时间:2025-01-02 - 2025-12-31
策略胜率: 53.21%
策略盈亏比: 1.61
每日平均开仓个数: 2.34
平均持仓天数: 1.61 天
每单位风险期望收益:0.3899
策略总收益率: 284.56%
策略年化收益率: 287.42%
最大回撤: -9.87%
最大回撤阶段: 2025-04-24 至 2025-04-25
夏普比率: 3.52
策略超额年化收益率: 269.65%
最终净值: 3.8456
20260102 06:18:33- INFO- 回测结果(买点下移风控):
20260102 06:18:33- INFO- 
回测时间:2025-01-02 - 2025-12-31
策略胜率: 51.90%
策略盈亏比: 1.60
每日平均开仓个数: 2.34
平均持仓天数: 1.61 天
每单位风险期望收益:0.3487
策略总收益率: 280.92%
策略年化收益率: 283.74%
最大回撤: -11.44%
最大回撤阶段: 2025-04-24 至 2025-04-29
夏普比率: 3.35
策略超额年化收益率: 265.97%
最终净值: 3.8092
20260102 17:55:25- INFO- 回测信号参数: {'low': -5, 'high': -2.5, 'mv_min': 35, 'mv_max': 1000, 'prev_limit_status': ['断板', '炸板'], 'avg_limit_turnover_10_min': -1}
20260102 17:55:29- INFO- 回测时间区间: 2021-01-01 至 2026-01-02
20260102 17:55:29- INFO- 使用40个进程并行处理，共826个日期任务
20260102 17:58:22- INFO- 所有回测任务完成，共处理826个日期的结果
20260102 17:58:25- INFO- 总调整天数: 66, 调整正确率: 55.49%, 预计平均亏损改善: 2.7111%
20260102 17:58:25- INFO- 回测结果(不风控):
20260102 17:58:26- INFO- 
回测时间:2025-01-02 - 2025-12-31
策略胜率: 49.22%
策略盈亏比: 1.53
每日平均开仓个数: 2.58
平均持仓天数: 1.62 天
每单位风险期望收益:0.2458
策略总收益率: 199.13%
策略年化收益率: 200.94%
最大回撤: -16.79%
最大回撤阶段: 2025-08-27 至 2025-09-26
夏普比率: 2.72
策略超额年化收益率: 183.17%
最终净值: 2.9913
20260102 17:58:27- INFO- 回测结果(触及跌停风控):
20260102 17:58:27- INFO- 
回测时间:2025-01-02 - 2025-12-31
策略胜率: 50.11%
策略盈亏比: 1.58
每日平均开仓个数: 2.58
平均持仓天数: 1.62 天
每单位风险期望收益:0.2902
策略总收益率: 238.98%
策略年化收益率: 241.27%
最大回撤: -11.68%
最大回撤阶段: 2025-08-12 至 2025-09-26
夏普比率: 3.19
策略超额年化收益率: 223.50%
最终净值: 3.3898
20260102 17:58:27- INFO- 回测结果(买点下移风控):
20260102 17:58:27- INFO- 
回测时间:2025-01-02 - 2025-12-31
策略胜率: 48.71%
策略盈亏比: 1.55
每日平均开仓个数: 2.58
平均持仓天数: 1.62 天
每单位风险期望收益:0.2443
策略总收益率: 207.09%
策略年化收益率: 208.99%
最大回撤: -14.48%
最大回撤阶段: 2025-08-12 至 2025-09-26
夏普比率: 2.83
策略超额年化收益率: 191.23%
最终净值: 3.0709
20260102 19:28:56- INFO- 回测信号参数: {'low': -5, 'high': -2.5, 'mv_min': 35, 'mv_max': 1000, 'prev_limit_status': ['断板', '炸板'], 'avg_limit_turnover_10_min': 5}
20260102 19:28:56- INFO- 回测时间区间: 2021-01-01 至 2026-01-02
20260102 19:28:57- INFO- 使用40个进程并行处理，共725个日期任务
20260102 19:31:14- INFO- 所有回测任务完成，共处理725个日期的结果
20260102 19:31:16- INFO- 总调整天数: 54, 调整正确率: 55.56%, 预计平均亏损改善: 2.6252%
20260102 19:31:16- INFO- 回测结果(不风控):
20260102 19:31:16- INFO- 
回测时间:2025-01-02 - 2025-12-31
策略胜率: 49.42%
策略盈亏比: 1.48
每日平均开仓个数: 2.34
平均持仓天数: 1.61 天
每单位风险期望收益:0.2280
策略总收益率: 140.21%
策略年化收益率: 141.37%
最大回撤: -15.50%
最大回撤阶段: 2025-08-12 至 2025-10-27
夏普比率: 2.22
策略超额年化收益率: 123.60%
最终净值: 2.4021
20260102 19:31:16- INFO- 回测结果(触及跌停风控):
20260102 19:31:17- INFO- 
回测时间:2025-01-02 - 2025-12-31
策略胜率: 50.38%
策略盈亏比: 1.50
每日平均开仓个数: 2.34
平均持仓天数: 1.61 天
每单位风险期望收益:0.2588
策略总收益率: 154.90%
策略年化收益率: 156.22%
最大回撤: -11.83%
最大回撤阶段: 2025-07-03 至 2025-08-05
夏普比率: 2.50
策略超额年化收益率: 138.45%
最终净值: 2.5490
20260102 19:31:17- INFO- 回测结果(买点下移风控):
20260102 19:31:17- INFO- 
回测时间:2025-01-02 - 2025-12-31
策略胜率: 48.93%
策略盈亏比: 1.50
每日平均开仓个数: 2.34
平均持仓天数: 1.61 天
每单位风险期望收益:0.2241
策略总收益率: 143.99%
策略年化收益率: 145.19%
最大回撤: -14.78%
最大回撤阶段: 2025-08-12 至 2025-10-27
夏普比率: 2.29
策略超额年化收益率: 127.42%
最终净值: 2.4399
20260102 21:15:10- INFO- 回测信号参数: {'low': -5, 'high': -2.5, 'mv_min': 35, 'mv_max': 1000, 'prev_limit_status': ['断板', '炸板'], 'avg_limit_turnover_10_min': -1}
20260102 21:15:10- INFO- 回测时间区间: 2021-01-01 至 2026-01-02
20260102 21:15:10- INFO- 使用40个进程并行处理，共826个日期任务
20260102 21:17:54- INFO- 所有回测任务完成，共处理826个日期的结果
20260102 21:17:56- INFO- 总调整天数: 66, 调整正确率: 55.49%, 预计平均亏损改善: 2.7111%
20260102 21:17:56- INFO- 回测结果(不风控):
20260102 21:17:58- INFO- 
回测时间:2025-01-02 - 2025-12-31
策略胜率: 49.22%
策略盈亏比: 1.53
每日平均开仓个数: 2.58
平均持仓天数: 1.62 天
每单位风险期望收益:0.2458
策略总收益率: 199.13%
策略年化收益率: 200.94%
最大回撤: -16.79%
最大回撤阶段: 2025-08-27 至 2025-09-26
夏普比率: 2.72
策略超额年化收益率: 183.17%
最终净值: 2.9913
20260102 21:17:58- INFO- 回测结果(触及跌停风控):
20260102 21:17:59- INFO- 
回测时间:2025-01-02 - 2025-12-31
策略胜率: 50.11%
策略盈亏比: 1.58
每日平均开仓个数: 2.58
平均持仓天数: 1.62 天
每单位风险期望收益:0.2902
策略总收益率: 238.98%
策略年化收益率: 241.27%
最大回撤: -11.68%
最大回撤阶段: 2025-08-12 至 2025-09-26
夏普比率: 3.19
策略超额年化收益率: 223.50%
最终净值: 3.3898
20260102 21:17:59- INFO- 回测结果(买点下移风控):
20260102 21:18:02- INFO- 
回测时间:2025-01-02 - 2025-12-31
策略胜率: 48.71%
策略盈亏比: 1.55
每日平均开仓个数: 2.58
平均持仓天数: 1.62 天
每单位风险期望收益:0.2443
策略总收益率: 207.09%
策略年化收益率: 208.99%
最大回撤: -14.48%
最大回撤阶段: 2025-08-12 至 2025-09-26
夏普比率: 2.83
策略超额年化收益率: 191.23%
最终净值: 3.0709
20260103 23:56:01- INFO- 回测信号参数: {'low': -5, 'high': -2.5, 'mv_min': 35, 'mv_max': 1000, 'prev_limit_status': ['断板', '炸板'], 'avg_limit_turnover_5_min': 4}
20260103 23:56:01- INFO- 回测时间区间: 2021-01-01 至 2026-01-03
20260103 23:56:02- INFO- 使用40个进程并行处理，共758个日期任务
20260103 23:58:39- INFO- 所有回测任务完成，共处理758个日期的结果
20260103 23:58:42- INFO- 总调整天数: 57, 调整正确率: 50.00%, 预计平均亏损改善: 2.8500%
20260103 23:58:42- INFO- 回测结果(不风控):
20260103 23:58:44- INFO- 
回测时间:2025-01-02 - 2025-12-31
策略胜率: 50.22%
策略盈亏比: 1.49
每日平均开仓个数: 2.43
平均持仓天数: 1.62 天
每单位风险期望收益:0.2503
策略总收益率: 137.73%
策略年化收益率: 138.86%
最大回撤: -19.92%
最大回撤阶段: 2025-08-27 至 2025-10-27
夏普比率: 2.24
策略超额年化收益率: 121.10%
最终净值: 2.3773
20260103 23:58:44- INFO- 回测结果(触及跌停风控):
20260103 23:58:45- INFO- 
回测时间:2025-01-02 - 2025-12-31
策略胜率: 51.07%
策略盈亏比: 1.50
每日平均开仓个数: 2.43
平均持仓天数: 1.62 天
每单位风险期望收益:0.2770
策略总收益率: 145.20%
策略年化收益率: 146.41%
最大回撤: -13.06%
最大回撤阶段: 2025-08-12 至 2025-10-27
夏普比率: 2.46
策略超额年化收益率: 128.64%
最终净值: 2.4520
20260103 23:58:45- INFO- 回测结果(买点下移风控):
20260103 23:58:45- INFO- 
回测时间:2025-01-02 - 2025-12-31
策略胜率: 49.66%
策略盈亏比: 1.50
每日平均开仓个数: 2.43
平均持仓天数: 1.62 天
每单位风险期望收益:0.2433
策略总收益率: 136.71%
策略年化收益率: 137.84%
最大回撤: -18.07%
最大回撤阶段: 2025-08-12 至 2025-10-27
夏普比率: 2.26
策略超额年化收益率: 120.07%
最终净值: 2.3671
20260104 03:33:08- INFO- 回测信号参数: {'low': -5, 'high': -2.5, 'mv_min': 35, 'mv_max': 1000, 'prev_limit_status': ['断板', '炸板'], 'avg_limit_turnover_20_min': 4}
20260104 03:33:12- INFO- 回测时间区间: 2021-01-01 至 2026-01-04
20260104 03:33:13- INFO- 使用40个进程并行处理，共757个日期任务
20260104 03:35:52- INFO- 所有回测任务完成，共处理757个日期的结果
20260104 03:35:54- INFO- 总调整天数: 54, 调整正确率: 51.56%, 预计平均亏损改善: 2.7849%
20260104 03:35:54- INFO- 回测结果(不风控):
20260104 03:35:56- INFO- 
回测时间:2025-01-02 - 2025-12-31
策略胜率: 49.68%
策略盈亏比: 1.49
每日平均开仓个数: 2.44
平均持仓天数: 1.62 天
每单位风险期望收益:0.2366
策略总收益率: 130.88%
策略年化收益率: 131.95%
最大回撤: -19.44%
最大回撤阶段: 2025-08-27 至 2025-10-27
夏普比率: 2.17
策略超额年化收益率: 114.18%
最终净值: 2.3088
20260104 03:35:57- INFO- 回测结果(触及跌停风控):
20260104 03:35:57- INFO- 
回测时间:2025-01-02 - 2025-12-31
策略胜率: 50.35%
策略盈亏比: 1.50
每日平均开仓个数: 2.44
平均持仓天数: 1.62 天
每单位风险期望收益:0.2574
策略总收益率: 138.93%
策略年化收益率: 140.08%
最大回撤: -12.82%
最大回撤阶段: 2025-07-03 至 2025-08-06
夏普比率: 2.39
策略超额年化收益率: 122.31%
最终净值: 2.3893
20260104 03:35:57- INFO- 回测结果(买点下移风控):
20260104 03:35:57- INFO- 
回测时间:2025-01-02 - 2025-12-31
策略胜率: 49.02%
策略盈亏比: 1.50
每日平均开仓个数: 2.44
平均持仓天数: 1.62 天
每单位风险期望收益:0.2257
策略总收益率: 129.90%
策略年化收益率: 130.96%
最大回撤: -17.19%
最大回撤阶段: 2025-08-12 至 2025-10-27
夏普比率: 2.19
策略超额年化收益率: 113.19%
最终净值: 2.2990
20260104 03:42:38- INFO- 回测信号参数: {'low': -5, 'high': -2.5, 'mv_min': 35, 'mv_max': 1000, 'prev_limit_status': ['断板', '炸板'], 'avg_limit_turnover_20_min': 4}
20260104 03:42:38- INFO- 回测时间区间: 2021-01-01 至 2026-01-04
20260104 03:42:39- INFO- 使用40个进程并行处理，共1041个日期任务
20260104 03:46:13- INFO- 所有回测任务完成，共处理1041个日期的结果
20260104 03:46:16- INFO- 总调整天数: 53, 调整正确率: 59.28%, 预计平均亏损改善: 2.4202%
20260104 03:46:16- INFO- 回测结果(不风控):
20260104 03:46:16- INFO- 
回测时间:2025-01-02 - 2025-12-31
策略胜率: 48.35%
策略盈亏比: 1.44
每日平均开仓个数: 4.45
平均持仓天数: 1.60 天
每单位风险期望收益:0.1780
策略总收益率: 80.36%
策略年化收益率: 80.94%
最大回撤: -15.35%
最大回撤阶段: 2025-07-03 至 2025-08-05
夏普比率: 1.96
策略超额年化收益率: 63.17%
最终净值: 1.8036
20260104 03:46:17- INFO- 回测结果(触及跌停风控):
20260104 03:46:17- INFO- 
回测时间:2025-01-02 - 2025-12-31
策略胜率: 49.19%
策略盈亏比: 1.51
每日平均开仓个数: 4.45
平均持仓天数: 1.60 天
每单位风险期望收益:0.2349
策略总收益率: 121.10%
策略年化收益率: 122.07%
最大回撤: -14.07%
最大回撤阶段: 2025-07-03 至 2025-08-05
夏普比率: 2.67
策略超额年化收益率: 104.30%
最终净值: 2.2110
20260104 03:46:17- INFO- 回测结果(买点下移风控):
20260104 03:46:17- INFO- 
回测时间:2025-01-02 - 2025-12-31
策略胜率: 48.36%
策略盈亏比: 1.46
每日平均开仓个数: 4.45
平均持仓天数: 1.60 天
每单位风险期望收益:0.1919
策略总收益率: 87.50%
策略年化收益率: 88.15%
最大回撤: -14.59%
最大回撤阶段: 2025-07-03 至 2025-08-05
夏普比率: 2.10
策略超额年化收益率: 70.38%
最终净值: 1.8750
20260104 22:41:44- INFO- 回测信号参数: {'low': -5, 'high': -2.5, 'mv_min': 35, 'mv_max': 1000, 'prev_limit_status': ['断板', '炸板'], 'avg_limit_turnover_5_min': 4}
20260104 22:41:44- INFO- 回测时间区间: 2021-01-01 至 2026-01-04
20260104 22:41:45- INFO- 使用40个进程并行处理，共758个日期任务
20260104 22:44:21- INFO- 所有回测任务完成，共处理758个日期的结果
20260104 22:44:24- INFO- 总调整天数: 56, 调整正确率: 50.41%, 预计平均亏损改善: 2.7056%
20260104 22:44:24- INFO- 回测结果(不风控):
20260104 22:46:15- INFO- 总调整天数: 56, 调整正确率: 50.41%, 预计平均亏损改善: 2.7056%
20260104 22:46:15- INFO- 回测结果(不风控):
20260104 22:46:18- INFO- 
回测时间:2025-01-02 - 2025-12-31
策略胜率: 50.22%
策略盈亏比: 1.52
每日平均开仓个数: 2.43
平均持仓天数: 1.58 天
每单位风险期望收益:0.2647
策略总收益率: 145.67%
策略年化收益率: 146.89%
最大回撤: -19.15%
最大回撤阶段: 2025-08-27 至 2025-10-27
夏普比率: 2.33
策略超额年化收益率: 129.12%
最终净值: 2.4567
20260104 22:46:18- INFO- 回测结果(触及跌停风控):
20260104 22:46:21- INFO- 
回测时间:2025-01-02 - 2025-12-31
策略胜率: 50.95%
策略盈亏比: 1.50
每日平均开仓个数: 2.43
平均持仓天数: 1.58 天
每单位风险期望收益:0.2716
策略总收益率: 141.10%
策略年化收益率: 142.28%
最大回撤: -15.42%
最大回撤阶段: 2025-08-12 至 2025-10-27
夏普比率: 2.41
策略超额年化收益率: 124.51%
最终净值: 2.4110
20260104 22:46:22- INFO- 回测结果(买点下移风控):
20260104 22:47:16- INFO- 总调整天数: 56, 调整正确率: 50.41%, 预计平均亏损改善: 2.7056%
20260104 22:47:16- INFO- 回测结果(不风控):
20260104 22:47:19- INFO- 
回测时间:2025-01-02 - 2025-12-31
策略胜率: 50.22%
策略盈亏比: 1.52
每日平均开仓个数: 2.43
平均持仓天数: 1.58 天
每单位风险期望收益:0.2647
策略总收益率: 145.67%
策略年化收益率: 146.89%
最大回撤: -19.15%
最大回撤阶段: 2025-08-27 至 2025-10-27
夏普比率: 2.33
策略超额年化收益率: 129.12%
最终净值: 2.4567
20260104 22:47:19- INFO- 回测结果(触及跌停风控):
20260104 23:27:28- INFO- 回测信号参数: {'low': -5, 'high': -2.5, 'mv_min': 35, 'mv_max': 1000, 'prev_limit_status': ['断板', '炸板'], 'avg_limit_turnover_5_min': -1}
20260104 23:27:29- INFO- 回测时间区间: 2021-01-01 至 2026-01-04
20260104 23:27:29- INFO- 使用40个进程并行处理，共826个日期任务
20260104 23:30:27- INFO- 所有回测任务完成，共处理826个日期的结果
20260104 23:30:30- INFO- 总调整天数: 64, 调整正确率: 55.29%, 预计平均亏损改善: 2.6926%
20260104 23:30:30- INFO- 回测结果(不风控):
20260104 23:30:31- INFO- 
回测时间:2025-01-02 - 2025-12-31
策略胜率: 49.22%
策略盈亏比: 1.56
每日平均开仓个数: 2.58
平均持仓天数: 1.58 天
每单位风险期望收益:0.2604
策略总收益率: 211.40%
策略年化收益率: 213.36%
最大回撤: -16.30%
最大回撤阶段: 2025-08-27 至 2025-09-26
夏普比率: 2.83
策略超额年化收益率: 195.59%
最终净值: 3.1140
20260104 23:30:31- INFO- 回测结果(触及跌停风控):
20260104 23:31:45- INFO- 总调整天数: 64, 调整正确率: 55.29%, 预计平均亏损改善: 2.6926%
20260104 23:31:45- INFO- 回测结果(不风控):
20260104 23:32:01- INFO- 总调整天数: 64, 调整正确率: 55.29%, 预计平均亏损改善: 2.6926%
20260104 23:32:01- INFO- 回测结果(不风控):
20260105 00:21:30- INFO- 回测信号参数: {'low': -5, 'high': -2.5, 'mv_min': 35, 'mv_max': 1000, 'prev_limit_status': ['断板', '炸板'], 'avg_limit_turnover_5_min': -1}
20260105 00:21:31- INFO- 回测时间区间: 2021-01-01 至 2026-01-05
20260105 00:21:31- INFO- 使用40个进程并行处理，共826个日期任务
20260105 00:24:29- INFO- 所有回测任务完成，共处理826个日期的结果
20260105 00:24:31- INFO- 总调整天数: 64, 调整正确率: 55.29%, 预计平均亏损改善: 2.6926%
20260105 00:24:31- INFO- 回测结果(不风控):
20260105 21:37:59- INFO- 回测信号参数: {'low': -5, 'high': -2.5, 'mv_min': 35, 'mv_max': 1000, 'prev_limit_status': ['断板', '炸板'], 'avg_limit_turnover_5_min': -1}
20260105 21:38:00- INFO- 回测时间区间: 2021-01-01 至 2026-01-05
20260105 21:38:01- INFO- 使用40个进程并行处理，共826个日期任务
20260105 21:41:00- INFO- 所有回测任务完成，共处理826个日期的结果
20260105 21:41:03- INFO- 总调整天数: 67, 调整正确率: 56.74%, 预计平均亏损改善: 2.6280%
20260105 21:41:03- INFO- 回测结果(不风控):
20260105 22:01:34- INFO- 回测信号参数: {'low': -5, 'high': -2.5, 'mv_min': 35, 'mv_max': 1000, 'prev_limit_status': ['断板', '炸板'], 'avg_limit_turnover_5_min': -1}
20260105 22:01:35- INFO- 回测时间区间: 2021-01-01 至 2026-01-05
20260105 22:01:35- INFO- 使用40个进程并行处理，共826个日期任务
20260105 22:04:53- INFO- 所有回测任务完成，共处理826个日期的结果
20260105 22:04:56- INFO- 总调整天数: 66, 调整正确率: 55.49%, 预计平均亏损改善: 2.7111%
20260105 22:04:56- INFO- 回测结果(不风控):
20260105 22:18:10- INFO- 回测信号参数: {'low': -5, 'high': -2.5, 'mv_min': 35, 'mv_max': 1000, 'prev_limit_status': ['断板', '炸板'], 'avg_limit_turnover_5_min': -1}
20260105 22:18:11- INFO- 回测时间区间: 2021-01-01 至 2026-01-05
20260105 22:18:11- INFO- 使用40个进程并行处理，共826个日期任务
20260105 22:21:11- INFO- 所有回测任务完成，共处理826个日期的结果
20260105 22:21:13- INFO- 总调整天数: 66, 调整正确率: 55.49%, 预计平均亏损改善: 2.7111%
20260105 22:21:13- INFO- 回测结果(不风控):
20260105 22:21:14- INFO- 
回测时间:2025-01-02 - 2026-01-05
策略胜率: 49.22%
策略盈亏比: 1.53
每日平均开仓个数: 2.58
平均持仓天数: 1.62 天
每单位风险期望收益:0.2458
策略总收益率: 199.13%
策略年化收益率: 196.47%
最大回撤: -16.79%
最大回撤阶段: 2025-08-27 至 2025-09-26
夏普比率: 2.72
策略超额年化收益率: 173.36%
最终净值: 2.9913
20260105 22:21:14- INFO- 回测结果(触及跌停风控):
20260105 22:21:14- INFO- 
回测时间:2025-01-02 - 2026-01-05
策略胜率: 50.11%
策略盈亏比: 1.58
每日平均开仓个数: 2.58
平均持仓天数: 1.62 天
每单位风险期望收益:0.2902
策略总收益率: 238.98%
策略年化收益率: 235.62%
最大回撤: -11.68%
最大回撤阶段: 2025-08-12 至 2025-09-26
夏普比率: 3.18
策略超额年化收益率: 212.51%
最终净值: 3.3898
20260105 22:21:14- INFO- 回测结果(买点下移风控):
20260105 22:21:14- INFO- 
回测时间:2025-01-02 - 2026-01-05
策略胜率: 48.71%
策略盈亏比: 1.55
每日平均开仓个数: 2.58
平均持仓天数: 1.62 天
每单位风险期望收益:0.2443
策略总收益率: 207.09%
策略年化收益率: 204.29%
最大回撤: -14.48%
最大回撤阶段: 2025-08-12 至 2025-09-26
夏普比率: 2.83
策略超额年化收益率: 181.18%
最终净值: 3.0709
20260106 00:24:00- INFO- 
回测时间:2025-01-02 - 2026-01-05
策略胜率: 49.22%
策略盈亏比: 1.53
每日平均开仓个数: 2.58
平均持仓天数: 1.62 天
每单位风险期望收益:0.2458
策略总收益率: 199.13%
策略年化收益率: 196.47%
最大回撤: -16.79%
最大回撤阶段: 2025-08-27 至 2025-09-26
夏普比率: 2.72
策略超额年化收益率: 173.36%
最终净值: 2.9913
20260106 00:24:00- INFO- 回测结果(触及跌停风控):
20260106 00:24:00- INFO- 
回测时间:2025-01-02 - 2026-01-05
策略胜率: 49.78%
策略盈亏比: 1.61
每日平均开仓个数: 2.58
平均持仓天数: 1.62 天
每单位风险期望收益:0.3000
策略总收益率: 224.02%
策略年化收益率: 220.93%
最大回撤: -14.17%
最大回撤阶段: 2025-04-10 至 2025-05-22
夏普比率: 3.11
策略超额年化收益率: 197.82%
最终净值: 3.2402
20260106 00:24:00- INFO- 回测结果(买点下移风控):
20260106 00:24:00- INFO- 
回测时间:2025-01-02 - 2026-01-05
策略胜率: 48.08%
策略盈亏比: 1.58
每日平均开仓个数: 2.58
平均持仓天数: 1.62 天
每单位风险期望收益:0.2422
策略总收益率: 193.49%
策略年化收益率: 190.92%
最大回撤: -13.87%
最大回撤阶段: 2025-06-27 至 2025-07-21
夏普比率: 2.74
策略超额年化收益率: 167.81%
最终净值: 2.9349
20260106 00:25:23- INFO- 总调整天数: 84, 调整正确率: 58.90%, 预计平均亏损改善: 2.6998%
20260106 00:25:23- INFO- 回测结果(不风控):
20260106 00:25:23- INFO- 
回测时间:2025-01-02 - 2026-01-05
策略胜率: 49.22%
策略盈亏比: 1.53
每日平均开仓个数: 2.58
平均持仓天数: 1.62 天
每单位风险期望收益:0.2458
策略总收益率: 199.13%
策略年化收益率: 196.47%
最大回撤: -16.79%
最大回撤阶段: 2025-08-27 至 2025-09-26
夏普比率: 2.72
策略超额年化收益率: 173.36%
最终净值: 2.9913
20260106 00:25:23- INFO- 回测结果(触及跌停风控):
20260106 00:25:23- INFO- 
回测时间:2025-01-02 - 2026-01-05
策略胜率: 49.78%
策略盈亏比: 1.59
每日平均开仓个数: 2.58
平均持仓天数: 1.62 天
每单位风险期望收益:0.2895
策略总收益率: 228.71%
策略年化收益率: 225.54%
最大回撤: -11.68%
最大回撤阶段: 2025-08-12 至 2025-09-26
夏普比率: 3.11
策略超额年化收益率: 202.43%
最终净值: 3.2871
20260106 00:25:24- INFO- 回测结果(买点下移风控):
20260106 00:25:24- INFO- 
回测时间:2025-01-02 - 2026-01-05
策略胜率: 48.29%
策略盈亏比: 1.57
每日平均开仓个数: 2.58
平均持仓天数: 1.62 天
每单位风险期望收益:0.2432
策略总收益率: 198.19%
策略年化收益率: 195.54%
最大回撤: -14.48%
最大回撤阶段: 2025-08-12 至 2025-09-26
夏普比率: 2.77
策略超额年化收益率: 172.43%
最终净值: 2.9819
20260106 00:27:02- INFO- 总调整天数: 77, 调整正确率: 57.29%, 预计平均亏损改善: 2.6401%
20260106 00:27:02- INFO- 回测结果(不风控):
20260106 00:27:02- INFO- 
回测时间:2025-01-02 - 2026-01-05
策略胜率: 49.22%
策略盈亏比: 1.53
每日平均开仓个数: 2.58
平均持仓天数: 1.62 天
每单位风险期望收益:0.2458
策略总收益率: 199.13%
策略年化收益率: 196.47%
最大回撤: -16.79%
最大回撤阶段: 2025-08-27 至 2025-09-26
夏普比率: 2.72
策略超额年化收益率: 173.36%
最终净值: 2.9913
20260106 00:27:02- INFO- 回测结果(触及跌停风控):
20260106 00:27:02- INFO- 
回测时间:2025-01-02 - 2026-01-05
策略胜率: 50.00%
策略盈亏比: 1.59
每日平均开仓个数: 2.58
平均持仓天数: 1.62 天
每单位风险期望收益:0.2957
策略总收益率: 241.36%
策略年化收益率: 237.96%
最大回撤: -11.68%
最大回撤阶段: 2025-08-12 至 2025-09-26
夏普比率: 3.20
策略超额年化收益率: 214.85%
最终净值: 3.4136
20260106 00:27:02- INFO- 回测结果(买点下移风控):
20260106 00:27:02- INFO- 
回测时间:2025-01-02 - 2026-01-05
策略胜率: 48.50%
策略盈亏比: 1.58
每日平均开仓个数: 2.58
平均持仓天数: 1.62 天
每单位风险期望收益:0.2490
策略总收益率: 209.66%
策略年化收益率: 206.82%
最大回撤: -14.48%
最大回撤阶段: 2025-08-12 至 2025-09-26
夏普比率: 2.85
策略超额年化收益率: 183.71%
最终净值: 3.0966
20260106 13:22:13- INFO- 回测信号参数: {'low': -5, 'high': -2.5, 'mv_min': 35, 'mv_max': 1000, 'prev_limit_status': ['断板', '炸板'], 'avg_limit_turnover_5_min': -1}
20260106 13:22:17- INFO- 回测时间区间: 2021-01-01 至 2026-01-06
20260106 13:22:17- INFO- 使用40个进程并行处理，共826个日期任务
20260106 13:25:06- INFO- 所有回测任务完成，共处理826个日期的结果
20260106 13:25:08- INFO- 总调整天数: 77, 调整正确率: 57.29%, 预计平均亏损改善: 2.6401%
20260106 13:25:08- INFO- 回测结果(不风控):
20260106 13:25:12- INFO- 
回测时间:2025-01-02 - 2026-01-05
策略胜率: 49.22%
策略盈亏比: 1.53
每日平均开仓个数: 2.58
平均持仓天数: 1.62 天
每单位风险期望收益:0.2458
策略总收益率: 199.13%
策略年化收益率: 196.47%
最大回撤: -16.79%
最大回撤阶段: 2025-08-27 至 2025-09-26
夏普比率: 2.72
策略超额年化收益率: 173.36%
最终净值: 2.9913
20260106 13:25:13- INFO- 回测结果(触及跌停风控):
20260106 13:25:13- INFO- 
回测时间:2025-01-02 - 2026-01-05
策略胜率: 50.00%
策略盈亏比: 1.59
每日平均开仓个数: 2.58
平均持仓天数: 1.62 天
每单位风险期望收益:0.2957
策略总收益率: 241.36%
策略年化收益率: 237.96%
最大回撤: -11.68%
最大回撤阶段: 2025-08-12 至 2025-09-26
夏普比率: 3.20
策略超额年化收益率: 214.85%
最终净值: 3.4136
20260106 13:25:13- INFO- 回测结果(买点下移风控):
20260106 13:25:13- INFO- 
回测时间:2025-01-02 - 2026-01-05
策略胜率: 48.50%
策略盈亏比: 1.58
每日平均开仓个数: 2.58
平均持仓天数: 1.62 天
每单位风险期望收益:0.2490
策略总收益率: 209.66%
策略年化收益率: 206.82%
最大回撤: -14.48%
最大回撤阶段: 2025-08-12 至 2025-09-26
夏普比率: 2.85
策略超额年化收益率: 183.71%
最终净值: 3.0966
20260106 13:27:58- INFO- 回测信号参数: {'low': -5, 'high': -2.5, 'mv_min': 35, 'mv_max': 1000, 'prev_limit_status': ['断板', '炸板'], 'avg_limit_turnover_5_min': -1}
20260106 13:27:58- INFO- 回测时间区间: 2021-01-01 至 2026-01-06
20260106 13:27:58- INFO- 使用40个进程并行处理，共826个日期任务
20260106 13:30:55- INFO- 所有回测任务完成，共处理826个日期的结果
20260106 13:30:57- INFO- 总调整天数: 77, 调整正确率: 57.29%, 预计平均亏损改善: 2.6401%
20260106 13:30:57- INFO- 回测结果(不风控):
20260106 13:30:59- INFO- 
回测时间:2025-01-02 - 2026-01-05
策略胜率: 49.22%
策略盈亏比: 1.53
每日平均开仓个数: 2.58
平均持仓天数: 1.62 天
每单位风险期望收益:0.2458
策略总收益率: 199.13%
策略年化收益率: 196.47%
最大回撤: -16.79%
最大回撤阶段: 2025-08-27 至 2025-09-26
夏普比率: 2.72
策略超额年化收益率: 173.36%
最终净值: 2.9913
20260106 13:30:59- INFO- 回测结果(触及跌停风控):
20260106 13:30:59- INFO- 
回测时间:2025-01-02 - 2026-01-05
策略胜率: 50.00%
策略盈亏比: 1.59
每日平均开仓个数: 2.58
平均持仓天数: 1.62 天
每单位风险期望收益:0.2957
策略总收益率: 241.36%
策略年化收益率: 237.96%
最大回撤: -11.68%
最大回撤阶段: 2025-08-12 至 2025-09-26
夏普比率: 3.20
策略超额年化收益率: 214.85%
最终净值: 3.4136
20260106 13:31:00- INFO- 回测结果(买点下移风控):
20260106 13:31:00- INFO- 
回测时间:2025-01-02 - 2026-01-05
策略胜率: 48.50%
策略盈亏比: 1.58
每日平均开仓个数: 2.58
平均持仓天数: 1.62 天
每单位风险期望收益:0.2490
策略总收益率: 209.66%
策略年化收益率: 206.82%
最大回撤: -14.48%
最大回撤阶段: 2025-08-12 至 2025-09-26
夏普比率: 2.85
策略超额年化收益率: 183.71%
最终净值: 3.0966
20260106 13:41:09- INFO- 回测信号参数: {'low': -5, 'high': -2.5, 'mv_min': 35, 'mv_max': 1000, 'prev_limit_status': ['断板', '炸板'], 'avg_limit_turnover_5_min': -1}
20260106 13:41:09- INFO- 回测时间区间: 2021-01-01 至 2026-01-06
20260106 13:41:10- INFO- 使用40个进程并行处理，共882个日期任务
20260106 13:44:24- INFO- 所有回测任务完成，共处理882个日期的结果
20260106 13:44:27- INFO- 总调整天数: 68, 调整正确率: 57.71%, 预计平均亏损改善: 2.6337%
20260106 13:44:27- INFO- 回测结果(不风控):
20260106 13:44:28- INFO- 
回测时间:2025-01-02 - 2026-01-05
策略胜率: 47.40%
策略盈亏比: 1.51
每日平均开仓个数: 2.95
平均持仓天数: 1.63 天
每单位风险期望收益:0.1921
策略总收益率: 99.64%
策略年化收益率: 98.52%
最大回撤: -22.39%
最大回撤阶段: 2025-02-25 至 2025-05-22
夏普比率: 1.90
策略超额年化收益率: 75.41%
最终净值: 1.9964
20260106 13:44:28- INFO- 回测结果(触及跌停风控):
20260106 13:44:28- INFO- 
回测时间:2025-01-02 - 2026-01-05
策略胜率: 47.08%
策略盈亏比: 1.58
每日平均开仓个数: 2.95
平均持仓天数: 1.63 天
每单位风险期望收益:0.2165
策略总收益率: 139.23%
策略年化收益率: 137.53%
最大回撤: -15.87%
最大回撤阶段: 2025-04-24 至 2025-05-22
夏普比率: 2.50
策略超额年化收益率: 114.42%
最终净值: 2.3923
20260106 13:44:28- INFO- 回测结果(买点下移风控):
20260106 13:44:29- INFO- 
回测时间:2025-01-02 - 2026-01-05
策略胜率: 45.67%
策略盈亏比: 1.55
每日平均开仓个数: 2.95
平均持仓天数: 1.63 天
每单位风险期望收益:0.1625
策略总收益率: 93.14%
策略年化收益率: 92.11%
最大回撤: -22.38%
最大回撤阶段: 2025-02-20 至 2025-05-22
夏普比率: 1.86
策略超额年化收益率: 69.00%
最终净值: 1.9314
20260106 13:59:37- INFO- 回测信号参数: {'low': -5, 'high': -2.5, 'mv_min': 35, 'mv_max': 1000, 'prev_limit_status': ['断板', '炸板'], 'avg_limit_turnover_5_min': -1}
20260106 13:59:38- INFO- 回测时间区间: 2021-01-01 至 2026-01-06
20260106 13:59:38- INFO- 使用40个进程并行处理，共826个日期任务
20260106 14:02:26- INFO- 所有回测任务完成，共处理826个日期的结果
20260106 14:02:29- INFO- 总调整天数: 77, 调整正确率: 57.29%, 预计平均亏损改善: 2.6401%
20260106 14:02:29- INFO- 回测结果(不风控):
20260106 14:02:29- INFO- 
回测时间:2025-01-02 - 2026-01-05
策略胜率: 49.22%
策略盈亏比: 1.53
每日平均开仓个数: 2.58
平均持仓天数: 1.62 天
每单位风险期望收益:0.2458
策略总收益率: 199.13%
策略年化收益率: 196.47%
最大回撤: -16.79%
最大回撤阶段: 2025-08-27 至 2025-09-26
夏普比率: 2.72
策略超额年化收益率: 173.36%
最终净值: 2.9913
20260106 14:02:29- INFO- 回测结果(触及跌停风控):
20260106 14:02:29- INFO- 
回测时间:2025-01-02 - 2026-01-05
策略胜率: 50.00%
策略盈亏比: 1.59
每日平均开仓个数: 2.58
平均持仓天数: 1.62 天
每单位风险期望收益:0.2957
策略总收益率: 241.36%
策略年化收益率: 237.96%
最大回撤: -11.68%
最大回撤阶段: 2025-08-12 至 2025-09-26
夏普比率: 3.20
策略超额年化收益率: 214.85%
最终净值: 3.4136
20260106 14:02:29- INFO- 回测结果(买点下移风控):
20260106 14:02:29- INFO- 
回测时间:2025-01-02 - 2026-01-05
策略胜率: 48.50%
策略盈亏比: 1.58
每日平均开仓个数: 2.58
平均持仓天数: 1.62 天
每单位风险期望收益:0.2490
策略总收益率: 209.66%
策略年化收益率: 206.82%
最大回撤: -14.48%
最大回撤阶段: 2025-08-12 至 2025-09-26
夏普比率: 2.85
策略超额年化收益率: 183.71%
最终净值: 3.0966
20260107 22:49:48- INFO- 回测信号参数: {'low': -5, 'high': -2.5, 'mv_min': 35, 'mv_max': 1000, 'prev_limit_status': ['断板', '炸板'], 'avg_limit_turnover_5_min': -1}
20260107 22:49:48- INFO- 回测时间区间: 2021-01-01 至 2026-01-07
20260107 22:49:48- INFO- 使用40个进程并行处理，共829个日期任务
20260107 22:52:25- INFO- 所有回测任务完成，共处理829个日期的结果
20260107 22:52:28- INFO- 总调整天数: 77, 调整正确率: 57.29%, 预计平均亏损改善: 2.6401%
20260107 22:52:28- INFO- 回测结果(不风控):
20260107 22:52:28- INFO- 
回测时间:2025-01-02 - 2026-01-07
策略胜率: 50.28%
策略盈亏比: 1.53
每日平均开仓个数: 2.63
平均持仓天数: 1.62 天
每单位风险期望收益:0.2739
策略总收益率: 215.25%
策略年化收益率: 210.39%
最大回撤: -16.79%
最大回撤阶段: 2025-08-27 至 2025-09-26
夏普比率: 2.82
策略超额年化收益率: 185.54%
最终净值: 3.1525
20260107 22:52:28- INFO- 回测结果(触及跌停风控):
20260107 22:52:28- INFO- 
回测时间:2025-01-02 - 2026-01-07
策略胜率: 51.14%
策略盈亏比: 1.59
每日平均开仓个数: 2.63
平均持仓天数: 1.62 天
每单位风险期望收益:0.3265
策略总收益率: 259.75%
策略年化收益率: 253.58%
最大回撤: -11.68%
最大回撤阶段: 2025-08-12 至 2025-09-26
夏普比率: 3.31
策略超额年化收益率: 228.73%
最终净值: 3.5975
20260107 22:52:29- INFO- 回测结果(买点下移风控):
20260107 22:52:29- INFO- 
回测时间:2025-01-02 - 2026-01-07
策略胜率: 49.61%
策略盈亏比: 1.58
每日平均开仓个数: 2.63
平均持仓天数: 1.62 天
每单位风险期望收益:0.2787
策略总收益率: 226.35%
策略年化收益率: 221.17%
最大回撤: -14.48%
最大回撤阶段: 2025-08-12 至 2025-09-26
夏普比率: 2.95
策略超额年化收益率: 196.32%
最终净值: 3.2635
20260108 22:45:17- INFO- 回测信号参数: {'low': -5, 'high': -2.5, 'mv_min': 35, 'mv_max': 1000, 'prev_limit_status': ['断板', '炸板'], 'avg_limit_turnover_5_min': -1}
20260108 22:45:20- INFO- 回测时间区间: 2021-01-01 至 2026-01-08
20260108 22:45:21- INFO- 使用40个进程并行处理，共830个日期任务
20260108 22:48:27- INFO- 所有回测任务完成，共处理830个日期的结果
20260108 22:48:29- INFO- 总调整天数: 77, 调整正确率: 57.29%, 预计平均亏损改善: 2.6401%
20260108 22:48:29- INFO- 回测结果(不风控):
20260108 22:48:33- INFO- 
回测时间:2025-01-02 - 2026-01-08
策略胜率: 50.84%
策略盈亏比: 1.53
每日平均开仓个数: 2.66
平均持仓天数: 1.63 天
每单位风险期望收益:0.2862
策略总收益率: 222.87%
策略年化收益率: 216.80%
最大回撤: -16.79%
最大回撤阶段: 2025-08-27 至 2025-09-26
夏普比率: 2.86
策略超额年化收益率: 192.11%
最终净值: 3.2287
20260108 22:48:33- INFO- 回测结果(触及跌停风控):
20260108 22:48:33- INFO- 
回测时间:2025-01-02 - 2026-01-08
策略胜率: 51.74%
策略盈亏比: 1.59
每日平均开仓个数: 2.66
平均持仓天数: 1.63 天
每单位风险期望收益:0.3399
策略总收益率: 268.45%
策略年化收益率: 260.76%
最大回撤: -11.68%
最大回撤阶段: 2025-08-12 至 2025-09-26
夏普比率: 3.35
策略超额年化收益率: 236.06%
最终净值: 3.6845
20260108 22:48:33- INFO- 回测结果(买点下移风控):
20260108 22:48:33- INFO- 
回测时间:2025-01-02 - 2026-01-08
策略胜率: 50.19%
策略盈亏比: 1.57
每日平均开仓个数: 2.66
平均持仓天数: 1.63 天
每单位风险期望收益:0.2916
策略总收益率: 234.23%
策略年化收益率: 227.78%
最大回撤: -14.48%
最大回撤阶段: 2025-08-12 至 2025-09-26
夏普比率: 3.00
策略超额年化收益率: 203.08%
最终净值: 3.3423
20260108 22:50:28- INFO- 
回测时间:2025-01-02 - 2026-01-08
策略胜率: 50.84%
策略盈亏比: 1.53
每日平均开仓个数: 2.66
平均持仓天数: 1.63 天
每单位风险期望收益:0.2862
策略总收益率: 222.87%
策略年化收益率: 216.80%
最大回撤: -16.79%
最大回撤阶段: 2025-08-27 至 2025-09-26
夏普比率: 2.86
策略超额年化收益率: 192.11%
最终净值: 3.2287
20260108 22:50:28- INFO- 回测结果(触及跌停风控):
20260108 22:50:28- INFO- 
回测时间:2025-01-02 - 2026-01-08
策略胜率: 51.74%
策略盈亏比: 1.59
每日平均开仓个数: 2.66
平均持仓天数: 1.63 天
每单位风险期望收益:0.3399
策略总收益率: 268.45%
策略年化收益率: 260.76%
最大回撤: -11.68%
最大回撤阶段: 2025-08-12 至 2025-09-26
夏普比率: 3.35
策略超额年化收益率: 236.06%
最终净值: 3.6845
20260108 22:50:28- INFO- 回测结果(买点下移风控):
20260108 22:50:28- INFO- 
回测时间:2025-01-02 - 2026-01-08
策略胜率: 50.19%
策略盈亏比: 1.57
每日平均开仓个数: 2.66
平均持仓天数: 1.63 天
每单位风险期望收益:0.2916
策略总收益率: 234.23%
策略年化收益率: 227.78%
最大回撤: -14.48%
最大回撤阶段: 2025-08-12 至 2025-09-26
夏普比率: 3.00
策略超额年化收益率: 203.08%
最终净值: 3.3423
20260109 21:43:34- INFO- 回测信号参数: {'low': -5, 'high': -2.5, 'mv_min': 35, 'mv_max': 1000, 'prev_limit_status': ['断板', '炸板'], 'avg_limit_turnover_5_min': -1}
20260109 21:43:34- INFO- 回测时间区间: 2021-01-01 至 2026-01-09
20260109 21:43:34- INFO- 使用40个进程并行处理，共831个日期任务
20260109 21:46:27- INFO- 所有回测任务完成，共处理831个日期的结果
20260109 21:46:30- INFO- 总调整天数: 77, 调整正确率: 57.29%, 预计平均亏损改善: 2.6401%
20260109 21:46:30- INFO- 回测结果(不风控):
20260109 21:46:30- INFO- 
回测时间:2025-01-02 - 2026-01-09
策略胜率: 51.20%
策略盈亏比: 1.55
每日平均开仓个数: 2.67
平均持仓天数: 1.63 天
每单位风险期望收益:0.3040
策略总收益率: 235.50%
策略年化收益率: 227.94%
最大回撤: -16.79%
最大回撤阶段: 2025-08-27 至 2025-09-26
夏普比率: 2.94
策略超额年化收益率: 202.20%
最终净值: 3.3550
20260109 21:46:31- INFO- 回测结果(触及跌停风控):
20260109 21:46:31- INFO- 
回测时间:2025-01-02 - 2026-01-09
策略胜率: 52.12%
策略盈亏比: 1.61
每日平均开仓个数: 2.67
平均持仓天数: 1.63 天
每单位风险期望收益:0.3598
策略总收益率: 282.86%
策略年化收益率: 273.31%
最大回撤: -11.68%
最大回撤阶段: 2025-08-12 至 2025-09-26
夏普比率: 3.43
策略超额年化收益率: 247.57%
最终净值: 3.8286
20260109 21:46:31- INFO- 回测结果(买点下移风控):
20260109 21:46:31- INFO- 
回测时间:2025-01-02 - 2026-01-09
策略胜率: 50.57%
策略盈亏比: 1.59
每日平均开仓个数: 2.67
平均持仓天数: 1.63 天
每单位风险期望收益:0.3104
策略总收益率: 247.31%
策略年化收益率: 239.27%
最大回撤: -14.48%
最大回撤阶段: 2025-08-12 至 2025-09-26
夏普比率: 3.08
策略超额年化收益率: 213.53%
最终净值: 3.4731
20260109 22:00:21- INFO- 
回测时间:2021-01-04 - 2026-01-09
策略胜率: 44.77%
策略盈亏比: 1.43
每日平均开仓个数: 2.40
平均持仓天数: 1.59 天
每单位风险期望收益:0.0888
策略总收益率: 322.12%
策略年化收益率: 33.25%
最大回撤: -57.10%
最大回撤阶段: 2022-07-21 至 2024-04-15
夏普比率: 0.88
策略超额年化收益率: 29.96%
最终净值: 4.2212
20260109 22:00:21- INFO- 回测结果(触及跌停风控):
20260109 22:00:21- INFO- 
回测时间:2021-01-04 - 2026-01-09
策略胜率: 45.00%
策略盈亏比: 1.48
每日平均开仓个数: 2.40
平均持仓天数: 1.59 天
每单位风险期望收益:0.1149
策略总收益率: 362.62%
策略年化收益率: 35.71%
最大回撤: -54.61%
最大回撤阶段: 2022-07-21 至 2024-04-15
夏普比率: 0.94
策略超额年化收益率: 32.42%
最终净值: 4.6262
20260109 22:00:21- INFO- 回测结果(买点下移风控):
20260109 22:00:21- INFO- 
回测时间:2021-01-04 - 2026-01-09
策略胜率: 44.18%
策略盈亏比: 1.46
每日平均开仓个数: 2.40
平均持仓天数: 1.59 天
每单位风险期望收益:0.0874
策略总收益率: 275.71%
策略年化收益率: 30.20%
最大回撤: -55.24%
最大回撤阶段: 2022-07-21 至 2024-04-15
夏普比率: 0.83
策略超额年化收益率: 26.91%
最终净值: 3.7571
20260109 22:05:51- INFO- 
回测时间:2021-01-04 - 2021-12-31
策略胜率: 43.84%
策略盈亏比: 1.38
每日平均开仓个数: 2.18
平均持仓天数: 1.59 天
每单位风险期望收益:0.0423
策略总收益率: 19.54%
策略年化收益率: 19.78%
最大回撤: -23.08%
最大回撤阶段: 2021-09-17 至 2021-10-13
夏普比率: 0.61
策略超额年化收益率: 15.83%
最终净值: 1.1954
20260109 22:48:36- INFO- 回测信号参数: {'low': -5, 'high': -2.5, 'mv_min': 35, 'mv_max': 1000, 'prev_limit_status': ['断板', '炸板'], 'avg_limit_turnover_5_min': -1}
20260109 22:48:36- INFO- 回测时间区间: 2021-01-01 至 2026-01-09
20260109 22:48:37- INFO- 使用40个进程并行处理，共831个日期任务
20260109 22:51:30- INFO- 所有回测任务完成，共处理831个日期的结果
20260109 22:51:32- INFO- 总调整天数: 77, 调整正确率: 55.56%, 预计平均亏损改善: 2.7927%
20260109 22:51:32- INFO- 回测结果(不风控):
20260109 22:51:33- INFO- 
回测时间:2021-01-04 - 2026-01-09
策略胜率: 44.72%
策略盈亏比: 1.43
每日平均开仓个数: 2.40
平均持仓天数: 1.60 天
每单位风险期望收益:0.0885
策略总收益率: 389.49%
策略年化收益率: 37.24%
最大回撤: -54.76%
最大回撤阶段: 2022-07-21 至 2024-04-15
夏普比率: 0.95
策略超额年化收益率: 33.96%
最终净值: 4.8949
20260109 22:51:33- INFO- 回测结果(触及跌停风控):
20260109 22:51:33- INFO- 
回测时间:2021-01-04 - 2026-01-09
策略胜率: 44.75%
策略盈亏比: 1.49
每日平均开仓个数: 2.40
平均持仓天数: 1.60 天
每单位风险期望收益:0.1150
策略总收益率: 426.49%
策略年化收益率: 39.25%
最大回撤: -51.91%
最大回撤阶段: 2022-07-21 至 2023-05-23
夏普比率: 1.02
策略超额年化收益率: 35.96%
最终净值: 5.2649
20260109 22:51:33- INFO- 回测结果(买点下移风控):
20260109 22:51:33- INFO- 
回测时间:2021-01-04 - 2026-01-09
策略胜率: 43.98%
策略盈亏比: 1.47
每日平均开仓个数: 2.40
平均持仓天数: 1.60 天
每单位风险期望收益:0.0870
策略总收益率: 339.49%
策略年化收益率: 34.33%
最大回撤: -52.41%
最大回撤阶段: 2022-07-21 至 2024-04-15
夏普比率: 0.91
策略超额年化收益率: 31.04%
最终净值: 4.3949
20260109 22:51:34- INFO- 
回测时间:2021-01-04 - 2021-12-31
策略胜率: 43.53%
策略盈亏比: 1.38
每日平均开仓个数: 2.18
平均持仓天数: 1.60 天
每单位风险期望收益:0.0339
策略总收益率: 21.61%
策略年化收益率: 21.87%
最大回撤: -23.08%
最大回撤阶段: 2021-09-17 至 2021-10-13
夏普比率: 0.67
策略超额年化收益率: 17.92%
最终净值: 1.2161
20260110 01:11:16- INFO- 
回测时间:2025-01-02 - 2026-01-09
策略胜率: 51.38%
策略盈亏比: 1.55
每日平均开仓个数: 2.67
平均持仓天数: 1.64 天
每单位风险期望收益:0.3120
策略总收益率: 245.39%
策略年化收益率: 237.43%
最大回撤: -16.79%
最大回撤阶段: 2025-08-27 至 2025-09-26
夏普比率: 3.05
策略超额年化收益率: 211.69%
最终净值: 3.4539
20260110 01:11:16- INFO- 回测结果(触及跌停风控):
20260110 01:11:16- INFO- 
回测时间:2025-01-02 - 2026-01-09
策略胜率: 52.24%
策略盈亏比: 1.64
每日平均开仓个数: 2.67
平均持仓天数: 1.64 天
每单位风险期望收益:0.3790
策略总收益率: 287.97%
策略年化收益率: 278.20%
最大回撤: -12.17%
最大回撤阶段: 2025-04-10 至 2025-05-22
夏普比率: 3.56
策略超额年化收益率: 252.46%
最终净值: 3.8797
20260110 01:11:16- INFO- 回测结果(买点下移风控):
20260110 01:11:16- INFO- 
回测时间:2025-01-02 - 2026-01-09
策略胜率: 50.66%
策略盈亏比: 1.61
每日平均开仓个数: 2.67
平均持仓天数: 1.64 天
每单位风险期望收益:0.3202
策略总收益率: 256.05%
策略年化收益率: 247.64%
最大回撤: -13.53%
最大回撤阶段: 2025-08-12 至 2025-09-26
夏普比率: 3.20
策略超额年化收益率: 221.90%
最终净值: 3.5605
20260110 16:30:19- INFO- 回测信号参数: {'low': -5, 'high': -2.5, 'mv_min': 35, 'mv_max': 1000, 'prev_limit_status': ['断板', '炸板'], 'avg_limit_turnover_5_min': -1}
20260110 16:30:20- INFO- 回测时间区间: 2021-01-01 至 2026-01-10
20260110 16:30:20- INFO- 使用40个进程并行处理，共831个日期任务
20260110 16:33:15- INFO- 所有回测任务完成，共处理831个日期的结果
20260110 16:33:18- INFO- 总调整天数: 88, 调整正确率: 58.77%, 预计平均亏损改善: 2.6116%
20260110 16:33:18- INFO- 回测结果(不风控):
20260110 16:33:18- INFO- 
回测时间:2025-01-02 - 2026-01-09
策略胜率: 52.10%
策略盈亏比: 1.60
每日平均开仓个数: 2.68
平均持仓天数: 1.63 天
每单位风险期望收益:0.3542
策略总收益率: 308.18%
策略年化收益率: 297.52%
最大回撤: -15.60%
最大回撤阶段: 2025-08-27 至 2025-09-26
夏普比率: 3.43
策略超额年化收益率: 271.78%
最终净值: 4.0818
20260110 16:33:18- INFO- 回测结果(触及跌停风控):
20260110 16:33:19- INFO- 
回测时间:2025-01-02 - 2026-01-09
策略胜率: 53.39%
策略盈亏比: 1.70
每日平均开仓个数: 2.68
平均持仓天数: 1.63 天
每单位风险期望收益:0.4417
策略总收益率: 363.77%
策略年化收益率: 350.57%
最大回撤: -10.84%
最大回撤阶段: 2025-04-10 至 2025-05-22
夏普比率: 4.01
策略超额年化收益率: 324.83%
最终净值: 4.6377
20260110 16:33:19- INFO- 回测结果(买点下移风控):
20260110 16:33:19- INFO- 
回测时间:2025-01-02 - 2026-01-09
策略胜率: 51.23%
策略盈亏比: 1.67
每日平均开仓个数: 2.68
平均持仓天数: 1.63 天
每单位风险期望收益:0.3696
策略总收益率: 320.59%
策略年化收益率: 309.37%
最大回撤: -12.10%
最大回撤阶段: 2025-08-27 至 2025-09-26
夏普比率: 3.59
策略超额年化收益率: 283.63%
最终净值: 4.2059
20260110 16:33:19- INFO- 
回测时间:2021-01-04 - 2021-12-31
策略胜率: 46.59%
策略盈亏比: 1.41
每日平均开仓个数: 2.18
平均持仓天数: 1.60 天
每单位风险期望收益:0.1245
策略总收益率: 62.05%
策略年化收益率: 62.91%
最大回撤: -18.61%
最大回撤阶段: 2021-09-17 至 2021-10-13
夏普比率: 1.45
策略超额年化收益率: 58.96%
最终净值: 1.6205
20260110 16:35:46- INFO- 
回测时间:2021-01-04 - 2026-01-09
策略胜率: 45.61%
策略盈亏比: 1.47
每日平均开仓个数: 2.40
平均持仓天数: 1.60 天
每单位风险期望收益:0.1273
策略总收益率: 855.62%
策略年化收益率: 56.82%
最大回撤: -48.77%
最大回撤阶段: 2022-07-21 至 2023-05-23
夏普比率: 1.29
策略超额年化收益率: 53.54%
最终净值: 9.5562
20260110 16:35:47- INFO- 回测结果(触及跌停风控):
20260110 16:35:47- INFO- 
回测时间:2021-01-04 - 2026-01-09
策略胜率: 46.18%
策略盈亏比: 1.54
每日平均开仓个数: 2.40
平均持仓天数: 1.60 天
每单位风险期望收益:0.1713
策略总收益率: 1093.94%
策略年化收益率: 63.94%
最大回撤: -46.51%
最大回撤阶段: 2022-07-21 至 2023-05-23
夏普比率: 1.45
策略超额年化收益率: 60.65%
最终净值: 11.9394
20260110 16:35:47- INFO- 回测结果(买点下移风控):
20260110 16:35:47- INFO- 
回测时间:2021-01-04 - 2026-01-09
策略胜率: 45.10%
策略盈亏比: 1.51
每日平均开仓个数: 2.40
平均持仓天数: 1.60 天
每单位风险期望收益:0.1321
策略总收益率: 813.22%
策略年化收益率: 55.41%
最大回撤: -47.17%
最大回撤阶段: 2022-07-21 至 2023-05-23
夏普比率: 1.28
策略超额年化收益率: 52.12%
最终净值: 9.1322
20260110 17:06:08- INFO- 总调整天数: 88, 调整正确率: 58.77%, 预计平均亏损改善: 2.6116%
20260110 17:06:39- INFO- 总调整天数: 88, 调整正确率: 58.77%, 预计平均亏损改善: 2.6116%
20260110 17:06:55- INFO- 总调整天数: 88, 调整正确率: 58.77%, 预计平均亏损改善: 2.6116%
20260110 17:06:56- INFO- 总调整天数: 135, 调整正确率: 58.77%, 预计平均亏损改善: 6.5290%
20260110 17:06:56- INFO- 回测结果(不风控):
20260110 17:06:56- INFO- 
回测时间:2021-01-04 - 2026-01-09
策略胜率: 45.61%
策略盈亏比: 1.47
每日平均开仓个数: 2.40
平均持仓天数: 1.60 天
每单位风险期望收益:0.1273
策略总收益率: 855.62%
策略年化收益率: 56.82%
最大回撤: -48.77%
最大回撤阶段: 2022-07-21 至 2023-05-23
夏普比率: 1.29
策略超额年化收益率: 53.54%
最终净值: 9.5562
20260110 17:06:56- INFO- 回测结果(触及跌停风控):
20260110 17:06:56- INFO- 
回测时间:2021-01-04 - 2026-01-09
策略胜率: 45.97%
策略盈亏比: 1.58
每日平均开仓个数: 2.40
平均持仓天数: 1.60 天
每单位风险期望收益:0.1880
策略总收益率: 1175.63%
策略年化收益率: 66.12%
最大回撤: -50.32%
最大回撤阶段: 2022-08-16 至 2023-05-23
夏普比率: 1.55
策略超额年化收益率: 62.83%
最终净值: 12.7563
20260110 17:06:56- INFO- 回测结果(买点下移风控):
20260110 17:06:56- INFO- 
回测时间:2021-01-04 - 2026-01-09
策略胜率: 45.10%
策略盈亏比: 1.51
每日平均开仓个数: 2.40
平均持仓天数: 1.60 天
每单位风险期望收益:0.1321
策略总收益率: 813.22%
策略年化收益率: 55.41%
最大回撤: -47.17%
最大回撤阶段: 2022-07-21 至 2023-05-23
夏普比率: 1.28
策略超额年化收益率: 52.12%
最终净值: 9.1322
20260110 17:14:30- INFO- 总调整天数: 88, 调整正确率: 58.77%, 预计平均亏损改善: 2.6116%
20260110 17:16:41- INFO- 总调整天数: 88, 调整正确率: 58.77%, 预计平均亏损改善: 2.6116%
20260110 17:16:41- INFO- 总调整天数: 135, 调整正确率: 54.55%, 预计平均亏损改善: 2.4082%
20260110 17:16:41- INFO- 回测结果(不风控):
20260110 17:16:41- INFO- 
回测时间:2021-01-04 - 2026-01-09
策略胜率: 45.61%
策略盈亏比: 1.47
每日平均开仓个数: 2.40
平均持仓天数: 1.60 天
每单位风险期望收益:0.1273
策略总收益率: 855.62%
策略年化收益率: 56.82%
最大回撤: -48.77%
最大回撤阶段: 2022-07-21 至 2023-05-23
夏普比率: 1.29
策略超额年化收益率: 53.54%
最终净值: 9.5562
20260110 17:16:41- INFO- 回测结果(触及跌停风控):
20260110 17:16:42- INFO- 
回测时间:2021-01-04 - 2026-01-09
策略胜率: 45.97%
策略盈亏比: 1.58
每日平均开仓个数: 2.40
平均持仓天数: 1.60 天
每单位风险期望收益:0.1880
策略总收益率: 1175.63%
策略年化收益率: 66.12%
最大回撤: -50.32%
最大回撤阶段: 2022-08-16 至 2023-05-23
夏普比率: 1.55
策略超额年化收益率: 62.83%
最终净值: 12.7563
20260110 17:16:42- INFO- 回测结果(买点下移风控):
20260110 17:16:42- INFO- 
回测时间:2021-01-04 - 2026-01-09
策略胜率: 44.54%
策略盈亏比: 1.52
每日平均开仓个数: 2.40
平均持仓天数: 1.60 天
每单位风险期望收益:0.1232
策略总收益率: 707.53%
策略年化收益率: 51.65%
最大回撤: -46.07%
最大回撤阶段: 2022-07-21 至 2023-05-17
夏普比率: 1.25
策略超额年化收益率: 48.36%
最终净值: 8.0753
20260110 17:18:43- INFO- 总调整天数: 88, 调整正确率: 58.77%, 预计平均亏损改善: 2.6116%
20260110 17:18:43- INFO- 总调整天数: 135, 调整正确率: 54.55%, 预计平均亏损改善: 2.4082%
20260110 17:18:43- INFO- 回测结果(不风控):
20260110 17:18:43- INFO- 
回测时间:2021-01-04 - 2023-12-29
策略胜率: 43.65%
策略盈亏比: 1.45
每日平均开仓个数: 2.04
平均持仓天数: 1.59 天
每单位风险期望收益:0.0689
策略总收益率: 84.23%
策略年化收益率: 22.73%
最大回撤: -48.77%
最大回撤阶段: 2022-07-21 至 2023-05-23
夏普比率: 0.66
策略超额年化收益率: 28.06%
最终净值: 1.8423
20260110 17:18:43- INFO- 回测结果(触及跌停风控):
20260110 17:18:43- INFO- 
回测时间:2021-01-04 - 2023-12-29
策略胜率: 44.20%
策略盈亏比: 1.57
每日平均开仓个数: 2.04
平均持仓天数: 1.59 天
每单位风险期望收益:0.1366
策略总收益率: 158.33%
策略年化收益率: 37.45%
最大回撤: -50.32%
最大回撤阶段: 2022-08-16 至 2023-05-23
夏普比率: 1.01
策略超额年化收益率: 42.78%
最终净值: 2.5833
20260110 17:18:43- INFO- 回测结果(买点下移风控):
20260110 17:18:43- INFO- 
回测时间:2021-01-04 - 2023-12-29
策略胜率: 42.92%
策略盈亏比: 1.48
每日平均开仓个数: 2.04
平均持仓天数: 1.59 天
每单位风险期望收益:0.0629
策略总收益率: 75.40%
策略年化收益率: 20.72%
最大回撤: -46.07%
最大回撤阶段: 2022-07-21 至 2023-05-17
夏普比率: 0.64
策略超额年化收益率: 26.05%
最终净值: 1.7540
20260110 17:20:28- INFO- 总调整天数: 135, 调整正确率: 54.55%, 预计平均亏损改善: 2.4082%
20260110 17:20:28- INFO- 
回测时间:2021-01-04 - 2021-12-31
策略胜率: 45.52%
策略盈亏比: 1.36
每日平均开仓个数: 2.18
平均持仓天数: 1.60 天
每单位风险期望收益:0.0756
策略总收益率: 42.22%
策略年化收益率: 42.78%
最大回撤: -22.55%
最大回撤阶段: 2021-09-17 至 2021-10-13
夏普比率: 1.07
策略超额年化收益率: 38.83%
最终净值: 1.4222
20260110 17:20:44- INFO- 总调整天数: 135, 调整正确率: 54.55%, 预计平均亏损改善: 2.4082%
20260110 17:20:44- INFO- 
回测时间:2021-01-04 - 2023-12-29
策略胜率: 43.65%
策略盈亏比: 1.45
每日平均开仓个数: 2.04
平均持仓天数: 1.59 天
每单位风险期望收益:0.0689
策略总收益率: 84.23%
策略年化收益率: 22.73%
最大回撤: -48.77%
最大回撤阶段: 2022-07-21 至 2023-05-23
夏普比率: 0.66
策略超额年化收益率: 28.06%
最终净值: 1.8423
20260110 19:09:18- INFO- 总调整天数: 88, 调整正确率: 58.77%, 预计平均亏损改善: 2.6116%
20260110 19:09:18- INFO- 总调整天数: 135, 调整正确率: 54.55%, 预计平均亏损改善: 2.4082%
20260110 19:09:18- INFO- 回测结果(不风控):
20260110 19:09:18- INFO- 
回测时间:2021-01-04 - 2023-12-29
策略胜率: 43.65%
策略盈亏比: 1.45
每日平均开仓个数: 2.04
平均持仓天数: 1.59 天
每单位风险期望收益:0.0689
策略总收益率: 84.23%
策略年化收益率: 22.73%
最大回撤: -48.77%
最大回撤阶段: 2022-07-21 至 2023-05-23
夏普比率: 0.66
策略超额年化收益率: 28.06%
最终净值: 1.8423
20260110 19:09:19- INFO- 回测结果(触及跌停风控):
20260110 19:09:19- INFO- 
回测时间:2021-01-04 - 2023-12-29
策略胜率: 44.20%
策略盈亏比: 1.57
每日平均开仓个数: 2.04
平均持仓天数: 1.59 天
每单位风险期望收益:0.1366
策略总收益率: 158.33%
策略年化收益率: 37.45%
最大回撤: -50.32%
最大回撤阶段: 2022-08-16 至 2023-05-23
夏普比率: 1.01
策略超额年化收益率: 42.78%
最终净值: 2.5833
20260110 19:09:19- INFO- 回测结果(买点下移风控):
20260110 19:09:19- INFO- 
回测时间:2021-01-04 - 2023-12-29
策略胜率: 42.92%
策略盈亏比: 1.48
每日平均开仓个数: 2.04
平均持仓天数: 1.59 天
每单位风险期望收益:0.0629
策略总收益率: 75.40%
策略年化收益率: 20.72%
最大回撤: -46.07%
最大回撤阶段: 2022-07-21 至 2023-05-17
夏普比率: 0.64
策略超额年化收益率: 26.05%
最终净值: 1.7540
20260110 19:10:08- INFO- 回测信号参数: {'low': -5, 'high': -2.5, 'mv_min': 35, 'mv_max': 1000, 'prev_limit_status': ['断板', '炸板'], 'avg_limit_turnover_5_min': -1}
20260110 19:10:09- INFO- 回测时间区间: 2021-01-01 至 2026-01-10
20260110 19:10:09- INFO- 使用40个进程并行处理，共831个日期任务
20260110 19:13:03- INFO- 所有回测任务完成，共处理831个日期的结果
20260110 19:13:06- INFO- 总调整天数: 88, 调整正确率: 58.77%, 预计平均亏损改善: 2.6116%
20260110 19:13:06- INFO- 总调整天数: 135, 调整正确率: 54.55%, 预计平均亏损改善: 2.4082%
20260110 19:13:06- INFO- 回测结果(不风控):
20260110 19:13:06- INFO- 
回测时间:2021-01-04 - 2026-01-09
策略胜率: 45.61%
策略盈亏比: 1.47
每日平均开仓个数: 2.40
平均持仓天数: 1.60 天
每单位风险期望收益:0.1273
策略总收益率: 855.62%
策略年化收益率: 56.82%
最大回撤: -48.77%
最大回撤阶段: 2022-07-21 至 2023-05-23
夏普比率: 1.29
策略超额年化收益率: 53.54%
最终净值: 9.5562
20260110 19:13:06- INFO- 回测结果(触及跌停风控):
20260110 19:13:07- INFO- 
回测时间:2021-01-04 - 2026-01-09
策略胜率: 45.97%
策略盈亏比: 1.58
每日平均开仓个数: 2.40
平均持仓天数: 1.60 天
每单位风险期望收益:0.1880
策略总收益率: 1175.63%
策略年化收益率: 66.12%
最大回撤: -50.32%
最大回撤阶段: 2022-08-16 至 2023-05-23
夏普比率: 1.55
策略超额年化收益率: 62.83%
最终净值: 12.7563
20260110 19:13:07- INFO- 回测结果(买点下移风控):
20260110 19:13:07- INFO- 
回测时间:2021-01-04 - 2026-01-09
策略胜率: 44.54%
策略盈亏比: 1.52
每日平均开仓个数: 2.40
平均持仓天数: 1.60 天
每单位风险期望收益:0.1232
策略总收益率: 707.53%
策略年化收益率: 51.65%
最大回撤: -46.07%
最大回撤阶段: 2022-07-21 至 2023-05-17
夏普比率: 1.25
策略超额年化收益率: 48.36%
最终净值: 8.0753
20260110 19:13:08- INFO- 总调整天数: 135, 调整正确率: 54.55%, 预计平均亏损改善: 2.4082%
20260110 19:13:08- INFO- 
回测时间:2021-01-04 - 2023-12-29
策略胜率: 43.65%
策略盈亏比: 1.45
每日平均开仓个数: 2.04
平均持仓天数: 1.59 天
每单位风险期望收益:0.0689
策略总收益率: 84.23%
策略年化收益率: 22.73%
最大回撤: -48.77%
最大回撤阶段: 2022-07-21 至 2023-05-23
夏普比率: 0.66
策略超额年化收益率: 28.06%
最终净值: 1.8423
20260110 19:14:13- INFO- 
回测时间:2021-01-04 - 2026-01-09
策略胜率: 45.61%
策略盈亏比: 1.47
每日平均开仓个数: 2.40
平均持仓天数: 1.60 天
每单位风险期望收益:0.1273
策略总收益率: 855.62%
策略年化收益率: 56.82%
最大回撤: -48.77%
最大回撤阶段: 2022-07-21 至 2023-05-23
夏普比率: 1.29
策略超额年化收益率: 53.54%
最终净值: 9.5562
20260110 19:14:13- INFO- 回测结果(触及跌停风控):
20260110 19:14:13- INFO- 
回测时间:2021-01-04 - 2026-01-09
策略胜率: 45.97%
策略盈亏比: 1.58
每日平均开仓个数: 2.40
平均持仓天数: 1.60 天
每单位风险期望收益:0.1880
策略总收益率: 1175.63%
策略年化收益率: 66.12%
最大回撤: -50.32%
最大回撤阶段: 2022-08-16 至 2023-05-23
夏普比率: 1.55
策略超额年化收益率: 62.83%
最终净值: 12.7563
20260110 19:14:13- INFO- 回测结果(买点下移风控):
20260110 19:14:14- INFO- 
回测时间:2021-01-04 - 2026-01-09
策略胜率: 44.54%
策略盈亏比: 1.52
每日平均开仓个数: 2.40
平均持仓天数: 1.60 天
每单位风险期望收益:0.1232
策略总收益率: 707.53%
策略年化收益率: 51.65%
最大回撤: -46.07%
最大回撤阶段: 2022-07-21 至 2023-05-17
夏普比率: 1.25
策略超额年化收益率: 48.36%
最终净值: 8.0753
20260110 20:15:29- INFO- 总调整天数: 88, 调整正确率: 58.77%, 预计平均亏损改善: 2.6116%
20260110 20:15:30- INFO- 总调整天数: 135, 调整正确率: 54.55%, 预计平均亏损改善: 2.4082%
20260110 20:15:30- INFO- 回测结果(不风控):
20260110 20:15:30- INFO- 
回测时间:2021-01-04 - 2023-12-29
策略胜率: 43.65%
策略盈亏比: 1.45
每日平均开仓个数: 2.04
平均持仓天数: 1.59 天
每单位风险期望收益:0.0689
策略总收益率: 84.23%
策略年化收益率: 22.73%
最大回撤: -48.77%
最大回撤阶段: 2022-07-21 至 2023-05-23
夏普比率: 0.66
策略超额年化收益率: 28.06%
最终净值: 1.8423
20260110 20:15:30- INFO- 回测结果(触及跌停风控):
20260110 20:15:30- INFO- 
回测时间:2021-01-04 - 2023-12-29
策略胜率: 44.20%
策略盈亏比: 1.57
每日平均开仓个数: 2.04
平均持仓天数: 1.59 天
每单位风险期望收益:0.1366
策略总收益率: 158.33%
策略年化收益率: 37.45%
最大回撤: -50.32%
最大回撤阶段: 2022-08-16 至 2023-05-23
夏普比率: 1.01
策略超额年化收益率: 42.78%
最终净值: 2.5833
20260110 20:15:30- INFO- 回测结果(买点下移风控):
20260110 20:15:31- INFO- 
回测时间:2021-01-04 - 2023-12-29
策略胜率: 42.92%
策略盈亏比: 1.48
每日平均开仓个数: 2.04
平均持仓天数: 1.59 天
每单位风险期望收益:0.0629
策略总收益率: 75.40%
策略年化收益率: 20.72%
最大回撤: -46.07%
最大回撤阶段: 2022-07-21 至 2023-05-17
夏普比率: 0.64
策略超额年化收益率: 26.05%
最终净值: 1.7540
20260110 20:19:40- INFO- 总调整天数: 88, 调整正确率: 58.77%, 预计平均亏损改善: 2.6116%
20260110 20:19:41- INFO- 总调整天数: 831, 调整正确率: 54.39%, 预计平均亏损改善: 0.0000%
20260110 20:19:41- INFO- 回测结果(不风控):
20260110 20:19:41- INFO- 
回测时间:2021-01-04 - 2023-12-29
策略胜率: 43.65%
策略盈亏比: 1.45
每日平均开仓个数: 2.04
平均持仓天数: 1.59 天
每单位风险期望收益:0.0689
策略总收益率: 84.23%
策略年化收益率: 22.73%
最大回撤: -48.77%
最大回撤阶段: 2022-07-21 至 2023-05-23
夏普比率: 0.66
策略超额年化收益率: 28.06%
最终净值: 1.8423
20260110 20:19:41- INFO- 回测结果(触及跌停风控):
20260110 20:19:41- INFO- 
回测时间:2021-01-04 - 2023-12-29
策略胜率: 43.76%
策略盈亏比: 1.51
每日平均开仓个数: 2.04
平均持仓天数: 1.59 天
每单位风险期望收益:0.0984
策略总收益率: 128.63%
策略年化收益率: 31.94%
最大回撤: -46.51%
最大回撤阶段: 2022-07-21 至 2023-05-23
夏普比率: 0.86
策略超额年化收益率: 37.27%
最终净值: 2.2863
20260110 20:19:41- INFO- 回测结果(买点下移风控):
20260110 20:19:41- INFO- 
回测时间:2021-01-04 - 2023-12-29
策略胜率: 43.42%
策略盈亏比: 1.47
每日平均开仓个数: 2.04
平均持仓天数: 1.59 天
每单位风险期望收益:0.0725
策略总收益率: 91.53%
策略年化收益率: 24.34%
最大回撤: -47.17%
最大回撤阶段: 2022-07-21 至 2023-05-23
夏普比率: 0.70
策略超额年化收益率: 29.66%
最终净值: 1.9153
20260110 20:20:16- INFO- 总调整天数: 88, 调整正确率: 58.77%, 预计平均亏损改善: 2.6116%
20260110 20:20:17- INFO- 总调整天数: 135, 调整正确率: 54.55%, 预计平均亏损改善: 2.4082%
20260110 20:20:17- INFO- 回测结果(不风控):
20260110 20:20:17- INFO- 
回测时间:2021-01-04 - 2023-12-29
策略胜率: 43.65%
策略盈亏比: 1.45
每日平均开仓个数: 2.04
平均持仓天数: 1.59 天
每单位风险期望收益:0.0689
策略总收益率: 84.23%
策略年化收益率: 22.73%
最大回撤: -48.77%
最大回撤阶段: 2022-07-21 至 2023-05-23
夏普比率: 0.66
策略超额年化收益率: 28.06%
最终净值: 1.8423
20260110 20:20:17- INFO- 回测结果(触及跌停风控):
20260110 20:20:17- INFO- 
回测时间:2021-01-04 - 2023-12-29
策略胜率: 44.20%
策略盈亏比: 1.57
每日平均开仓个数: 2.04
平均持仓天数: 1.59 天
每单位风险期望收益:0.1366
策略总收益率: 158.33%
策略年化收益率: 37.45%
最大回撤: -50.32%
最大回撤阶段: 2022-08-16 至 2023-05-23
夏普比率: 1.01
策略超额年化收益率: 42.78%
最终净值: 2.5833
20260110 20:20:17- INFO- 回测结果(买点下移风控):
20260110 20:20:17- INFO- 
回测时间:2021-01-04 - 2023-12-29
策略胜率: 42.92%
策略盈亏比: 1.48
每日平均开仓个数: 2.04
平均持仓天数: 1.59 天
每单位风险期望收益:0.0629
策略总收益率: 75.40%
策略年化收益率: 20.72%
最大回撤: -46.07%
最大回撤阶段: 2022-07-21 至 2023-05-17
夏普比率: 0.64
策略超额年化收益率: 26.05%
最终净值: 1.7540
20260110 21:28:41- INFO- 回测信号参数: {'low': 3, 'high': 9.5, 'mv_min': 25, 'mv_max': 1000, 'prev_limit_status': ['断板', '炸板', '涨停'], 'avg_limit_turnover_5_min': -1}
20260110 21:28:41- INFO- 回测时间区间: 2021-01-01 至 2026-01-10
20260110 21:28:42- INFO- 使用40个进程并行处理，共1068个日期任务
20260110 21:32:41- INFO- 所有回测任务完成，共处理1068个日期的结果
20260110 21:32:45- INFO- 总调整天数: 7, 调整正确率: 55.56%, 预计平均亏损改善: 3.6871%
20260110 21:32:46- INFO- 总调整天数: 275, 调整正确率: 63.36%, 预计平均亏损改善: 3.5738%
20260110 21:32:46- INFO- 回测结果(不风控):
20260110 21:32:48- INFO- 
回测时间:2021-01-04 - 2026-01-09
策略胜率: 40.15%
策略盈亏比: 1.11
每日平均开仓个数: 3.43
平均持仓天数: 1.74 天
每单位风险期望收益:-0.1534
策略总收益率: -99.27%
策略年化收益率: -62.48%
最大回撤: -99.59%
最大回撤阶段: 2021-01-04 至 2025-04-28
夏普比率: -1.74
策略超额年化收益率: -65.77%
最终净值: 0.0073
20260110 21:32:48- INFO- 回测结果(触及跌停风控):
20260110 21:32:48- INFO- 
回测时间:2021-01-04 - 2026-01-09
策略胜率: 41.09%
策略盈亏比: 1.10
每日平均开仓个数: 3.43
平均持仓天数: 1.74 天
每单位风险期望收益:-0.1381
策略总收益率: -90.85%
策略年化收益率: -37.91%
最大回撤: -95.50%
最大回撤阶段: 2021-01-04 至 2024-07-05
夏普比率: -0.97
策略超额年化收益率: -41.20%
最终净值: 0.0915
20260110 21:32:48- INFO- 回测结果(买点下移风控):
20260110 21:32:48- INFO- 
回测时间:2021-01-04 - 2026-01-09
策略胜率: 40.16%
策略盈亏比: 1.10
每日平均开仓个数: 3.43
平均持仓天数: 1.74 天
每单位风险期望收益:-0.1547
策略总收益率: -98.63%
策略年化收益率: -57.49%
最大回撤: -99.21%
最大回撤阶段: 2021-01-04 至 2025-04-28
夏普比率: -1.57
策略超额年化收益率: -60.78%
最终净值: 0.0137
20260110 21:35:30- INFO- 回测信号参数: {'low': 3, 'high': 9.5, 'mv_min': 25, 'mv_max': 1000, 'prev_limit_status': ['炸板', '涨停'], 'avg_limit_turnover_5_min': -1}
20260110 21:35:30- INFO- 回测时间区间: 2021-01-01 至 2026-01-10
20260110 21:35:31- INFO- 使用40个进程并行处理，共1032个日期任务
20260110 21:39:25- INFO- 所有回测任务完成，共处理1032个日期的结果
20260110 21:39:28- INFO- 总调整天数: 6, 调整正确率: 70.00%, 预计平均亏损改善: 3.8962%
20260110 21:39:29- INFO- 总调整天数: 247, 调整正确率: 60.62%, 预计平均亏损改善: 3.7277%
20260110 21:39:29- INFO- 回测结果(不风控):
20260110 21:39:29- INFO- 
回测时间:2021-01-04 - 2026-01-09
策略胜率: 40.71%
策略盈亏比: 1.10
每日平均开仓个数: 3.14
平均持仓天数: 1.75 天
每单位风险期望收益:-0.1435
策略总收益率: -99.09%
策略年化收益率: -60.83%
最大回撤: -99.56%
最大回撤阶段: 2021-01-04 至 2025-04-28
夏普比率: -1.59
策略超额年化收益率: -64.12%
最终净值: 0.0091
20260110 21:39:29- INFO- 回测结果(触及跌停风控):
20260110 21:39:29- INFO- 
回测时间:2021-01-04 - 2026-01-09
策略胜率: 41.04%
策略盈亏比: 1.09
每日平均开仓个数: 3.14
平均持仓天数: 1.75 天
每单位风险期望收益:-0.1429
策略总收益率: -92.91%
策略年化收益率: -41.00%
最大回撤: -95.16%
最大回撤阶段: 2021-01-04 至 2025-04-28
夏普比率: -1.05
策略超额年化收益率: -44.29%
最终净值: 0.0709
20260110 21:39:29- INFO- 回测结果(买点下移风控):
20260110 21:39:30- INFO- 
回测时间:2021-01-04 - 2026-01-09
策略胜率: 40.26%
策略盈亏比: 1.11
每日平均开仓个数: 3.14
平均持仓天数: 1.75 天
每单位风险期望收益:-0.1514
策略总收益率: -98.79%
策略年化收益率: -58.49%
最大回撤: -99.37%
最大回撤阶段: 2021-01-04 至 2025-04-28
夏普比率: -1.57
策略超额年化收益率: -61.78%
最终净值: 0.0121
20260110 21:56:27- INFO- 总调整天数: 6, 调整正确率: 70.00%, 预计平均亏损改善: 3.8962%
20260110 21:56:28- INFO- 总调整天数: 247, 调整正确率: 60.62%, 预计平均亏损改善: 3.7277%
20260110 21:56:28- INFO- 回测结果(不风控):
20260110 21:56:28- INFO- 
回测时间:2025-01-02 - 2026-01-09
策略胜率: 43.38%
策略盈亏比: 1.19
每日平均开仓个数: 3.58
平均持仓天数: 1.76 天
每单位风险期望收益:-0.0493
策略总收益率: 57.90%
策略年化收益率: 56.55%
最大回撤: -36.47%
最大回撤阶段: 2025-09-17 至 2025-12-22
夏普比率: 1.03
策略超额年化收益率: 30.81%
最终净值: 1.5790
20260110 21:56:28- INFO- 回测结果(触及跌停风控):
20260110 21:56:28- INFO- 
回测时间:2025-01-02 - 2026-01-09
策略胜率: 43.08%
策略盈亏比: 1.15
每日平均开仓个数: 3.58
平均持仓天数: 1.76 天
每单位风险期望收益:-0.0750
策略总收益率: 8.31%
策略年化收益率: 8.14%
最大回撤: -41.31%
最大回撤阶段: 2025-08-18 至 2025-12-22
夏普比率: 0.35
策略超额年化收益率: -17.60%
最终净值: 1.0831
20260110 21:56:28- INFO- 回测结果(买点下移风控):
20260110 21:56:28- INFO- 
回测时间:2025-01-02 - 2026-01-09
策略胜率: 42.91%
策略盈亏比: 1.18
每日平均开仓个数: 3.58
平均持仓天数: 1.76 天
每单位风险期望收益:-0.0643
策略总收益率: 32.12%
策略年化收益率: 31.43%
最大回撤: -32.32%
最大回撤阶段: 2025-09-17 至 2025-12-22
夏普比率: 0.73
策略超额年化收益率: 5.69%
最终净值: 1.3212
20260110 22:02:43- INFO- 回测信号参数: {'low': -5, 'high': -2.5, 'mv_min': 35, 'mv_max': 1000, 'prev_limit_status': ['断板', '炸板'], 'avg_limit_turnover_5_min': -1}
20260110 22:02:44- INFO- 回测时间区间: 2021-01-01 至 2026-01-10
20260110 22:02:45- INFO- 使用40个进程并行处理，共831个日期任务
20260110 22:05:38- INFO- 所有回测任务完成，共处理831个日期的结果
20260110 22:05:41- INFO- 总调整天数: 88, 调整正确率: 58.77%, 预计平均亏损改善: 2.6116%
20260110 22:05:42- INFO- 总调整天数: 135, 调整正确率: 54.55%, 预计平均亏损改善: 2.4082%
20260110 22:05:42- INFO- 回测结果(不风控):
20260110 22:05:42- INFO- 
回测时间:2025-01-02 - 2026-01-09
策略胜率: 52.10%
策略盈亏比: 1.60
每日平均开仓个数: 2.68
平均持仓天数: 1.63 天
每单位风险期望收益:0.3542
策略总收益率: 308.18%
策略年化收益率: 297.52%
最大回撤: -15.60%
最大回撤阶段: 2025-08-27 至 2025-09-26
夏普比率: 3.43
策略超额年化收益率: 271.78%
最终净值: 4.0818
20260110 22:05:42- INFO- 回测结果(触及跌停风控):
20260110 22:05:42- INFO- 
回测时间:2025-01-02 - 2026-01-09
策略胜率: 53.21%
策略盈亏比: 1.73
每日平均开仓个数: 2.68
平均持仓天数: 1.63 天
每单位风险期望收益:0.4550
策略总收益率: 348.56%
策略年化收益率: 336.07%
最大回撤: -10.84%
最大回撤阶段: 2025-04-10 至 2025-05-22
夏普比率: 4.02
策略超额年化收益率: 310.33%
最终净值: 4.4856
20260110 22:05:42- INFO- 回测结果(买点下移风控):
20260110 22:05:42- INFO- 
回测时间:2025-01-02 - 2026-01-09
策略胜率: 50.67%
策略盈亏比: 1.70
每日平均开仓个数: 2.68
平均持仓天数: 1.63 天
每单位风险期望收益:0.3688
策略总收益率: 304.51%
策略年化收益率: 294.01%
最大回撤: -11.84%
最大回撤阶段: 2025-08-27 至 2025-09-26
夏普比率: 3.55
策略超额年化收益率: 268.27%
最终净值: 4.0451
20260110 22:05:44- INFO- 总调整天数: 135, 调整正确率: 54.55%, 预计平均亏损改善: 2.4082%
20260110 22:05:44- INFO- 
回测时间:2021-01-04 - 2023-12-29
策略胜率: 43.65%
策略盈亏比: 1.45
每日平均开仓个数: 2.04
平均持仓天数: 1.59 天
每单位风险期望收益:0.0689
策略总收益率: 84.23%
策略年化收益率: 22.73%
最大回撤: -48.77%
最大回撤阶段: 2022-07-21 至 2023-05-23
夏普比率: 0.66
策略超额年化收益率: 28.06%
最终净值: 1.8423
20260110 22:05:57- INFO- 回测信号参数: {'low': 5, 'high': 9.5, 'mv_min': 25, 'mv_max': 1000, 'prev_limit_status': ['炸板', '涨停'], 'avg_limit_turnover_5_min': 5, 'avg_limit_turnover_5_max': 50}
20260110 22:05:57- INFO- 回测时间区间: 2021-01-01 至 2026-01-10
20260110 22:05:58- INFO- 使用40个进程并行处理，共664个日期任务
20260110 22:08:20- INFO- 所有回测任务完成，共处理664个日期的结果
20260110 22:08:23- INFO- 总调整天数: 5, 调整正确率: 40.00%, 预计平均亏损改善: 4.4173%
20260110 22:08:23- INFO- 总调整天数: 137, 调整正确率: 58.65%, 预计平均亏损改善: 4.0823%
20260110 22:08:23- INFO- 回测结果(不风控):
20260110 22:08:23- INFO- 
回测时间:2025-01-02 - 2026-01-09
策略胜率: 45.87%
策略盈亏比: 1.17
每日平均开仓个数: 1.96
平均持仓天数: 1.82 天
每单位风险期望收益:-0.0027
策略总收益率: 113.94%
策略年化收益率: 110.90%
最大回撤: -33.38%
最大回撤阶段: 2025-10-27 至 2025-12-30
夏普比率: 1.49
策略超额年化收益率: 85.16%
最终净值: 2.1394
20260110 22:08:24- INFO- 回测结果(触及跌停风控):
20260110 22:08:24- INFO- 
回测时间:2025-01-02 - 2026-01-09
策略胜率: 45.06%
策略盈亏比: 1.18
每日平均开仓个数: 1.96
平均持仓天数: 1.82 天
每单位风险期望收益:-0.0176
策略总收益率: 88.50%
策略年化收益率: 86.27%
最大回撤: -35.80%
最大回撤阶段: 2025-10-27 至 2025-12-30
夏普比率: 1.32
策略超额年化收益率: 60.53%
最终净值: 1.8850
20260110 22:08:24- INFO- 回测结果(买点下移风控):
20260110 22:08:24- INFO- 
回测时间:2025-01-02 - 2026-01-09
策略胜率: 45.64%
策略盈亏比: 1.17
每日平均开仓个数: 1.96
平均持仓天数: 1.82 天
每单位风险期望收益:-0.0115
策略总收益率: 96.35%
策略年化收益率: 93.88%
最大回撤: -39.50%
最大回撤阶段: 2025-10-27 至 2025-12-30
夏普比率: 1.36
策略超额年化收益率: 68.13%
最终净值: 1.9635
20260110 22:10:28- INFO- 总调整天数: 5, 调整正确率: 40.00%, 预计平均亏损改善: 4.4173%
20260110 22:10:28- INFO- 总调整天数: 137, 调整正确率: 58.65%, 预计平均亏损改善: 4.0823%
20260110 22:10:28- INFO- 回测结果(不风控):
20260110 22:10:28- INFO- 
回测时间:2021-01-04 - 2026-01-09
策略胜率: 42.17%
策略盈亏比: 1.03
每日平均开仓个数: 1.78
平均持仓天数: 1.81 天
每单位风险期望收益:-0.1439
策略总收益率: -94.24%
策略年化收益率: -43.39%
最大回撤: -97.83%
最大回撤阶段: 2021-01-07 至 2025-03-27
夏普比率: -0.85
策略超额年化收益率: -46.68%
最终净值: 0.0576
20260110 22:10:28- INFO- 回测结果(触及跌停风控):
20260110 22:10:28- INFO- 
回测时间:2021-01-04 - 2026-01-09
策略胜率: 42.24%
策略盈亏比: 1.00
每日平均开仓个数: 1.78
平均持仓天数: 1.81 天
每单位风险期望收益:-0.1567
策略总收益率: -88.13%
策略年化收益率: -34.61%
最大回撤: -94.76%
最大回撤阶段: 2021-01-07 至 2025-03-27
夏普比率: -0.74
策略超额年化收益率: -37.90%
最终净值: 0.1187
20260110 22:10:29- INFO- 回测结果(买点下移风控):
20260110 22:10:29- INFO- 
回测时间:2021-01-04 - 2026-01-09
策略胜率: 42.16%
策略盈亏比: 1.03
每日平均开仓个数: 1.78
平均持仓天数: 1.81 天
每单位风险期望收益:-0.1428
策略总收益率: -92.87%
策略年化收益率: -40.92%
最大回撤: -97.13%
最大回撤阶段: 2021-01-07 至 2025-03-27
夏普比率: -0.80
策略超额年化收益率: -44.21%
最终净值: 0.0713
20260110 22:11:05- INFO- 总调整天数: 5, 调整正确率: 40.00%, 预计平均亏损改善: 4.4173%
20260110 22:11:05- INFO- 总调整天数: 137, 调整正确率: 58.65%, 预计平均亏损改善: 4.0823%
20260110 22:11:05- INFO- 回测结果(不风控):
20260110 22:11:05- INFO- 
回测时间:2021-01-04 - 2026-01-09
策略胜率: 42.17%
策略盈亏比: 1.03
每日平均开仓个数: 1.78
平均持仓天数: 1.81 天
每单位风险期望收益:-0.1439
策略总收益率: -214.71%
策略年化收益率: 0.00%
最大回撤: -327.10%
最大回撤阶段: 2021-01-07 至 2025-03-27
夏普比率: -0.39
策略超额年化收益率: -3.29%
最终净值: -1.1471
20260110 22:11:05- INFO- 回测结果(触及跌停风控):
20260110 22:11:05- INFO- 
回测时间:2021-01-04 - 2026-01-09
策略胜率: 42.24%
策略盈亏比: 1.00
每日平均开仓个数: 1.78
平均持仓天数: 1.81 天
每单位风险期望收益:-0.1567
策略总收益率: -159.90%
策略年化收益率: 0.00%
最大回撤: -255.88%
最大回撤阶段: 2021-01-07 至 2025-03-27
夏普比率: -0.43
策略超额年化收益率: -3.29%
最终净值: -0.5990
20260110 22:11:06- INFO- 回测结果(买点下移风控):
20260110 22:11:06- INFO- 
回测时间:2021-01-04 - 2026-01-09
策略胜率: 42.16%
策略盈亏比: 1.03
每日平均开仓个数: 1.78
平均持仓天数: 1.81 天
每单位风险期望收益:-0.1428
策略总收益率: -196.42%
策略年化收益率: 0.00%
最大回撤: -305.39%
最大回撤阶段: 2021-01-07 至 2024-10-17
夏普比率: -0.98
策略超额年化收益率: -3.29%
最终净值: -0.9642
20260110 22:13:57- INFO- 总调整天数: 5, 调整正确率: 40.00%, 预计平均亏损改善: 4.4173%
20260110 22:13:57- INFO- 总调整天数: 137, 调整正确率: 58.65%, 预计平均亏损改善: 4.0823%
20260110 22:13:57- INFO- 回测结果(不风控):
20260110 22:13:57- INFO- 
回测时间:2021-01-04 - 2026-01-09
策略胜率: 42.17%
策略盈亏比: 1.03
每日平均开仓个数: 1.78
平均持仓天数: 1.81 天
每单位风险期望收益:-0.1439
策略总收益率: -94.24%
策略年化收益率: -43.39%
最大回撤: -97.83%
最大回撤阶段: 2021-01-07 至 2025-03-27
夏普比率: -0.85
策略超额年化收益率: -46.68%
最终净值: 0.0576
20260110 22:13:57- INFO- 回测结果(触及跌停风控):
20260110 22:13:57- INFO- 
回测时间:2021-01-04 - 2026-01-09
策略胜率: 42.24%
策略盈亏比: 1.00
每日平均开仓个数: 1.78
平均持仓天数: 1.81 天
每单位风险期望收益:-0.1567
策略总收益率: -88.13%
策略年化收益率: -34.61%
最大回撤: -94.76%
最大回撤阶段: 2021-01-07 至 2025-03-27
夏普比率: -0.74
策略超额年化收益率: -37.90%
最终净值: 0.1187
20260110 22:13:57- INFO- 回测结果(买点下移风控):
20260110 22:13:57- INFO- 
回测时间:2021-01-04 - 2026-01-09
策略胜率: 42.16%
策略盈亏比: 1.03
每日平均开仓个数: 1.78
平均持仓天数: 1.81 天
每单位风险期望收益:-0.1428
策略总收益率: -92.87%
策略年化收益率: -40.92%
最大回撤: -97.13%
最大回撤阶段: 2021-01-07 至 2025-03-27
夏普比率: -0.80
策略超额年化收益率: -44.21%
最终净值: 0.0713
20260110 22:22:55- INFO- 总调整天数: 5, 调整正确率: 40.00%, 预计平均亏损改善: 4.4173%
20260110 22:22:56- INFO- 总调整天数: 137, 调整正确率: 58.65%, 预计平均亏损改善: 4.0823%
20260110 22:22:56- INFO- 回测结果(不风控):
20260110 22:22:56- INFO- 
回测时间:2024-01-02 - 2026-01-09
策略胜率: 41.95%
策略盈亏比: 1.13
每日平均开仓个数: 2.07
平均持仓天数: 1.86 天
每单位风险期望收益:-0.1083
策略总收益率: -20.75%
策略年化收益率: -10.87%
最大回撤: -67.76%
最大回撤阶段: 2024-01-02 至 2025-03-27
夏普比率: 0.12
策略超额年化收益率: -28.60%
最终净值: 0.7925
20260110 22:22:56- INFO- 回测结果(触及跌停风控):
20260110 22:22:56- INFO- 
回测时间:2024-01-02 - 2026-01-09
策略胜率: 42.56%
策略盈亏比: 1.08
每日平均开仓个数: 2.07
平均持仓天数: 1.86 天
每单位风险期望收益:-0.1150
策略总收益率: 3.56%
策略年化收益率: 1.75%
最大回撤: -50.63%
最大回撤阶段: 2024-01-02 至 2025-03-27
夏普比率: 0.32
策略超额年化收益率: -15.98%
最终净值: 1.0356
20260110 22:22:56- INFO- 回测结果(买点下移风控):
20260110 22:22:56- INFO- 
回测时间:2024-01-02 - 2026-01-09
策略胜率: 42.62%
策略盈亏比: 1.11
每日平均开仓个数: 2.07
平均持仓天数: 1.86 天
每单位风险期望收益:-0.0998
策略总收益率: -8.49%
策略年化收益率: -4.29%
最大回撤: -60.24%
最大回撤阶段: 2024-01-02 至 2025-03-27
夏普比率: 0.23
策略超额年化收益率: -22.02%
最终净值: 0.9151
20260110 22:24:27- INFO- 回测信号参数: {'low': 5, 'high': 8, 'mv_min': 25, 'mv_max': 1000, 'prev_limit_status': ['炸板', '断板'], 'avg_limit_turnover_5_min': 5, 'avg_limit_turnover_5_max': 50}
20260110 22:24:28- INFO- 回测时间区间: 2021-01-01 至 2026-01-10
20260110 22:24:28- INFO- 使用40个进程并行处理，共91个日期任务
20260110 22:24:48- INFO- 所有回测任务完成，共处理91个日期的结果
20260110 22:24:49- INFO- 总调整天数: 1, 调整正确率: 100.00%, 预计平均亏损改善: 0.5972%
20260110 22:24:49- INFO- 总调整天数: 13, 调整正确率: 46.67%, 预计平均亏损改善: 3.2581%
20260110 22:24:49- INFO- 回测结果(不风控):
20260110 22:24:49- INFO- 
回测时间:2024-01-02 - 2026-01-09
策略胜率: 38.10%
策略盈亏比: 1.11
每日平均开仓个数: 1.29
平均持仓天数: 1.69 天
每单位风险期望收益:-0.1970
策略总收益率: -23.82%
策略年化收益率: -12.59%
最大回撤: -42.30%
最大回撤阶段: 2024-10-25 至 2026-01-09
夏普比率: -0.57
策略超额年化收益率: -30.32%
最终净值: 0.7618
20260110 22:24:49- INFO- 回测结果(触及跌停风控):
20260110 22:24:49- INFO- 
回测时间:2024-01-02 - 2026-01-09
策略胜率: 36.73%
策略盈亏比: 1.03
每日平均开仓个数: 1.29
平均持仓天数: 1.69 天
每单位风险期望收益:-0.2546
策略总收益率: -24.70%
策略年化收益率: -13.09%
最大回撤: -42.97%
最大回撤阶段: 2024-10-25 至 2026-01-09
夏普比率: -0.74
策略超额年化收益率: -30.82%
最终净值: 0.7530
20260110 22:24:50- INFO- 回测结果(买点下移风控):
20260110 22:24:50- INFO- 
回测时间:2024-01-02 - 2026-01-09
策略胜率: 40.68%
策略盈亏比: 0.89
每日平均开仓个数: 1.29
平均持仓天数: 1.69 天
每单位风险期望收益:-0.2309
策略总收益率: -29.71%
策略年化收益率: -16.00%
最大回撤: -46.76%
最大回撤阶段: 2024-10-25 至 2026-01-09
夏普比率: -0.84
策略超额年化收益率: -33.73%
最终净值: 0.7029
20260110 22:24:50- INFO- 
回测时间:2024-01-02 - 2026-01-09
策略胜率: 47.52%
策略盈亏比: 1.48
每日平均开仓个数: 2.90
平均持仓天数: 1.61 天
每单位风险期望收益:0.1791
策略总收益率: 418.70%
策略年化收益率: 125.73%
最大回撤: -24.18%
最大回撤阶段: 2024-10-30 至 2024-12-31
夏普比率: 2.18
策略超额年化收益率: 108.00%
最终净值: 5.1870
20260110 22:24:50- INFO- 回测结果(触及跌停风控):
20260110 22:24:50- INFO- 
回测时间:2024-01-02 - 2026-01-09
策略胜率: 47.51%
策略盈亏比: 1.58
每日平均开仓个数: 2.90
平均持仓天数: 1.61 天
每单位风险期望收益:0.2279
策略总收益率: 393.80%
策略年化收益率: 120.30%
最大回撤: -20.92%
最大回撤阶段: 2024-10-30 至 2024-12-31
夏普比率: 2.34
策略超额年化收益率: 102.57%
最终净值: 4.9380
20260110 22:24:50- INFO- 回测结果(买点下移风控):
20260110 22:24:50- INFO- 
回测时间:2024-01-02 - 2026-01-09
策略胜率: 46.07%
策略盈亏比: 1.55
每日平均开仓个数: 2.90
平均持仓天数: 1.61 天
每单位风险期望收益:0.1753
策略总收益率: 360.41%
策略年化收益率: 112.80%
最大回撤: -23.15%
最大回撤阶段: 2024-10-30 至 2024-12-31
夏普比率: 2.16
策略超额年化收益率: 95.07%
最终净值: 4.6041
20260110 22:27:00- INFO- 回测信号参数: {'low': 5, 'high': 9.5, 'mv_min': 25, 'mv_max': 800, 'prev_limit_status': ['涨停'], 'avg_limit_turnover_5_min': 5, 'avg_limit_turnover_5_max': 50}
20260110 22:27:01- INFO- 回测时间区间: 2021-01-01 至 2026-01-10
20260110 22:27:01- INFO- 使用40个进程并行处理，共656个日期任务
20260110 22:29:28- INFO- 所有回测任务完成，共处理656个日期的结果
20260110 22:29:31- INFO- 总调整天数: 7, 调整正确率: 41.18%, 预计平均亏损改善: 4.1887%
20260110 22:29:31- INFO- 总调整天数: 133, 调整正确率: 60.20%, 预计平均亏损改善: 4.1289%
20260110 22:29:31- INFO- 回测结果(不风控):
20260110 22:29:31- INFO- 
回测时间:2024-01-02 - 2026-01-09
策略胜率: 42.20%
策略盈亏比: 1.13
每日平均开仓个数: 2.00
平均持仓天数: 1.87 天
每单位风险期望收益:-0.0990
策略总收益率: -19.54%
策略年化收益率: -10.19%
最大回撤: -68.36%
最大回撤阶段: 2024-01-02 至 2025-03-27
夏普比率: 0.13
策略超额年化收益率: -27.92%
最终净值: 0.8046
20260110 22:29:31- INFO- 回测结果(触及跌停风控):
20260110 22:29:31- INFO- 
回测时间:2024-01-02 - 2026-01-09
策略胜率: 43.17%
策略盈亏比: 1.10
每日平均开仓个数: 2.00
平均持仓天数: 1.87 天
每单位风险期望收益:-0.0942
策略总收益率: 17.75%
策略年化收益率: 8.42%
最大回撤: -49.15%
最大回撤阶段: 2024-01-02 至 2025-03-27
夏普比率: 0.45
策略超额年化收益率: -9.31%
最终净值: 1.1775
20260110 22:29:32- INFO- 回测结果(买点下移风控):
20260110 22:29:32- INFO- 
回测时间:2024-01-02 - 2026-01-09
策略胜率: 43.10%
策略盈亏比: 1.13
每日平均开仓个数: 2.00
平均持仓天数: 1.87 天
每单位风险期望收益:-0.0824
策略总收益率: 3.42%
策略年化收益率: 1.68%
最大回撤: -58.77%
最大回撤阶段: 2024-01-02 至 2025-03-27
夏普比率: 0.34
策略超额年化收益率: -16.05%
最终净值: 1.0342
20260111 18:41:45- INFO- 回测信号参数: {'mv_min': 25, 'mv_max': 1000, 'prev_limit_status': ['断板', '炸板'], 'avg_limit_turnover_5_min': -1}
20260111 18:41:46- INFO- 回测时间区间: 2021-01-01 至 2026-01-11
20260111 18:41:47- INFO- 使用40个进程并行处理，共1215个日期任务
20260111 18:45:47- INFO- 所有回测任务完成，共处理1215个日期的结果
20260111 18:47:02- INFO- 总调整天数: 1215, 调整正确率: 59.82%, 预计平均亏损改善: 0.0000%
20260111 18:47:03- INFO- 总调整天数: 290, 调整正确率: 61.61%, 预计平均亏损改善: 1.7084%
20260111 18:47:03- INFO- 回测结果(不风控):
20260111 18:47:04- INFO- 
回测时间:2024-01-02 - 2026-01-09
策略胜率: 40.31%
策略盈亏比: 1.32
每日平均开仓个数: 77.67
平均持仓天数: 1.57 天
每单位风险期望收益:-0.0640
策略总收益率: -42.19%
策略年化收益率: -23.74%
最大回撤: -45.08%
最大回撤阶段: 2024-01-02 至 2025-12-16
夏普比率: -1.51
策略超额年化收益率: -41.47%
最终净值: 0.5781
20260111 18:47:05- INFO- 回测结果(触及跌停风控):
20260111 18:47:05- INFO- 
回测时间:2024-01-02 - 2026-01-09
策略胜率: 40.84%
策略盈亏比: 1.37
每日平均开仓个数: 77.67
平均持仓天数: 1.57 天
每单位风险期望收益:-0.0340
策略总收益率: -17.97%
策略年化收益率: -9.33%
最大回撤: -26.89%
最大回撤阶段: 2024-01-02 至 2024-09-13
夏普比率: -0.65
策略超额年化收益率: -27.06%
最终净值: 0.8203
20260111 18:47:05- INFO- 回测结果(买点下移风控):
20260111 18:47:05- INFO- 
回测时间:2024-01-02 - 2026-01-09
策略胜率: 40.77%
策略盈亏比: 1.34
每日平均开仓个数: 77.67
平均持仓天数: 1.57 天
每单位风险期望收益:-0.0464
策略总收益率: -30.37%
策略年化收益率: -16.39%
最大回撤: -33.89%
最大回撤阶段: 2024-01-02 至 2025-12-16
夏普比率: -1.11
策略超额年化收益率: -34.12%
最终净值: 0.6963
20260111 18:49:17- INFO- 回测时间区间: 2021-01-01 至 2026-01-11
20260111 18:49:18- INFO- 使用40个进程并行处理，共1215个日期任务
20260111 18:53:19- INFO- 所有回测任务完成，共处理1215个日期的结果
20260111 18:53:24- INFO- 总调整天数: 1215, 调整正确率: 59.82%, 预计平均亏损改善: 0.0000%
20260111 18:53:25- INFO- 总调整天数: 290, 调整正确率: 61.61%, 预计平均亏损改善: 1.7084%
20260111 18:53:25- INFO- 回测结果(不风控):
20260111 18:53:25- INFO- 
回测时间:2024-01-02 - 2026-01-09
策略胜率: 40.31%
策略盈亏比: 1.32
每日平均开仓个数: 77.67
平均持仓天数: 1.57 天
每单位风险期望收益:-0.0640
策略总收益率: -42.19%
策略年化收益率: -23.74%
最大回撤: -45.08%
最大回撤阶段: 2024-01-02 至 2025-12-16
夏普比率: -1.51
策略超额年化收益率: -41.47%
最终净值: 0.5781
20260111 18:53:25- INFO- 回测结果(触及跌停风控):
20260111 18:53:25- INFO- 
回测时间:2024-01-02 - 2026-01-09
策略胜率: 40.84%
策略盈亏比: 1.37
每日平均开仓个数: 77.67
平均持仓天数: 1.57 天
每单位风险期望收益:-0.0340
策略总收益率: -17.97%
策略年化收益率: -9.33%
最大回撤: -26.89%
最大回撤阶段: 2024-01-02 至 2024-09-13
夏普比率: -0.65
策略超额年化收益率: -27.06%
最终净值: 0.8203
20260111 18:53:25- INFO- 回测结果(买点下移风控):
20260111 18:53:25- INFO- 
回测时间:2024-01-02 - 2026-01-09
策略胜率: 40.77%
策略盈亏比: 1.34
每日平均开仓个数: 77.67
平均持仓天数: 1.57 天
每单位风险期望收益:-0.0464
策略总收益率: -30.37%
策略年化收益率: -16.39%
最大回撤: -33.89%
最大回撤阶段: 2024-01-02 至 2025-12-16
夏普比率: -1.11
策略超额年化收益率: -34.12%
最终净值: 0.6963
20260111 19:13:21- INFO- 回测信号参数: {'mv_min': 25, 'mv_max': 1000, 'prev_limit_status': ['断板', '炸板'], 'avg_limit_turnover_5_min': -1}
20260111 19:13:21- INFO- 回测时间区间: 2021-01-01 至 2026-01-11
20260111 19:13:50- INFO- 回测信号参数: {'mv_min': 25, 'mv_max': 1000, 'prev_limit_status': ['断板', '炸板'], 'avg_limit_turnover_5_min': -1}
20260111 19:13:50- INFO- 回测时间区间: 2021-01-01 至 2026-01-11
20260111 19:14:19- INFO- 回测时间区间: 2021-01-01 至 2026-01-11

20260111 19:18:32- INFO- 所有回测任务完成，共处理1163个日期的结果
20260111 19:18:37- INFO- 总调整天数: 1215, 调整正确率: 5.83%, 预计平均亏损改善: 0.0000%
20260111 19:20:35- INFO- 总调整天数: 1163, 调整正确率: 57.07%, 预计平均亏损改善: 0.0000%
20260111 19:20:35- INFO- 总调整天数: 229, 调整正确率: 60.55%, 预计平均亏损改善: 2.1260%
20260111 19:20:35- INFO- 回测结果(不风控):
20260111 19:20:36- INFO- 
回测时间:2024-01-02 - 2026-01-09
策略胜率: 44.72%
策略盈亏比: 1.47
每日平均开仓个数: 6.92
平均持仓天数: 1.87 天
每单位风险期望收益:0.1066
策略总收益率: 28.48%
策略年化收益率: 13.19%
最大回撤: -44.43%
最大回撤阶段: 2024-01-02 至 2024-06-28
夏普比率: 0.46
策略超额年化收益率: -4.53%
最终净值: 1.2848
20260111 19:20:36- INFO- 回测结果(触及跌停风控):
20260111 19:20:36- INFO- 
回测时间:2024-01-02 - 2026-01-09
策略胜率: 45.34%
策略盈亏比: 1.46
每日平均开仓个数: 6.92
平均持仓天数: 1.87 天
每单位风险期望收益:0.1152
策略总收益率: 29.59%
策略年化收益率: 13.68%
最大回撤: -37.72%
最大回撤阶段: 2024-01-02 至 2024-06-28
夏普比率: 0.49
策略超额年化收益率: -4.05%
最终净值: 1.2959
20260111 19:20:37- INFO- 回测结果(买点下移风控):
20260111 19:20:37- INFO- 
回测时间:2024-01-02 - 2026-01-09
策略胜率: 45.70%
策略盈亏比: 1.46
每日平均开仓个数: 6.92
平均持仓天数: 1.87 天
每单位风险期望收益:0.1253
策略总收益率: 56.63%
策略年化收益率: 24.85%
最大回撤: -38.17%
最大回撤阶段: 2024-01-02 至 2024-06-28
夏普比率: 0.80
策略超额年化收益率: 7.12%
最终净值: 1.5663
20260111 19:21:47- INFO- 回测信号参数: {'mv_min': 25, 'mv_max': 1000, 'prev_limit_status': ['断板', '炸板'], 'avg_limit_turnover_5_min': -1}
20260111 19:21:47- INFO- 回测时间区间: 2021-01-01 至 2026-01-11
20260111 19:21:48- INFO- 使用40个进程并行处理，共1214个日期任务

20260111 19:27:01- INFO- 所有回测任务完成，共处理1021个日期的结果
20260111 19:27:04- INFO- 总调整天数: 1021, 调整正确率: 57.77%, 预计平均亏损改善: 0.0000%
20260111 19:27:05- INFO- 总调整天数: 247, 调整正确率: 62.43%, 预计平均亏损改善: 1.9234%
20260111 19:27:05- INFO- 回测结果(不风控):
20260111 19:27:06- INFO- 
回测时间:2024-01-02 - 2026-01-09
策略胜率: 43.97%
策略盈亏比: 1.51
每日平均开仓个数: 3.83
平均持仓天数: 1.80 天
每单位风险期望收益:0.1057
策略总收益率: -33.90%
策略年化收益率: -18.51%
最大回撤: -47.28%
最大回撤阶段: 2024-12-11 至 2025-12-29
夏普比率: -0.66
策略超额年化收益率: -36.24%
最终净值: 0.6610
20260111 19:27:06- INFO- 回测结果(触及跌停风控):
20260111 19:27:06- INFO- 
回测时间:2024-01-02 - 2026-01-09
策略胜率: 45.68%
策略盈亏比: 1.58
每日平均开仓个数: 3.83
平均持仓天数: 1.80 天
每单位风险期望收益:0.1798
策略总收益率: -3.82%
策略年化收益率: -1.91%
最大回撤: -32.76%
最大回撤阶段: 2024-01-02 至 2024-09-25
夏普比率: -0.05
策略超额年化收益率: -19.64%
最终净值: 0.9618
20260111 19:27:06- INFO- 回测结果(买点下移风控):
20260111 19:27:06- INFO- 
回测时间:2024-01-02 - 2026-01-09
策略胜率: 45.82%
策略盈亏比: 1.54
每日平均开仓个数: 3.83
平均持仓天数: 1.80 天
每单位风险期望收益:0.1639
策略总收益率: -7.46%
策略年化收益率: -3.76%
最大回撤: -33.50%
最大回撤阶段: 2024-01-02 至 2024-07-29
夏普比率: -0.12
策略超额年化收益率: -21.49%
最终净值: 0.9254
20260111 19:28:11- INFO- 回测信号参数: {'mv_min': 25, 'mv_max': 1000, 'prev_limit_status': ['断板', '炸板'], 'avg_limit_turnover_5_min': -1}
20260111 19:28:11- INFO- 回测时间区间: 2021-01-01 至 2026-01-11
20260111 19:28:12- INFO- 使用40个进程并行处理，共1215个日期任务
20260111 20:38:13- INFO- 回测信号参数: {'mv_min': 25, 'mv_max': 1000, 'prev_limit_status': ['断板', '炸板'], 'avg_limit_turnover_5_min': -1}
20260111 20:38:13- INFO- 回测时间区间: 2021-01-01 至 2026-01-11
20260111 20:38:14- INFO- 使用40个进程并行处理，共1215个日期任务
20260111 20:42:29- INFO- 所有回测任务完成，共处理909个日期的结果
20260111 20:42:31- INFO- 总调整天数: 909, 调整正确率: 51.94%, 预计平均亏损改善: 0.0000%
20260111 20:42:32- INFO- 总调整天数: 138, 调整正确率: 52.65%, 预计平均亏损改善: 1.7718%
20260111 20:42:32- INFO- 回测结果(不风控):
20260111 20:42:33- INFO- 
回测时间:2024-01-02 - 2026-01-09
策略胜率: 51.00%
策略盈亏比: 1.67
每日平均开仓个数: 2.88
平均持仓天数: 1.88 天
每单位风险期望收益:0.3628
策略总收益率: 225.30%
策略年化收益率: 79.21%
最大回撤: -26.62%
最大回撤阶段: 2024-01-02 至 2024-05-14
夏普比率: 1.88
策略超额年化收益率: 61.48%
最终净值: 3.2530
20260111 20:42:34- INFO- 回测结果(触及跌停风控):
20260111 20:42:34- INFO- 
回测时间:2024-01-02 - 2026-01-09
策略胜率: 51.17%
策略盈亏比: 1.71
每日平均开仓个数: 2.88
平均持仓天数: 1.88 天
每单位风险期望收益:0.3848
策略总收益率: 197.04%
策略年化收益率: 71.33%
最大回撤: -23.90%
最大回撤阶段: 2024-01-02 至 2024-05-14
夏普比率: 1.81
策略超额年化收益率: 53.60%
最终净值: 2.9704
20260111 20:42:34- INFO- 回测结果(买点下移风控):
20260111 20:42:34- INFO- 
回测时间:2024-01-02 - 2026-01-09
策略胜率: 51.30%
策略盈亏比: 1.70
每日平均开仓个数: 2.88
平均持仓天数: 1.88 天
每单位风险期望收益:0.3827
策略总收益率: 211.57%
策略年化收益率: 75.43%
最大回撤: -23.39%
最大回撤阶段: 2024-01-02 至 2024-05-14
夏普比率: 1.88
策略超额年化收益率: 57.70%
最终净值: 3.1157
20260111 20:44:46- INFO- 总调整天数: 909, 调整正确率: 51.94%, 预计平均亏损改善: 0.0000%
20260111 20:44:47- INFO- 总调整天数: 138, 调整正确率: 52.65%, 预计平均亏损改善: 1.7718%
20260111 20:44:47- INFO- 回测结果(不风控):
20260111 20:44:47- INFO- 
回测时间:2021-01-04 - 2026-01-09
策略胜率: 48.06%
策略盈亏比: 1.56
每日平均开仓个数: 2.67
平均持仓天数: 1.82 天
每单位风险期望收益:0.2328
策略总收益率: 658.67%
策略年化收益率: 49.77%
最大回撤: -43.44%
最大回撤阶段: 2023-06-27 至 2024-05-14
夏普比率: 1.31
策略超额年化收益率: 46.48%
最终净值: 7.5867
20260111 20:44:47- INFO- 回测结果(触及跌停风控):
20260111 20:44:47- INFO- 
回测时间:2021-01-04 - 2026-01-09
策略胜率: 48.16%
策略盈亏比: 1.60
每日平均开仓个数: 2.67
平均持仓天数: 1.82 天
每单位风险期望收益:0.2503
策略总收益率: 454.77%
策略年化收益率: 40.71%
最大回撤: -41.39%
最大回撤阶段: 2023-06-27 至 2024-05-14
夏普比率: 1.21
策略超额年化收益率: 37.42%
最终净值: 5.5477
20260111 20:44:47- INFO- 回测结果(买点下移风控):
20260111 20:44:48- INFO- 
回测时间:2021-01-04 - 2026-01-09
策略胜率: 48.26%
策略盈亏比: 1.58
每日平均开仓个数: 2.67
平均持仓天数: 1.82 天
每单位风险期望收益:0.2472
策略总收益率: 497.35%
策略年化收益率: 42.80%
最大回撤: -43.39%
最大回撤阶段: 2023-06-27 至 2024-05-14
夏普比率: 1.24
策略超额年化收益率: 39.51%
最终净值: 5.9735
20260111 20:50:27- INFO- 总调整天数: 138, 调整正确率: 52.65%, 预计平均亏损改善: 1.7718%
20260111 20:50:27- INFO- 回测结果(不风控):
20260111 20:50:27- INFO- 
回测时间:2021-01-04 - 2026-01-09
策略胜率: 48.06%
策略盈亏比: 1.56
每日平均开仓个数: 2.67
平均持仓天数: 1.82 天
每单位风险期望收益:0.2328
策略总收益率: 658.67%
策略年化收益率: 49.77%
最大回撤: -43.44%
最大回撤阶段: 2023-06-27 至 2024-05-14
夏普比率: 1.31
策略超额年化收益率: 46.48%
最终净值: 7.5867
20260111 20:50:27- INFO- 回测结果(触及跌停风控):
20260111 20:50:27- INFO- 
回测时间:2021-01-04 - 2026-01-09
策略胜率: 48.16%
策略盈亏比: 1.60
每日平均开仓个数: 2.67
平均持仓天数: 1.82 天
每单位风险期望收益:0.2503
策略总收益率: 454.77%
策略年化收益率: 40.71%
最大回撤: -41.39%
最大回撤阶段: 2023-06-27 至 2024-05-14
夏普比率: 1.21
策略超额年化收益率: 37.42%
最终净值: 5.5477
20260111 20:50:27- INFO- 回测结果(买点下移风控):
20260111 20:50:27- INFO- 
回测时间:2021-01-04 - 2026-01-09
策略胜率: 48.26%
策略盈亏比: 1.58
每日平均开仓个数: 2.67
平均持仓天数: 1.82 天
每单位风险期望收益:0.2472
策略总收益率: 497.35%
策略年化收益率: 42.80%
最大回撤: -43.39%
最大回撤阶段: 2023-06-27 至 2024-05-14
夏普比率: 1.24
策略超额年化收益率: 39.51%
最终净值: 5.9735
20260111 21:23:46- INFO- 回测信号参数: {'mv_min': 25, 'mv_max': 1000, 'prev_limit_status': ['断板', '炸板'], 'avg_limit_turnover_5_min': -1}
20260111 21:23:46- INFO- 回测时间区间: 2021-01-01 至 2026-01-11
20260111 21:23:47- INFO- 使用40个进程并行处理，共1215个日期任务
20260111 21:23:57- INFO- 回测信号参数: {'low': -5, 'high': -2.5, 'mv_min': 35, 'mv_max': 1000, 'prev_limit_status': ['断板', '炸板'], 'avg_limit_turnover_5_min': -1}
20260111 21:24:10- INFO- 回测时间区间: 2021-01-01 至 2026-01-11
20260111 21:24:11- INFO- 使用40个进程并行处理，共831个日期任务
20260111 21:30:29- INFO- 所有回测任务完成，共处理831个日期的结果
20260111 21:30:47- INFO- 总调整天数: 85, 调整正确率: 58.52%, 预计平均亏损改善: 2.7129%
20260111 21:30:48- INFO- 总调整天数: 142, 调整正确率: 53.31%, 预计平均亏损改善: 2.5216%
20260111 21:30:48- INFO- 回测结果(不风控):
20260111 21:30:48- INFO- 
回测时间:2024-01-02 - 2026-01-09
策略胜率: 47.52%
策略盈亏比: 1.42
每日平均开仓个数: 2.90
平均持仓天数: 1.61 天
每单位风险期望收益:0.1485
策略总收益率: 340.45%
策略年化收益率: 108.19%
最大回撤: -28.77%
最大回撤阶段: 2024-10-30 至 2024-12-31
夏普比率: 1.94
策略超额年化收益率: 90.46%
最终净值: 4.4045
20260111 21:30:48- INFO- 回测结果(触及跌停风控):
20260111 21:30:48- INFO- 
回测时间:2024-01-02 - 2026-01-09
策略胜率: 47.52%
策略盈亏比: 1.51
每日平均开仓个数: 2.90
平均持仓天数: 1.61 天
每单位风险期望收益:0.1906
策略总收益率: 324.28%
策略年化收益率: 104.37%
最大回撤: -24.99%
最大回撤阶段: 2024-10-30 至 2024-12-31
夏普比率: 2.11
策略超额年化收益率: 86.64%
最终净值: 4.2428
20260111 21:30:49- INFO- 回测结果(买点下移风控):
20260111 21:30:49- INFO- 
回测时间:2024-01-02 - 2026-01-09
策略胜率: 45.97%
策略盈亏比: 1.48
每日平均开仓个数: 2.90
平均持仓天数: 1.61 天
每单位风险期望收益:0.1380
策略总收益率: 264.65%
策略年化收益率: 89.62%
最大回撤: -26.27%
最大回撤阶段: 2024-10-30 至 2024-12-31
夏普比率: 1.83
策略超额年化收益率: 71.90%
最终净值: 3.6465
20260111 21:31:05- INFO- 总调整天数: 142, 调整正确率: 53.31%, 预计平均亏损改善: 2.5216%
20260111 21:31:05- INFO- 
回测时间:2021-01-04 - 2023-12-29
策略胜率: 43.25%
策略盈亏比: 1.42
每日平均开仓个数: 2.04
平均持仓天数: 1.59 天
每单位风险期望收益:0.0477
策略总收益率: 45.13%
策略年化收益率: 13.30%
最大回撤: -56.87%
最大回撤阶段: 2022-07-21 至 2023-05-23
夏普比率: 0.46
策略超额年化收益率: 18.62%
最终净值: 1.4513
20260111 21:31:22- INFO- 所有回测任务完成，共处理890个日期的结果
20260111 21:31:23- INFO- 总调整天数: 141, 调整正确率: 52.42%, 预计平均亏损改善: 1.7340%
20260111 21:31:23- INFO- 回测结果(不风控):
20260111 21:31:23- INFO- 
回测时间:2021-01-04 - 2026-01-09
策略胜率: 47.56%
策略盈亏比: 1.53
每日平均开仓个数: 2.60
平均持仓天数: 1.82 天
每单位风险期望收益:0.2050
策略总收益率: 346.92%
策略年化收益率: 34.78%
最大回撤: -41.57%
最大回撤阶段: 2023-06-27 至 2024-05-14
夏普比率: 1.03
策略超额年化收益率: 31.49%
最终净值: 4.4692
20260111 21:31:23- INFO- 回测结果(触及跌停风控):
20260111 21:31:23- INFO- 
回测时间:2021-01-04 - 2026-01-09
策略胜率: 47.55%
策略盈亏比: 1.52
每日平均开仓个数: 2.60
平均持仓天数: 1.82 天
每单位风险期望收益:0.1980
策略总收益率: 206.31%
策略年化收益率: 25.00%
最大回撤: -37.93%
最大回撤阶段: 2023-06-27 至 2024-05-14
夏普比率: 0.85
策略超额年化收益率: 21.71%
最终净值: 3.0631
20260111 21:31:23- INFO- 回测结果(买点下移风控):
20260111 21:31:23- INFO- 
回测时间:2021-01-04 - 2026-01-09
策略胜率: 47.74%
策略盈亏比: 1.51
每日平均开仓个数: 2.60
平均持仓天数: 1.82 天
每单位风险期望收益:0.1999
策略总收益率: 240.88%
策略年化收益率: 27.69%
最大回撤: -39.18%
最大回撤阶段: 2023-06-27 至 2024-05-14
夏普比率: 0.92
策略超额年化收益率: 24.40%
最终净值: 3.4088
20260111 21:33:04- INFO- 回测信号参数: {'low': -5, 'high': -2.5, 'mv_min': 35, 'mv_max': 1000, 'prev_limit_status': ['断板', '炸板'], 'avg_limit_turnover_5_min': -1}
20260111 21:33:05- INFO- 回测时间区间: 2021-01-01 至 2026-01-11
20260111 21:33:06- INFO- 使用40个进程并行处理，共831个日期任务
20260111 21:35:58- INFO- 所有回测任务完成，共处理831个日期的结果
20260111 21:36:01- INFO- 总调整天数: 85, 调整正确率: 58.52%, 预计平均亏损改善: 2.7129%
20260111 21:36:01- INFO- 总调整天数: 142, 调整正确率: 53.31%, 预计平均亏损改善: 2.5216%
20260111 21:36:01- INFO- 回测结果(不风控):
20260111 21:36:01- INFO- 
回测时间:2024-01-02 - 2026-01-09
策略胜率: 47.52%
策略盈亏比: 1.42
每日平均开仓个数: 2.90
平均持仓天数: 1.61 天
每单位风险期望收益:0.1485
策略总收益率: 340.45%
策略年化收益率: 108.19%
最大回撤: -28.77%
最大回撤阶段: 2024-10-30 至 2024-12-31
夏普比率: 1.94
策略超额年化收益率: 90.46%
最终净值: 4.4045
20260111 21:36:01- INFO- 回测结果(触及跌停风控):
20260111 21:36:01- INFO- 
回测时间:2024-01-02 - 2026-01-09
策略胜率: 47.52%
策略盈亏比: 1.51
每日平均开仓个数: 2.90
平均持仓天数: 1.61 天
每单位风险期望收益:0.1906
策略总收益率: 324.28%
策略年化收益率: 104.37%
最大回撤: -24.99%
最大回撤阶段: 2024-10-30 至 2024-12-31
夏普比率: 2.11
策略超额年化收益率: 86.64%
最终净值: 4.2428
20260111 21:36:01- INFO- 回测结果(买点下移风控):
20260111 21:36:01- INFO- 
回测时间:2024-01-02 - 2026-01-09
策略胜率: 45.97%
策略盈亏比: 1.48
每日平均开仓个数: 2.90
平均持仓天数: 1.61 天
每单位风险期望收益:0.1380
策略总收益率: 264.65%
策略年化收益率: 89.62%
最大回撤: -26.27%
最大回撤阶段: 2024-10-30 至 2024-12-31
夏普比率: 1.83
策略超额年化收益率: 71.90%
最终净值: 3.6465
20260111 21:36:03- INFO- 总调整天数: 142, 调整正确率: 53.31%, 预计平均亏损改善: 2.5216%
20260111 21:36:03- INFO- 
回测时间:2021-01-04 - 2023-12-29
策略胜率: 43.25%
策略盈亏比: 1.42
每日平均开仓个数: 2.04
平均持仓天数: 1.59 天
每单位风险期望收益:0.0477
策略总收益率: 45.13%
策略年化收益率: 13.30%
最大回撤: -56.87%
最大回撤阶段: 2022-07-21 至 2023-05-23
夏普比率: 0.46
策略超额年化收益率: 18.62%
最终净值: 1.4513
20260111 21:41:31- INFO- 
回测时间:2024-01-02 - 2026-01-09
策略胜率: 47.52%
策略盈亏比: 1.42
每日平均开仓个数: 2.90
平均持仓天数: 1.61 天
每单位风险期望收益:0.1485
策略总收益率: 340.45%
策略年化收益率: 108.19%
最大回撤: -28.77%
最大回撤阶段: 2024-10-30 至 2024-12-31
夏普比率: 1.94
策略超额年化收益率: 90.46%
最终净值: 4.4045
20260111 21:41:31- INFO- 回测结果(触及跌停风控):
20260111 21:41:31- INFO- 
回测时间:2024-01-02 - 2026-01-09
策略胜率: 47.52%
策略盈亏比: 1.51
每日平均开仓个数: 2.90
平均持仓天数: 1.61 天
每单位风险期望收益:0.1906
策略总收益率: 324.28%
策略年化收益率: 104.37%
最大回撤: -24.99%
最大回撤阶段: 2024-10-30 至 2024-12-31
夏普比率: 2.11
策略超额年化收益率: 86.64%
最终净值: 4.2428
20260111 21:41:31- INFO- 回测结果(买点下移风控):
20260111 21:41:32- INFO- 
回测时间:2024-01-02 - 2026-01-09
策略胜率: 45.97%
策略盈亏比: 1.48
每日平均开仓个数: 2.90
平均持仓天数: 1.61 天
每单位风险期望收益:0.1380
策略总收益率: 264.65%
策略年化收益率: 89.62%
最大回撤: -26.27%
最大回撤阶段: 2024-10-30 至 2024-12-31
夏普比率: 1.83
策略超额年化收益率: 71.90%
最终净值: 3.6465
20260111 21:49:27- INFO- 回测时间区间: 2021-01-01 至 2026-01-11
20260111 21:49:27- INFO- 使用40个进程并行处理，共831个日期任务
20260111 21:52:22- INFO- 所有回测任务完成，共处理831个日期的结果
20260111 21:52:25- INFO- 总调整天数: 88, 调整正确率: 59.31%, 预计平均亏损改善: 2.6621%
20260111 21:52:26- INFO- 总调整天数: 140, 调整正确率: 53.79%, 预计平均亏损改善: 2.4383%
20260111 21:52:26- INFO- 回测结果(不风控):
20260111 21:52:26- INFO- 
回测时间:2024-01-02 - 2026-01-09
策略胜率: 47.62%
策略盈亏比: 1.45
每日平均开仓个数: 2.90
平均持仓天数: 1.64 天
每单位风险期望收益:0.1659
策略总收益率: 387.37%
策略年化收益率: 118.88%
最大回撤: -27.25%
最大回撤阶段: 2024-10-30 至 2024-12-31
夏普比率: 2.08
策略超额年化收益率: 101.15%
最终净值: 4.8737
20260111 21:52:26- INFO- 回测结果(触及跌停风控):
20260111 21:52:26- INFO- 
回测时间:2024-01-02 - 2026-01-09
策略胜率: 47.66%
策略盈亏比: 1.54
每日平均开仓个数: 2.90
平均持仓天数: 1.64 天
每单位风险期望收益:0.2111
策略总收益率: 339.79%
策略年化收益率: 108.04%
最大回撤: -24.62%
最大回撤阶段: 2024-10-30 至 2024-12-31
夏普比率: 2.16
策略超额年化收益率: 90.31%
最终净值: 4.3979
20260111 21:52:26- INFO- 回测结果(买点下移风控):
20260111 21:52:26- INFO- 
回测时间:2024-01-02 - 2026-01-09
策略胜率: 46.21%
策略盈亏比: 1.51
每日平均开仓个数: 2.90
平均持仓天数: 1.64 天
每单位风险期望收益:0.1610
策略总收益率: 319.23%
策略年化收益率: 103.17%
最大回撤: -24.71%
最大回撤阶段: 2024-10-30 至 2024-12-31
夏普比率: 2.01
策略超额年化收益率: 85.44%
最终净值: 4.1923
20260111 21:53:51- INFO- 总调整天数: 88, 调整正确率: 59.31%, 预计平均亏损改善: 2.6621%
20260111 21:53:51- INFO- 总调整天数: 140, 调整正确率: 53.79%, 预计平均亏损改善: 2.4383%
20260111 21:53:51- INFO- 回测结果(不风控):
20260111 21:53:51- INFO- 
回测时间:2021-01-04 - 2026-01-09
策略胜率: 45.51%
策略盈亏比: 1.46
每日平均开仓个数: 2.40
平均持仓天数: 1.63 天
每单位风险期望收益:0.1181
策略总收益率: 778.10%
策略年化收益率: 54.20%
最大回撤: -48.07%
最大回撤阶段: 2022-07-21 至 2023-05-23
夏普比率: 1.25
策略超额年化收益率: 50.91%
最终净值: 8.7810
20260111 21:53:51- INFO- 回测结果(触及跌停风控):
20260111 21:53:51- INFO- 
回测时间:2021-01-04 - 2026-01-09
策略胜率: 45.80%
策略盈亏比: 1.57
每日平均开仓个数: 2.40
平均持仓天数: 1.63 天
每单位风险期望收益:0.1792
策略总收益率: 1149.63%
策略年化收益率: 65.44%
最大回撤: -46.60%
最大回撤阶段: 2022-08-16 至 2023-05-23
夏普比率: 1.54
策略超额年化收益率: 62.15%
最终净值: 12.4963
20260111 21:53:52- INFO- 回测结果(买点下移风控):
20260111 21:53:52- INFO- 
回测时间:2021-01-04 - 2026-01-09
策略胜率: 44.35%
策略盈亏比: 1.52
每日平均开仓个数: 2.40
平均持仓天数: 1.63 天
每单位风险期望收益:0.1163
策略总收益率: 651.40%
策略年化收益率: 49.49%
最大回撤: -43.73%
最大回撤阶段: 2022-07-21 至 2023-05-17
夏普比率: 1.21
策略超额年化收益率: 46.20%
最终净值: 7.5140
20260111 22:16:53- INFO- 总调整天数: 88, 调整正确率: 59.31%, 预计平均亏损改善: 2.6621%
20260111 22:16:53- INFO- 总调整天数: 140, 调整正确率: 53.79%, 预计平均亏损改善: 2.4383%
20260111 22:16:53- INFO- 回测结果(不风控):
20260111 22:16:53- INFO- 
回测时间:2025-01-02 - 2026-01-09
策略胜率: 52.47%
策略盈亏比: 1.54
每日平均开仓个数: 2.68
平均持仓天数: 1.65 天
每单位风险期望收益:0.3326
策略总收益率: 297.54%
策略年化收益率: 287.35%
最大回撤: -16.21%
最大回撤阶段: 2025-08-27 至 2025-09-26
夏普比率: 3.34
策略超额年化收益率: 261.61%
最终净值: 3.9754
20260111 22:16:54- INFO- 回测结果(触及跌停风控):
20260111 22:16:54- INFO- 
回测时间:2025-01-02 - 2026-01-09
策略胜率: 52.68%
策略盈亏比: 1.68
每日平均开仓个数: 2.68
平均持仓天数: 1.65 天
每单位风险期望收益:0.4092
策略总收益率: 317.81%
策略年化收益率: 306.72%
最大回撤: -10.40%
最大回撤阶段: 2025-04-10 至 2025-05-22
夏普比率: 3.79
策略超额年化收益率: 280.98%
最终净值: 4.1781
20260111 22:16:54- INFO- 回测结果(买点下移风控):
20260111 22:16:54- INFO- 
回测时间:2025-01-02 - 2026-01-09
策略胜率: 50.68%
策略盈亏比: 1.63
每日平均开仓个数: 2.68
平均持仓天数: 1.65 天
每单位风险期望收益:0.3342
策略总收益率: 281.68%
策略年化收益率: 272.18%
最大回撤: -14.87%
最大回撤阶段: 2025-08-12 至 2025-09-26
夏普比率: 3.38
策略超额年化收益率: 246.44%
最终净值: 3.8168
20260111 23:05:38- INFO- 总调整天数: 141, 调整正确率: 52.42%, 预计平均亏损改善: 1.7340%
20260111 23:05:38- INFO- 回测结果(不风控):
20260111 23:05:38- INFO- 
回测时间:2025-01-02 - 2026-01-09
策略胜率: 44.97%
策略盈亏比: 1.35
每日平均开仓个数: 2.80
平均持仓天数: 1.78 天
每单位风险期望收益:0.0588
策略总收益率: 5.75%
策略年化收益率: 5.64%
最大回撤: -18.61%
最大回撤阶段: 2025-01-02 至 2025-05-07
夏普比率: 0.44
策略超额年化收益率: -20.10%
最终净值: 1.0575
20260111 23:05:38- INFO- 回测结果(触及跌停风控):
20260111 23:05:38- INFO- 
回测时间:2025-01-02 - 2026-01-09
策略胜率: 44.62%
策略盈亏比: 1.45
每日平均开仓个数: 2.80
平均持仓天数: 1.78 天
每单位风险期望收益:0.0935
策略总收益率: 11.54%
策略年化收益率: 11.31%
最大回撤: -19.83%
最大回撤阶段: 2025-01-02 至 2025-05-07
夏普比率: 0.47
策略超额年化收益率: -14.43%
最终净值: 1.1154
20260111 23:05:38- INFO- 回测结果(买点下移风控):
20260111 23:05:38- INFO- 
回测时间:2025-01-02 - 2026-01-09
策略胜率: 44.79%
策略盈亏比: 1.43
每日平均开仓个数: 2.80
平均持仓天数: 1.78 天
每单位风险期望收益:0.0873
策略总收益率: 11.51%
策略年化收益率: 11.28%
最大回撤: -21.02%
最大回撤阶段: 2025-01-02 至 2025-05-07
夏普比率: 0.49
策略超额年化收益率: -14.46%
最终净值: 1.1151
20260111 23:13:58- INFO- 总调整天数: 88, 调整正确率: 59.31%, 预计平均亏损改善: 2.6621%
20260111 23:13:58- INFO- 总调整天数: 140, 调整正确率: 53.79%, 预计平均亏损改善: 2.4383%
20260111 23:13:59- INFO- 回测结果(不风控):
20260111 23:13:59- INFO- 
回测时间:2024-01-02 - 2026-01-09
策略胜率: 47.62%
策略盈亏比: 1.45
每日平均开仓个数: 2.90
平均持仓天数: 1.64 天
每单位风险期望收益:0.1659
策略总收益率: 174.87%
策略年化收益率: 64.89%
最大回撤: -19.47%
最大回撤阶段: 2024-10-30 至 2024-12-31
夏普比率: 1.79
策略超额年化收益率: 47.16%
最终净值: 2.7487
20260111 23:13:59- INFO- 回测结果(触及跌停风控):
20260111 23:13:59- INFO- 
回测时间:2024-01-02 - 2026-01-09
策略胜率: 47.66%
策略盈亏比: 1.54
每日平均开仓个数: 2.90
平均持仓天数: 1.64 天
每单位风险期望收益:0.2111
策略总收益率: 161.77%
策略年化收益率: 60.95%
最大回撤: -19.88%
最大回撤阶段: 2024-10-30 至 2024-12-31
夏普比率: 1.83
策略超额年化收益率: 43.22%
最终净值: 2.6177
20260111 23:13:59- INFO- 回测结果(买点下移风控):
20260111 23:13:59- INFO- 
回测时间:2024-01-02 - 2026-01-09
策略胜率: 46.21%
策略盈亏比: 1.51
每日平均开仓个数: 2.90
平均持仓天数: 1.64 天
每单位风险期望收益:0.1610
策略总收益率: 158.31%
策略年化收益率: 59.90%
最大回撤: -19.18%
最大回撤阶段: 2024-10-30 至 2024-12-31
夏普比率: 1.76
策略超额年化收益率: 42.17%
最终净值: 2.5831
20260111 23:24:08- INFO- 总调整天数: 141, 调整正确率: 52.42%, 预计平均亏损改善: 1.7340%
20260111 23:24:08- INFO- 回测结果(不风控):
20260111 23:24:08- INFO- 
回测时间:2024-01-02 - 2026-01-09
策略胜率: 49.13%
策略盈亏比: 1.63
每日平均开仓个数: 2.91
平均持仓天数: 1.88 天
每单位风险期望收益:0.2902
策略总收益率: 109.99%
策略年化收益率: 44.33%
最大回撤: -29.61%
最大回撤阶段: 2024-12-11 至 2025-05-07
夏普比率: 1.25
策略超额年化收益率: 26.60%
最终净值: 2.0999
20260111 23:24:08- INFO- 回测结果(触及跌停风控):
20260111 23:24:08- INFO- 
回测时间:2024-01-02 - 2026-01-09
策略胜率: 49.39%
策略盈亏比: 1.61
每日平均开仓个数: 2.91
平均持仓天数: 1.88 天
每单位风险期望收益:0.2890
策略总收益率: 91.37%
策略年化收益率: 37.85%
最大回撤: -27.31%
最大回撤阶段: 2024-12-11 至 2025-05-07
夏普比率: 1.16
策略超额年化收益率: 20.12%
最终净值: 1.9137
20260111 23:24:08- INFO- 回测结果(买点下移风控):
20260111 23:24:08- INFO- 
回测时间:2024-01-02 - 2026-01-09
策略胜率: 49.29%
策略盈亏比: 1.59
每日平均开仓个数: 2.91
平均持仓天数: 1.88 天
每单位风险期望收益:0.2789
策略总收益率: 88.25%
策略年化收益率: 36.74%
最大回撤: -28.62%
最大回撤阶段: 2024-12-11 至 2025-05-07
夏普比率: 1.13
策略超额年化收益率: 19.01%
最终净值: 1.8825
20260111 23:25:00- INFO- 总调整天数: 141, 调整正确率: 52.42%, 预计平均亏损改善: 1.7340%
20260111 23:25:00- INFO- 回测结果(不风控):
20260111 23:25:00- INFO- 
回测时间:2024-01-02 - 2026-01-09
策略胜率: 49.13%
策略盈亏比: 1.63
每日平均开仓个数: 2.91
平均持仓天数: 1.88 天
每单位风险期望收益:0.2902
策略总收益率: 84.27%
策略年化收益率: 35.30%
最大回撤: -29.64%
最大回撤阶段: 2024-01-02 至 2024-05-14
夏普比率: 1.18
策略超额年化收益率: 17.57%
最终净值: 1.8427
20260111 23:25:00- INFO- 回测结果(触及跌停风控):
20260111 23:25:00- INFO- 
回测时间:2024-01-02 - 2026-01-09
策略胜率: 49.39%
策略盈亏比: 1.61
每日平均开仓个数: 2.91
平均持仓天数: 1.88 天
每单位风险期望收益:0.2890
策略总收益率: 73.57%
策略年化收益率: 31.35%
最大回撤: -25.63%
最大回撤阶段: 2024-01-02 至 2024-05-14
夏普比率: 1.11
策略超额年化收益率: 13.62%
最终净值: 1.7357
20260111 23:25:00- INFO- 回测结果(买点下移风控):
20260111 23:25:00- INFO- 
回测时间:2024-01-02 - 2026-01-09
策略胜率: 49.29%
策略盈亏比: 1.59
每日平均开仓个数: 2.91
平均持仓天数: 1.88 天
每单位风险期望收益:0.2789
策略总收益率: 72.06%
策略年化收益率: 30.79%
最大回撤: -26.92%
最大回撤阶段: 2024-01-02 至 2024-05-14
夏普比率: 1.08
策略超额年化收益率: 13.06%
最终净值: 1.7206
20260111 23:27:59- INFO- 回测信号参数: {'low': -5, 'high': -2.5, 'mv_min': 35, 'mv_max': 1000, 'prev_limit_status': ['断板', '炸板'], 'avg_limit_turnover_5_min': -1}
20260111 23:28:00- INFO- 回测时间区间: 2021-01-01 至 2026-01-11
20260111 23:28:00- INFO- 使用40个进程并行处理，共1046个日期任务
20260111 23:31:23- INFO- 所有回测任务完成，共处理1046个日期的结果
20260111 23:31:27- INFO- 总调整天数: 74, 调整正确率: 58.17%, 预计平均亏损改善: 2.1504%
20260111 23:31:27- INFO- 总调整天数: 166, 调整正确率: 52.44%, 预计平均亏损改善: 2.2296%
20260111 23:31:27- INFO- 回测结果(不风控):
20260111 23:31:27- INFO- 
回测时间:2024-01-02 - 2026-01-09
策略胜率: 47.11%
策略盈亏比: 1.46
每日平均开仓个数: 4.72
平均持仓天数: 1.63 天
每单位风险期望收益:0.1573
策略总收益率: 129.95%
策略年化收益率: 50.96%
最大回撤: -18.77%
最大回撤阶段: 2024-01-03 至 2024-02-05
夏普比率: 1.52
策略超额年化收益率: 33.23%
最终净值: 2.2995
20260111 23:31:27- INFO- 回测结果(触及跌停风控):
20260111 23:31:27- INFO- 
回测时间:2024-01-02 - 2026-01-09
策略胜率: 47.21%
策略盈亏比: 1.53
每日平均开仓个数: 4.72
平均持仓天数: 1.63 天
每单位风险期望收益:0.1957
策略总收益率: 122.47%
策略年化收益率: 48.51%
最大回撤: -16.28%
最大回撤阶段: 2024-01-03 至 2024-02-05
夏普比率: 1.60
策略超额年化收益率: 30.78%
最终净值: 2.2247
20260111 23:31:28- INFO- 回测结果(买点下移风控):
20260111 23:31:28- INFO- 
回测时间:2024-01-02 - 2026-01-09
策略胜率: 46.38%
策略盈亏比: 1.50
每日平均开仓个数: 4.72
平均持仓天数: 1.63 天
每单位风险期望收益:0.1595
策略总收益率: 119.88%
策略年化收益率: 47.65%
最大回撤: -18.57%
最大回撤阶段: 2024-01-03 至 2024-02-05
夏普比率: 1.48
策略超额年化收益率: 29.92%
最终净值: 2.1988
20260111 23:33:37- INFO- 回测信号参数: {'low': -5, 'high': -2.5, 'mv_min': 35, 'mv_max': 1000, 'prev_limit_status': ['断板', '炸板'], 'avg_limit_turnover_5_min': -1}
20260111 23:33:38- INFO- 回测时间区间: 2021-01-01 至 2026-01-11
20260111 23:33:38- INFO- 使用40个进程并行处理，共831个日期任务
20260111 23:36:28- INFO- 所有回测任务完成，共处理831个日期的结果
20260111 23:36:30- INFO- 总调整天数: 88, 调整正确率: 59.31%, 预计平均亏损改善: 2.6621%
20260111 23:36:31- INFO- 总调整天数: 140, 调整正确率: 53.79%, 预计平均亏损改善: 2.4383%
20260111 23:36:31- INFO- 回测结果(不风控):
20260111 23:36:31- INFO- 
回测时间:2024-01-02 - 2026-01-09
策略胜率: 47.62%
策略盈亏比: 1.45
每日平均开仓个数: 2.90
平均持仓天数: 1.64 天
每单位风险期望收益:0.1659
策略总收益率: 174.87%
策略年化收益率: 64.89%
最大回撤: -19.47%
最大回撤阶段: 2024-10-30 至 2024-12-31
夏普比率: 1.79
策略超额年化收益率: 47.16%
最终净值: 2.7487
20260111 23:36:31- INFO- 回测结果(触及跌停风控):
20260111 23:36:31- INFO- 
回测时间:2024-01-02 - 2026-01-09
策略胜率: 47.66%
策略盈亏比: 1.54
每日平均开仓个数: 2.90
平均持仓天数: 1.64 天
每单位风险期望收益:0.2111
策略总收益率: 161.77%
策略年化收益率: 60.95%
最大回撤: -19.88%
最大回撤阶段: 2024-10-30 至 2024-12-31
夏普比率: 1.83
策略超额年化收益率: 43.22%
最终净值: 2.6177
20260111 23:36:31- INFO- 回测结果(买点下移风控):
20260111 23:36:31- INFO- 
回测时间:2024-01-02 - 2026-01-09
策略胜率: 46.21%
策略盈亏比: 1.51
每日平均开仓个数: 2.90
平均持仓天数: 1.64 天
每单位风险期望收益:0.1610
策略总收益率: 158.31%
策略年化收益率: 59.90%
最大回撤: -19.18%
最大回撤阶段: 2024-10-30 至 2024-12-31
夏普比率: 1.76
策略超额年化收益率: 42.17%
最终净值: 2.5831
20260111 23:36:33- INFO- 总调整天数: 140, 调整正确率: 53.79%, 预计平均亏损改善: 2.4383%
20260111 23:36:33- INFO- 
回测时间:2021-01-04 - 2023-12-29
策略胜率: 43.35%
策略盈亏比: 1.45
每日平均开仓个数: 2.04
平均持仓天数: 1.62 天
每单位风险期望收益:0.0634
策略总收益率: 80.17%
策略年化收益率: 21.81%
最大回撤: -48.07%
最大回撤阶段: 2022-07-21 至 2023-05-23
夏普比率: 0.65
策略超额年化收益率: 27.14%
最终净值: 1.8017
20260113 15:10:51- INFO- 回测信号参数: {'low': -5, 'high': -2.5, 'mv_min': 35, 'mv_max': 1000, 'prev_limit_status': ['断板', '炸板'], 'avg_limit_turnover_5_min': -1}
20260113 15:10:52- INFO- 回测时间区间: 2021-01-01 至 2026-01-13
20260113 15:10:52- INFO- 使用40个进程并行处理，共832个日期任务
20260113 15:13:54- INFO- 所有回测任务完成，共处理832个日期的结果
20260113 15:13:57- INFO- 总调整天数: 88, 调整正确率: 59.31%, 预计平均亏损改善: 2.6621%
20260113 15:13:57- INFO- 总调整天数: 140, 调整正确率: 53.79%, 预计平均亏损改善: 2.4383%
20260113 15:13:57- INFO- 回测结果(不风控):
20260113 15:13:57- INFO- 
回测时间:2024-01-02 - 2026-01-12
策略胜率: 47.82%
策略盈亏比: 1.45
每日平均开仓个数: 2.90
平均持仓天数: 1.64 天
每单位风险期望收益:0.1709
策略总收益率: 402.92%
策略年化收益率: 121.59%
最大回撤: -27.25%
最大回撤阶段: 2024-10-30 至 2024-12-31
夏普比率: 2.11
策略超额年化收益率: 103.31%
最终净值: 5.0292
20260113 15:13:58- INFO- 回测结果(触及跌停风控):
20260113 15:13:58- INFO- 
回测时间:2024-01-02 - 2026-01-12
策略胜率: 47.90%
策略盈亏比: 1.54
每日平均开仓个数: 2.90
平均持仓天数: 1.64 天
每单位风险期望收益:0.2172
策略总收益率: 353.83%
策略年化收益率: 110.65%
最大回撤: -24.62%
最大回撤阶段: 2024-10-30 至 2024-12-31
夏普比率: 2.19
策略超额年化收益率: 92.37%
最终净值: 4.5383
20260113 15:13:58- INFO- 回测结果(买点下移风控):
20260113 15:13:58- INFO- 
回测时间:2024-01-02 - 2026-01-12
策略胜率: 46.43%
策略盈亏比: 1.51
每日平均开仓个数: 2.90
平均持仓天数: 1.64 天
每单位风险期望收益:0.1665
策略总收益率: 332.61%
策略年化收益率: 105.74%
最大回撤: -24.71%
最大回撤阶段: 2024-10-30 至 2024-12-31
夏普比率: 2.05
策略超额年化收益率: 87.46%
最终净值: 4.3261
20260113 15:13:59- INFO- 总调整天数: 140, 调整正确率: 53.79%, 预计平均亏损改善: 2.4383%
20260113 15:13:59- INFO- 
回测时间:2021-01-04 - 2023-12-29
策略胜率: 43.35%
策略盈亏比: 1.45
每日平均开仓个数: 2.04
平均持仓天数: 1.62 天
每单位风险期望收益:0.0634
策略总收益率: 80.17%
策略年化收益率: 21.81%
最大回撤: -48.07%
最大回撤阶段: 2022-07-21 至 2023-05-23
夏普比率: 0.65
策略超额年化收益率: 27.14%
最终净值: 1.8017
20260113 15:28:17- INFO- 
回测时间:2026-01-05 - 2026-01-12
策略胜率: 85.71%
策略盈亏比: 4.95
每日平均开仓个数: 5.83
平均持仓天数: 1.69 天
每单位风险期望收益:4.0970
策略总收益率: 16.80%
策略年化收益率: 328157.16%
最大回撤: 0.00%
最大回撤阶段: 2026-01-05 至 2026-01-05
夏普比率: 21.79
策略超额年化收益率: 327647.99%
最终净值: 1.1680
20260113 15:28:17- INFO- 回测结果(触及跌停风控):
20260113 15:28:17- INFO- 
回测时间:2026-01-05 - 2026-01-12
策略胜率: 85.71%
策略盈亏比: 4.95
每日平均开仓个数: 5.83
平均持仓天数: 1.69 天
每单位风险期望收益:4.0970
策略总收益率: 16.80%
策略年化收益率: 328157.16%
最大回撤: 0.00%
最大回撤阶段: 2026-01-05 至 2026-01-05
夏普比率: 21.79
策略超额年化收益率: 327647.99%
最终净值: 1.1680
20260113 15:28:17- INFO- 回测结果(买点下移风控):
20260113 15:28:17- INFO- 
回测时间:2026-01-05 - 2026-01-12
策略胜率: 85.71%
策略盈亏比: 4.95
每日平均开仓个数: 5.83
平均持仓天数: 1.69 天
每单位风险期望收益:4.0970
策略总收益率: 16.80%
策略年化收益率: 328157.16%
最大回撤: 0.00%
最大回撤阶段: 2026-01-05 至 2026-01-05
夏普比率: 21.79
策略超额年化收益率: 327647.99%
最终净值: 1.1680
20260113 15:30:03- INFO- 总调整天数: 88, 调整正确率: 59.31%, 预计平均亏损改善: 2.6621%
20260113 15:30:04- INFO- 总调整天数: 140, 调整正确率: 53.79%, 预计平均亏损改善: 2.4383%
20260113 15:30:04- INFO- 回测结果(不风控):
20260113 15:30:04- INFO- 
回测时间:2025-12-01 - 2026-01-12
策略胜率: 67.39%
策略盈亏比: 2.72
每日平均开仓个数: 3.83
平均持仓天数: 1.64 天
每单位风险期望收益:1.5042
策略总收益率: 46.09%
策略年化收益率: 2594.89%
最大回撤: -4.34%
最大回撤阶段: 2025-12-10 至 2025-12-15
夏普比率: 9.69
策略超额年化收益率: 2523.16%
最终净值: 1.4609
20260113 15:30:04- INFO- 回测结果(触及跌停风控):
20260113 15:30:04- INFO- 
回测时间:2025-12-01 - 2026-01-12
策略胜率: 67.39%
策略盈亏比: 2.72
每日平均开仓个数: 3.83
平均持仓天数: 1.64 天
每单位风险期望收益:1.5042
策略总收益率: 46.09%
策略年化收益率: 2594.89%
最大回撤: -4.34%
最大回撤阶段: 2025-12-10 至 2025-12-15
夏普比率: 9.69
策略超额年化收益率: 2523.16%
最终净值: 1.4609
20260113 15:30:04- INFO- 回测结果(买点下移风控):
20260113 15:30:04- INFO- 
回测时间:2025-12-01 - 2026-01-12
策略胜率: 67.39%
策略盈亏比: 2.72
每日平均开仓个数: 3.83
平均持仓天数: 1.64 天
每单位风险期望收益:1.5042
策略总收益率: 46.09%
策略年化收益率: 2594.89%
最大回撤: -4.34%
最大回撤阶段: 2025-12-10 至 2025-12-15
夏普比率: 9.69
策略超额年化收益率: 2523.16%
最终净值: 1.4609
20260113 20:13:57- INFO- 回测信号参数: {'low': -5, 'high': -2.5, 'mv_min': 35, 'mv_max': 1000, 'prev_limit_status': ['断板', '炸板'], 'avg_limit_turnover_5_min': -1}
20260113 20:13:57- INFO- 回测时间区间: 2021-01-01 至 2026-01-13
20260113 20:13:58- INFO- 使用40个进程并行处理，共833个日期任务
20260113 20:16:55- INFO- 所有回测任务完成，共处理833个日期的结果
20260113 20:37:00- INFO- 回测信号参数: {'low': -5, 'high': -2.5, 'mv_min': 35, 'mv_max': 1000, 'prev_limit_status': ['断板', '炸板'], 'avg_limit_turnover_5_min': -1}
20260113 20:37:00- INFO- 回测时间区间: 2021-01-01 至 2026-01-13
20260113 20:37:01- INFO- 使用40个进程并行处理，共833个日期任务
20260113 20:39:54- INFO- 所有回测任务完成，共处理833个日期的结果
20260113 20:39:56- INFO- 总调整天数: 88, 调整正确率: 59.31%, 预计平均亏损改善: 2.6621%
20260113 20:39:57- INFO- 总调整天数: 140, 调整正确率: 53.79%, 预计平均亏损改善: 2.4383%
20260113 20:39:57- INFO- 回测结果(不风控):
20260113 20:39:58- INFO- 
回测时间:2025-12-01 - 2026-01-13
策略胜率: 66.30%
策略盈亏比: 2.83
每日平均开仓个数: 3.83
平均持仓天数: 1.66 天
每单位风险期望收益:1.5380
策略总收益率: 46.88%
策略年化收益率: 2512.93%
最大回撤: -4.34%
最大回撤阶段: 2025-12-10 至 2025-12-15
夏普比率: 9.37
策略超额年化收益率: 2452.30%
最终净值: 1.4688
20260113 20:39:58- INFO- 回测结果(触及跌停风控):
20260113 20:39:59- INFO- 
回测时间:2025-12-01 - 2026-01-13
策略胜率: 66.30%
策略盈亏比: 2.83
每日平均开仓个数: 3.83
平均持仓天数: 1.66 天
每单位风险期望收益:1.5380
策略总收益率: 46.88%
策略年化收益率: 2512.93%
最大回撤: -4.34%
最大回撤阶段: 2025-12-10 至 2025-12-15
夏普比率: 9.37
策略超额年化收益率: 2452.30%
最终净值: 1.4688
20260113 20:39:59- INFO- 回测结果(买点下移风控):
20260113 20:39:59- INFO- 
回测时间:2025-12-01 - 2026-01-13
策略胜率: 66.30%
策略盈亏比: 2.83
每日平均开仓个数: 3.83
平均持仓天数: 1.66 天
每单位风险期望收益:1.5380
策略总收益率: 46.88%
策略年化收益率: 2512.93%
最大回撤: -4.34%
最大回撤阶段: 2025-12-10 至 2025-12-15
夏普比率: 9.37
策略超额年化收益率: 2452.30%
最终净值: 1.4688
20260113 20:39:59- INFO- 总调整天数: 140, 调整正确率: 53.79%, 预计平均亏损改善: 2.4383%
20260113 20:40:00- INFO- 
回测时间:2021-01-04 - 2023-12-29
策略胜率: 43.35%
策略盈亏比: 1.45
每日平均开仓个数: 2.04
平均持仓天数: 1.62 天
每单位风险期望收益:0.0634
策略总收益率: 80.17%
策略年化收益率: 21.81%
最大回撤: -48.07%
最大回撤阶段: 2022-07-21 至 2023-05-23
夏普比率: 0.65
策略超额年化收益率: 27.14%
最终净值: 1.8017
20260114 23:23:14- INFO- 回测信号参数: {'low': -5, 'high': -2.5, 'mv_min': 35, 'mv_max': 1000, 'prev_limit_status': ['断板', '炸板'], 'avg_limit_turnover_5_min': -1}
20260114 23:23:15- INFO- 回测时间区间: 2021-01-01 至 2026-01-14
20260114 23:23:15- INFO- 使用40个进程并行处理，共834个日期任务
20260114 23:26:01- INFO- 所有回测任务完成，共处理834个日期的结果
20260114 23:26:03- INFO- 总调整天数: 89, 调整正确率: 58.90%, 预计平均亏损改善: 2.6643%
20260114 23:26:04- INFO- 总调整天数: 140, 调整正确率: 53.79%, 预计平均亏损改善: 2.4383%
20260114 23:26:04- INFO- 回测结果(不风控):
20260114 23:26:05- INFO- 
回测时间:2025-01-02 - 2026-01-14
策略胜率: 52.17%
策略盈亏比: 1.54
每日平均开仓个数: 2.69
平均持仓天数: 1.66 天
每单位风险期望收益:0.3265
策略总收益率: 299.15%
策略年化收益率: 281.94%
最大回撤: -16.21%
最大回撤阶段: 2025-08-27 至 2025-09-26
夏普比率: 3.30
策略超额年化收益率: 256.42%
最终净值: 3.9915
20260114 23:26:06- INFO- 回测结果(触及跌停风控):
20260114 23:26:06- INFO- 
回测时间:2025-01-02 - 2026-01-14
策略胜率: 52.32%
策略盈亏比: 1.68
每日平均开仓个数: 2.69
平均持仓天数: 1.66 天
每单位风险期望收益:0.3996
策略总收益率: 319.49%
策略年化收益率: 300.78%
最大回撤: -10.40%
最大回撤阶段: 2025-04-10 至 2025-05-22
夏普比率: 3.74
策略超额年化收益率: 275.25%
最终净值: 4.1949
20260114 23:26:06- INFO- 回测结果(买点下移风控):
20260114 23:26:06- INFO- 
回测时间:2025-01-02 - 2026-01-14
策略胜率: 50.38%
策略盈亏比: 1.63
每日平均开仓个数: 2.69
平均持仓天数: 1.66 天
每单位风险期望收益:0.3275
策略总收益率: 283.21%
策略年化收益率: 267.17%
最大回撤: -14.87%
最大回撤阶段: 2025-08-12 至 2025-09-26
夏普比率: 3.34
策略超额年化收益率: 241.65%
最终净值: 3.8321
20260114 23:26:07- INFO- 总调整天数: 140, 调整正确率: 53.79%, 预计平均亏损改善: 2.4383%
20260114 23:26:07- INFO- 
回测时间:2021-01-04 - 2023-12-29
策略胜率: 43.35%
策略盈亏比: 1.45
每日平均开仓个数: 2.04
平均持仓天数: 1.62 天
每单位风险期望收益:0.0634
策略总收益率: 80.17%
策略年化收益率: 21.81%
最大回撤: -48.07%
最大回撤阶段: 2022-07-21 至 2023-05-23
夏普比率: 0.65
策略超额年化收益率: 27.14%
最终净值: 1.8017
20260114 23:32:28- INFO- 
回测时间:2025-10-09 - 2026-01-14
策略胜率: 60.11%
策略盈亏比: 1.75
每日平均开仓个数: 3.39
平均持仓天数: 1.66 天
每单位风险期望收益:0.6512
策略总收益率: 82.84%
策略年化收益率: 868.66%
最大回撤: -8.05%
最大回撤阶段: 2025-11-10 至 2025-11-18
夏普比率: 5.67
策略超额年化收益率: 849.01%
最终净值: 1.8284
20260114 23:32:28- INFO- 回测结果(触及跌停风控):
20260114 23:32:28- INFO- 
回测时间:2025-10-09 - 2026-01-14
策略胜率: 60.34%
策略盈亏比: 1.82
每日平均开仓个数: 3.39
平均持仓天数: 1.66 天
每单位风险期望收益:0.7039
策略总收益率: 86.45%
策略年化收益率: 942.54%
最大回撤: -5.57%
最大回撤阶段: 2025-11-10 至 2025-11-18
夏普比率: 5.89
策略超额年化收益率: 922.89%
最终净值: 1.8645
20260114 23:32:29- INFO- 回测结果(买点下移风控):
20260114 23:32:29- INFO- 
回测时间:2025-10-09 - 2026-01-14
策略胜率: 59.55%
策略盈亏比: 1.83
每日平均开仓个数: 3.39
平均持仓天数: 1.66 天
每单位风险期望收益:0.6850
策略总收益率: 84.23%
策略年化收益率: 896.65%
最大回撤: -7.53%
最大回撤阶段: 2025-11-10 至 2025-11-18
夏普比率: 5.75
策略超额年化收益率: 877.00%
最终净值: 1.8423
20260115 21:22:45- INFO- 回测信号参数: {'low': -5, 'high': -2.5, 'mv_min': 35, 'mv_max': 1000, 'prev_limit_status': ['断板', '炸板'], 'avg_limit_turnover_5_min': -1}
20260115 21:22:46- INFO- 回测时间区间: 2021-01-01 至 2026-01-15
20260115 21:22:46- INFO- 使用40个进程并行处理，共835个日期任务
20260115 21:25:18- INFO- 获取SHSE.600637在2026-01-15 到 2026-01-30股票数据失败
20260115 21:25:18- INFO- 所有回测任务完成，共处理834个日期的结果
20260115 21:25:22- INFO- 总调整天数: 90, 调整正确率: 57.20%, 预计平均亏损改善: 2.6643%
20260115 21:25:23- INFO- 总调整天数: 140, 调整正确率: 53.79%, 预计平均亏损改善: 2.4383%
20260115 21:25:23- INFO- 回测结果(不风控):
20260115 21:25:24- INFO- 
回测时间:2025-10-09 - 2026-01-15
策略胜率: 60.11%
策略盈亏比: 1.73
每日平均开仓个数: 3.42
平均持仓天数: 1.64 天
每单位风险期望收益:0.6415
策略总收益率: 84.87%
策略年化收益率: 886.13%
最大回撤: -8.05%
最大回撤阶段: 2025-11-10 至 2025-11-18
夏普比率: 5.72
策略超额年化收益率: 868.14%
最终净值: 1.8487
20260115 21:25:24- INFO- 回测结果(触及跌停风控):
20260115 21:25:24- INFO- 
回测时间:2025-10-09 - 2026-01-15
策略胜率: 60.34%
策略盈亏比: 1.82
每日平均开仓个数: 3.42
平均持仓天数: 1.64 天
每单位风险期望收益:0.7039
策略总收益率: 86.45%
策略年化收益率: 917.90%
最大回撤: -5.57%
最大回撤阶段: 2025-11-10 至 2025-11-18
夏普比率: 5.84
策略超额年化收益率: 899.92%
最终净值: 1.8645
20260115 21:25:25- INFO- 回测结果(买点下移风控):
20260115 21:25:25- INFO- 
回测时间:2025-10-09 - 2026-01-15
策略胜率: 59.12%
策略盈亏比: 1.82
每日平均开仓个数: 3.42
平均持仓天数: 1.64 天
每单位风险期望收益:0.6645
策略总收益率: 83.13%
策略年化收益率: 852.02%
最大回撤: -7.53%
最大回撤阶段: 2025-11-10 至 2025-11-18
夏普比率: 5.64
策略超额年化收益率: 834.03%
最终净值: 1.8313
20260115 21:25:25- INFO- 总调整天数: 140, 调整正确率: 53.79%, 预计平均亏损改善: 2.4383%
20260115 21:25:26- INFO- 
回测时间:2021-01-04 - 2023-12-29
策略胜率: 43.35%
策略盈亏比: 1.45
每日平均开仓个数: 2.04
平均持仓天数: 1.62 天
每单位风险期望收益:0.0634
策略总收益率: 80.17%
策略年化收益率: 21.81%
最大回撤: -48.07%
最大回撤阶段: 2022-07-21 至 2023-05-23
夏普比率: 0.65
策略超额年化收益率: 27.14%
最终净值: 1.8017
20260116 22:34:02- INFO- 回测信号参数: {'low': -5, 'high': -2.5, 'mv_min': 35, 'mv_max': 1000, 'prev_limit_status': ['断板', '炸板'], 'avg_limit_turnover_5_min': -1}
20260116 22:34:02- INFO- 回测时间区间: 2021-01-01 至 2026-01-16
20260116 22:34:02- INFO- 使用40个进程并行处理，共836个日期任务
20260116 22:36:50- INFO- 所有回测任务完成，共处理836个日期的结果
20260116 22:36:54- INFO- 总调整天数: 91, 调整正确率: 61.04%, 预计平均亏损改善: 2.7696%
20260116 22:36:55- INFO- 总调整天数: 141, 调整正确率: 54.07%, 预计平均亏损改善: 2.4339%
20260116 22:36:55- INFO- 回测结果(不风控):
20260116 22:36:55- INFO- 
回测时间:2025-10-09 - 2026-01-16
策略胜率: 56.92%
策略盈亏比: 1.51
每日平均开仓个数: 3.48
平均持仓天数: 1.65 天
每单位风险期望收益:0.4270
策略总收益率: 69.07%
策略年化收益率: 593.12%
最大回撤: -10.52%
最大回撤阶段: 2026-01-12 至 2026-01-15
夏普比率: 4.67
策略超额年化收益率: 576.46%
最终净值: 1.6907
20260116 22:36:55- INFO- 回测结果(触及跌停风控):
20260116 22:36:55- INFO- 
回测时间:2025-10-09 - 2026-01-16
策略胜率: 60.34%
策略盈亏比: 1.82
每日平均开仓个数: 3.48
平均持仓天数: 1.65 天
每单位风险期望收益:0.7039
策略总收益率: 86.45%
策略年化收益率: 894.32%
最大回撤: -5.57%
最大回撤阶段: 2025-11-10 至 2025-11-18
夏普比率: 5.79
策略超额年化收益率: 877.66%
最终净值: 1.8645
20260116 22:36:55- INFO- 回测结果(买点下移风控):
20260116 22:36:55- INFO- 
回测时间:2025-10-09 - 2026-01-16
策略胜率: 56.68%
策略盈亏比: 1.65
每日平均开仓个数: 3.48
平均持仓天数: 1.65 天
每单位风险期望收益:0.5035
策略总收益率: 73.50%
策略年化收益率: 662.61%
最大回撤: -8.86%
最大回撤阶段: 2026-01-12 至 2026-01-15
夏普比率: 4.97
策略超额年化收益率: 645.95%
最终净值: 1.7350
20260116 22:36:56- INFO- 总调整天数: 141, 调整正确率: 54.07%, 预计平均亏损改善: 2.4339%
20260116 22:36:56- INFO- 
回测时间:2021-01-04 - 2023-12-29
策略胜率: 43.35%
策略盈亏比: 1.45
每日平均开仓个数: 2.04
平均持仓天数: 1.62 天
每单位风险期望收益:0.0634
策略总收益率: 80.17%
策略年化收益率: 21.81%
最大回撤: -48.07%
最大回撤阶段: 2022-07-21 至 2023-05-23
夏普比率: 0.65
策略超额年化收益率: 27.14%
最终净值: 1.8017
20260119 00:48:49- INFO- 回测信号参数: {'low': -5, 'high': -2.5, 'mv_min': 35, 'mv_max': 1000, 'prev_limit_status': ['断板', '炸板'], 'avg_limit_turnover_5_min': -1}
20260119 00:48:49- INFO- 回测时间区间: 2021-01-01 至 2026-01-19
20260119 00:48:50- INFO- 使用40个进程并行处理，共836个日期任务
20260119 00:51:27- INFO- 所有回测任务完成，共处理836个日期的结果
20260119 00:51:30- INFO- 总调整天数: 91, 调整正确率: 61.04%, 预计平均亏损改善: 2.7696%
20260119 00:51:31- INFO- 总调整天数: 141, 调整正确率: 54.07%, 预计平均亏损改善: 2.4339%
20260119 00:51:31- INFO- 回测结果(不风控):
20260119 00:51:31- INFO- 
回测时间:2024-01-02 - 2026-01-16
策略胜率: 46.95%
策略盈亏比: 1.42
每日平均开仓个数: 2.93
平均持仓天数: 1.64 天
每单位风险期望收益:0.1380
策略总收益率: 348.06%
策略年化收益率: 108.50%
最大回撤: -27.25%
最大回撤阶段: 2024-10-30 至 2024-12-31
夏普比率: 1.94
策略超额年化收益率: 91.21%
最终净值: 4.4806
20260119 00:51:31- INFO- 回测结果(触及跌停风控):
20260119 00:51:32- INFO- 
回测时间:2024-01-02 - 2026-01-16
策略胜率: 47.50%
策略盈亏比: 1.54
每日平均开仓个数: 2.93
平均持仓天数: 1.64 天
每单位风险期望收益:0.2088
策略总收益率: 341.57%
策略年化收益率: 107.02%
最大回撤: -24.62%
最大回撤阶段: 2024-10-30 至 2024-12-31
夏普比率: 2.14
策略超额年化收益率: 89.73%
最终净值: 4.4157
20260119 00:51:32- INFO- 回测结果(买点下移风控):
20260119 00:51:32- INFO- 
回测时间:2024-01-02 - 2026-01-16
策略胜率: 45.46%
策略盈亏比: 1.50
每日平均开仓个数: 2.93
平均持仓天数: 1.64 天
每单位风险期望收益:0.1377
策略总收益率: 292.51%
策略年化收益率: 95.41%
最大回撤: -24.71%
最大回撤阶段: 2024-10-30 至 2024-12-31
夏普比率: 1.90
策略超额年化收益率: 78.12%
最终净值: 3.9251
20260119 00:51:33- INFO- 总调整天数: 141, 调整正确率: 54.07%, 预计平均亏损改善: 2.4339%
20260119 00:51:33- INFO- 
回测时间:2021-01-04 - 2023-12-29
策略胜率: 43.35%
策略盈亏比: 1.45
每日平均开仓个数: 2.04
平均持仓天数: 1.62 天
每单位风险期望收益:0.0634
策略总收益率: 80.17%
策略年化收益率: 21.81%
最大回撤: -48.07%
最大回撤阶段: 2022-07-21 至 2023-05-23
夏普比率: 0.65
策略超额年化收益率: 27.14%
最终净值: 1.8017
20260119 20:44:20- INFO- 
回测时间:2024-01-02 - 2026-01-19
策略胜率: 46.95%
策略盈亏比: 1.42
每日平均开仓个数: 2.93
平均持仓天数: 1.64 天
每单位风险期望收益:0.1380
策略总收益率: 166.77%
策略年化收益率: 61.41%
最大回撤: -19.47%
最大回撤阶段: 2024-10-30 至 2024-12-31
夏普比率: 1.72
策略超额年化收益率: 44.03%
最终净值: 2.6677
20260119 20:44:21- INFO- 回测结果(触及跌停风控):
20260119 20:44:21- INFO- 
回测时间:2024-01-02 - 2026-01-19
策略胜率: 47.50%
策略盈亏比: 1.54
每日平均开仓个数: 2.93
平均持仓天数: 1.64 天
每单位风险期望收益:0.2088
策略总收益率: 162.33%
策略年化收益率: 60.10%
最大回撤: -19.88%
最大回撤阶段: 2024-10-30 至 2024-12-31
夏普比率: 1.82
策略超额年化收益率: 42.71%
最终净值: 2.6233
20260119 20:44:21- INFO- 回测结果(买点下移风控):
20260119 20:44:21- INFO- 
回测时间:2024-01-02 - 2026-01-19
策略胜率: 45.46%
策略盈亏比: 1.50
每日平均开仓个数: 2.93
平均持仓天数: 1.64 天
每单位风险期望收益:0.1377
策略总收益率: 151.97%
策略年化收益率: 56.98%
最大回撤: -19.18%
最大回撤阶段: 2024-10-30 至 2024-12-31
夏普比率: 1.70
策略超额年化收益率: 39.60%
最终净值: 2.5197
20260120 00:25:55- INFO- 回测结果:
    指标名称                 指标值
  回测开始日期 2024-01-02 00:00:00
  回测结束日期 2026-01-19 00:00:00
    策略胜率              49.94%
   策略盈亏比                1.89
  策略总收益率             537.45%
 策略年化收益率             146.91%
    最大回撤             -23.74%
最大回撤开始日期 2024-05-13 00:00:00
最大回撤结束日期 2024-06-04 00:00:00
    夏普比率                2.72
    最终净值              6.3745
20260120 00:26:53- INFO- 资金不足,无法买入 SZSE.000564 945200 股，所需资金 1987103.61，当前现金 1987075.31
20260120 00:27:06- INFO- 资金不足,无法买入 SHSE.601011 860300 股，所需资金 2540676.93，当前现金 2540594.94
20260120 00:27:09- INFO- 资金不足,无法买入 SHSE.600825 674200 股，所需资金 5028315.57，当前现金 5028225.09
20260120 00:27:16- INFO- 资金不足,无法买入 SHSE.603123 303900 股，所需资金 4365762.50，当前现金 4365337.27
20260120 00:27:19- INFO- 资金不足,无法买入 SZSE.002302 1681800 股，所需资金 12711558.62，当前现金 12710451.85
20260120 00:27:29- INFO- 回测结果:
    指标名称                 指标值
  回测开始日期 2024-01-02 00:00:00
  回测结束日期 2026-01-19 00:00:00
    策略胜率              48.89%
   策略盈亏比                1.96
  策略总收益率             558.76%
 策略年化收益率             150.91%
    最大回撤             -23.98%
最大回撤开始日期 2024-05-13 00:00:00
最大回撤结束日期 2024-06-04 00:00:00
    夏普比率                2.71
    最终净值              6.5876
20260120 00:28:09- INFO- 总调整天数: 91, 调整正确率: 61.04%, 预计平均亏损改善: 2.7696%
20260120 00:28:09- INFO- 总调整天数: 141, 调整正确率: 54.07%, 预计平均亏损改善: 2.4339%
20260120 00:28:09- INFO- 回测结果(不风控):
20260120 00:28:09- INFO- 
回测时间:2024-01-02 - 2026-01-19
策略胜率: 46.95%
策略盈亏比: 1.42
每日平均开仓个数: 2.93
平均持仓天数: 1.64 天
每单位风险期望收益:0.1380
策略总收益率: 348.06%
策略年化收益率: 107.89%
最大回撤: -27.25%
最大回撤阶段: 2024-10-30 至 2024-12-31
夏普比率: 1.94
策略超额年化收益率: 90.51%
最终净值: 4.4806
20260120 00:28:10- INFO- 回测结果(触及跌停风控):
20260120 00:28:10- INFO- 
回测时间:2024-01-02 - 2026-01-19
策略胜率: 47.50%
策略盈亏比: 1.54
每日平均开仓个数: 2.93
平均持仓天数: 1.64 天
每单位风险期望收益:0.2088
策略总收益率: 341.57%
策略年化收益率: 106.41%
最大回撤: -24.62%
最大回撤阶段: 2024-10-30 至 2024-12-31
夏普比率: 2.14
策略超额年化收益率: 89.03%
最终净值: 4.4157
20260120 00:28:10- INFO- 回测结果(买点下移风控):
20260120 00:28:10- INFO- 
回测时间:2024-01-02 - 2026-01-19
策略胜率: 45.46%
策略盈亏比: 1.50
每日平均开仓个数: 2.93
平均持仓天数: 1.64 天
每单位风险期望收益:0.1377
策略总收益率: 151.97%
策略年化收益率: 56.98%
最大回撤: -19.18%
最大回撤阶段: 2024-10-30 至 2024-12-31
夏普比率: 1.70
策略超额年化收益率: 39.60%
最终净值: 2.5197
20260121 14:17:10- INFO- 回测信号参数: {'low': -5, 'high': -2.5, 'mv_min': 35, 'mv_max': 1000, 'prev_limit_status': ['断板', '炸板'], 'avg_limit_turnover_5_min': -1}
20260121 14:17:10- INFO- 回测时间区间: 2021-01-01 至 2026-01-21
20260121 14:17:10- INFO- 使用40个进程并行处理，共838个日期任务
20260121 14:19:33- INFO- 所有回测任务完成，共处理838个日期的结果
20260121 14:19:36- INFO- 总调整天数: 37, 调整正确率: 53.85%, 预计平均亏损改善: 1.9879%
20260121 14:19:36- INFO- 总调整天数: 145, 调整正确率: 51.11%, 预计平均亏损改善: 1.8984%
20260121 14:19:36- INFO- 回测结果(不风控):
20260121 14:19:36- INFO- 
回测时间:2025-06-03 - 2026-01-20
策略胜率: 46.03%
策略盈亏比: 1.40
每日平均开仓个数: 2.62
平均持仓天数: 1.62 天
每单位风险期望收益:0.1042
策略总收益率: 14.84%
策略年化收益率: 24.44%
最大回撤: -18.03%
最大回撤阶段: 2025-08-11 至 2025-12-16
夏普比率: 0.59
策略超额年化收益率: -13.11%
最终净值: 1.1484
20260121 14:19:37- INFO- 回测结果(触及跌停风控):
20260121 14:19:37- INFO- 
回测时间:2025-06-03 - 2026-01-20
策略胜率: 44.83%
策略盈亏比: 1.31
每日平均开仓个数: 2.62
平均持仓天数: 1.62 天
每单位风险期望收益:0.0373
策略总收益率: -12.78%
策略年化收益率: -19.43%
最大回撤: -28.91%
最大回撤阶段: 2025-06-11 至 2025-12-16
夏普比率: -0.72
策略超额年化收益率: -56.98%
最终净值: 0.8722
20260121 14:19:37- INFO- 回测结果(买点下移风控):
20260121 14:19:37- INFO- 
回测时间:2025-06-03 - 2026-01-20
策略胜率: 44.44%
策略盈亏比: 1.32
每日平均开仓个数: 2.62
平均持仓天数: 1.62 天
每单位风险期望收益:0.0329
策略总收益率: -12.20%
策略年化收益率: -18.59%
最大回撤: -31.18%
最大回撤阶段: 2025-06-11 至 2025-12-16
夏普比率: -0.52
策略超额年化收益率: -56.14%
最终净值: 0.8780
20260121 14:19:44- INFO- 资金不足,无法买入 SHSE.601800 213200 股，所需资金 1963597.78，当前现金 1963509.63
20260121 14:19:44- INFO- 资金不足,无法买入 SZSE.002167 249700 股，所需资金 1874810.21，当前现金 1874647.94
20260121 14:20:23- INFO- 资金不足,无法买入 SZSE.002342 509300 股，所需资金 4491869.07，当前现金 4491557.56
20260121 14:20:24- INFO- 回测结果:
    指标名称                 指标值
  回测开始日期 2024-01-02 00:00:00
  回测结束日期 2026-01-20 00:00:00
    策略胜率              49.66%
   策略盈亏比                1.15
  策略总收益率              40.92%
 策略年化收益率              18.20%
    最大回撤             -22.07%
最大回撤开始日期 2024-12-13 00:00:00
最大回撤结束日期 2025-12-17 00:00:00
    夏普比率                0.69
    最终净值              1.4092
20260121 14:52:49- INFO- 回测信号参数: {'low': -5, 'high': -2.5, 'mv_min': 35, 'mv_max': 1000, 'prev_limit_status': ['断板', '炸板'], 'avg_limit_turnover_5_min': -1}
20260121 14:52:50- INFO- 回测时间区间: 2021-01-01 至 2026-01-21
20260121 14:52:50- INFO- 使用40个进程并行处理，共838个日期任务
20260121 14:55:12- INFO- 所有回测任务完成，共处理838个日期的结果
20260121 14:55:15- INFO- 总调整天数: 37, 调整正确率: 53.85%, 预计平均亏损改善: 1.9879%
20260121 14:55:16- INFO- 总调整天数: 145, 调整正确率: 51.11%, 预计平均亏损改善: 1.8984%
20260121 14:55:16- INFO- 回测结果(不风控):
20260121 14:55:16- INFO- 
回测时间:2025-06-03 - 2026-01-20
策略胜率: 46.03%
策略盈亏比: 1.40
每日平均开仓个数: 2.62
平均持仓天数: 1.62 天
每单位风险期望收益:0.1042
策略总收益率: 14.84%
策略年化收益率: 24.44%
最大回撤: -18.03%
最大回撤阶段: 2025-08-11 至 2025-12-16
夏普比率: 0.59
策略超额年化收益率: -13.11%
最终净值: 1.1484
20260121 14:55:16- INFO- 回测结果(触及跌停风控):
20260121 14:55:16- INFO- 
回测时间:2025-06-03 - 2026-01-20
策略胜率: 44.83%
策略盈亏比: 1.31
每日平均开仓个数: 2.62
平均持仓天数: 1.62 天
每单位风险期望收益:0.0373
策略总收益率: -12.78%
策略年化收益率: -19.43%
最大回撤: -28.91%
最大回撤阶段: 2025-06-11 至 2025-12-16
夏普比率: -0.72
策略超额年化收益率: -56.98%
最终净值: 0.8722
20260121 14:55:16- INFO- 回测结果(买点下移风控):
20260121 14:55:16- INFO- 
回测时间:2025-06-03 - 2026-01-20
策略胜率: 44.44%
策略盈亏比: 1.32
每日平均开仓个数: 2.62
平均持仓天数: 1.62 天
每单位风险期望收益:0.0329
策略总收益率: -12.20%
策略年化收益率: -18.59%
最大回撤: -31.18%
最大回撤阶段: 2025-06-11 至 2025-12-16
夏普比率: -0.52
策略超额年化收益率: -56.14%
最终净值: 0.8780
20260121 14:55:24- INFO- 资金不足,无法买入 SHSE.601800 213200 股，所需资金 1963597.78，当前现金 1963509.63
20260121 14:55:24- INFO- 资金不足,无法买入 SZSE.002167 249700 股，所需资金 1874810.21，当前现金 1874647.94
20260121 14:56:04- INFO- 资金不足,无法买入 SZSE.002342 509300 股，所需资金 4491869.07，当前现金 4491557.56
20260121 14:56:06- INFO- 回测结果:
    指标名称                 指标值
  回测开始日期 2024-01-02 00:00:00
  回测结束日期 2026-01-20 00:00:00
    策略胜率              49.66%
   策略盈亏比                1.15
  策略总收益率              40.92%
 策略年化收益率              18.20%
    最大回撤             -22.07%
最大回撤开始日期 2024-12-13 00:00:00
最大回撤结束日期 2025-12-17 00:00:00
    夏普比率                0.69
    最终净值              1.4092
20260121 18:00:29- INFO- 回测信号参数: {'low': -5, 'high': -2.5, 'mv_min': 35, 'mv_max': 1000, 'prev_limit_status': ['断板', '炸板'], 'avg_limit_turnover_5_min': -1}
20260121 18:00:30- INFO- 回测时间区间: 2021-01-01 至 2026-01-21
20260121 18:00:30- INFO- 使用40个进程并行处理，共838个日期任务
20260121 18:02:55- INFO- 所有回测任务完成，共处理838个日期的结果
20260121 18:02:58- INFO- 总调整天数: 91, 调整正确率: 61.04%, 预计平均亏损改善: 2.8204%
20260121 18:02:59- INFO- 总调整天数: 143, 调整正确率: 54.18%, 预计平均亏损改善: 2.4382%
20260121 18:02:59- INFO- 回测结果(不风控):
20260121 18:02:59- INFO- 
回测时间:2025-06-03 - 2026-01-21
策略胜率: 50.50%
策略盈亏比: 1.50
每日平均开仓个数: 2.93
平均持仓天数: 1.65 天
每单位风险期望收益:0.2627
策略总收益率: 140.63%
策略年化收益率: 298.09%
最大回撤: -16.21%
最大回撤阶段: 2025-08-27 至 2025-09-26
夏普比率: 3.48
策略超额年化收益率: 260.55%
最终净值: 2.4063
20260121 18:02:59- INFO- 回测结果(触及跌停风控):
20260121 18:02:59- INFO- 
回测时间:2025-06-03 - 2026-01-21
策略胜率: 52.19%
策略盈亏比: 1.81
每日平均开仓个数: 2.93
平均持仓天数: 1.65 天
每单位风险期望收益:0.4671
策略总收益率: 195.26%
策略年化收益率: 449.25%
最大回撤: -7.61%
最大回撤阶段: 2025-07-03 至 2025-07-14
夏普比率: 4.55
策略超额年化收益率: 411.71%
最终净值: 2.9526
20260121 18:02:59- INFO- 回测结果(买点下移风控):
20260121 18:02:59- INFO- 
回测时间:2025-06-03 - 2026-01-21
策略胜率: 48.63%
策略盈亏比: 1.67
每日平均开仓个数: 2.93
平均持仓天数: 1.65 天
每单位风险期望收益:0.2979
策略总收益率: 96.35%
策略年化收益率: 189.07%
最大回撤: -10.23%
最大回撤阶段: 2025-08-12 至 2025-09-26
夏普比率: 3.72
策略超额年化收益率: 151.53%
最终净值: 1.9635
20260121 18:03:10- INFO- 资金不足,无法买入 SZSE.000564 945200 股，所需资金 1987103.61，当前现金 1987075.31
20260121 18:03:25- INFO- 资金不足,无法买入 SHSE.601011 860300 股，所需资金 2540676.93，当前现金 2540594.94
20260121 18:03:28- INFO- 资金不足,无法买入 SHSE.600825 674200 股，所需资金 5028315.57，当前现金 5028225.09
20260121 18:03:36- INFO- 资金不足,无法买入 SHSE.603123 303900 股，所需资金 4365762.50，当前现金 4365337.27
20260121 18:03:40- INFO- 资金不足,无法买入 SZSE.002302 1681800 股，所需资金 12711558.62，当前现金 12710451.85
20260121 18:03:50- INFO- 回测结果:
    指标名称                 指标值
  回测开始日期 2024-01-02 00:00:00
  回测结束日期 2026-01-21 00:00:00
    策略胜率              48.89%
   策略盈亏比                1.96
  策略总收益率             558.76%
 策略年化收益率             150.29%
    最大回撤             -23.98%
最大回撤开始日期 2024-05-13 00:00:00
最大回撤结束日期 2024-06-04 00:00:00
    夏普比率                2.70
    最终净值              6.5876
20260121 22:29:14- INFO- 回测信号参数: {'low': -5, 'high': -2.5, 'mv_min': 35, 'mv_max': 1000, 'prev_limit_status': ['断板', '炸板'], 'avg_limit_turnover_5_min': -1}
20260121 22:29:15- INFO- 回测时间区间: 2021-01-01 至 2026-01-21
20260121 22:29:15- INFO- 使用40个进程并行处理，共838个日期任务
20260121 22:33:14- INFO- 所有回测任务完成，共处理838个日期的结果
20260121 22:33:18- INFO- 总调整天数: 55, 调整正确率: 66.67%, 预计平均亏损改善: 4.6522%
20260121 22:33:19- INFO- 总调整天数: 288, 调整正确率: 75.04%, 预计平均亏损改善: 5.0315%
20260121 22:33:19- INFO- 回测结果(不风控):
20260121 22:33:19- INFO- 
回测时间:2025-06-03 - 2026-01-21
策略胜率: 38.44%
策略盈亏比: 1.57
每日平均开仓个数: 2.93
平均持仓天数: 10.22 天
每单位风险期望收益:-0.0108
策略总收益率: -30.53%
策略年化收益率: -43.62%
最大回撤: -66.21%
最大回撤阶段: 2025-06-27 至 2025-12-09
夏普比率: -0.63
策略超额年化收益率: -81.16%
最终净值: 0.6947
20260121 22:33:19- INFO- 回测结果(触及跌停风控):
20260121 22:33:19- INFO- 
回测时间:2025-06-03 - 2026-01-21
策略胜率: 43.34%
策略盈亏比: 1.65
每日平均开仓个数: 2.93
平均持仓天数: 10.22 天
每单位风险期望收益:0.1480
策略总收益率: 44.61%
策略年化收益率: 78.67%
最大回撤: -31.05%
最大回撤阶段: 2025-06-27 至 2025-12-09
夏普比率: 1.43
策略超额年化收益率: 41.14%
最终净值: 1.4461
20260121 22:33:19- INFO- 回测结果(买点下移风控):
20260121 22:33:19- INFO- 
回测时间:2025-06-03 - 2026-01-21
策略胜率: 40.11%
策略盈亏比: 1.56
每日平均开仓个数: 2.93
平均持仓天数: 10.22 天
每单位风险期望收益:0.0249
策略总收益率: -2.89%
策略年化收益率: -4.50%
最大回撤: -48.91%
最大回撤阶段: 2025-06-27 至 2025-12-09
夏普比率: 0.21
策略超额年化收益率: -42.04%
最终净值: 0.9711
20260121 22:33:26- INFO- 资金不足,无法买入 SZSE.002217 702900 股，所需资金 1528345.11，当前现金 1526823.42
20260121 22:33:27- INFO- 资金不足,无法买入 SZSE.000737 479000 股，所需资金 3494097.73，当前现金 3490851.46
20260121 22:33:27- INFO- 资金不足,无法买入 SHSE.600577 132700 股，所需资金 686102.15，当前现金 685755.95
20260121 22:33:30- INFO- 资金不足,无法买入 SHSE.600094 429900 股，所需资金 1766116.94，当前现金 1764532.54
20260121 22:33:36- INFO- 资金不足,无法买入 SZSE.000712 154600 股，所需资金 1549093.55，当前现金 1548301.58
20260121 22:33:36- INFO- 资金不足,无法买入 SZSE.000099 76600 股，所需资金 1426075.88，当前现金 1422439.36
20260121 22:33:39- INFO- 资金不足,无法买入 SZSE.002600 171900 股，所需资金 1326278.58，当前现金 1323846.44
20260121 22:33:41- INFO- 资金不足,无法买入 SZSE.002355 134800 股，所需资金 798262.13，当前现金 796566.45
20260121 22:33:42- INFO- 资金不足,无法买入 SHSE.601162 117400 股，所需资金 675224.43，当前现金 674281.31
20260121 22:33:44- INFO- 资金不足,无法买入 SZSE.002065 66400 股，所需资金 526274.97，当前现金 525874.72
20260121 22:33:45- INFO- 资金不足,无法买入 SZSE.002194 55800 股，所需资金 799536.68，当前现金 797490.04
20260121 22:33:45- INFO- 资金不足,无法买入 SHSE.603078 43900 股，所需资金 869199.80，当前现金 868466.83
20260121 22:33:46- INFO- 资金不足,无法买入 SZSE.002131 335500 股，所需资金 1647239.54，当前现金 1644602.85
20260121 22:33:48- INFO- 资金不足,无法买入 SHSE.600824 91700 股，所需资金 445634.93，当前现金 444978.82
20260121 22:33:49- INFO- 资金不足,无法买入 SZSE.000016 265100 股，所需资金 1567219.74，当前现金 1566068.12
20260121 22:33:52- INFO- 资金不足,无法买入 SHSE.600825 540900 股，所需资金 4037768.44，当前现金 4033764.82
20260121 22:33:52- INFO- 资金不足,无法买入 SZSE.000096 131600 股，所需资金 2531775.97，当前现金 2529910.40
20260121 22:33:53- INFO- 资金不足,无法买入 SZSE.002093 153900 股，所需资金 1808859.30，当前现金 1807233.80
20260121 22:33:55- INFO- 资金不足,无法买入 SHSE.600320 104100 股，所需资金 563264.84，当前现金 562128.13
20260121 22:33:56- INFO- 资金不足,无法买入 SZSE.002688 260000 股，所需资金 2120634.92，当前现金 2117187.26
20260121 22:33:56- INFO- 资金不足,无法买入 SZSE.000601 304400 股，所需资金 1790403.44，当前现金 1789006.49
20260121 22:33:56- INFO- 资金不足,无法买入 SZSE.002255 128100 股，所需资金 1105147.98，当前现金 1104390.15
20260121 22:33:58- INFO- 资金不足,无法买入 SZSE.002664 47700 股，所需资金 908113.51，当前现金 907709.63
20260121 22:33:58- INFO- 资金不足,无法买入 SZSE.002094 237600 股，所需资金 1959360.85，当前现金 1956328.08
20260121 22:33:59- INFO- 资金不足,无法买入 SHSE.600550 29200 股，所需资金 255426.09，当前现金 255411.91
20260121 22:33:59- INFO- 资金不足,无法买入 SHSE.600495 129000 股，所需资金 598465.14，当前现金 597256.08
20260121 22:34:00- INFO- 资金不足,无法买入 SZSE.002094 11700 股，所需资金 111489.65，当前现金 111449.69
20260121 22:34:01- INFO- 资金不足,无法买入 SHSE.600759 1436100 股，所需资金 3611823.83，当前现金 3608419.56
20260121 22:34:02- INFO- 资金不足,无法买入 SHSE.601606 174100 股，所需资金 3443610.90，当前现金 3441283.42
20260121 22:34:02- INFO- 资金不足,无法买入 SHSE.603123 166400 股，所需资金 2392618.07，当前现金 2391339.87
20260121 22:34:03- INFO- 资金不足,无法买入 SHSE.601606 74100 股，所需资金 2200718.84，当前现金 2200308.01
20260121 22:34:04- INFO- 资金不足,无法买入 SHSE.600826 161300 股，所需资金 2162512.55，当前现金 2160939.67
20260121 22:34:05- INFO- 资金不足,无法买入 SZSE.002570 55700 股，所需资金 424725.18，当前现金 424489.42
20260121 22:34:06- INFO- 资金不足,无法买入 SHSE.600619 55700 股，所需资金 1032511.93，当前现金 1031621.58
20260121 22:34:06- INFO- 资金不足,无法买入 SZSE.002302 357700 股，所需资金 2706038.97，当前现金 2703418.91
20260121 22:34:06- INFO- 资金不足,无法买入 SZSE.000901 62100 股，所需资金 1189105.69，当前现金 1188820.98
20260121 22:34:07- INFO- 资金不足,无法买入 SZSE.002378 176100 股，所需资金 2470333.27，当前现金 2467950.87
20260121 22:34:08- INFO- 资金不足,无法买入 SHSE.600246 86300 股，所需资金 1245206.68，当前现金 1242574.28
20260121 22:34:11- INFO- 资金不足,无法买入 SZSE.002542 161600 股，所需资金 639597.28，当前现金 638464.57
20260121 22:34:12- INFO- 资金不足,无法买入 SZSE.002196 143600 股，所需资金 1581321.91，当前现金 1579503.81
20260121 22:34:16- INFO- 资金不足,无法买入 SHSE.603757 41600 股，所需资金 2003296.59，当前现金 2002054.23
20260121 22:34:16- INFO- 资金不足,无法买入 SZSE.002788 215700 股，所需资金 4106500.70，当前现金 4104182.46
20260121 22:34:17- INFO- 资金不足,无法买入 SZSE.002703 35800 股，所需资金 922259.76，当前现金 922212.94
20260121 22:34:18- INFO- 回测结果:
    指标名称                 指标值
  回测开始日期 2024-01-02 00:00:00
  回测结束日期 2026-01-21 00:00:00
    策略胜率              37.62%
   策略盈亏比                1.70
  策略总收益率               2.07%
 策略年化收益率               1.00%
    最大回撤             -42.36%
最大回撤开始日期 2024-10-31 00:00:00
最大回撤结束日期 2025-06-13 00:00:00
    夏普比率                0.17
    最终净值              1.0207
20260121 22:36:51- INFO- 回测信号参数: {'low': -5, 'high': -2.5, 'mv_min': 35, 'mv_max': 1000, 'prev_limit_status': ['断板', '炸板'], 'avg_limit_turnover_5_min': -1}
20260121 22:36:52- INFO- 回测时间区间: 2021-01-01 至 2026-01-21
20260121 22:36:52- INFO- 使用40个进程并行处理，共838个日期任务
20260121 22:40:58- INFO- 所有回测任务完成，共处理838个日期的结果
20260121 22:41:02- INFO- 总调整天数: 86, 调整正确率: 58.92%, 预计平均亏损改善: 2.9041%
20260121 22:41:03- INFO- 总调整天数: 138, 调整正确率: 59.77%, 预计平均亏损改善: 2.4429%
20260121 22:41:03- INFO- 回测结果(不风控):
20260121 22:41:03- INFO- 
回测时间:2025-06-03 - 2026-01-21
策略胜率: 50.75%
策略盈亏比: 1.37
每日平均开仓个数: 2.93
平均持仓天数: 2.20 天
每单位风险期望收益:0.2009
策略总收益率: 117.12%
策略年化收益率: 238.62%
最大回撤: -19.66%
最大回撤阶段: 2025-08-27 至 2025-09-29
夏普比率: 3.05
策略超额年化收益率: 201.08%
最终净值: 2.1712
20260121 22:41:03- INFO- 回测结果(触及跌停风控):
20260121 22:41:03- INFO- 
回测时间:2025-06-03 - 2026-01-21
策略胜率: 53.82%
策略盈亏比: 1.55
每日平均开仓个数: 2.93
平均持仓天数: 2.20 天
每单位风险期望收益:0.3712
策略总收益率: 148.14%
策略年化收益率: 317.80%
最大回撤: -13.68%
最大回撤阶段: 2025-08-27 至 2025-10-10
夏普比率: 3.79
策略超额年化收益率: 280.26%
最终净值: 2.4814
20260121 22:41:03- INFO- 回测结果(买点下移风控):
20260121 22:41:03- INFO- 
回测时间:2025-06-03 - 2026-01-21
策略胜率: 50.53%
策略盈亏比: 1.47
每日平均开仓个数: 2.93
平均持仓天数: 2.20 天
每单位风险期望收益:0.2487
策略总收益率: 93.07%
策略年化收益率: 181.52%
最大回撤: -10.81%
最大回撤阶段: 2025-08-27 至 2025-09-26
夏普比率: 3.58
策略超额年化收益率: 143.98%
最终净值: 1.9307
20260121 22:41:08- INFO- 资金不足,无法买入 SZSE.002463 162700 股，所需资金 4100092.90，当前现金 4098384.19
20260121 22:41:08- INFO- 资金不足,无法买入 SZSE.000628 22800 股，所需资金 1405005.80，当前现金 1404989.13
20260121 22:41:08- INFO- 资金不足,无法买入 SZSE.002467 922600 股，所需资金 4492808.16，当前现金 4488343.12
20260121 22:41:10- INFO- 资金不足,无法买入 SHSE.603728 63400 股，所需资金 4288698.55，当前现金 4284725.63
20260121 22:41:10- INFO- 资金不足,无法买入 SZSE.002298 298500 股，所需资金 2069753.31，当前现金 2068086.74
20260121 22:41:13- INFO- 资金不足,无法买入 SHSE.600744 171800 股，所需资金 695460.84，当前现金 694472.77
20260121 22:41:15- INFO- 资金不足,无法买入 SHSE.600501 123900 股，所需资金 2045957.79，当前现金 2044066.11
20260121 22:41:19- INFO- 资金不足,无法买入 SZSE.000099 41900 股，所需资金 780059.78，当前现金 779786.38
20260121 22:41:19- INFO- 资金不足,无法买入 SHSE.603728 43800 股，所需资金 1786665.98，当前现金 1783483.14
20260121 22:41:24- INFO- 资金不足,无法买入 SZSE.002628 409000 股，所需资金 2176135.75，当前现金 2172454.59
20260121 22:41:25- INFO- 资金不足,无法买入 SHSE.600589 207500 股，所需资金 916906.07，当前现金 914156.84
20260121 22:41:25- INFO- 资金不足,无法买入 SZSE.000958 103400 股，所需资金 927281.79，当前现金 926614.59
20260121 22:41:27- INFO- 资金不足,无法买入 SZSE.000409 166500 股，所需资金 1753416.58，当前现金 1749335.30
20260121 22:41:27- INFO- 资金不足,无法买入 SHSE.601933 145800 股，所需资金 825418.36，当前现金 824139.89
20260121 22:41:28- INFO- 资金不足,无法买入 SZSE.002131 393200 股，所需资金 1930535.29，当前现金 1927365.83
20260121 22:41:28- INFO- 资金不足,无法买入 SHSE.600340 218700 股，所需资金 766981.67，当前现金 765766.57
20260121 22:41:28- INFO- 资金不足,无法买入 SHSE.603667 38800 股，所需资金 1098293.30，当前现金 1095773.58
20260121 22:41:29- INFO- 资金不足,无法买入 SZSE.002272 77200 股，所需资金 833881.26，当前现金 832525.43
20260121 22:41:30- INFO- 资金不足,无法买入 SHSE.601011 802100 股，所需资金 2370929.76，当前现金 2366702.84
20260121 22:41:32- INFO- 资金不足,无法买入 SHSE.600186 681300 股，所需资金 5249680.63，当前现金 5245116.74
20260121 22:41:33- INFO- 资金不足,无法买入 SHSE.600825 213100 股，所需资金 1590771.78，当前现金 1589522.55
20260121 22:41:33- INFO- 资金不足,无法买入 SZSE.002599 97000 股，所需资金 1263523.26，当前现金 1259693.46
20260121 22:41:35- INFO- 资金不足,无法买入 SHSE.601608 153500 股，所需资金 861320.06，当前现金 860282.48
20260121 22:41:36- INFO- 资金不足,无法买入 SZSE.000582 140200 股，所需资金 1316302.66，当前现金 1312983.57
20260121 22:41:36- INFO- 资金不足,无法买入 SZSE.000601 477000 股，所需资金 2805592.78，当前现金 2802878.36
20260121 22:41:36- INFO- 资金不足,无法买入 SZSE.002165 452100 股，所需资金 5318274.62，当前现金 5313311.56
20260121 22:41:37- INFO- 资金不足,无法买入 SZSE.002194 218900 股，所需资金 2884294.95，当前现金 2878972.16
20260121 22:41:39- INFO- 资金不足,无法买入 SZSE.002365 153600 股，所需资金 3247445.16，当前现金 3244599.13
20260121 22:41:40- INFO- 资金不足,无法买入 SHSE.600468 318400 股，所需资金 2778813.30，当前现金 2774546.63
20260121 22:41:40- INFO- 资金不足,无法买入 SZSE.002173 147700 股，所需资金 1849944.35，当前现金 1849163.77
20260121 22:41:41- INFO- 资金不足,无法买入 SHSE.603123 255900 股，所需资金 3679513.00，当前现金 3676256.74
20260121 22:41:42- INFO- 资金不足,无法买入 SZSE.002562 811900 股，所需资金 4938094.39，当前现金 4933693.85
20260121 22:41:42- INFO- 资金不足,无法买入 SHSE.603936 997000 股，所需资金 10239698.72，当前现金 10229700.51
20260121 22:41:42- INFO- 资金不足,无法买入 SHSE.600475 304300 股，所需资金 4841953.40，当前现金 4837935.62
20260121 22:41:44- INFO- 资金不足,无法买入 SHSE.601089 104400 股，所需资金 2918588.43，当前现金 2913510.92
20260121 22:41:44- INFO- 资金不足,无法买入 SZSE.002097 339400 股，所需资金 5716730.33，当前现金 5711693.78
20260121 22:41:44- INFO- 资金不足,无法买入 SHSE.600651 556000 股，所需资金 3593375.99，当前现金 3587662.52
20260121 22:41:46- INFO- 资金不足,无法买入 SZSE.000718 627700 股，所需资金 2138450.49，当前现金 2135756.73
20260121 22:41:47- INFO- 资金不足,无法买入 SHSE.600376 388800 股，所需资金 2746524.82，当前现金 2741763.64
20260121 22:41:50- INFO- 资金不足,无法买入 SHSE.601929 281600 股，所需资金 1213302.97，当前现金 1211122.56
20260121 22:41:51- INFO- 资金不足,无法买入 SHSE.603906 509200 股，所需资金 9949268.73，当前现金 9939353.63
20260121 22:41:53- INFO- 资金不足,无法买入 SZSE.002788 366800 股，所需资金 6983145.37，当前现金 6977638.12
20260121 22:41:54- INFO- 资金不足,无法买入 SHSE.603716 113200 股，所需资金 2673462.92，当前现金 2669881.15
20260121 22:41:54- INFO- 资金不足,无法买入 SZSE.002703 143700 股，所需资金 3701919.75，当前现金 3690306.04
20260121 22:41:54- INFO- 资金不足,无法买入 SZSE.001208 63700 股，所需资金 1910355.99，当前现金 1908838.38
20260121 22:41:55- INFO- 回测结果:
    指标名称                 指标值
  回测开始日期 2024-01-02 00:00:00
  回测结束日期 2026-01-21 00:00:00
    策略胜率              48.96%
   策略盈亏比                1.66
  策略总收益率             338.58%
 策略年化收益率             105.33%
    最大回撤             -22.86%
最大回撤开始日期 2024-05-13 00:00:00
最大回撤结束日期 2024-06-04 00:00:00
    夏普比率                2.08
    最终净值              4.3858
20260121 22:43:10- INFO- 
回测时间:2025-01-02 - 2026-01-21
策略胜率: 51.22%
策略盈亏比: 1.34
每日平均开仓个数: 2.73
平均持仓天数: 2.15 天
每单位风险期望收益:0.1989
策略总收益率: 202.92%
策略年化收益率: 186.75%
最大回撤: -19.66%
最大回撤阶段: 2025-08-27 至 2025-09-29
夏普比率: 2.57
策略超额年化收益率: 162.01%
最终净值: 3.0292
20260121 22:43:10- INFO- 回测结果(触及跌停风控):
20260121 22:43:10- INFO- 
回测时间:2025-01-02 - 2026-01-21
策略胜率: 53.62%
策略盈亏比: 1.47
每日平均开仓个数: 2.73
平均持仓天数: 2.15 天
每单位风险期望收益:0.3220
策略总收益率: 249.44%
策略年化收益率: 228.46%
最大回撤: -13.68%
最大回撤阶段: 2025-08-27 至 2025-10-10
夏普比率: 3.16
策略超额年化收益率: 203.72%
最终净值: 3.4944
20260121 22:43:11- INFO- 回测结果(买点下移风控):
20260121 22:43:11- INFO- 
回测时间:2025-01-02 - 2026-01-21
策略胜率: 50.55%
策略盈亏比: 1.42
每日平均开仓个数: 2.73
平均持仓天数: 2.15 天
每单位风险期望收益:0.2237
策略总收益率: 126.94%
策略年化收益率: 117.92%
最大回撤: -11.62%
最大回撤阶段: 2025-02-25 至 2025-03-07
夏普比率: 2.81
策略超额年化收益率: 93.17%
最终净值: 2.2694
20260121 22:50:36- INFO- 总调整天数: 86, 调整正确率: 58.92%, 预计平均亏损改善: 2.9041%
20260121 22:50:37- INFO- 总调整天数: 138, 调整正确率: 59.77%, 预计平均亏损改善: 2.4429%
20260121 22:50:37- INFO- 回测结果(不风控):
20260121 22:50:37- INFO- 
回测时间:2021-01-04 - 2026-01-21
策略胜率: 45.50%
策略盈亏比: 1.37
每日平均开仓个数: 2.41
平均持仓天数: 2.06 天
每单位风险期望收益:0.0762
策略总收益率: 486.22%
策略年化收益率: 41.94%
最大回撤: -49.50%
最大回撤阶段: 2022-07-21 至 2023-05-23
夏普比率: 1.02
策略超额年化收益率: 38.69%
最终净值: 5.8622
20260121 22:50:37- INFO- 回测结果(触及跌停风控):
20260121 22:50:37- INFO- 
回测时间:2021-01-04 - 2026-01-21
策略胜率: 46.81%
策略盈亏比: 1.43
每日平均开仓个数: 2.41
平均持仓天数: 2.06 天
每单位风险期望收益:0.1368
策略总收益率: 648.48%
策略年化收益率: 48.98%
最大回撤: -45.00%
最大回撤阶段: 2022-08-16 至 2023-05-23
夏普比率: 1.24
策略超额年化收益率: 45.73%
最终净值: 7.4848
20260121 22:50:37- INFO- 回测结果(买点下移风控):
20260121 22:50:37- INFO- 
回测时间:2021-01-04 - 2026-01-21
策略胜率: 45.27%
策略盈亏比: 1.39
每日平均开仓个数: 2.41
平均持仓天数: 2.06 天
每单位风险期望收益:0.0837
策略总收益率: 223.74%
策略年化收益率: 26.19%
最大回撤: -26.00%
最大回撤阶段: 2022-07-21 至 2023-05-23
夏普比率: 1.05
策略超额年化收益率: 22.94%
最终净值: 3.2374
20260121 23:10:40- INFO- 总调整天数: 86, 调整正确率: 58.92%, 预计平均亏损改善: 2.9041%
20260121 23:10:40- INFO- 总调整天数: 138, 调整正确率: 59.77%, 预计平均亏损改善: 2.4429%
20260121 23:10:40- INFO- 回测结果(不风控):
20260121 23:10:40- INFO- 
回测时间:2021-01-04 - 2026-01-21
策略胜率: 45.50%
策略盈亏比: 1.37
每日平均开仓个数: 2.41
平均持仓天数: 2.06 天
每单位风险期望收益:0.0762
策略总收益率: 486.22%
策略年化收益率: 41.94%
最大回撤: -49.50%
最大回撤阶段: 2022-07-21 至 2023-05-23
夏普比率: 1.02
策略超额年化收益率: 38.69%
最终净值: 5.8622
20260121 23:10:41- INFO- 回测结果(触及跌停风控):
20260121 23:10:41- INFO- 
回测时间:2021-01-04 - 2026-01-21
策略胜率: 46.81%
策略盈亏比: 1.43
每日平均开仓个数: 2.41
平均持仓天数: 2.06 天
每单位风险期望收益:0.1368
策略总收益率: 648.48%
策略年化收益率: 48.98%
最大回撤: -45.00%
最大回撤阶段: 2022-08-16 至 2023-05-23
夏普比率: 1.24
策略超额年化收益率: 45.73%
最终净值: 7.4848
20260121 23:10:41- INFO- 回测结果(买点下移风控):
20260121 23:10:41- INFO- 
回测时间:2021-01-04 - 2026-01-21
策略胜率: 45.27%
策略盈亏比: 1.39
每日平均开仓个数: 2.41
平均持仓天数: 2.06 天
每单位风险期望收益:0.0837
策略总收益率: 537.01%
策略年化收益率: 44.30%
最大回撤: -44.51%
最大回撤阶段: 2022-07-21 至 2023-05-23
夏普比率: 1.09
策略超额年化收益率: 41.05%
最终净值: 6.3701
20260121 23:14:45- INFO- 回测信号参数: {'low': -5, 'high': -2.5, 'mv_min': 35, 'mv_max': 1000, 'prev_limit_status': ['断板', '炸板'], 'avg_limit_turnover_5_min': -1}
20260121 23:14:45- INFO- 回测时间区间: 2021-01-01 至 2026-01-21
20260121 23:14:46- INFO- 使用40个进程并行处理，共838个日期任务
20260121 23:17:16- INFO- 所有回测任务完成，共处理838个日期的结果
20260121 23:17:19- INFO- 总调整天数: 90, 调整正确率: 59.92%, 预计平均亏损改善: 2.8108%
20260121 23:17:20- INFO- 总调整天数: 137, 调整正确率: 54.17%, 预计平均亏损改善: 2.4837%
20260121 23:17:20- INFO- 回测结果(不风控):
20260121 23:17:20- INFO- 
回测时间:2021-01-04 - 2026-01-21
策略胜率: 45.30%
策略盈亏比: 1.42
每日平均开仓个数: 2.41
平均持仓天数: 1.74 天
每单位风险期望收益:0.0948
策略总收益率: 711.19%
策略年化收益率: 51.37%
最大回撤: -44.86%
最大回撤阶段: 2022-07-21 至 2023-05-23
夏普比率: 1.19
策略超额年化收益率: 48.12%
最终净值: 8.1119
20260121 23:17:20- INFO- 回测结果(触及跌停风控):
20260121 23:17:20- INFO- 
回测时间:2021-01-04 - 2026-01-21
策略胜率: 45.84%
策略盈亏比: 1.54
每日平均开仓个数: 2.41
平均持仓天数: 1.74 天
每单位风险期望收益:0.1621
策略总收益率: 956.57%
策略年化收益率: 59.51%
最大回撤: -49.58%
最大回撤阶段: 2022-08-16 至 2023-07-04
夏普比率: 1.43
策略超额年化收益率: 56.26%
最终净值: 10.5657
20260121 23:17:20- INFO- 回测结果(买点下移风控):
20260121 23:17:20- INFO- 
回测时间:2021-01-04 - 2026-01-21
策略胜率: 44.19%
策略盈亏比: 1.47
每日平均开仓个数: 2.41
平均持仓天数: 1.74 天
每单位风险期望收益:0.0921
策略总收益率: 554.39%
策略年化收益率: 45.07%
最大回撤: -46.16%
最大回撤阶段: 2022-07-21 至 2023-06-15
夏普比率: 1.12
策略超额年化收益率: 41.82%
最终净值: 6.5439
20260121 23:17:24- INFO- 资金不足,无法买入 SZSE.002463 162700 股，所需资金 4100092.90，当前现金 4098384.19
20260121 23:17:30- INFO- 资金不足,无法买入 SZSE.002455 64400 股，所需资金 761440.60，当前现金 759943.50
20260121 23:17:31- INFO- 资金不足,无法买入 SZSE.000564 1023500 股，所需资金 2153650.85，当前现金 2151537.42
20260121 23:17:35- INFO- 资金不足,无法买入 SZSE.002232 87100 股，所需资金 2008181.35，当前现金 2007720.83
20260121 23:17:40- INFO- 资金不足,无法买入 SZSE.002628 441800 股，所需资金 2350652.26，当前现金 2349888.38
20260121 23:17:45- INFO- 资金不足,无法买入 SHSE.601011 859300 股，所需资金 2540007.40，当前现金 2535302.42
20260121 23:17:47- INFO- 资金不足,无法买入 SZSE.002122 105700 股，所需资金 516848.15，当前现金 516596.11
20260121 23:17:47- INFO- 资金不足,无法买入 SHSE.600186 869800 股，所需资金 6702146.21，当前现金 6695757.83
20260121 23:17:48- INFO- 资金不足,无法买入 SHSE.600825 676500 股，所需资金 5050009.89，当前现金 5045576.27
20260121 23:17:48- INFO- 资金不足,无法买入 SZSE.002599 103200 股，所需资金 1344284.54，当前现金 1340680.02
20260121 23:17:50- INFO- 资金不足,无法买入 SZSE.002448 174500 股，所需资金 1703030.96，当前现金 1700255.75
20260121 23:17:51- INFO- 资金不足,无法买入 SZSE.002094 993000 股，所需资金 7452452.58，当前现金 7445645.23
20260121 23:17:54- INFO- 资金不足,无法买入 SZSE.002365 170100 股，所需资金 3596291.81，当前现金 3594617.28
20260121 23:17:56- INFO- 资金不足,无法买入 SHSE.603123 289000 股，所需资金 4155448.45，当前现金 4151783.61
20260121 23:17:56- INFO- 资金不足,无法买入 SZSE.002562 917000 股，所需资金 5577327.95，当前现金 5572279.54
20260121 23:17:57- INFO- 资金不足,无法买入 SHSE.603936 1126000 股，所需资金 11564594.54，当前现金 11553665.44
20260121 23:17:58- INFO- 资金不足,无法买入 SZSE.002370 403700 股，所需资金 2605030.26，当前现金 2596554.58
20260121 23:17:59- INFO- 资金不足,无法买入 SHSE.600651 614600 股，所需资金 3972102.30，当前现金 3965025.16
20260121 23:17:59- INFO- 资金不足,无法买入 SHSE.600581 1200200 股，所需资金 5976929.95，当前现金 5966044.99
20260121 23:17:59- INFO- 资金不足,无法买入 SHSE.601606 38800 股，所需资金 2274341.87，当前现金 2273887.80
20260121 23:18:01- INFO- 资金不足,无法买入 SHSE.603297 50400 股，所需资金 5908094.49，当前现金 5907975.12
20260121 23:18:04- INFO- 资金不足,无法买入 SZSE.002639 328400 股，所需资金 4797652.93，当前现金 4786073.39
20260121 23:18:07- INFO- 资金不足,无法买入 SHSE.600855 142400 股，所需资金 3000664.34，当前现金 2992823.09
20260121 23:18:08- INFO- 资金不足,无法买入 SZSE.000859 413200 股，所需资金 5179475.43，当前现金 5162494.81
20260121 23:18:08- INFO- 资金不足,无法买入 SZSE.002025 56500 股，所需资金 3838365.23，当前现金 3822828.73
20260121 23:18:09- INFO- 回测结果:
    指标名称                 指标值
  回测开始日期 2024-01-02 00:00:00
  回测结束日期 2026-01-21 00:00:00
    策略胜率              48.59%
   策略盈亏比                1.84
  策略总收益率             457.02%
 策略年化收益率             130.67%
    最大回撤             -22.93%
最大回撤开始日期 2024-05-13 00:00:00
最大回撤结束日期 2024-06-04 00:00:00
    夏普比率                2.41
    最终净值              5.5702
20260124 21:59:54- INFO- 回测信号参数: {'low': -5, 'high': -2.5, 'mv_min': 35, 'mv_max': 1000, 'prev_limit_status': ['断板', '炸板'], 'avg_limit_turnover_5_min': -1}
20260124 21:59:55- INFO- 回测时间区间: 2021-01-01 至 2026-01-24
20260124 21:59:55- INFO- 使用40个进程并行处理，共840个日期任务
20260124 22:02:58- INFO- 所有回测任务完成，共处理840个日期的结果
20260124 22:03:02- INFO- 总调整天数: 83, 调整正确率: 59.92%, 预计平均亏损改善: 3.3921%
20260124 22:03:02- INFO- 总调整天数: 163, 调整正确率: 67.16%, 预计平均亏损改善: 3.2578%
20260124 22:03:02- INFO- 回测结果(不风控):
20260124 22:03:03- INFO- 
回测时间:2021-01-04 - 2026-01-23
策略胜率: 43.96%
策略盈亏比: 1.24
每日平均开仓个数: 2.41
平均持仓天数: 4.90 天
每单位风险期望收益:-0.0168
策略总收益率: -39.62%
策略年化收益率: -9.50%
最大回撤: -86.20%
最大回撤阶段: 2022-02-10 至 2025-04-25
夏普比率: 0.01
策略超额年化收益率: -12.84%
最终净值: 0.6038
20260124 22:03:03- INFO- 回测结果(触及跌停风控):
20260124 22:03:03- INFO- 
回测时间:2021-01-04 - 2026-01-23
策略胜率: 46.84%
策略盈亏比: 1.30
每日平均开仓个数: 2.41
平均持仓天数: 4.90 天
每单位风险期望收益:0.0794
策略总收益率: 340.99%
策略年化收益率: 34.12%
最大回撤: -53.85%
最大回撤阶段: 2022-08-16 至 2023-08-31
夏普比率: 0.85
策略超额年化收益率: 30.78%
最终净值: 4.4099
20260124 22:03:03- INFO- 回测结果(买点下移风控):
20260124 22:03:03- INFO- 
回测时间:2021-01-04 - 2026-01-23
策略胜率: 43.98%
策略盈亏比: 1.26
每日平均开仓个数: 2.41
平均持仓天数: 4.90 天
每单位风险期望收益:-0.0080
策略总收益率: -14.29%
策略年化收益率: -3.00%
最大回撤: -78.49%
最大回撤阶段: 2021-09-09 至 2025-04-25
夏普比率: 0.14
策略超额年化收益率: -6.35%
最终净值: 0.8571
20260124 22:03:06- INFO- 资金不足,无法买入 SZSE.002610 791700 股，所需资金 2007009.01，当前现金 2005040.87
20260124 22:03:10- INFO- 资金不足,无法买入 SZSE.002463 76900 股，所需资金 1937905.00，当前现金 1936337.85
20260124 22:03:10- INFO- 资金不足,无法买入 SHSE.603533 135000 股，所需资金 2363169.26，当前现金 2361467.68
20260124 22:03:11- INFO- 资金不足,无法买入 SZSE.002673 234900 股，所需资金 1788812.27，当前现金 1787675.01
20260124 22:03:12- INFO- 资金不足,无法买入 SZSE.002217 1085400 股，所需资金 2360030.99，当前现金 2357778.86
20260124 22:03:13- INFO- 资金不足,无法买入 SZSE.000801 89600 股，所需资金 1238954.20，当前现金 1236747.93
20260124 22:03:13- INFO- 资金不足,无法买入 SZSE.000737 543300 股，所需资金 3963138.40，当前现金 3959362.69
20260124 22:03:14- INFO- 资金不足,无法买入 SHSE.600198 613700 股，所需资金 3966285.69，当前现金 3962656.66
20260124 22:03:16- INFO- 资金不足,无法买入 SZSE.000099 111400 股，所需资金 2232458.23，当前现金 2231910.67
20260124 22:03:17- INFO- 资金不足,无法买入 SHSE.600789 282800 股，所需资金 2493619.77，当前现金 2491138.57
20260124 22:03:18- INFO- 资金不足,无法买入 SZSE.002455 145700 股，所需资金 1722700.24，当前现金 1718370.37
20260124 22:03:18- INFO- 资金不足,无法买入 SZSE.000957 155500 股，所需资金 1651598.25，当前现金 1650421.66
20260124 22:03:20- INFO- 资金不足,无法买入 SZSE.000564 1050700 股，所需资金 2210885.15，当前现金 2208740.10
20260124 22:03:26- INFO- 资金不足,无法买入 SZSE.000099 46000 股，所需资金 856390.21，当前现金 854978.04
20260124 22:03:32- INFO- 资金不足,无法买入 SHSE.600550 233900 股，所需资金 2460864.36，当前现金 2459030.10
20260124 22:03:33- INFO- 资金不足,无法买入 SHSE.601777 269500 股，所需资金 1242180.64，当前现金 1239756.14
20260124 22:03:33- INFO- 资金不足,无法买入 SHSE.600415 125100 股，所需资金 1378853.58，当前现金 1375491.66
20260124 22:03:34- INFO- 资金不足,无法买入 SHSE.600336 72000 股，所需资金 533866.13，当前现金 532342.24
20260124 22:03:34- INFO- 资金不足,无法买入 SHSE.600336 294400 股，所需资金 2554605.56，当前现金 2552290.92
20260124 22:03:34- INFO- 资金不足,无法买入 SZSE.002488 56900 股，所需资金 749732.22，当前现金 749667.53
20260124 22:03:34- INFO- 资金不足,无法买入 SZSE.000676 120800 股，所需资金 1278200.57，当前现金 1275931.32
20260124 22:03:35- INFO- 资金不足,无法买入 SHSE.600171 28200 股，所需资金 1147210.98，当前现金 1145357.53
20260124 22:03:38- INFO- 资金不足,无法买入 SHSE.600736 191400 股，所需资金 1340563.11，当前现金 1336734.22
20260124 22:03:38- INFO- 资金不足,无法买入 SZSE.002759 194900 股，所需资金 2247787.84，当前现金 2244494.69
20260124 22:03:38- INFO- 资金不足,无法买入 SZSE.002312 51300 股，所需资金 951463.08，当前现金 949975.39
20260124 22:03:39- INFO- 资金不足,无法买入 SHSE.600120 119500 股，所需资金 658565.16，当前现金 658000.34
20260124 22:03:39- INFO- 资金不足,无法买入 SHSE.601933 188800 股，所需资金 1068854.51，当前现金 1068068.52
20260124 22:03:39- INFO- 资金不足,无法买入 SZSE.000155 35500 股，所需资金 451752.15，当前现金 451375.54
20260124 22:03:40- INFO- 资金不足,无法买入 SZSE.002639 595400 股，所需资金 4832390.30，当前现金 4827724.22
20260124 22:03:41- INFO- 资金不足,无法买入 SZSE.002369 174600 股，所需资金 1452079.81，当前现金 1449245.51
20260124 22:03:42- INFO- 资金不足,无法买入 SHSE.601011 247000 股，所需资金 730108.03，当前现金 729287.13
20260124 22:03:43- INFO- 资金不足,无法买入 SHSE.600255 225500 股，所需资金 831500.51，当前现金 830140.06
20260124 22:03:43- INFO- 资金不足,无法买入 SZSE.002115 328400 股，所需资金 2467928.46，当前现金 2465503.89
20260124 22:03:44- INFO- 资金不足,无法买入 SZSE.000880 90100 股，所需资金 1876024.43，当前现金 1874269.55
20260124 22:03:45- INFO- 资金不足,无法买入 SHSE.600186 622600 股，所需资金 4797374.38，当前现金 4793086.31
20260124 22:03:46- INFO- 资金不足,无法买入 SHSE.600811 396200 股，所需资金 857504.44，当前现金 856945.61
20260124 22:03:46- INFO- 资金不足,无法买入 SZSE.002044 157500 股，所需资金 1152050.65，当前现金 1151266.42
20260124 22:03:47- INFO- 资金不足,无法买入 SHSE.603882 31100 股，所需资金 1187281.00，当前现金 1186742.73
20260124 22:03:47- INFO- 资金不足,无法买入 SHSE.600825 538500 股，所需资金 4019852.66，当前现金 4016128.77
20260124 22:03:47- INFO- 资金不足,无法买入 SZSE.000096 187000 股，所需资金 3597584.39，当前现金 3595781.98
20260124 22:03:48- INFO- 资金不足,无法买入 SZSE.000980 716500 股，所需资金 1924062.36，当前现金 1922395.41
20260124 22:03:48- INFO- 资金不足,无法买入 SZSE.002326 24600 股，所需资金 319453.95，当前现金 319436.88
20260124 22:03:49- INFO- 资金不足,无法买入 SHSE.600610 227300 股，所需资金 1617059.27，当前现金 1613119.08
20260124 22:03:50- INFO- 资金不足,无法买入 SZSE.002086 35500 股，所需资金 129834.28，当前现金 129688.94
20260124 22:03:50- INFO- 资金不足,无法买入 SHSE.600320 273500 股，所需资金 1479855.28，当前现金 1475619.81
20260124 22:03:52- INFO- 资金不足,无法买入 SZSE.002094 97700 股，所需资金 691142.21，当前现金 690277.26
20260124 22:03:52- INFO- 资金不足,无法买入 SZSE.002094 341500 股，所需资金 2562953.23，当前现金 2560529.56
20260124 22:03:52- INFO- 资金不足,无法买入 SZSE.000670 408300 股，所需资金 2593801.83，当前现金 2591223.39
20260124 22:03:53- INFO- 资金不足,无法买入 SZSE.002165 220300 股，所需资金 2591497.23，当前现金 2589018.58
20260124 22:03:53- INFO- 资金不足,无法买入 SZSE.002194 100000 股，所需资金 1317631.31，当前现金 1316522.31
20260124 22:03:54- INFO- 资金不足,无法买入 SHSE.600589 268400 股，所需资金 2116534.73，当前现金 2114057.56
20260124 22:03:54- INFO- 资金不足,无法买入 SHSE.600592 130500 股，所需资金 3649543.15，当前现金 3646089.74
20260124 22:03:54- INFO- 资金不足,无法买入 SHSE.601908 370900 股，所需资金 1070329.45，当前现金 1068390.40
20260124 22:03:55- INFO- 资金不足,无法买入 SZSE.000678 75500 股，所需资金 1191504.44，当前现金 1189410.58
20260124 22:03:56- INFO- 资金不足,无法买入 SHSE.600550 418500 股，所需资金 3660815.66，当前现金 3657449.54
20260124 22:03:56- INFO- 资金不足,无法买入 SZSE.002365 89600 股，所需资金 1894343.01，当前现金 1892540.49
20260124 22:03:57- INFO- 资金不足,无法买入 SZSE.000539 66900 股，所需资金 335169.33，当前现金 335167.75
20260124 22:03:57- INFO- 资金不足,无法买入 SZSE.002550 177300 股，所需资金 1527831.08，当前现金 1526118.97
20260124 22:03:57- INFO- 资金不足,无法买入 SHSE.605599 50300 股，所需资金 875963.30，当前现金 874360.39
20260124 22:03:57- INFO- 资金不足,无法买入 SHSE.603123 226300 股，所需资金 2789059.76，当前现金 2786483.54
20260124 22:03:57- INFO- 资金不足,无法买入 SZSE.003040 121300 股，所需资金 2066226.26，当前现金 2063344.30
20260124 22:03:58- INFO- 资金不足,无法买入 SHSE.600353 194200 股，所需资金 2473221.03，当前现金 2469015.38
20260124 22:03:58- INFO- 资金不足,无法买入 SHSE.600366 119800 股，所需资金 1273621.43，当前现金 1271601.85
20260124 22:03:58- INFO- 资金不足,无法买入 SZSE.002235 205400 股，所需资金 1467432.47，当前现金 1466183.60
20260124 22:03:58- INFO- 资金不足,无法买入 SHSE.600759 247400 股，所需资金 622216.57，当前现金 621653.46
20260124 22:03:58- INFO- 资金不足,无法买入 SZSE.002173 106700 股，所需资金 1336418.83，当前现金 1335469.02
20260124 22:03:59- INFO- 资金不足,无法买入 SHSE.601606 182400 股，所需资金 3607780.75，当前现金 3605078.29
20260124 22:03:59- INFO- 资金不足,无法买入 SZSE.002882 71600 股，所需资金 2399095.00，当前现金 2396743.05
20260124 22:03:59- INFO- 资金不足,无法买入 SHSE.603123 123000 股，所需资金 1768581.87，当前现金 1767588.84
20260124 22:03:59- INFO- 资金不足,无法买入 SHSE.600113 72100 股，所需资金 1793825.28，当前现金 1791098.56
20260124 22:04:00- INFO- 资金不足,无法买入 SHSE.601606 210000 股，所需资金 6236855.02，当前现金 6232286.94
20260124 22:04:00- INFO- 资金不足,无法买入 SHSE.601718 372800 股，所需资金 1486712.97，当前现金 1485607.09
20260124 22:04:00- INFO- 资金不足,无法买入 SHSE.603936 213200 股，所需资金 2189672.79，当前现金 2188511.31
20260124 22:04:00- INFO- 资金不足,无法买入 SHSE.600744 337800 股，所需资金 2795811.25，当前现金 2791475.75
20260124 22:04:01- INFO- 资金不足,无法买入 SHSE.601868 270100 股，所需资金 784857.36，当前现金 783609.06
20260124 22:04:01- INFO- 资金不足,无法买入 SHSE.600288 129600 股，所需资金 1668692.39，当前现金 1666604.68
20260124 22:04:02- INFO- 资金不足,无法买入 SZSE.002370 202500 股，所需资金 1391929.69，当前现金 1390662.02
20260124 22:04:02- INFO- 资金不足,无法买入 SZSE.002570 90000 股，所需资金 686270.48，当前现金 685200.17
20260124 22:04:02- INFO- 资金不足,无法买入 SZSE.002097 26100 股，所需资金 439618.92，当前现金 439237.83
20260124 22:04:02- INFO- 资金不足,无法买入 SHSE.600651 374800 股，所需资金 2422297.34，当前现金 2418240.86
20260124 22:04:03- INFO- 资金不足,无法买入 SZSE.002302 112100 股，所需资金 848048.56，当前现金 847790.91
20260124 22:04:03- INFO- 资金不足,无法买入 SHSE.600366 58400 股，所需资金 927492.21，当前现金 926860.53
20260124 22:04:03- INFO- 资金不足,无法买入 SHSE.601208 57800 股，所需资金 1111401.50，当前现金 1110148.64
20260124 22:04:05- INFO- 资金不足,无法买入 SHSE.603222 97200 股，所需资金 1187238.92，当前现金 1187177.96
20260124 22:04:05- INFO- 资金不足,无法买入 SHSE.601069 114200 股，所需资金 3551861.08，当前现金 3549526.20
20260124 22:04:05- INFO- 资金不足,无法买入 SZSE.002115 432600 股，所需资金 5626383.91，当前现金 5621095.37
20260124 22:04:06- INFO- 资金不足,无法买入 SZSE.002067 148000 股，所需资金 922402.04，当前现金 921209.84
20260124 22:04:06- INFO- 资金不足,无法买入 SHSE.605358 86600 股，所需资金 2696913.75，当前现金 2694297.27
20260124 22:04:06- INFO- 资金不足,无法买入 SHSE.603156 66400 股，所需资金 1946086.34，当前现金 1944964.51
20260124 22:04:07- INFO- 资金不足,无法买入 SHSE.600748 239900 股，所需资金 1548047.46，当前现金 1545512.43
20260124 22:04:07- INFO- 资金不足,无法买入 SHSE.600172 793000 股，所需资金 5983238.55，当前现金 5977833.25
20260124 22:04:08- INFO- 资金不足,无法买入 SHSE.600172 165500 股，所需资金 1114385.43，当前现金 1112653.61
20260124 22:04:08- INFO- 资金不足,无法买入 SHSE.603232 55400 股，所需资金 1083016.79，当前现金 1082162.51
20260124 22:04:08- INFO- 资金不足,无法买入 SHSE.603232 92300 股，所需资金 2103101.90，当前现金 2099749.36
20260124 22:04:08- INFO- 资金不足,无法买入 SZSE.002213 102600 股，所需资金 2674993.97，当前现金 2673653.40
20260124 22:04:08- INFO- 资金不足,无法买入 SZSE.002196 103800 股，所需资金 1143044.66，当前现金 1140962.05
20260124 22:04:08- INFO- 资金不足,无法买入 SHSE.601929 197500 股，所需资金 850949.35，当前现金 849007.43
20260124 22:04:11- INFO- 资金不足,无法买入 SZSE.002413 169300 股，所需资金 1370681.26，当前现金 1368426.51
20260124 22:04:11- INFO- 资金不足,无法买入 SZSE.002632 203200 股，所需资金 2958403.94，当前现金 2954254.47
20260124 22:04:11- INFO- 资金不足,无法买入 SZSE.002585 169800 股，所需资金 1148443.45，当前现金 1147128.88
20260124 22:04:11- INFO- 资金不足,无法买入 SHSE.600271 661700 股，所需资金 6895450.24，当前现金 6888853.80
20260124 22:04:12- INFO- 资金不足,无法买入 SHSE.603757 155000 股，所需资金 7221922.21，当前现金 7218059.54
20260124 22:04:13- INFO- 资金不足,无法买入 SHSE.603650 61700 股，所需资金 3460877.39，当前现金 3457570.83
20260124 22:04:14- INFO- 回测结果:
    指标名称                 指标值
  回测开始日期 2024-01-02 00:00:00
  回测结束日期 2026-01-23 00:00:00
    策略胜率              48.70%
   策略盈亏比                1.49
  策略总收益率             171.76%
 策略年化收益率              62.46%
    最大回撤             -32.87%
最大回撤开始日期 2024-10-31 00:00:00
最大回撤结束日期 2025-01-27 00:00:00
    夏普比率                1.52
    最终净值              2.7176
20260124 22:06:47- INFO- 
回测时间:2025-01-02 - 2026-01-23
策略胜率: 51.64%
策略盈亏比: 1.28
每日平均开仓个数: 2.73
平均持仓天数: 4.87 天
每单位风险期望收益:0.1792
策略总收益率: 114.29%
策略年化收益率: 105.59%
最大回撤: -31.25%
最大回撤阶段: 2025-02-25 至 2025-04-25
夏普比率: 1.61
策略超额年化收益率: 80.44%
最终净值: 2.1429
20260124 22:06:48- INFO- 回测结果(触及跌停风控):
20260124 22:06:48- INFO- 
回测时间:2025-01-02 - 2026-01-23
策略胜率: 53.51%
策略盈亏比: 1.42
每日平均开仓个数: 2.73
平均持仓天数: 4.87 天
每单位风险期望收益:0.2948
策略总收益率: 165.21%
策略年化收益率: 151.51%
最大回撤: -26.64%
最大回撤阶段: 2025-01-13 至 2025-04-25
夏普比率: 2.24
策略超额年化收益率: 126.36%
最终净值: 2.6521
20260124 22:06:48- INFO- 回测结果(买点下移风控):
20260124 22:06:48- INFO- 
回测时间:2025-01-02 - 2026-01-23
策略胜率: 50.90%
策略盈亏比: 1.39
每日平均开仓个数: 2.73
平均持仓天数: 4.87 天
每单位风险期望收益:0.2148
策略总收益率: 140.33%
策略年化收益率: 129.14%
最大回撤: -32.04%
最大回撤阶段: 2025-02-25 至 2025-04-25
夏普比率: 1.90
策略超额年化收益率: 103.99%
最终净值: 2.4033
20260124 22:09:31- INFO- 回测时间区间: 2021-01-01 至 2026-01-24
20260124 22:09:31- INFO- 使用40个进程并行处理，共840个日期任务
20260124 22:12:33- INFO- 所有回测任务完成，共处理840个日期的结果
20260124 22:12:36- INFO- 总调整天数: 65, 调整正确率: 64.09%, 预计平均亏损改善: 2.9752%
20260124 22:12:37- INFO- 总调整天数: 160, 调整正确率: 58.42%, 预计平均亏损改善: 2.4257%
20260124 22:12:37- INFO- 回测结果(不风控):
20260124 22:12:37- INFO- 
回测时间:2025-01-02 - 2026-01-23
策略胜率: 47.50%
策略盈亏比: 1.49
每日平均开仓个数: 2.73
平均持仓天数: 2.25 天
每单位风险期望收益:0.1813
策略总收益率: 185.81%
策略年化收益率: 169.94%
最大回撤: -17.86%
最大回撤阶段: 2025-02-25 至 2025-03-07
夏普比率: 2.41
策略超额年化收益率: 144.79%
最终净值: 2.8581
20260124 22:12:37- INFO- 回测结果(触及跌停风控):
20260124 22:12:37- INFO- 
回测时间:2025-01-02 - 2026-01-23
策略胜率: 49.09%
策略盈亏比: 1.62
每日平均开仓个数: 2.73
平均持仓天数: 2.25 天
每单位风险期望收益:0.2883
策略总收益率: 217.74%
策略年化收益率: 198.37%
最大回撤: -15.89%
最大回撤阶段: 2025-03-21 至 2025-04-25
夏普比率: 2.88
策略超额年化收益率: 173.22%
最终净值: 3.1774
20260124 22:12:37- INFO- 回测结果(买点下移风控):
20260124 22:12:37- INFO- 
回测时间:2025-01-02 - 2026-01-23
策略胜率: 47.01%
策略盈亏比: 1.57
每日平均开仓个数: 2.73
平均持仓天数: 2.25 天
每单位风险期望收益:0.2086
策略总收益率: 203.73%
策略年化收益率: 185.92%
最大回撤: -16.19%
最大回撤阶段: 2025-02-25 至 2025-04-25
夏普比率: 2.63
策略超额年化收益率: 160.77%
最终净值: 3.0373
20260124 22:15:46- INFO- 总调整天数: 65, 调整正确率: 64.09%, 预计平均亏损改善: 2.9752%
20260124 22:15:46- INFO- 总调整天数: 160, 调整正确率: 58.42%, 预计平均亏损改善: 2.4257%
20260124 22:15:46- INFO- 回测结果(不风控):
20260124 22:15:47- INFO- 
回测时间:2021-01-04 - 2026-01-23
策略胜率: 42.48%
策略盈亏比: 1.43
每日平均开仓个数: 2.41
平均持仓天数: 2.28 天
每单位风险期望收益:0.0342
策略总收益率: 194.54%
策略年化收益率: 23.83%
最大回撤: -62.06%
最大回撤阶段: 2022-07-21 至 2024-04-15
夏普比率: 0.68
策略超额年化收益率: 20.48%
最终净值: 2.9454
20260124 22:15:48- INFO- 回测结果(触及跌停风控):
20260124 22:15:48- INFO- 
回测时间:2021-01-04 - 2026-01-23
策略胜率: 43.28%
策略盈亏比: 1.48
每日平均开仓个数: 2.41
平均持仓天数: 2.28 天
每单位风险期望收益:0.0713
策略总收益率: 269.21%
策略年化收益率: 29.49%
最大回撤: -55.60%
最大回撤阶段: 2022-07-21 至 2024-04-15
夏普比率: 0.84
策略超额年化收益率: 26.14%
最终净值: 3.6921
20260124 22:15:48- INFO- 回测结果(买点下移风控):
20260124 22:15:48- INFO- 
回测时间:2021-01-04 - 2026-01-23
策略胜率: 42.20%
策略盈亏比: 1.44
每日平均开仓个数: 2.41
平均持仓天数: 2.28 天
每单位风险期望收益:0.0297
策略总收益率: 185.20%
策略年化收益率: 23.04%
最大回撤: -57.74%
最大回撤阶段: 2022-07-21 至 2024-04-16
夏普比率: 0.68
策略超额年化收益率: 19.70%
最终净值: 2.8520
20260124 22:17:40- INFO- 总调整天数: 65, 调整正确率: 64.09%, 预计平均亏损改善: 2.9752%
20260124 22:17:41- INFO- 总调整天数: 160, 调整正确率: 58.42%, 预计平均亏损改善: 2.4257%
20260124 22:17:41- INFO- 回测结果(不风控):
20260124 22:17:41- INFO- 
回测时间:2025-01-02 - 2026-01-23
策略胜率: 47.50%
策略盈亏比: 1.49
每日平均开仓个数: 2.73
平均持仓天数: 2.25 天
每单位风险期望收益:0.1813
策略总收益率: 185.81%
策略年化收益率: 169.94%
最大回撤: -17.86%
最大回撤阶段: 2025-02-25 至 2025-03-07
夏普比率: 2.41
策略超额年化收益率: 144.79%
最终净值: 2.8581
20260124 22:17:41- INFO- 回测结果(触及跌停风控):
20260124 22:17:41- INFO- 
回测时间:2025-01-02 - 2026-01-23
策略胜率: 49.09%
策略盈亏比: 1.62
每日平均开仓个数: 2.73
平均持仓天数: 2.25 天
每单位风险期望收益:0.2883
策略总收益率: 217.74%
策略年化收益率: 198.37%
最大回撤: -15.89%
最大回撤阶段: 2025-03-21 至 2025-04-25
夏普比率: 2.88
策略超额年化收益率: 173.22%
最终净值: 3.1774
20260124 22:17:41- INFO- 回测结果(买点下移风控):
20260124 22:17:41- INFO- 
回测时间:2025-01-02 - 2026-01-23
策略胜率: 47.01%
策略盈亏比: 1.57
每日平均开仓个数: 2.73
平均持仓天数: 2.25 天
每单位风险期望收益:0.2086
策略总收益率: 203.73%
策略年化收益率: 185.92%
最大回撤: -16.19%
最大回撤阶段: 2025-02-25 至 2025-04-25
夏普比率: 2.63
策略超额年化收益率: 160.77%
最终净值: 3.0373
20260124 22:21:59- INFO- 回测信号参数: {'low': -5, 'high': -2.5, 'mv_min': 35, 'mv_max': 1000, 'prev_limit_status': ['断板', '炸板'], 'avg_limit_turnover_5_min': -1}
20260124 22:22:00- INFO- 回测时间区间: 2021-01-01 至 2026-01-24
20260124 22:22:00- INFO- 使用40个进程并行处理，共840个日期任务
20260124 22:25:04- INFO- 所有回测任务完成，共处理840个日期的结果
20260124 22:25:08- INFO- 总调整天数: 82, 调整正确率: 62.50%, 预计平均亏损改善: 2.9618%
20260124 22:25:09- INFO- 总调整天数: 150, 调整正确率: 59.57%, 预计平均亏损改善: 2.6398%
20260124 22:25:09- INFO- 回测结果(不风控):
20260124 22:25:09- INFO- 
回测时间:2025-01-02 - 2026-01-23
策略胜率: 50.26%
策略盈亏比: 1.37
每日平均开仓个数: 2.73
平均持仓天数: 2.14 天
每单位风险期望收益:0.1923
策略总收益率: 191.29%
策略年化收益率: 174.83%
最大回撤: -16.52%
最大回撤阶段: 2025-07-09 至 2025-07-21
夏普比率: 2.48
策略超额年化收益率: 149.68%
最终净值: 2.9129
20260124 22:25:09- INFO- 回测结果(触及跌停风控):
20260124 22:25:09- INFO- 
回测时间:2025-01-02 - 2026-01-23
策略胜率: 53.13%
策略盈亏比: 1.57
每日平均开仓个数: 2.73
平均持仓天数: 2.14 天
每单位风险期望收益:0.3652
策略总收益率: 302.92%
策略年化收益率: 273.51%
最大回撤: -11.46%
最大回撤阶段: 2025-04-10 至 2025-04-25
夏普比率: 3.52
策略超额年化收益率: 248.35%
最终净值: 4.0292
20260124 22:25:09- INFO- 回测结果(买点下移风控):
20260124 22:25:09- INFO- 
回测时间:2025-01-02 - 2026-01-23
策略胜率: 50.00%
策略盈亏比: 1.49
每日平均开仓个数: 2.73
平均持仓天数: 2.14 天
每单位风险期望收益:0.2464
策略总收益率: 257.86%
策略年化收益率: 233.88%
最大回撤: -13.78%
最大回撤阶段: 2025-03-25 至 2025-04-25
夏普比率: 3.02
策略超额年化收益率: 208.73%
最终净值: 3.5786
20260124 22:25:14- INFO- 资金不足,无法买入 SZSE.002463 75900 股，所需资金 1912704.68，当前现金 1912299.24
20260124 22:25:16- INFO- 资金不足,无法买入 SZSE.002298 563300 股，所需资金 3905835.97，当前现金 3902336.61
20260124 22:25:19- INFO- 资金不足,无法买入 SZSE.002455 59600 股，所需资金 704687.26，当前现金 704088.08
20260124 22:25:21- INFO- 资金不足,无法买入 SHSE.600501 124800 股，所需资金 2060819.46，当前现金 2059407.59
20260124 22:25:25- INFO- 资金不足,无法买入 SZSE.000099 42100 股，所需资金 783783.22，当前现金 783086.94
20260124 22:25:25- INFO- 资金不足,无法买入 SZSE.000099 92900 股，所需资金 1792834.30，当前现金 1791082.96
20260124 22:25:30- INFO- 资金不足,无法买入 SZSE.000595 110500 股，所需资金 1024170.27，当前现金 1021988.29
20260124 22:25:31- INFO- 资金不足,无法买入 SZSE.002628 409400 股，所需资金 2178264.00，当前现金 2175999.12
20260124 22:25:31- INFO- 资金不足,无法买入 SHSE.600589 130800 股，所需资金 577982.23，当前现金 576328.32
20260124 22:25:31- INFO- 资金不足,无法买入 SZSE.000958 99400 股，所需资金 891410.15，当前现金 889541.98
20260124 22:25:34- INFO- 资金不足,无法买入 SZSE.002312 48100 股，所需资金 977901.87，当前现金 976083.04
20260124 22:25:34- INFO- 资金不足,无法买入 SZSE.002717 692900 股，所需资金 2707717.32，当前现金 2703035.31
20260124 22:25:34- INFO- 资金不足,无法买入 SHSE.600340 244100 股，所需资金 856059.55，当前现金 855590.94
20260124 22:25:36- INFO- 资金不足,无法买入 SZSE.002067 997500 股，所需资金 4317822.71，当前现金 4313821.42
20260124 22:25:36- INFO- 资金不足,无法买入 SZSE.002491 442800 股，所需资金 2378157.19，当前现金 2373995.58
20260124 22:25:36- INFO- 资金不足,无法买入 SHSE.601011 765800 股，所需资金 2263630.48，当前现金 2259556.16
20260124 22:25:39- INFO- 资金不足,无法买入 SHSE.603990 124400 股，所需资金 1746331.43，当前现金 1741797.46
20260124 22:25:39- INFO- 资金不足,无法买入 SZSE.002044 765700 股，所需资金 5600794.81，当前现金 5595501.64
20260124 22:25:39- INFO- 资金不足,无法买入 SZSE.000096 126000 股，所需资金 1868531.46，当前现金 1868046.23
20260124 22:25:39- INFO- 资金不足,无法买入 SHSE.600825 515200 股，所需资金 3845920.32，当前现金 3842235.63
20260124 22:25:39- INFO- 资金不足,无法买入 SHSE.600825 160500 股，所需资金 1206158.70，当前现金 1204238.08
20260124 22:25:43- INFO- 资金不足,无法买入 SZSE.002094 408100 股，所需资金 3062785.39，当前现金 3060296.58
20260124 22:25:43- INFO- 资金不足,无法买入 SZSE.000601 561900 股，所需资金 3304953.00，当前现金 3302087.03
20260124 22:25:44- INFO- 资金不足,无法买入 SHSE.600592 237600 股，所需资金 6644685.46，当前现金 6640387.73
20260124 22:25:45- INFO- 资金不足,无法买入 SZSE.002365 147700 股，所需资金 3122706.06，当前现金 3120421.74
20260124 22:25:46- INFO- 资金不足,无法买入 SZSE.002550 382400 股，所需资金 3295220.57，当前现金 3289124.68
20260124 22:25:46- INFO- 资金不足,无法买入 SZSE.002345 27600 股，所需资金 411786.34，当前现金 411597.21
20260124 22:25:47- INFO- 资金不足,无法买入 SHSE.600366 620600 股，所需资金 7026812.57，当前现金 7020057.99
20260124 22:25:47- INFO- 资金不足,无法买入 SZSE.002365 71100 股，所需资金 1865122.66，当前现金 1863011.80
20260124 22:25:47- INFO- 资金不足,无法买入 SHSE.603123 244500 股，所需资金 3515595.66，当前现金 3512114.53
20260124 22:25:48- INFO- 资金不足,无法买入 SZSE.002579 156300 股，所需资金 2161256.04，当前现金 2158265.77
20260124 22:25:48- INFO- 资金不足,无法买入 SZSE.002562 771700 股，所需资金 4693592.12，当前现金 4689230.69
20260124 22:25:48- INFO- 资金不足,无法买入 SHSE.603936 947400 股，所需资金 9730281.41，当前现金 9721429.77
20260124 22:25:49- INFO- 资金不足,无法买入 SHSE.600475 289200 股，所需资金 4601685.58，当前现金 4597931.87
20260124 22:25:50- INFO- 资金不足,无法买入 SHSE.600326 91500 股，所需资金 1687885.71，当前现金 1682556.18
20260124 22:25:50- INFO- 资金不足,无法买入 SZSE.000813 775900 股，所需资金 3545183.75，当前现金 3538450.36
20260124 22:25:50- INFO- 资金不足,无法买入 SHSE.601089 113500 股，所需资金 3172986.47，当前现金 3166906.39
20260124 22:25:51- INFO- 资金不足,无法买入 SHSE.600651 518000 股，所需资金 3347785.54，当前现金 3341896.78
20260124 22:25:51- INFO- 资金不足,无法买入 SZSE.002302 974100 股，所需资金 7369171.26，当前现金 7361839.88
20260124 22:25:51- INFO- 资金不足,无法买入 SZSE.002298 80400 股，所需资金 751633.01，当前现金 750914.66
20260124 22:25:53- INFO- 资金不足,无法买入 SHSE.600776 158300 股，所需资金 2204772.94，当前现金 2203013.95
20260124 22:25:54- INFO- 资金不足,无法买入 SHSE.603297 23100 股，所需资金 2707876.64，当前现金 2703898.95
20260124 22:25:59- INFO- 资金不足,无法买入 SHSE.603327 521700 股，所需资金 6795670.98，当前现金 6788916.62
20260124 22:25:59- INFO- 资金不足,无法买入 SHSE.600343 66500 股，所需资金 2515398.26，当前现金 2503502.80
20260124 22:26:00- INFO- 资金不足,无法买入 SZSE.002788 386900 股，所需资金 7365809.55，当前现金 7359549.01
20260124 22:26:00- INFO- 资金不足,无法买入 SZSE.000700 157600 股，所需资金 2199760.93，当前现金 2197753.89
20260124 22:26:00- INFO- 资金不足,无法买入 SZSE.002347 159200 股，所需资金 2033861.63，当前现金 2031468.27
20260124 22:26:01- INFO- 资金不足,无法买入 SZSE.000516 540000 股，所需资金 2656705.45，当前现金 2652395.64
20260124 22:26:01- INFO- 资金不足,无法买入 SZSE.002703 165400 股，所需资金 4260943.12，当前现金 4246942.75
20260124 22:26:01- INFO- 资金不足,无法买入 SHSE.603650 164300 股，所需资金 9215918.23，当前现金 9199178.30
20260124 22:26:01- INFO- 资金不足,无法买入 SHSE.600266 221700 股，所需资金 1543898.17，当前现金 1542846.54
20260124 22:26:02- INFO- 回测结果:
    指标名称                 指标值
  回测开始日期 2024-01-02 00:00:00
  回测结束日期 2026-01-23 00:00:00
    策略胜率              48.59%
   策略盈亏比                1.76
  策略总收益率             368.52%
 策略年化收益率             111.62%
    最大回撤             -24.62%
最大回撤开始日期 2024-10-31 00:00:00
最大回撤结束日期 2024-12-31 00:00:00
    夏普比率                2.19
    最终净值              4.6852
20260124 23:01:05- INFO- 
回测时间:2021-01-04 - 2026-01-23
策略胜率: 44.45%
策略盈亏比: 1.35
每日平均开仓个数: 2.41
平均持仓天数: 2.16 天
每单位风险期望收益:0.0458
策略总收益率: 271.19%
策略年化收益率: 29.62%
最大回撤: -58.91%
最大回撤阶段: 2022-07-21 至 2024-04-15
夏普比率: 0.79
策略超额年化收益率: 26.28%
最终净值: 3.7119
20260124 23:01:05- INFO- 回测结果(触及跌停风控):
20260124 23:01:05- INFO- 
回测时间:2021-01-04 - 2026-01-23
策略胜率: 45.84%
策略盈亏比: 1.45
每日平均开仓个数: 2.41
平均持仓天数: 2.16 天
每单位风险期望收益:0.1252
策略总收益率: 750.04%
策略年化收益率: 52.71%
最大回撤: -49.33%
最大回撤阶段: 2022-08-16 至 2023-05-23
夏普比率: 1.30
策略超额年化收益率: 49.37%
最终净值: 8.5004
20260124 23:01:05- INFO- 回测结果(买点下移风控):
20260124 23:01:06- INFO- 
回测时间:2021-01-04 - 2026-01-23
策略胜率: 43.97%
策略盈亏比: 1.40
每日平均开仓个数: 2.41
平均持仓天数: 2.16 天
每单位风险期望收益:0.0552
策略总收益率: 323.69%
策略年化收益率: 33.06%
最大回撤: -55.16%
最大回撤阶段: 2022-07-21 至 2024-04-16
夏普比率: 0.88
策略超额年化收益率: 29.72%
最终净值: 4.2369
20260124 23:02:56- INFO- 总调整天数: 82, 调整正确率: 62.50%, 预计平均亏损改善: 2.9618%
20260124 23:02:56- INFO- 总调整天数: 150, 调整正确率: 59.57%, 预计平均亏损改善: 2.6398%
20260124 23:02:56- INFO- 回测结果(不风控):
20260124 23:02:56- INFO- 
回测时间:2024-01-02 - 2026-01-23
策略胜率: 46.93%
策略盈亏比: 1.29
每日平均开仓个数: 2.93
平均持仓天数: 2.14 天
每单位风险期望收益:0.0725
策略总收益率: 212.82%
策略年化收益率: 73.94%
最大回撤: -35.81%
最大回撤阶段: 2024-10-30 至 2024-12-31
夏普比率: 1.46
策略超额年化收益率: 56.35%
最终净值: 3.1282
20260124 23:02:57- INFO- 回测结果(触及跌停风控):
20260124 23:02:57- INFO- 
回测时间:2024-01-02 - 2026-01-23
策略胜率: 48.47%
策略盈亏比: 1.40
每日平均开仓个数: 2.93
平均持仓天数: 2.14 天
每单位风险期望收益:0.1625
策略总收益率: 328.03%
策略年化收益率: 102.54%
最大回撤: -26.46%
最大回撤阶段: 2024-10-30 至 2024-12-31
夏普比率: 2.04
策略超额年化收益率: 84.95%
最终净值: 4.2803
20260124 23:02:57- INFO- 回测结果(买点下移风控):
20260124 23:02:57- INFO- 
回测时间:2024-01-02 - 2026-01-23
策略胜率: 46.34%
策略盈亏比: 1.36
每日平均开仓个数: 2.93
平均持仓天数: 2.14 天
每单位风险期望收益:0.0959
策略总收益率: 242.52%
策略年化收益率: 81.77%
最大回撤: -33.97%
最大回撤阶段: 2024-10-30 至 2024-12-31
夏普比率: 1.67
策略超额年化收益率: 64.18%
最终净值: 3.4252
20260124 23:07:32- INFO- 资金不足,无法买入 SZSE.000718 304400 股，所需资金 1314589.24，当前现金 1313391.44
20260124 23:07:32- INFO- 资金不足,无法买入 SHSE.601766 544300 股，所需资金 3795908.44，当前现金 3792458.72
20260124 23:07:32- INFO- 资金不足,无法买入 SHSE.600185 484100 股，所需资金 3346973.92，当前现金 3343920.48
20260124 23:07:35- INFO- 资金不足,无法买入 SHSE.600259 22900 股，所需资金 1062391.60，当前现金 1061232.06
20260124 23:07:38- INFO- 资金不足,无法买入 SZSE.000825 690600 股，所需资金 3958136.41，当前现金 3954371.63
20260124 23:07:38- INFO- 资金不足,无法买入 SZSE.000566 398200 股，所需资金 2681258.48，当前现金 2679117.42
20260124 23:07:39- INFO- 资金不足,无法买入 SHSE.603538 111900 股，所需资金 4270799.80，当前现金 4269179.66
20260124 23:07:39- INFO- 资金不足,无法买入 SHSE.601015 130100 股，所需资金 1153688.92，当前现金 1152811.71
20260124 23:07:40- INFO- 资金不足,无法买入 SZSE.001203 175100 股，所需资金 4430121.97，当前现金 4427053.40
20260124 23:07:41- INFO- 资金不足,无法买入 SZSE.000572 428400 股，所需资金 2326574.18，当前现金 2324769.65
20260124 23:07:41- INFO- 资金不足,无法买入 SZSE.002570 269400 股，所需资金 1611536.24，当前现金 1609606.11
20260124 23:07:41- INFO- 资金不足,无法买入 SZSE.000925 395400 股，所需资金 3347815.60，当前现金 3345283.45
20260124 23:07:41- INFO- 资金不足,无法买入 SZSE.000995 53700 股，所需资金 1737980.75，当前现金 1735517.03
20260124 23:07:41- INFO- 资金不足,无法买入 SHSE.600663 386900 股，所需资金 5663919.87，当前现金 5658367.61
20260124 23:07:46- INFO- 资金不足,无法买入 SZSE.002837 176200 股，所需资金 5730896.62，当前现金 5727780.77
20260124 23:07:46- INFO- 资金不足,无法买入 SZSE.002006 95100 股，所需资金 1437930.55，当前现金 1436034.15
20260124 23:07:47- INFO- 资金不足,无法买入 SZSE.002939 146900 股，所需资金 1775159.00，当前现金 1772146.09
20260124 23:07:47- INFO- 资金不足,无法买入 SZSE.002015 72100 股，所需资金 1145794.16，当前现金 1142925.93
20260124 23:07:47- INFO- 资金不足,无法买入 SZSE.002539 202000 股，所需资金 2995582.19，当前现金 2990724.29
20260124 23:07:50- INFO- 资金不足,无法买入 SHSE.600861 121100 股，所需资金 3033558.03，当前现金 3031610.32
20260124 23:07:50- INFO- 资金不足,无法买入 SZSE.002108 343000 股，所需资金 3361252.43，当前现金 3358288.63
20260124 23:07:51- INFO- 资金不足,无法买入 SHSE.600522 258900 股，所需资金 3375028.95，当前现金 3371744.35
20260124 23:07:52- INFO- 资金不足,无法买入 SZSE.002131 552800 股，所需资金 1567554.41，当前现金 1565589.91
20260124 23:07:52- INFO- 资金不足,无法买入 SHSE.600556 78900 股，所需资金 1124203.04，当前现金 1123055.26
20260124 23:07:52- INFO- 资金不足,无法买入 SHSE.600556 510100 股，所需资金 7155689.94，当前现金 7148704.04
20260124 23:07:53- INFO- 资金不足,无法买入 SZSE.002269 1566400 股，所需资金 4237742.79，当前现金 4233517.51
20260124 23:07:53- INFO- 资金不足,无法买入 SZSE.000795 254200 股，所需资金 2572557.41，当前现金 2569282.73
20260124 23:07:54- INFO- 资金不足,无法买入 SZSE.002699 258400 股，所需资金 1993661.35，当前现金 1990156.10
20260124 23:07:56- INFO- 资金不足,无法买入 SZSE.002605 127800 股，所需资金 3892894.13，当前现金 3891167.48
20260124 23:07:56- INFO- 资金不足,无法买入 SHSE.600645 161600 股，所需资金 4061037.91，当前现金 4054958.14
20260124 23:07:56- INFO- 资金不足,无法买入 SZSE.002550 279100 股，所需资金 1991168.37，当前现金 1987924.17
20260124 23:07:56- INFO- 资金不足,无法买入 SHSE.600756 129300 股，所需资金 2294485.10，当前现金 2291980.93
20260124 23:08:01- INFO- 资金不足,无法买入 SZSE.000918 2964400 股，所需资金 9089215.20，当前现金 9080307.16
20260124 23:08:01- INFO- 资金不足,无法买入 SZSE.002433 436700 股，所需资金 2804848.29，当前现金 2800240.06
20260124 23:08:01- INFO- 资金不足,无法买入 SHSE.600581 234700 股，所需资金 1728496.82，当前现金 1724221.05
20260124 23:08:06- INFO- 资金不足,无法买入 SHSE.601236 301700 股，所需资金 2971645.39，当前现金 2965562.92
20260124 23:08:06- INFO- 资金不足,无法买入 SZSE.000821 116000 股，所需资金 1686528.00，当前现金 1685015.26
20260124 23:08:06- INFO- 资金不足,无法买入 SZSE.002239 1184100 股，所需资金 3772972.64，当前现金 3765907.24
20260124 23:08:06- INFO- 资金不足,无法买入 SZSE.002160 1686500 股，所需资金 10325134.33，当前现金 10315294.86
20260124 23:08:06- INFO- 资金不足,无法买入 SZSE.002126 71600 股，所需资金 921901.04，当前现金 920625.80
20260124 23:08:07- INFO- 资金不足,无法买入 SHSE.603005 137600 股，所需资金 3584758.78，当前现金 3579956.27
20260124 23:08:07- INFO- 资金不足,无法买入 SZSE.002501 3381200 股，所需资金 8605433.08，当前现金 8596897.74
20260124 23:08:21- INFO- 资金不足,无法买入 SZSE.002117 423700 股，所需资金 4024713.37，当前现金 4018758.92
20260124 23:08:22- INFO- 资金不足,无法买入 SZSE.002261 452800 股，所需资金 4650487.04，当前现金 4646621.56
20260124 23:08:24- INFO- 资金不足,无法买入 SZSE.002463 296600 股，所需资金 6440183.07，当前现金 6435396.89
20260124 23:08:25- INFO- 资金不足,无法买入 SHSE.603083 32600 股，所需资金 1448703.07，当前现金 1445996.67
20260124 23:08:25- INFO- 资金不足,无法买入 SZSE.002777 100200 股，所需资金 4016020.01，当前现金 4012725.69
20260124 23:08:28- INFO- 资金不足,无法买入 SHSE.600629 745700 股，所需资金 6418380.53，当前现金 6412516.13
20260124 23:08:28- INFO- 资金不足,无法买入 SHSE.601900 22700 股，所需资金 568408.11，当前现金 567600.52
20260124 23:08:30- INFO- 资金不足,无法买入 SZSE.002527 278300 股，所需资金 3653025.11，当前现金 3646434.73
20260124 23:08:30- INFO- 资金不足,无法买入 SZSE.002514 548600 股，所需资金 5810305.20，当前现金 5804846.03
20260124 23:08:32- INFO- 资金不足,无法买入 SHSE.601900 192800 股，所需资金 4228837.00，当前现金 4224927.13
20260124 23:08:32- INFO- 资金不足,无法买入 SZSE.002559 520900 股，所需资金 4760113.97，当前现金 4751216.92
20260124 23:08:32- INFO- 资金不足,无法买入 SHSE.600595 1457900 股，所需资金 4586966.19，当前现金 4582663.28
20260124 23:08:35- INFO- 资金不足,无法买入 SZSE.002902 104100 股，所需资金 2839272.04，当前现金 2834965.82
20260124 23:08:35- INFO- 资金不足,无法买入 SZSE.002902 217700 股，所需资金 5763143.02，当前现金 5757920.02
20260124 23:08:37- INFO- 资金不足,无法买入 SZSE.002514 472500 股，所需资金 5056397.65，当前现金 5047323.01
20260124 23:08:37- INFO- 资金不足,无法买入 SZSE.002369 196300 股，所需资金 1270635.46，当前现金 1268921.69
20260124 23:08:38- INFO- 资金不足,无法买入 SHSE.603985 111500 股，所需资金 5030891.71，当前现金 5030000.64
20260124 23:08:39- INFO- 资金不足,无法买入 SZSE.002512 859900 股，所需资金 5083561.89，当前现金 5078630.62
20260124 23:08:45- INFO- 资金不足,无法买入 SZSE.002463 168600 股，所需资金 4248774.82，当前现金 4246961.18
20260124 23:08:47- INFO- 资金不足,无法买入 SZSE.002902 135300 股，所需资金 4514505.49，当前现金 4512022.65
20260124 23:08:47- INFO- 资金不足,无法买入 SZSE.002298 1255700 股，所需资金 8706831.58，当前现金 8698374.32
20260124 23:08:51- INFO- 资金不足,无法买入 SZSE.002455 133000 股，所需资金 1572540.37，当前现金 1568260.18
20260124 23:08:52- INFO- 资金不足,无法买入 SHSE.600501 278000 股，所需资金 4590607.46，当前现金 4587067.57
20260124 23:08:56- INFO- 资金不足,无法买入 SZSE.000099 93800 股，所需资金 1746291.35，当前现金 1741985.15
20260124 23:08:56- INFO- 资金不足,无法买入 SZSE.000099 207000 股，所需资金 3994797.63，当前现金 3985908.93
20260124 23:09:01- INFO- 资金不足,无法买入 SZSE.000595 245800 股，所需资金 2278199.57，当前现金 2272117.02
20260124 23:09:02- INFO- 资金不足,无法买入 SZSE.002628 912300 股，所需资金 4854006.47，当前现金 4845894.94
20260124 23:09:02- INFO- 资金不足,无法买入 SHSE.600589 290300 股，所需资金 1282784.73，当前现金 1278535.33
20260124 23:09:02- INFO- 资金不足,无法买入 SHSE.600353 108500 股，所需资金 1065427.66，当前现金 1060354.42
20260124 23:09:02- INFO- 资金不足,无法买入 SZSE.000958 221200 股，所需资金 1983701.46，当前现金 1975926.56
20260124 23:09:04- INFO- 资金不足,无法买入 SZSE.002312 107200 股，所需资金 2179440.35，当前现金 2173521.81
20260124 23:09:05- INFO- 资金不足,无法买入 SZSE.002717 1544500 股，所需资金 6035603.12，当前现金 6023583.10
20260124 23:09:05- INFO- 资金不足,无法买入 SHSE.600340 544200 股，所需资金 1908511.30，当前现金 1903249.93
20260124 23:09:05- INFO- 资金不足,无法买入 SZSE.002501 750700 股，所需资金 1730064.95，当前现金 1728148.09
20260124 23:09:06- INFO- 资金不足,无法买入 SZSE.002067 2223400 股，所需资金 9624307.78，当前现金 9615119.51
20260124 23:09:06- INFO- 资金不足,无法买入 SZSE.002491 987100 股，所需资金 5301443.00，当前现金 5291218.92
20260124 23:09:07- INFO- 资金不足,无法买入 SHSE.601011 1706700 股，所需资金 5044839.56，当前现金 5034954.63
20260124 23:09:08- INFO- 资金不足,无法买入 SZSE.000034 17400 股，所需资金 741502.78，当前现金 740945.28
20260124 23:09:09- INFO- 资金不足,无法买入 SHSE.603990 277000 股，所需资金 3888535.42，当前现金 3879578.08
20260124 23:09:09- INFO- 资金不足,无法买入 SZSE.002044 1706700 股，所需资金 12483840.28，当前现金 12471618.94
20260124 23:09:09- INFO- 资金不足,无法买入 SZSE.000096 281000 股，所需资金 4167121.76，当前现金 4163497.54
20260124 23:09:10- INFO- 资金不足,无法买入 SHSE.600825 1142600 股，所需资金 8529403.25，当前现金 8521257.52
20260124 23:09:10- INFO- 资金不足,无法买入 SHSE.600825 358700 股，所需资金 2695633.19，当前现金 2688719.40
20260124 23:09:13- INFO- 资金不足,无法买入 SZSE.002094 909800 股，所需资金 6828037.62，当前现金 6821860.39
20260124 23:09:13- INFO- 资金不足,无法买入 SZSE.000601 1251700 股，所需资金 7362181.31，当前现金 7355176.99
20260124 23:09:14- INFO- 资金不足,无法买入 SHSE.600592 529700 股，所需资金 14813509.64，当前现金 14801106.68
20260124 23:09:15- INFO- 资金不足,无法买入 SZSE.002365 329200 股，所需资金 6960019.19，当前现金 6954865.11
20260124 23:09:16- INFO- 资金不足,无法买入 SZSE.002550 852400 股，所需资金 7345308.61，当前现金 7331163.83
20260124 23:09:16- INFO- 资金不足,无法买入 SZSE.002345 61500 股，所需资金 917567.39，当前现金 915814.58
20260124 23:09:17- INFO- 资金不足,无法买入 SHSE.600366 1383400 股，所需资金 15663700.47，当前现金 15649056.72
20260124 23:09:17- INFO- 资金不足,无法买入 SZSE.002365 158500 股，所需资金 4157833.21，当前现金 4151577.79
20260124 23:09:18- INFO- 资金不足,无法买入 SHSE.603123 544700 股，所需资金 7832085.71，当前现金 7824340.80
20260124 23:09:18- INFO- 资金不足,无法买入 SZSE.002579 348100 股，所需资金 4813392.36，当前现金 4804132.35
20260124 23:09:18- INFO- 资金不足,无法买入 SZSE.002562 1720300 股，所需资金 10463115.88，当前现金 10453124.13
20260124 23:09:18- INFO- 资金不足,无法买入 SHSE.603936 2112300 股，所需资金 21694398.80，当前现金 21673691.74
20260124 23:09:19- INFO- 资金不足,无法买入 SHSE.600475 644700 股，所需资金 10258321.91，当前现金 10249196.22
20260124 23:09:20- INFO- 资金不足,无法买入 SHSE.600326 204000 股，所需资金 3763155.04，当前现金 3749723.51
20260124 23:09:20- INFO- 资金不足,无法买入 SZSE.000813 1729600 股，所需资金 7902757.84，当前现金 7887300.07
20260124 23:09:20- INFO- 资金不足,无法买入 SHSE.601089 252900 股，所需资金 7070028.88，当前现金 7058166.21
20260124 23:09:20- INFO- 资金不足,无法买入 SHSE.600651 1154700 股，所需资金 7462718.08，当前现金 7449477.77
20260124 23:09:21- INFO- 资金不足,无法买入 SZSE.002302 2171700 股，所需资金 16429144.07，当前现金 16413135.46
20260124 23:09:21- INFO- 资金不足,无法买入 SZSE.002298 179300 股，所需资金 1676216.41，当前现金 1671439.11
20260124 23:09:21- INFO- 资金不足,无法买入 SZSE.002941 207600 股，所需资金 3299124.29，当前现金 3292737.07
20260124 23:09:23- INFO- 资金不足,无法买入 SHSE.600776 353000 股，所需资金 4916518.31，当前现金 4900922.22
20260124 23:09:23- INFO- 资金不足,无法买入 SHSE.603297 51400 股，所需资金 6025318.59，当前现金 6023437.81
20260124 23:09:28- INFO- 资金不足,无法买入 SHSE.603327 1162800 股，所需资金 15146647.92，当前现金 15131521.69
20260124 23:09:29- INFO- 资金不足,无法买入 SHSE.600343 148200 股，所需资金 5605744.69，当前现金 5577612.23
20260124 23:09:29- INFO- 资金不足,无法买入 SZSE.002788 861900 股，所需资金 16408868.58，当前现金 16394186.31
20260124 23:09:30- INFO- 资金不足,无法买入 SZSE.000700 351100 股，所需资金 4900609.54，当前现金 4878781.15
20260124 23:09:30- INFO- 资金不足,无法买入 SZSE.002347 355000 股，所需资金 4535307.03，当前现金 4514655.11
20260124 23:09:30- INFO- 资金不足,无法买入 SZSE.000516 1203400 股，所需资金 5920517.30，当前现金 5894743.64
20260124 23:09:30- INFO- 资金不足,无法买入 SZSE.002703 368500 股，所需资金 9493092.74，当前现金 9460093.75
20260124 23:09:30- INFO- 资金不足,无法买入 SHSE.603650 366400 股，所需资金 20552114.66，当前现金 20516507.32
20260124 23:09:30- INFO- 资金不足,无法买入 SHSE.600266 494100 股，所需资金 3440866.42，当前现金 3432257.10
20260124 23:09:31- INFO- 回测结果:
    指标名称                 指标值
  回测开始日期 2021-01-04 00:00:00
  回测结束日期 2026-01-23 00:00:00
    策略胜率              46.33%
   策略盈亏比                1.74
  策略总收益率             944.35%
 策略年化收益率              59.06%
    最大回撤             -43.53%
最大回撤开始日期 2022-08-23 00:00:00
最大回撤结束日期 2023-05-23 00:00:00
    夏普比率                1.33
    最终净值             10.4435
20260127 18:34:44- INFO- 回测信号参数: {'low': -5, 'high': -2.5, 'mv_min': 35, 'mv_max': 1000, 'prev_limit_status': ['断板', '炸板'], 'avg_limit_turnover_5_min': -1}
20260127 18:34:45- INFO- 回测时间区间: 2024-01-01 至 2026-01-27
20260127 18:34:45- INFO- 使用40个进程并行处理，共355个日期任务
20260127 18:36:02- INFO- 所有回测任务完成，共处理355个日期的结果
20260127 18:36:04- INFO- 总调整天数: 40, 调整正确率: 62.30%, 预计平均亏损改善: 3.4801%
20260127 18:36:05- INFO- 总调整天数: 42, 调整正确率: 55.56%, 预计平均亏损改善: 2.4734%
20260127 18:36:05- INFO- 回测结果(不风控):
20260127 18:36:05- INFO- 
回测时间:2025-01-02 - 2026-01-27
策略胜率: 50.86%
策略盈亏比: 1.38
每日平均开仓个数: 2.72
平均持仓天数: 1.89 天
每单位风险期望收益:0.2110
策略总收益率: 219.76%
策略年化收益率: 196.80%
最大回撤: -17.24%
最大回撤阶段: 2025-02-25 至 2025-03-07
夏普比率: 2.69
策略超额年化收益率: 171.83%
最终净值: 3.1976
20260127 18:36:05- INFO- 回测结果(触及跌停风控):
20260127 18:36:05- INFO- 
回测时间:2025-01-02 - 2026-01-27
策略胜率: 53.53%
策略盈亏比: 1.54
每日平均开仓个数: 2.72
平均持仓天数: 1.89 天
每单位风险期望收益:0.3574
策略总收益率: 283.08%
策略年化收益率: 251.48%
最大回撤: -11.94%
最大回撤阶段: 2025-04-10 至 2025-05-22
夏普比率: 3.44
策略超额年化收益率: 226.51%
最终净值: 3.8308
20260127 18:36:05- INFO- 回测结果(买点下移风控):
20260127 18:36:05- INFO- 
回测时间:2025-01-02 - 2026-01-27
策略胜率: 50.18%
策略盈亏比: 1.48
每日平均开仓个数: 2.72
平均持仓天数: 1.89 天
每单位风险期望收益:0.2444
策略总收益率: 247.65%
策略年化收益率: 220.96%
最大回撤: -15.20%
最大回撤阶段: 2025-02-25 至 2025-03-07
夏普比率: 2.98
策略超额年化收益率: 195.99%
最终净值: 3.4765
20260127 18:37:23- INFO- 资金不足,无法买入 SZSE.002463 151900 股，所需资金 3827929.39，当前现金 3824963.09
20260127 18:37:25- INFO- 资金不足,无法买入 SHSE.603728 58700 股，所需资金 3970766.64，当前现金 3970179.92
20260127 18:37:25- INFO- 资金不足,无法买入 SZSE.002298 277100 股，所需资金 1921368.98，当前现金 1919542.25
20260127 18:37:29- INFO- 资金不足,无法买入 SHSE.600744 173200 股，所需资金 701128.16，当前现金 699384.54
20260127 18:37:30- INFO- 资金不足,无法买入 SHSE.600501 124900 股，所需资金 2062470.76，当前现金 2060533.66
20260127 18:37:30- INFO- 资金不足,无法买入 SZSE.000564 1656700 股，所需资金 3486031.62，当前现金 3482626.31
20260127 18:37:34- INFO- 资金不足,无法买入 SZSE.000099 41200 股，所需资金 767027.76，当前现金 765954.81
20260127 18:37:34- INFO- 资金不足,无法买入 SHSE.603728 43000 股，所需资金 1754032.81，当前现金 1752742.85
20260127 18:37:45- INFO- 总调整天数: 40, 调整正确率: 62.30%, 预计平均亏损改善: 3.4801%
20260127 18:37:45- INFO- 总调整天数: 42, 调整正确率: 55.56%, 预计平均亏损改善: 2.4734%
20260127 18:37:45- INFO- 回测结果(不风控):
20260127 18:37:45- INFO- 
回测时间:2024-01-02 - 2026-01-27
策略胜率: 47.54%
策略盈亏比: 1.33
每日平均开仓个数: 2.93
平均持仓天数: 1.88 天
每单位风险期望收益:0.1073
策略总收益率: 279.99%
策略年化收益率: 90.51%
最大回撤: -29.23%
最大回撤阶段: 2024-10-30 至 2024-12-31
夏普比率: 1.77
策略超额年化收益率: 72.97%
最终净值: 3.7999
20260127 18:37:46- INFO- 回测结果(触及跌停风控):
20260127 18:37:46- INFO- 
回测时间:2024-01-02 - 2026-01-27
策略胜率: 49.12%
策略盈亏比: 1.42
每日平均开仓个数: 2.93
平均持仓天数: 1.88 天
每单位风险期望收益:0.1894
策略总收益率: 297.55%
策略年化收益率: 94.71%
最大回撤: -24.37%
最大回撤阶段: 2024-10-30 至 2024-12-31
夏普比率: 1.97
策略超额年化收益率: 77.17%
最终净值: 3.9755
20260127 18:37:46- INFO- 回测结果(买点下移风控):
20260127 18:37:46- INFO- 
回测时间:2024-01-02 - 2026-01-27
策略胜率: 46.90%
策略盈亏比: 1.40
每日平均开仓个数: 2.93
平均持仓天数: 1.88 天
每单位风险期望收益:0.1259
策略总收益率: 282.36%
策略年化收益率: 91.08%
最大回撤: -25.26%
最大回撤阶段: 2024-10-30 至 2024-12-31
夏普比率: 1.83
策略超额年化收益率: 73.54%
最终净值: 3.8236
20260127 18:39:41- INFO- 回测信号参数: {'low': -5, 'high': -2.5, 'mv_min': 35, 'mv_max': 1000, 'prev_limit_status': ['断板', '炸板'], 'avg_limit_turnover_5_min': -1}
20260127 18:39:42- INFO- 回测时间区间: 2024-01-01 至 2026-01-27
20260127 18:39:42- INFO- 使用40个进程并行处理，共355个日期任务
20260127 18:40:58- INFO- 所有回测任务完成，共处理355个日期的结果
20260127 18:41:00- INFO- 总调整天数: 39, 调整正确率: 63.33%, 预计平均亏损改善: 3.4634%
20260127 18:41:00- INFO- 总调整天数: 42, 调整正确率: 55.56%, 预计平均亏损改善: 2.4672%
20260127 18:41:00- INFO- 回测结果(不风控):
20260127 18:41:00- INFO- 
回测时间:2024-01-02 - 2026-01-27
策略胜率: 47.54%
策略盈亏比: 1.33
每日平均开仓个数: 2.93
平均持仓天数: 1.90 天
每单位风险期望收益:0.1069
策略总收益率: 277.00%
策略年化收益率: 89.78%
最大回撤: -29.03%
最大回撤阶段: 2024-10-30 至 2024-12-31
夏普比率: 1.76
策略超额年化收益率: 72.25%
最终净值: 3.7700
20260127 18:41:00- INFO- 回测结果(触及跌停风控):
20260127 18:41:00- INFO- 
回测时间:2024-01-02 - 2026-01-27
策略胜率: 49.24%
策略盈亏比: 1.42
每日平均开仓个数: 2.93
平均持仓天数: 1.90 天
每单位风险期望收益:0.1918
策略总收益率: 311.93%
策略年化收益率: 98.08%
最大回撤: -24.37%
最大回撤阶段: 2024-10-30 至 2024-12-31
夏普比率: 2.01
策略超额年化收益率: 80.54%
最终净值: 4.1193
20260127 18:41:00- INFO- 回测结果(买点下移风控):
20260127 18:41:00- INFO- 
回测时间:2024-01-02 - 2026-01-27
策略胜率: 46.96%
策略盈亏比: 1.40
每日平均开仓个数: 2.93
平均持仓天数: 1.90 天
每单位风险期望收益:0.1256
策略总收益率: 281.04%
策略年化收益率: 90.76%
最大回撤: -25.05%
最大回撤阶段: 2024-10-30 至 2024-12-31
夏普比率: 1.82
策略超额年化收益率: 73.22%
最终净值: 3.8104
20260127 18:41:05- INFO- 资金不足,无法买入 SZSE.002463 151900 股，所需资金 3827929.39，当前现金 3824963.09
20260127 18:41:07- INFO- 资金不足,无法买入 SHSE.603728 58700 股，所需资金 3970766.64，当前现金 3970179.92
20260127 18:41:07- INFO- 资金不足,无法买入 SZSE.002298 277100 股，所需资金 1921368.98，当前现金 1919542.25
20260127 18:41:10- INFO- 资金不足,无法买入 SHSE.600744 173200 股，所需资金 701128.16，当前现金 699384.54
20260127 18:41:12- INFO- 资金不足,无法买入 SHSE.600501 124900 股，所需资金 2062470.76，当前现金 2060533.66
20260127 18:41:16- INFO- 资金不足,无法买入 SZSE.000099 42300 股，所需资金 787506.65，当前现金 785764.28
20260127 18:41:16- INFO- 资金不足,无法买入 SHSE.603728 44100 股，所需资金 1798903.42，当前现金 1796135.52
20260127 18:41:21- INFO- 资金不足,无法买入 SZSE.002628 406500 股，所需资金 2162834.19，当前现金 2161712.78
20260127 18:41:21- INFO- 资金不足,无法买入 SHSE.601933 191300 股，所需资金 910493.26，当前现金 907697.94
20260127 18:41:22- INFO- 资金不足,无法买入 SHSE.600203 70200 股，所需资金 950299.75，当前现金 948869.63
20260127 18:41:24- INFO- 资金不足,无法买入 SZSE.000564 247400 股，所需资金 867632.67，当前现金 867515.96
20260127 18:41:24- INFO- 资金不足,无法买入 SZSE.002131 567400 股，所需资金 2785823.30，当前现金 2780364.56
20260127 18:41:24- INFO- 资金不足,无法买入 SZSE.002177 182800 股，所需资金 1109984.64，当前现金 1106032.64
20260127 18:41:26- INFO- 资金不足,无法买入 SHSE.601011 817100 股，所需资金 2415268.30，当前现金 2410575.01
20260127 18:41:28- INFO- 资金不足,无法买入 SHSE.600186 694200 股，所需资金 5349080.13，当前现金 5344202.30
20260127 18:41:29- INFO- 资金不足,无法买入 SHSE.600825 216800 股，所需资金 1618391.94，当前现金 1617240.89
20260127 18:41:29- INFO- 资金不足,无法买入 SHSE.600825 171300 股，所需资金 1287320.78，当前现金 1285745.59
20260127 18:41:32- INFO- 资金不足,无法买入 SHSE.600598 50200 股，所需资金 829957.43，当前现金 828118.62
20260127 18:41:32- INFO- 资金不足,无法买入 SHSE.603688 31200 股，所需资金 1328653.33，当前现金 1327861.81
20260127 18:41:35- INFO- 资金不足,无法买入 SZSE.002365 159200 股，所需资金 3365841.60，当前现金 3363370.84
20260127 18:41:37- INFO- 资金不足,无法买入 SZSE.002365 73300 股，所需资金 1922833.91，当前现金 1919836.05
20260127 18:41:37- INFO- 资金不足,无法买入 SHSE.603123 265900 股，所需资金 3823300.15，当前现金 3819603.11
20260127 18:41:38- INFO- 资金不足,无法买入 SZSE.002562 843500 股，所需资金 5130290.21，当前现金 5125382.95
20260127 18:41:38- INFO- 资金不足,无法买入 SHSE.603936 1035700 股，所需资金 10637167.47，当前现金 10626917.15
20260127 18:41:38- INFO- 资金不足,无法买入 SHSE.600475 316100 股，所需资金 5029712.36，当前现金 5025817.08
20260127 18:41:40- INFO- 资金不足,无法买入 SZSE.002097 428100 股，所需资金 7210760.92，当前现金 7203904.37
20260127 18:41:40- INFO- 资金不足,无法买入 SHSE.600619 192100 股，所需资金 3560961.25，当前现金 3553963.55
20260127 18:41:40- INFO- 资金不足,无法买入 SZSE.000501 397700 股，所需资金 4534882.18，当前现金 4527235.90
20260127 18:41:41- INFO- 资金不足,无法买入 SHSE.601606 42700 股，所需资金 2502948.40，当前现金 2497136.95
20260127 18:41:43- INFO- 资金不足,无法买入 SHSE.600776 176100 股，所需资金 2452688.03，当前现金 2449355.60
20260127 18:41:47- INFO- 资金不足,无法买入 SHSE.603906 611600 股，所需资金 11950064.33，当前现金 11939149.19
20260127 18:41:49- INFO- 资金不足,无法买入 SZSE.002788 438800 股，所需资金 8353882.74，当前现金 8346329.64
20260127 18:41:50- INFO- 资金不足,无法买入 SHSE.600855 127300 股，所需资金 3199072.56，当前现金 3193725.54
20260127 18:41:50- INFO- 资金不足,无法买入 SZSE.002703 197100 股，所需资金 5077580.95，当前现金 5062951.96
20260127 18:41:50- INFO- 资金不足,无法买入 SHSE.600266 368700 股，所需资金 2567592.49，当前现金 2557696.90
20260127 18:41:51- INFO- 回测结果:
    指标名称                 指标值
  回测开始日期 2024-01-02 00:00:00
  回测结束日期 2026-01-27 00:00:00
    策略胜率              49.28%
   策略盈亏比                1.78
  策略总收益率             432.24%
 策略年化收益率             124.17%
    最大回撤             -22.86%
最大回撤开始日期 2024-05-13 00:00:00
最大回撤结束日期 2024-06-04 00:00:00
    夏普比率                2.38
    最终净值              5.3224
20260127 22:35:04- INFO- 回测信号参数: {'low': -5, 'high': -2.5, 'mv_min': 35, 'mv_max': 1000, 'prev_limit_status': ['断板', '炸板'], 'avg_limit_turnover_5_min': -1}
20260127 22:35:05- INFO- 回测时间区间: 2024-01-01 至 2026-01-27
20260127 22:35:05- INFO- 使用40个进程并行处理，共355个日期任务
20260127 22:36:09- INFO- 所有回测任务完成，共处理355个日期的结果
20260127 22:36:11- INFO- 总调整天数: 41, 调整正确率: 64.62%, 预计平均亏损改善: 3.3312%
20260127 22:36:12- INFO- 总调整天数: 45, 调整正确率: 48.11%, 预计平均亏损改善: 2.3489%
20260127 22:36:12- INFO- 回测结果(不风控):
20260127 22:36:12- INFO- 
回测时间:2021-01-04 - 2026-01-27
策略胜率: 46.96%
策略盈亏比: 1.41
每日平均开仓个数: 2.93
平均持仓天数: 1.64 天
每单位风险期望收益:0.1335
策略总收益率: 318.18%
策略年化收益率: 32.64%
最大回撤: -27.32%
最大回撤阶段: 2024-10-30 至 2024-12-31
夏普比率: 1.16
策略超额年化收益率: 29.28%
最终净值: 4.1818
20260127 22:36:12- INFO- 回测结果(触及跌停风控):
20260127 22:36:12- INFO- 
回测时间:2021-01-04 - 2026-01-27
策略胜率: 47.62%
策略盈亏比: 1.54
每日平均开仓个数: 2.93
平均持仓天数: 1.64 天
每单位风险期望收益:0.2113
策略总收益率: 334.07%
策略年化收益率: 33.62%
最大回撤: -24.62%
最大回撤阶段: 2024-10-30 至 2024-12-31
夏普比率: 1.29
策略超额年化收益率: 30.26%
最终净值: 4.3407
20260127 22:36:13- INFO- 回测结果(买点下移风控):
20260127 22:36:13- INFO- 
回测时间:2021-01-04 - 2026-01-27
策略胜率: 45.58%
策略盈亏比: 1.50
每日平均开仓个数: 2.93
平均持仓天数: 1.64 天
每单位风险期望收益:0.1377
策略总收益率: 286.79%
策略年化收益率: 30.61%
最大回撤: -24.75%
最大回撤阶段: 2024-10-30 至 2024-12-31
夏普比率: 1.14
策略超额年化收益率: 27.26%
最终净值: 3.8679
20260127 22:36:27- INFO- 资金不足,无法买入 SZSE.002455 58600 股，所需资金 692863.65，当前现金 692292.56
20260127 22:36:30- INFO- 资金不足,无法买入 SZSE.000564 914500 股，所需资金 1924292.82，当前现金 1922511.70
20260127 22:36:36- INFO- 资金不足,无法买入 SZSE.000099 93000 股，所需资金 1794764.15，当前现金 1792294.94
20260127 22:36:51- INFO- 资金不足,无法买入 SHSE.601011 796500 股，所需资金 2354376.70，当前现金 2350222.49
20260127 22:36:55- INFO- 资金不足,无法买入 SHSE.600825 614300 股，所需资金 4585692.65，当前现金 4581770.72
20260127 22:36:56- INFO- 资金不足,无法买入 SZSE.000880 39500 股，所需资金 1217847.05，当前现金 1215649.45
20260127 22:36:58- INFO- 资金不足,无法买入 SZSE.002448 159900 股，所需资金 1560542.41，当前现金 1557672.01
20260127 22:37:04- INFO- 资金不足,无法买入 SZSE.002365 156800 股，所需资金 3315100.27，当前现金 3312895.34
20260127 22:37:07- INFO- 资金不足,无法买入 SHSE.603123 266400 股，所需资金 3830489.50，当前现金 3827546.92
20260127 22:37:11- INFO- 资金不足,无法买入 SZSE.000813 524600 股，所需资金 2396962.74，当前现金 2392994.87
20260127 22:37:12- INFO- 资金不足,无法买入 SHSE.600619 221000 股，所需资金 4096681.09，当前现金 4089386.61
20260127 22:37:13- INFO- 资金不足,无法买入 SZSE.002302 1452300 股，所需资金 10986805.69，当前现金 10976415.46
20260127 22:37:29- INFO- 回测结果:
    指标名称                 指标值
  回测开始日期 2024-01-02 00:00:00
  回测结束日期 2026-01-27 00:00:00
    策略胜率              48.63%
   策略盈亏比                1.89
  策略总收益率             442.48%
 策略年化收益率             126.24%
    最大回撤             -24.46%
最大回撤开始日期 2024-05-13 00:00:00
最大回撤结束日期 2024-06-04 00:00:00
    夏普比率                2.43
    最终净值              5.4248
20260127 22:46:34- INFO- 回测信号参数: {'low': -5, 'high': -2.5, 'mv_min': 35, 'mv_max': 1000, 'prev_limit_status': ['断板', '炸板'], 'avg_limit_turnover_5_min': -1}
20260127 22:46:35- INFO- 回测时间区间: 2021-01-01 至 2026-01-27
20260127 22:46:36- INFO- 使用40个进程并行处理，共842个日期任务
20260127 22:48:58- INFO- 所有回测任务完成，共处理842个日期的结果
20260127 22:49:02- INFO- 总调整天数: 92, 调整正确率: 60.56%, 预计平均亏损改善: 2.8204%
20260127 22:49:02- INFO- 总调整天数: 144, 调整正确率: 54.35%, 预计平均亏损改善: 2.4309%
20260127 22:49:02- INFO- 回测结果(不风控):
20260127 22:49:02- INFO- 
回测时间:2021-01-04 - 2026-01-27
策略胜率: 45.17%
策略盈亏比: 1.44
每日平均开仓个数: 2.41
平均持仓天数: 1.63 天
每单位风险期望收益:0.1016
策略总收益率: 687.21%
策略年化收益率: 50.28%
最大回撤: -48.07%
最大回撤阶段: 2022-07-21 至 2023-05-23
夏普比率: 1.18
策略超额年化收益率: 46.92%
最终净值: 7.8721
20260127 22:49:03- INFO- 回测结果(触及跌停风控):
20260127 22:49:03- INFO- 
回测时间:2021-01-04 - 2026-01-27
策略胜率: 45.74%
策略盈亏比: 1.58
每日平均开仓个数: 2.41
平均持仓天数: 1.63 天
每单位风险期望收益:0.1786
策略总收益率: 1151.28%
策略年化收益率: 64.67%
最大回撤: -46.60%
最大回撤阶段: 2022-08-16 至 2023-05-23
夏普比率: 1.53
策略超额年化收益率: 61.32%
最终净值: 12.5128
20260127 22:49:03- INFO- 回测结果(买点下移风控):
20260127 22:49:03- INFO- 
回测时间:2021-01-04 - 2026-01-27
策略胜率: 44.00%
策略盈亏比: 1.51
每日平均开仓个数: 2.41
平均持仓天数: 1.63 天
每单位风险期望收益:0.1036
策略总收益率: 602.54%
策略年化收益率: 46.94%
最大回撤: -43.73%
最大回撤阶段: 2022-07-21 至 2023-05-17
夏普比率: 1.16
策略超额年化收益率: 43.59%
最终净值: 7.0254
20260127 22:49:13- INFO- 资金不足,无法买入 SZSE.002455 58400 股，所需资金 690498.93，当前现金 689744.55
20260127 22:49:14- INFO- 资金不足,无法买入 SZSE.000564 911500 股，所需资金 1917980.21，当前现金 1916181.01
20260127 22:49:18- INFO- 资金不足,无法买入 SZSE.000099 42000 股，所需资金 781921.50，当前现金 781508.82
20260127 22:49:29- INFO- 资金不足,无法买入 SHSE.601011 793800 股，所需资金 2346395.76，当前现金 2342372.33
20260127 22:49:32- INFO- 资金不足,无法买入 SZSE.002474 101800 股，所需资金 774208.10，当前现金 772645.31
20260127 22:49:32- INFO- 资金不足,无法买入 SHSE.600825 610900 股，所需资金 4560311.96，当前现金 4556341.71
20260127 22:49:32- INFO- 资金不足,无法买入 SHSE.600203 96300 股，所需资金 1215807.97，当前现金 1213156.74
20260127 22:49:33- INFO- 资金不足,无法买入 SZSE.002086 425300 股，所需资金 1555451.24，当前现金 1553474.86
20260127 22:49:38- INFO- 资金不足,无法买入 SZSE.002365 156300 股，所需资金 3304529.16，当前现金 3301962.59
20260127 22:49:40- INFO- 资金不足,无法买入 SHSE.603123 265500 股，所需资金 3817548.66，当前现金 3813961.35
20260127 22:49:40- INFO- 资金不足,无法买入 SZSE.001298 114700 股，所需资金 3901857.02，当前现金 3896117.11
20260127 22:49:42- INFO- 资金不足,无法买入 SZSE.002570 313300 股，所需资金 2388983.81，当前现金 2384578.56
20260127 22:49:43- INFO- 资金不足,无法买入 SHSE.600651 631600 股，所需资金 4081971.71，当前现金 4074006.91
20260127 22:49:43- INFO- 资金不足,无法买入 SZSE.002302 1447300 股，所需资金 10948980.16，当前现金 10938695.93
20260127 22:49:54- INFO- 回测结果:
    指标名称                 指标值
  回测开始日期 2024-01-02 00:00:00
  回测结束日期 2026-01-27 00:00:00
    策略胜率              48.69%
   策略盈亏比                1.89
  策略总收益率             440.66%
 策略年化收益率             125.87%
    最大回撤             -24.46%
最大回撤开始日期 2024-05-13 00:00:00
最大回撤结束日期 2024-06-04 00:00:00
    夏普比率                2.42
    最终净值              5.4066
20260128 00:14:01- INFO- 
回测时间:2021-01-04 - 2026-01-27
策略胜率: 45.17%
策略盈亏比: 1.44
每日平均开仓个数: 2.41
平均持仓天数: 1.63 天
每单位风险期望收益:0.1016
策略总收益率: 687.21%
策略年化收益率: 50.28%
最大回撤: -48.07%
最大回撤阶段: 2022-07-21 至 2023-05-23
夏普比率: 1.18
策略超额年化收益率: 46.92%
最终净值: 7.8721
20260128 00:14:01- INFO- 回测结果(触及跌停风控):
20260128 00:14:01- INFO- 
回测时间:2021-01-04 - 2026-01-27
策略胜率: 45.74%
策略盈亏比: 1.58
每日平均开仓个数: 2.41
平均持仓天数: 1.63 天
每单位风险期望收益:0.1786
策略总收益率: 1151.28%
策略年化收益率: 64.67%
最大回撤: -46.60%
最大回撤阶段: 2022-08-16 至 2023-05-23
夏普比率: 1.53
策略超额年化收益率: 61.32%
最终净值: 12.5128
20260128 00:14:01- INFO- 回测结果(买点下移风控):
20260128 00:14:01- INFO- 
回测时间:2021-01-04 - 2026-01-27
策略胜率: 44.00%
策略盈亏比: 1.51
每日平均开仓个数: 2.41
平均持仓天数: 1.63 天
每单位风险期望收益:0.1036
策略总收益率: 602.54%
策略年化收益率: 46.94%
最大回撤: -43.73%
最大回撤阶段: 2022-07-21 至 2023-05-17
夏普比率: 1.16
策略超额年化收益率: 43.59%
最终净值: 7.0254
20260201 20:11:14- INFO- 回测信号参数: {'low': -5, 'high': -2.5, 'mv_min': 35, 'mv_max': 1000, 'prev_limit_status': ['断板', '炸板'], 'avg_limit_turnover_5_min': -1}
20260201 20:11:14- INFO- 回测时间区间: 2021-01-01 至 2026-02-01
20260201 20:11:15- INFO- 使用40个进程并行处理，共845个日期任务
20260201 20:14:13- INFO- 所有回测任务完成，共处理845个日期的结果
20260201 20:14:16- INFO- 总调整天数: 92, 调整正确率: 60.56%, 预计平均亏损改善: 2.8204%
20260201 20:14:16- INFO- 总调整天数: 144, 调整正确率: 54.35%, 预计平均亏损改善: 2.4309%
20260201 20:14:16- INFO- 回测结果(不风控):
20260201 20:14:18- INFO- 
回测时间:2024-01-02 - 2026-01-30
策略胜率: 46.91%
策略盈亏比: 1.41
每日平均开仓个数: 2.92
平均持仓天数: 1.64 天
每单位风险期望收益:0.1309
策略总收益率: 339.22%
策略年化收益率: 103.73%
最大回撤: -27.25%
最大回撤阶段: 2024-10-30 至 2024-12-31
夏普比率: 1.90
策略超额年化收益率: 86.57%
最终净值: 4.3922
20260201 20:14:18- INFO- 回测结果(触及跌停风控):
20260201 20:14:18- INFO- 
回测时间:2024-01-02 - 2026-01-30
策略胜率: 47.42%
策略盈亏比: 1.54
每日平均开仓个数: 2.92
平均持仓天数: 1.64 天
每单位风险期望收益:0.2058
策略总收益率: 340.95%
策略年化收益率: 104.12%
最大回撤: -24.62%
最大回撤阶段: 2024-10-30 至 2024-12-31
夏普比率: 2.11
策略超额年化收益率: 86.95%
最终净值: 4.4095
20260201 20:14:19- INFO- 回测结果(买点下移风控):
20260201 20:14:19- INFO- 
回测时间:2024-01-02 - 2026-01-30
策略胜率: 45.48%
策略盈亏比: 1.49
每日平均开仓个数: 2.92
平均持仓天数: 1.64 天
每单位风险期望收益:0.1338
策略总收益率: 294.22%
策略年化收益率: 93.41%
最大回撤: -24.71%
最大回撤阶段: 2024-10-30 至 2024-12-31
夏普比率: 1.89
策略超额年化收益率: 76.25%
最终净值: 3.9422
20260201 20:14:28- INFO- 资金不足,无法买入 SHSE.600682 87800 股，所需资金 691488.91，当前现金 690734.52
20260201 20:14:30- INFO- 资金不足,无法买入 SZSE.000564 911500 股，所需资金 1917980.21，当前现金 1916181.01
20260201 20:14:34- INFO- 资金不足,无法买入 SZSE.000099 42000 股，所需资金 781921.50，当前现金 781508.82
20260201 20:14:45- INFO- 资金不足,无法买入 SHSE.600824 482800 股，所需资金 2346265.50，当前现金 2342242.07
20260201 20:14:48- INFO- 资金不足,无法买入 SZSE.002126 24500 股，所需资金 773294.27，当前现金 771731.48
20260201 20:14:49- INFO- 资金不足,无法买入 SHSE.600825 610900 股，所需资金 4560311.96，当前现金 4556341.71
20260201 20:14:49- INFO- 资金不足,无法买入 SZSE.002599 93300 股，所需资金 1215327.01，当前现金 1212675.78
20260201 20:14:50- INFO- 资金不足,无法买入 SZSE.002448 159300 股，所需资金 1554686.72，当前现金 1552710.33
20260201 20:14:55- INFO- 资金不足,无法买入 SZSE.002365 156300 股，所需资金 3304529.16，当前现金 3301962.59
20260201 20:14:57- INFO- 资金不足,无法买入 SHSE.603123 265500 股，所需资金 3817548.66，当前现金 3813961.35
20260201 20:15:00- INFO- 资金不足,无法买入 SZSE.000813 522800 股，所需资金 2388738.32，当前现金 2384333.07
20260201 20:15:00- INFO- 资金不足,无法买入 SHSE.600651 631600 股，所需资金 4081971.71，当前现金 4074006.91
20260201 20:15:00- INFO- 资金不足,无法买入 SZSE.002302 1447300 股，所需资金 10948980.16，当前现金 10938695.93
20260201 20:15:13- INFO- 回测结果:
    指标名称                 指标值
  回测开始日期 2024-01-02 00:00:00
  回测结束日期 2026-01-30 00:00:00
    策略胜率              48.59%
   策略盈亏比                1.87
  策略总收益率             438.58%
 策略年化收益率             124.73%
    最大回撤             -24.46%
最大回撤开始日期 2024-05-13 00:00:00
最大回撤结束日期 2024-06-04 00:00:00
    夏普比率                2.41
    最终净值              5.3858
20260206 11:06:54- INFO- 回测信号参数: {'low': -5, 'high': -2.5, 'mv_min': 35, 'mv_max': 1000, 'prev_limit_status': ['断板', '炸板'], 'avg_limit_turnover_5_min': -1}
20260206 11:06:55- INFO- 回测时间区间: 2021-01-01 至 2026-02-06
20260206 11:06:55- INFO- 使用40个进程并行处理，共849个日期任务
20260206 11:09:42- INFO- 所有回测任务完成，共处理849个日期的结果
20260206 11:09:45- INFO- 总调整天数: 92, 调整正确率: 60.56%, 预计平均亏损改善: 2.8204%
20260206 11:09:45- INFO- 总调整天数: 144, 调整正确率: 54.35%, 预计平均亏损改善: 2.4309%
20260206 11:09:45- INFO- 回测结果(不风控):
20260206 11:09:46- INFO- 
回测时间:2024-01-02 - 2026-02-05
策略胜率: 46.94%
策略盈亏比: 1.41
每日平均开仓个数: 2.91
平均持仓天数: 1.64 天
每单位风险期望收益:0.1335
策略总收益率: 338.72%
策略年化收益率: 102.49%
最大回撤: -27.25%
最大回撤阶段: 2024-10-30 至 2024-12-31
夏普比率: 1.88
策略超额年化收益率: 86.04%
最终净值: 4.3872
20260206 11:09:47- INFO- 回测结果(触及跌停风控):
20260206 11:09:47- INFO- 
回测时间:2024-01-02 - 2026-02-05
策略胜率: 47.45%
策略盈亏比: 1.55
每日平均开仓个数: 2.91
平均持仓天数: 1.64 天
每单位风险期望收益:0.2081
策略总收益率: 340.44%
策略年化收益率: 102.87%
最大回撤: -24.62%
最大回撤阶段: 2024-10-30 至 2024-12-31
夏普比率: 2.10
策略超额年化收益率: 86.42%
最终净值: 4.4044
20260206 11:09:47- INFO- 回测结果(买点下移风控):
20260206 11:09:47- INFO- 
回测时间:2024-01-02 - 2026-02-05
策略胜率: 45.53%
策略盈亏比: 1.50
每日平均开仓个数: 2.91
平均持仓天数: 1.64 天
每单位风险期望收益:0.1366
策略总收益率: 293.77%
策略年化收益率: 92.31%
最大回撤: -24.71%
最大回撤阶段: 2024-10-30 至 2024-12-31
夏普比率: 1.87
策略超额年化收益率: 75.86%
最终净值: 3.9377
20260206 11:09:55- INFO- 资金不足,无法买入 SHSE.600682 87800 股，所需资金 691488.91，当前现金 690734.52
20260206 11:09:57- INFO- 资金不足,无法买入 SZSE.000564 911500 股，所需资金 1917980.21，当前现金 1916181.01
20260206 11:10:01- INFO- 资金不足,无法买入 SZSE.000099 42000 股，所需资金 781921.50，当前现金 781508.82
20260206 11:10:10- INFO- 资金不足,无法买入 SZSE.002210 297700 股，所需资金 823296.13，当前现金 821868.97
20260206 11:10:11- INFO- 资金不足,无法买入 SHSE.601011 793800 股，所需资金 2346395.76，当前现金 2342372.33
20260206 11:10:14- INFO- 资金不足,无法买入 SHSE.600835 35700 股，所需资金 774093.87，当前现金 772531.08
20260206 11:10:14- INFO- 资金不足,无法买入 SHSE.600825 610900 股，所需资金 4560311.96，当前现金 4556341.71
20260206 11:10:14- INFO- 资金不足,无法买入 SZSE.000880 39400 股，所需资金 1214763.89，当前现金 1212112.65
20260206 11:10:15- INFO- 资金不足,无法买入 SZSE.002448 159300 股，所需资金 1554686.72，当前现金 1552710.33
20260206 11:10:20- INFO- 资金不足,无法买入 SZSE.002365 156300 股，所需资金 3304529.16，当前现金 3301962.59
20260206 11:10:22- INFO- 资金不足,无法买入 SHSE.603123 265500 股，所需资金 3817548.66，当前现金 3813961.35
20260206 11:10:24- INFO- 资金不足,无法买入 SZSE.002570 313300 股，所需资金 2388983.81，当前现金 2384578.56
20260206 11:10:25- INFO- 资金不足,无法买入 SHSE.600651 631600 股，所需资金 4081971.71，当前现金 4074006.91
20260206 11:10:25- INFO- 资金不足,无法买入 SZSE.002302 1447300 股，所需资金 10948980.16，当前现金 10938695.93
20260206 11:10:37- INFO- 回测结果:
    指标名称                 指标值
  回测开始日期 2024-01-02 00:00:00
  回测结束日期 2026-02-05 00:00:00
    策略胜率              48.71%
   策略盈亏比                1.82
  策略总收益率             441.42%
 策略年化收益率             123.87%
    最大回撤             -24.46%
最大回撤开始日期 2024-05-13 00:00:00
最大回撤结束日期 2024-06-04 00:00:00
    夏普比率                2.40
    最终净值              5.4142
20260221 00:13:07- INFO- 回测信号参数: {'low': -5, 'high': -2.5, 'mv_min': 35, 'mv_max': 1000, 'prev_limit_status': ['断板', '炸板'], 'avg_limit_turnover_5_min': -1}
20260221 00:13:09- INFO- 回测时间区间: 2021-01-01 至 2026-02-21
20260221 00:14:11- INFO- 使用40个进程并行处理，共853个日期任务
20260221 00:14:56- INFO- 回测信号参数: {'low': -5, 'high': -2.5, 'mv_min': 35, 'mv_max': 1000, 'prev_limit_status': ['断板', '炸板'], 'avg_limit_turnover_5_min': -1}
20260221 00:14:59- INFO- 回测时间区间: 2025-01-01 至 2026-02-21
20260221 00:59:10- INFO- 使用40个进程并行处理，共221个日期任务
20260221 00:59:55- INFO- 所有回测任务完成，共处理221个日期的结果
20260222 07:20:42- INFO- 回测信号参数: {'low': -5, 'high': -2.5, 'mv_min': 35, 'mv_max': 1000, 'prev_limit_status': ['断板', '炸板'], 'avg_limit_turnover_5_min': -1}
20260224 09:27:17- INFO- 
回测时间:2025-01-02 - 2026-02-13
策略胜率: 51.40%
策略盈亏比: 1.44
每日平均开仓个数: 2.89
平均持仓天数: 1.65 天
每单位风险期望收益:0.2556
策略总收益率: 136.86%
策略年化收益率: 116.69%
最大回撤: -16.21%
最大回撤阶段: 2025-08-27 至 2025-09-26
夏普比率: 2.48
策略超额年化收益率: 94.43%
最终净值: 2.3686
20260224 09:29:24- INFO- 
回测时间:2025-01-02 - 2026-02-13
策略胜率: 51.40%
策略盈亏比: 1.44
每日平均开仓个数: 2.89
平均持仓天数: 1.65 天
每单位风险期望收益:0.2556
策略总收益率: 136.86%
策略年化收益率: 116.69%
最大回撤: -16.21%
最大回撤阶段: 2025-08-27 至 2025-09-26
夏普比率: 2.48
策略超额年化收益率: 94.43%
最终净值: 2.3686
20260224 09:30:23- INFO- 
回测时间:2025-01-02 - 2026-02-13
策略胜率: 51.40%
策略盈亏比: 1.44
每日平均开仓个数: 2.89
平均持仓天数: 1.65 天
每单位风险期望收益:0.2556
策略总收益率: 136.86%
策略年化收益率: 116.69%
最大回撤: -16.21%
最大回撤阶段: 2025-08-27 至 2025-09-26
夏普比率: 2.48
策略超额年化收益率: 94.43%
最终净值: 2.3686
20260224 09:30:58- INFO- 回测结果(触及跌停风控):
20260224 09:30:58- INFO- 
回测时间:2025-01-02 - 2026-02-13
策略胜率: 53.18%
策略盈亏比: 1.72
每日平均开仓个数: 2.89
平均持仓天数: 1.65 天
每单位风险期望收益:0.4486
策略总收益率: 199.08%
策略年化收益率: 167.11%
最大回撤: -7.61%
最大回撤阶段: 2025-07-03 至 2025-07-14
夏普比率: 3.31
策略超额年化收益率: 144.85%
最终净值: 2.9908
20260224 09:31:11- INFO- 日期：2026-02-24
20260224 09:31:11- INFO- 今天的所有信号的股票:
20260224 09:31:11- INFO-   1. SHSE.605060 - 联德股份 - 仓位: 0.4000
20260224 09:31:11- INFO-   2. SZSE.001330 - 博纳影业 - 仓位: 0.4000
20260224 09:31:11- INFO-   3. SZSE.002429 - 兆驰股份 - 仓位: 0.4000
20260303 21:26:25- INFO- 回测信号参数: {'low': -5, 'high': -2.5, 'mv_min': 35, 'mv_max': 1000, 'prev_limit_status': ['断板', '炸板'], 'avg_limit_turnover_5_min': -1}
20260303 21:26:25- INFO- 回测时间区间: 2025-01-01 至 2026-03-03
20260303 21:26:25- INFO- 使用40个进程并行处理，共228个日期任务
20260303 21:26:34- INFO- 所有回测任务完成，共处理228个日期的结果
20260303 21:26:35- INFO- 总调整天数: 27, 调整正确率: 61.33%, 预计平均亏损改善: 3.5480%
20260303 21:26:35- INFO- 总调整天数: 26, 调整正确率: 52.63%, 预计平均亏损改善: 2.2328%
20260303 21:26:35- INFO- 回测结果(不风控):
20260303 21:26:36- INFO- 
回测时间:2025-01-02 - 2026-03-03
策略胜率: 50.40%
策略盈亏比: 1.41
每日平均开仓个数: 2.74
平均持仓天数: 1.65 天
每单位风险期望收益:0.2162
策略总收益率: 178.38%
策略年化收益率: 140.92%
最大回撤: -19.34%
最大回撤阶段: 2026-01-12 至 2026-03-02
夏普比率: 2.32
策略超额年化收益率: 118.66%
最终净值: 2.7838
20260303 21:26:37- INFO- 回测结果(触及跌停风控):
20260303 21:26:37- INFO- 
回测时间:2025-01-02 - 2026-03-03
策略胜率: 51.55%
策略盈亏比: 1.59
每日平均开仓个数: 2.74
平均持仓天数: 1.65 天
每单位风险期望收益:0.3338
策略总收益率: 231.67%
策略年化收益率: 180.03%
最大回撤: -11.50%
最大回撤阶段: 2026-02-06 至 2026-03-02
夏普比率: 2.91
策略超额年化收益率: 157.77%
最终净值: 3.3167
20260303 21:26:37- INFO- 回测结果(买点下移风控):
20260303 21:26:37- INFO- 
回测时间:2025-01-02 - 2026-03-03
策略胜率: 48.79%
策略盈亏比: 1.52
每日平均开仓个数: 2.74
平均持仓天数: 1.65 天
每单位风险期望收益:0.2299
策略总收益率: 184.17%
策略年化收益率: 145.21%
最大回撤: -15.84%
最大回撤阶段: 2026-01-12 至 2026-03-02
夏普比率: 2.42
策略超额年化收益率: 122.95%
最终净值: 2.8417
20260303 21:27:03- INFO- 资金不足,无法买入 SHSE.600825 440000 股，所需资金 3284559.28，当前现金 3281313.95
20260303 21:27:03- INFO- 资金不足,无法买入 SZSE.002599 67000 股，所需资金 872742.87，当前现金 872730.35
20260303 21:27:05- INFO- 资金不足,无法买入 SZSE.002448 114600 股，所需资金 1118437.52，当前现金 1116653.69
20260303 21:27:05- INFO- 资金不足,无法买入 SHSE.601608 221800 股，所需资金 1244565.40，当前现金 1243205.34
20260303 21:27:09- INFO- 资金不足,无法买入 SZSE.002365 112400 股，所需资金 2376385.65，当前现金 2375703.62
20260303 21:27:11- INFO- 资金不足,无法买入 SHSE.603123 190900 股，所需资金 2744896.57，当前现金 2743548.39
20260303 21:27:11- INFO- 资金不足,无法买入 SZSE.001298 82500 股，所需资金 2806479.55，当前现金 2802963.81
20260303 21:27:13- INFO- 资金不足,无法买入 SZSE.000813 376000 股，所需资金 1717990.83，当前现金 1715075.38
20260303 21:27:14- INFO- 资金不足,无法买入 SHSE.600651 454300 股，所需资金 2936098.40，当前现金 2930937.85
20260303 21:27:14- INFO- 资金不足,无法买入 SZSE.002302 1041000 股，所需资金 7875276.96，当前现金 7867433.94
20260303 21:27:22- INFO- 资金不足,无法买入 SZSE.000950 320100 股，所需资金 2052739.33，当前现金 2052044.55
20260303 21:27:26- INFO- 回测结果:
    指标名称                 指标值
  回测开始日期 2024-01-02 00:00:00
  回测结束日期 2026-03-03 00:00:00
    策略胜率              52.64%
   策略盈亏比                1.52
  策略总收益率             264.75%
 策略年化收益率              81.69%
    最大回撤             -11.98%
最大回撤开始日期 2026-02-09 00:00:00
最大回撤结束日期 2026-02-24 00:00:00
    夏普比率                2.26
    最终净值              3.6475
20260309 09:24:04- INFO- 回测信号参数: {'low': -5, 'high': -2.5, 'mv_min': 35, 'mv_max': 1000, 'prev_limit_status': ['断板', '炸板'], 'avg_limit_turnover_5_min': -1}
20260309 09:24:04- INFO- 回测时间区间: 2025-01-01 至 2026-03-09
20260309 09:24:04- INFO- 使用40个进程并行处理，共231个日期任务
20260309 09:24:13- INFO- 所有回测任务完成，共处理231个日期的结果
20260309 09:24:14- INFO- 总调整天数: 27, 调整正确率: 61.33%, 预计平均亏损改善: 3.5480%
20260309 09:24:14- INFO- 总调整天数: 27, 调整正确率: 46.77%, 预计平均亏损改善: 2.4944%
20260309 09:24:14- INFO- 回测结果(不风控):
20260309 09:24:15- INFO- 
回测时间:2025-01-02 - 2026-03-06
策略胜率: 49.92%
策略盈亏比: 1.42
每日平均开仓个数: 2.79
平均持仓天数: 1.64 天
每单位风险期望收益:0.2076
策略总收益率: 177.59%
策略年化收益率: 138.86%
最大回撤: -20.62%
最大回撤阶段: 2026-01-12 至 2026-03-03
夏普比率: 2.29
策略超额年化收益率: 116.73%
最终净值: 2.7759
20260309 09:24:16- INFO- 回测结果(触及跌停风控):
20260309 09:24:16- INFO- 
回测时间:2025-01-02 - 2026-03-06
策略胜率: 50.56%
策略盈亏比: 1.60
每日平均开仓个数: 2.79
平均持仓天数: 1.64 天
每单位风险期望收益:0.3158
策略总收益率: 225.12%
策略年化收益率: 173.32%
最大回撤: -13.25%
最大回撤阶段: 2026-02-06 至 2026-03-06
夏普比率: 2.84
策略超额年化收益率: 151.20%
最终净值: 3.2512
20260309 09:24:16- INFO- 回测结果(买点下移风控):
20260309 09:24:16- INFO- 
回测时间:2025-01-02 - 2026-03-06
策略胜率: 47.83%
策略盈亏比: 1.53
每日平均开仓个数: 2.79
平均持仓天数: 1.64 天
每单位风险期望收益:0.2092
策略总收益率: 171.57%
策略年化收益率: 134.43%
最大回撤: -19.57%
最大回撤阶段: 2026-01-12 至 2026-03-06
夏普比率: 2.30
策略超额年化收益率: 112.31%
最终净值: 2.7157
20260309 09:24:43- INFO- 资金不足,无法买入 SHSE.600825 440000 股，所需资金 3284559.28，当前现金 3281313.95
20260309 09:24:43- INFO- 资金不足,无法买入 SZSE.002599 67000 股，所需资金 872742.87，当前现金 872730.35
20260309 09:24:45- INFO- 资金不足,无法买入 SZSE.002448 114600 股，所需资金 1118437.52，当前现金 1116653.69
20260309 09:24:49- INFO- 资金不足,无法买入 SZSE.002365 112400 股，所需资金 2376385.65，当前现金 2375703.62
20260309 09:24:51- INFO- 资金不足,无法买入 SHSE.603123 190900 股，所需资金 2744896.57，当前现金 2743548.39
20260309 09:24:54- INFO- 资金不足,无法买入 SZSE.002570 225300 股，所需资金 1717963.78，当前现金 1715048.33
20260309 09:24:54- INFO- 资金不足,无法买入 SHSE.600651 454300 股，所需资金 2936098.40，当前现金 2930937.85
20260309 09:24:54- INFO- 资金不足,无法买入 SZSE.002302 1041000 股，所需资金 7875276.96，当前现金 7867433.94
20260309 09:25:08- INFO- 回测结果:
    指标名称                 指标值
  回测开始日期 2024-01-02 00:00:00
  回测结束日期 2026-03-06 00:00:00
    策略胜率              52.63%
   策略盈亏比                1.50
  策略总收益率             261.92%
 策略年化收益率              80.63%
    最大回撤             -11.98%
最大回撤开始日期 2026-02-09 00:00:00
最大回撤结束日期 2026-02-24 00:00:00
    夏普比率                2.24
    最终净值              3.6192
20260310 20:57:05- INFO- 回测信号参数: {'low': -5, 'high': -2.5, 'mv_min': 35, 'mv_max': 1000, 'prev_limit_status': ['断板', '炸板'], 'avg_limit_turnover_5_min': -1}
20260310 20:57:08- INFO- 回测时间区间: 2025-01-01 至 2026-03-10
20260310 20:57:08- INFO- 使用40个进程并行处理，共233个日期任务
20260310 20:57:18- INFO- 所有回测任务完成，共处理233个日期的结果
20260310 20:57:19- INFO- 总调整天数: 27, 调整正确率: 61.33%, 预计平均亏损改善: 3.5480%
20260310 20:57:19- INFO- 总调整天数: 27, 调整正确率: 46.77%, 预计平均亏损改善: 2.4944%
20260310 20:57:19- INFO- 回测结果(不风控):
20260310 20:57:21- INFO- 
回测时间:2025-01-02 - 2026-03-10
策略胜率: 50.54%
策略盈亏比: 1.39
每日平均开仓个数: 2.80
平均持仓天数: 1.65 天
每单位风险期望收益:0.2099
策略总收益率: 183.37%
策略年化收益率: 141.10%
最大回撤: -20.62%
最大回撤阶段: 2026-01-12 至 2026-03-03
夏普比率: 2.32
策略超额年化收益率: 119.23%
最终净值: 2.8337
20260310 20:57:22- INFO- 回测结果(触及跌停风控):
20260310 20:57:22- INFO- 
回测时间:2025-01-02 - 2026-03-10
策略胜率: 51.31%
策略盈亏比: 1.57
每日平均开仓个数: 2.80
平均持仓天数: 1.65 天
每单位风险期望收益:0.3168
策略总收益率: 231.88%
策略年化收益率: 175.54%
最大回撤: -13.15%
最大回撤阶段: 2026-02-06 至 2026-03-05
夏普比率: 2.88
策略超额年化收益率: 153.67%
最终净值: 3.3188
20260310 20:57:23- INFO- 回测结果(买点下移风控):
20260310 20:57:23- INFO- 
回测时间:2025-01-02 - 2026-03-10
策略胜率: 48.50%
策略盈亏比: 1.50
每日平均开仓个数: 2.80
平均持仓天数: 1.65 天
每单位风险期望收益:0.2120
策略总收益率: 177.22%
策略年化收益率: 136.67%
最大回撤: -19.47%
最大回撤阶段: 2026-01-12 至 2026-03-05
夏普比率: 2.34
策略超额年化收益率: 114.80%
最终净值: 2.7722
20260310 20:57:56- INFO- 资金不足,无法买入 SHSE.600825 440000 股，所需资金 3284559.28，当前现金 3281313.95
20260310 20:57:56- INFO- 资金不足,无法买入 SZSE.002599 67000 股，所需资金 872742.87，当前现金 872730.35
20260310 20:57:58- INFO- 资金不足,无法买入 SZSE.002448 114600 股，所需资金 1118437.52，当前现金 1116653.69
20260310 20:58:03- INFO- 资金不足,无法买入 SZSE.002365 112400 股，所需资金 2376385.65，当前现金 2375703.62
20260310 20:58:06- INFO- 资金不足,无法买入 SHSE.603123 190900 股，所需资金 2744896.57，当前现金 2743548.39
20260310 20:58:10- INFO- 资金不足,无法买入 SZSE.000813 376000 股，所需资金 1717990.83，当前现金 1715075.38
20260310 20:58:11- INFO- 资金不足,无法买入 SHSE.600651 454300 股，所需资金 2936098.40，当前现金 2930937.85
20260310 20:58:11- INFO- 资金不足,无法买入 SZSE.002302 1041000 股，所需资金 7875276.96，当前现金 7867433.94
20260310 20:58:28- INFO- 回测结果:
    指标名称                 指标值
  回测开始日期 2024-01-02 00:00:00
  回测结束日期 2026-03-10 00:00:00
    策略胜率              53.20%
   策略盈亏比                1.52
  策略总收益率             290.87%
 策略年化收益率              86.55%
    最大回撤             -11.98%
最大回撤开始日期 2026-02-09 00:00:00
最大回撤结束日期 2026-02-24 00:00:00
    夏普比率                2.35
    最终净值              3.9087
20260312 21:41:41- INFO- 回测信号参数: {'low': -5, 'high': -2.5, 'mv_min': 35, 'mv_max': 1000, 'prev_limit_status': ['断板', '炸板'], 'avg_limit_turnover_5_min': -1}
20260312 21:41:42- INFO- 回测时间区间: 2025-01-01 至 2026-03-12
20260312 21:41:42- INFO- 使用40个进程并行处理，共235个日期任务
20260312 21:41:52- INFO- 所有回测任务完成，共处理235个日期的结果
20260312 21:41:53- INFO- 总调整天数: 27, 调整正确率: 61.33%, 预计平均亏损改善: 3.5480%
20260312 21:41:53- INFO- 总调整天数: 27, 调整正确率: 46.77%, 预计平均亏损改善: 2.4944%
20260312 21:41:53- INFO- 回测结果(不风控):
20260312 21:41:55- INFO- 
回测时间:2025-01-02 - 2026-03-12
策略胜率: 50.84%
策略盈亏比: 1.41
每日平均开仓个数: 2.79
平均持仓天数: 1.65 天
每单位风险期望收益:0.2274
策略总收益率: 234.78%
策略年化收益率: 176.27%
最大回撤: -20.62%
最大回撤阶段: 2026-01-12 至 2026-03-03
夏普比率: 2.58
策略超额年化收益率: 154.36%
最终净值: 3.3478
20260312 21:41:56- INFO- 回测结果(触及跌停风控):
20260312 21:41:56- INFO- 
回测时间:2025-01-02 - 2026-03-12
策略胜率: 51.67%
策略盈亏比: 1.59
每日平均开仓个数: 2.79
平均持仓天数: 1.65 天
每单位风险期望收益:0.3390
策略总收益率: 292.09%
策略年化收益率: 215.54%
最大回撤: -13.15%
最大回撤阶段: 2026-02-06 至 2026-03-05
夏普比率: 3.13
策略超额年化收益率: 193.63%
最终净值: 3.9209
20260312 21:41:56- INFO- 回测结果(买点下移风控):
20260312 21:41:56- INFO- 
回测时间:2025-01-02 - 2026-03-12
策略胜率: 48.84%
策略盈亏比: 1.52
每日平均开仓个数: 2.79
平均持仓天数: 1.65 天
每单位风险期望收益:0.2317
策略总收益率: 227.51%
策略年化收益率: 171.21%
最大回撤: -19.47%
最大回撤阶段: 2026-01-12 至 2026-03-05
夏普比率: 2.60
策略超额年化收益率: 149.31%
最终净值: 3.2751
20260312 21:42:31- INFO- 资金不足,无法买入 SHSE.600825 440000 股，所需资金 3284559.28，当前现金 3281313.95
20260312 21:42:31- INFO- 资金不足,无法买入 SZSE.002599 67000 股，所需资金 872742.87，当前现金 872730.35
20260312 21:42:33- INFO- 资金不足,无法买入 SZSE.002448 114600 股，所需资金 1118437.52，当前现金 1116653.69
20260312 21:42:38- INFO- 资金不足,无法买入 SZSE.002365 112400 股，所需资金 2376385.65，当前现金 2375703.62
20260312 21:42:41- INFO- 资金不足,无法买入 SHSE.603123 190900 股，所需资金 2744896.57，当前现金 2743548.39
20260312 21:42:44- INFO- 资金不足,无法买入 SZSE.002570 225300 股，所需资金 1717963.78，当前现金 1715048.33
20260312 21:42:44- INFO- 资金不足,无法买入 SHSE.600619 158400 股，所需资金 2936263.73，当前现金 2931103.18
20260312 21:42:45- INFO- 资金不足,无法买入 SZSE.002302 1041000 股，所需资金 7875276.96，当前现金 7867433.94
20260312 21:43:02- INFO- 资金不足,无法买入 SZSE.000601 513400 股，所需资金 3446663.00，当前现金 3440561.60
20260312 21:43:02- INFO- 回测结果:
    指标名称                 指标值
  回测开始日期 2024-01-02 00:00:00
  回测结束日期 2026-03-12 00:00:00
    策略胜率              53.59%
   策略盈亏比                1.60
  策略总收益率             341.25%
 策略年化收益率              96.85%
    最大回撤             -11.98%
最大回撤开始日期 2026-02-09 00:00:00
最大回撤结束日期 2026-02-24 00:00:00
    夏普比率                2.49
    最终净值              4.4125
20260317 20:17:31- INFO- 回测信号参数: {'low': -5, 'high': -2.5, 'mv_min': 35, 'mv_max': 1000, 'prev_limit_status': ['断板', '炸板'], 'avg_limit_turnover_5_min': -1}
20260317 20:17:31- INFO- 回测时间区间: 2025-01-01 至 2026-03-17
20260317 20:17:31- INFO- 使用40个进程并行处理，共238个日期任务
20260317 20:17:40- INFO- 获取SHSE.600821在2026-03-17 到 2026-04-01股票数据失败
20260317 20:17:40- INFO- 所有回测任务完成，共处理237个日期的结果
20260317 20:17:41- INFO- 总调整天数: 27, 调整正确率: 61.33%, 预计平均亏损改善: 3.5480%
20260317 20:17:41- INFO- 总调整天数: 28, 调整正确率: 46.03%, 预计平均亏损改善: 2.4944%
20260317 20:17:41- INFO- 回测结果(不风控):
20260317 20:17:41- INFO- 
回测时间:2025-01-02 - 2026-03-17
策略胜率: 50.61%
策略盈亏比: 1.43
每日平均开仓个数: 2.78
平均持仓天数: 1.65 天
每单位风险期望收益:0.2319
策略总收益率: 240.57%
策略年化收益率: 177.01%
最大回撤: -20.62%
最大回撤阶段: 2026-01-12 至 2026-03-03
夏普比率: 2.58
策略超额年化收益率: 157.32%
最终净值: 3.4057
20260317 20:17:41- INFO- 回测结果(触及跌停风控):
20260317 20:17:41- INFO- 
回测时间:2025-01-02 - 2026-03-17
策略胜率: 51.38%
策略盈亏比: 1.62
每日平均开仓个数: 2.78
平均持仓天数: 1.65 天
每单位风险期望收益:0.3447
策略总收益率: 298.88%
策略年化收益率: 215.91%
最大回撤: -13.15%
最大回撤阶段: 2026-02-06 至 2026-03-05
夏普比率: 3.12
策略超额年化收益率: 196.22%
最终净值: 3.9888
20260317 20:17:41- INFO- 回测结果(买点下移风控):
20260317 20:17:41- INFO- 
回测时间:2025-01-02 - 2026-03-17
策略胜率: 48.61%
策略盈亏比: 1.54
每日平均开仓个数: 2.78
平均持仓天数: 1.65 天
每单位风险期望收益:0.2366
策略总收益率: 233.18%
策略年化收益率: 172.00%
最大回撤: -19.47%
最大回撤阶段: 2026-01-12 至 2026-03-05
夏普比率: 2.60
策略超额年化收益率: 152.31%
最终净值: 3.3318
20260317 20:18:09- INFO- 资金不足,无法买入 SHSE.600825 440000 股，所需资金 3284559.28，当前现金 3281313.95
20260317 20:18:09- INFO- 资金不足,无法买入 SZSE.000880 28300 股，所需资金 872533.45，当前现金 872520.93
20260317 20:18:10- INFO- 资金不足,无法买入 SZSE.002448 114600 股，所需资金 1118437.52，当前现金 1116653.69
20260317 20:18:15- INFO- 资金不足,无法买入 SZSE.002365 112400 股，所需资金 2376385.65，当前现金 2375703.62
20260317 20:18:17- INFO- 资金不足,无法买入 SHSE.603123 190900 股，所需资金 2744896.57，当前现金 2743548.39
20260317 20:18:19- INFO- 资金不足,无法买入 SZSE.000813 376000 股，所需资金 1717990.83，当前现金 1715075.38
20260317 20:18:20- INFO- 资金不足,无法买入 SHSE.600619 158400 股，所需资金 2936263.73，当前现金 2931103.18
20260317 20:18:20- INFO- 资金不足,无法买入 SZSE.002302 1041000 股，所需资金 7875276.96，当前现金 7867433.94
20260317 20:18:34- INFO- 资金不足,无法买入 SZSE.000533 198700 股，所需资金 3446379.43，当前现金 3440278.03
20260317 20:18:34- INFO- 回测结果:
    指标名称                 指标值
  回测开始日期 2024-01-02 00:00:00
  回测结束日期 2026-03-17 00:00:00
    策略胜率              53.32%
   策略盈亏比                1.62
  策略总收益率             347.06%
 策略年化收益率              97.19%
    最大回撤             -11.98%
最大回撤开始日期 2026-02-09 00:00:00
最大回撤结束日期 2026-02-24 00:00:00
    夏普比率                2.49
    最终净值              4.4706
20260320 14:11:33- INFO- 回测信号参数: {'low': -5, 'high': -2.5, 'mv_min': 35, 'mv_max': 1000, 'prev_limit_status': ['断板', '炸板'], 'avg_limit_turnover_5_min': -1, 'high_ratio': 3}
20260320 14:11:39- INFO- 回测时间区间: 2025-01-01 至 2026-03-20
20260320 14:11:39- INFO- 使用40个进程并行处理，共240个日期任务
20260320 14:11:47- INFO- 所有回测任务完成，共处理240个日期的结果
20260320 14:11:48- INFO- 总调整天数: 27, 调整正确率: 61.33%, 预计平均亏损改善: 3.5480%
20260320 14:11:48- INFO- 总调整天数: 27, 调整正确率: 46.77%, 预计平均亏损改善: 2.4944%
20260320 14:12:34- INFO- 总调整天数: 27, 调整正确率: 61.33%, 预计平均亏损改善: 3.5480%
20260320 14:12:34- INFO- 总调整天数: 27, 调整正确率: 46.77%, 预计平均亏损改善: 2.4944%
20260320 14:12:34- INFO- 回测结果(不风控):
20260320 14:12:36- INFO- 
回测时间:2025-01-02 - 2026-03-19
策略胜率: 50.53%
策略盈亏比: 1.43
每日平均开仓个数: 2.77
平均持仓天数: 1.65 天
每单位风险期望收益:0.2258
策略总收益率: 236.04%
策略年化收益率: 172.69%
最大回撤: -20.62%
最大回撤阶段: 2026-01-12 至 2026-03-03
夏普比率: 2.54
策略超额年化收益率: 154.16%
最终净值: 3.3604
20260320 14:12:36- INFO- 回测结果(触及跌停风控):
20260320 14:12:36- INFO- 
回测时间:2025-01-02 - 2026-03-19
策略胜率: 51.27%
策略盈亏比: 1.60
每日平均开仓个数: 2.77
平均持仓天数: 1.65 天
每单位风险期望收益:0.3354
策略总收益率: 293.57%
策略年化收益率: 210.80%
最大回撤: -13.15%
最大回撤阶段: 2026-02-06 至 2026-03-05
夏普比率: 3.08
策略超额年化收益率: 192.27%
最终净值: 3.9357
20260320 14:12:36- INFO- 回测结果(买点下移风控):
20260320 14:12:36- INFO- 
回测时间:2025-01-02 - 2026-03-19
策略胜率: 47.58%
策略盈亏比: 0.87
每日平均开仓个数: 2.77
平均持仓天数: 1.65 天
每单位风险期望收益:-0.1106
策略总收益率: -14.39%
策略年化收益率: -12.07%
最大回撤: -19.76%
最大回撤阶段: 2025-08-22 至 2026-03-03
夏普比率: -0.77
策略超额年化收益率: -30.60%
最终净值: 0.8561
20260320 14:39:19- INFO- 总调整天数: 27, 调整正确率: 61.33%, 预计平均亏损改善: 3.5480%
20260320 14:39:19- INFO- 总调整天数: 27, 调整正确率: 46.77%, 预计平均亏损改善: 2.4944%
20260320 14:39:35- INFO- 总调整天数: 27, 调整正确率: 61.33%, 预计平均亏损改善: 3.5480%
20260320 14:39:35- INFO- 总调整天数: 27, 调整正确率: 46.77%, 预计平均亏损改善: 2.4944%
20260320 14:39:35- INFO- 回测结果(不风控):
20260320 14:39:35- INFO- 
回测时间:2025-01-02 - 2026-03-19
策略胜率: 50.53%
策略盈亏比: 1.43
每日平均开仓个数: 2.77
平均持仓天数: 1.65 天
每单位风险期望收益:0.2258
策略总收益率: 236.04%
策略年化收益率: 172.69%
最大回撤: -20.62%
最大回撤阶段: 2026-01-12 至 2026-03-03
夏普比率: 2.54
策略超额年化收益率: 154.16%
最终净值: 3.3604
20260320 14:39:35- INFO- 回测结果(触及跌停风控):
20260320 14:39:35- INFO- 
回测时间:2025-01-02 - 2026-03-19
策略胜率: 51.27%
策略盈亏比: 1.60
每日平均开仓个数: 2.77
平均持仓天数: 1.65 天
每单位风险期望收益:0.3354
策略总收益率: 293.57%
策略年化收益率: 210.80%
最大回撤: -13.15%
最大回撤阶段: 2026-02-06 至 2026-03-05
夏普比率: 3.08
策略超额年化收益率: 192.27%
最终净值: 3.9357
20260320 14:39:35- INFO- 回测结果(买点下移风控):
20260320 14:39:36- INFO- 
回测时间:2025-01-02 - 2026-03-19
策略胜率: 50.45%
策略盈亏比: 1.44
每日平均开仓个数: 2.77
平均持仓天数: 1.65 天
每单位风险期望收益:0.2306
策略总收益率: 240.09%
策略年化收益率: 175.41%
最大回撤: -20.42%
最大回撤阶段: 2026-01-12 至 2026-03-03
夏普比率: 2.57
策略超额年化收益率: 156.88%
最终净值: 3.4009
20260320 14:41:50- INFO- 总调整天数: 27, 调整正确率: 61.33%, 预计平均亏损改善: 3.5480%
20260320 14:41:50- INFO- 总调整天数: 27, 调整正确率: 46.77%, 预计平均亏损改善: 2.4944%
20260320 14:41:50- INFO- 回测结果(不风控):
20260320 14:41:50- INFO- 回测结果(触及跌停风控):
20260320 14:41:50- INFO- 
回测时间:2025-01-02 - 2026-03-19
策略胜率: 51.27%
策略盈亏比: 1.60
每日平均开仓个数: 2.77
平均持仓天数: 1.65 天
每单位风险期望收益:0.3354
策略总收益率: 293.57%
策略年化收益率: 210.80%
最大回撤: -13.15%
最大回撤阶段: 2026-02-06 至 2026-03-05
夏普比率: 3.08
策略超额年化收益率: 192.27%
最终净值: 3.9357
20260320 14:41:50- INFO- 回测结果(买点下移风控):
20260320 14:41:50- INFO- 
回测时间:2025-01-02 - 2026-03-19
策略胜率: 51.27%
策略盈亏比: 1.62
每日平均开仓个数: 2.77
平均持仓天数: 1.65 天
每单位风险期望收益:0.3412
策略总收益率: 298.03%
策略年化收益率: 213.71%
最大回撤: -13.15%
最大回撤阶段: 2026-02-06 至 2026-03-05
夏普比率: 3.10
策略超额年化收益率: 195.18%
最终净值: 3.9803
20260320 14:44:14- INFO- 回测信号参数: {'low': -5, 'high': -2.5, 'mv_min': 35, 'mv_max': 1000, 'prev_limit_status': ['断板', '炸板'], 'avg_limit_turnover_5_min': -1, 'high_ratio': 3}
20260320 14:44:15- INFO- 回测时间区间: 2021-01-01 至 2026-03-20
20260320 14:44:15- INFO- 使用40个进程并行处理，共872个日期任务
20260320 14:44:44- INFO- 所有回测任务完成，共处理872个日期的结果
20260320 14:44:47- INFO- 总调整天数: 92, 调整正确率: 60.56%, 预计平均亏损改善: 2.8204%
20260320 14:44:47- INFO- 总调整天数: 146, 调整正确率: 53.52%, 预计平均亏损改善: 2.4589%
20260320 14:44:47- INFO- 回测结果(不风控):
20260320 14:44:47- INFO- 回测结果(触及跌停风控):
20260320 14:44:47- INFO- 
回测时间:2025-01-02 - 2026-03-19
策略胜率: 51.43%
策略盈亏比: 1.62
每日平均开仓个数: 2.75
平均持仓天数: 1.65 天
每单位风险期望收益:0.3469
策略总收益率: 361.56%
策略年化收益率: 254.62%
最大回撤: -13.15%
最大回撤阶段: 2026-02-06 至 2026-03-05
夏普比率: 3.39
策略超额年化收益率: 236.09%
最终净值: 4.6156
20260320 14:44:48- INFO- 回测结果(买点下移风控):
20260320 14:44:48- INFO- 
回测时间:2025-01-02 - 2026-03-19
策略胜率: 51.43%
策略盈亏比: 1.63
每日平均开仓个数: 2.75
平均持仓天数: 1.65 天
每单位风险期望收益:0.3526
策略总收益率: 366.79%
策略年化收益率: 257.94%
最大回撤: -13.15%
最大回撤阶段: 2026-02-06 至 2026-03-05
夏普比率: 3.41
策略超额年化收益率: 239.40%
最终净值: 4.6679
20260320 14:44:56- INFO- 资金不足,无法买入 SHSE.600682 87800 股，所需资金 691488.91，当前现金 690734.52
20260320 14:44:58- INFO- 资金不足,无法买入 SZSE.000564 911500 股，所需资金 1917980.21，当前现金 1916181.01
20260320 14:45:01- INFO- 资金不足,无法买入 SZSE.000099 42000 股，所需资金 781921.50，当前现金 781508.82
20260320 14:45:11- INFO- 资金不足,无法买入 SHSE.601011 793800 股，所需资金 2346395.76，当前现金 2342372.33
20260320 14:45:14- INFO- 资金不足,无法买入 SHSE.600835 35700 股，所需资金 774093.87，当前现金 772531.08
20260320 14:45:14- INFO- 资金不足,无法买入 SHSE.600825 610900 股，所需资金 4560311.96，当前现金 4556341.71
20260320 14:45:14- INFO- 资金不足,无法买入 SZSE.002599 93300 股，所需资金 1215327.01，当前现金 1212675.78
20260320 14:45:16- INFO- 资金不足,无法买入 SZSE.002448 159300 股，所需资金 1554686.72，当前现金 1552710.33
20260320 14:45:20- INFO- 资金不足,无法买入 SZSE.002365 156300 股，所需资金 3304529.16，当前现金 3301962.59
20260320 14:45:22- INFO- 资金不足,无法买入 SHSE.603123 265500 股，所需资金 3817548.66，当前现金 3813961.35
20260320 14:45:24- INFO- 资金不足,无法买入 SZSE.002570 313300 股，所需资金 2388983.81，当前现金 2384578.56
20260320 14:45:24- INFO- 资金不足,无法买入 SHSE.600651 631600 股，所需资金 4081971.71，当前现金 4074006.91
20260320 14:45:25- INFO- 资金不足,无法买入 SZSE.002302 1447300 股，所需资金 10948980.16，当前现金 10938695.93
20260320 14:45:37- INFO- 资金不足,无法买入 SZSE.000601 713800 股，所需资金 4792029.70，当前现金 4783417.83
20260320 14:45:38- INFO- 资金不足,无法买入 SHSE.600821 1384000 股，所需资金 14366930.82，当前现金 14353429.36
20260320 14:45:38- INFO- 回测结果:
    指标名称                 指标值
  回测开始日期 2024-01-02 00:00:00
  回测结束日期 2026-03-19 00:00:00
    策略胜率              48.90%
   策略盈亏比                1.77
  策略总收益率             510.26%
 策略年化收益率             126.61%
    最大回撤             -24.46%
最大回撤开始日期 2024-05-13 00:00:00
最大回撤结束日期 2024-06-04 00:00:00
    夏普比率                2.40
    最终净值              6.1026
20260320 14:46:40- INFO- 
回测时间:2025-01-02 - 2026-03-19
策略胜率: 51.43%
策略盈亏比: 1.62
每日平均开仓个数: 2.75
平均持仓天数: 1.65 天
每单位风险期望收益:0.3469
策略总收益率: 361.56%
策略年化收益率: 254.62%
最大回撤: -13.15%
最大回撤阶段: 2026-02-06 至 2026-03-05
夏普比率: 3.39
策略超额年化收益率: 236.09%
最终净值: 4.6156
20260320 14:46:40- INFO- 回测结果(买点下移风控):
20260320 14:46:40- INFO- 
回测时间:2025-01-02 - 2026-03-19
策略胜率: 51.43%
策略盈亏比: 1.63
每日平均开仓个数: 2.75
平均持仓天数: 1.65 天
每单位风险期望收益:0.3526
策略总收益率: 366.79%
策略年化收益率: 257.94%
最大回撤: -13.15%
最大回撤阶段: 2026-02-06 至 2026-03-05
夏普比率: 3.41
策略超额年化收益率: 239.40%
最终净值: 4.6679
20260320 14:46:53- INFO- 总调整天数: 92, 调整正确率: 60.56%, 预计平均亏损改善: 2.8204%
20260320 14:46:54- INFO- 总调整天数: 146, 调整正确率: 53.52%, 预计平均亏损改善: 2.4589%
20260320 14:46:54- INFO- 回测结果(不风控):
20260320 14:46:54- INFO- 回测结果(触及跌停风控):
20260320 14:46:54- INFO- 
回测时间:2021-01-04 - 2026-03-19
策略胜率: 45.77%
策略盈亏比: 1.56
每日平均开仓个数: 2.43
平均持仓天数: 1.63 天
每单位风险期望收益:0.1725
策略总收益率: 1280.50%
策略年化收益率: 65.58%
最大回撤: -46.60%
最大回撤阶段: 2022-08-16 至 2023-05-23
夏普比率: 1.54
策略超额年化收益率: 62.97%
最终净值: 13.8050
20260320 14:46:54- INFO- 回测结果(买点下移风控):
20260320 14:46:54- INFO- 
回测时间:2021-01-04 - 2026-03-19
策略胜率: 46.10%
策略盈亏比: 1.55
每日平均开仓个数: 2.43
平均持仓天数: 1.63 天
每单位风险期望收益:0.1778
策略总收益率: 1350.65%
策略年化收益率: 67.16%
最大回撤: -45.89%
最大回撤阶段: 2022-08-16 至 2023-05-23
夏普比率: 1.57
策略超额年化收益率: 64.55%
最终净值: 14.5065
20260320 14:47:59- INFO- 总调整天数: 92, 调整正确率: 60.56%, 预计平均亏损改善: 2.8204%
20260320 14:47:59- INFO- 总调整天数: 146, 调整正确率: 53.52%, 预计平均亏损改善: 2.4589%
20260320 14:47:59- INFO- 回测结果(不风控):
20260320 14:47:59- INFO- 回测结果(触及跌停风控):
20260320 14:47:59- INFO- 
回测时间:2021-01-04 - 2026-03-19
策略胜率: 45.77%
策略盈亏比: 1.56
每日平均开仓个数: 2.43
平均持仓天数: 1.63 天
每单位风险期望收益:0.1725
策略总收益率: 1280.50%
策略年化收益率: 65.58%
最大回撤: -46.60%
最大回撤阶段: 2022-08-16 至 2023-05-23
夏普比率: 1.54
策略超额年化收益率: 62.97%
最终净值: 13.8050
20260320 14:47:59- INFO- 回测结果(买点下移风控):
20260320 14:47:59- INFO- 
回测时间:2021-01-04 - 2026-03-19
策略胜率: 46.16%
策略盈亏比: 1.56
每日平均开仓个数: 2.43
平均持仓天数: 1.63 天
每单位风险期望收益:0.1808
策略总收益率: 1394.32%
策略年化收益率: 68.12%
最大回撤: -44.28%
最大回撤阶段: 2022-08-16 至 2023-05-23
夏普比率: 1.60
策略超额年化收益率: 65.51%
最终净值: 14.9432
20260320 14:49:47- INFO- 总调整天数: 92, 调整正确率: 60.56%, 预计平均亏损改善: 2.8204%
20260320 14:49:47- INFO- 总调整天数: 146, 调整正确率: 53.52%, 预计平均亏损改善: 2.4589%
20260320 14:49:47- INFO- 回测结果(不风控):
20260320 14:49:47- INFO- 回测结果(触及跌停风控):
20260320 14:49:47- INFO- 
回测时间:2021-01-04 - 2026-03-19
策略胜率: 45.77%
策略盈亏比: 1.56
每日平均开仓个数: 2.43
平均持仓天数: 1.63 天
每单位风险期望收益:0.1725
策略总收益率: 1280.50%
策略年化收益率: 65.58%
最大回撤: -46.60%
最大回撤阶段: 2022-08-16 至 2023-05-23
夏普比率: 1.54
策略超额年化收益率: 62.97%
最终净值: 13.8050
20260320 14:49:47- INFO- 回测结果(买点下移风控):
20260320 14:49:47- INFO- 
回测时间:2021-01-04 - 2026-03-19
策略胜率: 46.46%
策略盈亏比: 1.56
每日平均开仓个数: 2.43
平均持仓天数: 1.63 天
每单位风险期望收益:0.1897
策略总收益率: 1511.70%
策略年化收益率: 70.58%
最大回撤: -43.65%
最大回撤阶段: 2022-08-16 至 2023-05-23
夏普比率: 1.64
策略超额年化收益率: 67.97%
最终净值: 16.1170
20260320 14:50:36- INFO- 总调整天数: 92, 调整正确率: 60.56%, 预计平均亏损改善: 2.8204%
20260320 14:50:36- INFO- 总调整天数: 146, 调整正确率: 53.52%, 预计平均亏损改善: 2.4589%
20260320 14:50:36- INFO- 回测结果(不风控):
20260320 14:50:36- INFO- 回测结果(触及跌停风控):
20260320 14:50:36- INFO- 
回测时间:2025-01-02 - 2026-03-19
策略胜率: 51.43%
策略盈亏比: 1.62
每日平均开仓个数: 2.75
平均持仓天数: 1.65 天
每单位风险期望收益:0.3469
策略总收益率: 361.56%
策略年化收益率: 254.62%
最大回撤: -13.15%
最大回撤阶段: 2026-02-06 至 2026-03-05
夏普比率: 3.39
策略超额年化收益率: 236.09%
最终净值: 4.6156
20260320 14:50:37- INFO- 回测结果(买点下移风控):
20260320 14:50:37- INFO- 
回测时间:2025-01-02 - 2026-03-19
策略胜率: 51.56%
策略盈亏比: 1.59
每日平均开仓个数: 2.75
平均持仓天数: 1.65 天
每单位风险期望收益:0.3362
策略总收益率: 345.94%
策略年化收益率: 244.66%
最大回撤: -12.44%
最大回撤阶段: 2026-02-06 至 2026-03-05
夏普比率: 3.36
策略超额年化收益率: 226.12%
最终净值: 4.4594
20260320 14:51:08- INFO- 总调整天数: 92, 调整正确率: 60.56%, 预计平均亏损改善: 2.8204%
20260320 14:51:09- INFO- 总调整天数: 146, 调整正确率: 53.52%, 预计平均亏损改善: 2.4589%
20260320 14:51:09- INFO- 回测结果(不风控):
20260320 14:51:09- INFO- 回测结果(触及跌停风控):
20260320 14:51:09- INFO- 
回测时间:2025-01-02 - 2026-03-19
策略胜率: 51.43%
策略盈亏比: 1.62
每日平均开仓个数: 2.75
平均持仓天数: 1.65 天
每单位风险期望收益:0.3469
策略总收益率: 361.56%
策略年化收益率: 254.62%
最大回撤: -13.15%
最大回撤阶段: 2026-02-06 至 2026-03-05
夏普比率: 3.39
策略超额年化收益率: 236.09%
最终净值: 4.6156
20260320 14:51:09- INFO- 回测结果(买点下移风控):
20260320 14:51:09- INFO- 
回测时间:2025-01-02 - 2026-03-19
策略胜率: 51.19%
策略盈亏比: 1.61
每日平均开仓个数: 2.75
平均持仓天数: 1.65 天
每单位风险期望收益:0.3369
策略总收益率: 349.32%
策略年化收益率: 246.82%
最大回撤: -12.62%
最大回撤阶段: 2026-02-06 至 2026-03-05
夏普比率: 3.37
策略超额年化收益率: 228.28%
最终净值: 4.4932
20260323 13:16:42- INFO- 回测信号参数: {'low': -5, 'high': -2.5, 'mv_min': 35, 'mv_max': 1000, 'prev_limit_status': ['断板', '炸板'], 'avg_limit_turnover_5_min': -1, 'high_ratio': 3}
20260323 13:16:42- INFO- 回测时间区间: 2021-01-01 至 2026-03-23
20260323 13:16:42- INFO- 使用40个进程并行处理，共872个日期任务
20260323 13:17:14- INFO- 所有回测任务完成，共处理872个日期的结果
20260323 13:17:17- INFO- 总调整天数: 92, 调整正确率: 60.56%, 预计平均亏损改善: 2.8204%
20260323 13:17:18- INFO- 总调整天数: 146, 调整正确率: 53.52%, 预计平均亏损改善: 2.4589%
20260323 13:17:18- INFO- 回测结果(不风控):
20260323 13:17:18- INFO- 回测结果(触及跌停风控):
20260323 13:17:18- INFO- 
回测时间:2025-01-02 - 2026-03-20
策略胜率: 51.43%
策略盈亏比: 1.62
每日平均开仓个数: 2.75
平均持仓天数: 1.65 天
每单位风险期望收益:0.3452
策略总收益率: 361.31%
策略年化收益率: 253.44%
最大回撤: -13.15%
最大回撤阶段: 2026-02-06 至 2026-03-05
夏普比率: 3.38
策略超额年化收益率: 236.17%
最终净值: 4.6131
20260323 13:17:18- INFO- 回测结果(买点下移风控):
20260323 13:17:18- INFO- 
回测时间:2025-01-02 - 2026-03-20
策略胜率: 51.19%
策略盈亏比: 1.61
每日平均开仓个数: 2.75
平均持仓天数: 1.65 天
每单位风险期望收益:0.3352
策略总收益率: 349.07%
策略年化收益率: 245.68%
最大回撤: -12.62%
最大回撤阶段: 2026-02-06 至 2026-03-05
夏普比率: 3.36
策略超额年化收益率: 228.41%
最终净值: 4.4907
20260323 13:17:27- INFO- 资金不足,无法买入 SHSE.600682 87800 股，所需资金 691488.91，当前现金 690734.52
20260323 13:17:28- INFO- 资金不足,无法买入 SZSE.000564 911500 股，所需资金 1917980.21，当前现金 1916181.01
20260323 13:17:32- INFO- 资金不足,无法买入 SZSE.000099 42000 股，所需资金 781921.50，当前现金 781508.82
20260323 13:17:42- INFO- 资金不足,无法买入 SHSE.601011 793800 股，所需资金 2346395.76，当前现金 2342372.33
20260323 13:17:45- INFO- 资金不足,无法买入 SHSE.600835 35700 股，所需资金 774093.87，当前现金 772531.08
20260323 13:17:45- INFO- 资金不足,无法买入 SHSE.600825 610900 股，所需资金 4560311.96，当前现金 4556341.71
20260323 13:17:45- INFO- 资金不足,无法买入 SZSE.002599 93300 股，所需资金 1215327.01，当前现金 1212675.78
20260323 13:17:46- INFO- 资金不足,无法买入 SZSE.002448 159300 股，所需资金 1554686.72，当前现金 1552710.33
20260323 13:17:50- INFO- 资金不足,无法买入 SZSE.002365 156300 股，所需资金 3304529.16，当前现金 3301962.59
20260323 13:17:53- INFO- 资金不足,无法买入 SHSE.603123 265500 股，所需资金 3817548.66，当前现金 3813961.35
20260323 13:17:55- INFO- 资金不足,无法买入 SZSE.002570 313300 股，所需资金 2388983.81，当前现金 2384578.56
20260323 13:17:55- INFO- 资金不足,无法买入 SHSE.600651 631600 股，所需资金 4081971.71，当前现金 4074006.91
20260323 13:17:56- INFO- 资金不足,无法买入 SZSE.002302 1447300 股，所需资金 10948980.16，当前现金 10938695.93
20260323 13:18:09- INFO- 资金不足,无法买入 SZSE.000601 713800 股，所需资金 4792029.70，当前现金 4783417.83
20260323 13:18:09- INFO- 资金不足,无法买入 SHSE.600821 1384000 股，所需资金 14366930.82，当前现金 14353429.36
20260323 13:18:10- INFO- 回测结果:
    指标名称                 指标值
  回测开始日期 2024-01-02 00:00:00
  回测结束日期 2026-03-20 00:00:00
    策略胜率              48.90%
   策略盈亏比                1.77
  策略总收益率             509.94%
 策略年化收益率             126.33%
    最大回撤             -24.46%
最大回撤开始日期 2024-05-13 00:00:00
最大回撤结束日期 2024-06-04 00:00:00
    夏普比率                2.40
    最终净值              6.0994
20260323 23:18:31- INFO- 回测信号参数: {'low': -5, 'high': -2.5, 'mv_min': 35, 'mv_max': 1000, 'prev_limit_status': ['断板', '炸板'], 'avg_limit_turnover_5_min': -1, 'high_ratio': 3}
20260323 23:18:32- INFO- 回测时间区间: 2021-01-01 至 2026-03-23
20260323 23:18:32- INFO- 使用40个进程并行处理，共872个日期任务
20260323 23:19:05- INFO- 所有回测任务完成，共处理872个日期的结果
20260323 23:19:08- INFO- 总调整天数: 92, 调整正确率: 60.56%, 预计平均亏损改善: 2.8204%
20260323 23:19:08- INFO- 总调整天数: 146, 调整正确率: 53.52%, 预计平均亏损改善: 2.4589%
20260323 23:19:08- INFO- 回测结果(不风控):
20260323 23:19:08- INFO- 回测结果(触及跌停风控):
20260323 23:19:09- INFO- 
回测时间:2025-01-02 - 2026-03-23
策略胜率: 51.43%
策略盈亏比: 1.62
每日平均开仓个数: 2.75
平均持仓天数: 1.65 天
每单位风险期望收益:0.3452
策略总收益率: 361.31%
策略年化收益率: 250.45%
最大回撤: -13.15%
最大回撤阶段: 2026-02-06 至 2026-03-05
夏普比率: 3.37
策略超额年化收益率: 236.80%
最终净值: 4.6131
20260323 23:19:10- INFO- 回测结果(买点下移风控):
20260323 23:19:10- INFO- 
回测时间:2025-01-02 - 2026-03-23
策略胜率: 51.19%
策略盈亏比: 1.61
每日平均开仓个数: 2.75
平均持仓天数: 1.65 天
每单位风险期望收益:0.3352
策略总收益率: 349.07%
策略年化收益率: 242.80%
最大回撤: -12.62%
最大回撤阶段: 2026-02-06 至 2026-03-05
夏普比率: 3.35
策略超额年化收益率: 229.16%
最终净值: 4.4907
20260323 23:19:20- INFO- 资金不足,无法买入 SHSE.600682 87800 股，所需资金 691488.91，当前现金 690734.52
20260323 23:19:22- INFO- 资金不足,无法买入 SZSE.000564 911500 股，所需资金 1917980.21，当前现金 1916181.01
20260323 23:19:26- INFO- 资金不足,无法买入 SZSE.000099 42000 股，所需资金 781921.50，当前现金 781508.82
20260323 23:19:38- INFO- 资金不足,无法买入 SHSE.601011 793800 股，所需资金 2346395.76，当前现金 2342372.33
20260323 23:19:41- INFO- 资金不足,无法买入 SHSE.600835 35700 股，所需资金 774093.87，当前现金 772531.08
20260323 23:19:41- INFO- 资金不足,无法买入 SHSE.600825 610900 股，所需资金 4560311.96，当前现金 4556341.71
20260323 23:19:41- INFO- 资金不足,无法买入 SZSE.002599 93300 股，所需资金 1215327.01，当前现金 1212675.78
20260323 23:19:43- INFO- 资金不足,无法买入 SZSE.002448 159300 股，所需资金 1554686.72，当前现金 1552710.33
20260323 23:19:47- INFO- 资金不足,无法买入 SZSE.002365 156300 股，所需资金 3304529.16，当前现金 3301962.59
20260323 23:19:50- INFO- 资金不足,无法买入 SHSE.603123 265500 股，所需资金 3817548.66，当前现金 3813961.35
20260323 23:19:53- INFO- 资金不足,无法买入 SZSE.002570 313300 股，所需资金 2388983.81，当前现金 2384578.56
20260323 23:19:53- INFO- 资金不足,无法买入 SHSE.600651 631600 股，所需资金 4081971.71，当前现金 4074006.91
20260323 23:19:53- INFO- 资金不足,无法买入 SZSE.002302 1447300 股，所需资金 10948980.16，当前现金 10938695.93
20260323 23:20:09- INFO- 资金不足,无法买入 SZSE.000601 713800 股，所需资金 4792029.70，当前现金 4783417.83
20260323 23:20:09- INFO- 资金不足,无法买入 SHSE.600821 1384000 股，所需资金 14366930.82，当前现金 14353429.36
20260323 23:20:09- INFO- 回测结果:
    指标名称                 指标值
  回测开始日期 2024-01-02 00:00:00
  回测结束日期 2026-03-23 00:00:00
    策略胜率              48.90%
   策略盈亏比                1.77
  策略总收益率             509.94%
 策略年化收益率             125.65%
    最大回撤             -24.46%
最大回撤开始日期 2024-05-13 00:00:00
最大回撤结束日期 2024-06-04 00:00:00
    夏普比率                2.40
    最终净值              6.0994
20260323 23:27:42- INFO- 
回测时间:2026-01-05 - 2026-03-23
策略胜率: 54.76%
策略盈亏比: 1.50
每日平均开仓个数: 3.48
平均持仓天数: 1.65 天
每单位风险期望收益:0.3716
策略总收益率: 24.97%
策略年化收益率: 187.66%
最大回撤: -13.15%
最大回撤阶段: 2026-02-06 至 2026-03-05
夏普比率: 2.51
策略超额年化收益率: 210.12%
最终净值: 1.2497
20260323 23:27:42- INFO- 回测结果(买点下移风控):
20260323 23:27:42- INFO- 
回测时间:2026-01-05 - 2026-03-23
策略胜率: 53.72%
策略盈亏比: 1.54
每日平均开仓个数: 3.48
平均持仓天数: 1.65 天
每单位风险期望收益:0.3645
策略总收益率: 25.70%
策略年化收益率: 195.71%
最大回撤: -12.62%
最大回撤阶段: 2026-02-06 至 2026-03-05
夏普比率: 2.62
策略超额年化收益率: 218.16%
最终净值: 1.2570
20260325 22:14:04- INFO- 回测信号参数: {'low': -5, 'high': -2.5, 'mv_min': 35, 'mv_max': 1000, 'prev_limit_status': ['断板', '炸板'], 'avg_limit_turnover_5_min': -1, 'high_ratio': 3}
20260325 22:14:04- INFO- 回测时间区间: 2021-01-01 至 2026-03-25
20260325 22:14:05- INFO- 使用40个进程并行处理，共872个日期任务
20260325 22:14:34- INFO- 所有回测任务完成，共处理872个日期的结果
20260325 22:14:36- INFO- 总调整天数: 92, 调整正确率: 60.56%, 预计平均亏损改善: 2.8204%
20260325 22:14:37- INFO- 总调整天数: 146, 调整正确率: 53.52%, 预计平均亏损改善: 2.4589%
20260325 22:14:37- INFO- 回测结果(不风控):
20260325 22:14:37- INFO- 回测结果(触及跌停风控):
20260325 22:14:39- INFO- 
回测时间:2025-01-02 - 2026-03-25
策略胜率: 51.43%
策略盈亏比: 1.62
每日平均开仓个数: 2.75
平均持仓天数: 1.65 天
每单位风险期望收益:0.3452
策略总收益率: 361.31%
策略年化收益率: 248.49%
最大回撤: -13.15%
最大回撤阶段: 2026-02-06 至 2026-03-05
夏普比率: 3.36
策略超额年化收益率: 232.03%
最终净值: 4.6131
20260325 22:14:39- INFO- 回测结果(买点下移风控):
20260325 22:14:39- INFO- 
回测时间:2025-01-02 - 2026-03-25
策略胜率: 51.19%
策略盈亏比: 1.61
每日平均开仓个数: 2.75
平均持仓天数: 1.65 天
每单位风险期望收益:0.3352
策略总收益率: 349.07%
策略年化收益率: 240.92%
最大回撤: -12.62%
最大回撤阶段: 2026-02-06 至 2026-03-05
夏普比率: 3.34
策略超额年化收益率: 224.46%
最终净值: 4.4907
20260325 22:14:48- INFO- 资金不足,无法买入 SHSE.600682 87800 股，所需资金 691488.91，当前现金 690734.52
20260325 22:14:50- INFO- 资金不足,无法买入 SZSE.000564 911500 股，所需资金 1917980.21，当前现金 1916181.01
20260325 22:14:53- INFO- 资金不足,无法买入 SZSE.000099 42000 股，所需资金 781921.50，当前现金 781508.82
20260325 22:15:03- INFO- 资金不足,无法买入 SHSE.601011 793800 股，所需资金 2346395.76，当前现金 2342372.33
20260325 22:15:06- INFO- 资金不足,无法买入 SHSE.600835 35700 股，所需资金 774093.87，当前现金 772531.08
20260325 22:15:06- INFO- 资金不足,无法买入 SHSE.600825 610900 股，所需资金 4560311.96，当前现金 4556341.71
20260325 22:15:06- INFO- 资金不足,无法买入 SZSE.002599 93300 股，所需资金 1215327.01，当前现金 1212675.78
20260325 22:15:08- INFO- 资金不足,无法买入 SZSE.002448 159300 股，所需资金 1554686.72，当前现金 1552710.33
20260325 22:15:12- INFO- 资金不足,无法买入 SZSE.002365 156300 股，所需资金 3304529.16，当前现金 3301962.59
20260325 22:15:14- INFO- 资金不足,无法买入 SHSE.603123 265500 股，所需资金 3817548.66，当前现金 3813961.35
20260325 22:15:16- INFO- 资金不足,无法买入 SZSE.002570 313300 股，所需资金 2388983.81，当前现金 2384578.56
20260325 22:15:17- INFO- 资金不足,无法买入 SHSE.600651 631600 股，所需资金 4081971.71，当前现金 4074006.91
20260325 22:15:17- INFO- 资金不足,无法买入 SZSE.002302 1447300 股，所需资金 10948980.16，当前现金 10938695.93
20260325 22:15:29- INFO- 资金不足,无法买入 SZSE.000601 713800 股，所需资金 4792029.70，当前现金 4783417.83
20260325 22:15:30- INFO- 资金不足,无法买入 SHSE.600821 1384000 股，所需资金 14366930.82，当前现金 14353429.36
20260325 22:15:30- INFO- 回测结果:
    指标名称                 指标值
  回测开始日期 2024-01-02 00:00:00
  回测结束日期 2026-03-24 00:00:00
    策略胜率              48.90%
   策略盈亏比                1.77
  策略总收益率             509.94%
 策略年化收益率             125.42%
    最大回撤             -24.46%
最大回撤开始日期 2024-05-13 00:00:00
最大回撤结束日期 2024-06-04 00:00:00
    夏普比率                2.39
    最终净值              6.0994
20260325 22:15:44- INFO- 
回测时间:2025-01-02 - 2026-03-25
策略胜率: 51.43%
策略盈亏比: 1.62
每日平均开仓个数: 2.75
平均持仓天数: 1.65 天
每单位风险期望收益:0.3452
策略总收益率: 361.31%
策略年化收益率: 248.49%
最大回撤: -13.15%
最大回撤阶段: 2026-02-06 至 2026-03-05
夏普比率: 3.36
策略超额年化收益率: 232.03%
最终净值: 4.6131
20260325 22:15:44- INFO- 回测结果(买点下移风控):
20260325 22:15:44- INFO- 
回测时间:2025-01-02 - 2026-03-25
策略胜率: 51.43%
策略盈亏比: 1.63
每日平均开仓个数: 2.75
平均持仓天数: 1.65 天
每单位风险期望收益:0.3509
策略总收益率: 366.53%
策略年化收益率: 251.70%
最大回撤: -13.15%
最大回撤阶段: 2026-02-06 至 2026-03-05
夏普比率: 3.39
策略超额年化收益率: 235.24%
最终净值: 4.6653
20260325 22:23:16- INFO- 总调整天数: 92, 调整正确率: 60.56%, 预计平均亏损改善: 2.8204%
20260325 22:23:16- INFO- 总调整天数: 146, 调整正确率: 53.52%, 预计平均亏损改善: 2.4589%
20260325 22:23:16- INFO- 回测结果(不风控):
20260325 22:23:16- INFO- 回测结果(触及跌停风控):
20260325 22:23:16- INFO- 
回测时间:2025-01-02 - 2026-03-25
策略胜率: 51.43%
策略盈亏比: 1.62
每日平均开仓个数: 2.75
平均持仓天数: 1.65 天
每单位风险期望收益:0.3452
策略总收益率: 361.31%
策略年化收益率: 248.49%
最大回撤: -13.15%
最大回撤阶段: 2026-02-06 至 2026-03-05
夏普比率: 3.36
策略超额年化收益率: 232.03%
最终净值: 4.6131
20260325 22:23:16- INFO- 回测结果(买点下移风控):
20260325 22:23:16- INFO- 
回测时间:2025-01-02 - 2026-03-25
策略胜率: 51.00%
策略盈亏比: 1.61
每日平均开仓个数: 2.75
平均持仓天数: 1.65 天
每单位风险期望收益:0.3309
策略总收益率: 340.27%
策略年化收益率: 235.45%
最大回撤: -12.62%
最大回撤阶段: 2026-02-06 至 2026-03-05
夏普比率: 3.30
策略超额年化收益率: 218.99%
最终净值: 4.4027
20260325 22:24:11- INFO- 总调整天数: 92, 调整正确率: 60.56%, 预计平均亏损改善: 2.8204%
20260325 22:24:11- INFO- 总调整天数: 146, 调整正确率: 53.52%, 预计平均亏损改善: 2.4589%
20260325 22:24:11- INFO- 回测结果(不风控):
20260325 22:24:11- INFO- 回测结果(触及跌停风控):
20260325 22:24:11- INFO- 
回测时间:2021-01-04 - 2024-12-31
策略胜率: 42.95%
策略盈亏比: 1.51
每日平均开仓个数: 2.31
平均持仓天数: 1.62 天
每单位风险期望收益:0.0794
策略总收益率: 213.29%
策略年化收益率: 33.12%
最大回撤: -46.60%
最大回撤阶段: 2022-08-16 至 2023-05-23
夏普比率: 0.95
策略超额年化收益率: 34.22%
最终净值: 3.1329
20260325 22:24:11- INFO- 回测结果(买点下移风控):
20260325 22:24:11- INFO- 
回测时间:2021-01-04 - 2024-12-31
策略胜率: 43.84%
策略盈亏比: 1.50
每日平均开仓个数: 2.31
平均持仓天数: 1.62 天
每单位风险期望收益:0.0966
策略总收益率: 248.89%
策略年化收益率: 36.76%
最大回撤: -44.45%
最大回撤阶段: 2022-08-16 至 2023-05-23
夏普比率: 1.03
策略超额年化收益率: 37.86%
最终净值: 3.4889
20260325 22:24:50- INFO- 总调整天数: 92, 调整正确率: 60.56%, 预计平均亏损改善: 2.8204%
20260325 22:24:50- INFO- 总调整天数: 146, 调整正确率: 53.52%, 预计平均亏损改善: 2.4589%
20260325 22:24:50- INFO- 回测结果(不风控):
20260325 22:24:50- INFO- 回测结果(触及跌停风控):
20260325 22:24:50- INFO- 
回测时间:2021-01-04 - 2024-12-31
策略胜率: 42.95%
策略盈亏比: 1.51
每日平均开仓个数: 2.31
平均持仓天数: 1.62 天
每单位风险期望收益:0.0794
策略总收益率: 213.29%
策略年化收益率: 33.12%
最大回撤: -46.60%
最大回撤阶段: 2022-08-16 至 2023-05-23
夏普比率: 0.95
策略超额年化收益率: 34.22%
最终净值: 3.1329
20260325 22:24:51- INFO- 回测结果(买点下移风控):
20260325 22:24:51- INFO- 
回测时间:2021-01-04 - 2024-12-31
策略胜率: 44.02%
策略盈亏比: 1.50
每日平均开仓个数: 2.31
平均持仓天数: 1.62 天
每单位风险期望收益:0.0990
策略总收益率: 242.88%
策略年化收益率: 36.16%
最大回撤: -43.99%
最大回撤阶段: 2022-08-16 至 2023-05-23
夏普比率: 1.03
策略超额年化收益率: 37.26%
最终净值: 3.4288
20260325 22:25:11- INFO- 总调整天数: 92, 调整正确率: 60.56%, 预计平均亏损改善: 2.8204%
20260325 22:25:12- INFO- 总调整天数: 146, 调整正确率: 53.52%, 预计平均亏损改善: 2.4589%
20260325 22:25:12- INFO- 回测结果(不风控):
20260325 22:25:12- INFO- 回测结果(触及跌停风控):
20260325 22:25:12- INFO- 
回测时间:2021-01-04 - 2024-12-31
策略胜率: 42.95%
策略盈亏比: 1.51
每日平均开仓个数: 2.31
平均持仓天数: 1.62 天
每单位风险期望收益:0.0794
策略总收益率: 213.29%
策略年化收益率: 33.12%
最大回撤: -46.60%
最大回撤阶段: 2022-08-16 至 2023-05-23
夏普比率: 0.95
策略超额年化收益率: 34.22%
最终净值: 3.1329
20260325 22:25:12- INFO- 回测结果(买点下移风控):
20260325 22:25:12- INFO- 
回测时间:2021-01-04 - 2024-12-31
策略胜率: 42.93%
策略盈亏比: 1.50
每日平均开仓个数: 2.31
平均持仓天数: 1.62 天
每单位风险期望收益:0.0742
策略总收益率: 179.98%
策略年化收益率: 29.42%
最大回撤: -36.01%
最大回撤阶段: 2022-08-16 至 2023-05-23
夏普比率: 0.93
策略超额年化收益率: 30.52%
最终净值: 2.7998
20260330 23:09:06- INFO- 回测信号参数: {'low': -5, 'high': -2.5, 'mv_min': 35, 'mv_max': 1000, 'prev_limit_status': ['断板', '炸板'], 'avg_limit_turnover_5_min': -1}
20260330 23:09:06- INFO- 回测时间区间: 2025-01-01 至 2026-03-30
20260330 23:09:06- INFO- 使用40个进程并行处理，共244个日期任务
20260330 23:09:17- INFO- 获取SHSE.600163在2026-03-30 到 2026-04-14股票数据失败
20260330 23:09:17- INFO- 所有回测任务完成，共处理243个日期的结果
20260330 23:09:18- INFO- 总调整天数: 28, 调整正确率: 59.52%, 预计平均亏损改善: 3.3704%
20260330 23:09:18- INFO- 总调整天数: 29, 调整正确率: 48.00%, 预计平均亏损改善: 2.3910%
20260330 23:09:18- INFO- 回测结果(不风控):
20260330 23:09:18- INFO- 
回测时间:2025-01-02 - 2026-03-30
策略胜率: 50.44%
策略盈亏比: 1.43
每日平均开仓个数: 2.81
平均持仓天数: 1.64 天
每单位风险期望收益:0.2251
策略总收益率: 234.57%
策略年化收益率: 165.18%
最大回撤: -20.62%
最大回撤阶段: 2026-01-12 至 2026-03-03
夏普比率: 2.50
策略超额年化收益率: 149.12%
最终净值: 3.3457
20260330 23:09:19- INFO- 回测结果(触及跌停风控):
20260330 23:09:19- INFO- 
回测时间:2025-01-02 - 2026-03-30
策略胜率: 51.26%
策略盈亏比: 1.60
每日平均开仓个数: 2.81
平均持仓天数: 1.64 天
每单位风险期望收益:0.3308
策略总收益率: 291.65%
策略年化收益率: 201.15%
最大回撤: -13.15%
最大回撤阶段: 2026-02-06 至 2026-03-05
夏普比率: 3.03
策略超额年化收益率: 185.09%
最终净值: 3.9165
20260330 23:09:19- INFO- 回测结果(买点下移风控):
20260330 23:09:19- INFO- 
回测时间:2025-01-02 - 2026-03-30
策略胜率: 48.50%
策略盈亏比: 1.54
每日平均开仓个数: 2.81
平均持仓天数: 1.64 天
每单位风险期望收益:0.2308
策略总收益率: 229.14%
策略年化收益率: 161.69%
最大回撤: -19.47%
最大回撤阶段: 2026-01-12 至 2026-03-05
夏普比率: 2.53
策略超额年化收益率: 145.64%
最终净值: 3.2914
20260330 23:09:47- INFO- 资金不足,无法买入 SHSE.600825 440000 股，所需资金 3284559.28，当前现金 3281313.95
20260330 23:09:48- INFO- 资金不足,无法买入 SHSE.600203 69100 股，所需资金 872402.19，当前现金 872389.67
20260330 23:09:49- INFO- 资金不足,无法买入 SZSE.002448 114600 股，所需资金 1118437.52，当前现金 1116653.69
20260330 23:09:53- INFO- 资金不足,无法买入 SZSE.002365 112400 股，所需资金 2376385.65，当前现金 2375703.62
20260330 23:09:56- INFO- 资金不足,无法买入 SHSE.603123 190900 股，所需资金 2744896.57，当前现金 2743548.39
20260330 23:09:58- INFO- 资金不足,无法买入 SZSE.000813 376000 股，所需资金 1717990.83，当前现金 1715075.38
20260330 23:09:59- INFO- 资金不足,无法买入 SHSE.600619 158400 股，所需资金 2936263.73，当前现金 2931103.18
20260330 23:09:59- INFO- 资金不足,无法买入 SZSE.002302 1041000 股，所需资金 7875276.96，当前现金 7867433.94
20260330 23:10:12- INFO- 资金不足,无法买入 SZSE.000601 513400 股，所需资金 3446663.00，当前现金 3440561.60
20260330 23:10:13- INFO- 资金不足,无法买入 SHSE.600821 995400 股，所需资金 10332979.00，当前现金 10323504.60
20260330 23:10:13- INFO- 资金不足,无法买入 SZSE.002831 90100 股，所需资金 3331342.70，当前现金 3324469.88
20260330 23:10:14- INFO- 回测结果:
    指标名称                 指标值
  回测开始日期 2024-01-02 00:00:00
  回测结束日期 2026-03-30 00:00:00
    策略胜率              52.84%
   策略盈亏比                1.59
  策略总收益率             334.14%
 策略年化收益率              92.54%
    最大回撤             -11.98%
最大回撤开始日期 2026-02-09 00:00:00
最大回撤结束日期 2026-02-24 00:00:00
    夏普比率                2.41
    最终净值              4.3414
20260331 20:45:20- INFO- 
回测时间:2025-01-02 - 2026-03-31
策略胜率: 31.63%
策略盈亏比: 1.56
每日平均开仓个数: 45.05
平均持仓天数: 9.36 天
每单位风险期望收益:-0.1911
策略总收益率: -58.61%
策略年化收益率: -50.88%
最大回撤: -60.77%
最大回撤阶段: 2025-01-14 至 2026-03-20
夏普比率: -4.34
策略超额年化收益率: -66.15%
最终净值: 0.4139
20260331 20:46:22- INFO- 回测结果:
    指标名称                 指标值
  回测开始日期 2025-01-02 00:00:00
  回测结束日期 2026-03-31 00:00:00
    策略胜率              36.03%
   策略盈亏比                1.55
  策略总收益率             -15.37%
 策略年化收益率             -12.58%
    最大回撤             -18.49%
最大回撤开始日期 2025-02-12 00:00:00
最大回撤结束日期 2026-03-23 00:00:00
    夏普比率               -1.25
    最终净值              0.8463
20260331 21:15:09- INFO- 
回测时间:2025-01-02 - 2026-03-31
策略胜率: 30.63%
策略盈亏比: 1.70
每日平均开仓个数: 6.39
平均持仓天数: 10.85 天
每单位风险期望收益:-0.1743
策略总收益率: -45.40%
策略年化收益率: -38.59%
最大回撤: -46.91%
最大回撤阶段: 2025-01-13 至 2026-03-25
夏普比率: -2.60
策略超额年化收益率: -53.86%
最终净值: 0.5460
20260331 21:15:46- INFO- 资金不足,无法买入 SHSE.601825 405800 股，所需资金 3545656.69，当前现金 3542521.37
20260331 21:16:01- INFO- 回测结果:
    指标名称                 指标值
  回测开始日期 2025-01-02 00:00:00
  回测结束日期 2026-03-31 00:00:00
    策略胜率              35.39%
   策略盈亏比                1.61
  策略总收益率             -11.26%
 策略年化收益率              -9.18%
    最大回撤             -17.11%
最大回撤开始日期 2025-08-26 00:00:00
最大回撤结束日期 2026-03-30 00:00:00
    夏普比率               -0.83
    最终净值              0.8874
20260406 15:25:30- INFO- 回测信号参数: {'low': -5, 'high': -2.5, 'mv_min': 35, 'mv_max': 1000, 'prev_limit_status': ['断板', '炸板'], 'avg_limit_turnover_5_min': -1}
20260406 15:25:32- INFO- 回测时间区间: 2025-01-01 至 2026-04-06
20260406 15:25:32- INFO- 使用40个进程并行处理，共248个日期任务
20260406 15:25:43- INFO- 所有回测任务完成，共处理248个日期的结果
20260406 15:25:44- INFO- 总调整天数: 30, 调整正确率: 58.43%, 预计平均亏损改善: 3.4894%
20260406 15:25:44- INFO- 总调整天数: 29, 调整正确率: 48.00%, 预计平均亏损改善: 2.6005%
20260406 15:25:44- INFO- 回测结果(不风控):
20260406 15:25:46- INFO- 
回测时间:2025-01-02 - 2026-04-03
策略胜率: 50.57%
策略盈亏比: 1.42
每日平均开仓个数: 2.81
平均持仓天数: 1.65 天
每单位风险期望收益:0.2238
策略总收益率: 251.91%
策略年化收益率: 173.77%
最大回撤: -20.62%
最大回撤阶段: 2026-01-12 至 2026-03-03
夏普比率: 2.58
策略超额年化收益率: 158.89%
最终净值: 3.5191
20260406 15:25:47- INFO- 回测结果(触及跌停风控):
20260406 15:25:47- INFO- 
回测时间:2025-01-02 - 2026-04-03
策略胜率: 51.33%
策略盈亏比: 1.60
每日平均开仓个数: 2.81
平均持仓天数: 1.65 天
每单位风险期望收益:0.3324
策略总收益率: 304.35%
策略年化收益率: 205.96%
最大回撤: -13.15%
最大回撤阶段: 2026-02-06 至 2026-03-05
夏普比率: 3.07
策略超额年化收益率: 191.08%
最终净值: 4.0435
20260406 15:25:47- INFO- 回测结果(买点下移风控):
20260406 15:25:47- INFO- 
回测时间:2025-01-02 - 2026-04-03
策略胜率: 48.53%
策略盈亏比: 1.54
每日平均开仓个数: 2.81
平均持仓天数: 1.65 天
每单位风险期望收益:0.2323
策略总收益率: 251.07%
策略年化收益率: 173.24%
最大回撤: -19.47%
最大回撤阶段: 2026-01-12 至 2026-03-05
夏普比率: 2.64
策略超额年化收益率: 158.36%
最终净值: 3.5107
20260406 15:26:16- INFO- 资金不足,无法买入 SHSE.600825 440000 股，所需资金 3284559.28，当前现金 3281313.95
20260406 15:26:16- INFO- 资金不足,无法买入 SZSE.002599 67000 股，所需资金 872742.87，当前现金 872730.35
20260406 15:26:17- INFO- 资金不足,无法买入 SZSE.002448 114600 股，所需资金 1118437.52，当前现金 1116653.69
20260406 15:26:22- INFO- 资金不足,无法买入 SZSE.002365 112400 股，所需资金 2376385.65，当前现金 2375703.62
20260406 15:26:24- INFO- 资金不足,无法买入 SHSE.603123 190900 股，所需资金 2744896.57，当前现金 2743548.39
20260406 15:26:24- INFO- 资金不足,无法买入 SZSE.002579 203000 股，所需资金 2807005.60，当前现金 2803489.86
20260406 15:26:26- INFO- 资金不足,无法买入 SZSE.002570 225300 股，所需资金 1717963.78，当前现金 1715048.33
20260406 15:26:27- INFO- 资金不足,无法买入 SHSE.600619 158400 股，所需资金 2936263.73，当前现金 2931103.18
20260406 15:26:27- INFO- 资金不足,无法买入 SZSE.002302 1041000 股，所需资金 7875276.96，当前现金 7867433.94
20260406 15:26:35- INFO- 资金不足,无法买入 SHSE.600776 130600 股，所需资金 2051905.66，当前现金 2051210.88
20260406 15:26:41- INFO- 资金不足,无法买入 SZSE.000601 513400 股，所需资金 3446663.00，当前现金 3440561.60
20260406 15:26:41- INFO- 资金不足,无法买入 SHSE.600821 995400 股，所需资金 10332979.00，当前现金 10323504.60
20260406 15:26:41- INFO- 资金不足,无法买入 SHSE.600545 771800 股，所需资金 3333114.24，当前现金 3326241.42
20260406 15:26:43- INFO- 回测结果:
    指标名称                 指标值
  回测开始日期 2024-01-02 00:00:00
  回测结束日期 2026-04-03 00:00:00
    策略胜率              53.09%
   策略盈亏比                1.61
  策略总收益率             354.16%
 策略年化收益率              95.81%
    最大回撤             -11.98%
最大回撤开始日期 2026-02-09 00:00:00
最大回撤结束日期 2026-02-24 00:00:00
    夏普比率                2.46
    最终净值              4.5416
20260412 22:09:26- INFO- 回测信号参数: {'low': -5, 'high': -2.5, 'mv_min': 35, 'mv_max': 1000, 'prev_limit_status': ['断板', '炸板'], 'avg_limit_turnover_5_min': -1}
20260412 22:18:54- INFO- 回测时间区间: 2021-01-01 至 2026-04-12
20260412 22:18:54- INFO- 使用40个进程并行处理，共1097个日期任务
20260412 22:19:12- INFO- 获取SHSE.900904在2022-11-17 到 2022-12-02股票数据失败
20260412 22:19:21- INFO- 获取SZSE.200017在2024-02-26 到 2024-03-12股票数据失败
20260412 22:19:25- INFO- 获取SZSE.200058在2024-10-30 到 2024-11-14股票数据失败
20260412 22:19:30- INFO- 获取SZSE.200016在2025-04-15 到 2025-04-30股票数据失败
20260412 22:19:33- INFO- 获取SZSE.200029在2025-08-27 到 2025-09-11股票数据失败
20260412 22:19:38- INFO- 获取SHSE.600488在2026-04-09 到 2026-04-24股票数据失败
20260412 22:19:38- INFO- 获取SHSE.600594在2026-04-08 到 2026-04-23股票数据失败
20260412 22:19:38- INFO- 获取SHSE.603042在2026-04-10 到 2026-04-25股票数据失败
20260412 22:19:38- INFO- 所有回测任务完成，共处理1089个日期的结果
20260412 22:21:45- INFO- 总调整天数: 88, 调整正确率: 59.12%, 预计平均亏损改善: 2.5283%
20260412 23:14:00- INFO- 回测信号参数: {'low': -5, 'high': -2.5, 'mv_min': 35, 'mv_max': 1000, 'prev_limit_status': ['断板', '炸板'], 'avg_limit_turnover_5_min': -1}
20260412 23:14:00- INFO- 回测时间区间: 2021-01-01 至 2026-04-12
20260412 23:14:01- INFO- 使用40个进程并行处理，共1097个日期任务
20260412 23:14:45- INFO- 获取SHSE.603042在2026-04-10 到 2026-04-25股票数据失败
20260412 23:14:45- INFO- 获取SHSE.600594在2026-04-08 到 2026-04-23股票数据失败
20260412 23:14:45- INFO- 获取SHSE.600488在2026-04-09 到 2026-04-24股票数据失败
20260412 23:14:45- INFO- 所有回测任务完成，共处理1094个日期的结果
20260412 23:14:49- INFO- 总调整天数: 92, 调整正确率: 59.59%, 预计平均亏损改善: 2.5343%
20260413 07:54:09- INFO- 回测信号参数: {'low': -5, 'high': -2.5, 'mv_min': 35, 'mv_max': 1000, 'prev_limit_status': ['断板', '炸板'], 'avg_limit_turnover_5_min': -1}
20260413 07:54:09- INFO- 回测时间区间: 2021-01-01 至 2026-04-13
20260413 07:54:10- INFO- 使用40个进程并行处理，共1097个日期任务
20260413 07:54:50- INFO- 获取SHSE.600594在2026-04-08 到 2026-04-23股票数据失败
20260413 07:54:50- INFO- 获取SHSE.600488在2026-04-09 到 2026-04-24股票数据失败
20260413 07:54:50- INFO- 获取SHSE.603042在2026-04-10 到 2026-04-25股票数据失败
20260413 07:54:50- INFO- 所有回测任务完成，共处理1094个日期的结果
20260413 07:54:54- INFO- 总调整天数: 92, 调整正确率: 59.59%, 预计平均亏损改善: 2.5343%
20260413 07:57:10- INFO- 回测信号参数: {'low': -5, 'high': -2.5, 'mv_min': 35, 'mv_max': 1000, 'prev_limit_status': ['断板', '炸板'], 'avg_limit_turnover_5_min': -1}
20260413 07:57:12- INFO- 回测时间区间: 2021-01-01 至 2026-04-13
20260413 07:57:13- INFO- 使用40个进程并行处理，共1097个日期任务
20260413 07:57:52- INFO- 获取SHSE.600594在2026-04-08 到 2026-04-23股票数据失败
20260413 07:57:53- INFO- 获取SHSE.603042在2026-04-10 到 2026-04-25股票数据失败
20260413 07:57:53- INFO- 获取SHSE.600488在2026-04-09 到 2026-04-24股票数据失败
20260413 07:57:53- INFO- 所有回测任务完成，共处理1094个日期的结果
20260413 07:57:56- INFO- 总调整天数: 92, 调整正确率: 59.59%, 预计平均亏损改善: 2.5343%
20260413 08:31:51- INFO- 回测时间区间: 2026-04-08 至 2026-04-13
20260413 08:31:51- INFO- 使用40个进程并行处理，共3个日期任务
20260413 08:31:58- INFO- 获取SHSE.600594在2026-04-08 到 2026-04-23股票数据失败
20260413 08:31:58- INFO- 获取SHSE.600488在2026-04-09 到 2026-04-24股票数据失败
20260413 08:32:11- INFO- 获取SHSE.603042在2026-04-10 到 2026-04-25股票数据失败
20260413 08:32:11- INFO- 所有回测任务完成，共处理0个日期的结果
20260413 08:32:52- INFO- 回测时间区间: 2026-04-08 至 2026-04-13
20260413 08:32:52- INFO- 使用40个进程并行处理，共3个日期任务
20260413 08:33:55- INFO- 获取SHSE.603042在2026-04-10 到 2026-04-25股票数据失败
20260413 08:33:55- INFO- 获取SHSE.600594在2026-04-08 到 2026-04-23股票数据失败
20260413 08:33:55- INFO- 获取SHSE.600488在2026-04-09 到 2026-04-24股票数据失败
20260413 08:33:55- INFO- 所有回测任务完成，共处理0个日期的结果
20260413 08:34:04- INFO- 回测时间区间: 2026-04-08 至 2026-04-13
20260413 08:34:04- INFO- 使用40个进程并行处理，共3个日期任务
20260413 08:38:09- INFO- 所有回测任务完成，共处理3个日期的结果
20260413 08:38:13- INFO- 回测时间区间: 2026-04-08 至 2026-04-13
20260413 08:38:13- INFO- 使用40个进程并行处理，共3个日期任务
20260413 08:38:14- INFO- 获取['SHSE.600488', 'SHSE.603687', 'SZSE.000720', 'SZSE.000950', 'SZSE.002222']数据失败: 'list' object has no attribute 'contains'
20260413 08:38:14- INFO- 获取['SHSE.603042', 'SZSE.000720', 'SZSE.002491']数据失败: 'list' object has no attribute 'contains'
20260413 08:38:14- INFO- 获取['SHSE.600594', 'SHSE.603122', 'SZSE.000950', 'SZSE.002309']数据失败: 'list' object has no attribute 'contains'
20260413 08:38:14- INFO- 所有回测任务完成，共处理0个日期的结果
20260413 08:57:57- INFO- 回测时间区间: 2026-04-07 至 2026-04-13
20260413 08:57:57- INFO- 使用40个进程并行处理，共4个日期任务
20260413 08:57:58- INFO- 获取['SHSE.600488', 'SHSE.603687', 'SZSE.000720', 'SZSE.000950', 'SZSE.002222']数据失败: 'list' object has no attribute 'contains'
20260413 08:57:58- INFO- 获取['SHSE.603042', 'SZSE.000720', 'SZSE.002491']数据失败: 'list' object has no attribute 'contains'
20260413 08:57:58- INFO- 获取['SHSE.600594', 'SHSE.603122', 'SZSE.000950', 'SZSE.002309']数据失败: 'list' object has no attribute 'contains'
20260413 08:57:58- INFO- 获取['SZSE.002038']数据失败: 'list' object has no attribute 'contains'
20260413 08:57:58- INFO- 所有回测任务完成，共处理0个日期的结果
20260413 08:58:09- INFO- 回测时间区间: 2026-04-07 至 2026-04-13
20260413 08:58:09- INFO- 使用40个进程并行处理，共4个日期任务
20260413 08:58:17- INFO- 获取['SZSE.002038']数据失败: 'list' object has no attribute 'contains'
20260413 08:58:18- INFO- 获取['SHSE.600594', 'SHSE.603122', 'SZSE.000950', 'SZSE.002309']数据失败: 'list' object has no attribute 'contains'
20260413 08:58:18- INFO- 获取['SHSE.600488', 'SHSE.603687', 'SZSE.000720', 'SZSE.000950', 'SZSE.002222']数据失败: 'list' object has no attribute 'contains'
20260413 08:58:36- INFO- 获取['SHSE.603042', 'SZSE.000720', 'SZSE.002491']数据失败: 'list' object has no attribute 'contains'
20260413 08:59:17- INFO- 所有回测任务完成，共处理0个日期的结果
20260413 08:59:20- INFO- 回测时间区间: 2026-04-07 至 2026-04-13
20260413 08:59:20- INFO- 使用40个进程并行处理，共4个日期任务
20260413 08:59:21- INFO- 所有回测任务完成，共处理4个日期的结果
20260413 08:59:43- INFO- 回测时间区间: 2026-04-07 至 2026-04-13
20260413 08:59:43- INFO- 使用40个进程并行处理，共4个日期任务
20260413 08:59:44- INFO- 所有回测任务完成，共处理4个日期的结果
20260413 09:03:11- INFO- 回测时间区间: 2026-04-07 至 2026-04-13
20260413 09:03:11- INFO- 使用40个进程并行处理，共4个日期任务
20260413 09:04:30- INFO- 所有回测任务完成，共处理4个日期的结果
20260413 09:04:52- INFO- 回测时间区间: 2026-04-07 至 2026-04-13
20260413 09:04:52- INFO- 使用40个进程并行处理，共4个日期任务
20260413 09:05:27- INFO- 所有回测任务完成，共处理4个日期的结果
20260413 09:05:50- INFO- 回测信号参数: {'low': -5, 'high': -2.5, 'mv_min': 35, 'mv_max': 1000, 'prev_limit_status': ['断板', '炸板'], 'avg_limit_turnover_5_min': -1}
20260413 09:05:50- INFO- 回测时间区间: 2026-04-07 至 2026-04-13
20260413 09:05:51- INFO- 使用40个进程并行处理，共4个日期任务
20260413 09:05:51- INFO- 所有回测任务完成，共处理4个日期的结果
20260413 09:05:53- INFO- 总调整天数: 0, 调整正确率: 0.00%, 预计平均亏损改善: 0.0000%
20260413 09:06:50- INFO- 回测时间区间: 2026-04-07 至 2026-04-13
20260413 09:06:50- INFO- 使用40个进程并行处理，共4个日期任务
20260413 09:07:03- INFO- 所有回测任务完成，共处理4个日期的结果
20260413 09:07:15- INFO- 回测时间区间: 2026-04-07 至 2026-04-13
20260413 09:07:15- INFO- 使用40个进程并行处理，共4个日期任务
20260413 09:07:15- INFO- 所有回测任务完成，共处理4个日期的结果
20260413 09:10:06- INFO- 回测信号参数: {'low': -5, 'high': -2.5, 'mv_min': 35, 'mv_max': 1000, 'prev_limit_status': ['断板', '炸板'], 'avg_limit_turnover_5_min': -1}
20260413 09:10:06- INFO- 回测时间区间: 2021-01-01 至 2026-04-13
20260413 09:10:07- INFO- 使用40个进程并行处理，共1097个日期任务
20260413 09:10:34- INFO- 所有回测任务完成，共处理1097个日期的结果
20260413 09:10:37- INFO- 总调整天数: 92, 调整正确率: 60.77%, 预计平均亏损改善: 2.5660%
20260413 09:10:37- INFO- 总调整天数: 183, 调整正确率: 56.76%, 预计平均亏损改善: 2.3814%
20260413 09:10:37- INFO- 回测结果(不风控):
20260413 09:10:40- INFO- 
回测时间:2025-01-02 - 2026-04-10
策略胜率: 47.15%
策略盈亏比: 1.47
每日平均开仓个数: 3.94
平均持仓天数: 1.66 天
每单位风险期望收益:0.1664
策略总收益率: 213.74%
策略年化收益率: 146.30%
最大回撤: -22.45%
最大回撤阶段: 2025-03-11 至 2025-04-29
夏普比率: 2.46
策略超额年化收益率: 129.19%
最终净值: 3.1374
20260413 09:10:40- INFO- 回测结果(触及跌停风控):
20260413 09:10:40- INFO- 
回测时间:2025-01-02 - 2026-04-10
策略胜率: 47.39%
策略盈亏比: 1.58
每日平均开仓个数: 3.94
平均持仓天数: 1.66 天
每单位风险期望收益:0.2212
策略总收益率: 214.48%
策略年化收益率: 146.76%
最大回撤: -21.22%
最大回撤阶段: 2025-03-11 至 2025-04-29
夏普比率: 2.70
策略超额年化收益率: 129.65%
最终净值: 3.1448
20260413 09:10:41- INFO- 回测结果(买点下移风控):
20260413 09:10:41- INFO- 
回测时间:2025-01-02 - 2026-04-10
策略胜率: 45.94%
策略盈亏比: 1.53
每日平均开仓个数: 3.94
平均持仓天数: 1.66 天
每单位风险期望收益:0.1612
策略总收益率: 172.84%
策略年化收益率: 120.62%
最大回撤: -21.24%
最大回撤阶段: 2025-03-25 至 2025-04-29
夏普比率: 2.26
策略超额年化收益率: 103.51%
最终净值: 2.7284
20260413 09:10:44- INFO- 资金不足,无法买入 SHSE.603083 44400 股，所需资金 1913020.31，当前现金 1910766.88
20260413 09:10:44- INFO- 资金不足,无法买入 SHSE.600621 62900 股，所需资金 1072069.93，当前现金 1069922.53
20260413 09:10:44- INFO- 资金不足,无法买入 SHSE.600705 529000 股，所需资金 1765094.90，当前现金 1762363.07
20260413 09:10:49- INFO- 资金不足,无法买入 SHSE.600990 59500 股，所需资金 1104144.98，当前现金 1102049.75
20260413 09:10:51- INFO- 资金不足,无法买入 SZSE.000957 124500 股，所需资金 1400932.67，当前现金 1397997.42
20260413 09:10:52- INFO- 资金不足,无法买入 SZSE.002055 367300 股，所需资金 2454793.23，当前现金 2450192.41
20260413 09:10:55- INFO- 资金不足,无法买入 SZSE.000868 1129000 股，所需资金 5203791.99，当前现金 5198673.49
20260413 09:10:56- INFO- 资金不足,无法买入 SHSE.600316 44600 股，所需资金 916576.41，当前现金 914869.12
20260413 09:10:56- INFO- 资金不足,无法买入 SZSE.002232 66000 股，所需资金 1521698.84，当前现金 1517745.72
20260413 09:11:00- INFO- 资金不足,无法买入 SHSE.600550 148500 股，所需资金 1562370.06，当前现金 1560357.62
20260413 09:11:02- INFO- 资金不足,无法买入 SZSE.002628 628300 股，所需资金 3342948.88，当前现金 3339964.67
20260413 09:11:10- INFO- 资金不足,无法买入 SZSE.002838 224900 股，所需资金 3019690.33，当前现金 3014268.38
20260413 09:11:10- INFO- 资金不足,无法买入 SZSE.000880 49800 股，所需资金 1535412.22，当前现金 1533434.17
20260413 09:11:19- INFO- 资金不足,无法买入 SHSE.603123 303200 股，所需资金 4359626.19，当前现金 4356192.39
20260413 09:11:22- INFO- 资金不足,无法买入 SZSE.002570 146300 股，所需资金 1115570.80，当前现金 1112619.28
20260413 09:11:22- INFO- 资金不足,无法买入 SHSE.600619 258300 股，所需资金 4788111.88，当前现金 4780667.46
20260413 09:11:23- INFO- 资金不足,无法买入 SHSE.600366 87100 股，所需资金 1383297.45，当前现金 1376977.41
20260413 09:11:25- INFO- 资金不足,无法买入 SHSE.600816 821500 股，所需资金 2831614.75，当前现金 2826255.22
20260413 09:11:27- INFO- 资金不足,无法买入 SHSE.600333 793800 股，所需资金 5854058.58，当前现金 5848217.91
20260413 09:11:37- INFO- 资金不足,无法买入 SZSE.000601 789400 股，所需资金 5299563.25，当前现金 5290623.75
20260413 09:11:37- INFO- 资金不足,无法买入 SHSE.600121 1354600 股，所需资金 6908710.72，当前现金 6888859.19
20260413 09:11:39- INFO- 回测结果:
    指标名称                 指标值
  回测开始日期 2024-01-02 00:00:00
  回测结束日期 2026-04-07 00:00:00
    策略胜率              46.38%
   策略盈亏比                1.85
  策略总收益率             618.05%
 策略年化收益率             138.96%
    最大回撤             -23.74%
最大回撤开始日期 2024-10-31 00:00:00
最大回撤结束日期 2025-01-13 00:00:00
    夏普比率                2.61
    最终净值              7.1805
20260413 21:37:31- INFO- 回测信号参数: {'low': -5, 'high': -2.5, 'mv_min': 35, 'mv_max': 1000, 'prev_limit_status': ['断板', '炸板'], 'avg_limit_turnover_5_min': -1}
20260413 21:37:31- INFO- 回测时间区间: 2021-01-01 至 2026-04-13
20260413 21:37:32- INFO- 使用40个进程并行处理，共1098个日期任务
20260413 21:38:00- INFO- 获取SHSE.601133在2026-04-13 到 2026-04-28股票数据失败
20260413 21:38:00- INFO- 所有回测任务完成，共处理1097个日期的结果
20260413 21:38:04- INFO- 总调整天数: 93, 调整正确率: 59.71%, 预计平均亏损改善: 2.5660%
20260413 21:38:04- INFO- 总调整天数: 184, 调整正确率: 56.07%, 预计平均亏损改善: 2.3814%
20260413 21:38:04- INFO- 回测结果(不风控):
20260413 21:38:06- INFO- 
回测时间:2021-01-04 - 2026-04-13
策略胜率: 43.06%
策略盈亏比: 1.45
每日平均开仓个数: 3.35
平均持仓天数: 1.63 天
每单位风险期望收益:0.0553
策略总收益率: 296.13%
策略年化收益率: 29.82%
最大回撤: -49.87%
最大回撤阶段: 2022-07-21 至 2023-05-23
夏普比率: 0.82
策略超额年化收益率: 27.33%
最终净值: 3.9613
20260413 21:38:07- INFO- 回测结果(触及跌停风控):
20260413 21:38:07- INFO- 
回测时间:2021-01-04 - 2026-04-13
策略胜率: 43.31%
策略盈亏比: 1.50
每日平均开仓个数: 3.35
平均持仓天数: 1.63 天
每单位风险期望收益:0.0818
策略总收益率: 383.07%
策略年化收益率: 34.80%
最大回撤: -45.65%
最大回撤阶段: 2022-01-06 至 2023-05-23
夏普比率: 0.99
策略超额年化收益率: 32.31%
最终净值: 4.8307
20260413 21:38:07- INFO- 回测结果(买点下移风控):
20260413 21:38:07- INFO- 
回测时间:2021-01-04 - 2026-04-13
策略胜率: 42.48%
策略盈亏比: 1.49
每日平均开仓个数: 3.35
平均持仓天数: 1.63 天
每单位风险期望收益:0.0569
策略总收益率: 331.36%
策略年化收益率: 31.94%
最大回撤: -42.56%
最大回撤阶段: 2022-11-17 至 2023-05-23
夏普比率: 0.87
策略超额年化收益率: 29.45%
最终净值: 4.3136
20260413 21:38:09- INFO- 资金不足,无法买入 SHSE.603083 44400 股，所需资金 1913020.31，当前现金 1910766.88
20260413 21:38:09- INFO- 资金不足,无法买入 SHSE.600621 62900 股，所需资金 1072069.93，当前现金 1069922.53
20260413 21:38:10- INFO- 资金不足,无法买入 SHSE.600705 529000 股，所需资金 1765094.90，当前现金 1762363.07
20260413 21:38:15- INFO- 资金不足,无法买入 SHSE.600990 59500 股，所需资金 1104144.98，当前现金 1102049.75
20260413 21:38:16- INFO- 资金不足,无法买入 SZSE.000957 124500 股，所需资金 1400932.67，当前现金 1397997.42
20260413 21:38:18- INFO- 资金不足,无法买入 SZSE.002055 367300 股，所需资金 2454793.23，当前现金 2450192.41
20260413 21:38:21- INFO- 资金不足,无法买入 SZSE.000868 1129000 股，所需资金 5203791.99，当前现金 5198673.49
20260413 21:38:21- INFO- 资金不足,无法买入 SHSE.600316 44600 股，所需资金 916576.41，当前现金 914869.12
20260413 21:38:22- INFO- 资金不足,无法买入 SZSE.002232 66000 股，所需资金 1521698.84，当前现金 1517745.72
20260413 21:38:25- INFO- 资金不足,无法买入 SHSE.600550 148500 股，所需资金 1562370.06，当前现金 1560357.62
20260413 21:38:27- INFO- 资金不足,无法买入 SZSE.002628 628300 股，所需资金 3342948.88，当前现金 3339964.67
20260413 21:38:35- INFO- 资金不足,无法买入 SZSE.002838 224900 股，所需资金 3019690.33，当前现金 3014268.38
20260413 21:38:35- INFO- 资金不足,无法买入 SZSE.000880 49800 股，所需资金 1535412.22，当前现金 1533434.17
20260413 21:38:43- INFO- 资金不足,无法买入 SHSE.603123 303200 股，所需资金 4359626.19，当前现金 4356192.39
20260413 21:38:46- INFO- 资金不足,无法买入 SZSE.002570 146300 股，所需资金 1115570.80，当前现金 1112619.28
20260413 21:38:46- INFO- 资金不足,无法买入 SHSE.600619 258300 股，所需资金 4788111.88，当前现金 4780667.46
20260413 21:38:47- INFO- 资金不足,无法买入 SHSE.600366 87100 股，所需资金 1383297.45，当前现金 1376977.41
20260413 21:38:49- INFO- 资金不足,无法买入 SHSE.600816 821500 股，所需资金 2831614.75，当前现金 2826255.22
20260413 21:38:51- INFO- 资金不足,无法买入 SHSE.600333 793800 股，所需资金 5854058.58，当前现金 5848217.91
20260413 21:39:00- INFO- 资金不足,无法买入 SZSE.000601 789400 股，所需资金 5299563.25，当前现金 5290623.75
20260413 21:39:01- INFO- 资金不足,无法买入 SHSE.600121 1354600 股，所需资金 6908710.72，当前现金 6888859.19
20260413 21:39:02- INFO- 回测结果:
    指标名称                 指标值
  回测开始日期 2024-01-02 00:00:00
  回测结束日期 2026-04-07 00:00:00
    策略胜率              46.38%
   策略盈亏比                1.85
  策略总收益率             618.05%
 策略年化收益率             138.96%
    最大回撤             -23.74%
最大回撤开始日期 2024-10-31 00:00:00
最大回撤结束日期 2025-01-13 00:00:00
    夏普比率                2.61
    最终净值              7.1805
20260421 15:43:10- INFO- 回测信号参数: {'low': -5, 'high': -2.5, 'mv_min': 35, 'mv_max': 1000, 'prev_limit_status': ['断板', '炸板'], 'avg_limit_turnover_5_min': -1}
20260421 15:43:10- INFO- 回测时间区间: 2021-01-01 至 2026-04-21
20260421 15:43:11- INFO- 使用40个进程并行处理，共1103个日期任务
20260421 15:43:39- INFO- 所有回测任务完成，共处理1103个日期的结果
20260421 15:43:42- INFO- 总调整天数: 93, 调整正确率: 60.29%, 预计平均亏损改善: 2.5464%
20260421 15:43:43- INFO- 总调整天数: 184, 调整正确率: 56.48%, 预计平均亏损改善: 2.3708%
20260421 15:43:43- INFO- 回测结果(不风控):
20260421 15:43:44- INFO- 
回测时间:2021-01-04 - 2026-04-20
策略胜率: 43.12%
策略盈亏比: 1.45
每日平均开仓个数: 3.35
平均持仓天数: 1.63 天
每单位风险期望收益:0.0572
策略总收益率: 313.53%
策略年化收益率: 30.76%
最大回撤: -49.87%
最大回撤阶段: 2022-07-21 至 2023-05-23
夏普比率: 0.83
策略超额年化收益率: 27.83%
最终净值: 4.1353
20260421 15:43:45- INFO- 回测结果(触及跌停风控):
20260421 15:43:45- INFO- 
回测时间:2021-01-04 - 2026-04-20
策略胜率: 43.33%
策略盈亏比: 1.50
每日平均开仓个数: 3.35
平均持仓天数: 1.63 天
每单位风险期望收益:0.0826
策略总收益率: 396.91%
策略年化收益率: 35.38%
最大回撤: -45.65%
最大回撤阶段: 2022-01-06 至 2023-05-23
夏普比率: 1.00
策略超额年化收益率: 32.44%
最终净值: 4.9691
20260421 15:43:45- INFO- 回测结果(买点下移风控):
20260421 15:43:45- INFO- 
回测时间:2021-01-04 - 2026-04-20
策略胜率: 42.56%
策略盈亏比: 1.49
每日平均开仓个数: 3.35
平均持仓天数: 1.63 天
每单位风险期望收益:0.0590
策略总收益率: 350.97%
策略年化收益率: 32.92%
最大回撤: -42.56%
最大回撤阶段: 2022-11-17 至 2023-05-23
夏普比率: 0.89
策略超额年化收益率: 29.99%
最终净值: 4.5097
20260421 15:43:48- INFO- 资金不足,无法买入 SHSE.603110 22500 股，所需资金 946890.94，当前现金 945336.30
20260421 15:43:56- INFO- 资金不足,无法买入 SZSE.002581 53400 股，所需资金 1239753.79，当前现金 1236937.98
20260421 15:43:56- INFO- 资金不足,无法买入 SZSE.002121 420700 股，所需资金 1863214.85，当前现金 1860107.47
20260421 15:44:02- INFO- 资金不足,无法买入 SZSE.002598 86000 股，所需资金 1292581.29，当前现金 1290750.00
20260421 15:44:06- INFO- 资金不足,无法买入 SHSE.603063 128300 股，所需资金 4268083.38，当前现金 4266462.66
20260421 15:44:08- INFO- 资金不足,无法买入 SHSE.600854 139900 股，所需资金 1114430.52，当前现金 1112192.77
20260421 15:44:09- INFO- 资金不足,无法买入 SHSE.603335 134400 股，所需资金 1055804.45，当前现金 1054648.08
20260421 15:44:09- INFO- 资金不足,无法买入 SZSE.002354 320000 股，所需资金 1596788.79，当前现金 1592832.71
20260421 15:44:09- INFO- 资金不足,无法买入 SZSE.000595 191600 股，所需资金 737216.22，当前现金 735937.32
20260421 15:44:09- INFO- 资金不足,无法买入 SZSE.002590 96600 股，所需资金 1059886.60，当前现金 1059075.33
20260421 15:44:10- INFO- 资金不足,无法买入 SZSE.002480 209000 股，所需资金 1447079.82，当前现金 1444669.66
20260421 15:44:10- INFO- 资金不足,无法买入 SZSE.002665 205600 股，所需资金 1009455.89，当前现金 1005180.74
20260421 15:44:21- INFO- 资金不足,无法买入 SZSE.002160 478800 股，所需资金 2931321.86，当前现金 2926208.93
20260421 15:44:43- INFO- 资金不足,无法买入 SHSE.600629 119700 股，所需资金 1030280.47，当前现金 1028874.09
20260421 15:44:46- INFO- 资金不足,无法买入 SZSE.002559 156500 股，所需资金 1430135.99，当前现金 1427928.31
20260421 15:44:47- INFO- 资金不足,无法买入 SZSE.000006 352800 股，所需资金 1993773.57，当前现金 1988386.95
20260421 15:44:50- INFO- 资金不足,无法买入 SZSE.000813 311200 股，所需资金 1278473.12，当前现金 1276434.46
20260421 15:44:55- INFO- 资金不足,无法买入 SZSE.000409 308100 股，所需资金 3019247.45，当前现金 3014868.54
20260421 15:44:58- INFO- 资金不足,无法买入 SHSE.603083 81700 股，所需资金 3520129.71，当前现金 3516840.71
20260421 15:44:58- INFO- 资金不足,无法买入 SZSE.000017 160200 股，所需资金 1976008.10，当前现金 1970491.50
20260421 15:44:58- INFO- 资金不足,无法买入 SHSE.600636 319300 股，所需资金 3247380.03，当前现金 3241935.09
20260421 15:45:03- INFO- 资金不足,无法买入 SHSE.600855 220400 股，所需资金 2029528.98，当前现金 2026346.85
20260421 15:45:04- INFO- 资金不足,无法买入 SHSE.603823 52000 股，所需资金 612743.65，当前现金 610768.51
20260421 15:45:04- INFO- 资金不足,无法买入 SZSE.000957 229200 股，所需资金 2579066.41，当前现金 2573092.70
20260421 15:45:06- INFO- 资金不足,无法买入 SZSE.002055 675900 股，所需资金 4517274.01，当前现金 4508630.03
20260421 15:45:08- INFO- 资金不足,无法买入 SZSE.000868 2078500 股，所需资金 9580231.76，当前现金 9571012.13
20260421 15:45:09- INFO- 资金不足,无法买入 SZSE.000099 90600 股，所需资金 1686716.38，当前现金 1684369.56
20260421 15:45:09- INFO- 资金不足,无法买入 SZSE.002232 121500 股，所需资金 2801309.23，当前现金 2795349.45
20260421 15:45:13- INFO- 资金不足,无法买入 SZSE.002786 318100 股，所需资金 2875003.39，当前现金 2870228.79
20260421 15:45:14- INFO- 资金不足,无法买入 SZSE.002628 1155900 股，所需资金 6150110.80，当前现金 6141460.93
20260421 15:45:15- INFO- 资金不足,无法买入 SZSE.002625 42600 股，所需资金 1747533.83，当前现金 1741561.98
20260421 15:45:22- INFO- 资金不足,无法买入 SHSE.600825 743400 股，所需资金 5549412.20，当前现金 5539891.93
20260421 15:45:22- INFO- 资金不足,无法买入 SZSE.002599 217400 股，所需资金 2831855.23，当前现金 2823781.23
20260421 15:45:30- INFO- 资金不足,无法买入 SHSE.603123 558200 股，所需资金 8026198.35，当前现金 8018968.36
20260421 15:45:33- INFO- 资金不足,无法买入 SZSE.000813 449500 股，所需资金 2053821.49，当前现金 2047083.11
20260421 15:45:33- INFO- 资金不足,无法买入 SHSE.600619 475500 股，所需资金 8814352.30，当前现金 8797643.92
20260421 15:45:34- INFO- 资金不足,无法买入 SHSE.600619 117100 股，所需资金 2546154.68，当前现金 2532671.06
20260421 15:45:36- INFO- 资金不足,无法买入 SZSE.000737 369700 股，所需资金 5212087.56，当前现金 5195419.63
20260421 15:45:38- INFO- 资金不足,无法买入 SHSE.600333 1460900 股，所需资金 10773739.20，当前现金 10763395.62
20260421 15:45:47- INFO- 资金不足,无法买入 SZSE.000533 562500 股，所需资金 9756358.49，当前现金 9737797.22
20260421 15:45:47- INFO- 资金不足,无法买入 SHSE.600821 1225100 股，所需资金 12717432.76，当前现金 12680218.91
20260421 15:45:49- INFO- 回测结果:
    指标名称                 指标值
  回测开始日期 2021-01-04 00:00:00
  回测结束日期 2026-04-07 00:00:00
    策略胜率              45.48%
   策略盈亏比                1.78
  策略总收益率            1221.85%
 策略年化收益率              63.40%
    最大回撤             -47.67%
最大回撤开始日期 2021-09-22 00:00:00
最大回撤结束日期 2021-12-15 00:00:00
    夏普比率                1.11
    最终净值             13.2185
20260421 16:08:55- INFO- 回测信号参数: {'low': -5, 'high': -2.5, 'mv_min': 35, 'mv_max': 1000, 'prev_limit_status': ['断板', '炸板'], 'avg_limit_turnover_5_min': -1}
20260421 16:08:55- INFO- 回测时间区间: 2021-01-01 至 2026-04-21
20260421 16:08:56- INFO- 使用40个进程并行处理，共1103个日期任务
20260421 16:09:24- INFO- 所有回测任务完成，共处理1103个日期的结果
20260421 16:09:27- INFO- 总调整天数: 93, 调整正确率: 60.29%, 预计平均亏损改善: 2.5464%
20260421 16:09:28- INFO- 总调整天数: 184, 调整正确率: 56.48%, 预计平均亏损改善: 2.3708%
20260421 16:09:28- INFO- 回测结果(不风控):
20260421 16:09:28- INFO- 
回测时间:2026-01-05 - 2026-04-20
策略胜率: 48.72%
策略盈亏比: 1.28
每日平均开仓个数: 4.14
平均持仓天数: 1.68 天
每单位风险期望收益:0.1093
策略总收益率: 18.64%
策略年化收益率: 81.14%
最大回撤: -15.00%
最大回撤阶段: 2026-01-12 至 2026-03-03
夏普比率: 1.54
策略超额年化收益率: 75.97%
最终净值: 1.1864
20260421 16:09:28- INFO- 回测结果(触及跌停风控):
20260421 16:09:28- INFO- 
回测时间:2026-01-05 - 2026-04-20
策略胜率: 49.48%
策略盈亏比: 1.44
每日平均开仓个数: 4.14
平均持仓天数: 1.68 天
每单位风险期望收益:0.2095
策略总收益率: 30.66%
策略年化收益率: 153.36%
最大回撤: -10.20%
最大回撤阶段: 2026-01-12 至 2026-02-13
夏普比率: 2.60
策略超额年化收益率: 148.20%
最终净值: 1.3066
20260421 16:09:28- INFO- 回测结果(买点下移风控):
20260421 16:09:28- INFO- 
回测时间:2026-01-05 - 2026-04-20
策略胜率: 46.67%
策略盈亏比: 1.34
每日平均开仓个数: 4.14
平均持仓天数: 1.68 天
每单位风险期望收益:0.0918
策略总收益率: 15.59%
策略年化收益率: 65.49%
最大回撤: -14.46%
最大回撤阶段: 2026-01-12 至 2026-03-03
夏普比率: 1.35
策略超额年化收益率: 60.32%
最终净值: 1.1559
20260421 16:09:30- INFO- 资金不足,无法买入 SHSE.603110 22500 股，所需资金 946890.94，当前现金 945336.30
20260421 16:09:38- INFO- 资金不足,无法买入 SZSE.002581 53400 股，所需资金 1239753.79，当前现金 1236937.98
20260421 16:09:38- INFO- 资金不足,无法买入 SZSE.002121 420700 股，所需资金 1863214.85，当前现金 1860107.47
20260421 16:09:44- INFO- 资金不足,无法买入 SZSE.002598 86000 股，所需资金 1292581.29，当前现金 1290750.00
20260421 16:09:48- INFO- 资金不足,无法买入 SHSE.603063 128300 股，所需资金 4268083.38，当前现金 4266462.66
20260421 16:09:51- INFO- 资金不足,无法买入 SHSE.600854 139900 股，所需资金 1114430.52，当前现金 1112192.77
20260421 16:09:51- INFO- 资金不足,无法买入 SHSE.603335 134400 股，所需资金 1055804.45，当前现金 1054648.08
20260421 16:09:51- INFO- 资金不足,无法买入 SZSE.002354 320000 股，所需资金 1596788.79，当前现金 1592832.71
20260421 16:09:51- INFO- 资金不足,无法买入 SZSE.000595 191600 股，所需资金 737216.22，当前现金 735937.32
20260421 16:09:51- INFO- 资金不足,无法买入 SZSE.002590 96600 股，所需资金 1059886.60，当前现金 1059075.33
20260421 16:09:52- INFO- 资金不足,无法买入 SZSE.002480 209000 股，所需资金 1447079.82，当前现金 1444669.66
20260421 16:09:52- INFO- 资金不足,无法买入 SZSE.002665 205600 股，所需资金 1009455.89，当前现金 1005180.74
20260421 16:10:13- INFO- 资金不足,无法买入 SZSE.002160 478800 股，所需资金 2931321.86，当前现金 2926208.93
20260421 16:10:16- INFO- 
回测时间:2024-01-02 - 2026-04-20
策略胜率: 27.01%
策略盈亏比: 0.93
每日平均开仓个数: 2.36
平均持仓天数: 1.00 天
每单位风险期望收益:-0.4777
策略总收益率: -47.50%
策略年化收益率: -24.45%
最大回撤: -47.85%
最大回撤阶段: 2024-01-02 至 2026-03-18
夏普比率: -4.14
策略超额年化收益率: -39.42%
最终净值: 0.5250
20260421 16:10:39- INFO- 资金不足,无法买入 SHSE.600629 119700 股，所需资金 1030280.47，当前现金 1028874.09
20260421 16:10:43- INFO- 资金不足,无法买入 SZSE.002559 156500 股，所需资金 1430135.99，当前现金 1427928.31
20260421 16:10:45- INFO- 资金不足,无法买入 SZSE.000006 352800 股，所需资金 1993773.57，当前现金 1988386.95
20260421 16:10:48- INFO- 资金不足,无法买入 SZSE.000813 311200 股，所需资金 1278473.12，当前现金 1276434.46
20260421 16:10:53- INFO- 资金不足,无法买入 SZSE.000409 308100 股，所需资金 3019247.45，当前现金 3014868.54
20260421 16:10:56- INFO- 资金不足,无法买入 SHSE.603083 81700 股，所需资金 3520129.71，当前现金 3516840.71
20260421 16:10:57- INFO- 资金不足,无法买入 SZSE.000017 160200 股，所需资金 1976008.10，当前现金 1970491.50
20260421 16:10:57- INFO- 资金不足,无法买入 SHSE.600636 319300 股，所需资金 3247380.03，当前现金 3241935.09
20260421 16:11:03- INFO- 资金不足,无法买入 SHSE.600855 220400 股，所需资金 2029528.98，当前现金 2026346.85
20260421 16:11:04- INFO- 资金不足,无法买入 SHSE.603823 52000 股，所需资金 612743.65，当前现金 610768.51
20260421 16:11:04- INFO- 资金不足,无法买入 SZSE.000957 229200 股，所需资金 2579066.41，当前现金 2573092.70
20260421 16:11:05- INFO- 资金不足,无法买入 SZSE.002055 675900 股，所需资金 4517274.01，当前现金 4508630.03
20260421 16:11:09- INFO- 资金不足,无法买入 SZSE.000868 2078500 股，所需资金 9580231.76，当前现金 9571012.13
20260421 16:11:10- INFO- 资金不足,无法买入 SZSE.000099 90600 股，所需资金 1686716.38，当前现金 1684369.56
20260421 16:11:10- INFO- 资金不足,无法买入 SZSE.002232 121500 股，所需资金 2801309.23，当前现金 2795349.45
20260421 16:11:14- INFO- 资金不足,无法买入 SZSE.002786 318100 股，所需资金 2875003.39，当前现金 2870228.79
20260421 16:11:16- INFO- 回测结果:
    指标名称                 指标值
  回测开始日期 2024-01-02 00:00:00
  回测结束日期 2026-04-07 00:00:00
    策略胜率              32.15%
   策略盈亏比                0.99
  策略总收益率             -35.15%
 策略年化收益率             -17.42%
    最大回撤             -35.85%
最大回撤开始日期 2024-01-02 00:00:00
最大回撤结束日期 2026-03-19 00:00:00
    夏普比率               -3.09
    最终净值              0.6485
20260421 16:11:16- INFO- 资金不足,无法买入 SZSE.002628 1155900 股，所需资金 6150110.80，当前现金 6141460.93
20260421 16:11:16- INFO- 资金不足,无法买入 SZSE.002625 42600 股，所需资金 1747533.83，当前现金 1741561.98
20260421 16:11:23- INFO- 资金不足,无法买入 SHSE.600825 743400 股，所需资金 5549412.20，当前现金 5539891.93
20260421 16:11:24- INFO- 资金不足,无法买入 SZSE.002599 217400 股，所需资金 2831855.23，当前现金 2823781.23
20260421 16:11:31- INFO- 资金不足,无法买入 SHSE.603123 558200 股，所需资金 8026198.35，当前现金 8018968.36
20260421 16:11:34- INFO- 资金不足,无法买入 SZSE.000813 449500 股，所需资金 2053821.49，当前现金 2047083.11
20260421 16:11:34- INFO- 资金不足,无法买入 SHSE.600619 475500 股，所需资金 8814352.30，当前现金 8797643.92
20260421 16:11:35- INFO- 资金不足,无法买入 SHSE.600619 117100 股，所需资金 2546154.68，当前现金 2532671.06
20260421 16:11:37- INFO- 资金不足,无法买入 SZSE.000737 369700 股，所需资金 5212087.56，当前现金 5195419.63
20260421 16:11:39- INFO- 资金不足,无法买入 SHSE.600333 1460900 股，所需资金 10773739.20，当前现金 10763395.62
20260421 16:11:48- INFO- 资金不足,无法买入 SZSE.000533 562500 股，所需资金 9756358.49，当前现金 9737797.22
20260421 16:11:48- INFO- 资金不足,无法买入 SHSE.600821 1225100 股，所需资金 12717432.76，当前现金 12680218.91
20260421 16:11:49- INFO- 回测结果:
    指标名称                 指标值
  回测开始日期 2021-01-04 00:00:00
  回测结束日期 2026-04-07 00:00:00
    策略胜率              45.48%
   策略盈亏比                1.78
  策略总收益率            1221.85%
 策略年化收益率              63.40%
    最大回撤             -47.67%
最大回撤开始日期 2021-09-22 00:00:00
最大回撤结束日期 2021-12-15 00:00:00
    夏普比率                1.11
    最终净值             13.2185
20260425 01:00:01- INFO- 
回测时间:2026-01-05 - 2026-04-24
策略胜率: 48.59%
策略盈亏比: 1.27
每日平均开仓个数: 4.06
平均持仓天数: 1.66 天
每单位风险期望收益:0.1032
策略总收益率: 15.17%
策略年化收益率: 60.46%
最大回撤: -15.00%
最大回撤阶段: 2026-01-12 至 2026-03-03
夏普比率: 1.24
策略超额年化收益率: 55.69%
最终净值: 1.1517
20260425 01:00:02- INFO- 回测结果(触及跌停风控):
20260425 01:00:02- INFO- 
回测时间:2026-01-05 - 2026-04-24
策略胜率: 49.26%
策略盈亏比: 1.43
每日平均开仓个数: 4.06
平均持仓天数: 1.66 天
每单位风险期望收益:0.1967
策略总收益率: 26.84%
策略年化收益率: 121.70%
最大回撤: -10.20%
最大回撤阶段: 2026-01-12 至 2026-02-13
夏普比率: 2.23
策略超额年化收益率: 116.92%
最终净值: 1.2684
20260425 01:00:02- INFO- 回测结果(买点下移风控):
20260425 01:00:02- INFO- 
回测时间:2026-01-05 - 2026-04-24
策略胜率: 46.61%
策略盈亏比: 1.33
每日平均开仓个数: 4.06
平均持仓天数: 1.66 天
每单位风险期望收益:0.0852
策略总收益率: 12.21%
策略年化收益率: 47.09%
最大回撤: -14.46%
最大回撤阶段: 2026-01-12 至 2026-03-03
夏普比率: 1.04
策略超额年化收益率: 42.31%
最终净值: 1.1221
20260425 01:00:04- INFO- 资金不足,无法买入 SHSE.603110 22500 股，所需资金 946890.94，当前现金 945336.30
20260425 01:00:13- INFO- 资金不足,无法买入 SZSE.002581 53400 股，所需资金 1239753.79，当前现金 1236937.98
20260425 01:00:14- INFO- 资金不足,无法买入 SZSE.002121 420700 股，所需资金 1863214.85，当前现金 1860107.47
20260425 01:00:20- INFO- 资金不足,无法买入 SZSE.002598 86000 股，所需资金 1292581.29，当前现金 1290750.00
20260425 01:00:25- INFO- 资金不足,无法买入 SHSE.603063 128300 股，所需资金 4268083.38，当前现金 4266462.66
20260425 01:00:28- INFO- 资金不足,无法买入 SHSE.600854 139900 股，所需资金 1114430.52，当前现金 1112192.77
20260425 01:00:28- INFO- 资金不足,无法买入 SHSE.603335 134400 股，所需资金 1055804.45，当前现金 1054648.08
20260425 01:00:28- INFO- 资金不足,无法买入 SZSE.002354 320000 股，所需资金 1596788.79，当前现金 1592832.71
20260425 01:00:28- INFO- 资金不足,无法买入 SZSE.000595 191600 股，所需资金 737216.22，当前现金 735937.32
20260425 01:00:28- INFO- 资金不足,无法买入 SZSE.002232 36800 股，所需资金 1059379.59，当前现金 1058568.32
20260425 01:00:29- INFO- 资金不足,无法买入 SZSE.002480 209000 股，所需资金 1447079.82，当前现金 1444669.66
20260425 01:00:29- INFO- 资金不足,无法买入 SZSE.002354 167600 股，所需资金 1009291.56，当前现金 1005016.41
20260425 01:00:42- INFO- 资金不足,无法买入 SZSE.002160 478800 股，所需资金 2931321.86，当前现金 2926208.93
20260425 01:01:06- INFO- 资金不足,无法买入 SHSE.603618 153400 股，所需资金 1029836.59，当前现金 1028430.21
20260425 01:01:09- INFO- 资金不足,无法买入 SHSE.600936 311000 股，所需资金 1430346.41，当前现金 1428138.73
20260425 01:01:11- INFO- 资金不足,无法买入 SZSE.000903 633700 股，所需资金 1993799.63，当前现金 1988413.00
20260425 01:01:14- INFO- 资金不足,无法买入 SZSE.000813 311200 股，所需资金 1278473.12，当前现金 1276434.46
20260425 01:01:19- INFO- 资金不足,无法买入 SZSE.002313 256900 股，所需资金 3019466.89，当前现金 3015087.98
20260425 01:01:22- INFO- 资金不足,无法买入 SHSE.603083 81700 股，所需资金 3520129.71，当前现金 3516840.71
20260425 01:01:22- INFO- 资金不足,无法买入 SZSE.002401 112500 股，所需资金 1974943.97，当前现金 1969427.38
20260425 01:01:22- INFO- 资金不足,无法买入 SHSE.600705 973400 股，所需资金 3247908.09，当前现金 3242463.14
20260425 01:01:28- INFO- 资金不足,无法买入 SHSE.600855 220400 股，所需资金 2029528.98，当前现金 2026346.85
20260425 01:01:29- INFO- 资金不足,无法买入 SHSE.600682 77800 股，所需资金 612731.63，当前现金 610756.48
20260425 01:01:29- INFO- 资金不足,无法买入 SZSE.000957 229200 股，所需资金 2579066.41，当前现金 2573092.70
20260425 01:01:31- INFO- 资金不足,无法买入 SZSE.002055 675900 股，所需资金 4517274.01，当前现金 4508630.03
20260425 01:01:34- INFO- 资金不足,无法买入 SZSE.000868 2078500 股，所需资金 9580231.76，当前现金 9571012.13
20260425 01:01:34- INFO- 资金不足,无法买入 SZSE.000099 90600 股，所需资金 1686716.38，当前现金 1684369.56
20260425 01:01:35- INFO- 资金不足,无法买入 SZSE.002232 121500 股，所需资金 2801309.23，当前现金 2795349.45
20260425 01:01:38- INFO- 资金不足,无法买入 SHSE.600550 273300 股，所需资金 2875392.17，当前现金 2870617.57
20260425 01:01:40- INFO- 资金不足,无法买入 SZSE.002628 1155900 股，所需资金 6150110.80，当前现金 6141460.93
20260425 01:01:40- INFO- 资金不足,无法买入 SZSE.002229 111500 股，所需资金 1747349.46，当前现金 1741377.62
20260425 01:01:46- INFO- 资金不足,无法买入 SHSE.603106 169100 股，所需资金 1550361.08，当前现金 1545889.08
20260425 01:01:48- INFO- 资金不足,无法买入 SZSE.002838 413300 股，所需资金 5549301.98，当前现金 5539781.71
20260425 01:01:48- INFO- 资金不足,无法买入 SZSE.002599 217400 股，所需资金 2831855.23，当前现金 2823781.23
20260425 01:01:56- INFO- 资金不足,无法买入 SHSE.603123 558200 股，所需资金 8026198.35，当前现金 8018968.36
20260425 01:01:59- INFO- 资金不足,无法买入 SZSE.002644 202700 股，所需资金 2053397.64，当前现金 2046659.26
20260425 01:01:59- INFO- 资金不足,无法买入 SHSE.600619 475500 股，所需资金 8814352.30，当前现金 8797643.92
20260425 01:02:00- INFO- 资金不足,无法买入 SZSE.000901 119800 股，所需资金 2544842.06，当前现金 2531358.44
20260425 01:02:02- INFO- 资金不足,无法买入 SHSE.600816 1512200 股，所需资金 5212377.14，当前现金 5195709.20
20260425 01:02:04- INFO- 资金不足,无法买入 SHSE.600333 1460900 股，所需资金 10773739.20，当前现金 10763395.62
20260425 01:02:13- INFO- 资金不足,无法买入 SZSE.000533 562500 股，所需资金 9756358.49，当前现金 9737797.22
20260425 01:02:14- INFO- 资金不足,无法买入 SHSE.600121 2493500 股，所需资金 12717311.52，当前现金 12680097.67
20260425 01:03:12- INFO- 
回测时间:2025-01-02 - 2026-04-24
策略胜率: 47.26%
策略盈亏比: 1.47
每日平均开仓个数: 3.91
平均持仓天数: 1.66 天
每单位风险期望收益:0.1687
策略总收益率: 217.95%
策略年化收益率: 142.33%
最大回撤: -22.45%
最大回撤阶段: 2025-03-11 至 2025-04-29
夏普比率: 2.44
策略超额年化收益率: 123.67%
最终净值: 3.1795
20260425 01:03:12- INFO- 回测结果(触及跌停风控):
20260425 01:03:12- INFO- 
回测时间:2025-01-02 - 2026-04-24
策略胜率: 47.40%
策略盈亏比: 1.57
每日平均开仓个数: 3.91
平均持仓天数: 1.66 天
每单位风险期望收益:0.2194
策略总收益率: 214.03%
策略年化收益率: 140.04%
最大回撤: -21.22%
最大回撤阶段: 2025-03-11 至 2025-04-29
夏普比率: 2.63
策略超额年化收益率: 121.38%
最终净值: 3.1403
20260425 01:03:13- INFO- 回测结果(买点下移风控):
20260425 01:03:13- INFO- 
回测时间:2025-01-02 - 2026-04-24
策略胜率: 46.13%
策略盈亏比: 1.52
每日平均开仓个数: 3.91
平均持仓天数: 1.66 天
每单位风险期望收益:0.1643
策略总收益率: 176.90%
策略年化收益率: 118.00%
最大回撤: -21.24%
最大回撤阶段: 2025-03-25 至 2025-04-29
夏普比率: 2.24
策略超额年化收益率: 99.34%
最终净值: 2.7690
20260425 01:05:22- INFO- 总调整天数: 93, 调整正确率: 60.29%, 预计平均亏损改善: 2.5464%
20260425 01:05:23- INFO- 总调整天数: 184, 调整正确率: 56.48%, 预计平均亏损改善: 2.3708%
20260425 01:05:23- INFO- 回测结果(不风控):
20260425 01:05:23- INFO- 
回测时间:2021-01-04 - 2026-04-24
策略胜率: 43.13%
策略盈亏比: 1.45
每日平均开仓个数: 3.35
平均持仓天数: 1.63 天
每单位风险期望收益:0.0567
策略总收益率: 301.44%
策略年化收益率: 29.96%
最大回撤: -49.87%
最大回撤阶段: 2022-07-21 至 2023-05-23
夏普比率: 0.82
策略超额年化收益率: 27.04%
最终净值: 4.0144
20260425 01:05:23- INFO- 回测结果(触及跌停风控):
20260425 01:05:23- INFO- 
回测时间:2021-01-04 - 2026-04-24
策略胜率: 43.34%
策略盈亏比: 1.50
每日平均开仓个数: 3.35
平均持仓天数: 1.63 天
每单位风险期望收益:0.0820
策略总收益率: 382.38%
策略年化收益率: 34.54%
最大回撤: -45.65%
最大回撤阶段: 2022-01-06 至 2023-05-23
夏普比率: 0.98
策略超额年化收益率: 31.62%
最终净值: 4.8238
20260425 01:05:23- INFO- 回测结果(买点下移风控):
20260425 01:05:23- INFO- 
回测时间:2021-01-04 - 2026-04-24
策略胜率: 42.57%
策略盈亏比: 1.49
每日平均开仓个数: 3.35
平均持仓天数: 1.63 天
每单位风险期望收益:0.0585
策略总收益率: 337.78%
策略年化收益率: 32.10%
最大回撤: -42.56%
最大回撤阶段: 2022-11-17 至 2023-05-23
夏普比率: 0.88
策略超额年化收益率: 29.18%
最终净值: 4.3778
20260425 10:35:31- INFO- 
回测时间:2021-01-04 - 2026-04-24
策略胜率: 16.28%
策略盈亏比: 1.05
每日平均开仓个数: 1.00
平均持仓天数: 2.42 天
每单位风险期望收益:-0.6670
策略总收益率: -92.65%
策略年化收益率: -38.86%
最大回撤: -93.44%
最大回撤阶段: 2021-01-04 至 2026-02-02
夏普比率: -1.76
策略超额年化收益率: -41.78%
最终净值: 0.0735
20260425 10:35:32- INFO- ==================================================
20260425 10:35:32- INFO- 仓位控制回测结果（40%仓位）
20260425 10:35:32- INFO- ==================================================
20260425 10:35:32- INFO- 
回测时间:2021-01-04 - 2026-04-24
策略胜率: 16.28%
策略盈亏比: 1.05
每日平均开仓个数: 1.00
平均持仓天数: 2.42 天
每单位风险期望收益:-0.6670
策略总收益率: -62.96%
策略年化收益率: -17.08%
最大回撤: -64.66%
最大回撤阶段: 2021-01-04 至 2026-02-02
夏普比率: -1.86
策略超额年化收益率: -19.99%
最终净值: 0.3704
20260425 11:59:11- INFO- 
回测时间:2021-01-04 - 2026-04-24
策略胜率: 43.13%
策略盈亏比: 1.45
每日平均开仓个数: 3.35
平均持仓天数: 1.63 天
每单位风险期望收益:0.0567
策略总收益率: 301.44%
策略年化收益率: 29.96%
最大回撤: -49.87%
最大回撤阶段: 2022-07-21 至 2023-05-23
夏普比率: 0.82
策略超额年化收益率: 27.04%
最终净值: 4.0144
20260425 11:59:11- INFO- 回测结果(触及跌停风控):
20260425 11:59:11- INFO- 
回测时间:2021-01-04 - 2026-04-24
策略胜率: 43.34%
策略盈亏比: 1.50
每日平均开仓个数: 3.35
平均持仓天数: 1.63 天
每单位风险期望收益:0.0820
策略总收益率: 382.38%
策略年化收益率: 34.54%
最大回撤: -45.65%
最大回撤阶段: 2022-01-06 至 2023-05-23
夏普比率: 0.98
策略超额年化收益率: 31.62%
最终净值: 4.8238
20260425 11:59:12- INFO- 回测结果(买点下移风控):
20260425 11:59:12- INFO- 
回测时间:2021-01-04 - 2026-04-24
策略胜率: 42.57%
策略盈亏比: 1.49
每日平均开仓个数: 3.35
平均持仓天数: 1.63 天
每单位风险期望收益:0.0585
策略总收益率: 337.78%
策略年化收益率: 32.10%
最大回撤: -42.56%
最大回撤阶段: 2022-11-17 至 2023-05-23
夏普比率: 0.88
策略超额年化收益率: 29.18%
最终净值: 4.3778
20260425 11:59:13- INFO- 资金不足,无法买入 SHSE.603110 22500 股，所需资金 946890.94，当前现金 945336.30
20260425 11:59:22- INFO- 资金不足,无法买入 SZSE.002581 53400 股，所需资金 1239753.79，当前现金 1236937.98
20260425 11:59:22- INFO- 资金不足,无法买入 SZSE.002121 420700 股，所需资金 1863214.85，当前现金 1860107.47
20260425 11:59:28- INFO- 资金不足,无法买入 SZSE.002598 86000 股，所需资金 1292581.29，当前现金 1290750.00
20260425 11:59:32- INFO- 资金不足,无法买入 SHSE.603063 128300 股，所需资金 4268083.38，当前现金 4266462.66
20260425 11:59:35- INFO- 资金不足,无法买入 SHSE.600854 139900 股，所需资金 1114430.52，当前现金 1112192.77
20260425 11:59:35- INFO- 资金不足,无法买入 SHSE.603335 134400 股，所需资金 1055804.45，当前现金 1054648.08
20260425 11:59:36- INFO- 资金不足,无法买入 SZSE.002354 320000 股，所需资金 1596788.79，当前现金 1592832.71
20260425 11:59:36- INFO- 资金不足,无法买入 SZSE.000595 191600 股，所需资金 737216.22，当前现金 735937.32
20260425 11:59:36- INFO- 资金不足,无法买入 SZSE.002232 36800 股，所需资金 1059379.59，当前现金 1058568.32
20260425 11:59:37- INFO- 资金不足,无法买入 SZSE.002480 209000 股，所需资金 1447079.82，当前现金 1444669.66
20260425 11:59:37- INFO- 资金不足,无法买入 SZSE.002354 167600 股，所需资金 1009291.56，当前现金 1005016.41
20260425 11:59:48- INFO- 资金不足,无法买入 SZSE.002160 478800 股，所需资金 2931321.86，当前现金 2926208.93
20260425 12:00:11- INFO- 资金不足,无法买入 SHSE.603618 153400 股，所需资金 1029836.59，当前现金 1028430.21
20260425 12:00:14- INFO- 资金不足,无法买入 SHSE.600936 311000 股，所需资金 1430346.41，当前现金 1428138.73
20260425 12:00:16- INFO- 资金不足,无法买入 SZSE.000903 633700 股，所需资金 1993799.63，当前现金 1988413.00
20260425 12:00:19- INFO- 资金不足,无法买入 SZSE.000813 311200 股，所需资金 1278473.12，当前现金 1276434.46
20260425 12:00:23- INFO- 资金不足,无法买入 SZSE.002313 256900 股，所需资金 3019466.89，当前现金 3015087.98
20260425 12:00:26- INFO- 资金不足,无法买入 SHSE.603083 81700 股，所需资金 3520129.71，当前现金 3516840.71
20260425 12:00:26- INFO- 资金不足,无法买入 SZSE.002401 112500 股，所需资金 1974943.97，当前现金 1969427.38
20260425 12:00:26- INFO- 资金不足,无法买入 SHSE.600705 973400 股，所需资金 3247908.09，当前现金 3242463.14
20260425 12:00:32- INFO- 资金不足,无法买入 SHSE.600855 220400 股，所需资金 2029528.98，当前现金 2026346.85
20260425 12:00:33- INFO- 资金不足,无法买入 SHSE.600682 77800 股，所需资金 612731.63，当前现金 610756.48
20260425 12:00:33- INFO- 资金不足,无法买入 SZSE.000957 229200 股，所需资金 2579066.41，当前现金 2573092.70
20260425 12:00:34- INFO- 资金不足,无法买入 SZSE.002055 675900 股，所需资金 4517274.01，当前现金 4508630.03
20260425 12:00:37- INFO- 资金不足,无法买入 SZSE.000868 2078500 股，所需资金 9580231.76，当前现金 9571012.13
20260425 12:00:38- INFO- 资金不足,无法买入 SZSE.000099 90600 股，所需资金 1686716.38，当前现金 1684369.56
20260425 12:00:38- INFO- 资金不足,无法买入 SZSE.002232 121500 股，所需资金 2801309.23，当前现金 2795349.45
20260425 12:00:42- INFO- 资金不足,无法买入 SHSE.600550 273300 股，所需资金 2875392.17，当前现金 2870617.57
20260425 12:00:43- INFO- 资金不足,无法买入 SZSE.002628 1155900 股，所需资金 6150110.80，当前现金 6141460.93
20260425 12:00:44- INFO- 资金不足,无法买入 SZSE.002229 111500 股，所需资金 1747349.46，当前现金 1741377.62
20260425 12:00:49- INFO- 资金不足,无法买入 SHSE.603106 169100 股，所需资金 1550361.08，当前现金 1545889.08
20260425 12:00:51- INFO- 资金不足,无法买入 SZSE.002838 413300 股，所需资金 5549301.98，当前现金 5539781.71
20260425 12:00:52- INFO- 资金不足,无法买入 SZSE.002599 217400 股，所需资金 2831855.23，当前现金 2823781.23
20260425 12:00:59- INFO- 资金不足,无法买入 SHSE.603123 558200 股，所需资金 8026198.35，当前现金 8018968.36
20260425 12:01:02- INFO- 资金不足,无法买入 SZSE.002644 202700 股，所需资金 2053397.64，当前现金 2046659.26
20260425 12:01:03- INFO- 资金不足,无法买入 SHSE.600619 475500 股，所需资金 8814352.30，当前现金 8797643.92
20260425 12:01:03- INFO- 资金不足,无法买入 SZSE.000901 119800 股，所需资金 2544842.06，当前现金 2531358.44
20260425 12:01:05- INFO- 资金不足,无法买入 SHSE.600816 1512200 股，所需资金 5212377.14，当前现金 5195709.20
20260425 12:01:07- INFO- 资金不足,无法买入 SHSE.600333 1460900 股，所需资金 10773739.20，当前现金 10763395.62
20260425 12:01:16- INFO- 资金不足,无法买入 SZSE.000533 562500 股，所需资金 9756358.49，当前现金 9737797.22
20260425 12:01:16- INFO- 资金不足,无法买入 SHSE.600121 2493500 股，所需资金 12717311.52，当前现金 12680097.67
20260425 12:27:42- INFO- 
回测时间:2022-01-04 - 2026-04-20
策略胜率: 56.55%
策略盈亏比: 1.47
每日平均开仓个数: 0.00
平均持仓天数: 5.00 天
每单位风险期望收益:0.3954
策略总收益率: 563.70%
策略年化收益率: 55.40%
最大回撤: -19.91%
最大回撤阶段: 2024-03-22 至 2024-06-07
夏普比率: 1.42
策略超额年化收益率: 52.65%
最终净值: 6.6370
20260425 12:31:17- INFO-         指标名称                  指标值
0     回测开始日期  2022-01-04 00:00:00
1     回测结束日期  2026-04-07 00:00:00
2       策略胜率                0.00%
3      策略盈亏比                 0.00
4     策略总收益率              206.23%
5    策略年化收益率               30.07%
6       最大回撤              -52.68%
7   最大回撤开始日期  2025-08-06 00:00:00
8   最大回撤结束日期  2025-08-07 00:00:00
9       夏普比率                 0.71
10      最终净值               3.0623
20260425 21:11:47- INFO- 
回测时间:2022-01-04 - 2026-04-20
策略胜率: 56.55%
策略盈亏比: 1.47
每日平均开仓个数: 0.00
平均持仓天数: 5.00 天
每单位风险期望收益:0.3954
策略总收益率: 563.70%
策略年化收益率: 55.40%
最大回撤: -19.91%
最大回撤阶段: 2024-03-22 至 2024-06-07
夏普比率: 1.42
策略超额年化收益率: 52.65%
最终净值: 6.6370
20260425 21:54:42- INFO- 
回测时间:2022-01-04 - 2026-04-20
策略胜率: 56.55%
策略盈亏比: 1.47
每日平均开仓个数: 0.00
平均持仓天数: 5.00 天
每单位风险期望收益:0.3954
策略总收益率: 563.70%
策略年化收益率: 55.40%
最大回撤: -19.91%
最大回撤阶段: 2024-03-22 至 2024-06-07
夏普比率: 1.42
策略超额年化收益率: 52.65%
最终净值: 6.6370
20260425 22:00:38- INFO- 
回测时间:2022-01-04 - 2026-04-20
策略胜率: 56.55%
策略盈亏比: 1.47
每日平均开仓个数: 0.00
平均持仓天数: 5.00 天
每单位风险期望收益:0.3954
策略总收益率: 563.70%
策略年化收益率: 55.40%
最大回撤: -19.91%
最大回撤阶段: 2024-03-22 至 2024-06-07
夏普比率: 1.42
策略超额年化收益率: 52.65%
最终净值: 6.6370
20260425 22:10:19- INFO- 
回测时间:2022-01-04 - 2026-04-20
策略胜率: 56.55%
策略盈亏比: 1.47
每日平均开仓个数: 0.00
平均持仓天数: 5.00 天
每单位风险期望收益:0.3954
策略总收益率: 563.70%
策略年化收益率: 55.40%
最大回撤: -19.91%
最大回撤阶段: 2024-03-22 至 2024-06-07
夏普比率: 1.42
策略超额年化收益率: 52.65%
最终净值: 6.6370
20260428 09:31:14- INFO- 
回测时间:2021-01-04 - 2026-04-27
策略胜率: 43.15%
策略盈亏比: 1.45
每日平均开仓个数: 3.35
平均持仓天数: 1.63 天
每单位风险期望收益:0.0565
策略总收益率: 300.14%
策略年化收益率: 29.83%
最大回撤: -49.87%
最大回撤阶段: 2022-07-21 至 2023-05-23
夏普比率: 0.82
策略超额年化收益率: 26.88%
最终净值: 4.0014
20260428 09:31:15- INFO- 回测结果(触及跌停风控):
20260428 09:31:15- INFO- 
回测时间:2021-01-04 - 2026-04-27
策略胜率: 43.37%
策略盈亏比: 1.49
每日平均开仓个数: 3.35
平均持仓天数: 1.63 天
每单位风险期望收益:0.0817
策略总收益率: 380.82%
策略年化收益率: 34.39%
最大回撤: -45.65%
最大回撤阶段: 2022-01-06 至 2023-05-23
夏普比率: 0.98
策略超额年化收益率: 31.45%
最终净值: 4.8082
20260428 09:31:15- INFO- 回测结果(买点下移风控):
20260428 09:31:15- INFO- 
回测时间:2021-01-04 - 2026-04-27
策略胜率: 42.59%
策略盈亏比: 1.48
每日平均开仓个数: 3.35
平均持仓天数: 1.63 天
每单位风险期望收益:0.0583
策略总收益率: 336.37%
策略年化收益率: 31.96%
最大回撤: -42.56%
最大回撤阶段: 2022-11-17 至 2023-05-23
夏普比率: 0.87
策略超额年化收益率: 29.02%
最终净值: 4.3637
20260428 09:33:53- INFO- 卖出数量为0,当前持仓数量为39600
20260428 09:33:53- INFO- 卖出数量超过当前持仓数量,卖出数量为0,当前持仓数量为0
20260428 09:57:56- INFO- 
回测时间:2021-01-04 - 2026-04-27
策略胜率: 43.15%
策略盈亏比: 1.45
每日平均开仓个数: 3.35
平均持仓天数: 1.63 天
每单位风险期望收益:0.0565
策略总收益率: 300.14%
策略年化收益率: 29.83%
最大回撤: -49.87%
最大回撤阶段: 2022-07-21 至 2023-05-23
夏普比率: 0.82
策略超额年化收益率: 26.88%
最终净值: 4.0014
20260428 09:57:57- INFO- 回测结果(触及跌停风控):
20260428 09:57:57- INFO- 
回测时间:2021-01-04 - 2026-04-27
策略胜率: 43.37%
策略盈亏比: 1.49
每日平均开仓个数: 3.35
平均持仓天数: 1.63 天
每单位风险期望收益:0.0817
策略总收益率: 380.82%
策略年化收益率: 34.39%
最大回撤: -45.65%
最大回撤阶段: 2022-01-06 至 2023-05-23
夏普比率: 0.98
策略超额年化收益率: 31.45%
最终净值: 4.8082
20260428 09:57:57- INFO- 回测结果(买点下移风控):
20260428 09:57:57- INFO- 
回测时间:2021-01-04 - 2026-04-27
策略胜率: 42.59%
策略盈亏比: 1.48
每日平均开仓个数: 3.35
平均持仓天数: 1.63 天
每单位风险期望收益:0.0583
策略总收益率: 336.37%
策略年化收益率: 31.96%
最大回撤: -42.56%
最大回撤阶段: 2022-11-17 至 2023-05-23
夏普比率: 0.87
策略超额年化收益率: 29.02%
最终净值: 4.3637
20260428 10:00:22- INFO- 卖出数量为0,当前持仓数量为39600
20260428 10:00:22- INFO- 卖出数量超过当前持仓数量,卖出数量为0,当前持仓数量为0
20260429 00:55:47- INFO- 
回测时间:2021-01-04 - 2026-04-28
策略胜率: 36.03%
策略盈亏比: 1.32
每日平均开仓个数: 3.35
平均持仓天数: 1.57 天
每单位风险期望收益:-0.1623
策略总收益率: -99.63%
策略年化收益率: -65.05%
最大回撤: -99.82%
最大回撤阶段: 2021-10-22 至 2026-04-22
夏普比率: -1.53
策略超额年化收益率: -67.95%
最终净值: 0.0037
20260429 00:55:48- INFO- 回测结果(触及跌停风控):
20260429 00:55:49- INFO- 
回测时间:2021-01-04 - 2026-04-28
策略胜率: 39.79%
策略盈亏比: 1.44
每日平均开仓个数: 3.35
平均持仓天数: 1.57 天
每单位风险期望收益:-0.0292
策略总收益率: -21.88%
策略年化收益率: -4.54%
最大回撤: -69.87%
最大回撤阶段: 2021-07-21 至 2024-09-13
夏普比率: 0.11
策略超额年化收益率: -7.44%
最终净值: 0.7812
20260429 00:55:49- INFO- 回测结果(买点下移风控):
20260429 00:55:50- INFO- 
回测时间:2021-01-04 - 2026-04-28
策略胜率: 38.95%
策略盈亏比: 1.41
每日平均开仓个数: 3.35
平均持仓天数: 1.57 天
每单位风险期望收益:-0.0597
策略总收益率: -80.06%
策略年化收益率: -26.17%
最大回撤: -93.31%
最大回撤阶段: 2021-10-22 至 2025-10-10
夏普比率: -0.30
策略超额年化收益率: -29.07%
最终净值: 0.1994
20260429 00:55:58- INFO- 资金不足,无法买入 SHSE.600655 78200 股，所需资金 979455.98，当前现金 979132.29
20260429 00:56:02- INFO- 卖出数量为0,当前持仓数量为58600
20260429 00:56:05- INFO- 卖出数量超过当前持仓数量,卖出数量为0,当前持仓数量为0
20260429 00:56:08- INFO- 资金不足,无法买入 SHSE.600055 295600 股，所需资金 3880108.59，当前现金 3876697.98
20260429 00:56:09- INFO- 资金不足,无法买入 SZSE.002612 15500 股，所需资金 497147.81，当前现金 497141.46
20260429 00:56:14- INFO- 卖出数量为0,当前持仓数量为44300
20260429 00:56:17- INFO- 卖出数量超过当前持仓数量,卖出数量为0,当前持仓数量为0
20260429 00:56:17- INFO- 卖出数量为0,当前持仓数量为72200
20260429 00:56:18- INFO- 卖出数量超过当前持仓数量,卖出数量为0,当前持仓数量为0
20260429 00:56:18- INFO- 资金不足,无法买入 SZSE.002269 426400 股，所需资金 905776.84，当前现金 905016.32
20260429 00:56:30- INFO- 资金不足,无法买入 SHSE.601127 40100 股，所需资金 2221967.28，当前现金 2221249.66
20260429 00:56:33- INFO- 资金不足,无法买入 SHSE.603776 17600 股，所需资金 450932.51，当前现金 450631.55
20260429 00:56:35- INFO- 资金不足,无法买入 SZSE.000655 100700 股，所需资金 1071573.94，当前现金 1071217.41
20260429 00:56:37- INFO- 卖出数量为0,当前持仓数量为28300
20260429 00:56:37- INFO- 卖出数量为0,当前持仓数量为8200
20260429 00:56:38- INFO- 卖出数量超过当前持仓数量,卖出数量为0,当前持仓数量为0
20260429 00:56:38- INFO- 卖出数量超过当前持仓数量,卖出数量为0,当前持仓数量为0
20260429 00:56:38- INFO- 卖出数量为0,当前持仓数量为43300
20260429 00:56:39- INFO- 卖出数量超过当前持仓数量,卖出数量为0,当前持仓数量为0
20260429 00:56:39- INFO- 卖出数量为0,当前持仓数量为662700
20260429 00:56:39- INFO- 卖出数量为0,当前持仓数量为160600
20260429 00:56:39- INFO- 卖出数量超过当前持仓数量,卖出数量为0,当前持仓数量为0
20260429 00:56:39- INFO- 卖出数量超过当前持仓数量,卖出数量为0,当前持仓数量为0
20260429 00:56:47- INFO- 卖出数量为0,当前持仓数量为9200
20260429 00:56:50- INFO- 卖出数量超过当前持仓数量,卖出数量为0,当前持仓数量为0
20260429 00:56:50- INFO- 资金不足,无法买入 SHSE.600696 43800 股，所需资金 1804659.91，当前现金 1802388.21
20260429 00:56:51- INFO- 资金不足,无法买入 SZSE.000036 307500 股，所需资金 1435817.33，当前现金 1434033.42
20260429 00:56:52- INFO- 卖出数量为0,当前持仓数量为307500
20260429 00:56:52- INFO- 卖出数量为0,当前持仓数量为90600
20260429 00:56:52- INFO- 卖出数量超过当前持仓数量,卖出数量为0,当前持仓数量为0
20260429 00:56:52- INFO- 卖出数量超过当前持仓数量,卖出数量为0,当前持仓数量为0
20260429 00:56:52- INFO- 资金不足,无法买入 SZSE.000551 146700 股，所需资金 1668376.76，当前现金 1666160.24
20260429 00:56:54- INFO- 资金不足,无法买入 SZSE.002782 47200 股，所需资金 552399.14，当前现金 551831.03
20260429 00:56:54- INFO- 卖出数量为0,当前持仓数量为6900
20260429 00:56:55- INFO- 卖出数量超过当前持仓数量,卖出数量为0,当前持仓数量为0
20260429 00:56:55- INFO- 卖出数量为0,当前持仓数量为8100
20260429 00:56:56- INFO- 卖出数量超过当前持仓数量,卖出数量为0,当前持仓数量为0
20260429 00:57:00- INFO- 资金不足,无法买入 SZSE.002108 355400 股，所需资金 3365250.42，当前现金 3362684.39
20260429 00:57:01- INFO- 资金不足,无法买入 SZSE.002540 433100 股，所需资金 3380600.07，当前现金 3377515.11
20260429 00:57:03- INFO- 卖出数量为0,当前持仓数量为125000
20260429 00:57:03- INFO- 卖出数量超过当前持仓数量,卖出数量为0,当前持仓数量为0
20260429 00:57:03- INFO- 资金不足,无法买入 SHSE.600638 120400 股，所需资金 667144.29，当前现金 666238.42
20260429 00:57:06- INFO- 卖出数量为0,当前持仓数量为100400
20260429 00:57:06- INFO- 卖出数量超过当前持仓数量,卖出数量为0,当前持仓数量为0
20260429 00:57:09- INFO- 卖出数量为0,当前持仓数量为265300
20260429 00:57:09- INFO- 卖出数量超过当前持仓数量,卖出数量为0,当前持仓数量为0
20260429 00:57:10- INFO- 资金不足,无法买入 SHSE.603871 35500 股，所需资金 629607.33，当前现金 628201.30
20260429 00:57:10- INFO- 资金不足,无法买入 SZSE.000950 192600 股，所需资金 988085.21，当前现金 987173.84
20260429 00:57:12- INFO- 卖出数量为0,当前持仓数量为1103800
20260429 00:57:12- INFO- 卖出数量超过当前持仓数量,卖出数量为0,当前持仓数量为0
20260429 00:57:13- INFO- 卖出数量为0,当前持仓数量为22300
20260429 00:57:13- INFO- 卖出数量超过当前持仓数量,卖出数量为0,当前持仓数量为0
20260429 00:57:19- INFO- 卖出数量为0,当前持仓数量为11900
20260429 00:57:19- INFO- 卖出数量为0,当前持仓数量为26000
20260429 00:57:19- INFO- 卖出数量超过当前持仓数量,卖出数量为0,当前持仓数量为0
20260429 00:57:19- INFO- 卖出数量超过当前持仓数量,卖出数量为0,当前持仓数量为0
20260429 00:57:20- INFO- 资金不足,无法买入 SZSE.002383 66700 股，所需资金 479195.96，当前现金 478440.60
20260429 00:57:20- INFO- 卖出数量为0,当前持仓数量为67600
20260429 00:57:21- INFO- 卖出数量超过当前持仓数量,卖出数量为0,当前持仓数量为0
20260429 00:57:24- INFO- 卖出数量为0,当前持仓数量为17500
20260429 00:57:24- INFO- 卖出数量超过当前持仓数量,卖出数量为0,当前持仓数量为0
20260429 00:57:28- INFO- 卖出数量为0,当前持仓数量为9900
20260429 00:57:29- INFO- 卖出数量超过当前持仓数量,卖出数量为0,当前持仓数量为0
20260429 00:57:31- INFO- 资金不足,无法买入 SZSE.000411 190400 股，所需资金 2398117.05，当前现金 2396059.83
20260429 00:57:32- INFO- 卖出数量为0,当前持仓数量为36200
20260429 00:57:32- INFO- 卖出数量超过当前持仓数量,卖出数量为0,当前持仓数量为0
20260429 00:57:34- INFO- 资金不足,无法买入 SZSE.002777 138300 股，所需资金 2671759.51，当前现金 2670529.87
20260429 00:57:36- INFO- 卖出数量为0,当前持仓数量为12800
20260429 00:57:36- INFO- 卖出数量超过当前持仓数量,卖出数量为0,当前持仓数量为0
20260429 00:57:36- INFO- 资金不足,无法买入 SZSE.002261 211900 股，所需资金 2280359.89，当前现金 2278408.91
20260429 00:57:39- INFO- 资金不足,无法买入 SZSE.002463 169000 股，所需资金 3759307.35，当前现金 3756019.12
20260429 00:57:39- INFO- 卖出数量为0,当前持仓数量为142400
20260429 00:57:39- INFO- 卖出数量超过当前持仓数量,卖出数量为0,当前持仓数量为0
20260429 00:57:41- INFO- 资金不足,无法买入 SZSE.002343 225100 股，所需资金 2278059.29，当前现金 2276155.44
20260429 00:57:42- INFO- 卖出数量为0,当前持仓数量为23700
20260429 00:57:42- INFO- 卖出数量超过当前持仓数量,卖出数量为0,当前持仓数量为0
20260429 00:57:43- INFO- 资金不足,无法买入 SZSE.002395 305100 股，所需资金 3943665.52，当前现金 3940730.97
20260429 00:57:44- INFO- 卖出数量为0,当前持仓数量为95200
20260429 00:57:45- INFO- 卖出数量超过当前持仓数量,卖出数量为0,当前持仓数量为0
20260429 00:57:45- INFO- 卖出数量为0,当前持仓数量为33500
20260429 00:57:45- INFO- 卖出数量超过当前持仓数量,卖出数量为0,当前持仓数量为0
20260429 00:57:47- INFO- 资金不足,无法买入 SZSE.002400 380500 股，所需资金 2260879.99，当前现金 2259174.73
20260429 00:57:48- INFO- 资金不足,无法买入 SHSE.601900 112400 股，所需资金 2058783.40，当前现金 2057076.00
20260429 00:57:48- INFO- 卖出数量为0,当前持仓数量为633000
20260429 00:57:49- INFO- 卖出数量超过当前持仓数量,卖出数量为0,当前持仓数量为0
20260429 00:57:50- INFO- 资金不足,无法买入 SZSE.002527 272800 股，所需资金 3769439.59，当前现金 3765691.44
20260429 00:57:50- INFO- 卖出数量为0,当前持仓数量为200500
20260429 00:57:50- INFO- 卖出数量超过当前持仓数量,卖出数量为0,当前持仓数量为0
20260429 00:57:51- INFO- 资金不足,无法买入 SHSE.603956 351200 股，所需资金 2702613.13，当前现金 2700549.59
20260429 00:57:51- INFO- 卖出数量为0,当前持仓数量为145600
20260429 00:57:51- INFO- 卖出数量超过当前持仓数量,卖出数量为0,当前持仓数量为0
20260429 00:57:51- INFO- 卖出数量为0,当前持仓数量为87700
20260429 00:57:52- INFO- 卖出数量超过当前持仓数量,卖出数量为0,当前持仓数量为0
20260429 00:57:52- INFO- 资金不足,无法买入 SZSE.002269 873300 股，所需资金 1601336.88，当前现金 1598997.81
20260429 00:57:53- INFO- 卖出数量为0,当前持仓数量为87500
20260429 00:57:53- INFO- 卖出数量超过当前持仓数量,卖出数量为0,当前持仓数量为0
20260429 00:57:54- INFO- 卖出数量为0,当前持仓数量为15900
20260429 00:57:54- INFO- 卖出数量为0,当前持仓数量为33000
20260429 00:57:55- INFO- 卖出数量超过当前持仓数量,卖出数量为0,当前持仓数量为0
20260429 00:57:55- INFO- 卖出数量超过当前持仓数量,卖出数量为0,当前持仓数量为0
20260429 00:57:55- INFO- 卖出数量为0,当前持仓数量为100500
20260429 00:57:55- INFO- 卖出数量超过当前持仓数量,卖出数量为0,当前持仓数量为0
20260429 00:57:56- INFO- 资金不足,无法买入 SZSE.002889 78200 股，所需资金 2507407.30，当前现金 2506657.37
20260429 00:57:57- INFO- 卖出数量为0,当前持仓数量为181200
20260429 00:57:58- INFO- 卖出数量超过当前持仓数量,卖出数量为0,当前持仓数量为0
20260429 00:58:00- INFO- 资金不足,无法买入 SHSE.603168 90200 股，所需资金 1108968.61，当前现金 1108563.92
20260429 00:58:03- INFO- 资金不足,无法买入 SHSE.600708 544000 股，所需资金 948454.07，当前现金 947602.23
20260429 00:58:04- INFO- 资金不足,无法买入 SHSE.603901 59500 股，所需资金 649847.75，当前现金 648690.70
20260429 00:58:04- INFO- 资金不足,无法买入 SZSE.002786 88400 股，所需资金 1095696.11，当前现金 1095210.92
20260429 00:58:05- INFO- 卖出数量为0,当前持仓数量为11800
20260429 00:58:06- INFO- 资金不足,无法买入 SZSE.002009 83100 股，所需资金 1348913.79，当前现金 1346015.71
20260429 00:58:06- INFO- 卖出数量超过当前持仓数量,卖出数量为0,当前持仓数量为0
20260429 00:58:08- INFO- 资金不足,无法买入 SZSE.002805 109400 股，所需资金 1339543.07，当前现金 1337079.77
20260429 00:58:09- INFO- 资金不足,无法买入 SZSE.002085 106100 股，所需资金 1872159.71，当前现金 1870986.32
20260429 00:58:09- INFO- 资金不足,无法买入 SHSE.600855 159700 股，所需资金 1416173.10，当前现金 1414438.76
20260429 00:58:09- INFO- 资金不足,无法买入 SZSE.002590 48400 股，所需资金 811352.27，当前现金 811341.84
20260429 00:58:10- INFO- 资金不足,无法买入 SHSE.600789 163800 股，所需资金 1516540.54，当前现金 1515496.77
20260429 00:58:11- INFO- 卖出数量为0,当前持仓数量为32000
20260429 00:58:11- INFO- 卖出数量超过当前持仓数量,卖出数量为0,当前持仓数量为0
20260429 00:58:12- INFO- 资金不足,无法买入 SZSE.000564 386500 股，所需资金 731946.70，当前现金 730701.58
20260429 00:58:16- INFO- 资金不足,无法买入 SHSE.600650 62600 股，所需资金 784693.04，当前现金 783996.03
20260429 00:58:17- INFO- 卖出数量为0,当前持仓数量为17200
20260429 00:58:18- INFO- 卖出数量为0,当前持仓数量为10000
20260429 00:58:18- INFO- 卖出数量超过当前持仓数量,卖出数量为0,当前持仓数量为0
20260429 00:58:18- INFO- 卖出数量超过当前持仓数量,卖出数量为0,当前持仓数量为0
20260429 00:58:20- INFO- 资金不足,无法买入 SHSE.600552 25800 股，所需资金 310478.03，当前现金 310192.46
20260429 00:58:21- INFO- 卖出数量为0,当前持仓数量为40200
20260429 00:58:21- INFO- 资金不足,无法买入 SHSE.603421 129800 股，所需资金 733536.88，当前现金 733202.33
20260429 00:58:21- INFO- 卖出数量超过当前持仓数量,卖出数量为0,当前持仓数量为0
20260429 00:58:23- INFO- 卖出数量为0,当前持仓数量为12200
20260429 00:58:23- INFO- 卖出数量为0,当前持仓数量为3900
20260429 00:58:23- INFO- 卖出数量为0,当前持仓数量为107900
20260429 00:58:23- INFO- 卖出数量为0,当前持仓数量为8200
20260429 00:58:23- INFO- 卖出数量为0,当前持仓数量为14200
20260429 00:58:23- INFO- 卖出数量为0,当前持仓数量为30300
20260429 00:58:23- INFO- 卖出数量为0,当前持仓数量为4300
20260429 00:58:23- INFO- 卖出数量超过当前持仓数量,卖出数量为0,当前持仓数量为0
20260429 00:58:23- INFO- 卖出数量超过当前持仓数量,卖出数量为0,当前持仓数量为0
20260429 00:58:23- INFO- 卖出数量超过当前持仓数量,卖出数量为0,当前持仓数量为0
20260429 00:58:23- INFO- 卖出数量超过当前持仓数量,卖出数量为0,当前持仓数量为0
20260429 00:58:23- INFO- 卖出数量超过当前持仓数量,卖出数量为0,当前持仓数量为0
20260429 00:58:23- INFO- 卖出数量超过当前持仓数量,卖出数量为0,当前持仓数量为0
20260429 00:58:23- INFO- 卖出数量超过当前持仓数量,卖出数量为0,当前持仓数量为0
20260429 00:58:24- INFO- 卖出数量为0,当前持仓数量为30300
20260429 00:58:24- INFO- 卖出数量超过当前持仓数量,卖出数量为0,当前持仓数量为0
20260429 00:58:25- INFO- 卖出数量为0,当前持仓数量为148500
20260429 00:58:25- INFO- 卖出数量超过当前持仓数量,卖出数量为0,当前持仓数量为0
20260429 00:58:27- INFO- 卖出数量为0,当前持仓数量为3700
20260429 00:58:27- INFO- 卖出数量为0,当前持仓数量为2900
20260429 00:58:27- INFO- 卖出数量超过当前持仓数量,卖出数量为0,当前持仓数量为0
20260429 00:58:27- INFO- 卖出数量超过当前持仓数量,卖出数量为0,当前持仓数量为0
20260429 00:58:30- INFO- 卖出数量为0,当前持仓数量为442900
20260429 00:58:30- INFO- 卖出数量超过当前持仓数量,卖出数量为0,当前持仓数量为0
20260429 00:58:31- INFO- 资金不足,无法买入 SZSE.002582 60400 股，所需资金 511401.27，当前现金 511323.25
20260429 00:58:37- INFO- 资金不足,无法买入 SHSE.603693 17500 股，所需资金 260921.06，当前现金 260855.65
20260429 00:58:37- INFO- 卖出数量为0,当前持仓数量为21200
20260429 00:58:38- INFO- 卖出数量超过当前持仓数量,卖出数量为0,当前持仓数量为0
20260429 00:59:00- INFO- 
回测时间:2021-01-04 - 2026-04-28
策略胜率: 42.81%
策略盈亏比: 1.47
每日平均开仓个数: 3.90
平均持仓天数: 1.63 天
每单位风险期望收益:0.0592
策略总收益率: 51.86%
策略年化收益率: 8.18%
最大回撤: -38.50%
最大回撤阶段: 2025-03-11 至 2025-04-29
夏普比率: 0.38
策略超额年化收益率: 5.27%
最终净值: 1.5186
20260429 00:59:00- INFO- 回测结果(触及跌停风控):
20260429 00:59:00- INFO- 
回测时间:2021-01-04 - 2026-04-28
策略胜率: 43.81%
策略盈亏比: 1.56
每日平均开仓个数: 3.90
平均持仓天数: 1.63 天
每单位风险期望收益:0.1200
策略总收益率: 94.70%
策略年化收益率: 13.36%
最大回撤: -33.51%
最大回撤阶段: 2025-03-11 至 2025-05-22
夏普比率: 0.66
策略超额年化收益率: 10.45%
最终净值: 1.9470
20260429 00:59:01- INFO- 回测结果(买点下移风控):
20260429 00:59:01- INFO- 
回测时间:2021-01-04 - 2026-04-28
策略胜率: 42.08%
策略盈亏比: 1.53
每日平均开仓个数: 3.90
平均持仓天数: 1.63 天
每单位风险期望收益:0.0636
策略总收益率: 39.73%
策略年化收益率: 6.50%
最大回撤: -34.72%
最大回撤阶段: 2025-03-20 至 2025-04-29
夏普比率: 0.32
策略超额年化收益率: 3.59%
最终净值: 1.3973
20260429 01:00:14- INFO- 总调整天数: 34, 调整正确率: 58.45%, 预计平均亏损改善: 3.5300%
20260429 01:00:15- INFO- 总调整天数: 54, 调整正确率: 60.59%, 预计平均亏损改善: 3.2230%
20260429 01:00:15- INFO- 回测结果(不风控):
20260429 01:00:15- INFO- 
回测时间:2025-01-02 - 2026-04-28
策略胜率: 42.81%
策略盈亏比: 1.47
每日平均开仓个数: 3.90
平均持仓天数: 1.63 天
每单位风险期望收益:0.0592
策略总收益率: 51.86%
策略年化收益率: 37.31%
最大回撤: -38.50%
最大回撤阶段: 2025-03-11 至 2025-04-29
夏普比率: 0.89
策略超额年化收益率: 18.85%
最终净值: 1.5186
20260429 01:00:15- INFO- 回测结果(触及跌停风控):
20260429 01:00:15- INFO- 
回测时间:2025-01-02 - 2026-04-28
策略胜率: 43.81%
策略盈亏比: 1.56
每日平均开仓个数: 3.90
平均持仓天数: 1.63 天
每单位风险期望收益:0.1200
策略总收益率: 94.70%
策略年化收益率: 65.80%
最大回撤: -33.51%
最大回撤阶段: 2025-03-11 至 2025-05-22
夏普比率: 1.49
策略超额年化收益率: 47.34%
最终净值: 1.9470
20260429 01:00:15- INFO- 回测结果(买点下移风控):
20260429 01:00:15- INFO- 
回测时间:2025-01-02 - 2026-04-28
策略胜率: 42.08%
策略盈亏比: 1.53
每日平均开仓个数: 3.90
平均持仓天数: 1.63 天
每单位风险期望收益:0.0636
策略总收益率: 39.73%
策略年化收益率: 28.90%
最大回撤: -34.72%
最大回撤阶段: 2025-03-20 至 2025-04-29
夏普比率: 0.78
策略超额年化收益率: 10.44%
最终净值: 1.3973
20260429 01:01:28- INFO- 
回测时间:2025-01-02 - 2026-04-28
策略胜率: 42.20%
策略盈亏比: 1.50
每日平均开仓个数: 3.90
平均持仓天数: 1.58 天
每单位风险期望收益:0.0570
策略总收益率: 41.18%
策略年化收益率: 29.91%
最大回撤: -36.54%
最大回撤阶段: 2025-03-11 至 2025-05-23
夏普比率: 0.77
策略超额年化收益率: 11.45%
最终净值: 1.4118
20260429 01:01:28- INFO- 回测结果(触及跌停风控):
20260429 01:01:28- INFO- 
回测时间:2025-01-02 - 2026-04-28
策略胜率: 43.27%
策略盈亏比: 1.56
每日平均开仓个数: 3.90
平均持仓天数: 1.58 天
每单位风险期望收益:0.1072
策略总收益率: 83.69%
策略年化收益率: 58.64%
最大回撤: -28.69%
最大回撤阶段: 2025-03-11 至 2025-05-22
夏普比率: 1.37
策略超额年化收益率: 40.18%
最终净值: 1.8369
20260429 01:01:28- INFO- 回测结果(买点下移风控):
20260429 01:01:28- INFO- 
回测时间:2025-01-02 - 2026-04-28
策略胜率: 41.40%
策略盈亏比: 1.55
每日平均开仓个数: 3.90
平均持仓天数: 1.58 天
每单位风险期望收益:0.0563
策略总收益率: 34.59%
策略年化收益率: 25.28%
最大回撤: -30.90%
最大回撤阶段: 2025-03-20 至 2025-04-29
夏普比率: 0.71
策略超额年化收益率: 6.82%
最终净值: 1.3459
20260429 01:02:34- INFO- 
回测时间:2025-01-02 - 2026-04-28
策略胜率: 42.20%
策略盈亏比: 1.50
每日平均开仓个数: 3.90
平均持仓天数: 1.58 天
每单位风险期望收益:0.0570
策略总收益率: 41.18%
策略年化收益率: 29.91%
最大回撤: -36.54%
最大回撤阶段: 2025-03-11 至 2025-05-23
夏普比率: 0.77
策略超额年化收益率: 11.45%
最终净值: 1.4118
20260429 01:02:34- INFO- 回测结果(触及跌停风控):
20260429 01:02:34- INFO- 
回测时间:2025-01-02 - 2026-04-28
策略胜率: 43.27%
策略盈亏比: 1.56
每日平均开仓个数: 3.90
平均持仓天数: 1.58 天
每单位风险期望收益:0.1072
策略总收益率: 83.69%
策略年化收益率: 58.64%
最大回撤: -28.69%
最大回撤阶段: 2025-03-11 至 2025-05-22
夏普比率: 1.37
策略超额年化收益率: 40.18%
最终净值: 1.8369
20260429 01:02:34- INFO- 回测结果(买点下移风控):
20260429 01:02:34- INFO- 
回测时间:2025-01-02 - 2026-04-28
策略胜率: 41.40%
策略盈亏比: 1.55
每日平均开仓个数: 3.90
平均持仓天数: 1.58 天
每单位风险期望收益:0.0563
策略总收益率: 34.59%
策略年化收益率: 25.28%
最大回撤: -30.90%
最大回撤阶段: 2025-03-20 至 2025-04-29
夏普比率: 0.71
策略超额年化收益率: 6.82%
最终净值: 1.3459
20260429 01:04:33- INFO- 卖出数量为0,当前持仓数量为75300
20260429 01:04:33- INFO- 卖出数量超过当前持仓数量,卖出数量为0,当前持仓数量为0
20260429 01:04:33- INFO- 卖出数量为0,当前持仓数量为20100
20260429 01:04:33- INFO- 卖出数量超过当前持仓数量,卖出数量为0,当前持仓数量为0
20260429 01:04:41- INFO- 卖出数量为0,当前持仓数量为127200
20260429 01:04:41- INFO- 卖出数量超过当前持仓数量,卖出数量为0,当前持仓数量为0
20260429 01:04:46- INFO- 卖出数量为0,当前持仓数量为6700
20260429 01:04:47- INFO- 卖出数量超过当前持仓数量,卖出数量为0,当前持仓数量为0
20260505 20:27:57- INFO- 
回测时间:2021-01-04 - 2026-04-30
策略胜率: 44.52%
策略盈亏比: 1.46
每日平均开仓个数: 3.98
平均持仓天数: 1.65 天
每单位风险期望收益:0.0951
策略总收益率: 331.77%
策略年化收益率: 31.64%
最大回撤: -32.49%
最大回撤阶段: 2024-10-30 至 2025-01-03
夏普比率: 1.09
策略超额年化收益率: 28.58%
最终净值: 4.3177
20260505 20:27:58- INFO- 回测结果(触及跌停风控):
20260505 20:27:58- INFO- 
回测时间:2021-01-04 - 2026-04-30
策略胜率: 44.49%
策略盈亏比: 1.53
每日平均开仓个数: 3.98
平均持仓天数: 1.65 天
每单位风险期望收益:0.1240
策略总收益率: 339.78%
策略年化收益率: 32.10%
最大回撤: -24.76%
最大回撤阶段: 2024-10-30 至 2025-01-10
夏普比率: 1.19
策略超额年化收益率: 29.04%
最终净值: 4.3978
20260505 20:27:58- INFO- 回测结果(买点下移风控):
20260505 20:27:58- INFO- 
回测时间:2021-01-04 - 2026-04-30
策略胜率: 43.60%
策略盈亏比: 1.49
每日平均开仓个数: 3.98
平均持仓天数: 1.65 天
每单位风险期望收益:0.0866
策略总收益率: 231.95%
策略年化收益率: 25.30%
最大回撤: -29.05%
最大回撤阶段: 2024-10-30 至 2025-01-03
夏普比率: 0.94
策略超额年化收益率: 22.24%
最终净值: 3.3195
20260505 20:30:00- INFO- 卖出数量为0,当前持仓数量为21800
20260505 20:30:00- INFO- 卖出数量超过当前持仓数量,卖出数量为0,当前持仓数量为0
20260506 21:49:01- INFO- 
回测时间:2024-01-02 - 2026-05-06
策略胜率: 52.22%
策略盈亏比: 1.86
每日平均开仓个数: 1.27
平均持仓天数: 3.49 天
每单位风险期望收益:0.4922
策略总收益率: 132.35%
策略年化收益率: 43.32%
最大回撤: -9.15%
最大回撤阶段: 2025-09-17 至 2025-12-19
夏普比率: 1.65
策略超额年化收益率: 27.72%
最终净值: 2.3235
20260506 22:23:46- INFO- 
回测时间:2025-01-02 - 2026-05-06
策略胜率: 47.33%
策略盈亏比: 1.48
每日平均开仓个数: 3.89
平均持仓天数: 1.66 天
每单位风险期望收益:0.1723
策略总收益率: 240.10%
策略年化收益率: 149.34%
最大回撤: -22.45%
最大回撤阶段: 2025-03-11 至 2025-04-29
夏普比率: 2.54
策略超额年化收益率: 129.45%
最终净值: 3.4010
20260506 22:23:46- INFO- 回测结果(触及跌停风控):
20260506 22:23:46- INFO- 
回测时间:2025-01-02 - 2026-05-06
策略胜率: 47.54%
策略盈亏比: 1.57
每日平均开仓个数: 3.89
平均持仓天数: 1.66 天
每单位风险期望收益:0.2210
策略总收益率: 229.41%
策略年化收益率: 143.47%
最大回撤: -21.22%
最大回撤阶段: 2025-03-11 至 2025-04-29
夏普比率: 2.71
策略超额年化收益率: 123.58%
最终净值: 3.2941
20260506 22:23:46- INFO- 回测结果(买点下移风控):
20260506 22:23:46- INFO- 
回测时间:2025-01-02 - 2026-05-06
策略胜率: 46.30%
策略盈亏比: 1.52
每日平均开仓个数: 3.89
平均持仓天数: 1.66 天
每单位风险期望收益:0.1659
策略总收益率: 190.65%
策略年化收益率: 121.75%
最大回撤: -21.24%
最大回撤阶段: 2025-03-25 至 2025-04-29
夏普比率: 2.31
策略超额年化收益率: 101.86%
最终净值: 2.9065
20260506 22:23:52- INFO- 
回测时间:2024-01-02 - 2026-05-06
策略胜率: 43.02%
策略盈亏比: 1.46
每日平均开仓个数: 1.35
平均持仓天数: 3.69 天
每单位风险期望收益:0.0566
策略总收益率: 23.11%
策略年化收益率: 9.28%
最大回撤: -30.33%
最大回撤阶段: 2024-11-05 至 2025-05-21
夏普比率: 0.40
策略超额年化收益率: -6.32%
最终净值: 1.2311
20260506 22:24:25- INFO- 
回测时间:2024-01-02 - 2026-05-06
策略胜率: 43.02%
策略盈亏比: 1.46
每日平均开仓个数: 1.35
平均持仓天数: 3.69 天
每单位风险期望收益:0.0566
策略总收益率: 23.11%
策略年化收益率: 9.28%
最大回撤: -30.33%
最大回撤阶段: 2024-11-05 至 2025-05-21
夏普比率: 0.40
策略超额年化收益率: -6.32%
最终净值: 1.2311
20260506 22:42:39- INFO- 
回测时间:2024-01-02 - 2026-05-06
策略胜率: 43.02%
策略盈亏比: 1.46
每日平均开仓个数: 1.35
平均持仓天数: 3.69 天
每单位风险期望收益:0.0566
策略总收益率: 23.11%
策略年化收益率: 9.28%
最大回撤: -30.33%
最大回撤阶段: 2024-11-05 至 2025-05-21
夏普比率: 0.40
策略超额年化收益率: -6.32%
最终净值: 1.2311
20260506 22:43:51- INFO- 
回测时间:2024-01-02 - 2026-05-06
策略胜率: 43.02%
策略盈亏比: 1.46
每日平均开仓个数: 1.35
平均持仓天数: 3.69 天
每单位风险期望收益:0.0566
策略总收益率: 23.11%
策略年化收益率: 9.28%
最大回撤: -30.33%
最大回撤阶段: 2024-11-05 至 2025-05-21
夏普比率: 0.40
策略超额年化收益率: -6.32%
最终净值: 1.2311
20260506 22:44:33- INFO- 
回测时间:2024-01-02 - 2026-05-06
策略胜率: 52.22%
策略盈亏比: 1.86
每日平均开仓个数: 1.27
平均持仓天数: 3.49 天
每单位风险期望收益:0.4922
策略总收益率: 132.35%
策略年化收益率: 43.32%
最大回撤: -9.15%
最大回撤阶段: 2025-09-17 至 2025-12-19
夏普比率: 1.65
策略超额年化收益率: 27.72%
最终净值: 2.3235
20260506 23:14:09- INFO- 
回测时间:2024-01-02 - 2026-05-06
策略胜率: 52.22%
策略盈亏比: 1.86
每日平均开仓个数: 1.27
平均持仓天数: 3.49 天
每单位风险期望收益:0.4922
策略总收益率: 132.35%
策略年化收益率: 43.32%
最大回撤: -9.15%
最大回撤阶段: 2025-09-17 至 2025-12-19
夏普比率: 1.65
策略超额年化收益率: 27.72%
最终净值: 2.3235
20260506 23:20:44- INFO- 
回测时间:2024-01-02 - 2026-05-06
策略胜率: 52.22%
策略盈亏比: 1.86
每日平均开仓个数: 1.27
平均持仓天数: 3.49 天
每单位风险期望收益:0.4922
策略总收益率: 132.35%
策略年化收益率: 43.32%
最大回撤: -9.15%
最大回撤阶段: 2025-09-17 至 2025-12-19
夏普比率: 1.65
策略超额年化收益率: 27.72%
最终净值: 2.3235
20260507 22:35:35- INFO- 
回测时间:2025-01-02 - 2026-05-07
策略胜率: 47.29%
策略盈亏比: 1.48
每日平均开仓个数: 3.88
平均持仓天数: 1.66 天
每单位风险期望收益:0.1717
策略总收益率: 235.02%
策略年化收益率: 146.11%
最大回撤: -22.45%
最大回撤阶段: 2025-03-11 至 2025-04-29
夏普比率: 2.50
策略超额年化收益率: 125.83%
最终净值: 3.3502
20260507 22:35:36- INFO- 回测结果(触及跌停风控):
20260507 22:35:36- INFO- 
回测时间:2025-01-02 - 2026-05-07
策略胜率: 47.48%
策略盈亏比: 1.57
每日平均开仓个数: 3.88
平均持仓天数: 1.66 天
每单位风险期望收益:0.2202
策略总收益率: 224.50%
策略年化收益率: 140.33%
最大回撤: -21.22%
最大回撤阶段: 2025-03-11 至 2025-04-29
夏普比率: 2.67
策略超额年化收益率: 120.05%
最终净值: 3.2450
20260507 22:35:36- INFO- 回测结果(买点下移风控):
20260507 22:35:36- INFO- 
回测时间:2025-01-02 - 2026-05-07
策略胜率: 46.26%
策略盈亏比: 1.52
每日平均开仓个数: 3.88
平均持仓天数: 1.66 天
每单位风险期望收益:0.1652
策略总收益率: 186.32%
策略年化收益率: 118.93%
最大回撤: -21.24%
最大回撤阶段: 2025-03-25 至 2025-04-29
夏普比率: 2.28
策略超额年化收益率: 98.66%
最终净值: 2.8632
20260507 23:53:55- INFO- 
回测时间:2025-01-02 - 2026-05-07
策略胜率: 39.15%
策略盈亏比: 1.65
每日平均开仓个数: 3.88
平均持仓天数: 4.71 天
每单位风险期望收益:0.0385
策略总收益率: 26.11%
策略年化收益率: 18.87%
最大回撤: -37.28%
最大回撤阶段: 2025-03-11 至 2025-06-04
夏普比率: 0.56
策略超额年化收益率: -1.41%
最终净值: 1.2611
20260507 23:53:56- INFO- 回测结果(触及跌停风控):
20260507 23:53:56- INFO- 
回测时间:2025-01-02 - 2026-05-07
策略胜率: 41.05%
策略盈亏比: 1.62
每日平均开仓个数: 3.88
平均持仓天数: 4.71 天
每单位风险期望收益:0.0770
策略总收益率: 52.27%
策略年化收益率: 36.78%
最大回撤: -29.82%
最大回撤阶段: 2025-03-11 至 2025-10-27
夏普比率: 0.97
策略超额年化收益率: 16.51%
最终净值: 1.5227
20260507 23:53:56- INFO- 回测结果(买点下移风控):
20260507 23:53:56- INFO- 
回测时间:2025-01-02 - 2026-05-07
策略胜率: 39.23%
策略盈亏比: 1.65
每日平均开仓个数: 3.88
平均持仓天数: 4.71 天
每单位风险期望收益:0.0402
策略总收益率: 13.42%
策略年化收益率: 9.83%
最大回撤: -35.37%
最大回撤阶段: 2025-03-11 至 2025-10-27
夏普比率: 0.41
策略超额年化收益率: -10.44%
最终净值: 1.1342
20260507 23:55:15- INFO- 资金不足,无法买入 SHSE.600345 28600 股，所需资金 584894.04，当前现金 584140.29
20260507 23:55:16- INFO- 资金不足,无法买入 SZSE.002632 229100 股，所需资金 1838763.02，当前现金 1835885.64
20260507 23:55:18- INFO- 资金不足,无法买入 SHSE.601212 895400 股，所需资金 3050451.76，当前现金 3047583.52
20260507 23:55:19- INFO- 资金不足,无法买入 SZSE.000099 106100 股，所需资金 2126246.12，当前现金 2124720.84
20260507 23:55:20- INFO- 资金不足,无法买入 SZSE.002146 605900 股，所需资金 995664.35，当前现金 993843.96
20260507 23:55:20- INFO- 卖出数量为0,当前持仓数量为116100
20260507 23:55:20- INFO- 卖出数量超过当前持仓数量,卖出数量为0,当前持仓数量为0
20260507 23:55:27- INFO- 资金不足,无法买入 SZSE.002037 524400 股，所需资金 3704417.74，当前现金 3700945.03
20260507 23:55:30- INFO- 资金不足,无法买入 SHSE.603421 430400 股，所需资金 2302934.97，当前现金 2301084.41
20260507 23:55:37- INFO- 卖出数量为0,当前持仓数量为107800
20260507 23:55:37- INFO- 卖出数量超过当前持仓数量,卖出数量为0,当前持仓数量为0
20260507 23:55:40- INFO- 资金不足,无法买入 SZSE.000681 66600 股，所需资金 1701698.30，当前现金 1700021.57
20260507 23:55:45- INFO- 卖出数量为0,当前持仓数量为313000
20260507 23:55:45- INFO- 卖出数量超过当前持仓数量,卖出数量为0,当前持仓数量为0
20260507 23:56:04- INFO- 资金不足,无法买入 SHSE.603327 48500 股，所需资金 646340.75，当前现金 644894.84
20260507 23:56:04- INFO- 卖出数量为0,当前持仓数量为166100
20260507 23:56:04- INFO- 卖出数量为0,当前持仓数量为131200
20260507 23:56:04- INFO- 卖出数量超过当前持仓数量,卖出数量为0,当前持仓数量为0
20260507 23:56:04- INFO- 卖出数量超过当前持仓数量,卖出数量为0,当前持仓数量为0
20260507 23:56:04- INFO- 卖出数量超过当前持仓数量,卖出数量为0,当前持仓数量为0
20260507 23:56:08- INFO- 资金不足,无法买入 SHSE.600173 95700 股，所需资金 793981.58，当前现金 793758.51
20260508 00:03:42- INFO- 
回测时间:2025-01-02 - 2026-05-07
策略胜率: 45.36%
策略盈亏比: 1.42
每日平均开仓个数: 4.37
平均持仓天数: 1.65 天
每单位风险期望收益:0.0999
策略总收益率: 115.88%
策略年化收益率: 77.40%
最大回撤: -22.88%
最大回撤阶段: 2025-03-11 至 2025-04-30
夏普比率: 1.69
策略超额年化收益率: 57.13%
最终净值: 2.1588
20260508 00:03:43- INFO- 回测结果(触及跌停风控):
20260508 00:03:43- INFO- 
回测时间:2025-01-02 - 2026-05-07
策略胜率: 45.66%
策略盈亏比: 1.50
每日平均开仓个数: 4.37
平均持仓天数: 1.65 天
每单位风险期望收益:0.1419
策略总收益率: 135.75%
策略年化收益率: 89.43%
最大回撤: -25.20%
最大回撤阶段: 2025-03-11 至 2025-05-22
夏普比率: 2.03
策略超额年化收益率: 69.15%
最终净值: 2.3575
20260508 00:03:43- INFO- 回测结果(买点下移风控):
20260508 00:03:43- INFO- 
回测时间:2025-01-02 - 2026-05-07
策略胜率: 44.31%
策略盈亏比: 1.47
每日平均开仓个数: 4.37
平均持仓天数: 1.65 天
每单位风险期望收益:0.0952
策略总收益率: 95.75%
策略年化收益率: 64.93%
最大回撤: -23.63%
最大回撤阶段: 2025-03-20 至 2025-04-30
夏普比率: 1.54
策略超额年化收益率: 44.65%
最终净值: 1.9575
20260508 00:06:39- INFO- 卖出数量为0,当前持仓数量为23000
20260508 00:06:39- INFO- 卖出数量超过当前持仓数量,卖出数量为0,当前持仓数量为0
20260509 12:00:31- INFO- 
回测时间:2025-01-02 - 2026-05-08
策略胜率: 45.45%
策略盈亏比: 1.43
每日平均开仓个数: 4.37
平均持仓天数: 1.65 天
每单位风险期望收益:0.1023
策略总收益率: 120.40%
策略年化收益率: 79.95%
最大回撤: -22.88%
最大回撤阶段: 2025-03-11 至 2025-04-30
夏普比率: 1.73
策略超额年化收益率: 59.72%
最终净值: 2.2040
20260509 12:00:32- INFO- 回测结果(触及跌停风控):
20260509 12:00:32- INFO- 
回测时间:2025-01-02 - 2026-05-08
策略胜率: 45.77%
策略盈亏比: 1.50
每日平均开仓个数: 4.37
平均持仓天数: 1.65 天
每单位风险期望收益:0.1450
策略总收益率: 140.69%
策略年化收益率: 92.12%
最大回撤: -25.20%
最大回撤阶段: 2025-03-11 至 2025-05-22
夏普比率: 2.07
策略超额年化收益率: 71.89%
最终净值: 2.4069
20260509 12:00:32- INFO- 回测结果(买点下移风控):
20260509 12:00:32- INFO- 
回测时间:2025-01-02 - 2026-05-08
策略胜率: 44.41%
策略盈亏比: 1.47
每日平均开仓个数: 4.37
平均持仓天数: 1.65 天
每单位风险期望收益:0.0979
策略总收益率: 99.85%
策略年化收益率: 67.32%
最大回撤: -23.63%
最大回撤阶段: 2025-03-20 至 2025-04-30
夏普比率: 1.58
策略超额年化收益率: 47.09%
最终净值: 1.9985
20260509 12:02:57- INFO- 卖出数量为0,当前持仓数量为23000
20260509 12:02:57- INFO- 卖出数量超过当前持仓数量,卖出数量为0,当前持仓数量为0
20260509 12:03:56- INFO- 
回测时间:2025-01-02 - 2026-05-08
策略胜率: 46.09%
策略盈亏比: 1.64
每日平均开仓个数: 2.13
平均持仓天数: 1.65 天
每单位风险期望收益:0.2153
策略总收益率: 129.90%
策略年化收益率: 85.68%
最大回撤: -24.95%
最大回撤阶段: 2025-07-16 至 2025-10-27
夏普比率: 1.77
策略超额年化收益率: 65.45%
最终净值: 2.2990
20260509 12:03:56- INFO- 回测结果(触及跌停风控):
20260509 12:03:56- INFO- 
回测时间:2025-01-02 - 2026-05-08
策略胜率: 46.74%
策略盈亏比: 1.78
每日平均开仓个数: 2.13
平均持仓天数: 1.65 天
每单位风险期望收益:0.2999
策略总收益率: 137.69%
策略年化收益率: 90.33%
最大回撤: -27.10%
最大回撤阶段: 2025-07-16 至 2025-10-27
夏普比率: 1.97
策略超额年化收益率: 70.11%
最终净值: 2.3769
20260509 12:03:56- INFO- 回测结果(买点下移风控):
20260509 12:03:56- INFO- 
回测时间:2025-01-02 - 2026-05-08
策略胜率: 44.74%
策略盈亏比: 1.74
每日平均开仓个数: 2.13
平均持仓天数: 1.65 天
每单位风险期望收益:0.2237
策略总收益率: 101.80%
策略年化收益率: 68.53%
最大回撤: -26.83%
最大回撤阶段: 2025-07-16 至 2025-10-28
夏普比率: 1.57
策略超额年化收益率: 48.30%
最终净值: 2.0180
20260509 12:05:56- INFO- 资金不足,无法买入 SZSE.002232 243200 股，所需资金 5597482.19，当前现金 5592389.54
20260509 12:06:37- INFO- 
回测时间:2024-01-02 - 2026-05-08
策略胜率: 45.55%
策略盈亏比: 1.45
每日平均开仓个数: 2.28
平均持仓天数: 1.61 天
每单位风险期望收益:0.1162
策略总收益率: 80.92%
策略年化收益率: 28.72%
最大回撤: -36.37%
最大回撤阶段: 2024-05-20 至 2024-12-31
夏普比率: 0.85
策略超额年化收益率: 12.93%
最终净值: 1.8092
20260509 12:06:37- INFO- 回测结果(触及跌停风控):
20260509 12:06:37- INFO- 
回测时间:2024-01-02 - 2026-05-08
策略胜率: 44.23%
策略盈亏比: 1.52
每日平均开仓个数: 2.28
平均持仓天数: 1.61 天
每单位风险期望收益:0.1153
策略总收益率: 50.45%
策略年化收益率: 19.00%
最大回撤: -40.69%
最大回撤阶段: 2024-05-20 至 2024-12-31
夏普比率: 0.65
策略超额年化收益率: 3.21%
最终净值: 1.5045
20260509 12:06:37- INFO- 回测结果(买点下移风控):
20260509 12:06:37- INFO- 
回测时间:2024-01-02 - 2026-05-08
策略胜率: 43.52%
策略盈亏比: 1.51
每日平均开仓个数: 2.28
平均持仓天数: 1.61 天
每单位风险期望收益:0.0935
策略总收益率: 30.26%
策略年化收益率: 11.92%
最大回撤: -39.08%
最大回撤阶段: 2024-05-20 至 2024-12-31
夏普比率: 0.45
策略超额年化收益率: -3.88%
最终净值: 1.3026
20260514 12:14:13- INFO- 
回测时间:2024-01-02 - 2026-05-13
策略胜率: 45.50%
策略盈亏比: 1.45
每日平均开仓个数: 2.27
平均持仓天数: 1.61 天
每单位风险期望收益:0.1141
策略总收益率: 75.01%
策略年化收益率: 26.74%
最大回撤: -36.37%
最大回撤阶段: 2024-05-20 至 2024-12-31
夏普比率: 0.80
策略超额年化收益率: 10.31%
最终净值: 1.7501
20260514 12:14:13- INFO- 回测结果(触及跌停风控):
20260514 12:14:13- INFO- 
回测时间:2024-01-02 - 2026-05-13
策略胜率: 44.17%
策略盈亏比: 1.52
每日平均开仓个数: 2.27
平均持仓天数: 1.61 天
每单位风险期望收益:0.1127
策略总收益率: 45.54%
策略年化收益率: 17.22%
最大回撤: -40.69%
最大回撤阶段: 2024-05-20 至 2024-12-31
夏普比率: 0.60
策略超额年化收益率: 0.80%
最终净值: 1.4554
20260514 12:14:13- INFO- 回测结果(买点下移风控):
20260514 12:14:13- INFO- 
回测时间:2024-01-02 - 2026-05-13
策略胜率: 43.47%
策略盈亏比: 1.51
每日平均开仓个数: 2.27
平均持仓天数: 1.61 天
每单位风险期望收益:0.0913
策略总收益率: 26.01%
策略年化收益率: 10.28%
最大回撤: -39.08%
最大回撤阶段: 2024-05-20 至 2024-12-31
夏普比率: 0.41
策略超额年化收益率: -6.14%
最终净值: 1.2601
20260514 12:16:08- INFO- 资金不足,无法买入 SZSE.002232 243200 股，所需资金 5597482.19，当前现金 5592389.54
20260514 12:20:39- INFO- 
回测时间:2025-01-02 - 2026-05-13
策略胜率: 46.00%
策略盈亏比: 1.63
每日平均开仓个数: 2.13
平均持仓天数: 1.65 天
每单位风险期望收益:0.2114
策略总收益率: 122.39%
策略年化收益率: 80.07%
最大回撤: -24.95%
最大回撤阶段: 2025-07-16 至 2025-10-27
夏普比率: 1.69
策略超额年化收益率: 58.75%
最终净值: 2.2239
20260514 12:20:39- INFO- 回测结果(触及跌停风控):
20260514 12:20:39- INFO- 
回测时间:2025-01-02 - 2026-05-13
策略胜率: 46.61%
策略盈亏比: 1.78
每日平均开仓个数: 2.13
平均持仓天数: 1.65 天
每单位风险期望收益:0.2942
策略总收益率: 129.93%
策略年化收益率: 84.54%
最大回撤: -27.10%
最大回撤阶段: 2025-07-16 至 2025-10-27
夏普比率: 1.89
策略超额年化收益率: 63.22%
最终净值: 2.2993
20260514 12:20:39- INFO- 回测结果(买点下移风控):
20260514 12:20:39- INFO- 
回测时间:2025-01-02 - 2026-05-13
策略胜率: 44.64%
策略盈亏比: 1.73
每日平均开仓个数: 2.13
平均持仓天数: 1.65 天
每单位风险期望收益:0.2193
策略总收益率: 95.21%
策略年化收益率: 63.60%
最大回撤: -26.83%
最大回撤阶段: 2025-07-16 至 2025-10-28
夏普比率: 1.49
策略超额年化收益率: 42.28%
最终净值: 1.9521
20260514 12:22:13- INFO- 总调整天数: 22, 调整正确率: 56.90%, 预计平均亏损改善: 2.5149%
20260514 12:22:13- INFO- 总调整天数: 62, 调整正确率: 44.53%, 预计平均亏损改善: 2.0028%
20260514 12:22:13- INFO- 回测结果(不风控):
20260514 12:22:13- INFO- 
回测时间:2024-01-02 - 2026-05-13
策略胜率: 45.50%
策略盈亏比: 1.45
每日平均开仓个数: 2.27
平均持仓天数: 1.61 天
每单位风险期望收益:0.1141
策略总收益率: 75.01%
策略年化收益率: 26.74%
最大回撤: -36.37%
最大回撤阶段: 2024-05-20 至 2024-12-31
夏普比率: 0.80
策略超额年化收益率: 10.31%
最终净值: 1.7501
20260514 12:22:13- INFO- 回测结果(触及跌停风控):
20260514 12:22:13- INFO- 
回测时间:2024-01-02 - 2026-05-13
策略胜率: 44.17%
策略盈亏比: 1.52
每日平均开仓个数: 2.27
平均持仓天数: 1.61 天
每单位风险期望收益:0.1127
策略总收益率: 45.54%
策略年化收益率: 17.22%
最大回撤: -40.69%
最大回撤阶段: 2024-05-20 至 2024-12-31
夏普比率: 0.60
策略超额年化收益率: 0.80%
最终净值: 1.4554
20260514 12:22:13- INFO- 回测结果(买点下移风控):
20260514 12:22:13- INFO- 
回测时间:2024-01-02 - 2026-05-13
策略胜率: 43.47%
策略盈亏比: 1.51
每日平均开仓个数: 2.27
平均持仓天数: 1.61 天
每单位风险期望收益:0.0913
策略总收益率: 26.01%
策略年化收益率: 10.28%
最大回撤: -39.08%
最大回撤阶段: 2024-05-20 至 2024-12-31
夏普比率: 0.41
策略超额年化收益率: -6.14%
最终净值: 1.2601
20260514 12:26:03- INFO- 
回测时间:2024-01-02 - 2026-05-13
策略胜率: 44.78%
策略盈亏比: 1.45
每日平均开仓个数: 3.98
平均持仓天数: 1.65 天
每单位风险期望收益:0.0989
策略总收益率: 354.68%
策略年化收益率: 89.89%
最大回撤: -32.49%
最大回撤阶段: 2024-10-30 至 2025-01-03
夏普比率: 1.75
策略超额年化收益率: 73.46%
最终净值: 4.5468
20260514 12:26:03- INFO- 回测结果(触及跌停风控):
20260514 12:26:03- INFO- 
回测时间:2024-01-02 - 2026-05-13
策略胜率: 44.80%
策略盈亏比: 1.52
每日平均开仓个数: 3.98
平均持仓天数: 1.65 天
每单位风险期望收益:0.1285
策略总收益率: 363.13%
策略年化收益率: 91.37%
最大回撤: -24.76%
最大回撤阶段: 2024-10-30 至 2025-01-10
夏普比率: 1.93
策略超额年化收益率: 74.95%
最终净值: 4.6313
20260514 12:26:03- INFO- 回测结果(买点下移风控):
20260514 12:26:03- INFO- 
回测时间:2024-01-02 - 2026-05-13
策略胜率: 43.88%
策略盈亏比: 1.49
每日平均开仓个数: 3.98
平均持仓天数: 1.65 天
每单位风险期望收益:0.0908
策略总收益率: 249.57%
策略年化收益率: 69.88%
最大回撤: -29.05%
最大回撤阶段: 2024-10-30 至 2025-01-03
夏普比率: 1.53
策略超额年化收益率: 53.46%
最终净值: 3.4957
20260514 12:28:50- INFO- 卖出数量为0,当前持仓数量为21800
20260514 12:28:50- INFO- 卖出数量超过当前持仓数量,卖出数量为0,当前持仓数量为0
20260520 10:53:01- INFO- 
回测时间:2024-01-02 - 2026-05-19
策略胜率: 44.60%
策略盈亏比: 1.45
每日平均开仓个数: 4.00
平均持仓天数: 1.65 天
每单位风险期望收益:0.0932
策略总收益率: 340.05%
策略年化收益率: 86.46%
最大回撤: -32.49%
最大回撤阶段: 2024-10-30 至 2025-01-03
夏普比率: 1.71
策略超额年化收益率: 71.01%
最终净值: 4.4005
20260520 10:53:02- INFO- 回测结果(触及跌停风控):
20260520 10:53:02- INFO- 
回测时间:2024-01-02 - 2026-05-19
策略胜率: 44.50%
策略盈亏比: 1.51
每日平均开仓个数: 4.00
平均持仓天数: 1.65 天
每单位风险期望收益:0.1191
策略总收益率: 345.08%
策略年化收益率: 87.36%
最大回撤: -24.76%
最大回撤阶段: 2024-10-30 至 2025-01-10
夏普比率: 1.88
策略超额年化收益率: 71.90%
最终净值: 4.4508
20260520 10:53:02- INFO- 回测结果(买点下移风控):
20260520 10:53:02- INFO- 
回测时间:2024-01-02 - 2026-05-19
策略胜率: 43.57%
策略盈亏比: 1.49
每日平均开仓个数: 4.00
平均持仓天数: 1.65 天
每单位风险期望收益:0.0832
策略总收益率: 236.79%
策略年化收益率: 66.63%
最大回撤: -29.05%
最大回撤阶段: 2024-10-30 至 2025-01-03
夏普比率: 1.49
策略超额年化收益率: 51.17%
最终净值: 3.3679
20260520 10:55:05- INFO- 卖出数量为0,当前持仓数量为21800
20260520 10:55:05- INFO- 卖出数量超过当前持仓数量,卖出数量为0,当前持仓数量为0
20260521 21:51:45- INFO- 
回测时间:2024-01-02 - 2026-05-21
策略胜率: 47.43%
策略盈亏比: 1.36
每日平均开仓个数: 2.92
平均持仓天数: 1.65 天
每单位风险期望收益:0.1214
策略总收益率: 313.44%
策略年化收益率: 81.39%
最大回撤: -25.73%
最大回撤阶段: 2024-10-30 至 2024-12-31
夏普比率: 1.72
策略超额年化收益率: 67.04%
最终净值: 4.1344
20260521 21:51:46- INFO- 回测结果(触及跌停风控):
20260521 21:51:46- INFO- 
回测时间:2024-01-02 - 2026-05-21
策略胜率: 48.02%
策略盈亏比: 1.48
每日平均开仓个数: 2.92
平均持仓天数: 1.65 天
每单位风险期望收益:0.1903
策略总收益率: 453.75%
策略年化收益率: 105.05%
最大回撤: -22.19%
最大回撤阶段: 2024-10-30 至 2024-12-31
夏普比率: 2.21
策略超额年化收益率: 90.70%
最终净值: 5.5375
20260521 21:51:46- INFO- 回测结果(买点下移风控):
20260521 21:51:46- INFO- 
回测时间:2024-01-02 - 2026-05-21
策略胜率: 46.00%
策略盈亏比: 1.45
每日平均开仓个数: 2.92
平均持仓天数: 1.65 天
每单位风险期望收益:0.1255
策略总收益率: 349.05%
策略年化收益率: 87.79%
最大回撤: -23.11%
最大回撤阶段: 2024-10-30 至 2024-12-31
夏普比率: 1.88
策略超额年化收益率: 73.44%
最终净值: 4.4905
20260526 13:22:00- INFO- 
回测时间:2026-01-05 - 2026-05-25
策略胜率: 47.18%
策略盈亏比: 1.28
每日平均开仓个数: 4.07
平均持仓天数: 1.66 天
每单位风险期望收益:0.0770
策略总收益率: 15.21%
策略年化收益率: 44.66%
最大回撤: -15.00%
最大回撤阶段: 2026-01-12 至 2026-03-03
夏普比率: 1.06
策略超额年化收益率: 36.08%
最终净值: 1.1521
20260526 13:22:01- INFO- 回测结果(触及跌停风控):
20260526 13:22:01- INFO- 
回测时间:2026-01-05 - 2026-05-25
策略胜率: 47.56%
策略盈亏比: 1.35
每日平均开仓个数: 4.07
平均持仓天数: 1.66 天
每单位风险期望收益:0.1160
策略总收益率: 24.00%
策略年化收益率: 75.19%
最大回撤: -10.20%
最大回撤阶段: 2026-01-12 至 2026-02-13
夏普比率: 1.71
策略超额年化收益率: 66.61%
最终净值: 1.2400
20260526 13:22:01- INFO- 回测结果(买点下移风控):
20260526 13:22:01- INFO- 
回测时间:2026-01-05 - 2026-05-25
策略胜率: 45.28%
策略盈亏比: 1.32
每日平均开仓个数: 4.07
平均持仓天数: 1.66 天
每单位风险期望收益:0.0492
策略总收益率: 11.27%
策略年化收益率: 32.11%
最大回撤: -14.46%
最大回撤阶段: 2026-01-12 至 2026-03-03
夏普比率: 0.83
策略超额年化收益率: 23.52%
最终净值: 1.1127
20260526 13:24:24- INFO- 
============================================================
20260526 13:24:24- INFO- 回测版本: 版本B(候选) (仅1天1板)
20260526 13:24:24- INFO- 回测区间: 2026-01-01 至 2026-05-26
20260526 13:24:24- INFO- ============================================================
20260526 13:24:24- INFO- 使用40个进程并行处理，共81个日期任务
20260526 13:24:27- INFO- 所有回测任务完成，共处理81个日期的结果
20260526 13:24:27- INFO- 
============================================================
20260526 13:24:27- INFO- 汇总对比
20260526 13:24:27- INFO- ============================================================
20260526 13:24:27- INFO- 
    版本 交易次数 胜率(%) 平均收益(%) 总收益(%) 收益中位数(%)  盈亏比 收益标准差
排除1天1板 2040  8.19    0.19  65.78    -0.32 1.28  3.86
 仅1天1板 2048   8.3   -0.09 -35.13    -0.27 1.15  2.75
20260526 13:25:55- INFO- 
=== 版本A(当前) (排除1天1板) 完整回测指标 ===
20260526 13:25:55- INFO- 回测开始日期: 2026-01-05
20260526 13:25:55- INFO- 回测结束日期: 2026-05-25
20260526 13:25:55- INFO- 策略胜率: 47.18%
20260526 13:25:55- INFO- 策略盈亏比: 1.28
20260526 13:25:55- INFO- 每单位风险期望收益: 0.0770
20260526 13:25:55- INFO- 策略总收益率: 15.21%
20260526 13:25:55- INFO- 策略年化收益率: 44.66%
20260526 13:25:55- INFO- 最大回撤: -15.00%
20260526 13:25:55- INFO- 最大回撤开始日期: 2026-01-12
20260526 13:25:55- INFO- 最大回撤结束日期: 2026-03-03
20260526 13:25:55- INFO- 夏普比率: 1.06
20260526 13:25:55- INFO- 策略超额年化收益率: 36.08%
20260526 13:25:55- INFO- 最终净值: 1.1521
20260526 13:25:55- INFO- 每日平均买入股票个数: 4.07
20260526 13:25:55- INFO- 平均持仓天数: 1.66 天
20260526 13:25:55- INFO- ========================================
20260526 13:25:55- INFO- 
============================================================
20260526 13:25:55- INFO- 回测版本: 版本B(候选) (仅1天1板)
20260526 13:25:55- INFO- 回测区间: 2026-01-01 至 2026-05-26
20260526 13:25:55- INFO- ============================================================
20260526 13:25:55- INFO- 使用40个进程并行处理，共81个日期任务
20260526 13:25:58- INFO- 所有回测任务完成，共处理81个日期的结果
20260526 13:25:58- INFO- 
=== 版本B(候选) (仅1天1板) 完整回测指标 ===
20260526 13:25:58- INFO- 回测开始日期: 2026-01-05
20260526 13:25:58- INFO- 回测结束日期: 2026-05-25
20260526 13:25:58- INFO- 策略胜率: 44.27%
20260526 13:25:58- INFO- 策略盈亏比: 1.15
20260526 13:25:58- INFO- 每单位风险期望收益: -0.0470
20260526 13:25:58- INFO- 策略总收益率: -15.71%
20260526 13:25:58- INFO- 策略年化收益率: -35.95%
20260526 13:25:58- INFO- 最大回撤: -27.07%
20260526 13:25:58- INFO- 最大回撤开始日期: 2026-01-08
20260526 13:25:58- INFO- 最大回撤结束日期: 2026-05-15
20260526 13:25:58- INFO- 夏普比率: -1.74
20260526 13:25:58- INFO- 策略超额年化收益率: -44.54%
20260526 13:25:58- INFO- 最终净值: 0.8429
20260526 13:25:58- INFO- 每日平均买入股票个数: 4.74
20260526 13:25:58- INFO- 平均持仓天数: 1.57 天
20260526 13:25:58- INFO- ========================================
20260526 13:25:58- INFO- 
============================================================
20260526 13:25:58- INFO- 汇总对比
20260526 13:25:58- INFO- ============================================================
20260526 13:25:58- INFO- 
完整回测指标对比：
    版本  策略总收益率 策略年化收益率   策略胜率 策略盈亏比  夏普比率    最大回撤   最终净值 平均持仓天数
排除1天1板  15.21%  44.66% 47.18%  1.28  1.06 -15.00% 1.1521 1.66 天
 仅1天1板 -15.71% -35.95% 44.27%  1.15 -1.74 -27.07% 0.8429 1.57 天
20260526 13:25:58- INFO- 
逐笔交易统计对比：
    版本  交易次数  胜率(%)  平均收益(%)  总收益(%)  收益中位数(%)  盈亏比  收益标准差
排除1天1板  2040   8.19     0.19   65.78     -0.32 1.28   3.86
 仅1天1板  2048   8.30    -0.09  -35.13     -0.27 1.15   2.75
20260527 20:52:29- INFO- 
回测时间:2026-01-05 - 2026-05-27
策略胜率: 46.70%
策略盈亏比: 1.28
每日平均开仓个数: 4.14
平均持仓天数: 1.65 天
每单位风险期望收益:0.0632
策略总收益率: 10.66%
策略年化收益率: 29.75%
最大回撤: -15.00%
最大回撤阶段: 2026-01-12 至 2026-03-03
夏普比率: 0.76
策略超额年化收益率: 25.20%
最终净值: 1.1066
20260527 20:52:29- INFO- 回测结果(触及跌停风控):
20260527 20:52:29- INFO- 
回测时间:2026-01-05 - 2026-05-27
策略胜率: 46.88%
策略盈亏比: 1.33
每日平均开仓个数: 4.14
平均持仓天数: 1.65 天
每单位风险期望收益:0.0935
策略总收益率: 19.08%
策略年化收益率: 56.64%
最大回撤: -11.57%
最大回撤阶段: 2026-05-12 至 2026-05-26
夏普比率: 1.36
策略超额年化收益率: 52.09%
最终净值: 1.1908
20260527 20:52:29- INFO- 回测结果(买点下移风控):
20260527 20:52:29- INFO- 
回测时间:2026-01-05 - 2026-05-27
策略胜率: 44.79%
策略盈亏比: 1.31
每日平均开仓个数: 4.14
平均持仓天数: 1.65 天
每单位风险期望收益:0.0340
策略总收益率: 6.88%
策略年化收益率: 18.64%
最大回撤: -14.46%
最大回撤阶段: 2026-01-12 至 2026-03-03
夏普比率: 0.52
策略超额年化收益率: 14.08%
最终净值: 1.0688
20260602 20:24:41- INFO- 
回测时间:2026-01-05 - 2026-06-02
策略胜率: 47.44%
策略盈亏比: 1.25
每日平均开仓个数: 4.24
平均持仓天数: 1.67 天
每单位风险期望收益:0.0692
策略总收益率: 11.98%
策略年化收益率: 32.19%
最大回撤: -16.33%
最大回撤阶段: 2026-04-01 至 2026-05-27
夏普比率: 0.81
策略超额年化收益率: 28.99%
最终净值: 1.1198
20260602 20:24:42- INFO- 回测结果(触及跌停风控):
20260602 20:24:42- INFO- 
回测时间:2026-01-05 - 2026-06-02
策略胜率: 47.25%
策略盈亏比: 1.30
每日平均开仓个数: 4.24
平均持仓天数: 1.67 天
每单位风险期望收益:0.0845
策略总收益率: 19.06%
策略年化收益率: 53.75%
最大回撤: -13.84%
最大回撤阶段: 2026-05-12 至 2026-05-27
夏普比率: 1.31
策略超额年化收益率: 50.56%
最终净值: 1.1906
20260602 20:24:43- INFO- 回测结果(买点下移风控):
20260602 20:24:43- INFO- 
回测时间:2026-01-05 - 2026-06-02
策略胜率: 45.27%
策略盈亏比: 1.27
每日平均开仓个数: 4.24
平均持仓天数: 1.67 天
每单位风险期望收益:0.0292
策略总收益率: 6.64%
策略年化收益率: 17.18%
最大回撤: -16.57%
最大回撤阶段: 2026-03-17 至 2026-05-28
夏普比率: 0.49
策略超额年化收益率: 13.99%
最终净值: 1.0664
20260602 20:27:40- INFO- 卖出数量为0,当前持仓数量为21800
20260602 20:27:40- INFO- 卖出数量超过当前持仓数量,卖出数量为0,当前持仓数量为0
20260610 22:42:43- INFO- 
回测时间:2026-01-05 - 2026-06-10
策略胜率: 47.09%
策略盈亏比: 1.24
每日平均开仓个数: 4.38
平均持仓天数: 1.65 天
每单位风险期望收益:0.0560
策略总收益率: 9.50%
策略年化收益率: 23.66%
最大回撤: -16.33%
最大回撤阶段: 2026-04-01 至 2026-05-27
夏普比率: 0.63
策略超额年化收益率: 25.41%
最终净值: 1.0950
20260610 22:42:44- INFO- 回测结果(触及跌停风控):
20260610 22:42:44- INFO- 
回测时间:2026-01-05 - 2026-06-10
策略胜率: 46.79%
策略盈亏比: 1.27
每日平均开仓个数: 4.38
平均持仓天数: 1.65 天
每单位风险期望收益:0.0640
策略总收益率: 16.42%
策略年化收益率: 42.72%
最大回撤: -13.84%
最大回撤阶段: 2026-05-12 至 2026-05-27
夏普比率: 1.09
策略超额年化收益率: 44.47%
最终净值: 1.1642
20260610 22:42:44- INFO- 回测结果(买点下移风控):
20260610 22:42:44- INFO- 
回测时间:2026-01-05 - 2026-06-10
策略胜率: 45.09%
策略盈亏比: 1.26
每日平均开仓个数: 4.38
平均持仓天数: 1.65 天
每单位风险期望收益:0.0179
策略总收益率: 4.28%
策略年化收益率: 10.30%
最大回撤: -16.57%
最大回撤阶段: 2026-03-17 至 2026-05-28
夏普比率: 0.32
策略超额年化收益率: 12.05%
最终净值: 1.0428
20260611 08:41:34- INFO- 
回测时间:2025-08-01 - 2026-06-10
策略胜率: 47.56%
策略盈亏比: 1.35
每日平均开仓个数: 4.19
平均持仓天数: 1.67 天
每单位风险期望收益:0.1172
策略总收益率: 71.75%
策略年化收益率: 87.90%
最大回撤: -16.33%
最大回撤阶段: 2026-04-01 至 2026-05-27
夏普比率: 1.82
策略超额年化收益率: 73.56%
最终净值: 1.7175
20260611 08:41:35- INFO- 回测结果(触及跌停风控):
20260611 08:41:35- INFO- 
回测时间:2025-08-01 - 2026-06-10
策略胜率: 47.83%
策略盈亏比: 1.43
每日平均开仓个数: 4.19
平均持仓天数: 1.67 天
每单位风险期望收益:0.1634
策略总收益率: 97.07%
策略年化收益率: 120.58%
最大回撤: -13.84%
最大回撤阶段: 2026-05-12 至 2026-05-27
夏普比率: 2.43
策略超额年化收益率: 106.25%
最终净值: 1.9707
20260611 08:41:35- INFO- 回测结果(买点下移风控):
20260611 08:41:35- INFO- 
回测时间:2025-08-01 - 2026-06-10
策略胜率: 46.18%
策略盈亏比: 1.38
每日平均开仓个数: 4.19
平均持仓天数: 1.67 天
每单位风险期望收益:0.1012
策略总收益率: 60.81%
策略年化收益率: 74.02%
最大回撤: -16.57%
最大回撤阶段: 2026-03-17 至 2026-05-28
夏普比率: 1.64
策略超额年化收益率: 59.69%
最终净值: 1.6081
20260612 13:52:42- INFO- 
回测时间:2025-08-01 - 2026-06-11
策略胜率: 47.89%
策略盈亏比: 1.34
每日平均开仓个数: 4.21
平均持仓天数: 1.66 天
每单位风险期望收益:0.1187
策略总收益率: 72.78%
策略年化收益率: 88.83%
最大回撤: -16.33%
最大回撤阶段: 2026-04-01 至 2026-05-27
夏普比率: 1.83
策略超额年化收益率: 74.75%
最终净值: 1.7278
20260612 13:52:42- INFO- 回测结果(触及跌停风控):
20260612 13:52:42- INFO- 
回测时间:2025-08-01 - 2026-06-11
策略胜率: 48.08%
策略盈亏比: 1.42
每日平均开仓个数: 4.21
平均持仓天数: 1.66 天
每单位风险期望收益:0.1613
策略总收益率: 95.91%
策略年化收益率: 118.52%
最大回撤: -14.17%
最大回撤阶段: 2026-05-12 至 2026-06-09
夏普比率: 2.40
策略超额年化收益率: 104.44%
最终净值: 1.9591
20260612 13:52:42- INFO- 回测结果(买点下移风控):
20260612 13:52:42- INFO- 
回测时间:2025-08-01 - 2026-06-11
策略胜率: 46.50%
策略盈亏比: 1.37
每日平均开仓个数: 4.21
平均持仓天数: 1.66 天
每单位风险期望收益:0.1012
策略总收益率: 60.70%
策略年化收益率: 73.58%
最大回撤: -16.88%
最大回撤阶段: 2026-03-17 至 2026-06-09
夏普比率: 1.63
策略超额年化收益率: 59.50%
最终净值: 1.6070
20260612 13:54:35- INFO- 卖出数量为0,当前持仓数量为21800
20260612 13:54:35- INFO- 卖出数量超过当前持仓数量,卖出数量为0,当前持仓数量为0
