datetime,code,name,volume,avg_cost,close,market_value,pnl,profit
2022-02-08,SZSE.000017,深中华A,1800,3.37,3.53,6354.0,288.0,0.04747774480712166
2022-02-08,SHSE.603709,中源家居,300,16.1,16.46,4938.0,108.0,0.02236024844720497
2022-02-08,SHSE.600455,博通股份,200,21.41,21.9,4380.0,98.0,0.022886501634750117
2022-02-08,SHSE.603389,*ST亚振,1200,5.02,5.23,6276.000000000001,252.00000000000182,0.04183266932270947
2022-02-09,SZSE.000017,深中华A,1800,3.37,3.52,6336.0,270.0,0.04451038575667656
2022-02-09,SHSE.603709,中源家居,300,16.1,16.45,4935.0,105.0,0.021739130434782608
2022-02-09,SHSE.600455,博通股份,200,21.41,22.23,4446.0,164.0,0.03829985987856142
2022-02-09,SHSE.603389,*ST亚振,1200,5.02,5.22,6264.0,240.0000000000009,0.03984063745019936
2022-02-10,SZSE.000017,深中华A,1800,3.37,3.51,6318.0,252.0,0.04154302670623145
2022-02-10,SHSE.603709,中源家居,300,16.1,16.41,4923.0,93.0,0.019254658385093167
2022-02-10,SHSE.600455,博通股份,200,21.41,22.2,4440.0,158.0,0.036898645492760396
2022-02-10,SHSE.603389,*ST亚振,1200,5.02,5.19,6228.000000000001,204.00000000000182,0.03386454183266963
2022-02-11,SZSE.000017,深中华A,1800,3.37,3.43,6174.0,108.0,0.017804154302670624
2022-02-11,SHSE.603709,中源家居,300,16.1,16.11,4833.0,3.0,0.0006211180124223603
2022-02-11,SHSE.600455,博通股份,200,21.41,21.69,4338.0,56.0,0.013078000934142924
2022-02-11,SHSE.603389,*ST亚振,1200,5.02,5.03,6036.0,12.00000000000091,0.0019920318725101115
2022-02-14,SZSE.000017,深中华A,1800,3.37,3.43,6174.0,108.0,0.017804154302670624
2022-02-14,SHSE.603709,中源家居,300,16.1,16.3,4890.0,60.0,0.012422360248447204
2022-02-14,SHSE.600455,博通股份,200,21.41,22.21,4442.0,160.0,0.03736571695469407
2022-02-14,SHSE.603389,*ST亚振,1200,5.02,5.15,6180.0,156.0000000000009,0.025896414342629636
2022-02-15,SZSE.000017,深中华A,900,3.47,3.37,3033.0,-90.0,-0.02881844380403458
2022-02-15,SHSE.603709,中源家居,100,16.3,16.3,1630.0,0.0,0.0
2022-02-15,SHSE.603389,*ST亚振,600,5.15,5.06,3035.9999999999995,-54.000000000000455,-0.017475728155339952
2022-02-15,SHSE.600137,浪莎股份,200,14.23,14.08,2816.0,-30.0,-0.010541110330288124
2022-02-16,SZSE.000017,深中华A,900,3.47,3.43,3087.0,-36.0,-0.011527377521613832
2022-02-16,SHSE.603709,中源家居,100,16.3,16.71,1671.0,41.0,0.025153374233128835
2022-02-16,SHSE.603389,*ST亚振,600,5.15,5.25,3150.0,60.0,0.019417475728155338
2022-02-16,SHSE.600137,浪莎股份,200,14.23,14.54,2908.0,62.0,0.02178496134926212
2022-02-17,SZSE.000017,深中华A,900,3.47,3.39,3051.0,-72.0,-0.023054755043227664
2022-02-17,SHSE.603709,中源家居,100,16.3,16.77,1677.0,47.0,0.02883435582822086
2022-02-17,SHSE.603389,*ST亚振,600,5.15,5.42,3252.0,162.0,0.05242718446601942
2022-02-17,SHSE.600137,浪莎股份,200,14.23,14.86,2972.0,126.0,0.04427266338721012
2022-02-18,SZSE.000017,深中华A,900,3.47,3.47,3123.0,0.0,0.0
2022-02-18,SHSE.603709,中源家居,100,16.3,16.83,1682.9999999999998,52.99999999999977,0.032515337423312744
2022-02-18,SHSE.603389,*ST亚振,600,5.15,5.21,3126.0,36.0,0.011650485436893204
2022-02-18,SHSE.600137,浪莎股份,200,14.23,14.9,2980.0,134.0,0.04708362614195362
2022-02-21,SZSE.000017,深中华A,900,3.47,3.49,3141.0,18.0,0.005763688760806916
2022-02-21,SHSE.603709,中源家居,100,16.3,17.01,1701.0000000000002,71.00000000000023,0.043558282208589094
2022-02-21,SHSE.603389,*ST亚振,600,5.15,5.43,3258.0,168.0,0.05436893203883495
2022-02-21,SHSE.600137,浪莎股份,200,14.23,14.97,2994.0,148.0,0.05200281096275474
2022-02-22,SZSE.000017,深中华A,900,3.47,3.54,3186.0,63.0,0.020172910662824207
2022-02-22,SHSE.603709,中源家居,100,17.01,16.88,1688.0,-13.000000000000227,-0.0076425631981188865
2022-02-22,SHSE.603389,*ST亚振,500,5.35,5.36,2680.0,5.0,0.001869158878504673
2022-02-22,SHSE.600137,浪莎股份,200,14.91,14.82,2964.0,-18.0,-0.006036217303822937
2022-02-23,SZSE.000017,深中华A,900,3.47,3.56,3204.0,81.0,0.025936599423631124
2022-02-23,SHSE.603709,中源家居,100,17.01,16.95,1695.0,-6.000000000000227,-0.0035273368606703274
2022-02-23,SHSE.603389,*ST亚振,500,5.35,5.43,2715.0,40.0,0.014953271028037384
2022-02-23,SHSE.600137,浪莎股份,200,14.91,14.96,2992.0,10.0,0.00335345405767941
2022-02-24,SZSE.000017,深中华A,900,3.47,3.92,3528.0,405.0,0.12968299711815562
2022-02-24,SHSE.603709,中源家居,100,17.01,16.51,1651.0000000000002,-50.0,-0.02939447383891828
2022-02-24,SHSE.603389,*ST亚振,500,5.35,5.28,2640.0,-35.0,-0.013084112149532711
2022-02-24,SHSE.600137,浪莎股份,200,14.91,14.51,2902.0,-80.0,-0.02682763246143528
2022-02-25,SZSE.000017,深中华A,900,3.47,4.0,3600.0,477.0,0.15273775216138327
2022-02-25,SHSE.603709,中源家居,100,17.01,16.78,1678.0,-23.000000000000227,-0.013521457965902543
2022-02-25,SHSE.603389,*ST亚振,500,5.35,5.33,2665.0,-10.0,-0.003738317757009346
2022-02-25,SHSE.600137,浪莎股份,200,14.91,14.84,2968.0,-14.0,-0.004694835680751174
2022-02-28,SZSE.000017,深中华A,900,3.47,3.69,3321.0,198.0,0.06340057636887608
2022-02-28,SHSE.603709,中源家居,100,17.01,16.58,1657.9999999999998,-43.000000000000455,-0.02527924750146999
2022-02-28,SHSE.603389,*ST亚振,500,5.35,5.27,2635.0,-40.0,-0.014953271028037384
2022-02-28,SHSE.600137,浪莎股份,200,14.91,14.87,2974.0,-8.0,-0.0026827632461435278
2022-03-01,SZSE.000017,深中华A,800,3.7,3.69,2952.0,-8.0,-0.002702702702702703
2022-03-01,SHSE.603709,中源家居,100,16.73,16.92,1692.0000000000002,19.000000000000227,0.011356843992827392
2022-03-01,SHSE.603389,*ST亚振,500,5.3,5.41,2705.0,55.0,0.020754716981132074
2022-03-01,SHSE.600455,博通股份,100,23.4,23.5,2350.0,10.0,0.004273504273504274
2022-03-02,SZSE.000017,深中华A,800,3.7,3.73,2984.0,24.0,0.008108108108108109
2022-03-02,SHSE.603709,中源家居,100,16.73,17.1,1710.0000000000002,37.00000000000023,0.022115959354453214
2022-03-02,SHSE.603389,*ST亚振,500,5.3,5.52,2760.0,110.0,0.04150943396226415
2022-03-02,SHSE.600455,博通股份,100,23.4,23.91,2391.0,51.0,0.021794871794871794
2022-03-03,SZSE.000017,深中华A,800,3.7,3.66,2928.0,-32.0,-0.010810810810810811
2022-03-03,SHSE.603709,中源家居,100,16.73,17.11,1711.0,38.0,0.022713687985654513
2022-03-03,SHSE.603389,*ST亚振,500,5.3,5.53,2765.0,115.0,0.04339622641509434
2022-03-03,SHSE.600455,博通股份,100,23.4,23.75,2375.0,35.0,0.014957264957264958
2022-03-04,SZSE.000017,深中华A,800,3.7,3.58,2864.0,-96.0,-0.032432432432432434
2022-03-04,SHSE.603709,中源家居,100,16.73,16.97,1697.0,24.0,0.01434548714883443
2022-03-04,SHSE.603389,*ST亚振,500,5.3,5.5,2750.0,100.0,0.03773584905660377
2022-03-04,SHSE.600455,博通股份,100,23.4,23.8,2380.0,40.0,0.017094017094017096
2022-03-07,SZSE.000017,深中华A,800,3.7,3.59,2872.0,-88.0,-0.02972972972972973
2022-03-07,SHSE.603709,中源家居,100,16.73,16.75,1675.0,2.0,0.001195457262402869
2022-03-07,SHSE.603389,*ST亚振,500,5.3,5.44,2720.0,70.0,0.026415094339622643
2022-03-07,SHSE.600455,博通股份,100,23.4,23.4,2340.0,0.0,0.0
2022-03-08,SZSE.000017,深中华A,800,3.59,3.44,2752.0,-120.0,-0.04178272980501393
2022-03-08,SHSE.603709,中源家居,100,16.75,16.18,1618.0,-57.0,-0.03402985074626866
2022-03-08,SHSE.603389,*ST亚振,500,5.4,5.31,2655.0,-45.0,-0.016666666666666666
2022-03-08,SHSE.600455,博通股份,100,23.35,22.86,2286.0,-49.0,-0.020985010706638114
2022-03-09,SZSE.000017,深中华A,800,3.59,3.55,2840.0,-32.0,-0.011142061281337047
2022-03-09,SHSE.603709,中源家居,100,16.75,15.94,1594.0,-81.0,-0.04835820895522388
2022-03-09,SHSE.603389,*ST亚振,500,5.4,5.16,2580.0,-120.0,-0.044444444444444446
2022-03-09,SHSE.600455,博通股份,100,23.35,22.37,2237.0,-98.0,-0.04197002141327623
2022-03-10,SZSE.000017,深中华A,800,3.59,3.59,2872.0,0.0,0.0
2022-03-10,SHSE.603709,中源家居,100,16.75,16.33,1632.9999999999998,-42.00000000000023,-0.025074626865671776
2022-03-10,SHSE.603389,*ST亚振,500,5.4,5.19,2595.0,-105.0,-0.03888888888888889
2022-03-10,SHSE.600455,博通股份,100,23.35,23.38,2338.0,3.0,0.001284796573875803
2022-03-11,SZSE.000017,深中华A,800,3.59,3.55,2840.0,-32.0,-0.011142061281337047
2022-03-11,SHSE.603709,中源家居,100,16.75,16.42,1642.0000000000002,-32.99999999999977,-0.019701492537313296
2022-03-11,SHSE.603389,*ST亚振,500,5.4,5.29,2645.0,-55.0,-0.020370370370370372
2022-03-11,SHSE.600455,博通股份,100,23.35,24.25,2425.0,90.0,0.03854389721627409
2022-03-14,SZSE.000017,深中华A,800,3.59,3.65,2920.0,48.0,0.016713091922005572
2022-03-14,SHSE.603709,中源家居,100,16.75,15.97,1597.0,-78.0,-0.046567164179104475
2022-03-14,SHSE.603389,*ST亚振,500,5.4,5.26,2630.0,-70.0,-0.025925925925925925
2022-03-14,SHSE.600455,博通股份,100,23.35,23.02,2302.0,-33.0,-0.014132762312633832
2022-03-15,SZSE.000017,深中华A,800,3.61,3.33,2664.0,-224.0,-0.07756232686980609
2022-03-15,SHSE.600137,浪莎股份,200,14.32,13.52,2704.0,-160.0,-0.055865921787709494
2022-03-15,SHSE.603389,*ST亚振,600,5.24,5.02,3011.9999999999995,-132.00000000000045,-0.04198473282442763
2022-03-15,SHSE.603709,中源家居,100,16.01,15.19,1519.0,-82.00000000000023,-0.051217988757026996
2022-03-16,SZSE.000017,深中华A,800,3.61,3.39,2712.0,-176.0,-0.060941828254847646
2022-03-16,SHSE.600137,浪莎股份,200,14.32,14.25,2850.0,-14.0,-0.004888268156424581
2022-03-16,SHSE.603389,*ST亚振,600,5.24,5.18,3108.0,-36.0,-0.011450381679389313
2022-03-16,SHSE.603709,中源家居,100,16.01,15.8,1580.0,-21.000000000000227,-0.013116801998750921
2022-03-17,SZSE.000017,深中华A,800,3.61,3.4,2720.0,-168.0,-0.05817174515235457
2022-03-17,SHSE.600137,浪莎股份,200,14.32,14.06,2812.0,-52.0,-0.018156424581005588
2022-03-17,SHSE.603389,*ST亚振,600,5.24,5.32,3192.0,48.0,0.015267175572519083
2022-03-17,SHSE.603709,中源家居,100,16.01,15.88,1588.0,-13.000000000000227,-0.008119925046845862
2022-03-18,SZSE.000017,深中华A,800,3.61,3.46,2768.0,-120.0,-0.04155124653739612
2022-03-18,SHSE.600137,浪莎股份,200,14.32,14.28,2856.0,-8.0,-0.002793296089385475
2022-03-18,SHSE.603389,*ST亚振,600,5.24,5.4,3240.0,96.0,0.030534351145038167
2022-03-18,SHSE.603709,中源家居,100,16.01,16.19,1619.0000000000002,18.0,0.011242973141786381
2022-03-21,SZSE.000017,深中华A,800,3.61,3.45,2760.0,-128.0,-0.0443213296398892
2022-03-21,SHSE.600137,浪莎股份,200,14.32,14.4,2880.0,16.0,0.00558659217877095
2022-03-21,SHSE.603389,*ST亚振,600,5.24,5.49,3294.0,150.0,0.04770992366412214
2022-03-21,SHSE.603709,中源家居,100,16.01,16.26,1626.0000000000002,25.0,0.015615240474703309
2022-03-22,SZSE.000017,深中华A,900,3.45,3.52,3168.0,63.0,0.020289855072463767
2022-03-22,SHSE.603709,中源家居,100,16.2,16.54,1654.0,34.0,0.020987654320987655
2022-03-22,SHSE.600455,博通股份,100,22.2,22.0,2200.0,-20.0,-0.009009009009009009
2022-03-22,SHSE.600137,浪莎股份,200,14.34,14.43,2886.0,18.0,0.006276150627615063
2022-03-23,SZSE.000017,深中华A,900,3.45,3.47,3123.0,18.0,0.005797101449275362
2022-03-23,SHSE.603709,中源家居,100,16.2,16.43,1643.0,23.0,0.014197530864197531
2022-03-23,SHSE.600455,博通股份,100,22.2,21.66,2166.0,-54.0,-0.024324324324324326
2022-03-23,SHSE.600137,浪莎股份,200,14.34,14.45,2890.0,22.0,0.007670850767085077
2022-03-24,SZSE.000017,深中华A,900,3.45,3.41,3069.0,-36.0,-0.011594202898550725
2022-03-24,SHSE.603709,中源家居,100,16.2,16.69,1669.0000000000002,49.00000000000023,0.030246913580247056
2022-03-24,SHSE.600455,博通股份,100,22.2,21.0,2100.0,-120.0,-0.05405405405405406
2022-03-24,SHSE.600137,浪莎股份,200,14.34,14.38,2876.0,8.0,0.002789400278940028
2022-03-25,SZSE.000017,深中华A,900,3.45,3.42,3078.0,-27.0,-0.008695652173913044
2022-03-25,SHSE.603709,中源家居,100,16.2,16.99,1698.9999999999998,78.99999999999977,0.04876543209876529
2022-03-25,SHSE.600455,博通股份,100,22.2,21.5,2150.0,-70.0,-0.03153153153153153
2022-03-25,SHSE.600137,浪莎股份,200,14.34,15.82,3164.0,296.0,0.10320781032078104
2022-03-28,SZSE.000017,深中华A,900,3.45,3.4,3060.0,-45.0,-0.014492753623188406
2022-03-28,SHSE.603709,中源家居,100,16.2,16.78,1678.0,58.0,0.03580246913580247
2022-03-28,SHSE.600455,博通股份,100,22.2,21.32,2132.0,-88.0,-0.03963963963963964
2022-03-28,SHSE.600137,浪莎股份,200,14.34,15.33,3066.0,198.0,0.06903765690376569
2022-03-29,SZSE.000017,深中华A,900,3.4,3.36,3024.0,-36.0,-0.011764705882352941
2022-03-29,SHSE.603709,中源家居,100,16.59,16.3,1630.0,-29.0,-0.017480409885473176
2022-03-29,SHSE.600455,博通股份,100,21.24,21.04,2104.0,-20.0,-0.009416195856873822
2022-03-29,SHSE.603389,*ST亚振,500,5.57,5.47,2735.0,-50.0,-0.017953321364452424
2022-03-30,SZSE.000017,深中华A,900,3.4,3.36,3024.0,-36.0,-0.011764705882352941
2022-03-30,SHSE.603709,中源家居,100,16.59,16.38,1638.0,-21.0,-0.012658227848101266
2022-03-30,SHSE.600455,博通股份,100,21.24,21.17,2117.0,-7.0,-0.003295668549905838
2022-03-30,SHSE.603389,*ST亚振,500,5.57,5.59,2795.0,10.0,0.003590664272890485
2022-03-31,SZSE.000017,深中华A,900,3.4,3.36,3024.0,-36.0,-0.011764705882352941
2022-03-31,SHSE.603709,中源家居,100,16.59,16.64,1664.0,5.0,0.0030138637733574444
2022-03-31,SHSE.600455,博通股份,100,21.24,21.39,2139.0,15.0,0.007062146892655367
2022-03-31,SHSE.603389,*ST亚振,500,5.57,5.61,2805.0,20.0,0.00718132854578097
2022-04-01,SZSE.000017,深中华A,900,3.4,3.32,2988.0,-72.0,-0.023529411764705882
2022-04-01,SHSE.603709,中源家居,100,16.59,16.19,1619.0000000000002,-39.99999999999977,-0.024110910186859416
2022-04-01,SHSE.600455,博通股份,100,21.24,21.15,2115.0,-9.0,-0.00423728813559322
2022-04-01,SHSE.603389,*ST亚振,500,5.57,5.51,2755.0,-30.0,-0.010771992818671455
2022-04-06,SZSE.000017,深中华A,900,3.4,3.45,3105.0,45.0,0.014705882352941176
2022-04-06,SHSE.603709,中源家居,100,16.59,17.06,1705.9999999999998,46.99999999999977,0.02833031946955984
2022-04-06,SHSE.600455,博通股份,100,21.24,22.02,2202.0,78.0,0.03672316384180791
2022-04-06,SHSE.603389,*ST亚振,500,5.57,6.06,3030.0,245.0,0.08797127468581688
2022-05-10,SHSE.600768,宁波富邦,800,7.86,8.04,6431.999999999999,143.9999999999991,0.02290076335877848
2022-05-10,SHSE.600455,博通股份,300,17.3,17.49,5246.999999999999,56.99999999999909,0.010982658959537397
2022-05-10,SHSE.603580,*ST艾艾,700,9.05,9.24,6468.0,132.9999999999991,0.020994475138121402
2022-05-10,SHSE.603286,日盈电子,400,13.35,13.58,5432.0,92.0,0.017228464419475654
2022-05-11,SHSE.600768,宁波富邦,800,7.86,7.9,6320.0,32.0,0.005089058524173028
2022-05-11,SHSE.600455,博通股份,300,17.3,17.44,5232.0,42.0,0.008092485549132947
2022-05-11,SHSE.603580,*ST艾艾,700,9.05,9.15,6405.0,69.99999999999909,0.011049723756905933
2022-05-11,SHSE.603286,日盈电子,400,13.35,13.74,5496.0,156.0,0.029213483146067417
2022-05-12,SHSE.600768,宁波富邦,800,7.86,7.94,6352.0,64.0,0.010178117048346057
2022-05-12,SHSE.600455,博通股份,300,17.3,17.63,5289.0,99.0,0.01907514450867052
2022-05-12,SHSE.603580,*ST艾艾,700,9.05,9.24,6468.0,132.9999999999991,0.020994475138121402
2022-05-12,SHSE.603286,日盈电子,400,13.35,13.89,5556.0,216.0,0.04044943820224719
2022-05-13,SHSE.600768,宁波富邦,800,7.86,8.03,6423.999999999999,135.9999999999991,0.021628498727735226
2022-05-13,SHSE.600455,博通股份,300,17.3,17.96,5388.0,198.0,0.03815028901734104
2022-05-13,SHSE.603580,*ST艾艾,700,9.05,9.33,6531.0,195.9999999999991,0.03093922651933687
2022-05-13,SHSE.603286,日盈电子,400,13.35,14.5,5800.0,460.0,0.08614232209737828
2022-05-16,SHSE.600768,宁波富邦,800,7.86,8.16,6528.0,240.0,0.03816793893129771
2022-05-16,SHSE.600455,博通股份,300,17.3,18.13,5439.0,249.0,0.04797687861271676
2022-05-16,SHSE.603580,*ST艾艾,700,9.05,9.49,6643.0,307.9999999999991,0.04861878453038659
2022-05-16,SHSE.603286,日盈电子,400,13.35,14.3,5720.0,380.0,0.07116104868913857
2022-05-17,SHSE.600768,宁波富邦,300,8.2,8.15,2445.0,-15.0,-0.006097560975609756
2022-05-17,SHSE.600455,博通股份,100,18.23,17.96,1796.0,-27.0,-0.014810751508502468
2022-05-17,SHSE.603580,*ST艾艾,300,9.5,9.44,2832.0,-18.0,-0.00631578947368421
2022-05-17,SHSE.603269,海鸥股份,200,11.22,11.1,2220.0,-24.0,-0.0106951871657754
2022-05-18,SHSE.600768,宁波富邦,300,8.2,8.45,2535.0,75.0,0.03048780487804878
2022-05-18,SHSE.600455,博通股份,100,18.23,18.13,1813.0,-10.0,-0.005485463521667581
2022-05-18,SHSE.603580,*ST艾艾,300,9.5,9.54,2861.9999999999995,11.999999999999545,0.004210526315789314
2022-05-18,SHSE.603269,海鸥股份,200,11.22,11.26,2252.0,8.0,0.0035650623885918
2022-05-19,SHSE.600768,宁波富邦,300,8.2,8.6,2580.0,120.0,0.04878048780487805
2022-05-19,SHSE.600455,博通股份,100,18.23,18.26,1826.0000000000002,3.0000000000002274,0.001645639056500399
2022-05-19,SHSE.603580,*ST艾艾,300,9.5,9.66,2898.0,48.0,0.016842105263157894
2022-05-19,SHSE.603269,海鸥股份,200,11.22,11.38,2276.0,32.0,0.0142602495543672
2022-05-20,SHSE.600768,宁波富邦,300,8.2,8.8,2640.0,180.0,0.07317073170731707
2022-05-20,SHSE.600455,博通股份,100,18.23,18.48,1848.0,25.0,0.013713658804168952
2022-05-20,SHSE.603580,*ST艾艾,300,9.5,9.78,2934.0,84.0,0.029473684210526315
2022-05-20,SHSE.603269,海鸥股份,200,11.22,11.44,2288.0,44.0,0.0196078431372549
2022-05-23,SHSE.600768,宁波富邦,300,8.2,9.13,2739.0000000000005,279.00000000000045,0.11341463414634165
2022-05-23,SHSE.600455,博通股份,100,18.23,18.81,1880.9999999999998,57.99999999999977,0.03181568842567185
2022-05-23,SHSE.603580,*ST艾艾,300,9.5,9.88,2964.0000000000005,114.00000000000045,0.04000000000000016
2022-05-23,SHSE.603269,海鸥股份,200,11.22,11.6,2320.0,76.0,0.0338680926916221
2022-05-24,SHSE.600455,博通股份,100,18.82,18.06,1805.9999999999998,-76.00000000000023,-0.04038257173219991
2022-05-24,SHSE.603580,*ST艾艾,300,9.87,9.48,2844.0,-116.99999999999955,-0.039513677811550005
2022-05-24,SHSE.600768,宁波富邦,300,9.08,8.75,2625.0,-99.0,-0.03634361233480176
2022-05-24,SHSE.603269,海鸥股份,200,11.56,11.15,2230.0,-82.0,-0.03546712802768166
2022-05-25,SHSE.600455,博通股份,100,18.82,18.53,1853.0,-29.0,-0.015409139213602551
2022-05-25,SHSE.603580,*ST艾艾,300,9.87,9.8,2940.0,-20.999999999999545,-0.007092198581560131
2022-05-25,SHSE.600768,宁波富邦,300,9.08,8.9,2670.0,-54.0,-0.019823788546255508
2022-05-25,SHSE.603269,海鸥股份,200,11.56,11.41,2282.0,-30.0,-0.012975778546712802
2022-05-26,SHSE.600455,博通股份,100,18.82,18.71,1871.0,-11.0,-0.005844845908607864
2022-05-26,SHSE.603580,*ST艾艾,300,9.87,10.02,3006.0,45.000000000000455,0.015197568389057907
2022-05-26,SHSE.600768,宁波富邦,300,9.08,8.88,2664.0000000000005,-59.999999999999545,-0.02202643171806151
2022-05-26,SHSE.603269,海鸥股份,200,11.56,11.48,2296.0,-16.0,-0.006920415224913495
2022-05-27,SHSE.600455,博通股份,100,18.82,19.05,1905.0,23.0,0.012221041445270989
2022-05-27,SHSE.603580,*ST艾艾,300,9.87,10.29,3086.9999999999995,126.0,0.04255319148936171
2022-05-27,SHSE.600768,宁波富邦,300,9.08,8.91,2673.0,-51.0,-0.018722466960352423
2022-05-27,SHSE.603269,海鸥股份,200,11.56,11.6,2320.0,8.0,0.0034602076124567475
2022-05-30,SHSE.600455,博通股份,100,18.82,19.42,1942.0000000000002,60.00000000000023,0.03188097768331574
2022-05-30,SHSE.603580,*ST艾艾,300,9.87,10.38,3114.0000000000005,153.0000000000009,0.051671732522796665
2022-05-30,SHSE.600768,宁波富邦,300,9.08,8.98,2694.0,-30.0,-0.011013215859030838
2022-05-30,SHSE.603269,海鸥股份,200,11.56,11.62,2324.0,12.0,0.005190311418685121
2022-05-31,SHSE.600768,宁波富邦,300,8.91,9.02,2706.0,33.0,0.012345679012345678
2022-05-31,SHSE.600455,博通股份,100,19.49,19.38,1938.0,-10.999999999999773,-0.005643919958953194
2022-05-31,SHSE.603269,海鸥股份,200,11.64,11.69,2338.0,10.0,0.00429553264604811
2022-05-31,SHSE.603286,日盈电子,200,14.89,14.78,2956.0,-22.0,-0.007387508394895903
2022-06-01,SHSE.600768,宁波富邦,300,8.91,9.1,2730.0,57.0,0.02132435465768799
2022-06-01,SHSE.600455,博通股份,100,19.49,19.37,1937.0,-11.999999999999773,-0.006157003591585312
2022-06-01,SHSE.603269,海鸥股份,200,11.64,11.9,2380.0,52.0,0.022336769759450172
2022-06-01,SHSE.603286,日盈电子,200,14.89,15.01,3002.0,24.0,0.008059100067159167
2022-06-02,SHSE.600768,宁波富邦,300,8.91,9.12,2735.9999999999995,62.999999999999545,0.0235690235690234
2022-06-02,SHSE.600455,博通股份,100,19.49,19.53,1953.0,4.000000000000227,0.002052334530528593
2022-06-02,SHSE.603269,海鸥股份,200,11.64,12.01,2402.0,74.0,0.03178694158075601
2022-06-02,SHSE.603286,日盈电子,200,14.89,15.55,3110.0,132.0,0.04432505036937542
2022-06-06,SHSE.600768,宁波富邦,300,8.91,9.42,2826.0,153.0,0.05723905723905724
2022-06-06,SHSE.600455,博通股份,100,19.49,19.7,1970.0,21.000000000000227,0.010774756285274618
2022-06-06,SHSE.603269,海鸥股份,200,11.64,12.19,2438.0,110.0,0.04725085910652921
2022-06-06,SHSE.603286,日盈电子,200,14.89,16.7,3340.0,362.0,0.12155809267965077
2022-06-07,SHSE.600768,宁波富邦,300,8.91,9.22,2766.0,93.0,0.03479236812570146
2022-06-07,SHSE.600455,博通股份,100,19.49,19.4,1939.9999999999998,-9.0,-0.004617752693689072
2022-06-07,SHSE.603269,海鸥股份,200,11.64,11.99,2398.0,70.0,0.03006872852233677
2022-06-07,SHSE.603286,日盈电子,200,14.89,15.61,3122.0,144.0,0.048354600402955
2022-06-08,SHSE.600455,博通股份,100,19.4,19.21,1921.0,-18.999999999999773,-0.009793814432989574
2022-06-08,SHSE.600768,宁波富邦,300,9.3,9.13,2739.0000000000005,-50.999999999999545,-0.018279569892472956
2022-06-08,SHSE.600689,上海三毛,300,8.62,8.68,2604.0,18.000000000000455,0.0069605568445477405
2022-06-08,SZSE.000691,*ST亚太,700,4.15,4.14,2898.0,-7.000000000000455,-0.002409638554217024
2022-06-09,SHSE.600455,博通股份,100,19.4,18.94,1894.0000000000002,-45.999999999999545,-0.023711340206185337
2022-06-09,SHSE.600768,宁波富邦,300,9.3,9.08,2724.0,-66.0,-0.023655913978494623
2022-06-09,SHSE.600689,上海三毛,300,8.62,8.9,2670.0,84.00000000000045,0.03248259860788881
2022-06-09,SZSE.000691,*ST亚太,700,4.15,4.06,2841.9999999999995,-63.00000000000091,-0.021686746987952116
2022-06-10,SHSE.600455,博通股份,100,19.4,19.16,1916.0,-23.999999999999773,-0.012371134020618442
2022-06-10,SHSE.600768,宁波富邦,300,9.3,9.3,2790.0,0.0,0.0
2022-06-10,SHSE.600689,上海三毛,300,8.62,8.91,2673.0,87.00000000000045,0.033642691415313404
2022-06-10,SZSE.000691,*ST亚太,700,4.15,4.1,2869.9999999999995,-35.00000000000091,-0.012048192771084648
2022-06-13,SHSE.600455,博通股份,100,19.4,19.32,1932.0,-7.999999999999773,-0.004123711340206069
2022-06-13,SHSE.600768,宁波富邦,300,9.3,9.24,2772.0,-18.0,-0.0064516129032258064
2022-06-13,SHSE.600689,上海三毛,300,8.62,9.17,2751.0,165.00000000000045,0.06380510440835285
2022-06-13,SZSE.000691,*ST亚太,700,4.15,4.09,2863.0,-42.000000000000455,-0.01445783132530136
2022-06-14,SHSE.600455,博通股份,100,19.4,19.15,1914.9999999999998,-25.0,-0.012886597938144331
2022-06-14,SHSE.600768,宁波富邦,300,9.3,9.19,2757.0,-33.0,-0.011827956989247311
2022-06-14,SHSE.600689,上海三毛,300,8.62,9.06,2718.0,132.00000000000045,0.05104408352668232
2022-06-14,SZSE.000691,*ST亚太,700,4.15,4.07,2849.0,-56.000000000000455,-0.019277108433735094
2022-06-15,SHSE.600455,博通股份,100,19.11,19.18,1918.0,7.0,0.003663003663003663
2022-06-15,SHSE.600768,宁波富邦,300,9.19,9.13,2739.0000000000005,-17.999999999999545,-0.006528835690968279
2022-06-15,SHSE.600520,三佳科技,300,8.25,8.27,2481.0,6.0,0.0024242424242424242
2022-06-15,SZSE.000691,*ST亚太,700,4.08,4.07,2849.0,-7.0,-0.0024509803921568627
2022-06-16,SHSE.600455,博通股份,100,19.11,20.06,2005.9999999999998,94.99999999999977,0.04971219256933531
2022-06-16,SHSE.600768,宁波富邦,300,9.19,9.3,2790.0,33.0,0.011969532100108813
2022-06-16,SHSE.600520,三佳科技,300,8.25,8.45,2535.0,60.0,0.024242424242424242
2022-06-16,SZSE.000691,*ST亚太,700,4.08,4.09,2863.0,7.0,0.0024509803921568627
2022-06-17,SHSE.600455,博通股份,100,19.11,19.22,1922.0,11.0,0.0057561486132914706
2022-06-17,SHSE.600768,宁波富邦,300,9.19,9.25,2775.0,18.0,0.006528835690968444
2022-06-17,SHSE.600520,三佳科技,300,8.25,8.35,2505.0,30.0,0.012121212121212121
2022-06-17,SZSE.000691,*ST亚太,700,4.08,4.03,2821.0,-35.0,-0.012254901960784314
2022-06-20,SHSE.600455,博通股份,100,19.11,19.2,1920.0,9.0,0.004709576138147566
2022-06-20,SHSE.600768,宁波富邦,300,9.19,9.24,2772.0,15.0,0.00544069640914037
2022-06-20,SHSE.600520,三佳科技,300,8.25,8.43,2529.0,54.0,0.02181818181818182
2022-06-20,SZSE.000691,*ST亚太,700,4.08,4.16,2912.0,56.0,0.0196078431372549
2022-06-21,SHSE.600455,博通股份,100,19.11,19.06,1905.9999999999998,-5.000000000000227,-0.0026164311878598785
2022-06-21,SHSE.600768,宁波富邦,300,9.19,9.29,2786.9999999999995,29.999999999999545,0.010881392818280575
2022-06-21,SHSE.600520,三佳科技,300,8.25,8.47,2541.0,66.0,0.02666666666666667
2022-06-21,SZSE.000691,*ST亚太,700,4.08,4.2,2940.0,84.0,0.029411764705882353
2022-06-22,SHSE.600455,博通股份,100,19.06,18.67,1867.0000000000002,-38.999999999999545,-0.02046169989506797
2022-06-22,SHSE.600768,宁波富邦,300,9.25,9.15,2745.0,-30.0,-0.010810810810810811
2022-06-22,SHSE.603813,*ST原尚,200,14.97,14.7,2940.0,-54.0,-0.018036072144288578
2022-06-22,SHSE.600689,上海三毛,300,8.82,8.62,2585.9999999999995,-60.000000000000455,-0.02267573696145142
2022-06-23,SHSE.600455,博通股份,100,19.06,18.9,1889.9999999999998,-16.0,-0.008394543546694649
2022-06-23,SHSE.600768,宁波富邦,300,9.25,9.27,2781.0,6.0,0.002162162162162162
2022-06-23,SHSE.603813,*ST原尚,200,14.97,15.0,3000.0,6.0,0.002004008016032064
2022-06-23,SHSE.600689,上海三毛,300,8.82,8.58,2574.0,-72.0,-0.027210884353741496
2022-06-24,SHSE.600455,博通股份,100,19.06,19.09,1909.0,3.0000000000002274,0.0015739769150053661
2022-06-24,SHSE.600768,宁波富邦,300,9.25,9.23,2769.0,-6.0,-0.002162162162162162
2022-06-24,SHSE.603813,*ST原尚,200,14.97,15.18,3036.0,42.0,0.014028056112224449
2022-06-24,SHSE.600689,上海三毛,300,8.82,8.87,2660.9999999999995,14.999999999999545,0.00566893424036264
2022-06-27,SHSE.600455,博通股份,100,19.06,19.15,1914.9999999999998,9.0,0.00472193074501574
2022-06-27,SHSE.600768,宁波富邦,300,9.25,9.32,2796.0,21.0,0.0075675675675675675
2022-06-27,SHSE.603813,*ST原尚,200,14.97,15.12,3024.0,30.0,0.01002004008016032
2022-06-27,SHSE.600689,上海三毛,300,8.82,8.81,2643.0,-3.0,-0.0011337868480725624
2022-06-28,SHSE.600455,博通股份,100,19.06,19.7,1970.0,64.00000000000023,0.03357817418677872
2022-06-28,SHSE.600768,宁波富邦,300,9.25,9.64,2892.0,117.0,0.04216216216216216
2022-06-28,SHSE.603813,*ST原尚,200,14.97,16.1,3220.0000000000005,226.00000000000045,0.0754843019372079
2022-06-28,SHSE.600689,上海三毛,300,8.82,8.96,2688.0000000000005,42.000000000000455,0.015873015873016046
2022-06-29,SHSE.600455,博通股份,100,19.73,19.23,1923.0,-50.0,-0.025342118601115054
2022-06-29,SHSE.600768,宁波富邦,300,9.58,9.36,2808.0,-66.0,-0.022964509394572025
2022-06-29,SHSE.603813,*ST原尚,200,16.06,15.28,3056.0,-155.99999999999955,-0.04856787048567857
2022-06-29,SHSE.603269,海鸥股份,200,12.07,11.79,2358.0,-56.0,-0.0231980115990058
2022-06-30,SHSE.600455,博通股份,100,19.73,19.17,1917.0000000000002,-55.99999999999977,-0.028383172833248746
2022-06-30,SHSE.600768,宁波富邦,300,9.58,9.18,2754.0,-120.0,-0.04175365344467641
2022-06-30,SHSE.603813,*ST原尚,200,16.06,15.17,3034.0,-177.99999999999955,-0.05541718555417172
2022-06-30,SHSE.603269,海鸥股份,200,12.07,11.8,2360.0,-54.0,-0.02236951118475559
2022-07-01,SHSE.600455,博通股份,100,19.73,19.16,1916.0,-57.0,-0.02889001520527116
2022-07-01,SHSE.600768,宁波富邦,300,9.58,9.14,2742.0,-132.0,-0.04592901878914405
2022-07-01,SHSE.603813,*ST原尚,200,16.06,15.18,3036.0,-175.99999999999955,-0.05479452054794507
2022-07-01,SHSE.603269,海鸥股份,200,12.07,11.85,2370.0,-44.0,-0.018227009113504555
2022-07-04,SHSE.600455,博通股份,100,19.73,19.43,1943.0,-30.0,-0.015205271160669031
2022-07-04,SHSE.600768,宁波富邦,300,9.58,9.18,2754.0,-120.0,-0.04175365344467641
2022-07-04,SHSE.603813,*ST原尚,200,16.06,15.58,3116.0,-95.99999999999955,-0.029887920298879066
2022-07-04,SHSE.603269,海鸥股份,200,12.07,12.02,2404.0,-10.0,-0.004142502071251036
2022-07-05,SHSE.600455,博通股份,100,19.73,19.42,1942.0000000000002,-30.999999999999773,-0.015712113532691217
2022-07-05,SHSE.600768,宁波富邦,300,9.58,9.18,2754.0,-120.0,-0.04175365344467641
2022-07-05,SHSE.603813,*ST原尚,200,16.06,15.25,3050.0,-161.99999999999955,-0.050435865504358524
2022-07-05,SHSE.603269,海鸥股份,200,12.07,11.8,2360.0,-54.0,-0.02236951118475559
2022-07-06,SHSE.600768,宁波富邦,300,9.11,9.05,2715.0,-18.0,-0.006586169045005488
2022-07-06,SHSE.603269,海鸥股份,200,11.8,11.71,2342.0,-18.0,-0.007627118644067797
2022-07-06,SZSE.002719,麦趣尔,400,7.1,6.73,2692.0,-148.0,-0.05211267605633803
2022-07-06,SHSE.600455,博通股份,100,19.43,19.27,1927.0,-16.0,-0.008234688625836336
2022-07-07,SHSE.600768,宁波富邦,300,9.11,9.34,2802.0,69.0,0.025246981339187707
2022-07-07,SHSE.603269,海鸥股份,200,11.8,11.84,2368.0,8.0,0.003389830508474576
2022-07-07,SZSE.002719,麦趣尔,400,7.1,6.83,2732.0,-108.0,-0.038028169014084505
2022-07-07,SHSE.600455,博通股份,100,19.43,19.39,1939.0,-4.0,-0.002058672156459084
2022-07-08,SHSE.600768,宁波富邦,300,9.11,9.46,2838.0000000000005,105.00000000000045,0.03841931942919885
2022-07-08,SHSE.603269,海鸥股份,200,11.8,12.06,2412.0,52.0,0.022033898305084745
2022-07-08,SZSE.002719,麦趣尔,400,7.1,7.05,2820.0,-20.0,-0.007042253521126761
2022-07-08,SHSE.600455,博通股份,100,19.43,19.55,1955.0,12.0,0.006176016469377252
2022-07-11,SHSE.600768,宁波富邦,300,9.11,9.29,2786.9999999999995,53.999999999999545,0.0197585071350163
2022-07-11,SHSE.603269,海鸥股份,200,11.8,12.12,2424.0,64.0,0.02711864406779661
2022-07-11,SZSE.002719,麦趣尔,400,7.1,7.01,2804.0,-36.0,-0.01267605633802817
2022-07-11,SHSE.600455,博通股份,100,19.43,19.27,1927.0,-16.0,-0.008234688625836336
2022-07-12,SHSE.600768,宁波富邦,300,9.11,9.01,2703.0,-30.0,-0.010976948408342482
2022-07-12,SHSE.603269,海鸥股份,200,11.8,11.77,2354.0,-6.0,-0.002542372881355932
2022-07-12,SZSE.002719,麦趣尔,400,7.1,7.0,2800.0,-40.0,-0.014084507042253521
2022-07-12,SHSE.600455,博通股份,100,19.43,19.32,1932.0,-11.0,-0.005661348430262481
2022-07-13,SHSE.600768,宁波富邦,300,9.0,9.28,2784.0,84.0,0.03111111111111111
2022-07-13,SHSE.600455,博通股份,100,19.3,19.55,1955.0,25.0,0.012953367875647668
2022-07-13,SHSE.603813,*ST原尚,200,14.75,15.16,3032.0,82.0,0.027796610169491524
2022-07-13,SZSE.002719,麦趣尔,400,6.96,6.99,2796.0,12.0,0.004310344827586207
2022-07-14,SHSE.600768,宁波富邦,300,9.0,9.23,2769.0,69.0,0.025555555555555557
2022-07-14,SHSE.600455,博通股份,100,19.3,19.63,1963.0,33.0,0.01709844559585492
2022-07-14,SHSE.603813,*ST原尚,200,14.75,15.22,3044.0,94.0,0.031864406779661014
2022-07-14,SZSE.002719,麦趣尔,400,6.96,6.88,2752.0,-32.0,-0.011494252873563218
2022-07-15,SHSE.600768,宁波富邦,300,9.0,8.9,2670.0,-30.0,-0.011111111111111112
2022-07-15,SHSE.600455,博通股份,100,19.3,19.25,1925.0,-5.0,-0.0025906735751295338
2022-07-15,SHSE.603813,*ST原尚,200,14.75,14.81,2962.0,12.0,0.004067796610169492
2022-07-15,SZSE.002719,麦趣尔,400,6.96,6.5,2600.0,-184.0,-0.06609195402298851
2022-07-18,SHSE.600768,宁波富邦,300,9.0,9.38,2814.0000000000005,114.00000000000045,0.04222222222222239
2022-07-18,SHSE.600455,博通股份,100,19.3,19.79,1979.0,49.0,0.02538860103626943
2022-07-18,SHSE.603813,*ST原尚,200,14.75,15.52,3104.0,154.0,0.05220338983050848
2022-07-18,SZSE.002719,麦趣尔,400,6.96,6.87,2748.0,-36.0,-0.01293103448275862
2022-07-19,SHSE.600768,宁波富邦,300,9.0,9.5,2850.0,150.0,0.05555555555555555
2022-07-19,SHSE.600455,博通股份,100,19.3,20.12,2012.0,82.0,0.04248704663212435
2022-07-19,SHSE.603813,*ST原尚,200,14.75,15.91,3182.0,232.0,0.07864406779661016
2022-07-19,SZSE.002719,麦趣尔,400,6.96,6.93,2772.0,-12.0,-0.004310344827586207
2022-07-20,SZSE.000691,*ST亚太,700,4.2,4.17,2919.0,-21.0,-0.007142857142857143
2022-07-20,SHSE.600768,宁波富邦,300,9.5,9.58,2874.0,24.0,0.008421052631578947
2022-07-20,SZSE.002719,麦趣尔,400,6.95,6.95,2780.0,0.0,0.0
2022-07-20,SHSE.600455,博通股份,100,20.18,20.16,2016.0,-2.0,-0.0009910802775024777
2022-07-21,SZSE.000691,*ST亚太,700,4.2,4.21,2947.0,7.0,0.002380952380952381
2022-07-21,SHSE.600768,宁波富邦,300,9.5,9.46,2838.0000000000005,-11.999999999999545,-0.004210526315789314
2022-07-21,SZSE.002719,麦趣尔,400,6.95,6.97,2788.0,8.0,0.0028776978417266188
2022-07-21,SHSE.600455,博通股份,100,20.18,20.14,2014.0,-4.0,-0.0019821605550049554
2022-07-22,SZSE.000691,*ST亚太,700,4.2,4.21,2947.0,7.0,0.002380952380952381
2022-07-22,SHSE.600768,宁波富邦,300,9.5,9.57,2871.0,21.0,0.007368421052631579
2022-07-22,SZSE.002719,麦趣尔,400,6.95,7.14,2856.0,76.0,0.027338129496402876
2022-07-22,SHSE.600455,博通股份,100,20.18,20.53,2053.0,35.0,0.01734390485629336
2022-07-25,SZSE.000691,*ST亚太,700,4.2,4.28,2996.0,56.0,0.01904761904761905
2022-07-25,SHSE.600768,宁波富邦,300,9.5,9.58,2874.0,24.0,0.008421052631578947
2022-07-25,SZSE.002719,麦趣尔,400,6.95,7.18,2872.0,92.0,0.033093525179856115
2022-07-25,SHSE.600455,博通股份,100,20.18,20.86,2086.0,68.0,0.03369672943508424
2022-07-26,SZSE.000691,*ST亚太,700,4.2,4.36,3052.0,112.0,0.0380952380952381
2022-07-26,SHSE.600768,宁波富邦,300,9.5,9.68,2904.0,54.0,0.018947368421052633
2022-07-26,SZSE.002719,麦趣尔,400,6.95,7.44,2976.0,196.0,0.07050359712230216
2022-07-26,SHSE.600455,博通股份,100,20.18,20.98,2098.0,80.0,0.03964321110009911
2022-07-27,SHSE.600455,博通股份,100,20.9,20.89,2089.0,-1.0,-0.0004784688995215311
2022-07-27,SHSE.600768,宁波富邦,300,9.69,9.78,2934.0,27.0,0.009287925696594427
2022-07-27,SZSE.002719,麦趣尔,400,7.44,7.63,3052.0,76.0,0.025537634408602152
2022-07-27,SHSE.600137,浪莎股份,200,14.26,14.44,2888.0,36.0,0.012622720897615708
2022-07-28,SHSE.600455,博通股份,100,20.9,21.01,2101.0,11.0,0.005263157894736842
2022-07-28,SHSE.600768,宁波富邦,300,9.69,9.77,2931.0,24.0,0.008255933952528379
2022-07-28,SZSE.002719,麦趣尔,400,7.44,7.43,2972.0,-4.0,-0.0013440860215053765
2022-07-28,SHSE.600137,浪莎股份,200,14.26,14.58,2916.0,64.0,0.02244039270687237
2022-07-29,SHSE.600455,博通股份,100,20.9,21.02,2102.0,12.0,0.005741626794258373
2022-07-29,SHSE.600768,宁波富邦,300,9.69,9.86,2958.0,51.0,0.017543859649122806
2022-07-29,SZSE.002719,麦趣尔,400,7.44,7.42,2968.0,-8.0,-0.002688172043010753
2022-07-29,SHSE.600137,浪莎股份,200,14.26,14.53,2906.0,54.0,0.018934081346423562
2022-08-01,SHSE.600455,博通股份,100,20.9,21.12,2112.0,22.0,0.010526315789473684
2022-08-01,SHSE.600768,宁波富邦,300,9.69,10.04,3011.9999999999995,104.99999999999955,0.03611971104231151
2022-08-01,SZSE.002719,麦趣尔,400,7.44,7.51,3004.0,28.0,0.009408602150537635
2022-08-01,SHSE.600137,浪莎股份,200,14.26,14.48,2896.0,44.0,0.015427769985974754
2022-08-02,SHSE.600455,博通股份,100,20.9,20.2,2020.0,-70.0,-0.03349282296650718
2022-08-02,SHSE.600768,宁波富邦,300,9.69,9.53,2859.0,-48.0,-0.016511867905056758
2022-08-02,SZSE.002719,麦趣尔,400,7.44,7.08,2832.0,-144.0,-0.04838709677419355
2022-08-02,SHSE.600137,浪莎股份,200,14.26,13.82,2764.0,-88.0,-0.030855539971949508
2022-08-03,SZSE.002719,麦趣尔,400,7.2,7.27,2908.0,28.0,0.009722222222222222
2022-08-03,SHSE.600768,宁波富邦,300,9.58,9.37,2810.9999999999995,-63.000000000000455,-0.021920668058455273
2022-08-03,SHSE.600455,博通股份,100,19.8,20.2,2020.0,40.0,0.020202020202020204
2022-08-03,SHSE.600689,上海三毛,300,8.15,8.14,2442.0,-3.0,-0.001226993865030675
2022-08-04,SZSE.002719,麦趣尔,400,7.2,7.59,3036.0,156.0,0.05416666666666667
2022-08-04,SHSE.600768,宁波富邦,300,9.58,9.65,2895.0,21.0,0.007306889352818371
2022-08-04,SHSE.600455,博通股份,100,19.8,20.87,2087.0,107.0,0.05404040404040404
2022-08-04,SHSE.600689,上海三毛,300,8.15,8.36,2508.0,63.0,0.025766871165644172
2022-08-05,SZSE.002719,麦趣尔,400,7.2,7.59,3036.0,156.0,0.05416666666666667
2022-08-05,SHSE.600768,宁波富邦,300,9.58,9.8,2940.0,66.0,0.022964509394572025
2022-08-05,SHSE.600455,博通股份,100,19.8,20.96,2096.0,116.0,0.05858585858585859
2022-08-05,SHSE.600689,上海三毛,300,8.15,8.35,2505.0,60.0,0.024539877300613498
2022-08-08,SZSE.002719,麦趣尔,400,7.2,7.87,3148.0,268.0,0.09305555555555556
2022-08-08,SHSE.600768,宁波富邦,300,9.58,10.04,3011.9999999999995,137.99999999999955,0.048016701461377716
2022-08-08,SHSE.600455,博通股份,100,19.8,21.62,2162.0,182.0,0.09191919191919191
2022-08-08,SHSE.600689,上海三毛,300,8.15,8.4,2520.0,75.0,0.03067484662576687
2022-08-09,SZSE.002719,麦趣尔,400,7.2,7.85,3140.0,260.0,0.09027777777777778
2022-08-09,SHSE.600768,宁波富邦,300,9.58,10.22,3066.0,192.0,0.06680584551148225
2022-08-09,SHSE.600455,博通股份,100,19.8,21.72,2172.0,192.0,0.09696969696969697
2022-08-09,SHSE.600689,上海三毛,300,8.15,8.32,2496.0,51.0,0.020858895705521473
2022-08-10,SHSE.600689,上海三毛,300,8.35,8.34,2502.0,-3.0,-0.0011976047904191617
2022-08-10,SHSE.600768,宁波富邦,300,10.25,10.4,3120.0,45.0,0.014634146341463415
2022-08-10,SHSE.600137,浪莎股份,200,14.48,14.6,2920.0,24.0,0.008287292817679558
2022-08-10,SHSE.600455,博通股份,100,21.72,22.19,2219.0,47.0,0.0216390423572744
2022-08-11,SHSE.600689,上海三毛,300,8.35,8.38,2514.0000000000005,9.000000000000455,0.0035928143712576667
2022-08-11,SHSE.600768,宁波富邦,300,10.25,10.38,3114.0000000000005,39.000000000000455,0.012682926829268441
2022-08-11,SHSE.600137,浪莎股份,200,14.48,14.62,2924.0,28.0,0.009668508287292817
2022-08-11,SHSE.600455,博通股份,100,21.72,22.12,2212.0,40.0,0.01841620626151013
2022-08-12,SHSE.600689,上海三毛,300,8.35,8.44,2532.0,27.0,0.010778443113772455
2022-08-12,SHSE.600768,宁波富邦,300,10.25,10.36,3108.0,33.0,0.010731707317073172
2022-08-12,SHSE.600137,浪莎股份,200,14.48,14.6,2920.0,24.0,0.008287292817679558
2022-08-12,SHSE.600455,博通股份,100,21.72,22.01,2201.0,29.0,0.013351749539594844
2022-08-15,SHSE.600689,上海三毛,300,8.35,8.43,2529.0,24.0,0.009580838323353293
2022-08-15,SHSE.600768,宁波富邦,300,10.25,10.41,3123.0,48.0,0.015609756097560976
2022-08-15,SHSE.600137,浪莎股份,200,14.48,14.63,2926.0,30.0,0.010359116022099447
2022-08-15,SHSE.600455,博通股份,100,21.72,21.84,2184.0,12.0,0.0055248618784530384
2022-08-16,SHSE.600689,上海三毛,300,8.35,8.53,2559.0,54.0,0.02155688622754491
2022-08-16,SHSE.600768,宁波富邦,300,10.25,10.57,3171.0,96.0,0.03121951219512195
2022-08-16,SHSE.600137,浪莎股份,200,14.48,14.64,2928.0,32.0,0.011049723756906077
2022-08-16,SHSE.600455,博通股份,100,21.72,21.91,2191.0,19.0,0.008747697974217311
2022-08-17,SHSE.600689,上海三毛,300,8.53,8.58,2574.0,15.0,0.005861664712778429
2022-08-17,SHSE.600455,博通股份,100,21.91,21.95,2195.0,4.0,0.0018256503879507074
2022-08-17,SHSE.600768,宁波富邦,300,10.49,10.38,3114.0000000000005,-32.999999999999545,-0.010486177311725308
2022-08-17,SHSE.600137,浪莎股份,200,14.64,15.06,3012.0,84.0,0.028688524590163935
2022-08-18,SHSE.600689,上海三毛,300,8.53,8.33,2499.0,-60.0,-0.023446658851113716
2022-08-18,SHSE.600455,博通股份,100,21.91,22.05,2205.0,14.0,0.006389776357827476
2022-08-18,SHSE.600768,宁波富邦,300,10.49,10.42,3126.0,-21.0,-0.00667302192564347
2022-08-18,SHSE.600137,浪莎股份,200,14.64,14.75,2950.0,22.0,0.007513661202185792
2022-08-19,SHSE.600689,上海三毛,300,8.53,8.38,2514.0000000000005,-44.999999999999545,-0.01758499413833511
2022-08-19,SHSE.600455,博通股份,100,21.91,21.55,2155.0,-36.0,-0.016430853491556367
2022-08-19,SHSE.600768,宁波富邦,300,10.49,10.26,3078.0,-69.0,-0.0219256434699714
2022-08-19,SHSE.600137,浪莎股份,200,14.64,14.62,2924.0,-4.0,-0.001366120218579235
2022-08-22,SHSE.600689,上海三毛,300,8.53,8.44,2532.0,-27.0,-0.010550996483001172
2022-08-22,SHSE.600455,博通股份,100,21.91,21.62,2162.0,-29.0,-0.01323596531264263
2022-08-22,SHSE.600768,宁波富邦,300,10.49,10.37,3110.9999999999995,-36.000000000000455,-0.011439466158246094
2022-08-22,SHSE.600137,浪莎股份,200,14.64,14.64,2928.0,0.0,0.0
2022-08-23,SHSE.600689,上海三毛,300,8.53,8.85,2655.0,96.0,0.03751465416178194
2022-08-23,SHSE.600455,博通股份,100,21.91,21.54,2154.0,-37.0,-0.016887266088544045
2022-08-23,SHSE.600768,宁波富邦,300,10.49,10.34,3102.0,-45.0,-0.014299332697807437
2022-08-23,SHSE.600137,浪莎股份,200,14.64,14.89,2978.0,50.0,0.01707650273224044
2022-08-24,SZSE.002719,麦趣尔,400,8.2,7.92,3168.0,-111.99999999999955,-0.0341463414634145
2022-08-24,SHSE.600768,宁波富邦,300,10.3,9.99,2997.0,-93.0,-0.030097087378640777
2022-08-24,SHSE.600689,上海三毛,300,8.66,8.98,2694.0,96.0,0.03695150115473441
2022-08-24,SHSE.600455,博通股份,100,21.58,20.9,2090.0,-68.0,-0.03151065801668211
2022-08-25,SZSE.002719,麦趣尔,400,8.2,7.86,3144.0,-135.99999999999955,-0.04146341463414621
2022-08-25,SHSE.600768,宁波富邦,300,10.3,10.02,3006.0,-84.0,-0.027184466019417475
2022-08-25,SHSE.600689,上海三毛,300,8.66,8.88,2664.0000000000005,66.00000000000045,0.025404157043880084
2022-08-25,SHSE.600455,博通股份,100,21.58,20.89,2089.0,-69.0,-0.0319740500463392
2022-08-26,SZSE.002719,麦趣尔,400,8.2,8.04,3215.9999999999995,-64.0,-0.019512195121951223
2022-08-26,SHSE.600768,宁波富邦,300,10.3,9.91,2973.0,-117.0,-0.037864077669902914
2022-08-26,SHSE.600689,上海三毛,300,8.66,8.72,2616.0,18.0,0.006928406466512702
2022-08-26,SHSE.600455,博通股份,100,21.58,20.63,2063.0,-95.0,-0.04402224281742354
2022-08-29,SZSE.002719,麦趣尔,400,8.2,8.05,3220.0000000000005,-59.99999999999909,-0.018292682926828993
2022-08-29,SHSE.600768,宁波富邦,300,10.3,10.26,3078.0,-12.0,-0.003883495145631068
2022-08-29,SHSE.600689,上海三毛,300,8.66,9.07,2721.0,123.0,0.04734411085450346
2022-08-29,SHSE.600455,博通股份,100,21.58,21.0,2100.0,-58.0,-0.026876737720111215
2022-08-30,SZSE.002719,麦趣尔,400,8.2,8.12,3247.9999999999995,-32.0,-0.009756097560975611
2022-08-30,SHSE.600768,宁波富邦,300,10.3,10.3,3090.0,0.0,0.0
2022-08-30,SHSE.600689,上海三毛,300,8.66,8.85,2655.0,57.0,0.021939953810623556
2022-08-30,SHSE.600455,博通股份,100,21.58,21.29,2129.0,-29.0,-0.013438368860055607
2022-08-31,SHSE.600768,宁波富邦,300,10.29,9.94,2982.0,-104.99999999999955,-0.03401360544217673
2022-08-31,SHSE.600689,上海三毛,300,8.82,8.9,2670.0,24.0,0.009070294784580499
2022-08-31,SHSE.603813,*ST原尚,200,15.99,15.34,3068.0,-130.0,-0.04065040650406504
2022-08-31,SHSE.600455,博通股份,100,21.29,20.71,2071.0,-58.0,-0.02724283701268201
2022-09-01,SHSE.600768,宁波富邦,300,10.29,9.93,2979.0,-107.99999999999955,-0.03498542274052464
2022-09-01,SHSE.600689,上海三毛,300,8.82,8.58,2574.0,-72.0,-0.027210884353741496
2022-09-01,SHSE.603813,*ST原尚,200,15.99,15.63,3126.0,-72.0,-0.0225140712945591
2022-09-01,SHSE.600455,博通股份,100,21.29,21.07,2107.0,-22.0,-0.010333489901362142
2022-09-02,SHSE.600768,宁波富邦,300,10.29,10.14,3042.0,-44.999999999999545,-0.014577259475218514
2022-09-02,SHSE.600689,上海三毛,300,8.82,9.04,2711.9999999999995,65.99999999999955,0.0249433106575962
2022-09-02,SHSE.603813,*ST原尚,200,15.99,15.91,3182.0,-16.0,-0.0050031269543464665
2022-09-02,SHSE.600455,博通股份,100,21.29,21.54,2154.0,25.0,0.011742602160638797
2022-09-05,SHSE.600768,宁波富邦,300,10.29,10.15,3045.0,-41.999999999999545,-0.013605442176870604
2022-09-05,SHSE.600689,上海三毛,300,8.82,9.25,2775.0,129.0,0.048752834467120185
2022-09-05,SHSE.603813,*ST原尚,200,15.99,16.28,3256.0,58.0,0.01813633520950594
2022-09-05,SHSE.600455,博通股份,100,21.29,21.6,2160.0,31.0,0.01456082667919211
2022-09-06,SHSE.600768,宁波富邦,300,10.29,10.27,3081.0,-5.999999999999545,-0.001943634596695674
2022-09-06,SHSE.600689,上海三毛,300,8.82,9.25,2775.0,129.0,0.048752834467120185
2022-09-06,SHSE.603813,*ST原尚,200,15.99,16.39,3278.0,80.0,0.025015634771732333
2022-09-06,SHSE.600455,博通股份,100,21.29,21.5,2150.0,21.0,0.00986378581493659
2022-09-07,SHSE.600455,博通股份,100,21.59,21.36,2136.0,-23.0,-0.010653080129689671
2022-09-07,SHSE.600768,宁波富邦,300,10.21,10.26,3078.0,14.999999999999545,0.004897159647404357
2022-09-07,SHSE.600137,浪莎股份,200,14.88,14.87,2974.0,-2.0,-0.0006720430107526882
2022-09-07,SHSE.600689,上海三毛,300,9.31,9.5,2850.0,57.0,0.02040816326530612
2022-09-08,SHSE.600455,博通股份,100,21.59,21.44,2144.0,-15.0,-0.006947660954145438
2022-09-08,SHSE.600768,宁波富邦,300,10.21,10.18,3054.0,-9.000000000000455,-0.0029382957884428514
2022-09-08,SHSE.600137,浪莎股份,200,14.88,14.88,2976.0,0.0,0.0
2022-09-08,SHSE.600689,上海三毛,300,9.31,9.32,2796.0,3.0,0.0010741138560687433
2022-09-09,SHSE.600455,博通股份,100,21.59,21.1,2110.0,-49.0,-0.02269569245020843
2022-09-09,SHSE.600768,宁波富邦,300,10.21,10.06,3018.0,-45.000000000000455,-0.014691478942213662
2022-09-09,SHSE.600137,浪莎股份,200,14.88,14.65,2930.0,-46.0,-0.015456989247311828
2022-09-09,SHSE.600689,上海三毛,300,9.31,9.11,2733.0,-60.0,-0.021482277121374866
2022-09-13,SHSE.600455,博通股份,100,21.59,21.4,2140.0,-19.0,-0.008800370541917554
2022-09-13,SHSE.600768,宁波富邦,300,10.21,10.33,3099.0,35.999999999999545,0.011753183153770663
2022-09-13,SHSE.600137,浪莎股份,200,14.88,15.0,3000.0,24.0,0.008064516129032258
2022-09-13,SHSE.600689,上海三毛,300,9.31,9.14,2742.0,-51.0,-0.018259935553168637
2022-09-14,SHSE.600455,博通股份,100,21.59,21.32,2132.0,-27.0,-0.012505789717461788
2022-09-14,SHSE.600768,宁波富邦,300,10.21,10.23,3069.0,5.999999999999545,0.0019588638589616535
2022-09-14,SHSE.600137,浪莎股份,200,14.88,15.07,3014.0,38.0,0.012768817204301076
2022-09-14,SHSE.600689,上海三毛,300,9.31,9.15,2745.0,-48.0,-0.017185821697099892
2022-09-15,SHSE.600455,博通股份,100,21.45,21.01,2101.0,-44.0,-0.020512820512820513
2022-09-15,SHSE.600689,上海三毛,300,9.12,8.82,2646.0,-89.99999999999955,-0.0328947368421051
2022-09-15,SHSE.603580,*ST艾艾,200,11.02,10.95,2190.0,-14.0,-0.006352087114337568
2022-09-15,SHSE.600768,宁波富邦,300,10.2,9.9,2970.0,-90.0,-0.029411764705882353
2022-09-16,SHSE.600455,博通股份,100,21.45,20.23,2023.0,-122.0,-0.05687645687645688
2022-09-16,SHSE.600689,上海三毛,300,9.12,9.0,2700.0,-35.999999999999545,-0.013157894736841941
2022-09-16,SHSE.603580,*ST艾艾,200,11.02,10.75,2150.0,-54.0,-0.024500907441016333
2022-09-16,SHSE.600768,宁波富邦,300,10.2,9.49,2847.0,-213.0,-0.0696078431372549
2022-09-19,SHSE.600455,博通股份,100,21.45,20.06,2005.9999999999998,-139.00000000000023,-0.06480186480186491
2022-09-19,SHSE.600689,上海三毛,300,9.12,8.64,2592.0,-143.99999999999955,-0.052631578947368265
2022-09-19,SHSE.603580,*ST艾艾,200,11.02,10.38,2076.0,-128.0,-0.05807622504537205
2022-09-19,SHSE.600768,宁波富邦,300,10.2,9.22,2766.0,-294.0,-0.09607843137254903
2022-09-20,SHSE.600455,博通股份,100,21.45,20.05,2005.0,-140.0,-0.06526806526806526
2022-09-20,SHSE.600689,上海三毛,300,9.12,9.02,2706.0,-29.999999999999545,-0.01096491228070159
2022-09-20,SHSE.603580,*ST艾艾,200,11.02,10.66,2132.0,-72.0,-0.032667876588021776
2022-09-20,SHSE.600768,宁波富邦,300,10.2,9.48,2844.0,-216.0,-0.07058823529411765
2022-09-21,SHSE.600455,博通股份,100,21.45,20.33,2032.9999999999998,-112.00000000000023,-0.05221445221445232
2022-09-21,SHSE.600689,上海三毛,300,9.12,9.02,2706.0,-29.999999999999545,-0.01096491228070159
2022-09-21,SHSE.603580,*ST艾艾,200,11.02,10.91,2182.0,-22.0,-0.009981851179673321
2022-09-21,SHSE.600768,宁波富邦,300,10.2,9.59,2877.0,-183.0,-0.059803921568627454
2022-09-22,SHSE.600455,博通股份,100,20.12,20.04,2004.0,-8.0,-0.003976143141153081
2022-09-22,SHSE.600768,宁波富邦,300,9.58,9.59,2877.0,3.0,0.0010438413361169101
2022-09-22,SHSE.600689,上海三毛,300,9.13,8.89,2667.0,-72.00000000000045,-0.026286966046002353
2022-09-22,SHSE.600137,浪莎股份,200,14.2,14.09,2818.0,-22.0,-0.007746478873239437
2022-09-23,SHSE.600455,博通股份,100,20.12,19.36,1936.0,-76.0,-0.03777335984095427
2022-09-23,SHSE.600768,宁波富邦,300,9.58,9.39,2817.0,-57.0,-0.019832985386221295
2022-09-23,SHSE.600689,上海三毛,300,9.13,8.44,2532.0,-207.00000000000045,-0.07557502738225645
2022-09-23,SHSE.600137,浪莎股份,200,14.2,13.67,2734.0,-106.0,-0.03732394366197183
2022-09-26,SHSE.600455,博通股份,100,20.12,18.85,1885.0000000000002,-126.99999999999977,-0.06312127236580506
2022-09-26,SHSE.600768,宁波富邦,300,9.58,9.0,2700.0,-174.0,-0.060542797494780795
2022-09-26,SHSE.600689,上海三毛,300,9.13,8.11,2433.0,-306.00000000000045,-0.11171960569550946
2022-09-26,SHSE.600137,浪莎股份,200,14.2,13.45,2690.0,-150.0,-0.0528169014084507
2022-09-27,SHSE.600455,博通股份,100,20.12,19.46,1946.0,-66.0,-0.032803180914512925
2022-09-27,SHSE.600768,宁波富邦,300,9.58,9.24,2772.0,-102.0,-0.03549060542797495
2022-09-27,SHSE.600689,上海三毛,300,9.13,8.38,2514.0000000000005,-225.0,-0.08214676889375683
2022-09-27,SHSE.600137,浪莎股份,200,14.2,13.87,2774.0,-66.0,-0.02323943661971831
2022-09-28,SHSE.600455,博通股份,100,20.12,19.18,1918.0,-94.0,-0.04671968190854871
2022-09-28,SHSE.600768,宁波富邦,300,9.58,8.92,2676.0,-198.0,-0.06889352818371608
2022-09-28,SHSE.600689,上海三毛,300,9.13,8.24,2472.0,-267.00000000000045,-0.0974808324205916
2022-09-28,SHSE.600137,浪莎股份,200,14.2,13.7,2740.0,-100.0,-0.035211267605633804
2022-09-29,SHSE.600768,宁波富邦,300,9.01,8.87,2660.9999999999995,-42.000000000000455,-0.015538290788013488
2022-09-29,SHSE.600455,博通股份,100,19.37,19.15,1914.9999999999998,-22.000000000000227,-0.011357769747031609
2022-09-29,SHSE.600689,上海三毛,300,8.24,7.99,2397.0,-75.0,-0.03033980582524272
2022-09-29,SHSE.603029,天鹅股份,200,11.05,10.88,2176.0,-34.0,-0.015384615384615385
2022-09-30,SHSE.600768,宁波富邦,300,9.01,8.82,2646.0,-57.0,-0.021087680355160933
2022-09-30,SHSE.600455,博通股份,100,19.37,18.8,1880.0,-57.0,-0.02942694889003614
2022-09-30,SHSE.600689,上海三毛,300,8.24,7.83,2349.0,-123.0,-0.04975728155339806
2022-09-30,SHSE.603029,天鹅股份,200,11.05,10.79,2158.0,-52.0,-0.023529411764705882
2022-10-10,SHSE.600768,宁波富邦,300,9.01,8.53,2559.0,-144.0,-0.05327413984461709
2022-10-10,SHSE.600455,博通股份,100,19.37,18.41,1841.0,-96.0,-0.0495611770779556
2022-10-10,SHSE.600689,上海三毛,300,8.24,7.83,2349.0,-123.0,-0.04975728155339806
2022-10-10,SHSE.603029,天鹅股份,200,11.05,10.53,2106.0,-104.0,-0.047058823529411764
2022-10-11,SHSE.600768,宁波富邦,300,9.01,8.59,2577.0,-126.0,-0.04661487236403995
2022-10-11,SHSE.600455,博通股份,100,19.37,18.39,1839.0,-98.0,-0.05059370160041301
2022-10-11,SHSE.600689,上海三毛,300,8.24,7.75,2325.0,-147.0,-0.05946601941747573
2022-10-11,SHSE.603029,天鹅股份,200,11.05,10.46,2092.0,-118.0,-0.05339366515837104
2022-10-12,SHSE.600768,宁波富邦,300,9.01,8.94,2682.0,-21.0,-0.00776914539400666
2022-10-12,SHSE.600455,博通股份,100,19.37,18.78,1878.0,-59.0,-0.030459473412493547
2022-10-12,SHSE.600689,上海三毛,300,8.24,7.82,2346.0,-126.0,-0.050970873786407765
2022-10-12,SHSE.603029,天鹅股份,200,11.05,10.8,2160.0,-50.0,-0.02262443438914027
2022-10-13,SHSE.600455,博通股份,100,18.75,19.12,1912.0,37.0,0.019733333333333332
2022-10-13,SHSE.600768,宁波富邦,300,8.83,8.95,2685.0,36.0,0.013590033975084938
2022-10-13,SHSE.600689,上海三毛,400,7.8,7.91,3164.0,44.0,0.014102564102564103
2022-10-13,SHSE.603269,海鸥股份,200,11.49,11.66,2332.0,34.0,0.014795474325500435
2022-10-14,SHSE.600455,博通股份,100,18.75,19.69,1969.0000000000002,94.00000000000023,0.05013333333333345
2022-10-14,SHSE.600768,宁波富邦,300,8.83,9.07,2721.0,72.0,0.027180067950169876
2022-10-14,SHSE.600689,上海三毛,400,7.8,8.02,3208.0,88.0,0.028205128205128206
2022-10-14,SHSE.603269,海鸥股份,200,11.49,12.02,2404.0,106.0,0.04612706701479547
2022-10-17,SHSE.600455,博通股份,100,18.75,20.36,2036.0,161.0,0.08586666666666666
2022-10-17,SHSE.600768,宁波富邦,300,8.83,9.37,2810.9999999999995,161.99999999999955,0.06115515288788205
2022-10-17,SHSE.600689,上海三毛,400,7.8,8.11,3244.0,124.0,0.03974358974358974
2022-10-17,SHSE.603269,海鸥股份,200,11.49,12.79,2558.0,260.0,0.11314186248912098
2022-10-18,SHSE.600455,博通股份,100,18.75,20.26,2026.0000000000002,151.00000000000023,0.08053333333333346
2022-10-18,SHSE.600768,宁波富邦,300,8.83,9.39,2817.0,168.0,0.06342015855039637
2022-10-18,SHSE.600689,上海三毛,400,7.8,8.17,3268.0,148.0,0.047435897435897434
2022-10-18,SHSE.603269,海鸥股份,200,11.49,12.7,2540.0,242.0,0.10530896431679722
2022-10-19,SHSE.600455,博通股份,100,18.75,20.27,2027.0,152.0,0.08106666666666666
2022-10-19,SHSE.600768,宁波富邦,300,8.83,9.3,2790.0,141.0,0.053227633069082674
2022-10-19,SHSE.600689,上海三毛,400,7.8,8.3,3320.0000000000005,200.00000000000045,0.06410256410256425
2022-10-19,SHSE.603269,海鸥股份,200,11.49,12.62,2524.0,226.0,0.09834638816362054
2022-10-20,SHSE.600689,上海三毛,300,8.41,8.22,2466.0,-57.0,-0.022592152199762187
2022-10-20,SHSE.600768,宁波富邦,300,9.37,9.36,2808.0,-2.9999999999995453,-0.001067235859124705
2022-10-20,SHSE.600455,博通股份,100,20.24,20.28,2028.0,4.000000000000227,0.0019762845849803498
2022-10-20,SHSE.603269,海鸥股份,200,12.6,12.49,2498.0,-22.0,-0.00873015873015873
2022-10-21,SHSE.600689,上海三毛,300,8.41,8.23,2469.0,-54.0,-0.02140309155766944
2022-10-21,SHSE.600768,宁波富邦,300,9.37,9.49,2847.0,36.000000000000455,0.012806830309498562
2022-10-21,SHSE.600455,博通股份,100,20.24,21.06,2106.0,82.00000000000023,0.04051383399209498
2022-10-21,SHSE.603269,海鸥股份,200,12.6,12.55,2510.0,-10.0,-0.003968253968253968
2022-10-24,SHSE.600689,上海三毛,300,8.41,8.04,2411.9999999999995,-111.00000000000045,-0.04399524375743181
2022-10-24,SHSE.600768,宁波富邦,300,9.37,9.21,2763.0000000000005,-47.99999999999909,-0.017075773745997544
2022-10-24,SHSE.600455,博通股份,100,20.24,20.28,2028.0,4.000000000000227,0.0019762845849803498
2022-10-24,SHSE.603269,海鸥股份,200,12.6,12.41,2482.0,-38.0,-0.01507936507936508
2022-10-25,SHSE.600689,上海三毛,300,8.41,7.95,2385.0,-138.0,-0.054696789536266346
2022-10-25,SHSE.600768,宁波富邦,300,9.37,9.09,2727.0,-83.99999999999955,-0.029882604055496108
2022-10-25,SHSE.600455,博通股份,100,20.24,19.82,1982.0,-41.99999999999977,-0.02075098814229238
2022-10-25,SHSE.603269,海鸥股份,200,12.6,12.43,2486.0,-34.0,-0.013492063492063493
2022-10-26,SHSE.600689,上海三毛,300,8.41,8.06,2418.0,-105.0,-0.041617122473246136
2022-10-26,SHSE.600768,宁波富邦,300,9.37,9.42,2826.0,15.000000000000455,0.005336179295624495
2022-10-26,SHSE.600455,博通股份,100,20.24,20.62,2062.0,38.00000000000023,0.018774703557312367
2022-10-26,SHSE.603269,海鸥股份,200,12.6,12.53,2506.0,-14.0,-0.005555555555555556
2022-10-27,SHSE.600689,上海三毛,400,8.11,7.99,3196.0,-48.0,-0.014796547472256474
2022-10-27,SHSE.600455,博通股份,100,20.61,20.98,2098.0,37.0,0.017952450266860747
2022-10-27,SHSE.600768,宁波富邦,300,9.4,9.38,2814.0000000000005,-5.999999999999545,-0.002127659574467924
2022-10-27,SHSE.600137,浪莎股份,200,14.0,14.26,2852.0,52.0,0.018571428571428572
2022-10-28,SHSE.600689,上海三毛,400,8.11,7.6,3040.0,-204.0,-0.06288532675709001
2022-10-28,SHSE.600455,博通股份,100,20.61,20.29,2029.0,-32.0,-0.015526443474041727
2022-10-28,SHSE.600768,宁波富邦,300,9.4,8.99,2697.0,-123.0,-0.043617021276595745
2022-10-28,SHSE.600137,浪莎股份,200,14.0,13.88,2776.0,-24.0,-0.008571428571428572
2022-10-31,SHSE.600689,上海三毛,400,8.11,7.73,3092.0,-152.0,-0.0468557336621455
2022-10-31,SHSE.600455,博通股份,100,20.61,20.49,2049.0,-12.0,-0.005822416302765648
2022-10-31,SHSE.600768,宁波富邦,300,9.4,9.02,2706.0,-114.0,-0.04042553191489362
2022-10-31,SHSE.600137,浪莎股份,200,14.0,13.91,2782.0,-18.0,-0.0064285714285714285
2022-11-01,SHSE.600689,上海三毛,400,8.11,7.97,3188.0,-56.0,-0.01726263871763255
2022-11-01,SHSE.600455,博通股份,100,20.61,20.88,2088.0,27.0,0.013100436681222707
2022-11-01,SHSE.600768,宁波富邦,300,9.4,9.28,2784.0,-36.0,-0.01276595744680851
2022-11-01,SHSE.600137,浪莎股份,200,14.0,14.18,2836.0,36.0,0.012857142857142857
2022-11-02,SHSE.600689,上海三毛,400,8.11,8.11,3244.0,0.0,0.0
2022-11-02,SHSE.600455,博通股份,100,20.61,20.96,2096.0,35.0,0.016982047549733138
2022-11-02,SHSE.600768,宁波富邦,300,9.4,9.25,2775.0,-45.0,-0.015957446808510637
2022-11-02,SHSE.600137,浪莎股份,200,14.0,14.27,2854.0,54.0,0.019285714285714285
2022-11-03,SHSE.600689,上海三毛,400,8.1,8.11,3244.0,4.0,0.0012345679012345679
2022-11-03,SHSE.600768,宁波富邦,300,9.15,9.37,2810.9999999999995,65.99999999999955,0.02404371584699437
2022-11-03,SHSE.600455,博通股份,100,21.07,20.93,2093.0,-14.0,-0.006644518272425249
2022-11-03,SHSE.600137,浪莎股份,200,14.2,14.48,2896.0,56.0,0.01971830985915493
2022-11-04,SHSE.600689,上海三毛,400,8.1,8.16,3264.0,24.0,0.007407407407407408
2022-11-04,SHSE.600768,宁波富邦,300,9.15,9.52,2856.0,111.0,0.040437158469945354
2022-11-04,SHSE.600455,博通股份,100,21.07,21.05,2105.0,-2.0,-0.0009492168960607499
2022-11-04,SHSE.600137,浪莎股份,200,14.2,14.62,2924.0,84.0,0.029577464788732393
2022-11-07,SHSE.600689,上海三毛,400,8.1,8.24,3296.0,56.0,0.01728395061728395
2022-11-07,SHSE.600768,宁波富邦,300,9.15,9.69,2907.0,162.0,0.05901639344262295
2022-11-07,SHSE.600455,博通股份,100,21.07,21.22,2122.0,15.0,0.007119126720455624
2022-11-07,SHSE.600137,浪莎股份,200,14.2,14.88,2976.0,136.0,0.04788732394366197
2022-11-08,SHSE.600689,上海三毛,400,8.1,8.26,3304.0,64.0,0.019753086419753086
2022-11-08,SHSE.600768,宁波富邦,300,9.15,9.73,2919.0,174.0,0.0633879781420765
2022-11-08,SHSE.600455,博通股份,100,21.07,21.31,2131.0,24.0,0.011390602752728999
2022-11-08,SHSE.600137,浪莎股份,200,14.2,14.98,2996.0,156.0,0.054929577464788736
2022-11-09,SHSE.600689,上海三毛,400,8.1,8.22,3288.0000000000005,48.000000000000455,0.014814814814814956
2022-11-09,SHSE.600768,宁波富邦,300,9.15,9.75,2925.0,180.0,0.06557377049180328
2022-11-09,SHSE.600455,博通股份,100,21.07,21.3,2130.0,23.0,0.010915994304698624
2022-11-09,SHSE.600137,浪莎股份,200,14.2,15.01,3002.0,162.0,0.05704225352112676
2022-11-10,SHSE.600689,上海三毛,400,8.19,8.2,3279.9999999999995,3.9999999999995453,0.0012210012210010822
2022-11-10,SHSE.600768,宁波富邦,300,9.84,9.72,2916.0,-36.0,-0.012195121951219513
2022-11-10,SHSE.600455,博通股份,100,21.2,21.04,2104.0,-16.0,-0.007547169811320755
2022-11-10,SHSE.600137,浪莎股份,200,14.99,15.05,3010.0,12.0,0.004002668445630421
2022-11-11,SHSE.600689,上海三毛,400,8.19,8.42,3368.0,92.0,0.028083028083028084
2022-11-11,SHSE.600768,宁波富邦,300,9.84,9.88,2964.0000000000005,12.000000000000455,0.004065040650406658
2022-11-11,SHSE.600455,博通股份,100,21.2,21.16,2116.0,-4.0,-0.0018867924528301887
2022-11-11,SHSE.600137,浪莎股份,200,14.99,15.02,3004.0,6.0,0.0020013342228152103
2022-11-14,SHSE.600689,上海三毛,400,8.19,8.43,3372.0,96.0,0.029304029304029304
2022-11-14,SHSE.600768,宁波富邦,300,9.84,9.8,2940.0,-12.0,-0.0040650406504065045
2022-11-14,SHSE.600455,博通股份,100,21.2,21.59,2159.0,39.0,0.01839622641509434
2022-11-14,SHSE.600137,浪莎股份,200,14.99,14.87,2974.0,-24.0,-0.008005336891260841
2022-11-15,SHSE.600689,上海三毛,400,8.19,8.44,3376.0,100.0,0.030525030525030524
2022-11-15,SHSE.600768,宁波富邦,300,9.84,9.79,2936.9999999999995,-15.000000000000455,-0.005081300813008284
2022-11-15,SHSE.600455,博通股份,100,21.2,21.45,2145.0,25.0,0.01179245283018868
2022-11-15,SHSE.600137,浪莎股份,200,14.99,15.03,3006.0,8.0,0.00266844563042028
2022-11-16,SHSE.600689,上海三毛,400,8.19,8.53,3411.9999999999995,135.99999999999955,0.041514041514041373
2022-11-16,SHSE.600768,宁波富邦,300,9.84,9.87,2960.9999999999995,8.999999999999545,0.003048780487804724
2022-11-16,SHSE.600455,博通股份,100,21.2,21.46,2146.0,26.0,0.012264150943396227
2022-11-16,SHSE.600137,浪莎股份,200,14.99,15.36,3072.0,74.0,0.024683122081387593
2022-11-17,SHSE.600768,宁波富邦,300,9.87,9.98,2994.0,33.000000000000455,0.011144883485309173
2022-11-17,SHSE.600689,上海三毛,300,8.64,8.79,2636.9999999999995,44.999999999999545,0.017361111111110935
2022-11-17,SHSE.600455,博通股份,100,21.66,21.87,2187.0,21.0,0.009695290858725761
2022-11-17,SHSE.600137,浪莎股份,200,15.35,15.3,3060.0,-10.0,-0.003257328990228013
2022-11-18,SHSE.600768,宁波富邦,300,9.87,9.92,2976.0,15.000000000000455,0.0050658561296860714
2022-11-18,SHSE.600689,上海三毛,300,8.64,8.65,2595.0,3.0,0.0011574074074074073
2022-11-18,SHSE.600455,博通股份,100,21.66,22.17,2217.0,51.0,0.023545706371191136
2022-11-18,SHSE.600137,浪莎股份,200,15.35,15.14,3028.0,-42.0,-0.013680781758957655
2022-11-21,SHSE.600768,宁波富邦,300,9.87,9.93,2979.0,18.000000000000455,0.006079027355623255
2022-11-21,SHSE.600689,上海三毛,300,8.64,8.67,2601.0,9.0,0.003472222222222222
2022-11-21,SHSE.600455,博通股份,100,21.66,21.49,2149.0,-17.0,-0.007848568790397045
2022-11-21,SHSE.600137,浪莎股份,200,15.35,15.2,3040.0,-30.0,-0.009771986970684038
2022-11-22,SHSE.600768,宁波富邦,300,9.87,9.88,2964.0000000000005,3.0000000000009095,0.0010131712259374907
2022-11-22,SHSE.600689,上海三毛,300,8.64,8.61,2583.0,-9.0,-0.003472222222222222
2022-11-22,SHSE.600455,博通股份,100,21.66,21.44,2144.0,-22.0,-0.010156971375807941
2022-11-22,SHSE.600137,浪莎股份,200,15.35,15.04,3008.0,-62.0,-0.020195439739413682
2022-11-23,SHSE.600768,宁波富邦,300,9.87,9.74,2922.0,-38.999999999999545,-0.013171225937183232
2022-11-23,SHSE.600689,上海三毛,300,8.64,8.44,2532.0,-60.0,-0.023148148148148147
2022-11-23,SHSE.600455,博通股份,100,21.66,21.02,2102.0,-64.0,-0.029547553093259463
2022-11-23,SHSE.600137,浪莎股份,200,15.35,14.8,2960.0,-110.0,-0.035830618892508145
2022-11-24,SHSE.600689,上海三毛,300,8.5,8.55,2565.0,15.0,0.0058823529411764705
2022-11-24,SHSE.600768,宁波富邦,300,9.84,9.81,2943.0,-9.0,-0.003048780487804878
2022-11-24,SHSE.600455,博通股份,100,21.1,21.59,2159.0,49.0,0.023222748815165877
2022-11-24,SHSE.600137,浪莎股份,200,14.85,15.33,3066.0,96.0,0.03232323232323232
2022-11-25,SHSE.600689,上海三毛,300,8.5,8.5,2550.0,0.0,0.0
2022-11-25,SHSE.600768,宁波富邦,300,9.84,9.79,2936.9999999999995,-15.000000000000455,-0.005081300813008284
2022-11-25,SHSE.600455,博通股份,100,21.1,21.12,2112.0,2.0,0.0009478672985781991
2022-11-25,SHSE.600137,浪莎股份,200,14.85,15.27,3054.0,84.0,0.028282828282828285
2022-11-28,SHSE.600689,上海三毛,300,8.5,8.45,2535.0,-15.0,-0.0058823529411764705
2022-11-28,SHSE.600768,宁波富邦,300,9.84,9.68,2904.0,-48.0,-0.016260162601626018
2022-11-28,SHSE.600455,博通股份,100,21.1,21.52,2152.0,42.0,0.01990521327014218
2022-11-28,SHSE.600137,浪莎股份,200,14.85,15.0,3000.0,30.0,0.010101010101010102
2022-11-29,SHSE.600689,上海三毛,300,8.5,8.64,2592.0,42.0,0.01647058823529412
2022-11-29,SHSE.600768,宁波富邦,300,9.84,9.87,2960.9999999999995,8.999999999999545,0.003048780487804724
2022-11-29,SHSE.600455,博通股份,100,21.1,21.35,2135.0,25.0,0.011848341232227487
2022-11-29,SHSE.600137,浪莎股份,200,14.85,15.43,3086.0,116.0,0.039057239057239054
2022-11-30,SHSE.600689,上海三毛,300,8.5,8.59,2577.0,27.0,0.010588235294117647
2022-11-30,SHSE.600768,宁波富邦,300,9.84,9.82,2946.0,-6.0,-0.0020325203252032522
2022-11-30,SHSE.600455,博通股份,100,21.1,21.23,2123.0,13.0,0.006161137440758294
2022-11-30,SHSE.600137,浪莎股份,200,14.85,15.23,3046.0,76.0,0.02558922558922559
2022-12-01,SHSE.600689,上海三毛,300,8.69,8.51,2553.0,-54.0,-0.020713463751438434
2022-12-01,SHSE.600768,宁波富邦,300,9.83,9.85,2955.0,6.0,0.002034587995930824
2022-12-01,SHSE.600137,浪莎股份,200,15.33,15.49,3098.0,32.0,0.010437051532941943
2022-12-01,SHSE.600455,博通股份,100,21.3,21.46,2146.0,16.0,0.007511737089201878
2022-12-02,SHSE.600689,上海三毛,300,8.69,8.68,2604.0,-3.0,-0.0011507479861910242
2022-12-02,SHSE.600768,宁波富邦,300,9.83,9.96,2988.0000000000005,39.000000000000455,0.01322482197355051
2022-12-02,SHSE.600137,浪莎股份,200,15.33,16.05,3210.0,144.0,0.046966731898238745
2022-12-02,SHSE.600455,博通股份,100,21.3,21.73,2173.0,43.0,0.020187793427230045
2022-12-05,SHSE.600689,上海三毛,300,8.69,8.79,2636.9999999999995,29.999999999999545,0.011507479861910067
2022-12-05,SHSE.600768,宁波富邦,300,9.83,10.0,3000.0,51.0,0.017293997965412006
2022-12-05,SHSE.600137,浪莎股份,200,15.33,15.78,3156.0,90.0,0.029354207436399216
2022-12-05,SHSE.600455,博通股份,100,21.3,22.12,2212.0,82.0,0.038497652582159626
2022-12-06,SHSE.600689,上海三毛,300,8.69,8.64,2592.0,-15.0,-0.005753739930955121
2022-12-06,SHSE.600768,宁波富邦,300,9.83,9.98,2994.0,45.0,0.015259409969481181
2022-12-06,SHSE.600137,浪莎股份,200,15.33,15.7,3140.0,74.0,0.024135681669928244
2022-12-06,SHSE.600455,博通股份,100,21.3,22.08,2208.0,78.0,0.036619718309859155
2022-12-07,SHSE.600689,上海三毛,300,8.69,8.79,2636.9999999999995,29.999999999999545,0.011507479861910067
2022-12-07,SHSE.600768,宁波富邦,300,9.83,9.94,2982.0,33.0,0.011190233977619531
2022-12-07,SHSE.600137,浪莎股份,200,15.33,16.4,3279.9999999999995,213.99999999999955,0.06979778212654911
2022-12-07,SHSE.600455,博通股份,100,21.3,22.22,2222.0,92.0,0.0431924882629108
2022-12-08,SHSE.600455,博通股份,100,22.27,22.02,2202.0,-25.0,-0.01122586439155815
2022-12-08,SHSE.603269,海鸥股份,200,13.37,13.44,2688.0,14.0,0.005235602094240838
2022-12-08,SHSE.600689,上海三毛,300,8.78,8.73,2619.0,-15.0,-0.0056947608200455585
2022-12-08,SHSE.600768,宁波富邦,300,9.96,9.98,2994.0,5.999999999999545,0.002008032128513904
2022-12-09,SHSE.600455,博通股份,100,22.27,21.89,2189.0,-38.0,-0.01706331387516839
2022-12-09,SHSE.603269,海鸥股份,200,13.37,13.46,2692.0,18.0,0.006731488406881077
2022-12-09,SHSE.600689,上海三毛,300,8.78,8.6,2580.0,-54.0,-0.02050113895216401
2022-12-09,SHSE.600768,宁波富邦,300,9.96,10.07,3021.0,32.999999999999545,0.011044176706827155
2022-12-12,SHSE.600455,博通股份,100,22.27,21.66,2166.0,-61.0,-0.027391109115401886
2022-12-12,SHSE.603269,海鸥股份,200,13.37,13.53,2706.0,32.0,0.011967090501121914
2022-12-12,SHSE.600689,上海三毛,300,8.78,8.53,2559.0,-75.0,-0.02847380410022779
2022-12-12,SHSE.600768,宁波富邦,300,9.96,9.7,2910.0,-78.00000000000045,-0.02610441767068288
2022-12-13,SHSE.600455,博通股份,100,22.27,21.84,2184.0,-43.0,-0.019308486753480018
2022-12-13,SHSE.603269,海鸥股份,200,13.37,13.39,2678.0,4.0,0.0014958863126402393
2022-12-13,SHSE.600689,上海三毛,300,8.78,8.69,2607.0,-27.0,-0.010250569476082005
2022-12-13,SHSE.600768,宁波富邦,300,9.96,9.81,2943.0,-45.000000000000455,-0.01506024096385557
2022-12-14,SHSE.600455,博通股份,100,22.27,22.05,2205.0,-22.0,-0.009878760664571173
2022-12-14,SHSE.603269,海鸥股份,200,13.37,13.65,2730.0,56.0,0.020942408376963352
2022-12-14,SHSE.600689,上海三毛,300,8.78,8.8,2640.0,6.0,0.002277904328018223
2022-12-14,SHSE.600768,宁波富邦,300,9.96,9.9,2970.0,-18.000000000000455,-0.00602409638554232
2022-12-15,SHSE.600455,博通股份,100,22.1,22.1,2210.0,0.0,0.0
2022-12-15,SHSE.600768,宁波富邦,300,9.95,10.05,3015.0,30.0,0.010050251256281407
2022-12-15,SHSE.603269,海鸥股份,200,13.6,13.94,2788.0,68.0,0.025
2022-12-15,SHSE.600689,上海三毛,300,8.8,8.73,2619.0,-21.0,-0.007954545454545454
2022-12-16,SHSE.600455,博通股份,100,22.1,22.25,2225.0,15.0,0.006787330316742082
2022-12-16,SHSE.600768,宁波富邦,300,9.95,9.79,2936.9999999999995,-48.000000000000455,-0.016080402010050402
2022-12-16,SHSE.603269,海鸥股份,200,13.6,13.5,2700.0,-20.0,-0.007352941176470588
2022-12-16,SHSE.600689,上海三毛,300,8.8,8.62,2585.9999999999995,-54.000000000000455,-0.020454545454545628
2022-12-19,SHSE.600455,博通股份,100,22.1,23.2,2320.0,110.0,0.049773755656108594
2022-12-19,SHSE.600768,宁波富邦,300,9.95,9.42,2826.0,-159.0,-0.053266331658291456
2022-12-19,SHSE.603269,海鸥股份,200,13.6,12.91,2582.0,-138.0,-0.05073529411764706
2022-12-19,SHSE.600689,上海三毛,300,8.8,8.36,2508.0,-132.0,-0.05
2022-12-20,SHSE.600455,博通股份,100,22.1,22.3,2230.0,20.0,0.00904977375565611
2022-12-20,SHSE.600768,宁波富邦,300,9.95,9.44,2832.0,-153.0,-0.05125628140703518
2022-12-20,SHSE.603269,海鸥股份,200,13.6,12.9,2580.0,-140.0,-0.051470588235294115
2022-12-20,SHSE.600689,上海三毛,300,8.8,8.45,2535.0,-105.0,-0.03977272727272727
2022-12-21,SHSE.600455,博通股份,100,22.1,22.19,2219.0,9.0,0.004072398190045249
2022-12-21,SHSE.600768,宁波富邦,300,9.95,9.45,2835.0,-150.0,-0.05025125628140704
2022-12-21,SHSE.603269,海鸥股份,200,13.6,12.8,2560.0,-160.0,-0.058823529411764705
2022-12-21,SHSE.600689,上海三毛,300,8.8,8.43,2529.0,-111.0,-0.042045454545454546
2022-12-22,SHSE.600455,博通股份,100,22.53,22.7,2270.0,17.0,0.007545494895694629
2022-12-22,SHSE.603269,海鸥股份,200,12.84,12.41,2482.0,-86.0,-0.03348909657320872
2022-12-22,SHSE.600768,宁波富邦,300,9.51,9.22,2766.0,-87.0,-0.030494216614090432
2022-12-22,SHSE.600689,上海三毛,300,8.48,8.25,2475.0,-69.0,-0.027122641509433963
2022-12-23,SHSE.600455,博通股份,100,22.53,23.31,2331.0,78.0,0.03462050599201065
2022-12-23,SHSE.603269,海鸥股份,200,12.84,12.48,2496.0,-72.0,-0.028037383177570093
2022-12-23,SHSE.600768,宁波富邦,300,9.51,9.31,2793.0,-60.0,-0.02103049421661409
2022-12-23,SHSE.600689,上海三毛,300,8.48,8.32,2496.0,-48.0,-0.018867924528301886
2022-12-26,SHSE.600455,博通股份,100,22.53,22.86,2286.0,33.0,0.014647137150466045
2022-12-26,SHSE.603269,海鸥股份,200,12.84,12.69,2538.0,-30.0,-0.011682242990654205
2022-12-26,SHSE.600768,宁波富邦,300,9.51,9.27,2781.0,-72.0,-0.025236593059936908
2022-12-26,SHSE.600689,上海三毛,300,8.48,9.15,2745.0,201.0,0.07900943396226415
2022-12-27,SHSE.600455,博通股份,100,22.53,22.55,2255.0,2.0,0.000887705281846427
2022-12-27,SHSE.603269,海鸥股份,200,12.84,12.6,2520.0,-48.0,-0.018691588785046728
2022-12-27,SHSE.600768,宁波富邦,300,9.51,9.34,2802.0,-51.0,-0.017875920084121977
2022-12-27,SHSE.600689,上海三毛,300,8.48,9.02,2706.0,162.0,0.06367924528301887
2022-12-28,SHSE.600455,博通股份,100,22.53,21.8,2180.0,-73.0,-0.032401242787394584
2022-12-28,SHSE.603269,海鸥股份,200,12.84,12.36,2472.0,-96.0,-0.037383177570093455
2022-12-28,SHSE.600768,宁波富邦,300,9.51,9.15,2745.0,-108.0,-0.03785488958990536
2022-12-28,SHSE.600689,上海三毛,300,8.48,8.92,2676.0,132.0,0.05188679245283019
2022-12-29,SHSE.600768,宁波富邦,300,9.28,9.17,2751.0,-33.0,-0.011853448275862068
2022-12-29,SHSE.600455,博通股份,100,21.6,21.7,2170.0,10.0,0.004629629629629629
2022-12-29,SHSE.600689,上海三毛,300,8.91,8.94,2682.0,9.0,0.003367003367003367
2022-12-29,SHSE.603269,海鸥股份,200,12.44,12.22,2444.0,-44.0,-0.017684887459807074
2022-12-30,SHSE.600768,宁波富邦,300,9.28,9.19,2757.0,-27.0,-0.009698275862068966
2022-12-30,SHSE.600455,博通股份,100,21.6,22.12,2212.0,52.0,0.024074074074074074
2022-12-30,SHSE.600689,上海三毛,300,8.91,9.08,2724.0,51.0,0.019079685746352413
2022-12-30,SHSE.603269,海鸥股份,200,12.44,12.35,2470.0,-18.0,-0.007234726688102894
2023-01-03,SHSE.600768,宁波富邦,300,9.28,9.45,2835.0,51.0,0.018318965517241378
2023-01-03,SHSE.600455,博通股份,100,21.6,22.18,2218.0,58.0,0.026851851851851852
2023-01-03,SHSE.600689,上海三毛,300,8.91,8.96,2688.0000000000005,15.000000000000455,0.0056116722783391155
2023-01-03,SHSE.603269,海鸥股份,200,12.44,12.82,2564.0,76.0,0.03054662379421222
2023-01-04,SHSE.600768,宁波富邦,300,9.28,9.52,2856.0,72.0,0.02586206896551724
2023-01-04,SHSE.600455,博通股份,100,21.6,23.45,2345.0,185.0,0.08564814814814815
2023-01-04,SHSE.600689,上海三毛,300,8.91,9.0,2700.0,27.0,0.010101010101010102
2023-01-04,SHSE.603269,海鸥股份,200,12.44,12.96,2592.0,104.0,0.04180064308681672
2023-01-05,SHSE.600768,宁波富邦,300,9.28,9.48,2844.0,60.0,0.021551724137931036
2023-01-05,SHSE.600455,博通股份,100,21.6,23.8,2380.0,220.0,0.10185185185185185
2023-01-05,SHSE.600689,上海三毛,300,8.91,8.88,2664.0000000000005,-8.999999999999545,-0.003367003367003197
2023-01-05,SHSE.603269,海鸥股份,200,12.44,13.18,2636.0,148.0,0.0594855305466238
2023-02-03,SHSE.600689,上海三毛,700,9.12,8.99,6293.0,-90.99999999999909,-0.014254385964912141
2023-02-03,SHSE.600455,博通股份,200,24.15,24.2,4840.0,10.0,0.002070393374741201
2023-02-03,SHSE.600137,浪莎股份,400,16.13,15.92,6368.0,-84.0,-0.013019218846869188
2023-02-03,SHSE.600768,宁波富邦,500,11.78,11.83,5915.0,25.0,0.004244482173174873
2023-02-06,SHSE.600689,上海三毛,700,9.12,9.07,6349.0,-34.99999999999909,-0.0054824561403507355
2023-02-06,SHSE.600455,博通股份,200,24.15,24.24,4848.0,18.0,0.0037267080745341614
2023-02-06,SHSE.600137,浪莎股份,400,16.13,15.87,6348.0,-104.0,-0.016119032858028518
2023-02-06,SHSE.600768,宁波富邦,500,11.78,11.25,5625.0,-265.0,-0.04499151103565365
2023-02-07,SHSE.600689,上海三毛,700,9.12,9.08,6356.0,-27.99999999999909,-0.00438596491228056
2023-02-07,SHSE.600455,博通股份,200,24.15,24.21,4842.0,12.0,0.002484472049689441
2023-02-07,SHSE.600137,浪莎股份,400,16.13,16.12,6448.0,-4.0,-0.0006199628022318661
2023-02-07,SHSE.600768,宁波富邦,500,11.78,11.56,5780.0,-110.0,-0.01867572156196944
2023-02-08,SHSE.600689,上海三毛,700,9.12,9.07,6349.0,-34.99999999999909,-0.0054824561403507355
2023-02-08,SHSE.600455,博通股份,200,24.15,23.89,4778.0,-52.0,-0.010766045548654244
2023-02-08,SHSE.600137,浪莎股份,400,16.13,16.25,6500.0,48.0,0.007439553626782393
2023-02-08,SHSE.600768,宁波富邦,500,11.78,11.31,5655.0,-235.0,-0.039898132427843805
2023-02-09,SHSE.600689,上海三毛,700,9.12,9.09,6363.0,-20.99999999999909,-0.0032894736842103843
2023-02-09,SHSE.600455,博通股份,200,24.15,24.07,4814.0,-16.0,-0.0033126293995859213
2023-02-09,SHSE.600137,浪莎股份,400,16.13,16.17,6468.000000000001,16.00000000000091,0.002479851208927605
2023-02-09,SHSE.600768,宁波富邦,500,11.78,11.68,5840.0,-50.0,-0.008488964346349746
2023-02-10,SHSE.600689,上海三毛,300,9.09,9.15,2745.0,18.0,0.006600660066006601
2023-02-10,SHSE.600768,宁波富邦,200,11.68,11.7,2340.0,4.0,0.0017123287671232876
2023-02-10,SHSE.600455,博通股份,100,24.01,24.26,2426.0,25.0,0.010412328196584756
2023-02-10,SHSE.600137,浪莎股份,200,16.17,16.19,3238.0000000000005,4.0,0.0012368583797155224
2023-02-13,SHSE.600689,上海三毛,300,9.09,9.19,2757.0,30.0,0.011001100110011002
2023-02-13,SHSE.600768,宁波富邦,200,11.68,11.69,2338.0,2.0,0.0008561643835616438
2023-02-13,SHSE.600455,博通股份,100,24.01,24.39,2439.0,38.0,0.01582673885880883
2023-02-13,SHSE.600137,浪莎股份,200,16.17,16.39,3278.0,43.999999999999545,0.013605442176870606
2023-02-14,SHSE.600689,上海三毛,300,9.09,9.1,2730.0,3.0,0.0011001100110011
2023-02-14,SHSE.600768,宁波富邦,200,11.68,11.56,2312.0,-24.0,-0.010273972602739725
2023-02-14,SHSE.600455,博通股份,100,24.01,24.3,2430.0,29.0,0.012078300708038317
2023-02-14,SHSE.600137,浪莎股份,200,16.17,16.27,3254.0,19.999999999999545,0.006184291898577472
2023-02-15,SHSE.600689,上海三毛,300,9.09,9.06,2718.0,-9.0,-0.0033003300330033004
2023-02-15,SHSE.600768,宁波富邦,200,11.68,11.52,2304.0,-32.0,-0.0136986301369863
2023-02-15,SHSE.600455,博通股份,100,24.01,24.45,2445.0,44.0,0.018325697625989172
2023-02-15,SHSE.600137,浪莎股份,200,16.17,16.14,3228.0,-6.000000000000455,-0.0018552875695734242
2023-02-16,SHSE.600689,上海三毛,300,9.09,8.83,2649.0,-78.0,-0.028602860286028604
2023-02-16,SHSE.600768,宁波富邦,200,11.68,11.11,2222.0,-114.0,-0.0488013698630137
2023-02-16,SHSE.600455,博通股份,100,24.01,24.29,2429.0,28.0,0.011661807580174927
2023-02-16,SHSE.600137,浪莎股份,200,16.17,15.71,3142.0,-92.00000000000045,-0.028447742733457154
2023-02-17,SHSE.600689,上海三毛,300,8.84,8.95,2685.0,33.0,0.012443438914027148
2023-02-17,SHSE.600768,宁波富邦,200,11.17,11.22,2244.0,10.0,0.004476275738585497
2023-02-17,SHSE.600455,博通股份,100,24.05,24.57,2457.0,52.0,0.021621621621621623
2023-02-17,SHSE.600137,浪莎股份,200,15.76,15.93,3186.0,34.0,0.010786802030456852
2023-02-20,SHSE.600689,上海三毛,300,8.84,8.99,2697.0,45.0,0.016968325791855202
2023-02-20,SHSE.600768,宁波富邦,200,11.17,11.28,2256.0,22.0,0.009847806624888093
2023-02-20,SHSE.600455,博通股份,100,24.05,24.27,2427.0,22.0,0.009147609147609148
2023-02-20,SHSE.600137,浪莎股份,200,15.76,15.98,3196.0,44.0,0.013959390862944163
2023-02-21,SHSE.600689,上海三毛,300,8.84,8.97,2691.0,39.0,0.014705882352941176
2023-02-21,SHSE.600768,宁波富邦,200,11.17,11.32,2264.0,30.0,0.01342882721575649
2023-02-21,SHSE.600455,博通股份,100,24.05,24.33,2433.0,28.0,0.011642411642411643
2023-02-21,SHSE.600137,浪莎股份,200,15.76,15.83,3166.0,14.0,0.004441624365482234
2023-02-22,SHSE.600689,上海三毛,300,8.84,9.01,2703.0,51.0,0.019230769230769232
2023-02-22,SHSE.600768,宁波富邦,200,11.17,11.43,2286.0,52.0,0.023276633840644583
2023-02-22,SHSE.600455,博通股份,100,24.05,24.14,2414.0,9.0,0.0037422037422037424
2023-02-22,SHSE.600137,浪莎股份,200,15.76,16.08,3215.9999999999995,63.999999999999545,0.020304568527918638
2023-02-23,SHSE.600689,上海三毛,300,8.84,9.05,2715.0,63.0,0.023755656108597284
2023-02-23,SHSE.600768,宁波富邦,200,11.17,11.38,2276.0,42.0,0.018800358102059087
2023-02-23,SHSE.600455,博通股份,100,24.05,23.91,2391.0,-14.0,-0.0058212058212058215
2023-02-23,SHSE.600137,浪莎股份,200,15.76,16.06,3211.9999999999995,59.999999999999545,0.019035532994923714
2023-02-24,SHSE.600689,上海三毛,300,9.05,9.2,2760.0,45.0,0.016574585635359115
2023-02-24,SHSE.600455,博通股份,100,23.9,24.15,2415.0,25.0,0.010460251046025104
2023-02-24,SHSE.600768,宁波富邦,200,11.4,11.32,2264.0,-16.0,-0.007017543859649123
2023-02-24,SHSE.600137,浪莎股份,200,16.12,16.44,3288.0000000000005,64.00000000000045,0.019851116625310316
2023-02-27,SHSE.600689,上海三毛,300,9.05,9.21,2763.0000000000005,48.000000000000455,0.01767955801104989
2023-02-27,SHSE.600455,博通股份,100,23.9,23.44,2344.0,-46.0,-0.019246861924686193
2023-02-27,SHSE.600768,宁波富邦,200,11.4,11.16,2232.0,-48.0,-0.021052631578947368
2023-02-27,SHSE.600137,浪莎股份,200,16.12,16.37,3274.0,50.0,0.015508684863523574
2023-02-28,SHSE.600689,上海三毛,300,9.05,9.43,2829.0,114.0,0.041988950276243095
2023-02-28,SHSE.600455,博通股份,100,23.9,23.69,2369.0,-21.0,-0.008786610878661089
2023-02-28,SHSE.600768,宁波富邦,200,11.4,11.29,2258.0,-22.0,-0.009649122807017544
2023-02-28,SHSE.600137,浪莎股份,200,16.12,16.87,3374.0,150.0,0.04652605459057072
2023-03-01,SHSE.600689,上海三毛,300,9.05,9.39,2817.0,102.0,0.03756906077348066
2023-03-01,SHSE.600455,博通股份,100,23.9,24.62,2462.0,72.0,0.0301255230125523
2023-03-01,SHSE.600768,宁波富邦,200,11.4,11.38,2276.0,-4.0,-0.0017543859649122807
2023-03-01,SHSE.600137,浪莎股份,200,16.12,16.65,3329.9999999999995,105.99999999999955,0.032878411910669834
2023-03-02,SHSE.600689,上海三毛,300,9.05,9.39,2817.0,102.0,0.03756906077348066
2023-03-02,SHSE.600455,博通股份,100,23.9,24.74,2474.0,84.0,0.035146443514644354
2023-03-02,SHSE.600768,宁波富邦,200,11.4,11.33,2266.0,-14.0,-0.0061403508771929825
2023-03-02,SHSE.600137,浪莎股份,200,16.12,16.96,3392.0,168.0,0.052109181141439205
2023-03-03,SHSE.600689,上海三毛,300,9.39,9.44,2832.0,15.0,0.005324813631522897
2023-03-03,SHSE.600768,宁波富邦,200,11.35,11.18,2236.0,-34.0,-0.014977973568281937
2023-03-03,SHSE.600455,博通股份,100,24.91,24.7,2470.0,-21.0,-0.008430349257326376
2023-03-03,SHSE.600137,浪莎股份,100,17.01,16.55,1655.0,-46.00000000000023,-0.02704291593180495
2023-03-06,SHSE.600689,上海三毛,300,9.39,9.33,2799.0,-18.0,-0.006389776357827476
2023-03-06,SHSE.600768,宁波富邦,200,11.35,11.1,2220.0,-50.0,-0.022026431718061675
2023-03-06,SHSE.600455,博通股份,100,24.91,24.34,2434.0,-57.0,-0.02288237655560016
2023-03-06,SHSE.600137,浪莎股份,100,17.01,16.31,1630.9999999999998,-70.00000000000045,-0.04115226337448586
2023-03-07,SHSE.600689,上海三毛,300,9.39,9.21,2763.0000000000005,-53.999999999999545,-0.019169329073482268
2023-03-07,SHSE.600768,宁波富邦,200,11.35,10.97,2194.0,-76.0,-0.033480176211453744
2023-03-07,SHSE.600455,博通股份,100,24.91,23.87,2387.0,-104.0,-0.04175030108390205
2023-03-07,SHSE.600137,浪莎股份,100,17.01,15.86,1586.0,-115.00000000000023,-0.06760728982951218
2023-03-08,SHSE.600689,上海三毛,300,9.39,9.35,2805.0,-12.0,-0.004259850905218318
2023-03-08,SHSE.600768,宁波富邦,200,11.35,11.05,2210.0,-60.0,-0.02643171806167401
2023-03-08,SHSE.600455,博通股份,100,24.91,24.2,2420.0,-71.0,-0.028502609393817744
2023-03-08,SHSE.600137,浪莎股份,100,17.01,16.11,1611.0,-90.00000000000023,-0.05291005291005304
2023-03-09,SHSE.600689,上海三毛,300,9.39,9.22,2766.0,-51.0,-0.01810436634717785
2023-03-09,SHSE.600768,宁波富邦,200,11.35,11.04,2208.0,-62.0,-0.027312775330396475
2023-03-09,SHSE.600455,博通股份,100,24.91,24.28,2428.0,-63.0,-0.025291047771979124
2023-03-09,SHSE.600137,浪莎股份,100,17.01,15.97,1597.0,-104.00000000000023,-0.061140505584950156
2023-03-10,SHSE.600689,上海三毛,300,9.24,9.12,2735.9999999999995,-36.000000000000455,-0.012987012987013151
2023-03-10,SHSE.600768,宁波富邦,200,11.0,10.8,2160.0,-40.0,-0.01818181818181818
2023-03-10,SHSE.600455,博通股份,100,24.19,23.92,2392.0,-27.0,-0.011161637040099214
2023-03-10,SHSE.600137,浪莎股份,200,15.92,15.68,3136.0,-48.0,-0.01507537688442211
2023-03-13,SHSE.600689,上海三毛,300,9.24,9.37,2810.9999999999995,38.999999999999545,0.014069264069263905
2023-03-13,SHSE.600768,宁波富邦,200,11.0,10.76,2152.0,-48.0,-0.02181818181818182
2023-03-13,SHSE.600455,博通股份,100,24.19,24.52,2452.0,33.0,0.01364200082678793
2023-03-13,SHSE.600137,浪莎股份,200,15.92,15.57,3114.0,-70.0,-0.02198492462311558
2023-03-14,SHSE.600689,上海三毛,300,9.24,9.19,2757.0,-15.0,-0.005411255411255411
2023-03-14,SHSE.600768,宁波富邦,200,11.0,10.48,2096.0,-104.0,-0.04727272727272727
2023-03-14,SHSE.600455,博通股份,100,24.19,24.3,2430.0,11.0,0.0045473336089293095
2023-03-14,SHSE.600137,浪莎股份,200,15.92,15.25,3050.0,-134.0,-0.042085427135678394
2023-03-15,SHSE.600689,上海三毛,300,9.24,9.32,2796.0,24.0,0.008658008658008658
2023-03-15,SHSE.600768,宁波富邦,200,11.0,10.82,2164.0,-36.0,-0.016363636363636365
2023-03-15,SHSE.600455,博通股份,100,24.19,24.33,2433.0,14.0,0.005787515502273667
2023-03-15,SHSE.600137,浪莎股份,200,15.92,15.44,3088.0,-96.0,-0.03015075376884422
2023-03-16,SHSE.600689,上海三毛,300,9.24,9.14,2742.0,-30.0,-0.010822510822510822
2023-03-16,SHSE.600768,宁波富邦,200,11.0,11.21,2242.0,42.0,0.019090909090909092
2023-03-16,SHSE.600455,博通股份,100,24.19,24.04,2404.0,-15.0,-0.0062009094667217855
2023-03-16,SHSE.600137,浪莎股份,200,15.92,15.23,3046.0,-138.0,-0.04334170854271357
2023-03-17,SHSE.600689,上海三毛,300,9.23,9.27,2781.0,12.0,0.004333694474539545
2023-03-17,SHSE.600137,浪莎股份,200,15.28,15.37,3074.0,18.0,0.0058900523560209425
2023-03-17,SHSE.600455,博通股份,100,24.07,24.09,2409.0,2.0,0.0008309098462816784
2023-03-17,SHSE.600768,宁波富邦,200,11.25,10.94,2188.0,-62.0,-0.027555555555555555
2023-03-20,SHSE.600689,上海三毛,300,9.23,9.25,2775.0,6.0,0.0021668472372697724
2023-03-20,SHSE.600137,浪莎股份,200,15.28,15.41,3082.0,26.0,0.008507853403141362
2023-03-20,SHSE.600455,博通股份,100,24.07,23.39,2339.0,-68.0,-0.028250934773577065
2023-03-20,SHSE.600768,宁波富邦,200,11.25,10.67,2134.0,-116.0,-0.051555555555555556
2023-03-21,SHSE.600689,上海三毛,300,9.23,9.29,2786.9999999999995,17.999999999999545,0.006500541711809154
2023-03-21,SHSE.600137,浪莎股份,200,15.28,15.65,3130.0,74.0,0.024214659685863876
2023-03-21,SHSE.600455,博通股份,100,24.07,24.33,2433.0,26.0,0.01080182800166182
2023-03-21,SHSE.600768,宁波富邦,200,11.25,10.95,2190.0,-60.0,-0.02666666666666667
2023-03-22,SHSE.600689,上海三毛,300,9.23,9.38,2814.0000000000005,45.000000000000455,0.01625135427952346
2023-03-22,SHSE.600137,浪莎股份,200,15.28,15.84,3168.0,112.0,0.03664921465968586
2023-03-22,SHSE.600455,博通股份,100,24.07,24.68,2468.0,61.0,0.02534275031159119
2023-03-22,SHSE.600768,宁波富邦,200,11.25,11.05,2210.0,-40.0,-0.017777777777777778
2023-03-23,SHSE.600689,上海三毛,300,9.23,9.21,2763.0000000000005,-5.999999999999545,-0.0021668472372696084
2023-03-23,SHSE.600137,浪莎股份,200,15.28,15.8,3160.0,104.0,0.034031413612565446
2023-03-23,SHSE.600455,博通股份,100,24.07,25.05,2505.0,98.0,0.04071458246780224
2023-03-23,SHSE.600768,宁波富邦,200,11.25,11.15,2230.0,-20.0,-0.008888888888888889
2023-03-24,SHSE.600689,上海三毛,300,9.2,9.12,2735.9999999999995,-24.000000000000455,-0.008695652173913208
2023-03-24,SHSE.600768,宁波富邦,200,11.23,11.06,2212.0,-34.0,-0.015138023152270703
2023-03-24,SHSE.600137,浪莎股份,200,15.85,15.67,3134.0,-36.0,-0.011356466876971609
2023-03-24,SHSE.600455,博通股份,100,25.06,24.8,2480.0,-26.0,-0.010375099760574621
2023-03-27,SHSE.600689,上海三毛,300,9.2,8.93,2679.0,-81.0,-0.029347826086956522
2023-03-27,SHSE.600768,宁波富邦,200,11.23,10.89,2178.0,-68.0,-0.030276046304541407
2023-03-27,SHSE.600137,浪莎股份,200,15.85,15.74,3148.0,-22.0,-0.00694006309148265
2023-03-27,SHSE.600455,博通股份,100,25.06,24.98,2498.0,-8.0,-0.0031923383878691143
2023-03-28,SHSE.600689,上海三毛,300,9.2,8.85,2655.0,-105.0,-0.03804347826086957
2023-03-28,SHSE.600768,宁波富邦,200,11.23,10.81,2162.0,-84.0,-0.037399821905609976
2023-03-28,SHSE.600137,浪莎股份,200,15.85,15.58,3116.0,-54.0,-0.017034700315457414
2023-03-28,SHSE.600455,博通股份,100,25.06,24.89,2489.0,-17.0,-0.006783719074221868
2023-03-29,SHSE.600689,上海三毛,300,9.2,8.66,2598.0,-162.0,-0.058695652173913045
2023-03-29,SHSE.600768,宁波富邦,200,11.23,10.54,2108.0,-138.0,-0.06144256455921639
2023-03-29,SHSE.600137,浪莎股份,200,15.85,15.23,3046.0,-124.0,-0.039116719242902206
2023-03-29,SHSE.600455,博通股份,100,25.06,24.39,2439.0,-67.0,-0.026735833998403832
2023-03-30,SHSE.600689,上海三毛,300,9.2,8.51,2553.0,-207.0,-0.075
2023-03-30,SHSE.600768,宁波富邦,200,11.23,10.5,2100.0,-146.0,-0.06500445235975066
2023-03-30,SHSE.600137,浪莎股份,200,15.85,15.12,3024.0,-146.0,-0.04605678233438486
2023-03-30,SHSE.600455,博通股份,100,25.06,23.95,2395.0,-111.0,-0.044293695131683956
2023-03-31,SHSE.600689,上海三毛,300,8.55,8.59,2577.0,12.0,0.004678362573099415
2023-03-31,SHSE.600768,宁波富邦,300,10.39,10.58,3174.0,57.0,0.01828681424446583
2023-03-31,SZSE.000691,*ST亚太,700,4.57,4.56,3191.9999999999995,-7.000000000000455,-0.002188183807439967
2023-03-31,SHSE.600137,浪莎股份,200,15.15,15.76,3152.0,122.0,0.04026402640264026
2023-04-03,SHSE.600689,上海三毛,300,8.55,8.93,2679.0,114.0,0.044444444444444446
2023-04-03,SHSE.600768,宁波富邦,300,10.39,10.9,3270.0,153.0,0.04908565928777671
2023-04-03,SZSE.000691,*ST亚太,700,4.57,4.58,3206.0,7.0,0.002188183807439825
2023-04-03,SHSE.600137,浪莎股份,200,15.15,15.57,3114.0,84.0,0.027722772277227723
2023-04-04,SHSE.600689,上海三毛,300,8.55,8.92,2676.0,111.0,0.04327485380116959
2023-04-04,SHSE.600768,宁波富邦,300,10.39,10.7,3210.0,93.0,0.029836381135707413
2023-04-04,SZSE.000691,*ST亚太,700,4.57,4.51,3157.0,-42.0,-0.01312910284463895
2023-04-04,SHSE.600137,浪莎股份,200,15.15,15.19,3038.0,8.0,0.0026402640264026403
2023-04-06,SHSE.600689,上海三毛,300,8.55,8.84,2652.0,87.0,0.03391812865497076
2023-04-06,SHSE.600768,宁波富邦,300,10.39,10.51,3153.0,36.0,0.011549566891241578
2023-04-06,SZSE.000691,*ST亚太,700,4.57,4.46,3122.0,-77.0,-0.024070021881838075
2023-04-06,SHSE.600137,浪莎股份,200,15.15,15.09,3018.0,-12.0,-0.0039603960396039604
2023-04-07,SHSE.600689,上海三毛,300,8.55,8.92,2676.0,111.0,0.04327485380116959
2023-04-07,SHSE.600768,宁波富邦,300,10.39,10.68,3204.0,87.0,0.02791145332050048
2023-04-07,SZSE.000691,*ST亚太,700,4.57,4.54,3178.0,-21.0,-0.006564551422319475
2023-04-07,SHSE.600137,浪莎股份,200,15.15,15.19,3038.0,8.0,0.0026402640264026403
2023-05-04,SHSE.600768,宁波富邦,600,9.87,10.1,6060.0,138.0000000000009,0.023302938196555375
2023-05-04,SHSE.600455,博通股份,300,21.2,22.0,6600.0,240.0,0.03773584905660377
2023-05-04,SZSE.000691,*ST亚太,1500,4.28,4.3,6450.0,30.0,0.004672897196261682
2023-05-04,SHSE.600539,狮头股份,1000,6.33,6.43,6430.0,100.0,0.01579778830963665
2023-05-05,SHSE.600768,宁波富邦,600,9.87,9.9,5940.0,18.00000000000091,0.003039513677811704
2023-05-05,SHSE.600455,博通股份,300,21.2,22.14,6642.0,282.0,0.04433962264150943
2023-05-05,SZSE.000691,*ST亚太,1500,4.28,4.38,6570.0,150.0,0.02336448598130841
2023-05-05,SHSE.600539,狮头股份,1000,6.33,6.36,6360.0,30.0,0.004739336492890996
2023-05-08,SHSE.600768,宁波富邦,600,9.87,10.01,6006.0,84.00000000000091,0.014184397163120723
2023-05-08,SHSE.600455,博通股份,300,21.2,22.33,6698.999999999999,338.9999999999991,0.053301886792452687
2023-05-08,SZSE.000691,*ST亚太,1500,4.28,4.26,6390.0,-30.0,-0.004672897196261682
2023-05-08,SHSE.600539,狮头股份,1000,6.33,6.24,6240.0,-90.0,-0.014218009478672985
2023-05-09,SHSE.600768,宁波富邦,600,9.87,9.87,5921.999999999999,0.0,0.0
2023-05-09,SHSE.600455,博通股份,300,21.2,21.81,6543.0,183.0,0.028773584905660378
2023-05-09,SZSE.000691,*ST亚太,1500,4.28,4.18,6270.0,-150.0,-0.02336448598130841
2023-05-09,SHSE.600539,狮头股份,1000,6.33,6.19,6190.0,-140.0,-0.022116903633491312
2023-05-10,SHSE.600768,宁波富邦,600,9.87,9.92,5952.0,30.00000000000091,0.0050658561296860714
2023-05-10,SHSE.600455,博通股份,300,21.2,22.29,6687.0,327.0,0.051415094339622644
2023-05-10,SZSE.000691,*ST亚太,1500,4.28,4.24,6360.0,-60.0,-0.009345794392523364
2023-05-10,SHSE.600539,狮头股份,1000,6.33,6.19,6190.0,-140.0,-0.022116903633491312
2023-05-11,SHSE.600768,宁波富邦,300,10.0,10.07,3021.0,21.0,0.007
2023-05-11,SZSE.000691,*ST亚太,700,4.23,4.3,3010.0,48.999999999999545,0.01654846335697384
2023-05-11,SHSE.600455,博通股份,100,22.23,23.25,2325.0,102.0,0.04588394062078273
2023-05-11,SHSE.600539,狮头股份,500,6.21,6.4,3200.0,95.0,0.030595813204508857
2023-05-12,SHSE.600768,宁波富邦,300,10.0,10.13,3039.0000000000005,39.000000000000455,0.013000000000000152
2023-05-12,SZSE.000691,*ST亚太,700,4.23,4.19,2933.0000000000005,-28.0,-0.00945626477541371
2023-05-12,SHSE.600455,博通股份,100,22.23,22.6,2260.0,37.0,0.016644174538911382
2023-05-12,SHSE.600539,狮头股份,500,6.21,6.46,3230.0,125.0,0.040257648953301126
2023-05-15,SHSE.600768,宁波富邦,300,10.0,10.42,3126.0,126.0,0.042
2023-05-15,SZSE.000691,*ST亚太,700,4.23,4.24,2968.0,6.999999999999545,0.002364066193853274
2023-05-15,SHSE.600455,博通股份,100,22.23,23.02,2302.0,79.0,0.03553756185335133
2023-05-15,SHSE.600539,狮头股份,500,6.21,6.5,3250.0,145.0,0.04669887278582931
2023-05-16,SHSE.600768,宁波富邦,300,10.0,10.36,3108.0,108.0,0.036
2023-05-16,SZSE.000691,*ST亚太,700,4.23,4.16,2912.0,-49.000000000000455,-0.016548463356974148
2023-05-16,SHSE.600455,博通股份,100,22.23,22.49,2249.0,26.0,0.011695906432748537
2023-05-16,SHSE.600539,狮头股份,500,6.21,6.45,3225.0,120.0,0.03864734299516908
2023-05-17,SHSE.600768,宁波富邦,300,10.0,10.58,3174.0,174.0,0.058
2023-05-17,SZSE.000691,*ST亚太,700,4.23,4.28,2996.0,34.999999999999545,0.011820330969266985
2023-05-17,SHSE.600455,博通股份,100,22.23,22.67,2267.0,44.0,0.01979307242465137
2023-05-17,SHSE.600539,狮头股份,500,6.21,6.71,3355.0,250.0,0.08051529790660225
2023-05-18,SZSE.000691,*ST亚太,700,4.35,4.27,2988.9999999999995,-56.0,-0.018390804597701153
2023-05-18,SHSE.600768,宁波富邦,300,10.61,10.8,3240.0,57.0,0.017907634307257305
2023-05-18,SHSE.600455,博通股份,100,22.83,22.79,2279.0,-4.0,-0.0017520805957074025
2023-05-18,SHSE.600272,开开实业,300,9.48,9.38,2814.0000000000005,-29.999999999999545,-0.010548523206750895
2023-05-19,SZSE.000691,*ST亚太,700,4.35,4.2,2940.0,-104.99999999999955,-0.03448275862068951
2023-05-19,SHSE.600768,宁波富邦,300,10.61,10.78,3234.0,51.0,0.016022620169651274
2023-05-19,SHSE.600455,博通股份,100,22.83,22.76,2276.0,-7.0,-0.0030661410424879547
2023-05-19,SHSE.600272,开开实业,300,9.48,9.38,2814.0000000000005,-29.999999999999545,-0.010548523206750895
2023-05-22,SZSE.000691,*ST亚太,700,4.35,4.26,2982.0,-62.999999999999545,-0.020689655172413647
2023-05-22,SHSE.600768,宁波富邦,300,10.61,10.85,3255.0,72.0,0.022620169651272386
2023-05-22,SHSE.600455,博通股份,100,22.83,22.59,2259.0,-24.0,-0.010512483574244415
2023-05-22,SHSE.600272,开开实业,300,9.48,9.39,2817.0,-27.0,-0.00949367088607595
2023-05-23,SZSE.000691,*ST亚太,700,4.35,4.23,2961.0000000000005,-83.99999999999909,-0.02758620689655143
2023-05-23,SHSE.600768,宁波富邦,300,10.61,10.85,3255.0,72.0,0.022620169651272386
2023-05-23,SHSE.600455,博通股份,100,22.83,22.29,2229.0,-54.0,-0.023653088042049936
2023-05-23,SHSE.600272,开开实业,300,9.48,9.42,2826.0,-18.0,-0.006329113924050633
2023-05-24,SZSE.000691,*ST亚太,700,4.35,4.21,2947.0,-97.99999999999955,-0.032183908045976865
2023-05-24,SHSE.600768,宁波富邦,300,10.61,10.86,3258.0,75.0,0.0235626767200754
2023-05-24,SHSE.600455,博通股份,100,22.83,22.25,2225.0,-58.0,-0.025405168637757335
2023-05-24,SHSE.600272,开开实业,300,9.48,9.35,2805.0,-39.0,-0.013713080168776372
2023-05-25,SHSE.600455,博通股份,100,22.25,21.79,2179.0,-46.0,-0.020674157303370785
2023-05-25,SZSE.000691,*ST亚太,700,4.17,4.22,2954.0,35.0,0.011990407673860911
2023-05-25,SHSE.600768,宁波富邦,300,10.9,10.87,3260.9999999999995,-9.000000000000455,-0.0027522935779817903
2023-05-25,SHSE.600272,开开实业,300,9.35,9.25,2775.0,-30.0,-0.0106951871657754
2023-05-26,SHSE.600455,博通股份,100,22.25,22.16,2216.0,-9.0,-0.004044943820224719
2023-05-26,SZSE.000691,*ST亚太,700,4.17,4.19,2933.0000000000005,14.000000000000455,0.00479616306954452
2023-05-26,SHSE.600768,宁波富邦,300,10.9,10.97,3291.0,21.0,0.006422018348623854
2023-05-26,SHSE.600272,开开实业,300,9.35,9.34,2802.0,-3.0,-0.0010695187165775401
2023-05-29,SHSE.600455,博通股份,100,22.25,22.13,2213.0,-12.0,-0.005393258426966292
2023-05-29,SZSE.000691,*ST亚太,700,4.17,4.1,2869.9999999999995,-49.000000000000455,-0.01678657074340543
2023-05-29,SHSE.600768,宁波富邦,300,10.9,10.93,3279.0,9.0,0.0027522935779816515
2023-05-29,SHSE.600272,开开实业,300,9.35,9.33,2799.0,-6.0,-0.0021390374331550803
2023-05-30,SHSE.600455,博通股份,100,22.25,22.56,2256.0,31.0,0.013932584269662922
2023-05-30,SZSE.000691,*ST亚太,700,4.17,4.15,2905.0000000000005,-13.999999999999545,-0.004796163069544209
2023-05-30,SHSE.600768,宁波富邦,300,10.9,10.82,3246.0,-24.0,-0.007339449541284404
2023-05-30,SHSE.600272,开开实业,300,9.35,9.29,2786.9999999999995,-18.000000000000455,-0.006417112299465403
2023-05-31,SHSE.600455,博通股份,100,22.25,22.31,2231.0,6.0,0.002696629213483146
2023-05-31,SZSE.000691,*ST亚太,700,4.17,4.09,2863.0,-56.0,-0.019184652278177457
2023-05-31,SHSE.600768,宁波富邦,300,10.9,10.79,3236.9999999999995,-33.000000000000455,-0.010091743119266194
2023-05-31,SHSE.600272,开开实业,300,9.35,9.27,2781.0,-24.0,-0.008556149732620321
2023-06-01,SZSE.000691,*ST亚太,800,4.11,4.09,3272.0,-16.000000000000455,-0.0048661800486619385
2023-06-01,SHSE.600455,博通股份,100,22.2,22.84,2284.0,64.0,0.02882882882882883
2023-06-01,SHSE.600768,宁波富邦,300,10.81,10.73,3219.0,-24.0,-0.0074005550416281225
2023-06-01,SHSE.600493,凤竹纺织,600,5.37,5.35,3210.0,-12.0,-0.0037243947858473
2023-06-02,SZSE.000691,*ST亚太,800,4.11,4.14,3311.9999999999995,23.99999999999909,0.007299270072992423
2023-06-02,SHSE.600455,博通股份,100,22.2,22.77,2277.0,57.0,0.025675675675675677
2023-06-02,SHSE.600768,宁波富邦,300,10.81,10.85,3255.0,12.0,0.0037002775208140612
2023-06-02,SHSE.600493,凤竹纺织,600,5.37,5.4,3240.0,18.0,0.00558659217877095
2023-06-05,SZSE.000691,*ST亚太,800,4.11,4.2,3360.0,71.99999999999955,0.02189781021897796
2023-06-05,SHSE.600455,博通股份,100,22.2,23.22,2322.0,102.0,0.04594594594594595
2023-06-05,SHSE.600768,宁波富邦,300,10.81,10.9,3270.0,27.0,0.008325624421831638
2023-06-05,SHSE.600493,凤竹纺织,600,5.37,5.56,3335.9999999999995,113.99999999999955,0.03538175046554921
2023-06-06,SZSE.000691,*ST亚太,800,4.11,4.08,3264.0,-24.000000000000455,-0.007299270072992838
2023-06-06,SHSE.600455,博通股份,100,22.2,22.85,2285.0,65.0,0.02927927927927928
2023-06-06,SHSE.600768,宁波富邦,300,10.81,10.73,3219.0,-24.0,-0.0074005550416281225
2023-06-06,SHSE.600493,凤竹纺织,600,5.37,5.38,3228.0,6.0,0.00186219739292365
2023-06-07,SZSE.000691,*ST亚太,800,4.11,4.15,3320.0000000000005,32.0,0.0097323600973236
2023-06-07,SHSE.600455,博通股份,100,22.2,23.52,2352.0,132.0,0.05945945945945946
2023-06-07,SHSE.600768,宁波富邦,300,10.81,10.68,3204.0,-39.0,-0.012025901942645698
2023-06-07,SHSE.600493,凤竹纺织,600,5.37,5.5,3300.0,78.0,0.024208566108007448
2023-06-08,SZSE.000691,*ST亚太,700,4.15,4.12,2884.0,-21.000000000000455,-0.007228915662650758
2023-06-08,SHSE.600768,宁波富邦,300,10.7,10.58,3174.0,-36.0,-0.011214953271028037
2023-06-08,SHSE.600455,博通股份,100,23.36,23.29,2329.0,-7.0,-0.0029965753424657533
2023-06-08,SHSE.600272,开开实业,300,8.97,9.03,2709.0,18.0,0.006688963210702341
2023-06-09,SZSE.000691,*ST亚太,700,4.15,4.03,2821.0,-84.00000000000045,-0.028915662650602563
2023-06-09,SHSE.600768,宁波富邦,300,10.7,10.41,3123.0,-87.0,-0.027102803738317756
2023-06-09,SHSE.600455,博通股份,100,23.36,23.11,2311.0,-25.0,-0.010702054794520547
2023-06-09,SHSE.600272,开开实业,300,8.97,9.03,2709.0,18.0,0.006688963210702341
2023-06-12,SZSE.000691,*ST亚太,700,4.15,4.13,2891.0,-14.000000000000455,-0.004819277108433891
2023-06-12,SHSE.600768,宁波富邦,300,10.7,10.52,3156.0,-54.0,-0.016822429906542057
2023-06-12,SHSE.600455,博通股份,100,23.36,23.28,2328.0,-8.0,-0.003424657534246575
2023-06-12,SHSE.600272,开开实业,300,8.97,9.01,2703.0,12.0,0.004459308807134894
2023-06-13,SZSE.000691,*ST亚太,700,4.15,4.16,2912.0,6.999999999999545,0.0024096385542167107
2023-06-13,SHSE.600768,宁波富邦,300,10.7,10.63,3189.0000000000005,-20.999999999999545,-0.006542056074766213
2023-06-13,SHSE.600455,博通股份,100,23.36,23.08,2308.0,-28.0,-0.011986301369863013
2023-06-13,SHSE.600272,开开实业,300,8.97,8.96,2688.0000000000005,-2.9999999999995453,-0.0011148272017835546
2023-06-14,SZSE.000691,*ST亚太,700,4.15,4.13,2891.0,-14.000000000000455,-0.004819277108433891
2023-06-14,SHSE.600768,宁波富邦,300,10.7,10.52,3156.0,-54.0,-0.016822429906542057
2023-06-14,SHSE.600455,博通股份,100,23.36,23.05,2305.0,-31.0,-0.013270547945205479
2023-06-14,SHSE.600272,开开实业,300,8.97,9.07,2721.0,30.0,0.011148272017837236
2023-06-15,SZSE.000691,*ST亚太,700,4.14,4.13,2891.0,-7.0,-0.0024154589371980675
2023-06-15,SHSE.600768,宁波富邦,300,10.34,10.35,3105.0,3.0,0.0009671179883945841
2023-06-15,SHSE.600455,博通股份,100,23.07,22.73,2273.0,-34.0,-0.014737754659731253
2023-06-15,SHSE.600272,开开实业,300,9.07,8.91,2673.0,-48.0,-0.017640573318632856
2023-06-16,SZSE.000691,*ST亚太,700,4.14,4.13,2891.0,-7.0,-0.0024154589371980675
2023-06-16,SHSE.600768,宁波富邦,300,10.34,10.33,3099.0,-3.0,-0.0009671179883945841
2023-06-16,SHSE.600455,博通股份,100,23.07,22.76,2276.0,-31.0,-0.013437364542696142
2023-06-16,SHSE.600272,开开实业,300,9.07,8.91,2673.0,-48.0,-0.017640573318632856
2023-06-19,SZSE.000691,*ST亚太,700,4.14,4.06,2841.9999999999995,-56.000000000000455,-0.019323671497584696
2023-06-19,SHSE.600768,宁波富邦,300,10.34,10.2,3060.0,-42.0,-0.013539651837524178
2023-06-19,SHSE.600455,博通股份,100,23.07,22.86,2286.0,-21.0,-0.009102730819245773
2023-06-19,SHSE.600272,开开实业,300,9.07,8.8,2640.0,-81.0,-0.029768467475192944
2023-06-20,SZSE.000691,*ST亚太,700,4.14,3.98,2786.0,-112.0,-0.03864734299516908
2023-06-20,SHSE.600768,宁波富邦,300,10.34,10.17,3051.0,-51.0,-0.01644100580270793
2023-06-20,SHSE.600455,博通股份,100,23.07,22.49,2249.0,-58.0,-0.025140875596012136
2023-06-20,SHSE.600272,开开实业,300,9.07,8.7,2610.0,-111.0,-0.040793825799338476
2023-06-21,SZSE.000691,*ST亚太,700,4.14,3.96,2772.0,-126.0,-0.043478260869565216
2023-06-21,SHSE.600768,宁波富邦,300,10.34,10.12,3035.9999999999995,-66.00000000000045,-0.021276595744680996
2023-06-21,SHSE.600455,博通股份,100,23.07,22.12,2212.0,-95.0,-0.0411790203727785
2023-06-21,SHSE.600272,开开实业,300,9.07,8.58,2574.0,-147.0,-0.05402425578831312
2023-06-26,SHSE.600768,宁波富邦,300,10.06,10.03,3009.0,-9.0,-0.002982107355864811
2023-06-26,SHSE.600455,博通股份,100,22.12,21.57,2157.0,-55.0,-0.024864376130198915
2023-06-26,SHSE.600539,狮头股份,500,6.14,6.08,3040.0,-30.0,-0.009771986970684038
2023-06-26,SHSE.600272,开开实业,300,8.58,8.43,2529.0,-45.0,-0.017482517482517484
2023-06-27,SHSE.600768,宁波富邦,300,10.06,10.35,3105.0,87.0,0.02882703777335984
2023-06-27,SHSE.600455,博通股份,100,22.12,21.9,2190.0,-22.0,-0.009945750452079566
2023-06-27,SHSE.600539,狮头股份,500,6.14,6.28,3140.0,70.0,0.02280130293159609
2023-06-27,SHSE.600272,开开实业,300,8.58,8.71,2613.0000000000005,39.000000000000455,0.015151515151515329
2023-06-28,SHSE.600768,宁波富邦,300,10.06,10.43,3129.0,111.0,0.036779324055666
2023-06-28,SHSE.600455,博通股份,100,22.12,21.74,2174.0,-38.0,-0.017179023508137433
2023-06-28,SHSE.600539,狮头股份,500,6.14,6.3,3150.0,80.0,0.026058631921824105
2023-06-28,SHSE.600272,开开实业,300,8.58,8.79,2636.9999999999995,62.999999999999545,0.0244755244755243
2023-06-29,SHSE.600768,宁波富邦,300,10.06,10.59,3177.0,159.0,0.05268389662027833
2023-06-29,SHSE.600455,博通股份,100,22.12,22.26,2226.0,14.0,0.006329113924050633
2023-06-29,SHSE.600539,狮头股份,500,6.14,6.52,3260.0,190.0,0.06188925081433225
2023-06-29,SHSE.600272,开开实业,300,8.58,8.89,2667.0,93.0,0.03613053613053613
2023-06-30,SHSE.600768,宁波富邦,300,10.06,10.85,3255.0,237.0,0.07852882703777336
2023-06-30,SHSE.600455,博通股份,100,22.12,22.59,2259.0,47.0,0.021247739602169982
2023-06-30,SHSE.600539,狮头股份,500,6.14,6.68,3340.0,270.0,0.08794788273615635
2023-06-30,SHSE.600272,开开实业,300,8.58,9.03,2709.0,135.0,0.05244755244755245
2023-07-03,SHSE.600272,开开实业,300,9.03,9.08,2724.0,15.0,0.005537098560354375
2023-07-03,SHSE.600493,凤竹纺织,500,5.6,5.65,2825.0,25.0,0.008928571428571428
2023-07-03,SHSE.600455,博通股份,100,22.8,22.93,2293.0,13.0,0.005701754385964913
2023-07-03,SHSE.600768,宁波富邦,300,10.9,11.0,3300.0,30.0,0.009174311926605505
2023-07-04,SHSE.600272,开开实业,300,9.03,9.06,2718.0,9.0,0.0033222591362126247
2023-07-04,SHSE.600493,凤竹纺织,500,5.6,5.68,2840.0,40.0,0.014285714285714285
2023-07-04,SHSE.600455,博通股份,100,22.8,23.2,2320.0,40.0,0.017543859649122806
2023-07-04,SHSE.600768,宁波富邦,300,10.9,10.99,3297.0,27.0,0.008256880733944955
2023-07-05,SHSE.600272,开开实业,300,9.03,9.04,2711.9999999999995,2.9999999999995453,0.001107419712070707
2023-07-05,SHSE.600493,凤竹纺织,500,5.6,5.66,2830.0,30.0,0.010714285714285714
2023-07-05,SHSE.600455,博通股份,100,22.8,23.23,2323.0,43.0,0.018859649122807017
2023-07-05,SHSE.600768,宁波富邦,300,10.9,11.05,3315.0,45.0,0.013761467889908258
2023-07-06,SHSE.600272,开开实业,300,9.03,8.99,2697.0,-12.0,-0.004429678848283499
2023-07-06,SHSE.600493,凤竹纺织,500,5.6,5.67,2835.0,35.0,0.0125
2023-07-06,SHSE.600455,博通股份,100,22.8,23.43,2343.0,63.0,0.02763157894736842
2023-07-06,SHSE.600768,宁波富邦,300,10.9,11.09,3327.0,57.0,0.01743119266055046
2023-07-07,SHSE.600272,开开实业,300,9.03,9.01,2703.0,-6.0,-0.0022148394241417496
2023-07-07,SHSE.600493,凤竹纺织,500,5.6,5.72,2860.0,60.0,0.02142857142857143
2023-07-07,SHSE.600455,博通股份,100,22.8,23.24,2324.0,44.0,0.01929824561403509
2023-07-07,SHSE.600768,宁波富邦,300,10.9,11.07,3321.0,51.0,0.015596330275229359
2023-07-10,SHSE.600768,宁波富邦,200,11.24,11.1,2220.0,-28.0,-0.012455516014234875
2023-07-10,SHSE.600272,开开实业,300,9.06,9.05,2715.0,-3.0,-0.0011037527593818985
2023-07-10,SZSE.000691,*ST亚太,600,4.8,4.66,2796.0,-84.0,-0.029166666666666667
2023-07-10,SHSE.600455,博通股份,100,23.43,23.11,2311.0,-32.0,-0.01365770379854887
2023-07-11,SHSE.600768,宁波富邦,200,11.24,11.03,2206.0,-42.0,-0.018683274021352312
2023-07-11,SHSE.600272,开开实业,300,9.06,9.07,2721.0,3.0,0.0011037527593818985
2023-07-11,SZSE.000691,*ST亚太,600,4.8,4.66,2796.0,-84.0,-0.029166666666666667
2023-07-11,SHSE.600455,博通股份,100,23.43,23.17,2317.0,-26.0,-0.011096884336320957
2023-07-12,SHSE.600768,宁波富邦,200,11.24,10.96,2192.0,-56.0,-0.02491103202846975
2023-07-12,SHSE.600272,开开实业,300,9.06,8.98,2694.0,-24.0,-0.008830022075055188
2023-07-12,SZSE.000691,*ST亚太,600,4.8,4.57,2742.0,-138.0,-0.04791666666666667
2023-07-12,SHSE.600455,博通股份,100,23.43,22.9,2290.0,-53.0,-0.022620571916346564
2023-07-13,SHSE.600768,宁波富邦,200,11.24,10.96,2192.0,-56.0,-0.02491103202846975
2023-07-13,SHSE.600272,开开实业,300,9.06,8.99,2697.0,-21.0,-0.00772626931567329
2023-07-13,SZSE.000691,*ST亚太,600,4.8,4.63,2778.0,-102.0,-0.035416666666666666
2023-07-13,SHSE.600455,博通股份,100,23.43,23.09,2309.0,-34.0,-0.014511310285958173
2023-07-14,SHSE.600768,宁波富邦,200,11.24,10.9,2180.0,-68.0,-0.030249110320284697
2023-07-14,SHSE.600272,开开实业,300,9.06,8.97,2691.0,-27.0,-0.009933774834437087
2023-07-14,SZSE.000691,*ST亚太,600,4.8,4.71,2826.0,-54.0,-0.01875
2023-07-14,SHSE.600455,博通股份,100,23.43,23.06,2306.0,-37.0,-0.01579172001707213
2023-07-17,SZSE.000691,*ST亚太,700,4.66,4.72,3304.0,42.0,0.012875536480686695
2023-07-17,SHSE.600768,宁波富邦,300,11.0,10.95,3285.0,-15.0,-0.004545454545454545
2023-07-17,SHSE.600455,博通股份,100,23.13,23.26,2326.0,13.0,0.005620406398616515
2023-07-17,SHSE.600272,开开实业,300,9.04,8.97,2691.0,-20.999999999999545,-0.0077433628318582404
2023-07-18,SZSE.000691,*ST亚太,700,4.66,4.99,3493.0,231.0,0.07081545064377683
2023-07-18,SHSE.600768,宁波富邦,300,11.0,11.09,3327.0,27.0,0.008181818181818182
2023-07-18,SHSE.600455,博通股份,100,23.13,23.2,2320.0,7.0,0.0030263726761781237
2023-07-18,SHSE.600272,开开实业,300,9.04,9.02,2706.0,-5.999999999999545,-0.002212389380530806
2023-07-19,SZSE.000691,*ST亚太,700,4.66,5.04,3528.0,266.0,0.0815450643776824
2023-07-19,SHSE.600768,宁波富邦,300,11.0,11.0,3300.0,0.0,0.0
2023-07-19,SHSE.600455,博通股份,100,23.13,23.3,2330.0,17.0,0.007349762213575443
2023-07-19,SHSE.600272,开开实业,300,9.04,9.02,2706.0,-5.999999999999545,-0.002212389380530806
2023-07-20,SZSE.000691,*ST亚太,700,4.66,4.86,3402.0,140.0,0.04291845493562232
2023-07-20,SHSE.600768,宁波富邦,300,11.0,10.99,3297.0,-3.0,-0.0009090909090909091
2023-07-20,SHSE.600455,博通股份,100,23.13,23.08,2308.0,-5.0,-0.00216169476869866
2023-07-20,SHSE.600272,开开实业,300,9.04,8.97,2691.0,-20.999999999999545,-0.0077433628318582404
2023-07-21,SZSE.000691,*ST亚太,700,4.66,4.87,3409.0,147.0,0.045064377682403435
2023-07-21,SHSE.600768,宁波富邦,300,11.0,10.88,3264.0000000000005,-35.999999999999545,-0.010909090909090771
2023-07-21,SHSE.600455,博通股份,100,23.13,22.91,2291.0,-22.0,-0.009511456982274102
2023-07-21,SHSE.600272,开开实业,300,9.04,9.09,2727.0,15.000000000000455,0.005530973451327602
2023-07-24,SHSE.600455,博通股份,100,22.91,23.23,2323.0,32.0,0.013967699694456569
2023-07-24,SHSE.600768,宁波富邦,300,10.95,10.96,3288.0000000000005,3.0000000000004547,0.0009132420091325585
2023-07-24,SHSE.600272,开开实业,300,9.15,9.25,2775.0,30.0,0.01092896174863388
2023-07-24,SZSE.000691,*ST亚太,600,4.87,4.89,2934.0,12.0,0.004106776180698152
2023-07-25,SHSE.600455,博通股份,100,22.91,23.4,2340.0,49.0,0.02138804015713662
2023-07-25,SHSE.600768,宁波富邦,300,10.95,11.1,3330.0,45.0,0.0136986301369863
2023-07-25,SHSE.600272,开开实业,300,9.15,9.25,2775.0,30.0,0.01092896174863388
2023-07-25,SZSE.000691,*ST亚太,600,4.87,5.07,3042.0,120.0,0.04106776180698152
2023-07-26,SHSE.600455,博通股份,100,22.91,23.44,2344.0,53.0,0.023134002618943692
2023-07-26,SHSE.600768,宁波富邦,300,10.95,11.14,3342.0,57.0,0.017351598173515982
2023-07-26,SHSE.600272,开开实业,300,9.15,9.28,2784.0,39.0,0.014207650273224045
2023-07-26,SZSE.000691,*ST亚太,600,4.87,5.07,3042.0,120.0,0.04106776180698152
2023-07-27,SHSE.600455,博通股份,100,22.91,23.11,2311.0,20.0,0.008729812309035356
2023-07-27,SHSE.600768,宁波富邦,300,10.95,11.11,3333.0,48.0,0.014611872146118721
2023-07-27,SHSE.600272,开开实业,300,9.15,9.27,2781.0,36.0,0.013114754098360656
2023-07-27,SZSE.000691,*ST亚太,600,4.87,4.95,2970.0,48.0,0.01642710472279261
2023-07-28,SHSE.600455,博通股份,100,22.91,23.3,2330.0,39.0,0.017023134002618942
2023-07-28,SHSE.600768,宁波富邦,300,10.95,11.12,3335.9999999999995,50.999999999999545,0.015525114155251003
2023-07-28,SHSE.600272,开开实业,300,9.15,9.36,2808.0,63.0,0.022950819672131147
2023-07-28,SZSE.000691,*ST亚太,600,4.87,4.92,2952.0,30.0,0.01026694045174538
2023-07-31,SHSE.600455,博通股份,100,23.3,23.34,2334.0,4.0,0.0017167381974248926
2023-07-31,SHSE.600768,宁波富邦,200,11.19,11.15,2230.0,-8.0,-0.0035746201966041107
2023-07-31,SHSE.600272,开开实业,300,9.37,9.48,2844.0,33.000000000000455,0.011739594450373696
2023-07-31,SZSE.000691,*ST亚太,600,4.92,4.93,2958.0,6.0,0.0020325203252032522
2023-08-01,SHSE.600455,博通股份,100,23.3,23.05,2305.0,-25.0,-0.01072961373390558
2023-08-01,SHSE.600768,宁波富邦,200,11.19,11.12,2224.0,-14.0,-0.006255585344057194
2023-08-01,SHSE.600272,开开实业,300,9.37,9.35,2805.0,-5.999999999999545,-0.0021344717182495716
2023-08-01,SZSE.000691,*ST亚太,600,4.92,4.95,2970.0,18.0,0.006097560975609756
2023-08-02,SHSE.600455,博通股份,100,23.3,22.76,2276.0,-54.0,-0.02317596566523605
2023-08-02,SHSE.600768,宁波富邦,200,11.19,11.11,2222.0,-16.0,-0.0071492403932082215
2023-08-02,SHSE.600272,开开实业,300,9.37,9.35,2805.0,-5.999999999999545,-0.0021344717182495716
2023-08-02,SZSE.000691,*ST亚太,600,4.92,4.97,2982.0,30.0,0.01016260162601626
2023-08-03,SHSE.600455,博通股份,100,23.3,22.39,2239.0,-91.0,-0.03905579399141631
2023-08-03,SHSE.600768,宁波富邦,200,11.19,11.04,2208.0,-30.0,-0.013404825737265416
2023-08-03,SHSE.600272,开开实业,300,9.37,9.46,2838.0000000000005,27.00000000000091,0.009605122732124124
2023-08-03,SZSE.000691,*ST亚太,600,4.92,4.98,2988.0000000000005,36.000000000000455,0.012195121951219667
2023-08-04,SHSE.600455,博通股份,100,23.3,22.57,2257.0,-73.0,-0.03133047210300429
2023-08-04,SHSE.600768,宁波富邦,200,11.19,10.83,2166.0,-72.0,-0.032171581769437
2023-08-04,SHSE.600272,开开实业,300,9.37,9.33,2799.0,-11.999999999999545,-0.004268943436499305
2023-08-04,SZSE.000691,*ST亚太,600,4.92,4.94,2964.0000000000005,12.000000000000455,0.004065040650406658
2023-08-07,SHSE.600455,博通股份,100,22.55,22.59,2259.0,4.0,0.0017738359201773836
2023-08-07,SHSE.600768,宁波富邦,300,10.82,10.79,3236.9999999999995,-9.000000000000455,-0.0027726432532348905
2023-08-07,SHSE.603813,*ST原尚,200,14.78,14.63,2926.0,-30.0,-0.010148849797023005
2023-08-07,SHSE.600272,开开实业,300,9.31,9.19,2757.0,-36.0,-0.01288936627282492
2023-08-08,SHSE.600455,博通股份,100,22.55,22.66,2266.0,11.0,0.004878048780487805
2023-08-08,SHSE.600768,宁波富邦,300,10.82,10.82,3246.0,0.0,0.0
2023-08-08,SHSE.603813,*ST原尚,200,14.78,14.78,2956.0,0.0,0.0
2023-08-08,SHSE.600272,开开实业,300,9.31,9.38,2814.0000000000005,21.000000000000455,0.007518796992481366
2023-08-09,SHSE.600455,博通股份,100,22.55,22.34,2234.0,-21.0,-0.009312638580931265
2023-08-09,SHSE.600768,宁波富邦,300,10.82,10.67,3201.0,-45.0,-0.013863216266173753
2023-08-09,SHSE.603813,*ST原尚,200,14.78,14.48,2896.0,-60.0,-0.02029769959404601
2023-08-09,SHSE.600272,开开实业,300,9.31,10.32,3096.0,303.0,0.10848549946294307
2023-08-10,SHSE.600455,博通股份,100,22.55,22.43,2243.0,-12.0,-0.005321507760532151
2023-08-10,SHSE.600768,宁波富邦,300,10.82,10.76,3228.0,-18.0,-0.005545286506469501
2023-08-10,SHSE.603813,*ST原尚,200,14.78,14.79,2958.0,2.0,0.0006765899864682003
2023-08-10,SHSE.600272,开开实业,300,9.31,10.72,3216.0,423.0,0.1514500537056928
2023-08-11,SHSE.600455,博通股份,100,22.55,22.08,2208.0,-47.0,-0.020842572062084258
2023-08-11,SHSE.600768,宁波富邦,300,10.82,10.55,3165.0,-81.0,-0.024953789279112754
2023-08-11,SHSE.603813,*ST原尚,200,14.78,14.56,2912.0,-44.0,-0.014884979702300407
2023-08-11,SHSE.600272,开开实业,300,9.31,11.79,3536.9999999999995,743.9999999999995,0.26638023630504815
2023-08-14,SHSE.600539,狮头股份,400,6.72,6.74,2696.0,8.0,0.002976190476190476
2023-08-14,SHSE.603813,*ST原尚,200,14.41,14.63,2926.0,44.0,0.015267175572519083
2023-08-14,SHSE.600455,博通股份,100,22.02,22.66,2266.0,64.0,0.029064486830154404
2023-08-14,SHSE.600768,宁波富邦,300,10.54,10.59,3177.0,15.000000000000455,0.0047438330170779435
2023-08-15,SHSE.600539,狮头股份,400,6.72,6.82,2728.0,40.0,0.01488095238095238
2023-08-15,SHSE.603813,*ST原尚,200,14.41,14.8,2960.0,78.0,0.027064538514920196
2023-08-15,SHSE.600455,博通股份,100,22.02,22.63,2263.0,61.0,0.027702089009990917
2023-08-15,SHSE.600768,宁波富邦,300,10.54,10.54,3161.9999999999995,0.0,0.0
2023-08-16,SHSE.600539,狮头股份,400,6.72,6.84,2736.0,48.0,0.017857142857142856
2023-08-16,SHSE.603813,*ST原尚,200,14.41,14.57,2914.0,32.0,0.011103400416377515
2023-08-16,SHSE.600455,博通股份,100,22.02,22.63,2263.0,61.0,0.027702089009990917
2023-08-16,SHSE.600768,宁波富邦,300,10.54,10.47,3141.0,-20.999999999999545,-0.006641366223908775
2023-08-17,SHSE.600539,狮头股份,400,6.72,6.94,2776.0,88.0,0.03273809523809524
2023-08-17,SHSE.603813,*ST原尚,200,14.41,15.05,3010.0,128.0,0.04441360166551006
2023-08-17,SHSE.600455,博通股份,100,22.02,22.79,2279.0,77.0,0.03496821071752952
2023-08-17,SHSE.600768,宁波富邦,300,10.54,10.74,3222.0,60.000000000000455,0.018975332068311344
2023-08-18,SHSE.600539,狮头股份,400,6.72,6.89,2756.0,68.0,0.025297619047619048
2023-08-18,SHSE.603813,*ST原尚,200,14.41,15.32,3064.0,182.0,0.06315058986814712
2023-08-18,SHSE.600455,博通股份,100,22.02,22.76,2276.0,74.0,0.03360581289736603
2023-08-18,SHSE.600768,宁波富邦,300,10.54,10.78,3234.0,72.00000000000045,0.022770398481973583
2023-08-21,SHSE.600539,狮头股份,400,6.94,7.03,2812.0,36.0,0.012968299711815562
2023-08-21,SHSE.600455,博通股份,100,23.22,23.5,2350.0,28.0,0.012058570198105082
2023-08-21,SHSE.600768,宁波富邦,300,10.89,10.8,3240.0,-27.0,-0.008264462809917356
2023-08-21,SHSE.603813,*ST原尚,200,15.48,15.09,3018.0,-78.0,-0.025193798449612403
2023-08-22,SHSE.600539,狮头股份,400,6.94,6.89,2756.0,-20.0,-0.007204610951008645
2023-08-22,SHSE.600455,博通股份,100,23.22,23.39,2339.0,17.0,0.007321274763135229
2023-08-22,SHSE.600768,宁波富邦,300,10.89,10.59,3177.0,-90.0,-0.027548209366391185
2023-08-22,SHSE.603813,*ST原尚,200,15.48,14.7,2940.0,-156.0,-0.050387596899224806
2023-08-23,SHSE.600539,狮头股份,400,6.94,6.8,2720.0,-56.0,-0.020172910662824207
2023-08-23,SHSE.600455,博通股份,100,23.22,23.22,2322.0,0.0,0.0
2023-08-23,SHSE.600768,宁波富邦,300,10.89,10.42,3126.0,-141.0,-0.04315886134067952
2023-08-23,SHSE.603813,*ST原尚,200,15.48,14.57,2914.0,-182.0,-0.05878552971576227
2023-08-24,SHSE.600539,狮头股份,400,6.94,6.77,2708.0,-68.0,-0.024495677233429394
2023-08-24,SHSE.600455,博通股份,100,23.22,23.65,2365.0,43.0,0.018518518518518517
2023-08-24,SHSE.600768,宁波富邦,300,10.89,10.36,3108.0,-159.0,-0.048668503213957756
2023-08-24,SHSE.603813,*ST原尚,200,15.48,14.41,2882.0,-214.0,-0.06912144702842377
2023-08-25,SHSE.600539,狮头股份,400,6.94,6.61,2644.0,-132.0,-0.04755043227665706
2023-08-25,SHSE.600455,博通股份,100,23.22,22.34,2234.0,-88.0,-0.03789836347975883
2023-08-25,SHSE.600768,宁波富邦,300,10.89,10.07,3021.0,-246.0,-0.07529843893480258
2023-08-25,SHSE.603813,*ST原尚,200,15.48,14.13,2826.0,-270.0,-0.0872093023255814
2023-08-28,SHSE.600137,浪莎股份,200,16.4,15.81,3162.0,-117.99999999999955,-0.035975609756097426
2023-08-28,SHSE.603813,*ST原尚,200,14.89,14.56,2912.0,-66.0,-0.02216252518468771
2023-08-28,SHSE.600455,博通股份,100,22.99,22.37,2237.0,-62.0,-0.026968247063940843
2023-08-28,SHSE.600768,宁波富邦,300,10.65,10.22,3066.0,-129.0,-0.04037558685446009
2023-08-29,SHSE.600137,浪莎股份,200,16.4,16.7,3340.0,60.000000000000455,0.01829268292682941
2023-08-29,SHSE.603813,*ST原尚,200,14.89,15.15,3030.0,52.0,0.017461383478844864
2023-08-29,SHSE.600455,博通股份,100,22.99,23.5,2350.0,51.0,0.02218355806872553
2023-08-29,SHSE.600768,宁波富邦,300,10.65,10.78,3234.0,39.0,0.012206572769953052
2023-08-30,SHSE.600137,浪莎股份,200,16.4,16.99,3397.9999999999995,118.0,0.035975609756097565
2023-08-30,SHSE.603813,*ST原尚,200,14.89,15.49,3098.0,120.0,0.040295500335795834
2023-08-30,SHSE.600455,博通股份,100,22.99,23.63,2363.0,64.0,0.027838190517616355
2023-08-30,SHSE.600768,宁波富邦,300,10.65,10.83,3249.0,54.0,0.016901408450704224
2023-08-31,SHSE.600137,浪莎股份,200,16.4,17.16,3432.0,152.00000000000045,0.04634146341463429
2023-08-31,SHSE.603813,*ST原尚,200,14.89,15.22,3044.0,66.0,0.02216252518468771
2023-08-31,SHSE.600455,博通股份,100,22.99,23.52,2352.0,53.0,0.023053501522401043
2023-08-31,SHSE.600768,宁波富邦,300,10.65,10.73,3219.0,24.0,0.007511737089201878
2023-09-01,SHSE.600137,浪莎股份,200,16.4,17.33,3465.9999999999995,186.0,0.05670731707317074
2023-09-01,SHSE.603813,*ST原尚,200,14.89,15.53,3106.0,128.0,0.042981867024848894
2023-09-01,SHSE.600455,博通股份,100,22.99,23.66,2366.0,67.0,0.029143105698129623
2023-09-01,SHSE.600768,宁波富邦,300,10.65,10.92,3276.0,81.0,0.02535211267605634
2023-09-04,SHSE.600455,博通股份,100,23.66,23.69,2369.0,3.0,0.001267962806424345
2023-09-04,SHSE.600768,宁波富邦,300,10.92,11.14,3342.0,66.0,0.020146520146520148
2023-09-04,SHSE.600689,上海三毛,300,10.13,10.34,3102.0,62.999999999999545,0.020730503455083756
2023-09-04,SHSE.600539,狮头股份,400,6.97,7.05,2820.0,32.0,0.011477761836441894
2023-09-05,SHSE.600455,博通股份,100,23.66,23.55,2355.0,-11.0,-0.004649196956889264
2023-09-05,SHSE.600768,宁波富邦,300,10.92,11.1,3330.0,54.0,0.016483516483516484
2023-09-05,SHSE.600689,上海三毛,300,10.13,10.18,3054.0,14.999999999999545,0.004935834155972209
2023-09-05,SHSE.600539,狮头股份,400,6.97,6.99,2796.0,8.0,0.0028694404591104736
2023-09-06,SHSE.600455,博通股份,100,23.66,23.58,2358.0,-8.0,-0.0033812341504649195
2023-09-06,SHSE.600768,宁波富邦,300,10.92,11.11,3333.0,57.0,0.0173992673992674
2023-09-06,SHSE.600689,上海三毛,300,10.13,10.73,3219.0,179.99999999999955,0.059230009871668154
2023-09-06,SHSE.600539,狮头股份,400,6.97,7.03,2812.0,24.0,0.00860832137733142
2023-09-07,SHSE.600455,博通股份,100,23.66,23.48,2348.0,-18.0,-0.0076077768385460695
2023-09-07,SHSE.600768,宁波富邦,300,10.92,10.95,3285.0,9.0,0.0027472527472527475
2023-09-07,SHSE.600689,上海三毛,300,10.13,10.42,3126.0,86.99999999999955,0.02862783810463953
2023-09-07,SHSE.600539,狮头股份,400,6.97,6.96,2784.0,-4.0,-0.0014347202295552368
2023-09-08,SHSE.600455,博通股份,100,23.66,23.31,2331.0,-35.0,-0.014792899408284023
2023-09-08,SHSE.600768,宁波富邦,300,10.92,10.8,3240.0,-36.0,-0.01098901098901099
2023-09-08,SHSE.600689,上海三毛,300,10.13,10.19,3057.0,17.999999999999545,0.00592300098716668
2023-09-08,SHSE.600539,狮头股份,400,6.97,6.93,2772.0,-16.0,-0.005738880918220947
2023-09-11,SHSE.600768,宁波富邦,300,10.95,10.8,3240.0,-45.0,-0.0136986301369863
2023-09-11,SHSE.600689,上海三毛,300,10.19,9.95,2985.0,-72.0,-0.023552502453385672
2023-09-11,SHSE.600455,博通股份,100,23.36,23.35,2335.0,-1.0,-0.0004280821917808219
2023-09-11,SHSE.600539,狮头股份,400,7.0,6.96,2784.0,-16.0,-0.005714285714285714
2023-09-12,SHSE.600768,宁波富邦,300,10.95,10.65,3195.0,-90.0,-0.0273972602739726
2023-09-12,SHSE.600689,上海三毛,300,10.19,9.8,2940.0,-117.0,-0.038272816486751716
2023-09-12,SHSE.600455,博通股份,100,23.36,23.08,2308.0,-28.0,-0.011986301369863013
2023-09-12,SHSE.600539,狮头股份,400,7.0,6.86,2744.0,-56.0,-0.02
2023-09-13,SHSE.600768,宁波富邦,300,10.95,10.56,3168.0,-117.0,-0.03561643835616438
2023-09-13,SHSE.600689,上海三毛,300,10.19,9.84,2952.0,-105.0,-0.03434739941118744
2023-09-13,SHSE.600455,博通股份,100,23.36,22.85,2285.0,-51.0,-0.02183219178082192
2023-09-13,SHSE.600539,狮头股份,400,7.0,6.79,2716.0,-84.0,-0.03
2023-09-14,SHSE.600768,宁波富邦,300,10.95,10.51,3153.0,-132.0,-0.04018264840182648
2023-09-14,SHSE.600689,上海三毛,300,10.19,9.75,2925.0,-132.0,-0.04317958783120707
2023-09-14,SHSE.600455,博通股份,100,23.36,22.6,2260.0,-76.0,-0.032534246575342464
2023-09-14,SHSE.600539,狮头股份,400,7.0,6.7,2680.0,-120.0,-0.04285714285714286
2023-09-15,SHSE.600768,宁波富邦,300,10.95,10.51,3153.0,-132.0,-0.04018264840182648
2023-09-15,SHSE.600689,上海三毛,300,10.19,10.03,3009.0,-48.0,-0.015701668302257114
2023-09-15,SHSE.600455,博通股份,100,23.36,22.56,2256.0,-80.0,-0.03424657534246575
2023-09-15,SHSE.600539,狮头股份,400,7.0,6.74,2696.0,-104.0,-0.037142857142857144
2023-09-18,SHSE.600539,狮头股份,400,6.79,6.93,2772.0,56.0,0.020618556701030927
2023-09-18,SHSE.600768,宁波富邦,300,10.51,10.8,3240.0,87.0,0.02759276879162702
2023-09-18,SHSE.600689,上海三毛,300,10.08,10.48,3144.0,120.0,0.03968253968253968
2023-09-18,SHSE.600455,博通股份,100,22.54,23.01,2301.0,47.0,0.02085181898846495
2023-09-19,SHSE.600539,狮头股份,400,6.79,6.84,2736.0,20.0,0.007363770250368188
2023-09-19,SHSE.600768,宁波富邦,300,10.51,10.6,3180.0,27.0,0.008563273073263558
2023-09-19,SHSE.600689,上海三毛,300,10.08,10.23,3069.0,45.0,0.01488095238095238
2023-09-19,SHSE.600455,博通股份,100,22.54,22.64,2264.0,10.0,0.0044365572315882874
2023-09-20,SHSE.600539,狮头股份,400,6.79,6.8,2720.0,4.0,0.0014727540500736377
2023-09-20,SHSE.600768,宁波富邦,300,10.51,10.55,3165.0,12.0,0.003805899143672693
2023-09-20,SHSE.600689,上海三毛,300,10.08,10.23,3069.0,45.0,0.01488095238095238
2023-09-20,SHSE.600455,博通股份,100,22.54,22.74,2274.0,20.0,0.008873114463176575
2023-09-21,SHSE.600539,狮头股份,400,6.79,6.72,2688.0,-28.0,-0.010309278350515464
2023-09-21,SHSE.600768,宁波富邦,300,10.51,10.47,3141.0,-12.0,-0.003805899143672693
2023-09-21,SHSE.600689,上海三毛,300,10.08,10.04,3011.9999999999995,-12.000000000000455,-0.003968253968254119
2023-09-21,SHSE.600455,博通股份,100,22.54,22.46,2246.0,-8.0,-0.00354924578527063
2023-09-22,SHSE.600539,狮头股份,400,6.79,6.84,2736.0,20.0,0.007363770250368188
2023-09-22,SHSE.600768,宁波富邦,300,10.51,10.6,3180.0,27.0,0.008563273073263558
2023-09-22,SHSE.600689,上海三毛,300,10.08,10.29,3086.9999999999995,62.999999999999545,0.020833333333333183
2023-09-22,SHSE.600455,博通股份,100,22.54,22.8,2280.0,26.0,0.011535048802129548
2023-09-25,SHSE.600768,宁波富邦,300,10.6,10.5,3150.0,-30.0,-0.009433962264150943
2023-09-25,SHSE.600455,博通股份,100,22.85,22.73,2273.0,-12.0,-0.00525164113785558
2023-09-25,SHSE.600539,狮头股份,400,6.84,6.72,2688.0,-48.0,-0.017543859649122806
2023-09-25,SHSE.600689,上海三毛,300,10.17,10.29,3086.9999999999995,35.999999999999545,0.011799410029498376
2023-09-26,SHSE.600768,宁波富邦,300,10.6,10.43,3129.0,-51.0,-0.016037735849056604
2023-09-26,SHSE.600455,博通股份,100,22.85,22.77,2277.0,-8.0,-0.00350109409190372
2023-09-26,SHSE.600539,狮头股份,400,6.84,6.63,2652.0,-84.0,-0.03070175438596491
2023-09-26,SHSE.600689,上海三毛,300,10.17,10.14,3042.0,-9.0,-0.0029498525073746312
2023-09-27,SHSE.600768,宁波富邦,300,10.6,10.52,3156.0,-24.0,-0.007547169811320755
2023-09-27,SHSE.600455,博通股份,100,22.85,22.85,2285.0,0.0,0.0
2023-09-27,SHSE.600539,狮头股份,400,6.84,6.73,2692.0,-44.0,-0.01608187134502924
2023-09-27,SHSE.600689,上海三毛,300,10.17,10.07,3021.0,-30.0,-0.00983284169124877
2023-09-28,SHSE.600768,宁波富邦,300,10.6,10.71,3213.0000000000005,33.000000000000455,0.010377358490566181
2023-09-28,SHSE.600455,博通股份,100,22.85,23.17,2317.0,32.0,0.01400437636761488
2023-09-28,SHSE.600539,狮头股份,400,6.84,6.82,2728.0,-8.0,-0.0029239766081871343
2023-09-28,SHSE.600689,上海三毛,300,10.17,10.18,3054.0,3.0,0.0009832841691248771
2023-10-09,SHSE.600768,宁波富邦,300,10.6,10.55,3165.0,-15.0,-0.0047169811320754715
2023-10-09,SHSE.600455,博通股份,100,22.85,23.11,2311.0,26.0,0.011378555798687089
2023-10-09,SHSE.600539,狮头股份,400,6.84,6.63,2652.0,-84.0,-0.03070175438596491
2023-10-09,SHSE.600689,上海三毛,300,10.17,9.95,2985.0,-66.0,-0.021632251720747297
2023-10-10,SHSE.600539,狮头股份,500,6.63,6.61,3305.0,-10.0,-0.0030165912518853697
2023-10-10,SHSE.600455,博通股份,100,23.17,23.17,2317.0,0.0,0.0
2023-10-10,SHSE.600689,上海三毛,300,9.98,9.95,2985.0,-9.0,-0.003006012024048096
2023-10-10,SHSE.600768,宁波富邦,300,10.62,10.49,3147.0,-38.999999999999545,-0.012241054613935829
2023-10-11,SHSE.600539,狮头股份,500,6.63,6.6,3300.0,-15.0,-0.004524886877828055
2023-10-11,SHSE.600455,博通股份,100,23.17,23.32,2332.0,15.0,0.006473888649115235
2023-10-11,SHSE.600689,上海三毛,300,9.98,9.95,2985.0,-9.0,-0.003006012024048096
2023-10-11,SHSE.600768,宁波富邦,300,10.62,10.44,3132.0,-53.999999999999545,-0.016949152542372743
2023-10-12,SHSE.600539,狮头股份,500,6.63,6.58,3290.0,-25.0,-0.007541478129713424
2023-10-12,SHSE.600455,博通股份,100,23.17,23.3,2330.0,13.0,0.0056107034958998705
2023-10-12,SHSE.600689,上海三毛,300,9.98,10.25,3075.0,81.0,0.027054108216432865
2023-10-12,SHSE.600768,宁波富邦,300,10.62,10.52,3156.0,-29.999999999999545,-0.009416195856873682
2023-10-13,SHSE.600539,狮头股份,500,6.63,6.46,3230.0,-85.0,-0.02564102564102564
2023-10-13,SHSE.600455,博通股份,100,23.17,22.65,2265.0,-52.0,-0.022442813983599482
2023-10-13,SHSE.600689,上海三毛,300,9.98,9.84,2952.0,-42.0,-0.014028056112224449
2023-10-13,SHSE.600768,宁波富邦,300,10.62,10.3,3090.0,-95.99999999999955,-0.030131826741996093
2023-10-16,SHSE.600539,狮头股份,500,6.63,6.49,3245.0,-70.0,-0.021116138763197588
2023-10-16,SHSE.600455,博通股份,100,23.17,22.62,2262.0,-55.0,-0.023737591713422528
2023-10-16,SHSE.600689,上海三毛,300,9.98,9.96,2988.0000000000005,-5.999999999999545,-0.002004008016031912
2023-10-16,SHSE.600768,宁波富邦,300,10.62,10.37,3110.9999999999995,-75.0,-0.02354048964218456
2023-10-17,SHSE.600455,博通股份,100,22.6,22.77,2277.0,17.0,0.00752212389380531
2023-10-17,SHSE.600539,狮头股份,500,6.5,6.53,3265.0,15.0,0.004615384615384616
2023-10-17,SHSE.600689,上海三毛,300,9.95,10.02,3006.0,21.0,0.007035175879396985
2023-10-17,SHSE.600768,宁波富邦,300,10.43,10.34,3102.0,-27.0,-0.00862895493767977
2023-10-18,SHSE.600455,博通股份,100,22.6,22.21,2221.0,-39.0,-0.017256637168141593
2023-10-18,SHSE.600539,狮头股份,500,6.5,6.39,3195.0,-55.0,-0.016923076923076923
2023-10-18,SHSE.600689,上海三毛,300,9.95,9.66,2898.0,-87.0,-0.02914572864321608
2023-10-18,SHSE.600768,宁波富邦,300,10.43,10.17,3051.0,-78.0,-0.024928092042186004
2023-10-19,SHSE.600455,博通股份,100,22.6,22.15,2215.0,-45.0,-0.01991150442477876
2023-10-19,SHSE.600539,狮头股份,500,6.5,6.39,3195.0,-55.0,-0.016923076923076923
2023-10-19,SHSE.600689,上海三毛,300,9.95,9.44,2832.0,-153.0,-0.05125628140703518
2023-10-19,SHSE.600768,宁波富邦,300,10.43,10.21,3063.0000000000005,-65.99999999999955,-0.021093000958772624
2023-10-20,SHSE.600455,博通股份,100,22.6,21.94,2194.0,-66.0,-0.02920353982300885
2023-10-20,SHSE.600539,狮头股份,500,6.5,6.36,3180.0,-70.0,-0.021538461538461538
2023-10-20,SHSE.600689,上海三毛,300,9.95,9.5,2850.0,-135.0,-0.04522613065326633
2023-10-20,SHSE.600768,宁波富邦,300,10.43,10.2,3060.0,-69.0,-0.02205177372962608
2023-10-23,SHSE.600455,博通股份,100,22.6,21.27,2127.0,-133.0,-0.058849557522123896
2023-10-23,SHSE.600539,狮头股份,500,6.5,6.21,3105.0,-145.0,-0.04461538461538461
2023-10-23,SHSE.600689,上海三毛,300,9.95,9.2,2760.0,-225.0,-0.07537688442211055
2023-10-23,SHSE.600768,宁波富邦,300,10.43,9.9,2970.0,-159.0,-0.05081495685522531
2023-10-24,SHSE.600768,宁波富邦,300,9.92,10.37,3110.9999999999995,134.99999999999955,0.0453629032258063
2023-10-24,SHSE.600455,博通股份,100,21.42,22.46,2246.0,104.0,0.04855275443510738
2023-10-24,SHSE.600689,上海三毛,300,9.3,9.83,2949.0,159.0,0.05698924731182796
2023-10-24,SHSE.600539,狮头股份,500,6.21,6.52,3260.0,155.0,0.0499194847020934
2023-10-25,SHSE.600768,宁波富邦,300,9.92,10.58,3174.0,198.0,0.06653225806451613
2023-10-25,SHSE.600455,博通股份,100,21.42,23.24,2324.0,182.0,0.08496732026143791
2023-10-25,SHSE.600689,上海三毛,300,9.3,10.02,3006.0,216.0,0.07741935483870968
2023-10-25,SHSE.600539,狮头股份,500,6.21,6.67,3335.0,230.0,0.07407407407407407
2023-10-26,SHSE.600768,宁波富邦,300,9.92,10.57,3171.0,195.0,0.0655241935483871
2023-10-26,SHSE.600455,博通股份,100,21.42,23.11,2311.0,169.0,0.07889822595704948
2023-10-26,SHSE.600689,上海三毛,300,9.3,10.09,3027.0,237.0,0.08494623655913978
2023-10-26,SHSE.600539,狮头股份,500,6.21,6.69,3345.0,240.0,0.07729468599033816
2023-10-27,SHSE.600768,宁波富邦,300,9.92,10.62,3185.9999999999995,209.99999999999955,0.07056451612903211
2023-10-27,SHSE.600455,博通股份,100,21.42,23.31,2331.0,189.0,0.08823529411764706
2023-10-27,SHSE.600689,上海三毛,300,9.3,10.48,3144.0,354.0,0.12688172043010754
2023-10-27,SHSE.600539,狮头股份,500,6.21,6.74,3370.0,265.0,0.0853462157809984
2023-10-30,SHSE.600768,宁波富邦,300,9.92,10.74,3222.0,246.0,0.08266129032258064
2023-10-30,SHSE.600455,博通股份,100,21.42,23.01,2301.0,159.0,0.0742296918767507
2023-10-30,SHSE.600689,上海三毛,300,9.3,10.45,3135.0,345.0,0.12365591397849462
2023-10-30,SHSE.600539,狮头股份,500,6.21,6.82,3410.0,305.0,0.09822866344605476
2023-10-31,SZSE.002211,ST宏达,800,3.86,3.88,3104.0,16.0,0.0051813471502590676
2023-10-31,SHSE.600689,上海三毛,300,10.54,10.48,3144.0,-17.999999999999545,-0.005692599620493215
2023-10-31,SHSE.600768,宁波富邦,300,10.74,10.69,3207.0,-15.0,-0.004655493482309125
2023-10-31,SHSE.600455,博通股份,100,22.88,22.98,2298.0,10.0,0.004370629370629371
2023-11-01,SZSE.002211,ST宏达,800,3.86,3.94,3152.0,64.0,0.02072538860103627
2023-11-01,SHSE.600689,上海三毛,300,10.54,10.49,3147.0,-14.999999999999545,-0.0047438330170776555
2023-11-01,SHSE.600768,宁波富邦,300,10.74,10.86,3258.0,36.0,0.0111731843575419
2023-11-01,SHSE.600455,博通股份,100,22.88,23.23,2323.0,35.0,0.015297202797202798
2023-11-02,SZSE.002211,ST宏达,800,3.86,3.95,3160.0,72.0,0.023316062176165803
2023-11-02,SHSE.600689,上海三毛,300,10.54,10.56,3168.0,6.000000000000455,0.0018975332068312636
2023-11-02,SHSE.600768,宁波富邦,300,10.74,10.8,3240.0,18.0,0.00558659217877095
2023-11-02,SHSE.600455,博通股份,100,22.88,23.32,2332.0,44.0,0.019230769230769232
2023-11-03,SZSE.002211,ST宏达,800,3.86,3.88,3104.0,16.0,0.0051813471502590676
2023-11-03,SHSE.600689,上海三毛,300,10.54,10.49,3147.0,-14.999999999999545,-0.0047438330170776555
2023-11-03,SHSE.600768,宁波富邦,300,10.74,10.8,3240.0,18.0,0.00558659217877095
2023-11-03,SHSE.600455,博通股份,100,22.88,23.33,2333.0,45.0,0.019667832167832168
2023-11-06,SZSE.002211,ST宏达,800,3.86,3.95,3160.0,72.0,0.023316062176165803
2023-11-06,SHSE.600689,上海三毛,300,10.54,10.53,3159.0,-2.9999999999995453,-0.0009487666034154161
2023-11-06,SHSE.600768,宁波富邦,300,10.74,10.87,3260.9999999999995,38.999999999999545,0.012104283054003583
2023-11-06,SHSE.600455,博通股份,100,22.88,23.95,2395.0,107.0,0.046765734265734264
2023-11-07,SHSE.600768,宁波富邦,300,10.81,10.97,3291.0,48.0,0.014801110083256245
2023-11-07,SHSE.600455,博通股份,100,24.0,23.99,2399.0,-1.0,-0.0004166666666666667
2023-11-07,SHSE.600689,上海三毛,300,10.53,10.71,3213.0000000000005,54.000000000000455,0.017094017094017238
2023-11-07,SZSE.002211,ST宏达,800,3.95,3.99,3192.0,32.0,0.010126582278481013
2023-11-08,SHSE.600768,宁波富邦,300,10.81,10.94,3282.0,39.0,0.012025901942645698
2023-11-08,SHSE.600455,博通股份,100,24.0,23.99,2399.0,-1.0,-0.0004166666666666667
2023-11-08,SHSE.600689,上海三毛,300,10.53,10.95,3285.0,126.0,0.039886039886039885
2023-11-08,SZSE.002211,ST宏达,800,3.95,3.97,3176.0,16.0,0.005063291139240506
2023-11-09,SHSE.600768,宁波富邦,300,10.81,10.96,3288.0000000000005,45.000000000000455,0.013876040703052869
2023-11-09,SHSE.600455,博通股份,100,24.0,24.0,2400.0,0.0,0.0
2023-11-09,SHSE.600689,上海三毛,300,10.53,10.64,3192.0,33.0,0.010446343779677113
2023-11-09,SZSE.002211,ST宏达,800,3.95,3.94,3152.0,-8.0,-0.002531645569620253
2023-11-10,SHSE.600768,宁波富邦,300,10.81,10.93,3279.0,36.0,0.011100832562442183
2023-11-10,SHSE.600455,博通股份,100,24.0,23.98,2398.0,-2.0,-0.0008333333333333334
2023-11-10,SHSE.600689,上海三毛,300,10.53,10.7,3210.0,51.0,0.016144349477682812
2023-11-10,SZSE.002211,ST宏达,800,3.95,3.98,3184.0,24.0,0.007594936708860759
2023-11-13,SHSE.600768,宁波富邦,300,10.81,11.15,3345.0,102.0,0.03145235892691952
2023-11-13,SHSE.600455,博通股份,100,24.0,24.64,2464.0,64.0,0.02666666666666667
2023-11-13,SHSE.600689,上海三毛,300,10.53,11.03,3309.0,150.0,0.04748338081671415
2023-11-13,SZSE.002211,ST宏达,800,3.95,4.04,3232.0,72.0,0.02278481012658228
2023-11-14,SHSE.600768,宁波富邦,300,11.14,11.08,3324.0,-18.0,-0.005385996409335727
2023-11-14,SHSE.600455,博通股份,100,24.59,24.52,2452.0,-7.0,-0.0028466856445709637
2023-11-14,SHSE.600689,上海三毛,300,11.08,10.76,3228.0,-96.0,-0.02888086642599278
2023-11-14,SZSE.002211,ST宏达,800,4.04,4.0,3200.0,-32.0,-0.009900990099009901
2023-11-15,SHSE.600768,宁波富邦,300,11.14,10.98,3294.0,-48.0,-0.01436265709156194
2023-11-15,SHSE.600455,博通股份,100,24.59,24.51,2451.0,-8.0,-0.0032533550223668157
2023-11-15,SHSE.600689,上海三毛,300,11.08,10.73,3219.0,-105.0,-0.0315884476534296
2023-11-15,SZSE.002211,ST宏达,800,4.04,4.04,3232.0,0.0,0.0
2023-11-16,SHSE.600768,宁波富邦,300,11.14,10.98,3294.0,-48.0,-0.01436265709156194
2023-11-16,SHSE.600455,博通股份,100,24.59,24.38,2438.0,-21.0,-0.00854005693371289
2023-11-16,SHSE.600689,上海三毛,300,11.08,10.88,3264.0000000000005,-59.999999999999545,-0.018050541516245352
2023-11-16,SZSE.002211,ST宏达,800,4.04,3.99,3192.0,-40.0,-0.012376237623762377
2023-11-17,SHSE.600768,宁波富邦,300,11.14,11.15,3345.0,3.0,0.0008976660682226212
2023-11-17,SHSE.600455,博通股份,100,24.59,24.47,2447.0,-12.0,-0.004880032533550223
2023-11-17,SHSE.600689,上海三毛,300,11.08,11.97,3591.0,267.0,0.08032490974729242
2023-11-17,SZSE.002211,ST宏达,800,4.04,4.05,3240.0,8.0,0.0024752475247524753
2023-11-20,SHSE.600768,宁波富邦,300,11.14,11.3,3390.0,48.0,0.01436265709156194
2023-11-20,SHSE.600455,博通股份,100,24.59,26.92,2692.0,233.0,0.0947539650264335
2023-11-20,SHSE.600689,上海三毛,300,11.08,12.6,3780.0,456.0,0.1371841155234657
2023-11-20,SZSE.002211,ST宏达,800,4.04,4.11,3288.0000000000005,56.000000000000455,0.017326732673267467
2023-11-21,SHSE.600768,宁波富邦,200,11.33,11.23,2246.0,-20.0,-0.0088261253309797
2023-11-21,SZSE.002211,ST宏达,800,4.1,4.1,3279.9999999999995,0.0,0.0
2023-11-21,SHSE.600689,上海三毛,200,12.26,11.9,2380.0,-72.0,-0.02936378466557912
2023-11-21,SHSE.603272,联翔股份,100,17.83,17.83,1782.9999999999998,0.0,0.0
2023-11-22,SHSE.600768,宁波富邦,200,11.33,11.33,2266.0,0.0,0.0
2023-11-22,SZSE.002211,ST宏达,800,4.1,4.05,3240.0,-39.999999999999545,-0.012195121951219376
2023-11-22,SHSE.600689,上海三毛,200,12.26,13.09,2618.0,166.0,0.06769983686786298
2023-11-22,SHSE.603272,联翔股份,100,17.83,17.86,1786.0,3.0000000000002274,0.0016825574873809467
2023-11-23,SHSE.600768,宁波富邦,200,11.33,11.35,2270.0,4.0,0.00176522506619594
2023-11-23,SZSE.002211,ST宏达,800,4.1,4.04,3232.0,-47.999999999999545,-0.014634146341463278
2023-11-23,SHSE.600689,上海三毛,200,12.26,12.78,2556.0,104.0,0.04241435562805873
2023-11-23,SHSE.603272,联翔股份,100,17.83,17.85,1785.0000000000002,2.0000000000004547,0.0011217049915874678
2023-11-24,SHSE.600768,宁波富邦,200,11.33,11.26,2252.0,-14.0,-0.00617828773168579
2023-11-24,SZSE.002211,ST宏达,800,4.1,4.02,3215.9999999999995,-64.0,-0.019512195121951223
2023-11-24,SHSE.600689,上海三毛,200,12.26,11.92,2384.0,-68.0,-0.02773246329526917
2023-11-24,SHSE.603272,联翔股份,100,17.83,17.71,1771.0,-11.999999999999773,-0.006730229949523148
2023-11-27,SHSE.600768,宁波富邦,200,11.33,11.22,2244.0,-22.0,-0.009708737864077669
2023-11-27,SZSE.002211,ST宏达,800,4.1,4.02,3215.9999999999995,-64.0,-0.019512195121951223
2023-11-27,SHSE.600689,上海三毛,200,12.26,11.35,2270.0,-182.0,-0.07422512234910278
2023-11-27,SHSE.603272,联翔股份,100,17.83,17.56,1755.9999999999998,-27.0,-0.015143017386427371
2023-11-28,SHSE.600768,宁波富邦,300,11.18,11.48,3444.0,90.0,0.026833631484794274
2023-11-28,SHSE.600455,博通股份,100,24.62,25.03,2503.0,41.0,0.016653127538586516
2023-11-28,SZSE.002211,ST宏达,800,4.02,4.04,3232.0,16.000000000000455,0.004975124378109595
2023-11-28,SHSE.600689,上海三毛,200,11.41,11.5,2300.0,18.0,0.007887817703768623
2023-11-29,SHSE.600768,宁波富邦,300,11.18,11.55,3465.0,111.0,0.03309481216457961
2023-11-29,SHSE.600455,博通股份,100,24.62,25.12,2512.0,50.0,0.020308692120227456
2023-11-29,SZSE.002211,ST宏达,800,4.02,4.04,3232.0,16.000000000000455,0.004975124378109595
2023-11-29,SHSE.600689,上海三毛,200,11.41,11.26,2252.0,-30.0,-0.013146362839614373
2023-11-30,SHSE.600768,宁波富邦,300,11.18,11.43,3429.0,75.0,0.022361359570661897
2023-11-30,SHSE.600455,博通股份,100,24.62,25.02,2502.0,40.0,0.016246953696181964
2023-11-30,SZSE.002211,ST宏达,800,4.02,4.0,3200.0,-15.999999999999545,-0.004975124378109312
2023-11-30,SHSE.600689,上海三毛,200,11.41,11.27,2254.0,-28.0,-0.012269938650306749
2023-12-01,SHSE.600768,宁波富邦,300,11.18,11.4,3420.0,66.0,0.01967799642218247
2023-12-01,SHSE.600455,博通股份,100,24.62,25.63,2563.0,101.0,0.041023558082859464
2023-12-01,SZSE.002211,ST宏达,800,4.02,4.02,3215.9999999999995,0.0,0.0
2023-12-01,SHSE.600689,上海三毛,200,11.41,11.52,2304.0,22.0,0.009640666082383873
2023-12-04,SHSE.600768,宁波富邦,300,11.18,11.7,3510.0,156.0,0.046511627906976744
2023-12-04,SHSE.600455,博通股份,100,24.62,25.9,2590.0,128.0,0.05199025182778229
2023-12-04,SZSE.002211,ST宏达,800,4.02,4.08,3264.0,48.000000000000455,0.014925373134328502
2023-12-04,SHSE.600689,上海三毛,200,11.41,11.55,2310.0,28.0,0.012269938650306749
2023-12-05,SHSE.600768,宁波富邦,200,11.66,11.55,2310.0,-22.0,-0.009433962264150943
2023-12-05,SHSE.600455,博通股份,100,26.0,25.55,2555.0,-45.0,-0.01730769230769231
2023-12-05,SHSE.600689,上海三毛,200,11.55,11.5,2300.0,-10.0,-0.004329004329004329
2023-12-05,SZSE.002211,ST宏达,800,4.07,4.0,3200.0,-56.0,-0.0171990171990172
2023-12-06,SHSE.600768,宁波富邦,200,11.66,11.69,2338.0,6.0,0.002572898799313894
2023-12-06,SHSE.600455,博通股份,100,26.0,25.88,2588.0,-12.0,-0.004615384615384616
2023-12-06,SHSE.600689,上海三毛,200,11.55,12.17,2434.0,124.0,0.05367965367965368
2023-12-06,SZSE.002211,ST宏达,800,4.07,4.04,3232.0,-24.0,-0.007371007371007371
2023-12-07,SHSE.600768,宁波富邦,200,11.66,11.69,2338.0,6.0,0.002572898799313894
2023-12-07,SHSE.600455,博通股份,100,26.0,26.05,2605.0,5.0,0.0019230769230769232
2023-12-07,SHSE.600689,上海三毛,200,11.55,12.69,2538.0,228.0,0.0987012987012987
2023-12-07,SZSE.002211,ST宏达,800,4.07,4.01,3208.0,-48.0,-0.014742014742014743
2023-12-08,SHSE.600768,宁波富邦,200,11.66,11.25,2250.0,-82.0,-0.03516295025728988
2023-12-08,SHSE.600455,博通股份,100,26.0,24.94,2494.0,-106.0,-0.040769230769230766
2023-12-08,SHSE.600689,上海三毛,200,11.55,12.34,2468.0,158.0,0.0683982683982684
2023-12-08,SZSE.002211,ST宏达,800,4.07,3.85,3080.0,-176.0,-0.05405405405405406
2023-12-11,SHSE.600768,宁波富邦,200,11.66,11.27,2254.0,-78.0,-0.03344768439108062
2023-12-11,SHSE.600455,博通股份,100,26.0,25.2,2520.0,-80.0,-0.03076923076923077
2023-12-11,SHSE.600689,上海三毛,200,11.55,12.5,2500.0,190.0,0.08225108225108226
2023-12-11,SZSE.002211,ST宏达,800,4.07,3.85,3080.0,-176.0,-0.05405405405405406
2023-12-12,SZSE.002211,ST宏达,800,3.86,3.89,3112.0,24.0,0.007772020725388601
2023-12-12,SHSE.603272,联翔股份,200,16.98,17.34,3468.0,72.0,0.02120141342756184
2023-12-12,SHSE.600768,宁波富邦,300,11.29,11.29,3386.9999999999995,0.0,0.0
2023-12-12,SHSE.600455,博通股份,100,25.2,26.72,2672.0,152.0,0.06031746031746032
2023-12-13,SZSE.002211,ST宏达,800,3.86,3.91,3128.0,40.0,0.012953367875647668
2023-12-13,SHSE.603272,联翔股份,200,16.98,17.29,3458.0,62.0,0.018256772673733806
2023-12-13,SHSE.600768,宁波富邦,300,11.29,11.36,3408.0,21.000000000000455,0.006200177147918647
2023-12-13,SHSE.600455,博通股份,100,25.2,26.25,2625.0,105.0,0.041666666666666664
2023-12-14,SZSE.002211,ST宏达,800,3.86,3.93,3144.0,56.0,0.018134715025906734
2023-12-14,SHSE.603272,联翔股份,200,16.98,17.07,3414.0,18.0,0.00530035335689046
2023-12-14,SHSE.600768,宁波富邦,300,11.29,11.43,3429.0,42.000000000000455,0.01240035429583716
2023-12-14,SHSE.600455,博通股份,100,25.2,26.17,2617.0,97.0,0.038492063492063494
2023-12-15,SZSE.002211,ST宏达,800,3.86,3.99,3192.0,104.0,0.03367875647668394
2023-12-15,SHSE.603272,联翔股份,200,16.98,17.08,3415.9999999999995,19.999999999999545,0.005889281507655932
2023-12-15,SHSE.600768,宁波富邦,300,11.29,11.54,3461.9999999999995,75.0,0.02214348981399469
2023-12-15,SHSE.600455,博通股份,100,25.2,26.05,2605.0,85.0,0.03373015873015873
2023-12-18,SZSE.002211,ST宏达,800,3.86,3.92,3136.0,48.0,0.015544041450777202
2023-12-18,SHSE.603272,联翔股份,200,16.98,16.95,3390.0,-6.0,-0.0017667844522968198
2023-12-18,SHSE.600768,宁波富邦,300,11.29,11.43,3429.0,42.000000000000455,0.01240035429583716
2023-12-18,SHSE.600455,博通股份,100,25.2,25.53,2553.0,33.0,0.013095238095238096
2023-12-19,SZSE.002211,ST宏达,800,3.92,3.9,3120.0,-16.0,-0.00510204081632653
2023-12-19,SHSE.600455,博通股份,100,25.53,25.9,2590.0,37.0,0.014492753623188406
2023-12-19,SHSE.603272,联翔股份,200,16.94,16.85,3370.0000000000005,-18.0,-0.005312868949232585
2023-12-19,SHSE.600768,宁波富邦,200,11.4,11.54,2308.0,28.0,0.012280701754385965
2023-12-20,SZSE.002211,ST宏达,800,3.92,3.91,3128.0,-8.0,-0.002551020408163265
2023-12-20,SHSE.600455,博通股份,100,25.53,25.37,2537.0,-16.0,-0.00626713670191931
2023-12-20,SHSE.603272,联翔股份,200,16.94,16.81,3361.9999999999995,-26.00000000000091,-0.007674144037780669
2023-12-20,SHSE.600768,宁波富邦,200,11.4,11.55,2310.0,30.0,0.013157894736842105
2023-12-21,SZSE.002211,ST宏达,800,3.92,3.91,3128.0,-8.0,-0.002551020408163265
2023-12-21,SHSE.600455,博通股份,100,25.53,25.19,2519.0,-34.0,-0.013317665491578536
2023-12-21,SHSE.603272,联翔股份,200,16.94,17.09,3418.0,29.999999999999545,0.008854781582054175
2023-12-21,SHSE.600768,宁波富邦,200,11.4,11.69,2338.0,58.0,0.02543859649122807
2023-12-22,SZSE.002211,ST宏达,800,3.92,3.83,3064.0,-72.0,-0.02295918367346939
2023-12-22,SHSE.600455,博通股份,100,25.53,24.43,2443.0,-110.0,-0.04308656482569526
2023-12-22,SHSE.603272,联翔股份,200,16.94,16.96,3392.0,3.9999999999995453,0.0011806375442737736
2023-12-22,SHSE.600768,宁波富邦,200,11.4,11.41,2282.0,2.0,0.0008771929824561404
2023-12-25,SZSE.002211,ST宏达,800,3.92,3.81,3048.0,-88.0,-0.02806122448979592
2023-12-25,SHSE.600455,博通股份,100,25.53,23.96,2396.0,-157.0,-0.06149627888758324
2023-12-25,SHSE.603272,联翔股份,200,16.94,16.54,3308.0,-80.00000000000045,-0.02361275088547829
2023-12-25,SHSE.600768,宁波富邦,200,11.4,11.29,2258.0,-22.0,-0.009649122807017544
2023-12-26,SHSE.603272,联翔股份,200,16.56,16.3,3260.0,-51.999999999999545,-0.015700483091787305
2023-12-26,SZSE.002211,ST宏达,800,3.83,3.77,3016.0,-48.0,-0.015665796344647518
2023-12-26,SHSE.600455,博通股份,100,23.96,23.52,2352.0,-44.0,-0.018363939899833055
2023-12-26,SHSE.600768,宁波富邦,200,11.33,11.17,2234.0,-32.0,-0.01412180052956752
2023-12-27,SHSE.603272,联翔股份,200,16.56,16.45,3290.0,-21.999999999999545,-0.00664251207729455
2023-12-27,SZSE.002211,ST宏达,800,3.83,3.83,3064.0,0.0,0.0
2023-12-27,SHSE.600455,博通股份,100,23.96,23.8,2380.0,-16.0,-0.00667779632721202
2023-12-27,SHSE.600768,宁波富邦,200,11.33,11.24,2248.0,-18.0,-0.00794351279788173
2023-12-28,SHSE.603272,联翔股份,200,16.56,16.7,3340.0,28.000000000000455,0.008454106280193375
2023-12-28,SZSE.002211,ST宏达,800,3.83,3.91,3128.0,64.0,0.020887728459530026
2023-12-28,SHSE.600455,博通股份,100,23.96,24.16,2416.0,20.0,0.008347245409015025
2023-12-28,SHSE.600768,宁波富邦,200,11.33,11.5,2300.0,34.0,0.01500441306266549
2023-12-29,SHSE.603272,联翔股份,200,16.56,16.88,3376.0,64.00000000000045,0.019323671497584682
2023-12-29,SZSE.002211,ST宏达,800,3.83,4.0,3200.0,136.0,0.044386422976501305
2023-12-29,SHSE.600455,博通股份,100,23.96,24.85,2485.0,89.0,0.03714524207011686
2023-12-29,SHSE.600768,宁波富邦,200,11.33,11.85,2370.0,104.0,0.04589585172109444
2024-01-02,SHSE.603272,联翔股份,200,16.56,17.38,3476.0,164.00000000000045,0.04951690821256053
2024-01-02,SZSE.002211,ST宏达,800,3.83,4.13,3304.0,240.0,0.0783289817232376
2024-01-02,SHSE.600455,博通股份,100,23.96,25.52,2552.0,156.0,0.0651085141903172
2024-01-02,SHSE.600768,宁波富邦,200,11.33,12.38,2476.0,210.0,0.09267431597528684
2024-02-07,SZSE.002836,新宏泽,1300,4.91,4.46,5798.0,-585.0,-0.09164969450101833
2024-02-07,SZSE.002857,三晖电气,700,8.89,8.09,5663.0,-560.0,-0.08998875140607424
2024-02-07,SHSE.603320,迪贝电气,700,9.2,8.1,5670.0,-769.9999999999991,-0.11956521739130423
2024-02-07,SZSE.002830,名雕股份,700,8.74,8.02,5614.0,-504.0,-0.08237986270022883
2024-02-08,SZSE.002836,新宏泽,1300,4.91,4.8,6240.0,-143.0,-0.02240325865580448
2024-02-08,SZSE.002857,三晖电气,700,8.89,8.9,6230.0,7.0,0.0011248593925759281
2024-02-08,SHSE.603320,迪贝电气,700,9.2,8.91,6237.0,-202.9999999999991,-0.03152173913043465
2024-02-08,SZSE.002830,名雕股份,700,8.74,8.29,5802.999999999999,-315.0000000000009,-0.05148741418764317
2024-02-19,SZSE.002836,新宏泽,1300,4.91,5.28,6864.0,481.0,0.07535641547861507
2024-02-19,SZSE.002857,三晖电气,700,8.89,9.69,6783.0,560.0,0.08998875140607424
2024-02-19,SHSE.603320,迪贝电气,700,9.2,9.8,6860.000000000001,420.0000000000018,0.06521739130434812
2024-02-19,SZSE.002830,名雕股份,700,8.74,8.95,6264.999999999999,146.9999999999991,0.02402745995423326
2024-02-20,SZSE.002836,新宏泽,1300,4.91,5.32,6916.0,533.0,0.0835030549898167
2024-02-20,SZSE.002857,三晖电气,700,8.89,10.05,7035.000000000001,812.0000000000009,0.1304836895388078
2024-02-20,SHSE.603320,迪贝电气,700,9.2,10.1,7070.0,630.0000000000009,0.0978260869565219
2024-02-20,SZSE.002830,名雕股份,700,8.74,9.02,6314.0,196.0,0.032036613272311214
2024-02-21,SZSE.002836,新宏泽,1300,4.91,5.6,7279.999999999999,896.9999999999991,0.14052953156822795
2024-02-21,SZSE.002857,三晖电气,700,8.89,10.3,7210.000000000001,987.0000000000009,0.158605174353206
2024-02-21,SHSE.603320,迪贝电气,700,9.2,10.35,7245.0,805.0000000000009,0.12500000000000017
2024-02-21,SZSE.002830,名雕股份,700,8.74,9.32,6524.0,406.0,0.06636155606407322
2024-02-22,SHSE.600768,宁波富邦,400,7.79,8.1,3240.0,124.0,0.03979460847240052
2024-02-22,SHSE.600455,博通股份,200,16.66,17.57,3514.0,182.0,0.0546218487394958
2024-02-22,SHSE.603272,联翔股份,300,11.24,11.56,3468.0,96.0,0.028469750889679714
2024-02-22,SZSE.002211,ST宏达,1300,2.66,2.79,3627.0,169.0,0.04887218045112782
2024-02-23,SHSE.600768,宁波富邦,400,7.79,8.51,3404.0,288.0,0.09242618741976893
2024-02-23,SHSE.600455,博通股份,200,16.66,18.5,3700.0,368.0,0.11044417767106843
2024-02-23,SHSE.603272,联翔股份,300,11.24,12.0,3600.0,228.0,0.06761565836298933
2024-02-23,SZSE.002211,ST宏达,1300,2.66,2.94,3822.0,364.0,0.10526315789473684
2024-02-26,SHSE.600768,宁波富邦,400,7.79,8.6,3440.0,324.0,0.10397946084724005
2024-02-26,SHSE.600455,博通股份,200,16.66,18.76,3752.0000000000005,420.00000000000045,0.12605042016806736
2024-02-26,SHSE.603272,联翔股份,300,11.24,12.8,3840.0,468.0,0.1387900355871886
2024-02-26,SZSE.002211,ST宏达,1300,2.66,2.99,3887.0000000000005,429.00000000000045,0.12406015037593998
2024-02-27,SHSE.600768,宁波富邦,400,7.79,8.92,3568.0,452.0,0.14505776636713735
2024-02-27,SHSE.600455,博通股份,200,16.66,19.35,3870.0000000000005,538.0000000000005,0.16146458583433387
2024-02-27,SHSE.603272,联翔股份,300,11.24,13.38,4014.0000000000005,642.0000000000005,0.19039145907473323
2024-02-27,SZSE.002211,ST宏达,1300,2.66,3.11,4043.0,585.0,0.16917293233082706
2024-02-28,SHSE.600768,宁波富邦,400,7.79,8.03,3211.9999999999995,95.99999999999955,0.030808729139922834
2024-02-28,SHSE.600455,博通股份,200,16.66,17.42,3484.0000000000005,152.00000000000045,0.0456182472989197
2024-02-28,SHSE.603272,联翔股份,300,11.24,12.04,3611.9999999999995,239.99999999999955,0.07117437722419916
2024-02-28,SZSE.002211,ST宏达,1300,2.66,2.8,3639.9999999999995,181.99999999999955,0.052631578947368286
2024-02-29,SHSE.600768,宁波富邦,400,7.71,8.22,3288.0000000000005,204.00000000000045,0.06614785992217914
2024-02-29,SHSE.600455,博通股份,200,16.77,17.9,3579.9999999999995,225.99999999999955,0.06738223017292772
2024-02-29,SZSE.000929,*ST兰黄,500,6.3,6.87,3435.0,285.0,0.09047619047619047
2024-02-29,SHSE.600137,浪莎股份,200,12.41,12.9,2580.0,98.0,0.0394842868654311
2024-03-01,SHSE.600768,宁波富邦,400,7.71,8.3,3320.0000000000005,236.00000000000045,0.0765239948119327
2024-03-01,SHSE.600455,博通股份,200,16.77,18.03,3606.0,252.0,0.07513416815742398
2024-03-01,SZSE.000929,*ST兰黄,500,6.3,6.87,3435.0,285.0,0.09047619047619047
2024-03-01,SHSE.600137,浪莎股份,200,12.41,13.11,2622.0,140.0,0.05640612409347301
2024-03-04,SHSE.600768,宁波富邦,400,7.71,8.27,3308.0,224.0,0.07263294422827497
2024-03-04,SHSE.600455,博通股份,200,16.77,18.42,3684.0000000000005,330.00000000000045,0.09838998211091247
2024-03-04,SZSE.000929,*ST兰黄,500,6.3,6.76,3380.0,230.0,0.07301587301587302
2024-03-04,SHSE.600137,浪莎股份,200,12.41,12.98,2596.0,114.0,0.04593070104754231
2024-03-05,SHSE.600768,宁波富邦,400,7.71,8.05,3220.0000000000005,136.00000000000045,0.04409857328145281
2024-03-05,SHSE.600455,博通股份,200,16.77,18.1,3620.0000000000005,266.00000000000045,0.07930828861061433
2024-03-05,SZSE.000929,*ST兰黄,500,6.3,6.59,3295.0,145.0,0.046031746031746035
2024-03-05,SHSE.600137,浪莎股份,200,12.41,12.49,2498.0,16.0,0.0064464141821112
2024-03-06,SHSE.600768,宁波富邦,400,7.71,8.26,3304.0,220.0,0.07133592736705577
2024-03-06,SHSE.600455,博通股份,200,16.77,18.65,3729.9999999999995,375.99999999999955,0.11210494931425151
2024-03-06,SZSE.000929,*ST兰黄,500,6.3,6.78,3390.0,240.0,0.0761904761904762
2024-03-06,SHSE.600137,浪莎股份,200,12.41,12.77,2554.0,72.0,0.029008863819500404
2024-03-07,SHSE.600137,浪莎股份,200,12.74,12.92,2584.0,36.0,0.0141287284144427
2024-03-07,SZSE.000929,*ST兰黄,500,6.79,6.84,3420.0,25.0,0.007363770250368188
2024-03-07,SHSE.600768,宁波富邦,400,8.3,8.27,3308.0,-12.000000000000455,-0.0036144578313254375
2024-03-07,SHSE.600455,博通股份,100,18.55,18.32,1832.0,-23.0,-0.012398921832884097
2024-03-08,SHSE.600137,浪莎股份,200,12.74,12.97,2594.0,46.0,0.01805337519623234
2024-03-08,SZSE.000929,*ST兰黄,500,6.79,6.81,3405.0,10.0,0.0029455081001472753
2024-03-08,SHSE.600768,宁波富邦,400,8.3,8.28,3311.9999999999995,-8.00000000000091,-0.002409638554217141
2024-03-08,SHSE.600455,博通股份,100,18.55,18.45,1845.0,-10.0,-0.005390835579514825
2024-03-11,SHSE.600137,浪莎股份,200,12.74,13.1,2620.0,72.0,0.0282574568288854
2024-03-11,SZSE.000929,*ST兰黄,500,6.79,7.0,3500.0,105.0,0.030927835051546393
2024-03-11,SHSE.600768,宁波富邦,400,8.3,8.59,3436.0,115.99999999999955,0.034939759036144435
2024-03-11,SHSE.600455,博通股份,100,18.55,19.26,1926.0000000000002,71.00000000000023,0.038274932614555376
2024-03-12,SHSE.600137,浪莎股份,200,12.74,13.39,2678.0,130.0,0.05102040816326531
2024-03-12,SZSE.000929,*ST兰黄,500,6.79,7.32,3660.0,265.0,0.0780559646539028
2024-03-12,SHSE.600768,宁波富邦,400,8.3,8.73,3492.0,171.99999999999955,0.05180722891566251
2024-03-12,SHSE.600455,博通股份,100,18.55,19.31,1930.9999999999998,75.99999999999977,0.040970350404312544
2024-03-13,SHSE.600137,浪莎股份,200,12.74,13.4,2680.0,132.0,0.05180533751962323
2024-03-13,SZSE.000929,*ST兰黄,500,6.79,7.69,3845.0,450.0,0.1325478645066274
2024-03-13,SHSE.600768,宁波富邦,400,8.3,8.74,3496.0,175.99999999999955,0.05301204819277094
2024-03-13,SHSE.600455,博通股份,100,18.55,20.3,2030.0,175.0,0.09433962264150944
2024-03-14,SHSE.600137,浪莎股份,200,13.33,13.49,2698.0,32.0,0.012003000750187547
2024-03-14,SHSE.600455,博通股份,100,20.3,20.42,2042.0000000000002,12.000000000000227,0.005911330049261196
2024-03-14,SHSE.600768,宁波富邦,400,8.74,8.79,3515.9999999999995,19.999999999999545,0.005720823798626872
2024-03-14,SHSE.603272,联翔股份,200,12.51,12.43,2486.0,-16.0,-0.006394884092725819
2024-03-15,SHSE.600137,浪莎股份,200,13.33,14.02,2804.0,138.0,0.051762940735183796
2024-03-15,SHSE.600455,博通股份,100,20.3,20.3,2030.0,0.0,0.0
2024-03-15,SHSE.600768,宁波富邦,400,8.74,9.02,3608.0,112.0,0.032036613272311214
2024-03-15,SHSE.603272,联翔股份,200,12.51,12.8,2560.0,58.0,0.023181454836131096
2024-03-18,SHSE.600137,浪莎股份,200,13.33,14.09,2818.0,152.0,0.05701425356339085
2024-03-18,SHSE.600455,博通股份,100,20.3,20.46,2046.0,16.0,0.007881773399014778
2024-03-18,SHSE.600768,宁波富邦,400,8.74,9.25,3700.0,204.0,0.05835240274599542
2024-03-18,SHSE.603272,联翔股份,200,12.51,13.01,2602.0,100.0,0.03996802557953637
2024-03-19,SHSE.600137,浪莎股份,200,13.33,14.06,2812.0,146.0,0.05476369092273068
2024-03-19,SHSE.600455,博通股份,100,20.3,20.45,2045.0,15.0,0.007389162561576354
2024-03-19,SHSE.600768,宁波富邦,400,8.74,9.3,3720.0000000000005,224.00000000000045,0.06407322654462255
2024-03-19,SHSE.603272,联翔股份,200,12.51,13.2,2640.0,138.0,0.05515587529976019
2024-03-20,SHSE.600137,浪莎股份,200,13.33,14.4,2880.0,214.0,0.08027006751687922
2024-03-20,SHSE.600455,博通股份,100,20.3,20.64,2064.0,34.0,0.016748768472906402
2024-03-20,SHSE.600768,宁波富邦,400,8.74,9.56,3824.0,328.0,0.09382151029748284
2024-03-20,SHSE.603272,联翔股份,200,12.51,13.28,2656.0,154.0,0.06155075939248601
2024-03-21,SHSE.600455,博通股份,100,20.65,21.04,2104.0,39.0,0.018886198547215495
2024-03-21,SHSE.600137,浪莎股份,200,14.57,14.27,2854.0,-60.0,-0.02059025394646534
2024-03-21,SHSE.603272,联翔股份,200,13.28,13.26,2652.0,-4.0,-0.0015060240963855422
2024-03-21,SHSE.600768,宁波富邦,300,9.59,9.48,2844.0,-33.0,-0.011470281543274244
2024-03-22,SHSE.600455,博通股份,100,20.65,21.56,2156.0,91.0,0.04406779661016949
2024-03-22,SHSE.600137,浪莎股份,200,14.57,14.01,2802.0,-112.0,-0.038435140700068635
2024-03-22,SHSE.603272,联翔股份,200,13.28,12.99,2598.0,-58.0,-0.021837349397590362
2024-03-22,SHSE.600768,宁波富邦,300,9.59,9.27,2781.0,-96.0,-0.03336809176225235
2024-03-25,SHSE.600455,博通股份,100,20.65,20.52,2052.0,-13.0,-0.006295399515738499
2024-03-25,SHSE.600137,浪莎股份,200,14.57,13.76,2752.0,-162.0,-0.055593685655456415
2024-03-25,SHSE.603272,联翔股份,200,13.28,12.57,2514.0,-142.0,-0.053463855421686746
2024-03-25,SHSE.600768,宁波富邦,300,9.59,9.05,2715.0,-162.0,-0.056308654848800835
2024-03-26,SHSE.600455,博通股份,100,20.65,20.19,2019.0000000000002,-45.99999999999977,-0.022276029055689962
2024-03-26,SHSE.600137,浪莎股份,200,14.57,13.71,2742.0,-172.0,-0.059025394646533974
2024-03-26,SHSE.603272,联翔股份,200,13.28,12.96,2592.0,-64.0,-0.024096385542168676
2024-03-26,SHSE.600768,宁波富邦,300,9.59,9.1,2730.0,-147.0,-0.051094890510948905
2024-03-27,SHSE.600455,博通股份,100,20.65,19.61,1961.0,-104.0,-0.05036319612590799
2024-03-27,SHSE.600137,浪莎股份,200,14.57,13.33,2666.0,-248.0,-0.0851063829787234
2024-03-27,SHSE.603272,联翔股份,200,13.28,12.53,2506.0,-150.0,-0.05647590361445783
2024-03-27,SHSE.600768,宁波富邦,300,9.59,8.88,2664.0000000000005,-212.99999999999955,-0.07403545359749723
2024-03-28,SHSE.600768,宁波富邦,400,8.9,9.08,3632.0,72.0,0.020224719101123594
2024-03-28,SHSE.600455,博通股份,100,19.86,20.3,2030.0,44.0,0.022155085599194362
2024-03-28,SHSE.600137,浪莎股份,200,13.3,13.61,2722.0,62.0,0.02330827067669173
2024-03-28,SHSE.603272,联翔股份,200,12.53,12.8,2560.0,54.0,0.02154828411811652
2024-03-29,SHSE.600768,宁波富邦,400,8.9,9.3,3720.0000000000005,160.00000000000045,0.04494382022471923
2024-03-29,SHSE.600455,博通股份,100,19.86,20.67,2067.0,81.0,0.04078549848942598
2024-03-29,SHSE.600137,浪莎股份,200,13.3,13.84,2768.0,108.0,0.0406015037593985
2024-03-29,SHSE.603272,联翔股份,200,12.53,13.09,2618.0,112.0,0.0446927374301676
2024-04-01,SHSE.600768,宁波富邦,400,8.9,9.59,3836.0,276.0,0.07752808988764046
2024-04-01,SHSE.600455,博通股份,100,19.86,21.1,2110.0,124.0,0.06243705941591138
2024-04-01,SHSE.600137,浪莎股份,200,13.3,14.21,2842.0,182.0,0.06842105263157895
2024-04-01,SHSE.603272,联翔股份,200,12.53,13.4,2680.0,174.0,0.06943335993615324
2024-04-02,SHSE.600768,宁波富邦,400,8.9,9.92,3968.0,408.0,0.1146067415730337
2024-04-02,SHSE.600455,博通股份,100,19.86,21.05,2105.0,119.0,0.05991943605236657
2024-04-02,SHSE.600137,浪莎股份,200,13.3,14.66,2932.0,272.0,0.10225563909774436
2024-04-02,SHSE.603272,联翔股份,200,12.53,13.48,2696.0,190.0,0.07581803671189145
2024-04-03,SHSE.600768,宁波富邦,400,8.9,10.91,4364.0,804.0,0.2258426966292135
2024-04-03,SHSE.600455,博通股份,100,19.86,20.95,2095.0,109.0,0.05488418932527694
2024-04-03,SHSE.600137,浪莎股份,200,13.3,14.58,2916.0,256.0,0.0962406015037594
2024-04-03,SHSE.603272,联翔股份,200,12.53,13.7,2740.0,234.0,0.09337589784517158
2024-05-09,SHSE.600455,博通股份,400,17.88,18.05,7220.0,68.0,0.009507829977628635
2024-05-09,SHSE.600768,宁波富邦,800,8.83,8.91,7128.0,64.0,0.009060022650056626
2024-05-09,SZSE.002652,扬子新材,2900,2.47,2.44,7076.0,-87.00000000000091,-0.012145748987854376
2024-05-09,SHSE.600689,上海三毛,800,8.38,8.39,6712.0,7.9999999999990905,0.0011933174224342316
2024-05-10,SHSE.600455,博通股份,400,17.88,17.65,7059.999999999999,-92.00000000000091,-0.012863534675615339
2024-05-10,SHSE.600768,宁波富邦,800,8.83,8.73,6984.0,-80.0,-0.011325028312570781
2024-05-10,SZSE.002652,扬子新材,2900,2.47,2.42,7018.0,-145.0000000000009,-0.02024291497975721
2024-05-10,SHSE.600689,上海三毛,800,8.38,8.24,6592.0,-112.00000000000091,-0.016706443914081277
2024-05-13,SHSE.600455,博通股份,400,17.88,17.04,6816.0,-336.0,-0.04697986577181208
2024-05-13,SHSE.600768,宁波富邦,800,8.83,8.4,6720.0,-344.0,-0.04869762174405436
2024-05-13,SZSE.002652,扬子新材,2900,2.47,2.35,6815.0,-348.0000000000009,-0.04858299595141712
2024-05-13,SHSE.600689,上海三毛,800,8.38,8.03,6423.999999999999,-280.0000000000018,-0.04176610978520313
2024-05-14,SHSE.600455,博通股份,400,17.88,17.55,7020.0,-132.0,-0.018456375838926176
2024-05-14,SHSE.600768,宁波富邦,800,8.83,8.56,6848.0,-216.0,-0.030577576443941108
2024-05-14,SZSE.002652,扬子新材,2900,2.47,2.42,7018.0,-145.0000000000009,-0.02024291497975721
2024-05-14,SHSE.600689,上海三毛,800,8.38,8.34,6672.0,-32.00000000000091,-0.004773269689737605
2024-05-15,SHSE.600455,博通股份,400,17.88,17.69,7076.000000000001,-75.99999999999909,-0.0106263982102907
2024-05-15,SHSE.600768,宁波富邦,800,8.83,8.71,6968.000000000001,-95.99999999999909,-0.01359003397508481
2024-05-15,SZSE.002652,扬子新材,2900,2.47,2.48,7192.0,28.99999999999909,0.0040485829959512895
2024-05-15,SHSE.600689,上海三毛,800,8.38,8.26,6608.0,-96.00000000000091,-0.014319809069212545
2024-05-16,SZSE.002652,扬子新材,1400,2.46,2.46,3444.0,0.0,0.0
2024-05-16,SHSE.600768,宁波富邦,400,8.66,8.77,3508.0,44.0,0.012702078521939953
2024-05-16,SHSE.600689,上海三毛,400,8.32,8.36,3344.0,16.0,0.004807692307692308
2024-05-16,SHSE.600455,博通股份,200,17.7,18.22,3644.0,104.0,0.02937853107344633
2024-05-17,SZSE.002652,扬子新材,1400,2.46,2.46,3444.0,0.0,0.0
2024-05-17,SHSE.600768,宁波富邦,400,8.66,8.84,3536.0,72.0,0.020785219399538105
2024-05-17,SHSE.600689,上海三毛,400,8.32,8.52,3408.0,80.0,0.02403846153846154
2024-05-17,SHSE.600455,博通股份,200,17.7,18.14,3628.0,88.0,0.024858757062146894
2024-05-20,SZSE.002652,扬子新材,1400,2.46,2.4,3360.0,-84.0,-0.024390243902439025
2024-05-20,SHSE.600768,宁波富邦,400,8.66,9.01,3604.0,140.0,0.04041570438799076
2024-05-20,SHSE.600689,上海三毛,400,8.32,8.34,3336.0,8.0,0.002403846153846154
2024-05-20,SHSE.600455,博通股份,200,17.7,18.02,3604.0,64.0,0.01807909604519774
2024-05-21,SZSE.002652,扬子新材,1400,2.46,2.39,3346.0,-98.0,-0.028455284552845527
2024-05-21,SHSE.600768,宁波富邦,400,8.66,8.88,3552.0000000000005,88.00000000000045,0.02540415704388004
2024-05-21,SHSE.600689,上海三毛,400,8.32,8.23,3292.0,-36.0,-0.010817307692307692
2024-05-21,SHSE.600455,博通股份,200,17.7,17.56,3511.9999999999995,-28.000000000000455,-0.00790960451977414
2024-05-22,SZSE.002652,扬子新材,1400,2.46,2.37,3318.0,-126.0,-0.036585365853658534
2024-05-22,SHSE.600768,宁波富邦,400,8.66,8.78,3511.9999999999995,47.999999999999545,0.013856812933025273
2024-05-22,SHSE.600689,上海三毛,400,8.32,8.24,3296.0,-32.0,-0.009615384615384616
2024-05-22,SHSE.600455,博通股份,200,17.7,17.76,3552.0000000000005,12.000000000000455,0.0033898305084747045
2024-05-23,SHSE.600455,博通股份,200,17.61,17.14,3428.0,-94.0,-0.02668938103350369
2024-05-23,SHSE.600768,宁波富邦,400,8.72,8.46,3384.0000000000005,-104.0,-0.029816513761467885
2024-05-23,SZSE.002652,扬子新材,1500,2.35,2.28,3419.9999999999995,-105.00000000000045,-0.02978723404255332
2024-05-23,SHSE.600689,上海三毛,400,8.21,7.97,3188.0,-96.00000000000045,-0.029232643118148733
2024-05-24,SHSE.600455,博通股份,200,17.61,16.83,3365.9999999999995,-156.00000000000045,-0.04429301533219775
2024-05-24,SHSE.600768,宁波富邦,400,8.72,8.49,3396.0,-92.00000000000045,-0.026376146788990952
2024-05-24,SZSE.002652,扬子新材,1500,2.35,2.3,3449.9999999999995,-75.00000000000045,-0.02127659574468098
2024-05-24,SHSE.600689,上海三毛,400,8.21,7.87,3148.0,-136.00000000000045,-0.041412911084043984
2024-05-27,SHSE.600455,博通股份,200,17.61,17.26,3452.0000000000005,-69.99999999999955,-0.019875070982396235
2024-05-27,SHSE.600768,宁波富邦,400,8.72,8.51,3404.0,-84.00000000000045,-0.024082568807339576
2024-05-27,SZSE.002652,扬子新材,1500,2.35,2.26,3389.9999999999995,-135.00000000000045,-0.038297872340425664
2024-05-27,SHSE.600689,上海三毛,400,8.21,7.94,3176.0,-108.00000000000045,-0.032886723507917305
2024-05-28,SHSE.600455,博通股份,200,17.61,16.77,3354.0,-168.0,-0.04770017035775128
2024-05-28,SHSE.600768,宁波富邦,400,8.72,8.34,3336.0,-152.00000000000045,-0.043577981651376274
2024-05-28,SZSE.002652,扬子新材,1500,2.35,2.2,3300.0000000000005,-224.99999999999955,-0.06382978723404242
2024-05-28,SHSE.600689,上海三毛,400,8.21,7.7,3080.0,-204.00000000000045,-0.0621193666260659
2024-05-29,SHSE.600455,博通股份,200,17.61,17.1,3420.0000000000005,-101.99999999999955,-0.028960817717206003
2024-05-29,SHSE.600768,宁波富邦,400,8.72,8.46,3384.0000000000005,-104.0,-0.029816513761467885
2024-05-29,SZSE.002652,扬子新材,1500,2.35,2.3,3449.9999999999995,-75.00000000000045,-0.02127659574468098
2024-05-29,SHSE.600689,上海三毛,400,8.21,7.78,3112.0,-172.00000000000045,-0.052375152253349704
2024-05-30,SHSE.600455,博通股份,200,16.94,17.03,3406.0,17.999999999999545,0.0053128689492324506
2024-05-30,SHSE.600768,宁波富邦,400,8.53,8.23,3292.0,-119.99999999999955,-0.03516998827667044
2024-05-30,SZSE.002652,扬子新材,1500,2.3,2.28,3419.9999999999995,-30.0,-0.008695652173913045
2024-05-30,SHSE.600689,上海三毛,400,7.78,7.67,3068.0,-44.0,-0.014138817480719794
2024-05-31,SHSE.600455,博通股份,200,16.94,17.09,3418.0,29.999999999999545,0.008854781582054175
2024-05-31,SHSE.600768,宁波富邦,400,8.53,8.18,3272.0,-139.99999999999955,-0.04103165298944888
2024-05-31,SZSE.002652,扬子新材,1500,2.3,2.28,3419.9999999999995,-30.0,-0.008695652173913045
2024-05-31,SHSE.600689,上海三毛,400,7.78,7.68,3072.0,-40.0,-0.012853470437017995
2024-06-03,SHSE.600455,博通股份,200,16.94,16.1,3220.0000000000005,-168.0,-0.04958677685950413
2024-06-03,SHSE.600768,宁波富邦,400,8.53,7.73,3092.0,-319.99999999999955,-0.09378663540445474
2024-06-03,SZSE.002652,扬子新材,1500,2.3,2.19,3285.0,-164.99999999999955,-0.047826086956521616
2024-06-03,SHSE.600689,上海三毛,400,7.78,7.36,2944.0,-168.0,-0.05398457583547558
2024-06-04,SHSE.600455,博通股份,200,16.94,15.61,3122.0,-266.00000000000045,-0.078512396694215
2024-06-04,SHSE.600768,宁波富邦,400,8.53,7.46,2984.0,-427.99999999999955,-0.12543962485345828
2024-06-04,SZSE.002652,扬子新材,1500,2.3,2.09,3135.0,-314.99999999999955,-0.09130434782608683
2024-06-04,SHSE.600689,上海三毛,400,7.78,7.24,2896.0,-216.0,-0.06940874035989718
2024-06-05,SHSE.600455,博通股份,200,16.94,15.34,3068.0,-320.00000000000045,-0.09445100354191276
2024-06-05,SHSE.600768,宁波富邦,400,8.53,7.32,2928.0,-483.99999999999955,-0.14185228604923786
2024-06-05,SZSE.002652,扬子新材,1500,2.3,2.06,3090.0,-359.99999999999955,-0.1043478260869564
2024-06-05,SHSE.600689,上海三毛,400,7.78,6.98,2792.0,-320.0,-0.10282776349614396
2024-06-06,SZSE.000890,法尔胜,1300,2.63,2.46,3198.0,-221.0,-0.06463878326996197
2024-06-06,SZSE.002072,凯瑞德,1000,3.24,2.92,2920.0,-320.0,-0.09876543209876543
2024-06-06,SHSE.600137,浪莎股份,200,12.37,11.69,2338.0,-136.0,-0.0549717057396928
2024-06-06,SZSE.002652,扬子新材,1700,2.06,2.1,3570.0,68.0,0.019417475728155338
2024-06-07,SZSE.000890,法尔胜,1300,2.63,2.62,3406.0,-13.0,-0.0038022813688212928
2024-06-07,SZSE.002072,凯瑞德,1000,3.24,3.21,3210.0,-30.0,-0.009259259259259259
2024-06-07,SHSE.600137,浪莎股份,200,12.37,12.47,2494.0,20.0,0.008084074373484237
2024-06-07,SZSE.002652,扬子新材,1700,2.06,2.17,3689.0,187.0,0.05339805825242718
2024-06-11,SZSE.000890,法尔胜,1300,2.63,2.59,3367.0,-52.0,-0.015209125475285171
2024-06-11,SZSE.002072,凯瑞德,1000,3.24,3.12,3120.0,-120.0,-0.037037037037037035
2024-06-11,SHSE.600137,浪莎股份,200,12.37,12.17,2434.0,-40.0,-0.016168148746968473
2024-06-11,SZSE.002652,扬子新材,1700,2.06,2.26,3841.9999999999995,339.99999999999955,0.09708737864077657
2024-06-12,SZSE.000890,法尔胜,1300,2.63,2.69,3497.0,78.0,0.022813688212927757
2024-06-12,SZSE.002072,凯瑞德,1000,3.24,3.25,3250.0,10.0,0.0030864197530864196
2024-06-12,SHSE.600137,浪莎股份,200,12.37,12.53,2506.0,32.0,0.012934518997574777
2024-06-12,SZSE.002652,扬子新材,1700,2.06,2.29,3893.0,391.0,0.11165048543689321
2024-06-13,SZSE.000890,法尔胜,1300,2.63,2.61,3393.0,-26.0,-0.0076045627376425855
2024-06-13,SZSE.002072,凯瑞德,1000,3.24,3.12,3120.0,-120.0,-0.037037037037037035
2024-06-13,SHSE.600137,浪莎股份,200,12.37,12.5,2500.0,26.0,0.010509296685529508
2024-06-13,SZSE.002652,扬子新材,1700,2.06,2.34,3977.9999999999995,475.99999999999955,0.13592233009708724
2024-06-14,SZSE.002072,凯瑞德,1100,3.18,3.17,3487.0,-11.0,-0.0031446540880503146
2024-06-14,SHSE.600137,浪莎股份,200,12.48,12.47,2494.0,-2.0,-0.0008012820512820513
2024-06-14,SHSE.600689,上海三毛,500,6.96,6.95,3475.0,-5.0,-0.0014367816091954023
2024-06-14,SZSE.000890,法尔胜,1300,2.64,2.63,3419.0,-13.0,-0.003787878787878788
2024-06-17,SZSE.002072,凯瑞德,1100,3.18,3.13,3443.0,-55.0,-0.015723270440251572
2024-06-17,SHSE.600137,浪莎股份,200,12.48,12.18,2436.0,-60.0,-0.02403846153846154
2024-06-17,SHSE.600689,上海三毛,500,6.96,6.77,3385.0,-95.0,-0.027298850574712645
2024-06-17,SZSE.000890,法尔胜,1300,2.64,2.57,3341.0,-91.0,-0.026515151515151516
2024-06-18,SZSE.002072,凯瑞德,1100,3.18,3.17,3487.0,-11.0,-0.0031446540880503146
2024-06-18,SHSE.600137,浪莎股份,200,12.48,12.29,2458.0,-38.0,-0.015224358974358974
2024-06-18,SHSE.600689,上海三毛,500,6.96,6.91,3455.0,-25.0,-0.007183908045977011
2024-06-18,SZSE.000890,法尔胜,1300,2.64,2.63,3419.0,-13.0,-0.003787878787878788
2024-06-19,SZSE.002072,凯瑞德,1100,3.18,3.19,3509.0,11.0,0.0031446540880503146
2024-06-19,SHSE.600137,浪莎股份,200,12.48,12.34,2468.0,-28.0,-0.011217948717948718
2024-06-19,SHSE.600689,上海三毛,500,6.96,6.91,3455.0,-25.0,-0.007183908045977011
2024-06-19,SZSE.000890,法尔胜,1300,2.64,2.67,3471.0,39.0,0.011363636363636364
2024-06-20,SZSE.002072,凯瑞德,1100,3.18,3.09,3399.0,-99.0,-0.02830188679245283
2024-06-20,SHSE.600137,浪莎股份,200,12.48,12.12,2424.0,-72.0,-0.028846153846153848
2024-06-20,SHSE.600689,上海三毛,500,6.96,6.72,3360.0,-120.0,-0.034482758620689655
2024-06-20,SZSE.000890,法尔胜,1300,2.64,2.56,3328.0,-104.0,-0.030303030303030304
2024-06-21,SZSE.002072,凯瑞德,1100,3.05,3.09,3399.0,44.0,0.013114754098360656
2024-06-21,SHSE.600137,浪莎股份,200,12.0,12.13,2426.0,26.0,0.010833333333333334
2024-06-21,SHSE.600689,上海三毛,500,6.69,6.72,3360.0,15.0,0.004484304932735426
2024-06-21,SZSE.000890,法尔胜,1400,2.53,2.52,3528.0,-13.999999999999545,-0.0039525691699603465
2024-06-24,SZSE.002072,凯瑞德,1100,3.05,2.93,3223.0,-132.0,-0.03934426229508197
2024-06-24,SHSE.600137,浪莎股份,200,12.0,11.66,2332.0,-68.0,-0.028333333333333332
2024-06-24,SHSE.600689,上海三毛,500,6.69,6.46,3230.0,-115.0,-0.0343796711509716
2024-06-24,SZSE.000890,法尔胜,1400,2.53,2.39,3346.0,-195.99999999999955,-0.05533596837944652
2024-06-25,SZSE.002072,凯瑞德,1100,3.05,2.91,3201.0,-154.0,-0.04590163934426229
2024-06-25,SHSE.600137,浪莎股份,200,12.0,11.84,2368.0,-32.0,-0.013333333333333334
2024-06-25,SHSE.600689,上海三毛,500,6.69,6.53,3265.0,-80.0,-0.02391629297458894
2024-06-25,SZSE.000890,法尔胜,1400,2.53,2.43,3402.0,-139.99999999999955,-0.03952569169960462
2024-06-26,SZSE.002072,凯瑞德,1100,3.05,3.06,3366.0,11.0,0.003278688524590164
2024-06-26,SHSE.600137,浪莎股份,200,12.0,12.18,2436.0,36.0,0.015
2024-06-26,SHSE.600689,上海三毛,500,6.69,6.78,3390.0,45.0,0.013452914798206279
2024-06-26,SZSE.000890,法尔胜,1400,2.53,2.54,3556.0,14.000000000000455,0.003952569169960603
2024-06-27,SZSE.002072,凯瑞德,1100,3.05,2.95,3245.0,-110.0,-0.03278688524590164
2024-06-27,SHSE.600137,浪莎股份,200,12.0,11.96,2392.0,-8.0,-0.0033333333333333335
2024-06-27,SHSE.600689,上海三毛,500,6.69,6.71,3355.0,10.0,0.0029895366218236174
2024-06-27,SZSE.000890,法尔胜,1400,2.53,2.52,3528.0,-13.999999999999545,-0.0039525691699603465
2024-06-28,SZSE.000890,法尔胜,1400,2.52,2.48,3472.0,-56.0,-0.015873015873015872
2024-06-28,SHSE.600137,浪莎股份,300,11.75,11.87,3560.9999999999995,35.999999999999545,0.01021276595744668
2024-06-28,SHSE.600689,上海三毛,500,6.7,6.75,3375.0,25.0,0.007462686567164179
2024-06-28,SZSE.002072,凯瑞德,1200,2.92,2.82,3384.0,-120.0,-0.03424657534246575
2024-07-01,SZSE.000890,法尔胜,1400,2.52,2.46,3444.0,-84.0,-0.023809523809523808
2024-07-01,SHSE.600137,浪莎股份,300,11.75,11.96,3588.0000000000005,63.000000000000455,0.017872340425532044
2024-07-01,SHSE.600689,上海三毛,500,6.7,6.74,3370.0,20.0,0.005970149253731343
2024-07-01,SZSE.002072,凯瑞德,1200,2.92,2.85,3420.0,-84.0,-0.023972602739726026
2024-07-02,SZSE.000890,法尔胜,1400,2.52,2.55,3569.9999999999995,41.999999999999545,0.011904761904761776
2024-07-02,SHSE.600137,浪莎股份,300,11.75,12.11,3633.0,108.0,0.030638297872340424
2024-07-02,SHSE.600689,上海三毛,500,6.7,6.9,3450.0,100.0,0.029850746268656716
2024-07-02,SZSE.002072,凯瑞德,1200,2.92,2.99,3588.0000000000005,84.00000000000045,0.023972602739726158
2024-07-03,SZSE.000890,法尔胜,1400,2.52,2.68,3752.0,224.0,0.06349206349206349
2024-07-03,SHSE.600137,浪莎股份,300,11.75,12.03,3609.0,84.0,0.023829787234042554
2024-07-03,SHSE.600689,上海三毛,500,6.7,6.85,3425.0,75.0,0.022388059701492536
2024-07-03,SZSE.002072,凯瑞德,1200,2.92,3.0,3600.0,96.0,0.0273972602739726
2024-07-04,SZSE.000890,法尔胜,1400,2.52,2.45,3430.0000000000005,-97.99999999999955,-0.027777777777777648
2024-07-04,SHSE.600137,浪莎股份,300,11.75,11.6,3480.0,-45.0,-0.01276595744680851
2024-07-04,SHSE.600689,上海三毛,500,6.7,6.58,3290.0,-60.0,-0.01791044776119403
2024-07-04,SZSE.002072,凯瑞德,1200,2.92,2.85,3420.0,-84.0,-0.023972602739726026
2024-07-05,SHSE.600137,浪莎股份,300,11.6,11.74,3522.0,42.0,0.01206896551724138
2024-07-05,SHSE.600689,上海三毛,500,6.53,6.67,3335.0,70.0,0.021439509954058193
2024-07-05,SZSE.002072,凯瑞德,1200,2.85,2.92,3504.0,84.0,0.02456140350877193
2024-07-05,SHSE.603709,中源家居,200,12.15,12.11,2422.0,-8.0,-0.0032921810699588477
2024-07-08,SHSE.600137,浪莎股份,300,11.6,11.4,3420.0,-60.0,-0.017241379310344827
2024-07-08,SHSE.600689,上海三毛,500,6.53,6.45,3225.0,-40.0,-0.01225114854517611
2024-07-08,SZSE.002072,凯瑞德,1200,2.85,2.8,3360.0,-60.0,-0.017543859649122806
2024-07-08,SHSE.603709,中源家居,200,12.15,11.79,2358.0,-72.0,-0.02962962962962963
2024-07-09,SHSE.600137,浪莎股份,300,11.6,11.5,3450.0,-30.0,-0.008620689655172414
2024-07-09,SHSE.600689,上海三毛,500,6.53,6.51,3255.0,-10.0,-0.0030627871362940277
2024-07-09,SZSE.002072,凯瑞德,1200,2.85,2.81,3372.0,-48.0,-0.014035087719298246
2024-07-09,SHSE.603709,中源家居,200,12.15,11.85,2370.0,-60.0,-0.024691358024691357
2024-07-10,SHSE.600137,浪莎股份,300,11.6,11.3,3390.0,-90.0,-0.02586206896551724
2024-07-10,SHSE.600689,上海三毛,500,6.53,6.35,3175.0,-90.0,-0.027565084226646247
2024-07-10,SZSE.002072,凯瑞德,1200,2.85,2.73,3276.0,-144.0,-0.042105263157894736
2024-07-10,SHSE.603709,中源家居,200,12.15,11.72,2344.0,-86.0,-0.03539094650205761
2024-07-11,SHSE.600137,浪莎股份,300,11.6,11.78,3534.0,54.0,0.015517241379310345
2024-07-11,SHSE.600689,上海三毛,500,6.53,6.63,3315.0,50.0,0.015313935681470138
2024-07-11,SZSE.002072,凯瑞德,1200,2.85,2.9,3480.0,60.0,0.017543859649122806
2024-07-11,SHSE.603709,中源家居,200,12.15,12.03,2406.0,-24.0,-0.009876543209876543
2024-07-12,SZSE.002072,凯瑞德,1100,3.04,2.97,3267.0,-77.0,-0.023026315789473683
2024-07-12,SHSE.600689,上海三毛,500,6.63,6.67,3335.0,20.0,0.006033182503770739
2024-07-12,SZSE.000890,法尔胜,1300,2.53,2.51,3262.9999999999995,-26.0,-0.00790513833992095
2024-07-12,SHSE.600137,浪莎股份,300,11.73,11.77,3531.0,12.0,0.0034100596760443308
2024-07-15,SZSE.002072,凯瑞德,1100,3.04,2.86,3146.0,-198.0,-0.05921052631578947
2024-07-15,SHSE.600689,上海三毛,500,6.63,6.88,3440.0,125.0,0.03770739064856712
2024-07-15,SZSE.000890,法尔胜,1300,2.53,2.42,3146.0,-142.99999999999955,-0.043478260869565084
2024-07-15,SHSE.600137,浪莎股份,300,11.73,11.53,3459.0,-60.0,-0.017050298380221655
2024-07-16,SZSE.002072,凯瑞德,1100,3.04,2.85,3135.0,-209.0,-0.0625
2024-07-16,SHSE.600689,上海三毛,500,6.63,6.67,3335.0,20.0,0.006033182503770739
2024-07-16,SZSE.000890,法尔胜,1300,2.53,2.4,3120.0,-168.99999999999955,-0.051383399209486036
2024-07-16,SHSE.600137,浪莎股份,300,11.73,11.45,3435.0,-84.0,-0.023870417732310314
2024-07-17,SZSE.002072,凯瑞德,1100,3.04,2.83,3113.0,-231.0,-0.06907894736842106
2024-07-17,SHSE.600689,上海三毛,500,6.63,6.99,3495.0,180.0,0.05429864253393665
2024-07-17,SZSE.000890,法尔胜,1300,2.53,2.32,3016.0,-272.99999999999955,-0.08300395256916983
2024-07-17,SHSE.600137,浪莎股份,300,11.73,11.35,3405.0,-114.0,-0.03239556692242114
2024-07-18,SZSE.002072,凯瑞德,1100,3.04,2.81,3091.0,-253.0,-0.0756578947368421
2024-07-18,SHSE.600689,上海三毛,500,6.63,6.9,3450.0,135.0,0.04072398190045249
2024-07-18,SZSE.000890,法尔胜,1300,2.53,2.55,3314.9999999999995,26.0,0.00790513833992095
2024-07-18,SHSE.600137,浪莎股份,300,11.73,11.24,3372.0,-147.0,-0.041773231031543054
2024-07-19,SZSE.002072,凯瑞德,1200,2.84,2.78,3335.9999999999995,-72.00000000000045,-0.021126760563380417
2024-07-19,SHSE.600689,上海三毛,500,6.76,6.73,3365.0,-15.0,-0.004437869822485207
2024-07-19,SZSE.000890,法尔胜,1300,2.59,2.49,3237.0000000000005,-129.99999999999955,-0.03861003861003848
2024-07-19,SHSE.603709,中源家居,400,8.5,8.5,3400.0,0.0,0.0
2024-07-22,SZSE.002072,凯瑞德,1200,2.84,2.85,3420.0,12.0,0.0035211267605633804
2024-07-22,SHSE.600689,上海三毛,500,6.76,6.58,3290.0,-90.0,-0.026627218934911243
2024-07-22,SZSE.000890,法尔胜,1300,2.59,2.53,3288.9999999999995,-78.00000000000045,-0.0231660231660233
2024-07-22,SHSE.603709,中源家居,400,8.5,8.63,3452.0000000000005,52.000000000000455,0.015294117647058958
2024-07-23,SZSE.002072,凯瑞德,1200,2.84,2.83,3396.0,-12.0,-0.0035211267605633804
2024-07-23,SHSE.600689,上海三毛,500,6.76,6.65,3325.0,-55.0,-0.016272189349112426
2024-07-23,SZSE.000890,法尔胜,1300,2.59,2.48,3224.0,-143.0,-0.04247104247104247
2024-07-23,SHSE.603709,中源家居,400,8.5,8.51,3404.0,4.0,0.001176470588235294
2024-07-24,SZSE.002072,凯瑞德,1200,2.84,2.76,3311.9999999999995,-96.00000000000045,-0.028169014084507175
2024-07-24,SHSE.600689,上海三毛,500,6.76,7.32,3660.0,280.0,0.08284023668639054
2024-07-24,SZSE.000890,法尔胜,1300,2.59,2.44,3172.0,-195.0,-0.05791505791505792
2024-07-24,SHSE.603709,中源家居,400,8.5,8.31,3324.0,-76.0,-0.02235294117647059
2024-07-25,SZSE.002072,凯瑞德,1200,2.84,2.74,3288.0000000000005,-119.99999999999955,-0.03521126760563367
2024-07-25,SHSE.600689,上海三毛,500,6.76,7.44,3720.0,340.0,0.10059171597633136
2024-07-25,SZSE.000890,法尔胜,1300,2.59,2.42,3146.0,-221.0,-0.06563706563706563
2024-07-25,SHSE.603709,中源家居,400,8.5,8.38,3352.0000000000005,-47.999999999999545,-0.014117647058823396
2024-07-26,SHSE.600689,上海三毛,400,7.31,7.32,2928.0,4.0,0.0013679890560875513
2024-07-26,SHSE.603709,中源家居,400,8.38,8.63,3452.0000000000005,100.0,0.029832935560859183
2024-07-26,SZSE.000890,法尔胜,1400,2.41,2.43,3402.0,28.0,0.008298755186721992
2024-07-26,SZSE.002072,凯瑞德,1200,2.75,2.82,3384.0,84.0,0.025454545454545455
2024-07-29,SHSE.600689,上海三毛,400,7.31,7.62,3048.0,124.0,0.04240766073871409
2024-07-29,SHSE.603709,中源家居,400,8.38,8.75,3500.0,147.99999999999955,0.044152744630071454
2024-07-29,SZSE.000890,法尔胜,1400,2.41,2.45,3430.0000000000005,56.000000000000455,0.01659751037344412
2024-07-29,SZSE.002072,凯瑞德,1200,2.75,2.86,3432.0,132.0,0.04
2024-07-30,SHSE.600689,上海三毛,400,7.31,7.63,3052.0,128.0,0.04377564979480164
2024-07-30,SHSE.603709,中源家居,400,8.38,8.84,3536.0,183.99999999999955,0.05489260143198076
2024-07-30,SZSE.000890,法尔胜,1400,2.41,2.48,3472.0,98.0,0.029045643153526972
2024-07-30,SZSE.002072,凯瑞德,1200,2.75,2.91,3492.0,192.0,0.05818181818181818
2024-07-31,SHSE.600689,上海三毛,400,7.31,7.63,3052.0,128.0,0.04377564979480164
2024-07-31,SHSE.603709,中源家居,400,8.38,9.15,3660.0,307.99999999999955,0.09188544152744615
2024-07-31,SZSE.000890,法尔胜,1400,2.41,2.56,3584.0,210.0,0.06224066390041494
2024-07-31,SZSE.002072,凯瑞德,1200,2.75,3.02,3624.0,324.0,0.09818181818181818
2024-08-01,SHSE.600689,上海三毛,400,7.31,7.74,3096.0,172.0,0.058823529411764705
2024-08-01,SHSE.603709,中源家居,400,8.38,9.18,3672.0,319.99999999999955,0.09546539379474925
2024-08-01,SZSE.000890,法尔胜,1400,2.41,2.56,3584.0,210.0,0.06224066390041494
2024-08-01,SZSE.002072,凯瑞德,1200,2.75,3.07,3684.0,384.0,0.11636363636363636
2024-08-02,SZSE.000890,法尔胜,1400,2.54,2.54,3556.0,0.0,0.0
2024-08-02,SHSE.600689,上海三毛,400,7.77,7.4,2960.0,-148.0,-0.047619047619047616
2024-08-02,SHSE.600137,浪莎股份,300,11.66,11.7,3510.0,12.0,0.003430531732418525
2024-08-02,SHSE.603709,中源家居,300,9.19,9.04,2711.9999999999995,-45.000000000000455,-0.016322089227421274
2024-08-05,SZSE.000890,法尔胜,1400,2.54,2.46,3444.0,-112.0,-0.031496062992125984
2024-08-05,SHSE.600689,上海三毛,400,7.77,7.01,2804.0,-304.0,-0.0978120978120978
2024-08-05,SHSE.600137,浪莎股份,300,11.66,11.46,3438.0000000000005,-59.999999999999545,-0.017152658662092493
2024-08-05,SHSE.603709,中源家居,300,9.19,8.77,2631.0,-126.0,-0.04570184983677911
2024-08-06,SZSE.000890,法尔胜,1400,2.54,2.54,3556.0,0.0,0.0
2024-08-06,SHSE.600689,上海三毛,400,7.77,7.24,2896.0,-212.0,-0.0682110682110682
2024-08-06,SHSE.600137,浪莎股份,300,11.66,11.71,3513.0000000000005,15.000000000000455,0.004288164665523286
2024-08-06,SHSE.603709,中源家居,300,9.19,8.99,2697.0,-60.0,-0.02176278563656148
2024-08-07,SZSE.000890,法尔胜,1400,2.54,2.57,3598.0,42.0,0.011811023622047244
2024-08-07,SHSE.600689,上海三毛,400,7.77,7.18,2872.0,-236.0,-0.07593307593307594
2024-08-07,SHSE.600137,浪莎股份,300,11.66,11.74,3522.0,24.0,0.00686106346483705
2024-08-07,SHSE.603709,中源家居,300,9.19,8.99,2697.0,-60.0,-0.02176278563656148
2024-08-08,SZSE.000890,法尔胜,1400,2.54,2.7,3780.0000000000005,224.00000000000045,0.06299212598425209
2024-08-08,SHSE.600689,上海三毛,400,7.77,7.21,2884.0,-224.0,-0.07207207207207207
2024-08-08,SHSE.600137,浪莎股份,300,11.66,11.79,3536.9999999999995,38.999999999999545,0.011149228130360076
2024-08-08,SHSE.603709,中源家居,300,9.19,9.12,2735.9999999999995,-21.000000000000455,-0.007616974972796683
2024-08-09,SHSE.600689,上海三毛,400,7.21,7.03,2812.0,-72.0,-0.024965325936199722
2024-08-09,SHSE.600137,浪莎股份,200,11.86,11.69,2338.0,-34.0,-0.01433389544688027
2024-08-09,SHSE.603709,中源家居,300,9.19,9.12,2735.9999999999995,-21.000000000000455,-0.007616974972796683
2024-08-09,SZSE.000890,法尔胜,1300,2.65,2.76,3587.9999999999995,142.99999999999955,0.04150943396226402
2024-08-12,SHSE.600689,上海三毛,400,7.21,6.86,2744.0,-140.0,-0.04854368932038835
2024-08-12,SHSE.600137,浪莎股份,200,11.86,11.81,2362.0,-10.0,-0.0042158516020236085
2024-08-12,SHSE.603709,中源家居,300,9.19,8.95,2685.0,-72.0,-0.026115342763873776
2024-08-12,SZSE.000890,法尔胜,1300,2.65,2.71,3523.0,78.0,0.022641509433962263
2024-08-13,SHSE.600689,上海三毛,400,7.21,6.91,2764.0,-120.0,-0.04160887656033287
2024-08-13,SHSE.600137,浪莎股份,200,11.86,11.93,2386.0,14.0,0.005902192242833052
2024-08-13,SHSE.603709,中源家居,300,9.19,8.99,2697.0,-60.0,-0.02176278563656148
2024-08-13,SZSE.000890,法尔胜,1300,2.65,2.67,3471.0,26.0,0.007547169811320755
2024-08-14,SHSE.600689,上海三毛,400,7.21,6.88,2752.0,-132.0,-0.04576976421636616
2024-08-14,SHSE.600137,浪莎股份,200,11.86,11.82,2364.0,-8.0,-0.003372681281618887
2024-08-14,SHSE.603709,中源家居,300,9.19,8.99,2697.0,-60.0,-0.02176278563656148
2024-08-14,SZSE.000890,法尔胜,1300,2.65,2.94,3822.0,377.0,0.10943396226415095
2024-08-15,SHSE.600689,上海三毛,400,7.21,6.94,2776.0,-108.0,-0.03744798890429958
2024-08-15,SHSE.600137,浪莎股份,200,11.86,11.83,2366.0,-6.0,-0.002529510961214165
2024-08-15,SHSE.603709,中源家居,300,9.19,9.13,2739.0000000000005,-17.999999999999545,-0.006528835690968279
2024-08-15,SZSE.000890,法尔胜,1300,2.65,2.96,3848.0,403.0,0.1169811320754717
2024-08-16,SHSE.600689,上海三毛,500,6.89,6.83,3415.0,-30.0,-0.008708272859216255
2024-08-16,SHSE.603709,中源家居,300,9.13,8.95,2685.0,-54.000000000000455,-0.019715224534501807
2024-08-16,SHSE.600137,浪莎股份,300,11.84,11.71,3513.0000000000005,-38.999999999999545,-0.010979729729729602
2024-08-16,SZSE.000890,法尔胜,1200,2.84,2.75,3300.0,-108.0,-0.03169014084507042
2024-08-19,SHSE.600689,上海三毛,500,6.89,6.9,3450.0,5.0,0.001451378809869376
2024-08-19,SHSE.603709,中源家居,300,9.13,8.85,2655.0,-84.00000000000045,-0.030668127053669385
2024-08-19,SHSE.600137,浪莎股份,300,11.84,11.82,3546.0,-6.0,-0.0016891891891891893
2024-08-19,SZSE.000890,法尔胜,1200,2.84,2.8,3360.0,-48.0,-0.014084507042253521
2024-08-20,SHSE.600689,上海三毛,500,6.89,6.7,3350.0,-95.0,-0.027576197387518143
2024-08-20,SHSE.603709,中源家居,300,9.13,8.65,2595.0,-144.00000000000045,-0.05257393209200454
2024-08-20,SHSE.600137,浪莎股份,300,11.84,11.61,3483.0,-69.0,-0.019425675675675675
2024-08-20,SZSE.000890,法尔胜,1200,2.84,2.67,3204.0,-204.0,-0.05985915492957746
2024-08-21,SHSE.600689,上海三毛,500,6.89,6.65,3325.0,-120.0,-0.03483309143686502
2024-08-21,SHSE.603709,中源家居,300,9.13,8.56,2568.0,-171.00000000000045,-0.06243154435925536
2024-08-21,SHSE.600137,浪莎股份,300,11.84,11.65,3495.0,-57.0,-0.016047297297297296
2024-08-21,SZSE.000890,法尔胜,1200,2.84,2.6,3120.0,-288.0,-0.08450704225352113
2024-08-22,SHSE.600689,上海三毛,500,6.89,6.65,3325.0,-120.0,-0.03483309143686502
2024-08-22,SHSE.603709,中源家居,300,9.13,8.56,2568.0,-171.00000000000045,-0.06243154435925536
2024-08-22,SHSE.600137,浪莎股份,300,11.84,11.56,3468.0,-84.0,-0.02364864864864865
2024-08-22,SZSE.000890,法尔胜,1200,2.84,2.51,3011.9999999999995,-396.00000000000045,-0.11619718309859169
2024-08-23,SZSE.000890,法尔胜,1400,2.49,2.42,3388.0,-98.00000000000045,-0.028112449799196915
2024-08-23,SZSE.001211,双枪科技,200,14.6,14.31,2862.0,-58.0,-0.01986301369863014
2024-08-23,SHSE.603709,中源家居,400,8.48,8.38,3352.0000000000005,-39.999999999999545,-0.011792452830188545
2024-08-23,SHSE.600493,凤竹纺织,800,4.17,4.07,3256.0,-80.0,-0.023980815347721823
2024-08-26,SZSE.000890,法尔胜,1400,2.49,2.46,3444.0,-42.000000000000455,-0.012048192771084466
2024-08-26,SZSE.001211,双枪科技,200,14.6,14.59,2918.0,-2.0,-0.0006849315068493151
2024-08-26,SHSE.603709,中源家居,400,8.48,8.52,3408.0,16.0,0.0047169811320754715
2024-08-26,SHSE.600493,凤竹纺织,800,4.17,4.16,3328.0,-8.0,-0.002398081534772182
2024-08-27,SZSE.000890,法尔胜,1400,2.49,2.42,3388.0,-98.00000000000045,-0.028112449799196915
2024-08-27,SZSE.001211,双枪科技,200,14.6,14.37,2874.0,-46.0,-0.015753424657534248
2024-08-27,SHSE.603709,中源家居,400,8.48,8.42,3368.0,-24.0,-0.007075471698113208
2024-08-27,SHSE.600493,凤竹纺织,800,4.17,4.13,3304.0,-32.0,-0.009592326139088728
2024-08-28,SZSE.000890,法尔胜,1400,2.49,2.45,3430.0000000000005,-56.0,-0.01606425702811245
2024-08-28,SZSE.001211,双枪科技,200,14.6,14.71,2942.0,22.0,0.007534246575342466
2024-08-28,SHSE.603709,中源家居,400,8.48,8.66,3464.0,72.0,0.02122641509433962
2024-08-28,SHSE.600493,凤竹纺织,800,4.17,4.17,3336.0,0.0,0.0
2024-08-29,SZSE.000890,法尔胜,1400,2.49,2.48,3472.0,-14.000000000000455,-0.004016064257028242
2024-08-29,SZSE.001211,双枪科技,200,14.6,14.86,2972.0,52.0,0.01780821917808219
2024-08-29,SHSE.603709,中源家居,400,8.48,8.5,3400.0,8.0,0.0023584905660377358
2024-08-29,SHSE.600493,凤竹纺织,800,4.17,4.25,3400.0,64.0,0.019184652278177457
2024-08-30,SHSE.600689,上海三毛,500,6.64,6.73,3365.0,45.0,0.01355421686746988
2024-08-30,SHSE.603709,中源家居,400,8.47,8.66,3464.0,75.99999999999955,0.022432113341204114
2024-08-30,SZSE.001211,双枪科技,200,14.85,15.06,3012.0,42.0,0.014141414141414142
2024-08-30,SHSE.600137,浪莎股份,200,11.82,11.82,2364.0,0.0,0.0
2024-09-02,SHSE.600689,上海三毛,500,6.64,6.62,3310.0,-10.0,-0.0030120481927710845
2024-09-02,SHSE.603709,中源家居,400,8.47,8.53,3411.9999999999995,23.99999999999909,0.007083825265643178
2024-09-02,SZSE.001211,双枪科技,200,14.85,14.97,2994.0,24.0,0.00808080808080808
2024-09-02,SHSE.600137,浪莎股份,200,11.82,11.72,2344.0,-20.0,-0.008460236886632826
2024-09-03,SHSE.600689,上海三毛,500,6.64,6.7,3350.0,30.0,0.009036144578313253
2024-09-03,SHSE.603709,中源家居,400,8.47,8.66,3464.0,75.99999999999955,0.022432113341204114
2024-09-03,SZSE.001211,双枪科技,200,14.85,14.93,2986.0,16.0,0.0053872053872053875
2024-09-03,SHSE.600137,浪莎股份,200,11.82,11.76,2352.0,-12.0,-0.005076142131979695
2024-09-04,SHSE.600689,上海三毛,500,6.64,6.77,3385.0,65.0,0.01957831325301205
2024-09-04,SHSE.603709,中源家居,400,8.47,8.42,3368.0,-20.000000000000455,-0.005903187721369673
2024-09-04,SZSE.001211,双枪科技,200,14.85,14.65,2930.0,-40.0,-0.013468013468013467
2024-09-04,SHSE.600137,浪莎股份,200,11.82,11.63,2326.0,-38.0,-0.016074450084602367
2024-09-05,SHSE.600689,上海三毛,500,6.64,6.77,3385.0,65.0,0.01957831325301205
2024-09-05,SHSE.603709,中源家居,400,8.47,8.5,3400.0,11.999999999999545,0.003541912632821589
2024-09-05,SZSE.001211,双枪科技,200,14.85,14.86,2972.0,2.0,0.0006734006734006734
2024-09-05,SHSE.600137,浪莎股份,200,11.82,11.77,2354.0,-10.0,-0.004230118443316413
2024-09-06,SHSE.600689,上海三毛,500,6.87,6.96,3480.0,45.0,0.013100436681222707
2024-09-06,SZSE.001211,双枪科技,200,14.87,14.46,2892.0,-82.0,-0.02757229320780094
2024-09-06,SHSE.600137,浪莎股份,300,11.78,11.58,3474.0,-60.0,-0.01697792869269949
2024-09-06,SHSE.603709,中源家居,400,8.5,8.26,3304.0,-96.0,-0.02823529411764706
2024-09-09,SHSE.600689,上海三毛,500,6.87,7.18,3590.0,155.0,0.04512372634643377
2024-09-09,SZSE.001211,双枪科技,200,14.87,14.56,2912.0,-62.0,-0.020847343644922665
2024-09-09,SHSE.600137,浪莎股份,300,11.78,11.65,3495.0,-39.0,-0.011035653650254669
2024-09-09,SHSE.603709,中源家居,400,8.5,8.24,3296.0,-104.0,-0.03058823529411765
2024-09-10,SHSE.600689,上海三毛,500,6.87,7.09,3545.0,110.0,0.03202328966521106
2024-09-10,SZSE.001211,双枪科技,200,14.87,14.76,2952.0,-22.0,-0.007397444519166106
2024-09-10,SHSE.600137,浪莎股份,300,11.78,11.72,3516.0,-18.0,-0.0050933786078098476
2024-09-10,SHSE.603709,中源家居,400,8.5,8.3,3320.0000000000005,-79.99999999999955,-0.02352941176470575
2024-09-11,SHSE.600689,上海三毛,500,6.87,6.82,3410.0,-25.0,-0.00727802037845706
2024-09-11,SZSE.001211,双枪科技,200,14.87,14.6,2920.0,-54.0,-0.01815736381977135
2024-09-11,SHSE.600137,浪莎股份,300,11.78,11.62,3485.9999999999995,-48.000000000000455,-0.01358234295415972
2024-09-11,SHSE.603709,中源家居,400,8.5,8.12,3247.9999999999995,-152.00000000000045,-0.04470588235294131
2024-09-12,SHSE.600689,上海三毛,500,6.87,6.7,3350.0,-85.0,-0.024745269286754003
2024-09-12,SZSE.001211,双枪科技,200,14.87,14.57,2914.0,-60.0,-0.020174848688634835
2024-09-12,SHSE.600137,浪莎股份,300,11.78,11.62,3485.9999999999995,-48.000000000000455,-0.01358234295415972
2024-09-12,SHSE.603709,中源家居,400,8.5,8.13,3252.0000000000005,-147.99999999999955,-0.04352941176470575
2024-09-13,SHSE.603709,中源家居,400,8.18,8.01,3204.0,-68.0,-0.02078239608801956
2024-09-13,SHSE.600455,博通股份,200,16.2,16.32,3264.0,24.0,0.007407407407407408
2024-09-13,SHSE.600689,上海三毛,500,6.68,6.74,3370.0,30.0,0.008982035928143712
2024-09-13,SZSE.001211,双枪科技,200,14.57,14.26,2852.0,-62.0,-0.02127659574468085
2024-09-18,SHSE.603709,中源家居,400,8.18,7.94,3176.0,-96.0,-0.029339853300733496
2024-09-18,SHSE.600455,博通股份,200,16.2,16.85,3370.0000000000005,130.00000000000045,0.0401234567901236
2024-09-18,SHSE.600689,上海三毛,500,6.68,6.85,3425.0,85.0,0.025449101796407185
2024-09-18,SZSE.001211,双枪科技,200,14.57,13.91,2782.0,-132.0,-0.045298558682223745
2024-09-19,SHSE.603709,中源家居,400,8.18,8.26,3304.0,32.0,0.009779951100244499
2024-09-19,SHSE.600455,博通股份,200,16.2,17.52,3504.0,264.0,0.08148148148148149
2024-09-19,SHSE.600689,上海三毛,500,6.68,7.02,3510.0,170.0,0.05089820359281437
2024-09-19,SZSE.001211,双枪科技,200,14.57,14.37,2874.0,-40.0,-0.013726835964310227
2024-09-20,SHSE.603709,中源家居,400,8.18,8.16,3264.0,-8.0,-0.0024449877750611247
2024-09-20,SHSE.600455,博通股份,200,16.2,17.06,3411.9999999999995,171.99999999999955,0.05308641975308628
2024-09-20,SHSE.600689,上海三毛,500,6.68,7.04,3520.0,180.0,0.05389221556886228
2024-09-20,SZSE.001211,双枪科技,200,14.57,14.2,2840.0,-74.0,-0.02539464653397392
2024-09-23,SHSE.603709,中源家居,400,8.18,8.18,3272.0,0.0,0.0
2024-09-23,SHSE.600455,博通股份,200,16.2,16.77,3354.0,114.0,0.03518518518518519
2024-09-23,SHSE.600689,上海三毛,500,6.68,7.06,3530.0,190.0,0.05688622754491018
2024-09-23,SZSE.001211,双枪科技,200,14.57,14.29,2858.0,-56.0,-0.019217570350034317
2024-09-24,SHSE.600768,宁波富邦,400,7.47,7.59,3036.0,48.0,0.01606425702811245
2024-09-24,SZSE.001211,双枪科技,200,14.38,14.73,2946.0,70.0,0.024339360222531293
2024-09-24,SHSE.603709,中源家居,400,8.28,8.46,3384.0000000000005,72.00000000000091,0.021739130434782886
2024-09-24,SHSE.600455,博通股份,200,16.88,17.16,3432.0,56.0,0.016587677725118485
2024-09-25,SHSE.600768,宁波富邦,400,7.47,7.81,3124.0,136.0,0.04551539491298527
2024-09-25,SZSE.001211,双枪科技,200,14.38,15.0,3000.0,124.0,0.043115438108484005
2024-09-25,SHSE.603709,中源家居,400,8.28,8.61,3444.0,132.00000000000045,0.03985507246376826
2024-09-25,SHSE.600455,博通股份,200,16.88,17.28,3456.0,80.0,0.023696682464454975
2024-09-26,SHSE.600768,宁波富邦,400,7.47,7.97,3188.0,200.0,0.06693440428380187
2024-09-26,SZSE.001211,双枪科技,200,14.38,15.28,3056.0,180.0,0.06258692628650904
2024-09-26,SHSE.603709,中源家居,400,8.28,8.93,3572.0,260.00000000000045,0.07850241545893735
2024-09-26,SHSE.600455,博通股份,200,16.88,17.49,3497.9999999999995,121.99999999999955,0.036137440758293705
2024-09-27,SHSE.600768,宁波富邦,400,7.47,8.08,3232.0,244.0,0.08165997322623829
2024-09-27,SZSE.001211,双枪科技,200,14.38,15.79,3158.0,282.0,0.09805285118219749
2024-09-27,SHSE.603709,中源家居,400,8.28,9.12,3647.9999999999995,336.0,0.10144927536231886
2024-09-27,SHSE.600455,博通股份,200,16.88,18.15,3629.9999999999995,253.99999999999955,0.07523696682464441
2024-09-30,SHSE.600768,宁波富邦,400,7.47,8.73,3492.0,504.0,0.1686746987951807
2024-09-30,SZSE.001211,双枪科技,200,14.38,17.09,3418.0,542.0,0.18845618915159945
2024-09-30,SHSE.603709,中源家居,400,8.28,9.85,3940.0,628.0000000000005,0.18961352657004849
2024-09-30,SHSE.600455,博通股份,200,16.88,19.68,3936.0,560.0,0.16587677725118483
2024-10-08,SHSE.600455,博通股份,100,21.61,20.59,2059.0,-102.0,-0.047200370198981954
2024-10-08,SHSE.603709,中源家居,300,10.77,10.32,3096.0,-135.0,-0.04178272980501393
2024-10-08,SZSE.001211,双枪科技,100,18.76,18.04,1804.0,-72.00000000000023,-0.03837953091684446
2024-10-08,SHSE.600768,宁波富邦,300,9.59,9.19,2757.0,-120.0,-0.04171011470281543
2024-10-09,SHSE.600455,博通股份,100,21.61,18.53,1853.0,-308.0,-0.14252660805182785
2024-10-09,SHSE.603709,中源家居,300,10.77,9.35,2805.0,-426.0,-0.13184772516248838
2024-10-09,SZSE.001211,双枪科技,100,18.76,16.3,1630.0,-246.00000000000023,-0.13113006396588497
2024-10-09,SHSE.600768,宁波富邦,300,9.59,8.27,2481.0,-396.0,-0.13764337851929093
2024-10-10,SHSE.600455,博通股份,100,21.61,18.86,1886.0,-275.0,-0.12725590004627488
2024-10-10,SHSE.603709,中源家居,300,10.77,9.57,2871.0,-360.0,-0.11142061281337047
2024-10-10,SZSE.001211,双枪科技,100,18.76,16.42,1642.0000000000002,-234.0,-0.12473347547974412
2024-10-10,SHSE.600768,宁波富邦,300,9.59,8.42,2526.0,-351.0,-0.12200208550573514
2024-10-11,SHSE.600455,博通股份,100,21.61,17.83,1782.9999999999998,-378.0000000000002,-0.17491901897269793
2024-10-11,SHSE.603709,中源家居,300,10.77,9.28,2784.0,-447.0,-0.13834726090993502
2024-10-11,SZSE.001211,双枪科技,100,18.76,15.9,1590.0,-286.0000000000002,-0.15245202558635404
2024-10-11,SHSE.600768,宁波富邦,300,9.59,8.29,2486.9999999999995,-390.00000000000045,-0.13555787278415032
2024-10-14,SHSE.600455,博通股份,100,21.61,19.04,1904.0,-257.0,-0.11892642295233688
2024-10-14,SHSE.603709,中源家居,300,10.77,9.52,2856.0,-375.0,-0.11606313834726091
2024-10-14,SZSE.001211,双枪科技,100,18.76,16.45,1645.0,-231.00000000000023,-0.12313432835820906
2024-10-14,SHSE.600768,宁波富邦,300,9.59,8.46,2538.0000000000005,-338.99999999999955,-0.11783107403545344
2024-10-15,SHSE.600768,宁波富邦,400,8.5,8.36,3344.0,-56.0,-0.01647058823529412
2024-10-15,SHSE.600455,博通股份,100,18.9,18.73,1873.0,-16.999999999999773,-0.008994708994708875
2024-10-15,SHSE.603709,中源家居,300,9.41,9.38,2814.0000000000005,-8.999999999999545,-0.003188097768331401
2024-10-15,SZSE.001211,双枪科技,200,16.46,16.35,3270.0000000000005,-21.999999999999545,-0.006682867557715536
2024-10-16,SHSE.600768,宁波富邦,400,8.5,8.57,3428.0,28.0,0.00823529411764706
2024-10-16,SHSE.600455,博通股份,100,18.9,20.6,2060.0,170.00000000000023,0.08994708994709008
2024-10-16,SHSE.603709,中源家居,300,9.41,9.39,2817.0,-6.0,-0.0021253985122210413
2024-10-16,SZSE.001211,双枪科技,200,16.46,16.49,3297.9999999999995,5.999999999999545,0.0018226002430132276
2024-10-17,SHSE.600768,宁波富邦,400,8.5,8.58,3432.0,32.0,0.009411764705882352
2024-10-17,SHSE.600455,博通股份,100,18.9,21.1,2110.0,220.00000000000023,0.11640211640211653
2024-10-17,SHSE.603709,中源家居,300,9.41,9.26,2778.0,-45.0,-0.015940488841657812
2024-10-17,SZSE.001211,双枪科技,200,16.46,16.32,3264.0,-28.0,-0.00850546780072904
2024-10-18,SHSE.600768,宁波富邦,400,8.5,8.64,3456.0,56.0,0.01647058823529412
2024-10-18,SHSE.600455,博通股份,100,18.9,21.14,2114.0,224.00000000000023,0.11851851851851865
2024-10-18,SHSE.603709,中源家居,300,9.41,9.53,2859.0,36.0,0.012752391073326248
2024-10-18,SZSE.001211,双枪科技,200,16.46,16.56,3311.9999999999995,19.999999999999545,0.006075334143377748
2024-10-21,SHSE.600768,宁波富邦,400,8.5,9.08,3632.0,232.0,0.06823529411764706
2024-10-21,SHSE.600455,博通股份,100,18.9,20.51,2051.0,161.00000000000023,0.08518518518518532
2024-10-21,SHSE.603709,中源家居,300,9.41,9.67,2901.0,78.0,0.02763018065887354
2024-10-21,SZSE.001211,双枪科技,200,16.46,16.72,3344.0,52.0,0.015795868772782502
2024-10-22,SZSE.001211,双枪科技,200,16.83,17.22,3444.0,78.00000000000045,0.02317290552584684
2024-10-22,SHSE.600689,上海三毛,400,8.12,8.22,3288.0000000000005,40.00000000000091,0.012315270935960873
2024-10-22,SHSE.600768,宁波富邦,400,8.88,8.83,3532.0,-20.000000000000455,-0.005630630630630758
2024-10-22,SHSE.603709,中源家居,300,9.66,9.82,2946.0,48.0,0.016563146997929608
2024-10-23,SZSE.001211,双枪科技,200,16.83,17.47,3494.0,128.00000000000045,0.038027332144979345
2024-10-23,SHSE.600689,上海三毛,400,8.12,8.3,3320.0000000000005,72.00000000000091,0.022167487684729346
2024-10-23,SHSE.600768,宁波富邦,400,8.88,8.97,3588.0000000000005,36.0,0.010135135135135134
2024-10-23,SHSE.603709,中源家居,300,9.66,10.05,3015.0,117.0,0.040372670807453416
2024-10-24,SZSE.001211,双枪科技,200,16.83,17.43,3486.0,120.00000000000045,0.035650623885918144
2024-10-24,SHSE.600689,上海三毛,400,8.12,8.44,3376.0,128.00000000000045,0.03940886699507404
2024-10-24,SHSE.600768,宁波富邦,400,8.88,9.15,3660.0,107.99999999999955,0.030405405405405272
2024-10-24,SHSE.603709,中源家居,300,9.66,10.14,3042.0,144.0,0.049689440993788817
2024-10-25,SZSE.001211,双枪科技,200,16.83,19.17,3834.0000000000005,468.0000000000009,0.1390374331550805
2024-10-25,SHSE.600689,上海三毛,400,8.12,8.7,3479.9999999999995,232.0,0.07142857142857144
2024-10-25,SHSE.600768,宁波富邦,400,8.88,9.7,3879.9999999999995,327.9999999999991,0.09234234234234208
2024-10-25,SHSE.603709,中源家居,300,9.66,10.24,3072.0,174.0,0.060041407867494824
2024-10-28,SZSE.001211,双枪科技,200,16.83,21.09,4218.0,852.0000000000005,0.253119429590018
2024-10-28,SHSE.600689,上海三毛,400,8.12,9.57,3828.0,580.0000000000005,0.17857142857142874
2024-10-28,SHSE.600768,宁波富邦,400,8.88,10.43,4172.0,619.9999999999995,0.1745495495495494
2024-10-28,SHSE.603709,中源家居,300,9.66,10.71,3213.0000000000005,315.00000000000045,0.10869565217391321
2024-10-29,SZSE.002188,中天服务,700,4.95,4.72,3304.0,-161.0,-0.046464646464646465
2024-10-29,SHSE.600137,浪莎股份,200,14.88,14.37,2874.0,-102.0,-0.034274193548387094
2024-10-29,SHSE.600768,宁波富邦,300,10.45,9.96,2988.0000000000005,-146.99999999999955,-0.046889952153109905
2024-10-29,SHSE.603709,中源家居,300,10.71,10.54,3161.9999999999995,-51.00000000000091,-0.015873015873016153
2024-10-30,SZSE.002188,中天服务,700,4.95,4.7,3290.0,-175.0,-0.050505050505050504
2024-10-30,SHSE.600137,浪莎股份,200,14.88,14.62,2924.0,-52.0,-0.01747311827956989
2024-10-30,SHSE.600768,宁波富邦,300,10.45,9.78,2934.0,-201.0,-0.06411483253588517
2024-10-30,SHSE.603709,中源家居,300,10.71,10.3,3090.0,-123.00000000000045,-0.03828197945845018
2024-10-31,SZSE.002188,中天服务,700,4.95,4.85,3394.9999999999995,-70.00000000000045,-0.020202020202020332
2024-10-31,SHSE.600137,浪莎股份,200,14.88,14.82,2964.0,-12.0,-0.004032258064516129
2024-10-31,SHSE.600768,宁波富邦,300,10.45,9.96,2988.0000000000005,-146.99999999999955,-0.046889952153109905
2024-10-31,SHSE.603709,中源家居,300,10.71,10.49,3147.0,-66.00000000000045,-0.020541549953314798
2024-11-01,SZSE.002188,中天服务,700,4.95,4.73,3311.0000000000005,-153.99999999999955,-0.044444444444444314
2024-11-01,SHSE.600137,浪莎股份,200,14.88,14.2,2840.0,-136.0,-0.0456989247311828
2024-11-01,SHSE.600768,宁波富邦,300,10.45,9.57,2871.0,-264.0,-0.08421052631578947
2024-11-01,SHSE.603709,中源家居,300,10.71,10.06,3018.0,-195.00000000000045,-0.06069094304388435
2024-11-04,SZSE.002188,中天服务,700,4.95,4.75,3325.0,-140.0,-0.04040404040404041
2024-11-04,SHSE.600137,浪莎股份,200,14.88,14.49,2898.0,-78.0,-0.02620967741935484
2024-11-04,SHSE.600768,宁波富邦,300,10.45,9.55,2865.0,-270.0,-0.0861244019138756
2024-11-04,SHSE.603709,中源家居,300,10.71,10.13,3039.0000000000005,-174.0,-0.054154995331465915
2024-11-05,SZSE.001211,双枪科技,200,17.69,18.19,3638.0000000000005,100.0,0.028264556246466926
2024-11-05,SHSE.600768,宁波富邦,300,9.55,9.8,2940.0,75.0,0.02617801047120419
2024-11-05,SHSE.600137,浪莎股份,200,14.51,14.58,2916.0,14.0,0.004824259131633356
2024-11-05,SZSE.002188,中天服务,700,4.77,4.86,3402.0,63.000000000000455,0.018867924528302025
2024-11-06,SZSE.001211,双枪科技,200,17.69,18.35,3670.0000000000005,132.0,0.03730921424533634
2024-11-06,SHSE.600768,宁波富邦,300,9.55,9.79,2936.9999999999995,71.99999999999955,0.025130890052355862
2024-11-06,SHSE.600137,浪莎股份,200,14.51,14.58,2916.0,14.0,0.004824259131633356
2024-11-06,SZSE.002188,中天服务,700,4.77,5.08,3556.0,217.00000000000045,0.06498951781970665
2024-11-07,SZSE.001211,双枪科技,200,17.69,18.68,3736.0,197.99999999999955,0.05596382136800439
2024-11-07,SHSE.600768,宁波富邦,300,9.55,10.04,3011.9999999999995,146.99999999999955,0.051308900523560054
2024-11-07,SHSE.600137,浪莎股份,200,14.51,14.93,2986.0,84.0,0.028945554789800137
2024-11-07,SZSE.002188,中天服务,700,4.77,5.14,3598.0,259.00000000000045,0.0775681341719079
2024-11-08,SZSE.001211,双枪科技,200,17.69,18.47,3694.0,155.99999999999955,0.04409270774448828
2024-11-08,SHSE.600768,宁波富邦,300,9.55,9.8,2940.0,75.0,0.02617801047120419
2024-11-08,SHSE.600137,浪莎股份,200,14.51,15.17,3034.0,132.0,0.04548587181254307
2024-11-08,SZSE.002188,中天服务,700,4.77,4.98,3486.0000000000005,147.0000000000009,0.044025157232704684
2024-11-11,SZSE.001211,双枪科技,200,17.69,19.18,3836.0,297.99999999999955,0.08422837761447131
2024-11-11,SHSE.600768,宁波富邦,300,9.55,10.04,3011.9999999999995,146.99999999999955,0.051308900523560054
2024-11-11,SHSE.600137,浪莎股份,200,14.51,15.38,3076.0,174.0,0.05995864920744314
2024-11-11,SZSE.002188,中天服务,700,4.77,5.06,3541.9999999999995,203.0,0.060796645702306085
2024-11-12,SHSE.600137,浪莎股份,200,15.37,15.15,3030.0,-44.0,-0.014313597918022121
2024-11-12,SZSE.001211,双枪科技,100,19.18,19.02,1902.0,-16.0,-0.008342022940563087
2024-11-12,SHSE.600455,博通股份,100,23.11,22.87,2287.0,-24.0,-0.01038511466897447
2024-11-12,SHSE.600768,宁波富邦,300,10.02,10.16,3048.0,42.0,0.013972055888223553
2024-11-13,SHSE.600137,浪莎股份,200,15.37,15.16,3032.0,-42.0,-0.013662979830839297
2024-11-13,SZSE.001211,双枪科技,100,19.18,19.32,1932.0,14.0,0.0072992700729927005
2024-11-13,SHSE.600455,博通股份,100,23.11,23.15,2315.0,4.0,0.0017308524448290783
2024-11-13,SHSE.600768,宁波富邦,300,10.02,10.4,3120.0,114.0,0.03792415169660679
2024-11-14,SHSE.600137,浪莎股份,200,15.37,14.72,2944.0,-130.0,-0.04229017566688354
2024-11-14,SZSE.001211,双枪科技,100,19.18,18.72,1872.0,-46.0,-0.023983315954118872
2024-11-14,SHSE.600455,博通股份,100,23.11,22.58,2258.0,-53.0,-0.02293379489398529
2024-11-14,SHSE.600768,宁波富邦,300,10.02,10.0,3000.0,-6.0,-0.001996007984031936
2024-11-15,SHSE.600137,浪莎股份,200,15.37,14.64,2928.0,-146.0,-0.04749512036434613
2024-11-15,SZSE.001211,双枪科技,100,19.18,18.33,1832.9999999999998,-85.00000000000023,-0.04431699687174152
2024-11-15,SHSE.600455,博通股份,100,23.11,22.16,2216.0,-95.0,-0.04110774556469061
2024-11-15,SHSE.600768,宁波富邦,300,10.02,9.67,2901.0,-105.0,-0.03493013972055888
2024-11-18,SHSE.600137,浪莎股份,200,15.37,14.35,2870.0,-204.0,-0.06636304489264802
2024-11-18,SZSE.001211,双枪科技,100,19.18,17.98,1798.0,-120.0,-0.06256517205422316
2024-11-18,SHSE.600455,博通股份,100,23.11,21.34,2134.0,-177.0,-0.07659022068368672
2024-11-18,SHSE.600768,宁波富邦,300,10.02,9.38,2814.0000000000005,-191.99999999999955,-0.0638722554890218
2024-11-19,SZSE.001211,双枪科技,200,17.98,18.57,3714.0,118.0,0.03281423804226919
2024-11-19,SHSE.600455,博通股份,100,21.34,21.56,2156.0,22.0,0.010309278350515464
2024-11-19,SZSE.002188,中天服务,700,4.74,4.73,3311.0000000000005,-6.999999999999545,-0.0021097046413500737
2024-11-19,SHSE.600768,宁波富邦,400,9.23,9.42,3768.0,76.0,0.020585048754062838
2024-11-20,SZSE.001211,双枪科技,200,17.98,19.1,3820.0000000000005,224.00000000000045,0.06229143492769757
2024-11-20,SHSE.600455,博通股份,100,21.34,22.05,2205.0,71.0,0.03327085285848173
2024-11-20,SZSE.002188,中天服务,700,4.74,4.92,3444.0,126.0,0.0379746835443038
2024-11-20,SHSE.600768,宁波富邦,400,9.23,9.64,3856.0,164.0,0.044420368364030335
2024-11-21,SZSE.001211,双枪科技,200,17.98,19.18,3836.0,240.0,0.06674082313681869
2024-11-21,SHSE.600455,博通股份,100,21.34,22.23,2223.0,89.0,0.04170571696344892
2024-11-21,SZSE.002188,中天服务,700,4.74,4.98,3486.0000000000005,168.00000000000045,0.0506329113924052
2024-11-21,SHSE.600768,宁波富邦,400,9.23,9.72,3888.0000000000005,196.00000000000045,0.05308775731310955
2024-11-22,SZSE.001211,双枪科技,200,17.98,18.45,3690.0,94.0,0.02614015572858732
2024-11-22,SHSE.600455,博通股份,100,21.34,21.93,2193.0,59.0,0.027647610121836926
2024-11-22,SZSE.002188,中天服务,700,4.74,4.75,3325.0,7.0,0.002109704641350211
2024-11-22,SHSE.600768,宁波富邦,400,9.23,9.3,3720.0000000000005,28.000000000000455,0.007583965330444327
2024-11-25,SZSE.001211,双枪科技,200,17.98,18.94,3788.0000000000005,192.00000000000045,0.05339265850945508
2024-11-25,SHSE.600455,博通股份,100,21.34,23.34,2334.0,200.0,0.09372071227741331
2024-11-25,SZSE.002188,中天服务,700,4.74,4.91,3437.0,119.0,0.035864978902953586
2024-11-25,SHSE.600768,宁波富邦,400,9.23,9.61,3844.0,152.0,0.041170097508125676
2024-11-26,SHSE.600768,宁波富邦,300,9.61,9.5,2850.0,-33.0,-0.011446409989594173
2024-11-26,SZSE.001211,双枪科技,100,19.04,19.48,1948.0,44.0,0.023109243697478993
2024-11-26,SZSE.002188,中天服务,700,4.91,4.92,3444.0,7.0,0.002036659877800407
2024-11-26,SHSE.600455,博通股份,100,23.19,23.26,2326.0,7.0,0.00301854247520483
2024-11-27,SHSE.600768,宁波富邦,300,9.61,9.43,2829.0,-54.0,-0.018730489073881373
2024-11-27,SZSE.001211,双枪科技,100,19.04,20.9,2090.0,186.0,0.0976890756302521
2024-11-27,SZSE.002188,中天服务,700,4.91,4.92,3444.0,7.0,0.002036659877800407
2024-11-27,SHSE.600455,博通股份,100,23.19,22.79,2279.0,-40.0,-0.017248814144027597
2024-11-28,SHSE.600768,宁波富邦,300,9.61,9.66,2898.0,15.0,0.005202913631633715
2024-11-28,SZSE.001211,双枪科技,100,19.04,20.96,2096.0,192.0,0.10084033613445378
2024-11-28,SZSE.002188,中天服务,700,4.91,5.0,3500.0,63.0,0.018329938900203666
2024-11-28,SHSE.600455,博通股份,100,23.19,23.37,2337.0,18.0,0.007761966364812419
2024-11-29,SHSE.600768,宁波富邦,300,9.61,9.8,2940.0,57.0,0.019771071800208116
2024-11-29,SZSE.001211,双枪科技,100,19.04,21.1,2110.0,206.0,0.10819327731092437
2024-11-29,SZSE.002188,中天服务,700,4.91,5.06,3541.9999999999995,104.99999999999955,0.030549898167005977
2024-11-29,SHSE.600455,博通股份,100,23.19,23.48,2348.0,29.0,0.01250539025442001
2024-12-02,SHSE.600768,宁波富邦,300,9.61,10.11,3033.0,150.0,0.05202913631633715
2024-12-02,SZSE.001211,双枪科技,100,19.04,20.8,2080.0,176.0,0.09243697478991597
2024-12-02,SZSE.002188,中天服务,700,4.91,5.2,3640.0,203.0,0.059063136456211814
2024-12-02,SHSE.600455,博通股份,100,23.19,23.95,2395.0,76.0,0.032772746873652434
2024-12-03,SZSE.001211,双枪科技,100,20.82,20.53,2053.0,-29.0,-0.013928914505283382
2024-12-03,SHSE.600455,博通股份,100,23.99,24.26,2426.0,27.0,0.011254689453939141
2024-12-03,SZSE.002188,中天服务,700,5.23,5.19,3633.0000000000005,-28.0,-0.007648183556405353
2024-12-03,SHSE.600768,宁波富邦,300,10.13,10.14,3042.0,2.9999999999995453,0.0009871668311943222
2024-12-04,SZSE.001211,双枪科技,100,20.82,19.84,1984.0,-98.0,-0.04707012487992315
2024-12-04,SHSE.600455,博通股份,100,23.99,23.7,2370.0,-29.0,-0.01208837015423093
2024-12-04,SZSE.002188,中天服务,700,5.23,5.12,3584.0,-77.00000000000045,-0.021032504780114845
2024-12-04,SHSE.600768,宁波富邦,300,10.13,9.98,2994.0,-45.000000000000455,-0.014807502467917226
2024-12-05,SZSE.001211,双枪科技,100,20.82,20.54,2054.0,-28.0,-0.013448607108549471
2024-12-05,SHSE.600455,博通股份,100,23.99,24.05,2405.0,6.0,0.0025010421008753647
2024-12-05,SZSE.002188,中天服务,700,5.23,5.24,3668.0,6.999999999999545,0.001912045889101214
2024-12-05,SHSE.600768,宁波富邦,300,10.13,10.13,3039.0000000000005,0.0,0.0
2024-12-06,SZSE.001211,双枪科技,100,20.82,20.16,2016.0,-66.0,-0.03170028818443804
2024-12-06,SHSE.600455,博通股份,100,23.99,24.11,2411.0,12.0,0.005002084201750729
2024-12-06,SZSE.002188,中天服务,700,5.23,5.32,3724.0,62.999999999999545,0.01720841300191192
2024-12-06,SHSE.600768,宁波富邦,300,10.13,10.18,3054.0,14.999999999999545,0.004935834155972209
2024-12-09,SZSE.001211,双枪科技,100,20.82,20.18,2018.0,-64.0,-0.03073967339097022
2024-12-09,SHSE.600455,博通股份,100,23.99,24.83,2483.0,84.0,0.035014589412255104
2024-12-09,SZSE.002188,中天服务,700,5.23,5.29,3703.0,41.999999999999545,0.011472275334607904
2024-12-09,SHSE.600768,宁波富邦,300,10.13,10.06,3018.0,-21.000000000000455,-0.006910167818361452
2024-12-10,SHSE.600768,宁波富邦,300,10.34,10.0,3000.0,-102.0,-0.03288201160541586
2024-12-10,SZSE.001211,双枪科技,100,20.71,19.98,1998.0,-73.0,-0.035248672139063256
2024-12-10,SHSE.600455,博通股份,100,25.31,24.28,2428.0,-103.0,-0.04069537732121691
2024-12-10,SHSE.600137,浪莎股份,200,16.15,15.8,3160.0,-69.99999999999955,-0.02167182662538686
2024-12-11,SHSE.600768,宁波富邦,300,10.34,10.19,3057.0,-45.0,-0.014506769825918761
2024-12-11,SZSE.001211,双枪科技,100,20.71,20.27,2027.0,-44.0,-0.021245774987928536
2024-12-11,SHSE.600455,博通股份,100,25.31,24.49,2449.0,-82.0,-0.03239826155669696
2024-12-11,SHSE.600137,浪莎股份,200,16.15,15.95,3190.0,-39.999999999999545,-0.01238390092879243
2024-12-12,SHSE.600768,宁波富邦,300,10.34,10.52,3156.0,54.0,0.017408123791102514
2024-12-12,SZSE.001211,双枪科技,100,20.71,21.54,2154.0,83.0,0.04007725736359247
2024-12-12,SHSE.600455,博通股份,100,25.31,25.03,2503.0,-28.0,-0.011062821019359936
2024-12-12,SHSE.600137,浪莎股份,200,16.15,16.22,3244.0,14.000000000000455,0.004334365325077541
2024-12-13,SHSE.600768,宁波富邦,300,10.34,10.36,3108.0,6.0,0.0019342359767891683
2024-12-13,SZSE.001211,双枪科技,100,20.71,21.13,2113.0,42.0,0.020280057943022695
2024-12-13,SHSE.600455,博通股份,100,25.31,24.98,2498.0,-33.0,-0.013038324772817068
2024-12-13,SHSE.600137,浪莎股份,200,16.15,16.55,3310.0,80.00000000000045,0.024767801857585283
2024-12-16,SHSE.600768,宁波富邦,300,10.34,10.44,3132.0,30.0,0.009671179883945842
2024-12-16,SZSE.001211,双枪科技,100,20.71,21.03,2103.0,32.0,0.01545147271849348
2024-12-16,SHSE.600455,博通股份,100,25.31,26.75,2675.0,144.0,0.05689450809956539
2024-12-16,SHSE.600137,浪莎股份,200,16.15,18.21,3642.0,412.00000000000045,0.12755417956656362
2024-12-17,SZSE.001336,楚环科技,100,21.12,19.55,1955.0,-157.0,-0.07433712121212122
2024-12-17,SZSE.001211,双枪科技,100,21.24,20.1,2010.0000000000002,-113.99999999999977,-0.053672316384180685
2024-12-17,SHSE.600455,博通股份,100,25.7,24.08,2408.0,-162.0,-0.06303501945525292
2024-12-17,SHSE.600768,宁波富邦,300,10.4,9.72,2916.0,-204.0,-0.06538461538461539
2024-12-18,SZSE.001336,楚环科技,100,21.12,19.35,1935.0000000000002,-176.99999999999977,-0.08380681818181808
2024-12-18,SZSE.001211,双枪科技,100,21.24,19.88,1988.0,-136.0,-0.064030131826742
2024-12-18,SHSE.600455,博通股份,100,25.7,23.53,2353.0,-217.0,-0.08443579766536966
2024-12-18,SHSE.600768,宁波富邦,300,10.4,10.69,3207.0,87.0,0.027884615384615386
2024-12-19,SZSE.001336,楚环科技,100,21.12,19.3,1930.0,-182.0,-0.08617424242424243
2024-12-19,SZSE.001211,双枪科技,100,21.24,20.17,2017.0000000000002,-106.99999999999977,-0.05037664783427485
2024-12-19,SHSE.600455,博通股份,100,25.7,23.75,2375.0,-195.0,-0.07587548638132295
2024-12-19,SHSE.600768,宁波富邦,300,10.4,10.2,3060.0,-60.0,-0.019230769230769232
2024-12-20,SZSE.001336,楚环科技,100,21.12,19.99,1998.9999999999998,-113.00000000000023,-0.053503787878787984
2024-12-20,SZSE.001211,双枪科技,100,21.24,21.0,2100.0,-24.0,-0.011299435028248588
2024-12-20,SHSE.600455,博通股份,100,25.7,23.65,2365.0,-205.0,-0.07976653696498054
2024-12-20,SHSE.600768,宁波富邦,300,10.4,9.95,2985.0,-135.0,-0.04326923076923077
2024-12-23,SZSE.001336,楚环科技,100,21.12,18.11,1811.0,-301.0,-0.1425189393939394
2024-12-23,SZSE.001211,双枪科技,100,21.24,21.8,2180.0,56.0,0.026365348399246705
2024-12-23,SHSE.600455,博通股份,100,25.7,21.67,2167.0,-403.0,-0.15680933852140078
2024-12-23,SHSE.600768,宁波富邦,300,10.4,9.08,2724.0,-396.0,-0.12692307692307692
2024-12-24,SHSE.600137,浪莎股份,200,14.77,14.56,2912.0,-42.0,-0.014218009478672985
2024-12-24,SHSE.600493,凤竹纺织,600,5.4,5.31,3185.9999999999995,-54.000000000000455,-0.01666666666666681
2024-12-24,SHSE.600455,博通股份,100,21.86,21.55,2155.0,-31.0,-0.014181152790484904
2024-12-24,SHSE.600768,宁波富邦,400,9.1,8.92,3568.0,-72.0,-0.01978021978021978
2024-12-25,SHSE.600137,浪莎股份,200,14.77,14.2,2840.0,-114.0,-0.03859174001354096
2024-12-25,SHSE.600493,凤竹纺织,600,5.4,5.12,3072.0,-168.0,-0.05185185185185185
2024-12-25,SHSE.600455,博通股份,100,21.86,20.83,2083.0,-103.0,-0.04711802378774017
2024-12-25,SHSE.600768,宁波富邦,400,9.1,8.75,3500.0,-140.0,-0.038461538461538464
2024-12-26,SHSE.600137,浪莎股份,200,14.77,14.47,2894.0,-60.0,-0.020311442112389978
2024-12-26,SHSE.600493,凤竹纺织,600,5.4,5.23,3138.0000000000005,-101.99999999999955,-0.03148148148148134
2024-12-26,SHSE.600455,博通股份,100,21.86,21.2,2120.0,-66.0,-0.03019213174748399
2024-12-26,SHSE.600768,宁波富邦,400,9.1,8.95,3579.9999999999995,-60.000000000000455,-0.01648351648351661
2024-12-27,SHSE.600137,浪莎股份,200,14.77,14.6,2920.0,-34.0,-0.011509817197020988
2024-12-27,SHSE.600493,凤竹纺织,600,5.4,5.32,3192.0,-48.0,-0.014814814814814815
2024-12-27,SHSE.600455,博通股份,100,21.86,21.57,2157.0,-29.0,-0.013266239707227814
2024-12-27,SHSE.600768,宁波富邦,400,9.1,9.08,3632.0,-8.0,-0.002197802197802198
2024-12-30,SHSE.600137,浪莎股份,200,14.77,14.21,2842.0,-112.0,-0.037914691943127965
2024-12-30,SHSE.600493,凤竹纺织,600,5.4,5.24,3144.0,-96.0,-0.02962962962962963
2024-12-30,SHSE.600455,博通股份,100,21.86,20.97,2097.0,-89.0,-0.04071363220494053
2024-12-30,SHSE.600768,宁波富邦,400,9.1,8.68,3472.0,-168.0,-0.046153846153846156
2024-12-31,SHSE.600768,宁波富邦,400,8.68,8.57,3428.0,-44.0,-0.012672811059907835
2024-12-31,SHSE.600137,浪莎股份,200,14.34,14.05,2810.0,-58.0,-0.020223152022315203
2024-12-31,SZSE.001211,双枪科技,100,20.12,19.4,1939.9999999999998,-72.00000000000023,-0.035785288270377844
2024-12-31,SHSE.600455,博通股份,100,20.97,20.66,2066.0,-31.0,-0.014783023366714354
2025-01-02,SHSE.600768,宁波富邦,400,8.68,8.67,3468.0,-4.0,-0.001152073732718894
2025-01-02,SHSE.600137,浪莎股份,200,14.34,14.18,2836.0,-32.0,-0.011157601115760111
2025-01-02,SZSE.001211,双枪科技,100,20.12,19.91,1991.0,-21.0,-0.010437375745526839
2025-01-02,SHSE.600455,博通股份,100,20.97,20.51,2051.0,-46.0,-0.021936099189318072
2025-01-03,SHSE.600768,宁波富邦,400,8.68,8.24,3296.0,-176.0,-0.05069124423963134
2025-01-03,SHSE.600137,浪莎股份,200,14.34,13.6,2720.0,-148.0,-0.05160390516039052
2025-01-03,SZSE.001211,双枪科技,100,20.12,19.33,1932.9999999999998,-79.00000000000023,-0.03926441351888679
2025-01-03,SHSE.600455,博通股份,100,20.97,19.18,1918.0,-179.0,-0.08536003814973772
2025-01-06,SHSE.600768,宁波富邦,400,8.68,8.2,3279.9999999999995,-192.00000000000045,-0.05529953917050704
2025-01-06,SHSE.600137,浪莎股份,200,14.34,13.68,2736.0,-132.0,-0.04602510460251046
2025-01-06,SZSE.001211,双枪科技,100,20.12,19.54,1954.0,-58.0,-0.02882703777335984
2025-01-06,SHSE.600455,博通股份,100,20.97,19.01,1901.0000000000002,-195.99999999999977,-0.09346685741535517
2025-01-07,SHSE.600768,宁波富邦,400,8.68,8.57,3428.0,-44.0,-0.012672811059907835
2025-01-07,SHSE.600137,浪莎股份,200,14.34,14.4,2880.0,12.0,0.0041841004184100415
2025-01-07,SZSE.001211,双枪科技,100,20.12,20.5,2050.0,38.0,0.018886679920477135
2025-01-07,SHSE.600455,博通股份,100,20.97,19.84,1984.0,-113.0,-0.053886504530281355
2025-02-06,SHSE.600455,博通股份,300,22.45,22.75,6825.0,90.0,0.013363028953229399
2025-02-06,SHSE.600768,宁波富邦,800,9.25,9.28,7423.999999999999,23.99999999999909,0.0032432432432431203
2025-02-06,SHSE.600137,浪莎股份,400,14.97,15.05,6020.0,32.0,0.005344021376085505
2025-02-06,SHSE.600493,凤竹纺织,1300,5.36,5.37,6981.0,13.0,0.0018656716417910447
2025-02-07,SHSE.600455,博通股份,300,22.45,22.5,6750.0,15.0,0.0022271714922048997
2025-02-07,SHSE.600768,宁波富邦,800,9.25,9.35,7480.0,80.0,0.010810810810810811
2025-02-07,SHSE.600137,浪莎股份,400,14.97,14.98,5992.0,4.0,0.0006680026720106881
2025-02-07,SHSE.600493,凤竹纺织,1300,5.36,5.37,6981.0,13.0,0.0018656716417910447
2025-02-10,SHSE.600455,博通股份,300,22.45,23.1,6930.0,195.0,0.028953229398663696
2025-02-10,SHSE.600768,宁波富邦,800,9.25,9.48,7584.0,184.0,0.024864864864864864
2025-02-10,SHSE.600137,浪莎股份,400,14.97,15.3,6120.0,132.0,0.022044088176352707
2025-02-10,SHSE.600493,凤竹纺织,1300,5.36,5.45,7085.0,117.0,0.016791044776119403
2025-02-11,SHSE.600455,博通股份,300,22.45,23.25,6975.0,240.0,0.035634743875278395
2025-02-11,SHSE.600768,宁波富邦,800,9.25,9.49,7592.0,192.0,0.025945945945945945
2025-02-11,SHSE.600137,浪莎股份,400,14.97,15.3,6120.0,132.0,0.022044088176352707
2025-02-11,SHSE.600493,凤竹纺织,1300,5.36,5.46,7098.0,130.0,0.018656716417910446
2025-02-12,SHSE.600455,博通股份,300,22.45,23.35,7005.0,270.0,0.0400890868596882
2025-02-12,SHSE.600768,宁波富邦,800,9.25,9.55,7640.000000000001,240.0000000000009,0.03243243243243255
2025-02-12,SHSE.600137,浪莎股份,400,14.97,15.28,6112.0,124.0,0.020708082832331328
2025-02-12,SHSE.600493,凤竹纺织,1300,5.36,5.44,7072.000000000001,104.00000000000091,0.014925373134328488
2025-02-13,SHSE.600768,宁波富邦,300,9.58,9.29,2786.9999999999995,-87.00000000000045,-0.030271398747390554
2025-02-13,SHSE.600455,博通股份,100,23.35,22.93,2293.0,-42.0,-0.017987152034261242
2025-02-13,SHSE.600493,凤竹纺织,600,5.44,5.35,3210.0,-54.000000000000455,-0.01654411764705896
2025-02-13,SHSE.600137,浪莎股份,200,15.34,15.22,3044.0,-24.0,-0.007822685788787484
2025-02-14,SHSE.600768,宁波富邦,300,9.58,9.24,2772.0,-102.0,-0.03549060542797495
2025-02-14,SHSE.600455,博通股份,100,23.35,23.0,2300.0,-35.0,-0.014989293361884369
2025-02-14,SHSE.600493,凤竹纺织,600,5.44,5.31,3185.9999999999995,-78.00000000000091,-0.023897058823529688
2025-02-14,SHSE.600137,浪莎股份,200,15.34,15.21,3042.0,-26.0,-0.00847457627118644
2025-02-17,SHSE.600768,宁波富邦,300,9.58,9.48,2844.0,-30.0,-0.010438413361169102
2025-02-17,SHSE.600455,博通股份,100,23.35,23.57,2357.0,22.0,0.009421841541755889
2025-02-17,SHSE.600493,凤竹纺织,600,5.44,5.44,3264.0000000000005,0.0,0.0
2025-02-17,SHSE.600137,浪莎股份,200,15.34,15.41,3082.0,14.0,0.0045632333767926985
2025-02-18,SHSE.600768,宁波富邦,300,9.58,9.19,2757.0,-117.0,-0.0407098121085595
2025-02-18,SHSE.600455,博通股份,100,23.35,22.77,2277.0,-58.0,-0.024839400428265525
2025-02-18,SHSE.600493,凤竹纺织,600,5.44,5.27,3161.9999999999995,-102.00000000000091,-0.03125000000000028
2025-02-18,SHSE.600137,浪莎股份,200,15.34,15.02,3004.0,-64.0,-0.020860495436766623
2025-02-19,SHSE.600768,宁波富邦,300,9.58,9.4,2820.0,-54.0,-0.018789144050104383
2025-02-19,SHSE.600455,博通股份,100,23.35,22.9,2290.0,-45.0,-0.019271948608137045
2025-02-19,SHSE.600493,凤竹纺织,600,5.44,5.34,3204.0,-60.000000000000455,-0.018382352941176607
2025-02-19,SHSE.600137,浪莎股份,200,15.34,15.29,3058.0,-10.0,-0.003259452411994785
2025-02-20,SHSE.600493,凤竹纺织,700,5.31,5.39,3773.0,56.000000000000455,0.015065913370998241
2025-02-20,SHSE.600455,博通股份,100,22.81,23.2,2320.0,39.0,0.01709776413853573
2025-02-20,SZSE.002188,中天服务,700,4.68,4.65,3255.0000000000005,-20.999999999999545,-0.006410256410256271
2025-02-20,SHSE.600768,宁波富邦,300,9.34,9.57,2871.0,69.0,0.02462526766595289
2025-02-21,SHSE.600493,凤竹纺织,700,5.31,5.29,3703.0,-13.999999999999545,-0.003766478342749407
2025-02-21,SHSE.600455,博通股份,100,22.81,23.05,2305.0,24.0,0.01052170100832968
2025-02-21,SZSE.002188,中天服务,700,4.68,4.61,3227.0,-49.0,-0.014957264957264958
2025-02-21,SHSE.600768,宁波富邦,300,9.34,9.54,2861.9999999999995,59.999999999999545,0.021413276231263222
2025-02-24,SHSE.600493,凤竹纺织,700,5.31,5.41,3787.0,70.00000000000045,0.01883239171374777
2025-02-24,SHSE.600455,博通股份,100,22.81,23.38,2338.0,57.0,0.02498903989478299
2025-02-24,SZSE.002188,中天服务,700,4.68,4.66,3262.0,-14.0,-0.004273504273504274
2025-02-24,SHSE.600768,宁波富邦,300,9.34,9.54,2861.9999999999995,59.999999999999545,0.021413276231263222
2025-02-25,SHSE.600493,凤竹纺织,700,5.31,5.35,3744.9999999999995,28.0,0.007532956685499059
2025-02-25,SHSE.600455,博通股份,100,22.81,23.0,2300.0,19.0,0.008329679964927663
2025-02-25,SZSE.002188,中天服务,700,4.68,4.64,3248.0,-28.0,-0.008547008547008548
2025-02-25,SHSE.600768,宁波富邦,300,9.34,9.36,2808.0,6.0,0.0021413276231263384
2025-02-26,SHSE.600493,凤竹纺织,700,5.31,5.43,3801.0,84.00000000000045,0.0225988700564973
2025-02-26,SHSE.600455,博通股份,100,22.81,23.03,2303.0,22.0,0.009644892590968873
2025-02-26,SZSE.002188,中天服务,700,4.68,4.76,3332.0,56.0,0.017094017094017096
2025-02-26,SHSE.600768,宁波富邦,300,9.34,9.51,2853.0,51.0,0.018201284796573874
2025-02-27,SZSE.002652,扬子新材,1200,3.0,2.98,3576.0,-24.0,-0.006666666666666667
2025-02-27,SHSE.600493,凤竹纺织,600,5.42,5.45,3270.0,18.0,0.005535055350553505
2025-02-27,SHSE.600455,博通股份,100,23.03,22.82,2282.0,-21.0,-0.00911854103343465
2025-02-27,SHSE.600768,宁波富邦,300,9.54,9.53,2859.0,-2.9999999999995453,-0.0010482180293499462
2025-02-28,SZSE.002652,扬子新材,1200,3.0,2.87,3444.0,-156.0,-0.043333333333333335
2025-02-28,SHSE.600493,凤竹纺织,600,5.42,5.31,3185.9999999999995,-66.00000000000045,-0.020295202952029662
2025-02-28,SHSE.600455,博通股份,100,23.03,22.12,2212.0,-91.0,-0.03951367781155015
2025-02-28,SHSE.600768,宁波富邦,300,9.54,9.32,2796.0,-65.99999999999955,-0.02306079664570215
2025-03-03,SZSE.002652,扬子新材,1200,3.0,2.94,3528.0,-72.0,-0.02
2025-03-03,SHSE.600493,凤竹纺织,600,5.42,5.34,3204.0,-48.0,-0.014760147601476014
2025-03-03,SHSE.600455,博通股份,100,23.03,22.4,2240.0,-63.0,-0.02735562310030395
2025-03-03,SHSE.600768,宁波富邦,300,9.54,9.42,2826.0,-35.999999999999545,-0.0125786163522011
2025-03-04,SZSE.002652,扬子新材,1200,3.0,2.97,3564.0000000000005,-35.999999999999545,-0.009999999999999874
2025-03-04,SHSE.600493,凤竹纺织,600,5.42,5.43,3258.0,6.0,0.0018450184501845018
2025-03-04,SHSE.600455,博通股份,100,23.03,22.96,2296.0,-7.0,-0.00303951367781155
2025-03-04,SHSE.600768,宁波富邦,300,9.54,9.63,2889.0000000000005,27.00000000000091,0.009433962264151262
2025-03-05,SZSE.002652,扬子新材,1200,3.0,2.94,3528.0,-72.0,-0.02
2025-03-05,SHSE.600493,凤竹纺织,600,5.42,5.38,3228.0,-24.0,-0.007380073800738007
2025-03-05,SHSE.600455,博通股份,100,23.03,22.97,2297.0,-6.0,-0.0026052974381241857
2025-03-05,SHSE.600768,宁波富邦,300,9.54,9.63,2889.0000000000005,27.00000000000091,0.009433962264151262
2025-03-06,SHSE.600493,凤竹纺织,600,5.38,5.49,3294.0,66.0,0.020446096654275093
2025-03-06,SZSE.002652,扬子新材,1200,2.94,3.01,3611.9999999999995,83.99999999999955,0.02380952380952368
2025-03-06,SHSE.600768,宁波富邦,300,9.68,9.73,2919.0,15.0,0.005165289256198347
2025-03-06,SHSE.600455,博通股份,100,23.01,23.5,2350.0,49.0,0.021295089091699262
2025-03-07,SHSE.600493,凤竹纺织,600,5.38,5.44,3264.0000000000005,36.000000000000455,0.011152416356877465
2025-03-07,SZSE.002652,扬子新材,1200,2.94,2.96,3552.0,24.0,0.006802721088435374
2025-03-07,SHSE.600768,宁波富邦,300,9.68,9.61,2883.0,-21.0,-0.007231404958677686
2025-03-07,SHSE.600455,博通股份,100,23.01,23.21,2321.0,20.0,0.008691873098652759
2025-03-10,SHSE.600493,凤竹纺织,600,5.38,5.49,3294.0,66.0,0.020446096654275093
2025-03-10,SZSE.002652,扬子新材,1200,2.94,2.99,3588.0000000000005,60.000000000000455,0.017006802721088565
2025-03-10,SHSE.600768,宁波富邦,300,9.68,9.69,2907.0,3.0,0.0010330578512396695
2025-03-10,SHSE.600455,博通股份,100,23.01,23.3,2330.0,29.0,0.012603215993046502
2025-03-11,SHSE.600493,凤竹纺织,600,5.38,5.57,3342.0,114.0,0.03531598513011153
2025-03-11,SZSE.002652,扬子新材,1200,2.94,3.04,3648.0,120.0,0.034013605442176874
2025-03-11,SHSE.600768,宁波富邦,300,9.68,9.73,2919.0,15.0,0.005165289256198347
2025-03-11,SHSE.600455,博通股份,100,23.01,23.3,2330.0,29.0,0.012603215993046502
2025-03-12,SHSE.600493,凤竹纺织,600,5.38,5.57,3342.0,114.0,0.03531598513011153
2025-03-12,SZSE.002652,扬子新材,1200,2.94,3.03,3635.9999999999995,107.99999999999955,0.030612244897959055
2025-03-12,SHSE.600768,宁波富邦,300,9.68,9.8,2940.0,36.0,0.012396694214876033
2025-03-12,SHSE.600455,博通股份,100,23.01,23.56,2356.0,55.0,0.023902651021295088
2025-03-13,SZSE.002652,扬子新材,1200,3.03,2.97,3564.0000000000005,-71.99999999999909,-0.019801980198019556
2025-03-13,SHSE.600768,宁波富邦,300,9.93,9.69,2907.0,-72.0,-0.02416918429003021
2025-03-13,SHSE.600455,博通股份,100,23.57,23.1,2310.0,-47.0,-0.019940602460755196
2025-03-13,SHSE.600493,凤竹纺织,600,5.57,5.55,3330.0,-12.0,-0.003590664272890485
2025-03-14,SZSE.002652,扬子新材,1200,3.03,3.05,3660.0,24.000000000000455,0.0066006600660067265
2025-03-14,SHSE.600768,宁波富邦,300,9.93,9.82,2946.0,-33.0,-0.011077542799597181
2025-03-14,SHSE.600455,博通股份,100,23.57,23.52,2352.0,-5.0,-0.0021213406873143827
2025-03-14,SHSE.600493,凤竹纺织,600,5.57,5.65,3390.0,48.0,0.01436265709156194
2025-03-17,SZSE.002652,扬子新材,1200,3.03,3.12,3744.0,108.00000000000045,0.029702970297029833
2025-03-17,SHSE.600768,宁波富邦,300,9.93,9.89,2967.0,-12.0,-0.004028197381671702
2025-03-17,SHSE.600455,博通股份,100,23.57,23.5,2350.0,-7.0,-0.002969876962240136
2025-03-17,SHSE.600493,凤竹纺织,600,5.57,5.68,3408.0,66.0,0.019748653500897665
2025-03-18,SZSE.002652,扬子新材,1200,3.03,3.1,3720.0,84.00000000000045,0.02310231023102323
2025-03-18,SHSE.600768,宁波富邦,300,9.93,9.98,2994.0,15.0,0.005035246727089627
2025-03-18,SHSE.600455,博通股份,100,23.57,23.58,2358.0,1.0,0.00042426813746287653
2025-03-18,SHSE.600493,凤竹纺织,600,5.57,5.69,3414.0000000000005,72.00000000000045,0.021543985637343045
2025-03-19,SZSE.002652,扬子新材,1200,3.03,3.07,3684.0,48.000000000000455,0.013201320132013328
2025-03-19,SHSE.600768,宁波富邦,300,9.93,9.93,2979.0,0.0,0.0
2025-03-19,SHSE.600455,博通股份,100,23.57,23.12,2312.0,-45.0,-0.019092066185829443
2025-03-19,SHSE.600493,凤竹纺织,600,5.57,5.64,3384.0,42.0,0.012567324955116697
2025-03-20,SHSE.600768,宁波富邦,300,9.92,10.0,3000.0,24.0,0.008064516129032258
2025-03-20,SHSE.600455,博通股份,100,23.05,23.21,2321.0,16.0,0.006941431670281995
2025-03-20,SHSE.600137,浪莎股份,200,15.54,15.6,3120.0,12.0,0.003861003861003861
2025-03-20,SHSE.600493,凤竹纺织,600,5.63,5.65,3390.0,12.0,0.003552397868561279
2025-03-21,SHSE.600768,宁波富邦,300,9.92,9.88,2964.0000000000005,-11.999999999999545,-0.004032258064515976
2025-03-21,SHSE.600455,博通股份,100,23.05,22.9,2290.0,-15.0,-0.006507592190889371
2025-03-21,SHSE.600137,浪莎股份,200,15.54,15.31,3062.0,-46.0,-0.014800514800514801
2025-03-21,SHSE.600493,凤竹纺织,600,5.63,5.55,3330.0,-48.0,-0.014209591474245116
2025-03-24,SHSE.600768,宁波富邦,300,9.92,9.34,2802.0,-174.0,-0.05846774193548387
2025-03-24,SHSE.600455,博通股份,100,23.05,22.16,2216.0,-89.0,-0.0386117136659436
2025-03-24,SHSE.600137,浪莎股份,200,15.54,14.72,2944.0,-164.0,-0.05276705276705277
2025-03-24,SHSE.600493,凤竹纺织,600,5.63,5.29,3174.0,-204.0,-0.06039076376554174
2025-03-25,SHSE.600768,宁波富邦,300,9.92,9.33,2799.0,-177.0,-0.059475806451612906
2025-03-25,SHSE.600455,博通股份,100,23.05,22.38,2238.0,-67.0,-0.029067245119305855
2025-03-25,SHSE.600137,浪莎股份,200,15.54,14.75,2950.0,-158.0,-0.05083655083655084
2025-03-25,SHSE.600493,凤竹纺织,600,5.63,5.28,3168.0,-210.0,-0.06216696269982238
2025-03-26,SHSE.600768,宁波富邦,300,9.92,9.6,2880.0,-96.0,-0.03225806451612903
2025-03-26,SHSE.600455,博通股份,100,23.05,24.04,2404.0,99.0,0.04295010845986985
2025-03-26,SHSE.600137,浪莎股份,200,15.54,15.17,3034.0,-74.0,-0.023809523809523808
2025-03-26,SHSE.600493,凤竹纺织,600,5.63,5.42,3252.0,-126.0,-0.037300177619893425
2025-03-27,SHSE.600768,宁波富邦,300,9.49,9.46,2838.0000000000005,-8.999999999999545,-0.0031612223393043715
2025-03-27,SZSE.002652,扬子新材,1300,2.75,2.72,3536.0000000000005,-38.999999999999545,-0.010909090909090782
2025-03-27,SZSE.002898,*ST赛隆,400,8.02,8.12,3247.9999999999995,39.999999999999545,0.012468827930174422
2025-03-27,SHSE.600137,浪莎股份,200,15.0,15.02,3004.0,4.0,0.0013333333333333333
2025-03-28,SHSE.600768,宁波富邦,300,9.49,9.25,2775.0,-72.0,-0.02528977871443625
2025-03-28,SZSE.002652,扬子新材,1300,2.75,2.65,3445.0,-130.0,-0.03636363636363636
2025-03-28,SZSE.002898,*ST赛隆,400,8.02,7.92,3168.0,-40.0,-0.012468827930174564
2025-03-28,SHSE.600137,浪莎股份,200,15.0,14.72,2944.0,-56.0,-0.018666666666666668
2025-03-31,SHSE.600768,宁波富邦,300,9.49,9.11,2733.0,-114.0,-0.040042149631190724
2025-03-31,SZSE.002652,扬子新材,1300,2.75,2.63,3419.0,-156.0,-0.04363636363636364
2025-03-31,SZSE.002898,*ST赛隆,400,8.02,7.7,3080.0,-128.0,-0.0399002493765586
2025-03-31,SHSE.600137,浪莎股份,200,15.0,14.52,2904.0,-96.0,-0.032
2025-04-01,SHSE.600768,宁波富邦,300,9.49,9.34,2802.0,-45.0,-0.015806111696522657
2025-04-01,SZSE.002652,扬子新材,1300,2.75,2.67,3471.0,-104.0,-0.02909090909090909
2025-04-01,SZSE.002898,*ST赛隆,400,8.02,8.03,3211.9999999999995,3.9999999999995453,0.0012468827930173145
2025-04-01,SHSE.600137,浪莎股份,200,15.0,14.82,2964.0,-36.0,-0.012
2025-04-02,SHSE.600768,宁波富邦,300,9.49,9.32,2796.0,-51.0,-0.01791359325605901
2025-04-02,SZSE.002652,扬子新材,1300,2.75,2.68,3484.0,-91.0,-0.025454545454545455
2025-04-02,SZSE.002898,*ST赛隆,400,8.02,7.93,3172.0,-36.0,-0.011221945137157107
2025-04-02,SHSE.600137,浪莎股份,200,15.0,14.99,2998.0,-2.0,-0.0006666666666666666
2025-05-07,SHSE.600768,宁波富邦,700,10.6,10.54,7377.999999999999,-42.00000000000091,-0.005660377358490689
2025-05-07,SHSE.603729,龙韵股份,400,15.64,15.53,6212.0,-44.0,-0.007033248081841432
2025-05-07,SZSE.002652,扬子新材,2500,2.92,2.94,7350.0,50.0,0.00684931506849315
2025-05-07,SHSE.600493,凤竹纺织,1300,5.6,5.6,7279.999999999999,0.0,0.0
2025-05-08,SHSE.600768,宁波富邦,700,10.6,10.65,7455.0,35.0,0.0047169811320754715
2025-05-08,SHSE.603729,龙韵股份,400,15.64,15.86,6344.0,88.0,0.014066496163682864
2025-05-08,SZSE.002652,扬子新材,2500,2.92,2.98,7450.0,150.0,0.02054794520547945
2025-05-08,SHSE.600493,凤竹纺织,1300,5.6,5.69,7397.000000000001,117.00000000000182,0.016071428571428823
2025-05-09,SHSE.600768,宁波富邦,700,10.6,10.62,7433.999999999999,13.99999999999909,0.0018867924528300662
2025-05-09,SHSE.603729,龙韵股份,400,15.64,15.55,6220.0,-36.0,-0.005754475703324808
2025-05-09,SZSE.002652,扬子新材,2500,2.92,2.94,7350.0,50.0,0.00684931506849315
2025-05-09,SHSE.600493,凤竹纺织,1300,5.6,5.7,7410.0,130.0000000000009,0.017857142857142985
2025-05-12,SHSE.600768,宁波富邦,700,10.6,10.67,7469.0,49.0,0.006603773584905661
2025-05-12,SHSE.603729,龙韵股份,400,15.64,15.58,6232.0,-24.0,-0.0038363171355498722
2025-05-12,SZSE.002652,扬子新材,2500,2.92,2.93,7325.0,25.0,0.003424657534246575
2025-05-12,SHSE.600493,凤竹纺织,1300,5.6,5.69,7397.000000000001,117.00000000000182,0.016071428571428823
2025-05-13,SHSE.600768,宁波富邦,700,10.6,10.58,7406.0,-14.0,-0.0018867924528301887
2025-05-13,SHSE.603729,龙韵股份,400,15.64,15.45,6180.0,-76.0,-0.012148337595907928
2025-05-13,SZSE.002652,扬子新材,2500,2.92,2.94,7350.0,50.0,0.00684931506849315
2025-05-13,SHSE.600493,凤竹纺织,1300,5.6,5.7,7410.0,130.0000000000009,0.017857142857142985
2025-05-14,SHSE.600768,宁波富邦,300,10.57,10.35,3105.0,-66.0,-0.020813623462630087
2025-05-14,SHSE.603729,龙韵股份,200,15.53,15.44,3088.0,-18.0,-0.005795235028976175
2025-05-14,SZSE.002652,扬子新材,1200,2.94,2.9,3480.0,-48.0,-0.013605442176870748
2025-05-14,SHSE.600493,凤竹纺织,600,5.76,5.64,3384.0,-72.0,-0.020833333333333332
2025-05-15,SHSE.600768,宁波富邦,300,10.57,10.37,3110.9999999999995,-60.000000000000455,-0.0189214758751184
2025-05-15,SHSE.603729,龙韵股份,200,15.53,15.49,3098.0,-8.0,-0.0025756600128783
2025-05-15,SZSE.002652,扬子新材,1200,2.94,2.91,3492.0,-36.0,-0.01020408163265306
2025-05-15,SHSE.600493,凤竹纺织,600,5.76,6.2,3720.0,264.0,0.0763888888888889
2025-05-16,SHSE.600768,宁波富邦,300,10.57,10.47,3141.0,-30.0,-0.00946073793755913
2025-05-16,SHSE.603729,龙韵股份,200,15.53,15.53,3106.0,0.0,0.0
2025-05-16,SZSE.002652,扬子新材,1200,2.94,2.94,3528.0,0.0,0.0
2025-05-16,SHSE.600493,凤竹纺织,600,5.76,5.86,3516.0,60.0,0.017361111111111112
2025-05-19,SHSE.600768,宁波富邦,300,10.57,10.67,3201.0,30.0,0.00946073793755913
2025-05-19,SHSE.603729,龙韵股份,200,15.53,15.78,3156.0,50.0,0.016097875080489377
2025-05-19,SZSE.002652,扬子新材,1200,2.94,2.99,3588.0000000000005,60.000000000000455,0.017006802721088565
2025-05-19,SHSE.600493,凤竹纺织,600,5.76,5.79,3474.0,18.0,0.005208333333333333
2025-05-20,SHSE.600768,宁波富邦,300,10.57,10.85,3255.0,84.0,0.026490066225165563
2025-05-20,SHSE.603729,龙韵股份,200,15.53,16.2,3240.0,134.0,0.043142305215711524
2025-05-20,SZSE.002652,扬子新材,1200,2.94,3.04,3648.0,120.0,0.034013605442176874
2025-05-20,SHSE.600493,凤竹纺织,600,5.76,5.81,3485.9999999999995,29.999999999999545,0.008680555555555424
2025-05-21,SHSE.600768,宁波富邦,300,10.9,10.75,3225.0,-45.0,-0.013761467889908258
2025-05-21,SHSE.603729,龙韵股份,200,16.21,16.13,3226.0,-16.0,-0.004935225169648365
2025-05-21,SHSE.600455,博通股份,100,25.71,25.54,2554.0,-17.0,-0.0066122131466355505
2025-05-21,SZSE.002652,扬子新材,1200,3.08,3.03,3635.9999999999995,-60.000000000000455,-0.016233766233766357
2025-05-22,SHSE.600768,宁波富邦,300,10.9,10.56,3168.0,-102.0,-0.031192660550458717
2025-05-22,SHSE.603729,龙韵股份,200,16.21,15.8,3160.0,-82.0,-0.025293028994447873
2025-05-22,SHSE.600455,博通股份,100,25.71,25.01,2501.0,-70.0,-0.027226760015558148
2025-05-22,SZSE.002652,扬子新材,1200,3.08,2.97,3564.0000000000005,-131.99999999999955,-0.035714285714285594
2025-05-23,SHSE.600768,宁波富邦,300,10.9,10.49,3147.0,-123.0,-0.03761467889908257
2025-05-23,SHSE.603729,龙韵股份,200,16.21,15.52,3104.0,-138.0,-0.04256631708821715
2025-05-23,SHSE.600455,博通股份,100,25.71,25.03,2503.0,-68.0,-0.026448852586542202
2025-05-23,SZSE.002652,扬子新材,1200,3.08,2.92,3504.0,-192.0,-0.05194805194805195
2025-05-26,SHSE.600768,宁波富邦,300,10.9,10.48,3144.0,-126.0,-0.03853211009174312
2025-05-26,SHSE.603729,龙韵股份,200,16.21,15.8,3160.0,-82.0,-0.025293028994447873
2025-05-26,SHSE.600455,博通股份,100,25.71,25.11,2511.0,-60.0,-0.023337222870478413
2025-05-26,SZSE.002652,扬子新材,1200,3.08,2.95,3540.0,-156.0,-0.04220779220779221
2025-05-27,SHSE.600768,宁波富邦,300,10.9,10.55,3165.0,-105.0,-0.03211009174311927
2025-05-27,SHSE.603729,龙韵股份,200,16.21,15.88,3176.0,-66.0,-0.020357803824799507
2025-05-27,SHSE.600455,博通股份,100,25.71,25.33,2533.0,-38.0,-0.014780241151302996
2025-05-27,SZSE.002652,扬子新材,1200,3.08,2.98,3576.0,-120.0,-0.032467532467532464
2025-05-28,SHSE.600671,天目药业,300,12.44,12.26,3678.0,-54.0,-0.014469453376205787
2025-05-28,SZSE.002652,扬子新材,1200,3.0,2.95,3540.0,-60.0,-0.016666666666666666
2025-05-28,SHSE.600768,宁波富邦,300,10.49,10.48,3144.0,-3.0,-0.0009532888465204957
2025-05-28,SHSE.603729,龙韵股份,200,15.92,15.79,3158.0,-26.0,-0.008165829145728644
2025-05-29,SHSE.600671,天目药业,300,12.44,12.56,3768.0,36.0,0.00964630225080386
2025-05-29,SZSE.002652,扬子新材,1200,3.0,3.05,3660.0,60.0,0.016666666666666666
2025-05-29,SHSE.600768,宁波富邦,300,10.49,10.63,3189.0000000000005,42.000000000000455,0.013346043851287084
2025-05-29,SHSE.603729,龙韵股份,200,15.92,16.11,3222.0,38.0,0.01193467336683417
2025-05-30,SHSE.600671,天目药业,300,12.44,12.88,3864.0000000000005,132.00000000000045,0.035369774919614266
2025-05-30,SZSE.002652,扬子新材,1200,3.0,3.0,3600.0,0.0,0.0
2025-05-30,SHSE.600768,宁波富邦,300,10.49,10.51,3153.0,6.0,0.0019065776930409914
2025-05-30,SHSE.603729,龙韵股份,200,15.92,15.98,3196.0,12.0,0.0037688442211055275
2025-06-03,SHSE.600671,天目药业,300,12.44,13.34,4002.0,270.0,0.07234726688102894
2025-06-03,SZSE.002652,扬子新材,1200,3.0,3.06,3672.0,72.0,0.02
2025-06-03,SHSE.600768,宁波富邦,300,10.49,10.66,3198.0,51.0,0.016205910390848427
2025-06-03,SHSE.603729,龙韵股份,200,15.92,16.17,3234.0000000000005,50.000000000000455,0.015703517587939843
2025-06-04,SHSE.600671,天目药业,300,12.44,13.88,4164.0,432.0,0.1157556270096463
2025-06-04,SZSE.002652,扬子新材,1200,3.0,3.12,3744.0,144.0,0.04
2025-06-04,SHSE.600768,宁波富邦,300,10.49,10.78,3234.0,87.0,0.027645376549094377
2025-06-04,SHSE.603729,龙韵股份,200,15.92,16.29,3258.0,74.0,0.023241206030150754
2025-06-05,SZSE.002652,扬子新材,1200,3.13,3.1,3720.0,-36.0,-0.009584664536741214
2025-06-05,SHSE.603729,龙韵股份,200,16.37,16.37,3274.0,0.0,0.0
2025-06-05,SHSE.600493,凤竹纺织,600,5.99,5.86,3516.0,-78.0,-0.021702838063439065
2025-06-05,SHSE.600768,宁波富邦,300,10.79,10.72,3216.0,-20.999999999999545,-0.006487488415199119
2025-06-06,SZSE.002652,扬子新材,1200,3.13,3.18,3816.0,60.0,0.01597444089456869
2025-06-06,SHSE.603729,龙韵股份,200,16.37,16.48,3296.0,22.0,0.006719609040928528
2025-06-06,SHSE.600493,凤竹纺织,600,5.99,5.91,3546.0,-48.0,-0.01335559265442404
2025-06-06,SHSE.600768,宁波富邦,300,10.79,11.04,3311.9999999999995,75.0,0.023169601482854497
2025-06-09,SZSE.002652,扬子新材,1200,3.13,3.2,3840.0,84.0,0.022364217252396165
2025-06-09,SHSE.603729,龙韵股份,200,16.37,16.79,3358.0,84.0,0.02565668906536347
2025-06-09,SHSE.600493,凤竹纺织,600,5.99,6.04,3624.0,30.0,0.008347245409015025
2025-06-09,SHSE.600768,宁波富邦,300,10.79,11.09,3327.0,90.00000000000045,0.02780352177942554
2025-06-10,SZSE.002652,扬子新材,1200,3.13,3.15,3780.0,24.0,0.006389776357827476
2025-06-10,SHSE.603729,龙韵股份,200,16.37,16.77,3354.0,80.0,0.02443494196701283
2025-06-10,SHSE.600493,凤竹纺织,600,5.99,5.98,3588.0000000000005,-5.999999999999545,-0.0016694490818028784
2025-06-10,SHSE.600768,宁波富邦,300,10.79,10.9,3270.0,33.000000000000455,0.01019462465245612
2025-06-11,SZSE.002652,扬子新材,1200,3.13,3.15,3780.0,24.0,0.006389776357827476
2025-06-11,SHSE.603729,龙韵股份,200,16.37,16.85,3370.0000000000005,96.00000000000045,0.029321930360415534
2025-06-11,SHSE.600493,凤竹纺织,600,5.99,6.0,3600.0,6.0,0.001669449081803005
2025-06-11,SHSE.600768,宁波富邦,300,10.79,10.98,3294.0,57.000000000000455,0.017608897126969558
2025-06-12,SZSE.002652,扬子新材,1100,3.16,3.17,3487.0,11.0,0.0031645569620253164
2025-06-12,SHSE.600493,凤竹纺织,600,6.0,5.94,3564.0000000000005,-35.999999999999545,-0.009999999999999874
2025-06-12,SHSE.600768,宁波富邦,300,10.98,10.98,3294.0,0.0,0.0
2025-06-12,SHSE.603729,龙韵股份,200,17.0,17.07,3414.0,14.0,0.00411764705882353
2025-06-13,SZSE.002652,扬子新材,1100,3.16,3.1,3410.0,-66.0,-0.0189873417721519
2025-06-13,SHSE.600493,凤竹纺织,600,6.0,5.78,3468.0,-132.0,-0.03666666666666667
2025-06-13,SHSE.600768,宁波富邦,300,10.98,10.86,3258.0,-36.0,-0.01092896174863388
2025-06-13,SHSE.603729,龙韵股份,200,17.0,16.42,3284.0000000000005,-115.99999999999955,-0.0341176470588234
2025-06-16,SZSE.002652,扬子新材,1100,3.16,3.12,3432.0,-44.0,-0.012658227848101266
2025-06-16,SHSE.600493,凤竹纺织,600,6.0,5.83,3498.0,-102.0,-0.028333333333333332
2025-06-16,SHSE.600768,宁波富邦,300,10.98,10.91,3273.0,-21.0,-0.006375227686703097
2025-06-16,SHSE.603729,龙韵股份,200,17.0,16.77,3354.0,-46.0,-0.013529411764705882
2025-06-17,SZSE.002652,扬子新材,1100,3.16,3.13,3443.0,-33.0,-0.00949367088607595
2025-06-17,SHSE.600493,凤竹纺织,600,6.0,5.81,3485.9999999999995,-114.00000000000045,-0.031666666666666794
2025-06-17,SHSE.600768,宁波富邦,300,10.98,10.87,3260.9999999999995,-33.000000000000455,-0.010018214936247861
2025-06-17,SHSE.603729,龙韵股份,200,17.0,16.56,3311.9999999999995,-88.00000000000045,-0.025882352941176603
2025-06-18,SZSE.002652,扬子新材,1100,3.16,3.07,3377.0,-99.0,-0.028481012658227847
2025-06-18,SHSE.600493,凤竹纺织,600,6.0,5.75,3450.0,-150.0,-0.041666666666666664
2025-06-18,SHSE.600768,宁波富邦,300,10.98,10.71,3213.0000000000005,-80.99999999999955,-0.02459016393442609
2025-06-18,SHSE.603729,龙韵股份,200,17.0,16.35,3270.0000000000005,-129.99999999999955,-0.03823529411764692
2025-06-19,SHSE.600768,宁波富邦,300,10.7,10.53,3159.0,-51.0,-0.01588785046728972
2025-06-19,SHSE.603729,龙韵股份,200,16.34,16.0,3200.0,-68.0,-0.0208078335373317
2025-06-19,SZSE.001211,双枪科技,100,21.83,20.96,2096.0,-87.0,-0.03985341273476867
2025-06-19,SHSE.600493,凤竹纺织,600,5.73,5.62,3372.0,-66.00000000000045,-0.0191972076788832
2025-06-20,SHSE.600768,宁波富邦,300,10.7,10.47,3141.0,-69.0,-0.02149532710280374
2025-06-20,SHSE.603729,龙韵股份,200,16.34,15.58,3116.0,-152.0,-0.046511627906976744
2025-06-20,SZSE.001211,双枪科技,100,21.83,21.02,2102.0,-81.0,-0.03710490151168117
2025-06-20,SHSE.600493,凤竹纺织,600,5.73,5.92,3552.0,113.99999999999955,0.03315881326352517
2025-06-23,SHSE.600768,宁波富邦,300,10.7,10.7,3210.0,0.0,0.0
2025-06-23,SHSE.603729,龙韵股份,200,16.34,15.95,3190.0,-78.0,-0.02386780905752754
2025-06-23,SZSE.001211,双枪科技,100,21.83,21.7,2170.0,-13.0,-0.005955107650022904
2025-06-23,SHSE.600493,凤竹纺织,600,5.73,6.2,3720.0,281.99999999999955,0.08202443280977298
2025-06-24,SHSE.600768,宁波富邦,300,10.7,11.05,3315.0,105.0,0.03271028037383177
2025-06-24,SHSE.603729,龙韵股份,200,16.34,16.54,3308.0,40.0,0.012239902080783354
2025-06-24,SZSE.001211,双枪科技,100,21.83,22.5,2250.0,67.0,0.030691708657810353
2025-06-24,SHSE.600493,凤竹纺织,600,5.73,6.22,3732.0,293.99999999999955,0.08551483420593353
2025-06-25,SHSE.600768,宁波富邦,300,10.7,11.0,3300.0,90.0,0.028037383177570093
2025-06-25,SHSE.603729,龙韵股份,200,16.34,16.56,3311.9999999999995,43.999999999999545,0.01346389228886155
2025-06-25,SZSE.001211,双枪科技,100,21.83,22.46,2246.0,63.0,0.02885936784241869
2025-06-25,SHSE.600493,凤竹纺织,600,5.73,6.25,3750.0,311.99999999999955,0.09075043630017438
2025-06-26,SHSE.600768,宁波富邦,300,11.1,11.17,3351.0,21.0,0.006306306306306306
2025-06-26,SHSE.603729,龙韵股份,200,16.59,16.75,3350.0,32.0,0.009644364074743821
2025-06-26,SZSE.001211,双枪科技,100,22.46,22.4,2240.0,-6.0,-0.0026714158504007124
2025-06-26,SHSE.600671,天目药业,200,13.25,13.33,2666.0,16.0,0.0060377358490566035
2025-06-27,SHSE.600768,宁波富邦,300,11.1,11.3,3390.0,60.0,0.018018018018018018
2025-06-27,SHSE.603729,龙韵股份,200,16.59,17.26,3452.0000000000005,134.00000000000045,0.04038577456298989
2025-06-27,SZSE.001211,双枪科技,100,22.46,22.69,2269.0,23.0,0.010240427426536063
2025-06-27,SHSE.600671,天目药业,200,13.25,13.56,2712.0,62.0,0.02339622641509434
2025-06-30,SHSE.600768,宁波富邦,300,11.1,11.43,3429.0,99.0,0.02972972972972973
2025-06-30,SHSE.603729,龙韵股份,200,16.59,17.12,3424.0,106.0,0.031946955997588906
2025-06-30,SZSE.001211,双枪科技,100,22.46,22.81,2281.0,35.0,0.015583259127337488
2025-06-30,SHSE.600671,天目药业,200,13.25,13.46,2692.0,42.0,0.015849056603773583
2025-07-01,SHSE.600768,宁波富邦,300,11.1,11.42,3426.0,96.0,0.02882882882882883
2025-07-01,SHSE.603729,龙韵股份,200,16.59,17.01,3402.0000000000005,84.00000000000045,0.02531645569620267
2025-07-01,SZSE.001211,双枪科技,100,22.46,22.9,2290.0,44.0,0.019590382902938557
2025-07-01,SHSE.600671,天目药业,200,13.25,13.57,2714.0,64.0,0.024150943396226414
2025-07-02,SHSE.600768,宁波富邦,300,11.1,11.57,3471.0,141.0,0.04234234234234234
2025-07-02,SHSE.603729,龙韵股份,200,16.59,17.06,3411.9999999999995,93.99999999999955,0.02833031946955984
2025-07-02,SZSE.001211,双枪科技,100,22.46,23.0,2300.0,54.0,0.02404274265360641
2025-07-02,SHSE.600671,天目药业,200,13.25,13.56,2712.0,62.0,0.02339622641509434
2025-07-03,SHSE.603729,龙韵股份,200,17.04,17.15,3429.9999999999995,21.999999999999545,0.006455399061032731
2025-07-03,SHSE.600671,天目药业,200,13.54,13.67,2734.0,26.0,0.009601181683899557
2025-07-03,SZSE.001211,双枪科技,100,22.96,22.99,2299.0,3.0,0.0013066202090592336
2025-07-03,SHSE.600768,宁波富邦,300,11.57,11.52,3456.0,-15.0,-0.00432152117545376
2025-07-04,SHSE.603729,龙韵股份,200,17.04,16.88,3376.0,-32.0,-0.009389671361502348
2025-07-04,SHSE.600671,天目药业,200,13.54,13.52,2704.0,-4.0,-0.0014771048744460858
2025-07-04,SZSE.001211,双枪科技,100,22.96,22.48,2248.0,-48.0,-0.020905923344947737
2025-07-04,SHSE.600768,宁波富邦,300,11.57,11.38,3414.0000000000005,-56.999999999999545,-0.016421780466724156
2025-07-07,SHSE.603729,龙韵股份,200,17.04,17.18,3436.0,28.0,0.008215962441314555
2025-07-07,SHSE.600671,天目药业,200,13.54,13.67,2734.0,26.0,0.009601181683899557
2025-07-07,SZSE.001211,双枪科技,100,22.96,23.11,2311.0,15.0,0.006533101045296167
2025-07-07,SHSE.600768,宁波富邦,300,11.57,11.55,3465.0,-6.0,-0.001728608470181504
2025-07-08,SHSE.603729,龙韵股份,200,17.04,17.28,3456.0,48.0,0.014084507042253521
2025-07-08,SHSE.600671,天目药业,200,13.54,13.84,2768.0,60.0,0.022156573116691284
2025-07-08,SZSE.001211,双枪科技,100,22.96,23.23,2323.0,27.0,0.011759581881533102
2025-07-08,SHSE.600768,宁波富邦,300,11.57,11.73,3519.0,48.0,0.013828867761452032
2025-07-09,SHSE.603729,龙韵股份,200,17.04,17.22,3444.0,36.0,0.01056338028169014
2025-07-09,SHSE.600671,天目药业,200,13.54,13.54,2708.0,0.0,0.0
2025-07-09,SZSE.001211,双枪科技,100,22.96,23.56,2356.0,60.0,0.02613240418118467
2025-07-09,SHSE.600768,宁波富邦,300,11.57,11.77,3531.0,60.0,0.01728608470181504
2025-07-10,SHSE.600768,宁波富邦,300,11.8,11.8,3540.0,0.0,0.0
2025-07-10,SHSE.603729,龙韵股份,200,17.22,17.11,3422.0,-22.0,-0.006387921022067364
2025-07-10,SHSE.600671,天目药业,200,13.54,13.58,2716.0,8.0,0.0029542097488921715
2025-07-10,SZSE.001211,双枪科技,100,23.61,23.16,2316.0,-45.0,-0.01905972045743329
2025-07-11,SHSE.600768,宁波富邦,300,11.8,11.76,3528.0,-12.0,-0.003389830508474576
2025-07-11,SHSE.603729,龙韵股份,200,17.22,17.12,3424.0,-20.0,-0.005807200929152149
2025-07-11,SHSE.600671,天目药业,200,13.54,13.5,2700.0,-8.0,-0.0029542097488921715
2025-07-11,SZSE.001211,双枪科技,100,23.61,22.95,2295.0,-66.0,-0.02795425667090216
2025-07-14,SHSE.600768,宁波富邦,300,11.8,11.98,3594.0,54.0,0.015254237288135594
2025-07-14,SHSE.603729,龙韵股份,200,17.22,17.14,3428.0,-16.0,-0.004645760743321719
2025-07-14,SHSE.600671,天目药业,200,13.54,13.64,2728.0,20.0,0.007385524372230428
2025-07-14,SZSE.001211,双枪科技,100,23.61,23.29,2329.0,-32.0,-0.013553578991952562
2025-07-15,SHSE.600768,宁波富邦,300,11.8,11.73,3519.0,-21.0,-0.005932203389830509
2025-07-15,SHSE.603729,龙韵股份,200,17.22,16.71,3342.0,-102.0,-0.029616724738675958
2025-07-15,SHSE.600671,天目药业,200,13.54,13.53,2706.0,-2.0,-0.0007385524372230429
2025-07-15,SZSE.001211,双枪科技,100,23.61,22.8,2280.0,-81.0,-0.03430749682337993
2025-07-16,SHSE.600768,宁波富邦,300,11.8,11.88,3564.0000000000005,24.000000000000455,0.006779661016949281
2025-07-16,SHSE.603729,龙韵股份,200,17.22,17.04,3408.0,-36.0,-0.010452961672473868
2025-07-16,SHSE.600671,天目药业,200,13.54,13.85,2770.0,62.0,0.022895125553914326
2025-07-16,SZSE.001211,双枪科技,100,23.61,23.0,2300.0,-61.0,-0.02583650995340957
2025-07-17,SHSE.603729,龙韵股份,200,17.11,17.03,3406.0,-16.0,-0.004675628287551139
2025-07-17,SZSE.001211,双枪科技,100,23.0,23.08,2308.0,8.0,0.0034782608695652175
2025-07-17,SZSE.002652,扬子新材,1100,3.33,3.29,3619.0,-44.0,-0.012012012012012012
2025-07-17,SHSE.600768,宁波富邦,300,11.92,11.9,3570.0,-6.0,-0.0016778523489932886
2025-07-18,SHSE.603729,龙韵股份,200,17.11,17.06,3411.9999999999995,-10.000000000000455,-0.0029222676797195954
2025-07-18,SZSE.001211,双枪科技,100,23.0,23.13,2313.0,13.0,0.005652173913043478
2025-07-18,SZSE.002652,扬子新材,1100,3.33,3.62,3982.0,319.0,0.08708708708708708
2025-07-18,SHSE.600768,宁波富邦,300,11.92,11.97,3591.0,15.0,0.0041946308724832215
2025-07-21,SHSE.603729,龙韵股份,200,17.11,17.18,3436.0,14.0,0.004091174751607247
2025-07-21,SZSE.001211,双枪科技,100,23.0,23.55,2355.0,55.0,0.02391304347826087
2025-07-21,SZSE.002652,扬子新材,1100,3.33,3.44,3784.0,121.0,0.03303303303303303
2025-07-21,SHSE.600768,宁波富邦,300,11.92,12.44,3732.0,156.0,0.0436241610738255
2025-07-22,SHSE.603729,龙韵股份,200,17.11,17.23,3446.0,24.0,0.0070134424313267095
2025-07-22,SZSE.001211,双枪科技,100,23.0,23.08,2308.0,8.0,0.0034782608695652175
2025-07-22,SZSE.002652,扬子新材,1100,3.33,3.42,3762.0,99.0,0.02702702702702703
2025-07-22,SHSE.600768,宁波富邦,300,11.92,12.48,3744.0,168.0,0.04697986577181208
2025-07-23,SHSE.603729,龙韵股份,200,17.11,17.0,3400.0,-22.0,-0.006428988895382817
2025-07-23,SZSE.001211,双枪科技,100,23.0,23.16,2316.0,16.0,0.006956521739130435
2025-07-23,SZSE.002652,扬子新材,1100,3.33,3.69,4059.0,396.0,0.10810810810810811
2025-07-23,SHSE.600768,宁波富邦,300,11.92,12.45,3735.0,159.0,0.044463087248322146
2025-07-24,SHSE.603729,龙韵股份,200,17.0,17.32,3464.0,64.0,0.018823529411764704
2025-07-24,SHSE.600768,宁波富邦,300,12.49,12.58,3774.0,27.0,0.007205764611689352
2025-07-24,SHSE.600671,天目药业,200,13.98,14.0,2800.0,4.0,0.001430615164520744
2025-07-24,SZSE.001211,双枪科技,100,23.32,23.3,2330.0,-2.0,-0.0008576329331046312
2025-07-25,SHSE.603729,龙韵股份,200,17.0,17.36,3472.0,72.0,0.021176470588235293
2025-07-25,SHSE.600768,宁波富邦,300,12.49,12.91,3873.0,126.0,0.03362690152121697
2025-07-25,SHSE.600671,天目药业,200,13.98,14.68,2936.0,140.0,0.05007153075822604
2025-07-25,SZSE.001211,双枪科技,100,23.32,23.52,2352.0,20.0,0.008576329331046312
2025-07-28,SHSE.603729,龙韵股份,200,17.0,17.54,3508.0,108.0,0.03176470588235294
2025-07-28,SHSE.600768,宁波富邦,300,12.49,12.71,3813.0000000000005,66.00000000000045,0.017614091273018537
2025-07-28,SHSE.600671,天目药业,200,13.98,14.42,2884.0,88.0,0.031473533619456366
2025-07-28,SZSE.001211,双枪科技,100,23.32,23.89,2389.0,57.0,0.02444253859348199
2025-07-29,SHSE.603729,龙韵股份,200,17.0,17.4,3479.9999999999995,79.99999999999955,0.02352941176470575
2025-07-29,SHSE.600768,宁波富邦,300,12.49,12.47,3741.0,-6.0,-0.0016012810248198558
2025-07-29,SHSE.600671,天目药业,200,13.98,14.23,2846.0,50.0,0.0178826895565093
2025-07-29,SZSE.001211,双枪科技,100,23.32,23.86,2386.0,54.0,0.023156089193825044
2025-07-30,SHSE.603729,龙韵股份,200,17.0,17.41,3482.0,82.0,0.02411764705882353
2025-07-30,SHSE.600768,宁波富邦,300,12.49,12.43,3729.0,-18.0,-0.004803843074459567
2025-07-30,SHSE.600671,天目药业,200,13.98,14.15,2830.0,34.0,0.012160228898426323
2025-07-30,SZSE.001211,双枪科技,100,23.32,23.83,2383.0,51.0,0.021869639794168096
2025-07-31,SHSE.600768,宁波富邦,300,12.47,12.16,3648.0,-93.0,-0.024859663191659984
2025-07-31,SZSE.001211,双枪科技,100,23.88,23.55,2355.0,-33.0,-0.013819095477386936
2025-07-31,SHSE.603729,龙韵股份,200,17.32,17.28,3456.0,-8.0,-0.0023094688221709007
2025-07-31,SHSE.600671,天目药业,200,14.15,13.96,2792.0,-38.0,-0.01342756183745583
2025-08-01,SHSE.600768,宁波富邦,300,12.47,12.43,3729.0,-12.0,-0.0032076984763432237
2025-08-01,SZSE.001211,双枪科技,100,23.88,23.89,2389.0,1.0,0.0004187604690117253
2025-08-01,SHSE.603729,龙韵股份,200,17.32,17.65,3529.9999999999995,65.99999999999955,0.0190531177829098
2025-08-01,SHSE.600671,天目药业,200,14.15,15.36,3072.0,242.0,0.08551236749116607
2025-08-04,SHSE.600768,宁波富邦,300,12.47,12.69,3807.0,66.0,0.01764234161988773
2025-08-04,SZSE.001211,双枪科技,100,23.88,24.17,2417.0,29.0,0.012144053601340033
2025-08-04,SHSE.603729,龙韵股份,200,17.32,17.6,3520.0000000000005,56.000000000000455,0.016166281755196438
2025-08-04,SHSE.600671,天目药业,200,14.15,15.56,3112.0,282.0,0.09964664310954063
2025-08-05,SHSE.600768,宁波富邦,300,12.47,12.86,3858.0,117.0,0.03127506014434643
2025-08-05,SZSE.001211,双枪科技,100,23.88,24.4,2440.0,52.0,0.021775544388609715
2025-08-05,SHSE.603729,龙韵股份,200,17.32,17.93,3586.0,122.0,0.03521939953810624
2025-08-05,SHSE.600671,天目药业,200,14.15,15.04,3008.0,178.0,0.06289752650176679
2025-08-06,SHSE.600768,宁波富邦,300,12.47,12.95,3885.0,144.0,0.038492381716118684
2025-08-06,SZSE.001211,双枪科技,100,23.88,24.44,2444.0,56.0,0.023450586264656615
2025-08-06,SHSE.603729,龙韵股份,200,17.32,17.9,3579.9999999999995,115.99999999999955,0.03348729792147793
2025-08-06,SHSE.600671,天目药业,200,14.15,14.71,2942.0,112.0,0.039575971731448764
2025-08-07,SHSE.603729,龙韵股份,200,17.88,17.78,3556.0,-20.0,-0.005592841163310962
2025-08-07,SHSE.600768,宁波富邦,200,13.07,12.94,2588.0,-26.0,-0.009946442234123947
2025-08-07,SZSE.001211,双枪科技,100,24.56,24.35,2435.0,-21.0,-0.008550488599348535
2025-08-07,SHSE.600671,天目药业,200,14.82,14.6,2920.0,-44.0,-0.014844804318488529
2025-08-08,SHSE.603729,龙韵股份,200,17.88,17.8,3560.0,-16.0,-0.0044742729306487695
2025-08-08,SHSE.600768,宁波富邦,200,13.07,12.97,2594.0,-20.0,-0.0076511094108645756
2025-08-08,SZSE.001211,双枪科技,100,24.56,24.46,2446.0,-10.0,-0.004071661237785016
2025-08-08,SHSE.600671,天目药业,200,14.82,14.91,2982.0,18.0,0.006072874493927126
2025-08-11,SHSE.603729,龙韵股份,200,17.88,17.96,3592.0,16.0,0.0044742729306487695
2025-08-11,SHSE.600768,宁波富邦,200,13.07,13.06,2612.0,-2.0,-0.0007651109410864575
2025-08-11,SZSE.001211,双枪科技,100,24.56,25.15,2515.0,59.0,0.024022801302931596
2025-08-11,SHSE.600671,天目药业,200,14.82,15.18,3036.0,72.0,0.024291497975708502
2025-08-12,SHSE.603729,龙韵股份,200,17.88,17.88,3576.0,0.0,0.0
2025-08-12,SHSE.600768,宁波富邦,200,13.07,12.97,2594.0,-20.0,-0.0076511094108645756
2025-08-12,SZSE.001211,双枪科技,100,24.56,25.11,2511.0,55.0,0.02239413680781759
2025-08-12,SHSE.600671,天目药业,200,14.82,15.05,3010.0,46.0,0.0155195681511471
2025-08-13,SHSE.603729,龙韵股份,200,17.88,17.8,3560.0,-16.0,-0.0044742729306487695
2025-08-13,SHSE.600768,宁波富邦,200,13.07,12.96,2592.0,-22.0,-0.008416220351951033
2025-08-13,SZSE.001211,双枪科技,100,24.56,24.67,2467.0,11.0,0.004478827361563518
2025-08-13,SHSE.600671,天目药业,200,14.82,15.15,3030.0,66.0,0.022267206477732792
2025-08-14,SHSE.603729,龙韵股份,200,17.92,17.25,3450.0,-134.00000000000045,-0.03738839285714298
2025-08-14,SHSE.600768,宁波富邦,200,13.48,12.64,2528.0,-168.0,-0.06231454005934718
2025-08-14,SHSE.600455,博通股份,100,28.88,27.85,2785.0,-103.0,-0.03566481994459834
2025-08-14,SZSE.001211,双枪科技,100,24.78,24.2,2420.0,-58.0,-0.023405972558514933
2025-08-15,SHSE.603729,龙韵股份,200,17.92,17.56,3511.9999999999995,-72.00000000000091,-0.020089285714285966
2025-08-15,SHSE.600768,宁波富邦,200,13.48,12.78,2556.0,-140.0,-0.05192878338278932
2025-08-15,SHSE.600455,博通股份,100,28.88,27.66,2766.0,-122.0,-0.04224376731301939
2025-08-15,SZSE.001211,双枪科技,100,24.78,24.18,2418.0,-60.0,-0.024213075060532687
2025-08-18,SHSE.603729,龙韵股份,200,17.92,17.87,3574.0,-10.000000000000455,-0.002790178571428698
2025-08-18,SHSE.600768,宁波富邦,200,13.48,12.67,2534.0,-162.0,-0.06008902077151335
2025-08-18,SHSE.600455,博通股份,100,28.88,27.95,2795.0,-93.0,-0.03220221606648199
2025-08-18,SZSE.001211,双枪科技,100,24.78,24.65,2465.0,-13.0,-0.005246166263115416
2025-08-19,SHSE.603729,龙韵股份,200,17.92,18.18,3636.0,51.999999999999545,0.014508928571428444
2025-08-19,SHSE.600768,宁波富邦,200,13.48,12.92,2584.0,-112.0,-0.04154302670623145
2025-08-19,SHSE.600455,博通股份,100,28.88,28.1,2810.0,-78.0,-0.027008310249307478
2025-08-19,SZSE.001211,双枪科技,100,24.78,25.09,2509.0,31.0,0.012510088781275222
2025-08-20,SHSE.603729,龙韵股份,200,17.92,18.26,3652.0000000000005,68.0,0.018973214285714284
2025-08-20,SHSE.600768,宁波富邦,200,13.48,12.93,2586.0,-110.0,-0.04080118694362018
2025-08-20,SHSE.600455,博通股份,100,28.88,28.23,2823.0,-65.0,-0.022506925207756233
2025-08-20,SZSE.001211,双枪科技,100,24.78,25.21,2521.0,43.0,0.01735270379338176
2025-08-21,SHSE.603729,龙韵股份,200,18.24,18.28,3656.0,8.000000000000455,0.0021929824561404757
2025-08-21,SHSE.600768,宁波富邦,200,12.96,12.96,2592.0,0.0,0.0
2025-08-21,SHSE.600455,博通股份,100,28.2,28.52,2852.0,32.0,0.011347517730496455
2025-08-21,SZSE.001211,双枪科技,100,25.23,25.25,2525.0,2.0,0.0007927070947284979
2025-08-22,SHSE.603729,龙韵股份,200,18.24,18.18,3636.0,-11.999999999999545,-0.003289473684210402
2025-08-22,SHSE.600768,宁波富邦,200,12.96,12.76,2552.0,-40.0,-0.015432098765432098
2025-08-22,SHSE.600455,博通股份,100,28.2,28.25,2825.0,5.0,0.0017730496453900709
2025-08-22,SZSE.001211,双枪科技,100,25.23,24.89,2489.0,-34.0,-0.013476020610384463
2025-08-25,SHSE.603729,龙韵股份,200,18.24,18.14,3628.0,-19.999999999999545,-0.005482456140350753
2025-08-25,SHSE.600768,宁波富邦,200,12.96,12.8,2560.0,-32.0,-0.012345679012345678
2025-08-25,SHSE.600455,博通股份,100,28.2,28.06,2806.0,-14.0,-0.004964539007092199
2025-08-25,SZSE.001211,双枪科技,100,25.23,24.78,2478.0,-45.0,-0.0178359096313912
2025-08-26,SHSE.603729,龙韵股份,200,18.24,18.23,3646.0,-1.9999999999995453,-0.0005482456140349631
2025-08-26,SHSE.600768,宁波富邦,200,12.96,12.97,2594.0,2.0,0.0007716049382716049
2025-08-26,SHSE.600455,博通股份,100,28.2,28.26,2826.0,6.0,0.002127659574468085
2025-08-26,SZSE.001211,双枪科技,100,25.23,25.51,2551.0,28.0,0.01109789932619897
2025-08-27,SHSE.603729,龙韵股份,200,18.24,17.5,3500.0,-147.99999999999955,-0.040570175438596374
2025-08-27,SHSE.600768,宁波富邦,200,12.96,12.45,2490.0,-102.0,-0.03935185185185185
2025-08-27,SHSE.600455,博通股份,100,28.2,27.14,2714.0,-106.0,-0.0375886524822695
2025-08-27,SZSE.001211,双枪科技,100,25.23,24.41,2441.0,-82.0,-0.03250099088386841
2025-08-28,SHSE.600768,宁波富邦,300,12.52,12.27,3681.0,-75.0,-0.019968051118210862
2025-08-28,SHSE.600455,博通股份,100,27.28,27.21,2721.0,-7.0,-0.002565982404692082
2025-08-28,SHSE.600493,凤竹纺织,500,6.62,6.5,3250.0,-60.0,-0.01812688821752266
2025-08-28,SHSE.603729,龙韵股份,200,17.6,17.12,3424.0,-96.00000000000045,-0.0272727272727274
2025-08-29,SHSE.600768,宁波富邦,300,12.52,12.27,3681.0,-75.0,-0.019968051118210862
2025-08-29,SHSE.600455,博通股份,100,27.28,26.6,2660.0,-68.0,-0.024926686217008796
2025-08-29,SHSE.600493,凤竹纺织,500,6.62,6.54,3270.0,-40.0,-0.012084592145015106
2025-08-29,SHSE.603729,龙韵股份,200,17.6,16.86,3372.0,-148.00000000000045,-0.04204545454545467
2025-09-01,SHSE.600768,宁波富邦,300,12.52,12.39,3717.0,-39.0,-0.010383386581469648
2025-09-01,SHSE.600455,博通股份,100,27.28,26.8,2680.0,-48.0,-0.017595307917888565
2025-09-01,SHSE.600493,凤竹纺织,500,6.62,6.58,3290.0,-20.0,-0.006042296072507553
2025-09-01,SHSE.603729,龙韵股份,200,17.6,17.13,3426.0,-94.00000000000045,-0.02670454545454558
2025-09-02,SHSE.600768,宁波富邦,300,12.52,12.36,3708.0,-48.0,-0.012779552715654952
2025-09-02,SHSE.600455,博通股份,100,27.28,26.57,2657.0,-71.0,-0.026026392961876834
2025-09-02,SHSE.600493,凤竹纺织,500,6.62,6.58,3290.0,-20.0,-0.006042296072507553
2025-09-02,SHSE.603729,龙韵股份,200,17.6,17.08,3415.9999999999995,-104.00000000000091,-0.0295454545454548
2025-09-03,SHSE.600768,宁波富邦,300,12.52,12.03,3609.0,-147.0,-0.03913738019169329
2025-09-03,SHSE.600455,博通股份,100,27.28,25.96,2596.0,-132.0,-0.04838709677419355
2025-09-03,SHSE.600493,凤竹纺织,500,6.62,6.42,3210.0,-100.0,-0.030211480362537766
2025-09-03,SHSE.603729,龙韵股份,200,17.6,16.62,3324.0,-196.00000000000045,-0.055681818181818304
2025-09-04,SHSE.603729,龙韵股份,200,16.62,16.81,3361.9999999999995,37.999999999999545,0.011432009626955338
2025-09-04,SHSE.600768,宁波富邦,300,12.03,12.09,3627.0,18.0,0.004987531172069825
2025-09-04,SHSE.600493,凤竹纺织,500,6.45,6.49,3245.0,20.0,0.006201550387596899
2025-09-04,SHSE.600455,博通股份,100,25.96,26.3,2630.0,34.0,0.013097072419106317
2025-09-05,SHSE.603729,龙韵股份,200,16.62,17.03,3406.0,82.0,0.0246690734055355
2025-09-05,SHSE.600768,宁波富邦,300,12.03,12.25,3675.0,66.0,0.01828761429758936
2025-09-05,SHSE.600493,凤竹纺织,500,6.45,6.55,3275.0,50.0,0.015503875968992248
2025-09-05,SHSE.600455,博通股份,100,25.96,26.68,2668.0,72.0,0.02773497688751926
2025-09-08,SHSE.603729,龙韵股份,200,16.62,17.32,3464.0,140.0,0.0421179302045728
2025-09-08,SHSE.600768,宁波富邦,300,12.03,12.62,3785.9999999999995,176.99999999999955,0.04904405652535316
2025-09-08,SHSE.600493,凤竹纺织,500,6.45,6.73,3365.0,140.0,0.043410852713178294
2025-09-08,SHSE.600455,博通股份,100,25.96,27.15,2715.0,119.0,0.045839753466872114
2025-09-09,SHSE.603729,龙韵股份,200,16.62,17.29,3458.0,134.0,0.040312876052948254
2025-09-09,SHSE.600768,宁波富邦,300,12.03,12.53,3759.0,150.0,0.04156275976724855
2025-09-09,SHSE.600493,凤竹纺织,500,6.45,6.72,3360.0,135.0,0.04186046511627907
2025-09-09,SHSE.600455,博通股份,100,25.96,27.0,2700.0,104.0,0.040061633281972264
2025-09-10,SHSE.603729,龙韵股份,200,16.62,17.46,3492.0,168.0,0.05054151624548736
2025-09-10,SHSE.600768,宁波富邦,300,12.03,12.58,3774.0,165.0,0.0457190357439734
2025-09-10,SHSE.600493,凤竹纺织,500,6.45,6.74,3370.0,145.0,0.04496124031007752
2025-09-10,SHSE.600455,博通股份,100,25.96,27.16,2716.0,120.0,0.046224961479198766
2025-09-11,SHSE.600455,博通股份,100,27.19,27.31,2731.0,12.0,0.004413387274733358
2025-09-11,SHSE.600493,凤竹纺织,500,6.75,6.74,3370.0,-5.0,-0.0014814814814814814
2025-09-11,SHSE.603729,龙韵股份,200,17.5,17.46,3492.0,-8.0,-0.002285714285714286
2025-09-11,SHSE.600768,宁波富邦,300,12.56,12.66,3798.0,30.0,0.007961783439490446
2025-09-12,SHSE.600455,博通股份,100,27.19,26.99,2699.0,-20.0,-0.00735564545788893
2025-09-12,SHSE.600493,凤竹纺织,500,6.75,6.71,3355.0,-20.0,-0.005925925925925926
2025-09-12,SHSE.603729,龙韵股份,200,17.5,17.32,3464.0,-36.0,-0.010285714285714285
2025-09-12,SHSE.600768,宁波富邦,300,12.56,12.54,3761.9999999999995,-6.000000000000455,-0.0015923566878982098
2025-09-15,SHSE.600455,博通股份,100,27.19,26.78,2678.0,-41.0,-0.015079073188672305
2025-09-15,SHSE.600493,凤竹纺织,500,6.75,6.68,3340.0,-35.0,-0.01037037037037037
2025-09-15,SHSE.603729,龙韵股份,200,17.5,17.15,3429.9999999999995,-70.00000000000045,-0.02000000000000013
2025-09-15,SHSE.600768,宁波富邦,300,12.56,12.53,3759.0,-9.0,-0.0023885350318471337
2025-09-16,SHSE.600455,博通股份,100,27.19,27.13,2713.0,-6.0,-0.002206693637366679
2025-09-16,SHSE.600493,凤竹纺织,500,6.75,6.8,3400.0,25.0,0.007407407407407408
2025-09-16,SHSE.603729,龙韵股份,200,17.5,17.47,3494.0,-6.0,-0.0017142857142857142
2025-09-16,SHSE.600768,宁波富邦,300,12.56,12.61,3783.0,15.0,0.003980891719745223
2025-09-17,SHSE.600455,博通股份,100,27.19,26.99,2699.0,-20.0,-0.00735564545788893
2025-09-17,SHSE.600493,凤竹纺织,500,6.75,6.79,3395.0,20.0,0.005925925925925926
2025-09-17,SHSE.603729,龙韵股份,200,17.5,17.39,3478.0,-22.0,-0.006285714285714286
2025-09-17,SHSE.600768,宁波富邦,300,12.56,12.52,3756.0,-12.0,-0.0031847133757961785
2025-09-18,SHSE.600455,博通股份,100,27.3,26.5,2650.0,-80.0,-0.029304029304029304
2025-09-18,SHSE.600493,凤竹纺织,500,6.85,6.61,3305.0,-120.0,-0.035036496350364967
2025-09-18,SHSE.600768,宁波富邦,300,12.58,12.1,3630.0,-144.0,-0.03815580286168521
2025-09-18,SHSE.603729,龙韵股份,200,17.5,16.88,3376.0,-124.0,-0.03542857142857143
2025-09-19,SHSE.600455,博通股份,100,27.3,26.38,2638.0,-92.0,-0.0336996336996337
2025-09-19,SHSE.600493,凤竹纺织,500,6.85,6.59,3295.0,-130.0,-0.03795620437956204
2025-09-19,SHSE.600768,宁波富邦,300,12.58,12.05,3615.0,-159.0,-0.04213036565977742
2025-09-19,SHSE.603729,龙韵股份,200,17.5,16.7,3340.0,-160.0,-0.045714285714285714
2025-09-22,SHSE.600455,博通股份,100,27.3,26.33,2633.0,-97.0,-0.03553113553113553
2025-09-22,SHSE.600493,凤竹纺织,500,6.85,6.52,3260.0,-165.0,-0.04817518248175182
2025-09-22,SHSE.600768,宁波富邦,300,12.58,11.92,3576.0,-198.0,-0.05246422893481717
2025-09-22,SHSE.603729,龙韵股份,200,17.5,16.57,3314.0,-186.0,-0.053142857142857144
2025-09-23,SHSE.600455,博通股份,100,27.3,25.85,2585.0,-145.0,-0.05311355311355311
2025-09-23,SHSE.600493,凤竹纺织,500,6.85,6.43,3215.0,-210.0,-0.061313868613138686
2025-09-23,SHSE.600768,宁波富邦,300,12.58,11.78,3534.0,-240.0,-0.06359300476947535
2025-09-23,SHSE.603729,龙韵股份,200,17.5,16.14,3228.0,-272.0,-0.07771428571428571
2025-09-24,SHSE.600455,博通股份,100,27.3,26.33,2633.0,-97.0,-0.03553113553113553
2025-09-24,SHSE.600493,凤竹纺织,500,6.85,6.52,3260.0,-165.0,-0.04817518248175182
2025-09-24,SHSE.600768,宁波富邦,300,12.58,12.02,3606.0,-168.0,-0.04451510333863275
2025-09-24,SHSE.603729,龙韵股份,200,17.5,16.73,3346.0,-154.0,-0.044
2025-09-25,SHSE.603729,龙韵股份,200,16.75,16.81,3361.9999999999995,11.999999999999545,0.0035820895522386703
2025-09-25,SHSE.600768,宁波富邦,300,12.03,11.91,3573.0,-36.0,-0.00997506234413965
2025-09-25,SHSE.600455,博通股份,100,26.36,26.11,2611.0,-25.0,-0.009484066767830045
2025-09-25,SHSE.600493,凤竹纺织,500,6.52,6.42,3210.0,-50.0,-0.015337423312883436
2025-09-26,SHSE.603729,龙韵股份,200,16.75,16.75,3350.0,0.0,0.0
2025-09-26,SHSE.600768,宁波富邦,300,12.03,12.15,3645.0,36.0,0.00997506234413965
2025-09-26,SHSE.600455,博通股份,100,26.36,26.28,2628.0,-8.0,-0.0030349013657056147
2025-09-26,SHSE.600493,凤竹纺织,500,6.52,6.53,3265.0,5.0,0.0015337423312883436
2025-09-29,SHSE.603729,龙韵股份,200,16.75,16.94,3388.0000000000005,38.000000000000455,0.011343283582089688
2025-09-29,SHSE.600768,宁波富邦,300,12.03,12.12,3635.9999999999995,26.999999999999545,0.007481296758104612
2025-09-29,SHSE.600455,博通股份,100,26.36,26.4,2640.0,4.0,0.0015174506828528073
2025-09-29,SHSE.600493,凤竹纺织,500,6.52,6.56,3280.0,20.0,0.006134969325153374
2025-09-30,SHSE.603729,龙韵股份,200,16.75,16.91,3382.0,32.0,0.00955223880597015
2025-09-30,SHSE.600768,宁波富邦,300,12.03,12.25,3675.0,66.0,0.01828761429758936
2025-09-30,SHSE.600455,博通股份,100,26.36,26.23,2623.0,-13.0,-0.004931714719271623
2025-09-30,SHSE.600493,凤竹纺织,500,6.52,6.54,3270.0,10.0,0.003067484662576687
2025-10-09,SHSE.603729,龙韵股份,200,16.75,16.54,3308.0,-42.0,-0.01253731343283582
2025-10-09,SHSE.600768,宁波富邦,300,12.03,12.33,3699.0,90.0,0.02493765586034913
2025-10-09,SHSE.600455,博通股份,100,26.36,25.8,2580.0,-56.0,-0.021244309559939303
2025-10-09,SHSE.600493,凤竹纺织,500,6.52,6.49,3245.0,-15.0,-0.004601226993865031
2025-10-10,SHSE.603729,龙韵股份,200,16.52,16.85,3370.0000000000005,66.00000000000045,0.019975786924939606
2025-10-10,SHSE.600455,博通股份,100,25.8,25.99,2599.0,19.0,0.007364341085271318
2025-10-10,SHSE.600768,宁波富邦,300,12.32,12.48,3744.0,48.0,0.012987012987012988
2025-10-10,SHSE.600137,浪莎股份,200,18.21,18.72,3744.0,102.0,0.02800658978583196
2025-10-13,SHSE.603729,龙韵股份,200,16.52,16.6,3320.0000000000005,16.000000000000455,0.004842615012106675
2025-10-13,SHSE.600455,博通股份,100,25.8,25.82,2582.0,2.0,0.0007751937984496124
2025-10-13,SHSE.600768,宁波富邦,300,12.32,12.49,3747.0,51.0,0.013798701298701298
2025-10-13,SHSE.600137,浪莎股份,200,18.21,18.49,3697.9999999999995,55.999999999999545,0.015376166941240952
2025-10-14,SHSE.603729,龙韵股份,200,16.52,16.67,3334.0000000000005,30.000000000000455,0.009079903147699896
2025-10-14,SHSE.600455,博通股份,100,25.8,25.84,2584.0,4.0,0.0015503875968992248
2025-10-14,SHSE.600768,宁波富邦,300,12.32,12.43,3729.0,33.0,0.008928571428571428
2025-10-14,SHSE.600137,浪莎股份,200,18.21,18.52,3704.0,62.0,0.017023613399231193
2025-10-15,SHSE.603729,龙韵股份,200,16.52,16.77,3354.0,50.0,0.01513317191283293
2025-10-15,SHSE.600455,博通股份,100,25.8,26.2,2620.0,40.0,0.015503875968992248
2025-10-15,SHSE.600768,宁波富邦,300,12.32,12.56,3768.0,72.0,0.01948051948051948
2025-10-15,SHSE.600137,浪莎股份,200,18.21,18.72,3744.0,102.0,0.02800658978583196
2025-10-16,SHSE.603729,龙韵股份,200,16.52,16.52,3304.0,0.0,0.0
2025-10-16,SHSE.600455,博通股份,100,25.8,26.06,2606.0,26.0,0.010077519379844961
2025-10-16,SHSE.600768,宁波富邦,300,12.32,12.39,3717.0,21.0,0.005681818181818182
2025-10-16,SHSE.600137,浪莎股份,200,18.21,18.3,3660.0,18.0,0.004942339373970346
2025-10-17,SHSE.600455,博通股份,100,25.99,25.96,2596.0,-3.0,-0.0011542901115813775
2025-10-17,SHSE.600137,浪莎股份,200,18.35,18.28,3656.0,-14.000000000000455,-0.003814713896457889
2025-10-17,SHSE.600768,宁波富邦,300,12.39,12.33,3699.0,-18.0,-0.004842615012106538
2025-10-17,SHSE.603729,龙韵股份,200,16.43,16.25,3250.0,-36.0,-0.010955569080949483
2025-10-20,SHSE.600455,博通股份,100,25.99,26.03,2603.0,4.0,0.0015390534821085034
2025-10-20,SHSE.600137,浪莎股份,200,18.35,18.8,3760.0,89.99999999999955,0.024523160762942652
2025-10-20,SHSE.600768,宁波富邦,300,12.39,12.46,3738.0000000000005,21.000000000000455,0.005649717514124416
2025-10-20,SHSE.603729,龙韵股份,200,16.43,16.66,3332.0,46.0,0.01399878271454656
2025-10-21,SHSE.600455,博通股份,100,25.99,26.76,2676.0,77.0,0.029626779530588686
2025-10-21,SHSE.600137,浪莎股份,200,18.35,19.78,3956.0,285.99999999999955,0.07792915531335136
2025-10-21,SHSE.600768,宁波富邦,300,12.39,12.78,3834.0,117.0,0.031476997578692496
2025-10-21,SHSE.603729,龙韵股份,200,16.43,16.95,3390.0,104.0,0.03164942178940962
2025-10-22,SHSE.600455,博通股份,100,25.99,27.67,2767.0,168.0,0.06464024624855713
2025-10-22,SHSE.600137,浪莎股份,200,18.35,20.45,4090.0,419.99999999999955,0.11444141689373283
2025-10-22,SHSE.600768,宁波富邦,300,12.39,12.92,3876.0,159.0,0.042776432606941084
2025-10-22,SHSE.603729,龙韵股份,200,16.43,17.15,3429.9999999999995,143.99999999999955,0.043822276323797794
2025-10-23,SHSE.600455,博通股份,100,25.99,27.76,2776.0,177.0,0.06810311658330127
2025-10-23,SHSE.600137,浪莎股份,200,18.35,20.46,4092.0,421.99999999999955,0.11498637602179823
2025-10-23,SHSE.600768,宁波富邦,300,12.39,13.07,3921.0,204.0,0.05488297013720742
2025-10-23,SHSE.603729,龙韵股份,200,16.43,17.2,3440.0,154.0,0.04686548995739501
2025-10-24,SHSE.603729,龙韵股份,200,17.29,17.4,3479.9999999999995,21.999999999999545,0.0063620589936378095
2025-10-24,SHSE.600455,博通股份,100,27.88,28.0,2800.0,12.0,0.00430416068866571
2025-10-24,SZSE.001211,双枪科技,100,26.3,26.45,2645.0,15.0,0.005703422053231939
2025-10-24,SHSE.600768,宁波富邦,200,13.09,13.28,2656.0,38.0,0.014514896867838044
2025-10-27,SHSE.603729,龙韵股份,200,17.29,17.36,3472.0,14.0,0.004048582995951417
2025-10-27,SHSE.600455,博通股份,100,27.88,28.25,2825.0,37.0,0.01327116212338594
2025-10-27,SZSE.001211,双枪科技,100,26.3,26.27,2627.0,-3.0,-0.0011406844106463879
2025-10-27,SHSE.600768,宁波富邦,200,13.09,13.13,2626.0,8.0,0.0030557677616501145
2025-10-28,SHSE.603729,龙韵股份,200,17.29,17.39,3478.0,20.0,0.00578368999421631
2025-10-28,SHSE.600455,博通股份,100,27.88,28.11,2811.0,23.0,0.00824964131994261
2025-10-28,SZSE.001211,双枪科技,100,26.3,26.12,2612.0,-18.0,-0.006844106463878327
2025-10-28,SHSE.600768,宁波富邦,200,13.09,13.27,2654.0,36.0,0.013750954927425516
2025-10-29,SHSE.603729,龙韵股份,200,17.29,17.04,3408.0,-50.0,-0.014459224985540775
2025-10-29,SHSE.600455,博通股份,100,27.88,28.0,2800.0,12.0,0.00430416068866571
2025-10-29,SZSE.001211,双枪科技,100,26.3,25.81,2581.0,-49.0,-0.018631178707224333
2025-10-29,SHSE.600768,宁波富邦,200,13.09,13.21,2642.0,24.0,0.009167303284950344
2025-10-30,SHSE.603729,龙韵股份,200,17.29,16.6,3320.0000000000005,-137.99999999999955,-0.03990746096009241
2025-10-30,SHSE.600455,博通股份,100,27.88,27.76,2776.0,-12.0,-0.00430416068866571
2025-10-30,SZSE.001211,双枪科技,100,26.3,25.75,2575.0,-55.0,-0.02091254752851711
2025-10-30,SHSE.600768,宁波富邦,200,13.09,13.24,2648.0,30.0,0.01145912910618793
2025-10-31,SZSE.001211,双枪科技,100,25.75,26.11,2611.0,36.0,0.013980582524271845
2025-10-31,SHSE.600493,凤竹纺织,500,7.09,7.14,3570.0,25.0,0.007052186177715092
2025-10-31,SHSE.600455,博通股份,100,27.81,27.87,2787.0,6.0,0.002157497303128371
2025-10-31,SHSE.600768,宁波富邦,200,13.24,13.37,2674.0,26.0,0.009818731117824773
2025-11-03,SZSE.001211,双枪科技,100,25.75,25.97,2597.0,22.0,0.00854368932038835
2025-11-03,SHSE.600493,凤竹纺织,500,7.09,7.35,3675.0,130.0,0.036671368124118475
2025-11-03,SHSE.600455,博通股份,100,27.81,28.23,2823.0,42.0,0.015102481121898598
2025-11-03,SHSE.600768,宁波富邦,200,13.24,13.51,2702.0,54.0,0.02039274924471299
2025-11-04,SZSE.001211,双枪科技,100,25.75,26.29,2629.0,54.0,0.020970873786407766
2025-11-04,SHSE.600493,凤竹纺织,500,7.09,7.36,3680.0,135.0,0.0380818053596615
2025-11-04,SHSE.600455,博通股份,100,27.81,28.24,2824.0,43.0,0.015462064005753326
2025-11-04,SHSE.600768,宁波富邦,200,13.24,13.44,2688.0,40.0,0.015105740181268883
2025-11-05,SZSE.001211,双枪科技,100,25.75,26.54,2654.0,79.0,0.030679611650485435
2025-11-05,SHSE.600493,凤竹纺织,500,7.09,7.42,3710.0,165.0,0.0465444287729196
2025-11-05,SHSE.600455,博通股份,100,27.81,28.25,2825.0,44.0,0.015821646889608056
2025-11-05,SHSE.600768,宁波富邦,200,13.24,13.5,2700.0,52.0,0.019637462235649546
2025-11-06,SZSE.001211,双枪科技,100,25.75,26.57,2657.0,82.0,0.031844660194174756
2025-11-06,SHSE.600493,凤竹纺织,500,7.09,7.47,3735.0,190.0,0.0535966149506347
2025-11-06,SHSE.600455,博通股份,100,27.81,28.24,2824.0,43.0,0.015462064005753326
2025-11-06,SHSE.600768,宁波富邦,200,13.24,13.79,2758.0,110.0,0.04154078549848943
2025-11-07,SZSE.001211,双枪科技,100,26.56,26.89,2689.0,33.0,0.012424698795180723
2025-11-07,SHSE.600493,凤竹纺织,500,7.49,7.32,3660.0,-85.0,-0.022696929238985315
2025-11-07,SHSE.600768,宁波富邦,200,13.75,13.7,2740.0,-10.0,-0.0036363636363636364
2025-11-07,SHSE.600455,博通股份,100,28.21,28.13,2813.0,-8.0,-0.002835873803615739
2025-11-10,SZSE.001211,双枪科技,100,26.56,26.99,2699.0,43.0,0.01618975903614458
2025-11-10,SHSE.600493,凤竹纺织,500,7.49,7.83,3915.0,170.0,0.04539385847797063
2025-11-10,SHSE.600768,宁波富邦,200,13.75,13.59,2718.0,-32.0,-0.011636363636363636
2025-11-10,SHSE.600455,博通股份,100,28.21,28.0,2800.0,-21.0,-0.007444168734491315
2025-11-11,SZSE.001211,双枪科技,100,26.56,27.06,2706.0,50.0,0.01882530120481928
2025-11-11,SHSE.600493,凤竹纺织,500,7.49,7.6,3800.0,55.0,0.014686248331108143
2025-11-11,SHSE.600768,宁波富邦,200,13.75,13.62,2724.0,-26.0,-0.009454545454545455
2025-11-11,SHSE.600455,博通股份,100,28.21,28.3,2830.0,9.0,0.0031903580290677065
2025-11-12,SZSE.001211,双枪科技,100,26.56,27.58,2758.0,102.0,0.038403614457831324
2025-11-12,SHSE.600493,凤竹纺织,500,7.49,7.71,3855.0,110.0,0.029372496662216287
2025-11-12,SHSE.600768,宁波富邦,200,13.75,13.67,2734.0,-16.0,-0.005818181818181818
2025-11-12,SHSE.600455,博通股份,100,28.21,28.15,2815.0,-6.0,-0.0021269053527118043
2025-11-13,SZSE.001211,双枪科技,100,26.56,27.96,2796.0,140.0,0.05271084337349398
2025-11-13,SHSE.600493,凤竹纺织,500,7.49,7.93,3965.0,220.0,0.05874499332443257
2025-11-13,SHSE.600768,宁波富邦,200,13.75,13.73,2746.0,-4.0,-0.0014545454545454545
2025-11-13,SHSE.600455,博通股份,100,28.21,28.24,2824.0,3.0,0.0010634526763559022
2025-11-14,SHSE.600455,博通股份,100,28.23,28.6,2860.0,37.0,0.013106624158696423
2025-11-14,SHSE.600768,宁波富邦,200,13.79,13.84,2768.0,10.0,0.0036258158085569255
2025-11-14,SZSE.001211,双枪科技,100,27.8,28.25,2825.0,45.0,0.01618705035971223
2025-11-14,SHSE.600137,浪莎股份,100,20.54,20.95,2095.0,41.0,0.019961051606621226
2025-11-17,SHSE.600455,博通股份,100,28.23,28.57,2857.0,34.0,0.012043924902585901
2025-11-17,SHSE.600768,宁波富邦,200,13.79,13.76,2752.0,-6.0,-0.002175489485134155
2025-11-17,SZSE.001211,双枪科技,100,27.8,28.46,2846.0,66.0,0.023741007194244605
2025-11-17,SHSE.600137,浪莎股份,100,20.54,20.88,2088.0,34.0,0.016553067185978577
2025-11-18,SHSE.600455,博通股份,100,28.23,28.29,2829.0,6.0,0.0021253985122210413
2025-11-18,SHSE.600768,宁波富邦,200,13.79,13.62,2724.0,-34.0,-0.012327773749093546
2025-11-18,SZSE.001211,双枪科技,100,27.8,28.44,2844.0,64.0,0.02302158273381295
2025-11-18,SHSE.600137,浪莎股份,100,20.54,20.82,2082.0,28.0,0.013631937682570594
2025-11-19,SHSE.600455,博通股份,100,28.23,27.58,2758.0,-65.0,-0.023025150549061284
2025-11-19,SHSE.600768,宁波富邦,200,13.79,13.1,2620.0,-138.0,-0.05003625815808557
2025-11-19,SZSE.001211,双枪科技,100,27.8,27.69,2769.0,-11.0,-0.003956834532374101
2025-11-19,SHSE.600137,浪莎股份,100,20.54,20.34,2034.0,-20.0,-0.009737098344693282
2025-11-20,SHSE.600455,博通股份,100,28.23,27.13,2713.0,-110.0,-0.03896563939071909
2025-11-20,SHSE.600768,宁波富邦,200,13.79,12.95,2590.0,-168.0,-0.06091370558375635
2025-11-20,SZSE.001211,双枪科技,100,27.8,27.05,2705.0,-75.0,-0.02697841726618705
2025-11-20,SHSE.600137,浪莎股份,100,20.54,20.23,2023.0,-31.0,-0.015092502434274586
2025-11-21,SHSE.600137,浪莎股份,100,20.01,19.24,1923.9999999999998,-77.00000000000045,-0.038480759620190125
2025-11-21,SHSE.600768,宁波富邦,200,12.82,12.26,2452.0,-112.0,-0.0436817472698908
2025-11-21,SZSE.001211,双枪科技,100,26.71,25.43,2543.0,-128.0,-0.04792212654436541
2025-11-21,SHSE.600455,博通股份,100,26.8,25.73,2573.0,-107.0,-0.03992537313432836
2025-11-24,SHSE.600137,浪莎股份,100,20.01,19.51,1951.0000000000002,-50.0,-0.02498750624687656
2025-11-24,SHSE.600768,宁波富邦,200,12.82,12.58,2516.0,-48.0,-0.0187207488299532
2025-11-24,SZSE.001211,双枪科技,100,26.71,26.18,2618.0,-53.0,-0.019842755522276302
2025-11-24,SHSE.600455,博通股份,100,26.8,26.24,2624.0,-56.0,-0.020895522388059702
2025-11-25,SHSE.600137,浪莎股份,100,20.01,19.7,1970.0,-31.000000000000227,-0.01549225387306358
2025-11-25,SHSE.600768,宁波富邦,200,12.82,12.84,2568.0,4.0,0.0015600624024961
2025-11-25,SZSE.001211,双枪科技,100,26.71,26.35,2635.0,-36.0,-0.013478098090602771
2025-11-25,SHSE.600455,博通股份,100,26.8,26.89,2689.0,9.0,0.0033582089552238806
2025-11-26,SHSE.600137,浪莎股份,100,20.01,19.45,1945.0,-56.00000000000023,-0.02798600699650186
2025-11-26,SHSE.600768,宁波富邦,200,12.82,12.88,2576.0,12.0,0.0046801872074883
2025-11-26,SZSE.001211,双枪科技,100,26.71,26.0,2600.0,-71.0,-0.026581804567577687
2025-11-26,SHSE.600455,博通股份,100,26.8,26.15,2615.0,-65.0,-0.024253731343283583
2025-11-27,SHSE.600137,浪莎股份,100,20.01,19.55,1955.0,-46.00000000000023,-0.022988505747126547
2025-11-27,SHSE.600768,宁波富邦,200,12.82,12.91,2582.0,18.0,0.0070202808112324495
2025-11-27,SZSE.001211,双枪科技,100,26.71,26.4,2640.0,-31.0,-0.011606140022463497
2025-11-27,SHSE.600455,博通股份,100,26.8,27.08,2708.0,28.0,0.010447761194029851
2025-11-28,SHSE.600768,宁波富邦,200,13.01,13.3,2660.0,58.0,0.022290545734050732
2025-11-28,SHSE.600137,浪莎股份,100,19.5,19.9,1989.9999999999998,39.99999999999977,0.020512820512820395
2025-11-28,SZSE.001211,双枪科技,100,26.26,27.36,2736.0,110.0,0.041888804265041886
2025-11-28,SHSE.600455,博通股份,100,27.0,27.58,2758.0,58.0,0.02148148148148148
2025-12-01,SHSE.600768,宁波富邦,200,13.01,13.65,2730.0,128.0,0.04919292851652575
2025-12-01,SHSE.600137,浪莎股份,100,19.5,19.75,1975.0,25.0,0.01282051282051282
2025-12-01,SZSE.001211,双枪科技,100,26.26,27.0,2700.0,74.0,0.02817974105102818
2025-12-01,SHSE.600455,博通股份,100,27.0,27.52,2752.0,52.0,0.01925925925925926
2025-12-02,SHSE.600768,宁波富邦,200,13.01,13.78,2756.0,154.0,0.05918524212144504
2025-12-02,SHSE.600137,浪莎股份,100,19.5,19.73,1973.0,23.0,0.011794871794871795
2025-12-02,SZSE.001211,双枪科技,100,26.26,26.62,2662.0,36.0,0.013709063214013708
2025-12-02,SHSE.600455,博通股份,100,27.0,27.18,2718.0,18.0,0.006666666666666667
2025-12-03,SHSE.600768,宁波富邦,200,13.01,13.68,2736.0,134.0,0.05149884704073789
2025-12-03,SHSE.600137,浪莎股份,100,19.5,19.61,1961.0,11.0,0.0056410256410256415
2025-12-03,SZSE.001211,双枪科技,100,26.26,29.28,2928.0,302.0,0.115003808073115
2025-12-03,SHSE.600455,博通股份,100,27.0,26.61,2661.0,-39.0,-0.014444444444444444
2025-12-04,SHSE.600768,宁波富邦,200,13.01,13.35,2670.0,68.0,0.026133743274404306
2025-12-04,SHSE.600137,浪莎股份,100,19.5,18.95,1895.0,-55.0,-0.028205128205128206
2025-12-04,SZSE.001211,双枪科技,100,26.26,32.21,3221.0,595.0,0.22658035034272658
2025-12-04,SHSE.600455,博通股份,100,27.0,26.16,2616.0,-84.0,-0.03111111111111111
2025-12-05,SHSE.600455,博通股份,100,26.19,26.63,2663.0,44.0,0.016800305460099276
2025-12-05,SHSE.600768,宁波富邦,200,13.39,13.63,2726.0,48.0,0.017923823749066467
2025-12-05,SHSE.600137,浪莎股份,200,18.95,19.3,3860.0,70.0,0.018469656992084433
2025-12-05,SZSE.001336,楚环科技,100,25.0,24.36,2436.0,-64.0,-0.0256
2025-12-08,SHSE.600455,博通股份,100,26.19,26.93,2693.0,74.0,0.028255059182894234
2025-12-08,SHSE.600768,宁波富邦,200,13.39,13.72,2744.0,66.0,0.024645257654966394
2025-12-08,SHSE.600137,浪莎股份,200,18.95,19.49,3897.9999999999995,107.99999999999955,0.02849604221635872
2025-12-08,SZSE.001336,楚环科技,100,25.0,25.01,2501.0,1.0,0.0004
2025-12-09,SHSE.600455,博通股份,100,26.19,26.5,2650.0,31.0,0.011836578846888126
2025-12-09,SHSE.600768,宁波富邦,200,13.39,13.46,2692.0,14.0,0.005227781926811053
2025-12-09,SHSE.600137,浪莎股份,200,18.95,19.16,3832.0,42.0,0.01108179419525066
2025-12-09,SZSE.001336,楚环科技,100,25.0,24.65,2465.0,-35.0,-0.014
2025-12-10,SHSE.600455,博通股份,100,26.19,26.36,2636.0,17.0,0.006491027109583811
2025-12-10,SHSE.600768,宁波富邦,200,13.39,13.19,2638.0,-40.0,-0.014936519790888723
2025-12-10,SHSE.600137,浪莎股份,200,18.95,19.34,3868.0,78.0,0.02058047493403694
2025-12-10,SZSE.001336,楚环科技,100,25.0,24.3,2430.0,-70.0,-0.028
2025-12-11,SHSE.600455,博通股份,100,26.19,25.39,2539.0,-80.0,-0.030546009927453228
2025-12-11,SHSE.600768,宁波富邦,200,13.39,12.98,2596.0,-82.0,-0.030619865571321882
2025-12-11,SHSE.600137,浪莎股份,200,18.95,19.53,3906.0,116.0,0.030606860158311346
2025-12-11,SZSE.001336,楚环科技,100,25.0,23.63,2363.0,-137.0,-0.0548
2025-12-12,SHSE.600768,宁波富邦,200,13.05,12.77,2554.0,-56.0,-0.021455938697318006
2025-12-12,SZSE.002316,亚联发展,800,4.8,4.57,3656.0,-184.0,-0.04791666666666667
2025-12-12,SHSE.600455,博通股份,100,25.14,24.81,2481.0,-33.0,-0.013126491646778043
2025-12-12,SZSE.002188,中天服务,600,5.75,5.5,3300.0,-150.0,-0.043478260869565216
2025-12-15,SHSE.600768,宁波富邦,200,13.05,12.9,2580.0,-30.0,-0.011494252873563218
2025-12-15,SZSE.002316,亚联发展,800,4.8,4.7,3760.0,-80.0,-0.020833333333333332
2025-12-15,SHSE.600455,博通股份,100,25.14,25.16,2516.0,2.0,0.0007955449482895784
2025-12-15,SZSE.002188,中天服务,600,5.75,5.64,3384.0,-66.0,-0.019130434782608695
2025-12-16,SHSE.600768,宁波富邦,200,13.05,12.63,2526.0,-84.0,-0.03218390804597701
2025-12-16,SZSE.002316,亚联发展,800,4.8,4.65,3720.0000000000005,-119.99999999999955,-0.031249999999999882
2025-12-16,SHSE.600455,博通股份,100,25.14,24.86,2486.0,-28.0,-0.011137629276054098
2025-12-16,SZSE.002188,中天服务,600,5.75,5.61,3366.0,-84.0,-0.02434782608695652
2025-12-17,SHSE.600768,宁波富邦,200,13.05,12.66,2532.0,-78.0,-0.029885057471264367
2025-12-17,SZSE.002316,亚联发展,800,4.8,4.72,3776.0,-64.0,-0.016666666666666666
2025-12-17,SHSE.600455,博通股份,100,25.14,25.18,2518.0,4.0,0.0015910898965791568
2025-12-17,SZSE.002188,中天服务,600,5.75,6.17,3702.0,252.0,0.07304347826086957
2025-12-18,SHSE.600768,宁波富邦,200,13.05,12.83,2566.0,-44.0,-0.01685823754789272
2025-12-18,SZSE.002316,亚联发展,800,4.8,4.82,3856.0,16.0,0.004166666666666667
2025-12-18,SHSE.600455,博通股份,100,25.14,25.77,2577.0,63.0,0.025059665871121718
2025-12-18,SZSE.002188,中天服务,600,5.75,6.79,4074.0,624.0,0.1808695652173913
2025-12-19,SHSE.600455,博通股份,100,25.77,26.17,2617.0,40.0,0.015521924718665115
2025-12-19,SHSE.600768,宁波富邦,300,12.83,13.22,3966.0,117.0,0.030397505845674203
2025-12-19,SZSE.001211,双枪科技,100,25.52,26.16,2616.0,64.0,0.025078369905956112
2025-12-19,SHSE.600137,浪莎股份,100,19.5,19.7,1970.0,20.0,0.010256410256410256
2025-12-22,SHSE.600455,博通股份,100,25.77,26.11,2611.0,34.0,0.013193636010865347
2025-12-22,SHSE.600768,宁波富邦,300,12.83,13.34,4002.0,153.0,0.03975058456742011
2025-12-22,SZSE.001211,双枪科技,100,25.52,26.22,2622.0,70.0,0.0274294670846395
2025-12-22,SHSE.600137,浪莎股份,100,19.5,19.44,1944.0000000000002,-5.999999999999773,-0.0030769230769229603
2025-12-23,SHSE.600455,博通股份,100,25.77,25.86,2586.0,9.0,0.0034924330616996507
2025-12-23,SHSE.600768,宁波富邦,300,12.83,13.23,3969.0,120.0,0.03117692907248636
2025-12-23,SZSE.001211,双枪科技,100,25.52,26.13,2613.0,61.0,0.02390282131661442
2025-12-23,SHSE.600137,浪莎股份,100,19.5,19.31,1930.9999999999998,-19.000000000000227,-0.00974358974358986
2025-12-24,SHSE.600455,博通股份,100,25.77,25.87,2587.0,10.0,0.0038804811796662787
2025-12-24,SHSE.600768,宁波富邦,300,12.83,13.3,3990.0,141.0,0.036632891660171474
2025-12-24,SZSE.001211,双枪科技,100,25.52,26.22,2622.0,70.0,0.0274294670846395
2025-12-24,SHSE.600137,浪莎股份,100,19.5,19.25,1925.0,-25.0,-0.01282051282051282
2025-12-25,SHSE.600455,博通股份,100,25.77,25.91,2591.0,14.0,0.00543267365153279
2025-12-25,SHSE.600768,宁波富邦,300,12.83,13.48,4044.0,195.0,0.05066250974279034
2025-12-25,SZSE.001211,双枪科技,100,25.52,26.39,2639.0,87.0,0.03409090909090909
2025-12-25,SHSE.600137,浪莎股份,100,19.5,19.55,1955.0,5.0,0.002564102564102564
2025-12-26,SHSE.600137,浪莎股份,100,19.56,19.26,1926.0000000000002,-29.999999999999545,-0.015337423312883205
2025-12-26,SHSE.600768,宁波富邦,200,13.48,13.44,2688.0,-8.0,-0.002967359050445104
2025-12-26,SZSE.002316,亚联发展,700,4.87,4.76,3332.0,-77.0,-0.022587268993839837
2025-12-26,SHSE.600455,博通股份,100,25.91,25.68,2568.0,-23.0,-0.00887688151292937
2025-12-29,SHSE.600137,浪莎股份,100,19.56,19.35,1935.0000000000002,-20.999999999999545,-0.010736196319018173
2025-12-29,SHSE.600768,宁波富邦,200,13.48,13.64,2728.0,32.0,0.011869436201780416
2025-12-29,SZSE.002316,亚联发展,700,4.87,4.8,3360.0,-49.0,-0.014373716632443531
2025-12-29,SHSE.600455,博通股份,100,25.91,25.79,2579.0,-12.0,-0.004631416441528367
2025-12-30,SHSE.600137,浪莎股份,100,19.56,19.01,1901.0000000000002,-54.999999999999545,-0.028118609406952735
2025-12-30,SHSE.600768,宁波富邦,200,13.48,13.89,2778.0,82.0,0.030415430267062313
2025-12-30,SZSE.002316,亚联发展,700,4.87,4.71,3297.0,-112.0,-0.03285420944558522
2025-12-30,SHSE.600455,博通股份,100,25.91,25.71,2571.0,-20.0,-0.007719027402547279
2025-12-31,SHSE.600137,浪莎股份,100,19.56,19.23,1923.0,-32.99999999999977,-0.016871165644171664
2025-12-31,SHSE.600768,宁波富邦,200,13.48,14.0,2800.0,104.0,0.03857566765578635
2025-12-31,SZSE.002316,亚联发展,700,4.87,4.73,3311.0000000000005,-97.99999999999955,-0.02874743326488693
2025-12-31,SHSE.600455,博通股份,100,25.91,25.97,2597.0,6.0,0.0023157082207641835
2026-01-05,SHSE.600137,浪莎股份,100,19.56,19.09,1909.0,-46.99999999999977,-0.024028629856850604
2026-01-05,SHSE.600768,宁波富邦,200,13.48,14.17,2834.0,138.0,0.05118694362017804
2026-01-05,SZSE.002316,亚联发展,700,4.87,4.76,3332.0,-77.0,-0.022587268993839837
2026-01-05,SHSE.600455,博通股份,100,25.91,26.5,2650.0,59.0,0.02277113083751447
2026-02-03,SHSE.600455,博通股份,200,28.82,29.03,5806.0,42.0,0.007286606523247745
2026-02-03,SHSE.600883,博闻科技,900,8.54,8.58,7722.0,36.00000000000091,0.004683840749414639
2026-02-03,SHSE.600689,上海三毛,500,13.62,13.52,6760.0,-50.0,-0.007342143906020558
2026-02-03,SHSE.600137,浪莎股份,300,21.26,21.28,6384.0,5.9999999999990905,0.0009407337723422843
2026-02-04,SHSE.600455,博通股份,200,28.82,28.92,5784.0,20.0,0.0034698126301179735
2026-02-04,SHSE.600883,博闻科技,900,8.54,8.75,7875.0,189.0000000000009,0.02459016393442635
2026-02-04,SHSE.600689,上海三毛,500,13.62,13.71,6855.0,45.0,0.006607929515418502
2026-02-04,SHSE.600137,浪莎股份,300,21.26,21.61,6483.0,104.99999999999909,0.016462841015992328
2026-02-05,SHSE.600455,博通股份,200,28.82,29.1,5820.0,56.0,0.009715475364330326
2026-02-05,SHSE.600883,博闻科技,900,8.54,8.86,7973.999999999999,288.0,0.037470725995316166
2026-02-05,SHSE.600689,上海三毛,500,13.62,13.88,6940.0,130.0,0.01908957415565345
2026-02-05,SHSE.600137,浪莎股份,300,21.26,21.67,6501.000000000001,123.0,0.019285042333019753
2026-02-06,SHSE.600455,博通股份,200,28.82,29.13,5826.0,62.0,0.010756419153365717
2026-02-06,SHSE.600883,博闻科技,900,8.54,8.86,7973.999999999999,288.0,0.037470725995316166
2026-02-06,SHSE.600689,上海三毛,500,13.62,13.92,6960.0,150.0,0.022026431718061675
2026-02-06,SHSE.600137,浪莎股份,300,21.26,21.94,6582.0,203.9999999999991,0.031984948259642376
2026-02-09,SHSE.600455,博通股份,200,28.82,29.48,5896.0,132.0,0.022900763358778626
2026-02-09,SHSE.600883,博闻科技,900,8.54,9.11,8199.0,513.0000000000009,0.06674473067915704
2026-02-09,SHSE.600689,上海三毛,500,13.62,14.18,7090.0,280.0,0.041116005873715125
2026-02-09,SHSE.600137,浪莎股份,300,21.26,22.4,6720.0,341.9999999999991,0.05362182502351819
2026-02-10,SHSE.600455,博通股份,100,29.6,29.66,2966.0,6.0,0.002027027027027027
2026-02-10,SZSE.001211,双枪科技,100,29.82,29.44,2944.0,-38.0,-0.012743125419181758
2026-02-10,SHSE.600883,博闻科技,400,9.13,9.0,3600.0,-52.000000000000455,-0.014238773274917975
2026-02-10,SHSE.600689,上海三毛,200,14.3,14.29,2858.0,-2.0,-0.0006993006993006993
2026-02-11,SHSE.600455,博通股份,100,29.6,29.53,2953.0,-7.0,-0.002364864864864865
2026-02-11,SZSE.001211,双枪科技,100,29.82,28.8,2880.0,-102.0,-0.03420523138832998
2026-02-11,SHSE.600883,博闻科技,400,9.13,9.06,3624.0,-28.000000000000455,-0.0076670317634174295
2026-02-11,SHSE.600689,上海三毛,200,14.3,14.19,2838.0,-22.0,-0.007692307692307693
2026-02-12,SHSE.600455,博通股份,100,29.6,29.49,2949.0,-11.0,-0.0037162162162162164
2026-02-12,SZSE.001211,双枪科技,100,29.82,28.42,2842.0,-140.0,-0.046948356807511735
2026-02-12,SHSE.600883,博闻科技,400,9.13,8.91,3564.0,-88.00000000000045,-0.024096385542168797
2026-02-12,SHSE.600689,上海三毛,200,14.3,14.03,2806.0,-54.0,-0.01888111888111888
2026-02-13,SHSE.600455,博通股份,100,29.6,29.37,2937.0,-23.0,-0.007770270270270271
2026-02-13,SZSE.001211,双枪科技,100,29.82,28.9,2890.0,-92.0,-0.03085177733065057
2026-02-13,SHSE.600883,博闻科技,400,9.13,8.89,3556.0,-96.00000000000045,-0.02628696604600231
2026-02-13,SHSE.600689,上海三毛,200,14.3,14.02,2804.0,-56.0,-0.019580419580419582
2026-02-24,SHSE.600455,博通股份,100,29.6,29.6,2960.0,0.0,0.0
2026-02-24,SZSE.001211,双枪科技,100,29.82,29.35,2935.0,-47.0,-0.015761234071093227
2026-02-24,SHSE.600883,博闻科技,400,9.13,8.84,3536.0,-116.00000000000045,-0.0317634173055861
2026-02-24,SHSE.600689,上海三毛,200,14.3,15.13,3026.0,166.0,0.05804195804195804
2026-02-25,SHSE.600137,浪莎股份,100,22.65,22.04,2204.0,-61.0,-0.026931567328918323
2026-02-25,SZSE.001211,双枪科技,100,29.45,29.34,2934.0,-11.0,-0.003735144312393888
2026-02-25,SHSE.600883,博闻科技,400,8.84,8.89,3556.0,20.0,0.005656108597285068
2026-02-25,SHSE.600455,博通股份,100,29.67,29.34,2934.0,-33.0,-0.011122345803842264
2026-02-26,SHSE.600137,浪莎股份,100,22.65,21.88,2188.0,-77.0,-0.03399558498896247
2026-02-26,SZSE.001211,双枪科技,100,29.45,29.12,2912.0,-33.0,-0.011205432937181663
2026-02-26,SHSE.600883,博闻科技,400,8.84,8.83,3532.0,-4.0,-0.0011312217194570137
2026-02-26,SHSE.600455,博通股份,100,29.67,29.35,2935.0,-32.0,-0.010785305021907651
2026-02-27,SHSE.600137,浪莎股份,100,22.65,22.23,2223.0,-42.0,-0.018543046357615896
2026-02-27,SZSE.001211,双枪科技,100,29.45,28.74,2874.0,-71.0,-0.024108658743633278
2026-02-27,SHSE.600883,博闻科技,400,8.84,8.84,3536.0,0.0,0.0
2026-02-27,SHSE.600455,博通股份,100,29.67,29.59,2959.0,-8.0,-0.002696326255476913
2026-03-02,SHSE.600137,浪莎股份,100,22.65,21.32,2132.0,-133.0,-0.058719646799116995
2026-03-02,SZSE.001211,双枪科技,100,29.45,27.96,2796.0,-149.0,-0.050594227504244485
2026-03-02,SHSE.600883,博闻科技,400,8.84,8.56,3424.0,-112.0,-0.03167420814479638
2026-03-02,SHSE.600455,博通股份,100,29.67,28.26,2826.0,-141.0,-0.047522750252780584
2026-03-03,SHSE.600137,浪莎股份,100,22.65,20.72,2072.0,-193.0,-0.08520971302428255
2026-03-03,SZSE.001211,双枪科技,100,29.45,27.15,2715.0,-230.0,-0.07809847198641766
2026-03-03,SHSE.600883,博闻科技,400,8.84,8.4,3360.0,-176.0,-0.049773755656108594
2026-03-03,SHSE.600455,博通股份,100,29.67,27.65,2765.0,-202.0,-0.06808223795079205
2026-03-04,SHSE.600455,博通股份,100,27.47,27.05,2705.0,-42.0,-0.015289406625409537
2026-03-04,SZSE.001211,双枪科技,100,27.03,27.0,2700.0,-3.0,-0.0011098779134295228
2026-03-04,SHSE.600883,博闻科技,400,8.3,8.33,3332.0,11.999999999999545,0.003614457831325164
2026-03-04,SHSE.600137,浪莎股份,100,20.58,20.69,2069.0,11.0,0.005344995140913508
2026-03-05,SHSE.600455,博通股份,100,27.47,27.68,2768.0,21.0,0.007644703312704768
2026-03-05,SZSE.001211,双枪科技,100,27.03,27.22,2722.0,19.0,0.007029226785053644
2026-03-05,SHSE.600883,博闻科技,400,8.3,8.33,3332.0,11.999999999999545,0.003614457831325164
2026-03-05,SHSE.600137,浪莎股份,100,20.58,21.11,2111.0,53.0,0.02575315840621963
2026-03-06,SHSE.600455,博通股份,100,27.47,28.7,2870.0,123.0,0.04477611940298507
2026-03-06,SZSE.001211,双枪科技,100,27.03,28.56,2856.0,153.0,0.05660377358490566
2026-03-06,SHSE.600883,博闻科技,400,8.3,8.73,3492.0,171.99999999999955,0.05180722891566251
2026-03-06,SHSE.600137,浪莎股份,100,20.58,22.2,2220.0,162.0,0.07871720116618076
2026-03-09,SHSE.600455,博通股份,100,27.47,28.71,2871.0,124.0,0.045140152894066254
2026-03-09,SZSE.001211,双枪科技,100,27.03,28.32,2832.0,129.0,0.04772475027746948
2026-03-09,SHSE.600883,博闻科技,400,8.3,8.67,3468.0,147.99999999999955,0.044578313253011904
2026-03-09,SHSE.600137,浪莎股份,100,20.58,22.16,2216.0,158.0,0.07677356656948493
2026-03-10,SHSE.600455,博通股份,100,27.47,29.33,2933.0,186.0,0.06771022934109938
2026-03-10,SZSE.001211,双枪科技,100,27.03,29.18,2918.0,215.0,0.07954125046244913
2026-03-10,SHSE.600883,博闻科技,400,8.3,8.84,3536.0,215.99999999999955,0.06506024096385528
2026-03-10,SHSE.600137,浪莎股份,100,20.58,22.75,2275.0,217.0,0.1054421768707483
2026-03-11,SHSE.600455,博通股份,100,29.33,29.23,2923.0,-10.0,-0.0034094783498124785
2026-03-11,SHSE.600689,上海三毛,200,14.12,13.66,2732.0,-92.0,-0.032577903682719546
2026-03-11,SHSE.600883,博闻科技,400,8.88,8.82,3528.0,-24.000000000000455,-0.006756756756756884
2026-03-11,SZSE.001211,双枪科技,100,29.18,29.05,2905.0,-13.0,-0.004455106237148732
2026-03-12,SHSE.600455,博通股份,100,29.33,28.75,2875.0,-58.0,-0.019774974428912375
2026-03-12,SHSE.600689,上海三毛,200,14.12,13.38,2676.0,-148.0,-0.05240793201133145
2026-03-12,SHSE.600883,博闻科技,400,8.88,8.74,3496.0,-56.000000000000455,-0.015765765765765893
2026-03-12,SZSE.001211,双枪科技,100,29.18,28.45,2845.0,-73.0,-0.025017135023989032
2026-03-13,SHSE.600455,博通股份,100,29.33,28.69,2869.0,-64.0,-0.021820661438799863
2026-03-13,SHSE.600689,上海三毛,200,14.12,13.47,2694.0,-130.0,-0.04603399433427762
2026-03-13,SHSE.600883,博闻科技,400,8.88,8.75,3500.0,-52.000000000000455,-0.014639639639639766
2026-03-13,SZSE.001211,双枪科技,100,29.18,28.72,2872.0,-46.0,-0.015764222069910898
2026-03-16,SHSE.600455,博通股份,100,29.33,28.52,2852.0,-81.0,-0.027616774633481077
2026-03-16,SHSE.600689,上海三毛,200,14.12,13.55,2710.0,-114.0,-0.04036827195467422
2026-03-16,SHSE.600883,博闻科技,400,8.88,8.8,3520.0000000000005,-32.0,-0.009009009009009007
2026-03-16,SZSE.001211,双枪科技,100,29.18,28.19,2819.0,-99.0,-0.0339273474982865
2026-03-17,SHSE.600455,博通股份,100,29.33,27.86,2786.0,-147.0,-0.050119331742243436
2026-03-17,SHSE.600689,上海三毛,200,14.12,13.22,2644.0,-180.0,-0.06373937677053824
2026-03-17,SHSE.600883,博闻科技,400,8.88,8.57,3428.0,-124.00000000000045,-0.03490990990991003
2026-03-17,SZSE.001211,双枪科技,100,29.18,27.42,2742.0,-176.0,-0.06031528444139822
2026-03-18,SHSE.600455,博通股份,100,27.88,28.65,2865.0,77.0,0.027618364418938307
2026-03-18,SZSE.001211,双枪科技,100,27.42,27.87,2787.0,45.0,0.016411378555798686
2026-03-18,SHSE.600689,上海三毛,200,13.21,13.37,2674.0,32.0,0.012112036336109008
2026-03-18,SHSE.600883,博闻科技,400,8.59,8.67,3468.0,32.0,0.009313154831199068
2026-03-19,SHSE.600455,博通股份,100,27.88,27.65,2765.0,-23.0,-0.00824964131994261
2026-03-19,SZSE.001211,双枪科技,100,27.42,27.2,2720.0,-22.0,-0.008023340627279359
2026-03-19,SHSE.600689,上海三毛,200,13.21,13.12,2624.0,-18.0,-0.006813020439061317
2026-03-19,SHSE.600883,博闻科技,400,8.59,8.37,3347.9999999999995,-88.00000000000045,-0.025611175785797573
2026-03-20,SHSE.600455,博通股份,100,27.88,26.06,2606.0,-182.0,-0.06527977044476327
2026-03-20,SZSE.001211,双枪科技,100,27.42,27.21,2721.0,-21.0,-0.007658643326039387
2026-03-20,SHSE.600689,上海三毛,200,13.21,12.7,2540.0,-102.0,-0.03860711582134747
2026-03-20,SHSE.600883,博闻科技,400,8.59,7.95,3180.0,-256.0,-0.07450523864959255
2026-03-23,SHSE.600455,博通股份,100,27.88,24.6,2460.0,-328.0,-0.11764705882352941
2026-03-23,SZSE.001211,双枪科技,100,27.42,25.28,2528.0,-214.0,-0.07804522246535375
2026-03-23,SHSE.600689,上海三毛,200,13.21,11.75,2350.0,-292.0,-0.1105223315669947
2026-03-23,SHSE.600883,博闻科技,400,8.59,7.38,2952.0,-484.0,-0.1408614668218859
2026-03-24,SHSE.600455,博通股份,100,27.88,26.13,2613.0,-175.0,-0.06276901004304161
2026-03-24,SZSE.001211,双枪科技,100,27.42,26.87,2687.0,-55.0,-0.020058351568198397
2026-03-24,SHSE.600689,上海三毛,200,13.21,12.33,2466.0,-176.0,-0.06661619984859955
2026-03-24,SHSE.600883,博闻科技,400,8.59,7.87,3148.0,-288.0,-0.08381839348079162
2026-03-25,SHSE.600455,博通股份,100,26.13,26.8,2680.0,67.0,0.02564102564102564
2026-03-25,SHSE.600883,博闻科技,400,7.9,8.08,3232.0,72.0,0.02278481012658228
2026-03-25,SZSE.001211,双枪科技,100,27.0,26.93,2693.0,-7.0,-0.0025925925925925925
2026-03-25,SHSE.600689,上海三毛,300,12.58,12.81,3843.0,69.0,0.018282988871224166
2026-03-26,SHSE.600455,博通股份,100,26.13,26.26,2626.0,13.0,0.004975124378109453
2026-03-26,SHSE.600883,博闻科技,400,7.9,7.95,3180.0,20.0,0.006329113924050633
2026-03-26,SZSE.001211,双枪科技,100,27.0,27.7,2770.0,70.0,0.025925925925925925
2026-03-26,SHSE.600689,上海三毛,300,12.58,12.73,3819.0,45.0,0.01192368839427663
2026-03-27,SHSE.600455,博通股份,100,26.13,26.57,2657.0,44.0,0.016838882510524303
2026-03-27,SHSE.600883,博闻科技,400,7.9,8.05,3220.0000000000005,60.000000000000455,0.01898734177215204
2026-03-27,SZSE.001211,双枪科技,100,27.0,28.52,2852.0,152.0,0.056296296296296296
2026-03-27,SHSE.600689,上海三毛,300,12.58,13.02,3906.0,132.0,0.034976152623211444
2026-03-30,SHSE.600455,博通股份,100,26.13,26.93,2693.0,80.0,0.030616150019135095
2026-03-30,SHSE.600883,博闻科技,400,7.9,8.21,3284.0000000000005,124.00000000000045,0.03924050632911407
2026-03-30,SZSE.001211,双枪科技,100,27.0,28.73,2873.0,173.0,0.06407407407407407
2026-03-30,SHSE.600689,上海三毛,300,12.58,13.29,3986.9999999999995,212.99999999999955,0.056438791732909256
2026-03-31,SHSE.600455,博通股份,100,26.13,26.62,2662.0,49.0,0.018752391886720246
2026-03-31,SHSE.600883,博闻科技,400,7.9,8.05,3220.0000000000005,60.000000000000455,0.01898734177215204
2026-03-31,SZSE.001211,双枪科技,100,27.0,27.82,2782.0,82.0,0.03037037037037037
2026-03-31,SHSE.600689,上海三毛,300,12.58,13.11,3933.0,159.0,0.04213036565977742
