20260331 21:56:27- INFO- 开始更新指数、ETF、板块数据
20260331 21:56:27- INFO- ==================================================
20260331 21:56:27- INFO- 开始更新指数日线数据
20260331 21:56:27- INFO- 开始获取数据: 20200101 至 20260331
20260331 21:56:27- INFO- 获取 20200101 数据失败: 必填参数, ts_code
20260331 21:56:27- INFO- 获取 20200102 数据失败: 必填参数, ts_code
20260331 21:56:27- INFO- 获取 20200103 数据失败: 必填参数, ts_code
20260331 21:56:27- INFO- 获取 20200104 数据失败: 必填参数, ts_code
20260331 21:56:27- INFO- 获取 20200105 数据失败: 必填参数, ts_code
20260331 21:56:28- INFO- 获取 20200106 数据失败: 必填参数, ts_code
20260331 21:56:28- INFO- 获取 20200107 数据失败: 必填参数, ts_code
20260331 21:56:28- INFO- 获取 20200108 数据失败: 必填参数, ts_code
20260331 21:56:28- INFO- 获取 20200109 数据失败: 必填参数, ts_code
20260331 21:56:28- INFO- 获取 20200110 数据失败: 必填参数, ts_code
20260331 21:56:28- INFO- 获取 20200111 数据失败: 必填参数, ts_code
20260331 21:56:28- INFO- 获取 20200112 数据失败: 必填参数, ts_code
20260331 21:56:28- INFO- 获取 20200113 数据失败: 必填参数, ts_code
20260331 21:56:28- INFO- 获取 20200114 数据失败: 必填参数, ts_code
20260331 21:56:28- INFO- 获取 20200115 数据失败: 必填参数, ts_code
20260331 21:56:29- INFO- 获取 20200116 数据失败: 必填参数, ts_code
20260331 21:56:29- INFO- 获取 20200117 数据失败: 必填参数, ts_code
20260331 21:56:29- INFO- 获取 20200118 数据失败: 必填参数, ts_code
20260331 21:56:29- INFO- 获取 20200119 数据失败: 必填参数, ts_code
20260331 21:56:29- INFO- 获取 20200120 数据失败: 必填参数, ts_code
20260331 21:56:29- INFO- 获取 20200121 数据失败: 必填参数, ts_code
20260331 21:56:29- INFO- 获取 20200122 数据失败: 必填参数, ts_code
20260331 21:56:29- INFO- 获取 20200123 数据失败: 必填参数, ts_code
20260331 21:56:29- INFO- 获取 20200124 数据失败: 必填参数, ts_code
20260331 21:56:30- INFO- 获取 20200125 数据失败: 必填参数, ts_code
20260331 21:56:30- INFO- 获取 20200126 数据失败: 必填参数, ts_code
20260331 21:56:30- INFO- 获取 20200127 数据失败: 必填参数, ts_code
20260331 21:56:30- INFO- 获取 20200128 数据失败: 必填参数, ts_code
20260331 21:56:30- INFO- 获取 20200129 数据失败: 必填参数, ts_code
20260331 21:56:30- INFO- 获取 20200130 数据失败: 必填参数, ts_code
20260331 21:56:30- INFO- 获取 20200131 数据失败: 必填参数, ts_code
20260331 21:56:30- INFO- 获取 20200201 数据失败: 必填参数, ts_code
20260331 21:56:30- INFO- 获取 20200202 数据失败: 必填参数, ts_code
20260331 21:56:30- INFO- 获取 20200203 数据失败: 必填参数, ts_code
20260331 21:56:31- INFO- 获取 20200204 数据失败: 必填参数, ts_code
20260331 21:56:31- INFO- 获取 20200205 数据失败: 必填参数, ts_code
20260331 21:56:31- INFO- 获取 20200206 数据失败: 必填参数, ts_code
20260331 21:56:31- INFO- 获取 20200207 数据失败: 必填参数, ts_code
20260331 21:56:31- INFO- 获取 20200208 数据失败: 必填参数, ts_code
20260331 21:56:31- INFO- 获取 20200209 数据失败: 必填参数, ts_code
20260331 21:56:31- INFO- 获取 20200210 数据失败: 必填参数, ts_code
20260331 21:56:31- INFO- 获取 20200211 数据失败: 必填参数, ts_code
20260331 21:56:31- INFO- 获取 20200212 数据失败: 必填参数, ts_code
20260331 21:56:31- INFO- 获取 20200213 数据失败: 必填参数, ts_code
20260331 21:56:32- INFO- 获取 20200214 数据失败: 必填参数, ts_code
20260331 21:56:32- INFO- 获取 20200215 数据失败: 必填参数, ts_code
20260331 21:56:32- INFO- 获取 20200216 数据失败: 必填参数, ts_code
20260331 21:56:32- INFO- 获取 20200217 数据失败: 必填参数, ts_code
20260331 21:56:32- INFO- 获取 20200218 数据失败: 必填参数, ts_code
20260331 21:56:32- INFO- 获取 20200219 数据失败: 必填参数, ts_code
20260331 21:56:32- INFO- 获取 20200220 数据失败: 必填参数, ts_code
20260331 21:56:32- INFO- 获取 20200221 数据失败: 必填参数, ts_code
20260331 21:56:32- INFO- 获取 20200222 数据失败: 必填参数, ts_code
20260331 21:56:33- INFO- 获取 20200223 数据失败: 必填参数, ts_code
20260331 21:56:33- INFO- 获取 20200224 数据失败: 必填参数, ts_code
20260331 21:56:33- INFO- 获取 20200225 数据失败: 必填参数, ts_code
20260331 21:56:33- INFO- 获取 20200226 数据失败: 必填参数, ts_code
20260331 21:56:33- INFO- 获取 20200227 数据失败: 必填参数, ts_code
20260331 21:56:33- INFO- 获取 20200228 数据失败: 必填参数, ts_code
20260331 21:56:33- INFO- 获取 20200229 数据失败: 必填参数, ts_code
20260331 21:56:33- INFO- 获取 20200301 数据失败: 必填参数, ts_code
20260331 21:56:33- INFO- 获取 20200302 数据失败: 必填参数, ts_code
20260331 21:56:33- INFO- 获取 20200303 数据失败: 必填参数, ts_code
20260331 21:56:34- INFO- 获取 20200304 数据失败: 必填参数, ts_code
20260331 21:56:34- INFO- 获取 20200305 数据失败: 必填参数, ts_code
20260331 21:56:34- INFO- 获取 20200306 数据失败: 必填参数, ts_code
20260331 21:56:34- INFO- 获取 20200307 数据失败: 必填参数, ts_code
20260331 21:56:34- INFO- 获取 20200308 数据失败: 必填参数, ts_code
20260331 21:56:34- INFO- 获取 20200309 数据失败: 必填参数, ts_code
20260331 21:56:34- INFO- 获取 20200310 数据失败: 必填参数, ts_code
20260331 21:56:34- INFO- 获取 20200311 数据失败: 必填参数, ts_code
20260331 21:56:34- INFO- 获取 20200312 数据失败: 必填参数, ts_code
20260331 21:56:35- INFO- 获取 20200313 数据失败: 必填参数, ts_code
20260331 21:56:35- INFO- 获取 20200314 数据失败: 必填参数, ts_code
20260331 21:56:35- INFO- 获取 20200315 数据失败: 必填参数, ts_code
20260331 21:56:35- INFO- 获取 20200316 数据失败: 必填参数, ts_code
20260331 21:56:35- INFO- 获取 20200317 数据失败: 必填参数, ts_code
20260331 21:56:35- INFO- 获取 20200318 数据失败: 必填参数, ts_code
20260331 21:56:35- INFO- 获取 20200319 数据失败: 必填参数, ts_code
20260331 21:56:35- INFO- 获取 20200320 数据失败: 必填参数, ts_code
20260331 21:56:35- INFO- 获取 20200321 数据失败: 必填参数, ts_code
20260331 21:56:35- INFO- 获取 20200322 数据失败: 必填参数, ts_code
20260331 21:56:36- INFO- 获取 20200323 数据失败: 必填参数, ts_code
20260331 21:56:36- INFO- 获取 20200324 数据失败: 必填参数, ts_code
20260331 21:56:36- INFO- 获取 20200325 数据失败: 必填参数, ts_code
20260331 21:56:36- INFO- 获取 20200326 数据失败: 必填参数, ts_code
20260331 21:56:36- INFO- 获取 20200327 数据失败: 必填参数, ts_code
20260331 21:56:36- INFO- 获取 20200328 数据失败: 必填参数, ts_code
20260331 21:56:36- INFO- 获取 20200329 数据失败: 必填参数, ts_code
20260331 21:56:36- INFO- 获取 20200330 数据失败: 必填参数, ts_code
20260331 21:56:36- INFO- 获取 20200331 数据失败: 必填参数, ts_code
20260331 21:56:37- INFO- 获取 20200401 数据失败: 必填参数, ts_code
20260331 21:56:37- INFO- 获取 20200402 数据失败: 必填参数, ts_code
20260331 21:56:37- INFO- 获取 20200403 数据失败: 必填参数, ts_code
20260331 21:56:37- INFO- 获取 20200404 数据失败: 必填参数, ts_code
20260331 21:56:37- INFO- 获取 20200405 数据失败: 必填参数, ts_code
20260331 21:56:37- INFO- 获取 20200406 数据失败: 必填参数, ts_code
20260331 21:56:37- INFO- 获取 20200407 数据失败: 必填参数, ts_code
20260331 21:56:37- INFO- 获取 20200408 数据失败: 必填参数, ts_code
20260331 21:56:37- INFO- 获取 20200409 数据失败: 必填参数, ts_code
20260331 21:56:38- INFO- 获取 20200410 数据失败: 必填参数, ts_code
20260331 21:56:38- INFO- 获取 20200411 数据失败: 必填参数, ts_code
20260331 21:56:38- INFO- 获取 20200412 数据失败: 必填参数, ts_code
20260331 21:56:38- INFO- 获取 20200413 数据失败: 必填参数, ts_code
20260331 21:56:38- INFO- 获取 20200414 数据失败: 必填参数, ts_code
20260331 21:56:38- INFO- 获取 20200415 数据失败: 必填参数, ts_code
20260331 21:56:38- INFO- 获取 20200416 数据失败: 必填参数, ts_code
20260331 21:56:38- INFO- 获取 20200417 数据失败: 必填参数, ts_code
20260331 21:56:38- INFO- 获取 20200418 数据失败: 必填参数, ts_code
20260331 21:56:38- INFO- 获取 20200419 数据失败: 必填参数, ts_code
20260331 21:56:39- INFO- 获取 20200420 数据失败: 必填参数, ts_code
20260331 21:56:39- INFO- 获取 20200421 数据失败: 必填参数, ts_code
20260331 21:56:39- INFO- 获取 20200422 数据失败: 必填参数, ts_code
20260331 21:56:39- INFO- 获取 20200423 数据失败: 必填参数, ts_code
20260331 21:56:39- INFO- 获取 20200424 数据失败: 必填参数, ts_code
20260331 21:56:39- INFO- 获取 20200425 数据失败: 必填参数, ts_code
20260331 21:56:39- INFO- 获取 20200426 数据失败: 必填参数, ts_code
20260331 21:56:39- INFO- 获取 20200427 数据失败: 必填参数, ts_code
20260331 21:56:39- INFO- 获取 20200428 数据失败: 必填参数, ts_code
20260331 21:56:39- INFO- 获取 20200429 数据失败: 必填参数, ts_code
20260331 21:56:40- INFO- 获取 20200430 数据失败: 必填参数, ts_code
20260331 21:56:40- INFO- 获取 20200501 数据失败: 必填参数, ts_code
20260331 21:56:40- INFO- 获取 20200502 数据失败: 必填参数, ts_code
20260331 21:56:40- INFO- 获取 20200503 数据失败: 必填参数, ts_code
20260331 21:56:40- INFO- 获取 20200504 数据失败: 必填参数, ts_code
20260331 21:56:40- INFO- 获取 20200505 数据失败: 必填参数, ts_code
20260331 21:56:40- INFO- 获取 20200506 数据失败: 必填参数, ts_code
20260331 21:56:40- INFO- 获取 20200507 数据失败: 必填参数, ts_code
20260331 21:56:40- INFO- 获取 20200508 数据失败: 必填参数, ts_code
20260331 21:56:40- INFO- 获取 20200509 数据失败: 必填参数, ts_code
20260331 21:56:41- INFO- 获取 20200510 数据失败: 必填参数, ts_code
20260331 21:56:41- INFO- 获取 20200511 数据失败: 必填参数, ts_code
20260331 21:56:41- INFO- 获取 20200512 数据失败: 必填参数, ts_code
20260331 21:56:41- INFO- 获取 20200513 数据失败: 必填参数, ts_code
20260331 21:56:41- INFO- 获取 20200514 数据失败: 必填参数, ts_code
20260331 21:56:41- INFO- 获取 20200515 数据失败: 请求过于频繁 🔥🔥🔥🔥🔥🔥🔥⚡❄️❄️ 17秒后可用
20260331 21:56:41- INFO- 获取 20200516 数据失败: 请求过于频繁 🔥🔥🔥🔥🔥🔥🔥⚡❄️❄️ 17秒后可用
20260331 21:56:41- INFO- 获取 20200517 数据失败: 请求过于频繁 🔥🔥🔥🔥🔥🔥🔥⚡❄️❄️ 17秒后可用
20260331 21:56:41- INFO- 获取 20200518 数据失败: 请求过于频繁 🔥🔥🔥🔥🔥🔥🔥⚡❄️❄️ 17秒后可用
20260331 21:56:41- INFO- 获取 20200519 数据失败: 请求过于频繁 🔥🔥🔥🔥🔥🔥🔥⚡❄️❄️ 17秒后可用
20260331 21:56:42- INFO- 获取 20200520 数据失败: 请求过于频繁 🔥🔥🔥🔥🔥🔥🔥⚡❄️❄️ 17秒后可用
20260331 21:56:42- INFO- 获取 20200521 数据失败: 请求过于频繁 🔥🔥🔥🔥🔥🔥🔥⚡❄️❄️ 17秒后可用
20260331 21:56:42- INFO- 获取 20200522 数据失败: 请求过于频繁 🔥🔥🔥🔥🔥🔥🔥⚡❄️❄️ 16秒后可用
20260331 21:56:42- INFO- 获取 20200523 数据失败: 请求过于频繁 🔥🔥🔥🔥🔥🔥🔥⚡❄️❄️ 16秒后可用
20260331 21:56:42- INFO- 获取 20200524 数据失败: 请求过于频繁 🔥🔥🔥🔥🔥🔥🔥⚡❄️❄️ 16秒后可用
20260331 21:56:42- INFO- 获取 20200525 数据失败: 请求过于频繁 🔥🔥🔥🔥🔥🔥🔥⚡❄️❄️ 16秒后可用
20260331 21:56:42- INFO- 获取 20200526 数据失败: 请求过于频繁 🔥🔥🔥🔥🔥🔥🔥⚡❄️❄️ 16秒后可用
20260331 21:56:42- INFO- 获取 20200527 数据失败: 请求过于频繁 🔥🔥🔥🔥🔥🔥🔥⚡❄️❄️ 16秒后可用
20260331 21:56:42- INFO- 获取 20200528 数据失败: 请求过于频繁 🔥🔥🔥🔥🔥🔥🔥⚡❄️❄️ 16秒后可用
20260331 21:56:42- INFO- 获取 20200529 数据失败: 请求过于频繁 🔥🔥🔥🔥🔥🔥🔥⚡❄️❄️ 16秒后可用
20260331 21:56:43- INFO- 获取 20200530 数据失败: 请求过于频繁 🔥🔥🔥🔥🔥🔥🔥⚡❄️❄️ 16秒后可用
20260331 21:56:43- INFO- 获取 20200531 数据失败: 请求过于频繁 🔥🔥🔥🔥🔥🔥🔥⚡❄️❄️ 16秒后可用
20260331 21:56:43- INFO- 获取 20200601 数据失败: 请求过于频繁 🔥🔥🔥🔥🔥🔥🔥⚡❄️❄️ 16秒后可用
20260331 21:56:43- INFO- 获取 20200602 数据失败: 请求过于频繁 🔥🔥🔥🔥🔥🔥🔥⚡❄️❄️ 15秒后可用
20260331 21:56:43- INFO- 获取 20200603 数据失败: 请求过于频繁 🔥🔥🔥🔥🔥🔥🔥⚡❄️❄️ 15秒后可用
20260331 21:56:43- INFO- 获取 20200604 数据失败: 请求过于频繁 🔥🔥🔥🔥🔥🔥🔥⚡❄️❄️ 15秒后可用
20260331 21:56:43- INFO- 获取 20200605 数据失败: 请求过于频繁 🔥🔥🔥🔥🔥🔥🔥⚡❄️❄️ 15秒后可用
20260331 21:56:43- INFO- 获取 20200606 数据失败: 请求过于频繁 🔥🔥🔥🔥🔥🔥🔥⚡❄️❄️ 15秒后可用
20260331 21:56:43- INFO- 获取 20200607 数据失败: 请求过于频繁 🔥🔥🔥🔥🔥🔥🔥⚡❄️❄️ 15秒后可用
20260331 21:56:43- INFO- 获取 20200608 数据失败: 请求过于频繁 🔥🔥🔥🔥🔥🔥🔥⚡❄️❄️ 15秒后可用
20260331 21:56:43- INFO- 获取 20200609 数据失败: 请求过于频繁 🔥🔥🔥🔥🔥🔥🔥⚡❄️❄️ 15秒后可用
20260331 21:56:44- INFO- 获取 20200610 数据失败: 请求过于频繁 🔥🔥🔥🔥🔥🔥🔥⚡❄️❄️ 15秒后可用
20260331 21:56:44- INFO- 获取 20200611 数据失败: 请求过于频繁 🔥🔥🔥🔥🔥🔥🔥⚡❄️❄️ 15秒后可用
20260331 21:56:44- INFO- 获取 20200612 数据失败: 请求过于频繁 🔥🔥🔥🔥🔥🔥🔥⚡❄️❄️ 15秒后可用
20260331 21:56:44- INFO- 获取 20200613 数据失败: 请求过于频繁 🔥🔥🔥🔥🔥🔥🔥⚡❄️❄️ 14秒后可用
20260331 21:56:44- INFO- 获取 20200614 数据失败: 请求过于频繁 🔥🔥🔥🔥🔥🔥🔥⚡❄️❄️ 14秒后可用
20260331 21:56:44- INFO- 获取 20200615 数据失败: 请求过于频繁 🔥🔥🔥🔥🔥🔥🔥⚡❄️❄️ 14秒后可用
20260331 21:56:44- INFO- 获取 20200616 数据失败: 请求过于频繁 🔥🔥🔥🔥🔥🔥🔥⚡❄️❄️ 14秒后可用
20260331 21:56:44- INFO- 获取 20200617 数据失败: 请求过于频繁 🔥🔥🔥🔥🔥🔥🔥⚡❄️❄️ 14秒后可用
20260331 21:56:44- INFO- 获取 20200618 数据失败: 请求过于频繁 🔥🔥🔥🔥🔥🔥🔥⚡❄️❄️ 14秒后可用
20260331 21:56:44- INFO- 获取 20200619 数据失败: 请求过于频繁 🔥🔥🔥🔥🔥🔥🔥⚡❄️❄️ 14秒后可用
20260331 21:56:44- INFO- 获取 20200620 数据失败: 请求过于频繁 🔥🔥🔥🔥🔥🔥🔥⚡❄️❄️ 14秒后可用
20260331 21:56:45- INFO- 获取 20200621 数据失败: 请求过于频繁 🔥🔥🔥🔥🔥🔥🔥⚡❄️❄️ 14秒后可用
20260331 21:56:45- INFO- 获取 20200622 数据失败: 请求过于频繁 🔥🔥🔥🔥🔥🔥🔥⚡❄️❄️ 14秒后可用
20260331 21:56:45- INFO- 获取 20200623 数据失败: 请求过于频繁 🔥🔥🔥🔥🔥🔥🔥⚡❄️❄️ 14秒后可用
20260331 21:56:45- INFO- 获取 20200624 数据失败: 请求过于频繁 🔥🔥🔥🔥🔥🔥🔥⚡❄️❄️ 13秒后可用
20260331 21:56:45- INFO- 获取 20200625 数据失败: 请求过于频繁 🔥🔥🔥🔥🔥🔥🔥⚡❄️❄️ 13秒后可用
20260331 21:56:45- INFO- 获取 20200626 数据失败: 请求过于频繁 🔥🔥🔥🔥🔥🔥🔥⚡❄️❄️ 13秒后可用
20260331 21:56:45- INFO- 获取 20200627 数据失败: 请求过于频繁 🔥🔥🔥🔥🔥🔥🔥⚡❄️❄️ 13秒后可用
20260331 21:56:45- INFO- 获取 20200628 数据失败: 请求过于频繁 🔥🔥🔥🔥🔥🔥🔥⚡❄️❄️ 13秒后可用
20260331 21:56:45- INFO- 获取 20200629 数据失败: 请求过于频繁 🔥🔥🔥🔥🔥🔥🔥⚡❄️❄️ 13秒后可用
20260331 21:56:45- INFO- 获取 20200630 数据失败: 请求过于频繁 🔥🔥🔥🔥🔥🔥🔥⚡❄️❄️ 13秒后可用
20260331 21:56:45- INFO- 获取 20200701 数据失败: 请求过于频繁 🔥🔥🔥🔥🔥🔥🔥⚡❄️❄️ 13秒后可用
20260331 21:56:46- INFO- 获取 20200702 数据失败: 请求过于频繁 🔥🔥🔥🔥🔥🔥🔥⚡❄️❄️ 13秒后可用
20260331 21:56:46- INFO- 获取 20200703 数据失败: 请求过于频繁 🔥🔥🔥🔥🔥🔥🔥⚡❄️❄️ 13秒后可用
20260331 21:56:46- INFO- 获取 20200704 数据失败: 请求过于频繁 🔥🔥🔥🔥🔥🔥🔥🔥⚡❄️ 12秒后可用
20260331 21:56:46- INFO- 获取 20200705 数据失败: 请求过于频繁 🔥🔥🔥🔥🔥🔥🔥🔥⚡❄️ 12秒后可用
20260331 21:56:46- INFO- 获取 20200706 数据失败: 请求过于频繁 🔥🔥🔥🔥🔥🔥🔥🔥⚡❄️ 12秒后可用
20260331 21:56:46- INFO- 获取 20200707 数据失败: 请求过于频繁 🔥🔥🔥🔥🔥🔥🔥🔥⚡❄️ 12秒后可用
20260331 21:56:46- INFO- 获取 20200708 数据失败: 请求过于频繁 🔥🔥🔥🔥🔥🔥🔥🔥⚡❄️ 12秒后可用
20260331 21:56:46- INFO- 获取 20200709 数据失败: 请求过于频繁 🔥🔥🔥🔥🔥🔥🔥🔥⚡❄️ 12秒后可用
20260331 21:56:46- INFO- 获取 20200710 数据失败: 请求过于频繁 🔥🔥🔥🔥🔥🔥🔥🔥⚡❄️ 12秒后可用
20260331 21:56:46- INFO- 获取 20200711 数据失败: 请求过于频繁 🔥🔥🔥🔥🔥🔥🔥🔥⚡❄️ 12秒后可用
20260331 21:56:47- INFO- 获取 20200712 数据失败: 请求过于频繁 🔥🔥🔥🔥🔥🔥🔥🔥⚡❄️ 12秒后可用
20260331 21:56:47- INFO- 获取 20200713 数据失败: 请求过于频繁 🔥🔥🔥🔥🔥🔥🔥🔥⚡❄️ 12秒后可用
20260331 21:56:47- INFO- 获取 20200714 数据失败: 请求过于频繁 🔥🔥🔥🔥🔥🔥🔥🔥⚡❄️ 12秒后可用
20260331 21:56:47- INFO- 获取 20200715 数据失败: 请求过于频繁 🔥🔥🔥🔥🔥🔥🔥🔥⚡❄️ 11秒后可用
20260331 21:56:47- INFO- 获取 20200716 数据失败: 请求过于频繁 🔥🔥🔥🔥🔥🔥🔥🔥⚡❄️ 11秒后可用
20260331 21:56:47- INFO- 获取 20200717 数据失败: 请求过于频繁 🔥🔥🔥🔥🔥🔥🔥🔥⚡❄️ 11秒后可用
20260331 21:56:47- INFO- 获取 20200718 数据失败: 请求过于频繁 🔥🔥🔥🔥🔥🔥🔥🔥⚡❄️ 11秒后可用
20260331 21:56:47- INFO- 获取 20200719 数据失败: 请求过于频繁 🔥🔥🔥🔥🔥🔥🔥🔥⚡❄️ 11秒后可用
20260331 21:56:47- INFO- 获取 20200720 数据失败: 请求过于频繁 🔥🔥🔥🔥🔥🔥🔥🔥⚡❄️ 11秒后可用
20260331 21:56:47- INFO- 获取 20200721 数据失败: 请求过于频繁 🔥🔥🔥🔥🔥🔥🔥🔥⚡❄️ 11秒后可用
20260331 21:56:47- INFO- 获取 20200722 数据失败: 请求过于频繁 🔥🔥🔥🔥🔥🔥🔥🔥⚡❄️ 11秒后可用
20260331 21:56:48- INFO- 获取 20200723 数据失败: 请求过于频繁 🔥🔥🔥🔥🔥🔥🔥🔥⚡❄️ 11秒后可用
20260331 21:56:48- INFO- 获取 20200724 数据失败: 请求过于频繁 🔥🔥🔥🔥🔥🔥🔥🔥⚡❄️ 11秒后可用
20260331 21:56:48- INFO- 获取 20200725 数据失败: 请求过于频繁 🔥🔥🔥🔥🔥🔥🔥🔥⚡❄️ 10秒后可用
20260331 21:56:48- INFO- 获取 20200726 数据失败: 请求过于频繁 🔥🔥🔥🔥🔥🔥🔥🔥⚡❄️ 10秒后可用
20260331 21:56:48- INFO- 获取 20200727 数据失败: 请求过于频繁 🔥🔥🔥🔥🔥🔥🔥🔥⚡❄️ 10秒后可用
20260331 21:56:48- INFO- 获取 20200728 数据失败: 请求过于频繁 🔥🔥🔥🔥🔥🔥🔥🔥⚡❄️ 10秒后可用
20260331 21:56:48- INFO- 获取 20200729 数据失败: 请求过于频繁 🔥🔥🔥🔥🔥🔥🔥🔥⚡❄️ 10秒后可用
20260331 21:56:48- INFO- 获取 20200730 数据失败: 请求过于频繁 🔥🔥🔥🔥🔥🔥🔥🔥⚡❄️ 10秒后可用
20260331 21:56:48- INFO- 获取 20200731 数据失败: 请求过于频繁 🔥🔥🔥🔥🔥🔥🔥🔥⚡❄️ 10秒后可用
20260331 21:56:48- INFO- 获取 20200801 数据失败: 请求过于频繁 🔥🔥🔥🔥🔥🔥🔥🔥⚡❄️ 10秒后可用
20260331 21:56:48- INFO- 获取 20200802 数据失败: 请求过于频繁 🔥🔥🔥🔥🔥🔥🔥🔥⚡❄️ 10秒后可用
20260331 21:56:49- INFO- 获取 20200803 数据失败: 请求过于频繁 🔥🔥🔥🔥🔥🔥🔥🔥⚡❄️ 10秒后可用
20260331 21:56:49- INFO- 获取 20200804 数据失败: 请求过于频繁 🔥🔥🔥🔥🔥🔥🔥🔥⚡❄️ 10秒后可用
20260331 21:56:49- INFO- 获取 20200805 数据失败: 请求过于频繁 🔥🔥🔥🔥🔥🔥🔥🔥⚡❄️ 9秒后可用
20260331 21:56:49- INFO- 获取 20200806 数据失败: 请求过于频繁 🔥🔥🔥🔥🔥🔥🔥🔥⚡❄️ 9秒后可用
20260331 21:56:49- INFO- 获取 20200807 数据失败: 请求过于频繁 🔥🔥🔥🔥🔥🔥🔥🔥⚡❄️ 9秒后可用
20260331 21:56:49- INFO- 获取 20200808 数据失败: 请求过于频繁 🔥🔥🔥🔥🔥🔥🔥🔥⚡❄️ 9秒后可用
20260331 21:56:49- INFO- 获取 20200809 数据失败: 请求过于频繁 🔥🔥🔥🔥🔥🔥🔥🔥⚡❄️ 9秒后可用
20260331 21:56:49- INFO- 获取 20200810 数据失败: 请求过于频繁 🔥🔥🔥🔥🔥🔥🔥🔥⚡❄️ 9秒后可用
20260331 21:56:49- INFO- 获取 20200811 数据失败: 请求过于频繁 🔥🔥🔥🔥🔥🔥🔥🔥⚡❄️ 9秒后可用
20260331 21:56:49- INFO- 获取 20200812 数据失败: 请求过于频繁 🔥🔥🔥🔥🔥🔥🔥🔥⚡❄️ 9秒后可用
20260331 21:56:50- INFO- 获取 20200813 数据失败: 请求过于频繁 🔥🔥🔥🔥🔥🔥🔥🔥⚡❄️ 9秒后可用
20260331 21:56:50- INFO- 获取 20200814 数据失败: 请求过于频繁 🔥🔥🔥🔥🔥🔥🔥🔥⚡❄️ 9秒后可用
20260331 21:56:50- INFO- 获取 20200815 数据失败: 请求过于频繁 🔥🔥🔥🔥🔥🔥🔥🔥⚡❄️ 9秒后可用
20260331 21:56:50- INFO- 获取 20200816 数据失败: 请求过于频繁 🔥🔥🔥🔥🔥🔥🔥🔥⚡❄️ 8秒后可用
20260331 21:56:50- INFO- 获取 20200817 数据失败: 请求过于频繁 🔥🔥🔥🔥🔥🔥🔥🔥⚡❄️ 8秒后可用
20260331 21:56:50- INFO- 获取 20200818 数据失败: 请求过于频繁 🔥🔥🔥🔥🔥🔥🔥🔥⚡❄️ 8秒后可用
20260331 21:56:50- INFO- 获取 20200819 数据失败: 请求过于频繁 🔥🔥🔥🔥🔥🔥🔥🔥⚡❄️ 8秒后可用
20260331 21:56:50- INFO- 获取 20200820 数据失败: 请求过于频繁 🔥🔥🔥🔥🔥🔥🔥🔥⚡❄️ 8秒后可用
20260331 21:56:50- INFO- 获取 20200821 数据失败: 请求过于频繁 🔥🔥🔥🔥🔥🔥🔥🔥⚡❄️ 8秒后可用
20260331 21:56:50- INFO- 获取 20200822 数据失败: 请求过于频繁 🔥🔥🔥🔥🔥🔥🔥🔥⚡❄️ 8秒后可用
20260331 21:56:50- INFO- 获取 20200823 数据失败: 请求过于频繁 🔥🔥🔥🔥🔥🔥🔥🔥⚡❄️ 8秒后可用
20260331 21:56:51- INFO- 获取 20200824 数据失败: 请求过于频繁 🔥🔥🔥🔥🔥🔥🔥🔥⚡❄️ 8秒后可用
20260331 21:56:51- INFO- 获取 20200825 数据失败: 请求过于频繁 🔥🔥🔥🔥🔥🔥🔥🔥⚡❄️ 8秒后可用
20260331 21:56:51- INFO- 获取 20200826 数据失败: 请求过于频繁 🔥🔥🔥🔥🔥🔥🔥🔥⚡❄️ 7秒后可用
20260331 21:56:51- INFO- 获取 20200827 数据失败: 请求过于频繁 🔥🔥🔥🔥🔥🔥🔥🔥⚡❄️ 7秒后可用
20260331 21:56:51- INFO- 获取 20200828 数据失败: 请求过于频繁 🔥🔥🔥🔥🔥🔥🔥🔥⚡❄️ 7秒后可用
20260331 21:56:51- INFO- 获取 20200829 数据失败: 请求过于频繁 🔥🔥🔥🔥🔥🔥🔥🔥⚡❄️ 7秒后可用
20260331 21:56:51- INFO- 获取 20200830 数据失败: 请求过于频繁 🔥🔥🔥🔥🔥🔥🔥🔥⚡❄️ 7秒后可用
20260331 21:56:51- INFO- 获取 20200831 数据失败: 请求过于频繁 🔥🔥🔥🔥🔥🔥🔥🔥⚡❄️ 7秒后可用
20260331 21:56:51- INFO- 获取 20200901 数据失败: 请求过于频繁 🔥🔥🔥🔥🔥🔥🔥🔥⚡❄️ 7秒后可用
20260331 21:56:51- INFO- 获取 20200902 数据失败: 请求过于频繁 🔥🔥🔥🔥🔥🔥🔥🔥⚡❄️ 7秒后可用
20260331 21:56:52- INFO- 获取 20200903 数据失败: 请求过于频繁 🔥🔥🔥🔥🔥🔥🔥🔥⚡❄️ 7秒后可用
20260331 21:56:52- INFO- 获取 20200904 数据失败: 请求过于频繁 🔥🔥🔥🔥🔥🔥🔥🔥⚡❄️ 7秒后可用
20260331 21:56:52- INFO- 获取 20200905 数据失败: 请求过于频繁 🔥🔥🔥🔥🔥🔥🔥🔥🔥⚡ 6秒后可用
20260331 21:56:52- INFO- 获取 20200906 数据失败: 请求过于频繁 🔥🔥🔥🔥🔥🔥🔥🔥🔥⚡ 6秒后可用
20260331 21:56:52- INFO- 获取 20200907 数据失败: 请求过于频繁 🔥🔥🔥🔥🔥🔥🔥🔥🔥⚡ 6秒后可用
20260331 21:56:52- INFO- 获取 20200908 数据失败: 请求过于频繁 🔥🔥🔥🔥🔥🔥🔥🔥🔥⚡ 6秒后可用
20260331 21:56:52- INFO- 获取 20200909 数据失败: 请求过于频繁 🔥🔥🔥🔥🔥🔥🔥🔥🔥⚡ 6秒后可用
20260331 21:56:52- INFO- 获取 20200910 数据失败: 请求过于频繁 🔥🔥🔥🔥🔥🔥🔥🔥🔥⚡ 6秒后可用
20260331 21:56:52- INFO- 获取 20200911 数据失败: 请求过于频繁 🔥🔥🔥🔥🔥🔥🔥🔥🔥⚡ 6秒后可用
20260331 21:56:52- INFO- 获取 20200912 数据失败: 请求过于频繁 🔥🔥🔥🔥🔥🔥🔥🔥🔥⚡ 6秒后可用
20260331 21:56:52- INFO- 获取 20200913 数据失败: 请求过于频繁 🔥🔥🔥🔥🔥🔥🔥🔥🔥⚡ 6秒后可用
20260331 21:56:53- INFO- 获取 20200914 数据失败: 请求过于频繁 🔥🔥🔥🔥🔥🔥🔥🔥🔥⚡ 6秒后可用
20260331 21:56:53- INFO- 获取 20200915 数据失败: 请求过于频繁 🔥🔥🔥🔥🔥🔥🔥🔥🔥⚡ 6秒后可用
20260331 21:56:53- INFO- 获取 20200916 数据失败: 请求过于频繁 🔥🔥🔥🔥🔥🔥🔥🔥🔥⚡ 5秒后可用
20260331 21:56:53- INFO- 获取 20200917 数据失败: 请求过于频繁 🔥🔥🔥🔥🔥🔥🔥🔥🔥⚡ 5秒后可用
20260331 21:56:53- INFO- 获取 20200918 数据失败: 请求过于频繁 🔥🔥🔥🔥🔥🔥🔥🔥🔥⚡ 5秒后可用
20260331 21:56:53- INFO- 获取 20200919 数据失败: 请求过于频繁 🔥🔥🔥🔥🔥🔥🔥🔥🔥⚡ 5秒后可用
20260331 21:56:53- INFO- 获取 20200920 数据失败: 请求过于频繁 🔥🔥🔥🔥🔥🔥🔥🔥🔥⚡ 5秒后可用
20260331 21:56:53- INFO- 获取 20200921 数据失败: 请求过于频繁 🔥🔥🔥🔥🔥🔥🔥🔥🔥⚡ 5秒后可用
20260331 21:56:53- INFO- 获取 20200922 数据失败: 请求过于频繁 🔥🔥🔥🔥🔥🔥🔥🔥🔥⚡ 5秒后可用
20260331 21:56:53- INFO- 获取 20200923 数据失败: 请求过于频繁 🔥🔥🔥🔥🔥🔥🔥🔥🔥⚡ 5秒后可用
20260331 21:56:53- INFO- 获取 20200924 数据失败: 请求过于频繁 🔥🔥🔥🔥🔥🔥🔥🔥🔥⚡ 5秒后可用
20260331 21:56:54- INFO- 获取 20200925 数据失败: 请求过于频繁 🔥🔥🔥🔥🔥🔥🔥🔥🔥⚡ 5秒后可用
20260331 21:56:54- INFO- 获取 20200926 数据失败: 请求过于频繁 🔥🔥🔥🔥🔥🔥🔥🔥🔥⚡ 5秒后可用
20260331 21:56:54- INFO- 获取 20200927 数据失败: 请求过于频繁 🔥🔥🔥🔥🔥🔥🔥🔥🔥⚡ 4秒后可用
20260331 21:56:54- INFO- 获取 20200928 数据失败: 请求过于频繁 🔥🔥🔥🔥🔥🔥🔥🔥🔥⚡ 4秒后可用
20260331 21:56:54- INFO- 获取 20200929 数据失败: 请求过于频繁 🔥🔥🔥🔥🔥🔥🔥🔥🔥⚡ 4秒后可用
20260331 21:56:54- INFO- 获取 20200930 数据失败: 请求过于频繁 🔥🔥🔥🔥🔥🔥🔥🔥🔥⚡ 4秒后可用
20260331 21:56:54- INFO- 获取 20201001 数据失败: 请求过于频繁 🔥🔥🔥🔥🔥🔥🔥🔥🔥⚡ 4秒后可用
20260331 21:56:54- INFO- 获取 20201002 数据失败: 请求过于频繁 🔥🔥🔥🔥🔥🔥🔥🔥🔥⚡ 4秒后可用
20260331 21:56:54- INFO- 获取 20201003 数据失败: 请求过于频繁 🔥🔥🔥🔥🔥🔥🔥🔥🔥⚡ 4秒后可用
20260331 21:56:54- INFO- 获取 20201004 数据失败: 请求过于频繁 🔥🔥🔥🔥🔥🔥🔥🔥🔥⚡ 4秒后可用
20260331 21:56:54- INFO- 获取 20201005 数据失败: 请求过于频繁 🔥🔥🔥🔥🔥🔥🔥🔥🔥⚡ 4秒后可用
20260331 21:56:55- INFO- 获取 20201006 数据失败: 请求过于频繁 🔥🔥🔥🔥🔥🔥🔥🔥🔥⚡ 4秒后可用
20260331 21:56:55- INFO- 获取 20201007 数据失败: 请求过于频繁 🔥🔥🔥🔥🔥🔥🔥🔥🔥⚡ 4秒后可用
20260331 21:56:55- INFO- 获取 20201008 数据失败: 请求过于频繁 🔥🔥🔥🔥🔥🔥🔥🔥🔥⚡ 3秒后可用
20260331 21:56:55- INFO- 获取 20201009 数据失败: 请求过于频繁 🔥🔥🔥🔥🔥🔥🔥🔥🔥⚡ 3秒后可用
20260331 21:56:55- INFO- 获取 20201010 数据失败: 请求过于频繁 🔥🔥🔥🔥🔥🔥🔥🔥🔥⚡ 3秒后可用
20260331 21:56:55- INFO- 获取 20201011 数据失败: 请求过于频繁 🔥🔥🔥🔥🔥🔥🔥🔥🔥⚡ 3秒后可用
20260331 21:56:55- INFO- 获取 20201012 数据失败: 请求过于频繁 🔥🔥🔥🔥🔥🔥🔥🔥🔥⚡ 3秒后可用
20260331 21:56:55- INFO- 获取 20201013 数据失败: 请求过于频繁 🔥🔥🔥🔥🔥🔥🔥🔥🔥⚡ 3秒后可用
20260331 21:56:55- INFO- 获取 20201014 数据失败: 请求过于频繁 🔥🔥🔥🔥🔥🔥🔥🔥🔥⚡ 3秒后可用
20260331 21:56:55- INFO- 获取 20201015 数据失败: 请求过于频繁 🔥🔥🔥🔥🔥🔥🔥🔥🔥⚡ 3秒后可用
20260331 21:56:56- INFO- 获取 20201016 数据失败: 请求过于频繁 🔥🔥🔥🔥🔥🔥🔥🔥🔥⚡ 3秒后可用
20260331 21:56:56- INFO- 获取 20201017 数据失败: 请求过于频繁 🔥🔥🔥🔥🔥🔥🔥🔥🔥⚡ 3秒后可用
20260331 21:56:56- INFO- 获取 20201018 数据失败: 请求过于频繁 🔥🔥🔥🔥🔥🔥🔥🔥🔥⚡ 3秒后可用
20260331 21:56:56- INFO- 获取 20201019 数据失败: 请求过于频繁 🔥🔥🔥🔥🔥🔥🔥🔥🔥⚡ 2秒后可用
20260331 21:56:56- INFO- 获取 20201020 数据失败: 请求过于频繁 🔥🔥🔥🔥🔥🔥🔥🔥🔥⚡ 2秒后可用
20260331 21:56:56- INFO- 获取 20201021 数据失败: 请求过于频繁 🔥🔥🔥🔥🔥🔥🔥🔥🔥⚡ 2秒后可用
20260331 21:56:56- INFO- 获取 20201022 数据失败: 请求过于频繁 🔥🔥🔥🔥🔥🔥🔥🔥🔥⚡ 2秒后可用
20260331 21:56:56- INFO- 获取 20201023 数据失败: 请求过于频繁 🔥🔥🔥🔥🔥🔥🔥🔥🔥⚡ 2秒后可用
20260331 21:56:56- INFO- 获取 20201024 数据失败: 请求过于频繁 🔥🔥🔥🔥🔥🔥🔥🔥🔥⚡ 2秒后可用
20260331 21:56:56- INFO- 获取 20201025 数据失败: 请求过于频繁 🔥🔥🔥🔥🔥🔥🔥🔥🔥⚡ 2秒后可用
20260331 21:56:57- INFO- 获取 20201026 数据失败: 请求过于频繁 🔥🔥🔥🔥🔥🔥🔥🔥🔥⚡ 2秒后可用
20260331 21:56:57- INFO- 获取 20201027 数据失败: 请求过于频繁 🔥🔥🔥🔥🔥🔥🔥🔥🔥⚡ 2秒后可用
20260331 21:56:57- INFO- 获取 20201028 数据失败: 请求过于频繁 🔥🔥🔥🔥🔥🔥🔥🔥🔥⚡ 2秒后可用
20260331 21:56:57- INFO- 获取 20201029 数据失败: 请求过于频繁 🔥🔥🔥🔥🔥🔥🔥🔥🔥⚡ 1秒后可用
20260331 21:56:57- INFO- 获取 20201030 数据失败: 请求过于频繁 🔥🔥🔥🔥🔥🔥🔥🔥🔥⚡ 1秒后可用
20260331 21:56:57- INFO- 获取 20201031 数据失败: 请求过于频繁 🔥🔥🔥🔥🔥🔥🔥🔥🔥⚡ 1秒后可用
20260331 21:56:57- INFO- 获取 20201101 数据失败: 请求过于频繁 🔥🔥🔥🔥🔥🔥🔥🔥🔥⚡ 1秒后可用
20260331 21:56:57- INFO- 获取 20201102 数据失败: 请求过于频繁 🔥🔥🔥🔥🔥🔥🔥🔥🔥⚡ 1秒后可用
20260331 21:56:57- INFO- 获取 20201103 数据失败: 请求过于频繁 🔥🔥🔥🔥🔥🔥🔥🔥🔥⚡ 1秒后可用
20260331 21:56:57- INFO- 获取 20201104 数据失败: 请求过于频繁 🔥🔥🔥🔥🔥🔥🔥🔥🔥⚡ 1秒后可用
20260331 21:56:58- INFO- 获取 20201105 数据失败: 请求过于频繁 🔥🔥🔥🔥🔥🔥🔥🔥🔥⚡ 1秒后可用
20260331 21:56:58- INFO- 获取 20201106 数据失败: 请求过于频繁 🔥🔥🔥🔥🔥🔥🔥🔥🔥⚡ 1秒后可用
20260331 21:56:58- INFO- 获取 20201107 数据失败: 请求过于频繁 🔥🔥🔥🔥🔥🔥🔥🔥🔥🔥 0秒后可用
20260331 21:56:58- INFO- 获取 20201108 数据失败: 请求过于频繁 🔥🔥🔥🔥🔥🔥🔥🔥🔥🔥 0秒后可用
20260331 21:56:58- INFO- 获取 20201109 数据失败: 请求过于频繁 🔥🔥🔥🔥🔥🔥🔥🔥🔥🔥 0秒后可用
20260331 21:56:58- INFO- 获取 20201110 数据失败: 必填参数, ts_code
20260331 21:56:58- INFO- 获取 20201111 数据失败: 必填参数, ts_code
20260331 21:56:58- INFO- 获取 20201112 数据失败: 必填参数, ts_code
20260331 21:56:58- INFO- 获取 20201113 数据失败: 必填参数, ts_code
20260331 21:56:58- INFO- 获取 20201114 数据失败: 必填参数, ts_code
20260331 21:56:59- INFO- 获取 20201115 数据失败: 必填参数, ts_code
20260331 21:56:59- INFO- 获取 20201116 数据失败: 必填参数, ts_code
20260331 21:56:59- INFO- 获取 20201117 数据失败: 必填参数, ts_code
20260331 21:56:59- INFO- 获取 20201118 数据失败: 必填参数, ts_code
20260331 21:56:59- INFO- 获取 20201119 数据失败: 必填参数, ts_code
20260331 21:56:59- INFO- 获取 20201120 数据失败: 必填参数, ts_code
20260331 21:56:59- INFO- 获取 20201121 数据失败: 必填参数, ts_code
20260331 21:56:59- INFO- 获取 20201122 数据失败: 必填参数, ts_code
20260331 21:56:59- INFO- 获取 20201123 数据失败: 必填参数, ts_code
20260331 21:57:00- INFO- 获取 20201124 数据失败: 必填参数, ts_code
20260331 21:57:00- INFO- 获取 20201125 数据失败: 必填参数, ts_code
20260331 21:57:00- INFO- 获取 20201126 数据失败: 必填参数, ts_code
20260331 21:57:00- INFO- 获取 20201127 数据失败: 必填参数, ts_code
20260331 21:57:00- INFO- 获取 20201128 数据失败: 必填参数, ts_code
20260331 21:57:00- INFO- 获取 20201129 数据失败: 必填参数, ts_code
20260331 21:57:00- INFO- 获取 20201130 数据失败: 必填参数, ts_code
20260331 21:57:00- INFO- 获取 20201201 数据失败: 必填参数, ts_code
20260331 21:57:00- INFO- 获取 20201202 数据失败: 必填参数, ts_code
20260331 21:57:00- INFO- 获取 20201203 数据失败: 必填参数, ts_code
20260331 21:57:01- INFO- 获取 20201204 数据失败: 必填参数, ts_code
20260331 21:57:01- INFO- 获取 20201205 数据失败: 必填参数, ts_code
20260331 21:57:01- INFO- 获取 20201206 数据失败: 必填参数, ts_code
20260331 21:57:01- INFO- 获取 20201207 数据失败: 必填参数, ts_code
20260331 21:57:01- INFO- 获取 20201208 数据失败: 必填参数, ts_code
20260331 21:57:01- INFO- 获取 20201209 数据失败: 必填参数, ts_code
20260331 21:57:01- INFO- 获取 20201210 数据失败: 必填参数, ts_code
20260331 21:57:01- INFO- 获取 20201211 数据失败: 必填参数, ts_code
20260331 21:57:02- INFO- 获取 20201212 数据失败: 必填参数, ts_code
20260331 21:57:02- INFO- 获取 20201213 数据失败: 必填参数, ts_code
20260331 21:57:02- INFO- 获取 20201214 数据失败: 必填参数, ts_code
20260331 21:57:02- INFO- 获取 20201215 数据失败: 必填参数, ts_code
20260331 21:57:02- INFO- 获取 20201216 数据失败: 必填参数, ts_code
20260331 21:57:02- INFO- 获取 20201217 数据失败: 必填参数, ts_code
20260331 21:57:02- INFO- 获取 20201218 数据失败: 必填参数, ts_code
20260331 21:57:02- INFO- 获取 20201219 数据失败: 必填参数, ts_code
20260331 21:57:02- INFO- 获取 20201220 数据失败: 必填参数, ts_code
20260331 21:57:02- INFO- 获取 20201221 数据失败: 必填参数, ts_code
20260331 21:57:03- INFO- 获取 20201222 数据失败: 必填参数, ts_code
20260331 21:57:03- INFO- 获取 20201223 数据失败: 必填参数, ts_code
20260331 21:57:03- INFO- 获取 20201224 数据失败: 必填参数, ts_code
20260331 21:57:03- INFO- 获取 20201225 数据失败: 必填参数, ts_code
20260331 21:57:03- INFO- 获取 20201226 数据失败: 必填参数, ts_code
20260331 21:57:03- INFO- 获取 20201227 数据失败: 必填参数, ts_code
20260331 21:57:03- INFO- 获取 20201228 数据失败: 必填参数, ts_code
20260331 21:57:03- INFO- 获取 20201229 数据失败: 必填参数, ts_code
20260331 21:57:03- INFO- 获取 20201230 数据失败: 必填参数, ts_code
20260331 21:57:03- INFO- 获取 20201231 数据失败: 必填参数, ts_code
20260331 21:57:04- INFO- 获取 20210101 数据失败: 必填参数, ts_code
20260331 21:57:04- INFO- 获取 20210102 数据失败: 必填参数, ts_code
20260331 21:57:04- INFO- 获取 20210103 数据失败: 必填参数, ts_code
20260331 21:57:04- INFO- 获取 20210104 数据失败: 必填参数, ts_code
20260331 21:57:04- INFO- 获取 20210105 数据失败: 必填参数, ts_code
20260331 21:57:04- INFO- 获取 20210106 数据失败: 必填参数, ts_code
20260331 21:57:04- INFO- 获取 20210107 数据失败: 必填参数, ts_code
20260331 21:57:04- INFO- 获取 20210108 数据失败: 必填参数, ts_code
20260331 21:57:04- INFO- 获取 20210109 数据失败: 必填参数, ts_code
20260331 21:57:04- INFO- 获取 20210110 数据失败: 必填参数, ts_code
20260331 21:57:05- INFO- 获取 20210111 数据失败: 必填参数, ts_code
20260331 21:57:05- INFO- 获取 20210112 数据失败: 必填参数, ts_code
20260331 21:57:05- INFO- 获取 20210113 数据失败: 必填参数, ts_code
20260331 21:57:05- INFO- 获取 20210114 数据失败: 必填参数, ts_code
20260331 21:57:05- INFO- 获取 20210115 数据失败: 必填参数, ts_code
20260331 21:57:05- INFO- 获取 20210116 数据失败: 必填参数, ts_code
20260331 21:57:05- INFO- 获取 20210117 数据失败: 必填参数, ts_code
20260331 21:57:05- INFO- 获取 20210118 数据失败: 必填参数, ts_code
20260331 21:57:05- INFO- 获取 20210119 数据失败: 必填参数, ts_code
20260331 21:57:06- INFO- 获取 20210120 数据失败: 必填参数, ts_code
20260331 21:57:06- INFO- 获取 20210121 数据失败: 必填参数, ts_code
20260331 21:57:06- INFO- 获取 20210122 数据失败: 必填参数, ts_code
20260331 21:57:06- INFO- 获取 20210123 数据失败: 必填参数, ts_code
20260331 21:57:06- INFO- 获取 20210124 数据失败: 必填参数, ts_code
20260331 21:57:06- INFO- 获取 20210125 数据失败: 必填参数, ts_code
20260331 21:57:06- INFO- 获取 20210126 数据失败: 必填参数, ts_code
20260331 21:57:06- INFO- 获取 20210127 数据失败: 必填参数, ts_code
20260331 21:57:06- INFO- 获取 20210128 数据失败: 必填参数, ts_code
20260331 21:57:07- INFO- 获取 20210129 数据失败: 必填参数, ts_code
20260331 21:57:07- INFO- 获取 20210130 数据失败: 必填参数, ts_code
20260331 21:57:07- INFO- 获取 20210131 数据失败: 必填参数, ts_code
20260331 21:57:07- INFO- 获取 20210201 数据失败: 必填参数, ts_code
20260331 21:57:07- INFO- 获取 20210202 数据失败: 必填参数, ts_code
20260331 21:57:07- INFO- 获取 20210203 数据失败: 必填参数, ts_code
20260331 21:57:07- INFO- 获取 20210204 数据失败: 必填参数, ts_code
20260331 21:57:07- INFO- 获取 20210205 数据失败: 必填参数, ts_code
20260331 21:57:07- INFO- 获取 20210206 数据失败: 必填参数, ts_code
20260331 21:57:07- INFO- 获取 20210207 数据失败: 必填参数, ts_code
20260331 21:57:08- INFO- 获取 20210208 数据失败: 必填参数, ts_code
20260331 21:57:08- INFO- 获取 20210209 数据失败: 必填参数, ts_code
20260331 21:57:08- INFO- 获取 20210210 数据失败: 必填参数, ts_code
20260331 21:57:08- INFO- 获取 20210211 数据失败: 必填参数, ts_code
20260331 21:57:08- INFO- 获取 20210212 数据失败: 必填参数, ts_code
20260331 21:57:08- INFO- 获取 20210213 数据失败: 必填参数, ts_code
20260331 21:57:08- INFO- 获取 20210214 数据失败: 必填参数, ts_code
20260331 21:57:08- INFO- 获取 20210215 数据失败: 必填参数, ts_code
20260331 21:57:08- INFO- 获取 20210216 数据失败: 必填参数, ts_code
20260331 21:57:08- INFO- 获取 20210217 数据失败: 必填参数, ts_code
20260331 21:57:09- INFO- 获取 20210218 数据失败: 必填参数, ts_code
20260331 21:57:09- INFO- 获取 20210219 数据失败: 必填参数, ts_code
20260331 21:57:09- INFO- 获取 20210220 数据失败: 必填参数, ts_code
20260331 21:57:09- INFO- 获取 20210221 数据失败: 必填参数, ts_code
20260331 21:57:09- INFO- 获取 20210222 数据失败: 必填参数, ts_code
20260331 21:57:09- INFO- 获取 20210223 数据失败: 必填参数, ts_code
20260331 21:57:09- INFO- 获取 20210224 数据失败: 必填参数, ts_code
20260331 21:57:09- INFO- 获取 20210225 数据失败: 必填参数, ts_code
20260331 21:57:09- INFO- 获取 20210226 数据失败: 必填参数, ts_code
20260331 21:57:10- INFO- 获取 20210227 数据失败: 必填参数, ts_code
20260331 21:57:10- INFO- 获取 20210228 数据失败: 必填参数, ts_code
20260331 21:57:10- INFO- 获取 20210301 数据失败: 必填参数, ts_code
20260331 21:57:10- INFO- 获取 20210302 数据失败: 必填参数, ts_code
20260331 21:57:10- INFO- 获取 20210303 数据失败: 必填参数, ts_code
20260331 21:57:10- INFO- 获取 20210304 数据失败: 必填参数, ts_code
20260331 21:57:10- INFO- 获取 20210305 数据失败: 必填参数, ts_code
20260331 21:57:10- INFO- 获取 20210306 数据失败: 必填参数, ts_code
20260331 21:57:10- INFO- 获取 20210307 数据失败: 必填参数, ts_code
20260331 21:57:10- INFO- 获取 20210308 数据失败: 必填参数, ts_code
20260331 21:57:11- INFO- 获取 20210309 数据失败: 必填参数, ts_code
20260331 21:57:11- INFO- 获取 20210310 数据失败: 必填参数, ts_code
20260331 21:57:11- INFO- 获取 20210311 数据失败: 必填参数, ts_code
20260331 21:57:11- INFO- 获取 20210312 数据失败: 必填参数, ts_code
20260331 21:57:11- INFO- 获取 20210313 数据失败: 必填参数, ts_code
20260331 21:57:11- INFO- 获取 20210314 数据失败: 必填参数, ts_code
20260331 21:57:11- INFO- 获取 20210315 数据失败: 必填参数, ts_code
20260331 21:57:11- INFO- 获取 20210316 数据失败: 必填参数, ts_code
20260331 21:57:11- INFO- 获取 20210317 数据失败: 必填参数, ts_code
20260331 21:57:12- INFO- 获取 20210318 数据失败: 必填参数, ts_code
20260331 21:57:12- INFO- 获取 20210319 数据失败: 必填参数, ts_code
20260331 21:57:12- INFO- 获取 20210320 数据失败: 必填参数, ts_code
20260331 21:57:12- INFO- 获取 20210321 数据失败: 必填参数, ts_code
20260331 21:57:12- INFO- 获取 20210322 数据失败: 必填参数, ts_code
20260331 21:57:12- INFO- 获取 20210323 数据失败: 必填参数, ts_code
20260331 21:57:12- INFO- 获取 20210324 数据失败: 必填参数, ts_code
20260331 21:57:12- INFO- 获取 20210325 数据失败: 必填参数, ts_code
20260331 21:57:12- INFO- 获取 20210326 数据失败: 必填参数, ts_code
20260331 21:57:12- INFO- 获取 20210327 数据失败: 必填参数, ts_code
20260331 21:57:13- INFO- 获取 20210328 数据失败: 必填参数, ts_code
20260331 21:57:13- INFO- 获取 20210329 数据失败: 必填参数, ts_code
20260331 21:57:13- INFO- 获取 20210330 数据失败: 必填参数, ts_code
20260331 21:57:13- INFO- 获取 20210331 数据失败: 必填参数, ts_code
20260331 21:57:13- INFO- 获取 20210401 数据失败: 请求过于频繁 🔥🔥⚡❄️❄️❄️❄️❄️❄️❄️ 45秒后可用
20260331 21:57:13- INFO- 获取 20210402 数据失败: 请求过于频繁 🔥🔥⚡❄️❄️❄️❄️❄️❄️❄️ 45秒后可用
20260331 21:57:13- INFO- 获取 20210403 数据失败: 请求过于频繁 🔥🔥⚡❄️❄️❄️❄️❄️❄️❄️ 45秒后可用
20260331 21:57:13- INFO- 获取 20210404 数据失败: 请求过于频繁 🔥🔥⚡❄️❄️❄️❄️❄️❄️❄️ 45秒后可用
20260331 21:57:13- INFO- 获取 20210405 数据失败: 请求过于频繁 🔥🔥⚡❄️❄️❄️❄️❄️❄️❄️ 45秒后可用
20260331 21:57:13- INFO- 获取 20210406 数据失败: 请求过于频繁 🔥🔥⚡❄️❄️❄️❄️❄️❄️❄️ 45秒后可用
20260331 21:57:14- INFO- 获取 20210407 数据失败: 请求过于频繁 🔥🔥⚡❄️❄️❄️❄️❄️❄️❄️ 45秒后可用
20260331 21:57:14- INFO- 获取 20210408 数据失败: 请求过于频繁 🔥🔥⚡❄️❄️❄️❄️❄️❄️❄️ 45秒后可用
20260331 21:57:14- INFO- 获取 20210409 数据失败: 请求过于频繁 🔥🔥⚡❄️❄️❄️❄️❄️❄️❄️ 44秒后可用
20260331 21:57:14- INFO- 获取 20210410 数据失败: 请求过于频繁 🔥🔥⚡❄️❄️❄️❄️❄️❄️❄️ 44秒后可用
20260331 21:57:14- INFO- 获取 20210411 数据失败: 请求过于频繁 🔥🔥⚡❄️❄️❄️❄️❄️❄️❄️ 44秒后可用
20260331 21:57:14- INFO- 获取 20210412 数据失败: 请求过于频繁 🔥🔥⚡❄️❄️❄️❄️❄️❄️❄️ 44秒后可用
20260331 21:57:14- INFO- 获取 20210413 数据失败: 请求过于频繁 🔥🔥⚡❄️❄️❄️❄️❄️❄️❄️ 44秒后可用
20260331 21:57:14- INFO- 获取 20210414 数据失败: 请求过于频繁 🔥🔥⚡❄️❄️❄️❄️❄️❄️❄️ 44秒后可用
20260331 21:57:14- INFO- 获取 20210415 数据失败: 请求过于频繁 🔥🔥⚡❄️❄️❄️❄️❄️❄️❄️ 44秒后可用
20260331 21:57:14- INFO- 获取 20210416 数据失败: 请求过于频繁 🔥🔥⚡❄️❄️❄️❄️❄️❄️❄️ 44秒后可用
20260331 21:57:14- INFO- 获取 20210417 数据失败: 请求过于频繁 🔥🔥⚡❄️❄️❄️❄️❄️❄️❄️ 44秒后可用
20260331 21:57:15- INFO- 获取 20210418 数据失败: 请求过于频繁 🔥🔥⚡❄️❄️❄️❄️❄️❄️❄️ 44秒后可用
20260331 21:57:15- INFO- 获取 20210419 数据失败: 请求过于频繁 🔥🔥⚡❄️❄️❄️❄️❄️❄️❄️ 44秒后可用
20260331 21:57:15- INFO- 获取 20210420 数据失败: 请求过于频繁 🔥🔥⚡❄️❄️❄️❄️❄️❄️❄️ 43秒后可用
20260331 21:57:15- INFO- 获取 20210421 数据失败: 请求过于频繁 🔥🔥⚡❄️❄️❄️❄️❄️❄️❄️ 43秒后可用
20260331 21:57:15- INFO- 获取 20210422 数据失败: 请求过于频繁 🔥🔥⚡❄️❄️❄️❄️❄️❄️❄️ 43秒后可用
20260331 21:57:15- INFO- 获取 20210423 数据失败: 请求过于频繁 🔥🔥⚡❄️❄️❄️❄️❄️❄️❄️ 43秒后可用
20260331 21:57:15- INFO- 获取 20210424 数据失败: 请求过于频繁 🔥🔥⚡❄️❄️❄️❄️❄️❄️❄️ 43秒后可用
20260331 21:57:15- INFO- 获取 20210425 数据失败: 请求过于频繁 🔥🔥⚡❄️❄️❄️❄️❄️❄️❄️ 43秒后可用
20260331 21:57:15- INFO- 获取 20210426 数据失败: 请求过于频繁 🔥🔥⚡❄️❄️❄️❄️❄️❄️❄️ 43秒后可用
20260331 21:57:15- INFO- 获取 20210427 数据失败: 请求过于频繁 🔥🔥⚡❄️❄️❄️❄️❄️❄️❄️ 43秒后可用
20260331 21:57:15- INFO- 获取 20210428 数据失败: 请求过于频繁 🔥🔥⚡❄️❄️❄️❄️❄️❄️❄️ 43秒后可用
20260331 21:57:16- INFO- 获取 20210429 数据失败: 请求过于频繁 🔥🔥⚡❄️❄️❄️❄️❄️❄️❄️ 43秒后可用
20260331 21:57:16- INFO- 获取 20210430 数据失败: 请求过于频繁 🔥🔥⚡❄️❄️❄️❄️❄️❄️❄️ 43秒后可用
20260331 21:57:16- INFO- 获取 20210501 数据失败: 请求过于频繁 🔥🔥🔥⚡❄️❄️❄️❄️❄️❄️ 42秒后可用
20260331 21:57:16- INFO- 获取 20210502 数据失败: 请求过于频繁 🔥🔥🔥⚡❄️❄️❄️❄️❄️❄️ 42秒后可用
20260331 21:57:16- INFO- 获取 20210503 数据失败: 请求过于频繁 🔥🔥🔥⚡❄️❄️❄️❄️❄️❄️ 42秒后可用
20260331 21:57:16- INFO- 获取 20210504 数据失败: 请求过于频繁 🔥🔥🔥⚡❄️❄️❄️❄️❄️❄️ 42秒后可用
20260331 21:57:16- INFO- 获取 20210505 数据失败: 请求过于频繁 🔥🔥🔥⚡❄️❄️❄️❄️❄️❄️ 42秒后可用
20260331 21:57:16- INFO- 获取 20210506 数据失败: 请求过于频繁 🔥🔥🔥⚡❄️❄️❄️❄️❄️❄️ 42秒后可用
20260331 21:57:16- INFO- 获取 20210507 数据失败: 请求过于频繁 🔥🔥🔥⚡❄️❄️❄️❄️❄️❄️ 42秒后可用
20260331 21:57:16- INFO- 获取 20210508 数据失败: 请求过于频繁 🔥🔥🔥⚡❄️❄️❄️❄️❄️❄️ 42秒后可用
20260331 21:57:17- INFO- 获取 20210509 数据失败: 请求过于频繁 🔥🔥🔥⚡❄️❄️❄️❄️❄️❄️ 42秒后可用
20260331 21:57:17- INFO- 获取 20210510 数据失败: 请求过于频繁 🔥🔥🔥⚡❄️❄️❄️❄️❄️❄️ 42秒后可用
20260331 21:57:17- INFO- 获取 20210511 数据失败: 请求过于频繁 🔥🔥🔥⚡❄️❄️❄️❄️❄️❄️ 42秒后可用
20260331 21:57:17- INFO- 获取 20210512 数据失败: 请求过于频繁 🔥🔥🔥⚡❄️❄️❄️❄️❄️❄️ 41秒后可用
20260331 21:57:17- INFO- 获取 20210513 数据失败: 请求过于频繁 🔥🔥🔥⚡❄️❄️❄️❄️❄️❄️ 41秒后可用
20260331 21:57:17- INFO- 获取 20210514 数据失败: 请求过于频繁 🔥🔥🔥⚡❄️❄️❄️❄️❄️❄️ 41秒后可用
20260331 21:57:17- INFO- 获取 20210515 数据失败: 请求过于频繁 🔥🔥🔥⚡❄️❄️❄️❄️❄️❄️ 41秒后可用
20260331 21:57:17- INFO- 获取 20210516 数据失败: 请求过于频繁 🔥🔥🔥⚡❄️❄️❄️❄️❄️❄️ 41秒后可用
20260331 21:57:17- INFO- 获取 20210517 数据失败: 请求过于频繁 🔥🔥🔥⚡❄️❄️❄️❄️❄️❄️ 41秒后可用
20260331 21:57:17- INFO- 获取 20210518 数据失败: 请求过于频繁 🔥🔥🔥⚡❄️❄️❄️❄️❄️❄️ 41秒后可用
20260331 21:57:17- INFO- 获取 20210519 数据失败: 请求过于频繁 🔥🔥🔥⚡❄️❄️❄️❄️❄️❄️ 41秒后可用
20260331 21:57:18- INFO- 获取 20210520 数据失败: 请求过于频繁 🔥🔥🔥⚡❄️❄️❄️❄️❄️❄️ 41秒后可用
20260331 21:57:18- INFO- 获取 20210521 数据失败: 请求过于频繁 🔥🔥🔥⚡❄️❄️❄️❄️❄️❄️ 41秒后可用
20260331 21:57:18- INFO- 获取 20210522 数据失败: 请求过于频繁 🔥🔥🔥⚡❄️❄️❄️❄️❄️❄️ 41秒后可用
20260331 21:57:18- INFO- 获取 20210523 数据失败: 请求过于频繁 🔥🔥🔥⚡❄️❄️❄️❄️❄️❄️ 40秒后可用
20260331 21:57:18- INFO- 获取 20210524 数据失败: 请求过于频繁 🔥🔥🔥⚡❄️❄️❄️❄️❄️❄️ 40秒后可用
20260331 21:57:18- INFO- 获取 20210525 数据失败: 请求过于频繁 🔥🔥🔥⚡❄️❄️❄️❄️❄️❄️ 40秒后可用
20260331 21:57:18- INFO- 获取 20210526 数据失败: 请求过于频繁 🔥🔥🔥⚡❄️❄️❄️❄️❄️❄️ 40秒后可用
20260331 21:57:18- INFO- 获取 20210527 数据失败: 请求过于频繁 🔥🔥🔥⚡❄️❄️❄️❄️❄️❄️ 40秒后可用
20260331 21:57:18- INFO- 获取 20210528 数据失败: 请求过于频繁 🔥🔥🔥⚡❄️❄️❄️❄️❄️❄️ 40秒后可用
20260331 21:57:18- INFO- 获取 20210529 数据失败: 请求过于频繁 🔥🔥🔥⚡❄️❄️❄️❄️❄️❄️ 40秒后可用
20260331 21:57:18- INFO- 获取 20210530 数据失败: 请求过于频繁 🔥🔥🔥⚡❄️❄️❄️❄️❄️❄️ 40秒后可用
20260331 21:57:19- INFO- 获取 20210531 数据失败: 请求过于频繁 🔥🔥🔥⚡❄️❄️❄️❄️❄️❄️ 40秒后可用
20260331 21:57:19- INFO- 获取 20210601 数据失败: 请求过于频繁 🔥🔥🔥⚡❄️❄️❄️❄️❄️❄️ 40秒后可用
20260331 21:57:19- INFO- 获取 20210602 数据失败: 请求过于频繁 🔥🔥🔥⚡❄️❄️❄️❄️❄️❄️ 39秒后可用
20260331 21:57:19- INFO- 获取 20210603 数据失败: 请求过于频繁 🔥🔥🔥⚡❄️❄️❄️❄️❄️❄️ 39秒后可用
20260331 21:57:19- INFO- 获取 20210604 数据失败: 请求过于频繁 🔥🔥🔥⚡❄️❄️❄️❄️❄️❄️ 39秒后可用
20260331 21:57:19- INFO- 获取 20210605 数据失败: 请求过于频繁 🔥🔥🔥⚡❄️❄️❄️❄️❄️❄️ 39秒后可用
20260331 21:57:19- INFO- 获取 20210606 数据失败: 请求过于频繁 🔥🔥🔥⚡❄️❄️❄️❄️❄️❄️ 39秒后可用
20260331 21:57:19- INFO- 获取 20210607 数据失败: 请求过于频繁 🔥🔥🔥⚡❄️❄️❄️❄️❄️❄️ 39秒后可用
20260331 21:57:19- INFO- 获取 20210608 数据失败: 请求过于频繁 🔥🔥🔥⚡❄️❄️❄️❄️❄️❄️ 39秒后可用
20260331 21:57:19- INFO- 获取 20210609 数据失败: 请求过于频繁 🔥🔥🔥⚡❄️❄️❄️❄️❄️❄️ 39秒后可用
20260331 21:57:20- INFO- 获取 20210610 数据失败: 请求过于频繁 🔥🔥🔥⚡❄️❄️❄️❄️❄️❄️ 39秒后可用
20260331 21:57:20- INFO- 获取 20210611 数据失败: 请求过于频繁 🔥🔥🔥⚡❄️❄️❄️❄️❄️❄️ 39秒后可用
20260331 21:57:20- INFO- 获取 20210612 数据失败: 请求过于频繁 🔥🔥🔥⚡❄️❄️❄️❄️❄️❄️ 39秒后可用
20260331 21:57:20- INFO- 获取 20210613 数据失败: 请求过于频繁 🔥🔥🔥⚡❄️❄️❄️❄️❄️❄️ 38秒后可用
20260331 21:57:20- INFO- 获取 20210614 数据失败: 请求过于频繁 🔥🔥🔥⚡❄️❄️❄️❄️❄️❄️ 38秒后可用
20260331 21:57:20- INFO- 获取 20210615 数据失败: 请求过于频繁 🔥🔥🔥⚡❄️❄️❄️❄️❄️❄️ 38秒后可用
20260331 21:57:20- INFO- 获取 20210616 数据失败: 请求过于频繁 🔥🔥🔥⚡❄️❄️❄️❄️❄️❄️ 38秒后可用
20260331 21:57:20- INFO- 获取 20210617 数据失败: 请求过于频繁 🔥🔥🔥⚡❄️❄️❄️❄️❄️❄️ 38秒后可用
20260331 21:57:20- INFO- 获取 20210618 数据失败: 请求过于频繁 🔥🔥🔥⚡❄️❄️❄️❄️❄️❄️ 38秒后可用
20260331 21:57:20- INFO- 获取 20210619 数据失败: 请求过于频繁 🔥🔥🔥⚡❄️❄️❄️❄️❄️❄️ 38秒后可用
20260331 21:57:20- INFO- 获取 20210620 数据失败: 请求过于频繁 🔥🔥🔥⚡❄️❄️❄️❄️❄️❄️ 38秒后可用
20260331 21:57:20- INFO- 获取 20210621 数据失败: 请求过于频繁 🔥🔥🔥⚡❄️❄️❄️❄️❄️❄️ 38秒后可用
20260331 21:57:21- INFO- 获取 20210622 数据失败: 请求过于频繁 🔥🔥🔥⚡❄️❄️❄️❄️❄️❄️ 38秒后可用
20260331 21:57:21- INFO- 获取 20210623 数据失败: 请求过于频繁 🔥🔥🔥⚡❄️❄️❄️❄️❄️❄️ 38秒后可用
20260331 21:57:21- INFO- 获取 20210624 数据失败: 请求过于频繁 🔥🔥🔥⚡❄️❄️❄️❄️❄️❄️ 37秒后可用
20260331 21:57:21- INFO- 获取 20210625 数据失败: 请求过于频繁 🔥🔥🔥⚡❄️❄️❄️❄️❄️❄️ 37秒后可用
20260331 21:57:21- INFO- 获取 20210626 数据失败: 请求过于频繁 🔥🔥🔥⚡❄️❄️❄️❄️❄️❄️ 37秒后可用
20260331 21:57:21- INFO- 获取 20210627 数据失败: 请求过于频繁 🔥🔥🔥⚡❄️❄️❄️❄️❄️❄️ 37秒后可用
20260331 21:57:21- INFO- 获取 20210628 数据失败: 请求过于频繁 🔥🔥🔥⚡❄️❄️❄️❄️❄️❄️ 37秒后可用
20260331 21:57:21- INFO- 获取 20210629 数据失败: 请求过于频繁 🔥🔥🔥⚡❄️❄️❄️❄️❄️❄️ 37秒后可用
20260331 21:57:21- INFO- 获取 20210630 数据失败: 请求过于频繁 🔥🔥🔥⚡❄️❄️❄️❄️❄️❄️ 37秒后可用
20260331 21:57:21- INFO- 获取 20210701 数据失败: 请求过于频繁 🔥🔥🔥⚡❄️❄️❄️❄️❄️❄️ 37秒后可用
20260331 21:57:22- INFO- 获取 20210702 数据失败: 请求过于频繁 🔥🔥🔥⚡❄️❄️❄️❄️❄️❄️ 37秒后可用
20260331 21:57:22- INFO- 获取 20210703 数据失败: 请求过于频繁 🔥🔥🔥⚡❄️❄️❄️❄️❄️❄️ 37秒后可用
20260331 21:57:22- INFO- 获取 20210704 数据失败: 请求过于频繁 🔥🔥🔥⚡❄️❄️❄️❄️❄️❄️ 37秒后可用
20260331 21:57:22- INFO- 获取 20210705 数据失败: 请求过于频繁 🔥🔥🔥🔥⚡❄️❄️❄️❄️❄️ 36秒后可用
20260331 21:57:22- INFO- 获取 20210706 数据失败: 请求过于频繁 🔥🔥🔥🔥⚡❄️❄️❄️❄️❄️ 36秒后可用
20260331 21:57:22- INFO- 获取 20210707 数据失败: 请求过于频繁 🔥🔥🔥🔥⚡❄️❄️❄️❄️❄️ 36秒后可用
20260331 21:57:22- INFO- 获取 20210708 数据失败: 请求过于频繁 🔥🔥🔥🔥⚡❄️❄️❄️❄️❄️ 36秒后可用
20260331 21:57:22- INFO- 获取 20210709 数据失败: 请求过于频繁 🔥🔥🔥🔥⚡❄️❄️❄️❄️❄️ 36秒后可用
20260331 21:57:22- INFO- 获取 20210710 数据失败: 请求过于频繁 🔥🔥🔥🔥⚡❄️❄️❄️❄️❄️ 36秒后可用
20260331 21:57:22- INFO- 获取 20210711 数据失败: 请求过于频繁 🔥🔥🔥🔥⚡❄️❄️❄️❄️❄️ 36秒后可用
20260331 21:57:22- INFO- 获取 20210712 数据失败: 请求过于频繁 🔥🔥🔥🔥⚡❄️❄️❄️❄️❄️ 36秒后可用
20260331 21:57:23- INFO- 获取 20210713 数据失败: 请求过于频繁 🔥🔥🔥🔥⚡❄️❄️❄️❄️❄️ 36秒后可用
20260331 21:57:23- INFO- 获取 20210714 数据失败: 请求过于频繁 🔥🔥🔥🔥⚡❄️❄️❄️❄️❄️ 36秒后可用
20260331 21:57:23- INFO- 获取 20210715 数据失败: 请求过于频繁 🔥🔥🔥🔥⚡❄️❄️❄️❄️❄️ 35秒后可用
20260331 21:57:23- INFO- 获取 20210716 数据失败: 请求过于频繁 🔥🔥🔥🔥⚡❄️❄️❄️❄️❄️ 35秒后可用
20260331 21:57:23- INFO- 获取 20210717 数据失败: 请求过于频繁 🔥🔥🔥🔥⚡❄️❄️❄️❄️❄️ 35秒后可用
20260331 21:57:23- INFO- 获取 20210718 数据失败: 请求过于频繁 🔥🔥🔥🔥⚡❄️❄️❄️❄️❄️ 35秒后可用
20260331 21:57:23- INFO- 获取 20210719 数据失败: 请求过于频繁 🔥🔥🔥🔥⚡❄️❄️❄️❄️❄️ 35秒后可用
20260331 21:57:23- INFO- 获取 20210720 数据失败: 请求过于频繁 🔥🔥🔥🔥⚡❄️❄️❄️❄️❄️ 35秒后可用
20260331 21:57:23- INFO- 获取 20210721 数据失败: 请求过于频繁 🔥🔥🔥🔥⚡❄️❄️❄️❄️❄️ 35秒后可用
20260331 21:57:23- INFO- 获取 20210722 数据失败: 请求过于频繁 🔥🔥🔥🔥⚡❄️❄️❄️❄️❄️ 35秒后可用
20260331 21:57:24- INFO- 获取 20210723 数据失败: 请求过于频繁 🔥🔥🔥🔥⚡❄️❄️❄️❄️❄️ 35秒后可用
20260331 21:57:24- INFO- 获取 20210724 数据失败: 请求过于频繁 🔥🔥🔥🔥⚡❄️❄️❄️❄️❄️ 35秒后可用
20260331 21:57:24- INFO- 获取 20210725 数据失败: 请求过于频繁 🔥🔥🔥🔥⚡❄️❄️❄️❄️❄️ 35秒后可用
20260331 21:57:24- INFO- 获取 20210726 数据失败: 请求过于频繁 🔥🔥🔥🔥⚡❄️❄️❄️❄️❄️ 34秒后可用
20260331 21:57:24- INFO- 获取 20210727 数据失败: 请求过于频繁 🔥🔥🔥🔥⚡❄️❄️❄️❄️❄️ 34秒后可用
20260331 21:57:24- INFO- 获取 20210728 数据失败: 请求过于频繁 🔥🔥🔥🔥⚡❄️❄️❄️❄️❄️ 34秒后可用
20260331 21:57:24- INFO- 获取 20210729 数据失败: 请求过于频繁 🔥🔥🔥🔥⚡❄️❄️❄️❄️❄️ 34秒后可用
20260331 21:57:24- INFO- 获取 20210730 数据失败: 请求过于频繁 🔥🔥🔥🔥⚡❄️❄️❄️❄️❄️ 34秒后可用
20260331 21:57:24- INFO- 获取 20210731 数据失败: 请求过于频繁 🔥🔥🔥🔥⚡❄️❄️❄️❄️❄️ 34秒后可用
20260331 21:57:24- INFO- 获取 20210801 数据失败: 请求过于频繁 🔥🔥🔥🔥⚡❄️❄️❄️❄️❄️ 34秒后可用
20260331 21:57:24- INFO- 获取 20210802 数据失败: 请求过于频繁 🔥🔥🔥🔥⚡❄️❄️❄️❄️❄️ 34秒后可用
20260331 21:57:25- INFO- 获取 20210803 数据失败: 请求过于频繁 🔥🔥🔥🔥⚡❄️❄️❄️❄️❄️ 34秒后可用
20260331 21:57:25- INFO- 获取 20210804 数据失败: 请求过于频繁 🔥🔥🔥🔥⚡❄️❄️❄️❄️❄️ 34秒后可用
20260331 21:57:25- INFO- 获取 20210805 数据失败: 请求过于频繁 🔥🔥🔥🔥⚡❄️❄️❄️❄️❄️ 33秒后可用
20260331 21:57:25- INFO- 获取 20210806 数据失败: 请求过于频繁 🔥🔥🔥🔥⚡❄️❄️❄️❄️❄️ 33秒后可用
20260331 21:57:25- INFO- 获取 20210807 数据失败: 请求过于频繁 🔥🔥🔥🔥⚡❄️❄️❄️❄️❄️ 33秒后可用
20260331 21:57:25- INFO- 获取 20210808 数据失败: 请求过于频繁 🔥🔥🔥🔥⚡❄️❄️❄️❄️❄️ 33秒后可用
20260331 21:57:25- INFO- 获取 20210809 数据失败: 请求过于频繁 🔥🔥🔥🔥⚡❄️❄️❄️❄️❄️ 33秒后可用
20260331 21:57:25- INFO- 获取 20210810 数据失败: 请求过于频繁 🔥🔥🔥🔥⚡❄️❄️❄️❄️❄️ 33秒后可用
20260331 21:57:25- INFO- 获取 20210811 数据失败: 请求过于频繁 🔥🔥🔥🔥⚡❄️❄️❄️❄️❄️ 33秒后可用
20260331 21:57:25- INFO- 获取 20210812 数据失败: 请求过于频繁 🔥🔥🔥🔥⚡❄️❄️❄️❄️❄️ 33秒后可用
20260331 21:57:26- INFO- 获取 20210813 数据失败: 请求过于频繁 🔥🔥🔥🔥⚡❄️❄️❄️❄️❄️ 33秒后可用
20260331 21:57:26- INFO- 获取 20210814 数据失败: 请求过于频繁 🔥🔥🔥🔥⚡❄️❄️❄️❄️❄️ 33秒后可用
20260331 21:57:26- INFO- 获取 20210815 数据失败: 请求过于频繁 🔥🔥🔥🔥⚡❄️❄️❄️❄️❄️ 33秒后可用
20260331 21:57:26- INFO- 获取 20210816 数据失败: 请求过于频繁 🔥🔥🔥🔥⚡❄️❄️❄️❄️❄️ 32秒后可用
20260331 21:57:26- INFO- 获取 20210817 数据失败: 请求过于频繁 🔥🔥🔥🔥⚡❄️❄️❄️❄️❄️ 32秒后可用
20260331 21:57:26- INFO- 获取 20210818 数据失败: 请求过于频繁 🔥🔥🔥🔥⚡❄️❄️❄️❄️❄️ 32秒后可用
20260331 21:57:26- INFO- 获取 20210819 数据失败: 请求过于频繁 🔥🔥🔥🔥⚡❄️❄️❄️❄️❄️ 32秒后可用
20260331 21:57:26- INFO- 获取 20210820 数据失败: 请求过于频繁 🔥🔥🔥🔥⚡❄️❄️❄️❄️❄️ 32秒后可用
20260331 21:57:26- INFO- 获取 20210821 数据失败: 请求过于频繁 🔥🔥🔥🔥⚡❄️❄️❄️❄️❄️ 32秒后可用
20260331 21:57:26- INFO- 获取 20210822 数据失败: 请求过于频繁 🔥🔥🔥🔥⚡❄️❄️❄️❄️❄️ 32秒后可用
20260331 21:57:27- INFO- 获取 20210823 数据失败: 请求过于频繁 🔥🔥🔥🔥⚡❄️❄️❄️❄️❄️ 32秒后可用
20260331 21:57:27- INFO- 获取 20210824 数据失败: 请求过于频繁 🔥🔥🔥🔥⚡❄️❄️❄️❄️❄️ 32秒后可用
20260331 21:57:27- INFO- 获取 20210825 数据失败: 请求过于频繁 🔥🔥🔥🔥⚡❄️❄️❄️❄️❄️ 31秒后可用
20260331 21:57:27- INFO- 获取 20210826 数据失败: 请求过于频繁 🔥🔥🔥🔥⚡❄️❄️❄️❄️❄️ 31秒后可用
20260331 21:57:27- INFO- 获取 20210827 数据失败: 请求过于频繁 🔥🔥🔥🔥⚡❄️❄️❄️❄️❄️ 31秒后可用
20260331 21:57:27- INFO- 获取 20210828 数据失败: 请求过于频繁 🔥🔥🔥🔥⚡❄️❄️❄️❄️❄️ 31秒后可用
20260331 21:57:27- INFO- 获取 20210829 数据失败: 请求过于频繁 🔥🔥🔥🔥⚡❄️❄️❄️❄️❄️ 31秒后可用
20260331 22:27:54- INFO- 开始更新指数、ETF、板块数据
20260331 22:27:54- INFO- ==================================================
20260331 22:27:54- INFO- 开始更新指数日线数据
20260331 22:27:54- INFO- 开始获取数据: 20200101 至 20260331
20260331 22:27:56- INFO- 没有获取到数据
20260331 22:27:56- INFO- ==================================================
20260331 22:27:56- INFO- 开始更新指数每日基本指标
20260331 22:27:56- INFO- 开始获取数据: 20200101 至 20260331
20260331 22:27:56- INFO- 已获取 20200102 指数基本指标
20260331 22:27:56- INFO- 已获取 20200103 指数基本指标
20260331 22:27:57- INFO- 已获取 20200106 指数基本指标
20260331 22:27:57- INFO- 已获取 20200107 指数基本指标
20260331 22:27:57- INFO- 已获取 20200108 指数基本指标
20260331 22:27:57- INFO- 已获取 20200109 指数基本指标
20260331 22:27:57- INFO- 已获取 20200110 指数基本指标
20260331 22:27:57- INFO- 已获取 20200113 指数基本指标
20260331 22:27:58- INFO- 已获取 20200114 指数基本指标
20260331 22:27:58- INFO- 已获取 20200115 指数基本指标
20260331 22:27:58- INFO- 已获取 20200116 指数基本指标
20260331 22:27:58- INFO- 已获取 20200117 指数基本指标
20260331 22:27:58- INFO- 已获取 20200120 指数基本指标
20260331 22:27:58- INFO- 已获取 20200121 指数基本指标
20260331 22:27:58- INFO- 已获取 20200122 指数基本指标
20260331 22:27:59- INFO- 已获取 20200123 指数基本指标
20260331 22:28:00- INFO- 已获取 20200203 指数基本指标
20260331 22:28:00- INFO- 已获取 20200204 指数基本指标
20260331 22:28:00- INFO- 已获取 20200205 指数基本指标
20260331 22:28:00- INFO- 已获取 20200206 指数基本指标
20260331 22:28:00- INFO- 已获取 20200207 指数基本指标
20260331 22:28:00- INFO- 已获取 20200210 指数基本指标
20260331 22:28:01- INFO- 已获取 20200211 指数基本指标
20260331 22:28:01- INFO- 已获取 20200212 指数基本指标
20260331 22:28:01- INFO- 已获取 20200213 指数基本指标
20260331 22:28:01- INFO- 已获取 20200214 指数基本指标
20260331 22:28:01- INFO- 已获取 20200217 指数基本指标
20260331 22:28:01- INFO- 已获取 20200218 指数基本指标
20260331 22:28:01- INFO- 已获取 20200219 指数基本指标
20260331 22:28:01- INFO- 已获取 20200220 指数基本指标
20260331 22:28:02- INFO- 已获取 20200221 指数基本指标
20260331 22:28:02- INFO- 已获取 20200224 指数基本指标
20260331 22:28:02- INFO- 已获取 20200225 指数基本指标
20260331 22:28:02- INFO- 已获取 20200226 指数基本指标
20260331 22:28:02- INFO- 已获取 20200227 指数基本指标
20260331 22:28:02- INFO- 已获取 20200228 指数基本指标
20260331 22:28:03- INFO- 已获取 20200302 指数基本指标
20260331 22:28:03- INFO- 已获取 20200303 指数基本指标
20260331 22:28:03- INFO- 已获取 20200304 指数基本指标
20260331 22:28:03- INFO- 已获取 20200305 指数基本指标
20260331 22:28:03- INFO- 已获取 20200306 指数基本指标
20260331 22:28:03- INFO- 已获取 20200309 指数基本指标
20260331 22:28:03- INFO- 已获取 20200310 指数基本指标
20260331 22:28:04- INFO- 已获取 20200311 指数基本指标
20260331 22:28:04- INFO- 已获取 20200312 指数基本指标
20260331 22:28:04- INFO- 已获取 20200313 指数基本指标
20260331 22:28:04- INFO- 已获取 20200316 指数基本指标
20260331 22:28:04- INFO- 已获取 20200317 指数基本指标
20260331 22:28:04- INFO- 已获取 20200318 指数基本指标
20260331 22:28:04- INFO- 已获取 20200319 指数基本指标
20260331 22:28:05- INFO- 已获取 20200320 指数基本指标
20260331 22:28:05- INFO- 已获取 20200323 指数基本指标
20260331 22:28:05- INFO- 已获取 20200324 指数基本指标
20260331 22:28:05- INFO- 已获取 20200325 指数基本指标
20260331 22:28:05- INFO- 已获取 20200326 指数基本指标
20260331 22:28:05- INFO- 已获取 20200327 指数基本指标
20260331 22:28:06- INFO- 已获取 20200330 指数基本指标
20260331 22:28:06- INFO- 已获取 20200331 指数基本指标
20260331 22:28:06- INFO- 已获取 20200401 指数基本指标
20260331 22:28:06- INFO- 已获取 20200402 指数基本指标
20260331 22:28:06- INFO- 已获取 20200403 指数基本指标
20260331 22:28:06- INFO- 已获取 20200407 指数基本指标
20260331 22:28:07- INFO- 已获取 20200408 指数基本指标
20260331 22:28:07- INFO- 已获取 20200409 指数基本指标
20260331 22:28:07- INFO- 已获取 20200410 指数基本指标
20260331 22:28:07- INFO- 已获取 20200413 指数基本指标
20260331 22:28:07- INFO- 已获取 20200414 指数基本指标
20260331 22:28:07- INFO- 已获取 20200415 指数基本指标
20260331 22:28:07- INFO- 已获取 20200416 指数基本指标
20260331 22:28:08- INFO- 已获取 20200417 指数基本指标
20260331 22:28:08- INFO- 已获取 20200420 指数基本指标
20260331 22:28:08- INFO- 已获取 20200421 指数基本指标
20260331 22:28:08- INFO- 已获取 20200422 指数基本指标
20260331 22:28:08- INFO- 已获取 20200423 指数基本指标
20260331 22:28:08- INFO- 已获取 20200424 指数基本指标
20260331 22:28:09- INFO- 已获取 20200427 指数基本指标
20260331 22:28:09- INFO- 已获取 20200428 指数基本指标
20260331 22:28:09- INFO- 已获取 20200429 指数基本指标
20260331 22:28:09- INFO- 已获取 20200430 指数基本指标
20260331 22:28:09- INFO- 已获取 20200506 指数基本指标
20260331 22:28:10- INFO- 已获取 20200507 指数基本指标
20260331 22:28:10- INFO- 已获取 20200508 指数基本指标
20260331 22:28:10- INFO- 已获取 20200511 指数基本指标
20260331 22:28:10- INFO- 已获取 20200512 指数基本指标
20260331 22:28:10- INFO- 已获取 20200513 指数基本指标
20260331 22:28:10- INFO- 已获取 20200514 指数基本指标
20260331 22:28:10- INFO- 已获取 20200515 指数基本指标
20260331 22:28:11- INFO- 已获取 20200518 指数基本指标
20260331 22:28:11- INFO- 已获取 20200519 指数基本指标
20260331 22:28:11- INFO- 已获取 20200520 指数基本指标
20260331 22:28:11- INFO- 已获取 20200521 指数基本指标
20260331 22:28:11- INFO- 已获取 20200522 指数基本指标
20260331 22:28:11- INFO- 已获取 20200525 指数基本指标
20260331 22:28:12- INFO- 已获取 20200526 指数基本指标
20260331 22:28:12- INFO- 已获取 20200527 指数基本指标
20260331 22:28:12- INFO- 已获取 20200528 指数基本指标
20260331 22:28:12- INFO- 已获取 20200529 指数基本指标
20260331 22:28:12- INFO- 已获取 20200601 指数基本指标
20260331 22:28:12- INFO- 已获取 20200602 指数基本指标
20260331 22:28:12- INFO- 已获取 20200603 指数基本指标
20260331 22:28:13- INFO- 已获取 20200604 指数基本指标
20260331 22:28:13- INFO- 已获取 20200605 指数基本指标
20260331 22:28:13- INFO- 已获取 20200608 指数基本指标
20260331 22:28:13- INFO- 已获取 20200609 指数基本指标
20260331 22:28:13- INFO- 已获取 20200610 指数基本指标
20260331 22:28:13- INFO- 已获取 20200611 指数基本指标
20260331 22:28:13- INFO- 已获取 20200612 指数基本指标
20260331 22:28:14- INFO- 已获取 20200615 指数基本指标
20260331 22:28:14- INFO- 已获取 20200616 指数基本指标
20260331 22:28:14- INFO- 已获取 20200617 指数基本指标
20260331 22:28:14- INFO- 已获取 20200618 指数基本指标
20260331 22:28:14- INFO- 已获取 20200619 指数基本指标
20260331 22:28:14- INFO- 已获取 20200622 指数基本指标
20260331 22:28:15- INFO- 已获取 20200623 指数基本指标
20260331 22:28:15- INFO- 已获取 20200624 指数基本指标
20260331 22:28:15- INFO- 已获取 20200629 指数基本指标
20260331 22:28:15- INFO- 已获取 20200630 指数基本指标
20260331 22:28:15- INFO- 已获取 20200701 指数基本指标
20260331 22:28:15- INFO- 已获取 20200702 指数基本指标
20260331 22:28:16- INFO- 已获取 20200703 指数基本指标
20260331 22:28:16- INFO- 已获取 20200706 指数基本指标
20260331 22:28:16- INFO- 已获取 20200707 指数基本指标
20260331 22:28:16- INFO- 已获取 20200708 指数基本指标
20260331 22:28:16- INFO- 已获取 20200709 指数基本指标
20260331 22:28:16- INFO- 已获取 20200710 指数基本指标
20260331 22:28:17- INFO- 已获取 20200713 指数基本指标
20260331 22:28:17- INFO- 已获取 20200714 指数基本指标
20260331 22:28:17- INFO- 已获取 20200715 指数基本指标
20260331 22:28:17- INFO- 已获取 20200716 指数基本指标
20260331 22:28:17- INFO- 已获取 20200717 指数基本指标
20260331 22:28:17- INFO- 已获取 20200720 指数基本指标
20260331 22:28:18- INFO- 已获取 20200721 指数基本指标
20260331 22:28:18- INFO- 已获取 20200722 指数基本指标
20260331 22:28:18- INFO- 已获取 20200723 指数基本指标
20260331 22:28:18- INFO- 已获取 20200724 指数基本指标
20260331 22:28:18- INFO- 已获取 20200727 指数基本指标
20260331 22:28:18- INFO- 已获取 20200728 指数基本指标
20260331 22:28:18- INFO- 已获取 20200729 指数基本指标
20260331 22:28:18- INFO- 已获取 20200730 指数基本指标
20260331 22:28:19- INFO- 已获取 20200731 指数基本指标
20260331 22:28:19- INFO- 已获取 20200803 指数基本指标
20260331 22:28:19- INFO- 已获取 20200804 指数基本指标
20260331 22:28:19- INFO- 已获取 20200805 指数基本指标
20260331 22:28:19- INFO- 已获取 20200806 指数基本指标
20260331 22:28:19- INFO- 已获取 20200807 指数基本指标
20260331 22:28:20- INFO- 已获取 20200810 指数基本指标
20260331 22:28:20- INFO- 已获取 20200811 指数基本指标
20260331 22:28:20- INFO- 已获取 20200812 指数基本指标
20260331 22:28:20- INFO- 已获取 20200813 指数基本指标
20260331 22:28:20- INFO- 已获取 20200814 指数基本指标
20260331 22:28:20- INFO- 已获取 20200817 指数基本指标
20260331 22:28:20- INFO- 已获取 20200818 指数基本指标
20260331 22:28:21- INFO- 已获取 20200819 指数基本指标
20260331 22:28:21- INFO- 已获取 20200820 指数基本指标
20260331 22:28:21- INFO- 已获取 20200821 指数基本指标
20260331 22:28:21- INFO- 已获取 20200824 指数基本指标
20260331 22:28:21- INFO- 已获取 20200825 指数基本指标
20260331 22:28:21- INFO- 已获取 20200826 指数基本指标
20260331 22:28:21- INFO- 已获取 20200827 指数基本指标
20260331 22:28:22- INFO- 已获取 20200828 指数基本指标
20260331 22:28:22- INFO- 已获取 20200831 指数基本指标
20260331 22:28:22- INFO- 已获取 20200901 指数基本指标
20260331 22:28:22- INFO- 已获取 20200902 指数基本指标
20260331 22:28:22- INFO- 已获取 20200903 指数基本指标
20260331 22:28:22- INFO- 已获取 20200904 指数基本指标
20260331 22:28:23- INFO- 已获取 20200907 指数基本指标
20260331 22:28:23- INFO- 已获取 20200908 指数基本指标
20260331 22:28:23- INFO- 已获取 20200909 指数基本指标
20260331 22:28:23- INFO- 已获取 20200910 指数基本指标
20260331 22:28:23- INFO- 已获取 20200911 指数基本指标
20260331 22:28:23- INFO- 已获取 20200914 指数基本指标
20260331 22:28:23- INFO- 已获取 20200915 指数基本指标
20260331 22:28:24- INFO- 已获取 20200916 指数基本指标
20260331 22:28:24- INFO- 已获取 20200917 指数基本指标
20260331 22:28:24- INFO- 已获取 20200918 指数基本指标
20260331 22:28:24- INFO- 已获取 20200921 指数基本指标
20260331 22:28:24- INFO- 已获取 20200922 指数基本指标
20260331 22:28:24- INFO- 已获取 20200923 指数基本指标
20260331 22:28:24- INFO- 已获取 20200924 指数基本指标
20260331 22:28:25- INFO- 已获取 20200925 指数基本指标
20260331 22:28:25- INFO- 已获取 20200928 指数基本指标
20260331 22:28:25- INFO- 已获取 20200929 指数基本指标
20260331 22:28:25- INFO- 已获取 20200930 指数基本指标
20260331 22:28:26- INFO- 已获取 20201009 指数基本指标
20260331 22:28:26- INFO- 已获取 20201012 指数基本指标
20260331 22:28:26- INFO- 已获取 20201013 指数基本指标
20260331 22:28:27- INFO- 已获取 20201014 指数基本指标
20260331 22:28:27- INFO- 已获取 20201015 指数基本指标
20260331 22:28:27- INFO- 已获取 20201016 指数基本指标
20260331 22:28:27- INFO- 已获取 20201019 指数基本指标
20260331 22:28:27- INFO- 已获取 20201020 指数基本指标
20260331 22:28:27- INFO- 已获取 20201021 指数基本指标
20260331 22:28:27- INFO- 已获取 20201022 指数基本指标
20260331 22:28:27- INFO- 已获取 20201023 指数基本指标
20260331 22:28:28- INFO- 已获取 20201026 指数基本指标
20260331 22:28:28- INFO- 已获取 20201027 指数基本指标
20260331 22:28:28- INFO- 已获取 20201028 指数基本指标
20260331 22:28:28- INFO- 已获取 20201029 指数基本指标
20260331 22:28:28- INFO- 已获取 20201030 指数基本指标
20260331 22:28:29- INFO- 已获取 20201102 指数基本指标
20260331 22:28:29- INFO- 已获取 20201103 指数基本指标
20260331 22:28:29- INFO- 已获取 20201104 指数基本指标
20260331 22:28:29- INFO- 已获取 20201105 指数基本指标
20260331 22:28:29- INFO- 已获取 20201106 指数基本指标
20260331 22:28:29- INFO- 已获取 20201109 指数基本指标
20260331 22:28:29- INFO- 已获取 20201110 指数基本指标
20260331 22:28:29- INFO- 已获取 20201111 指数基本指标
20260331 22:28:30- INFO- 已获取 20201112 指数基本指标
20260331 22:28:30- INFO- 已获取 20201113 指数基本指标
20260331 22:28:30- INFO- 已获取 20201116 指数基本指标
20260331 22:28:30- INFO- 已获取 20201117 指数基本指标
20260331 22:28:30- INFO- 已获取 20201118 指数基本指标
20260331 22:28:30- INFO- 已获取 20201119 指数基本指标
20260331 22:28:30- INFO- 已获取 20201120 指数基本指标
20260331 22:28:31- INFO- 已获取 20201123 指数基本指标
20260331 22:28:31- INFO- 已获取 20201124 指数基本指标
20260331 22:28:31- INFO- 已获取 20201125 指数基本指标
20260331 22:28:31- INFO- 已获取 20201126 指数基本指标
20260331 22:28:31- INFO- 已获取 20201127 指数基本指标
20260331 22:28:32- INFO- 已获取 20201130 指数基本指标
20260331 22:28:32- INFO- 已获取 20201201 指数基本指标
20260331 22:28:32- INFO- 已获取 20201202 指数基本指标
20260331 22:28:32- INFO- 已获取 20201203 指数基本指标
20260331 22:28:32- INFO- 已获取 20201204 指数基本指标
20260331 22:28:32- INFO- 已获取 20201207 指数基本指标
20260331 22:28:32- INFO- 已获取 20201208 指数基本指标
20260331 22:28:32- INFO- 已获取 20201209 指数基本指标
20260331 22:28:33- INFO- 已获取 20201210 指数基本指标
20260331 22:28:33- INFO- 已获取 20201211 指数基本指标
20260331 22:28:33- INFO- 已获取 20201214 指数基本指标
20260331 22:28:33- INFO- 已获取 20201215 指数基本指标
20260331 22:28:33- INFO- 已获取 20201216 指数基本指标
20260331 22:28:33- INFO- 已获取 20201217 指数基本指标
20260331 22:28:33- INFO- 已获取 20201218 指数基本指标
20260331 22:28:34- INFO- 已获取 20201221 指数基本指标
20260331 22:28:34- INFO- 已获取 20201222 指数基本指标
20260331 22:28:34- INFO- 已获取 20201223 指数基本指标
20260331 22:28:34- INFO- 已获取 20201224 指数基本指标
20260331 22:28:34- INFO- 已获取 20201225 指数基本指标
20260331 22:28:34- INFO- 已获取 20201228 指数基本指标
20260331 22:28:35- INFO- 已获取 20201229 指数基本指标
20260331 22:28:35- INFO- 已获取 20201230 指数基本指标
20260331 22:28:35- INFO- 已获取 20201231 指数基本指标
20260331 22:28:35- INFO- 已获取 20210104 指数基本指标
20260331 22:28:35- INFO- 已获取 20210105 指数基本指标
20260331 22:28:35- INFO- 已获取 20210106 指数基本指标
20260331 22:28:36- INFO- 已获取 20210107 指数基本指标
20260331 22:28:36- INFO- 获取 20210108 数据失败: 请求过于频繁 🔥🔥🔥🔥🔥🔥⚡❄️❄️❄️ 23秒后可用
20260331 22:28:36- INFO- 获取 20210109 数据失败: 请求过于频繁 🔥🔥🔥🔥🔥🔥⚡❄️❄️❄️ 22秒后可用
20260331 22:28:36- INFO- 获取 20210110 数据失败: 请求过于频繁 🔥🔥🔥🔥🔥🔥⚡❄️❄️❄️ 22秒后可用
20260331 22:28:36- INFO- 获取 20210111 数据失败: 请求过于频繁 🔥🔥🔥🔥🔥🔥⚡❄️❄️❄️ 22秒后可用
20260331 22:28:36- INFO- 获取 20210112 数据失败: 请求过于频繁 🔥🔥🔥🔥🔥🔥⚡❄️❄️❄️ 22秒后可用
20260331 22:28:36- INFO- 获取 20210113 数据失败: 请求过于频繁 🔥🔥🔥🔥🔥🔥⚡❄️❄️❄️ 22秒后可用
20260331 22:28:36- INFO- 获取 20210114 数据失败: 请求过于频繁 🔥🔥🔥🔥🔥🔥⚡❄️❄️❄️ 22秒后可用
20260331 22:28:36- INFO- 获取 20210115 数据失败: 请求过于频繁 🔥🔥🔥🔥🔥🔥⚡❄️❄️❄️ 22秒后可用
20260331 22:28:36- INFO- 获取 20210116 数据失败: 请求过于频繁 🔥🔥🔥🔥🔥🔥⚡❄️❄️❄️ 22秒后可用
20260331 22:28:36- INFO- 获取 20210117 数据失败: 请求过于频繁 🔥🔥🔥🔥🔥🔥⚡❄️❄️❄️ 22秒后可用
20260331 22:28:37- INFO- 获取 20210118 数据失败: 请求过于频繁 🔥🔥🔥🔥🔥🔥⚡❄️❄️❄️ 22秒后可用
20260331 22:28:37- INFO- 获取 20210119 数据失败: 请求过于频繁 🔥🔥🔥🔥🔥🔥⚡❄️❄️❄️ 22秒后可用
20260331 22:28:37- INFO- 获取 20210120 数据失败: 请求过于频繁 🔥🔥🔥🔥🔥🔥⚡❄️❄️❄️ 21秒后可用
20260331 22:28:37- INFO- 获取 20210121 数据失败: 请求过于频繁 🔥🔥🔥🔥🔥🔥⚡❄️❄️❄️ 21秒后可用
20260331 22:28:37- INFO- 获取 20210122 数据失败: 请求过于频繁 🔥🔥🔥🔥🔥🔥⚡❄️❄️❄️ 21秒后可用
20260331 22:28:37- INFO- 获取 20210123 数据失败: 请求过于频繁 🔥🔥🔥🔥🔥🔥⚡❄️❄️❄️ 21秒后可用
20260331 22:28:37- INFO- 获取 20210124 数据失败: 请求过于频繁 🔥🔥🔥🔥🔥🔥⚡❄️❄️❄️ 21秒后可用
20260331 22:28:37- INFO- 获取 20210125 数据失败: 请求过于频繁 🔥🔥🔥🔥🔥🔥⚡❄️❄️❄️ 21秒后可用
20260331 22:28:37- INFO- 获取 20210126 数据失败: 请求过于频繁 🔥🔥🔥🔥🔥🔥⚡❄️❄️❄️ 21秒后可用
20260331 22:28:37- INFO- 获取 20210127 数据失败: 请求过于频繁 🔥🔥🔥🔥🔥🔥⚡❄️❄️❄️ 21秒后可用
20260331 22:28:37- INFO- 获取 20210128 数据失败: 请求过于频繁 🔥🔥🔥🔥🔥🔥⚡❄️❄️❄️ 21秒后可用
20260331 22:28:38- INFO- 获取 20210129 数据失败: 请求过于频繁 🔥🔥🔥🔥🔥🔥⚡❄️❄️❄️ 21秒后可用
20260331 22:28:38- INFO- 获取 20210130 数据失败: 请求过于频繁 🔥🔥🔥🔥🔥🔥⚡❄️❄️❄️ 21秒后可用
20260331 22:28:38- INFO- 获取 20210131 数据失败: 请求过于频繁 🔥🔥🔥🔥🔥🔥⚡❄️❄️❄️ 20秒后可用
20260331 22:28:38- INFO- 获取 20210201 数据失败: 请求过于频繁 🔥🔥🔥🔥🔥🔥⚡❄️❄️❄️ 20秒后可用
20260331 22:28:38- INFO- 获取 20210202 数据失败: 请求过于频繁 🔥🔥🔥🔥🔥🔥⚡❄️❄️❄️ 20秒后可用
20260331 22:28:38- INFO- 获取 20210203 数据失败: 请求过于频繁 🔥🔥🔥🔥🔥🔥⚡❄️❄️❄️ 20秒后可用
20260331 22:28:38- INFO- 获取 20210204 数据失败: 请求过于频繁 🔥🔥🔥🔥🔥🔥⚡❄️❄️❄️ 20秒后可用
20260331 22:28:38- INFO- 获取 20210205 数据失败: 请求过于频繁 🔥🔥🔥🔥🔥🔥⚡❄️❄️❄️ 20秒后可用
20260331 22:28:38- INFO- 获取 20210206 数据失败: 请求过于频繁 🔥🔥🔥🔥🔥🔥⚡❄️❄️❄️ 20秒后可用
20260331 22:28:38- INFO- 获取 20210207 数据失败: 请求过于频繁 🔥🔥🔥🔥🔥🔥⚡❄️❄️❄️ 20秒后可用
20260331 22:28:39- INFO- 获取 20210208 数据失败: 请求过于频繁 🔥🔥🔥🔥🔥🔥⚡❄️❄️❄️ 20秒后可用
20260331 22:28:39- INFO- 获取 20210209 数据失败: 请求过于频繁 🔥🔥🔥🔥🔥🔥⚡❄️❄️❄️ 20秒后可用
20260331 22:28:39- INFO- 获取 20210210 数据失败: 请求过于频繁 🔥🔥🔥🔥🔥🔥⚡❄️❄️❄️ 19秒后可用
20260331 22:28:39- INFO- 获取 20210211 数据失败: 请求过于频繁 🔥🔥🔥🔥🔥🔥⚡❄️❄️❄️ 19秒后可用
20260331 22:28:39- INFO- 获取 20210212 数据失败: 请求过于频繁 🔥🔥🔥🔥🔥🔥⚡❄️❄️❄️ 19秒后可用
20260331 22:28:39- INFO- 获取 20210213 数据失败: 请求过于频繁 🔥🔥🔥🔥🔥🔥⚡❄️❄️❄️ 19秒后可用
20260331 22:28:39- INFO- 获取 20210214 数据失败: 请求过于频繁 🔥🔥🔥🔥🔥🔥⚡❄️❄️❄️ 19秒后可用
20260331 22:28:39- INFO- 获取 20210215 数据失败: 请求过于频繁 🔥🔥🔥🔥🔥🔥⚡❄️❄️❄️ 19秒后可用
20260331 22:28:39- INFO- 获取 20210216 数据失败: 请求过于频繁 🔥🔥🔥🔥🔥🔥⚡❄️❄️❄️ 19秒后可用
20260331 22:28:39- INFO- 获取 20210217 数据失败: 请求过于频繁 🔥🔥🔥🔥🔥🔥⚡❄️❄️❄️ 19秒后可用
20260331 22:28:39- INFO- 获取 20210218 数据失败: 请求过于频繁 🔥🔥🔥🔥🔥🔥⚡❄️❄️❄️ 19秒后可用
20260331 22:28:40- INFO- 获取 20210219 数据失败: 请求过于频繁 🔥🔥🔥🔥🔥🔥⚡❄️❄️❄️ 19秒后可用
20260331 22:28:40- INFO- 获取 20210220 数据失败: 请求过于频繁 🔥🔥🔥🔥🔥🔥🔥⚡❄️❄️ 18秒后可用
20260331 22:28:40- INFO- 获取 20210221 数据失败: 请求过于频繁 🔥🔥🔥🔥🔥🔥🔥⚡❄️❄️ 18秒后可用
20260331 22:28:40- INFO- 获取 20210222 数据失败: 请求过于频繁 🔥🔥🔥🔥🔥🔥🔥⚡❄️❄️ 18秒后可用
20260331 22:28:40- INFO- 获取 20210223 数据失败: 请求过于频繁 🔥🔥🔥🔥🔥🔥🔥⚡❄️❄️ 18秒后可用
20260331 22:28:40- INFO- 获取 20210224 数据失败: 请求过于频繁 🔥🔥🔥🔥🔥🔥🔥⚡❄️❄️ 18秒后可用
20260331 22:28:40- INFO- 获取 20210225 数据失败: 请求过于频繁 🔥🔥🔥🔥🔥🔥🔥⚡❄️❄️ 18秒后可用
20260331 22:28:40- INFO- 获取 20210226 数据失败: 请求过于频繁 🔥🔥🔥🔥🔥🔥🔥⚡❄️❄️ 18秒后可用
20260331 22:28:40- INFO- 获取 20210227 数据失败: 请求过于频繁 🔥🔥🔥🔥🔥🔥🔥⚡❄️❄️ 18秒后可用
20260331 22:28:40- INFO- 获取 20210228 数据失败: 请求过于频繁 🔥🔥🔥🔥🔥🔥🔥⚡❄️❄️ 18秒后可用
20260331 22:28:40- INFO- 获取 20210301 数据失败: 请求过于频繁 🔥🔥🔥🔥🔥🔥🔥⚡❄️❄️ 18秒后可用
20260331 22:28:41- INFO- 获取 20210302 数据失败: 请求过于频繁 🔥🔥🔥🔥🔥🔥🔥⚡❄️❄️ 18秒后可用
20260331 22:28:41- INFO- 获取 20210303 数据失败: 请求过于频繁 🔥🔥🔥🔥🔥🔥🔥⚡❄️❄️ 17秒后可用
20260331 22:28:41- INFO- 获取 20210304 数据失败: 请求过于频繁 🔥🔥🔥🔥🔥🔥🔥⚡❄️❄️ 17秒后可用
20260331 22:28:41- INFO- 获取 20210305 数据失败: 请求过于频繁 🔥🔥🔥🔥🔥🔥🔥⚡❄️❄️ 17秒后可用
20260331 22:28:41- INFO- 获取 20210306 数据失败: 请求过于频繁 🔥🔥🔥🔥🔥🔥🔥⚡❄️❄️ 17秒后可用
20260331 22:28:41- INFO- 获取 20210307 数据失败: 请求过于频繁 🔥🔥🔥🔥🔥🔥🔥⚡❄️❄️ 17秒后可用
20260331 22:28:41- INFO- 获取 20210308 数据失败: 请求过于频繁 🔥🔥🔥🔥🔥🔥🔥⚡❄️❄️ 17秒后可用
20260331 22:28:41- INFO- 获取 20210309 数据失败: 请求过于频繁 🔥🔥🔥🔥🔥🔥🔥⚡❄️❄️ 17秒后可用
20260331 22:28:41- INFO- 获取 20210310 数据失败: 请求过于频繁 🔥🔥🔥🔥🔥🔥🔥⚡❄️❄️ 17秒后可用
20260331 22:28:41- INFO- 获取 20210311 数据失败: 请求过于频繁 🔥🔥🔥🔥🔥🔥🔥⚡❄️❄️ 17秒后可用
20260331 22:28:42- INFO- 获取 20210312 数据失败: 请求过于频繁 🔥🔥🔥🔥🔥🔥🔥⚡❄️❄️ 17秒后可用
20260331 22:28:42- INFO- 获取 20210313 数据失败: 请求过于频繁 🔥🔥🔥🔥🔥🔥🔥⚡❄️❄️ 17秒后可用
20260331 22:28:42- INFO- 获取 20210314 数据失败: 请求过于频繁 🔥🔥🔥🔥🔥🔥🔥⚡❄️❄️ 16秒后可用
20260331 22:28:42- INFO- 获取 20210315 数据失败: 请求过于频繁 🔥🔥🔥🔥🔥🔥🔥⚡❄️❄️ 16秒后可用
20260331 22:28:42- INFO- 获取 20210316 数据失败: 请求过于频繁 🔥🔥🔥🔥🔥🔥🔥⚡❄️❄️ 16秒后可用
20260331 22:28:42- INFO- 获取 20210317 数据失败: 请求过于频繁 🔥🔥🔥🔥🔥🔥🔥⚡❄️❄️ 16秒后可用
20260331 22:28:42- INFO- 获取 20210318 数据失败: 请求过于频繁 🔥🔥🔥🔥🔥🔥🔥⚡❄️❄️ 16秒后可用
20260331 22:28:42- INFO- 获取 20210319 数据失败: 请求过于频繁 🔥🔥🔥🔥🔥🔥🔥⚡❄️❄️ 16秒后可用
20260331 22:28:42- INFO- 获取 20210320 数据失败: 请求过于频繁 🔥🔥🔥🔥🔥🔥🔥⚡❄️❄️ 16秒后可用
20260331 22:28:42- INFO- 获取 20210321 数据失败: 请求过于频繁 🔥🔥🔥🔥🔥🔥🔥⚡❄️❄️ 16秒后可用
20260331 22:28:42- INFO- 获取 20210322 数据失败: 请求过于频繁 🔥🔥🔥🔥🔥🔥🔥⚡❄️❄️ 16秒后可用
20260331 22:28:43- INFO- 获取 20210323 数据失败: 请求过于频繁 🔥🔥🔥🔥🔥🔥🔥⚡❄️❄️ 16秒后可用
20260331 22:28:43- INFO- 获取 20210324 数据失败: 请求过于频繁 🔥🔥🔥🔥🔥🔥🔥⚡❄️❄️ 16秒后可用
20260331 22:28:43- INFO- 获取 20210325 数据失败: 请求过于频繁 🔥🔥🔥🔥🔥🔥🔥⚡❄️❄️ 15秒后可用
20260331 22:28:43- INFO- 获取 20210326 数据失败: 请求过于频繁 🔥🔥🔥🔥🔥🔥🔥⚡❄️❄️ 15秒后可用
20260331 22:28:43- INFO- 获取 20210327 数据失败: 请求过于频繁 🔥🔥🔥🔥🔥🔥🔥⚡❄️❄️ 15秒后可用
20260331 22:28:43- INFO- 获取 20210328 数据失败: 请求过于频繁 🔥🔥🔥🔥🔥🔥🔥⚡❄️❄️ 15秒后可用
20260331 22:28:43- INFO- 获取 20210329 数据失败: 请求过于频繁 🔥🔥🔥🔥🔥🔥🔥⚡❄️❄️ 15秒后可用
20260331 22:28:43- INFO- 获取 20210330 数据失败: 请求过于频繁 🔥🔥🔥🔥🔥🔥🔥⚡❄️❄️ 15秒后可用
20260331 22:28:43- INFO- 获取 20210331 数据失败: 请求过于频繁 🔥🔥🔥🔥🔥🔥🔥⚡❄️❄️ 15秒后可用
20260331 22:28:43- INFO- 获取 20210401 数据失败: 请求过于频繁 🔥🔥🔥🔥🔥🔥🔥⚡❄️❄️ 15秒后可用
20260331 22:28:43- INFO- 获取 20210402 数据失败: 请求过于频繁 🔥🔥🔥🔥🔥🔥🔥⚡❄️❄️ 15秒后可用
20260331 22:28:44- INFO- 获取 20210403 数据失败: 请求过于频繁 🔥🔥🔥🔥🔥🔥🔥⚡❄️❄️ 15秒后可用
20260331 22:28:44- INFO- 获取 20210404 数据失败: 请求过于频繁 🔥🔥🔥🔥🔥🔥🔥⚡❄️❄️ 14秒后可用
20260331 22:28:44- INFO- 获取 20210405 数据失败: 请求过于频繁 🔥🔥🔥🔥🔥🔥🔥⚡❄️❄️ 14秒后可用
20260331 22:28:44- INFO- 获取 20210406 数据失败: 请求过于频繁 🔥🔥🔥🔥🔥🔥🔥⚡❄️❄️ 14秒后可用
20260331 22:28:44- INFO- 获取 20210407 数据失败: 请求过于频繁 🔥🔥🔥🔥🔥🔥🔥⚡❄️❄️ 14秒后可用
20260331 22:28:44- INFO- 获取 20210408 数据失败: 请求过于频繁 🔥🔥🔥🔥🔥🔥🔥⚡❄️❄️ 14秒后可用
20260331 22:28:44- INFO- 获取 20210409 数据失败: 请求过于频繁 🔥🔥🔥🔥🔥🔥🔥⚡❄️❄️ 14秒后可用
20260331 22:28:44- INFO- 获取 20210410 数据失败: 请求过于频繁 🔥🔥🔥🔥🔥🔥🔥⚡❄️❄️ 14秒后可用
20260331 22:28:44- INFO- 获取 20210411 数据失败: 请求过于频繁 🔥🔥🔥🔥🔥🔥🔥⚡❄️❄️ 14秒后可用
20260331 22:28:44- INFO- 获取 20210412 数据失败: 请求过于频繁 🔥🔥🔥🔥🔥🔥🔥⚡❄️❄️ 14秒后可用
20260331 22:28:44- INFO- 获取 20210413 数据失败: 请求过于频繁 🔥🔥🔥🔥🔥🔥🔥⚡❄️❄️ 14秒后可用
20260331 22:28:45- INFO- 获取 20210414 数据失败: 请求过于频繁 🔥🔥🔥🔥🔥🔥🔥⚡❄️❄️ 14秒后可用
20260331 22:28:45- INFO- 获取 20210415 数据失败: 请求过于频繁 🔥🔥🔥🔥🔥🔥🔥⚡❄️❄️ 13秒后可用
20260331 22:28:45- INFO- 获取 20210416 数据失败: 请求过于频繁 🔥🔥🔥🔥🔥🔥🔥⚡❄️❄️ 13秒后可用
20260331 22:28:45- INFO- 获取 20210417 数据失败: 请求过于频繁 🔥🔥🔥🔥🔥🔥🔥⚡❄️❄️ 13秒后可用
20260331 22:28:45- INFO- 获取 20210418 数据失败: 请求过于频繁 🔥🔥🔥🔥🔥🔥🔥⚡❄️❄️ 13秒后可用
20260331 22:28:45- INFO- 获取 20210419 数据失败: 请求过于频繁 🔥🔥🔥🔥🔥🔥🔥⚡❄️❄️ 13秒后可用
20260331 22:28:45- INFO- 获取 20210420 数据失败: 请求过于频繁 🔥🔥🔥🔥🔥🔥🔥⚡❄️❄️ 13秒后可用
20260331 22:28:45- INFO- 获取 20210421 数据失败: 请求过于频繁 🔥🔥🔥🔥🔥🔥🔥⚡❄️❄️ 13秒后可用
20260331 22:28:45- INFO- 获取 20210422 数据失败: 请求过于频繁 🔥🔥🔥🔥🔥🔥🔥⚡❄️❄️ 13秒后可用
20260331 22:28:45- INFO- 获取 20210423 数据失败: 请求过于频繁 🔥🔥🔥🔥🔥🔥🔥⚡❄️❄️ 13秒后可用
20260331 22:28:45- INFO- 获取 20210424 数据失败: 请求过于频繁 🔥🔥🔥🔥🔥🔥🔥⚡❄️❄️ 13秒后可用
20260331 22:28:46- INFO- 获取 20210425 数据失败: 请求过于频繁 🔥🔥🔥🔥🔥🔥🔥⚡❄️❄️ 13秒后可用
20260331 22:28:46- INFO- 获取 20210426 数据失败: 请求过于频繁 🔥🔥🔥🔥🔥🔥🔥🔥⚡❄️ 12秒后可用
20260331 22:28:46- INFO- 获取 20210427 数据失败: 请求过于频繁 🔥🔥🔥🔥🔥🔥🔥🔥⚡❄️ 12秒后可用
20260331 22:28:46- INFO- 获取 20210428 数据失败: 请求过于频繁 🔥🔥🔥🔥🔥🔥🔥🔥⚡❄️ 12秒后可用
20260331 22:28:46- INFO- 获取 20210429 数据失败: 请求过于频繁 🔥🔥🔥🔥🔥🔥🔥🔥⚡❄️ 12秒后可用
20260331 22:28:46- INFO- 获取 20210430 数据失败: 请求过于频繁 🔥🔥🔥🔥🔥🔥🔥🔥⚡❄️ 12秒后可用
20260331 22:28:46- INFO- 获取 20210501 数据失败: 请求过于频繁 🔥🔥🔥🔥🔥🔥🔥🔥⚡❄️ 12秒后可用
20260331 22:28:46- INFO- 获取 20210502 数据失败: 请求过于频繁 🔥🔥🔥🔥🔥🔥🔥🔥⚡❄️ 12秒后可用
20260331 22:28:46- INFO- 获取 20210503 数据失败: 请求过于频繁 🔥🔥🔥🔥🔥🔥🔥🔥⚡❄️ 12秒后可用
20260331 22:28:46- INFO- 获取 20210504 数据失败: 请求过于频繁 🔥🔥🔥🔥🔥🔥🔥🔥⚡❄️ 12秒后可用
20260331 22:28:46- INFO- 获取 20210505 数据失败: 请求过于频繁 🔥🔥🔥🔥🔥🔥🔥🔥⚡❄️ 12秒后可用
20260331 22:28:47- INFO- 获取 20210506 数据失败: 请求过于频繁 🔥🔥🔥🔥🔥🔥🔥🔥⚡❄️ 12秒后可用
20260331 22:28:47- INFO- 获取 20210507 数据失败: 请求过于频繁 🔥🔥🔥🔥🔥🔥🔥🔥⚡❄️ 11秒后可用
20260331 22:28:47- INFO- 获取 20210508 数据失败: 请求过于频繁 🔥🔥🔥🔥🔥🔥🔥🔥⚡❄️ 11秒后可用
20260331 22:28:47- INFO- 获取 20210509 数据失败: 请求过于频繁 🔥🔥🔥🔥🔥🔥🔥🔥⚡❄️ 11秒后可用
20260331 22:28:47- INFO- 获取 20210510 数据失败: 请求过于频繁 🔥🔥🔥🔥🔥🔥🔥🔥⚡❄️ 11秒后可用
20260331 22:28:47- INFO- 获取 20210511 数据失败: 请求过于频繁 🔥🔥🔥🔥🔥🔥🔥🔥⚡❄️ 11秒后可用
20260331 22:28:47- INFO- 获取 20210512 数据失败: 请求过于频繁 🔥🔥🔥🔥🔥🔥🔥🔥⚡❄️ 11秒后可用
20260331 22:28:47- INFO- 获取 20210513 数据失败: 请求过于频繁 🔥🔥🔥🔥🔥🔥🔥🔥⚡❄️ 11秒后可用
20260331 22:28:47- INFO- 获取 20210514 数据失败: 请求过于频繁 🔥🔥🔥🔥🔥🔥🔥🔥⚡❄️ 11秒后可用
20260331 22:28:47- INFO- 获取 20210515 数据失败: 请求过于频繁 🔥🔥🔥🔥🔥🔥🔥🔥⚡❄️ 11秒后可用
20260331 22:28:48- INFO- 获取 20210516 数据失败: 请求过于频繁 🔥🔥🔥🔥🔥🔥🔥🔥⚡❄️ 11秒后可用
20260331 22:28:48- INFO- 获取 20210517 数据失败: 请求过于频繁 🔥🔥🔥🔥🔥🔥🔥🔥⚡❄️ 11秒后可用
20260331 22:28:48- INFO- 获取 20210518 数据失败: 请求过于频繁 🔥🔥🔥🔥🔥🔥🔥🔥⚡❄️ 10秒后可用
20260331 22:28:48- INFO- 获取 20210519 数据失败: 请求过于频繁 🔥🔥🔥🔥🔥🔥🔥🔥⚡❄️ 10秒后可用
20260331 22:28:48- INFO- 获取 20210520 数据失败: 请求过于频繁 🔥🔥🔥🔥🔥🔥🔥🔥⚡❄️ 10秒后可用
20260331 22:28:48- INFO- 获取 20210521 数据失败: 请求过于频繁 🔥🔥🔥🔥🔥🔥🔥🔥⚡❄️ 10秒后可用
20260331 22:28:48- INFO- 获取 20210522 数据失败: 请求过于频繁 🔥🔥🔥🔥🔥🔥🔥🔥⚡❄️ 10秒后可用
20260331 22:28:48- INFO- 获取 20210523 数据失败: 请求过于频繁 🔥🔥🔥🔥🔥🔥🔥🔥⚡❄️ 10秒后可用
20260331 22:28:48- INFO- 获取 20210524 数据失败: 请求过于频繁 🔥🔥🔥🔥🔥🔥🔥🔥⚡❄️ 10秒后可用
20260331 22:28:48- INFO- 获取 20210525 数据失败: 请求过于频繁 🔥🔥🔥🔥🔥🔥🔥🔥⚡❄️ 10秒后可用
20260331 22:28:49- INFO- 获取 20210526 数据失败: 请求过于频繁 🔥🔥🔥🔥🔥🔥🔥🔥⚡❄️ 10秒后可用
20260331 22:28:49- INFO- 获取 20210527 数据失败: 请求过于频繁 🔥🔥🔥🔥🔥🔥🔥🔥⚡❄️ 9秒后可用
20260331 22:28:49- INFO- 获取 20210528 数据失败: 请求过于频繁 🔥🔥🔥🔥🔥🔥🔥🔥⚡❄️ 9秒后可用
20260331 22:28:49- INFO- 获取 20210529 数据失败: 请求过于频繁 🔥🔥🔥🔥🔥🔥🔥🔥⚡❄️ 9秒后可用
20260331 22:28:49- INFO- 获取 20210530 数据失败: 请求过于频繁 🔥🔥🔥🔥🔥🔥🔥🔥⚡❄️ 9秒后可用
20260331 22:28:49- INFO- 获取 20210531 数据失败: 请求过于频繁 🔥🔥🔥🔥🔥🔥🔥🔥⚡❄️ 9秒后可用
20260331 22:28:49- INFO- 获取 20210601 数据失败: 请求过于频繁 🔥🔥🔥🔥🔥🔥🔥🔥⚡❄️ 9秒后可用
20260331 22:28:49- INFO- 获取 20210602 数据失败: 请求过于频繁 🔥🔥🔥🔥🔥🔥🔥🔥⚡❄️ 9秒后可用
20260331 22:28:49- INFO- 获取 20210603 数据失败: 请求过于频繁 🔥🔥🔥🔥🔥🔥🔥🔥⚡❄️ 9秒后可用
20260331 22:28:49- INFO- 获取 20210604 数据失败: 请求过于频繁 🔥🔥🔥🔥🔥🔥🔥🔥⚡❄️ 9秒后可用
20260331 22:28:49- INFO- 获取 20210605 数据失败: 请求过于频繁 🔥🔥🔥🔥🔥🔥🔥🔥⚡❄️ 9秒后可用
20260331 22:28:50- INFO- 获取 20210606 数据失败: 请求过于频繁 🔥🔥🔥🔥🔥🔥🔥🔥⚡❄️ 9秒后可用
20260331 22:28:50- INFO- 获取 20210607 数据失败: 请求过于频繁 🔥🔥🔥🔥🔥🔥🔥🔥⚡❄️ 8秒后可用
20260331 22:28:50- INFO- 获取 20210608 数据失败: 请求过于频繁 🔥🔥🔥🔥🔥🔥🔥🔥⚡❄️ 8秒后可用
20260331 22:28:50- INFO- 获取 20210609 数据失败: 请求过于频繁 🔥🔥🔥🔥🔥🔥🔥🔥⚡❄️ 8秒后可用
20260331 22:28:50- INFO- 获取 20210610 数据失败: 请求过于频繁 🔥🔥🔥🔥🔥🔥🔥🔥⚡❄️ 8秒后可用
20260331 22:28:50- INFO- 获取 20210611 数据失败: 请求过于频繁 🔥🔥🔥🔥🔥🔥🔥🔥⚡❄️ 8秒后可用
20260331 22:28:50- INFO- 获取 20210612 数据失败: 请求过于频繁 🔥🔥🔥🔥🔥🔥🔥🔥⚡❄️ 8秒后可用
20260331 22:28:50- INFO- 获取 20210613 数据失败: 请求过于频繁 🔥🔥🔥🔥🔥🔥🔥🔥⚡❄️ 8秒后可用
20260331 22:28:50- INFO- 获取 20210614 数据失败: 请求过于频繁 🔥🔥🔥🔥🔥🔥🔥🔥⚡❄️ 8秒后可用
20260331 22:28:50- INFO- 获取 20210615 数据失败: 请求过于频繁 🔥🔥🔥🔥🔥🔥🔥🔥⚡❄️ 8秒后可用
20260331 22:28:50- INFO- 获取 20210616 数据失败: 请求过于频繁 🔥🔥🔥🔥🔥🔥🔥🔥⚡❄️ 8秒后可用
20260331 22:28:51- INFO- 获取 20210617 数据失败: 请求过于频繁 🔥🔥🔥🔥🔥🔥🔥🔥⚡❄️ 8秒后可用
20260331 22:28:51- INFO- 获取 20210618 数据失败: 请求过于频繁 🔥🔥🔥🔥🔥🔥🔥🔥⚡❄️ 7秒后可用
20260331 22:28:51- INFO- 获取 20210619 数据失败: 请求过于频繁 🔥🔥🔥🔥🔥🔥🔥🔥⚡❄️ 7秒后可用
20260331 22:28:51- INFO- 获取 20210620 数据失败: 请求过于频繁 🔥🔥🔥🔥🔥🔥🔥🔥⚡❄️ 7秒后可用
20260331 22:28:51- INFO- 获取 20210621 数据失败: 请求过于频繁 🔥🔥🔥🔥🔥🔥🔥🔥⚡❄️ 7秒后可用
20260331 22:28:51- INFO- 获取 20210622 数据失败: 请求过于频繁 🔥🔥🔥🔥🔥🔥🔥🔥⚡❄️ 7秒后可用
20260331 22:28:51- INFO- 获取 20210623 数据失败: 请求过于频繁 🔥🔥🔥🔥🔥🔥🔥🔥⚡❄️ 7秒后可用
20260331 22:28:51- INFO- 获取 20210624 数据失败: 请求过于频繁 🔥🔥🔥🔥🔥🔥🔥🔥⚡❄️ 7秒后可用
20260331 22:28:51- INFO- 获取 20210625 数据失败: 请求过于频繁 🔥🔥🔥🔥🔥🔥🔥🔥⚡❄️ 7秒后可用
20260331 22:28:51- INFO- 获取 20210626 数据失败: 请求过于频繁 🔥🔥🔥🔥🔥🔥🔥🔥⚡❄️ 7秒后可用
20260331 22:28:52- INFO- 获取 20210627 数据失败: 请求过于频繁 🔥🔥🔥🔥🔥🔥🔥🔥⚡❄️ 7秒后可用
20260331 22:28:52- INFO- 获取 20210628 数据失败: 请求过于频繁 🔥🔥🔥🔥🔥🔥🔥🔥⚡❄️ 7秒后可用
20260331 22:28:52- INFO- 获取 20210629 数据失败: 请求过于频繁 🔥🔥🔥🔥🔥🔥🔥🔥🔥⚡ 6秒后可用
20260331 22:28:52- INFO- 获取 20210630 数据失败: 请求过于频繁 🔥🔥🔥🔥🔥🔥🔥🔥🔥⚡ 6秒后可用
20260331 22:28:52- INFO- 获取 20210701 数据失败: 请求过于频繁 🔥🔥🔥🔥🔥🔥🔥🔥🔥⚡ 6秒后可用
20260331 22:28:52- INFO- 获取 20210702 数据失败: 请求过于频繁 🔥🔥🔥🔥🔥🔥🔥🔥🔥⚡ 6秒后可用
20260331 22:28:52- INFO- 获取 20210703 数据失败: 请求过于频繁 🔥🔥🔥🔥🔥🔥🔥🔥🔥⚡ 6秒后可用
20260331 22:28:52- INFO- 获取 20210704 数据失败: 请求过于频繁 🔥🔥🔥🔥🔥🔥🔥🔥🔥⚡ 6秒后可用
20260331 22:28:52- INFO- 获取 20210705 数据失败: 请求过于频繁 🔥🔥🔥🔥🔥🔥🔥🔥🔥⚡ 6秒后可用
20260331 22:28:52- INFO- 获取 20210706 数据失败: 请求过于频繁 🔥🔥🔥🔥🔥🔥🔥🔥🔥⚡ 6秒后可用
20260331 22:28:52- INFO- 获取 20210707 数据失败: 请求过于频繁 🔥🔥🔥🔥🔥🔥🔥🔥🔥⚡ 6秒后可用
20260331 22:28:53- INFO- 获取 20210708 数据失败: 请求过于频繁 🔥🔥🔥🔥🔥🔥🔥🔥🔥⚡ 6秒后可用
20260331 22:28:53- INFO- 获取 20210709 数据失败: 请求过于频繁 🔥🔥🔥🔥🔥🔥🔥🔥🔥⚡ 6秒后可用
20260331 22:28:53- INFO- 获取 20210710 数据失败: 请求过于频繁 🔥🔥🔥🔥🔥🔥🔥🔥🔥⚡ 5秒后可用
20260331 22:28:53- INFO- 获取 20210711 数据失败: 请求过于频繁 🔥🔥🔥🔥🔥🔥🔥🔥🔥⚡ 5秒后可用
20260331 22:28:53- INFO- 获取 20210712 数据失败: 请求过于频繁 🔥🔥🔥🔥🔥🔥🔥🔥🔥⚡ 5秒后可用
20260331 22:28:53- INFO- 获取 20210713 数据失败: 请求过于频繁 🔥🔥🔥🔥🔥🔥🔥🔥🔥⚡ 5秒后可用
20260331 22:28:53- INFO- 获取 20210714 数据失败: 请求过于频繁 🔥🔥🔥🔥🔥🔥🔥🔥🔥⚡ 5秒后可用
20260331 22:28:53- INFO- 获取 20210715 数据失败: 请求过于频繁 🔥🔥🔥🔥🔥🔥🔥🔥🔥⚡ 5秒后可用
20260331 22:28:53- INFO- 获取 20210716 数据失败: 请求过于频繁 🔥🔥🔥🔥🔥🔥🔥🔥🔥⚡ 5秒后可用
20260331 22:28:53- INFO- 获取 20210717 数据失败: 请求过于频繁 🔥🔥🔥🔥🔥🔥🔥🔥🔥⚡ 5秒后可用
20260331 22:28:53- INFO- 获取 20210718 数据失败: 请求过于频繁 🔥🔥🔥🔥🔥🔥🔥🔥🔥⚡ 5秒后可用
20260331 22:28:54- INFO- 获取 20210719 数据失败: 请求过于频繁 🔥🔥🔥🔥🔥🔥🔥🔥🔥⚡ 5秒后可用
20260331 22:28:54- INFO- 获取 20210720 数据失败: 请求过于频繁 🔥🔥🔥🔥🔥🔥🔥🔥🔥⚡ 5秒后可用
20260331 22:28:54- INFO- 获取 20210721 数据失败: 请求过于频繁 🔥🔥🔥🔥🔥🔥🔥🔥🔥⚡ 4秒后可用
20260331 22:28:54- INFO- 获取 20210722 数据失败: 请求过于频繁 🔥🔥🔥🔥🔥🔥🔥🔥🔥⚡ 4秒后可用
20260331 22:28:54- INFO- 获取 20210723 数据失败: 请求过于频繁 🔥🔥🔥🔥🔥🔥🔥🔥🔥⚡ 4秒后可用
20260331 22:28:54- INFO- 获取 20210724 数据失败: 请求过于频繁 🔥🔥🔥🔥🔥🔥🔥🔥🔥⚡ 4秒后可用
20260331 22:28:54- INFO- 获取 20210725 数据失败: 请求过于频繁 🔥🔥🔥🔥🔥🔥🔥🔥🔥⚡ 4秒后可用
20260331 22:28:54- INFO- 获取 20210726 数据失败: 请求过于频繁 🔥🔥🔥🔥🔥🔥🔥🔥🔥⚡ 4秒后可用
20260331 22:28:54- INFO- 获取 20210727 数据失败: 请求过于频繁 🔥🔥🔥🔥🔥🔥🔥🔥🔥⚡ 4秒后可用
20260331 22:28:54- INFO- 获取 20210728 数据失败: 请求过于频繁 🔥🔥🔥🔥🔥🔥🔥🔥🔥⚡ 4秒后可用
20260331 22:28:54- INFO- 获取 20210729 数据失败: 请求过于频繁 🔥🔥🔥🔥🔥🔥🔥🔥🔥⚡ 4秒后可用
20260331 22:28:55- INFO- 获取 20210730 数据失败: 请求过于频繁 🔥🔥🔥🔥🔥🔥🔥🔥🔥⚡ 4秒后可用
20260331 22:28:55- INFO- 获取 20210731 数据失败: 请求过于频繁 🔥🔥🔥🔥🔥🔥🔥🔥🔥⚡ 3秒后可用
20260331 22:28:55- INFO- 获取 20210801 数据失败: 请求过于频繁 🔥🔥🔥🔥🔥🔥🔥🔥🔥⚡ 3秒后可用
20260331 22:28:55- INFO- 获取 20210802 数据失败: 请求过于频繁 🔥🔥🔥🔥🔥🔥🔥🔥🔥⚡ 3秒后可用
20260331 22:28:55- INFO- 获取 20210803 数据失败: 请求过于频繁 🔥🔥🔥🔥🔥🔥🔥🔥🔥⚡ 3秒后可用
20260331 22:28:55- INFO- 获取 20210804 数据失败: 请求过于频繁 🔥🔥🔥🔥🔥🔥🔥🔥🔥⚡ 3秒后可用
20260331 22:28:55- INFO- 获取 20210805 数据失败: 请求过于频繁 🔥🔥🔥🔥🔥🔥🔥🔥🔥⚡ 3秒后可用
20260331 22:28:55- INFO- 获取 20210806 数据失败: 请求过于频繁 🔥🔥🔥🔥🔥🔥🔥🔥🔥⚡ 3秒后可用
20260331 22:28:55- INFO- 获取 20210807 数据失败: 请求过于频繁 🔥🔥🔥🔥🔥🔥🔥🔥🔥⚡ 3秒后可用
20260331 22:28:55- INFO- 获取 20210808 数据失败: 请求过于频繁 🔥🔥🔥🔥🔥🔥🔥🔥🔥⚡ 3秒后可用
20260331 22:28:56- INFO- 获取 20210809 数据失败: 请求过于频繁 🔥🔥🔥🔥🔥🔥🔥🔥🔥⚡ 3秒后可用
20260331 22:28:56- INFO- 获取 20210810 数据失败: 请求过于频繁 🔥🔥🔥🔥🔥🔥🔥🔥🔥⚡ 3秒后可用
20260331 22:28:56- INFO- 获取 20210811 数据失败: 请求过于频繁 🔥🔥🔥🔥🔥🔥🔥🔥🔥⚡ 2秒后可用
20260331 22:28:56- INFO- 获取 20210812 数据失败: 请求过于频繁 🔥🔥🔥🔥🔥🔥🔥🔥🔥⚡ 2秒后可用
20260331 22:28:56- INFO- 获取 20210813 数据失败: 请求过于频繁 🔥🔥🔥🔥🔥🔥🔥🔥🔥⚡ 2秒后可用
20260331 22:28:56- INFO- 获取 20210814 数据失败: 请求过于频繁 🔥🔥🔥🔥🔥🔥🔥🔥🔥⚡ 2秒后可用
20260331 22:28:56- INFO- 获取 20210815 数据失败: 请求过于频繁 🔥🔥🔥🔥🔥🔥🔥🔥🔥⚡ 2秒后可用
20260331 22:28:56- INFO- 获取 20210816 数据失败: 请求过于频繁 🔥🔥🔥🔥🔥🔥🔥🔥🔥⚡ 2秒后可用
20260331 22:28:56- INFO- 获取 20210817 数据失败: 请求过于频繁 🔥🔥🔥🔥🔥🔥🔥🔥🔥⚡ 2秒后可用
20260331 22:28:56- INFO- 获取 20210818 数据失败: 请求过于频繁 🔥🔥🔥🔥🔥🔥🔥🔥🔥⚡ 2秒后可用
20260331 22:28:56- INFO- 获取 20210819 数据失败: 请求过于频繁 🔥🔥🔥🔥🔥🔥🔥🔥🔥⚡ 2秒后可用
20260331 22:28:57- INFO- 获取 20210820 数据失败: 请求过于频繁 🔥🔥🔥🔥🔥🔥🔥🔥🔥⚡ 2秒后可用
20260331 22:28:57- INFO- 获取 20210821 数据失败: 请求过于频繁 🔥🔥🔥🔥🔥🔥🔥🔥🔥⚡ 2秒后可用
20260331 22:28:57- INFO- 获取 20210822 数据失败: 请求过于频繁 🔥🔥🔥🔥🔥🔥🔥🔥🔥⚡ 1秒后可用
20260331 22:28:57- INFO- 获取 20210823 数据失败: 请求过于频繁 🔥🔥🔥🔥🔥🔥🔥🔥🔥⚡ 1秒后可用
20260331 22:28:57- INFO- 获取 20210824 数据失败: 请求过于频繁 🔥🔥🔥🔥🔥🔥🔥🔥🔥⚡ 1秒后可用
20260331 22:28:57- INFO- 获取 20210825 数据失败: 请求过于频繁 🔥🔥🔥🔥🔥🔥🔥🔥🔥⚡ 1秒后可用
20260331 22:28:57- INFO- 获取 20210826 数据失败: 请求过于频繁 🔥🔥🔥🔥🔥🔥🔥🔥🔥⚡ 1秒后可用
20260331 22:28:57- INFO- 获取 20210827 数据失败: 请求过于频繁 🔥🔥🔥🔥🔥🔥🔥🔥🔥⚡ 1秒后可用
20260331 22:28:57- INFO- 获取 20210828 数据失败: 请求过于频繁 🔥🔥🔥🔥🔥🔥🔥🔥🔥⚡ 1秒后可用
20260331 22:28:57- INFO- 获取 20210829 数据失败: 请求过于频繁 🔥🔥🔥🔥🔥🔥🔥🔥🔥⚡ 1秒后可用
20260331 22:28:57- INFO- 获取 20210830 数据失败: 请求过于频繁 🔥🔥🔥🔥🔥🔥🔥🔥🔥⚡ 1秒后可用
20260331 22:28:58- INFO- 获取 20210831 数据失败: 请求过于频繁 🔥🔥🔥🔥🔥🔥🔥🔥🔥⚡ 1秒后可用
20260331 22:28:58- INFO- 获取 20210901 数据失败: 请求过于频繁 🔥🔥🔥🔥🔥🔥🔥🔥🔥🔥 0秒后可用
20260331 22:28:58- INFO- 已获取 20210902 指数基本指标
20260331 22:28:58- INFO- 已获取 20210903 指数基本指标
20260331 22:28:58- INFO- 已获取 20210906 指数基本指标
20260331 22:28:58- INFO- 已获取 20210907 指数基本指标
20260331 22:28:59- INFO- 已获取 20210908 指数基本指标
20260331 22:28:59- INFO- 已获取 20210909 指数基本指标
20260331 22:28:59- INFO- 已获取 20210910 指数基本指标
20260331 22:28:59- INFO- 已获取 20210913 指数基本指标
20260331 22:28:59- INFO- 已获取 20210914 指数基本指标
20260331 22:28:59- INFO- 已获取 20210915 指数基本指标
20260331 22:28:59- INFO- 已获取 20210916 指数基本指标
20260331 22:29:00- INFO- 已获取 20210917 指数基本指标
20260331 22:29:00- INFO- 已获取 20210922 指数基本指标
20260331 22:29:00- INFO- 已获取 20210923 指数基本指标
20260331 22:29:00- INFO- 已获取 20210924 指数基本指标
20260331 22:29:01- INFO- 已获取 20210927 指数基本指标
20260331 22:29:01- INFO- 已获取 20210928 指数基本指标
20260331 22:29:01- INFO- 已获取 20210929 指数基本指标
20260331 22:29:01- INFO- 已获取 20210930 指数基本指标
20260331 22:29:02- INFO- 已获取 20211008 指数基本指标
20260331 22:29:02- INFO- 已获取 20211011 指数基本指标
20260331 22:29:02- INFO- 已获取 20211012 指数基本指标
20260331 22:29:02- INFO- 已获取 20211013 指数基本指标
20260331 22:29:02- INFO- 已获取 20211014 指数基本指标
20260331 22:29:02- INFO- 已获取 20211015 指数基本指标
20260331 22:29:03- INFO- 已获取 20211018 指数基本指标
20260331 22:29:03- INFO- 已获取 20211019 指数基本指标
20260331 22:29:03- INFO- 已获取 20211020 指数基本指标
20260331 22:29:03- INFO- 已获取 20211021 指数基本指标
20260331 22:29:03- INFO- 已获取 20211022 指数基本指标
20260331 22:29:03- INFO- 已获取 20211025 指数基本指标
20260331 22:29:04- INFO- 已获取 20211026 指数基本指标
20260331 22:29:04- INFO- 已获取 20211027 指数基本指标
20260331 22:29:04- INFO- 已获取 20211028 指数基本指标
20260331 22:29:04- INFO- 已获取 20211029 指数基本指标
20260331 22:29:04- INFO- 已获取 20211101 指数基本指标
20260331 22:29:04- INFO- 已获取 20211102 指数基本指标
20260331 22:29:04- INFO- 已获取 20211103 指数基本指标
20260331 22:29:04- INFO- 已获取 20211104 指数基本指标
20260331 22:29:05- INFO- 已获取 20211105 指数基本指标
20260331 22:29:05- INFO- 已获取 20211108 指数基本指标
20260331 22:29:05- INFO- 已获取 20211109 指数基本指标
20260331 22:29:05- INFO- 已获取 20211110 指数基本指标
20260331 22:29:05- INFO- 已获取 20211111 指数基本指标
20260331 22:29:05- INFO- 已获取 20211112 指数基本指标
20260331 22:29:06- INFO- 已获取 20211115 指数基本指标
20260331 22:29:06- INFO- 已获取 20211116 指数基本指标
20260331 22:29:06- INFO- 已获取 20211117 指数基本指标
20260331 22:29:06- INFO- 已获取 20211118 指数基本指标
20260331 22:29:06- INFO- 已获取 20211119 指数基本指标
20260331 22:29:06- INFO- 已获取 20211122 指数基本指标
20260331 22:29:06- INFO- 已获取 20211123 指数基本指标
20260331 22:29:07- INFO- 已获取 20211124 指数基本指标
20260331 22:29:07- INFO- 已获取 20211125 指数基本指标
20260331 22:29:07- INFO- 已获取 20211126 指数基本指标
20260331 22:29:07- INFO- 已获取 20211129 指数基本指标
20260331 22:29:07- INFO- 已获取 20211130 指数基本指标
20260331 22:29:07- INFO- 已获取 20211201 指数基本指标
20260331 22:29:07- INFO- 已获取 20211202 指数基本指标
20260331 22:29:07- INFO- 已获取 20211203 指数基本指标
20260331 22:29:08- INFO- 已获取 20211206 指数基本指标
20260331 22:29:08- INFO- 已获取 20211207 指数基本指标
20260331 22:29:08- INFO- 已获取 20211208 指数基本指标
20260331 22:29:08- INFO- 已获取 20211209 指数基本指标
20260331 22:29:08- INFO- 已获取 20211210 指数基本指标
20260331 22:29:09- INFO- 已获取 20211213 指数基本指标
20260331 22:29:09- INFO- 已获取 20211214 指数基本指标
20260331 22:29:09- INFO- 已获取 20211215 指数基本指标
20260331 22:29:09- INFO- 已获取 20211216 指数基本指标
20260331 22:29:09- INFO- 已获取 20211217 指数基本指标
20260331 22:29:09- INFO- 已获取 20211220 指数基本指标
20260331 22:29:09- INFO- 已获取 20211221 指数基本指标
20260331 22:29:10- INFO- 已获取 20211222 指数基本指标
20260331 22:29:10- INFO- 已获取 20211223 指数基本指标
20260331 22:29:10- INFO- 已获取 20211224 指数基本指标
20260331 22:29:10- INFO- 已获取 20211227 指数基本指标
20260331 22:29:10- INFO- 已获取 20211228 指数基本指标
20260331 22:29:10- INFO- 已获取 20211229 指数基本指标
20260331 22:29:10- INFO- 已获取 20211230 指数基本指标
20260331 22:29:11- INFO- 已获取 20211231 指数基本指标
20260331 22:29:11- INFO- 已获取 20220104 指数基本指标
20260331 22:29:11- INFO- 已获取 20220105 指数基本指标
20260331 22:29:11- INFO- 已获取 20220106 指数基本指标
20260331 22:29:11- INFO- 已获取 20220107 指数基本指标
20260331 22:29:12- INFO- 已获取 20220110 指数基本指标
20260331 22:29:12- INFO- 已获取 20220111 指数基本指标
20260331 22:29:12- INFO- 已获取 20220112 指数基本指标
20260331 22:29:12- INFO- 已获取 20220113 指数基本指标
20260331 22:29:12- INFO- 已获取 20220114 指数基本指标
20260331 22:29:12- INFO- 已获取 20220117 指数基本指标
20260331 22:29:12- INFO- 已获取 20220118 指数基本指标
20260331 22:29:13- INFO- 已获取 20220119 指数基本指标
20260331 22:29:13- INFO- 已获取 20220120 指数基本指标
20260331 22:29:13- INFO- 已获取 20220121 指数基本指标
20260331 22:29:13- INFO- 已获取 20220124 指数基本指标
20260331 22:29:13- INFO- 已获取 20220125 指数基本指标
20260331 22:29:13- INFO- 已获取 20220126 指数基本指标
20260331 22:29:13- INFO- 已获取 20220127 指数基本指标
20260331 22:29:14- INFO- 已获取 20220128 指数基本指标
20260331 22:29:15- INFO- 已获取 20220207 指数基本指标
20260331 22:29:15- INFO- 已获取 20220208 指数基本指标
20260331 22:29:15- INFO- 已获取 20220209 指数基本指标
20260331 22:29:15- INFO- 已获取 20220210 指数基本指标
20260331 22:29:15- INFO- 已获取 20220211 指数基本指标
20260331 22:29:15- INFO- 已获取 20220214 指数基本指标
20260331 22:29:15- INFO- 已获取 20220215 指数基本指标
20260331 22:29:15- INFO- 已获取 20220216 指数基本指标
20260331 22:29:16- INFO- 已获取 20220217 指数基本指标
20260331 22:29:16- INFO- 已获取 20220218 指数基本指标
20260331 22:29:16- INFO- 已获取 20220221 指数基本指标
20260331 22:29:16- INFO- 已获取 20220222 指数基本指标
20260331 22:29:16- INFO- 已获取 20220223 指数基本指标
20260331 22:29:16- INFO- 已获取 20220224 指数基本指标
20260331 22:29:16- INFO- 已获取 20220225 指数基本指标
20260331 22:29:17- INFO- 已获取 20220228 指数基本指标
20260331 22:29:17- INFO- 已获取 20220301 指数基本指标
20260331 22:29:17- INFO- 已获取 20220302 指数基本指标
20260331 22:29:17- INFO- 已获取 20220303 指数基本指标
20260331 22:29:17- INFO- 已获取 20220304 指数基本指标
20260331 22:29:17- INFO- 已获取 20220307 指数基本指标
20260331 22:29:18- INFO- 已获取 20220308 指数基本指标
20260331 22:29:18- INFO- 已获取 20220309 指数基本指标
20260331 22:29:18- INFO- 已获取 20220310 指数基本指标
20260331 22:29:18- INFO- 已获取 20220311 指数基本指标
20260331 22:29:18- INFO- 已获取 20220314 指数基本指标
20260331 22:29:18- INFO- 已获取 20220315 指数基本指标
20260331 22:29:18- INFO- 已获取 20220316 指数基本指标
20260331 22:29:19- INFO- 已获取 20220317 指数基本指标
20260331 22:29:19- INFO- 已获取 20220318 指数基本指标
20260331 22:29:19- INFO- 已获取 20220321 指数基本指标
20260331 22:29:19- INFO- 已获取 20220322 指数基本指标
20260331 22:29:19- INFO- 已获取 20220323 指数基本指标
20260331 22:29:19- INFO- 已获取 20220324 指数基本指标
20260331 22:29:19- INFO- 已获取 20220325 指数基本指标
20260331 22:29:20- INFO- 已获取 20220328 指数基本指标
20260331 22:29:20- INFO- 已获取 20220329 指数基本指标
20260331 22:29:20- INFO- 已获取 20220330 指数基本指标
20260331 22:29:20- INFO- 已获取 20220331 指数基本指标
20260331 22:29:20- INFO- 已获取 20220401 指数基本指标
20260331 22:29:21- INFO- 已获取 20220406 指数基本指标
20260331 22:29:21- INFO- 已获取 20220407 指数基本指标
20260331 22:29:21- INFO- 已获取 20220408 指数基本指标
20260331 22:29:21- INFO- 已获取 20220411 指数基本指标
20260331 22:29:21- INFO- 已获取 20220412 指数基本指标
20260331 22:29:21- INFO- 已获取 20220413 指数基本指标
20260331 22:29:21- INFO- 已获取 20220414 指数基本指标
20260331 22:29:22- INFO- 已获取 20220415 指数基本指标
20260331 22:29:22- INFO- 已获取 20220418 指数基本指标
20260331 22:29:22- INFO- 已获取 20220419 指数基本指标
20260331 22:29:22- INFO- 已获取 20220420 指数基本指标
20260331 22:29:22- INFO- 已获取 20220421 指数基本指标
20260331 22:29:22- INFO- 已获取 20220422 指数基本指标
20260331 22:29:23- INFO- 已获取 20220425 指数基本指标
20260331 22:29:23- INFO- 已获取 20220426 指数基本指标
20260331 22:29:23- INFO- 已获取 20220427 指数基本指标
20260331 22:29:23- INFO- 已获取 20220428 指数基本指标
20260331 22:29:23- INFO- 已获取 20220429 指数基本指标
20260331 22:29:24- INFO- 已获取 20220505 指数基本指标
20260331 22:29:24- INFO- 已获取 20220506 指数基本指标
20260331 22:29:24- INFO- 已获取 20220509 指数基本指标
20260331 22:29:24- INFO- 已获取 20220510 指数基本指标
20260331 22:29:24- INFO- 已获取 20220511 指数基本指标
20260331 22:29:24- INFO- 已获取 20220512 指数基本指标
20260331 22:29:25- INFO- 已获取 20220513 指数基本指标
20260331 22:29:25- INFO- 已获取 20220516 指数基本指标
20260331 22:29:25- INFO- 已获取 20220517 指数基本指标
20260331 22:29:25- INFO- 已获取 20220518 指数基本指标
20260331 22:29:25- INFO- 已获取 20220519 指数基本指标
20260331 22:29:25- INFO- 已获取 20220520 指数基本指标
20260331 22:29:26- INFO- 已获取 20220523 指数基本指标
20260331 22:29:26- INFO- 已获取 20220524 指数基本指标
20260331 22:29:26- INFO- 已获取 20220525 指数基本指标
20260331 22:29:26- INFO- 已获取 20220526 指数基本指标
20260331 22:29:26- INFO- 已获取 20220527 指数基本指标
20260331 22:29:26- INFO- 已获取 20220530 指数基本指标
20260331 22:29:26- INFO- 已获取 20220531 指数基本指标
20260331 22:29:27- INFO- 已获取 20220601 指数基本指标
20260331 22:29:27- INFO- 已获取 20220602 指数基本指标
20260331 22:29:27- INFO- 已获取 20220606 指数基本指标
20260331 22:29:27- INFO- 已获取 20220607 指数基本指标
20260331 22:29:27- INFO- 已获取 20220608 指数基本指标
20260331 22:29:27- INFO- 已获取 20220609 指数基本指标
20260331 22:29:28- INFO- 已获取 20220610 指数基本指标
20260331 22:29:28- INFO- 已获取 20220613 指数基本指标
20260331 22:29:28- INFO- 已获取 20220614 指数基本指标
20260331 22:29:28- INFO- 已获取 20220615 指数基本指标
20260331 22:29:28- INFO- 已获取 20220616 指数基本指标
20260331 22:29:28- INFO- 已获取 20220617 指数基本指标
20260331 22:29:29- INFO- 已获取 20220620 指数基本指标
20260331 22:29:29- INFO- 已获取 20220621 指数基本指标
20260331 22:29:29- INFO- 已获取 20220622 指数基本指标
20260331 22:29:29- INFO- 已获取 20220623 指数基本指标
20260331 22:29:29- INFO- 已获取 20220624 指数基本指标
20260331 22:29:29- INFO- 已获取 20220627 指数基本指标
20260331 22:29:29- INFO- 已获取 20220628 指数基本指标
20260331 22:29:29- INFO- 已获取 20220629 指数基本指标
20260331 22:29:30- INFO- 已获取 20220630 指数基本指标
20260331 22:29:30- INFO- 已获取 20220701 指数基本指标
20260331 22:29:30- INFO- 已获取 20220704 指数基本指标
20260331 22:29:30- INFO- 已获取 20220705 指数基本指标
20260331 22:29:30- INFO- 已获取 20220706 指数基本指标
20260331 22:29:30- INFO- 已获取 20220707 指数基本指标
20260331 22:29:30- INFO- 已获取 20220708 指数基本指标
20260331 22:29:31- INFO- 已获取 20220711 指数基本指标
20260331 22:29:31- INFO- 已获取 20220712 指数基本指标
20260331 22:29:31- INFO- 已获取 20220713 指数基本指标
20260331 22:29:31- INFO- 已获取 20220714 指数基本指标
20260331 22:29:31- INFO- 已获取 20220715 指数基本指标
20260331 22:29:32- INFO- 已获取 20220718 指数基本指标
20260331 22:29:32- INFO- 已获取 20220719 指数基本指标
20260331 22:29:32- INFO- 已获取 20220720 指数基本指标
20260331 22:29:32- INFO- 已获取 20220721 指数基本指标
20260331 22:29:32- INFO- 已获取 20220722 指数基本指标
20260331 22:29:32- INFO- 已获取 20220725 指数基本指标
20260331 22:29:32- INFO- 已获取 20220726 指数基本指标
20260331 22:29:33- INFO- 已获取 20220727 指数基本指标
20260331 22:29:33- INFO- 已获取 20220728 指数基本指标
20260331 22:29:33- INFO- 已获取 20220729 指数基本指标
20260331 22:29:33- INFO- 已获取 20220801 指数基本指标
20260331 22:29:33- INFO- 已获取 20220802 指数基本指标
20260331 22:29:33- INFO- 已获取 20220803 指数基本指标
20260331 22:29:33- INFO- 已获取 20220804 指数基本指标
20260331 22:29:33- INFO- 已获取 20220805 指数基本指标
20260331 22:29:34- INFO- 已获取 20220808 指数基本指标
20260331 22:29:34- INFO- 已获取 20220809 指数基本指标
20260331 22:29:34- INFO- 已获取 20220810 指数基本指标
20260331 22:29:34- INFO- 已获取 20220811 指数基本指标
20260331 22:29:34- INFO- 已获取 20220812 指数基本指标
20260331 22:29:34- INFO- 已获取 20220815 指数基本指标
20260331 22:29:35- INFO- 已获取 20220816 指数基本指标
20260331 22:29:35- INFO- 已获取 20220817 指数基本指标
20260331 22:29:35- INFO- 已获取 20220818 指数基本指标
20260331 22:29:35- INFO- 已获取 20220819 指数基本指标
20260331 22:29:35- INFO- 已获取 20220822 指数基本指标
20260331 22:29:35- INFO- 已获取 20220823 指数基本指标
20260331 22:29:35- INFO- 已获取 20220824 指数基本指标
20260331 22:29:36- INFO- 获取 20220825 数据失败: 请求过于频繁 🔥🔥🔥🔥🔥🔥⚡❄️❄️❄️ 23秒后可用
20260331 22:29:36- INFO- 获取 20220826 数据失败: 请求过于频繁 🔥🔥🔥🔥🔥🔥⚡❄️❄️❄️ 23秒后可用
20260331 22:29:36- INFO- 获取 20220827 数据失败: 请求过于频繁 🔥🔥🔥🔥🔥🔥⚡❄️❄️❄️ 22秒后可用
20260331 22:29:36- INFO- 获取 20220828 数据失败: 请求过于频繁 🔥🔥🔥🔥🔥🔥⚡❄️❄️❄️ 22秒后可用
20260331 22:29:36- INFO- 获取 20220829 数据失败: 请求过于频繁 🔥🔥🔥🔥🔥🔥⚡❄️❄️❄️ 22秒后可用
20260331 22:29:36- INFO- 获取 20220830 数据失败: 请求过于频繁 🔥🔥🔥🔥🔥🔥⚡❄️❄️❄️ 22秒后可用
20260331 22:29:36- INFO- 获取 20220831 数据失败: 请求过于频繁 🔥🔥🔥🔥🔥🔥⚡❄️❄️❄️ 22秒后可用
20260331 22:29:36- INFO- 获取 20220901 数据失败: 请求过于频繁 🔥🔥🔥🔥🔥🔥⚡❄️❄️❄️ 22秒后可用
20260331 22:29:36- INFO- 获取 20220902 数据失败: 请求过于频繁 🔥🔥🔥🔥🔥🔥⚡❄️❄️❄️ 22秒后可用
20260331 22:29:36- INFO- 获取 20220903 数据失败: 请求过于频繁 🔥🔥🔥🔥🔥🔥⚡❄️❄️❄️ 22秒后可用
20260331 22:29:36- INFO- 获取 20220904 数据失败: 请求过于频繁 🔥🔥🔥🔥🔥🔥⚡❄️❄️❄️ 22秒后可用
20260331 22:29:37- INFO- 获取 20220905 数据失败: 请求过于频繁 🔥🔥🔥🔥🔥🔥⚡❄️❄️❄️ 22秒后可用
20260331 22:29:37- INFO- 获取 20220906 数据失败: 请求过于频繁 🔥🔥🔥🔥🔥🔥⚡❄️❄️❄️ 21秒后可用
20260331 22:29:37- INFO- 获取 20220907 数据失败: 请求过于频繁 🔥🔥🔥🔥🔥🔥⚡❄️❄️❄️ 21秒后可用
20260331 22:29:37- INFO- 获取 20220908 数据失败: 请求过于频繁 🔥🔥🔥🔥🔥🔥⚡❄️❄️❄️ 21秒后可用
20260331 22:29:37- INFO- 获取 20220909 数据失败: 请求过于频繁 🔥🔥🔥🔥🔥🔥⚡❄️❄️❄️ 21秒后可用
20260331 22:29:37- INFO- 获取 20220910 数据失败: 请求过于频繁 🔥🔥🔥🔥🔥🔥⚡❄️❄️❄️ 21秒后可用
20260331 22:29:37- INFO- 获取 20220911 数据失败: 请求过于频繁 🔥🔥🔥🔥🔥🔥⚡❄️❄️❄️ 21秒后可用
20260331 22:29:37- INFO- 获取 20220912 数据失败: 请求过于频繁 🔥🔥🔥🔥🔥🔥⚡❄️❄️❄️ 21秒后可用
20260331 22:29:37- INFO- 获取 20220913 数据失败: 请求过于频繁 🔥🔥🔥🔥🔥🔥⚡❄️❄️❄️ 21秒后可用
20260331 22:29:37- INFO- 获取 20220914 数据失败: 请求过于频繁 🔥🔥🔥🔥🔥🔥⚡❄️❄️❄️ 21秒后可用
20260331 22:29:37- INFO- 获取 20220915 数据失败: 请求过于频繁 🔥🔥🔥🔥🔥🔥⚡❄️❄️❄️ 21秒后可用
20260331 22:29:38- INFO- 获取 20220916 数据失败: 请求过于频繁 🔥🔥🔥🔥🔥🔥⚡❄️❄️❄️ 21秒后可用
20260331 22:29:38- INFO- 获取 20220917 数据失败: 请求过于频繁 🔥🔥🔥🔥🔥🔥⚡❄️❄️❄️ 20秒后可用
20260331 22:29:38- INFO- 获取 20220918 数据失败: 请求过于频繁 🔥🔥🔥🔥🔥🔥⚡❄️❄️❄️ 20秒后可用
20260331 22:29:38- INFO- 获取 20220919 数据失败: 请求过于频繁 🔥🔥🔥🔥🔥🔥⚡❄️❄️❄️ 20秒后可用
20260331 22:29:38- INFO- 获取 20220920 数据失败: 请求过于频繁 🔥🔥🔥🔥🔥🔥⚡❄️❄️❄️ 20秒后可用
20260331 22:29:38- INFO- 获取 20220921 数据失败: 请求过于频繁 🔥🔥🔥🔥🔥🔥⚡❄️❄️❄️ 20秒后可用
20260331 22:29:38- INFO- 获取 20220922 数据失败: 请求过于频繁 🔥🔥🔥🔥🔥🔥⚡❄️❄️❄️ 20秒后可用
20260331 22:29:38- INFO- 获取 20220923 数据失败: 请求过于频繁 🔥🔥🔥🔥🔥🔥⚡❄️❄️❄️ 20秒后可用
20260331 22:29:38- INFO- 获取 20220924 数据失败: 请求过于频繁 🔥🔥🔥🔥🔥🔥⚡❄️❄️❄️ 20秒后可用
20260331 22:29:38- INFO- 获取 20220925 数据失败: 请求过于频繁 🔥🔥🔥🔥🔥🔥⚡❄️❄️❄️ 20秒后可用
20260331 22:29:39- INFO- 获取 20220926 数据失败: 请求过于频繁 🔥🔥🔥🔥🔥🔥⚡❄️❄️❄️ 20秒后可用
20260331 22:29:39- INFO- 获取 20220927 数据失败: 请求过于频繁 🔥🔥🔥🔥🔥🔥⚡❄️❄️❄️ 20秒后可用
20260331 22:29:39- INFO- 获取 20220928 数据失败: 请求过于频繁 🔥🔥🔥🔥🔥🔥⚡❄️❄️❄️ 19秒后可用
20260331 22:29:39- INFO- 获取 20220929 数据失败: 请求过于频繁 🔥🔥🔥🔥🔥🔥⚡❄️❄️❄️ 19秒后可用
20260331 22:29:39- INFO- 获取 20220930 数据失败: 请求过于频繁 🔥🔥🔥🔥🔥🔥⚡❄️❄️❄️ 19秒后可用
20260331 22:29:39- INFO- 获取 20221001 数据失败: 请求过于频繁 🔥🔥🔥🔥🔥🔥⚡❄️❄️❄️ 19秒后可用
20260331 22:29:39- INFO- 获取 20221002 数据失败: 请求过于频繁 🔥🔥🔥🔥🔥🔥⚡❄️❄️❄️ 19秒后可用
20260331 22:29:39- INFO- 获取 20221003 数据失败: 请求过于频繁 🔥🔥🔥🔥🔥🔥⚡❄️❄️❄️ 19秒后可用
20260331 22:29:39- INFO- 获取 20221004 数据失败: 请求过于频繁 🔥🔥🔥🔥🔥🔥⚡❄️❄️❄️ 19秒后可用
20260331 22:29:39- INFO- 获取 20221005 数据失败: 请求过于频繁 🔥🔥🔥🔥🔥🔥⚡❄️❄️❄️ 19秒后可用
20260331 22:29:39- INFO- 获取 20221006 数据失败: 请求过于频繁 🔥🔥🔥🔥🔥🔥⚡❄️❄️❄️ 19秒后可用
20260331 22:29:40- INFO- 获取 20221007 数据失败: 请求过于频繁 🔥🔥🔥🔥🔥🔥⚡❄️❄️❄️ 19秒后可用
20260331 22:29:40- INFO- 获取 20221008 数据失败: 请求过于频繁 🔥🔥🔥🔥🔥🔥🔥⚡❄️❄️ 18秒后可用
20260331 22:29:40- INFO- 获取 20221009 数据失败: 请求过于频繁 🔥🔥🔥🔥🔥🔥🔥⚡❄️❄️ 18秒后可用
20260331 22:29:40- INFO- 获取 20221010 数据失败: 请求过于频繁 🔥🔥🔥🔥🔥🔥🔥⚡❄️❄️ 18秒后可用
20260331 22:29:40- INFO- 获取 20221011 数据失败: 请求过于频繁 🔥🔥🔥🔥🔥🔥🔥⚡❄️❄️ 18秒后可用
20260331 22:29:40- INFO- 获取 20221012 数据失败: 请求过于频繁 🔥🔥🔥🔥🔥🔥🔥⚡❄️❄️ 18秒后可用
20260331 22:29:40- INFO- 获取 20221013 数据失败: 请求过于频繁 🔥🔥🔥🔥🔥🔥🔥⚡❄️❄️ 18秒后可用
20260331 22:29:40- INFO- 获取 20221014 数据失败: 请求过于频繁 🔥🔥🔥🔥🔥🔥🔥⚡❄️❄️ 18秒后可用
20260331 22:29:40- INFO- 获取 20221015 数据失败: 请求过于频繁 🔥🔥🔥🔥🔥🔥🔥⚡❄️❄️ 18秒后可用
20260331 22:29:40- INFO- 获取 20221016 数据失败: 请求过于频繁 🔥🔥🔥🔥🔥🔥🔥⚡❄️❄️ 18秒后可用
20260331 22:29:40- INFO- 获取 20221017 数据失败: 请求过于频繁 🔥🔥🔥🔥🔥🔥🔥⚡❄️❄️ 18秒后可用
20260331 22:29:41- INFO- 获取 20221018 数据失败: 请求过于频繁 🔥🔥🔥🔥🔥🔥🔥⚡❄️❄️ 18秒后可用
20260331 22:29:41- INFO- 获取 20221019 数据失败: 请求过于频繁 🔥🔥🔥🔥🔥🔥🔥⚡❄️❄️ 17秒后可用
20260331 22:29:41- INFO- 获取 20221020 数据失败: 请求过于频繁 🔥🔥🔥🔥🔥🔥🔥⚡❄️❄️ 17秒后可用
20260331 22:29:41- INFO- 获取 20221021 数据失败: 请求过于频繁 🔥🔥🔥🔥🔥🔥🔥⚡❄️❄️ 17秒后可用
20260331 22:29:41- INFO- 获取 20221022 数据失败: 请求过于频繁 🔥🔥🔥🔥🔥🔥🔥⚡❄️❄️ 17秒后可用
20260331 22:29:41- INFO- 获取 20221023 数据失败: 请求过于频繁 🔥🔥🔥🔥🔥🔥🔥⚡❄️❄️ 17秒后可用
20260331 22:29:41- INFO- 获取 20221024 数据失败: 请求过于频繁 🔥🔥🔥🔥🔥🔥🔥⚡❄️❄️ 17秒后可用
20260331 22:29:41- INFO- 获取 20221025 数据失败: 请求过于频繁 🔥🔥🔥🔥🔥🔥🔥⚡❄️❄️ 17秒后可用
20260331 22:29:41- INFO- 获取 20221026 数据失败: 请求过于频繁 🔥🔥🔥🔥🔥🔥🔥⚡❄️❄️ 17秒后可用
20260331 22:29:41- INFO- 获取 20221027 数据失败: 请求过于频繁 🔥🔥🔥🔥🔥🔥🔥⚡❄️❄️ 17秒后可用
20260331 22:29:42- INFO- 获取 20221028 数据失败: 请求过于频繁 🔥🔥🔥🔥🔥🔥🔥⚡❄️❄️ 17秒后可用
20260331 22:29:42- INFO- 获取 20221029 数据失败: 请求过于频繁 🔥🔥🔥🔥🔥🔥🔥⚡❄️❄️ 16秒后可用
20260331 22:29:42- INFO- 获取 20221030 数据失败: 请求过于频繁 🔥🔥🔥🔥🔥🔥🔥⚡❄️❄️ 16秒后可用
20260331 22:29:42- INFO- 获取 20221031 数据失败: 请求过于频繁 🔥🔥🔥🔥🔥🔥🔥⚡❄️❄️ 16秒后可用
20260331 22:29:42- INFO- 获取 20221101 数据失败: 请求过于频繁 🔥🔥🔥🔥🔥🔥🔥⚡❄️❄️ 16秒后可用
20260331 22:29:42- INFO- 获取 20221102 数据失败: 请求过于频繁 🔥🔥🔥🔥🔥🔥🔥⚡❄️❄️ 16秒后可用
20260331 22:29:42- INFO- 获取 20221103 数据失败: 请求过于频繁 🔥🔥🔥🔥🔥🔥🔥⚡❄️❄️ 16秒后可用
20260331 22:29:42- INFO- 获取 20221104 数据失败: 请求过于频繁 🔥🔥🔥🔥🔥🔥🔥⚡❄️❄️ 16秒后可用
20260331 22:29:42- INFO- 获取 20221105 数据失败: 请求过于频繁 🔥🔥🔥🔥🔥🔥🔥⚡❄️❄️ 16秒后可用
20260331 22:29:42- INFO- 获取 20221106 数据失败: 请求过于频繁 🔥🔥🔥🔥🔥🔥🔥⚡❄️❄️ 16秒后可用
20260331 22:29:42- INFO- 获取 20221107 数据失败: 请求过于频繁 🔥🔥🔥🔥🔥🔥🔥⚡❄️❄️ 16秒后可用
20260331 22:29:43- INFO- 获取 20221108 数据失败: 请求过于频繁 🔥🔥🔥🔥🔥🔥🔥⚡❄️❄️ 16秒后可用
20260331 22:29:43- INFO- 获取 20221109 数据失败: 请求过于频繁 🔥🔥🔥🔥🔥🔥🔥⚡❄️❄️ 15秒后可用
20260331 22:29:43- INFO- 获取 20221110 数据失败: 请求过于频繁 🔥🔥🔥🔥🔥🔥🔥⚡❄️❄️ 15秒后可用
20260331 22:29:43- INFO- 获取 20221111 数据失败: 请求过于频繁 🔥🔥🔥🔥🔥🔥🔥⚡❄️❄️ 15秒后可用
20260331 22:29:43- INFO- 获取 20221112 数据失败: 请求过于频繁 🔥🔥🔥🔥🔥🔥🔥⚡❄️❄️ 15秒后可用
20260331 22:29:43- INFO- 获取 20221113 数据失败: 请求过于频繁 🔥🔥🔥🔥🔥🔥🔥⚡❄️❄️ 15秒后可用
20260331 22:29:43- INFO- 获取 20221114 数据失败: 请求过于频繁 🔥🔥🔥🔥🔥🔥🔥⚡❄️❄️ 15秒后可用
20260331 22:29:43- INFO- 获取 20221115 数据失败: 请求过于频繁 🔥🔥🔥🔥🔥🔥🔥⚡❄️❄️ 15秒后可用
20260331 22:29:43- INFO- 获取 20221116 数据失败: 请求过于频繁 🔥🔥🔥🔥🔥🔥🔥⚡❄️❄️ 15秒后可用
20260331 22:29:43- INFO- 获取 20221117 数据失败: 请求过于频繁 🔥🔥🔥🔥🔥🔥🔥⚡❄️❄️ 15秒后可用
20260331 22:29:43- INFO- 获取 20221118 数据失败: 请求过于频繁 🔥🔥🔥🔥🔥🔥🔥⚡❄️❄️ 15秒后可用
20260331 22:29:44- INFO- 获取 20221119 数据失败: 请求过于频繁 🔥🔥🔥🔥🔥🔥🔥⚡❄️❄️ 15秒后可用
20260331 22:29:44- INFO- 获取 20221120 数据失败: 请求过于频繁 🔥🔥🔥🔥🔥🔥🔥⚡❄️❄️ 14秒后可用
20260331 22:29:44- INFO- 获取 20221121 数据失败: 请求过于频繁 🔥🔥🔥🔥🔥🔥🔥⚡❄️❄️ 14秒后可用
20260331 22:29:44- INFO- 获取 20221122 数据失败: 请求过于频繁 🔥🔥🔥🔥🔥🔥🔥⚡❄️❄️ 14秒后可用
20260331 22:29:44- INFO- 获取 20221123 数据失败: 请求过于频繁 🔥🔥🔥🔥🔥🔥🔥⚡❄️❄️ 14秒后可用
20260331 22:29:44- INFO- 获取 20221124 数据失败: 请求过于频繁 🔥🔥🔥🔥🔥🔥🔥⚡❄️❄️ 14秒后可用
20260331 22:29:44- INFO- 获取 20221125 数据失败: 请求过于频繁 🔥🔥🔥🔥🔥🔥🔥⚡❄️❄️ 14秒后可用
20260331 22:29:44- INFO- 获取 20221126 数据失败: 请求过于频繁 🔥🔥🔥🔥🔥🔥🔥⚡❄️❄️ 14秒后可用
20260331 22:29:44- INFO- 获取 20221127 数据失败: 请求过于频繁 🔥🔥🔥🔥🔥🔥🔥⚡❄️❄️ 14秒后可用
20260331 22:29:44- INFO- 获取 20221128 数据失败: 请求过于频繁 🔥🔥🔥🔥🔥🔥🔥⚡❄️❄️ 14秒后可用
20260331 22:29:45- INFO- 获取 20221129 数据失败: 请求过于频繁 🔥🔥🔥🔥🔥🔥🔥⚡❄️❄️ 14秒后可用
20260331 22:29:45- INFO- 获取 20221130 数据失败: 请求过于频繁 🔥🔥🔥🔥🔥🔥🔥⚡❄️❄️ 14秒后可用
20260331 22:29:45- INFO- 获取 20221201 数据失败: 请求过于频繁 🔥🔥🔥🔥🔥🔥🔥⚡❄️❄️ 13秒后可用
20260331 22:29:45- INFO- 获取 20221202 数据失败: 请求过于频繁 🔥🔥🔥🔥🔥🔥🔥⚡❄️❄️ 13秒后可用
20260331 22:29:45- INFO- 获取 20221203 数据失败: 请求过于频繁 🔥🔥🔥🔥🔥🔥🔥⚡❄️❄️ 13秒后可用
20260331 22:29:45- INFO- 获取 20221204 数据失败: 请求过于频繁 🔥🔥🔥🔥🔥🔥🔥⚡❄️❄️ 13秒后可用
20260331 22:29:45- INFO- 获取 20221205 数据失败: 请求过于频繁 🔥🔥🔥🔥🔥🔥🔥⚡❄️❄️ 13秒后可用
20260331 22:29:45- INFO- 获取 20221206 数据失败: 请求过于频繁 🔥🔥🔥🔥🔥🔥🔥⚡❄️❄️ 13秒后可用
20260331 22:29:45- INFO- 获取 20221207 数据失败: 请求过于频繁 🔥🔥🔥🔥🔥🔥🔥⚡❄️❄️ 13秒后可用
20260331 22:29:45- INFO- 获取 20221208 数据失败: 请求过于频繁 🔥🔥🔥🔥🔥🔥🔥⚡❄️❄️ 13秒后可用
20260331 22:29:45- INFO- 获取 20221209 数据失败: 请求过于频繁 🔥🔥🔥🔥🔥🔥🔥⚡❄️❄️ 13秒后可用
20260331 22:29:46- INFO- 获取 20221210 数据失败: 请求过于频繁 🔥🔥🔥🔥🔥🔥🔥⚡❄️❄️ 13秒后可用
20260331 22:29:46- INFO- 获取 20221211 数据失败: 请求过于频繁 🔥🔥🔥🔥🔥🔥🔥⚡❄️❄️ 13秒后可用
20260331 22:29:46- INFO- 获取 20221212 数据失败: 请求过于频繁 🔥🔥🔥🔥🔥🔥🔥🔥⚡❄️ 12秒后可用
20260331 22:29:46- INFO- 获取 20221213 数据失败: 请求过于频繁 🔥🔥🔥🔥🔥🔥🔥🔥⚡❄️ 12秒后可用
20260331 22:29:46- INFO- 获取 20221214 数据失败: 请求过于频繁 🔥🔥🔥🔥🔥🔥🔥🔥⚡❄️ 12秒后可用
20260331 22:29:46- INFO- 获取 20221215 数据失败: 请求过于频繁 🔥🔥🔥🔥🔥🔥🔥🔥⚡❄️ 12秒后可用
20260331 22:29:46- INFO- 获取 20221216 数据失败: 请求过于频繁 🔥🔥🔥🔥🔥🔥🔥🔥⚡❄️ 12秒后可用
20260331 22:29:46- INFO- 获取 20221217 数据失败: 请求过于频繁 🔥🔥🔥🔥🔥🔥🔥🔥⚡❄️ 12秒后可用
20260331 22:29:46- INFO- 获取 20221218 数据失败: 请求过于频繁 🔥🔥🔥🔥🔥🔥🔥🔥⚡❄️ 12秒后可用
20260331 22:29:46- INFO- 获取 20221219 数据失败: 请求过于频繁 🔥🔥🔥🔥🔥🔥🔥🔥⚡❄️ 12秒后可用
20260331 22:29:46- INFO- 获取 20221220 数据失败: 请求过于频繁 🔥🔥🔥🔥🔥🔥🔥🔥⚡❄️ 12秒后可用
20260331 22:29:47- INFO- 获取 20221221 数据失败: 请求过于频繁 🔥🔥🔥🔥🔥🔥🔥🔥⚡❄️ 12秒后可用
20260331 22:29:47- INFO- 获取 20221222 数据失败: 请求过于频繁 🔥🔥🔥🔥🔥🔥🔥🔥⚡❄️ 12秒后可用
20260331 22:29:47- INFO- 获取 20221223 数据失败: 请求过于频繁 🔥🔥🔥🔥🔥🔥🔥🔥⚡❄️ 11秒后可用
20260331 22:29:47- INFO- 获取 20221224 数据失败: 请求过于频繁 🔥🔥🔥🔥🔥🔥🔥🔥⚡❄️ 11秒后可用
20260331 22:29:47- INFO- 获取 20221225 数据失败: 请求过于频繁 🔥🔥🔥🔥🔥🔥🔥🔥⚡❄️ 11秒后可用
20260331 22:29:47- INFO- 获取 20221226 数据失败: 请求过于频繁 🔥🔥🔥🔥🔥🔥🔥🔥⚡❄️ 11秒后可用
20260331 22:29:47- INFO- 获取 20221227 数据失败: 请求过于频繁 🔥🔥🔥🔥🔥🔥🔥🔥⚡❄️ 11秒后可用
20260331 22:29:47- INFO- 获取 20221228 数据失败: 请求过于频繁 🔥🔥🔥🔥🔥🔥🔥🔥⚡❄️ 11秒后可用
20260331 22:29:47- INFO- 获取 20221229 数据失败: 请求过于频繁 🔥🔥🔥🔥🔥🔥🔥🔥⚡❄️ 11秒后可用
20260331 22:29:47- INFO- 获取 20221230 数据失败: 请求过于频繁 🔥🔥🔥🔥🔥🔥🔥🔥⚡❄️ 11秒后可用
20260331 22:29:47- INFO- 获取 20221231 数据失败: 请求过于频繁 🔥🔥🔥🔥🔥🔥🔥🔥⚡❄️ 11秒后可用
20260331 22:29:48- INFO- 获取 20230101 数据失败: 请求过于频繁 🔥🔥🔥🔥🔥🔥🔥🔥⚡❄️ 11秒后可用
20260331 22:29:48- INFO- 获取 20230102 数据失败: 请求过于频繁 🔥🔥🔥🔥🔥🔥🔥🔥⚡❄️ 11秒后可用
20260331 22:29:48- INFO- 获取 20230103 数据失败: 请求过于频繁 🔥🔥🔥🔥🔥🔥🔥🔥⚡❄️ 10秒后可用
20260331 22:29:48- INFO- 获取 20230104 数据失败: 请求过于频繁 🔥🔥🔥🔥🔥🔥🔥🔥⚡❄️ 10秒后可用
20260331 22:29:48- INFO- 获取 20230105 数据失败: 请求过于频繁 🔥🔥🔥🔥🔥🔥🔥🔥⚡❄️ 10秒后可用
20260331 22:29:48- INFO- 获取 20230106 数据失败: 请求过于频繁 🔥🔥🔥🔥🔥🔥🔥🔥⚡❄️ 10秒后可用
20260331 22:29:48- INFO- 获取 20230107 数据失败: 请求过于频繁 🔥🔥🔥🔥🔥🔥🔥🔥⚡❄️ 10秒后可用
20260331 22:29:48- INFO- 获取 20230108 数据失败: 请求过于频繁 🔥🔥🔥🔥🔥🔥🔥🔥⚡❄️ 10秒后可用
20260331 22:29:48- INFO- 获取 20230109 数据失败: 请求过于频繁 🔥🔥🔥🔥🔥🔥🔥🔥⚡❄️ 10秒后可用
20260331 22:29:48- INFO- 获取 20230110 数据失败: 请求过于频繁 🔥🔥🔥🔥🔥🔥🔥🔥⚡❄️ 10秒后可用
20260331 22:29:48- INFO- 获取 20230111 数据失败: 请求过于频繁 🔥🔥🔥🔥🔥🔥🔥🔥⚡❄️ 10秒后可用
20260331 22:29:49- INFO- 获取 20230112 数据失败: 请求过于频繁 🔥🔥🔥🔥🔥🔥🔥🔥⚡❄️ 10秒后可用
20260331 22:29:49- INFO- 获取 20230113 数据失败: 请求过于频繁 🔥🔥🔥🔥🔥🔥🔥🔥⚡❄️ 9秒后可用
20260331 22:29:49- INFO- 获取 20230114 数据失败: 请求过于频繁 🔥🔥🔥🔥🔥🔥🔥🔥⚡❄️ 9秒后可用
20260331 22:29:49- INFO- 获取 20230115 数据失败: 请求过于频繁 🔥🔥🔥🔥🔥🔥🔥🔥⚡❄️ 9秒后可用
20260331 22:29:49- INFO- 获取 20230116 数据失败: 请求过于频繁 🔥🔥🔥🔥🔥🔥🔥🔥⚡❄️ 9秒后可用
20260331 22:29:49- INFO- 获取 20230117 数据失败: 请求过于频繁 🔥🔥🔥🔥🔥🔥🔥🔥⚡❄️ 9秒后可用
20260331 22:29:49- INFO- 获取 20230118 数据失败: 请求过于频繁 🔥🔥🔥🔥🔥🔥🔥🔥⚡❄️ 9秒后可用
20260331 22:29:49- INFO- 获取 20230119 数据失败: 请求过于频繁 🔥🔥🔥🔥🔥🔥🔥🔥⚡❄️ 9秒后可用
20260331 22:29:49- INFO- 获取 20230120 数据失败: 请求过于频繁 🔥🔥🔥🔥🔥🔥🔥🔥⚡❄️ 9秒后可用
20260331 22:29:49- INFO- 获取 20230121 数据失败: 请求过于频繁 🔥🔥🔥🔥🔥🔥🔥🔥⚡❄️ 9秒后可用
20260331 22:29:50- INFO- 获取 20230122 数据失败: 请求过于频繁 🔥🔥🔥🔥🔥🔥🔥🔥⚡❄️ 9秒后可用
20260331 22:29:50- INFO- 获取 20230123 数据失败: 请求过于频繁 🔥🔥🔥🔥🔥🔥🔥🔥⚡❄️ 9秒后可用
20260331 22:29:50- INFO- 获取 20230124 数据失败: 请求过于频繁 🔥🔥🔥🔥🔥🔥🔥🔥⚡❄️ 8秒后可用
20260331 22:29:50- INFO- 获取 20230125 数据失败: 请求过于频繁 🔥🔥🔥🔥🔥🔥🔥🔥⚡❄️ 8秒后可用
20260331 22:29:50- INFO- 获取 20230126 数据失败: 请求过于频繁 🔥🔥🔥🔥🔥🔥🔥🔥⚡❄️ 8秒后可用
20260331 22:29:50- INFO- 获取 20230127 数据失败: 请求过于频繁 🔥🔥🔥🔥🔥🔥🔥🔥⚡❄️ 8秒后可用
20260331 22:29:50- INFO- 获取 20230128 数据失败: 请求过于频繁 🔥🔥🔥🔥🔥🔥🔥🔥⚡❄️ 8秒后可用
20260331 22:29:50- INFO- 获取 20230129 数据失败: 请求过于频繁 🔥🔥🔥🔥🔥🔥🔥🔥⚡❄️ 8秒后可用
20260331 22:29:50- INFO- 获取 20230130 数据失败: 请求过于频繁 🔥🔥🔥🔥🔥🔥🔥🔥⚡❄️ 8秒后可用
20260331 22:29:50- INFO- 获取 20230131 数据失败: 请求过于频繁 🔥🔥🔥🔥🔥🔥🔥🔥⚡❄️ 8秒后可用
20260331 22:29:50- INFO- 获取 20230201 数据失败: 请求过于频繁 🔥🔥🔥🔥🔥🔥🔥🔥⚡❄️ 8秒后可用
20260331 22:29:51- INFO- 获取 20230202 数据失败: 请求过于频繁 🔥🔥🔥🔥🔥🔥🔥🔥⚡❄️ 8秒后可用
20260331 22:29:51- INFO- 获取 20230203 数据失败: 请求过于频繁 🔥🔥🔥🔥🔥🔥🔥🔥⚡❄️ 8秒后可用
20260331 22:29:51- INFO- 获取 20230204 数据失败: 请求过于频繁 🔥🔥🔥🔥🔥🔥🔥🔥⚡❄️ 7秒后可用
20260331 22:29:51- INFO- 获取 20230205 数据失败: 请求过于频繁 🔥🔥🔥🔥🔥🔥🔥🔥⚡❄️ 7秒后可用
20260331 22:29:51- INFO- 获取 20230206 数据失败: 请求过于频繁 🔥🔥🔥🔥🔥🔥🔥🔥⚡❄️ 7秒后可用
20260331 22:29:51- INFO- 获取 20230207 数据失败: 请求过于频繁 🔥🔥🔥🔥🔥🔥🔥🔥⚡❄️ 7秒后可用
20260331 22:29:51- INFO- 获取 20230208 数据失败: 请求过于频繁 🔥🔥🔥🔥🔥🔥🔥🔥⚡❄️ 7秒后可用
20260331 22:29:51- INFO- 获取 20230209 数据失败: 请求过于频繁 🔥🔥🔥🔥🔥🔥🔥🔥⚡❄️ 7秒后可用
20260331 22:29:51- INFO- 获取 20230210 数据失败: 请求过于频繁 🔥🔥🔥🔥🔥🔥🔥🔥⚡❄️ 7秒后可用
20260331 22:29:51- INFO- 获取 20230211 数据失败: 请求过于频繁 🔥🔥🔥🔥🔥🔥🔥🔥⚡❄️ 7秒后可用
20260331 22:29:51- INFO- 获取 20230212 数据失败: 请求过于频繁 🔥🔥🔥🔥🔥🔥🔥🔥⚡❄️ 7秒后可用
20260331 22:29:52- INFO- 获取 20230213 数据失败: 请求过于频繁 🔥🔥🔥🔥🔥🔥🔥🔥⚡❄️ 7秒后可用
20260331 22:29:52- INFO- 获取 20230214 数据失败: 请求过于频繁 🔥🔥🔥🔥🔥🔥🔥🔥⚡❄️ 7秒后可用
20260331 22:29:52- INFO- 获取 20230215 数据失败: 请求过于频繁 🔥🔥🔥🔥🔥🔥🔥🔥🔥⚡ 6秒后可用
20260331 22:29:52- INFO- 获取 20230216 数据失败: 请求过于频繁 🔥🔥🔥🔥🔥🔥🔥🔥🔥⚡ 6秒后可用
20260331 22:29:52- INFO- 获取 20230217 数据失败: 请求过于频繁 🔥🔥🔥🔥🔥🔥🔥🔥🔥⚡ 6秒后可用
20260331 22:29:52- INFO- 获取 20230218 数据失败: 请求过于频繁 🔥🔥🔥🔥🔥🔥🔥🔥🔥⚡ 6秒后可用
20260331 22:29:52- INFO- 获取 20230219 数据失败: 请求过于频繁 🔥🔥🔥🔥🔥🔥🔥🔥🔥⚡ 6秒后可用
20260331 22:29:52- INFO- 获取 20230220 数据失败: 请求过于频繁 🔥🔥🔥🔥🔥🔥🔥🔥🔥⚡ 6秒后可用
20260331 22:29:52- INFO- 获取 20230221 数据失败: 请求过于频繁 🔥🔥🔥🔥🔥🔥🔥🔥🔥⚡ 6秒后可用
20260331 22:29:52- INFO- 获取 20230222 数据失败: 请求过于频繁 🔥🔥🔥🔥🔥🔥🔥🔥🔥⚡ 6秒后可用
20260331 22:29:53- INFO- 获取 20230223 数据失败: 请求过于频繁 🔥🔥🔥🔥🔥🔥🔥🔥🔥⚡ 6秒后可用
20260331 22:29:53- INFO- 获取 20230224 数据失败: 请求过于频繁 🔥🔥🔥🔥🔥🔥🔥🔥🔥⚡ 6秒后可用
20260331 22:29:53- INFO- 获取 20230225 数据失败: 请求过于频繁 🔥🔥🔥🔥🔥🔥🔥🔥🔥⚡ 5秒后可用
20260331 22:29:53- INFO- 获取 20230226 数据失败: 请求过于频繁 🔥🔥🔥🔥🔥🔥🔥🔥🔥⚡ 5秒后可用
20260331 22:29:53- INFO- 获取 20230227 数据失败: 请求过于频繁 🔥🔥🔥🔥🔥🔥🔥🔥🔥⚡ 5秒后可用
20260331 22:29:53- INFO- 获取 20230228 数据失败: 请求过于频繁 🔥🔥🔥🔥🔥🔥🔥🔥🔥⚡ 5秒后可用
20260331 22:29:53- INFO- 获取 20230301 数据失败: 请求过于频繁 🔥🔥🔥🔥🔥🔥🔥🔥🔥⚡ 5秒后可用
20260331 22:29:53- INFO- 获取 20230302 数据失败: 请求过于频繁 🔥🔥🔥🔥🔥🔥🔥🔥🔥⚡ 5秒后可用
20260331 22:29:53- INFO- 获取 20230303 数据失败: 请求过于频繁 🔥🔥🔥🔥🔥🔥🔥🔥🔥⚡ 5秒后可用
20260331 22:29:53- INFO- 获取 20230304 数据失败: 请求过于频繁 🔥🔥🔥🔥🔥🔥🔥🔥🔥⚡ 5秒后可用
20260331 22:29:53- INFO- 获取 20230305 数据失败: 请求过于频繁 🔥🔥🔥🔥🔥🔥🔥🔥🔥⚡ 5秒后可用
20260331 22:29:54- INFO- 获取 20230306 数据失败: 请求过于频繁 🔥🔥🔥🔥🔥🔥🔥🔥🔥⚡ 5秒后可用
20260331 22:29:54- INFO- 获取 20230307 数据失败: 请求过于频繁 🔥🔥🔥🔥🔥🔥🔥🔥🔥⚡ 4秒后可用
20260331 22:29:54- INFO- 获取 20230308 数据失败: 请求过于频繁 🔥🔥🔥🔥🔥🔥🔥🔥🔥⚡ 4秒后可用
20260331 22:29:54- INFO- 获取 20230309 数据失败: 请求过于频繁 🔥🔥🔥🔥🔥🔥🔥🔥🔥⚡ 4秒后可用
20260331 22:29:54- INFO- 获取 20230310 数据失败: 请求过于频繁 🔥🔥🔥🔥🔥🔥🔥🔥🔥⚡ 4秒后可用
20260331 22:29:54- INFO- 获取 20230311 数据失败: 请求过于频繁 🔥🔥🔥🔥🔥🔥🔥🔥🔥⚡ 4秒后可用
20260331 22:29:54- INFO- 获取 20230312 数据失败: 请求过于频繁 🔥🔥🔥🔥🔥🔥🔥🔥🔥⚡ 4秒后可用
20260331 22:29:54- INFO- 获取 20230313 数据失败: 请求过于频繁 🔥🔥🔥🔥🔥🔥🔥🔥🔥⚡ 4秒后可用
20260331 22:29:54- INFO- 获取 20230314 数据失败: 请求过于频繁 🔥🔥🔥🔥🔥🔥🔥🔥🔥⚡ 4秒后可用
20260331 22:29:54- INFO- 获取 20230315 数据失败: 请求过于频繁 🔥🔥🔥🔥🔥🔥🔥🔥🔥⚡ 4秒后可用
20260331 22:29:55- INFO- 获取 20230316 数据失败: 请求过于频繁 🔥🔥🔥🔥🔥🔥🔥🔥🔥⚡ 4秒后可用
20260331 22:29:55- INFO- 获取 20230317 数据失败: 请求过于频繁 🔥🔥🔥🔥🔥🔥🔥🔥🔥⚡ 4秒后可用
20260331 22:29:55- INFO- 获取 20230318 数据失败: 请求过于频繁 🔥🔥🔥🔥🔥🔥🔥🔥🔥⚡ 3秒后可用
20260331 22:29:55- INFO- 获取 20230319 数据失败: 请求过于频繁 🔥🔥🔥🔥🔥🔥🔥🔥🔥⚡ 3秒后可用
20260331 22:29:55- INFO- 获取 20230320 数据失败: 请求过于频繁 🔥🔥🔥🔥🔥🔥🔥🔥🔥⚡ 3秒后可用
20260331 22:29:55- INFO- 获取 20230321 数据失败: 请求过于频繁 🔥🔥🔥🔥🔥🔥🔥🔥🔥⚡ 3秒后可用
20260331 22:29:55- INFO- 获取 20230322 数据失败: 请求过于频繁 🔥🔥🔥🔥🔥🔥🔥🔥🔥⚡ 3秒后可用
20260331 22:29:55- INFO- 获取 20230323 数据失败: 请求过于频繁 🔥🔥🔥🔥🔥🔥🔥🔥🔥⚡ 3秒后可用
20260331 22:29:55- INFO- 获取 20230324 数据失败: 请求过于频繁 🔥🔥🔥🔥🔥🔥🔥🔥🔥⚡ 3秒后可用
20260331 22:29:55- INFO- 获取 20230325 数据失败: 请求过于频繁 🔥🔥🔥🔥🔥🔥🔥🔥🔥⚡ 3秒后可用
20260331 22:29:55- INFO- 获取 20230326 数据失败: 请求过于频繁 🔥🔥🔥🔥🔥🔥🔥🔥🔥⚡ 3秒后可用
20260331 22:29:56- INFO- 获取 20230327 数据失败: 请求过于频繁 🔥🔥🔥🔥🔥🔥🔥🔥🔥⚡ 3秒后可用
20260331 22:29:56- INFO- 获取 20230328 数据失败: 请求过于频繁 🔥🔥🔥🔥🔥🔥🔥🔥🔥⚡ 2秒后可用
20260331 22:29:56- INFO- 获取 20230329 数据失败: 请求过于频繁 🔥🔥🔥🔥🔥🔥🔥🔥🔥⚡ 2秒后可用
20260331 22:29:56- INFO- 获取 20230330 数据失败: 请求过于频繁 🔥🔥🔥🔥🔥🔥🔥🔥🔥⚡ 2秒后可用
20260331 22:29:56- INFO- 获取 20230331 数据失败: 请求过于频繁 🔥🔥🔥🔥🔥🔥🔥🔥🔥⚡ 2秒后可用
20260331 22:29:56- INFO- 获取 20230401 数据失败: 请求过于频繁 🔥🔥🔥🔥🔥🔥🔥🔥🔥⚡ 2秒后可用
20260331 22:29:56- INFO- 获取 20230402 数据失败: 请求过于频繁 🔥🔥🔥🔥🔥🔥🔥🔥🔥⚡ 2秒后可用
20260331 22:29:56- INFO- 获取 20230403 数据失败: 请求过于频繁 🔥🔥🔥🔥🔥🔥🔥🔥🔥⚡ 2秒后可用
20260331 22:29:56- INFO- 获取 20230404 数据失败: 请求过于频繁 🔥🔥🔥🔥🔥🔥🔥🔥🔥⚡ 2秒后可用
20260331 22:29:56- INFO- 获取 20230405 数据失败: 请求过于频繁 🔥🔥🔥🔥🔥🔥🔥🔥🔥⚡ 2秒后可用
20260331 22:29:56- INFO- 获取 20230406 数据失败: 请求过于频繁 🔥🔥🔥🔥🔥🔥🔥🔥🔥⚡ 2秒后可用
20260331 22:29:57- INFO- 获取 20230407 数据失败: 请求过于频繁 🔥🔥🔥🔥🔥🔥🔥🔥🔥⚡ 2秒后可用
20260331 22:29:57- INFO- 获取 20230408 数据失败: 请求过于频繁 🔥🔥🔥🔥🔥🔥🔥🔥🔥⚡ 1秒后可用
20260331 22:29:57- INFO- 获取 20230409 数据失败: 请求过于频繁 🔥🔥🔥🔥🔥🔥🔥🔥🔥⚡ 1秒后可用
20260331 22:29:57- INFO- 获取 20230410 数据失败: 请求过于频繁 🔥🔥🔥🔥🔥🔥🔥🔥🔥⚡ 1秒后可用
20260331 22:29:57- INFO- 获取 20230411 数据失败: 请求过于频繁 🔥🔥🔥🔥🔥🔥🔥🔥🔥⚡ 1秒后可用
20260331 22:29:57- INFO- 获取 20230412 数据失败: 请求过于频繁 🔥🔥🔥🔥🔥🔥🔥🔥🔥⚡ 1秒后可用
20260331 22:29:57- INFO- 获取 20230413 数据失败: 请求过于频繁 🔥🔥🔥🔥🔥🔥🔥🔥🔥⚡ 1秒后可用
20260331 22:29:57- INFO- 获取 20230414 数据失败: 请求过于频繁 🔥🔥🔥🔥🔥🔥🔥🔥🔥⚡ 1秒后可用
20260331 22:29:57- INFO- 获取 20230415 数据失败: 请求过于频繁 🔥🔥🔥🔥🔥🔥🔥🔥🔥⚡ 1秒后可用
20260331 22:29:57- INFO- 获取 20230416 数据失败: 请求过于频繁 🔥🔥🔥🔥🔥🔥🔥🔥🔥⚡ 1秒后可用
20260331 22:29:58- INFO- 获取 20230417 数据失败: 请求过于频繁 🔥🔥🔥🔥🔥🔥🔥🔥🔥⚡ 1秒后可用
20260331 22:29:58- INFO- 获取 20230418 数据失败: 请求过于频繁 🔥🔥🔥🔥🔥🔥🔥🔥🔥⚡ 1秒后可用
20260331 22:29:58- INFO- 已获取 20230419 指数基本指标
20260331 22:29:58- INFO- 已获取 20230420 指数基本指标
20260331 22:29:58- INFO- 已获取 20230421 指数基本指标
20260331 22:29:58- INFO- 已获取 20230424 指数基本指标
20260331 22:29:59- INFO- 已获取 20230425 指数基本指标
20260331 22:29:59- INFO- 已获取 20230426 指数基本指标
20260331 22:29:59- INFO- 已获取 20230427 指数基本指标
20260331 22:29:59- INFO- 已获取 20230428 指数基本指标
20260331 22:29:59- INFO- 已获取 20230504 指数基本指标
20260331 22:30:00- INFO- 已获取 20230505 指数基本指标
20260331 22:30:00- INFO- 已获取 20230508 指数基本指标
20260331 22:30:00- INFO- 已获取 20230509 指数基本指标
20260331 22:30:00- INFO- 已获取 20230510 指数基本指标
20260331 22:30:00- INFO- 已获取 20230511 指数基本指标
20260331 22:30:00- INFO- 已获取 20230512 指数基本指标
20260331 22:30:01- INFO- 已获取 20230515 指数基本指标
20260331 22:30:01- INFO- 已获取 20230516 指数基本指标
20260331 22:30:01- INFO- 已获取 20230517 指数基本指标
20260331 22:30:01- INFO- 已获取 20230518 指数基本指标
20260331 22:30:01- INFO- 已获取 20230519 指数基本指标
20260331 22:30:01- INFO- 已获取 20230522 指数基本指标
20260331 22:30:01- INFO- 已获取 20230523 指数基本指标
20260331 22:30:02- INFO- 已获取 20230524 指数基本指标
20260331 22:30:02- INFO- 已获取 20230525 指数基本指标
20260331 22:30:02- INFO- 已获取 20230526 指数基本指标
20260331 22:30:02- INFO- 已获取 20230529 指数基本指标
20260331 22:30:02- INFO- 已获取 20230530 指数基本指标
20260331 22:30:02- INFO- 已获取 20230531 指数基本指标
20260331 22:30:02- INFO- 已获取 20230601 指数基本指标
20260331 22:30:03- INFO- 已获取 20230602 指数基本指标
20260331 22:30:03- INFO- 已获取 20230605 指数基本指标
20260331 22:30:03- INFO- 已获取 20230606 指数基本指标
20260331 22:30:03- INFO- 已获取 20230607 指数基本指标
20260331 22:30:03- INFO- 已获取 20230608 指数基本指标
20260331 22:30:03- INFO- 已获取 20230609 指数基本指标
20260331 22:30:04- INFO- 已获取 20230612 指数基本指标
20260331 22:30:04- INFO- 已获取 20230613 指数基本指标
20260331 22:30:04- INFO- 已获取 20230614 指数基本指标
20260331 22:30:04- INFO- 已获取 20230615 指数基本指标
20260331 22:30:04- INFO- 已获取 20230616 指数基本指标
20260331 22:30:04- INFO- 已获取 20230619 指数基本指标
20260331 22:30:05- INFO- 已获取 20230620 指数基本指标
20260331 22:30:05- INFO- 已获取 20230621 指数基本指标
20260331 22:30:05- INFO- 已获取 20230626 指数基本指标
20260331 22:30:05- INFO- 已获取 20230627 指数基本指标
20260331 22:30:05- INFO- 已获取 20230628 指数基本指标
20260331 22:30:05- INFO- 已获取 20230629 指数基本指标
20260331 22:30:06- INFO- 已获取 20230630 指数基本指标
20260331 22:30:06- INFO- 已获取 20230703 指数基本指标
20260331 22:30:06- INFO- 已获取 20230704 指数基本指标
20260331 22:30:06- INFO- 已获取 20230705 指数基本指标
20260331 22:30:06- INFO- 已获取 20230706 指数基本指标
20260331 22:30:06- INFO- 已获取 20230707 指数基本指标
20260331 22:30:07- INFO- 已获取 20230710 指数基本指标
20260331 22:30:07- INFO- 已获取 20230711 指数基本指标
20260331 22:30:07- INFO- 已获取 20230712 指数基本指标
20260331 22:30:07- INFO- 已获取 20230713 指数基本指标
20260331 22:30:07- INFO- 已获取 20230714 指数基本指标
20260331 22:30:07- INFO- 已获取 20230717 指数基本指标
20260331 22:30:07- INFO- 已获取 20230718 指数基本指标
20260331 22:30:08- INFO- 已获取 20230719 指数基本指标
20260331 22:30:08- INFO- 已获取 20230720 指数基本指标
20260331 22:30:08- INFO- 已获取 20230721 指数基本指标
20260331 22:30:08- INFO- 已获取 20230724 指数基本指标
20260331 22:30:08- INFO- 已获取 20230725 指数基本指标
20260331 22:30:08- INFO- 已获取 20230726 指数基本指标
20260331 22:30:08- INFO- 已获取 20230727 指数基本指标
20260331 22:30:09- INFO- 已获取 20230728 指数基本指标
20260331 22:30:09- INFO- 已获取 20230731 指数基本指标
20260331 22:30:09- INFO- 已获取 20230801 指数基本指标
20260331 22:30:09- INFO- 已获取 20230802 指数基本指标
20260331 22:30:09- INFO- 已获取 20230803 指数基本指标
20260331 22:30:09- INFO- 已获取 20230804 指数基本指标
20260331 22:30:10- INFO- 已获取 20230807 指数基本指标
20260331 22:30:10- INFO- 已获取 20230808 指数基本指标
20260331 22:30:10- INFO- 已获取 20230809 指数基本指标
20260331 22:30:10- INFO- 已获取 20230810 指数基本指标
20260331 22:30:10- INFO- 已获取 20230811 指数基本指标
20260331 22:30:10- INFO- 已获取 20230814 指数基本指标
20260331 22:30:10- INFO- 已获取 20230815 指数基本指标
20260331 22:30:10- INFO- 已获取 20230816 指数基本指标
20260331 22:30:11- INFO- 已获取 20230817 指数基本指标
20260331 22:30:11- INFO- 已获取 20230818 指数基本指标
20260331 22:30:11- INFO- 已获取 20230821 指数基本指标
20260331 22:30:11- INFO- 已获取 20230822 指数基本指标
20260331 22:30:11- INFO- 已获取 20230823 指数基本指标
20260331 22:30:11- INFO- 已获取 20230824 指数基本指标
20260331 22:30:11- INFO- 已获取 20230825 指数基本指标
20260331 22:30:12- INFO- 已获取 20230828 指数基本指标
20260331 22:30:12- INFO- 已获取 20230829 指数基本指标
20260331 22:30:12- INFO- 已获取 20230830 指数基本指标
20260331 22:30:12- INFO- 已获取 20230831 指数基本指标
20260331 22:30:12- INFO- 已获取 20230901 指数基本指标
20260331 22:30:12- INFO- 已获取 20230904 指数基本指标
20260331 22:30:13- INFO- 已获取 20230905 指数基本指标
20260331 22:30:13- INFO- 已获取 20230906 指数基本指标
20260331 22:30:13- INFO- 已获取 20230907 指数基本指标
20260331 22:30:13- INFO- 已获取 20230908 指数基本指标
20260331 22:30:13- INFO- 已获取 20230911 指数基本指标
20260331 22:30:13- INFO- 已获取 20230912 指数基本指标
20260331 22:30:14- INFO- 已获取 20230913 指数基本指标
20260331 22:30:14- INFO- 已获取 20230914 指数基本指标
20260331 22:30:14- INFO- 已获取 20230915 指数基本指标
20260331 22:30:14- INFO- 已获取 20230918 指数基本指标
20260331 22:30:14- INFO- 已获取 20230919 指数基本指标
20260331 22:30:14- INFO- 已获取 20230920 指数基本指标
20260331 22:30:14- INFO- 已获取 20230921 指数基本指标
20260331 22:30:14- INFO- 已获取 20230922 指数基本指标
20260331 22:30:15- INFO- 已获取 20230925 指数基本指标
20260331 22:30:15- INFO- 已获取 20230926 指数基本指标
20260331 22:30:15- INFO- 已获取 20230927 指数基本指标
20260331 22:30:15- INFO- 已获取 20230928 指数基本指标
20260331 22:30:16- INFO- 已获取 20231009 指数基本指标
20260331 22:30:16- INFO- 已获取 20231010 指数基本指标
20260331 22:30:16- INFO- 已获取 20231011 指数基本指标
20260331 22:30:17- INFO- 已获取 20231012 指数基本指标
20260331 22:30:17- INFO- 已获取 20231013 指数基本指标
20260331 22:30:17- INFO- 已获取 20231016 指数基本指标
20260331 22:30:17- INFO- 已获取 20231017 指数基本指标
20260331 22:30:17- INFO- 已获取 20231018 指数基本指标
20260331 22:30:17- INFO- 已获取 20231019 指数基本指标
20260331 22:30:17- INFO- 已获取 20231020 指数基本指标
20260331 22:30:18- INFO- 已获取 20231023 指数基本指标
20260331 22:30:18- INFO- 已获取 20231024 指数基本指标
20260331 22:30:18- INFO- 已获取 20231025 指数基本指标
20260331 22:30:18- INFO- 已获取 20231026 指数基本指标
20260331 22:30:18- INFO- 已获取 20231027 指数基本指标
20260331 22:30:18- INFO- 已获取 20231030 指数基本指标
20260331 22:30:19- INFO- 已获取 20231031 指数基本指标
20260331 22:30:19- INFO- 已获取 20231101 指数基本指标
20260331 22:30:19- INFO- 已获取 20231102 指数基本指标
20260331 22:30:19- INFO- 已获取 20231103 指数基本指标
20260331 22:30:19- INFO- 已获取 20231106 指数基本指标
20260331 22:30:19- INFO- 已获取 20231107 指数基本指标
20260331 22:30:19- INFO- 已获取 20231108 指数基本指标
20260331 22:30:20- INFO- 已获取 20231109 指数基本指标
20260331 22:30:20- INFO- 已获取 20231110 指数基本指标
20260331 22:30:20- INFO- 已获取 20231113 指数基本指标
20260331 22:30:20- INFO- 已获取 20231114 指数基本指标
20260331 22:30:20- INFO- 已获取 20231115 指数基本指标
20260331 22:30:20- INFO- 已获取 20231116 指数基本指标
20260331 22:30:20- INFO- 已获取 20231117 指数基本指标
20260331 22:30:21- INFO- 已获取 20231120 指数基本指标
20260331 22:30:21- INFO- 已获取 20231121 指数基本指标
20260331 22:30:21- INFO- 已获取 20231122 指数基本指标
20260331 22:30:21- INFO- 已获取 20231123 指数基本指标
20260331 22:30:21- INFO- 已获取 20231124 指数基本指标
20260331 22:30:21- INFO- 已获取 20231127 指数基本指标
20260331 22:30:22- INFO- 已获取 20231128 指数基本指标
20260331 22:30:22- INFO- 已获取 20231129 指数基本指标
20260331 22:30:22- INFO- 已获取 20231130 指数基本指标
20260331 22:30:22- INFO- 已获取 20231201 指数基本指标
20260331 22:30:22- INFO- 已获取 20231204 指数基本指标
20260331 22:30:22- INFO- 已获取 20231205 指数基本指标
20260331 22:30:22- INFO- 已获取 20231206 指数基本指标
20260331 22:30:22- INFO- 已获取 20231207 指数基本指标
20260331 22:30:23- INFO- 已获取 20231208 指数基本指标
20260331 22:30:23- INFO- 已获取 20231211 指数基本指标
20260331 22:30:23- INFO- 已获取 20231212 指数基本指标
20260331 22:30:23- INFO- 已获取 20231213 指数基本指标
20260331 22:30:23- INFO- 已获取 20231214 指数基本指标
20260331 22:30:23- INFO- 已获取 20231215 指数基本指标
20260331 22:30:24- INFO- 已获取 20231218 指数基本指标
20260331 22:30:24- INFO- 已获取 20231219 指数基本指标
20260331 22:30:24- INFO- 已获取 20231220 指数基本指标
20260331 22:30:24- INFO- 已获取 20231221 指数基本指标
20260331 22:30:24- INFO- 已获取 20231222 指数基本指标
20260331 22:30:24- INFO- 已获取 20231225 指数基本指标
20260331 22:30:24- INFO- 已获取 20231226 指数基本指标
20260331 22:30:25- INFO- 已获取 20231227 指数基本指标
20260331 22:30:25- INFO- 已获取 20231228 指数基本指标
20260331 22:30:25- INFO- 已获取 20231229 指数基本指标
20260331 22:30:25- INFO- 已获取 20240102 指数基本指标
20260331 22:30:25- INFO- 已获取 20240103 指数基本指标
20260331 22:30:25- INFO- 已获取 20240104 指数基本指标
20260331 22:30:26- INFO- 已获取 20240105 指数基本指标
20260331 22:30:26- INFO- 已获取 20240108 指数基本指标
20260331 22:30:26- INFO- 已获取 20240109 指数基本指标
20260331 22:30:26- INFO- 已获取 20240110 指数基本指标
20260331 22:30:26- INFO- 已获取 20240111 指数基本指标
20260331 22:30:26- INFO- 已获取 20240112 指数基本指标
20260331 22:30:27- INFO- 已获取 20240115 指数基本指标
20260331 22:30:27- INFO- 已获取 20240116 指数基本指标
20260331 22:30:27- INFO- 已获取 20240117 指数基本指标
20260331 22:30:27- INFO- 已获取 20240118 指数基本指标
20260331 22:30:27- INFO- 已获取 20240119 指数基本指标
20260331 22:30:27- INFO- 已获取 20240122 指数基本指标
20260331 22:30:27- INFO- 已获取 20240123 指数基本指标
20260331 22:30:28- INFO- 已获取 20240124 指数基本指标
20260331 22:30:28- INFO- 已获取 20240125 指数基本指标
20260331 22:30:28- INFO- 已获取 20240126 指数基本指标
20260331 22:30:28- INFO- 已获取 20240129 指数基本指标
20260331 22:30:28- INFO- 已获取 20240130 指数基本指标
20260331 22:30:28- INFO- 已获取 20240131 指数基本指标
20260331 22:30:28- INFO- 已获取 20240201 指数基本指标
20260331 22:30:29- INFO- 已获取 20240202 指数基本指标
20260331 22:30:29- INFO- 已获取 20240205 指数基本指标
20260331 22:30:29- INFO- 已获取 20240206 指数基本指标
20260331 22:30:29- INFO- 已获取 20240207 指数基本指标
20260331 22:30:29- INFO- 已获取 20240208 指数基本指标
20260331 22:30:30- INFO- 已获取 20240219 指数基本指标
20260331 22:30:30- INFO- 已获取 20240220 指数基本指标
20260331 22:30:31- INFO- 已获取 20240221 指数基本指标
20260331 22:30:31- INFO- 已获取 20240222 指数基本指标
20260331 22:30:31- INFO- 已获取 20240223 指数基本指标
20260331 22:30:31- INFO- 已获取 20240226 指数基本指标
20260331 22:30:31- INFO- 已获取 20240227 指数基本指标
20260331 22:30:31- INFO- 已获取 20240228 指数基本指标
20260331 22:30:31- INFO- 已获取 20240229 指数基本指标
20260331 22:30:31- INFO- 已获取 20240301 指数基本指标
20260331 22:30:32- INFO- 已获取 20240304 指数基本指标
20260331 22:30:32- INFO- 已获取 20240305 指数基本指标
20260331 22:30:32- INFO- 已获取 20240306 指数基本指标
20260331 22:30:32- INFO- 已获取 20240307 指数基本指标
20260331 22:30:32- INFO- 已获取 20240308 指数基本指标
20260331 22:30:32- INFO- 已获取 20240311 指数基本指标
20260331 22:30:33- INFO- 已获取 20240312 指数基本指标
20260331 22:30:33- INFO- 已获取 20240313 指数基本指标
20260331 22:30:33- INFO- 已获取 20240314 指数基本指标
20260331 22:30:33- INFO- 已获取 20240315 指数基本指标
20260331 22:30:33- INFO- 已获取 20240318 指数基本指标
20260331 22:30:33- INFO- 已获取 20240319 指数基本指标
20260331 22:30:33- INFO- 已获取 20240320 指数基本指标
20260331 22:30:34- INFO- 已获取 20240321 指数基本指标
20260331 22:30:34- INFO- 已获取 20240322 指数基本指标
20260331 22:30:34- INFO- 已获取 20240325 指数基本指标
20260331 22:30:34- INFO- 已获取 20240326 指数基本指标
20260331 22:30:34- INFO- 已获取 20240327 指数基本指标
20260331 22:30:34- INFO- 已获取 20240328 指数基本指标
20260331 22:30:34- INFO- 已获取 20240329 指数基本指标
20260331 22:30:35- INFO- 已获取 20240401 指数基本指标
20260331 22:30:35- INFO- 已获取 20240402 指数基本指标
20260331 22:30:35- INFO- 已获取 20240403 指数基本指标
20260331 22:30:36- INFO- 已获取 20240408 指数基本指标
20260331 22:30:36- INFO- 已获取 20240409 指数基本指标
20260331 22:30:36- INFO- 已获取 20240410 指数基本指标
20260331 22:30:36- INFO- 获取 20240411 数据失败: 请求过于频繁 🔥🔥🔥🔥🔥🔥⚡❄️❄️❄️ 22秒后可用
20260331 22:30:36- INFO- 获取 20240412 数据失败: 请求过于频繁 🔥🔥🔥🔥🔥🔥⚡❄️❄️❄️ 22秒后可用
20260331 22:30:36- INFO- 获取 20240413 数据失败: 请求过于频繁 🔥🔥🔥🔥🔥🔥⚡❄️❄️❄️ 22秒后可用
20260331 22:30:36- INFO- 获取 20240414 数据失败: 请求过于频繁 🔥🔥🔥🔥🔥🔥⚡❄️❄️❄️ 22秒后可用
20260331 22:30:36- INFO- 获取 20240415 数据失败: 请求过于频繁 🔥🔥🔥🔥🔥🔥⚡❄️❄️❄️ 22秒后可用
20260331 22:30:36- INFO- 获取 20240416 数据失败: 请求过于频繁 🔥🔥🔥🔥🔥🔥⚡❄️❄️❄️ 22秒后可用
20260331 22:30:36- INFO- 获取 20240417 数据失败: 请求过于频繁 🔥🔥🔥🔥🔥🔥⚡❄️❄️❄️ 22秒后可用
20260331 22:30:36- INFO- 获取 20240418 数据失败: 请求过于频繁 🔥🔥🔥🔥🔥🔥⚡❄️❄️❄️ 22秒后可用
20260331 22:30:37- INFO- 获取 20240419 数据失败: 请求过于频繁 🔥🔥🔥🔥🔥🔥⚡❄️❄️❄️ 22秒后可用
20260331 22:30:37- INFO- 获取 20240420 数据失败: 请求过于频繁 🔥🔥🔥🔥🔥🔥⚡❄️❄️❄️ 21秒后可用
20260331 22:30:37- INFO- 获取 20240421 数据失败: 请求过于频繁 🔥🔥🔥🔥🔥🔥⚡❄️❄️❄️ 21秒后可用
20260331 22:30:37- INFO- 获取 20240422 数据失败: 请求过于频繁 🔥🔥🔥🔥🔥🔥⚡❄️❄️❄️ 21秒后可用
20260331 22:30:37- INFO- 获取 20240423 数据失败: 请求过于频繁 🔥🔥🔥🔥🔥🔥⚡❄️❄️❄️ 21秒后可用
20260331 22:30:37- INFO- 获取 20240424 数据失败: 请求过于频繁 🔥🔥🔥🔥🔥🔥⚡❄️❄️❄️ 21秒后可用
20260331 22:30:37- INFO- 获取 20240425 数据失败: 请求过于频繁 🔥🔥🔥🔥🔥🔥⚡❄️❄️❄️ 21秒后可用
20260331 22:30:37- INFO- 获取 20240426 数据失败: 请求过于频繁 🔥🔥🔥🔥🔥🔥⚡❄️❄️❄️ 21秒后可用
20260331 22:30:37- INFO- 获取 20240427 数据失败: 请求过于频繁 🔥🔥🔥🔥🔥🔥⚡❄️❄️❄️ 21秒后可用
20260331 22:30:37- INFO- 获取 20240428 数据失败: 请求过于频繁 🔥🔥🔥🔥🔥🔥⚡❄️❄️❄️ 21秒后可用
20260331 22:30:37- INFO- 获取 20240429 数据失败: 请求过于频繁 🔥🔥🔥🔥🔥🔥⚡❄️❄️❄️ 21秒后可用
20260331 22:30:38- INFO- 获取 20240430 数据失败: 请求过于频繁 🔥🔥🔥🔥🔥🔥⚡❄️❄️❄️ 21秒后可用
20260331 22:30:38- INFO- 获取 20240501 数据失败: 请求过于频繁 🔥🔥🔥🔥🔥🔥⚡❄️❄️❄️ 20秒后可用
20260331 22:30:38- INFO- 获取 20240502 数据失败: 请求过于频繁 🔥🔥🔥🔥🔥🔥⚡❄️❄️❄️ 20秒后可用
20260331 22:30:38- INFO- 获取 20240503 数据失败: 请求过于频繁 🔥🔥🔥🔥🔥🔥⚡❄️❄️❄️ 20秒后可用
20260331 22:30:38- INFO- 获取 20240504 数据失败: 请求过于频繁 🔥🔥🔥🔥🔥🔥⚡❄️❄️❄️ 20秒后可用
20260331 22:30:38- INFO- 获取 20240505 数据失败: 请求过于频繁 🔥🔥🔥🔥🔥🔥⚡❄️❄️❄️ 20秒后可用
20260331 22:30:38- INFO- 获取 20240506 数据失败: 请求过于频繁 🔥🔥🔥🔥🔥🔥⚡❄️❄️❄️ 20秒后可用
20260331 22:30:38- INFO- 获取 20240507 数据失败: 请求过于频繁 🔥🔥🔥🔥🔥🔥⚡❄️❄️❄️ 20秒后可用
20260331 22:30:38- INFO- 获取 20240508 数据失败: 请求过于频繁 🔥🔥🔥🔥🔥🔥⚡❄️❄️❄️ 20秒后可用
20260331 22:30:38- INFO- 获取 20240509 数据失败: 请求过于频繁 🔥🔥🔥🔥🔥🔥⚡❄️❄️❄️ 20秒后可用
20260331 22:30:39- INFO- 获取 20240510 数据失败: 请求过于频繁 🔥🔥🔥🔥🔥🔥⚡❄️❄️❄️ 20秒后可用
20260331 22:30:39- INFO- 获取 20240511 数据失败: 请求过于频繁 🔥🔥🔥🔥🔥🔥⚡❄️❄️❄️ 19秒后可用
20260331 22:30:39- INFO- 获取 20240512 数据失败: 请求过于频繁 🔥🔥🔥🔥🔥🔥⚡❄️❄️❄️ 19秒后可用
20260331 22:30:39- INFO- 获取 20240513 数据失败: 请求过于频繁 🔥🔥🔥🔥🔥🔥⚡❄️❄️❄️ 19秒后可用
20260331 22:30:39- INFO- 获取 20240514 数据失败: 请求过于频繁 🔥🔥🔥🔥🔥🔥⚡❄️❄️❄️ 19秒后可用
20260331 22:30:39- INFO- 获取 20240515 数据失败: 请求过于频繁 🔥🔥🔥🔥🔥🔥⚡❄️❄️❄️ 19秒后可用
20260331 22:30:39- INFO- 获取 20240516 数据失败: 请求过于频繁 🔥🔥🔥🔥🔥🔥⚡❄️❄️❄️ 19秒后可用
20260331 22:30:39- INFO- 获取 20240517 数据失败: 请求过于频繁 🔥🔥🔥🔥🔥🔥⚡❄️❄️❄️ 19秒后可用
20260331 22:30:39- INFO- 获取 20240518 数据失败: 请求过于频繁 🔥🔥🔥🔥🔥🔥⚡❄️❄️❄️ 19秒后可用
20260331 22:30:39- INFO- 获取 20240519 数据失败: 请求过于频繁 🔥🔥🔥🔥🔥🔥⚡❄️❄️❄️ 19秒后可用
20260331 22:30:39- INFO- 获取 20240520 数据失败: 请求过于频繁 🔥🔥🔥🔥🔥🔥⚡❄️❄️❄️ 19秒后可用
20260331 22:30:40- INFO- 获取 20240521 数据失败: 请求过于频繁 🔥🔥🔥🔥🔥🔥⚡❄️❄️❄️ 19秒后可用
20260331 22:30:40- INFO- 获取 20240522 数据失败: 请求过于频繁 🔥🔥🔥🔥🔥🔥🔥⚡❄️❄️ 18秒后可用
20260331 22:30:40- INFO- 获取 20240523 数据失败: 请求过于频繁 🔥🔥🔥🔥🔥🔥🔥⚡❄️❄️ 18秒后可用
20260331 22:30:40- INFO- 获取 20240524 数据失败: 请求过于频繁 🔥🔥🔥🔥🔥🔥🔥⚡❄️❄️ 18秒后可用
20260331 22:30:40- INFO- 获取 20240525 数据失败: 请求过于频繁 🔥🔥🔥🔥🔥🔥🔥⚡❄️❄️ 18秒后可用
20260331 22:30:40- INFO- 获取 20240526 数据失败: 请求过于频繁 🔥🔥🔥🔥🔥🔥🔥⚡❄️❄️ 18秒后可用
20260331 22:30:40- INFO- 获取 20240527 数据失败: 请求过于频繁 🔥🔥🔥🔥🔥🔥🔥⚡❄️❄️ 18秒后可用
20260331 22:30:40- INFO- 获取 20240528 数据失败: 请求过于频繁 🔥🔥🔥🔥🔥🔥🔥⚡❄️❄️ 18秒后可用
20260331 22:30:40- INFO- 获取 20240529 数据失败: 请求过于频繁 🔥🔥🔥🔥🔥🔥🔥⚡❄️❄️ 18秒后可用
20260331 22:30:40- INFO- 获取 20240530 数据失败: 请求过于频繁 🔥🔥🔥🔥🔥🔥🔥⚡❄️❄️ 18秒后可用
20260331 22:30:41- INFO- 获取 20240531 数据失败: 请求过于频繁 🔥🔥🔥🔥🔥🔥🔥⚡❄️❄️ 18秒后可用
20260331 22:30:41- INFO- 获取 20240601 数据失败: 请求过于频繁 🔥🔥🔥🔥🔥🔥🔥⚡❄️❄️ 18秒后可用
20260331 22:30:41- INFO- 获取 20240602 数据失败: 请求过于频繁 🔥🔥🔥🔥🔥🔥🔥⚡❄️❄️ 17秒后可用
20260331 22:30:41- INFO- 获取 20240603 数据失败: 请求过于频繁 🔥🔥🔥🔥🔥🔥🔥⚡❄️❄️ 17秒后可用
20260331 22:30:41- INFO- 获取 20240604 数据失败: 请求过于频繁 🔥🔥🔥🔥🔥🔥🔥⚡❄️❄️ 17秒后可用
20260331 22:30:41- INFO- 获取 20240605 数据失败: 请求过于频繁 🔥🔥🔥🔥🔥🔥🔥⚡❄️❄️ 17秒后可用
20260331 22:30:41- INFO- 获取 20240606 数据失败: 请求过于频繁 🔥🔥🔥🔥🔥🔥🔥⚡❄️❄️ 17秒后可用
20260331 22:30:41- INFO- 获取 20240607 数据失败: 请求过于频繁 🔥🔥🔥🔥🔥🔥🔥⚡❄️❄️ 17秒后可用
20260331 22:30:41- INFO- 获取 20240608 数据失败: 请求过于频繁 🔥🔥🔥🔥🔥🔥🔥⚡❄️❄️ 17秒后可用
20260331 22:30:41- INFO- 获取 20240609 数据失败: 请求过于频繁 🔥🔥🔥🔥🔥🔥🔥⚡❄️❄️ 17秒后可用
20260331 22:30:41- INFO- 获取 20240610 数据失败: 请求过于频繁 🔥🔥🔥🔥🔥🔥🔥⚡❄️❄️ 17秒后可用
20260331 22:30:42- INFO- 获取 20240611 数据失败: 请求过于频繁 🔥🔥🔥🔥🔥🔥🔥⚡❄️❄️ 17秒后可用
20260331 22:30:42- INFO- 获取 20240612 数据失败: 请求过于频繁 🔥🔥🔥🔥🔥🔥🔥⚡❄️❄️ 17秒后可用
20260331 22:30:42- INFO- 获取 20240613 数据失败: 请求过于频繁 🔥🔥🔥🔥🔥🔥🔥⚡❄️❄️ 16秒后可用
20260331 22:30:42- INFO- 获取 20240614 数据失败: 请求过于频繁 🔥🔥🔥🔥🔥🔥🔥⚡❄️❄️ 16秒后可用
20260331 22:30:42- INFO- 获取 20240615 数据失败: 请求过于频繁 🔥🔥🔥🔥🔥🔥🔥⚡❄️❄️ 16秒后可用
20260331 22:30:42- INFO- 获取 20240616 数据失败: 请求过于频繁 🔥🔥🔥🔥🔥🔥🔥⚡❄️❄️ 16秒后可用
20260331 22:30:42- INFO- 获取 20240617 数据失败: 请求过于频繁 🔥🔥🔥🔥🔥🔥🔥⚡❄️❄️ 16秒后可用
20260331 22:30:42- INFO- 获取 20240618 数据失败: 请求过于频繁 🔥🔥🔥🔥🔥🔥🔥⚡❄️❄️ 16秒后可用
20260331 22:30:42- INFO- 获取 20240619 数据失败: 请求过于频繁 🔥🔥🔥🔥🔥🔥🔥⚡❄️❄️ 16秒后可用
20260331 22:30:42- INFO- 获取 20240620 数据失败: 请求过于频繁 🔥🔥🔥🔥🔥🔥🔥⚡❄️❄️ 16秒后可用
20260331 22:30:42- INFO- 获取 20240621 数据失败: 请求过于频繁 🔥🔥🔥🔥🔥🔥🔥⚡❄️❄️ 16秒后可用
20260331 22:30:43- INFO- 获取 20240622 数据失败: 请求过于频繁 🔥🔥🔥🔥🔥🔥🔥⚡❄️❄️ 16秒后可用
20260331 22:30:43- INFO- 获取 20240623 数据失败: 请求过于频繁 🔥🔥🔥🔥🔥🔥🔥⚡❄️❄️ 15秒后可用
20260331 22:30:43- INFO- 获取 20240624 数据失败: 请求过于频繁 🔥🔥🔥🔥🔥🔥🔥⚡❄️❄️ 15秒后可用
20260331 22:30:43- INFO- 获取 20240625 数据失败: 请求过于频繁 🔥🔥🔥🔥🔥🔥🔥⚡❄️❄️ 15秒后可用
20260331 22:30:43- INFO- 获取 20240626 数据失败: 请求过于频繁 🔥🔥🔥🔥🔥🔥🔥⚡❄️❄️ 15秒后可用
20260331 22:30:43- INFO- 获取 20240627 数据失败: 请求过于频繁 🔥🔥🔥🔥🔥🔥🔥⚡❄️❄️ 15秒后可用
20260331 22:30:43- INFO- 获取 20240628 数据失败: 请求过于频繁 🔥🔥🔥🔥🔥🔥🔥⚡❄️❄️ 15秒后可用
20260331 22:30:43- INFO- 获取 20240629 数据失败: 请求过于频繁 🔥🔥🔥🔥🔥🔥🔥⚡❄️❄️ 15秒后可用
20260331 22:30:43- INFO- 获取 20240630 数据失败: 请求过于频繁 🔥🔥🔥🔥🔥🔥🔥⚡❄️❄️ 15秒后可用
20260331 22:30:43- INFO- 获取 20240701 数据失败: 请求过于频繁 🔥🔥🔥🔥🔥🔥🔥⚡❄️❄️ 15秒后可用
20260331 22:30:44- INFO- 获取 20240702 数据失败: 请求过于频繁 🔥🔥🔥🔥🔥🔥🔥⚡❄️❄️ 15秒后可用
20260331 22:30:44- INFO- 获取 20240703 数据失败: 请求过于频繁 🔥🔥🔥🔥🔥🔥🔥⚡❄️❄️ 15秒后可用
20260331 22:30:44- INFO- 获取 20240704 数据失败: 请求过于频繁 🔥🔥🔥🔥🔥🔥🔥⚡❄️❄️ 14秒后可用
20260331 22:30:44- INFO- 获取 20240705 数据失败: 请求过于频繁 🔥🔥🔥🔥🔥🔥🔥⚡❄️❄️ 14秒后可用
20260331 22:30:44- INFO- 获取 20240706 数据失败: 请求过于频繁 🔥🔥🔥🔥🔥🔥🔥⚡❄️❄️ 14秒后可用
20260331 22:30:44- INFO- 获取 20240707 数据失败: 请求过于频繁 🔥🔥🔥🔥🔥🔥🔥⚡❄️❄️ 14秒后可用
20260331 22:30:44- INFO- 获取 20240708 数据失败: 请求过于频繁 🔥🔥🔥🔥🔥🔥🔥⚡❄️❄️ 14秒后可用
20260331 22:30:44- INFO- 获取 20240709 数据失败: 请求过于频繁 🔥🔥🔥🔥🔥🔥🔥⚡❄️❄️ 14秒后可用
20260331 22:30:44- INFO- 获取 20240710 数据失败: 请求过于频繁 🔥🔥🔥🔥🔥🔥🔥⚡❄️❄️ 14秒后可用
20260331 22:30:44- INFO- 获取 20240711 数据失败: 请求过于频繁 🔥🔥🔥🔥🔥🔥🔥⚡❄️❄️ 14秒后可用
20260331 22:30:44- INFO- 获取 20240712 数据失败: 请求过于频繁 🔥🔥🔥🔥🔥🔥🔥⚡❄️❄️ 14秒后可用
20260331 22:30:45- INFO- 获取 20240713 数据失败: 请求过于频繁 🔥🔥🔥🔥🔥🔥🔥⚡❄️❄️ 14秒后可用
20260331 22:30:45- INFO- 获取 20240714 数据失败: 请求过于频繁 🔥🔥🔥🔥🔥🔥🔥⚡❄️❄️ 14秒后可用
20260331 22:30:45- INFO- 获取 20240715 数据失败: 请求过于频繁 🔥🔥🔥🔥🔥🔥🔥⚡❄️❄️ 13秒后可用
20260331 22:30:45- INFO- 获取 20240716 数据失败: 请求过于频繁 🔥🔥🔥🔥🔥🔥🔥⚡❄️❄️ 13秒后可用
20260331 22:30:45- INFO- 获取 20240717 数据失败: 请求过于频繁 🔥🔥🔥🔥🔥🔥🔥⚡❄️❄️ 13秒后可用
20260331 22:30:45- INFO- 获取 20240718 数据失败: 请求过于频繁 🔥🔥🔥🔥🔥🔥🔥⚡❄️❄️ 13秒后可用
20260331 22:30:45- INFO- 获取 20240719 数据失败: 请求过于频繁 🔥🔥🔥🔥🔥🔥🔥⚡❄️❄️ 13秒后可用
20260331 22:30:45- INFO- 获取 20240720 数据失败: 请求过于频繁 🔥🔥🔥🔥🔥🔥🔥⚡❄️❄️ 13秒后可用
20260331 22:30:45- INFO- 获取 20240721 数据失败: 请求过于频繁 🔥🔥🔥🔥🔥🔥🔥⚡❄️❄️ 13秒后可用
20260331 22:30:45- INFO- 获取 20240722 数据失败: 请求过于频繁 🔥🔥🔥🔥🔥🔥🔥⚡❄️❄️ 13秒后可用
20260331 22:30:45- INFO- 获取 20240723 数据失败: 请求过于频繁 🔥🔥🔥🔥🔥🔥🔥⚡❄️❄️ 13秒后可用
20260331 22:30:46- INFO- 获取 20240724 数据失败: 请求过于频繁 🔥🔥🔥🔥🔥🔥🔥⚡❄️❄️ 13秒后可用
20260331 22:30:46- INFO- 获取 20240725 数据失败: 请求过于频繁 🔥🔥🔥🔥🔥🔥🔥🔥⚡❄️ 12秒后可用
20260331 22:30:46- INFO- 获取 20240726 数据失败: 请求过于频繁 🔥🔥🔥🔥🔥🔥🔥🔥⚡❄️ 12秒后可用
20260331 22:30:46- INFO- 获取 20240727 数据失败: 请求过于频繁 🔥🔥🔥🔥🔥🔥🔥🔥⚡❄️ 12秒后可用
20260331 22:30:46- INFO- 获取 20240728 数据失败: 请求过于频繁 🔥🔥🔥🔥🔥🔥🔥🔥⚡❄️ 12秒后可用
20260331 22:30:46- INFO- 获取 20240729 数据失败: 请求过于频繁 🔥🔥🔥🔥🔥🔥🔥🔥⚡❄️ 12秒后可用
20260331 22:30:46- INFO- 获取 20240730 数据失败: 请求过于频繁 🔥🔥🔥🔥🔥🔥🔥🔥⚡❄️ 12秒后可用
20260331 22:30:46- INFO- 获取 20240731 数据失败: 请求过于频繁 🔥🔥🔥🔥🔥🔥🔥🔥⚡❄️ 12秒后可用
20260331 22:30:46- INFO- 获取 20240801 数据失败: 请求过于频繁 🔥🔥🔥🔥🔥🔥🔥🔥⚡❄️ 12秒后可用
20260331 22:30:46- INFO- 获取 20240802 数据失败: 请求过于频繁 🔥🔥🔥🔥🔥🔥🔥🔥⚡❄️ 12秒后可用
20260331 22:30:46- INFO- 获取 20240803 数据失败: 请求过于频繁 🔥🔥🔥🔥🔥🔥🔥🔥⚡❄️ 12秒后可用
20260331 22:30:47- INFO- 获取 20240804 数据失败: 请求过于频繁 🔥🔥🔥🔥🔥🔥🔥🔥⚡❄️ 12秒后可用
20260331 22:30:47- INFO- 获取 20240805 数据失败: 请求过于频繁 🔥🔥🔥🔥🔥🔥🔥🔥⚡❄️ 11秒后可用
20260331 22:30:47- INFO- 获取 20240806 数据失败: 请求过于频繁 🔥🔥🔥🔥🔥🔥🔥🔥⚡❄️ 11秒后可用
20260331 22:30:47- INFO- 获取 20240807 数据失败: 请求过于频繁 🔥🔥🔥🔥🔥🔥🔥🔥⚡❄️ 11秒后可用
20260331 22:30:47- INFO- 获取 20240808 数据失败: 请求过于频繁 🔥🔥🔥🔥🔥🔥🔥🔥⚡❄️ 11秒后可用
20260331 22:30:47- INFO- 获取 20240809 数据失败: 请求过于频繁 🔥🔥🔥🔥🔥🔥🔥🔥⚡❄️ 11秒后可用
20260331 22:30:47- INFO- 获取 20240810 数据失败: 请求过于频繁 🔥🔥🔥🔥🔥🔥🔥🔥⚡❄️ 11秒后可用
20260331 22:30:47- INFO- 获取 20240811 数据失败: 请求过于频繁 🔥🔥🔥🔥🔥🔥🔥🔥⚡❄️ 11秒后可用
20260331 22:30:47- INFO- 获取 20240812 数据失败: 请求过于频繁 🔥🔥🔥🔥🔥🔥🔥🔥⚡❄️ 11秒后可用
20260331 22:30:47- INFO- 获取 20240813 数据失败: 请求过于频繁 🔥🔥🔥🔥🔥🔥🔥🔥⚡❄️ 11秒后可用
20260331 22:30:48- INFO- 获取 20240814 数据失败: 请求过于频繁 🔥🔥🔥🔥🔥🔥🔥🔥⚡❄️ 11秒后可用
20260331 22:30:48- INFO- 获取 20240815 数据失败: 请求过于频繁 🔥🔥🔥🔥🔥🔥🔥🔥⚡❄️ 11秒后可用
20260331 22:30:48- INFO- 获取 20240816 数据失败: 请求过于频繁 🔥🔥🔥🔥🔥🔥🔥🔥⚡❄️ 10秒后可用
20260331 22:30:48- INFO- 获取 20240817 数据失败: 请求过于频繁 🔥🔥🔥🔥🔥🔥🔥🔥⚡❄️ 10秒后可用
20260331 22:30:48- INFO- 获取 20240818 数据失败: 请求过于频繁 🔥🔥🔥🔥🔥🔥🔥🔥⚡❄️ 10秒后可用
20260331 22:30:48- INFO- 获取 20240819 数据失败: 请求过于频繁 🔥🔥🔥🔥🔥🔥🔥🔥⚡❄️ 10秒后可用
20260331 22:30:48- INFO- 获取 20240820 数据失败: 请求过于频繁 🔥🔥🔥🔥🔥🔥🔥🔥⚡❄️ 10秒后可用
20260331 22:30:48- INFO- 获取 20240821 数据失败: 请求过于频繁 🔥🔥🔥🔥🔥🔥🔥🔥⚡❄️ 10秒后可用
20260331 22:30:48- INFO- 获取 20240822 数据失败: 请求过于频繁 🔥🔥🔥🔥🔥🔥🔥🔥⚡❄️ 10秒后可用
20260331 22:30:48- INFO- 获取 20240823 数据失败: 请求过于频繁 🔥🔥🔥🔥🔥🔥🔥🔥⚡❄️ 10秒后可用
20260331 22:30:48- INFO- 获取 20240824 数据失败: 请求过于频繁 🔥🔥🔥🔥🔥🔥🔥🔥⚡❄️ 10秒后可用
20260331 22:30:49- INFO- 获取 20240825 数据失败: 请求过于频繁 🔥🔥🔥🔥🔥🔥🔥🔥⚡❄️ 10秒后可用
20260331 22:30:49- INFO- 获取 20240826 数据失败: 请求过于频繁 🔥🔥🔥🔥🔥🔥🔥🔥⚡❄️ 9秒后可用
20260331 22:30:49- INFO- 获取 20240827 数据失败: 请求过于频繁 🔥🔥🔥🔥🔥🔥🔥🔥⚡❄️ 9秒后可用
20260331 22:30:49- INFO- 获取 20240828 数据失败: 请求过于频繁 🔥🔥🔥🔥🔥🔥🔥🔥⚡❄️ 9秒后可用
20260331 22:30:49- INFO- 获取 20240829 数据失败: 请求过于频繁 🔥🔥🔥🔥🔥🔥🔥🔥⚡❄️ 9秒后可用
20260331 22:30:49- INFO- 获取 20240830 数据失败: 请求过于频繁 🔥🔥🔥🔥🔥🔥🔥🔥⚡❄️ 9秒后可用
20260331 22:30:49- INFO- 获取 20240831 数据失败: 请求过于频繁 🔥🔥🔥🔥🔥🔥🔥🔥⚡❄️ 9秒后可用
20260331 22:30:49- INFO- 获取 20240901 数据失败: 请求过于频繁 🔥🔥🔥🔥🔥🔥🔥🔥⚡❄️ 9秒后可用
20260331 22:30:49- INFO- 获取 20240902 数据失败: 请求过于频繁 🔥🔥🔥🔥🔥🔥🔥🔥⚡❄️ 9秒后可用
20260331 22:30:49- INFO- 获取 20240903 数据失败: 请求过于频繁 🔥🔥🔥🔥🔥🔥🔥🔥⚡❄️ 9秒后可用
20260331 22:30:49- INFO- 获取 20240904 数据失败: 请求过于频繁 🔥🔥🔥🔥🔥🔥🔥🔥⚡❄️ 9秒后可用
20260331 22:30:50- INFO- 获取 20240905 数据失败: 请求过于频繁 🔥🔥🔥🔥🔥🔥🔥🔥⚡❄️ 9秒后可用
20260331 22:30:50- INFO- 获取 20240906 数据失败: 请求过于频繁 🔥🔥🔥🔥🔥🔥🔥🔥⚡❄️ 8秒后可用
20260331 22:30:50- INFO- 获取 20240907 数据失败: 请求过于频繁 🔥🔥🔥🔥🔥🔥🔥🔥⚡❄️ 8秒后可用
20260331 22:30:50- INFO- 获取 20240908 数据失败: 请求过于频繁 🔥🔥🔥🔥🔥🔥🔥🔥⚡❄️ 8秒后可用
20260331 22:30:50- INFO- 获取 20240909 数据失败: 请求过于频繁 🔥🔥🔥🔥🔥🔥🔥🔥⚡❄️ 8秒后可用
20260331 22:30:50- INFO- 获取 20240910 数据失败: 请求过于频繁 🔥🔥🔥🔥🔥🔥🔥🔥⚡❄️ 8秒后可用
20260331 22:30:50- INFO- 获取 20240911 数据失败: 请求过于频繁 🔥🔥🔥🔥🔥🔥🔥🔥⚡❄️ 8秒后可用
20260331 22:30:50- INFO- 获取 20240912 数据失败: 请求过于频繁 🔥🔥🔥🔥🔥🔥🔥🔥⚡❄️ 8秒后可用
20260331 22:30:50- INFO- 获取 20240913 数据失败: 请求过于频繁 🔥🔥🔥🔥🔥🔥🔥🔥⚡❄️ 8秒后可用
20260331 22:30:50- INFO- 获取 20240914 数据失败: 请求过于频繁 🔥🔥🔥🔥🔥🔥🔥🔥⚡❄️ 8秒后可用
20260331 22:30:50- INFO- 获取 20240915 数据失败: 请求过于频繁 🔥🔥🔥🔥🔥🔥🔥🔥⚡❄️ 8秒后可用
20260331 22:30:51- INFO- 获取 20240916 数据失败: 请求过于频繁 🔥🔥🔥🔥🔥🔥🔥🔥⚡❄️ 8秒后可用
20260331 22:30:51- INFO- 获取 20240917 数据失败: 请求过于频繁 🔥🔥🔥🔥🔥🔥🔥🔥⚡❄️ 7秒后可用
20260331 22:30:51- INFO- 获取 20240918 数据失败: 请求过于频繁 🔥🔥🔥🔥🔥🔥🔥🔥⚡❄️ 7秒后可用
20260331 22:30:51- INFO- 获取 20240919 数据失败: 请求过于频繁 🔥🔥🔥🔥🔥🔥🔥🔥⚡❄️ 7秒后可用
20260331 22:30:51- INFO- 获取 20240920 数据失败: 请求过于频繁 🔥🔥🔥🔥🔥🔥🔥🔥⚡❄️ 7秒后可用
20260331 22:30:51- INFO- 获取 20240921 数据失败: 请求过于频繁 🔥🔥🔥🔥🔥🔥🔥🔥⚡❄️ 7秒后可用
20260331 22:30:51- INFO- 获取 20240922 数据失败: 请求过于频繁 🔥🔥🔥🔥🔥🔥🔥🔥⚡❄️ 7秒后可用
20260331 22:30:51- INFO- 获取 20240923 数据失败: 请求过于频繁 🔥🔥🔥🔥🔥🔥🔥🔥⚡❄️ 7秒后可用
20260331 22:30:51- INFO- 获取 20240924 数据失败: 请求过于频繁 🔥🔥🔥🔥🔥🔥🔥🔥⚡❄️ 7秒后可用
20260331 22:30:51- INFO- 获取 20240925 数据失败: 请求过于频繁 🔥🔥🔥🔥🔥🔥🔥🔥⚡❄️ 7秒后可用
20260331 22:30:52- INFO- 获取 20240926 数据失败: 请求过于频繁 🔥🔥🔥🔥🔥🔥🔥🔥⚡❄️ 7秒后可用
20260331 22:30:52- INFO- 获取 20240927 数据失败: 请求过于频繁 🔥🔥🔥🔥🔥🔥🔥🔥⚡❄️ 7秒后可用
20260331 22:30:52- INFO- 获取 20240928 数据失败: 请求过于频繁 🔥🔥🔥🔥🔥🔥🔥🔥🔥⚡ 6秒后可用
20260331 22:30:52- INFO- 获取 20240929 数据失败: 请求过于频繁 🔥🔥🔥🔥🔥🔥🔥🔥🔥⚡ 6秒后可用
20260331 22:30:52- INFO- 获取 20240930 数据失败: 请求过于频繁 🔥🔥🔥🔥🔥🔥🔥🔥🔥⚡ 6秒后可用
20260331 22:30:52- INFO- 获取 20241001 数据失败: 请求过于频繁 🔥🔥🔥🔥🔥🔥🔥🔥🔥⚡ 6秒后可用
20260331 22:30:52- INFO- 获取 20241002 数据失败: 请求过于频繁 🔥🔥🔥🔥🔥🔥🔥🔥🔥⚡ 6秒后可用
20260331 22:30:52- INFO- 获取 20241003 数据失败: 请求过于频繁 🔥🔥🔥🔥🔥🔥🔥🔥🔥⚡ 6秒后可用
20260331 22:30:52- INFO- 获取 20241004 数据失败: 请求过于频繁 🔥🔥🔥🔥🔥🔥🔥🔥🔥⚡ 6秒后可用
20260331 22:30:52- INFO- 获取 20241005 数据失败: 请求过于频繁 🔥🔥🔥🔥🔥🔥🔥🔥🔥⚡ 6秒后可用
20260331 22:30:52- INFO- 获取 20241006 数据失败: 请求过于频繁 🔥🔥🔥🔥🔥🔥🔥🔥🔥⚡ 6秒后可用
20260331 22:30:53- INFO- 获取 20241007 数据失败: 请求过于频繁 🔥🔥🔥🔥🔥🔥🔥🔥🔥⚡ 6秒后可用
20260331 22:30:53- INFO- 获取 20241008 数据失败: 请求过于频繁 🔥🔥🔥🔥🔥🔥🔥🔥🔥⚡ 6秒后可用
20260331 22:30:53- INFO- 获取 20241009 数据失败: 请求过于频繁 🔥🔥🔥🔥🔥🔥🔥🔥🔥⚡ 5秒后可用
20260331 22:30:53- INFO- 获取 20241010 数据失败: 请求过于频繁 🔥🔥🔥🔥🔥🔥🔥🔥🔥⚡ 5秒后可用
20260331 22:30:53- INFO- 获取 20241011 数据失败: 请求过于频繁 🔥🔥🔥🔥🔥🔥🔥🔥🔥⚡ 5秒后可用
20260331 22:30:53- INFO- 获取 20241012 数据失败: 请求过于频繁 🔥🔥🔥🔥🔥🔥🔥🔥🔥⚡ 5秒后可用
20260331 22:30:53- INFO- 获取 20241013 数据失败: 请求过于频繁 🔥🔥🔥🔥🔥🔥🔥🔥🔥⚡ 5秒后可用
20260331 22:30:53- INFO- 获取 20241014 数据失败: 请求过于频繁 🔥🔥🔥🔥🔥🔥🔥🔥🔥⚡ 5秒后可用
20260331 22:30:53- INFO- 获取 20241015 数据失败: 请求过于频繁 🔥🔥🔥🔥🔥🔥🔥🔥🔥⚡ 5秒后可用
20260331 22:30:53- INFO- 获取 20241016 数据失败: 请求过于频繁 🔥🔥🔥🔥🔥🔥🔥🔥🔥⚡ 5秒后可用
20260331 22:30:54- INFO- 获取 20241017 数据失败: 请求过于频繁 🔥🔥🔥🔥🔥🔥🔥🔥🔥⚡ 5秒后可用
20260331 22:30:54- INFO- 获取 20241018 数据失败: 请求过于频繁 🔥🔥🔥🔥🔥🔥🔥🔥🔥⚡ 5秒后可用
20260331 22:30:54- INFO- 获取 20241019 数据失败: 请求过于频繁 🔥🔥🔥🔥🔥🔥🔥🔥🔥⚡ 4秒后可用
20260331 22:30:54- INFO- 获取 20241020 数据失败: 请求过于频繁 🔥🔥🔥🔥🔥🔥🔥🔥🔥⚡ 4秒后可用
20260331 22:30:54- INFO- 获取 20241021 数据失败: 请求过于频繁 🔥🔥🔥🔥🔥🔥🔥🔥🔥⚡ 4秒后可用
20260331 22:30:54- INFO- 获取 20241022 数据失败: 请求过于频繁 🔥🔥🔥🔥🔥🔥🔥🔥🔥⚡ 4秒后可用
20260331 22:30:54- INFO- 获取 20241023 数据失败: 请求过于频繁 🔥🔥🔥🔥🔥🔥🔥🔥🔥⚡ 4秒后可用
20260331 22:30:54- INFO- 获取 20241024 数据失败: 请求过于频繁 🔥🔥🔥🔥🔥🔥🔥🔥🔥⚡ 4秒后可用
20260331 22:30:54- INFO- 获取 20241025 数据失败: 请求过于频繁 🔥🔥🔥🔥🔥🔥🔥🔥🔥⚡ 4秒后可用
20260331 22:30:54- INFO- 获取 20241026 数据失败: 请求过于频繁 🔥🔥🔥🔥🔥🔥🔥🔥🔥⚡ 4秒后可用
20260331 22:30:54- INFO- 获取 20241027 数据失败: 请求过于频繁 🔥🔥🔥🔥🔥🔥🔥🔥🔥⚡ 4秒后可用
20260331 22:30:55- INFO- 获取 20241028 数据失败: 请求过于频繁 🔥🔥🔥🔥🔥🔥🔥🔥🔥⚡ 4秒后可用
20260331 22:30:55- INFO- 获取 20241029 数据失败: 请求过于频繁 🔥🔥🔥🔥🔥🔥🔥🔥🔥⚡ 3秒后可用
20260331 22:30:55- INFO- 获取 20241030 数据失败: 请求过于频繁 🔥🔥🔥🔥🔥🔥🔥🔥🔥⚡ 3秒后可用
20260331 22:30:55- INFO- 获取 20241031 数据失败: 请求过于频繁 🔥🔥🔥🔥🔥🔥🔥🔥🔥⚡ 3秒后可用
20260331 22:30:55- INFO- 获取 20241101 数据失败: 请求过于频繁 🔥🔥🔥🔥🔥🔥🔥🔥🔥⚡ 3秒后可用
20260331 22:30:55- INFO- 获取 20241102 数据失败: 请求过于频繁 🔥🔥🔥🔥🔥🔥🔥🔥🔥⚡ 3秒后可用
20260331 22:30:55- INFO- 获取 20241103 数据失败: 请求过于频繁 🔥🔥🔥🔥🔥🔥🔥🔥🔥⚡ 3秒后可用
20260331 22:30:55- INFO- 获取 20241104 数据失败: 请求过于频繁 🔥🔥🔥🔥🔥🔥🔥🔥🔥⚡ 3秒后可用
20260331 22:30:55- INFO- 获取 20241105 数据失败: 请求过于频繁 🔥🔥🔥🔥🔥🔥🔥🔥🔥⚡ 3秒后可用
20260331 22:30:55- INFO- 获取 20241106 数据失败: 请求过于频繁 🔥🔥🔥🔥🔥🔥🔥🔥🔥⚡ 3秒后可用
20260331 22:30:56- INFO- 获取 20241107 数据失败: 请求过于频繁 🔥🔥🔥🔥🔥🔥🔥🔥🔥⚡ 3秒后可用
20260331 22:30:56- INFO- 获取 20241108 数据失败: 请求过于频繁 🔥🔥🔥🔥🔥🔥🔥🔥🔥⚡ 3秒后可用
20260331 22:30:56- INFO- 获取 20241109 数据失败: 请求过于频繁 🔥🔥🔥🔥🔥🔥🔥🔥🔥⚡ 2秒后可用
20260331 22:30:56- INFO- 获取 20241110 数据失败: 请求过于频繁 🔥🔥🔥🔥🔥🔥🔥🔥🔥⚡ 2秒后可用
20260331 22:30:56- INFO- 获取 20241111 数据失败: 请求过于频繁 🔥🔥🔥🔥🔥🔥🔥🔥🔥⚡ 2秒后可用
20260331 22:30:56- INFO- 获取 20241112 数据失败: 请求过于频繁 🔥🔥🔥🔥🔥🔥🔥🔥🔥⚡ 2秒后可用
20260331 22:30:56- INFO- 获取 20241113 数据失败: 请求过于频繁 🔥🔥🔥🔥🔥🔥🔥🔥🔥⚡ 2秒后可用
20260331 22:30:56- INFO- 获取 20241114 数据失败: 请求过于频繁 🔥🔥🔥🔥🔥🔥🔥🔥🔥⚡ 2秒后可用
20260331 22:30:56- INFO- 获取 20241115 数据失败: 请求过于频繁 🔥🔥🔥🔥🔥🔥🔥🔥🔥⚡ 2秒后可用
20260331 22:30:56- INFO- 获取 20241116 数据失败: 请求过于频繁 🔥🔥🔥🔥🔥🔥🔥🔥🔥⚡ 2秒后可用
20260331 22:30:56- INFO- 获取 20241117 数据失败: 请求过于频繁 🔥🔥🔥🔥🔥🔥🔥🔥🔥⚡ 2秒后可用
20260331 22:30:57- INFO- 获取 20241118 数据失败: 请求过于频繁 🔥🔥🔥🔥🔥🔥🔥🔥🔥⚡ 2秒后可用
20260331 22:30:57- INFO- 获取 20241119 数据失败: 请求过于频繁 🔥🔥🔥🔥🔥🔥🔥🔥🔥⚡ 2秒后可用
20260331 22:30:57- INFO- 获取 20241120 数据失败: 请求过于频繁 🔥🔥🔥🔥🔥🔥🔥🔥🔥⚡ 1秒后可用
20260331 22:30:57- INFO- 获取 20241121 数据失败: 请求过于频繁 🔥🔥🔥🔥🔥🔥🔥🔥🔥⚡ 1秒后可用
20260331 22:30:57- INFO- 获取 20241122 数据失败: 请求过于频繁 🔥🔥🔥🔥🔥🔥🔥🔥🔥⚡ 1秒后可用
20260331 22:30:57- INFO- 获取 20241123 数据失败: 请求过于频繁 🔥🔥🔥🔥🔥🔥🔥🔥🔥⚡ 1秒后可用
20260331 22:30:57- INFO- 获取 20241124 数据失败: 请求过于频繁 🔥🔥🔥🔥🔥🔥🔥🔥🔥⚡ 1秒后可用
20260331 22:30:57- INFO- 获取 20241125 数据失败: 请求过于频繁 🔥🔥🔥🔥🔥🔥🔥🔥🔥⚡ 1秒后可用
20260331 22:30:57- INFO- 获取 20241126 数据失败: 请求过于频繁 🔥🔥🔥🔥🔥🔥🔥🔥🔥⚡ 1秒后可用
20260331 22:30:57- INFO- 获取 20241127 数据失败: 请求过于频繁 🔥🔥🔥🔥🔥🔥🔥🔥🔥⚡ 1秒后可用
20260331 22:30:57- INFO- 获取 20241128 数据失败: 请求过于频繁 🔥🔥🔥🔥🔥🔥🔥🔥🔥⚡ 1秒后可用
20260331 22:30:58- INFO- 获取 20241129 数据失败: 请求过于频繁 🔥🔥🔥🔥🔥🔥🔥🔥🔥⚡ 1秒后可用
20260331 22:30:58- INFO- 获取 20241130 数据失败: 请求过于频繁 🔥🔥🔥🔥🔥🔥🔥🔥🔥🔥 0秒后可用
20260331 22:30:58- INFO- 已获取 20241202 指数基本指标
20260331 22:30:58- INFO- 已获取 20241203 指数基本指标
20260331 22:30:58- INFO- 已获取 20241204 指数基本指标
20260331 22:30:58- INFO- 已获取 20241205 指数基本指标
20260331 22:30:58- INFO- 已获取 20241206 指数基本指标
20260331 22:30:59- INFO- 已获取 20241209 指数基本指标
20260331 22:30:59- INFO- 已获取 20241210 指数基本指标
20260331 22:30:59- INFO- 已获取 20241211 指数基本指标
20260331 22:30:59- INFO- 已获取 20241212 指数基本指标
20260331 22:30:59- INFO- 已获取 20241213 指数基本指标
20260331 22:31:00- INFO- 已获取 20241216 指数基本指标
20260331 22:31:00- INFO- 已获取 20241217 指数基本指标
20260331 22:31:00- INFO- 已获取 20241218 指数基本指标
20260331 22:31:00- INFO- 已获取 20241219 指数基本指标
20260331 22:31:00- INFO- 已获取 20241220 指数基本指标
20260331 22:31:00- INFO- 已获取 20241223 指数基本指标
20260331 22:31:00- INFO- 已获取 20241224 指数基本指标
20260331 22:31:00- INFO- 已获取 20241225 指数基本指标
20260331 22:31:01- INFO- 已获取 20241226 指数基本指标
20260331 22:31:01- INFO- 已获取 20241227 指数基本指标
20260331 22:31:01- INFO- 已获取 20241230 指数基本指标
20260331 22:31:01- INFO- 已获取 20241231 指数基本指标
20260331 22:31:01- INFO- 已获取 20250102 指数基本指标
20260331 22:31:01- INFO- 已获取 20250103 指数基本指标
20260331 22:31:02- INFO- 已获取 20250106 指数基本指标
20260331 22:31:02- INFO- 已获取 20250107 指数基本指标
20260331 22:31:02- INFO- 已获取 20250108 指数基本指标
20260331 22:31:02- INFO- 已获取 20250109 指数基本指标
20260331 22:31:02- INFO- 已获取 20250110 指数基本指标
20260331 22:31:02- INFO- 已获取 20250113 指数基本指标
20260331 22:31:03- INFO- 已获取 20250114 指数基本指标
20260331 22:31:03- INFO- 已获取 20250115 指数基本指标
20260331 22:31:03- INFO- 已获取 20250116 指数基本指标
20260331 22:31:03- INFO- 已获取 20250117 指数基本指标
20260331 22:31:03- INFO- 已获取 20250120 指数基本指标
20260331 22:31:03- INFO- 已获取 20250121 指数基本指标
20260331 22:31:03- INFO- 已获取 20250122 指数基本指标
20260331 22:31:04- INFO- 已获取 20250123 指数基本指标
20260331 22:31:04- INFO- 已获取 20250124 指数基本指标
20260331 22:31:04- INFO- 已获取 20250127 指数基本指标
20260331 22:31:05- INFO- 已获取 20250205 指数基本指标
20260331 22:31:05- INFO- 已获取 20250206 指数基本指标
20260331 22:31:05- INFO- 已获取 20250207 指数基本指标
20260331 22:31:05- INFO- 已获取 20250210 指数基本指标
20260331 22:31:06- INFO- 已获取 20250211 指数基本指标
20260331 22:31:06- INFO- 已获取 20250212 指数基本指标
20260331 22:31:06- INFO- 已获取 20250213 指数基本指标
20260331 22:31:06- INFO- 已获取 20250214 指数基本指标
20260331 22:31:06- INFO- 已获取 20250217 指数基本指标
20260331 22:31:06- INFO- 已获取 20250218 指数基本指标
20260331 22:31:06- INFO- 已获取 20250219 指数基本指标
20260331 22:31:07- INFO- 已获取 20250220 指数基本指标
20260331 22:31:07- INFO- 已获取 20250221 指数基本指标
20260331 22:31:07- INFO- 已获取 20250224 指数基本指标
20260331 22:31:07- INFO- 已获取 20250225 指数基本指标
20260331 22:31:07- INFO- 已获取 20250226 指数基本指标
20260331 22:31:07- INFO- 已获取 20250227 指数基本指标
20260331 22:31:07- INFO- 已获取 20250228 指数基本指标
20260331 22:31:08- INFO- 已获取 20250303 指数基本指标
20260331 22:31:08- INFO- 已获取 20250304 指数基本指标
20260331 22:31:08- INFO- 已获取 20250305 指数基本指标
20260331 22:31:08- INFO- 已获取 20250306 指数基本指标
20260331 22:31:08- INFO- 已获取 20250307 指数基本指标
20260331 22:31:08- INFO- 已获取 20250310 指数基本指标
20260331 22:31:08- INFO- 已获取 20250311 指数基本指标
20260331 22:31:09- INFO- 已获取 20250312 指数基本指标
20260331 22:31:09- INFO- 已获取 20250313 指数基本指标
20260331 22:31:09- INFO- 已获取 20250314 指数基本指标
20260331 22:31:09- INFO- 已获取 20250317 指数基本指标
20260331 22:31:09- INFO- 已获取 20250318 指数基本指标
20260331 22:31:09- INFO- 已获取 20250319 指数基本指标
20260331 22:31:09- INFO- 已获取 20250320 指数基本指标
20260331 22:31:10- INFO- 已获取 20250321 指数基本指标
20260331 22:31:10- INFO- 已获取 20250324 指数基本指标
20260331 22:31:10- INFO- 已获取 20250325 指数基本指标
20260331 22:31:10- INFO- 已获取 20250326 指数基本指标
20260331 22:31:10- INFO- 已获取 20250327 指数基本指标
20260331 22:31:10- INFO- 已获取 20250328 指数基本指标
20260331 22:31:11- INFO- 已获取 20250331 指数基本指标
20260331 22:31:11- INFO- 已获取 20250401 指数基本指标
20260331 22:31:11- INFO- 已获取 20250402 指数基本指标
20260331 22:31:11- INFO- 已获取 20250403 指数基本指标
20260331 22:31:11- INFO- 已获取 20250407 指数基本指标
20260331 22:31:11- INFO- 已获取 20250408 指数基本指标
20260331 22:31:12- INFO- 已获取 20250409 指数基本指标
20260331 22:31:12- INFO- 已获取 20250410 指数基本指标
20260331 22:31:12- INFO- 已获取 20250411 指数基本指标
20260331 22:31:12- INFO- 已获取 20250414 指数基本指标
20260331 22:31:12- INFO- 已获取 20250415 指数基本指标
20260331 22:31:12- INFO- 已获取 20250416 指数基本指标
20260331 22:31:12- INFO- 已获取 20250417 指数基本指标
20260331 22:31:12- INFO- 已获取 20250418 指数基本指标
20260331 22:31:13- INFO- 已获取 20250421 指数基本指标
20260331 22:31:13- INFO- 已获取 20250422 指数基本指标
20260331 22:31:13- INFO- 已获取 20250423 指数基本指标
20260331 22:31:13- INFO- 已获取 20250424 指数基本指标
20260331 22:31:13- INFO- 已获取 20250425 指数基本指标
20260331 22:31:14- INFO- 已获取 20250428 指数基本指标
20260331 22:31:14- INFO- 已获取 20250429 指数基本指标
20260331 22:31:14- INFO- 已获取 20250430 指数基本指标
20260331 22:31:14- INFO- 已获取 20250506 指数基本指标
20260331 22:31:14- INFO- 已获取 20250507 指数基本指标
20260331 22:31:15- INFO- 已获取 20250508 指数基本指标
20260331 22:31:15- INFO- 已获取 20250509 指数基本指标
20260331 22:31:15- INFO- 已获取 20250512 指数基本指标
20260331 22:31:15- INFO- 已获取 20250513 指数基本指标
20260331 22:31:15- INFO- 已获取 20250514 指数基本指标
20260331 22:31:15- INFO- 已获取 20250515 指数基本指标
20260331 22:31:15- INFO- 已获取 20250516 指数基本指标
20260331 22:31:16- INFO- 已获取 20250519 指数基本指标
20260331 22:31:16- INFO- 已获取 20250520 指数基本指标
20260331 22:31:16- INFO- 已获取 20250521 指数基本指标
20260331 22:31:16- INFO- 已获取 20250522 指数基本指标
20260331 22:31:16- INFO- 已获取 20250523 指数基本指标
20260331 22:31:16- INFO- 已获取 20250526 指数基本指标
20260331 22:31:17- INFO- 已获取 20250527 指数基本指标
20260331 22:31:17- INFO- 已获取 20250528 指数基本指标
20260331 22:31:17- INFO- 已获取 20250529 指数基本指标
20260331 22:31:17- INFO- 已获取 20250530 指数基本指标
20260331 22:31:17- INFO- 已获取 20250603 指数基本指标
20260331 22:31:17- INFO- 已获取 20250604 指数基本指标
20260331 22:31:18- INFO- 已获取 20250605 指数基本指标
20260331 22:31:18- INFO- 已获取 20250606 指数基本指标
20260331 22:31:18- INFO- 已获取 20250609 指数基本指标
20260331 22:31:18- INFO- 已获取 20250610 指数基本指标
20260331 22:31:18- INFO- 已获取 20250611 指数基本指标
20260331 22:31:18- INFO- 已获取 20250612 指数基本指标
20260331 22:31:18- INFO- 已获取 20250613 指数基本指标
20260331 22:31:19- INFO- 已获取 20250616 指数基本指标
20260331 22:31:19- INFO- 已获取 20250617 指数基本指标
20260331 22:31:19- INFO- 已获取 20250618 指数基本指标
20260331 22:31:19- INFO- 已获取 20250619 指数基本指标
20260331 22:31:19- INFO- 已获取 20250620 指数基本指标
20260331 22:31:19- INFO- 已获取 20250623 指数基本指标
20260331 22:31:20- INFO- 已获取 20250624 指数基本指标
20260331 22:31:20- INFO- 已获取 20250625 指数基本指标
20260331 22:31:20- INFO- 已获取 20250626 指数基本指标
20260331 22:31:20- INFO- 已获取 20250627 指数基本指标
20260331 22:31:20- INFO- 已获取 20250630 指数基本指标
20260331 22:31:20- INFO- 已获取 20250701 指数基本指标
20260331 22:31:20- INFO- 已获取 20250702 指数基本指标
20260331 22:31:20- INFO- 已获取 20250703 指数基本指标
20260331 22:31:21- INFO- 已获取 20250704 指数基本指标
20260331 22:31:21- INFO- 已获取 20250707 指数基本指标
20260331 22:31:21- INFO- 已获取 20250708 指数基本指标
20260331 22:31:21- INFO- 已获取 20250709 指数基本指标
20260331 22:31:21- INFO- 已获取 20250710 指数基本指标
20260331 22:31:21- INFO- 已获取 20250711 指数基本指标
20260331 22:31:22- INFO- 已获取 20250714 指数基本指标
20260331 22:31:22- INFO- 已获取 20250715 指数基本指标
20260331 22:31:22- INFO- 已获取 20250716 指数基本指标
20260331 22:31:22- INFO- 已获取 20250717 指数基本指标
20260331 22:31:22- INFO- 已获取 20250718 指数基本指标
20260331 22:31:22- INFO- 已获取 20250721 指数基本指标
20260331 22:31:22- INFO- 已获取 20250722 指数基本指标
20260331 22:31:23- INFO- 已获取 20250723 指数基本指标
20260331 22:31:23- INFO- 已获取 20250724 指数基本指标
20260331 22:31:23- INFO- 已获取 20250725 指数基本指标
20260331 22:31:23- INFO- 已获取 20250728 指数基本指标
20260331 22:31:23- INFO- 已获取 20250729 指数基本指标
20260331 22:31:23- INFO- 已获取 20250730 指数基本指标
20260331 22:31:23- INFO- 已获取 20250731 指数基本指标
20260331 22:31:24- INFO- 已获取 20250801 指数基本指标
20260331 22:31:24- INFO- 已获取 20250804 指数基本指标
20260331 22:31:24- INFO- 已获取 20250805 指数基本指标
20260331 22:31:24- INFO- 已获取 20250806 指数基本指标
20260331 22:31:24- INFO- 已获取 20250807 指数基本指标
20260331 22:31:24- INFO- 已获取 20250808 指数基本指标
20260331 22:31:25- INFO- 已获取 20250811 指数基本指标
20260331 22:31:25- INFO- 已获取 20250812 指数基本指标
20260331 22:31:25- INFO- 已获取 20250813 指数基本指标
20260331 22:31:25- INFO- 已获取 20250814 指数基本指标
20260331 22:31:25- INFO- 已获取 20250815 指数基本指标
20260331 22:31:25- INFO- 已获取 20250818 指数基本指标
20260331 22:31:25- INFO- 已获取 20250819 指数基本指标
20260331 22:31:26- INFO- 已获取 20250820 指数基本指标
20260331 22:31:26- INFO- 已获取 20250821 指数基本指标
20260331 22:31:26- INFO- 已获取 20250822 指数基本指标
20260331 22:31:26- INFO- 已获取 20250825 指数基本指标
20260331 22:31:26- INFO- 已获取 20250826 指数基本指标
20260331 22:31:26- INFO- 已获取 20250827 指数基本指标
20260331 22:31:26- INFO- 已获取 20250828 指数基本指标
20260331 22:31:26- INFO- 已获取 20250829 指数基本指标
20260331 22:31:27- INFO- 已获取 20250901 指数基本指标
20260331 22:31:27- INFO- 已获取 20250902 指数基本指标
20260331 22:31:27- INFO- 已获取 20250903 指数基本指标
20260331 22:31:27- INFO- 已获取 20250904 指数基本指标
20260331 22:31:27- INFO- 已获取 20250905 指数基本指标
20260331 22:31:28- INFO- 已获取 20250908 指数基本指标
20260331 22:31:28- INFO- 已获取 20250909 指数基本指标
20260331 22:31:28- INFO- 已获取 20250910 指数基本指标
20260331 22:31:28- INFO- 已获取 20250911 指数基本指标
20260331 22:31:28- INFO- 已获取 20250912 指数基本指标
20260331 22:31:28- INFO- 已获取 20250915 指数基本指标
20260331 22:31:28- INFO- 已获取 20250916 指数基本指标
20260331 22:31:29- INFO- 已获取 20250917 指数基本指标
20260331 22:31:29- INFO- 已获取 20250918 指数基本指标
20260331 22:31:29- INFO- 已获取 20250919 指数基本指标
20260331 22:31:29- INFO- 已获取 20250922 指数基本指标
20260331 22:31:29- INFO- 已获取 20250923 指数基本指标
20260331 22:31:29- INFO- 已获取 20250924 指数基本指标
20260331 22:31:29- INFO- 已获取 20250925 指数基本指标
20260331 22:31:30- INFO- 已获取 20250926 指数基本指标
20260331 22:31:30- INFO- 已获取 20250929 指数基本指标
20260331 22:31:30- INFO- 已获取 20250930 指数基本指标
20260331 22:31:31- INFO- 已获取 20251009 指数基本指标
20260331 22:31:31- INFO- 已获取 20251010 指数基本指标
20260331 22:31:31- INFO- 已获取 20251013 指数基本指标
20260331 22:31:31- INFO- 已获取 20251014 指数基本指标
20260331 22:31:32- INFO- 已获取 20251015 指数基本指标
20260331 22:31:32- INFO- 已获取 20251016 指数基本指标
20260331 22:31:32- INFO- 已获取 20251017 指数基本指标
20260331 22:31:32- INFO- 已获取 20251020 指数基本指标
20260331 22:31:32- INFO- 已获取 20251021 指数基本指标
20260331 22:31:32- INFO- 已获取 20251022 指数基本指标
20260331 22:31:32- INFO- 已获取 20251023 指数基本指标
20260331 22:31:32- INFO- 已获取 20251024 指数基本指标
20260331 22:31:33- INFO- 已获取 20251027 指数基本指标
20260331 22:31:33- INFO- 已获取 20251028 指数基本指标
20260331 22:31:33- INFO- 已获取 20251029 指数基本指标
20260331 22:31:33- INFO- 已获取 20251030 指数基本指标
20260331 22:31:33- INFO- 已获取 20251031 指数基本指标
20260331 22:31:34- INFO- 已获取 20251103 指数基本指标
20260331 22:31:34- INFO- 已获取 20251104 指数基本指标
20260331 22:31:34- INFO- 已获取 20251105 指数基本指标
20260331 22:31:34- INFO- 已获取 20251106 指数基本指标
20260331 22:31:34- INFO- 已获取 20251107 指数基本指标
20260331 22:31:34- INFO- 已获取 20251110 指数基本指标
20260331 22:31:34- INFO- 已获取 20251111 指数基本指标
20260331 22:31:34- INFO- 已获取 20251112 指数基本指标
20260331 22:31:35- INFO- 已获取 20251113 指数基本指标
20260331 22:31:35- INFO- 已获取 20251114 指数基本指标
20260331 22:31:35- INFO- 已获取 20251117 指数基本指标
20260331 22:31:35- INFO- 已获取 20251118 指数基本指标
20260331 22:31:35- INFO- 已获取 20251119 指数基本指标
20260331 22:31:35- INFO- 已获取 20251120 指数基本指标
20260331 22:31:35- INFO- 已获取 20251121 指数基本指标
20260331 22:31:36- INFO- 获取 20251123 数据失败: 请求过于频繁 🔥🔥🔥🔥🔥🔥⚡❄️❄️❄️ 23秒后可用
20260331 22:31:36- INFO- 获取 20251124 数据失败: 请求过于频繁 🔥🔥🔥🔥🔥🔥⚡❄️❄️❄️ 22秒后可用
20260331 22:31:36- INFO- 获取 20251125 数据失败: 请求过于频繁 🔥🔥🔥🔥🔥🔥⚡❄️❄️❄️ 22秒后可用
20260331 22:31:36- INFO- 获取 20251126 数据失败: 请求过于频繁 🔥🔥🔥🔥🔥🔥⚡❄️❄️❄️ 22秒后可用
20260331 22:31:36- INFO- 获取 20251127 数据失败: 请求过于频繁 🔥🔥🔥🔥🔥🔥⚡❄️❄️❄️ 22秒后可用
20260331 22:31:36- INFO- 获取 20251128 数据失败: 请求过于频繁 🔥🔥🔥🔥🔥🔥⚡❄️❄️❄️ 22秒后可用
20260331 22:31:36- INFO- 获取 20251129 数据失败: 请求过于频繁 🔥🔥🔥🔥🔥🔥⚡❄️❄️❄️ 22秒后可用
20260331 22:31:36- INFO- 获取 20251130 数据失败: 请求过于频繁 🔥🔥🔥🔥🔥🔥⚡❄️❄️❄️ 22秒后可用
20260331 22:31:36- INFO- 获取 20251201 数据失败: 请求过于频繁 🔥🔥🔥🔥🔥🔥⚡❄️❄️❄️ 22秒后可用
20260331 22:31:36- INFO- 获取 20251202 数据失败: 请求过于频繁 🔥🔥🔥🔥🔥🔥⚡❄️❄️❄️ 22秒后可用
20260331 22:31:37- INFO- 获取 20251203 数据失败: 请求过于频繁 🔥🔥🔥🔥🔥🔥⚡❄️❄️❄️ 22秒后可用
20260331 22:31:37- INFO- 获取 20251204 数据失败: 请求过于频繁 🔥🔥🔥🔥🔥🔥⚡❄️❄️❄️ 22秒后可用
20260331 22:31:37- INFO- 获取 20251205 数据失败: 请求过于频繁 🔥🔥🔥🔥🔥🔥⚡❄️❄️❄️ 21秒后可用
20260331 22:31:37- INFO- 获取 20251206 数据失败: 请求过于频繁 🔥🔥🔥🔥🔥🔥⚡❄️❄️❄️ 21秒后可用
20260331 22:31:37- INFO- 获取 20251207 数据失败: 请求过于频繁 🔥🔥🔥🔥🔥🔥⚡❄️❄️❄️ 21秒后可用
20260331 22:31:37- INFO- 获取 20251208 数据失败: 请求过于频繁 🔥🔥🔥🔥🔥🔥⚡❄️❄️❄️ 21秒后可用
20260331 22:31:37- INFO- 获取 20251209 数据失败: 请求过于频繁 🔥🔥🔥🔥🔥🔥⚡❄️❄️❄️ 21秒后可用
20260331 22:31:37- INFO- 获取 20251210 数据失败: 请求过于频繁 🔥🔥🔥🔥🔥🔥⚡❄️❄️❄️ 21秒后可用
20260331 22:31:37- INFO- 获取 20251211 数据失败: 请求过于频繁 🔥🔥🔥🔥🔥🔥⚡❄️❄️❄️ 21秒后可用
20260331 22:31:37- INFO- 获取 20251212 数据失败: 请求过于频繁 🔥🔥🔥🔥🔥🔥⚡❄️❄️❄️ 21秒后可用
20260331 22:31:37- INFO- 获取 20251213 数据失败: 请求过于频繁 🔥🔥🔥🔥🔥🔥⚡❄️❄️❄️ 21秒后可用
20260331 22:31:38- INFO- 获取 20251214 数据失败: 请求过于频繁 🔥🔥🔥🔥🔥🔥⚡❄️❄️❄️ 21秒后可用
20260331 22:31:38- INFO- 获取 20251215 数据失败: 请求过于频繁 🔥🔥🔥🔥🔥🔥⚡❄️❄️❄️ 20秒后可用
20260331 22:31:38- INFO- 获取 20251216 数据失败: 请求过于频繁 🔥🔥🔥🔥🔥🔥⚡❄️❄️❄️ 20秒后可用
20260331 22:31:38- INFO- 获取 20251217 数据失败: 请求过于频繁 🔥🔥🔥🔥🔥🔥⚡❄️❄️❄️ 20秒后可用
20260331 22:31:38- INFO- 获取 20251218 数据失败: 请求过于频繁 🔥🔥🔥🔥🔥🔥⚡❄️❄️❄️ 20秒后可用
20260331 22:31:38- INFO- 获取 20251219 数据失败: 请求过于频繁 🔥🔥🔥🔥🔥🔥⚡❄️❄️❄️ 20秒后可用
20260331 22:31:38- INFO- 获取 20251220 数据失败: 请求过于频繁 🔥🔥🔥🔥🔥🔥⚡❄️❄️❄️ 20秒后可用
20260331 22:31:38- INFO- 获取 20251221 数据失败: 请求过于频繁 🔥🔥🔥🔥🔥🔥⚡❄️❄️❄️ 20秒后可用
20260331 22:31:38- INFO- 获取 20251222 数据失败: 请求过于频繁 🔥🔥🔥🔥🔥🔥⚡❄️❄️❄️ 20秒后可用
20260331 22:31:38- INFO- 获取 20251223 数据失败: 请求过于频繁 🔥🔥🔥🔥🔥🔥⚡❄️❄️❄️ 20秒后可用
20260331 22:31:39- INFO- 获取 20251224 数据失败: 请求过于频繁 🔥🔥🔥🔥🔥🔥⚡❄️❄️❄️ 20秒后可用
20260331 22:31:39- INFO- 获取 20251225 数据失败: 请求过于频繁 🔥🔥🔥🔥🔥🔥⚡❄️❄️❄️ 20秒后可用
20260331 22:31:39- INFO- 获取 20251226 数据失败: 请求过于频繁 🔥🔥🔥🔥🔥🔥⚡❄️❄️❄️ 19秒后可用
20260331 22:31:39- INFO- 获取 20251227 数据失败: 请求过于频繁 🔥🔥🔥🔥🔥🔥⚡❄️❄️❄️ 19秒后可用
20260331 22:31:39- INFO- 获取 20251228 数据失败: 请求过于频繁 🔥🔥🔥🔥🔥🔥⚡❄️❄️❄️ 19秒后可用
20260331 22:31:39- INFO- 获取 20251229 数据失败: 请求过于频繁 🔥🔥🔥🔥🔥🔥⚡❄️❄️❄️ 19秒后可用
20260331 22:31:39- INFO- 获取 20251230 数据失败: 请求过于频繁 🔥🔥🔥🔥🔥🔥⚡❄️❄️❄️ 19秒后可用
20260331 22:31:39- INFO- 获取 20251231 数据失败: 请求过于频繁 🔥🔥🔥🔥🔥🔥⚡❄️❄️❄️ 19秒后可用
20260331 22:31:39- INFO- 获取 20260101 数据失败: 请求过于频繁 🔥🔥🔥🔥🔥🔥⚡❄️❄️❄️ 19秒后可用
20260331 22:31:39- INFO- 获取 20260102 数据失败: 请求过于频繁 🔥🔥🔥🔥🔥🔥⚡❄️❄️❄️ 19秒后可用
20260331 22:31:39- INFO- 获取 20260103 数据失败: 请求过于频繁 🔥🔥🔥🔥🔥🔥⚡❄️❄️❄️ 19秒后可用
20260331 22:31:40- INFO- 获取 20260104 数据失败: 请求过于频繁 🔥🔥🔥🔥🔥🔥⚡❄️❄️❄️ 19秒后可用
20260331 22:31:40- INFO- 获取 20260105 数据失败: 请求过于频繁 🔥🔥🔥🔥🔥🔥⚡❄️❄️❄️ 19秒后可用
20260331 22:31:40- INFO- 获取 20260106 数据失败: 请求过于频繁 🔥🔥🔥🔥🔥🔥🔥⚡❄️❄️ 18秒后可用
20260331 22:31:40- INFO- 获取 20260107 数据失败: 请求过于频繁 🔥🔥🔥🔥🔥🔥🔥⚡❄️❄️ 18秒后可用
20260331 22:31:40- INFO- 获取 20260108 数据失败: 请求过于频繁 🔥🔥🔥🔥🔥🔥🔥⚡❄️❄️ 18秒后可用
20260331 22:31:40- INFO- 获取 20260109 数据失败: 请求过于频繁 🔥🔥🔥🔥🔥🔥🔥⚡❄️❄️ 18秒后可用
20260331 22:31:40- INFO- 获取 20260110 数据失败: 请求过于频繁 🔥🔥🔥🔥🔥🔥🔥⚡❄️❄️ 18秒后可用
20260331 22:31:40- INFO- 获取 20260111 数据失败: 请求过于频繁 🔥🔥🔥🔥🔥🔥🔥⚡❄️❄️ 18秒后可用
20260331 22:31:40- INFO- 获取 20260112 数据失败: 请求过于频繁 🔥🔥🔥🔥🔥🔥🔥⚡❄️❄️ 18秒后可用
20260331 22:31:40- INFO- 获取 20260113 数据失败: 请求过于频繁 🔥🔥🔥🔥🔥🔥🔥⚡❄️❄️ 18秒后可用
20260331 22:31:40- INFO- 获取 20260114 数据失败: 请求过于频繁 🔥🔥🔥🔥🔥🔥🔥⚡❄️❄️ 18秒后可用
20260331 22:31:41- INFO- 获取 20260115 数据失败: 请求过于频繁 🔥🔥🔥🔥🔥🔥🔥⚡❄️❄️ 18秒后可用
20260331 22:31:41- INFO- 获取 20260116 数据失败: 请求过于频繁 🔥🔥🔥🔥🔥🔥🔥⚡❄️❄️ 17秒后可用
20260331 22:31:41- INFO- 获取 20260117 数据失败: 请求过于频繁 🔥🔥🔥🔥🔥🔥🔥⚡❄️❄️ 17秒后可用
20260331 22:31:41- INFO- 获取 20260118 数据失败: 请求过于频繁 🔥🔥🔥🔥🔥🔥🔥⚡❄️❄️ 17秒后可用
20260331 22:31:41- INFO- 获取 20260119 数据失败: 请求过于频繁 🔥🔥🔥🔥🔥🔥🔥⚡❄️❄️ 17秒后可用
20260331 22:31:41- INFO- 获取 20260120 数据失败: 请求过于频繁 🔥🔥🔥🔥🔥🔥🔥⚡❄️❄️ 17秒后可用
20260331 22:31:41- INFO- 获取 20260121 数据失败: 请求过于频繁 🔥🔥🔥🔥🔥🔥🔥⚡❄️❄️ 17秒后可用
20260331 22:31:41- INFO- 获取 20260122 数据失败: 请求过于频繁 🔥🔥🔥🔥🔥🔥🔥⚡❄️❄️ 17秒后可用
20260331 22:31:41- INFO- 获取 20260123 数据失败: 请求过于频繁 🔥🔥🔥🔥🔥🔥🔥⚡❄️❄️ 17秒后可用
20260331 22:31:41- INFO- 获取 20260124 数据失败: 请求过于频繁 🔥🔥🔥🔥🔥🔥🔥⚡❄️❄️ 17秒后可用
20260331 22:31:41- INFO- 获取 20260125 数据失败: 请求过于频繁 🔥🔥🔥🔥🔥🔥🔥⚡❄️❄️ 17秒后可用
20260331 22:31:42- INFO- 获取 20260126 数据失败: 请求过于频繁 🔥🔥🔥🔥🔥🔥🔥⚡❄️❄️ 17秒后可用
20260331 22:31:42- INFO- 获取 20260127 数据失败: 请求过于频繁 🔥🔥🔥🔥🔥🔥🔥⚡❄️❄️ 16秒后可用
20260331 22:31:42- INFO- 获取 20260128 数据失败: 请求过于频繁 🔥🔥🔥🔥🔥🔥🔥⚡❄️❄️ 16秒后可用
20260331 22:31:42- INFO- 获取 20260129 数据失败: 请求过于频繁 🔥🔥🔥🔥🔥🔥🔥⚡❄️❄️ 16秒后可用
20260331 22:31:42- INFO- 获取 20260130 数据失败: 请求过于频繁 🔥🔥🔥🔥🔥🔥🔥⚡❄️❄️ 16秒后可用
20260331 22:31:42- INFO- 获取 20260131 数据失败: 请求过于频繁 🔥🔥🔥🔥🔥🔥🔥⚡❄️❄️ 16秒后可用
20260331 22:31:42- INFO- 获取 20260201 数据失败: 请求过于频繁 🔥🔥🔥🔥🔥🔥🔥⚡❄️❄️ 16秒后可用
20260331 22:31:42- INFO- 获取 20260202 数据失败: 请求过于频繁 🔥🔥🔥🔥🔥🔥🔥⚡❄️❄️ 16秒后可用
20260331 22:31:42- INFO- 获取 20260203 数据失败: 请求过于频繁 🔥🔥🔥🔥🔥🔥🔥⚡❄️❄️ 16秒后可用
20260331 22:31:42- INFO- 获取 20260204 数据失败: 请求过于频繁 🔥🔥🔥🔥🔥🔥🔥⚡❄️❄️ 16秒后可用
20260331 22:31:43- INFO- 获取 20260205 数据失败: 请求过于频繁 🔥🔥🔥🔥🔥🔥🔥⚡❄️❄️ 16秒后可用
20260331 22:31:43- INFO- 获取 20260206 数据失败: 请求过于频繁 🔥🔥🔥🔥🔥🔥🔥⚡❄️❄️ 16秒后可用
20260331 22:31:43- INFO- 获取 20260207 数据失败: 请求过于频繁 🔥🔥🔥🔥🔥🔥🔥⚡❄️❄️ 15秒后可用
20260331 22:31:43- INFO- 获取 20260208 数据失败: 请求过于频繁 🔥🔥🔥🔥🔥🔥🔥⚡❄️❄️ 15秒后可用
20260331 22:31:43- INFO- 获取 20260209 数据失败: 请求过于频繁 🔥🔥🔥🔥🔥🔥🔥⚡❄️❄️ 15秒后可用
20260331 22:31:43- INFO- 获取 20260210 数据失败: 请求过于频繁 🔥🔥🔥🔥🔥🔥🔥⚡❄️❄️ 15秒后可用
20260331 22:31:43- INFO- 获取 20260211 数据失败: 请求过于频繁 🔥🔥🔥🔥🔥🔥🔥⚡❄️❄️ 15秒后可用
20260331 22:31:43- INFO- 获取 20260212 数据失败: 请求过于频繁 🔥🔥🔥🔥🔥🔥🔥⚡❄️❄️ 15秒后可用
20260331 22:31:43- INFO- 获取 20260213 数据失败: 请求过于频繁 🔥🔥🔥🔥🔥🔥🔥⚡❄️❄️ 15秒后可用
20260331 22:31:43- INFO- 获取 20260214 数据失败: 请求过于频繁 🔥🔥🔥🔥🔥🔥🔥⚡❄️❄️ 15秒后可用
20260331 22:31:43- INFO- 获取 20260215 数据失败: 请求过于频繁 🔥🔥🔥🔥🔥🔥🔥⚡❄️❄️ 15秒后可用
20260331 22:31:44- INFO- 获取 20260216 数据失败: 请求过于频繁 🔥🔥🔥🔥🔥🔥🔥⚡❄️❄️ 15秒后可用
20260331 22:31:44- INFO- 获取 20260217 数据失败: 请求过于频繁 🔥🔥🔥🔥🔥🔥🔥⚡❄️❄️ 15秒后可用
20260331 22:31:44- INFO- 获取 20260218 数据失败: 请求过于频繁 🔥🔥🔥🔥🔥🔥🔥⚡❄️❄️ 14秒后可用
20260331 22:31:44- INFO- 获取 20260219 数据失败: 请求过于频繁 🔥🔥🔥🔥🔥🔥🔥⚡❄️❄️ 14秒后可用
20260331 22:31:44- INFO- 获取 20260220 数据失败: 请求过于频繁 🔥🔥🔥🔥🔥🔥🔥⚡❄️❄️ 14秒后可用
20260331 22:31:44- INFO- 获取 20260221 数据失败: 请求过于频繁 🔥🔥🔥🔥🔥🔥🔥⚡❄️❄️ 14秒后可用
20260331 22:31:44- INFO- 获取 20260222 数据失败: 请求过于频繁 🔥🔥🔥🔥🔥🔥🔥⚡❄️❄️ 14秒后可用
20260331 22:31:44- INFO- 获取 20260223 数据失败: 请求过于频繁 🔥🔥🔥🔥🔥🔥🔥⚡❄️❄️ 14秒后可用
20260331 22:31:44- INFO- 获取 20260224 数据失败: 请求过于频繁 🔥🔥🔥🔥🔥🔥🔥⚡❄️❄️ 14秒后可用
20260331 22:31:44- INFO- 获取 20260225 数据失败: 请求过于频繁 🔥🔥🔥🔥🔥🔥🔥⚡❄️❄️ 14秒后可用
20260331 22:31:44- INFO- 获取 20260226 数据失败: 请求过于频繁 🔥🔥🔥🔥🔥🔥🔥⚡❄️❄️ 14秒后可用
20260331 22:31:45- INFO- 获取 20260227 数据失败: 请求过于频繁 🔥🔥🔥🔥🔥🔥🔥⚡❄️❄️ 14秒后可用
20260331 22:31:45- INFO- 获取 20260228 数据失败: 请求过于频繁 🔥🔥🔥🔥🔥🔥🔥⚡❄️❄️ 13秒后可用
20260331 22:31:45- INFO- 获取 20260301 数据失败: 请求过于频繁 🔥🔥🔥🔥🔥🔥🔥⚡❄️❄️ 13秒后可用
20260331 22:31:45- INFO- 获取 20260302 数据失败: 请求过于频繁 🔥🔥🔥🔥🔥🔥🔥⚡❄️❄️ 13秒后可用
20260331 22:31:45- INFO- 获取 20260303 数据失败: 请求过于频繁 🔥🔥🔥🔥🔥🔥🔥⚡❄️❄️ 13秒后可用
20260331 22:31:45- INFO- 获取 20260304 数据失败: 请求过于频繁 🔥🔥🔥🔥🔥🔥🔥⚡❄️❄️ 13秒后可用
20260331 22:31:45- INFO- 获取 20260305 数据失败: 请求过于频繁 🔥🔥🔥🔥🔥🔥🔥⚡❄️❄️ 13秒后可用
20260331 22:31:45- INFO- 获取 20260306 数据失败: 请求过于频繁 🔥🔥🔥🔥🔥🔥🔥⚡❄️❄️ 13秒后可用
20260331 22:31:45- INFO- 获取 20260307 数据失败: 请求过于频繁 🔥🔥🔥🔥🔥🔥🔥⚡❄️❄️ 13秒后可用
20260331 22:31:45- INFO- 获取 20260308 数据失败: 请求过于频繁 🔥🔥🔥🔥🔥🔥🔥⚡❄️❄️ 13秒后可用
20260331 22:31:45- INFO- 获取 20260309 数据失败: 请求过于频繁 🔥🔥🔥🔥🔥🔥🔥⚡❄️❄️ 13秒后可用
20260331 22:31:46- INFO- 获取 20260310 数据失败: 请求过于频繁 🔥🔥🔥🔥🔥🔥🔥⚡❄️❄️ 13秒后可用
20260331 22:31:46- INFO- 获取 20260311 数据失败: 请求过于频繁 🔥🔥🔥🔥🔥🔥🔥🔥⚡❄️ 12秒后可用
20260331 22:31:46- INFO- 获取 20260312 数据失败: 请求过于频繁 🔥🔥🔥🔥🔥🔥🔥🔥⚡❄️ 12秒后可用
20260331 22:31:46- INFO- 获取 20260313 数据失败: 请求过于频繁 🔥🔥🔥🔥🔥🔥🔥🔥⚡❄️ 12秒后可用
20260331 22:31:46- INFO- 获取 20260314 数据失败: 请求过于频繁 🔥🔥🔥🔥🔥🔥🔥🔥⚡❄️ 12秒后可用
20260331 22:31:46- INFO- 获取 20260315 数据失败: 请求过于频繁 🔥🔥🔥🔥🔥🔥🔥🔥⚡❄️ 12秒后可用
20260331 22:31:46- INFO- 获取 20260316 数据失败: 请求过于频繁 🔥🔥🔥🔥🔥🔥🔥🔥⚡❄️ 12秒后可用
20260331 22:31:46- INFO- 获取 20260317 数据失败: 请求过于频繁 🔥🔥🔥🔥🔥🔥🔥🔥⚡❄️ 12秒后可用
20260331 22:31:46- INFO- 获取 20260318 数据失败: 请求过于频繁 🔥🔥🔥🔥🔥🔥🔥🔥⚡❄️ 12秒后可用
20260331 22:31:46- INFO- 获取 20260319 数据失败: 请求过于频繁 🔥🔥🔥🔥🔥🔥🔥🔥⚡❄️ 12秒后可用
20260331 22:31:47- INFO- 获取 20260320 数据失败: 请求过于频繁 🔥🔥🔥🔥🔥🔥🔥🔥⚡❄️ 12秒后可用
20260331 22:31:47- INFO- 获取 20260321 数据失败: 请求过于频繁 🔥🔥🔥🔥🔥🔥🔥🔥⚡❄️ 12秒后可用
20260331 22:31:47- INFO- 获取 20260322 数据失败: 请求过于频繁 🔥🔥🔥🔥🔥🔥🔥🔥⚡❄️ 11秒后可用
20260331 22:31:47- INFO- 获取 20260323 数据失败: 请求过于频繁 🔥🔥🔥🔥🔥🔥🔥🔥⚡❄️ 11秒后可用
20260331 22:31:47- INFO- 获取 20260324 数据失败: 请求过于频繁 🔥🔥🔥🔥🔥🔥🔥🔥⚡❄️ 11秒后可用
20260331 22:31:47- INFO- 获取 20260325 数据失败: 请求过于频繁 🔥🔥🔥🔥🔥🔥🔥🔥⚡❄️ 11秒后可用
20260331 22:31:47- INFO- 获取 20260326 数据失败: 请求过于频繁 🔥🔥🔥🔥🔥🔥🔥🔥⚡❄️ 11秒后可用
20260331 22:31:47- INFO- 获取 20260327 数据失败: 请求过于频繁 🔥🔥🔥🔥🔥🔥🔥🔥⚡❄️ 11秒后可用
20260331 22:31:47- INFO- 获取 20260328 数据失败: 请求过于频繁 🔥🔥🔥🔥🔥🔥🔥🔥⚡❄️ 11秒后可用
20260331 22:31:47- INFO- 获取 20260329 数据失败: 请求过于频繁 🔥🔥🔥🔥🔥🔥🔥🔥⚡❄️ 11秒后可用
20260331 22:31:47- INFO- 获取 20260330 数据失败: 请求过于频繁 🔥🔥🔥🔥🔥🔥🔥🔥⚡❄️ 11秒后可用
20260331 22:31:48- INFO- 获取 20260331 数据失败: 请求过于频繁 🔥🔥🔥🔥🔥🔥🔥🔥⚡❄️ 11秒后可用
20260331 22:31:48- INFO- 准备保存数据，共 11438 条记录
20260331 22:31:48- INFO- ==================================================
20260331 22:31:48- INFO- 开始更新ETF基础信息列表
20260331 22:31:48- INFO- 获取ETF列表失败: 请指定正确的接口名
20260331 22:31:48- INFO- ==================================================
20260331 22:31:48- INFO- 开始更新ETF日线数据
20260331 22:31:48- INFO- 开始获取数据: 20200101 至 20260331
20260331 22:31:49- INFO- 已获取 20200102 ETF数据
20260331 22:31:49- INFO- 已获取 20200103 ETF数据
20260331 22:31:49- INFO- 已获取 20200106 ETF数据
20260331 22:31:49- INFO- 已获取 20200107 ETF数据
20260331 22:31:50- INFO- 已获取 20200108 ETF数据
20260331 22:31:50- INFO- 已获取 20200109 ETF数据
20260331 22:31:50- INFO- 已获取 20200110 ETF数据
20260331 22:31:50- INFO- 已获取 20200113 ETF数据
20260331 22:31:50- INFO- 已获取 20200114 ETF数据
20260331 22:31:51- INFO- 已获取 20200115 ETF数据
20260331 22:31:51- INFO- 已获取 20200116 ETF数据
20260331 22:31:51- INFO- 已获取 20200117 ETF数据
20260331 22:31:51- INFO- 已获取 20200120 ETF数据
20260331 22:31:51- INFO- 已获取 20200121 ETF数据
20260331 22:31:52- INFO- 已获取 20200122 ETF数据
20260331 22:31:52- INFO- 已获取 20200123 ETF数据
20260331 22:31:53- INFO- 已获取 20200203 ETF数据
20260331 22:31:53- INFO- 已获取 20200204 ETF数据
20260331 22:31:53- INFO- 已获取 20200205 ETF数据
20260331 22:31:53- INFO- 已获取 20200206 ETF数据
20260331 22:31:54- INFO- 已获取 20200207 ETF数据
20260331 22:31:54- INFO- 已获取 20200210 ETF数据
20260331 22:31:54- INFO- 已获取 20200211 ETF数据
20260331 22:31:54- INFO- 已获取 20200212 ETF数据
20260331 22:31:54- INFO- 已获取 20200213 ETF数据
20260331 22:31:55- INFO- 已获取 20200214 ETF数据
20260331 22:31:55- INFO- 已获取 20200217 ETF数据
20260331 22:31:55- INFO- 已获取 20200218 ETF数据
20260331 22:31:55- INFO- 已获取 20200219 ETF数据
20260331 22:31:55- INFO- 已获取 20200220 ETF数据
20260331 22:31:56- INFO- 已获取 20200221 ETF数据
20260331 22:31:56- INFO- 已获取 20200224 ETF数据
20260331 22:31:56- INFO- 已获取 20200225 ETF数据
20260331 22:31:56- INFO- 已获取 20200226 ETF数据
20260331 22:31:57- INFO- 已获取 20200227 ETF数据
20260331 22:31:57- INFO- 已获取 20200228 ETF数据
20260331 22:31:57- INFO- 已获取 20200302 ETF数据
20260331 22:31:57- INFO- 已获取 20200303 ETF数据
20260331 22:31:57- INFO- 已获取 20200304 ETF数据
20260331 22:31:58- INFO- 已获取 20200305 ETF数据
20260331 22:31:58- INFO- 已获取 20200306 ETF数据
20260331 22:31:58- INFO- 已获取 20200309 ETF数据
20260331 22:31:58- INFO- 已获取 20200310 ETF数据
20260331 22:31:59- INFO- 已获取 20200311 ETF数据
20260331 22:31:59- INFO- 已获取 20200312 ETF数据
20260331 22:31:59- INFO- 已获取 20200313 ETF数据
20260331 22:31:59- INFO- 已获取 20200316 ETF数据
20260331 22:31:59- INFO- 已获取 20200317 ETF数据
20260331 22:32:00- INFO- 已获取 20200318 ETF数据
20260331 22:32:00- INFO- 已获取 20200319 ETF数据
20260331 22:32:00- INFO- 已获取 20200320 ETF数据
20260331 22:32:00- INFO- 已获取 20200323 ETF数据
20260331 22:32:00- INFO- 已获取 20200324 ETF数据
20260331 22:32:01- INFO- 已获取 20200325 ETF数据
20260331 22:32:01- INFO- 已获取 20200326 ETF数据
20260331 22:32:01- INFO- 已获取 20200327 ETF数据
20260331 22:32:01- INFO- 已获取 20200330 ETF数据
20260331 22:32:02- INFO- 已获取 20200331 ETF数据
20260331 22:32:02- INFO- 已获取 20200401 ETF数据
20260331 22:32:02- INFO- 已获取 20200402 ETF数据
20260331 22:32:02- INFO- 已获取 20200403 ETF数据
20260331 22:32:03- INFO- 已获取 20200407 ETF数据
20260331 22:32:03- INFO- 已获取 20200408 ETF数据
20260331 22:32:03- INFO- 已获取 20200409 ETF数据
20260331 22:32:03- INFO- 已获取 20200410 ETF数据
20260331 22:32:03- INFO- 已获取 20200413 ETF数据
20260331 22:32:04- INFO- 已获取 20200414 ETF数据
20260331 22:32:04- INFO- 已获取 20200415 ETF数据
20260331 22:32:04- INFO- 已获取 20200416 ETF数据
20260331 22:32:04- INFO- 已获取 20200417 ETF数据
20260331 22:32:04- INFO- 已获取 20200420 ETF数据
20260331 22:32:05- INFO- 已获取 20200421 ETF数据
20260331 22:32:05- INFO- 已获取 20200422 ETF数据
20260331 22:32:05- INFO- 已获取 20200423 ETF数据
20260331 22:32:05- INFO- 已获取 20200424 ETF数据
20260331 22:32:05- INFO- 已获取 20200427 ETF数据
20260331 22:32:06- INFO- 已获取 20200428 ETF数据
20260331 22:32:06- INFO- 已获取 20200429 ETF数据
20260331 22:32:06- INFO- 已获取 20200430 ETF数据
20260331 22:32:07- INFO- 已获取 20200506 ETF数据
20260331 22:32:07- INFO- 已获取 20200507 ETF数据
20260331 22:32:07- INFO- 已获取 20200508 ETF数据
20260331 22:32:07- INFO- 已获取 20200511 ETF数据
20260331 22:32:08- INFO- 已获取 20200512 ETF数据
20260331 22:32:08- INFO- 已获取 20200513 ETF数据
20260331 22:32:08- INFO- 已获取 20200514 ETF数据
20260331 22:32:08- INFO- 已获取 20200515 ETF数据
20260331 22:32:08- INFO- 已获取 20200518 ETF数据
20260331 22:32:09- INFO- 已获取 20200519 ETF数据
20260331 22:32:09- INFO- 已获取 20200520 ETF数据
20260331 22:32:09- INFO- 已获取 20200521 ETF数据
20260331 22:32:09- INFO- 已获取 20200522 ETF数据
20260331 22:32:10- INFO- 已获取 20200525 ETF数据
20260331 22:32:10- INFO- 已获取 20200526 ETF数据
20260331 22:32:10- INFO- 已获取 20200527 ETF数据
20260331 22:32:10- INFO- 已获取 20200528 ETF数据
20260331 22:32:10- INFO- 已获取 20200529 ETF数据
20260331 22:32:11- INFO- 已获取 20200601 ETF数据
20260331 22:32:11- INFO- 已获取 20200602 ETF数据
20260331 22:32:11- INFO- 已获取 20200603 ETF数据
20260331 22:32:11- INFO- 已获取 20200604 ETF数据
20260331 22:32:11- INFO- 已获取 20200605 ETF数据
20260331 22:32:12- INFO- 已获取 20200608 ETF数据
20260331 22:32:12- INFO- 已获取 20200609 ETF数据
20260331 22:32:12- INFO- 已获取 20200610 ETF数据
20260331 22:32:12- INFO- 已获取 20200611 ETF数据
20260331 22:32:12- INFO- 已获取 20200612 ETF数据
20260331 22:32:13- INFO- 已获取 20200615 ETF数据
20260331 22:32:13- INFO- 已获取 20200616 ETF数据
20260331 22:32:13- INFO- 已获取 20200617 ETF数据
20260331 22:32:13- INFO- 已获取 20200618 ETF数据
20260331 22:32:13- INFO- 已获取 20200619 ETF数据
20260331 22:32:14- INFO- 已获取 20200622 ETF数据
20260331 22:32:14- INFO- 已获取 20200623 ETF数据
20260331 22:32:14- INFO- 已获取 20200624 ETF数据
20260331 22:32:15- INFO- 已获取 20200629 ETF数据
20260331 22:32:15- INFO- 已获取 20200630 ETF数据
20260331 22:32:15- INFO- 已获取 20200701 ETF数据
20260331 22:32:15- INFO- 已获取 20200702 ETF数据
20260331 22:32:15- INFO- 已获取 20200703 ETF数据
20260331 22:32:16- INFO- 已获取 20200706 ETF数据
20260331 22:32:16- INFO- 已获取 20200707 ETF数据
20260331 22:32:16- INFO- 已获取 20200708 ETF数据
20260331 22:32:16- INFO- 已获取 20200709 ETF数据
20260331 22:32:16- INFO- 已获取 20200710 ETF数据
20260331 22:32:17- INFO- 已获取 20200713 ETF数据
20260331 22:32:17- INFO- 已获取 20200714 ETF数据
20260331 22:32:17- INFO- 已获取 20200715 ETF数据
20260331 22:32:17- INFO- 已获取 20200716 ETF数据
20260331 22:32:17- INFO- 已获取 20200717 ETF数据
20260331 22:32:18- INFO- 已获取 20200720 ETF数据
20260331 22:32:18- INFO- 已获取 20200721 ETF数据
20260331 22:32:18- INFO- 已获取 20200722 ETF数据
20260331 22:32:18- INFO- 已获取 20200723 ETF数据
20260331 22:32:18- INFO- 已获取 20200724 ETF数据
20260331 22:32:19- INFO- 已获取 20200727 ETF数据
20260331 22:32:19- INFO- 已获取 20200728 ETF数据
20260331 22:32:19- INFO- 已获取 20200729 ETF数据
20260331 22:32:19- INFO- 已获取 20200730 ETF数据
20260331 22:32:19- INFO- 已获取 20200731 ETF数据
20260331 22:32:20- INFO- 已获取 20200803 ETF数据
20260331 22:32:20- INFO- 已获取 20200804 ETF数据
20260331 22:32:20- INFO- 已获取 20200805 ETF数据
20260331 22:32:20- INFO- 已获取 20200806 ETF数据
20260331 22:32:21- INFO- 已获取 20200807 ETF数据
20260331 22:32:21- INFO- 已获取 20200810 ETF数据
20260331 22:32:21- INFO- 已获取 20200811 ETF数据
20260331 22:32:21- INFO- 已获取 20200812 ETF数据
20260331 22:32:21- INFO- 已获取 20200813 ETF数据
20260331 22:32:22- INFO- 已获取 20200814 ETF数据
20260331 22:32:22- INFO- 已获取 20200817 ETF数据
20260331 22:32:22- INFO- 已获取 20200818 ETF数据
20260331 22:32:22- INFO- 已获取 20200819 ETF数据
20260331 22:32:22- INFO- 已获取 20200820 ETF数据
20260331 22:32:23- INFO- 已获取 20200821 ETF数据
20260331 22:32:23- INFO- 已获取 20200824 ETF数据
20260331 22:32:23- INFO- 已获取 20200825 ETF数据
20260331 22:32:23- INFO- 已获取 20200826 ETF数据
20260331 22:32:24- INFO- 已获取 20200827 ETF数据
20260331 22:32:24- INFO- 已获取 20200828 ETF数据
20260331 22:32:24- INFO- 已获取 20200831 ETF数据
20260331 22:32:24- INFO- 已获取 20200901 ETF数据
20260331 22:32:24- INFO- 已获取 20200902 ETF数据
20260331 22:32:25- INFO- 已获取 20200903 ETF数据
20260331 22:32:25- INFO- 已获取 20200904 ETF数据
20260331 22:32:25- INFO- 已获取 20200907 ETF数据
20260331 22:32:25- INFO- 已获取 20200908 ETF数据
20260331 22:32:25- INFO- 已获取 20200909 ETF数据
20260331 22:32:26- INFO- 已获取 20200910 ETF数据
20260331 22:32:26- INFO- 已获取 20200911 ETF数据
20260331 22:32:26- INFO- 已获取 20200914 ETF数据
20260331 22:32:26- INFO- 已获取 20200915 ETF数据
20260331 22:32:27- INFO- 已获取 20200916 ETF数据
20260331 22:32:27- INFO- 已获取 20200917 ETF数据
20260331 22:32:27- INFO- 已获取 20200918 ETF数据
20260331 22:32:27- INFO- 已获取 20200921 ETF数据
20260331 22:32:27- INFO- 已获取 20200922 ETF数据
20260331 22:32:28- INFO- 已获取 20200923 ETF数据
20260331 22:32:28- INFO- 已获取 20200924 ETF数据
20260331 22:32:28- INFO- 已获取 20200925 ETF数据
20260331 22:32:28- INFO- 已获取 20200928 ETF数据
20260331 22:32:28- INFO- 已获取 20200929 ETF数据
20260331 22:32:29- INFO- 已获取 20200930 ETF数据
20260331 22:32:30- INFO- 已获取 20201009 ETF数据
20260331 22:32:30- INFO- 已获取 20201012 ETF数据
20260331 22:32:30- INFO- 已获取 20201013 ETF数据
20260331 22:32:30- INFO- 已获取 20201014 ETF数据
20260331 22:32:31- INFO- 已获取 20201015 ETF数据
20260331 22:32:31- INFO- 已获取 20201016 ETF数据
20260331 22:32:31- INFO- 已获取 20201019 ETF数据
20260331 22:32:31- INFO- 已获取 20201020 ETF数据
20260331 22:32:31- INFO- 已获取 20201021 ETF数据
20260331 22:32:32- INFO- 已获取 20201022 ETF数据
20260331 22:32:32- INFO- 已获取 20201023 ETF数据
20260331 22:32:32- INFO- 已获取 20201026 ETF数据
20260331 22:32:32- INFO- 已获取 20201027 ETF数据
20260331 22:32:32- INFO- 已获取 20201028 ETF数据
20260331 22:32:33- INFO- 已获取 20201029 ETF数据
20260331 22:32:33- INFO- 已获取 20201030 ETF数据
20260331 22:32:33- INFO- 已获取 20201102 ETF数据
20260331 22:32:33- INFO- 已获取 20201103 ETF数据
20260331 22:32:33- INFO- 已获取 20201104 ETF数据
20260331 22:32:34- INFO- 已获取 20201105 ETF数据
20260331 22:32:34- INFO- 已获取 20201106 ETF数据
20260331 22:32:34- INFO- 已获取 20201109 ETF数据
20260331 22:32:34- INFO- 已获取 20201110 ETF数据
20260331 22:32:34- INFO- 已获取 20201111 ETF数据
20260331 22:32:35- INFO- 已获取 20201112 ETF数据
20260331 22:32:35- INFO- 已获取 20201113 ETF数据
20260331 22:32:35- INFO- 已获取 20201116 ETF数据
20260331 22:32:35- INFO- 已获取 20201117 ETF数据
20260331 22:32:36- INFO- 已获取 20201118 ETF数据
20260331 22:32:36- INFO- 已获取 20201119 ETF数据
20260331 22:32:36- INFO- 已获取 20201120 ETF数据
20260331 22:32:36- INFO- 已获取 20201123 ETF数据
20260331 22:32:36- INFO- 已获取 20201124 ETF数据
20260331 22:32:37- INFO- 已获取 20201125 ETF数据
20260331 22:32:37- INFO- 已获取 20201126 ETF数据
20260331 22:32:37- INFO- 已获取 20201127 ETF数据
20260331 22:32:37- INFO- 已获取 20201130 ETF数据
20260331 22:32:37- INFO- 已获取 20201201 ETF数据
20260331 22:32:38- INFO- 已获取 20201202 ETF数据
20260331 22:32:38- INFO- 已获取 20201203 ETF数据
20260331 22:32:38- INFO- 已获取 20201204 ETF数据
20260331 22:32:38- INFO- 已获取 20201207 ETF数据
20260331 22:32:38- INFO- 已获取 20201208 ETF数据
20260331 22:32:39- INFO- 已获取 20201209 ETF数据
20260331 22:32:39- INFO- 已获取 20201210 ETF数据
20260331 22:32:39- INFO- 已获取 20201211 ETF数据
20260331 22:32:39- INFO- 已获取 20201214 ETF数据
20260331 22:32:39- INFO- 已获取 20201215 ETF数据
20260331 22:32:40- INFO- 已获取 20201216 ETF数据
20260331 22:32:40- INFO- 已获取 20201217 ETF数据
20260331 22:32:40- INFO- 已获取 20201218 ETF数据
20260331 22:32:40- INFO- 已获取 20201221 ETF数据
20260331 22:32:41- INFO- 已获取 20201222 ETF数据
20260331 22:32:41- INFO- 已获取 20201223 ETF数据
20260331 22:32:41- INFO- 已获取 20201224 ETF数据
20260331 22:32:41- INFO- 已获取 20201225 ETF数据
20260331 22:32:41- INFO- 已获取 20201228 ETF数据
20260331 22:32:42- INFO- 已获取 20201229 ETF数据
20260331 22:32:42- INFO- 已获取 20201230 ETF数据
20260331 22:32:42- INFO- 已获取 20201231 ETF数据
20260331 22:32:42- INFO- 已获取 20210104 ETF数据
20260331 22:32:43- INFO- 已获取 20210105 ETF数据
20260331 22:32:43- INFO- 已获取 20210106 ETF数据
20260331 22:32:43- INFO- 已获取 20210107 ETF数据
20260331 22:32:43- INFO- 已获取 20210108 ETF数据
20260331 22:32:43- INFO- 已获取 20210111 ETF数据
20260331 22:32:44- INFO- 已获取 20210112 ETF数据
20260331 22:32:44- INFO- 已获取 20210113 ETF数据
20260331 22:32:44- INFO- 已获取 20210114 ETF数据
20260331 22:32:44- INFO- 已获取 20210115 ETF数据
20260331 22:32:44- INFO- 已获取 20210118 ETF数据
20260331 22:32:45- INFO- 已获取 20210119 ETF数据
20260331 22:32:45- INFO- 已获取 20210120 ETF数据
20260331 22:32:45- INFO- 已获取 20210121 ETF数据
20260331 22:32:45- INFO- 已获取 20210122 ETF数据
20260331 22:32:46- INFO- 已获取 20210125 ETF数据
20260331 22:32:46- INFO- 已获取 20210126 ETF数据
20260331 22:32:46- INFO- 已获取 20210127 ETF数据
20260331 22:32:46- INFO- 已获取 20210128 ETF数据
20260331 22:32:46- INFO- 已获取 20210129 ETF数据
20260331 22:32:47- INFO- 已获取 20210201 ETF数据
20260331 22:32:47- INFO- 已获取 20210202 ETF数据
20260331 22:32:47- INFO- 已获取 20210203 ETF数据
20260331 22:32:47- INFO- 已获取 20210204 ETF数据
20260331 22:32:47- INFO- 已获取 20210205 ETF数据
20260331 22:32:48- INFO- 已获取 20210208 ETF数据
20260331 22:32:48- INFO- 已获取 20210209 ETF数据
20260331 22:32:48- INFO- 已获取 20210210 ETF数据
20260331 22:32:49- INFO- 已获取 20210218 ETF数据
20260331 22:32:49- INFO- 已获取 20210219 ETF数据
20260331 22:32:49- INFO- 已获取 20210222 ETF数据
20260331 22:32:50- INFO- 已获取 20210223 ETF数据
20260331 22:32:50- INFO- 已获取 20210224 ETF数据
20260331 22:32:50- INFO- 获取 20210225 数据失败: 请求过于频繁 🔥🔥🔥🔥🔥🔥🔥🔥⚡❄️ 8秒后可用
20260331 22:32:50- INFO- 获取 20210226 数据失败: 请求过于频繁 🔥🔥🔥🔥🔥🔥🔥🔥⚡❄️ 8秒后可用
20260331 22:32:50- INFO- 获取 20210227 数据失败: 请求过于频繁 🔥🔥🔥🔥🔥🔥🔥🔥⚡❄️ 8秒后可用
20260331 22:32:50- INFO- 获取 20210228 数据失败: 请求过于频繁 🔥🔥🔥🔥🔥🔥🔥🔥⚡❄️ 8秒后可用
20260331 22:32:50- INFO- 获取 20210301 数据失败: 请求过于频繁 🔥🔥🔥🔥🔥🔥🔥🔥⚡❄️ 8秒后可用
20260331 22:32:50- INFO- 获取 20210302 数据失败: 请求过于频繁 🔥🔥🔥🔥🔥🔥🔥🔥⚡❄️ 8秒后可用
20260331 22:32:50- INFO- 获取 20210303 数据失败: 请求过于频繁 🔥🔥🔥🔥🔥🔥🔥🔥⚡❄️ 8秒后可用
20260331 22:32:51- INFO- 获取 20210304 数据失败: 请求过于频繁 🔥🔥🔥🔥🔥🔥🔥🔥⚡❄️ 8秒后可用
20260331 22:32:51- INFO- 获取 20210305 数据失败: 请求过于频繁 🔥🔥🔥🔥🔥🔥🔥🔥⚡❄️ 7秒后可用
20260331 22:32:51- INFO- 获取 20210306 数据失败: 请求过于频繁 🔥🔥🔥🔥🔥🔥🔥🔥⚡❄️ 7秒后可用
20260331 22:32:51- INFO- 获取 20210307 数据失败: 请求过于频繁 🔥🔥🔥🔥🔥🔥🔥🔥⚡❄️ 7秒后可用
20260331 22:32:51- INFO- 获取 20210308 数据失败: 请求过于频繁 🔥🔥🔥🔥🔥🔥🔥🔥⚡❄️ 7秒后可用
20260331 22:32:51- INFO- 获取 20210309 数据失败: 请求过于频繁 🔥🔥🔥🔥🔥🔥🔥🔥⚡❄️ 7秒后可用
20260331 22:32:51- INFO- 获取 20210310 数据失败: 请求过于频繁 🔥🔥🔥🔥🔥🔥🔥🔥⚡❄️ 7秒后可用
20260331 22:32:51- INFO- 获取 20210311 数据失败: 请求过于频繁 🔥🔥🔥🔥🔥🔥🔥🔥⚡❄️ 7秒后可用
20260331 22:32:51- INFO- 获取 20210312 数据失败: 请求过于频繁 🔥🔥🔥🔥🔥🔥🔥🔥⚡❄️ 7秒后可用
20260331 22:32:51- INFO- 获取 20210313 数据失败: 请求过于频繁 🔥🔥🔥🔥🔥🔥🔥🔥⚡❄️ 7秒后可用
20260331 22:32:52- INFO- 获取 20210314 数据失败: 请求过于频繁 🔥🔥🔥🔥🔥🔥🔥🔥⚡❄️ 7秒后可用
20260331 22:32:52- INFO- 获取 20210315 数据失败: 请求过于频繁 🔥🔥🔥🔥🔥🔥🔥🔥🔥⚡ 6秒后可用
20260331 22:32:52- INFO- 获取 20210316 数据失败: 请求过于频繁 🔥🔥🔥🔥🔥🔥🔥🔥🔥⚡ 6秒后可用
20260331 22:32:52- INFO- 获取 20210317 数据失败: 请求过于频繁 🔥🔥🔥🔥🔥🔥🔥🔥🔥⚡ 6秒后可用
20260331 22:32:52- INFO- 获取 20210318 数据失败: 请求过于频繁 🔥🔥🔥🔥🔥🔥🔥🔥🔥⚡ 6秒后可用
20260331 22:32:52- INFO- 获取 20210319 数据失败: 请求过于频繁 🔥🔥🔥🔥🔥🔥🔥🔥🔥⚡ 6秒后可用
20260331 22:32:52- INFO- 获取 20210320 数据失败: 请求过于频繁 🔥🔥🔥🔥🔥🔥🔥🔥🔥⚡ 6秒后可用
20260331 22:32:52- INFO- 获取 20210321 数据失败: 请求过于频繁 🔥🔥🔥🔥🔥🔥🔥🔥🔥⚡ 6秒后可用
20260331 22:32:52- INFO- 获取 20210322 数据失败: 请求过于频繁 🔥🔥🔥🔥🔥🔥🔥🔥🔥⚡ 6秒后可用
20260331 22:32:52- INFO- 获取 20210323 数据失败: 请求过于频繁 🔥🔥🔥🔥🔥🔥🔥🔥🔥⚡ 6秒后可用
20260331 22:32:52- INFO- 获取 20210324 数据失败: 请求过于频繁 🔥🔥🔥🔥🔥🔥🔥🔥🔥⚡ 6秒后可用
20260331 22:32:53- INFO- 获取 20210325 数据失败: 请求过于频繁 🔥🔥🔥🔥🔥🔥🔥🔥🔥⚡ 6秒后可用
20260331 22:32:53- INFO- 获取 20210326 数据失败: 请求过于频繁 🔥🔥🔥🔥🔥🔥🔥🔥🔥⚡ 5秒后可用
20260331 22:32:53- INFO- 获取 20210327 数据失败: 请求过于频繁 🔥🔥🔥🔥🔥🔥🔥🔥🔥⚡ 5秒后可用
20260331 22:32:53- INFO- 获取 20210328 数据失败: 请求过于频繁 🔥🔥🔥🔥🔥🔥🔥🔥🔥⚡ 5秒后可用
20260331 22:32:53- INFO- 获取 20210329 数据失败: 请求过于频繁 🔥🔥🔥🔥🔥🔥🔥🔥🔥⚡ 5秒后可用
20260331 22:32:53- INFO- 获取 20210330 数据失败: 请求过于频繁 🔥🔥🔥🔥🔥🔥🔥🔥🔥⚡ 5秒后可用
20260331 22:32:53- INFO- 获取 20210331 数据失败: 请求过于频繁 🔥🔥🔥🔥🔥🔥🔥🔥🔥⚡ 5秒后可用
20260331 22:32:53- INFO- 获取 20210401 数据失败: 请求过于频繁 🔥🔥🔥🔥🔥🔥🔥🔥🔥⚡ 5秒后可用
20260331 22:32:53- INFO- 获取 20210402 数据失败: 请求过于频繁 🔥🔥🔥🔥🔥🔥🔥🔥🔥⚡ 5秒后可用
20260331 22:32:53- INFO- 获取 20210403 数据失败: 请求过于频繁 🔥🔥🔥🔥🔥🔥🔥🔥🔥⚡ 5秒后可用
20260331 22:32:54- INFO- 获取 20210404 数据失败: 请求过于频繁 🔥🔥🔥🔥🔥🔥🔥🔥🔥⚡ 5秒后可用
20260331 22:32:54- INFO- 获取 20210405 数据失败: 请求过于频繁 🔥🔥🔥🔥🔥🔥🔥🔥🔥⚡ 5秒后可用
20260331 22:32:54- INFO- 获取 20210406 数据失败: 请求过于频繁 🔥🔥🔥🔥🔥🔥🔥🔥🔥⚡ 4秒后可用
20260331 22:32:54- INFO- 获取 20210407 数据失败: 请求过于频繁 🔥🔥🔥🔥🔥🔥🔥🔥🔥⚡ 4秒后可用
20260331 22:32:54- INFO- 获取 20210408 数据失败: 请求过于频繁 🔥🔥🔥🔥🔥🔥🔥🔥🔥⚡ 4秒后可用
20260331 22:32:54- INFO- 获取 20210409 数据失败: 请求过于频繁 🔥🔥🔥🔥🔥🔥🔥🔥🔥⚡ 4秒后可用
20260331 22:32:54- INFO- 获取 20210410 数据失败: 请求过于频繁 🔥🔥🔥🔥🔥🔥🔥🔥🔥⚡ 4秒后可用
20260331 22:32:54- INFO- 获取 20210411 数据失败: 请求过于频繁 🔥🔥🔥🔥🔥🔥🔥🔥🔥⚡ 4秒后可用
20260331 22:32:54- INFO- 获取 20210412 数据失败: 请求过于频繁 🔥🔥🔥🔥🔥🔥🔥🔥🔥⚡ 4秒后可用
20260331 22:32:54- INFO- 获取 20210413 数据失败: 请求过于频繁 🔥🔥🔥🔥🔥🔥🔥🔥🔥⚡ 4秒后可用
20260331 22:32:54- INFO- 获取 20210414 数据失败: 请求过于频繁 🔥🔥🔥🔥🔥🔥🔥🔥🔥⚡ 4秒后可用
20260331 22:32:55- INFO- 获取 20210415 数据失败: 请求过于频繁 🔥🔥🔥🔥🔥🔥🔥🔥🔥⚡ 4秒后可用
20260331 22:32:55- INFO- 获取 20210416 数据失败: 请求过于频繁 🔥🔥🔥🔥🔥🔥🔥🔥🔥⚡ 4秒后可用
20260331 22:32:55- INFO- 获取 20210417 数据失败: 请求过于频繁 🔥🔥🔥🔥🔥🔥🔥🔥🔥⚡ 3秒后可用
20260331 22:32:55- INFO- 获取 20210418 数据失败: 请求过于频繁 🔥🔥🔥🔥🔥🔥🔥🔥🔥⚡ 3秒后可用
20260331 22:32:55- INFO- 获取 20210419 数据失败: 请求过于频繁 🔥🔥🔥🔥🔥🔥🔥🔥🔥⚡ 3秒后可用
20260331 22:32:55- INFO- 获取 20210420 数据失败: 请求过于频繁 🔥🔥🔥🔥🔥🔥🔥🔥🔥⚡ 3秒后可用
20260331 22:32:55- INFO- 获取 20210421 数据失败: 请求过于频繁 🔥🔥🔥🔥🔥🔥🔥🔥🔥⚡ 3秒后可用
20260331 22:32:55- INFO- 获取 20210422 数据失败: 请求过于频繁 🔥🔥🔥🔥🔥🔥🔥🔥🔥⚡ 3秒后可用
20260331 22:32:55- INFO- 获取 20210423 数据失败: 请求过于频繁 🔥🔥🔥🔥🔥🔥🔥🔥🔥⚡ 3秒后可用
20260331 22:32:55- INFO- 获取 20210424 数据失败: 请求过于频繁 🔥🔥🔥🔥🔥🔥🔥🔥🔥⚡ 3秒后可用
20260331 22:32:55- INFO- 获取 20210425 数据失败: 请求过于频繁 🔥🔥🔥🔥🔥🔥🔥🔥🔥⚡ 3秒后可用
20260331 22:32:56- INFO- 获取 20210426 数据失败: 请求过于频繁 🔥🔥🔥🔥🔥🔥🔥🔥🔥⚡ 3秒后可用
20260331 22:32:56- INFO- 获取 20210427 数据失败: 请求过于频繁 🔥🔥🔥🔥🔥🔥🔥🔥🔥⚡ 2秒后可用
20260331 22:32:56- INFO- 获取 20210428 数据失败: 请求过于频繁 🔥🔥🔥🔥🔥🔥🔥🔥🔥⚡ 2秒后可用
20260331 22:32:56- INFO- 获取 20210429 数据失败: 请求过于频繁 🔥🔥🔥🔥🔥🔥🔥🔥🔥⚡ 2秒后可用
20260331 22:32:56- INFO- 获取 20210430 数据失败: 请求过于频繁 🔥🔥🔥🔥🔥🔥🔥🔥🔥⚡ 2秒后可用
20260331 22:32:56- INFO- 获取 20210501 数据失败: 请求过于频繁 🔥🔥🔥🔥🔥🔥🔥🔥🔥⚡ 2秒后可用
20260331 22:32:56- INFO- 获取 20210502 数据失败: 请求过于频繁 🔥🔥🔥🔥🔥🔥🔥🔥🔥⚡ 2秒后可用
20260331 22:32:56- INFO- 获取 20210503 数据失败: 请求过于频繁 🔥🔥🔥🔥🔥🔥🔥🔥🔥⚡ 2秒后可用
20260331 22:32:56- INFO- 获取 20210504 数据失败: 请求过于频繁 🔥🔥🔥🔥🔥🔥🔥🔥🔥⚡ 2秒后可用
20260331 22:32:56- INFO- 获取 20210505 数据失败: 请求过于频繁 🔥🔥🔥🔥🔥🔥🔥🔥🔥⚡ 2秒后可用
20260331 22:32:56- INFO- 获取 20210506 数据失败: 请求过于频繁 🔥🔥🔥🔥🔥🔥🔥🔥🔥⚡ 2秒后可用
20260331 22:32:57- INFO- 获取 20210507 数据失败: 请求过于频繁 🔥🔥🔥🔥🔥🔥🔥🔥🔥⚡ 2秒后可用
20260331 22:32:57- INFO- 获取 20210508 数据失败: 请求过于频繁 🔥🔥🔥🔥🔥🔥🔥🔥🔥⚡ 1秒后可用
20260331 22:32:57- INFO- 获取 20210509 数据失败: 请求过于频繁 🔥🔥🔥🔥🔥🔥🔥🔥🔥⚡ 1秒后可用
20260331 22:32:57- INFO- 获取 20210510 数据失败: 请求过于频繁 🔥🔥🔥🔥🔥🔥🔥🔥🔥⚡ 1秒后可用
20260331 22:32:57- INFO- 获取 20210511 数据失败: 请求过于频繁 🔥🔥🔥🔥🔥🔥🔥🔥🔥⚡ 1秒后可用
20260331 22:32:57- INFO- 获取 20210512 数据失败: 请求过于频繁 🔥🔥🔥🔥🔥🔥🔥🔥🔥⚡ 1秒后可用
20260331 22:32:57- INFO- 获取 20210513 数据失败: 请求过于频繁 🔥🔥🔥🔥🔥🔥🔥🔥🔥⚡ 1秒后可用
20260331 22:32:57- INFO- 获取 20210514 数据失败: 请求过于频繁 🔥🔥🔥🔥🔥🔥🔥🔥🔥⚡ 1秒后可用
20260331 22:32:57- INFO- 获取 20210515 数据失败: 请求过于频繁 🔥🔥🔥🔥🔥🔥🔥🔥🔥⚡ 1秒后可用
20260331 22:32:57- INFO- 获取 20210516 数据失败: 请求过于频繁 🔥🔥🔥🔥🔥🔥🔥🔥🔥⚡ 1秒后可用
20260331 22:32:58- INFO- 获取 20210517 数据失败: 请求过于频繁 🔥🔥🔥🔥🔥🔥🔥🔥🔥⚡ 1秒后可用
20260331 22:32:58- INFO- 获取 20210518 数据失败: 请求过于频繁 🔥🔥🔥🔥🔥🔥🔥🔥🔥⚡ 1秒后可用
20260331 22:32:58- INFO- 已获取 20210519 ETF数据
20260331 22:32:58- INFO- 已获取 20210520 ETF数据
20260331 22:32:58- INFO- 已获取 20210521 ETF数据
20260331 22:32:59- INFO- 已获取 20210524 ETF数据
20260331 22:32:59- INFO- 已获取 20210525 ETF数据
20260331 22:32:59- INFO- 已获取 20210526 ETF数据
20260331 22:32:59- INFO- 已获取 20210527 ETF数据
20260331 22:32:59- INFO- 已获取 20210528 ETF数据
20260331 22:33:00- INFO- 已获取 20210531 ETF数据
20260331 22:33:00- INFO- 已获取 20210601 ETF数据
20260331 22:33:00- INFO- 已获取 20210602 ETF数据
20260331 22:33:00- INFO- 已获取 20210603 ETF数据
20260331 22:33:00- INFO- 已获取 20210604 ETF数据
20260331 22:33:01- INFO- 已获取 20210607 ETF数据
20260331 22:33:01- INFO- 已获取 20210608 ETF数据
20260331 22:33:01- INFO- 已获取 20210609 ETF数据
20260331 22:33:01- INFO- 已获取 20210610 ETF数据
20260331 22:33:01- INFO- 已获取 20210611 ETF数据
20260331 22:33:02- INFO- 已获取 20210615 ETF数据
20260331 22:33:02- INFO- 已获取 20210616 ETF数据
20260331 22:33:02- INFO- 已获取 20210617 ETF数据
20260331 22:33:02- INFO- 已获取 20210618 ETF数据
20260331 22:33:03- INFO- 已获取 20210621 ETF数据
20260331 22:33:03- INFO- 已获取 20210622 ETF数据
20260331 22:33:03- INFO- 已获取 20210623 ETF数据
20260331 22:33:03- INFO- 已获取 20210624 ETF数据
20260331 22:33:03- INFO- 已获取 20210625 ETF数据
20260331 22:33:04- INFO- 已获取 20210628 ETF数据
20260331 22:33:04- INFO- 已获取 20210629 ETF数据
20260331 22:33:04- INFO- 已获取 20210630 ETF数据
20260331 22:33:04- INFO- 已获取 20210701 ETF数据
20260331 22:33:04- INFO- 已获取 20210702 ETF数据
20260331 22:33:05- INFO- 已获取 20210705 ETF数据
20260331 22:33:05- INFO- 已获取 20210706 ETF数据
20260331 22:33:05- INFO- 已获取 20210707 ETF数据
20260331 22:33:05- INFO- 已获取 20210708 ETF数据
20260331 22:33:05- INFO- 已获取 20210709 ETF数据
20260331 22:33:06- INFO- 已获取 20210712 ETF数据
20260331 22:33:06- INFO- 已获取 20210713 ETF数据
20260331 22:33:06- INFO- 已获取 20210714 ETF数据
20260331 22:33:06- INFO- 已获取 20210715 ETF数据
20260331 22:33:06- INFO- 已获取 20210716 ETF数据
20260331 22:33:07- INFO- 已获取 20210719 ETF数据
20260331 22:33:07- INFO- 已获取 20210720 ETF数据
20260331 22:33:07- INFO- 已获取 20210721 ETF数据
20260331 22:33:07- INFO- 已获取 20210722 ETF数据
20260331 22:33:08- INFO- 已获取 20210723 ETF数据
20260331 22:33:08- INFO- 已获取 20210726 ETF数据
20260331 22:33:08- INFO- 已获取 20210727 ETF数据
20260331 22:33:08- INFO- 已获取 20210728 ETF数据
20260331 22:33:08- INFO- 已获取 20210729 ETF数据
20260331 22:33:09- INFO- 已获取 20210730 ETF数据
20260331 22:33:09- INFO- 已获取 20210802 ETF数据
20260331 22:33:09- INFO- 已获取 20210803 ETF数据
20260331 22:33:09- INFO- 已获取 20210804 ETF数据
20260331 22:33:09- INFO- 已获取 20210805 ETF数据
20260331 22:33:10- INFO- 已获取 20210806 ETF数据
20260331 22:33:10- INFO- 已获取 20210809 ETF数据
20260331 22:33:10- INFO- 已获取 20210810 ETF数据
20260331 22:33:10- INFO- 已获取 20210811 ETF数据
20260331 22:33:11- INFO- 已获取 20210812 ETF数据
20260331 22:33:11- INFO- 已获取 20210813 ETF数据
20260331 22:33:11- INFO- 已获取 20210816 ETF数据
20260331 22:33:11- INFO- 已获取 20210817 ETF数据
20260331 22:33:11- INFO- 已获取 20210818 ETF数据
20260331 22:33:12- INFO- 已获取 20210819 ETF数据
20260331 22:33:12- INFO- 已获取 20210820 ETF数据
20260331 22:33:12- INFO- 已获取 20210823 ETF数据
20260331 22:33:12- INFO- 已获取 20210824 ETF数据
20260331 22:33:12- INFO- 已获取 20210825 ETF数据
20260331 22:33:13- INFO- 已获取 20210826 ETF数据
20260331 22:33:13- INFO- 已获取 20210827 ETF数据
20260331 22:33:13- INFO- 已获取 20210830 ETF数据
20260331 22:33:13- INFO- 已获取 20210831 ETF数据
20260331 22:33:14- INFO- 已获取 20210901 ETF数据
20260331 22:33:14- INFO- 已获取 20210902 ETF数据
20260331 22:33:14- INFO- 已获取 20210903 ETF数据
20260331 22:33:14- INFO- 已获取 20210906 ETF数据
20260331 22:33:14- INFO- 已获取 20210907 ETF数据
20260331 22:33:15- INFO- 已获取 20210908 ETF数据
20260331 22:33:15- INFO- 已获取 20210909 ETF数据
20260331 22:33:15- INFO- 已获取 20210910 ETF数据
20260331 22:33:15- INFO- 已获取 20210913 ETF数据
20260331 22:33:16- INFO- 已获取 20210914 ETF数据
20260331 22:33:16- INFO- 已获取 20210915 ETF数据
20260331 22:33:16- INFO- 已获取 20210916 ETF数据
20260331 22:33:16- INFO- 已获取 20210917 ETF数据
20260331 22:33:17- INFO- 已获取 20210922 ETF数据
20260331 22:33:17- INFO- 已获取 20210923 ETF数据
20260331 22:33:17- INFO- 已获取 20210924 ETF数据
20260331 22:33:17- INFO- 已获取 20210927 ETF数据
20260331 22:33:17- INFO- 已获取 20210928 ETF数据
20260331 22:33:18- INFO- 已获取 20210929 ETF数据
20260331 22:33:18- INFO- 已获取 20210930 ETF数据
20260331 22:33:19- INFO- 已获取 20211008 ETF数据
20260331 22:33:19- INFO- 已获取 20211011 ETF数据
20260331 22:33:19- INFO- 已获取 20211012 ETF数据
20260331 22:33:19- INFO- 已获取 20211013 ETF数据
20260331 22:33:20- INFO- 已获取 20211014 ETF数据
20260331 22:33:20- INFO- 已获取 20211015 ETF数据
20260331 22:33:20- INFO- 已获取 20211018 ETF数据
20260331 22:33:20- INFO- 已获取 20211019 ETF数据
20260331 22:33:21- INFO- 已获取 20211020 ETF数据
20260331 22:33:21- INFO- 已获取 20211021 ETF数据
20260331 22:33:21- INFO- 已获取 20211022 ETF数据
20260331 22:33:21- INFO- 已获取 20211025 ETF数据
20260331 22:33:21- INFO- 已获取 20211026 ETF数据
20260331 22:33:22- INFO- 已获取 20211027 ETF数据
20260331 22:33:22- INFO- 已获取 20211028 ETF数据
20260331 22:33:22- INFO- 已获取 20211029 ETF数据
20260331 22:33:22- INFO- 已获取 20211101 ETF数据
20260331 22:33:22- INFO- 已获取 20211102 ETF数据
20260331 22:33:23- INFO- 已获取 20211103 ETF数据
20260331 22:33:23- INFO- 已获取 20211104 ETF数据
20260331 22:33:23- INFO- 已获取 20211105 ETF数据
20260331 22:33:23- INFO- 已获取 20211108 ETF数据
20260331 22:33:24- INFO- 已获取 20211109 ETF数据
20260331 22:33:24- INFO- 已获取 20211110 ETF数据
20260331 22:33:24- INFO- 已获取 20211111 ETF数据
20260331 22:33:24- INFO- 已获取 20211112 ETF数据
20260331 22:33:24- INFO- 已获取 20211115 ETF数据
20260331 22:33:25- INFO- 已获取 20211116 ETF数据
20260331 22:33:25- INFO- 已获取 20211117 ETF数据
20260331 22:33:25- INFO- 已获取 20211118 ETF数据
20260331 22:33:25- INFO- 已获取 20211119 ETF数据
20260331 22:33:26- INFO- 已获取 20211122 ETF数据
20260331 22:33:26- INFO- 已获取 20211123 ETF数据
20260331 22:33:26- INFO- 已获取 20211124 ETF数据
20260331 22:33:26- INFO- 已获取 20211125 ETF数据
20260331 22:33:26- INFO- 已获取 20211126 ETF数据
20260331 22:33:27- INFO- 已获取 20211129 ETF数据
20260331 22:33:27- INFO- 已获取 20211130 ETF数据
20260331 22:33:27- INFO- 已获取 20211201 ETF数据
20260331 22:33:27- INFO- 已获取 20211202 ETF数据
20260331 22:33:27- INFO- 已获取 20211203 ETF数据
20260331 22:33:28- INFO- 已获取 20211206 ETF数据
20260331 22:33:28- INFO- 已获取 20211207 ETF数据
20260331 22:33:28- INFO- 已获取 20211208 ETF数据
20260331 22:33:28- INFO- 已获取 20211209 ETF数据
20260331 22:33:28- INFO- 已获取 20211210 ETF数据
20260331 22:33:29- INFO- 已获取 20211213 ETF数据
20260331 22:33:29- INFO- 已获取 20211214 ETF数据
20260331 22:33:29- INFO- 已获取 20211215 ETF数据
20260331 22:33:29- INFO- 已获取 20211216 ETF数据
20260331 22:33:29- INFO- 已获取 20211217 ETF数据
20260331 22:33:30- INFO- 已获取 20211220 ETF数据
20260331 22:33:30- INFO- 已获取 20211221 ETF数据
20260331 22:33:30- INFO- 已获取 20211222 ETF数据
20260331 22:33:30- INFO- 已获取 20211223 ETF数据
20260331 22:33:30- INFO- 已获取 20211224 ETF数据
20260331 22:33:31- INFO- 已获取 20211227 ETF数据
20260331 22:33:31- INFO- 已获取 20211228 ETF数据
20260331 22:33:31- INFO- 已获取 20211229 ETF数据
20260331 22:33:31- INFO- 已获取 20211230 ETF数据
20260331 22:33:31- INFO- 已获取 20211231 ETF数据
20260331 22:33:32- INFO- 已获取 20220104 ETF数据
20260331 22:33:32- INFO- 已获取 20220105 ETF数据
20260331 22:33:32- INFO- 已获取 20220106 ETF数据
20260331 22:33:32- INFO- 已获取 20220107 ETF数据
20260331 22:33:33- INFO- 已获取 20220110 ETF数据
20260331 22:33:33- INFO- 已获取 20220111 ETF数据
20260331 22:33:33- INFO- 已获取 20220112 ETF数据
20260331 22:33:33- INFO- 已获取 20220113 ETF数据
20260331 22:33:34- INFO- 已获取 20220114 ETF数据
20260331 22:33:34- INFO- 已获取 20220117 ETF数据
20260331 22:33:34- INFO- 已获取 20220118 ETF数据
20260331 22:33:34- INFO- 已获取 20220119 ETF数据
20260331 22:33:35- INFO- 已获取 20220120 ETF数据
20260331 22:33:35- INFO- 已获取 20220121 ETF数据
20260331 22:33:35- INFO- 已获取 20220124 ETF数据
20260331 22:33:35- INFO- 已获取 20220125 ETF数据
20260331 22:33:35- INFO- 已获取 20220126 ETF数据
20260331 22:33:36- INFO- 已获取 20220127 ETF数据
20260331 22:33:36- INFO- 已获取 20220128 ETF数据
20260331 22:33:37- INFO- 已获取 20220207 ETF数据
20260331 22:33:37- INFO- 已获取 20220208 ETF数据
20260331 22:33:37- INFO- 已获取 20220209 ETF数据
20260331 22:33:37- INFO- 已获取 20220210 ETF数据
20260331 22:33:38- INFO- 已获取 20220211 ETF数据
20260331 22:33:38- INFO- 已获取 20220214 ETF数据
20260331 22:33:38- INFO- 已获取 20220215 ETF数据
20260331 22:33:38- INFO- 已获取 20220216 ETF数据
20260331 22:33:38- INFO- 已获取 20220217 ETF数据
20260331 22:33:39- INFO- 已获取 20220218 ETF数据
20260331 22:33:39- INFO- 已获取 20220221 ETF数据
20260331 22:33:39- INFO- 已获取 20220222 ETF数据
20260331 22:33:39- INFO- 已获取 20220223 ETF数据
20260331 22:33:39- INFO- 已获取 20220224 ETF数据
20260331 22:33:40- INFO- 已获取 20220225 ETF数据
20260331 22:33:40- INFO- 已获取 20220228 ETF数据
20260331 22:33:40- INFO- 已获取 20220301 ETF数据
20260331 22:33:40- INFO- 已获取 20220302 ETF数据
20260331 22:33:41- INFO- 已获取 20220303 ETF数据
20260331 22:33:41- INFO- 已获取 20220304 ETF数据
20260331 22:33:41- INFO- 已获取 20220307 ETF数据
20260331 22:33:41- INFO- 已获取 20220308 ETF数据
20260331 22:33:41- INFO- 已获取 20220309 ETF数据
20260331 22:33:42- INFO- 已获取 20220310 ETF数据
20260331 22:33:42- INFO- 已获取 20220311 ETF数据
20260331 22:33:42- INFO- 已获取 20220314 ETF数据
20260331 22:33:42- INFO- 已获取 20220315 ETF数据
20260331 22:33:42- INFO- 已获取 20220316 ETF数据
20260331 22:33:43- INFO- 已获取 20220317 ETF数据
20260331 22:33:43- INFO- 已获取 20220318 ETF数据
20260331 22:33:43- INFO- 已获取 20220321 ETF数据
20260331 22:33:43- INFO- 已获取 20220322 ETF数据
20260331 22:33:44- INFO- 已获取 20220323 ETF数据
20260331 22:33:44- INFO- 已获取 20220324 ETF数据
20260331 22:33:44- INFO- 已获取 20220325 ETF数据
20260331 22:33:44- INFO- 已获取 20220328 ETF数据
20260331 22:33:44- INFO- 已获取 20220329 ETF数据
20260331 22:33:45- INFO- 已获取 20220330 ETF数据
20260331 22:33:45- INFO- 已获取 20220331 ETF数据
20260331 22:33:45- INFO- 已获取 20220401 ETF数据
20260331 22:33:46- INFO- 已获取 20220406 ETF数据
20260331 22:33:46- INFO- 已获取 20220407 ETF数据
20260331 22:33:46- INFO- 已获取 20220408 ETF数据
20260331 22:33:46- INFO- 已获取 20220411 ETF数据
20260331 22:33:46- INFO- 已获取 20220412 ETF数据
20260331 22:33:47- INFO- 已获取 20220413 ETF数据
20260331 22:33:47- INFO- 已获取 20220414 ETF数据
20260331 22:33:47- INFO- 已获取 20220415 ETF数据
20260331 22:33:47- INFO- 已获取 20220418 ETF数据
20260331 22:33:47- INFO- 已获取 20220419 ETF数据
20260331 22:33:48- INFO- 已获取 20220420 ETF数据
20260331 22:33:48- INFO- 已获取 20220421 ETF数据
20260331 22:33:48- INFO- 已获取 20220422 ETF数据
20260331 22:33:48- INFO- 已获取 20220425 ETF数据
20260331 22:33:49- INFO- 已获取 20220426 ETF数据
20260331 22:33:49- INFO- 已获取 20220427 ETF数据
20260331 22:33:49- INFO- 已获取 20220428 ETF数据
20260331 22:33:49- INFO- 已获取 20220429 ETF数据
20260331 22:33:50- INFO- 已获取 20220505 ETF数据
20260331 22:33:50- INFO- 已获取 20220506 ETF数据
20260331 22:33:50- INFO- 已获取 20220509 ETF数据
20260331 22:33:51- INFO- 已获取 20220510 ETF数据
20260331 22:33:51- INFO- 获取 20220511 数据失败: 请求过于频繁 🔥🔥🔥🔥🔥🔥🔥🔥⚡❄️ 8秒后可用
20260331 22:33:51- INFO- 获取 20220512 数据失败: 请求过于频繁 🔥🔥🔥🔥🔥🔥🔥🔥⚡❄️ 7秒后可用
20260331 22:33:51- INFO- 获取 20220513 数据失败: 请求过于频繁 🔥🔥🔥🔥🔥🔥🔥🔥⚡❄️ 7秒后可用
20260331 22:33:51- INFO- 获取 20220514 数据失败: 请求过于频繁 🔥🔥🔥🔥🔥🔥🔥🔥⚡❄️ 7秒后可用
20260331 22:33:51- INFO- 获取 20220515 数据失败: 请求过于频繁 🔥🔥🔥🔥🔥🔥🔥🔥⚡❄️ 7秒后可用
20260331 22:33:51- INFO- 获取 20220516 数据失败: 请求过于频繁 🔥🔥🔥🔥🔥🔥🔥🔥⚡❄️ 7秒后可用
20260331 22:33:51- INFO- 获取 20220517 数据失败: 请求过于频繁 🔥🔥🔥🔥🔥🔥🔥🔥⚡❄️ 7秒后可用
20260331 22:33:51- INFO- 获取 20220518 数据失败: 请求过于频繁 🔥🔥🔥🔥🔥🔥🔥🔥⚡❄️ 7秒后可用
20260331 22:33:51- INFO- 获取 20220519 数据失败: 请求过于频繁 🔥🔥🔥🔥🔥🔥🔥🔥⚡❄️ 7秒后可用
20260331 22:33:51- INFO- 获取 20220520 数据失败: 请求过于频繁 🔥🔥🔥🔥🔥🔥🔥🔥⚡❄️ 7秒后可用
20260331 22:33:52- INFO- 获取 20220521 数据失败: 请求过于频繁 🔥🔥🔥🔥🔥🔥🔥🔥⚡❄️ 7秒后可用
20260331 22:33:52- INFO- 获取 20220522 数据失败: 请求过于频繁 🔥🔥🔥🔥🔥🔥🔥🔥🔥⚡ 6秒后可用
20260331 22:33:52- INFO- 获取 20220523 数据失败: 请求过于频繁 🔥🔥🔥🔥🔥🔥🔥🔥🔥⚡ 6秒后可用
20260331 22:33:52- INFO- 获取 20220524 数据失败: 请求过于频繁 🔥🔥🔥🔥🔥🔥🔥🔥🔥⚡ 6秒后可用
20260331 22:33:52- INFO- 获取 20220525 数据失败: 请求过于频繁 🔥🔥🔥🔥🔥🔥🔥🔥🔥⚡ 6秒后可用
20260331 22:33:52- INFO- 获取 20220526 数据失败: 请求过于频繁 🔥🔥🔥🔥🔥🔥🔥🔥🔥⚡ 6秒后可用
20260331 22:33:52- INFO- 获取 20220527 数据失败: 请求过于频繁 🔥🔥🔥🔥🔥🔥🔥🔥🔥⚡ 6秒后可用
20260331 22:33:52- INFO- 获取 20220528 数据失败: 请求过于频繁 🔥🔥🔥🔥🔥🔥🔥🔥🔥⚡ 6秒后可用
20260331 22:33:52- INFO- 获取 20220529 数据失败: 请求过于频繁 🔥🔥🔥🔥🔥🔥🔥🔥🔥⚡ 6秒后可用
20260331 22:33:52- INFO- 获取 20220530 数据失败: 请求过于频繁 🔥🔥🔥🔥🔥🔥🔥🔥🔥⚡ 6秒后可用
20260331 22:33:52- INFO- 获取 20220531 数据失败: 请求过于频繁 🔥🔥🔥🔥🔥🔥🔥🔥🔥⚡ 6秒后可用
20260331 22:33:53- INFO- 获取 20220601 数据失败: 请求过于频繁 🔥🔥🔥🔥🔥🔥🔥🔥🔥⚡ 6秒后可用
20260331 22:33:53- INFO- 获取 20220602 数据失败: 请求过于频繁 🔥🔥🔥🔥🔥🔥🔥🔥🔥⚡ 5秒后可用
20260331 22:33:53- INFO- 获取 20220603 数据失败: 请求过于频繁 🔥🔥🔥🔥🔥🔥🔥🔥🔥⚡ 5秒后可用
20260331 22:33:53- INFO- 获取 20220604 数据失败: 请求过于频繁 🔥🔥🔥🔥🔥🔥🔥🔥🔥⚡ 5秒后可用
20260331 22:33:53- INFO- 获取 20220605 数据失败: 请求过于频繁 🔥🔥🔥🔥🔥🔥🔥🔥🔥⚡ 5秒后可用
20260331 22:33:53- INFO- 获取 20220606 数据失败: 请求过于频繁 🔥🔥🔥🔥🔥🔥🔥🔥🔥⚡ 5秒后可用
20260331 22:33:53- INFO- 获取 20220607 数据失败: 请求过于频繁 🔥🔥🔥🔥🔥🔥🔥🔥🔥⚡ 5秒后可用
20260331 22:33:53- INFO- 获取 20220608 数据失败: 请求过于频繁 🔥🔥🔥🔥🔥🔥🔥🔥🔥⚡ 5秒后可用
20260331 22:33:53- INFO- 获取 20220609 数据失败: 请求过于频繁 🔥🔥🔥🔥🔥🔥🔥🔥🔥⚡ 5秒后可用
20260331 22:33:53- INFO- 获取 20220610 数据失败: 请求过于频繁 🔥🔥🔥🔥🔥🔥🔥🔥🔥⚡ 5秒后可用
20260331 22:33:54- INFO- 获取 20220611 数据失败: 请求过于频繁 🔥🔥🔥🔥🔥🔥🔥🔥🔥⚡ 5秒后可用
20260331 22:33:54- INFO- 获取 20220612 数据失败: 请求过于频繁 🔥🔥🔥🔥🔥🔥🔥🔥🔥⚡ 4秒后可用
20260331 22:33:54- INFO- 获取 20220613 数据失败: 请求过于频繁 🔥🔥🔥🔥🔥🔥🔥🔥🔥⚡ 4秒后可用
20260331 22:33:54- INFO- 获取 20220614 数据失败: 请求过于频繁 🔥🔥🔥🔥🔥🔥🔥🔥🔥⚡ 4秒后可用
20260331 22:33:54- INFO- 获取 20220615 数据失败: 请求过于频繁 🔥🔥🔥🔥🔥🔥🔥🔥🔥⚡ 4秒后可用
20260331 22:33:54- INFO- 获取 20220616 数据失败: 请求过于频繁 🔥🔥🔥🔥🔥🔥🔥🔥🔥⚡ 4秒后可用
20260331 22:33:54- INFO- 获取 20220617 数据失败: 请求过于频繁 🔥🔥🔥🔥🔥🔥🔥🔥🔥⚡ 4秒后可用
20260331 22:33:54- INFO- 获取 20220618 数据失败: 请求过于频繁 🔥🔥🔥🔥🔥🔥🔥🔥🔥⚡ 4秒后可用
20260331 22:33:54- INFO- 获取 20220619 数据失败: 请求过于频繁 🔥🔥🔥🔥🔥🔥🔥🔥🔥⚡ 4秒后可用
20260331 22:33:54- INFO- 获取 20220620 数据失败: 请求过于频繁 🔥🔥🔥🔥🔥🔥🔥🔥🔥⚡ 4秒后可用
20260331 22:33:54- INFO- 获取 20220621 数据失败: 请求过于频繁 🔥🔥🔥🔥🔥🔥🔥🔥🔥⚡ 4秒后可用
20260331 22:33:55- INFO- 获取 20220622 数据失败: 请求过于频繁 🔥🔥🔥🔥🔥🔥🔥🔥🔥⚡ 4秒后可用
20260331 22:33:55- INFO- 获取 20220623 数据失败: 请求过于频繁 🔥🔥🔥🔥🔥🔥🔥🔥🔥⚡ 3秒后可用
20260331 22:33:55- INFO- 获取 20220624 数据失败: 请求过于频繁 🔥🔥🔥🔥🔥🔥🔥🔥🔥⚡ 3秒后可用
20260331 22:33:55- INFO- 获取 20220625 数据失败: 请求过于频繁 🔥🔥🔥🔥🔥🔥🔥🔥🔥⚡ 3秒后可用
20260331 22:33:55- INFO- 获取 20220626 数据失败: 请求过于频繁 🔥🔥🔥🔥🔥🔥🔥🔥🔥⚡ 3秒后可用
20260331 22:33:55- INFO- 获取 20220627 数据失败: 请求过于频繁 🔥🔥🔥🔥🔥🔥🔥🔥🔥⚡ 3秒后可用
20260331 22:33:55- INFO- 获取 20220628 数据失败: 请求过于频繁 🔥🔥🔥🔥🔥🔥🔥🔥🔥⚡ 3秒后可用
20260331 22:33:55- INFO- 获取 20220629 数据失败: 请求过于频繁 🔥🔥🔥🔥🔥🔥🔥🔥🔥⚡ 3秒后可用
20260331 22:33:55- INFO- 获取 20220630 数据失败: 请求过于频繁 🔥🔥🔥🔥🔥🔥🔥🔥🔥⚡ 3秒后可用
20260331 22:33:55- INFO- 获取 20220701 数据失败: 请求过于频繁 🔥🔥🔥🔥🔥🔥🔥🔥🔥⚡ 3秒后可用
20260331 22:33:56- INFO- 获取 20220702 数据失败: 请求过于频繁 🔥🔥🔥🔥🔥🔥🔥🔥🔥⚡ 3秒后可用
20260331 22:33:56- INFO- 获取 20220703 数据失败: 请求过于频繁 🔥🔥🔥🔥🔥🔥🔥🔥🔥⚡ 2秒后可用
20260331 22:33:56- INFO- 获取 20220704 数据失败: 请求过于频繁 🔥🔥🔥🔥🔥🔥🔥🔥🔥⚡ 2秒后可用
20260331 22:33:56- INFO- 获取 20220705 数据失败: 请求过于频繁 🔥🔥🔥🔥🔥🔥🔥🔥🔥⚡ 2秒后可用
20260331 22:33:56- INFO- 获取 20220706 数据失败: 请求过于频繁 🔥🔥🔥🔥🔥🔥🔥🔥🔥⚡ 2秒后可用
20260331 22:33:56- INFO- 获取 20220707 数据失败: 请求过于频繁 🔥🔥🔥🔥🔥🔥🔥🔥🔥⚡ 2秒后可用
20260331 22:33:56- INFO- 获取 20220708 数据失败: 请求过于频繁 🔥🔥🔥🔥🔥🔥🔥🔥🔥⚡ 2秒后可用
20260331 22:33:56- INFO- 获取 20220709 数据失败: 请求过于频繁 🔥🔥🔥🔥🔥🔥🔥🔥🔥⚡ 2秒后可用
20260331 22:33:56- INFO- 获取 20220710 数据失败: 请求过于频繁 🔥🔥🔥🔥🔥🔥🔥🔥🔥⚡ 2秒后可用
20260331 22:33:56- INFO- 获取 20220711 数据失败: 请求过于频繁 🔥🔥🔥🔥🔥🔥🔥🔥🔥⚡ 2秒后可用
20260331 22:33:56- INFO- 获取 20220712 数据失败: 请求过于频繁 🔥🔥🔥🔥🔥🔥🔥🔥🔥⚡ 2秒后可用
20260331 22:33:57- INFO- 获取 20220713 数据失败: 请求过于频繁 🔥🔥🔥🔥🔥🔥🔥🔥🔥⚡ 2秒后可用
20260331 22:33:57- INFO- 获取 20220714 数据失败: 请求过于频繁 🔥🔥🔥🔥🔥🔥🔥🔥🔥⚡ 1秒后可用
20260331 22:33:57- INFO- 获取 20220715 数据失败: 请求过于频繁 🔥🔥🔥🔥🔥🔥🔥🔥🔥⚡ 1秒后可用
20260331 22:33:57- INFO- 获取 20220716 数据失败: 请求过于频繁 🔥🔥🔥🔥🔥🔥🔥🔥🔥⚡ 1秒后可用
20260331 22:33:57- INFO- 获取 20220717 数据失败: 请求过于频繁 🔥🔥🔥🔥🔥🔥🔥🔥🔥⚡ 1秒后可用
20260331 22:33:57- INFO- 获取 20220718 数据失败: 请求过于频繁 🔥🔥🔥🔥🔥🔥🔥🔥🔥⚡ 1秒后可用
20260331 22:33:57- INFO- 获取 20220719 数据失败: 请求过于频繁 🔥🔥🔥🔥🔥🔥🔥🔥🔥⚡ 1秒后可用
20260331 22:33:57- INFO- 获取 20220720 数据失败: 请求过于频繁 🔥🔥🔥🔥🔥🔥🔥🔥🔥⚡ 1秒后可用
20260331 22:33:57- INFO- 获取 20220721 数据失败: 请求过于频繁 🔥🔥🔥🔥🔥🔥🔥🔥🔥⚡ 1秒后可用
20260331 22:33:57- INFO- 获取 20220722 数据失败: 请求过于频繁 🔥🔥🔥🔥🔥🔥🔥🔥🔥⚡ 1秒后可用
20260331 22:33:58- INFO- 获取 20220723 数据失败: 请求过于频繁 🔥🔥🔥🔥🔥🔥🔥🔥🔥⚡ 1秒后可用
20260331 22:33:58- INFO- 获取 20220724 数据失败: 请求过于频繁 🔥🔥🔥🔥🔥🔥🔥🔥🔥⚡ 1秒后可用
20260331 22:33:58- INFO- 获取 20220725 数据失败: 请求过于频繁 🔥🔥🔥🔥🔥🔥🔥🔥🔥🔥 0秒后可用
20260331 22:33:58- INFO- 已获取 20220726 ETF数据
20260331 22:33:58- INFO- 已获取 20220727 ETF数据
20260331 22:33:58- INFO- 已获取 20220728 ETF数据
20260331 22:33:59- INFO- 已获取 20220729 ETF数据
20260331 22:33:59- INFO- 已获取 20220801 ETF数据
20260331 22:33:59- INFO- 已获取 20220802 ETF数据
20260331 22:33:59- INFO- 已获取 20220803 ETF数据
20260331 22:33:59- INFO- 已获取 20220804 ETF数据
20260331 22:34:00- INFO- 已获取 20220805 ETF数据
20260331 22:34:00- INFO- 已获取 20220808 ETF数据
20260331 22:34:00- INFO- 已获取 20220809 ETF数据
20260331 22:34:00- INFO- 已获取 20220810 ETF数据
20260331 22:34:01- INFO- 已获取 20220811 ETF数据
20260331 22:34:01- INFO- 已获取 20220812 ETF数据
20260331 22:34:01- INFO- 已获取 20220815 ETF数据
20260331 22:34:01- INFO- 已获取 20220816 ETF数据
20260331 22:34:01- INFO- 已获取 20220817 ETF数据
20260331 22:34:02- INFO- 已获取 20220818 ETF数据
20260331 22:34:02- INFO- 已获取 20220819 ETF数据
20260331 22:34:02- INFO- 已获取 20220822 ETF数据
20260331 22:34:02- INFO- 已获取 20220823 ETF数据
20260331 22:34:02- INFO- 已获取 20220824 ETF数据
20260331 22:34:03- INFO- 已获取 20220825 ETF数据
20260331 22:34:03- INFO- 已获取 20220826 ETF数据
20260331 22:34:03- INFO- 已获取 20220829 ETF数据
20260331 22:34:03- INFO- 已获取 20220830 ETF数据
20260331 22:34:04- INFO- 已获取 20220831 ETF数据
20260331 22:34:04- INFO- 已获取 20220901 ETF数据
20260331 22:34:04- INFO- 已获取 20220902 ETF数据
20260331 22:34:04- INFO- 已获取 20220905 ETF数据
20260331 22:34:04- INFO- 已获取 20220906 ETF数据
20260331 22:34:05- INFO- 已获取 20220907 ETF数据
20260331 22:34:05- INFO- 已获取 20220908 ETF数据
20260331 22:34:05- INFO- 已获取 20220909 ETF数据
20260331 22:34:05- INFO- 已获取 20220913 ETF数据
20260331 22:34:06- INFO- 已获取 20220914 ETF数据
20260331 22:34:06- INFO- 已获取 20220915 ETF数据
20260331 22:34:06- INFO- 已获取 20220916 ETF数据
20260331 22:34:06- INFO- 已获取 20220919 ETF数据
20260331 22:34:07- INFO- 已获取 20220920 ETF数据
20260331 22:34:07- INFO- 已获取 20220921 ETF数据
20260331 22:34:07- INFO- 已获取 20220922 ETF数据
20260331 22:34:07- INFO- 已获取 20220923 ETF数据
20260331 22:34:07- INFO- 已获取 20220926 ETF数据
20260331 22:34:08- INFO- 已获取 20220927 ETF数据
20260331 22:34:08- INFO- 已获取 20220928 ETF数据
20260331 22:34:08- INFO- 已获取 20220929 ETF数据
20260331 22:34:08- INFO- 已获取 20220930 ETF数据
20260331 22:34:09- INFO- 已获取 20221010 ETF数据
20260331 22:34:09- INFO- 已获取 20221011 ETF数据
20260331 22:34:10- INFO- 已获取 20221012 ETF数据
20260331 22:34:10- INFO- 已获取 20221013 ETF数据
20260331 22:34:10- INFO- 已获取 20221014 ETF数据
20260331 22:34:10- INFO- 已获取 20221017 ETF数据
20260331 22:34:10- INFO- 已获取 20221018 ETF数据
20260331 22:34:11- INFO- 已获取 20221019 ETF数据
20260331 22:34:11- INFO- 已获取 20221020 ETF数据
20260331 22:34:11- INFO- 已获取 20221021 ETF数据
20260331 22:34:11- INFO- 已获取 20221024 ETF数据
20260331 22:34:11- INFO- 已获取 20221025 ETF数据
20260331 22:34:12- INFO- 已获取 20221026 ETF数据
20260331 22:34:12- INFO- 已获取 20221027 ETF数据
20260331 22:34:12- INFO- 已获取 20221028 ETF数据
20260331 22:34:12- INFO- 已获取 20221031 ETF数据
20260331 22:34:13- INFO- 已获取 20221101 ETF数据
20260331 22:34:13- INFO- 已获取 20221102 ETF数据
20260331 22:34:13- INFO- 已获取 20221103 ETF数据
20260331 22:34:13- INFO- 已获取 20221104 ETF数据
20260331 22:34:14- INFO- 已获取 20221107 ETF数据
20260331 22:34:14- INFO- 已获取 20221108 ETF数据
20260331 22:34:14- INFO- 已获取 20221109 ETF数据
20260331 22:34:14- INFO- 已获取 20221110 ETF数据
20260331 22:34:14- INFO- 已获取 20221111 ETF数据
20260331 22:34:15- INFO- 已获取 20221114 ETF数据
20260331 22:34:15- INFO- 已获取 20221115 ETF数据
20260331 22:34:15- INFO- 已获取 20221116 ETF数据
20260331 22:34:15- INFO- 已获取 20221117 ETF数据
20260331 22:34:15- INFO- 已获取 20221118 ETF数据
20260331 22:34:16- INFO- 已获取 20221121 ETF数据
20260331 22:34:16- INFO- 已获取 20221122 ETF数据
20260331 22:34:16- INFO- 已获取 20221123 ETF数据
20260331 22:34:16- INFO- 已获取 20221124 ETF数据
20260331 22:34:16- INFO- 已获取 20221125 ETF数据
20260331 22:34:17- INFO- 已获取 20221128 ETF数据
20260331 22:34:17- INFO- 已获取 20221129 ETF数据
20260331 22:34:17- INFO- 已获取 20221130 ETF数据
20260331 22:34:17- INFO- 已获取 20221201 ETF数据
20260331 22:34:17- INFO- 已获取 20221202 ETF数据
20260331 22:34:18- INFO- 已获取 20221205 ETF数据
20260331 22:34:18- INFO- 已获取 20221206 ETF数据
20260331 22:34:18- INFO- 已获取 20221207 ETF数据
20260331 22:34:18- INFO- 已获取 20221208 ETF数据
20260331 22:34:19- INFO- 已获取 20221209 ETF数据
20260331 22:34:19- INFO- 已获取 20221212 ETF数据
20260331 22:34:19- INFO- 已获取 20221213 ETF数据
20260331 22:34:19- INFO- 已获取 20221214 ETF数据
20260331 22:34:19- INFO- 已获取 20221215 ETF数据
20260331 22:34:20- INFO- 已获取 20221216 ETF数据
20260331 22:34:20- INFO- 已获取 20221219 ETF数据
20260331 22:34:20- INFO- 已获取 20221220 ETF数据
20260331 22:34:20- INFO- 已获取 20221221 ETF数据
20260331 22:34:20- INFO- 已获取 20221222 ETF数据
20260331 22:34:21- INFO- 已获取 20221223 ETF数据
20260331 22:34:21- INFO- 已获取 20221226 ETF数据
20260331 22:34:21- INFO- 已获取 20221227 ETF数据
20260331 22:34:21- INFO- 已获取 20221228 ETF数据
20260331 22:34:22- INFO- 已获取 20221229 ETF数据
20260331 22:34:22- INFO- 已获取 20221230 ETF数据
20260331 22:34:22- INFO- 已获取 20230103 ETF数据
20260331 22:34:22- INFO- 已获取 20230104 ETF数据
20260331 22:34:23- INFO- 已获取 20230105 ETF数据
20260331 22:34:23- INFO- 已获取 20230106 ETF数据
20260331 22:34:23- INFO- 已获取 20230109 ETF数据
20260331 22:34:23- INFO- 已获取 20230110 ETF数据
20260331 22:34:23- INFO- 已获取 20230111 ETF数据
20260331 22:34:24- INFO- 已获取 20230112 ETF数据
20260331 22:34:24- INFO- 已获取 20230113 ETF数据
20260331 22:34:24- INFO- 已获取 20230116 ETF数据
20260331 22:34:24- INFO- 已获取 20230117 ETF数据
20260331 22:34:24- INFO- 已获取 20230118 ETF数据
20260331 22:34:25- INFO- 已获取 20230119 ETF数据
20260331 22:34:25- INFO- 已获取 20230120 ETF数据
20260331 22:34:26- INFO- 已获取 20230130 ETF数据
20260331 22:34:26- INFO- 已获取 20230131 ETF数据
20260331 22:34:26- INFO- 已获取 20230201 ETF数据
20260331 22:34:27- INFO- 已获取 20230202 ETF数据
20260331 22:34:27- INFO- 已获取 20230203 ETF数据
20260331 22:34:27- INFO- 已获取 20230206 ETF数据
20260331 22:34:27- INFO- 已获取 20230207 ETF数据
20260331 22:34:27- INFO- 已获取 20230208 ETF数据
20260331 22:34:28- INFO- 已获取 20230209 ETF数据
20260331 22:34:28- INFO- 已获取 20230210 ETF数据
20260331 22:34:29- INFO- 已获取 20230213 ETF数据
20260331 22:34:29- INFO- 已获取 20230214 ETF数据
20260331 22:34:29- INFO- 已获取 20230215 ETF数据
20260331 22:34:29- INFO- 已获取 20230216 ETF数据
20260331 22:34:29- INFO- 已获取 20230217 ETF数据
20260331 22:34:30- INFO- 已获取 20230220 ETF数据
20260331 22:34:30- INFO- 已获取 20230221 ETF数据
20260331 22:34:30- INFO- 已获取 20230222 ETF数据
20260331 22:34:30- INFO- 已获取 20230223 ETF数据
20260331 22:34:30- INFO- 已获取 20230224 ETF数据
20260331 22:34:31- INFO- 已获取 20230227 ETF数据
20260331 22:34:31- INFO- 已获取 20230228 ETF数据
20260331 22:34:31- INFO- 已获取 20230301 ETF数据
20260331 22:34:31- INFO- 已获取 20230302 ETF数据
20260331 22:34:31- INFO- 已获取 20230303 ETF数据
20260331 22:34:32- INFO- 已获取 20230306 ETF数据
20260331 22:34:32- INFO- 已获取 20230307 ETF数据
20260331 22:34:32- INFO- 已获取 20230308 ETF数据
20260331 22:34:32- INFO- 已获取 20230309 ETF数据
20260331 22:34:32- INFO- 已获取 20230310 ETF数据
20260331 22:34:33- INFO- 已获取 20230313 ETF数据
20260331 22:34:33- INFO- 已获取 20230314 ETF数据
20260331 22:34:33- INFO- 已获取 20230315 ETF数据
20260331 22:34:33- INFO- 已获取 20230316 ETF数据
20260331 22:34:34- INFO- 已获取 20230317 ETF数据
20260331 22:34:34- INFO- 已获取 20230320 ETF数据
20260331 22:34:34- INFO- 已获取 20230321 ETF数据
20260331 22:34:34- INFO- 已获取 20230322 ETF数据
20260331 22:34:35- INFO- 已获取 20230323 ETF数据
20260331 22:34:35- INFO- 已获取 20230324 ETF数据
20260331 22:34:35- INFO- 已获取 20230327 ETF数据
20260331 22:34:35- INFO- 已获取 20230328 ETF数据
20260331 22:34:35- INFO- 已获取 20230329 ETF数据
20260331 22:34:36- INFO- 已获取 20230330 ETF数据
20260331 22:34:36- INFO- 已获取 20230331 ETF数据
20260331 22:34:36- INFO- 已获取 20230403 ETF数据
20260331 22:34:36- INFO- 已获取 20230404 ETF数据
20260331 22:34:37- INFO- 已获取 20230406 ETF数据
20260331 22:34:37- INFO- 已获取 20230407 ETF数据
20260331 22:34:37- INFO- 已获取 20230410 ETF数据
20260331 22:34:37- INFO- 已获取 20230411 ETF数据
20260331 22:34:38- INFO- 已获取 20230412 ETF数据
20260331 22:34:38- INFO- 已获取 20230413 ETF数据
20260331 22:34:38- INFO- 已获取 20230414 ETF数据
20260331 22:34:38- INFO- 已获取 20230417 ETF数据
20260331 22:34:38- INFO- 已获取 20230418 ETF数据
20260331 22:34:39- INFO- 已获取 20230419 ETF数据
20260331 22:34:39- INFO- 已获取 20230420 ETF数据
20260331 22:34:39- INFO- 已获取 20230421 ETF数据
20260331 22:34:39- INFO- 已获取 20230424 ETF数据
20260331 22:34:40- INFO- 已获取 20230425 ETF数据
20260331 22:34:40- INFO- 已获取 20230426 ETF数据
20260331 22:34:40- INFO- 已获取 20230427 ETF数据
20260331 22:34:40- INFO- 已获取 20230428 ETF数据
20260331 22:34:41- INFO- 已获取 20230504 ETF数据
20260331 22:34:41- INFO- 已获取 20230505 ETF数据
20260331 22:34:41- INFO- 已获取 20230508 ETF数据
20260331 22:34:41- INFO- 已获取 20230509 ETF数据
20260331 22:34:42- INFO- 已获取 20230510 ETF数据
20260331 22:34:42- INFO- 已获取 20230511 ETF数据
20260331 22:34:42- INFO- 已获取 20230512 ETF数据
20260331 22:34:42- INFO- 已获取 20230515 ETF数据
20260331 22:34:43- INFO- 已获取 20230516 ETF数据
20260331 22:34:43- INFO- 已获取 20230517 ETF数据
20260331 22:34:43- INFO- 已获取 20230518 ETF数据
20260331 22:34:43- INFO- 已获取 20230519 ETF数据
20260331 22:34:43- INFO- 已获取 20230522 ETF数据
20260331 22:34:44- INFO- 已获取 20230523 ETF数据
20260331 22:34:44- INFO- 已获取 20230524 ETF数据
20260331 22:34:44- INFO- 已获取 20230525 ETF数据
20260331 22:34:44- INFO- 已获取 20230526 ETF数据
20260331 22:34:44- INFO- 已获取 20230529 ETF数据
20260331 22:34:45- INFO- 已获取 20230530 ETF数据
20260331 22:34:45- INFO- 已获取 20230531 ETF数据
20260331 22:34:45- INFO- 已获取 20230601 ETF数据
20260331 22:34:45- INFO- 已获取 20230602 ETF数据
20260331 22:34:46- INFO- 已获取 20230605 ETF数据
20260331 22:34:46- INFO- 已获取 20230606 ETF数据
20260331 22:34:46- INFO- 已获取 20230607 ETF数据
20260331 22:34:46- INFO- 已获取 20230608 ETF数据
20260331 22:34:46- INFO- 已获取 20230609 ETF数据
20260331 22:34:47- INFO- 已获取 20230612 ETF数据
20260331 22:34:47- INFO- 已获取 20230613 ETF数据
20260331 22:34:47- INFO- 已获取 20230614 ETF数据
20260331 22:34:47- INFO- 已获取 20230615 ETF数据
20260331 22:34:47- INFO- 已获取 20230616 ETF数据
20260331 22:34:48- INFO- 已获取 20230619 ETF数据
20260331 22:34:48- INFO- 已获取 20230620 ETF数据
20260331 22:34:48- INFO- 已获取 20230621 ETF数据
20260331 22:34:49- INFO- 已获取 20230626 ETF数据
20260331 22:34:49- INFO- 已获取 20230627 ETF数据
20260331 22:34:49- INFO- 已获取 20230628 ETF数据
20260331 22:34:49- INFO- 已获取 20230629 ETF数据
20260331 22:34:49- INFO- 已获取 20230630 ETF数据
20260331 22:34:50- INFO- 已获取 20230703 ETF数据
20260331 22:34:50- INFO- 已获取 20230704 ETF数据
20260331 22:34:50- INFO- 已获取 20230705 ETF数据
20260331 22:34:50- INFO- 已获取 20230706 ETF数据
20260331 22:34:50- INFO- 已获取 20230707 ETF数据
20260331 22:34:51- INFO- 已获取 20230710 ETF数据
20260331 22:34:51- INFO- 已获取 20230711 ETF数据
20260331 22:34:51- INFO- 已获取 20230712 ETF数据
20260331 22:34:51- INFO- 已获取 20230713 ETF数据
20260331 22:34:51- INFO- 已获取 20230714 ETF数据
20260331 22:34:52- INFO- 获取 20230715 数据失败: 请求过于频繁 🔥🔥🔥🔥🔥🔥🔥🔥⚡❄️ 7秒后可用
20260331 22:34:52- INFO- 获取 20230716 数据失败: 请求过于频繁 🔥🔥🔥🔥🔥🔥🔥🔥🔥⚡ 6秒后可用
20260331 22:34:52- INFO- 获取 20230717 数据失败: 请求过于频繁 🔥🔥🔥🔥🔥🔥🔥🔥🔥⚡ 6秒后可用
20260331 22:34:52- INFO- 获取 20230718 数据失败: 请求过于频繁 🔥🔥🔥🔥🔥🔥🔥🔥🔥⚡ 6秒后可用
20260331 22:34:52- INFO- 获取 20230719 数据失败: 请求过于频繁 🔥🔥🔥🔥🔥🔥🔥🔥🔥⚡ 6秒后可用
20260331 22:34:52- INFO- 获取 20230720 数据失败: 请求过于频繁 🔥🔥🔥🔥🔥🔥🔥🔥🔥⚡ 6秒后可用
20260331 22:34:52- INFO- 获取 20230721 数据失败: 请求过于频繁 🔥🔥🔥🔥🔥🔥🔥🔥🔥⚡ 6秒后可用
20260331 22:34:52- INFO- 获取 20230722 数据失败: 请求过于频繁 🔥🔥🔥🔥🔥🔥🔥🔥🔥⚡ 6秒后可用
20260331 22:34:52- INFO- 获取 20230723 数据失败: 请求过于频繁 🔥🔥🔥🔥🔥🔥🔥🔥🔥⚡ 6秒后可用
20260331 22:34:52- INFO- 获取 20230724 数据失败: 请求过于频繁 🔥🔥🔥🔥🔥🔥🔥🔥🔥⚡ 6秒后可用
20260331 22:34:53- INFO- 获取 20230725 数据失败: 请求过于频繁 🔥🔥🔥🔥🔥🔥🔥🔥🔥⚡ 6秒后可用
20260331 22:34:53- INFO- 获取 20230726 数据失败: 请求过于频繁 🔥🔥🔥🔥🔥🔥🔥🔥🔥⚡ 6秒后可用
20260331 22:34:53- INFO- 获取 20230727 数据失败: 请求过于频繁 🔥🔥🔥🔥🔥🔥🔥🔥🔥⚡ 5秒后可用
20260331 22:34:53- INFO- 获取 20230728 数据失败: 请求过于频繁 🔥🔥🔥🔥🔥🔥🔥🔥🔥⚡ 5秒后可用
20260331 22:34:53- INFO- 获取 20230729 数据失败: 请求过于频繁 🔥🔥🔥🔥🔥🔥🔥🔥🔥⚡ 5秒后可用
20260331 22:34:53- INFO- 获取 20230730 数据失败: 请求过于频繁 🔥🔥🔥🔥🔥🔥🔥🔥🔥⚡ 5秒后可用
20260331 22:34:53- INFO- 获取 20230731 数据失败: 请求过于频繁 🔥🔥🔥🔥🔥🔥🔥🔥🔥⚡ 5秒后可用
20260331 22:34:53- INFO- 获取 20230801 数据失败: 请求过于频繁 🔥🔥🔥🔥🔥🔥🔥🔥🔥⚡ 5秒后可用
20260331 22:34:53- INFO- 获取 20230802 数据失败: 请求过于频繁 🔥🔥🔥🔥🔥🔥🔥🔥🔥⚡ 5秒后可用
20260331 22:34:53- INFO- 获取 20230803 数据失败: 请求过于频繁 🔥🔥🔥🔥🔥🔥🔥🔥🔥⚡ 5秒后可用
20260331 22:34:53- INFO- 获取 20230804 数据失败: 请求过于频繁 🔥🔥🔥🔥🔥🔥🔥🔥🔥⚡ 5秒后可用
20260331 22:34:54- INFO- 获取 20230805 数据失败: 请求过于频繁 🔥🔥🔥🔥🔥🔥🔥🔥🔥⚡ 5秒后可用
20260331 22:34:54- INFO- 获取 20230806 数据失败: 请求过于频繁 🔥🔥🔥🔥🔥🔥🔥🔥🔥⚡ 4秒后可用
20260331 22:34:54- INFO- 获取 20230807 数据失败: 请求过于频繁 🔥🔥🔥🔥🔥🔥🔥🔥🔥⚡ 4秒后可用
20260331 22:34:54- INFO- 获取 20230808 数据失败: 请求过于频繁 🔥🔥🔥🔥🔥🔥🔥🔥🔥⚡ 4秒后可用
20260331 22:34:54- INFO- 获取 20230809 数据失败: 请求过于频繁 🔥🔥🔥🔥🔥🔥🔥🔥🔥⚡ 4秒后可用
20260331 22:34:54- INFO- 获取 20230810 数据失败: 请求过于频繁 🔥🔥🔥🔥🔥🔥🔥🔥🔥⚡ 4秒后可用
20260331 22:34:54- INFO- 获取 20230811 数据失败: 请求过于频繁 🔥🔥🔥🔥🔥🔥🔥🔥🔥⚡ 4秒后可用
20260331 22:34:54- INFO- 获取 20230812 数据失败: 请求过于频繁 🔥🔥🔥🔥🔥🔥🔥🔥🔥⚡ 4秒后可用
20260331 22:34:54- INFO- 获取 20230813 数据失败: 请求过于频繁 🔥🔥🔥🔥🔥🔥🔥🔥🔥⚡ 4秒后可用
20260331 22:34:54- INFO- 获取 20230814 数据失败: 请求过于频繁 🔥🔥🔥🔥🔥🔥🔥🔥🔥⚡ 4秒后可用
20260331 22:34:54- INFO- 获取 20230815 数据失败: 请求过于频繁 🔥🔥🔥🔥🔥🔥🔥🔥🔥⚡ 4秒后可用
20260331 22:34:55- INFO- 获取 20230816 数据失败: 请求过于频繁 🔥🔥🔥🔥🔥🔥🔥🔥🔥⚡ 4秒后可用
20260331 22:34:55- INFO- 获取 20230817 数据失败: 请求过于频繁 🔥🔥🔥🔥🔥🔥🔥🔥🔥⚡ 3秒后可用
20260331 22:34:55- INFO- 获取 20230818 数据失败: 请求过于频繁 🔥🔥🔥🔥🔥🔥🔥🔥🔥⚡ 3秒后可用
20260331 22:34:55- INFO- 获取 20230819 数据失败: 请求过于频繁 🔥🔥🔥🔥🔥🔥🔥🔥🔥⚡ 3秒后可用
20260331 22:34:55- INFO- 获取 20230820 数据失败: 请求过于频繁 🔥🔥🔥🔥🔥🔥🔥🔥🔥⚡ 3秒后可用
20260331 22:34:55- INFO- 获取 20230821 数据失败: 请求过于频繁 🔥🔥🔥🔥🔥🔥🔥🔥🔥⚡ 3秒后可用
20260331 22:34:55- INFO- 获取 20230822 数据失败: 请求过于频繁 🔥🔥🔥🔥🔥🔥🔥🔥🔥⚡ 3秒后可用
20260331 22:34:55- INFO- 获取 20230823 数据失败: 请求过于频繁 🔥🔥🔥🔥🔥🔥🔥🔥🔥⚡ 3秒后可用
20260331 22:34:55- INFO- 获取 20230824 数据失败: 请求过于频繁 🔥🔥🔥🔥🔥🔥🔥🔥🔥⚡ 3秒后可用
20260331 22:34:55- INFO- 获取 20230825 数据失败: 请求过于频繁 🔥🔥🔥🔥🔥🔥🔥🔥🔥⚡ 3秒后可用
20260331 22:34:56- INFO- 获取 20230826 数据失败: 请求过于频繁 🔥🔥🔥🔥🔥🔥🔥🔥🔥⚡ 3秒后可用
20260331 22:34:56- INFO- 获取 20230827 数据失败: 请求过于频繁 🔥🔥🔥🔥🔥🔥🔥🔥🔥⚡ 3秒后可用
20260331 22:34:56- INFO- 获取 20230828 数据失败: 请求过于频繁 🔥🔥🔥🔥🔥🔥🔥🔥🔥⚡ 2秒后可用
20260331 22:34:56- INFO- 获取 20230829 数据失败: 请求过于频繁 🔥🔥🔥🔥🔥🔥🔥🔥🔥⚡ 2秒后可用
20260331 22:34:56- INFO- 获取 20230830 数据失败: 请求过于频繁 🔥🔥🔥🔥🔥🔥🔥🔥🔥⚡ 2秒后可用
20260331 22:34:56- INFO- 获取 20230831 数据失败: 请求过于频繁 🔥🔥🔥🔥🔥🔥🔥🔥🔥⚡ 2秒后可用
20260331 22:34:56- INFO- 获取 20230901 数据失败: 请求过于频繁 🔥🔥🔥🔥🔥🔥🔥🔥🔥⚡ 2秒后可用
20260331 22:34:56- INFO- 获取 20230902 数据失败: 请求过于频繁 🔥🔥🔥🔥🔥🔥🔥🔥🔥⚡ 2秒后可用
20260331 22:34:56- INFO- 获取 20230903 数据失败: 请求过于频繁 🔥🔥🔥🔥🔥🔥🔥🔥🔥⚡ 2秒后可用
20260331 22:34:56- INFO- 获取 20230904 数据失败: 请求过于频繁 🔥🔥🔥🔥🔥🔥🔥🔥🔥⚡ 2秒后可用
20260331 22:34:56- INFO- 获取 20230905 数据失败: 请求过于频繁 🔥🔥🔥🔥🔥🔥🔥🔥🔥⚡ 2秒后可用
20260331 22:34:57- INFO- 获取 20230906 数据失败: 请求过于频繁 🔥🔥🔥🔥🔥🔥🔥🔥🔥⚡ 2秒后可用
20260331 22:34:57- INFO- 获取 20230907 数据失败: 请求过于频繁 🔥🔥🔥🔥🔥🔥🔥🔥🔥⚡ 1秒后可用
20260331 22:34:57- INFO- 获取 20230908 数据失败: 请求过于频繁 🔥🔥🔥🔥🔥🔥🔥🔥🔥⚡ 1秒后可用
20260331 22:34:57- INFO- 获取 20230909 数据失败: 请求过于频繁 🔥🔥🔥🔥🔥🔥🔥🔥🔥⚡ 1秒后可用
20260331 22:34:57- INFO- 获取 20230910 数据失败: 请求过于频繁 🔥🔥🔥🔥🔥🔥🔥🔥🔥⚡ 1秒后可用
20260331 22:34:57- INFO- 获取 20230911 数据失败: 请求过于频繁 🔥🔥🔥🔥🔥🔥🔥🔥🔥⚡ 1秒后可用
20260331 22:34:57- INFO- 获取 20230912 数据失败: 请求过于频繁 🔥🔥🔥🔥🔥🔥🔥🔥🔥⚡ 1秒后可用
20260331 22:34:57- INFO- 获取 20230913 数据失败: 请求过于频繁 🔥🔥🔥🔥🔥🔥🔥🔥🔥⚡ 1秒后可用
20260331 22:34:57- INFO- 获取 20230914 数据失败: 请求过于频繁 🔥🔥🔥🔥🔥🔥🔥🔥🔥⚡ 1秒后可用
20260331 22:34:57- INFO- 获取 20230915 数据失败: 请求过于频繁 🔥🔥🔥🔥🔥🔥🔥🔥🔥⚡ 1秒后可用
20260331 22:34:57- INFO- 获取 20230916 数据失败: 请求过于频繁 🔥🔥🔥🔥🔥🔥🔥🔥🔥⚡ 1秒后可用
20260331 22:34:58- INFO- 获取 20230917 数据失败: 请求过于频繁 🔥🔥🔥🔥🔥🔥🔥🔥🔥⚡ 1秒后可用
20260331 22:34:58- INFO- 获取 20230918 数据失败: 请求过于频繁 🔥🔥🔥🔥🔥🔥🔥🔥🔥🔥 0秒后可用
20260331 22:34:58- INFO- 已获取 20230919 ETF数据
20260331 22:34:58- INFO- 已获取 20230920 ETF数据
20260331 22:34:58- INFO- 已获取 20230921 ETF数据
20260331 22:34:58- INFO- 已获取 20230922 ETF数据
20260331 22:34:59- INFO- 已获取 20230925 ETF数据
20260331 22:34:59- INFO- 已获取 20230926 ETF数据
20260331 22:34:59- INFO- 已获取 20230927 ETF数据
20260331 22:34:59- INFO- 已获取 20230928 ETF数据
20260331 22:35:01- INFO- 已获取 20231009 ETF数据
20260331 22:35:01- INFO- 已获取 20231010 ETF数据
20260331 22:35:01- INFO- 已获取 20231011 ETF数据
20260331 22:35:01- INFO- 已获取 20231012 ETF数据
20260331 22:35:01- INFO- 已获取 20231013 ETF数据
20260331 22:35:02- INFO- 已获取 20231016 ETF数据
20260331 22:35:02- INFO- 已获取 20231017 ETF数据
20260331 22:35:02- INFO- 已获取 20231018 ETF数据
20260331 22:35:02- INFO- 已获取 20231019 ETF数据
20260331 22:35:02- INFO- 已获取 20231020 ETF数据
20260331 22:35:03- INFO- 已获取 20231023 ETF数据
20260331 22:35:03- INFO- 已获取 20231024 ETF数据
20260331 22:35:03- INFO- 已获取 20231025 ETF数据
20260331 22:35:03- INFO- 已获取 20231026 ETF数据
20260331 22:35:03- INFO- 已获取 20231027 ETF数据
20260331 22:35:04- INFO- 已获取 20231030 ETF数据
20260331 22:35:04- INFO- 已获取 20231031 ETF数据
20260331 22:35:04- INFO- 已获取 20231101 ETF数据
20260331 22:35:04- INFO- 已获取 20231102 ETF数据
20260331 22:35:05- INFO- 已获取 20231103 ETF数据
20260331 22:35:05- INFO- 已获取 20231106 ETF数据
20260331 22:35:05- INFO- 已获取 20231107 ETF数据
20260331 22:35:05- INFO- 已获取 20231108 ETF数据
20260331 22:35:05- INFO- 已获取 20231109 ETF数据
20260331 22:35:06- INFO- 已获取 20231110 ETF数据
20260331 22:35:06- INFO- 已获取 20231113 ETF数据
20260331 22:35:06- INFO- 已获取 20231114 ETF数据
20260331 22:35:06- INFO- 已获取 20231115 ETF数据
20260331 22:35:06- INFO- 已获取 20231116 ETF数据
20260331 22:35:07- INFO- 已获取 20231117 ETF数据
20260331 22:35:07- INFO- 已获取 20231120 ETF数据
20260331 22:35:07- INFO- 已获取 20231121 ETF数据
20260331 22:35:07- INFO- 已获取 20231122 ETF数据
20260331 22:35:08- INFO- 已获取 20231123 ETF数据
20260331 22:35:08- INFO- 已获取 20231124 ETF数据
20260331 22:35:08- INFO- 已获取 20231127 ETF数据
20260331 22:35:08- INFO- 已获取 20231128 ETF数据
20260331 22:35:08- INFO- 已获取 20231129 ETF数据
20260331 22:35:09- INFO- 已获取 20231130 ETF数据
20260331 22:35:09- INFO- 已获取 20231201 ETF数据
20260331 22:35:09- INFO- 已获取 20231204 ETF数据
20260331 22:35:09- INFO- 已获取 20231205 ETF数据
20260331 22:35:10- INFO- 已获取 20231206 ETF数据
20260331 22:35:10- INFO- 已获取 20231207 ETF数据
20260331 22:35:10- INFO- 已获取 20231208 ETF数据
20260331 22:35:10- INFO- 已获取 20231211 ETF数据
20260331 22:35:10- INFO- 已获取 20231212 ETF数据
20260331 22:35:11- INFO- 已获取 20231213 ETF数据
20260331 22:35:11- INFO- 已获取 20231214 ETF数据
20260331 22:35:11- INFO- 已获取 20231215 ETF数据
20260331 22:35:11- INFO- 已获取 20231218 ETF数据
20260331 22:35:12- INFO- 已获取 20231219 ETF数据
20260331 22:35:12- INFO- 已获取 20231220 ETF数据
20260331 22:35:12- INFO- 已获取 20231221 ETF数据
20260331 22:35:12- INFO- 已获取 20231222 ETF数据
20260331 22:35:12- INFO- 已获取 20231225 ETF数据
20260331 22:35:13- INFO- 已获取 20231226 ETF数据
20260331 22:35:13- INFO- 已获取 20231227 ETF数据
20260331 22:35:13- INFO- 已获取 20231228 ETF数据
20260331 22:35:13- INFO- 已获取 20231229 ETF数据
20260331 22:35:14- INFO- 已获取 20240102 ETF数据
20260331 22:35:14- INFO- 已获取 20240103 ETF数据
20260331 22:35:14- INFO- 已获取 20240104 ETF数据
20260331 22:35:14- INFO- 已获取 20240105 ETF数据
20260331 22:35:15- INFO- 已获取 20240108 ETF数据
20260331 22:35:15- INFO- 已获取 20240109 ETF数据
20260331 22:35:15- INFO- 已获取 20240110 ETF数据
20260331 22:35:15- INFO- 已获取 20240111 ETF数据
20260331 22:35:15- INFO- 已获取 20240112 ETF数据
20260331 22:35:16- INFO- 已获取 20240115 ETF数据
20260331 22:35:16- INFO- 已获取 20240116 ETF数据
20260331 22:35:16- INFO- 已获取 20240117 ETF数据
20260331 22:35:16- INFO- 已获取 20240118 ETF数据
20260331 22:35:16- INFO- 已获取 20240119 ETF数据
20260331 22:35:17- INFO- 已获取 20240122 ETF数据
20260331 22:35:17- INFO- 已获取 20240123 ETF数据
20260331 22:35:17- INFO- 已获取 20240124 ETF数据
20260331 22:35:17- INFO- 已获取 20240125 ETF数据
20260331 22:35:17- INFO- 已获取 20240126 ETF数据
20260331 22:35:18- INFO- 已获取 20240129 ETF数据
20260331 22:35:18- INFO- 已获取 20240130 ETF数据
20260331 22:35:18- INFO- 已获取 20240131 ETF数据
20260331 22:35:18- INFO- 已获取 20240201 ETF数据
20260331 22:35:19- INFO- 已获取 20240202 ETF数据
20260331 22:35:19- INFO- 已获取 20240205 ETF数据
20260331 22:35:19- INFO- 已获取 20240206 ETF数据
20260331 22:35:19- INFO- 已获取 20240207 ETF数据
20260331 22:35:20- INFO- 已获取 20240208 ETF数据
20260331 22:35:21- INFO- 已获取 20240219 ETF数据
20260331 22:35:21- INFO- 已获取 20240220 ETF数据
20260331 22:35:21- INFO- 已获取 20240221 ETF数据
20260331 22:35:21- INFO- 已获取 20240222 ETF数据
20260331 22:35:21- INFO- 已获取 20240223 ETF数据
20260331 22:35:22- INFO- 已获取 20240226 ETF数据
20260331 22:35:22- INFO- 已获取 20240227 ETF数据
20260331 22:35:22- INFO- 已获取 20240228 ETF数据
20260331 22:35:22- INFO- 已获取 20240229 ETF数据
20260331 22:35:23- INFO- 已获取 20240301 ETF数据
20260331 22:35:23- INFO- 已获取 20240304 ETF数据
20260331 22:35:23- INFO- 已获取 20240305 ETF数据
20260331 22:35:23- INFO- 已获取 20240306 ETF数据
20260331 22:35:23- INFO- 已获取 20240307 ETF数据
20260331 22:35:24- INFO- 已获取 20240308 ETF数据
20260331 22:35:24- INFO- 已获取 20240311 ETF数据
20260331 22:35:24- INFO- 已获取 20240312 ETF数据
20260331 22:35:24- INFO- 已获取 20240313 ETF数据
20260331 22:35:24- INFO- 已获取 20240314 ETF数据
20260331 22:35:25- INFO- 已获取 20240315 ETF数据
20260331 22:35:25- INFO- 已获取 20240318 ETF数据
20260331 22:35:25- INFO- 已获取 20240319 ETF数据
20260331 22:35:25- INFO- 已获取 20240320 ETF数据
20260331 22:35:26- INFO- 已获取 20240321 ETF数据
20260331 22:35:26- INFO- 已获取 20240322 ETF数据
20260331 22:35:26- INFO- 已获取 20240325 ETF数据
20260331 22:35:26- INFO- 已获取 20240326 ETF数据
20260331 22:35:27- INFO- 已获取 20240327 ETF数据
20260331 22:35:27- INFO- 已获取 20240328 ETF数据
20260331 22:35:27- INFO- 已获取 20240329 ETF数据
20260331 22:35:27- INFO- 已获取 20240401 ETF数据
20260331 22:35:27- INFO- 已获取 20240402 ETF数据
20260331 22:35:28- INFO- 已获取 20240403 ETF数据
20260331 22:35:28- INFO- 已获取 20240408 ETF数据
20260331 22:35:28- INFO- 已获取 20240409 ETF数据
20260331 22:35:29- INFO- 已获取 20240410 ETF数据
20260331 22:35:29- INFO- 已获取 20240411 ETF数据
20260331 22:35:29- INFO- 已获取 20240412 ETF数据
20260331 22:35:29- INFO- 已获取 20240415 ETF数据
20260331 22:35:30- INFO- 已获取 20240416 ETF数据
20260331 22:35:30- INFO- 已获取 20240417 ETF数据
20260331 22:35:30- INFO- 已获取 20240418 ETF数据
20260331 22:35:30- INFO- 已获取 20240419 ETF数据
20260331 22:35:31- INFO- 已获取 20240422 ETF数据
20260331 22:35:31- INFO- 已获取 20240423 ETF数据
20260331 22:35:31- INFO- 已获取 20240424 ETF数据
20260331 22:35:31- INFO- 已获取 20240425 ETF数据
20260331 22:35:31- INFO- 已获取 20240426 ETF数据
20260331 22:35:32- INFO- 已获取 20240429 ETF数据
20260331 22:35:32- INFO- 已获取 20240430 ETF数据
20260331 22:35:33- INFO- 已获取 20240506 ETF数据
20260331 22:35:33- INFO- 已获取 20240507 ETF数据
20260331 22:35:33- INFO- 已获取 20240508 ETF数据
20260331 22:35:33- INFO- 已获取 20240509 ETF数据
20260331 22:35:33- INFO- 已获取 20240510 ETF数据
20260331 22:35:34- INFO- 已获取 20240513 ETF数据
20260331 22:35:34- INFO- 已获取 20240514 ETF数据
20260331 22:35:34- INFO- 已获取 20240515 ETF数据
20260331 22:35:34- INFO- 已获取 20240516 ETF数据
20260331 22:35:34- INFO- 已获取 20240517 ETF数据
20260331 22:35:35- INFO- 已获取 20240520 ETF数据
20260331 22:35:35- INFO- 已获取 20240521 ETF数据
20260331 22:35:35- INFO- 已获取 20240522 ETF数据
20260331 22:35:35- INFO- 已获取 20240523 ETF数据
20260331 22:35:35- INFO- 已获取 20240524 ETF数据
20260331 22:35:36- INFO- 已获取 20240527 ETF数据
20260331 22:35:36- INFO- 已获取 20240528 ETF数据
20260331 22:35:36- INFO- 已获取 20240529 ETF数据
20260331 22:35:36- INFO- 已获取 20240530 ETF数据
20260331 22:35:37- INFO- 已获取 20240531 ETF数据
20260331 22:35:37- INFO- 已获取 20240603 ETF数据
20260331 22:35:37- INFO- 已获取 20240604 ETF数据
20260331 22:35:37- INFO- 已获取 20240605 ETF数据
20260331 22:35:37- INFO- 已获取 20240606 ETF数据
20260331 22:35:38- INFO- 已获取 20240607 ETF数据
20260331 22:35:38- INFO- 已获取 20240611 ETF数据
20260331 22:35:38- INFO- 已获取 20240612 ETF数据
20260331 22:35:39- INFO- 已获取 20240613 ETF数据
20260331 22:35:39- INFO- 已获取 20240614 ETF数据
20260331 22:35:39- INFO- 已获取 20240617 ETF数据
20260331 22:35:39- INFO- 已获取 20240618 ETF数据
20260331 22:35:39- INFO- 已获取 20240619 ETF数据
20260331 22:35:40- INFO- 已获取 20240620 ETF数据
20260331 22:35:40- INFO- 已获取 20240621 ETF数据
20260331 22:35:40- INFO- 已获取 20240624 ETF数据
20260331 22:35:40- INFO- 已获取 20240625 ETF数据
20260331 22:35:41- INFO- 已获取 20240626 ETF数据
20260331 22:35:41- INFO- 已获取 20240627 ETF数据
20260331 22:35:41- INFO- 已获取 20240628 ETF数据
20260331 22:35:41- INFO- 已获取 20240701 ETF数据
20260331 22:35:41- INFO- 已获取 20240702 ETF数据
20260331 22:35:42- INFO- 已获取 20240703 ETF数据
20260331 22:35:42- INFO- 已获取 20240704 ETF数据
20260331 22:35:42- INFO- 已获取 20240705 ETF数据
20260331 22:35:42- INFO- 已获取 20240708 ETF数据
20260331 22:35:43- INFO- 已获取 20240709 ETF数据
20260331 22:35:43- INFO- 已获取 20240710 ETF数据
20260331 22:35:43- INFO- 已获取 20240711 ETF数据
20260331 22:35:43- INFO- 已获取 20240712 ETF数据
20260331 22:35:43- INFO- 已获取 20240715 ETF数据
20260331 22:35:44- INFO- 已获取 20240716 ETF数据
20260331 22:35:44- INFO- 已获取 20240717 ETF数据
20260331 22:35:44- INFO- 已获取 20240718 ETF数据
20260331 22:35:44- INFO- 已获取 20240719 ETF数据
20260331 22:35:45- INFO- 已获取 20240722 ETF数据
20260331 22:35:45- INFO- 已获取 20240723 ETF数据
20260331 22:35:45- INFO- 已获取 20240724 ETF数据
20260331 22:35:45- INFO- 已获取 20240725 ETF数据
20260331 22:35:45- INFO- 已获取 20240726 ETF数据
20260331 22:35:46- INFO- 已获取 20240729 ETF数据
20260331 22:35:46- INFO- 已获取 20240730 ETF数据
20260331 22:35:46- INFO- 已获取 20240731 ETF数据
20260331 22:35:46- INFO- 已获取 20240801 ETF数据
20260331 22:35:46- INFO- 已获取 20240802 ETF数据
20260331 22:35:47- INFO- 已获取 20240805 ETF数据
20260331 22:35:47- INFO- 已获取 20240806 ETF数据
20260331 22:35:47- INFO- 已获取 20240807 ETF数据
20260331 22:35:47- INFO- 已获取 20240808 ETF数据
20260331 22:35:47- INFO- 已获取 20240809 ETF数据
20260331 22:35:48- INFO- 已获取 20240812 ETF数据
20260331 22:35:48- INFO- 已获取 20240813 ETF数据
20260331 22:35:48- INFO- 已获取 20240814 ETF数据
20260331 22:35:48- INFO- 已获取 20240815 ETF数据
20260331 22:35:49- INFO- 已获取 20240816 ETF数据
20260331 22:35:49- INFO- 已获取 20240819 ETF数据
20260331 22:35:49- INFO- 已获取 20240820 ETF数据
20260331 22:35:49- INFO- 已获取 20240821 ETF数据
20260331 22:35:49- INFO- 已获取 20240822 ETF数据
20260331 22:35:50- INFO- 已获取 20240823 ETF数据
20260331 22:35:50- INFO- 已获取 20240826 ETF数据
20260331 22:35:50- INFO- 已获取 20240827 ETF数据
20260331 22:35:50- INFO- 已获取 20240828 ETF数据
20260331 22:35:51- INFO- 已获取 20240829 ETF数据
20260331 22:35:51- INFO- 已获取 20240830 ETF数据
20260331 22:35:51- INFO- 已获取 20240902 ETF数据
20260331 22:35:51- INFO- 已获取 20240903 ETF数据
20260331 22:35:52- INFO- 已获取 20240904 ETF数据
20260331 22:35:52- INFO- 已获取 20240905 ETF数据
20260331 22:35:52- INFO- 已获取 20240906 ETF数据
20260331 22:35:52- INFO- 获取 20240908 数据失败: 请求过于频繁 🔥🔥🔥🔥🔥🔥🔥🔥🔥⚡ 6秒后可用
20260331 22:35:52- INFO- 获取 20240909 数据失败: 请求过于频繁 🔥🔥🔥🔥🔥🔥🔥🔥🔥⚡ 6秒后可用
20260331 22:35:52- INFO- 获取 20240910 数据失败: 请求过于频繁 🔥🔥🔥🔥🔥🔥🔥🔥🔥⚡ 6秒后可用
20260331 22:35:52- INFO- 获取 20240911 数据失败: 请求过于频繁 🔥🔥🔥🔥🔥🔥🔥🔥🔥⚡ 6秒后可用
20260331 22:35:52- INFO- 获取 20240912 数据失败: 请求过于频繁 🔥🔥🔥🔥🔥🔥🔥🔥🔥⚡ 6秒后可用
20260331 22:35:52- INFO- 获取 20240913 数据失败: 请求过于频繁 🔥🔥🔥🔥🔥🔥🔥🔥🔥⚡ 6秒后可用
20260331 22:35:53- INFO- 获取 20240914 数据失败: 请求过于频繁 🔥🔥🔥🔥🔥🔥🔥🔥🔥⚡ 6秒后可用
20260331 22:35:53- INFO- 获取 20240915 数据失败: 请求过于频繁 🔥🔥🔥🔥🔥🔥🔥🔥🔥⚡ 5秒后可用
20260331 22:35:53- INFO- 获取 20240916 数据失败: 请求过于频繁 🔥🔥🔥🔥🔥🔥🔥🔥🔥⚡ 5秒后可用
20260331 22:35:53- INFO- 获取 20240917 数据失败: 请求过于频繁 🔥🔥🔥🔥🔥🔥🔥🔥🔥⚡ 5秒后可用
20260331 22:35:53- INFO- 获取 20240918 数据失败: 请求过于频繁 🔥🔥🔥🔥🔥🔥🔥🔥🔥⚡ 5秒后可用
20260331 22:35:53- INFO- 获取 20240919 数据失败: 请求过于频繁 🔥🔥🔥🔥🔥🔥🔥🔥🔥⚡ 5秒后可用
20260331 22:35:53- INFO- 获取 20240920 数据失败: 请求过于频繁 🔥🔥🔥🔥🔥🔥🔥🔥🔥⚡ 5秒后可用
20260331 22:35:53- INFO- 获取 20240921 数据失败: 请求过于频繁 🔥🔥🔥🔥🔥🔥🔥🔥🔥⚡ 5秒后可用
20260331 22:35:53- INFO- 获取 20240922 数据失败: 请求过于频繁 🔥🔥🔥🔥🔥🔥🔥🔥🔥⚡ 5秒后可用
20260331 22:35:53- INFO- 获取 20240923 数据失败: 请求过于频繁 🔥🔥🔥🔥🔥🔥🔥🔥🔥⚡ 5秒后可用
20260331 22:35:54- INFO- 获取 20240924 数据失败: 请求过于频繁 🔥🔥🔥🔥🔥🔥🔥🔥🔥⚡ 5秒后可用
20260331 22:35:54- INFO- 获取 20240925 数据失败: 请求过于频繁 🔥🔥🔥🔥🔥🔥🔥🔥🔥⚡ 4秒后可用
20260331 22:35:54- INFO- 获取 20240926 数据失败: 请求过于频繁 🔥🔥🔥🔥🔥🔥🔥🔥🔥⚡ 4秒后可用
20260331 22:35:54- INFO- 获取 20240927 数据失败: 请求过于频繁 🔥🔥🔥🔥🔥🔥🔥🔥🔥⚡ 4秒后可用
20260331 22:35:54- INFO- 获取 20240928 数据失败: 请求过于频繁 🔥🔥🔥🔥🔥🔥🔥🔥🔥⚡ 4秒后可用
20260331 22:35:54- INFO- 获取 20240929 数据失败: 请求过于频繁 🔥🔥🔥🔥🔥🔥🔥🔥🔥⚡ 4秒后可用
20260331 22:35:54- INFO- 获取 20240930 数据失败: 请求过于频繁 🔥🔥🔥🔥🔥🔥🔥🔥🔥⚡ 4秒后可用
20260331 22:35:54- INFO- 获取 20241001 数据失败: 请求过于频繁 🔥🔥🔥🔥🔥🔥🔥🔥🔥⚡ 4秒后可用
20260331 22:35:54- INFO- 获取 20241002 数据失败: 请求过于频繁 🔥🔥🔥🔥🔥🔥🔥🔥🔥⚡ 4秒后可用
20260331 22:35:54- INFO- 获取 20241003 数据失败: 请求过于频繁 🔥🔥🔥🔥🔥🔥🔥🔥🔥⚡ 4秒后可用
20260331 22:35:54- INFO- 获取 20241004 数据失败: 请求过于频繁 🔥🔥🔥🔥🔥🔥🔥🔥🔥⚡ 4秒后可用
20260331 22:35:55- INFO- 获取 20241005 数据失败: 请求过于频繁 🔥🔥🔥🔥🔥🔥🔥🔥🔥⚡ 4秒后可用
20260331 22:35:55- INFO- 获取 20241006 数据失败: 请求过于频繁 🔥🔥🔥🔥🔥🔥🔥🔥🔥⚡ 3秒后可用
20260331 22:35:55- INFO- 获取 20241007 数据失败: 请求过于频繁 🔥🔥🔥🔥🔥🔥🔥🔥🔥⚡ 3秒后可用
20260331 22:35:55- INFO- 获取 20241008 数据失败: 请求过于频繁 🔥🔥🔥🔥🔥🔥🔥🔥🔥⚡ 3秒后可用
20260331 22:35:55- INFO- 获取 20241009 数据失败: 请求过于频繁 🔥🔥🔥🔥🔥🔥🔥🔥🔥⚡ 3秒后可用
20260331 22:35:55- INFO- 获取 20241010 数据失败: 请求过于频繁 🔥🔥🔥🔥🔥🔥🔥🔥🔥⚡ 3秒后可用
20260331 22:35:55- INFO- 获取 20241011 数据失败: 请求过于频繁 🔥🔥🔥🔥🔥🔥🔥🔥🔥⚡ 3秒后可用
20260331 22:35:55- INFO- 获取 20241012 数据失败: 请求过于频繁 🔥🔥🔥🔥🔥🔥🔥🔥🔥⚡ 3秒后可用
20260331 22:35:55- INFO- 获取 20241013 数据失败: 请求过于频繁 🔥🔥🔥🔥🔥🔥🔥🔥🔥⚡ 3秒后可用
20260331 22:35:55- INFO- 获取 20241014 数据失败: 请求过于频繁 🔥🔥🔥🔥🔥🔥🔥🔥🔥⚡ 3秒后可用
20260331 22:35:55- INFO- 获取 20241015 数据失败: 请求过于频繁 🔥🔥🔥🔥🔥🔥🔥🔥🔥⚡ 3秒后可用
20260331 22:35:56- INFO- 获取 20241016 数据失败: 请求过于频繁 🔥🔥🔥🔥🔥🔥🔥🔥🔥⚡ 3秒后可用
20260331 22:35:56- INFO- 获取 20241017 数据失败: 请求过于频繁 🔥🔥🔥🔥🔥🔥🔥🔥🔥⚡ 2秒后可用
20260331 22:35:56- INFO- 获取 20241018 数据失败: 请求过于频繁 🔥🔥🔥🔥🔥🔥🔥🔥🔥⚡ 2秒后可用
20260331 22:35:56- INFO- 获取 20241019 数据失败: 请求过于频繁 🔥🔥🔥🔥🔥🔥🔥🔥🔥⚡ 2秒后可用
20260331 22:35:56- INFO- 获取 20241020 数据失败: 请求过于频繁 🔥🔥🔥🔥🔥🔥🔥🔥🔥⚡ 2秒后可用
20260331 22:35:56- INFO- 获取 20241021 数据失败: 请求过于频繁 🔥🔥🔥🔥🔥🔥🔥🔥🔥⚡ 2秒后可用
20260331 22:35:56- INFO- 获取 20241022 数据失败: 请求过于频繁 🔥🔥🔥🔥🔥🔥🔥🔥🔥⚡ 2秒后可用
20260331 22:35:56- INFO- 获取 20241023 数据失败: 请求过于频繁 🔥🔥🔥🔥🔥🔥🔥🔥🔥⚡ 2秒后可用
20260331 22:35:56- INFO- 获取 20241024 数据失败: 请求过于频繁 🔥🔥🔥🔥🔥🔥🔥🔥🔥⚡ 2秒后可用
20260331 22:35:56- INFO- 获取 20241025 数据失败: 请求过于频繁 🔥🔥🔥🔥🔥🔥🔥🔥🔥⚡ 2秒后可用
20260331 22:35:57- INFO- 获取 20241026 数据失败: 请求过于频繁 🔥🔥🔥🔥🔥🔥🔥🔥🔥⚡ 2秒后可用
20260331 22:35:57- INFO- 获取 20241027 数据失败: 请求过于频繁 🔥🔥🔥🔥🔥🔥🔥🔥🔥⚡ 2秒后可用
20260331 22:35:57- INFO- 获取 20241028 数据失败: 请求过于频繁 🔥🔥🔥🔥🔥🔥🔥🔥🔥⚡ 1秒后可用
20260331 22:35:57- INFO- 获取 20241029 数据失败: 请求过于频繁 🔥🔥🔥🔥🔥🔥🔥🔥🔥⚡ 1秒后可用
20260331 22:35:57- INFO- 获取 20241030 数据失败: 请求过于频繁 🔥🔥🔥🔥🔥🔥🔥🔥🔥⚡ 1秒后可用
20260331 22:35:57- INFO- 获取 20241031 数据失败: 请求过于频繁 🔥🔥🔥🔥🔥🔥🔥🔥🔥⚡ 1秒后可用
20260331 22:35:57- INFO- 获取 20241101 数据失败: 请求过于频繁 🔥🔥🔥🔥🔥🔥🔥🔥🔥⚡ 1秒后可用
20260331 22:35:57- INFO- 获取 20241102 数据失败: 请求过于频繁 🔥🔥🔥🔥🔥🔥🔥🔥🔥⚡ 1秒后可用
20260331 22:35:57- INFO- 获取 20241103 数据失败: 请求过于频繁 🔥🔥🔥🔥🔥🔥🔥🔥🔥⚡ 1秒后可用
20260331 22:35:57- INFO- 获取 20241104 数据失败: 请求过于频繁 🔥🔥🔥🔥🔥🔥🔥🔥🔥⚡ 1秒后可用
20260331 22:35:57- INFO- 获取 20241105 数据失败: 请求过于频繁 🔥🔥🔥🔥🔥🔥🔥🔥🔥⚡ 1秒后可用
20260331 22:35:58- INFO- 获取 20241106 数据失败: 请求过于频繁 🔥🔥🔥🔥🔥🔥🔥🔥🔥⚡ 1秒后可用
20260331 22:35:58- INFO- 已获取 20241107 ETF数据
20260331 22:35:58- INFO- 已获取 20241108 ETF数据
20260331 22:35:58- INFO- 已获取 20241111 ETF数据
20260331 22:35:59- INFO- 已获取 20241112 ETF数据
20260331 22:35:59- INFO- 已获取 20241113 ETF数据
20260331 22:35:59- INFO- 已获取 20241114 ETF数据
20260331 22:35:59- INFO- 已获取 20241115 ETF数据
20260331 22:36:00- INFO- 已获取 20241118 ETF数据
20260331 22:36:00- INFO- 已获取 20241119 ETF数据
20260331 22:36:00- INFO- 已获取 20241120 ETF数据
20260331 22:36:00- INFO- 已获取 20241121 ETF数据
20260331 22:36:00- INFO- 已获取 20241122 ETF数据
20260331 22:36:01- INFO- 已获取 20241125 ETF数据
20260331 22:36:01- INFO- 已获取 20241126 ETF数据
20260331 22:36:01- INFO- 已获取 20241127 ETF数据
20260331 22:36:01- INFO- 已获取 20241128 ETF数据
20260331 22:36:02- INFO- 已获取 20241129 ETF数据
20260331 22:36:02- INFO- 已获取 20241202 ETF数据
20260331 22:36:02- INFO- 已获取 20241203 ETF数据
20260331 22:36:02- INFO- 已获取 20241204 ETF数据
20260331 22:36:03- INFO- 已获取 20241205 ETF数据
20260331 22:36:03- INFO- 已获取 20241206 ETF数据
20260331 22:36:03- INFO- 已获取 20241209 ETF数据
20260331 22:36:04- INFO- 已获取 20241210 ETF数据
20260331 22:36:04- INFO- 已获取 20241211 ETF数据
20260331 22:36:04- INFO- 已获取 20241212 ETF数据
20260331 22:36:04- INFO- 已获取 20241213 ETF数据
20260331 22:36:05- INFO- 已获取 20241216 ETF数据
20260331 22:36:05- INFO- 已获取 20241217 ETF数据
20260331 22:36:05- INFO- 已获取 20241218 ETF数据
20260331 22:36:05- INFO- 已获取 20241219 ETF数据
20260331 22:36:05- INFO- 已获取 20241220 ETF数据
20260331 22:36:06- INFO- 已获取 20241223 ETF数据
20260331 22:36:06- INFO- 已获取 20241224 ETF数据
20260331 22:36:06- INFO- 已获取 20241225 ETF数据
20260331 22:36:06- INFO- 已获取 20241226 ETF数据
20260331 22:36:06- INFO- 已获取 20241227 ETF数据
20260331 22:36:07- INFO- 已获取 20241230 ETF数据
20260331 22:36:07- INFO- 已获取 20241231 ETF数据
20260331 22:36:07- INFO- 已获取 20250102 ETF数据
20260331 22:36:07- INFO- 已获取 20250103 ETF数据
20260331 22:36:08- INFO- 已获取 20250106 ETF数据
20260331 22:36:08- INFO- 已获取 20250107 ETF数据
20260331 22:36:08- INFO- 已获取 20250108 ETF数据
20260331 22:36:09- INFO- 已获取 20250109 ETF数据
20260331 22:36:09- INFO- 已获取 20250110 ETF数据
20260331 22:36:09- INFO- 已获取 20250113 ETF数据
20260331 22:36:09- INFO- 已获取 20250114 ETF数据
20260331 22:36:10- INFO- 已获取 20250115 ETF数据
20260331 22:36:10- INFO- 已获取 20250116 ETF数据
20260331 22:36:10- INFO- 已获取 20250117 ETF数据
20260331 22:36:10- INFO- 已获取 20250120 ETF数据
20260331 22:36:11- INFO- 已获取 20250121 ETF数据
20260331 22:36:11- INFO- 已获取 20250122 ETF数据
20260331 22:36:11- INFO- 已获取 20250123 ETF数据
20260331 22:36:11- INFO- 已获取 20250124 ETF数据
20260331 22:36:12- INFO- 已获取 20250127 ETF数据
20260331 22:36:13- INFO- 已获取 20250205 ETF数据
20260331 22:36:13- INFO- 已获取 20250206 ETF数据
20260331 22:36:13- INFO- 已获取 20250207 ETF数据
20260331 22:36:14- INFO- 已获取 20250210 ETF数据
20260331 22:36:14- INFO- 已获取 20250211 ETF数据
20260331 22:36:14- INFO- 已获取 20250212 ETF数据
20260331 22:36:14- INFO- 已获取 20250213 ETF数据
20260331 22:36:14- INFO- 已获取 20250214 ETF数据
20260331 22:36:15- INFO- 已获取 20250217 ETF数据
20260331 22:36:15- INFO- 已获取 20250218 ETF数据
20260331 22:36:15- INFO- 已获取 20250219 ETF数据
20260331 22:36:16- INFO- 已获取 20250220 ETF数据
20260331 22:36:16- INFO- 已获取 20250221 ETF数据
20260331 22:36:16- INFO- 已获取 20250224 ETF数据
20260331 22:36:16- INFO- 已获取 20250225 ETF数据
20260331 22:36:17- INFO- 已获取 20250226 ETF数据
20260331 22:36:17- INFO- 已获取 20250227 ETF数据
20260331 22:36:17- INFO- 已获取 20250228 ETF数据
20260331 22:36:18- INFO- 已获取 20250303 ETF数据
20260331 22:36:18- INFO- 已获取 20250304 ETF数据
20260331 22:36:18- INFO- 已获取 20250305 ETF数据
20260331 22:36:18- INFO- 已获取 20250306 ETF数据
20260331 22:36:19- INFO- 已获取 20250307 ETF数据
20260331 22:36:19- INFO- 已获取 20250310 ETF数据
20260331 22:36:19- INFO- 已获取 20250311 ETF数据
20260331 22:36:19- INFO- 已获取 20250312 ETF数据
20260331 22:36:20- INFO- 已获取 20250313 ETF数据
20260331 22:36:20- INFO- 已获取 20250314 ETF数据
20260331 22:36:20- INFO- 已获取 20250317 ETF数据
20260331 22:36:21- INFO- 已获取 20250318 ETF数据
20260331 22:36:21- INFO- 已获取 20250319 ETF数据
20260331 22:36:21- INFO- 已获取 20250320 ETF数据
20260331 22:36:21- INFO- 已获取 20250321 ETF数据
20260331 22:36:22- INFO- 已获取 20250324 ETF数据
20260331 22:36:22- INFO- 已获取 20250325 ETF数据
20260331 22:36:22- INFO- 已获取 20250326 ETF数据
20260331 22:36:22- INFO- 已获取 20250327 ETF数据
20260331 22:36:23- INFO- 已获取 20250328 ETF数据
20260331 22:36:23- INFO- 已获取 20250331 ETF数据
20260331 22:36:23- INFO- 已获取 20250401 ETF数据
20260331 22:36:23- INFO- 已获取 20250402 ETF数据
20260331 22:36:24- INFO- 已获取 20250403 ETF数据
20260331 22:36:24- INFO- 已获取 20250407 ETF数据
20260331 22:36:24- INFO- 已获取 20250408 ETF数据
20260331 22:36:25- INFO- 已获取 20250409 ETF数据
20260331 22:36:25- INFO- 已获取 20250410 ETF数据
20260331 22:36:25- INFO- 已获取 20250411 ETF数据
20260331 22:36:26- INFO- 已获取 20250414 ETF数据
20260331 22:36:26- INFO- 已获取 20250415 ETF数据
20260331 22:36:26- INFO- 已获取 20250416 ETF数据
20260331 22:36:26- INFO- 已获取 20250417 ETF数据
20260331 22:36:26- INFO- 已获取 20250418 ETF数据
20260331 22:36:27- INFO- 已获取 20250421 ETF数据
20260331 22:36:27- INFO- 已获取 20250422 ETF数据
20260331 22:36:27- INFO- 已获取 20250423 ETF数据
20260331 22:36:28- INFO- 已获取 20250424 ETF数据
20260331 22:36:28- INFO- 已获取 20250425 ETF数据
20260331 22:36:28- INFO- 已获取 20250428 ETF数据
20260331 22:36:28- INFO- 已获取 20250429 ETF数据
20260331 22:36:29- INFO- 已获取 20250430 ETF数据
20260331 22:36:29- INFO- 已获取 20250506 ETF数据
20260331 22:36:30- INFO- 已获取 20250507 ETF数据
20260331 22:36:30- INFO- 已获取 20250508 ETF数据
20260331 22:36:30- INFO- 已获取 20250509 ETF数据
20260331 22:36:30- INFO- 已获取 20250512 ETF数据
20260331 22:36:31- INFO- 已获取 20250513 ETF数据
20260331 22:36:31- INFO- 已获取 20250514 ETF数据
20260331 22:36:31- INFO- 已获取 20250515 ETF数据
20260331 22:36:31- INFO- 已获取 20250516 ETF数据
20260331 22:36:32- INFO- 已获取 20250519 ETF数据
20260331 22:36:32- INFO- 已获取 20250520 ETF数据
20260331 22:36:32- INFO- 已获取 20250521 ETF数据
20260331 22:36:32- INFO- 已获取 20250522 ETF数据
20260331 22:36:33- INFO- 已获取 20250523 ETF数据
20260331 22:36:33- INFO- 已获取 20250526 ETF数据
20260331 22:36:33- INFO- 已获取 20250527 ETF数据
20260331 22:36:34- INFO- 已获取 20250528 ETF数据
20260331 22:36:34- INFO- 已获取 20250529 ETF数据
20260331 22:36:34- INFO- 已获取 20250530 ETF数据
20260331 22:36:35- INFO- 已获取 20250603 ETF数据
20260331 22:36:35- INFO- 已获取 20250604 ETF数据
20260331 22:36:35- INFO- 已获取 20250605 ETF数据
20260331 22:36:35- INFO- 已获取 20250606 ETF数据
20260331 22:36:36- INFO- 已获取 20250609 ETF数据
20260331 22:36:36- INFO- 已获取 20250610 ETF数据
20260331 22:36:36- INFO- 已获取 20250611 ETF数据
20260331 22:36:36- INFO- 已获取 20250612 ETF数据
20260331 22:36:37- INFO- 已获取 20250613 ETF数据
20260331 22:36:37- INFO- 已获取 20250616 ETF数据
20260331 22:36:37- INFO- 已获取 20250617 ETF数据
20260331 22:36:37- INFO- 已获取 20250618 ETF数据
20260331 22:36:38- INFO- 已获取 20250619 ETF数据
20260331 22:36:38- INFO- 已获取 20250620 ETF数据
20260331 22:36:38- INFO- 已获取 20250623 ETF数据
20260331 22:36:39- INFO- 已获取 20250624 ETF数据
20260331 22:36:39- INFO- 已获取 20250625 ETF数据
20260331 22:36:39- INFO- 已获取 20250626 ETF数据
20260331 22:36:39- INFO- 已获取 20250627 ETF数据
20260331 22:36:40- INFO- 已获取 20250630 ETF数据
20260331 22:36:40- INFO- 已获取 20250701 ETF数据
20260331 22:36:40- INFO- 已获取 20250702 ETF数据
20260331 22:36:40- INFO- 已获取 20250703 ETF数据
20260331 22:36:41- INFO- 已获取 20250704 ETF数据
20260331 22:36:41- INFO- 已获取 20250707 ETF数据
20260331 22:36:41- INFO- 已获取 20250708 ETF数据
20260331 22:36:41- INFO- 已获取 20250709 ETF数据
20260331 22:36:42- INFO- 已获取 20250710 ETF数据
20260331 22:36:42- INFO- 已获取 20250711 ETF数据
20260331 22:36:42- INFO- 已获取 20250714 ETF数据
20260331 22:36:43- INFO- 已获取 20250715 ETF数据
20260331 22:36:43- INFO- 已获取 20250716 ETF数据
20260331 22:36:43- INFO- 已获取 20250717 ETF数据
20260331 22:36:43- INFO- 已获取 20250718 ETF数据
20260331 22:36:44- INFO- 已获取 20250721 ETF数据
20260331 22:36:44- INFO- 已获取 20250722 ETF数据
20260331 22:36:44- INFO- 已获取 20250723 ETF数据
20260331 22:36:44- INFO- 已获取 20250724 ETF数据
20260331 22:36:45- INFO- 已获取 20250725 ETF数据
20260331 22:36:45- INFO- 已获取 20250728 ETF数据
20260331 22:36:45- INFO- 已获取 20250729 ETF数据
20260331 22:36:45- INFO- 已获取 20250730 ETF数据
20260331 22:36:46- INFO- 已获取 20250731 ETF数据
20260331 22:36:46- INFO- 已获取 20250801 ETF数据
20260331 22:36:46- INFO- 已获取 20250804 ETF数据
20260331 22:36:47- INFO- 已获取 20250805 ETF数据
20260331 22:36:47- INFO- 已获取 20250806 ETF数据
20260331 22:36:47- INFO- 已获取 20250807 ETF数据
20260331 22:36:47- INFO- 已获取 20250808 ETF数据
20260331 22:36:48- INFO- 已获取 20250811 ETF数据
20260331 22:36:48- INFO- 已获取 20250812 ETF数据
20260331 22:36:48- INFO- 已获取 20250813 ETF数据
20260331 22:36:48- INFO- 已获取 20250814 ETF数据
20260331 22:36:49- INFO- 已获取 20250815 ETF数据
20260331 22:36:49- INFO- 已获取 20250818 ETF数据
20260331 22:36:49- INFO- 已获取 20250819 ETF数据
20260331 22:36:49- INFO- 已获取 20250820 ETF数据
20260331 22:36:50- INFO- 已获取 20250821 ETF数据
20260331 22:36:50- INFO- 已获取 20250822 ETF数据
20260331 22:36:50- INFO- 已获取 20250825 ETF数据
20260331 22:36:50- INFO- 已获取 20250826 ETF数据
20260331 22:36:51- INFO- 已获取 20250827 ETF数据
20260331 22:36:51- INFO- 已获取 20250828 ETF数据
20260331 22:36:51- INFO- 已获取 20250829 ETF数据
20260331 22:36:52- INFO- 已获取 20250901 ETF数据
20260331 22:36:52- INFO- 已获取 20250902 ETF数据
20260331 22:36:52- INFO- 已获取 20250903 ETF数据
20260331 22:36:52- INFO- 已获取 20250904 ETF数据
20260331 22:36:52- INFO- 已获取 20250905 ETF数据
20260331 22:36:53- INFO- 已获取 20250908 ETF数据
20260331 22:36:53- INFO- 已获取 20250909 ETF数据
20260331 22:36:53- INFO- 已获取 20250910 ETF数据
20260331 22:36:54- INFO- 已获取 20250911 ETF数据
20260331 22:36:54- INFO- 已获取 20250912 ETF数据
20260331 22:36:54- INFO- 已获取 20250915 ETF数据
20260331 22:36:54- INFO- 已获取 20250916 ETF数据
20260331 22:36:55- INFO- 已获取 20250917 ETF数据
20260331 22:36:55- INFO- 已获取 20250918 ETF数据
20260331 22:36:55- INFO- 已获取 20250919 ETF数据
20260331 22:36:56- INFO- 已获取 20250922 ETF数据
20260331 22:36:56- INFO- 已获取 20250923 ETF数据
20260331 22:36:56- INFO- 已获取 20250924 ETF数据
20260331 22:36:56- INFO- 已获取 20250925 ETF数据
20260331 22:36:56- INFO- 已获取 20250926 ETF数据
20260331 22:36:57- INFO- 已获取 20250929 ETF数据
20260331 22:36:57- INFO- 已获取 20250930 ETF数据
20260331 22:36:58- INFO- 已获取 20251009 ETF数据
20260331 22:36:58- INFO- 已获取 20251010 ETF数据
20260331 22:36:59- INFO- 已获取 20251013 ETF数据
20260331 22:36:59- INFO- 已获取 20251014 ETF数据
20260331 22:36:59- INFO- 已获取 20251015 ETF数据
20260331 22:37:00- INFO- 已获取 20251016 ETF数据
20260331 22:37:00- INFO- 已获取 20251017 ETF数据
20260331 22:37:00- INFO- 已获取 20251020 ETF数据
20260331 22:37:01- INFO- 已获取 20251021 ETF数据
20260331 22:37:01- INFO- 已获取 20251022 ETF数据
20260331 22:37:01- INFO- 已获取 20251023 ETF数据
20260331 22:37:01- INFO- 已获取 20251024 ETF数据
20260331 22:37:02- INFO- 已获取 20251027 ETF数据
20260331 22:37:02- INFO- 已获取 20251028 ETF数据
20260331 22:37:02- INFO- 已获取 20251029 ETF数据
20260331 22:37:02- INFO- 已获取 20251030 ETF数据
20260331 22:37:03- INFO- 已获取 20251031 ETF数据
20260331 22:37:03- INFO- 已获取 20251103 ETF数据
20260331 22:37:03- INFO- 已获取 20251104 ETF数据
20260331 22:37:03- INFO- 已获取 20251105 ETF数据
20260331 22:37:04- INFO- 已获取 20251106 ETF数据
20260331 22:37:04- INFO- 已获取 20251107 ETF数据
20260331 22:37:04- INFO- 已获取 20251110 ETF数据
20260331 22:37:05- INFO- 已获取 20251111 ETF数据
20260331 22:37:05- INFO- 已获取 20251112 ETF数据
20260331 22:37:05- INFO- 已获取 20251113 ETF数据
20260331 22:37:05- INFO- 已获取 20251114 ETF数据
20260331 22:37:06- INFO- 已获取 20251117 ETF数据
20260331 22:37:06- INFO- 已获取 20251118 ETF数据
20260331 22:37:06- INFO- 已获取 20251119 ETF数据
20260331 22:37:06- INFO- 已获取 20251120 ETF数据
20260331 22:37:07- INFO- 已获取 20251121 ETF数据
20260331 22:37:07- INFO- 已获取 20251124 ETF数据
20260331 22:37:07- INFO- 已获取 20251125 ETF数据
20260331 22:37:08- INFO- 已获取 20251126 ETF数据
20260331 22:37:08- INFO- 已获取 20251127 ETF数据
20260331 22:37:08- INFO- 已获取 20251128 ETF数据
20260331 22:37:08- INFO- 已获取 20251201 ETF数据
20260331 22:37:09- INFO- 已获取 20251202 ETF数据
20260331 22:37:09- INFO- 已获取 20251203 ETF数据
20260331 22:37:09- INFO- 已获取 20251204 ETF数据
20260331 22:37:09- INFO- 已获取 20251205 ETF数据
20260331 22:37:10- INFO- 已获取 20251208 ETF数据
20260331 22:37:10- INFO- 已获取 20251209 ETF数据
20260331 22:37:10- INFO- 已获取 20251210 ETF数据
20260331 22:37:11- INFO- 已获取 20251211 ETF数据
20260331 22:37:11- INFO- 已获取 20251212 ETF数据
20260331 22:37:11- INFO- 已获取 20251215 ETF数据
20260331 22:37:11- INFO- 已获取 20251216 ETF数据
20260331 22:37:12- INFO- 已获取 20251217 ETF数据
20260331 22:37:12- INFO- 已获取 20251218 ETF数据
20260331 22:37:12- INFO- 已获取 20251219 ETF数据
20260331 22:37:13- INFO- 已获取 20251222 ETF数据
20260331 22:37:13- INFO- 已获取 20251223 ETF数据
20260331 22:37:13- INFO- 已获取 20251224 ETF数据
20260331 22:37:13- INFO- 已获取 20251225 ETF数据
20260331 22:37:14- INFO- 已获取 20251226 ETF数据
20260331 22:37:14- INFO- 已获取 20251229 ETF数据
20260331 22:37:14- INFO- 已获取 20251230 ETF数据
20260331 22:37:14- INFO- 已获取 20251231 ETF数据
20260331 22:37:15- INFO- 已获取 20260105 ETF数据
20260331 22:37:15- INFO- 已获取 20260106 ETF数据
20260331 22:37:16- INFO- 已获取 20260107 ETF数据
20260331 22:37:16- INFO- 已获取 20260108 ETF数据
20260331 22:37:16- INFO- 已获取 20260109 ETF数据
20260331 22:37:16- INFO- 已获取 20260112 ETF数据
20260331 22:37:17- INFO- 已获取 20260113 ETF数据
20260331 22:37:17- INFO- 已获取 20260114 ETF数据
20260331 22:37:17- INFO- 已获取 20260115 ETF数据
20260331 22:37:17- INFO- 已获取 20260116 ETF数据
20260331 22:37:18- INFO- 已获取 20260119 ETF数据
20260331 22:37:18- INFO- 已获取 20260120 ETF数据
20260331 22:37:18- INFO- 已获取 20260121 ETF数据
20260331 22:37:18- INFO- 已获取 20260122 ETF数据
20260331 22:37:19- INFO- 已获取 20260123 ETF数据
20260331 22:37:19- INFO- 已获取 20260126 ETF数据
20260331 22:37:19- INFO- 已获取 20260127 ETF数据
20260331 22:37:20- INFO- 已获取 20260128 ETF数据
20260331 22:37:20- INFO- 已获取 20260129 ETF数据
20260331 22:37:20- INFO- 已获取 20260130 ETF数据
20260331 22:37:20- INFO- 已获取 20260202 ETF数据
20260331 22:37:21- INFO- 已获取 20260203 ETF数据
20260331 22:37:21- INFO- 已获取 20260204 ETF数据
20260331 22:37:21- INFO- 已获取 20260205 ETF数据
20260331 22:37:21- INFO- 已获取 20260206 ETF数据
20260331 22:37:22- INFO- 已获取 20260209 ETF数据
20260331 22:37:22- INFO- 已获取 20260210 ETF数据
20260331 22:37:22- INFO- 已获取 20260211 ETF数据
20260331 22:37:22- INFO- 已获取 20260212 ETF数据
20260331 22:37:23- INFO- 已获取 20260213 ETF数据
20260331 22:37:24- INFO- 已获取 20260224 ETF数据
20260331 22:37:24- INFO- 已获取 20260225 ETF数据
20260331 22:37:24- INFO- 已获取 20260226 ETF数据
20260331 22:37:25- INFO- 已获取 20260227 ETF数据
20260331 22:37:25- INFO- 已获取 20260302 ETF数据
20260331 22:37:25- INFO- 已获取 20260303 ETF数据
20260331 22:37:26- INFO- 已获取 20260304 ETF数据
20260331 22:37:26- INFO- 已获取 20260305 ETF数据
20260331 22:37:26- INFO- 已获取 20260306 ETF数据
20260331 22:37:27- INFO- 已获取 20260309 ETF数据
20260331 22:37:27- INFO- 已获取 20260310 ETF数据
20260331 22:37:27- INFO- 已获取 20260311 ETF数据
20260331 22:37:27- INFO- 已获取 20260312 ETF数据
20260331 22:37:28- INFO- 已获取 20260313 ETF数据
20260331 22:37:28- INFO- 已获取 20260316 ETF数据
20260331 22:37:28- INFO- 已获取 20260317 ETF数据
20260331 22:37:28- INFO- 已获取 20260318 ETF数据
20260331 22:37:29- INFO- 已获取 20260319 ETF数据
20260331 22:37:29- INFO- 已获取 20260320 ETF数据
20260331 22:37:29- INFO- 已获取 20260323 ETF数据
20260331 22:37:30- INFO- 已获取 20260324 ETF数据
20260331 22:37:30- INFO- 已获取 20260325 ETF数据
20260331 22:37:30- INFO- 已获取 20260326 ETF数据
20260331 22:37:30- INFO- 已获取 20260327 ETF数据
20260331 22:37:31- INFO- 已获取 20260330 ETF数据
20260331 22:37:31- INFO- 已获取 20260331 ETF数据
20260331 22:37:32- INFO- 准备保存数据，共 1058787 条记录
20260331 22:37:33- INFO- ==================================================
20260331 22:37:33- INFO- 开始更新申万行业指数列表
20260331 22:37:33- INFO- 获取申万行业指数列表失败: Unknown market code: 801001.SI
20260331 22:37:33- INFO- ==================================================
20260331 22:37:33- INFO- 开始更新申万行业日线数据
20260331 22:37:33- INFO- 开始获取数据: 20200101 至 20260331
20260331 22:37:34- INFO- 已获取 20200102 申万行业数据
20260331 22:37:34- INFO- 已获取 20200103 申万行业数据
20260331 22:37:34- INFO- 已获取 20200106 申万行业数据
20260331 22:37:34- INFO- 已获取 20200107 申万行业数据
20260331 22:37:35- INFO- 已获取 20200108 申万行业数据
20260331 22:37:35- INFO- 已获取 20200109 申万行业数据
20260331 22:37:35- INFO- 已获取 20200110 申万行业数据
20260331 22:37:35- INFO- 已获取 20200113 申万行业数据
20260331 22:37:35- INFO- 已获取 20200114 申万行业数据
20260331 22:37:36- INFO- 已获取 20200115 申万行业数据
20260331 22:37:36- INFO- 已获取 20200116 申万行业数据
20260331 22:37:36- INFO- 已获取 20200117 申万行业数据
20260331 22:37:36- INFO- 已获取 20200120 申万行业数据
20260331 22:37:37- INFO- 已获取 20200121 申万行业数据
20260331 22:37:37- INFO- 已获取 20200122 申万行业数据
20260331 22:37:37- INFO- 已获取 20200123 申万行业数据
20260331 22:37:38- INFO- 已获取 20200203 申万行业数据
20260331 22:37:38- INFO- 已获取 20200204 申万行业数据
20260331 22:37:38- INFO- 已获取 20200205 申万行业数据
20260331 22:37:39- INFO- 已获取 20200206 申万行业数据
20260331 22:37:39- INFO- 已获取 20200207 申万行业数据
20260331 22:37:39- INFO- 已获取 20200210 申万行业数据
20260331 22:37:39- INFO- 已获取 20200211 申万行业数据
20260331 22:37:40- INFO- 已获取 20200212 申万行业数据
20260331 22:37:40- INFO- 已获取 20200213 申万行业数据
20260331 22:37:40- INFO- 已获取 20200214 申万行业数据
20260331 22:37:40- INFO- 已获取 20200217 申万行业数据
20260331 22:37:40- INFO- 已获取 20200218 申万行业数据
20260331 22:37:41- INFO- 已获取 20200219 申万行业数据
20260331 22:37:41- INFO- 已获取 20200220 申万行业数据
20260331 22:37:41- INFO- 已获取 20200221 申万行业数据
20260331 22:37:41- INFO- 已获取 20200224 申万行业数据
20260331 22:37:41- INFO- 已获取 20200225 申万行业数据
20260331 22:37:42- INFO- 已获取 20200226 申万行业数据
20260331 22:37:42- INFO- 已获取 20200227 申万行业数据
20260331 22:37:42- INFO- 已获取 20200228 申万行业数据
20260331 22:37:42- INFO- 已获取 20200302 申万行业数据
20260331 22:37:42- INFO- 已获取 20200303 申万行业数据
20260331 22:37:43- INFO- 已获取 20200304 申万行业数据
20260331 22:37:43- INFO- 已获取 20200305 申万行业数据
20260331 22:37:43- INFO- 已获取 20200306 申万行业数据
20260331 22:37:43- INFO- 已获取 20200309 申万行业数据
20260331 22:37:44- INFO- 已获取 20200310 申万行业数据
20260331 22:37:44- INFO- 已获取 20200311 申万行业数据
20260331 22:37:44- INFO- 已获取 20200312 申万行业数据
20260331 22:37:44- INFO- 已获取 20200313 申万行业数据
20260331 22:37:44- INFO- 已获取 20200316 申万行业数据
20260331 22:37:45- INFO- 已获取 20200317 申万行业数据
20260331 22:37:45- INFO- 已获取 20200318 申万行业数据
20260331 22:37:45- INFO- 已获取 20200319 申万行业数据
20260331 22:37:45- INFO- 已获取 20200320 申万行业数据
20260331 22:37:45- INFO- 已获取 20200323 申万行业数据
20260331 22:37:46- INFO- 已获取 20200324 申万行业数据
20260331 22:37:46- INFO- 已获取 20200325 申万行业数据
20260331 22:37:46- INFO- 已获取 20200326 申万行业数据
20260331 22:37:46- INFO- 已获取 20200327 申万行业数据
20260331 22:37:47- INFO- 已获取 20200330 申万行业数据
20260331 22:37:47- INFO- 已获取 20200331 申万行业数据
20260331 22:37:47- INFO- 已获取 20200401 申万行业数据
20260331 22:37:47- INFO- 已获取 20200402 申万行业数据
20260331 22:37:47- INFO- 已获取 20200403 申万行业数据
20260331 22:37:48- INFO- 已获取 20200407 申万行业数据
20260331 22:37:48- INFO- 已获取 20200408 申万行业数据
20260331 22:37:48- INFO- 已获取 20200409 申万行业数据
20260331 22:37:48- INFO- 已获取 20200410 申万行业数据
20260331 22:37:49- INFO- 已获取 20200413 申万行业数据
20260331 22:37:49- INFO- 已获取 20200414 申万行业数据
20260331 22:37:49- INFO- 已获取 20200415 申万行业数据
20260331 22:37:49- INFO- 已获取 20200416 申万行业数据
20260331 22:37:49- INFO- 已获取 20200417 申万行业数据
20260331 22:37:50- INFO- 已获取 20200420 申万行业数据
20260331 22:37:50- INFO- 已获取 20200421 申万行业数据
20260331 22:37:50- INFO- 已获取 20200422 申万行业数据
20260331 22:37:50- INFO- 已获取 20200423 申万行业数据
20260331 22:37:50- INFO- 已获取 20200424 申万行业数据
20260331 22:37:51- INFO- 已获取 20200427 申万行业数据
20260331 22:37:51- INFO- 已获取 20200428 申万行业数据
20260331 22:37:51- INFO- 已获取 20200429 申万行业数据
20260331 22:37:51- INFO- 已获取 20200430 申万行业数据
20260331 22:37:52- INFO- 已获取 20200506 申万行业数据
20260331 22:37:52- INFO- 已获取 20200507 申万行业数据
20260331 22:37:52- INFO- 已获取 20200508 申万行业数据
20260331 22:37:53- INFO- 已获取 20200511 申万行业数据
20260331 22:37:53- INFO- 已获取 20200512 申万行业数据
20260331 22:37:53- INFO- 已获取 20200513 申万行业数据
20260331 22:37:53- INFO- 已获取 20200514 申万行业数据
20260331 22:37:53- INFO- 已获取 20200515 申万行业数据
20260331 22:37:54- INFO- 已获取 20200518 申万行业数据
20260331 22:37:54- INFO- 已获取 20200519 申万行业数据
20260331 22:37:54- INFO- 已获取 20200520 申万行业数据
20260331 22:37:54- INFO- 已获取 20200521 申万行业数据
20260331 22:37:54- INFO- 已获取 20200522 申万行业数据
20260331 22:37:55- INFO- 已获取 20200525 申万行业数据
20260331 22:37:55- INFO- 已获取 20200526 申万行业数据
20260331 22:37:55- INFO- 已获取 20200527 申万行业数据
20260331 22:37:55- INFO- 已获取 20200528 申万行业数据
20260331 22:37:55- INFO- 已获取 20200529 申万行业数据
20260331 22:37:56- INFO- 已获取 20200601 申万行业数据
20260331 22:37:56- INFO- 已获取 20200602 申万行业数据
20260331 22:37:56- INFO- 已获取 20200603 申万行业数据
20260331 22:37:56- INFO- 已获取 20200604 申万行业数据
20260331 22:37:57- INFO- 已获取 20200605 申万行业数据
20260331 22:37:57- INFO- 已获取 20200608 申万行业数据
20260331 22:37:57- INFO- 已获取 20200609 申万行业数据
20260331 22:37:57- INFO- 已获取 20200610 申万行业数据
20260331 22:37:57- INFO- 已获取 20200611 申万行业数据
20260331 22:37:58- INFO- 已获取 20200612 申万行业数据
20260331 22:37:58- INFO- 已获取 20200615 申万行业数据
20260331 22:37:58- INFO- 已获取 20200616 申万行业数据
20260331 22:37:58- INFO- 已获取 20200617 申万行业数据
20260331 22:37:59- INFO- 已获取 20200618 申万行业数据
20260331 22:37:59- INFO- 已获取 20200619 申万行业数据
20260331 22:37:59- INFO- 已获取 20200622 申万行业数据
20260331 22:37:59- INFO- 已获取 20200623 申万行业数据
20260331 22:37:59- INFO- 已获取 20200624 申万行业数据
20260331 22:38:00- INFO- 已获取 20200629 申万行业数据
20260331 22:38:00- INFO- 已获取 20200630 申万行业数据
20260331 22:38:00- INFO- 已获取 20200701 申万行业数据
20260331 22:38:01- INFO- 已获取 20200702 申万行业数据
20260331 22:38:01- INFO- 已获取 20200703 申万行业数据
20260331 22:38:01- INFO- 已获取 20200706 申万行业数据
20260331 22:38:01- INFO- 已获取 20200707 申万行业数据
20260331 22:38:01- INFO- 已获取 20200708 申万行业数据
20260331 22:38:02- INFO- 已获取 20200709 申万行业数据
20260331 22:38:02- INFO- 已获取 20200710 申万行业数据
20260331 22:38:02- INFO- 已获取 20200713 申万行业数据
20260331 22:38:02- INFO- 已获取 20200714 申万行业数据
20260331 22:38:02- INFO- 已获取 20200715 申万行业数据
20260331 22:38:03- INFO- 已获取 20200716 申万行业数据
20260331 22:38:03- INFO- 已获取 20200717 申万行业数据
20260331 22:38:03- INFO- 已获取 20200720 申万行业数据
20260331 22:38:03- INFO- 已获取 20200721 申万行业数据
20260331 22:38:03- INFO- 已获取 20200722 申万行业数据
20260331 22:38:04- INFO- 已获取 20200723 申万行业数据
20260331 22:38:04- INFO- 已获取 20200724 申万行业数据
20260331 22:38:04- INFO- 已获取 20200727 申万行业数据
20260331 22:38:04- INFO- 已获取 20200728 申万行业数据
20260331 22:38:05- INFO- 已获取 20200729 申万行业数据
20260331 22:38:05- INFO- 已获取 20200730 申万行业数据
20260331 22:38:05- INFO- 已获取 20200731 申万行业数据
20260331 22:38:05- INFO- 已获取 20200803 申万行业数据
20260331 22:38:05- INFO- 已获取 20200804 申万行业数据
20260331 22:38:06- INFO- 已获取 20200805 申万行业数据
20260331 22:38:06- INFO- 已获取 20200806 申万行业数据
20260331 22:38:06- INFO- 已获取 20200807 申万行业数据
20260331 22:38:06- INFO- 已获取 20200810 申万行业数据
20260331 22:38:06- INFO- 已获取 20200811 申万行业数据
20260331 22:38:07- INFO- 已获取 20200812 申万行业数据
20260331 22:38:07- INFO- 已获取 20200813 申万行业数据
20260331 22:38:07- INFO- 已获取 20200814 申万行业数据
20260331 22:38:07- INFO- 已获取 20200817 申万行业数据
20260331 22:38:08- INFO- 已获取 20200818 申万行业数据
20260331 22:38:08- INFO- 已获取 20200819 申万行业数据
20260331 22:38:08- INFO- 已获取 20200820 申万行业数据
20260331 22:38:08- INFO- 已获取 20200821 申万行业数据
20260331 22:38:09- INFO- 已获取 20200824 申万行业数据
20260331 22:38:09- INFO- 已获取 20200825 申万行业数据
20260331 22:38:09- INFO- 已获取 20200826 申万行业数据
20260331 22:38:09- INFO- 已获取 20200827 申万行业数据
20260331 22:38:09- INFO- 已获取 20200828 申万行业数据
20260331 22:38:10- INFO- 已获取 20200831 申万行业数据
20260331 22:38:10- INFO- 已获取 20200901 申万行业数据
20260331 22:38:10- INFO- 已获取 20200902 申万行业数据
20260331 22:38:10- INFO- 已获取 20200903 申万行业数据
20260331 22:38:10- INFO- 已获取 20200904 申万行业数据
20260331 22:38:11- INFO- 已获取 20200907 申万行业数据
20260331 22:38:11- INFO- 已获取 20200908 申万行业数据
20260331 22:38:11- INFO- 已获取 20200909 申万行业数据
20260331 22:38:11- INFO- 已获取 20200910 申万行业数据
20260331 22:38:11- INFO- 已获取 20200911 申万行业数据
20260331 22:38:12- INFO- 已获取 20200914 申万行业数据
20260331 22:38:12- INFO- 已获取 20200915 申万行业数据
20260331 22:38:12- INFO- 已获取 20200916 申万行业数据
20260331 22:38:12- INFO- 已获取 20200917 申万行业数据
20260331 22:38:12- INFO- 已获取 20200918 申万行业数据
20260331 22:38:13- INFO- 已获取 20200921 申万行业数据
20260331 22:38:13- INFO- 已获取 20200922 申万行业数据
20260331 22:38:13- INFO- 已获取 20200923 申万行业数据
20260331 22:38:13- INFO- 已获取 20200924 申万行业数据
20260331 22:38:13- INFO- 已获取 20200925 申万行业数据
20260331 22:38:14- INFO- 已获取 20200928 申万行业数据
20260331 22:38:14- INFO- 已获取 20200929 申万行业数据
20260331 22:38:14- INFO- 已获取 20200930 申万行业数据
20260331 22:38:15- INFO- 已获取 20201009 申万行业数据
20260331 22:38:16- INFO- 已获取 20201012 申万行业数据
20260331 22:38:16- INFO- 已获取 20201013 申万行业数据
20260331 22:38:16- INFO- 已获取 20201014 申万行业数据
20260331 22:38:16- INFO- 已获取 20201015 申万行业数据
20260331 22:38:16- INFO- 已获取 20201016 申万行业数据
20260331 22:38:17- INFO- 已获取 20201019 申万行业数据
20260331 22:38:17- INFO- 已获取 20201020 申万行业数据
20260331 22:38:17- INFO- 已获取 20201021 申万行业数据
20260331 22:38:17- INFO- 已获取 20201022 申万行业数据
20260331 22:38:17- INFO- 已获取 20201023 申万行业数据
20260331 22:38:18- INFO- 已获取 20201026 申万行业数据
20260331 22:38:18- INFO- 已获取 20201027 申万行业数据
20260331 22:38:18- INFO- 已获取 20201028 申万行业数据
20260331 22:38:18- INFO- 已获取 20201029 申万行业数据
20260331 22:38:18- INFO- 已获取 20201030 申万行业数据
20260331 22:38:19- INFO- 已获取 20201102 申万行业数据
20260331 22:38:19- INFO- 已获取 20201103 申万行业数据
20260331 22:38:19- INFO- 已获取 20201104 申万行业数据
20260331 22:38:19- INFO- 已获取 20201105 申万行业数据
20260331 22:38:19- INFO- 已获取 20201106 申万行业数据
20260331 22:38:20- INFO- 已获取 20201109 申万行业数据
20260331 22:38:20- INFO- 已获取 20201110 申万行业数据
20260331 22:38:20- INFO- 已获取 20201111 申万行业数据
20260331 22:38:20- INFO- 已获取 20201112 申万行业数据
20260331 22:38:20- INFO- 已获取 20201113 申万行业数据
20260331 22:38:21- INFO- 已获取 20201116 申万行业数据
20260331 22:38:21- INFO- 已获取 20201117 申万行业数据
20260331 22:38:21- INFO- 已获取 20201118 申万行业数据
20260331 22:38:21- INFO- 已获取 20201119 申万行业数据
20260331 22:38:21- INFO- 已获取 20201120 申万行业数据
20260331 22:38:22- INFO- 已获取 20201123 申万行业数据
20260331 22:38:22- INFO- 已获取 20201124 申万行业数据
20260331 22:38:22- INFO- 已获取 20201125 申万行业数据
20260331 22:38:22- INFO- 已获取 20201126 申万行业数据
20260331 22:38:22- INFO- 已获取 20201127 申万行业数据
20260331 22:38:23- INFO- 已获取 20201130 申万行业数据
20260331 22:38:23- INFO- 已获取 20201201 申万行业数据
20260331 22:38:23- INFO- 已获取 20201202 申万行业数据
20260331 22:38:23- INFO- 已获取 20201203 申万行业数据
20260331 22:38:24- INFO- 已获取 20201204 申万行业数据
20260331 22:38:24- INFO- 已获取 20201207 申万行业数据
20260331 22:38:24- INFO- 已获取 20201208 申万行业数据
20260331 22:38:24- INFO- 已获取 20201209 申万行业数据
20260331 22:38:24- INFO- 已获取 20201210 申万行业数据
20260331 22:38:25- INFO- 已获取 20201211 申万行业数据
20260331 22:38:25- INFO- 已获取 20201214 申万行业数据
20260331 22:38:25- INFO- 已获取 20201215 申万行业数据
20260331 22:38:25- INFO- 已获取 20201216 申万行业数据
20260331 22:38:25- INFO- 已获取 20201217 申万行业数据
20260331 22:38:26- INFO- 已获取 20201218 申万行业数据
20260331 22:38:26- INFO- 已获取 20201221 申万行业数据
20260331 22:38:26- INFO- 已获取 20201222 申万行业数据
20260331 22:38:26- INFO- 已获取 20201223 申万行业数据
20260331 22:38:26- INFO- 已获取 20201224 申万行业数据
20260331 22:38:27- INFO- 已获取 20201225 申万行业数据
20260331 22:38:27- INFO- 已获取 20201228 申万行业数据
20260331 22:38:27- INFO- 已获取 20201229 申万行业数据
20260331 22:38:27- INFO- 已获取 20201230 申万行业数据
20260331 22:38:28- INFO- 已获取 20201231 申万行业数据
20260331 22:38:28- INFO- 已获取 20210104 申万行业数据
20260331 22:38:28- INFO- 已获取 20210105 申万行业数据
20260331 22:38:28- INFO- 已获取 20210106 申万行业数据
20260331 22:38:29- INFO- 已获取 20210107 申万行业数据
20260331 22:38:29- INFO- 已获取 20210108 申万行业数据
20260331 22:38:29- INFO- 已获取 20210111 申万行业数据
20260331 22:38:29- INFO- 已获取 20210112 申万行业数据
20260331 22:38:29- INFO- 已获取 20210113 申万行业数据
20260331 22:38:30- INFO- 已获取 20210114 申万行业数据
20260331 22:38:30- INFO- 已获取 20210115 申万行业数据
20260331 22:38:30- INFO- 已获取 20210118 申万行业数据
20260331 22:38:30- INFO- 已获取 20210119 申万行业数据
20260331 22:38:30- INFO- 已获取 20210120 申万行业数据
20260331 22:38:31- INFO- 已获取 20210121 申万行业数据
20260331 22:38:31- INFO- 已获取 20210122 申万行业数据
20260331 22:38:31- INFO- 已获取 20210125 申万行业数据
20260331 22:38:31- INFO- 已获取 20210126 申万行业数据
20260331 22:38:32- INFO- 已获取 20210127 申万行业数据
20260331 22:38:32- INFO- 已获取 20210128 申万行业数据
20260331 22:38:32- INFO- 已获取 20210129 申万行业数据
20260331 22:38:32- INFO- 已获取 20210201 申万行业数据
20260331 22:38:32- INFO- 已获取 20210202 申万行业数据
20260331 22:38:33- INFO- 已获取 20210203 申万行业数据
20260331 22:38:33- INFO- 已获取 20210204 申万行业数据
20260331 22:38:33- INFO- 已获取 20210205 申万行业数据
20260331 22:38:33- INFO- 已获取 20210208 申万行业数据
20260331 22:38:33- INFO- 已获取 20210209 申万行业数据
20260331 22:38:34- INFO- 已获取 20210210 申万行业数据
20260331 22:38:35- INFO- 已获取 20210218 申万行业数据
20260331 22:38:35- INFO- 已获取 20210219 申万行业数据
20260331 22:38:35- INFO- 已获取 20210222 申万行业数据
20260331 22:38:35- INFO- 已获取 20210223 申万行业数据
20260331 22:38:35- INFO- 已获取 20210224 申万行业数据
20260331 22:38:36- INFO- 已获取 20210225 申万行业数据
20260331 22:38:36- INFO- 已获取 20210226 申万行业数据
20260331 22:38:36- INFO- 已获取 20210301 申万行业数据
20260331 22:38:36- INFO- 已获取 20210302 申万行业数据
20260331 22:38:36- INFO- 已获取 20210303 申万行业数据
20260331 22:38:37- INFO- 已获取 20210304 申万行业数据
20260331 22:38:37- INFO- 已获取 20210305 申万行业数据
20260331 22:38:37- INFO- 已获取 20210308 申万行业数据
20260331 22:38:37- INFO- 已获取 20210309 申万行业数据
20260331 22:38:38- INFO- 已获取 20210310 申万行业数据
20260331 22:38:38- INFO- 已获取 20210311 申万行业数据
20260331 22:38:38- INFO- 已获取 20210312 申万行业数据
20260331 22:38:38- INFO- 已获取 20210315 申万行业数据
20260331 22:38:38- INFO- 已获取 20210316 申万行业数据
20260331 22:38:39- INFO- 已获取 20210317 申万行业数据
20260331 22:38:39- INFO- 已获取 20210318 申万行业数据
20260331 22:38:39- INFO- 已获取 20210319 申万行业数据
20260331 22:38:39- INFO- 已获取 20210322 申万行业数据
20260331 22:38:39- INFO- 已获取 20210323 申万行业数据
20260331 22:38:40- INFO- 已获取 20210324 申万行业数据
20260331 22:38:40- INFO- 已获取 20210325 申万行业数据
20260331 22:38:40- INFO- 已获取 20210326 申万行业数据
20260331 22:38:40- INFO- 已获取 20210329 申万行业数据
20260331 22:38:41- INFO- 已获取 20210330 申万行业数据
20260331 22:38:41- INFO- 已获取 20210331 申万行业数据
20260331 22:38:41- INFO- 已获取 20210401 申万行业数据
20260331 22:38:41- INFO- 已获取 20210402 申万行业数据
20260331 22:38:42- INFO- 已获取 20210406 申万行业数据
20260331 22:38:42- INFO- 已获取 20210407 申万行业数据
20260331 22:38:42- INFO- 已获取 20210408 申万行业数据
20260331 22:38:42- INFO- 已获取 20210409 申万行业数据
20260331 22:38:42- INFO- 已获取 20210412 申万行业数据
20260331 22:38:43- INFO- 已获取 20210413 申万行业数据
20260331 22:38:43- INFO- 已获取 20210414 申万行业数据
20260331 22:38:43- INFO- 已获取 20210415 申万行业数据
20260331 22:38:43- INFO- 已获取 20210416 申万行业数据
20260331 22:38:43- INFO- 已获取 20210419 申万行业数据
20260331 22:38:44- INFO- 已获取 20210420 申万行业数据
20260331 22:38:44- INFO- 已获取 20210421 申万行业数据
20260331 22:38:44- INFO- 已获取 20210422 申万行业数据
20260331 22:38:44- INFO- 已获取 20210423 申万行业数据
20260331 22:38:44- INFO- 已获取 20210426 申万行业数据
20260331 22:38:45- INFO- 已获取 20210427 申万行业数据
20260331 22:38:45- INFO- 已获取 20210428 申万行业数据
20260331 22:38:45- INFO- 已获取 20210429 申万行业数据
20260331 22:38:45- INFO- 已获取 20210430 申万行业数据
20260331 22:38:46- INFO- 已获取 20210506 申万行业数据
20260331 22:38:46- INFO- 已获取 20210507 申万行业数据
20260331 22:38:46- INFO- 已获取 20210510 申万行业数据
20260331 22:38:47- INFO- 已获取 20210511 申万行业数据
20260331 22:38:47- INFO- 已获取 20210512 申万行业数据
20260331 22:38:47- INFO- 已获取 20210513 申万行业数据
20260331 22:38:47- INFO- 已获取 20210514 申万行业数据
20260331 22:38:47- INFO- 已获取 20210517 申万行业数据
20260331 22:38:48- INFO- 已获取 20210518 申万行业数据
20260331 22:38:48- INFO- 已获取 20210519 申万行业数据
20260331 22:38:48- INFO- 已获取 20210520 申万行业数据
20260331 22:38:48- INFO- 已获取 20210521 申万行业数据
20260331 22:38:49- INFO- 已获取 20210524 申万行业数据
20260331 22:38:49- INFO- 已获取 20210525 申万行业数据
20260331 22:38:49- INFO- 已获取 20210526 申万行业数据
20260331 22:38:49- INFO- 已获取 20210527 申万行业数据
20260331 22:38:49- INFO- 已获取 20210528 申万行业数据
20260331 22:38:50- INFO- 已获取 20210531 申万行业数据
20260331 22:38:50- INFO- 已获取 20210601 申万行业数据
20260331 22:38:50- INFO- 已获取 20210602 申万行业数据
20260331 22:38:50- INFO- 已获取 20210603 申万行业数据
20260331 22:38:50- INFO- 获取 20210604 申万行业数据失败: 请求过于频繁 🔥🔥🔥🔥🔥🔥🔥🔥⚡❄️ 8秒后可用
20260331 22:38:50- INFO- 获取 20210605 申万行业数据失败: 请求过于频繁 🔥🔥🔥🔥🔥🔥🔥🔥⚡❄️ 8秒后可用
20260331 22:38:50- INFO- 获取 20210606 申万行业数据失败: 请求过于频繁 🔥🔥🔥🔥🔥🔥🔥🔥⚡❄️ 8秒后可用
20260331 22:38:50- INFO- 获取 20210607 申万行业数据失败: 请求过于频繁 🔥🔥🔥🔥🔥🔥🔥🔥⚡❄️ 8秒后可用
20260331 22:38:51- INFO- 获取 20210608 申万行业数据失败: 请求过于频繁 🔥🔥🔥🔥🔥🔥🔥🔥⚡❄️ 8秒后可用
20260331 22:38:51- INFO- 获取 20210609 申万行业数据失败: 请求过于频繁 🔥🔥🔥🔥🔥🔥🔥🔥⚡❄️ 7秒后可用
20260331 22:38:51- INFO- 获取 20210610 申万行业数据失败: 请求过于频繁 🔥🔥🔥🔥🔥🔥🔥🔥⚡❄️ 7秒后可用
20260331 22:38:51- INFO- 获取 20210611 申万行业数据失败: 请求过于频繁 🔥🔥🔥🔥🔥🔥🔥🔥⚡❄️ 7秒后可用
20260331 22:38:51- INFO- 获取 20210612 申万行业数据失败: 请求过于频繁 🔥🔥🔥🔥🔥🔥🔥🔥⚡❄️ 7秒后可用
20260331 22:38:51- INFO- 获取 20210613 申万行业数据失败: 请求过于频繁 🔥🔥🔥🔥🔥🔥🔥🔥⚡❄️ 7秒后可用
20260331 22:38:51- INFO- 获取 20210614 申万行业数据失败: 请求过于频繁 🔥🔥🔥🔥🔥🔥🔥🔥⚡❄️ 7秒后可用
20260331 22:38:51- INFO- 获取 20210615 申万行业数据失败: 请求过于频繁 🔥🔥🔥🔥🔥🔥🔥🔥⚡❄️ 7秒后可用
20260331 22:38:51- INFO- 获取 20210616 申万行业数据失败: 请求过于频繁 🔥🔥🔥🔥🔥🔥🔥🔥⚡❄️ 7秒后可用
20260331 22:38:51- INFO- 获取 20210617 申万行业数据失败: 请求过于频繁 🔥🔥🔥🔥🔥🔥🔥🔥⚡❄️ 7秒后可用
20260331 22:38:52- INFO- 获取 20210618 申万行业数据失败: 请求过于频繁 🔥🔥🔥🔥🔥🔥🔥🔥⚡❄️ 7秒后可用
20260331 22:38:52- INFO- 获取 20210619 申万行业数据失败: 请求过于频繁 🔥🔥🔥🔥🔥🔥🔥🔥🔥⚡ 6秒后可用
20260331 22:38:52- INFO- 获取 20210620 申万行业数据失败: 请求过于频繁 🔥🔥🔥🔥🔥🔥🔥🔥🔥⚡ 6秒后可用
20260331 22:38:52- INFO- 获取 20210621 申万行业数据失败: 请求过于频繁 🔥🔥🔥🔥🔥🔥🔥🔥🔥⚡ 6秒后可用
20260331 22:38:52- INFO- 获取 20210622 申万行业数据失败: 请求过于频繁 🔥🔥🔥🔥🔥🔥🔥🔥🔥⚡ 6秒后可用
20260331 22:38:52- INFO- 获取 20210623 申万行业数据失败: 请求过于频繁 🔥🔥🔥🔥🔥🔥🔥🔥🔥⚡ 6秒后可用
20260331 22:38:52- INFO- 获取 20210624 申万行业数据失败: 请求过于频繁 🔥🔥🔥🔥🔥🔥🔥🔥🔥⚡ 6秒后可用
20260331 22:38:52- INFO- 获取 20210625 申万行业数据失败: 请求过于频繁 🔥🔥🔥🔥🔥🔥🔥🔥🔥⚡ 6秒后可用
20260331 22:38:52- INFO- 获取 20210626 申万行业数据失败: 请求过于频繁 🔥🔥🔥🔥🔥🔥🔥🔥🔥⚡ 6秒后可用
20260331 22:38:52- INFO- 获取 20210627 申万行业数据失败: 请求过于频繁 🔥🔥🔥🔥🔥🔥🔥🔥🔥⚡ 6秒后可用
20260331 22:38:52- INFO- 获取 20210628 申万行业数据失败: 请求过于频繁 🔥🔥🔥🔥🔥🔥🔥🔥🔥⚡ 6秒后可用
20260331 22:38:53- INFO- 获取 20210629 申万行业数据失败: 请求过于频繁 🔥🔥🔥🔥🔥🔥🔥🔥🔥⚡ 6秒后可用
20260331 22:38:53- INFO- 获取 20210630 申万行业数据失败: 请求过于频繁 🔥🔥🔥🔥🔥🔥🔥🔥🔥⚡ 5秒后可用
20260331 22:38:53- INFO- 获取 20210701 申万行业数据失败: 请求过于频繁 🔥🔥🔥🔥🔥🔥🔥🔥🔥⚡ 5秒后可用
20260331 22:38:53- INFO- 获取 20210702 申万行业数据失败: 请求过于频繁 🔥🔥🔥🔥🔥🔥🔥🔥🔥⚡ 5秒后可用
20260331 22:38:53- INFO- 获取 20210703 申万行业数据失败: 请求过于频繁 🔥🔥🔥🔥🔥🔥🔥🔥🔥⚡ 5秒后可用
20260331 22:38:53- INFO- 获取 20210704 申万行业数据失败: 请求过于频繁 🔥🔥🔥🔥🔥🔥🔥🔥🔥⚡ 5秒后可用
20260331 22:38:53- INFO- 获取 20210705 申万行业数据失败: 请求过于频繁 🔥🔥🔥🔥🔥🔥🔥🔥🔥⚡ 5秒后可用
20260331 22:38:53- INFO- 获取 20210706 申万行业数据失败: 请求过于频繁 🔥🔥🔥🔥🔥🔥🔥🔥🔥⚡ 5秒后可用
20260331 22:38:53- INFO- 获取 20210707 申万行业数据失败: 请求过于频繁 🔥🔥🔥🔥🔥🔥🔥🔥🔥⚡ 5秒后可用
20260331 22:38:53- INFO- 获取 20210708 申万行业数据失败: 请求过于频繁 🔥🔥🔥🔥🔥🔥🔥🔥🔥⚡ 5秒后可用
20260331 22:38:53- INFO- 获取 20210709 申万行业数据失败: 请求过于频繁 🔥🔥🔥🔥🔥🔥🔥🔥🔥⚡ 5秒后可用
20260331 22:38:54- INFO- 获取 20210710 申万行业数据失败: 请求过于频繁 🔥🔥🔥🔥🔥🔥🔥🔥🔥⚡ 5秒后可用
20260331 22:38:54- INFO- 获取 20210711 申万行业数据失败: 请求过于频繁 🔥🔥🔥🔥🔥🔥🔥🔥🔥⚡ 4秒后可用
20260331 22:38:54- INFO- 获取 20210712 申万行业数据失败: 请求过于频繁 🔥🔥🔥🔥🔥🔥🔥🔥🔥⚡ 4秒后可用
20260331 22:38:54- INFO- 获取 20210713 申万行业数据失败: 请求过于频繁 🔥🔥🔥🔥🔥🔥🔥🔥🔥⚡ 4秒后可用
20260331 22:38:54- INFO- 获取 20210714 申万行业数据失败: 请求过于频繁 🔥🔥🔥🔥🔥🔥🔥🔥🔥⚡ 4秒后可用
20260331 22:38:54- INFO- 获取 20210715 申万行业数据失败: 请求过于频繁 🔥🔥🔥🔥🔥🔥🔥🔥🔥⚡ 4秒后可用
20260331 22:38:54- INFO- 获取 20210716 申万行业数据失败: 请求过于频繁 🔥🔥🔥🔥🔥🔥🔥🔥🔥⚡ 4秒后可用
20260331 22:38:54- INFO- 获取 20210717 申万行业数据失败: 请求过于频繁 🔥🔥🔥🔥🔥🔥🔥🔥🔥⚡ 4秒后可用
20260331 22:38:54- INFO- 获取 20210718 申万行业数据失败: 请求过于频繁 🔥🔥🔥🔥🔥🔥🔥🔥🔥⚡ 4秒后可用
20260331 22:38:54- INFO- 获取 20210719 申万行业数据失败: 请求过于频繁 🔥🔥🔥🔥🔥🔥🔥🔥🔥⚡ 4秒后可用
20260331 22:38:54- INFO- 获取 20210720 申万行业数据失败: 请求过于频繁 🔥🔥🔥🔥🔥🔥🔥🔥🔥⚡ 4秒后可用
20260331 22:38:55- INFO- 获取 20210721 申万行业数据失败: 请求过于频繁 🔥🔥🔥🔥🔥🔥🔥🔥🔥⚡ 4秒后可用
20260331 22:38:55- INFO- 获取 20210722 申万行业数据失败: 请求过于频繁 🔥🔥🔥🔥🔥🔥🔥🔥🔥⚡ 3秒后可用
20260331 22:38:55- INFO- 获取 20210723 申万行业数据失败: 请求过于频繁 🔥🔥🔥🔥🔥🔥🔥🔥🔥⚡ 3秒后可用
20260331 22:38:55- INFO- 获取 20210724 申万行业数据失败: 请求过于频繁 🔥🔥🔥🔥🔥🔥🔥🔥🔥⚡ 3秒后可用
20260331 22:38:55- INFO- 获取 20210725 申万行业数据失败: 请求过于频繁 🔥🔥🔥🔥🔥🔥🔥🔥🔥⚡ 3秒后可用
20260331 22:38:55- INFO- 获取 20210726 申万行业数据失败: 请求过于频繁 🔥🔥🔥🔥🔥🔥🔥🔥🔥⚡ 3秒后可用
20260331 22:38:55- INFO- 获取 20210727 申万行业数据失败: 请求过于频繁 🔥🔥🔥🔥🔥🔥🔥🔥🔥⚡ 3秒后可用
20260331 22:38:55- INFO- 获取 20210728 申万行业数据失败: 请求过于频繁 🔥🔥🔥🔥🔥🔥🔥🔥🔥⚡ 3秒后可用
20260331 22:38:55- INFO- 获取 20210729 申万行业数据失败: 请求过于频繁 🔥🔥🔥🔥🔥🔥🔥🔥🔥⚡ 3秒后可用
20260331 22:38:55- INFO- 获取 20210730 申万行业数据失败: 请求过于频繁 🔥🔥🔥🔥🔥🔥🔥🔥🔥⚡ 3秒后可用
20260331 22:38:56- INFO- 获取 20210731 申万行业数据失败: 请求过于频繁 🔥🔥🔥🔥🔥🔥🔥🔥🔥⚡ 3秒后可用
20260331 22:38:56- INFO- 获取 20210801 申万行业数据失败: 请求过于频繁 🔥🔥🔥🔥🔥🔥🔥🔥🔥⚡ 3秒后可用
20260331 22:38:56- INFO- 获取 20210802 申万行业数据失败: 请求过于频繁 🔥🔥🔥🔥🔥🔥🔥🔥🔥⚡ 2秒后可用
20260331 22:38:56- INFO- 获取 20210803 申万行业数据失败: 请求过于频繁 🔥🔥🔥🔥🔥🔥🔥🔥🔥⚡ 2秒后可用
20260331 22:38:56- INFO- 获取 20210804 申万行业数据失败: 请求过于频繁 🔥🔥🔥🔥🔥🔥🔥🔥🔥⚡ 2秒后可用
20260331 22:38:56- INFO- 获取 20210805 申万行业数据失败: 请求过于频繁 🔥🔥🔥🔥🔥🔥🔥🔥🔥⚡ 2秒后可用
20260331 22:38:56- INFO- 获取 20210806 申万行业数据失败: 请求过于频繁 🔥🔥🔥🔥🔥🔥🔥🔥🔥⚡ 2秒后可用
20260331 22:38:56- INFO- 获取 20210807 申万行业数据失败: 请求过于频繁 🔥🔥🔥🔥🔥🔥🔥🔥🔥⚡ 2秒后可用
20260331 22:38:56- INFO- 获取 20210808 申万行业数据失败: 请求过于频繁 🔥🔥🔥🔥🔥🔥🔥🔥🔥⚡ 2秒后可用
20260331 22:38:56- INFO- 获取 20210809 申万行业数据失败: 请求过于频繁 🔥🔥🔥🔥🔥🔥🔥🔥🔥⚡ 2秒后可用
20260331 22:38:56- INFO- 获取 20210810 申万行业数据失败: 请求过于频繁 🔥🔥🔥🔥🔥🔥🔥🔥🔥⚡ 2秒后可用
20260331 22:38:57- INFO- 获取 20210811 申万行业数据失败: 请求过于频繁 🔥🔥🔥🔥🔥🔥🔥🔥🔥⚡ 2秒后可用
20260331 22:38:57- INFO- 获取 20210812 申万行业数据失败: 请求过于频繁 🔥🔥🔥🔥🔥🔥🔥🔥🔥⚡ 1秒后可用
20260331 22:38:57- INFO- 获取 20210813 申万行业数据失败: 请求过于频繁 🔥🔥🔥🔥🔥🔥🔥🔥🔥⚡ 1秒后可用
20260331 22:38:57- INFO- 获取 20210814 申万行业数据失败: 请求过于频繁 🔥🔥🔥🔥🔥🔥🔥🔥🔥⚡ 1秒后可用
20260331 22:38:57- INFO- 获取 20210815 申万行业数据失败: 请求过于频繁 🔥🔥🔥🔥🔥🔥🔥🔥🔥⚡ 1秒后可用
20260331 22:38:57- INFO- 获取 20210816 申万行业数据失败: 请求过于频繁 🔥🔥🔥🔥🔥🔥🔥🔥🔥⚡ 1秒后可用
20260331 22:38:57- INFO- 获取 20210817 申万行业数据失败: 请求过于频繁 🔥🔥🔥🔥🔥🔥🔥🔥🔥⚡ 1秒后可用
20260331 22:38:57- INFO- 获取 20210818 申万行业数据失败: 请求过于频繁 🔥🔥🔥🔥🔥🔥🔥🔥🔥⚡ 1秒后可用
20260331 22:38:57- INFO- 获取 20210819 申万行业数据失败: 请求过于频繁 🔥🔥🔥🔥🔥🔥🔥🔥🔥⚡ 1秒后可用
20260331 22:38:57- INFO- 获取 20210820 申万行业数据失败: 请求过于频繁 🔥🔥🔥🔥🔥🔥🔥🔥🔥⚡ 1秒后可用
20260331 22:38:57- INFO- 获取 20210821 申万行业数据失败: 请求过于频繁 🔥🔥🔥🔥🔥🔥🔥🔥🔥⚡ 1秒后可用
20260331 22:38:58- INFO- 获取 20210822 申万行业数据失败: 请求过于频繁 🔥🔥🔥🔥🔥🔥🔥🔥🔥⚡ 1秒后可用
20260331 22:38:58- INFO- 已获取 20210823 申万行业数据
20260331 22:38:58- INFO- 已获取 20210824 申万行业数据
20260331 22:38:58- INFO- 已获取 20210825 申万行业数据
20260331 22:38:58- INFO- 已获取 20210826 申万行业数据
20260331 22:38:58- INFO- 已获取 20210827 申万行业数据
20260331 22:38:59- INFO- 已获取 20210830 申万行业数据
20260331 22:38:59- INFO- 已获取 20210831 申万行业数据
20260331 22:38:59- INFO- 已获取 20210901 申万行业数据
20260331 22:38:59- INFO- 已获取 20210902 申万行业数据
20260331 22:39:00- INFO- 已获取 20210903 申万行业数据
20260331 22:39:00- INFO- 已获取 20210906 申万行业数据
20260331 22:39:00- INFO- 已获取 20210907 申万行业数据
20260331 22:39:00- INFO- 已获取 20210908 申万行业数据
20260331 22:39:00- INFO- 已获取 20210909 申万行业数据
20260331 22:39:01- INFO- 已获取 20210910 申万行业数据
20260331 22:39:01- INFO- 已获取 20210913 申万行业数据
20260331 22:39:01- INFO- 已获取 20210914 申万行业数据
20260331 22:39:01- INFO- 已获取 20210915 申万行业数据
20260331 22:39:01- INFO- 已获取 20210916 申万行业数据
20260331 22:39:02- INFO- 已获取 20210917 申万行业数据
20260331 22:39:02- INFO- 已获取 20210922 申万行业数据
20260331 22:39:02- INFO- 已获取 20210923 申万行业数据
20260331 22:39:03- INFO- 已获取 20210924 申万行业数据
20260331 22:39:03- INFO- 已获取 20210927 申万行业数据
20260331 22:39:03- INFO- 已获取 20210928 申万行业数据
20260331 22:39:03- INFO- 已获取 20210929 申万行业数据
20260331 22:39:03- INFO- 已获取 20210930 申万行业数据
20260331 22:39:04- INFO- 已获取 20211008 申万行业数据
20260331 22:39:05- INFO- 已获取 20211011 申万行业数据
20260331 22:39:05- INFO- 已获取 20211012 申万行业数据
20260331 22:39:05- INFO- 已获取 20211013 申万行业数据
20260331 22:39:05- INFO- 已获取 20211014 申万行业数据
20260331 22:39:05- INFO- 已获取 20211015 申万行业数据
20260331 22:39:06- INFO- 已获取 20211018 申万行业数据
20260331 22:39:06- INFO- 已获取 20211019 申万行业数据
20260331 22:39:06- INFO- 已获取 20211020 申万行业数据
20260331 22:39:06- INFO- 已获取 20211021 申万行业数据
20260331 22:39:07- INFO- 已获取 20211022 申万行业数据
20260331 22:39:07- INFO- 已获取 20211025 申万行业数据
20260331 22:39:07- INFO- 已获取 20211026 申万行业数据
20260331 22:39:07- INFO- 已获取 20211027 申万行业数据
20260331 22:39:07- INFO- 已获取 20211028 申万行业数据
20260331 22:39:08- INFO- 已获取 20211029 申万行业数据
20260331 22:39:08- INFO- 已获取 20211101 申万行业数据
20260331 22:39:08- INFO- 已获取 20211102 申万行业数据
20260331 22:39:08- INFO- 已获取 20211103 申万行业数据
20260331 22:39:08- INFO- 已获取 20211104 申万行业数据
20260331 22:39:09- INFO- 已获取 20211105 申万行业数据
20260331 22:39:09- INFO- 已获取 20211108 申万行业数据
20260331 22:39:09- INFO- 已获取 20211109 申万行业数据
20260331 22:39:09- INFO- 已获取 20211110 申万行业数据
20260331 22:39:09- INFO- 已获取 20211111 申万行业数据
20260331 22:39:10- INFO- 已获取 20211112 申万行业数据
20260331 22:39:10- INFO- 已获取 20211115 申万行业数据
20260331 22:39:10- INFO- 已获取 20211116 申万行业数据
20260331 22:39:10- INFO- 已获取 20211117 申万行业数据
20260331 22:39:11- INFO- 已获取 20211118 申万行业数据
20260331 22:39:11- INFO- 已获取 20211119 申万行业数据
20260331 22:39:11- INFO- 已获取 20211122 申万行业数据
20260331 22:39:11- INFO- 已获取 20211123 申万行业数据
20260331 22:39:11- INFO- 已获取 20211124 申万行业数据
20260331 22:39:12- INFO- 已获取 20211125 申万行业数据
20260331 22:39:12- INFO- 已获取 20211126 申万行业数据
20260331 22:39:12- INFO- 已获取 20211129 申万行业数据
20260331 22:39:12- INFO- 已获取 20211130 申万行业数据
20260331 22:39:12- INFO- 已获取 20211201 申万行业数据
20260331 22:39:13- INFO- 已获取 20211202 申万行业数据
20260331 22:39:13- INFO- 已获取 20211203 申万行业数据
20260331 22:39:13- INFO- 已获取 20211206 申万行业数据
20260331 22:39:13- INFO- 已获取 20211207 申万行业数据
20260331 22:39:14- INFO- 已获取 20211208 申万行业数据
20260331 22:39:14- INFO- 已获取 20211209 申万行业数据
20260331 22:39:14- INFO- 已获取 20211210 申万行业数据
20260331 22:39:14- INFO- 已获取 20211213 申万行业数据
20260331 22:39:14- INFO- 已获取 20211214 申万行业数据
20260331 22:39:15- INFO- 已获取 20211215 申万行业数据
20260331 22:39:15- INFO- 已获取 20211216 申万行业数据
20260331 22:39:15- INFO- 已获取 20211217 申万行业数据
20260331 22:39:15- INFO- 已获取 20211220 申万行业数据
20260331 22:39:15- INFO- 已获取 20211221 申万行业数据
20260331 22:39:16- INFO- 已获取 20211222 申万行业数据
20260331 22:39:16- INFO- 已获取 20211223 申万行业数据
20260331 22:39:16- INFO- 已获取 20211224 申万行业数据
20260331 22:39:16- INFO- 已获取 20211227 申万行业数据
20260331 22:39:16- INFO- 已获取 20211228 申万行业数据
20260331 22:39:17- INFO- 已获取 20211229 申万行业数据
20260331 22:39:17- INFO- 已获取 20211230 申万行业数据
20260331 22:39:17- INFO- 已获取 20211231 申万行业数据
20260331 22:39:17- INFO- 已获取 20220104 申万行业数据
20260331 22:39:18- INFO- 已获取 20220105 申万行业数据
20260331 22:39:18- INFO- 已获取 20220106 申万行业数据
20260331 22:39:18- INFO- 已获取 20220107 申万行业数据
20260331 22:39:18- INFO- 已获取 20220110 申万行业数据
20260331 22:39:18- INFO- 已获取 20220111 申万行业数据
20260331 22:39:19- INFO- 已获取 20220112 申万行业数据
20260331 22:39:19- INFO- 已获取 20220113 申万行业数据
20260331 22:39:19- INFO- 已获取 20220114 申万行业数据
20260331 22:39:19- INFO- 已获取 20220117 申万行业数据
20260331 22:39:20- INFO- 已获取 20220118 申万行业数据
20260331 22:39:20- INFO- 已获取 20220119 申万行业数据
20260331 22:39:20- INFO- 已获取 20220120 申万行业数据
20260331 22:39:20- INFO- 已获取 20220121 申万行业数据
20260331 22:39:20- INFO- 已获取 20220124 申万行业数据
20260331 22:39:21- INFO- 已获取 20220125 申万行业数据
20260331 22:39:21- INFO- 已获取 20220126 申万行业数据
20260331 22:39:21- INFO- 已获取 20220127 申万行业数据
20260331 22:39:21- INFO- 已获取 20220128 申万行业数据
20260331 22:39:22- INFO- 已获取 20220207 申万行业数据
20260331 22:39:22- INFO- 已获取 20220208 申万行业数据
20260331 22:39:23- INFO- 已获取 20220209 申万行业数据
20260331 22:39:23- INFO- 已获取 20220210 申万行业数据
20260331 22:39:23- INFO- 已获取 20220211 申万行业数据
20260331 22:39:23- INFO- 已获取 20220214 申万行业数据
20260331 22:39:23- INFO- 已获取 20220215 申万行业数据
20260331 22:39:24- INFO- 已获取 20220216 申万行业数据
20260331 22:39:24- INFO- 已获取 20220217 申万行业数据
20260331 22:39:24- INFO- 已获取 20220218 申万行业数据
20260331 22:39:24- INFO- 已获取 20220221 申万行业数据
20260331 22:39:24- INFO- 已获取 20220222 申万行业数据
20260331 22:39:25- INFO- 已获取 20220223 申万行业数据
20260331 22:39:25- INFO- 已获取 20220224 申万行业数据
20260331 22:39:25- INFO- 已获取 20220225 申万行业数据
20260331 22:39:25- INFO- 已获取 20220228 申万行业数据
20260331 22:39:25- INFO- 已获取 20220301 申万行业数据
20260331 22:39:26- INFO- 已获取 20220302 申万行业数据
20260331 22:39:26- INFO- 已获取 20220303 申万行业数据
20260331 22:39:26- INFO- 已获取 20220304 申万行业数据
20260331 22:39:26- INFO- 已获取 20220307 申万行业数据
20260331 22:39:27- INFO- 已获取 20220308 申万行业数据
20260331 22:39:27- INFO- 已获取 20220309 申万行业数据
20260331 22:39:27- INFO- 已获取 20220310 申万行业数据
20260331 22:39:27- INFO- 已获取 20220311 申万行业数据
20260331 22:39:27- INFO- 已获取 20220314 申万行业数据
20260331 22:39:28- INFO- 已获取 20220315 申万行业数据
20260331 22:39:28- INFO- 已获取 20220316 申万行业数据
20260331 22:39:28- INFO- 已获取 20220317 申万行业数据
20260331 22:39:28- INFO- 已获取 20220318 申万行业数据
20260331 22:39:28- INFO- 已获取 20220321 申万行业数据
20260331 22:39:29- INFO- 已获取 20220322 申万行业数据
20260331 22:39:29- INFO- 已获取 20220323 申万行业数据
20260331 22:39:29- INFO- 已获取 20220324 申万行业数据
20260331 22:39:29- INFO- 已获取 20220325 申万行业数据
20260331 22:39:29- INFO- 已获取 20220328 申万行业数据
20260331 22:39:30- INFO- 已获取 20220329 申万行业数据
20260331 22:39:30- INFO- 已获取 20220330 申万行业数据
20260331 22:39:30- INFO- 已获取 20220331 申万行业数据
20260331 22:39:30- INFO- 已获取 20220401 申万行业数据
20260331 22:39:31- INFO- 已获取 20220406 申万行业数据
20260331 22:39:31- INFO- 已获取 20220407 申万行业数据
20260331 22:39:31- INFO- 已获取 20220408 申万行业数据
20260331 22:39:31- INFO- 已获取 20220411 申万行业数据
20260331 22:39:32- INFO- 已获取 20220412 申万行业数据
20260331 22:39:32- INFO- 已获取 20220413 申万行业数据
20260331 22:39:32- INFO- 已获取 20220414 申万行业数据
20260331 22:39:32- INFO- 已获取 20220415 申万行业数据
20260331 22:39:32- INFO- 已获取 20220418 申万行业数据
20260331 22:39:33- INFO- 已获取 20220419 申万行业数据
20260331 22:39:33- INFO- 已获取 20220420 申万行业数据
20260331 22:39:33- INFO- 已获取 20220421 申万行业数据
20260331 22:39:33- INFO- 已获取 20220422 申万行业数据
20260331 22:39:34- INFO- 已获取 20220425 申万行业数据
20260331 22:39:34- INFO- 已获取 20220426 申万行业数据
20260331 22:39:34- INFO- 已获取 20220427 申万行业数据
20260331 22:39:34- INFO- 已获取 20220428 申万行业数据
20260331 22:39:34- INFO- 已获取 20220429 申万行业数据
20260331 22:39:35- INFO- 已获取 20220505 申万行业数据
20260331 22:39:35- INFO- 已获取 20220506 申万行业数据
20260331 22:39:35- INFO- 已获取 20220509 申万行业数据
20260331 22:39:36- INFO- 已获取 20220510 申万行业数据
20260331 22:39:36- INFO- 已获取 20220511 申万行业数据
20260331 22:39:36- INFO- 已获取 20220512 申万行业数据
20260331 22:39:36- INFO- 已获取 20220513 申万行业数据
20260331 22:39:36- INFO- 已获取 20220516 申万行业数据
20260331 22:39:37- INFO- 已获取 20220517 申万行业数据
20260331 22:39:37- INFO- 已获取 20220518 申万行业数据
20260331 22:39:37- INFO- 已获取 20220519 申万行业数据
20260331 22:39:37- INFO- 已获取 20220520 申万行业数据
20260331 22:39:37- INFO- 已获取 20220523 申万行业数据
20260331 22:39:38- INFO- 已获取 20220524 申万行业数据
20260331 22:39:38- INFO- 已获取 20220525 申万行业数据
20260331 22:39:38- INFO- 已获取 20220526 申万行业数据
20260331 22:39:38- INFO- 已获取 20220527 申万行业数据
20260331 22:39:38- INFO- 已获取 20220530 申万行业数据
20260331 22:39:39- INFO- 已获取 20220531 申万行业数据
20260331 22:39:39- INFO- 已获取 20220601 申万行业数据
20260331 22:39:39- INFO- 已获取 20220602 申万行业数据
20260331 22:39:39- INFO- 已获取 20220606 申万行业数据
20260331 22:39:40- INFO- 已获取 20220607 申万行业数据
20260331 22:39:40- INFO- 已获取 20220608 申万行业数据
20260331 22:39:40- INFO- 已获取 20220609 申万行业数据
20260331 22:39:40- INFO- 已获取 20220610 申万行业数据
20260331 22:39:40- INFO- 已获取 20220613 申万行业数据
20260331 22:39:41- INFO- 已获取 20220614 申万行业数据
20260331 22:39:41- INFO- 已获取 20220615 申万行业数据
20260331 22:39:41- INFO- 已获取 20220616 申万行业数据
20260331 22:39:41- INFO- 已获取 20220617 申万行业数据
20260331 22:39:42- INFO- 已获取 20220620 申万行业数据
20260331 22:39:42- INFO- 已获取 20220621 申万行业数据
20260331 22:39:42- INFO- 已获取 20220622 申万行业数据
20260331 22:39:42- INFO- 已获取 20220623 申万行业数据
20260331 22:39:42- INFO- 已获取 20220624 申万行业数据
20260331 22:39:43- INFO- 已获取 20220627 申万行业数据
20260331 22:39:43- INFO- 已获取 20220628 申万行业数据
20260331 22:39:43- INFO- 已获取 20220629 申万行业数据
20260331 22:39:43- INFO- 已获取 20220630 申万行业数据
20260331 22:39:43- INFO- 已获取 20220701 申万行业数据
20260331 22:39:44- INFO- 已获取 20220704 申万行业数据
20260331 22:39:44- INFO- 已获取 20220705 申万行业数据
20260331 22:39:44- INFO- 已获取 20220706 申万行业数据
20260331 22:39:44- INFO- 已获取 20220707 申万行业数据
20260331 22:39:44- INFO- 已获取 20220708 申万行业数据
20260331 22:39:45- INFO- 已获取 20220711 申万行业数据
20260331 22:39:45- INFO- 已获取 20220712 申万行业数据
20260331 22:39:45- INFO- 已获取 20220713 申万行业数据
20260331 22:39:45- INFO- 已获取 20220714 申万行业数据
20260331 22:39:45- INFO- 已获取 20220715 申万行业数据
20260331 22:39:46- INFO- 已获取 20220718 申万行业数据
20260331 22:39:46- INFO- 已获取 20220719 申万行业数据
20260331 22:39:46- INFO- 已获取 20220720 申万行业数据
20260331 22:39:46- INFO- 已获取 20220721 申万行业数据
20260331 22:39:46- INFO- 已获取 20220722 申万行业数据
20260331 22:39:47- INFO- 已获取 20220725 申万行业数据
20260331 22:39:47- INFO- 已获取 20220726 申万行业数据
20260331 22:39:47- INFO- 已获取 20220727 申万行业数据
20260331 22:39:47- INFO- 已获取 20220728 申万行业数据
20260331 22:39:47- INFO- 已获取 20220729 申万行业数据
20260331 22:39:48- INFO- 已获取 20220801 申万行业数据
20260331 22:39:48- INFO- 已获取 20220802 申万行业数据
20260331 22:39:48- INFO- 已获取 20220803 申万行业数据
20260331 22:39:48- INFO- 已获取 20220804 申万行业数据
20260331 22:39:48- INFO- 已获取 20220805 申万行业数据
20260331 22:39:49- INFO- 已获取 20220808 申万行业数据
20260331 22:39:49- INFO- 已获取 20220809 申万行业数据
20260331 22:39:49- INFO- 已获取 20220810 申万行业数据
20260331 22:39:49- INFO- 已获取 20220811 申万行业数据
20260331 22:39:49- INFO- 已获取 20220812 申万行业数据
20260331 22:39:50- INFO- 获取 20220814 申万行业数据失败: 请求过于频繁 🔥🔥🔥🔥🔥🔥🔥🔥⚡❄️ 8秒后可用
20260331 22:39:50- INFO- 获取 20220815 申万行业数据失败: 请求过于频繁 🔥🔥🔥🔥🔥🔥🔥🔥⚡❄️ 8秒后可用
20260331 22:39:50- INFO- 获取 20220816 申万行业数据失败: 请求过于频繁 🔥🔥🔥🔥🔥🔥🔥🔥⚡❄️ 8秒后可用
20260331 22:39:50- INFO- 获取 20220817 申万行业数据失败: 请求过于频繁 🔥🔥🔥🔥🔥🔥🔥🔥⚡❄️ 8秒后可用
20260331 22:39:50- INFO- 获取 20220818 申万行业数据失败: 请求过于频繁 🔥🔥🔥🔥🔥🔥🔥🔥⚡❄️ 8秒后可用
20260331 22:39:50- INFO- 获取 20220819 申万行业数据失败: 请求过于频繁 🔥🔥🔥🔥🔥🔥🔥🔥⚡❄️ 8秒后可用
20260331 22:39:50- INFO- 获取 20220820 申万行业数据失败: 请求过于频繁 🔥🔥🔥🔥🔥🔥🔥🔥⚡❄️ 8秒后可用
20260331 22:39:50- INFO- 获取 20220821 申万行业数据失败: 请求过于频繁 🔥🔥🔥🔥🔥🔥🔥🔥⚡❄️ 8秒后可用
20260331 22:39:50- INFO- 获取 20220822 申万行业数据失败: 请求过于频繁 🔥🔥🔥🔥🔥🔥🔥🔥⚡❄️ 8秒后可用
20260331 22:39:51- INFO- 获取 20220823 申万行业数据失败: 请求过于频繁 🔥🔥🔥🔥🔥🔥🔥🔥⚡❄️ 8秒后可用
20260331 22:39:51- INFO- 获取 20220824 申万行业数据失败: 请求过于频繁 🔥🔥🔥🔥🔥🔥🔥🔥⚡❄️ 8秒后可用
20260331 22:39:51- INFO- 获取 20220825 申万行业数据失败: 请求过于频繁 🔥🔥🔥🔥🔥🔥🔥🔥⚡❄️ 7秒后可用
20260331 22:39:51- INFO- 获取 20220826 申万行业数据失败: 请求过于频繁 🔥🔥🔥🔥🔥🔥🔥🔥⚡❄️ 7秒后可用
20260331 22:39:51- INFO- 获取 20220827 申万行业数据失败: 请求过于频繁 🔥🔥🔥🔥🔥🔥🔥🔥⚡❄️ 7秒后可用
20260331 22:39:51- INFO- 获取 20220828 申万行业数据失败: 请求过于频繁 🔥🔥🔥🔥🔥🔥🔥🔥⚡❄️ 7秒后可用
20260331 22:39:51- INFO- 获取 20220829 申万行业数据失败: 请求过于频繁 🔥🔥🔥🔥🔥🔥🔥🔥⚡❄️ 7秒后可用
20260331 22:39:51- INFO- 获取 20220830 申万行业数据失败: 请求过于频繁 🔥🔥🔥🔥🔥🔥🔥🔥⚡❄️ 7秒后可用
20260331 22:39:51- INFO- 获取 20220831 申万行业数据失败: 请求过于频繁 🔥🔥🔥🔥🔥🔥🔥🔥⚡❄️ 7秒后可用
20260331 22:39:51- INFO- 获取 20220901 申万行业数据失败: 请求过于频繁 🔥🔥🔥🔥🔥🔥🔥🔥⚡❄️ 7秒后可用
20260331 22:39:51- INFO- 获取 20220902 申万行业数据失败: 请求过于频繁 🔥🔥🔥🔥🔥🔥🔥🔥⚡❄️ 7秒后可用
20260331 22:39:52- INFO- 获取 20220903 申万行业数据失败: 请求过于频繁 🔥🔥🔥🔥🔥🔥🔥🔥⚡❄️ 7秒后可用
20260331 22:39:52- INFO- 获取 20220904 申万行业数据失败: 请求过于频繁 🔥🔥🔥🔥🔥🔥🔥🔥🔥⚡ 6秒后可用
20260331 22:39:52- INFO- 获取 20220905 申万行业数据失败: 请求过于频繁 🔥🔥🔥🔥🔥🔥🔥🔥🔥⚡ 6秒后可用
20260331 22:39:52- INFO- 获取 20220906 申万行业数据失败: 请求过于频繁 🔥🔥🔥🔥🔥🔥🔥🔥🔥⚡ 6秒后可用
20260331 22:39:52- INFO- 获取 20220907 申万行业数据失败: 请求过于频繁 🔥🔥🔥🔥🔥🔥🔥🔥🔥⚡ 6秒后可用
20260331 22:39:52- INFO- 获取 20220908 申万行业数据失败: 请求过于频繁 🔥🔥🔥🔥🔥🔥🔥🔥🔥⚡ 6秒后可用
20260331 22:39:52- INFO- 获取 20220909 申万行业数据失败: 请求过于频繁 🔥🔥🔥🔥🔥🔥🔥🔥🔥⚡ 6秒后可用
20260331 22:39:52- INFO- 获取 20220910 申万行业数据失败: 请求过于频繁 🔥🔥🔥🔥🔥🔥🔥🔥🔥⚡ 6秒后可用
20260331 22:39:52- INFO- 获取 20220911 申万行业数据失败: 请求过于频繁 🔥🔥🔥🔥🔥🔥🔥🔥🔥⚡ 6秒后可用
20260331 22:39:52- INFO- 获取 20220912 申万行业数据失败: 请求过于频繁 🔥🔥🔥🔥🔥🔥🔥🔥🔥⚡ 6秒后可用
20260331 22:39:52- INFO- 获取 20220913 申万行业数据失败: 请求过于频繁 🔥🔥🔥🔥🔥🔥🔥🔥🔥⚡ 6秒后可用
20260331 22:39:53- INFO- 获取 20220914 申万行业数据失败: 请求过于频繁 🔥🔥🔥🔥🔥🔥🔥🔥🔥⚡ 6秒后可用
20260331 22:39:53- INFO- 获取 20220915 申万行业数据失败: 请求过于频繁 🔥🔥🔥🔥🔥🔥🔥🔥🔥⚡ 5秒后可用
20260331 22:39:53- INFO- 获取 20220916 申万行业数据失败: 请求过于频繁 🔥🔥🔥🔥🔥🔥🔥🔥🔥⚡ 5秒后可用
20260331 22:39:53- INFO- 获取 20220917 申万行业数据失败: 请求过于频繁 🔥🔥🔥🔥🔥🔥🔥🔥🔥⚡ 5秒后可用
20260331 22:39:53- INFO- 获取 20220918 申万行业数据失败: 请求过于频繁 🔥🔥🔥🔥🔥🔥🔥🔥🔥⚡ 5秒后可用
20260331 22:39:53- INFO- 获取 20220919 申万行业数据失败: 请求过于频繁 🔥🔥🔥🔥🔥🔥🔥🔥🔥⚡ 5秒后可用
20260331 22:39:53- INFO- 获取 20220920 申万行业数据失败: 请求过于频繁 🔥🔥🔥🔥🔥🔥🔥🔥🔥⚡ 5秒后可用
20260331 22:39:53- INFO- 获取 20220921 申万行业数据失败: 请求过于频繁 🔥🔥🔥🔥🔥🔥🔥🔥🔥⚡ 5秒后可用
20260331 22:39:53- INFO- 获取 20220922 申万行业数据失败: 请求过于频繁 🔥🔥🔥🔥🔥🔥🔥🔥🔥⚡ 5秒后可用
20260331 22:39:53- INFO- 获取 20220923 申万行业数据失败: 请求过于频繁 🔥🔥🔥🔥🔥🔥🔥🔥🔥⚡ 5秒后可用
20260331 22:39:54- INFO- 获取 20220924 申万行业数据失败: 请求过于频繁 🔥🔥🔥🔥🔥🔥🔥🔥🔥⚡ 5秒后可用
20260331 22:39:54- INFO- 获取 20220925 申万行业数据失败: 请求过于频繁 🔥🔥🔥🔥🔥🔥🔥🔥🔥⚡ 4秒后可用
20260331 22:39:54- INFO- 获取 20220926 申万行业数据失败: 请求过于频繁 🔥🔥🔥🔥🔥🔥🔥🔥🔥⚡ 4秒后可用
20260331 22:39:54- INFO- 获取 20220927 申万行业数据失败: 请求过于频繁 🔥🔥🔥🔥🔥🔥🔥🔥🔥⚡ 4秒后可用
20260331 22:39:54- INFO- 获取 20220928 申万行业数据失败: 请求过于频繁 🔥🔥🔥🔥🔥🔥🔥🔥🔥⚡ 4秒后可用
20260331 22:39:54- INFO- 获取 20220929 申万行业数据失败: 请求过于频繁 🔥🔥🔥🔥🔥🔥🔥🔥🔥⚡ 4秒后可用
20260331 22:39:54- INFO- 获取 20220930 申万行业数据失败: 请求过于频繁 🔥🔥🔥🔥🔥🔥🔥🔥🔥⚡ 4秒后可用
20260331 22:39:54- INFO- 获取 20221001 申万行业数据失败: 请求过于频繁 🔥🔥🔥🔥🔥🔥🔥🔥🔥⚡ 4秒后可用
20260331 22:39:54- INFO- 获取 20221002 申万行业数据失败: 请求过于频繁 🔥🔥🔥🔥🔥🔥🔥🔥🔥⚡ 4秒后可用
20260331 22:39:54- INFO- 获取 20221003 申万行业数据失败: 请求过于频繁 🔥🔥🔥🔥🔥🔥🔥🔥🔥⚡ 4秒后可用
20260331 22:39:55- INFO- 获取 20221004 申万行业数据失败: 请求过于频繁 🔥🔥🔥🔥🔥🔥🔥🔥🔥⚡ 4秒后可用
20260331 22:39:55- INFO- 获取 20221005 申万行业数据失败: 请求过于频繁 🔥🔥🔥🔥🔥🔥🔥🔥🔥⚡ 3秒后可用
20260331 22:39:55- INFO- 获取 20221006 申万行业数据失败: 请求过于频繁 🔥🔥🔥🔥🔥🔥🔥🔥🔥⚡ 3秒后可用
20260331 22:39:55- INFO- 获取 20221007 申万行业数据失败: 请求过于频繁 🔥🔥🔥🔥🔥🔥🔥🔥🔥⚡ 3秒后可用
20260331 22:39:55- INFO- 获取 20221008 申万行业数据失败: 请求过于频繁 🔥🔥🔥🔥🔥🔥🔥🔥🔥⚡ 3秒后可用
20260331 22:39:55- INFO- 获取 20221009 申万行业数据失败: 请求过于频繁 🔥🔥🔥🔥🔥🔥🔥🔥🔥⚡ 3秒后可用
20260331 22:39:55- INFO- 获取 20221010 申万行业数据失败: 请求过于频繁 🔥🔥🔥🔥🔥🔥🔥🔥🔥⚡ 3秒后可用
20260331 22:39:55- INFO- 获取 20221011 申万行业数据失败: 请求过于频繁 🔥🔥🔥🔥🔥🔥🔥🔥🔥⚡ 3秒后可用
20260331 22:39:55- INFO- 获取 20221012 申万行业数据失败: 请求过于频繁 🔥🔥🔥🔥🔥🔥🔥🔥🔥⚡ 3秒后可用
20260331 22:39:55- INFO- 获取 20221013 申万行业数据失败: 请求过于频繁 🔥🔥🔥🔥🔥🔥🔥🔥🔥⚡ 3秒后可用
20260331 22:39:55- INFO- 获取 20221014 申万行业数据失败: 请求过于频繁 🔥🔥🔥🔥🔥🔥🔥🔥🔥⚡ 3秒后可用
20260331 22:39:56- INFO- 获取 20221015 申万行业数据失败: 请求过于频繁 🔥🔥🔥🔥🔥🔥🔥🔥🔥⚡ 3秒后可用
20260331 22:39:56- INFO- 获取 20221016 申万行业数据失败: 请求过于频繁 🔥🔥🔥🔥🔥🔥🔥🔥🔥⚡ 2秒后可用
20260331 22:39:56- INFO- 获取 20221017 申万行业数据失败: 请求过于频繁 🔥🔥🔥🔥🔥🔥🔥🔥🔥⚡ 2秒后可用
20260331 22:39:56- INFO- 获取 20221018 申万行业数据失败: 请求过于频繁 🔥🔥🔥🔥🔥🔥🔥🔥🔥⚡ 2秒后可用
20260331 22:39:56- INFO- 获取 20221019 申万行业数据失败: 请求过于频繁 🔥🔥🔥🔥🔥🔥🔥🔥🔥⚡ 2秒后可用
20260331 22:39:56- INFO- 获取 20221020 申万行业数据失败: 请求过于频繁 🔥🔥🔥🔥🔥🔥🔥🔥🔥⚡ 2秒后可用
20260331 22:39:56- INFO- 获取 20221021 申万行业数据失败: 请求过于频繁 🔥🔥🔥🔥🔥🔥🔥🔥🔥⚡ 2秒后可用
20260331 22:39:56- INFO- 获取 20221022 申万行业数据失败: 请求过于频繁 🔥🔥🔥🔥🔥🔥🔥🔥🔥⚡ 2秒后可用
20260331 22:39:56- INFO- 获取 20221023 申万行业数据失败: 请求过于频繁 🔥🔥🔥🔥🔥🔥🔥🔥🔥⚡ 2秒后可用
20260331 22:39:56- INFO- 获取 20221024 申万行业数据失败: 请求过于频繁 🔥🔥🔥🔥🔥🔥🔥🔥🔥⚡ 2秒后可用
20260331 22:39:57- INFO- 获取 20221025 申万行业数据失败: 请求过于频繁 🔥🔥🔥🔥🔥🔥🔥🔥🔥⚡ 2秒后可用
20260331 22:39:57- INFO- 获取 20221026 申万行业数据失败: 请求过于频繁 🔥🔥🔥🔥🔥🔥🔥🔥🔥⚡ 1秒后可用
20260331 22:39:57- INFO- 获取 20221027 申万行业数据失败: 请求过于频繁 🔥🔥🔥🔥🔥🔥🔥🔥🔥⚡ 1秒后可用
20260331 22:39:57- INFO- 获取 20221028 申万行业数据失败: 请求过于频繁 🔥🔥🔥🔥🔥🔥🔥🔥🔥⚡ 1秒后可用
20260331 22:39:57- INFO- 获取 20221029 申万行业数据失败: 请求过于频繁 🔥🔥🔥🔥🔥🔥🔥🔥🔥⚡ 1秒后可用
20260331 22:39:57- INFO- 获取 20221030 申万行业数据失败: 请求过于频繁 🔥🔥🔥🔥🔥🔥🔥🔥🔥⚡ 1秒后可用
20260331 22:39:57- INFO- 获取 20221031 申万行业数据失败: 请求过于频繁 🔥🔥🔥🔥🔥🔥🔥🔥🔥⚡ 1秒后可用
20260331 22:39:57- INFO- 获取 20221101 申万行业数据失败: 请求过于频繁 🔥🔥🔥🔥🔥🔥🔥🔥🔥⚡ 1秒后可用
20260331 22:39:57- INFO- 获取 20221102 申万行业数据失败: 请求过于频繁 🔥🔥🔥🔥🔥🔥🔥🔥🔥⚡ 1秒后可用
20260331 22:39:57- INFO- 获取 20221103 申万行业数据失败: 请求过于频繁 🔥🔥🔥🔥🔥🔥🔥🔥🔥⚡ 1秒后可用
20260331 22:39:58- INFO- 获取 20221104 申万行业数据失败: 请求过于频繁 🔥🔥🔥🔥🔥🔥🔥🔥🔥⚡ 1秒后可用
20260331 22:39:58- INFO- 已获取 20221107 申万行业数据
20260331 22:39:58- INFO- 已获取 20221108 申万行业数据
20260331 22:39:58- INFO- 已获取 20221109 申万行业数据
20260331 22:39:58- INFO- 已获取 20221110 申万行业数据
20260331 22:39:59- INFO- 已获取 20221111 申万行业数据
20260331 22:39:59- INFO- 已获取 20221114 申万行业数据
20260331 22:39:59- INFO- 已获取 20221115 申万行业数据
20260331 22:39:59- INFO- 已获取 20221116 申万行业数据
20260331 22:39:59- INFO- 已获取 20221117 申万行业数据
20260331 22:40:00- INFO- 已获取 20221118 申万行业数据
20260331 22:40:00- INFO- 已获取 20221121 申万行业数据
20260331 22:40:00- INFO- 已获取 20221122 申万行业数据
20260331 22:40:00- INFO- 已获取 20221123 申万行业数据
20260331 22:40:01- INFO- 已获取 20221124 申万行业数据
20260331 22:40:01- INFO- 已获取 20221125 申万行业数据
20260331 22:40:01- INFO- 已获取 20221128 申万行业数据
20260331 22:40:01- INFO- 已获取 20221129 申万行业数据
20260331 22:40:01- INFO- 已获取 20221130 申万行业数据
20260331 22:40:02- INFO- 已获取 20221201 申万行业数据
20260331 22:40:02- INFO- 已获取 20221202 申万行业数据
20260331 22:40:02- INFO- 已获取 20221205 申万行业数据
20260331 22:40:02- INFO- 已获取 20221206 申万行业数据
20260331 22:40:02- INFO- 已获取 20221207 申万行业数据
20260331 22:40:03- INFO- 已获取 20221208 申万行业数据
20260331 22:40:03- INFO- 已获取 20221209 申万行业数据
20260331 22:40:03- INFO- 已获取 20221212 申万行业数据
20260331 22:40:03- INFO- 已获取 20221213 申万行业数据
20260331 22:40:03- INFO- 已获取 20221214 申万行业数据
20260331 22:40:04- INFO- 已获取 20221215 申万行业数据
20260331 22:40:04- INFO- 已获取 20221216 申万行业数据
20260331 22:40:04- INFO- 已获取 20221219 申万行业数据
20260331 22:40:04- INFO- 已获取 20221220 申万行业数据
20260331 22:40:05- INFO- 已获取 20221221 申万行业数据
20260331 22:40:05- INFO- 已获取 20221222 申万行业数据
20260331 22:40:05- INFO- 已获取 20221223 申万行业数据
20260331 22:40:05- INFO- 已获取 20221226 申万行业数据
20260331 22:40:05- INFO- 已获取 20221227 申万行业数据
20260331 22:40:06- INFO- 已获取 20221228 申万行业数据
20260331 22:40:06- INFO- 已获取 20221229 申万行业数据
20260331 22:40:06- INFO- 已获取 20221230 申万行业数据
20260331 22:40:06- INFO- 已获取 20230103 申万行业数据
20260331 22:40:06- INFO- 已获取 20230104 申万行业数据
20260331 22:40:07- INFO- 已获取 20230105 申万行业数据
20260331 22:40:07- INFO- 已获取 20230106 申万行业数据
20260331 22:40:07- INFO- 已获取 20230109 申万行业数据
20260331 22:40:07- INFO- 已获取 20230110 申万行业数据
20260331 22:40:07- INFO- 已获取 20230111 申万行业数据
20260331 22:40:08- INFO- 已获取 20230112 申万行业数据
20260331 22:40:08- INFO- 已获取 20230113 申万行业数据
20260331 22:40:08- INFO- 已获取 20230116 申万行业数据
20260331 22:40:08- INFO- 已获取 20230117 申万行业数据
20260331 22:40:08- INFO- 已获取 20230118 申万行业数据
20260331 22:40:09- INFO- 已获取 20230119 申万行业数据
20260331 22:40:09- INFO- 已获取 20230120 申万行业数据
20260331 22:40:10- INFO- 已获取 20230130 申万行业数据
20260331 22:40:10- INFO- 已获取 20230131 申万行业数据
20260331 22:40:10- INFO- 已获取 20230201 申万行业数据
20260331 22:40:10- INFO- 已获取 20230202 申万行业数据
20260331 22:40:11- INFO- 已获取 20230203 申万行业数据
20260331 22:40:11- INFO- 已获取 20230206 申万行业数据
20260331 22:40:11- INFO- 已获取 20230207 申万行业数据
20260331 22:40:11- INFO- 已获取 20230208 申万行业数据
20260331 22:40:11- INFO- 已获取 20230209 申万行业数据
20260331 22:40:12- INFO- 已获取 20230210 申万行业数据
20260331 22:40:12- INFO- 已获取 20230213 申万行业数据
20260331 22:40:12- INFO- 已获取 20230214 申万行业数据
20260331 22:40:12- INFO- 已获取 20230215 申万行业数据
20260331 22:40:12- INFO- 已获取 20230216 申万行业数据
20260331 22:40:13- INFO- 已获取 20230217 申万行业数据
20260331 22:40:13- INFO- 已获取 20230220 申万行业数据
20260331 22:40:13- INFO- 已获取 20230221 申万行业数据
20260331 22:40:13- INFO- 已获取 20230222 申万行业数据
20260331 22:40:14- INFO- 已获取 20230223 申万行业数据
20260331 22:40:14- INFO- 已获取 20230224 申万行业数据
20260331 22:40:14- INFO- 已获取 20230227 申万行业数据
20260331 22:40:14- INFO- 已获取 20230228 申万行业数据
20260331 22:40:14- INFO- 已获取 20230301 申万行业数据
20260331 22:40:15- INFO- 已获取 20230302 申万行业数据
20260331 22:40:15- INFO- 已获取 20230303 申万行业数据
20260331 22:40:15- INFO- 已获取 20230306 申万行业数据
20260331 22:40:15- INFO- 已获取 20230307 申万行业数据
20260331 22:40:15- INFO- 已获取 20230308 申万行业数据
20260331 22:40:16- INFO- 已获取 20230309 申万行业数据
20260331 22:40:16- INFO- 已获取 20230310 申万行业数据
20260331 22:40:16- INFO- 已获取 20230313 申万行业数据
20260331 22:40:16- INFO- 已获取 20230314 申万行业数据
20260331 22:40:17- INFO- 已获取 20230315 申万行业数据
20260331 22:40:17- INFO- 已获取 20230316 申万行业数据
20260331 22:40:17- INFO- 已获取 20230317 申万行业数据
20260331 22:40:17- INFO- 已获取 20230320 申万行业数据
20260331 22:40:17- INFO- 已获取 20230321 申万行业数据
20260331 22:40:18- INFO- 已获取 20230322 申万行业数据
20260331 22:40:18- INFO- 已获取 20230323 申万行业数据
20260331 22:40:18- INFO- 已获取 20230324 申万行业数据
20260331 22:40:18- INFO- 已获取 20230327 申万行业数据
20260331 22:40:18- INFO- 已获取 20230328 申万行业数据
20260331 22:40:19- INFO- 已获取 20230329 申万行业数据
20260331 22:40:19- INFO- 已获取 20230330 申万行业数据
20260331 22:40:19- INFO- 已获取 20230331 申万行业数据
20260331 22:40:19- INFO- 已获取 20230403 申万行业数据
20260331 22:40:19- INFO- 已获取 20230404 申万行业数据
20260331 22:40:20- INFO- 已获取 20230406 申万行业数据
20260331 22:40:20- INFO- 已获取 20230407 申万行业数据
20260331 22:40:20- INFO- 已获取 20230410 申万行业数据
20260331 22:40:20- INFO- 已获取 20230411 申万行业数据
20260331 22:40:21- INFO- 已获取 20230412 申万行业数据
20260331 22:40:21- INFO- 已获取 20230413 申万行业数据
20260331 22:40:21- INFO- 已获取 20230414 申万行业数据
20260331 22:40:21- INFO- 已获取 20230417 申万行业数据
20260331 22:40:21- INFO- 已获取 20230418 申万行业数据
20260331 22:40:22- INFO- 已获取 20230419 申万行业数据
20260331 22:40:22- INFO- 已获取 20230420 申万行业数据
20260331 22:40:22- INFO- 已获取 20230421 申万行业数据
20260331 22:40:22- INFO- 已获取 20230424 申万行业数据
20260331 22:40:22- INFO- 已获取 20230425 申万行业数据
20260331 22:40:23- INFO- 已获取 20230426 申万行业数据
20260331 22:40:23- INFO- 已获取 20230427 申万行业数据
20260331 22:40:23- INFO- 已获取 20230428 申万行业数据
20260331 22:40:24- INFO- 已获取 20230504 申万行业数据
20260331 22:40:24- INFO- 已获取 20230505 申万行业数据
20260331 22:40:24- INFO- 已获取 20230508 申万行业数据
20260331 22:40:24- INFO- 已获取 20230509 申万行业数据
20260331 22:40:25- INFO- 已获取 20230510 申万行业数据
20260331 22:40:25- INFO- 已获取 20230511 申万行业数据
20260331 22:40:25- INFO- 已获取 20230512 申万行业数据
20260331 22:40:25- INFO- 已获取 20230515 申万行业数据
20260331 22:40:25- INFO- 已获取 20230516 申万行业数据
20260331 22:40:26- INFO- 已获取 20230517 申万行业数据
20260331 22:40:26- INFO- 已获取 20230518 申万行业数据
20260331 22:40:26- INFO- 已获取 20230519 申万行业数据
20260331 22:40:26- INFO- 已获取 20230522 申万行业数据
20260331 22:40:26- INFO- 已获取 20230523 申万行业数据
20260331 22:40:27- INFO- 已获取 20230524 申万行业数据
20260331 22:40:27- INFO- 已获取 20230525 申万行业数据
20260331 22:40:27- INFO- 已获取 20230526 申万行业数据
20260331 22:40:27- INFO- 已获取 20230529 申万行业数据
20260331 22:40:28- INFO- 已获取 20230530 申万行业数据
20260331 22:40:28- INFO- 已获取 20230531 申万行业数据
20260331 22:40:28- INFO- 已获取 20230601 申万行业数据
20260331 22:40:28- INFO- 已获取 20230602 申万行业数据
20260331 22:40:28- INFO- 已获取 20230605 申万行业数据
20260331 22:40:29- INFO- 已获取 20230606 申万行业数据
20260331 22:40:29- INFO- 已获取 20230607 申万行业数据
20260331 22:40:29- INFO- 已获取 20230608 申万行业数据
20260331 22:40:29- INFO- 已获取 20230609 申万行业数据
20260331 22:40:29- INFO- 已获取 20230612 申万行业数据
20260331 22:40:30- INFO- 已获取 20230613 申万行业数据
20260331 22:40:30- INFO- 已获取 20230614 申万行业数据
20260331 22:40:30- INFO- 已获取 20230615 申万行业数据
20260331 22:40:30- INFO- 已获取 20230616 申万行业数据
20260331 22:40:31- INFO- 已获取 20230619 申万行业数据
20260331 22:40:31- INFO- 已获取 20230620 申万行业数据
20260331 22:40:31- INFO- 已获取 20230621 申万行业数据
20260331 22:40:31- INFO- 已获取 20230626 申万行业数据
20260331 22:40:32- INFO- 已获取 20230627 申万行业数据
20260331 22:40:32- INFO- 已获取 20230628 申万行业数据
20260331 22:40:32- INFO- 已获取 20230629 申万行业数据
20260331 22:40:32- INFO- 已获取 20230630 申万行业数据
20260331 22:40:32- INFO- 已获取 20230703 申万行业数据
20260331 22:40:33- INFO- 已获取 20230704 申万行业数据
20260331 22:40:33- INFO- 已获取 20230705 申万行业数据
20260331 22:40:33- INFO- 已获取 20230706 申万行业数据
20260331 22:40:33- INFO- 已获取 20230707 申万行业数据
20260331 22:40:33- INFO- 已获取 20230710 申万行业数据
20260331 22:40:34- INFO- 已获取 20230711 申万行业数据
20260331 22:40:34- INFO- 已获取 20230712 申万行业数据
20260331 22:40:34- INFO- 已获取 20230713 申万行业数据
20260331 22:40:34- INFO- 已获取 20230714 申万行业数据
20260331 22:40:35- INFO- 已获取 20230717 申万行业数据
20260331 22:40:35- INFO- 已获取 20230718 申万行业数据
20260331 22:40:35- INFO- 已获取 20230719 申万行业数据
20260331 22:40:35- INFO- 已获取 20230720 申万行业数据
20260331 22:40:35- INFO- 已获取 20230721 申万行业数据
20260331 22:40:36- INFO- 已获取 20230724 申万行业数据
20260331 22:40:36- INFO- 已获取 20230725 申万行业数据
20260331 22:40:36- INFO- 已获取 20230726 申万行业数据
20260331 22:40:36- INFO- 已获取 20230727 申万行业数据
20260331 22:40:36- INFO- 已获取 20230728 申万行业数据
20260331 22:40:37- INFO- 已获取 20230731 申万行业数据
20260331 22:40:37- INFO- 已获取 20230801 申万行业数据
20260331 22:40:37- INFO- 已获取 20230802 申万行业数据
20260331 22:40:37- INFO- 已获取 20230803 申万行业数据
20260331 22:40:37- INFO- 已获取 20230804 申万行业数据
20260331 22:40:38- INFO- 已获取 20230807 申万行业数据
20260331 22:40:38- INFO- 已获取 20230808 申万行业数据
20260331 22:40:38- INFO- 已获取 20230809 申万行业数据
20260331 22:40:38- INFO- 已获取 20230810 申万行业数据
20260331 22:40:38- INFO- 已获取 20230811 申万行业数据
20260331 22:40:39- INFO- 已获取 20230814 申万行业数据
20260331 22:40:39- INFO- 已获取 20230815 申万行业数据
20260331 22:40:39- INFO- 已获取 20230816 申万行业数据
20260331 22:40:39- INFO- 已获取 20230817 申万行业数据
20260331 22:40:39- INFO- 已获取 20230818 申万行业数据
20260331 22:40:40- INFO- 已获取 20230821 申万行业数据
20260331 22:40:40- INFO- 已获取 20230822 申万行业数据
20260331 22:40:40- INFO- 已获取 20230823 申万行业数据
20260331 22:40:40- INFO- 已获取 20230824 申万行业数据
20260331 22:40:40- INFO- 已获取 20230825 申万行业数据
20260331 22:40:41- INFO- 已获取 20230828 申万行业数据
20260331 22:40:41- INFO- 已获取 20230829 申万行业数据
20260331 22:40:41- INFO- 已获取 20230830 申万行业数据
20260331 22:40:41- INFO- 已获取 20230831 申万行业数据
20260331 22:40:41- INFO- 已获取 20230901 申万行业数据
20260331 22:40:42- INFO- 已获取 20230904 申万行业数据
20260331 22:40:42- INFO- 已获取 20230905 申万行业数据
20260331 22:40:42- INFO- 已获取 20230906 申万行业数据
20260331 22:40:42- INFO- 已获取 20230907 申万行业数据
20260331 22:40:42- INFO- 已获取 20230908 申万行业数据
20260331 22:40:43- INFO- 已获取 20230911 申万行业数据
20260331 22:40:43- INFO- 已获取 20230912 申万行业数据
20260331 22:40:43- INFO- 已获取 20230913 申万行业数据
20260331 22:40:43- INFO- 已获取 20230914 申万行业数据
20260331 22:40:43- INFO- 已获取 20230915 申万行业数据
20260331 22:40:44- INFO- 已获取 20230918 申万行业数据
20260331 22:40:44- INFO- 已获取 20230919 申万行业数据
20260331 22:40:44- INFO- 已获取 20230920 申万行业数据
20260331 22:40:44- INFO- 已获取 20230921 申万行业数据
20260331 22:40:44- INFO- 已获取 20230922 申万行业数据
20260331 22:40:45- INFO- 已获取 20230925 申万行业数据
20260331 22:40:45- INFO- 已获取 20230926 申万行业数据
20260331 22:40:45- INFO- 已获取 20230927 申万行业数据
20260331 22:40:45- INFO- 已获取 20230928 申万行业数据
20260331 22:40:46- INFO- 已获取 20231009 申万行业数据
20260331 22:40:47- INFO- 已获取 20231010 申万行业数据
20260331 22:40:47- INFO- 已获取 20231011 申万行业数据
20260331 22:40:47- INFO- 已获取 20231012 申万行业数据
20260331 22:40:47- INFO- 已获取 20231013 申万行业数据
20260331 22:40:48- INFO- 已获取 20231016 申万行业数据
20260331 22:40:48- INFO- 已获取 20231017 申万行业数据
20260331 22:40:48- INFO- 已获取 20231018 申万行业数据
20260331 22:40:48- INFO- 已获取 20231019 申万行业数据
20260331 22:40:48- INFO- 已获取 20231020 申万行业数据
20260331 22:40:49- INFO- 已获取 20231023 申万行业数据
20260331 22:40:49- INFO- 已获取 20231024 申万行业数据
20260331 22:40:49- INFO- 已获取 20231025 申万行业数据
20260331 22:40:49- INFO- 已获取 20231026 申万行业数据
20260331 22:40:49- INFO- 已获取 20231027 申万行业数据
20260331 22:40:49- INFO- 获取 20231028 申万行业数据失败: 请求过于频繁 🔥🔥🔥🔥🔥🔥🔥🔥⚡❄️ 9秒后可用
20260331 22:40:50- INFO- 获取 20231029 申万行业数据失败: 请求过于频繁 🔥🔥🔥🔥🔥🔥🔥🔥⚡❄️ 9秒后可用
20260331 22:40:50- INFO- 获取 20231030 申万行业数据失败: 请求过于频繁 🔥🔥🔥🔥🔥🔥🔥🔥⚡❄️ 9秒后可用
20260331 22:40:50- INFO- 获取 20231031 申万行业数据失败: 请求过于频繁 🔥🔥🔥🔥🔥🔥🔥🔥⚡❄️ 8秒后可用
20260331 22:40:50- INFO- 获取 20231101 申万行业数据失败: 请求过于频繁 🔥🔥🔥🔥🔥🔥🔥🔥⚡❄️ 8秒后可用
20260331 22:40:50- INFO- 获取 20231102 申万行业数据失败: 请求过于频繁 🔥🔥🔥🔥🔥🔥🔥🔥⚡❄️ 8秒后可用
20260331 22:40:50- INFO- 获取 20231103 申万行业数据失败: 请求过于频繁 🔥🔥🔥🔥🔥🔥🔥🔥⚡❄️ 8秒后可用
20260331 22:40:50- INFO- 获取 20231104 申万行业数据失败: 请求过于频繁 🔥🔥🔥🔥🔥🔥🔥🔥⚡❄️ 8秒后可用
20260331 22:40:50- INFO- 获取 20231105 申万行业数据失败: 请求过于频繁 🔥🔥🔥🔥🔥🔥🔥🔥⚡❄️ 8秒后可用
20260331 22:40:50- INFO- 获取 20231106 申万行业数据失败: 请求过于频繁 🔥🔥🔥🔥🔥🔥🔥🔥⚡❄️ 8秒后可用
20260331 22:40:50- INFO- 获取 20231107 申万行业数据失败: 请求过于频繁 🔥🔥🔥🔥🔥🔥🔥🔥⚡❄️ 8秒后可用
20260331 22:40:50- INFO- 获取 20231108 申万行业数据失败: 请求过于频繁 🔥🔥🔥🔥🔥🔥🔥🔥⚡❄️ 8秒后可用
20260331 22:40:51- INFO- 获取 20231109 申万行业数据失败: 请求过于频繁 🔥🔥🔥🔥🔥🔥🔥🔥⚡❄️ 8秒后可用
20260331 22:40:51- INFO- 获取 20231110 申万行业数据失败: 请求过于频繁 🔥🔥🔥🔥🔥🔥🔥🔥⚡❄️ 7秒后可用
20260331 22:40:51- INFO- 获取 20231111 申万行业数据失败: 请求过于频繁 🔥🔥🔥🔥🔥🔥🔥🔥⚡❄️ 7秒后可用
20260331 22:40:51- INFO- 获取 20231112 申万行业数据失败: 请求过于频繁 🔥🔥🔥🔥🔥🔥🔥🔥⚡❄️ 7秒后可用
20260331 22:40:51- INFO- 获取 20231113 申万行业数据失败: 请求过于频繁 🔥🔥🔥🔥🔥🔥🔥🔥⚡❄️ 7秒后可用
20260331 22:40:51- INFO- 获取 20231114 申万行业数据失败: 请求过于频繁 🔥🔥🔥🔥🔥🔥🔥🔥⚡❄️ 7秒后可用
20260331 22:40:51- INFO- 获取 20231115 申万行业数据失败: 请求过于频繁 🔥🔥🔥🔥🔥🔥🔥🔥⚡❄️ 7秒后可用
20260331 22:40:51- INFO- 获取 20231116 申万行业数据失败: 请求过于频繁 🔥🔥🔥🔥🔥🔥🔥🔥⚡❄️ 7秒后可用
20260331 22:40:51- INFO- 获取 20231117 申万行业数据失败: 请求过于频繁 🔥🔥🔥🔥🔥🔥🔥🔥⚡❄️ 7秒后可用
20260331 22:40:51- INFO- 获取 20231118 申万行业数据失败: 请求过于频繁 🔥🔥🔥🔥🔥🔥🔥🔥⚡❄️ 7秒后可用
20260331 22:40:51- INFO- 获取 20231119 申万行业数据失败: 请求过于频繁 🔥🔥🔥🔥🔥🔥🔥🔥⚡❄️ 7秒后可用
20260331 22:40:52- INFO- 获取 20231120 申万行业数据失败: 请求过于频繁 🔥🔥🔥🔥🔥🔥🔥🔥⚡❄️ 7秒后可用
20260331 22:40:52- INFO- 获取 20231121 申万行业数据失败: 请求过于频繁 🔥🔥🔥🔥🔥🔥🔥🔥🔥⚡ 6秒后可用
20260331 22:40:52- INFO- 获取 20231122 申万行业数据失败: 请求过于频繁 🔥🔥🔥🔥🔥🔥🔥🔥🔥⚡ 6秒后可用
20260331 22:40:52- INFO- 获取 20231123 申万行业数据失败: 请求过于频繁 🔥🔥🔥🔥🔥🔥🔥🔥🔥⚡ 6秒后可用
20260331 22:40:52- INFO- 获取 20231124 申万行业数据失败: 请求过于频繁 🔥🔥🔥🔥🔥🔥🔥🔥🔥⚡ 6秒后可用
20260331 22:40:52- INFO- 获取 20231125 申万行业数据失败: 请求过于频繁 🔥🔥🔥🔥🔥🔥🔥🔥🔥⚡ 6秒后可用
20260331 22:40:52- INFO- 获取 20231126 申万行业数据失败: 请求过于频繁 🔥🔥🔥🔥🔥🔥🔥🔥🔥⚡ 6秒后可用
20260331 22:40:52- INFO- 获取 20231127 申万行业数据失败: 请求过于频繁 🔥🔥🔥🔥🔥🔥🔥🔥🔥⚡ 6秒后可用
20260331 22:40:52- INFO- 获取 20231128 申万行业数据失败: 请求过于频繁 🔥🔥🔥🔥🔥🔥🔥🔥🔥⚡ 6秒后可用
20260331 22:40:52- INFO- 获取 20231129 申万行业数据失败: 请求过于频繁 🔥🔥🔥🔥🔥🔥🔥🔥🔥⚡ 6秒后可用
20260331 22:40:52- INFO- 获取 20231130 申万行业数据失败: 请求过于频繁 🔥🔥🔥🔥🔥🔥🔥🔥🔥⚡ 6秒后可用
20260331 22:40:53- INFO- 获取 20231201 申万行业数据失败: 请求过于频繁 🔥🔥🔥🔥🔥🔥🔥🔥🔥⚡ 6秒后可用
20260331 22:40:53- INFO- 获取 20231202 申万行业数据失败: 请求过于频繁 🔥🔥🔥🔥🔥🔥🔥🔥🔥⚡ 5秒后可用
20260331 22:40:53- INFO- 获取 20231203 申万行业数据失败: 请求过于频繁 🔥🔥🔥🔥🔥🔥🔥🔥🔥⚡ 5秒后可用
20260331 22:40:53- INFO- 获取 20231204 申万行业数据失败: 请求过于频繁 🔥🔥🔥🔥🔥🔥🔥🔥🔥⚡ 5秒后可用
20260331 22:40:53- INFO- 获取 20231205 申万行业数据失败: 请求过于频繁 🔥🔥🔥🔥🔥🔥🔥🔥🔥⚡ 5秒后可用
20260331 22:40:53- INFO- 获取 20231206 申万行业数据失败: 请求过于频繁 🔥🔥🔥🔥🔥🔥🔥🔥🔥⚡ 5秒后可用
20260331 22:40:53- INFO- 获取 20231207 申万行业数据失败: 请求过于频繁 🔥🔥🔥🔥🔥🔥🔥🔥🔥⚡ 5秒后可用
20260331 22:40:53- INFO- 获取 20231208 申万行业数据失败: 请求过于频繁 🔥🔥🔥🔥🔥🔥🔥🔥🔥⚡ 5秒后可用
20260331 22:40:53- INFO- 获取 20231209 申万行业数据失败: 请求过于频繁 🔥🔥🔥🔥🔥🔥🔥🔥🔥⚡ 5秒后可用
20260331 22:40:53- INFO- 获取 20231210 申万行业数据失败: 请求过于频繁 🔥🔥🔥🔥🔥🔥🔥🔥🔥⚡ 5秒后可用
20260331 22:40:54- INFO- 获取 20231211 申万行业数据失败: 请求过于频繁 🔥🔥🔥🔥🔥🔥🔥🔥🔥⚡ 5秒后可用
20260331 22:40:54- INFO- 获取 20231212 申万行业数据失败: 请求过于频繁 🔥🔥🔥🔥🔥🔥🔥🔥🔥⚡ 5秒后可用
20260331 22:40:54- INFO- 获取 20231213 申万行业数据失败: 请求过于频繁 🔥🔥🔥🔥🔥🔥🔥🔥🔥⚡ 4秒后可用
20260331 22:40:54- INFO- 获取 20231214 申万行业数据失败: 请求过于频繁 🔥🔥🔥🔥🔥🔥🔥🔥🔥⚡ 4秒后可用
20260331 22:40:54- INFO- 获取 20231215 申万行业数据失败: 请求过于频繁 🔥🔥🔥🔥🔥🔥🔥🔥🔥⚡ 4秒后可用
20260331 22:40:54- INFO- 获取 20231216 申万行业数据失败: 请求过于频繁 🔥🔥🔥🔥🔥🔥🔥🔥🔥⚡ 4秒后可用
20260331 22:40:54- INFO- 获取 20231217 申万行业数据失败: 请求过于频繁 🔥🔥🔥🔥🔥🔥🔥🔥🔥⚡ 4秒后可用
20260331 22:40:54- INFO- 获取 20231218 申万行业数据失败: 请求过于频繁 🔥🔥🔥🔥🔥🔥🔥🔥🔥⚡ 4秒后可用
20260331 22:40:54- INFO- 获取 20231219 申万行业数据失败: 请求过于频繁 🔥🔥🔥🔥🔥🔥🔥🔥🔥⚡ 4秒后可用
20260331 22:40:54- INFO- 获取 20231220 申万行业数据失败: 请求过于频繁 🔥🔥🔥🔥🔥🔥🔥🔥🔥⚡ 4秒后可用
20260331 22:40:54- INFO- 获取 20231221 申万行业数据失败: 请求过于频繁 🔥🔥🔥🔥🔥🔥🔥🔥🔥⚡ 4秒后可用
20260331 22:40:55- INFO- 获取 20231222 申万行业数据失败: 请求过于频繁 🔥🔥🔥🔥🔥🔥🔥🔥🔥⚡ 4秒后可用
20260331 22:40:55- INFO- 获取 20231223 申万行业数据失败: 请求过于频繁 🔥🔥🔥🔥🔥🔥🔥🔥🔥⚡ 3秒后可用
20260331 22:40:55- INFO- 获取 20231224 申万行业数据失败: 请求过于频繁 🔥🔥🔥🔥🔥🔥🔥🔥🔥⚡ 3秒后可用
20260331 22:40:55- INFO- 获取 20231225 申万行业数据失败: 请求过于频繁 🔥🔥🔥🔥🔥🔥🔥🔥🔥⚡ 3秒后可用
20260331 22:40:55- INFO- 获取 20231226 申万行业数据失败: 请求过于频繁 🔥🔥🔥🔥🔥🔥🔥🔥🔥⚡ 3秒后可用
20260331 22:40:55- INFO- 获取 20231227 申万行业数据失败: 请求过于频繁 🔥🔥🔥🔥🔥🔥🔥🔥🔥⚡ 3秒后可用
20260331 22:40:55- INFO- 获取 20231228 申万行业数据失败: 请求过于频繁 🔥🔥🔥🔥🔥🔥🔥🔥🔥⚡ 3秒后可用
20260331 22:40:55- INFO- 获取 20231229 申万行业数据失败: 请求过于频繁 🔥🔥🔥🔥🔥🔥🔥🔥🔥⚡ 3秒后可用
20260331 22:40:55- INFO- 获取 20231230 申万行业数据失败: 请求过于频繁 🔥🔥🔥🔥🔥🔥🔥🔥🔥⚡ 3秒后可用
20260331 22:40:55- INFO- 获取 20231231 申万行业数据失败: 请求过于频繁 🔥🔥🔥🔥🔥🔥🔥🔥🔥⚡ 3秒后可用
20260331 22:40:55- INFO- 获取 20240101 申万行业数据失败: 请求过于频繁 🔥🔥🔥🔥🔥🔥🔥🔥🔥⚡ 3秒后可用
20260331 22:40:56- INFO- 获取 20240102 申万行业数据失败: 请求过于频繁 🔥🔥🔥🔥🔥🔥🔥🔥🔥⚡ 3秒后可用
20260331 22:40:56- INFO- 获取 20240103 申万行业数据失败: 请求过于频繁 🔥🔥🔥🔥🔥🔥🔥🔥🔥⚡ 2秒后可用
20260331 22:40:56- INFO- 获取 20240104 申万行业数据失败: 请求过于频繁 🔥🔥🔥🔥🔥🔥🔥🔥🔥⚡ 2秒后可用
20260331 22:40:56- INFO- 获取 20240105 申万行业数据失败: 请求过于频繁 🔥🔥🔥🔥🔥🔥🔥🔥🔥⚡ 2秒后可用
20260331 22:40:56- INFO- 获取 20240106 申万行业数据失败: 请求过于频繁 🔥🔥🔥🔥🔥🔥🔥🔥🔥⚡ 2秒后可用
20260331 22:40:56- INFO- 获取 20240107 申万行业数据失败: 请求过于频繁 🔥🔥🔥🔥🔥🔥🔥🔥🔥⚡ 2秒后可用
20260331 22:40:56- INFO- 获取 20240108 申万行业数据失败: 请求过于频繁 🔥🔥🔥🔥🔥🔥🔥🔥🔥⚡ 2秒后可用
20260331 22:40:56- INFO- 获取 20240109 申万行业数据失败: 请求过于频繁 🔥🔥🔥🔥🔥🔥🔥🔥🔥⚡ 2秒后可用
20260331 22:40:56- INFO- 获取 20240110 申万行业数据失败: 请求过于频繁 🔥🔥🔥🔥🔥🔥🔥🔥🔥⚡ 2秒后可用
20260331 22:40:56- INFO- 获取 20240111 申万行业数据失败: 请求过于频繁 🔥🔥🔥🔥🔥🔥🔥🔥🔥⚡ 2秒后可用
20260331 22:40:56- INFO- 获取 20240112 申万行业数据失败: 请求过于频繁 🔥🔥🔥🔥🔥🔥🔥🔥🔥⚡ 2秒后可用
20260331 22:40:57- INFO- 获取 20240113 申万行业数据失败: 请求过于频繁 🔥🔥🔥🔥🔥🔥🔥🔥🔥⚡ 2秒后可用
20260331 22:40:57- INFO- 获取 20240114 申万行业数据失败: 请求过于频繁 🔥🔥🔥🔥🔥🔥🔥🔥🔥⚡ 1秒后可用
20260331 22:40:57- INFO- 获取 20240115 申万行业数据失败: 请求过于频繁 🔥🔥🔥🔥🔥🔥🔥🔥🔥⚡ 1秒后可用
20260331 22:40:57- INFO- 获取 20240116 申万行业数据失败: 请求过于频繁 🔥🔥🔥🔥🔥🔥🔥🔥🔥⚡ 1秒后可用
20260331 22:40:57- INFO- 获取 20240117 申万行业数据失败: 请求过于频繁 🔥🔥🔥🔥🔥🔥🔥🔥🔥⚡ 1秒后可用
20260331 22:40:57- INFO- 获取 20240118 申万行业数据失败: 请求过于频繁 🔥🔥🔥🔥🔥🔥🔥🔥🔥⚡ 1秒后可用
20260331 22:40:57- INFO- 获取 20240119 申万行业数据失败: 请求过于频繁 🔥🔥🔥🔥🔥🔥🔥🔥🔥⚡ 1秒后可用
20260331 22:40:57- INFO- 获取 20240120 申万行业数据失败: 请求过于频繁 🔥🔥🔥🔥🔥🔥🔥🔥🔥⚡ 1秒后可用
20260331 22:40:57- INFO- 获取 20240121 申万行业数据失败: 请求过于频繁 🔥🔥🔥🔥🔥🔥🔥🔥🔥⚡ 1秒后可用
20260331 22:40:57- INFO- 获取 20240122 申万行业数据失败: 请求过于频繁 🔥🔥🔥🔥🔥🔥🔥🔥🔥⚡ 1秒后可用
20260331 22:40:58- INFO- 获取 20240123 申万行业数据失败: 请求过于频繁 🔥🔥🔥🔥🔥🔥🔥🔥🔥⚡ 1秒后可用
20260331 22:40:58- INFO- 获取 20240124 申万行业数据失败: 请求过于频繁 🔥🔥🔥🔥🔥🔥🔥🔥🔥🔥 0秒后可用
20260331 22:40:58- INFO- 已获取 20240125 申万行业数据
20260331 22:40:58- INFO- 已获取 20240126 申万行业数据
20260331 22:40:58- INFO- 已获取 20240129 申万行业数据
20260331 22:40:59- INFO- 已获取 20240130 申万行业数据
20260331 22:40:59- INFO- 已获取 20240131 申万行业数据
20260331 22:40:59- INFO- 已获取 20240201 申万行业数据
20260331 22:40:59- INFO- 已获取 20240202 申万行业数据
20260331 22:40:59- INFO- 已获取 20240205 申万行业数据
20260331 22:41:00- INFO- 已获取 20240206 申万行业数据
20260331 22:41:00- INFO- 已获取 20240207 申万行业数据
20260331 22:41:00- INFO- 已获取 20240208 申万行业数据
20260331 22:41:01- INFO- 已获取 20240219 申万行业数据
20260331 22:41:01- INFO- 已获取 20240220 申万行业数据
20260331 22:41:01- INFO- 已获取 20240221 申万行业数据
20260331 22:41:02- INFO- 已获取 20240222 申万行业数据
20260331 22:41:02- INFO- 已获取 20240223 申万行业数据
20260331 22:41:02- INFO- 已获取 20240226 申万行业数据
20260331 22:41:02- INFO- 已获取 20240227 申万行业数据
20260331 22:41:02- INFO- 已获取 20240228 申万行业数据
20260331 22:41:03- INFO- 已获取 20240229 申万行业数据
20260331 22:41:03- INFO- 已获取 20240301 申万行业数据
20260331 22:41:03- INFO- 已获取 20240304 申万行业数据
20260331 22:41:03- INFO- 已获取 20240305 申万行业数据
20260331 22:41:04- INFO- 已获取 20240306 申万行业数据
20260331 22:41:04- INFO- 已获取 20240307 申万行业数据
20260331 22:41:04- INFO- 已获取 20240308 申万行业数据
20260331 22:41:04- INFO- 已获取 20240311 申万行业数据
20260331 22:41:04- INFO- 已获取 20240312 申万行业数据
20260331 22:41:05- INFO- 已获取 20240313 申万行业数据
20260331 22:41:05- INFO- 已获取 20240314 申万行业数据
20260331 22:41:05- INFO- 已获取 20240315 申万行业数据
20260331 22:41:05- INFO- 已获取 20240318 申万行业数据
20260331 22:41:05- INFO- 已获取 20240319 申万行业数据
20260331 22:41:06- INFO- 已获取 20240320 申万行业数据
20260331 22:41:06- INFO- 已获取 20240321 申万行业数据
20260331 22:41:06- INFO- 已获取 20240322 申万行业数据
20260331 22:41:06- INFO- 已获取 20240325 申万行业数据
20260331 22:41:06- INFO- 已获取 20240326 申万行业数据
20260331 22:41:07- INFO- 已获取 20240327 申万行业数据
20260331 22:41:07- INFO- 已获取 20240328 申万行业数据
20260331 22:41:07- INFO- 已获取 20240329 申万行业数据
20260331 22:41:07- INFO- 已获取 20240401 申万行业数据
20260331 22:41:07- INFO- 已获取 20240402 申万行业数据
20260331 22:41:08- INFO- 已获取 20240403 申万行业数据
20260331 22:41:08- INFO- 已获取 20240408 申万行业数据
20260331 22:41:09- INFO- 已获取 20240409 申万行业数据
20260331 22:41:09- INFO- 已获取 20240410 申万行业数据
20260331 22:41:09- INFO- 已获取 20240411 申万行业数据
20260331 22:41:09- INFO- 已获取 20240412 申万行业数据
20260331 22:41:09- INFO- 已获取 20240415 申万行业数据
20260331 22:41:10- INFO- 已获取 20240416 申万行业数据
20260331 22:41:10- INFO- 已获取 20240417 申万行业数据
20260331 22:41:10- INFO- 已获取 20240418 申万行业数据
20260331 22:41:10- INFO- 已获取 20240419 申万行业数据
20260331 22:41:10- INFO- 已获取 20240422 申万行业数据
20260331 22:41:11- INFO- 已获取 20240423 申万行业数据
20260331 22:41:11- INFO- 已获取 20240424 申万行业数据
20260331 22:41:11- INFO- 已获取 20240425 申万行业数据
20260331 22:41:11- INFO- 已获取 20240426 申万行业数据
20260331 22:41:11- INFO- 已获取 20240429 申万行业数据
20260331 22:41:12- INFO- 已获取 20240430 申万行业数据
20260331 22:41:12- INFO- 已获取 20240506 申万行业数据
20260331 22:41:12- INFO- 已获取 20240507 申万行业数据
20260331 22:41:13- INFO- 已获取 20240508 申万行业数据
20260331 22:41:13- INFO- 已获取 20240509 申万行业数据
20260331 22:41:13- INFO- 已获取 20240510 申万行业数据
20260331 22:41:13- INFO- 已获取 20240513 申万行业数据
20260331 22:41:13- INFO- 已获取 20240514 申万行业数据
20260331 22:41:14- INFO- 已获取 20240515 申万行业数据
20260331 22:41:14- INFO- 已获取 20240516 申万行业数据
20260331 22:41:14- INFO- 已获取 20240517 申万行业数据
20260331 22:41:14- INFO- 已获取 20240520 申万行业数据
20260331 22:41:15- INFO- 已获取 20240521 申万行业数据
20260331 22:41:15- INFO- 已获取 20240522 申万行业数据
20260331 22:41:15- INFO- 已获取 20240523 申万行业数据
20260331 22:41:15- INFO- 已获取 20240524 申万行业数据
20260331 22:41:15- INFO- 已获取 20240527 申万行业数据
20260331 22:41:16- INFO- 已获取 20240528 申万行业数据
20260331 22:41:16- INFO- 已获取 20240529 申万行业数据
20260331 22:41:16- INFO- 已获取 20240530 申万行业数据
20260331 22:41:16- INFO- 已获取 20240531 申万行业数据
20260331 22:41:16- INFO- 已获取 20240603 申万行业数据
20260331 22:41:17- INFO- 已获取 20240604 申万行业数据
20260331 22:41:17- INFO- 已获取 20240605 申万行业数据
20260331 22:41:17- INFO- 已获取 20240606 申万行业数据
20260331 22:41:17- INFO- 已获取 20240607 申万行业数据
20260331 22:41:17- INFO- 已获取 20240611 申万行业数据
20260331 22:41:18- INFO- 已获取 20240612 申万行业数据
20260331 22:41:18- INFO- 已获取 20240613 申万行业数据
20260331 22:41:18- INFO- 已获取 20240614 申万行业数据
20260331 22:41:18- INFO- 已获取 20240617 申万行业数据
20260331 22:41:19- INFO- 已获取 20240618 申万行业数据
20260331 22:41:19- INFO- 已获取 20240619 申万行业数据
20260331 22:41:19- INFO- 已获取 20240620 申万行业数据
20260331 22:41:19- INFO- 已获取 20240621 申万行业数据
20260331 22:41:19- INFO- 已获取 20240624 申万行业数据
20260331 22:41:20- INFO- 已获取 20240625 申万行业数据
20260331 22:41:20- INFO- 已获取 20240626 申万行业数据
20260331 22:41:20- INFO- 已获取 20240627 申万行业数据
20260331 22:41:20- INFO- 已获取 20240628 申万行业数据
20260331 22:41:20- INFO- 已获取 20240701 申万行业数据
20260331 22:41:21- INFO- 已获取 20240702 申万行业数据
20260331 22:41:21- INFO- 已获取 20240703 申万行业数据
20260331 22:41:21- INFO- 已获取 20240704 申万行业数据
20260331 22:41:21- INFO- 已获取 20240705 申万行业数据
20260331 22:41:22- INFO- 已获取 20240708 申万行业数据
20260331 22:41:22- INFO- 已获取 20240709 申万行业数据
20260331 22:41:22- INFO- 已获取 20240710 申万行业数据
20260331 22:41:22- INFO- 已获取 20240711 申万行业数据
20260331 22:41:22- INFO- 已获取 20240712 申万行业数据
20260331 22:41:23- INFO- 已获取 20240715 申万行业数据
20260331 22:41:23- INFO- 已获取 20240716 申万行业数据
20260331 22:41:23- INFO- 已获取 20240717 申万行业数据
20260331 22:41:23- INFO- 已获取 20240718 申万行业数据
20260331 22:41:23- INFO- 已获取 20240719 申万行业数据
20260331 22:41:24- INFO- 已获取 20240722 申万行业数据
20260331 22:41:24- INFO- 已获取 20240723 申万行业数据
20260331 22:41:24- INFO- 已获取 20240724 申万行业数据
20260331 22:41:24- INFO- 已获取 20240725 申万行业数据
20260331 22:41:24- INFO- 已获取 20240726 申万行业数据
20260331 22:41:25- INFO- 已获取 20240729 申万行业数据
20260331 22:41:25- INFO- 已获取 20240730 申万行业数据
20260331 22:41:25- INFO- 已获取 20240731 申万行业数据
20260331 22:41:25- INFO- 已获取 20240801 申万行业数据
20260331 22:41:25- INFO- 已获取 20240802 申万行业数据
20260331 22:41:26- INFO- 已获取 20240805 申万行业数据
20260331 22:41:26- INFO- 已获取 20240806 申万行业数据
20260331 22:41:26- INFO- 已获取 20240807 申万行业数据
20260331 22:41:26- INFO- 已获取 20240808 申万行业数据
20260331 22:41:26- INFO- 已获取 20240809 申万行业数据
20260331 22:41:27- INFO- 已获取 20240812 申万行业数据
20260331 22:41:27- INFO- 已获取 20240813 申万行业数据
20260331 22:41:27- INFO- 已获取 20240814 申万行业数据
20260331 22:41:27- INFO- 已获取 20240815 申万行业数据
20260331 22:41:27- INFO- 已获取 20240816 申万行业数据
20260331 22:41:28- INFO- 已获取 20240819 申万行业数据
20260331 22:41:28- INFO- 已获取 20240820 申万行业数据
20260331 22:41:28- INFO- 已获取 20240821 申万行业数据
20260331 22:41:28- INFO- 已获取 20240822 申万行业数据
20260331 22:41:28- INFO- 已获取 20240823 申万行业数据
20260331 22:41:29- INFO- 已获取 20240826 申万行业数据
20260331 22:41:29- INFO- 已获取 20240827 申万行业数据
20260331 22:41:29- INFO- 已获取 20240828 申万行业数据
20260331 22:41:29- INFO- 已获取 20240829 申万行业数据
20260331 22:41:29- INFO- 已获取 20240830 申万行业数据
20260331 22:41:30- INFO- 已获取 20240902 申万行业数据
20260331 22:41:30- INFO- 已获取 20240903 申万行业数据
20260331 22:41:30- INFO- 已获取 20240904 申万行业数据
20260331 22:41:30- INFO- 已获取 20240905 申万行业数据
20260331 22:41:30- INFO- 已获取 20240906 申万行业数据
20260331 22:41:31- INFO- 已获取 20240909 申万行业数据
20260331 22:41:31- INFO- 已获取 20240910 申万行业数据
20260331 22:41:31- INFO- 已获取 20240911 申万行业数据
20260331 22:41:31- INFO- 已获取 20240912 申万行业数据
20260331 22:41:31- INFO- 已获取 20240913 申万行业数据
20260331 22:41:32- INFO- 已获取 20240918 申万行业数据
20260331 22:41:32- INFO- 已获取 20240919 申万行业数据
20260331 22:41:32- INFO- 已获取 20240920 申万行业数据
20260331 22:41:33- INFO- 已获取 20240923 申万行业数据
20260331 22:41:33- INFO- 已获取 20240924 申万行业数据
20260331 22:41:33- INFO- 已获取 20240925 申万行业数据
20260331 22:41:33- INFO- 已获取 20240926 申万行业数据
20260331 22:41:33- INFO- 已获取 20240927 申万行业数据
20260331 22:41:34- INFO- 已获取 20240930 申万行业数据
20260331 22:41:35- INFO- 已获取 20241008 申万行业数据
20260331 22:41:35- INFO- 已获取 20241009 申万行业数据
20260331 22:41:35- INFO- 已获取 20241010 申万行业数据
20260331 22:41:35- INFO- 已获取 20241011 申万行业数据
20260331 22:41:36- INFO- 已获取 20241014 申万行业数据
20260331 22:41:36- INFO- 已获取 20241015 申万行业数据
20260331 22:41:36- INFO- 已获取 20241016 申万行业数据
20260331 22:41:36- INFO- 已获取 20241017 申万行业数据
20260331 22:41:36- INFO- 已获取 20241018 申万行业数据
20260331 22:41:37- INFO- 已获取 20241021 申万行业数据
20260331 22:41:37- INFO- 已获取 20241022 申万行业数据
20260331 22:41:37- INFO- 已获取 20241023 申万行业数据
20260331 22:41:37- INFO- 已获取 20241024 申万行业数据
20260331 22:41:37- INFO- 已获取 20241025 申万行业数据
20260331 22:41:38- INFO- 已获取 20241028 申万行业数据
20260331 22:41:38- INFO- 已获取 20241029 申万行业数据
20260331 22:41:38- INFO- 已获取 20241030 申万行业数据
20260331 22:41:38- INFO- 已获取 20241031 申万行业数据
20260331 22:41:38- INFO- 已获取 20241101 申万行业数据
20260331 22:41:39- INFO- 已获取 20241104 申万行业数据
20260331 22:41:39- INFO- 已获取 20241105 申万行业数据
20260331 22:41:39- INFO- 已获取 20241106 申万行业数据
20260331 22:41:39- INFO- 已获取 20241107 申万行业数据
20260331 22:41:39- INFO- 已获取 20241108 申万行业数据
20260331 22:41:40- INFO- 已获取 20241111 申万行业数据
20260331 22:41:40- INFO- 已获取 20241112 申万行业数据
20260331 22:41:40- INFO- 已获取 20241113 申万行业数据
20260331 22:41:40- INFO- 已获取 20241114 申万行业数据
20260331 22:41:40- INFO- 已获取 20241115 申万行业数据
20260331 22:41:41- INFO- 已获取 20241118 申万行业数据
20260331 22:41:41- INFO- 已获取 20241119 申万行业数据
20260331 22:41:41- INFO- 已获取 20241120 申万行业数据
20260331 22:41:41- INFO- 已获取 20241121 申万行业数据
20260331 22:41:41- INFO- 已获取 20241122 申万行业数据
20260331 22:41:42- INFO- 已获取 20241125 申万行业数据
20260331 22:41:42- INFO- 已获取 20241126 申万行业数据
20260331 22:41:42- INFO- 已获取 20241127 申万行业数据
20260331 22:41:42- INFO- 已获取 20241128 申万行业数据
20260331 22:41:42- INFO- 已获取 20241129 申万行业数据
20260331 22:41:43- INFO- 已获取 20241202 申万行业数据
20260331 22:41:43- INFO- 已获取 20241203 申万行业数据
20260331 22:41:43- INFO- 已获取 20241204 申万行业数据
20260331 22:41:43- INFO- 已获取 20241205 申万行业数据
20260331 22:41:43- INFO- 已获取 20241206 申万行业数据
20260331 22:41:44- INFO- 已获取 20241209 申万行业数据
20260331 22:41:44- INFO- 已获取 20241210 申万行业数据
20260331 22:41:44- INFO- 已获取 20241211 申万行业数据
20260331 22:41:44- INFO- 已获取 20241212 申万行业数据
20260331 22:41:44- INFO- 已获取 20241213 申万行业数据
20260331 22:41:45- INFO- 已获取 20241216 申万行业数据
20260331 22:41:45- INFO- 已获取 20241217 申万行业数据
20260331 22:41:45- INFO- 已获取 20241218 申万行业数据
20260331 22:41:45- INFO- 已获取 20241219 申万行业数据
20260331 22:41:46- INFO- 已获取 20241220 申万行业数据
20260331 22:41:46- INFO- 已获取 20241223 申万行业数据
20260331 22:41:46- INFO- 已获取 20241224 申万行业数据
20260331 22:41:46- INFO- 已获取 20241225 申万行业数据
20260331 22:41:46- INFO- 已获取 20241226 申万行业数据
20260331 22:41:47- INFO- 已获取 20241227 申万行业数据
20260331 22:41:47- INFO- 已获取 20241230 申万行业数据
20260331 22:41:47- INFO- 已获取 20241231 申万行业数据
20260331 22:41:47- INFO- 已获取 20250102 申万行业数据
20260331 22:41:48- INFO- 已获取 20250103 申万行业数据
20260331 22:41:48- INFO- 已获取 20250106 申万行业数据
20260331 22:41:48- INFO- 已获取 20250107 申万行业数据
20260331 22:41:48- INFO- 已获取 20250108 申万行业数据
20260331 22:41:48- INFO- 已获取 20250109 申万行业数据
20260331 22:41:49- INFO- 已获取 20250110 申万行业数据
20260331 22:41:49- INFO- 已获取 20250113 申万行业数据
20260331 22:41:49- INFO- 已获取 20250114 申万行业数据
20260331 22:41:49- INFO- 获取 20250115 申万行业数据失败: 请求过于频繁 🔥🔥🔥🔥🔥🔥🔥🔥⚡❄️ 9秒后可用
20260331 22:41:49- INFO- 获取 20250116 申万行业数据失败: 请求过于频繁 🔥🔥🔥🔥🔥🔥🔥🔥⚡❄️ 9秒后可用
20260331 22:41:49- INFO- 获取 20250117 申万行业数据失败: 请求过于频繁 🔥🔥🔥🔥🔥🔥🔥🔥⚡❄️ 9秒后可用
20260331 22:41:50- INFO- 获取 20250118 申万行业数据失败: 请求过于频繁 🔥🔥🔥🔥🔥🔥🔥🔥⚡❄️ 9秒后可用
20260331 22:41:50- INFO- 获取 20250119 申万行业数据失败: 请求过于频繁 🔥🔥🔥🔥🔥🔥🔥🔥⚡❄️ 8秒后可用
20260331 22:41:50- INFO- 获取 20250120 申万行业数据失败: 请求过于频繁 🔥🔥🔥🔥🔥🔥🔥🔥⚡❄️ 8秒后可用
20260331 22:41:50- INFO- 获取 20250121 申万行业数据失败: 请求过于频繁 🔥🔥🔥🔥🔥🔥🔥🔥⚡❄️ 8秒后可用
20260331 22:41:50- INFO- 获取 20250122 申万行业数据失败: 请求过于频繁 🔥🔥🔥🔥🔥🔥🔥🔥⚡❄️ 8秒后可用
20260331 22:41:50- INFO- 获取 20250123 申万行业数据失败: 请求过于频繁 🔥🔥🔥🔥🔥🔥🔥🔥⚡❄️ 8秒后可用
20260331 22:41:50- INFO- 获取 20250124 申万行业数据失败: 请求过于频繁 🔥🔥🔥🔥🔥🔥🔥🔥⚡❄️ 8秒后可用
20260331 22:41:50- INFO- 获取 20250125 申万行业数据失败: 请求过于频繁 🔥🔥🔥🔥🔥🔥🔥🔥⚡❄️ 8秒后可用
20260331 22:41:50- INFO- 获取 20250126 申万行业数据失败: 请求过于频繁 🔥🔥🔥🔥🔥🔥🔥🔥⚡❄️ 8秒后可用
20260331 22:41:50- INFO- 获取 20250127 申万行业数据失败: 请求过于频繁 🔥🔥🔥🔥🔥🔥🔥🔥⚡❄️ 8秒后可用
20260331 22:41:51- INFO- 获取 20250128 申万行业数据失败: 请求过于频繁 🔥🔥🔥🔥🔥🔥🔥🔥⚡❄️ 8秒后可用
20260331 22:41:51- INFO- 获取 20250129 申万行业数据失败: 请求过于频繁 🔥🔥🔥🔥🔥🔥🔥🔥⚡❄️ 7秒后可用
20260331 22:41:51- INFO- 获取 20250130 申万行业数据失败: 请求过于频繁 🔥🔥🔥🔥🔥🔥🔥🔥⚡❄️ 7秒后可用
20260331 22:41:51- INFO- 获取 20250131 申万行业数据失败: 请求过于频繁 🔥🔥🔥🔥🔥🔥🔥🔥⚡❄️ 7秒后可用
20260331 22:41:51- INFO- 获取 20250201 申万行业数据失败: 请求过于频繁 🔥🔥🔥🔥🔥🔥🔥🔥⚡❄️ 7秒后可用
20260331 22:41:51- INFO- 获取 20250202 申万行业数据失败: 请求过于频繁 🔥🔥🔥🔥🔥🔥🔥🔥⚡❄️ 7秒后可用
20260331 22:41:51- INFO- 获取 20250203 申万行业数据失败: 请求过于频繁 🔥🔥🔥🔥🔥🔥🔥🔥⚡❄️ 7秒后可用
20260331 22:41:51- INFO- 获取 20250204 申万行业数据失败: 请求过于频繁 🔥🔥🔥🔥🔥🔥🔥🔥⚡❄️ 7秒后可用
20260331 22:41:51- INFO- 获取 20250205 申万行业数据失败: 请求过于频繁 🔥🔥🔥🔥🔥🔥🔥🔥⚡❄️ 7秒后可用
20260331 22:41:51- INFO- 获取 20250206 申万行业数据失败: 请求过于频繁 🔥🔥🔥🔥🔥🔥🔥🔥⚡❄️ 7秒后可用
20260331 22:41:52- INFO- 获取 20250207 申万行业数据失败: 请求过于频繁 🔥🔥🔥🔥🔥🔥🔥🔥⚡❄️ 7秒后可用
20260331 22:41:52- INFO- 获取 20250208 申万行业数据失败: 请求过于频繁 🔥🔥🔥🔥🔥🔥🔥🔥⚡❄️ 7秒后可用
20260331 22:41:52- INFO- 获取 20250209 申万行业数据失败: 请求过于频繁 🔥🔥🔥🔥🔥🔥🔥🔥🔥⚡ 6秒后可用
20260331 22:41:52- INFO- 获取 20250210 申万行业数据失败: 请求过于频繁 🔥🔥🔥🔥🔥🔥🔥🔥🔥⚡ 6秒后可用
20260331 22:41:52- INFO- 获取 20250211 申万行业数据失败: 请求过于频繁 🔥🔥🔥🔥🔥🔥🔥🔥🔥⚡ 6秒后可用
20260331 22:41:52- INFO- 获取 20250212 申万行业数据失败: 请求过于频繁 🔥🔥🔥🔥🔥🔥🔥🔥🔥⚡ 6秒后可用
20260331 22:41:52- INFO- 获取 20250213 申万行业数据失败: 请求过于频繁 🔥🔥🔥🔥🔥🔥🔥🔥🔥⚡ 6秒后可用
20260331 22:41:52- INFO- 获取 20250214 申万行业数据失败: 请求过于频繁 🔥🔥🔥🔥🔥🔥🔥🔥🔥⚡ 6秒后可用
20260331 22:41:52- INFO- 获取 20250215 申万行业数据失败: 请求过于频繁 🔥🔥🔥🔥🔥🔥🔥🔥🔥⚡ 6秒后可用
20260331 22:41:52- INFO- 获取 20250216 申万行业数据失败: 请求过于频繁 🔥🔥🔥🔥🔥🔥🔥🔥🔥⚡ 6秒后可用
20260331 22:41:52- INFO- 获取 20250217 申万行业数据失败: 请求过于频繁 🔥🔥🔥🔥🔥🔥🔥🔥🔥⚡ 6秒后可用
20260331 22:41:53- INFO- 获取 20250218 申万行业数据失败: 请求过于频繁 🔥🔥🔥🔥🔥🔥🔥🔥🔥⚡ 6秒后可用
20260331 22:41:53- INFO- 获取 20250219 申万行业数据失败: 请求过于频繁 🔥🔥🔥🔥🔥🔥🔥🔥🔥⚡ 5秒后可用
20260331 22:41:53- INFO- 获取 20250220 申万行业数据失败: 请求过于频繁 🔥🔥🔥🔥🔥🔥🔥🔥🔥⚡ 5秒后可用
20260331 22:41:53- INFO- 获取 20250221 申万行业数据失败: 请求过于频繁 🔥🔥🔥🔥🔥🔥🔥🔥🔥⚡ 5秒后可用
20260331 22:41:53- INFO- 获取 20250222 申万行业数据失败: 请求过于频繁 🔥🔥🔥🔥🔥🔥🔥🔥🔥⚡ 5秒后可用
20260331 22:41:53- INFO- 获取 20250223 申万行业数据失败: 请求过于频繁 🔥🔥🔥🔥🔥🔥🔥🔥🔥⚡ 5秒后可用
20260331 22:41:53- INFO- 获取 20250224 申万行业数据失败: 请求过于频繁 🔥🔥🔥🔥🔥🔥🔥🔥🔥⚡ 5秒后可用
20260331 22:41:53- INFO- 获取 20250225 申万行业数据失败: 请求过于频繁 🔥🔥🔥🔥🔥🔥🔥🔥🔥⚡ 5秒后可用
20260331 22:41:53- INFO- 获取 20250226 申万行业数据失败: 请求过于频繁 🔥🔥🔥🔥🔥🔥🔥🔥🔥⚡ 5秒后可用
20260331 22:41:53- INFO- 获取 20250227 申万行业数据失败: 请求过于频繁 🔥🔥🔥🔥🔥🔥🔥🔥🔥⚡ 5秒后可用
20260331 22:41:53- INFO- 获取 20250228 申万行业数据失败: 请求过于频繁 🔥🔥🔥🔥🔥🔥🔥🔥🔥⚡ 5秒后可用
20260331 22:41:54- INFO- 获取 20250301 申万行业数据失败: 请求过于频繁 🔥🔥🔥🔥🔥🔥🔥🔥🔥⚡ 5秒后可用
20260331 22:41:54- INFO- 获取 20250302 申万行业数据失败: 请求过于频繁 🔥🔥🔥🔥🔥🔥🔥🔥🔥⚡ 4秒后可用
20260331 22:41:54- INFO- 获取 20250303 申万行业数据失败: 请求过于频繁 🔥🔥🔥🔥🔥🔥🔥🔥🔥⚡ 4秒后可用
20260331 22:41:54- INFO- 获取 20250304 申万行业数据失败: 请求过于频繁 🔥🔥🔥🔥🔥🔥🔥🔥🔥⚡ 4秒后可用
20260331 22:41:54- INFO- 获取 20250305 申万行业数据失败: 请求过于频繁 🔥🔥🔥🔥🔥🔥🔥🔥🔥⚡ 4秒后可用
20260331 22:41:54- INFO- 获取 20250306 申万行业数据失败: 请求过于频繁 🔥🔥🔥🔥🔥🔥🔥🔥🔥⚡ 4秒后可用
20260331 22:41:54- INFO- 获取 20250307 申万行业数据失败: 请求过于频繁 🔥🔥🔥🔥🔥🔥🔥🔥🔥⚡ 4秒后可用
20260331 22:41:54- INFO- 获取 20250308 申万行业数据失败: 请求过于频繁 🔥🔥🔥🔥🔥🔥🔥🔥🔥⚡ 4秒后可用
20260331 22:41:54- INFO- 获取 20250309 申万行业数据失败: 请求过于频繁 🔥🔥🔥🔥🔥🔥🔥🔥🔥⚡ 4秒后可用
20260331 22:41:54- INFO- 获取 20250310 申万行业数据失败: 请求过于频繁 🔥🔥🔥🔥🔥🔥🔥🔥🔥⚡ 4秒后可用
20260331 22:41:54- INFO- 获取 20250311 申万行业数据失败: 请求过于频繁 🔥🔥🔥🔥🔥🔥🔥🔥🔥⚡ 4秒后可用
20260331 22:41:55- INFO- 获取 20250312 申万行业数据失败: 请求过于频繁 🔥🔥🔥🔥🔥🔥🔥🔥🔥⚡ 4秒后可用
20260331 22:41:55- INFO- 获取 20250313 申万行业数据失败: 请求过于频繁 🔥🔥🔥🔥🔥🔥🔥🔥🔥⚡ 3秒后可用
20260331 22:41:55- INFO- 获取 20250314 申万行业数据失败: 请求过于频繁 🔥🔥🔥🔥🔥🔥🔥🔥🔥⚡ 3秒后可用
20260331 22:41:55- INFO- 获取 20250315 申万行业数据失败: 请求过于频繁 🔥🔥🔥🔥🔥🔥🔥🔥🔥⚡ 3秒后可用
20260331 22:41:55- INFO- 获取 20250316 申万行业数据失败: 请求过于频繁 🔥🔥🔥🔥🔥🔥🔥🔥🔥⚡ 3秒后可用
20260331 22:41:55- INFO- 获取 20250317 申万行业数据失败: 请求过于频繁 🔥🔥🔥🔥🔥🔥🔥🔥🔥⚡ 3秒后可用
20260331 22:41:55- INFO- 获取 20250318 申万行业数据失败: 请求过于频繁 🔥🔥🔥🔥🔥🔥🔥🔥🔥⚡ 3秒后可用
20260331 22:41:55- INFO- 获取 20250319 申万行业数据失败: 请求过于频繁 🔥🔥🔥🔥🔥🔥🔥🔥🔥⚡ 3秒后可用
20260331 22:41:55- INFO- 获取 20250320 申万行业数据失败: 请求过于频繁 🔥🔥🔥🔥🔥🔥🔥🔥🔥⚡ 3秒后可用
20260331 22:41:55- INFO- 获取 20250321 申万行业数据失败: 请求过于频繁 🔥🔥🔥🔥🔥🔥🔥🔥🔥⚡ 3秒后可用
20260331 22:41:56- INFO- 获取 20250322 申万行业数据失败: 请求过于频繁 🔥🔥🔥🔥🔥🔥🔥🔥🔥⚡ 3秒后可用
20260331 22:41:56- INFO- 获取 20250323 申万行业数据失败: 请求过于频繁 🔥🔥🔥🔥🔥🔥🔥🔥🔥⚡ 2秒后可用
20260331 22:41:56- INFO- 获取 20250324 申万行业数据失败: 请求过于频繁 🔥🔥🔥🔥🔥🔥🔥🔥🔥⚡ 2秒后可用
20260331 22:41:56- INFO- 获取 20250325 申万行业数据失败: 请求过于频繁 🔥🔥🔥🔥🔥🔥🔥🔥🔥⚡ 2秒后可用
20260331 22:41:56- INFO- 获取 20250326 申万行业数据失败: 请求过于频繁 🔥🔥🔥🔥🔥🔥🔥🔥🔥⚡ 2秒后可用
20260331 22:41:56- INFO- 获取 20250327 申万行业数据失败: 请求过于频繁 🔥🔥🔥🔥🔥🔥🔥🔥🔥⚡ 2秒后可用
20260331 22:41:56- INFO- 获取 20250328 申万行业数据失败: 请求过于频繁 🔥🔥🔥🔥🔥🔥🔥🔥🔥⚡ 2秒后可用
20260331 22:41:56- INFO- 获取 20250329 申万行业数据失败: 请求过于频繁 🔥🔥🔥🔥🔥🔥🔥🔥🔥⚡ 2秒后可用
20260331 22:41:56- INFO- 获取 20250330 申万行业数据失败: 请求过于频繁 🔥🔥🔥🔥🔥🔥🔥🔥🔥⚡ 2秒后可用
20260331 22:41:56- INFO- 获取 20250331 申万行业数据失败: 请求过于频繁 🔥🔥🔥🔥🔥🔥🔥🔥🔥⚡ 2秒后可用
20260331 22:41:56- INFO- 获取 20250401 申万行业数据失败: 请求过于频繁 🔥🔥🔥🔥🔥🔥🔥🔥🔥⚡ 2秒后可用
20260331 22:41:57- INFO- 获取 20250402 申万行业数据失败: 请求过于频繁 🔥🔥🔥🔥🔥🔥🔥🔥🔥⚡ 2秒后可用
20260331 22:41:57- INFO- 获取 20250403 申万行业数据失败: 请求过于频繁 🔥🔥🔥🔥🔥🔥🔥🔥🔥⚡ 1秒后可用
20260331 22:41:57- INFO- 获取 20250404 申万行业数据失败: 请求过于频繁 🔥🔥🔥🔥🔥🔥🔥🔥🔥⚡ 1秒后可用
20260331 22:41:57- INFO- 获取 20250405 申万行业数据失败: 请求过于频繁 🔥🔥🔥🔥🔥🔥🔥🔥🔥⚡ 1秒后可用
20260331 22:41:57- INFO- 获取 20250406 申万行业数据失败: 请求过于频繁 🔥🔥🔥🔥🔥🔥🔥🔥🔥⚡ 1秒后可用
20260331 22:41:57- INFO- 获取 20250407 申万行业数据失败: 请求过于频繁 🔥🔥🔥🔥🔥🔥🔥🔥🔥⚡ 1秒后可用
20260331 22:41:57- INFO- 获取 20250408 申万行业数据失败: 请求过于频繁 🔥🔥🔥🔥🔥🔥🔥🔥🔥⚡ 1秒后可用
20260331 22:41:57- INFO- 获取 20250409 申万行业数据失败: 请求过于频繁 🔥🔥🔥🔥🔥🔥🔥🔥🔥⚡ 1秒后可用
20260331 22:41:57- INFO- 获取 20250410 申万行业数据失败: 请求过于频繁 🔥🔥🔥🔥🔥🔥🔥🔥🔥⚡ 1秒后可用
20260331 22:41:57- INFO- 获取 20250411 申万行业数据失败: 请求过于频繁 🔥🔥🔥🔥🔥🔥🔥🔥🔥⚡ 1秒后可用
20260331 22:41:58- INFO- 获取 20250412 申万行业数据失败: 请求过于频繁 🔥🔥🔥🔥🔥🔥🔥🔥🔥⚡ 1秒后可用
20260331 22:41:58- INFO- 获取 20250413 申万行业数据失败: 请求过于频繁 🔥🔥🔥🔥🔥🔥🔥🔥🔥⚡ 1秒后可用
20260331 22:41:58- INFO- 已获取 20250414 申万行业数据
20260331 22:41:58- INFO- 已获取 20250415 申万行业数据
20260331 22:41:58- INFO- 已获取 20250416 申万行业数据
20260331 22:41:58- INFO- 已获取 20250417 申万行业数据
20260331 22:41:58- INFO- 已获取 20250418 申万行业数据
20260331 22:41:59- INFO- 已获取 20250421 申万行业数据
20260331 22:41:59- INFO- 已获取 20250422 申万行业数据
20260331 22:41:59- INFO- 已获取 20250423 申万行业数据
20260331 22:41:59- INFO- 已获取 20250424 申万行业数据
20260331 22:41:59- INFO- 已获取 20250425 申万行业数据
20260331 22:42:00- INFO- 已获取 20250428 申万行业数据
20260331 22:42:00- INFO- 已获取 20250429 申万行业数据
20260331 22:42:00- INFO- 已获取 20250430 申万行业数据
20260331 22:42:01- INFO- 已获取 20250506 申万行业数据
20260331 22:42:01- INFO- 已获取 20250507 申万行业数据
20260331 22:42:01- INFO- 已获取 20250508 申万行业数据
20260331 22:42:01- INFO- 已获取 20250509 申万行业数据
20260331 22:42:02- INFO- 已获取 20250512 申万行业数据
20260331 22:42:02- INFO- 已获取 20250513 申万行业数据
20260331 22:42:02- INFO- 已获取 20250514 申万行业数据
20260331 22:42:02- INFO- 已获取 20250515 申万行业数据
20260331 22:42:03- INFO- 已获取 20250516 申万行业数据
20260331 22:42:03- INFO- 已获取 20250519 申万行业数据
20260331 22:42:03- INFO- 已获取 20250520 申万行业数据
20260331 22:42:03- INFO- 已获取 20250521 申万行业数据
20260331 22:42:03- INFO- 已获取 20250522 申万行业数据
20260331 22:42:04- INFO- 已获取 20250523 申万行业数据
20260331 22:42:04- INFO- 已获取 20250526 申万行业数据
20260331 22:42:04- INFO- 已获取 20250527 申万行业数据
20260331 22:42:04- INFO- 已获取 20250528 申万行业数据
20260331 22:42:04- INFO- 已获取 20250529 申万行业数据
20260331 22:42:05- INFO- 已获取 20250530 申万行业数据
20260331 22:42:05- INFO- 已获取 20250603 申万行业数据
20260331 22:42:05- INFO- 已获取 20250604 申万行业数据
20260331 22:42:05- INFO- 已获取 20250605 申万行业数据
20260331 22:42:06- INFO- 已获取 20250606 申万行业数据
20260331 22:42:06- INFO- 已获取 20250609 申万行业数据
20260331 22:42:06- INFO- 已获取 20250610 申万行业数据
20260331 22:42:06- INFO- 已获取 20250611 申万行业数据
20260331 22:42:06- INFO- 已获取 20250612 申万行业数据
20260331 22:42:07- INFO- 已获取 20250613 申万行业数据
20260331 22:42:07- INFO- 已获取 20250616 申万行业数据
20260331 22:42:07- INFO- 已获取 20250617 申万行业数据
20260331 22:42:07- INFO- 已获取 20250618 申万行业数据
20260331 22:42:07- INFO- 已获取 20250619 申万行业数据
20260331 22:42:08- INFO- 已获取 20250620 申万行业数据
20260331 22:42:08- INFO- 已获取 20250623 申万行业数据
20260331 22:42:08- INFO- 已获取 20250624 申万行业数据
20260331 22:42:08- INFO- 已获取 20250625 申万行业数据
20260331 22:42:09- INFO- 已获取 20250626 申万行业数据
20260331 22:42:09- INFO- 已获取 20250627 申万行业数据
20260331 22:42:09- INFO- 已获取 20250630 申万行业数据
20260331 22:42:09- INFO- 已获取 20250701 申万行业数据
20260331 22:42:09- INFO- 已获取 20250702 申万行业数据
20260331 22:42:10- INFO- 已获取 20250703 申万行业数据
20260331 22:42:10- INFO- 已获取 20250704 申万行业数据
20260331 22:42:10- INFO- 已获取 20250707 申万行业数据
20260331 22:42:10- INFO- 已获取 20250708 申万行业数据
20260331 22:42:10- INFO- 已获取 20250709 申万行业数据
20260331 22:42:11- INFO- 已获取 20250710 申万行业数据
20260331 22:42:11- INFO- 已获取 20250711 申万行业数据
20260331 22:42:11- INFO- 已获取 20250714 申万行业数据
20260331 22:42:11- INFO- 已获取 20250715 申万行业数据
20260331 22:42:11- INFO- 已获取 20250716 申万行业数据
20260331 22:42:12- INFO- 已获取 20250717 申万行业数据
20260331 22:42:12- INFO- 已获取 20250718 申万行业数据
20260331 22:42:12- INFO- 已获取 20250721 申万行业数据
20260331 22:42:12- INFO- 已获取 20250722 申万行业数据
20260331 22:42:13- INFO- 已获取 20250723 申万行业数据
20260331 22:42:13- INFO- 已获取 20250724 申万行业数据
20260331 22:42:13- INFO- 已获取 20250725 申万行业数据
20260331 22:42:13- INFO- 已获取 20250728 申万行业数据
20260331 22:42:13- INFO- 已获取 20250729 申万行业数据
20260331 22:42:14- INFO- 已获取 20250730 申万行业数据
20260331 22:42:14- INFO- 已获取 20250731 申万行业数据
20260331 22:42:14- INFO- 已获取 20250801 申万行业数据
20260331 22:42:14- INFO- 已获取 20250804 申万行业数据
20260331 22:42:14- INFO- 已获取 20250805 申万行业数据
20260331 22:42:15- INFO- 已获取 20250806 申万行业数据
20260331 22:42:15- INFO- 已获取 20250807 申万行业数据
20260331 22:42:15- INFO- 已获取 20250808 申万行业数据
20260331 22:42:15- INFO- 已获取 20250811 申万行业数据
20260331 22:42:15- INFO- 已获取 20250812 申万行业数据
20260331 22:42:16- INFO- 已获取 20250813 申万行业数据
20260331 22:42:16- INFO- 已获取 20250814 申万行业数据
20260331 22:42:16- INFO- 已获取 20250815 申万行业数据
20260331 22:42:16- INFO- 已获取 20250818 申万行业数据
20260331 22:42:16- INFO- 已获取 20250819 申万行业数据
20260331 22:42:17- INFO- 已获取 20250820 申万行业数据
20260331 22:42:17- INFO- 已获取 20250821 申万行业数据
20260331 22:42:17- INFO- 已获取 20250822 申万行业数据
20260331 22:42:17- INFO- 已获取 20250825 申万行业数据
20260331 22:42:17- INFO- 已获取 20250826 申万行业数据
20260331 22:42:18- INFO- 已获取 20250827 申万行业数据
20260331 22:42:18- INFO- 已获取 20250828 申万行业数据
20260331 22:42:18- INFO- 已获取 20250829 申万行业数据
20260331 22:42:18- INFO- 已获取 20250901 申万行业数据
20260331 22:42:19- INFO- 已获取 20250902 申万行业数据
20260331 22:42:19- INFO- 已获取 20250903 申万行业数据
20260331 22:42:19- INFO- 已获取 20250904 申万行业数据
20260331 22:42:19- INFO- 已获取 20250905 申万行业数据
20260331 22:42:19- INFO- 已获取 20250908 申万行业数据
20260331 22:42:20- INFO- 已获取 20250909 申万行业数据
20260331 22:42:20- INFO- 已获取 20250910 申万行业数据
20260331 22:42:20- INFO- 已获取 20250911 申万行业数据
20260331 22:42:20- INFO- 已获取 20250912 申万行业数据
20260331 22:42:20- INFO- 已获取 20250915 申万行业数据
20260331 22:42:21- INFO- 已获取 20250916 申万行业数据
20260331 22:42:21- INFO- 已获取 20250917 申万行业数据
20260331 22:42:21- INFO- 已获取 20250918 申万行业数据
20260331 22:42:21- INFO- 已获取 20250919 申万行业数据
20260331 22:42:21- INFO- 已获取 20250922 申万行业数据
20260331 22:42:22- INFO- 已获取 20250923 申万行业数据
20260331 22:42:22- INFO- 已获取 20250924 申万行业数据
20260331 22:42:22- INFO- 已获取 20250925 申万行业数据
20260331 22:42:22- INFO- 已获取 20250926 申万行业数据
20260331 22:42:23- INFO- 已获取 20250929 申万行业数据
20260331 22:42:23- INFO- 已获取 20250930 申万行业数据
20260331 22:42:24- INFO- 已获取 20251009 申万行业数据
20260331 22:42:24- INFO- 已获取 20251010 申万行业数据
20260331 22:42:24- INFO- 已获取 20251013 申万行业数据
20260331 22:42:24- INFO- 已获取 20251014 申万行业数据
20260331 22:42:25- INFO- 已获取 20251015 申万行业数据
20260331 22:42:25- INFO- 已获取 20251016 申万行业数据
20260331 22:42:25- INFO- 已获取 20251017 申万行业数据
20260331 22:42:25- INFO- 已获取 20251020 申万行业数据
20260331 22:42:25- INFO- 已获取 20251021 申万行业数据
20260331 22:42:26- INFO- 已获取 20251022 申万行业数据
20260331 22:42:26- INFO- 已获取 20251023 申万行业数据
20260331 22:42:26- INFO- 已获取 20251024 申万行业数据
20260331 22:42:26- INFO- 已获取 20251027 申万行业数据
20260331 22:42:27- INFO- 已获取 20251028 申万行业数据
20260331 22:42:27- INFO- 已获取 20251029 申万行业数据
20260331 22:42:27- INFO- 已获取 20251030 申万行业数据
20260331 22:42:27- INFO- 已获取 20251031 申万行业数据
20260331 22:42:27- INFO- 已获取 20251103 申万行业数据
20260331 22:42:28- INFO- 已获取 20251104 申万行业数据
20260331 22:42:28- INFO- 已获取 20251105 申万行业数据
20260331 22:42:28- INFO- 已获取 20251106 申万行业数据
20260331 22:42:28- INFO- 已获取 20251107 申万行业数据
20260331 22:42:28- INFO- 已获取 20251110 申万行业数据
20260331 22:42:29- INFO- 已获取 20251111 申万行业数据
20260331 22:42:29- INFO- 已获取 20251112 申万行业数据
20260331 22:42:29- INFO- 已获取 20251113 申万行业数据
20260331 22:42:29- INFO- 已获取 20251114 申万行业数据
20260331 22:42:29- INFO- 已获取 20251117 申万行业数据
20260331 22:42:30- INFO- 已获取 20251118 申万行业数据
20260331 22:42:30- INFO- 已获取 20251119 申万行业数据
20260331 22:42:30- INFO- 已获取 20251120 申万行业数据
20260331 22:42:30- INFO- 已获取 20251121 申万行业数据
20260331 22:42:30- INFO- 已获取 20251124 申万行业数据
20260331 22:42:31- INFO- 已获取 20251125 申万行业数据
20260331 22:42:31- INFO- 已获取 20251126 申万行业数据
20260331 22:42:31- INFO- 已获取 20251127 申万行业数据
20260331 22:42:31- INFO- 已获取 20251128 申万行业数据
20260331 22:42:31- INFO- 已获取 20251201 申万行业数据
20260331 22:42:32- INFO- 已获取 20251202 申万行业数据
20260331 22:42:32- INFO- 已获取 20251203 申万行业数据
20260331 22:42:32- INFO- 已获取 20251204 申万行业数据
20260331 22:42:32- INFO- 已获取 20251205 申万行业数据
20260331 22:42:33- INFO- 已获取 20251208 申万行业数据
20260331 22:42:33- INFO- 已获取 20251209 申万行业数据
20260331 22:42:33- INFO- 已获取 20251210 申万行业数据
20260331 22:42:33- INFO- 已获取 20251211 申万行业数据
20260331 22:42:33- INFO- 已获取 20251212 申万行业数据
20260331 22:42:34- INFO- 已获取 20251215 申万行业数据
20260331 22:42:34- INFO- 已获取 20251216 申万行业数据
20260331 22:42:34- INFO- 已获取 20251217 申万行业数据
20260331 22:42:34- INFO- 已获取 20251218 申万行业数据
20260331 22:42:34- INFO- 已获取 20251219 申万行业数据
20260331 22:42:35- INFO- 已获取 20251222 申万行业数据
20260331 22:42:35- INFO- 已获取 20251223 申万行业数据
20260331 22:42:35- INFO- 已获取 20251224 申万行业数据
20260331 22:42:35- INFO- 已获取 20251225 申万行业数据
20260331 22:42:35- INFO- 已获取 20251226 申万行业数据
20260331 22:42:36- INFO- 已获取 20251229 申万行业数据
20260331 22:42:36- INFO- 已获取 20251230 申万行业数据
20260331 22:42:36- INFO- 已获取 20251231 申万行业数据
20260331 22:42:37- INFO- 已获取 20260105 申万行业数据
20260331 22:42:37- INFO- 已获取 20260106 申万行业数据
20260331 22:42:37- INFO- 已获取 20260107 申万行业数据
20260331 22:42:37- INFO- 已获取 20260108 申万行业数据
20260331 22:42:37- INFO- 已获取 20260109 申万行业数据
20260331 22:42:38- INFO- 已获取 20260112 申万行业数据
20260331 22:42:38- INFO- 已获取 20260113 申万行业数据
20260331 22:42:38- INFO- 已获取 20260114 申万行业数据
20260331 22:42:38- INFO- 已获取 20260115 申万行业数据
20260331 22:42:38- INFO- 已获取 20260116 申万行业数据
20260331 22:42:39- INFO- 已获取 20260119 申万行业数据
20260331 22:42:39- INFO- 已获取 20260120 申万行业数据
20260331 22:42:39- INFO- 已获取 20260121 申万行业数据
20260331 22:42:39- INFO- 已获取 20260122 申万行业数据
20260331 22:42:39- INFO- 已获取 20260123 申万行业数据
20260331 22:42:40- INFO- 已获取 20260126 申万行业数据
20260331 22:42:40- INFO- 已获取 20260127 申万行业数据
20260331 22:42:40- INFO- 已获取 20260128 申万行业数据
20260331 22:42:40- INFO- 已获取 20260129 申万行业数据
20260331 22:42:40- INFO- 已获取 20260130 申万行业数据
20260331 22:42:41- INFO- 已获取 20260202 申万行业数据
20260331 22:42:41- INFO- 已获取 20260203 申万行业数据
20260331 22:42:41- INFO- 已获取 20260204 申万行业数据
20260331 22:42:41- INFO- 已获取 20260205 申万行业数据
20260331 22:42:41- INFO- 已获取 20260206 申万行业数据
20260331 22:42:42- INFO- 已获取 20260209 申万行业数据
20260331 22:42:42- INFO- 已获取 20260210 申万行业数据
20260331 22:42:42- INFO- 已获取 20260211 申万行业数据
20260331 22:42:42- INFO- 已获取 20260212 申万行业数据
20260331 22:42:42- INFO- 已获取 20260213 申万行业数据
20260331 22:42:44- INFO- 已获取 20260224 申万行业数据
20260331 22:42:44- INFO- 已获取 20260225 申万行业数据
20260331 22:42:44- INFO- 已获取 20260226 申万行业数据
20260331 22:42:44- INFO- 已获取 20260227 申万行业数据
20260331 22:42:45- INFO- 已获取 20260302 申万行业数据
20260331 22:42:45- INFO- 已获取 20260303 申万行业数据
20260331 22:42:45- INFO- 已获取 20260304 申万行业数据
20260331 22:42:45- INFO- 已获取 20260305 申万行业数据
20260331 22:42:45- INFO- 已获取 20260306 申万行业数据
20260331 22:42:46- INFO- 已获取 20260309 申万行业数据
20260331 22:42:46- INFO- 已获取 20260310 申万行业数据
20260331 22:42:46- INFO- 已获取 20260311 申万行业数据
20260331 22:42:46- INFO- 已获取 20260312 申万行业数据
20260331 22:42:46- INFO- 已获取 20260313 申万行业数据
20260331 22:42:46- INFO- 已获取 20260316 申万行业数据
20260331 22:42:47- INFO- 已获取 20260317 申万行业数据
20260331 22:42:47- INFO- 已获取 20260318 申万行业数据
20260331 22:42:47- INFO- 已获取 20260319 申万行业数据
20260331 22:42:47- INFO- 已获取 20260320 申万行业数据
20260331 22:42:48- INFO- 已获取 20260323 申万行业数据
20260331 22:42:48- INFO- 已获取 20260324 申万行业数据
20260331 22:42:48- INFO- 已获取 20260325 申万行业数据
20260331 22:42:48- INFO- 已获取 20260326 申万行业数据
20260331 22:42:48- INFO- 已获取 20260327 申万行业数据
20260331 22:42:49- INFO- 已获取 20260330 申万行业数据
20260331 22:42:49- INFO- 已获取 20260331 申万行业数据
20260331 22:43:32- INFO- 开始更新指数、ETF、板块数据
20260331 22:43:32- INFO- ==================================================
20260331 22:43:32- INFO- 开始更新指数日线数据
20260331 22:43:32- INFO- 开始获取数据: 20200101 至 20260331
20260331 22:43:57- INFO- 没有获取到数据
20260331 22:43:57- INFO- ==================================================
20260331 22:43:57- INFO- 开始更新指数每日基本指标
20260331 22:43:57- INFO- 开始获取数据: 20251122 至 20260331
20260331 22:43:58- INFO- 已获取 20251124 指数基本指标
20260331 22:43:59- INFO- 已获取 20251125 指数基本指标
20260331 22:44:00- INFO- 已获取 20251126 指数基本指标
20260331 22:44:00- INFO- 已获取 20251127 指数基本指标
20260331 22:44:01- INFO- 已获取 20251128 指数基本指标
20260331 22:44:03- INFO- 已获取 20251201 指数基本指标
20260331 22:44:03- INFO- 已获取 20251202 指数基本指标
20260331 22:44:04- INFO- 已获取 20251203 指数基本指标
20260331 22:44:04- INFO- 已获取 20251204 指数基本指标
20260331 22:44:05- INFO- 已获取 20251205 指数基本指标
20260331 22:44:07- INFO- 已获取 20251208 指数基本指标
20260331 22:44:08- INFO- 已获取 20251209 指数基本指标
20260331 22:44:08- INFO- 已获取 20251210 指数基本指标
20260331 22:44:09- INFO- 已获取 20251211 指数基本指标
20260331 22:44:09- INFO- 已获取 20251212 指数基本指标
20260331 22:44:11- INFO- 已获取 20251215 指数基本指标
20260331 22:44:12- INFO- 已获取 20251216 指数基本指标
20260331 22:44:12- INFO- 已获取 20251217 指数基本指标
20260331 22:44:13- INFO- 已获取 20251218 指数基本指标
20260331 22:44:14- INFO- 已获取 20251219 指数基本指标
20260331 22:44:16- INFO- 已获取 20251222 指数基本指标
20260331 22:44:16- INFO- 已获取 20251223 指数基本指标
20260331 22:44:17- INFO- 已获取 20251224 指数基本指标
20260331 22:44:17- INFO- 已获取 20251225 指数基本指标
20260331 22:44:18- INFO- 已获取 20251226 指数基本指标
20260331 22:44:20- INFO- 已获取 20251229 指数基本指标
20260331 22:44:20- INFO- 已获取 20251230 指数基本指标
20260331 22:44:21- INFO- 已获取 20251231 指数基本指标
20260331 22:44:24- INFO- 已获取 20260105 指数基本指标
20260331 22:44:25- INFO- 已获取 20260106 指数基本指标
20260331 22:44:25- INFO- 已获取 20260107 指数基本指标
20260331 22:44:26- INFO- 已获取 20260108 指数基本指标
20260331 22:44:26- INFO- 已获取 20260109 指数基本指标
20260331 22:44:28- INFO- 已获取 20260112 指数基本指标
20260331 22:44:29- INFO- 已获取 20260113 指数基本指标
20260331 22:44:30- INFO- 已获取 20260114 指数基本指标
20260331 22:44:30- INFO- 已获取 20260115 指数基本指标
20260331 22:44:31- INFO- 已获取 20260116 指数基本指标
20260331 22:44:33- INFO- 已获取 20260119 指数基本指标
20260331 22:44:33- INFO- 已获取 20260120 指数基本指标
20260331 22:44:34- INFO- 已获取 20260121 指数基本指标
20260331 22:44:34- INFO- 已获取 20260122 指数基本指标
20260331 22:44:35- INFO- 已获取 20260123 指数基本指标
20260331 22:44:37- INFO- 已获取 20260126 指数基本指标
20260331 22:44:38- INFO- 已获取 20260127 指数基本指标
20260331 22:44:39- INFO- 已获取 20260128 指数基本指标
20260331 22:44:39- INFO- 已获取 20260129 指数基本指标
20260331 22:44:40- INFO- 已获取 20260130 指数基本指标
20260331 22:44:42- INFO- 已获取 20260202 指数基本指标
20260331 22:44:42- INFO- 已获取 20260203 指数基本指标
20260331 22:44:43- INFO- 已获取 20260204 指数基本指标
20260331 22:44:43- INFO- 已获取 20260205 指数基本指标
20260331 22:44:44- INFO- 已获取 20260206 指数基本指标
20260331 22:44:49- INFO- 已获取 20260209 指数基本指标
20260331 22:44:50- INFO- 已获取 20260210 指数基本指标
20260331 22:44:51- INFO- 已获取 20260211 指数基本指标
20260331 22:44:53- INFO- 已获取 20260212 指数基本指标
20260331 22:44:53- INFO- 已获取 20260213 指数基本指标
20260331 22:45:04- INFO- 已获取 20260224 指数基本指标
20260331 22:45:05- INFO- 已获取 20260225 指数基本指标
20260331 22:45:05- INFO- 已获取 20260226 指数基本指标
20260331 22:45:06- INFO- 已获取 20260227 指数基本指标
20260331 22:45:10- INFO- 已获取 20260302 指数基本指标
20260331 22:45:10- INFO- 已获取 20260303 指数基本指标
20260331 22:45:11- INFO- 已获取 20260304 指数基本指标
20260331 22:45:12- INFO- 已获取 20260305 指数基本指标
20260331 22:45:12- INFO- 已获取 20260306 指数基本指标
20260331 22:45:14- INFO- 已获取 20260309 指数基本指标
20260331 22:45:15- INFO- 已获取 20260310 指数基本指标
20260331 22:45:15- INFO- 已获取 20260311 指数基本指标
20260331 22:45:16- INFO- 已获取 20260312 指数基本指标
20260331 22:45:17- INFO- 已获取 20260313 指数基本指标
20260331 22:45:18- INFO- 已获取 20260316 指数基本指标
20260331 22:45:19- INFO- 已获取 20260317 指数基本指标
20260331 22:45:20- INFO- 已获取 20260318 指数基本指标
20260331 22:45:20- INFO- 已获取 20260319 指数基本指标
20260331 22:45:21- INFO- 已获取 20260320 指数基本指标
20260331 22:45:23- INFO- 已获取 20260323 指数基本指标
20260331 22:45:23- INFO- 已获取 20260324 指数基本指标
20260331 22:45:24- INFO- 已获取 20260325 指数基本指标
20260331 22:45:24- INFO- 已获取 20260326 指数基本指标
20260331 22:45:25- INFO- 已获取 20260327 指数基本指标
20260331 22:45:27- INFO- 已获取 20260330 指数基本指标
20260331 22:45:28- INFO- 已获取 20260331 指数基本指标
20260331 22:45:28- INFO- 准备保存数据，共 1003 条记录
20260331 22:45:28- INFO- ==================================================
20260331 22:45:28- INFO- 开始更新ETF基础信息列表
20260331 22:45:28- WARNING- 操作失败 (尝试 1/5): 请指定正确的接口名
20260331 22:45:28- INFO- 将在 3 秒后重试...
20260331 22:45:31- WARNING- 操作失败 (尝试 2/5): 请指定正确的接口名
20260331 22:45:31- INFO- 将在 3 秒后重试...
20260331 22:45:34- WARNING- 操作失败 (尝试 3/5): 请指定正确的接口名
20260331 22:45:34- INFO- 将在 3 秒后重试...
20260331 22:45:38- WARNING- 操作失败 (尝试 4/5): 请指定正确的接口名
20260331 22:45:38- INFO- 将在 3 秒后重试...
20260331 22:45:41- WARNING- 操作失败 (尝试 5/5): 请指定正确的接口名
20260331 22:45:41- ERROR- 达到最大重试次数 5，操作最终失败
20260331 22:45:41- WARNING- 获取上交所ETF列表失败: local variable 'e' referenced before assignment
20260331 22:45:41- WARNING- 操作失败 (尝试 1/5): 请指定正确的接口名
20260331 22:45:41- INFO- 将在 3 秒后重试...
20260331 22:45:44- WARNING- 操作失败 (尝试 2/5): 请指定正确的接口名
20260331 22:45:44- INFO- 将在 3 秒后重试...
20260331 22:45:47- WARNING- 操作失败 (尝试 3/5): 请指定正确的接口名
20260331 22:45:47- INFO- 将在 3 秒后重试...
20260331 22:45:50- WARNING- 操作失败 (尝试 4/5): 请指定正确的接口名
20260331 22:45:50- INFO- 将在 3 秒后重试...
20260331 22:45:53- WARNING- 操作失败 (尝试 5/5): 请指定正确的接口名
20260331 22:45:53- ERROR- 达到最大重试次数 5，操作最终失败
20260331 22:45:53- WARNING- 获取深交所ETF列表失败: local variable 'e' referenced before assignment
20260331 22:45:53- INFO- 未获取到ETF列表
20260331 22:45:53- INFO- ==================================================
20260331 22:45:53- INFO- 开始更新ETF日线数据
20260331 22:45:53- INFO- 无需更新，已有最新数据至 2026-03-31
20260331 22:45:53- INFO- ==================================================
20260331 22:45:53- INFO- 开始更新申万行业指数列表
20260331 22:45:54- ERROR- 获取申万行业指数列表失败: Unknown market code: 801001.SI
20260331 22:45:54- INFO- ==================================================
20260331 22:45:54- INFO- 开始更新申万行业日线数据
20260331 22:45:54- INFO- 开始获取数据: 20200101 至 20260331
20260331 22:45:55- INFO- 已获取 20200102 申万行业数据
20260331 22:45:56- INFO- 已获取 20200103 申万行业数据
20260331 22:45:58- INFO- 已获取 20200106 申万行业数据
20260331 22:45:58- INFO- 已获取 20200107 申万行业数据
20260331 22:45:59- INFO- 已获取 20200108 申万行业数据
20260331 22:46:00- INFO- 已获取 20200109 申万行业数据
20260331 22:46:00- INFO- 已获取 20200110 申万行业数据
20260331 22:46:02- INFO- 已获取 20200113 申万行业数据
20260331 22:46:03- INFO- 已获取 20200114 申万行业数据
20260331 22:46:04- INFO- 已获取 20200115 申万行业数据
20260331 22:46:04- INFO- 已获取 20200116 申万行业数据
20260331 22:46:05- INFO- 已获取 20200117 申万行业数据
20260331 22:46:07- INFO- 已获取 20200120 申万行业数据
20260331 22:46:08- INFO- 已获取 20200121 申万行业数据
20260331 22:46:08- INFO- 已获取 20200122 申万行业数据
20260331 22:46:09- INFO- 已获取 20200123 申万行业数据
20260331 22:46:16- INFO- 已获取 20200203 申万行业数据
20260331 22:46:16- INFO- 已获取 20200204 申万行业数据
20260331 22:46:17- INFO- 已获取 20200205 申万行业数据
20260331 22:46:18- INFO- 已获取 20200206 申万行业数据
20260331 22:46:18- INFO- 已获取 20200207 申万行业数据
20260331 22:46:20- INFO- 已获取 20200210 申万行业数据
20260331 22:46:21- INFO- 已获取 20200211 申万行业数据
20260331 22:46:22- INFO- 已获取 20200212 申万行业数据
20260331 22:46:22- INFO- 已获取 20200213 申万行业数据
20260331 22:46:24- INFO- 已获取 20200214 申万行业数据
20260331 22:46:26- INFO- 已获取 20200217 申万行业数据
20260331 22:46:27- INFO- 已获取 20200218 申万行业数据
20260331 22:46:27- INFO- 已获取 20200219 申万行业数据
20260331 22:46:28- INFO- 已获取 20200220 申万行业数据
20260331 22:46:29- INFO- 已获取 20200221 申万行业数据
20260331 22:46:30- INFO- 已获取 20200224 申万行业数据
20260331 22:46:31- INFO- 已获取 20200225 申万行业数据
20260331 22:46:32- INFO- 已获取 20200226 申万行业数据
20260331 22:46:33- INFO- 已获取 20200227 申万行业数据
20260331 22:46:33- INFO- 已获取 20200228 申万行业数据
20260331 22:46:35- INFO- 已获取 20200302 申万行业数据
20260331 22:46:36- INFO- 已获取 20200303 申万行业数据
20260331 22:46:36- INFO- 已获取 20200304 申万行业数据
20260331 22:46:37- INFO- 已获取 20200305 申万行业数据
20260331 22:46:38- INFO- 已获取 20200306 申万行业数据
20260331 22:46:40- INFO- 已获取 20200309 申万行业数据
20260331 22:46:40- INFO- 已获取 20200310 申万行业数据
20260331 22:46:41- INFO- 已获取 20200311 申万行业数据
20260331 22:46:42- INFO- 已获取 20200312 申万行业数据
20260331 22:46:42- INFO- 已获取 20200313 申万行业数据
20260331 22:46:44- INFO- 已获取 20200316 申万行业数据
20260331 22:46:45- INFO- 已获取 20200317 申万行业数据
20260331 22:46:46- INFO- 已获取 20200318 申万行业数据
20260331 22:46:46- INFO- 已获取 20200319 申万行业数据
20260331 22:46:47- INFO- 已获取 20200320 申万行业数据
20260331 22:46:49- INFO- 已获取 20200323 申万行业数据
20260331 22:46:50- INFO- 已获取 20200324 申万行业数据
20260331 22:46:50- INFO- 已获取 20200325 申万行业数据
20260331 22:46:51- INFO- 已获取 20200326 申万行业数据
20260331 22:46:52- INFO- 已获取 20200327 申万行业数据
20260331 22:46:53- INFO- 已获取 20200330 申万行业数据
20260331 22:46:54- INFO- 已获取 20200331 申万行业数据
20260331 22:46:55- INFO- 已获取 20200401 申万行业数据
20260331 22:46:55- INFO- 已获取 20200402 申万行业数据
20260331 22:46:56- INFO- 已获取 20200403 申万行业数据
20260331 22:46:59- INFO- 已获取 20200407 申万行业数据
20260331 22:46:59- INFO- 已获取 20200408 申万行业数据
20260331 22:47:00- INFO- 已获取 20200409 申万行业数据
20260331 22:47:01- INFO- 已获取 20200410 申万行业数据
20260331 22:47:03- INFO- 已获取 20200413 申万行业数据
20260331 22:47:03- INFO- 已获取 20200414 申万行业数据
20260331 22:47:04- INFO- 已获取 20200415 申万行业数据
20260331 22:47:05- INFO- 已获取 20200416 申万行业数据
20260331 22:47:05- INFO- 已获取 20200417 申万行业数据
20260331 22:47:08- INFO- 已获取 20200420 申万行业数据
20260331 22:47:08- INFO- 已获取 20200421 申万行业数据
20260331 22:47:09- INFO- 已获取 20200422 申万行业数据
20260331 22:47:19- INFO- 已获取 20200423 申万行业数据
20260331 22:47:21- INFO- 已获取 20200424 申万行业数据
20260331 22:47:23- INFO- 已获取 20200427 申万行业数据
20260331 22:47:24- INFO- 已获取 20200428 申万行业数据
20260331 22:47:26- INFO- 已获取 20200429 申万行业数据
20260331 22:47:28- INFO- 已获取 20200430 申万行业数据
20260331 22:47:33- INFO- 已获取 20200506 申万行业数据
20260331 22:47:34- INFO- 已获取 20200507 申万行业数据
20260331 22:47:34- INFO- 已获取 20200508 申万行业数据
20260331 22:47:37- INFO- 已获取 20200511 申万行业数据
20260331 22:47:38- INFO- 已获取 20200512 申万行业数据
20260331 22:47:39- INFO- 已获取 20200513 申万行业数据
20260331 22:47:41- INFO- 已获取 20200514 申万行业数据
20260331 22:47:42- INFO- 已获取 20200515 申万行业数据
20260331 22:47:44- INFO- 已获取 20200518 申万行业数据
20260331 22:47:44- INFO- 已获取 20200519 申万行业数据
20260331 22:47:45- INFO- 已获取 20200520 申万行业数据
20260331 22:47:53- INFO- 已获取 20200521 申万行业数据
20260331 22:47:54- INFO- 已获取 20200522 申万行业数据
20260331 22:47:58- INFO- 已获取 20200525 申万行业数据
20260331 22:47:59- INFO- 已获取 20200526 申万行业数据
20260331 22:48:00- INFO- 已获取 20200527 申万行业数据
20260331 22:48:00- INFO- 已获取 20200528 申万行业数据
20260331 22:48:01- INFO- 已获取 20200529 申万行业数据
20260331 22:48:03- INFO- 已获取 20200601 申万行业数据
20260331 22:48:04- INFO- 已获取 20200602 申万行业数据
20260331 22:48:06- INFO- 已获取 20200603 申万行业数据
20260331 22:48:07- INFO- 已获取 20200604 申万行业数据
20260331 22:48:08- INFO- 已获取 20200605 申万行业数据
20260331 22:48:12- INFO- 已获取 20200608 申万行业数据
20260331 22:48:13- INFO- 已获取 20200609 申万行业数据
20260331 22:48:14- INFO- 已获取 20200610 申万行业数据
20260331 22:48:48- INFO- 已获取 20200611 申万行业数据
20260331 22:48:49- INFO- 已获取 20200612 申万行业数据
20260331 22:48:51- INFO- 已获取 20200615 申万行业数据
20260331 22:48:51- INFO- 已获取 20200616 申万行业数据
20260331 22:48:52- INFO- 已获取 20200617 申万行业数据
20260331 22:48:53- INFO- 已获取 20200618 申万行业数据
20260331 22:48:53- INFO- 已获取 20200619 申万行业数据
20260331 22:48:55- INFO- 已获取 20200622 申万行业数据
20260331 22:48:56- INFO- 已获取 20200623 申万行业数据
20260331 22:48:56- INFO- 已获取 20200624 申万行业数据
20260331 22:49:00- INFO- 已获取 20200629 申万行业数据
20260331 22:49:00- INFO- 已获取 20200630 申万行业数据
20260331 22:49:01- INFO- 已获取 20200701 申万行业数据
20260331 22:49:02- INFO- 已获取 20200702 申万行业数据
20260331 22:49:02- INFO- 已获取 20200703 申万行业数据
20260331 22:49:04- INFO- 已获取 20200706 申万行业数据
20260331 22:49:05- INFO- 已获取 20200707 申万行业数据
20260331 22:49:06- INFO- 已获取 20200708 申万行业数据
20260331 22:49:06- INFO- 已获取 20200709 申万行业数据
20260331 22:49:07- INFO- 已获取 20200710 申万行业数据
20260331 22:49:09- INFO- 已获取 20200713 申万行业数据
20260331 22:49:10- INFO- 已获取 20200714 申万行业数据
20260331 22:49:10- INFO- 已获取 20200715 申万行业数据
20260331 22:49:11- INFO- 已获取 20200716 申万行业数据
20260331 22:49:12- INFO- 已获取 20200717 申万行业数据
20260331 22:49:14- INFO- 已获取 20200720 申万行业数据
20260331 22:49:14- INFO- 已获取 20200721 申万行业数据
20260331 22:49:15- INFO- 已获取 20200722 申万行业数据
20260331 22:49:16- INFO- 已获取 20200723 申万行业数据
20260331 22:49:16- INFO- 已获取 20200724 申万行业数据
20260331 22:49:18- INFO- 已获取 20200727 申万行业数据
20260331 22:49:19- INFO- 已获取 20200728 申万行业数据
20260331 22:49:20- INFO- 已获取 20200729 申万行业数据
20260331 22:49:20- INFO- 已获取 20200730 申万行业数据
20260331 22:49:21- INFO- 已获取 20200731 申万行业数据
20260331 22:49:23- INFO- 已获取 20200803 申万行业数据
20260331 22:49:24- INFO- 已获取 20200804 申万行业数据
20260331 22:49:24- INFO- 已获取 20200805 申万行业数据
20260331 22:49:25- INFO- 已获取 20200806 申万行业数据
20260331 22:49:26- INFO- 已获取 20200807 申万行业数据
20260331 22:49:27- INFO- 已获取 20200810 申万行业数据
20260331 22:49:28- INFO- 已获取 20200811 申万行业数据
20260331 22:49:29- INFO- 已获取 20200812 申万行业数据
20260331 22:49:30- INFO- 已获取 20200813 申万行业数据
20260331 22:49:30- INFO- 已获取 20200814 申万行业数据
20260331 22:49:32- INFO- 已获取 20200817 申万行业数据
20260331 22:49:33- INFO- 已获取 20200818 申万行业数据
20260331 22:49:33- INFO- 已获取 20200819 申万行业数据
20260331 22:49:34- INFO- 已获取 20200820 申万行业数据
20260331 22:49:35- INFO- 已获取 20200821 申万行业数据
20260331 22:49:37- INFO- 已获取 20200824 申万行业数据
20260331 22:49:37- INFO- 已获取 20200825 申万行业数据
20260331 22:49:38- INFO- 已获取 20200826 申万行业数据
20260331 22:49:39- INFO- 已获取 20200827 申万行业数据
20260331 22:49:39- INFO- 已获取 20200828 申万行业数据
20260331 22:49:41- INFO- 已获取 20200831 申万行业数据
20260331 22:49:42- INFO- 已获取 20200901 申万行业数据
20260331 22:49:43- INFO- 已获取 20200902 申万行业数据
20260331 22:49:43- INFO- 已获取 20200903 申万行业数据
20260331 22:49:44- INFO- 已获取 20200904 申万行业数据
20260331 22:49:46- INFO- 已获取 20200907 申万行业数据
20260331 22:49:47- INFO- 已获取 20200908 申万行业数据
20260331 22:49:47- INFO- 已获取 20200909 申万行业数据
20260331 22:49:48- INFO- 已获取 20200910 申万行业数据
20260331 22:49:49- INFO- 已获取 20200911 申万行业数据
20260331 22:49:50- INFO- 已获取 20200914 申万行业数据
20260331 22:49:51- INFO- 已获取 20200915 申万行业数据
20260331 22:49:52- INFO- 已获取 20200916 申万行业数据
20260331 22:49:52- INFO- 已获取 20200917 申万行业数据
20260331 22:49:53- INFO- 已获取 20200918 申万行业数据
20260331 22:49:55- INFO- 已获取 20200921 申万行业数据
20260331 22:49:56- INFO- 已获取 20200922 申万行业数据
20260331 22:49:56- INFO- 已获取 20200923 申万行业数据
20260331 22:49:57- INFO- 已获取 20200924 申万行业数据
20260331 22:49:58- INFO- 已获取 20200925 申万行业数据
20260331 22:50:00- INFO- 已获取 20200928 申万行业数据
20260331 22:50:00- INFO- 已获取 20200929 申万行业数据
20260331 22:50:01- INFO- 已获取 20200930 申万行业数据
20260331 22:50:07- INFO- 已获取 20201009 申万行业数据
20260331 22:50:08- INFO- 已获取 20201012 申万行业数据
20260331 22:50:09- INFO- 已获取 20201013 申万行业数据
20260331 22:50:10- INFO- 已获取 20201014 申万行业数据
20260331 22:50:10- INFO- 已获取 20201015 申万行业数据
20260331 22:50:11- INFO- 已获取 20201016 申万行业数据
20260331 22:50:13- INFO- 已获取 20201019 申万行业数据
20260331 22:50:14- INFO- 已获取 20201020 申万行业数据
20260331 22:50:14- INFO- 已获取 20201021 申万行业数据
20260331 22:50:15- INFO- 已获取 20201022 申万行业数据
20260331 22:50:16- INFO- 已获取 20201023 申万行业数据
20260331 22:50:18- INFO- 已获取 20201026 申万行业数据
20260331 22:50:18- INFO- 已获取 20201027 申万行业数据
20260331 22:50:19- INFO- 已获取 20201028 申万行业数据
20260331 22:50:20- INFO- 已获取 20201029 申万行业数据
20260331 22:50:20- INFO- 已获取 20201030 申万行业数据
20260331 22:50:22- INFO- 已获取 20201102 申万行业数据
20260331 22:50:23- INFO- 已获取 20201103 申万行业数据
20260331 22:50:24- INFO- 已获取 20201104 申万行业数据
20260331 22:50:24- INFO- 已获取 20201105 申万行业数据
20260331 22:50:25- INFO- 已获取 20201106 申万行业数据
20260331 22:50:27- INFO- 已获取 20201109 申万行业数据
20260331 22:50:27- INFO- 已获取 20201110 申万行业数据
20260331 22:50:28- INFO- 已获取 20201111 申万行业数据
20260331 22:50:29- INFO- 已获取 20201112 申万行业数据
20260331 22:50:29- INFO- 已获取 20201113 申万行业数据
20260331 22:50:31- INFO- 已获取 20201116 申万行业数据
20260331 22:50:32- INFO- 已获取 20201117 申万行业数据
20260331 22:50:33- INFO- 已获取 20201118 申万行业数据
20260331 22:50:33- INFO- 已获取 20201119 申万行业数据
20260331 22:50:34- INFO- 已获取 20201120 申万行业数据
20260331 22:50:36- INFO- 已获取 20201123 申万行业数据
20260331 22:50:37- INFO- 已获取 20201124 申万行业数据
20260331 22:50:37- INFO- 已获取 20201125 申万行业数据
20260331 22:50:38- INFO- 已获取 20201126 申万行业数据
20260331 22:50:39- INFO- 已获取 20201127 申万行业数据
20260331 22:50:41- INFO- 已获取 20201130 申万行业数据
20260331 22:50:41- INFO- 已获取 20201201 申万行业数据
20260331 22:50:42- INFO- 已获取 20201202 申万行业数据
20260331 22:50:43- INFO- 已获取 20201203 申万行业数据
20260331 22:50:43- INFO- 已获取 20201204 申万行业数据
20260331 22:50:45- INFO- 已获取 20201207 申万行业数据
20260331 22:50:46- INFO- 已获取 20201208 申万行业数据
20260331 22:50:46- INFO- 已获取 20201209 申万行业数据
20260331 22:50:47- INFO- 已获取 20201210 申万行业数据
20260331 22:50:48- INFO- 已获取 20201211 申万行业数据
20260331 22:50:50- INFO- 已获取 20201214 申万行业数据
20260331 22:50:50- INFO- 已获取 20201215 申万行业数据
20260331 22:50:51- INFO- 已获取 20201216 申万行业数据
20260331 22:50:52- INFO- 已获取 20201217 申万行业数据
20260331 22:50:52- INFO- 已获取 20201218 申万行业数据
20260331 22:50:54- INFO- 已获取 20201221 申万行业数据
20260331 22:50:55- INFO- 已获取 20201222 申万行业数据
20260331 22:50:56- INFO- 已获取 20201223 申万行业数据
20260331 22:50:56- INFO- 已获取 20201224 申万行业数据
20260331 22:50:57- INFO- 已获取 20201225 申万行业数据
20260331 22:50:59- INFO- 已获取 20201228 申万行业数据
20260331 22:51:00- INFO- 已获取 20201229 申万行业数据
20260331 22:51:00- INFO- 已获取 20201230 申万行业数据
20260331 22:51:01- INFO- 已获取 20201231 申万行业数据
20260331 22:51:04- INFO- 已获取 20210104 申万行业数据
20260331 22:51:04- INFO- 已获取 20210105 申万行业数据
20260331 22:51:05- INFO- 已获取 20210106 申万行业数据
20260331 22:51:06- INFO- 已获取 20210107 申万行业数据
20260331 22:51:06- INFO- 已获取 20210108 申万行业数据
20260331 22:51:08- INFO- 已获取 20210111 申万行业数据
20260331 22:51:09- INFO- 已获取 20210112 申万行业数据
20260331 22:51:09- INFO- 已获取 20210113 申万行业数据
20260331 22:51:10- INFO- 已获取 20210114 申万行业数据
20260331 22:51:11- INFO- 已获取 20210115 申万行业数据
20260331 22:51:13- INFO- 已获取 20210118 申万行业数据
20260331 22:51:13- INFO- 已获取 20210119 申万行业数据
20260331 22:51:14- INFO- 已获取 20210120 申万行业数据
20260331 22:51:15- INFO- 已获取 20210121 申万行业数据
20260331 22:51:15- INFO- 已获取 20210122 申万行业数据
20260331 22:51:17- INFO- 已获取 20210125 申万行业数据
20260331 22:51:18- INFO- 已获取 20210126 申万行业数据
20260331 22:51:19- INFO- 已获取 20210127 申万行业数据
20260331 22:51:19- INFO- 已获取 20210128 申万行业数据
20260331 22:51:20- INFO- 已获取 20210129 申万行业数据
20260331 22:51:22- INFO- 已获取 20210201 申万行业数据
20260331 22:51:23- INFO- 已获取 20210202 申万行业数据
20260331 22:51:23- INFO- 已获取 20210203 申万行业数据
20260331 22:51:24- INFO- 已获取 20210204 申万行业数据
20260331 22:51:25- INFO- 已获取 20210205 申万行业数据
20260331 22:51:27- INFO- 已获取 20210208 申万行业数据
20260331 22:51:27- INFO- 已获取 20210209 申万行业数据
20260331 22:51:28- INFO- 已获取 20210210 申万行业数据
20260331 22:51:33- INFO- 已获取 20210218 申万行业数据
20260331 22:51:34- INFO- 已获取 20210219 申万行业数据
20260331 22:51:35- INFO- 已获取 20210222 申万行业数据
20260331 22:51:36- INFO- 已获取 20210223 申万行业数据
20260331 22:51:37- INFO- 已获取 20210224 申万行业数据
20260331 22:51:37- INFO- 已获取 20210225 申万行业数据
20260331 22:51:38- INFO- 已获取 20210226 申万行业数据
20260331 22:51:40- INFO- 已获取 20210301 申万行业数据
20260331 22:51:41- INFO- 已获取 20210302 申万行业数据
20260331 22:51:41- INFO- 已获取 20210303 申万行业数据
20260331 22:51:42- INFO- 已获取 20210304 申万行业数据
20260331 22:51:43- INFO- 已获取 20210305 申万行业数据
20260331 22:51:45- INFO- 已获取 20210308 申万行业数据
20260331 22:51:45- INFO- 已获取 20210309 申万行业数据
20260331 22:51:46- INFO- 已获取 20210310 申万行业数据
20260331 22:51:47- INFO- 已获取 20210311 申万行业数据
20260331 22:51:47- INFO- 已获取 20210312 申万行业数据
20260331 22:51:49- INFO- 已获取 20210315 申万行业数据
20260331 22:51:50- INFO- 已获取 20210316 申万行业数据
20260331 22:51:51- INFO- 已获取 20210317 申万行业数据
20260331 22:51:51- INFO- 已获取 20210318 申万行业数据
20260331 22:51:52- INFO- 已获取 20210319 申万行业数据
20260331 22:51:54- INFO- 已获取 20210322 申万行业数据
20260331 22:51:54- INFO- 已获取 20210323 申万行业数据
20260331 22:51:55- INFO- 已获取 20210324 申万行业数据
20260331 22:51:56- INFO- 已获取 20210325 申万行业数据
20260331 22:51:56- INFO- 已获取 20210326 申万行业数据
20260331 22:51:58- INFO- 已获取 20210329 申万行业数据
20260331 22:51:59- INFO- 已获取 20210330 申万行业数据
20260331 22:52:00- INFO- 已获取 20210331 申万行业数据
20260331 22:52:00- INFO- 已获取 20210401 申万行业数据
20260331 22:52:01- INFO- 已获取 20210402 申万行业数据
20260331 22:52:04- INFO- 已获取 20210406 申万行业数据
20260331 22:52:04- INFO- 已获取 20210407 申万行业数据
20260331 22:52:05- INFO- 已获取 20210408 申万行业数据
20260331 22:52:06- INFO- 已获取 20210409 申万行业数据
20260331 22:52:07- INFO- 已获取 20210412 申万行业数据
20260331 22:52:08- INFO- 已获取 20210413 申万行业数据
20260331 22:52:09- INFO- 已获取 20210414 申万行业数据
20260331 22:52:10- INFO- 已获取 20210415 申万行业数据
20260331 22:52:10- INFO- 已获取 20210416 申万行业数据
20260331 22:52:12- INFO- 已获取 20210419 申万行业数据
20260331 22:52:13- INFO- 已获取 20210420 申万行业数据
20260331 22:52:13- INFO- 已获取 20210421 申万行业数据
20260331 22:52:14- INFO- 已获取 20210422 申万行业数据
20260331 22:52:15- INFO- 已获取 20210423 申万行业数据
20260331 22:52:17- INFO- 已获取 20210426 申万行业数据
20260331 22:52:17- INFO- 已获取 20210427 申万行业数据
20260331 22:52:18- INFO- 已获取 20210428 申万行业数据
20260331 22:52:19- INFO- 已获取 20210429 申万行业数据
20260331 22:52:19- INFO- 已获取 20210430 申万行业数据
20260331 22:52:23- INFO- 已获取 20210506 申万行业数据
20260331 22:52:24- INFO- 已获取 20210507 申万行业数据
20260331 22:52:26- INFO- 已获取 20210510 申万行业数据
20260331 22:52:26- INFO- 已获取 20210511 申万行业数据
20260331 22:52:27- INFO- 已获取 20210512 申万行业数据
20260331 22:52:28- INFO- 已获取 20210513 申万行业数据
20260331 22:52:28- INFO- 已获取 20210514 申万行业数据
20260331 22:52:30- INFO- 已获取 20210517 申万行业数据
20260331 22:52:31- INFO- 已获取 20210518 申万行业数据
20260331 22:52:32- INFO- 已获取 20210519 申万行业数据
20260331 22:52:32- INFO- 已获取 20210520 申万行业数据
20260331 22:52:33- INFO- 已获取 20210521 申万行业数据
20260331 22:52:35- INFO- 已获取 20210524 申万行业数据
20260331 22:52:35- INFO- 已获取 20210525 申万行业数据
20260331 22:52:36- INFO- 已获取 20210526 申万行业数据
20260331 22:52:37- INFO- 已获取 20210527 申万行业数据
20260331 22:52:37- INFO- 已获取 20210528 申万行业数据
20260331 22:52:39- INFO- 已获取 20210531 申万行业数据
20260331 22:52:40- INFO- 已获取 20210601 申万行业数据
20260331 22:52:41- INFO- 已获取 20210602 申万行业数据
20260331 22:52:41- INFO- 已获取 20210603 申万行业数据
20260331 22:52:42- INFO- 已获取 20210604 申万行业数据
20260331 22:52:44- INFO- 已获取 20210607 申万行业数据
20260331 22:52:45- INFO- 已获取 20210608 申万行业数据
20260331 22:52:45- INFO- 已获取 20210609 申万行业数据
20260331 22:52:46- INFO- 已获取 20210610 申万行业数据
20260331 22:52:47- INFO- 已获取 20210611 申万行业数据
20260331 22:52:50- INFO- 已获取 20210615 申万行业数据
20260331 22:52:52- INFO- 已获取 20210616 申万行业数据
20260331 22:52:53- INFO- 已获取 20210617 申万行业数据
20260331 22:52:53- INFO- 已获取 20210618 申万行业数据
20260331 22:52:57- INFO- 已获取 20210621 申万行业数据
20260331 22:52:58- INFO- 已获取 20210622 申万行业数据
20260331 22:52:58- INFO- 已获取 20210623 申万行业数据
20260331 22:52:59- INFO- 已获取 20210624 申万行业数据
20260331 22:53:00- INFO- 已获取 20210625 申万行业数据
20260331 22:53:02- INFO- 已获取 20210628 申万行业数据
20260331 22:53:02- INFO- 已获取 20210629 申万行业数据
20260331 22:53:03- INFO- 已获取 20210630 申万行业数据
20260331 22:53:04- INFO- 已获取 20210701 申万行业数据
20260331 22:53:04- INFO- 已获取 20210702 申万行业数据
20260331 22:53:06- INFO- 已获取 20210705 申万行业数据
20260331 22:53:07- INFO- 已获取 20210706 申万行业数据
20260331 22:53:07- INFO- 已获取 20210707 申万行业数据
20260331 22:53:08- INFO- 已获取 20210708 申万行业数据
20260331 22:53:09- INFO- 已获取 20210709 申万行业数据
20260331 22:53:11- INFO- 已获取 20210712 申万行业数据
20260331 22:53:11- INFO- 已获取 20210713 申万行业数据
20260331 22:53:12- INFO- 已获取 20210714 申万行业数据
20260331 22:53:13- INFO- 已获取 20210715 申万行业数据
20260331 22:53:13- INFO- 已获取 20210716 申万行业数据
20260331 22:53:15- INFO- 已获取 20210719 申万行业数据
20260331 22:53:16- INFO- 已获取 20210720 申万行业数据
20260331 22:53:17- INFO- 已获取 20210721 申万行业数据
20260331 22:53:17- INFO- 已获取 20210722 申万行业数据
20260331 22:53:18- INFO- 已获取 20210723 申万行业数据
20260331 22:53:20- INFO- 已获取 20210726 申万行业数据
20260331 22:53:21- INFO- 已获取 20210727 申万行业数据
20260331 22:53:21- INFO- 已获取 20210728 申万行业数据
20260331 22:53:22- INFO- 已获取 20210729 申万行业数据
20260331 22:53:23- INFO- 已获取 20210730 申万行业数据
20260331 22:53:25- INFO- 已获取 20210802 申万行业数据
20260331 22:53:25- INFO- 已获取 20210803 申万行业数据
20260331 22:53:26- INFO- 已获取 20210804 申万行业数据
20260331 22:53:27- INFO- 已获取 20210805 申万行业数据
20260331 22:53:27- INFO- 已获取 20210806 申万行业数据
20260331 22:53:29- INFO- 已获取 20210809 申万行业数据
20260331 22:53:30- INFO- 已获取 20210810 申万行业数据
20260331 22:53:30- INFO- 已获取 20210811 申万行业数据
20260331 22:53:31- INFO- 已获取 20210812 申万行业数据
20260331 22:53:32- INFO- 已获取 20210813 申万行业数据
20260331 22:53:34- INFO- 已获取 20210816 申万行业数据
20260331 22:53:34- INFO- 已获取 20210817 申万行业数据
20260331 22:53:35- INFO- 已获取 20210818 申万行业数据
20260331 22:53:36- INFO- 已获取 20210819 申万行业数据
20260331 22:53:36- INFO- 已获取 20210820 申万行业数据
20260331 22:53:38- INFO- 已获取 20210823 申万行业数据
20260331 22:53:39- INFO- 已获取 20210824 申万行业数据
20260331 22:53:40- INFO- 已获取 20210825 申万行业数据
20260331 22:53:40- INFO- 已获取 20210826 申万行业数据
20260331 22:53:41- INFO- 已获取 20210827 申万行业数据
20260331 22:53:43- INFO- 已获取 20210830 申万行业数据
20260331 22:53:44- INFO- 已获取 20210831 申万行业数据
20260331 22:53:44- INFO- 已获取 20210901 申万行业数据
20260331 22:53:45- INFO- 已获取 20210902 申万行业数据
20260331 22:53:46- INFO- 已获取 20210903 申万行业数据
20260331 22:53:47- INFO- 已获取 20210906 申万行业数据
20260331 22:53:48- INFO- 已获取 20210907 申万行业数据
20260331 22:53:49- INFO- 已获取 20210908 申万行业数据
20260331 22:53:49- INFO- 已获取 20210909 申万行业数据
20260331 22:53:50- INFO- 已获取 20210910 申万行业数据
20260331 22:53:52- INFO- 已获取 20210913 申万行业数据
20260331 22:53:53- INFO- 已获取 20210914 申万行业数据
20260331 22:53:53- INFO- 已获取 20210915 申万行业数据
20260331 22:53:54- INFO- 已获取 20210916 申万行业数据
20260331 22:53:55- INFO- 已获取 20210917 申万行业数据
20260331 22:53:58- INFO- 已获取 20210922 申万行业数据
20260331 22:53:58- INFO- 已获取 20210923 申万行业数据
20260331 22:53:59- INFO- 已获取 20210924 申万行业数据
20260331 22:54:01- INFO- 已获取 20210927 申万行业数据
20260331 22:54:02- INFO- 已获取 20210928 申万行业数据
20260331 22:54:02- INFO- 已获取 20210929 申万行业数据
20260331 22:54:03- INFO- 已获取 20210930 申万行业数据
20260331 22:54:08- INFO- 已获取 20211008 申万行业数据
20260331 22:54:10- INFO- 已获取 20211011 申万行业数据
20260331 22:54:11- INFO- 已获取 20211012 申万行业数据
20260331 22:54:11- INFO- 已获取 20211013 申万行业数据
20260331 22:54:12- INFO- 已获取 20211014 申万行业数据
20260331 22:54:13- INFO- 已获取 20211015 申万行业数据
20260331 22:54:14- INFO- 已获取 20211018 申万行业数据
20260331 22:54:15- INFO- 已获取 20211019 申万行业数据
20260331 22:54:16- INFO- 已获取 20211020 申万行业数据
20260331 22:54:16- INFO- 已获取 20211021 申万行业数据
20260331 22:54:17- INFO- 已获取 20211022 申万行业数据
20260331 22:54:19- INFO- 已获取 20211025 申万行业数据
20260331 22:54:20- INFO- 已获取 20211026 申万行业数据
20260331 22:54:20- INFO- 已获取 20211027 申万行业数据
20260331 22:54:21- INFO- 已获取 20211028 申万行业数据
20260331 22:54:22- INFO- 已获取 20211029 申万行业数据
20260331 22:54:24- INFO- 已获取 20211101 申万行业数据
20260331 22:54:24- INFO- 已获取 20211102 申万行业数据
20260331 22:54:25- INFO- 已获取 20211103 申万行业数据
20260331 22:54:26- INFO- 已获取 20211104 申万行业数据
20260331 22:54:26- INFO- 已获取 20211105 申万行业数据
20260331 22:54:28- INFO- 已获取 20211108 申万行业数据
20260331 22:54:29- INFO- 已获取 20211109 申万行业数据
20260331 22:54:30- INFO- 已获取 20211110 申万行业数据
20260331 22:54:30- INFO- 已获取 20211111 申万行业数据
20260331 22:54:31- INFO- 已获取 20211112 申万行业数据
20260331 22:54:33- INFO- 已获取 20211115 申万行业数据
20260331 22:54:33- INFO- 已获取 20211116 申万行业数据
20260331 22:54:34- INFO- 已获取 20211117 申万行业数据
20260331 22:54:35- INFO- 已获取 20211118 申万行业数据
20260331 22:54:35- INFO- 已获取 20211119 申万行业数据
20260331 22:54:37- INFO- 已获取 20211122 申万行业数据
20260331 22:54:38- INFO- 已获取 20211123 申万行业数据
20260331 22:54:39- INFO- 已获取 20211124 申万行业数据
20260331 22:54:39- INFO- 已获取 20211125 申万行业数据
20260331 22:54:40- INFO- 已获取 20211126 申万行业数据
20260331 22:54:42- INFO- 已获取 20211129 申万行业数据
20260331 22:54:43- INFO- 已获取 20211130 申万行业数据
20260331 22:54:43- INFO- 已获取 20211201 申万行业数据
20260331 22:54:44- INFO- 已获取 20211202 申万行业数据
20260331 22:54:45- INFO- 已获取 20211203 申万行业数据
20260331 22:54:47- INFO- 已获取 20211206 申万行业数据
20260331 22:54:47- INFO- 已获取 20211207 申万行业数据
20260331 22:54:48- INFO- 已获取 20211208 申万行业数据
20260331 22:54:49- INFO- 已获取 20211209 申万行业数据
20260331 22:54:49- INFO- 已获取 20211210 申万行业数据
20260331 22:54:51- INFO- 已获取 20211213 申万行业数据
20260331 22:54:52- INFO- 已获取 20211214 申万行业数据
20260331 22:54:53- INFO- 已获取 20211215 申万行业数据
20260331 22:54:53- INFO- 已获取 20211216 申万行业数据
20260331 22:54:54- INFO- 已获取 20211217 申万行业数据
20260331 22:54:56- INFO- 已获取 20211220 申万行业数据
20260331 22:54:56- INFO- 已获取 20211221 申万行业数据
20260331 22:54:57- INFO- 已获取 20211222 申万行业数据
20260331 22:54:58- INFO- 已获取 20211223 申万行业数据
20260331 22:54:58- INFO- 已获取 20211224 申万行业数据
20260331 22:55:00- INFO- 已获取 20211227 申万行业数据
20260331 22:55:01- INFO- 已获取 20211228 申万行业数据
20260331 22:55:02- INFO- 已获取 20211229 申万行业数据
20260331 22:55:02- INFO- 已获取 20211230 申万行业数据
20260331 22:55:03- INFO- 已获取 20211231 申万行业数据
20260331 22:55:06- INFO- 已获取 20220104 申万行业数据
20260331 22:55:06- INFO- 已获取 20220105 申万行业数据
20260331 22:55:07- INFO- 已获取 20220106 申万行业数据
20260331 22:55:08- INFO- 已获取 20220107 申万行业数据
20260331 22:55:09- INFO- 已获取 20220110 申万行业数据
20260331 22:55:10- INFO- 已获取 20220111 申万行业数据
20260331 22:55:11- INFO- 已获取 20220112 申万行业数据
20260331 22:55:11- INFO- 已获取 20220113 申万行业数据
20260331 22:55:12- INFO- 已获取 20220114 申万行业数据
20260331 22:55:14- INFO- 已获取 20220117 申万行业数据
20260331 22:55:15- INFO- 已获取 20220118 申万行业数据
20260331 22:55:15- INFO- 已获取 20220119 申万行业数据
20260331 22:55:16- INFO- 已获取 20220120 申万行业数据
20260331 22:55:17- INFO- 已获取 20220121 申万行业数据
20260331 22:55:19- INFO- 已获取 20220124 申万行业数据
20260331 22:55:19- INFO- 已获取 20220125 申万行业数据
20260331 22:55:20- INFO- 已获取 20220126 申万行业数据
20260331 22:55:21- INFO- 已获取 20220127 申万行业数据
20260331 22:55:21- INFO- 已获取 20220128 申万行业数据
20260331 22:55:27- INFO- 已获取 20220207 申万行业数据
20260331 22:55:28- INFO- 已获取 20220208 申万行业数据
20260331 22:55:29- INFO- 已获取 20220209 申万行业数据
20260331 22:55:29- INFO- 已获取 20220210 申万行业数据
20260331 22:55:30- INFO- 已获取 20220211 申万行业数据
20260331 22:55:32- INFO- 已获取 20220214 申万行业数据
20260331 22:55:33- INFO- 已获取 20220215 申万行业数据
20260331 22:55:33- INFO- 已获取 20220216 申万行业数据
20260331 22:55:34- INFO- 已获取 20220217 申万行业数据
20260331 22:55:35- INFO- 已获取 20220218 申万行业数据
20260331 22:55:37- INFO- 已获取 20220221 申万行业数据
20260331 22:55:37- INFO- 已获取 20220222 申万行业数据
20260331 22:55:38- INFO- 已获取 20220223 申万行业数据
20260331 22:55:39- INFO- 已获取 20220224 申万行业数据
20260331 22:55:39- INFO- 已获取 20220225 申万行业数据
20260331 22:55:41- INFO- 已获取 20220228 申万行业数据
20260331 22:55:42- INFO- 已获取 20220301 申万行业数据
20260331 22:55:42- INFO- 已获取 20220302 申万行业数据
20260331 22:55:43- INFO- 已获取 20220303 申万行业数据
20260331 22:55:44- INFO- 已获取 20220304 申万行业数据
20260331 22:55:46- INFO- 已获取 20220307 申万行业数据
20260331 22:55:46- INFO- 已获取 20220308 申万行业数据
20260331 22:55:47- INFO- 已获取 20220309 申万行业数据
20260331 22:55:48- INFO- 已获取 20220310 申万行业数据
20260331 22:55:48- INFO- 已获取 20220311 申万行业数据
20260331 22:55:50- INFO- 已获取 20220314 申万行业数据
20260331 22:55:51- INFO- 已获取 20220315 申万行业数据
20260331 22:55:52- INFO- 已获取 20220316 申万行业数据
20260331 22:55:52- INFO- 已获取 20220317 申万行业数据
20260331 22:55:53- INFO- 已获取 20220318 申万行业数据
20260331 22:55:55- INFO- 已获取 20220321 申万行业数据
20260331 22:55:55- INFO- 已获取 20220322 申万行业数据
20260331 22:55:56- INFO- 已获取 20220323 申万行业数据
20260331 22:55:57- INFO- 已获取 20220324 申万行业数据
20260331 22:55:57- INFO- 已获取 20220325 申万行业数据
20260331 22:55:59- INFO- 已获取 20220328 申万行业数据
20260331 22:56:00- INFO- 已获取 20220329 申万行业数据
20260331 22:56:01- INFO- 已获取 20220330 申万行业数据
20260331 22:56:01- INFO- 已获取 20220331 申万行业数据
20260331 22:56:02- INFO- 已获取 20220401 申万行业数据
20260331 22:56:05- INFO- 已获取 20220406 申万行业数据
20260331 22:56:06- INFO- 已获取 20220407 申万行业数据
20260331 22:56:07- INFO- 已获取 20220408 申万行业数据
20260331 22:56:09- INFO- 已获取 20220411 申万行业数据
20260331 22:56:09- INFO- 已获取 20220412 申万行业数据
20260331 22:56:10- INFO- 已获取 20220413 申万行业数据
20260331 22:56:11- INFO- 已获取 20220414 申万行业数据
20260331 22:56:11- INFO- 已获取 20220415 申万行业数据
20260331 22:56:13- INFO- 已获取 20220418 申万行业数据
20260331 22:56:14- INFO- 已获取 20220419 申万行业数据
20260331 22:56:14- INFO- 已获取 20220420 申万行业数据
20260331 22:56:15- INFO- 已获取 20220421 申万行业数据
20260331 22:56:16- INFO- 已获取 20220422 申万行业数据
20260331 22:56:18- INFO- 已获取 20220425 申万行业数据
20260331 22:56:18- INFO- 已获取 20220426 申万行业数据
20260331 22:56:19- INFO- 已获取 20220427 申万行业数据
20260331 22:56:20- INFO- 已获取 20220428 申万行业数据
20260331 22:56:20- INFO- 已获取 20220429 申万行业数据
20260331 22:56:24- INFO- 已获取 20220505 申万行业数据
20260331 22:56:25- INFO- 已获取 20220506 申万行业数据
20260331 22:56:27- INFO- 已获取 20220509 申万行业数据
20260331 22:56:27- INFO- 已获取 20220510 申万行业数据
20260331 22:56:28- INFO- 已获取 20220511 申万行业数据
20260331 22:56:29- INFO- 已获取 20220512 申万行业数据
20260331 22:56:30- INFO- 已获取 20220513 申万行业数据
20260331 22:56:31- INFO- 已获取 20220516 申万行业数据
20260331 22:56:37- INFO- 已获取 20220517 申万行业数据
20260331 22:56:38- INFO- 已获取 20220518 申万行业数据
20260331 22:56:39- INFO- 已获取 20220519 申万行业数据
20260331 22:56:40- INFO- 已获取 20220520 申万行业数据
20260331 22:56:43- INFO- 已获取 20220523 申万行业数据
20260331 22:56:45- INFO- 已获取 20220524 申万行业数据
20260331 22:56:45- INFO- 已获取 20220525 申万行业数据
20260331 22:56:46- INFO- 已获取 20220526 申万行业数据
20260331 22:56:48- INFO- 已获取 20220527 申万行业数据
20260331 22:56:49- INFO- 已获取 20220530 申万行业数据
20260331 22:56:50- INFO- 已获取 20220531 申万行业数据
20260331 22:56:51- INFO- 已获取 20220601 申万行业数据
20260331 22:56:52- INFO- 已获取 20220602 申万行业数据
20260331 22:56:54- INFO- 已获取 20220606 申万行业数据
20260331 22:56:55- INFO- 已获取 20220607 申万行业数据
20260331 22:56:55- INFO- 已获取 20220608 申万行业数据
20260331 22:56:56- INFO- 已获取 20220609 申万行业数据
20260331 22:56:57- INFO- 已获取 20220610 申万行业数据
20260331 22:56:59- INFO- 已获取 20220613 申万行业数据
20260331 22:56:59- INFO- 已获取 20220614 申万行业数据
20260331 22:57:00- INFO- 已获取 20220615 申万行业数据
20260331 22:57:01- INFO- 已获取 20220616 申万行业数据
20260331 22:57:01- INFO- 已获取 20220617 申万行业数据
20260331 22:57:03- INFO- 已获取 20220620 申万行业数据
20260331 22:57:04- INFO- 已获取 20220621 申万行业数据
20260331 22:57:05- INFO- 已获取 20220622 申万行业数据
20260331 22:57:05- INFO- 已获取 20220623 申万行业数据
20260331 22:57:06- INFO- 已获取 20220624 申万行业数据
20260331 22:57:08- INFO- 已获取 20220627 申万行业数据
20260331 22:57:08- INFO- 已获取 20220628 申万行业数据
20260331 22:57:09- INFO- 已获取 20220629 申万行业数据
20260331 22:57:10- INFO- 已获取 20220630 申万行业数据
20260331 22:57:11- INFO- 已获取 20220701 申万行业数据
20260331 22:57:12- INFO- 已获取 20220704 申万行业数据
20260331 22:57:13- INFO- 已获取 20220705 申万行业数据
20260331 22:57:14- INFO- 已获取 20220706 申万行业数据
20260331 22:57:14- INFO- 已获取 20220707 申万行业数据
20260331 22:57:15- INFO- 已获取 20220708 申万行业数据
20260331 22:57:17- INFO- 已获取 20220711 申万行业数据
20260331 22:57:18- INFO- 已获取 20220712 申万行业数据
20260331 22:57:18- INFO- 已获取 20220713 申万行业数据
20260331 22:57:19- INFO- 已获取 20220714 申万行业数据
20260331 22:57:20- INFO- 已获取 20220715 申万行业数据
20260331 22:57:22- INFO- 已获取 20220718 申万行业数据
20260331 22:57:22- INFO- 已获取 20220719 申万行业数据
20260331 22:57:24- INFO- 已获取 20220720 申万行业数据
20260331 22:57:25- INFO- 已获取 20220721 申万行业数据
20260331 22:57:28- INFO- 已获取 20220722 申万行业数据
20260331 22:57:31- INFO- 已获取 20220725 申万行业数据
20260331 22:57:32- INFO- 已获取 20220726 申万行业数据
20260331 22:57:33- INFO- 已获取 20220727 申万行业数据
20260331 22:57:36- INFO- 已获取 20220728 申万行业数据
20260331 22:57:37- INFO- 已获取 20220729 申万行业数据
20260331 22:57:40- INFO- 已获取 20220801 申万行业数据
20260331 22:57:41- INFO- 已获取 20220802 申万行业数据
20260331 22:57:42- INFO- 已获取 20220803 申万行业数据
20260331 22:57:42- INFO- 已获取 20220804 申万行业数据
20260331 22:57:43- INFO- 已获取 20220805 申万行业数据
20260331 22:57:45- INFO- 已获取 20220808 申万行业数据
20260331 22:57:46- INFO- 已获取 20220809 申万行业数据
20260331 22:57:46- INFO- 已获取 20220810 申万行业数据
20260331 22:57:47- INFO- 已获取 20220811 申万行业数据
20260331 22:57:48- INFO- 已获取 20220812 申万行业数据
20260331 22:57:52- INFO- 已获取 20220815 申万行业数据
20260331 22:57:52- INFO- 已获取 20220816 申万行业数据
20260331 22:57:56- INFO- 已获取 20220817 申万行业数据
20260331 22:57:57- INFO- 已获取 20220818 申万行业数据
20260331 22:57:58- INFO- 已获取 20220819 申万行业数据
20260331 22:58:01- INFO- 已获取 20220822 申万行业数据
20260331 22:58:02- INFO- 已获取 20220823 申万行业数据
20260331 22:58:04- INFO- 已获取 20220824 申万行业数据
20260331 22:58:04- INFO- 已获取 20220825 申万行业数据
20260331 22:58:05- INFO- 已获取 20220826 申万行业数据
20260331 22:58:08- INFO- 已获取 20220829 申万行业数据
20260331 22:58:09- INFO- 已获取 20220830 申万行业数据
20260331 22:58:19- INFO- 已获取 20220831 申万行业数据
20260331 22:58:20- INFO- 已获取 20220901 申万行业数据
20260331 22:58:21- INFO- 已获取 20220902 申万行业数据
20260331 22:58:23- INFO- 已获取 20220905 申万行业数据
20260331 22:58:25- INFO- 已获取 20220906 申万行业数据
20260331 22:58:26- INFO- 已获取 20220907 申万行业数据
20260331 22:58:27- INFO- 已获取 20220908 申万行业数据
20260331 22:58:28- INFO- 已获取 20220909 申万行业数据
20260331 22:58:30- INFO- 已获取 20220913 申万行业数据
20260331 22:58:31- INFO- 已获取 20220914 申万行业数据
20260331 22:58:31- INFO- 已获取 20220915 申万行业数据
20260331 22:58:32- INFO- 已获取 20220916 申万行业数据
20260331 22:58:34- INFO- 已获取 20220919 申万行业数据
20260331 22:58:35- INFO- 已获取 20220920 申万行业数据
20260331 22:58:35- INFO- 已获取 20220921 申万行业数据
20260331 22:58:36- INFO- 已获取 20220922 申万行业数据
20260331 22:58:37- INFO- 已获取 20220923 申万行业数据
20260331 22:58:38- INFO- 已获取 20220926 申万行业数据
20260331 22:58:39- INFO- 已获取 20220927 申万行业数据
20260331 22:58:40- INFO- 已获取 20220928 申万行业数据
20260331 22:58:40- INFO- 已获取 20220929 申万行业数据
20260331 22:58:41- INFO- 已获取 20220930 申万行业数据
20260331 22:58:47- INFO- 已获取 20221010 申万行业数据
20260331 22:58:48- INFO- 已获取 20221011 申万行业数据
20260331 22:58:49- INFO- 已获取 20221012 申万行业数据
20260331 22:58:49- INFO- 已获取 20221013 申万行业数据
20260331 22:58:50- INFO- 已获取 20221014 申万行业数据
20260331 22:58:52- INFO- 已获取 20221017 申万行业数据
20260331 22:58:53- INFO- 已获取 20221018 申万行业数据
20260331 22:58:53- INFO- 已获取 20221019 申万行业数据
20260331 22:58:54- INFO- 已获取 20221020 申万行业数据
20260331 22:58:55- INFO- 已获取 20221021 申万行业数据
20260331 22:58:56- INFO- 已获取 20221024 申万行业数据
20260331 22:58:57- INFO- 已获取 20221025 申万行业数据
20260331 22:58:58- INFO- 已获取 20221026 申万行业数据
20260331 22:58:58- INFO- 已获取 20221027 申万行业数据
20260331 22:58:59- INFO- 已获取 20221028 申万行业数据
20260331 22:59:01- INFO- 已获取 20221031 申万行业数据
20260331 22:59:02- INFO- 已获取 20221101 申万行业数据
20260331 22:59:02- INFO- 已获取 20221102 申万行业数据
20260331 22:59:03- INFO- 已获取 20221103 申万行业数据
20260331 22:59:04- INFO- 已获取 20221104 申万行业数据
20260331 22:59:06- INFO- 已获取 20221107 申万行业数据
20260331 22:59:06- INFO- 已获取 20221108 申万行业数据
20260331 22:59:07- INFO- 已获取 20221109 申万行业数据
20260331 22:59:08- INFO- 已获取 20221110 申万行业数据
20260331 22:59:08- INFO- 已获取 20221111 申万行业数据
20260331 22:59:10- INFO- 已获取 20221114 申万行业数据
20260331 22:59:11- INFO- 已获取 20221115 申万行业数据
20260331 22:59:12- INFO- 已获取 20221116 申万行业数据
20260331 22:59:12- INFO- 已获取 20221117 申万行业数据
20260331 22:59:13- INFO- 已获取 20221118 申万行业数据
20260331 22:59:15- INFO- 已获取 20221121 申万行业数据
20260331 22:59:15- INFO- 已获取 20221122 申万行业数据
20260331 22:59:16- INFO- 已获取 20221123 申万行业数据
20260331 22:59:17- INFO- 已获取 20221124 申万行业数据
20260331 22:59:17- INFO- 已获取 20221125 申万行业数据
20260331 22:59:19- INFO- 已获取 20221128 申万行业数据
20260331 22:59:20- INFO- 已获取 20221129 申万行业数据
20260331 22:59:21- INFO- 已获取 20221130 申万行业数据
20260331 22:59:21- INFO- 已获取 20221201 申万行业数据
20260331 22:59:22- INFO- 已获取 20221202 申万行业数据
20260331 22:59:24- INFO- 已获取 20221205 申万行业数据
20260331 22:59:25- INFO- 已获取 20221206 申万行业数据
20260331 22:59:25- INFO- 已获取 20221207 申万行业数据
20260331 22:59:26- INFO- 已获取 20221208 申万行业数据
20260331 22:59:27- INFO- 已获取 20221209 申万行业数据
20260331 22:59:28- INFO- 已获取 20221212 申万行业数据
20260331 22:59:29- INFO- 已获取 20221213 申万行业数据
20260331 22:59:30- INFO- 已获取 20221214 申万行业数据
20260331 22:59:30- INFO- 已获取 20221215 申万行业数据
20260331 22:59:31- INFO- 已获取 20221216 申万行业数据
20260331 22:59:33- INFO- 已获取 20221219 申万行业数据
20260331 22:59:34- INFO- 已获取 20221220 申万行业数据
20260331 22:59:34- INFO- 已获取 20221221 申万行业数据
20260331 22:59:35- INFO- 已获取 20221222 申万行业数据
20260331 22:59:36- INFO- 已获取 20221223 申万行业数据
20260331 22:59:38- INFO- 已获取 20221226 申万行业数据
20260331 22:59:38- INFO- 已获取 20221227 申万行业数据
20260331 22:59:39- INFO- 已获取 20221228 申万行业数据
20260331 22:59:40- INFO- 已获取 20221229 申万行业数据
20260331 22:59:40- INFO- 已获取 20221230 申万行业数据
20260331 22:59:43- INFO- 已获取 20230103 申万行业数据
20260331 22:59:43- INFO- 已获取 20230104 申万行业数据
20260331 22:59:44- INFO- 已获取 20230105 申万行业数据
20260331 22:59:45- INFO- 已获取 20230106 申万行业数据
20260331 22:59:47- INFO- 已获取 20230109 申万行业数据
20260331 22:59:47- INFO- 已获取 20230110 申万行业数据
20260331 22:59:48- INFO- 已获取 20230111 申万行业数据
20260331 22:59:49- INFO- 已获取 20230112 申万行业数据
20260331 22:59:49- INFO- 已获取 20230113 申万行业数据
20260331 22:59:51- INFO- 已获取 20230116 申万行业数据
20260331 22:59:52- INFO- 已获取 20230117 申万行业数据
20260331 22:59:53- INFO- 已获取 20230118 申万行业数据
20260331 22:59:53- INFO- 已获取 20230119 申万行业数据
20260331 22:59:54- INFO- 已获取 20230120 申万行业数据
20260331 23:00:00- INFO- 已获取 20230130 申万行业数据
20260331 23:00:01- INFO- 已获取 20230131 申万行业数据
20260331 23:00:01- INFO- 已获取 20230201 申万行业数据
20260331 23:00:02- INFO- 已获取 20230202 申万行业数据
20260331 23:00:03- INFO- 已获取 20230203 申万行业数据
20260331 23:00:05- INFO- 已获取 20230206 申万行业数据
20260331 23:00:05- INFO- 已获取 20230207 申万行业数据
20260331 23:00:06- INFO- 已获取 20230208 申万行业数据
20260331 23:00:07- INFO- 已获取 20230209 申万行业数据
20260331 23:00:07- INFO- 已获取 20230210 申万行业数据
20260331 23:00:09- INFO- 已获取 20230213 申万行业数据
20260331 23:00:10- INFO- 已获取 20230214 申万行业数据
20260331 23:00:11- INFO- 已获取 20230215 申万行业数据
20260331 23:00:11- INFO- 已获取 20230216 申万行业数据
20260331 23:00:12- INFO- 已获取 20230217 申万行业数据
20260331 23:00:14- INFO- 已获取 20230220 申万行业数据
20260331 23:00:14- INFO- 已获取 20230221 申万行业数据
20260331 23:00:15- INFO- 已获取 20230222 申万行业数据
20260331 23:00:16- INFO- 已获取 20230223 申万行业数据
20260331 23:00:16- INFO- 已获取 20230224 申万行业数据
20260331 23:00:18- INFO- 已获取 20230227 申万行业数据
20260331 23:00:19- INFO- 已获取 20230228 申万行业数据
20260331 23:00:20- INFO- 已获取 20230301 申万行业数据
20260331 23:00:20- INFO- 已获取 20230302 申万行业数据
20260331 23:00:21- INFO- 已获取 20230303 申万行业数据
20260331 23:00:24- INFO- 已获取 20230306 申万行业数据
20260331 23:00:25- INFO- 已获取 20230307 申万行业数据
20260331 23:00:25- INFO- 已获取 20230308 申万行业数据
20260331 23:00:26- INFO- 已获取 20230309 申万行业数据
20260331 23:00:27- INFO- 已获取 20230310 申万行业数据
20260331 23:00:28- INFO- 已获取 20230313 申万行业数据
20260331 23:00:29- INFO- 已获取 20230314 申万行业数据
20260331 23:00:30- INFO- 已获取 20230315 申万行业数据
20260331 23:00:31- INFO- 已获取 20230316 申万行业数据
20260331 23:00:31- INFO- 已获取 20230317 申万行业数据
20260331 23:00:33- INFO- 已获取 20230320 申万行业数据
20260331 23:00:34- INFO- 已获取 20230321 申万行业数据
20260331 23:00:34- INFO- 已获取 20230322 申万行业数据
20260331 23:00:35- INFO- 已获取 20230323 申万行业数据
20260331 23:00:36- INFO- 已获取 20230324 申万行业数据
20260331 23:00:38- INFO- 已获取 20230327 申万行业数据
20260331 23:00:38- INFO- 已获取 20230328 申万行业数据
20260331 23:00:39- INFO- 已获取 20230329 申万行业数据
20260331 23:00:40- INFO- 已获取 20230330 申万行业数据
20260331 23:00:40- INFO- 已获取 20230331 申万行业数据
20260331 23:00:42- INFO- 已获取 20230403 申万行业数据
20260331 23:00:43- INFO- 已获取 20230404 申万行业数据
20260331 23:00:44- INFO- 已获取 20230406 申万行业数据
20260331 23:00:45- INFO- 已获取 20230407 申万行业数据
20260331 23:00:47- INFO- 已获取 20230410 申万行业数据
20260331 23:00:48- INFO- 已获取 20230411 申万行业数据
20260331 23:00:48- INFO- 已获取 20230412 申万行业数据
20260331 23:00:49- INFO- 已获取 20230413 申万行业数据
20260331 23:00:50- INFO- 已获取 20230414 申万行业数据
20260331 23:00:51- INFO- 已获取 20230417 申万行业数据
20260331 23:00:52- INFO- 已获取 20230418 申万行业数据
20260331 23:00:53- INFO- 已获取 20230419 申万行业数据
20260331 23:00:53- INFO- 已获取 20230420 申万行业数据
20260331 23:00:54- INFO- 已获取 20230421 申万行业数据
20260331 23:00:56- INFO- 已获取 20230424 申万行业数据
20260331 23:00:57- INFO- 已获取 20230425 申万行业数据
20260331 23:00:57- INFO- 已获取 20230426 申万行业数据
20260331 23:00:58- INFO- 已获取 20230427 申万行业数据
20260331 23:00:59- INFO- 已获取 20230428 申万行业数据
20260331 23:01:02- INFO- 已获取 20230504 申万行业数据
20260331 23:01:03- INFO- 已获取 20230505 申万行业数据
20260331 23:01:05- INFO- 已获取 20230508 申万行业数据
20260331 23:01:06- INFO- 已获取 20230509 申万行业数据
20260331 23:01:06- INFO- 已获取 20230510 申万行业数据
20260331 23:01:07- INFO- 已获取 20230511 申万行业数据
20260331 23:01:08- INFO- 已获取 20230512 申万行业数据
20260331 23:01:10- INFO- 已获取 20230515 申万行业数据
20260331 23:01:10- INFO- 已获取 20230516 申万行业数据
20260331 23:01:11- INFO- 已获取 20230517 申万行业数据
20260331 23:01:12- INFO- 已获取 20230518 申万行业数据
20260331 23:01:12- INFO- 已获取 20230519 申万行业数据
20260331 23:01:15- INFO- 已获取 20230522 申万行业数据
20260331 23:01:15- INFO- 已获取 20230523 申万行业数据
20260331 23:01:16- INFO- 已获取 20230524 申万行业数据
20260331 23:01:17- INFO- 已获取 20230525 申万行业数据
20260331 23:01:17- INFO- 已获取 20230526 申万行业数据
20260331 23:01:19- INFO- 已获取 20230529 申万行业数据
20260331 23:01:20- INFO- 已获取 20230530 申万行业数据
20260331 23:01:21- INFO- 已获取 20230531 申万行业数据
20260331 23:01:21- INFO- 已获取 20230601 申万行业数据
20260331 23:01:22- INFO- 已获取 20230602 申万行业数据
20260331 23:01:24- INFO- 已获取 20230605 申万行业数据
20260331 23:01:25- INFO- 已获取 20230606 申万行业数据
20260331 23:01:25- INFO- 已获取 20230607 申万行业数据
20260331 23:01:26- INFO- 已获取 20230608 申万行业数据
20260331 23:01:27- INFO- 已获取 20230609 申万行业数据
20260331 23:01:29- INFO- 已获取 20230612 申万行业数据
20260331 23:01:29- INFO- 已获取 20230613 申万行业数据
20260331 23:01:30- INFO- 已获取 20230614 申万行业数据
20260331 23:01:31- INFO- 已获取 20230615 申万行业数据
20260331 23:01:31- INFO- 已获取 20230616 申万行业数据
20260331 23:01:33- INFO- 已获取 20230619 申万行业数据
20260331 23:01:34- INFO- 已获取 20230620 申万行业数据
20260331 23:01:35- INFO- 已获取 20230621 申万行业数据
20260331 23:01:38- INFO- 已获取 20230626 申万行业数据
20260331 23:01:38- INFO- 已获取 20230627 申万行业数据
20260331 23:01:39- INFO- 已获取 20230628 申万行业数据
20260331 23:01:40- INFO- 已获取 20230629 申万行业数据
20260331 23:01:40- INFO- 已获取 20230630 申万行业数据
20260331 23:01:42- INFO- 已获取 20230703 申万行业数据
20260331 23:01:43- INFO- 已获取 20230704 申万行业数据
20260331 23:01:44- INFO- 已获取 20230705 申万行业数据
20260331 23:01:44- INFO- 已获取 20230706 申万行业数据
20260331 23:01:45- INFO- 已获取 20230707 申万行业数据
20260331 23:01:47- INFO- 已获取 20230710 申万行业数据
20260331 23:01:47- INFO- 已获取 20230711 申万行业数据
20260331 23:01:48- INFO- 已获取 20230712 申万行业数据
20260331 23:01:49- INFO- 已获取 20230713 申万行业数据
20260331 23:01:49- INFO- 已获取 20230714 申万行业数据
20260331 23:01:51- INFO- 已获取 20230717 申万行业数据
20260331 23:01:52- INFO- 已获取 20230718 申万行业数据
20260331 23:01:53- INFO- 已获取 20230719 申万行业数据
20260331 23:01:53- INFO- 已获取 20230720 申万行业数据
20260331 23:01:54- INFO- 已获取 20230721 申万行业数据
20260331 23:01:58- INFO- 已获取 20230724 申万行业数据
20260331 23:01:59- INFO- 已获取 20230725 申万行业数据
20260331 23:01:59- INFO- 已获取 20230726 申万行业数据
20260331 23:02:00- INFO- 已获取 20230727 申万行业数据
20260331 23:02:01- INFO- 已获取 20230728 申万行业数据
20260331 23:02:03- INFO- 已获取 20230731 申万行业数据
20260331 23:02:03- INFO- 已获取 20230801 申万行业数据
20260331 23:02:04- INFO- 已获取 20230802 申万行业数据
20260331 23:02:05- INFO- 已获取 20230803 申万行业数据
20260331 23:02:05- INFO- 已获取 20230804 申万行业数据
20260331 23:02:07- INFO- 已获取 20230807 申万行业数据
20260331 23:02:08- INFO- 已获取 20230808 申万行业数据
20260331 23:02:08- INFO- 已获取 20230809 申万行业数据
20260331 23:02:09- INFO- 已获取 20230810 申万行业数据
20260331 23:02:10- INFO- 已获取 20230811 申万行业数据
20260331 23:02:12- INFO- 已获取 20230814 申万行业数据
20260331 23:02:12- INFO- 已获取 20230815 申万行业数据
20260331 23:02:13- INFO- 已获取 20230816 申万行业数据
20260331 23:02:14- INFO- 已获取 20230817 申万行业数据
20260331 23:02:14- INFO- 已获取 20230818 申万行业数据
20260331 23:02:16- INFO- 已获取 20230821 申万行业数据
20260331 23:02:17- INFO- 已获取 20230822 申万行业数据
20260331 23:02:18- INFO- 已获取 20230823 申万行业数据
20260331 23:02:18- INFO- 已获取 20230824 申万行业数据
20260331 23:02:19- INFO- 已获取 20230825 申万行业数据
20260331 23:02:21- INFO- 已获取 20230828 申万行业数据
20260331 23:02:21- INFO- 已获取 20230829 申万行业数据
20260331 23:02:22- INFO- 已获取 20230830 申万行业数据
20260331 23:02:23- INFO- 已获取 20230831 申万行业数据
20260331 23:02:23- INFO- 已获取 20230901 申万行业数据
20260331 23:02:25- INFO- 已获取 20230904 申万行业数据
20260331 23:02:26- INFO- 已获取 20230905 申万行业数据
20260331 23:02:27- INFO- 已获取 20230906 申万行业数据
20260331 23:02:27- INFO- 已获取 20230907 申万行业数据
20260331 23:02:28- INFO- 已获取 20230908 申万行业数据
20260331 23:02:30- INFO- 已获取 20230911 申万行业数据
20260331 23:02:31- INFO- 已获取 20230912 申万行业数据
20260331 23:02:31- INFO- 已获取 20230913 申万行业数据
20260331 23:02:32- INFO- 已获取 20230914 申万行业数据
20260331 23:02:33- INFO- 已获取 20230915 申万行业数据
20260331 23:02:35- INFO- 已获取 20230918 申万行业数据
20260331 23:02:35- INFO- 已获取 20230919 申万行业数据
20260331 23:02:36- INFO- 已获取 20230920 申万行业数据
20260331 23:02:37- INFO- 已获取 20230921 申万行业数据
20260331 23:02:37- INFO- 已获取 20230922 申万行业数据
20260331 23:02:39- INFO- 已获取 20230925 申万行业数据
20260331 23:02:40- INFO- 已获取 20230926 申万行业数据
20260331 23:02:41- INFO- 已获取 20230927 申万行业数据
20260331 23:02:41- INFO- 已获取 20230928 申万行业数据
20260331 23:02:48- INFO- 已获取 20231009 申万行业数据
20260331 23:02:49- INFO- 已获取 20231010 申万行业数据
20260331 23:02:49- INFO- 已获取 20231011 申万行业数据
20260331 23:02:50- INFO- 已获取 20231012 申万行业数据
20260331 23:02:51- INFO- 已获取 20231013 申万行业数据
20260331 23:02:53- INFO- 已获取 20231016 申万行业数据
20260331 23:02:53- INFO- 已获取 20231017 申万行业数据
20260331 23:02:54- INFO- 已获取 20231018 申万行业数据
20260331 23:02:55- INFO- 已获取 20231019 申万行业数据
20260331 23:02:56- INFO- 已获取 20231020 申万行业数据
20260331 23:02:57- INFO- 已获取 20231023 申万行业数据
20260331 23:02:58- INFO- 已获取 20231024 申万行业数据
20260331 23:02:59- INFO- 已获取 20231025 申万行业数据
20260331 23:02:59- INFO- 已获取 20231026 申万行业数据
20260331 23:03:00- INFO- 已获取 20231027 申万行业数据
20260331 23:03:02- INFO- 已获取 20231030 申万行业数据
20260331 23:03:03- INFO- 已获取 20231031 申万行业数据
20260331 23:03:03- INFO- 已获取 20231101 申万行业数据
20260331 23:03:04- INFO- 已获取 20231102 申万行业数据
20260331 23:03:05- INFO- 已获取 20231103 申万行业数据
20260331 23:03:07- INFO- 已获取 20231106 申万行业数据
20260331 23:03:07- INFO- 已获取 20231107 申万行业数据
20260331 23:03:08- INFO- 已获取 20231108 申万行业数据
20260331 23:03:09- INFO- 已获取 20231109 申万行业数据
20260331 23:03:09- INFO- 已获取 20231110 申万行业数据
20260331 23:03:11- INFO- 已获取 20231113 申万行业数据
20260331 23:03:12- INFO- 已获取 20231114 申万行业数据
20260331 23:03:12- INFO- 已获取 20231115 申万行业数据
20260331 23:03:13- INFO- 已获取 20231116 申万行业数据
20260331 23:03:14- INFO- 已获取 20231117 申万行业数据
20260331 23:03:16- INFO- 已获取 20231120 申万行业数据
20260331 23:03:16- INFO- 已获取 20231121 申万行业数据
20260331 23:03:17- INFO- 已获取 20231122 申万行业数据
20260331 23:03:18- INFO- 已获取 20231123 申万行业数据
20260331 23:03:18- INFO- 已获取 20231124 申万行业数据
20260331 23:03:20- INFO- 已获取 20231127 申万行业数据
20260331 23:03:21- INFO- 已获取 20231128 申万行业数据
20260331 23:03:22- INFO- 已获取 20231129 申万行业数据
20260331 23:03:22- INFO- 已获取 20231130 申万行业数据
20260331 23:03:23- INFO- 已获取 20231201 申万行业数据
20260331 23:03:25- INFO- 已获取 20231204 申万行业数据
20260331 23:03:25- INFO- 已获取 20231205 申万行业数据
20260331 23:03:26- INFO- 已获取 20231206 申万行业数据
20260331 23:03:27- INFO- 已获取 20231207 申万行业数据
20260331 23:03:27- INFO- 已获取 20231208 申万行业数据
20260331 23:03:29- INFO- 已获取 20231211 申万行业数据
20260331 23:03:30- INFO- 已获取 20231212 申万行业数据
20260331 23:03:31- INFO- 已获取 20231213 申万行业数据
20260331 23:03:31- INFO- 已获取 20231214 申万行业数据
20260331 23:03:32- INFO- 已获取 20231215 申万行业数据
20260331 23:03:34- INFO- 已获取 20231218 申万行业数据
20260331 23:03:35- INFO- 已获取 20231219 申万行业数据
20260331 23:03:35- INFO- 已获取 20231220 申万行业数据
20260331 23:03:36- INFO- 已获取 20231221 申万行业数据
20260331 23:03:37- INFO- 已获取 20231222 申万行业数据
20260331 23:03:38- INFO- 已获取 20231225 申万行业数据
20260331 23:03:39- INFO- 已获取 20231226 申万行业数据
20260331 23:03:40- INFO- 已获取 20231227 申万行业数据
20260331 23:03:40- INFO- 已获取 20231228 申万行业数据
20260331 23:03:41- INFO- 已获取 20231229 申万行业数据
20260331 23:03:44- INFO- 已获取 20240102 申万行业数据
20260331 23:03:44- INFO- 已获取 20240103 申万行业数据
20260331 23:03:45- INFO- 已获取 20240104 申万行业数据
20260331 23:03:46- INFO- 已获取 20240105 申万行业数据
20260331 23:03:48- INFO- 已获取 20240108 申万行业数据
20260331 23:03:48- INFO- 已获取 20240109 申万行业数据
20260331 23:03:49- INFO- 已获取 20240110 申万行业数据
20260331 23:03:49- INFO- 已获取 20240111 申万行业数据
20260331 23:03:50- INFO- 已获取 20240112 申万行业数据
20260331 23:03:52- INFO- 已获取 20240115 申万行业数据
20260331 23:03:53- INFO- 已获取 20240116 申万行业数据
20260331 23:03:53- INFO- 已获取 20240117 申万行业数据
20260331 23:03:54- INFO- 已获取 20240118 申万行业数据
20260331 23:03:55- INFO- 已获取 20240119 申万行业数据
20260331 23:03:57- INFO- 已获取 20240122 申万行业数据
20260331 23:03:57- INFO- 已获取 20240123 申万行业数据
20260331 23:03:58- INFO- 已获取 20240124 申万行业数据
20260331 23:03:59- INFO- 已获取 20240125 申万行业数据
20260331 23:03:59- INFO- 已获取 20240126 申万行业数据
20260331 23:04:01- INFO- 已获取 20240129 申万行业数据
20260331 23:04:02- INFO- 已获取 20240130 申万行业数据
20260331 23:04:03- INFO- 已获取 20240131 申万行业数据
20260331 23:04:03- INFO- 已获取 20240201 申万行业数据
20260331 23:04:04- INFO- 已获取 20240202 申万行业数据
20260331 23:04:06- INFO- 已获取 20240205 申万行业数据
20260331 23:04:06- INFO- 已获取 20240206 申万行业数据
20260331 23:04:07- INFO- 已获取 20240207 申万行业数据
20260331 23:04:08- INFO- 已获取 20240208 申万行业数据
20260331 23:04:15- INFO- 已获取 20240219 申万行业数据
20260331 23:04:15- INFO- 已获取 20240220 申万行业数据
20260331 23:04:16- INFO- 已获取 20240221 申万行业数据
20260331 23:04:17- INFO- 已获取 20240222 申万行业数据
20260331 23:04:17- INFO- 已获取 20240223 申万行业数据
20260331 23:04:19- INFO- 已获取 20240226 申万行业数据
20260331 23:04:20- INFO- 已获取 20240227 申万行业数据
20260331 23:04:21- INFO- 已获取 20240228 申万行业数据
20260331 23:04:21- INFO- 已获取 20240229 申万行业数据
20260331 23:04:22- INFO- 已获取 20240301 申万行业数据
20260331 23:04:24- INFO- 已获取 20240304 申万行业数据
20260331 23:04:24- INFO- 已获取 20240305 申万行业数据
20260331 23:04:25- INFO- 已获取 20240306 申万行业数据
20260331 23:04:26- INFO- 已获取 20240307 申万行业数据
20260331 23:04:26- INFO- 已获取 20240308 申万行业数据
20260331 23:04:28- INFO- 已获取 20240311 申万行业数据
20260331 23:04:29- INFO- 已获取 20240312 申万行业数据
20260331 23:04:30- INFO- 已获取 20240313 申万行业数据
20260331 23:04:30- INFO- 已获取 20240314 申万行业数据
20260331 23:04:31- INFO- 已获取 20240315 申万行业数据
20260331 23:04:33- INFO- 已获取 20240318 申万行业数据
20260331 23:04:34- INFO- 已获取 20240319 申万行业数据
20260331 23:04:34- INFO- 已获取 20240320 申万行业数据
20260331 23:04:35- INFO- 已获取 20240321 申万行业数据
20260331 23:04:36- INFO- 已获取 20240322 申万行业数据
20260331 23:04:37- INFO- 已获取 20240325 申万行业数据
20260331 23:04:38- INFO- 已获取 20240326 申万行业数据
20260331 23:04:39- INFO- 已获取 20240327 申万行业数据
20260331 23:04:39- INFO- 已获取 20240328 申万行业数据
20260331 23:04:40- INFO- 已获取 20240329 申万行业数据
20260331 23:04:42- INFO- 已获取 20240401 申万行业数据
20260331 23:04:43- INFO- 已获取 20240402 申万行业数据
20260331 23:04:43- INFO- 已获取 20240403 申万行业数据
20260331 23:04:47- INFO- 已获取 20240408 申万行业数据
20260331 23:04:47- INFO- 已获取 20240409 申万行业数据
20260331 23:04:48- INFO- 已获取 20240410 申万行业数据
20260331 23:04:49- INFO- 已获取 20240411 申万行业数据
20260331 23:04:49- INFO- 已获取 20240412 申万行业数据
20260331 23:04:51- INFO- 已获取 20240415 申万行业数据
20260331 23:04:52- INFO- 已获取 20240416 申万行业数据
20260331 23:04:52- INFO- 已获取 20240417 申万行业数据
20260331 23:04:53- INFO- 已获取 20240418 申万行业数据
20260331 23:04:54- INFO- 已获取 20240419 申万行业数据
20260331 23:04:56- INFO- 已获取 20240422 申万行业数据
20260331 23:04:56- INFO- 已获取 20240423 申万行业数据
20260331 23:04:57- INFO- 已获取 20240424 申万行业数据
20260331 23:04:58- INFO- 已获取 20240425 申万行业数据
20260331 23:04:58- INFO- 已获取 20240426 申万行业数据
20260331 23:05:00- INFO- 已获取 20240429 申万行业数据
20260331 23:05:01- INFO- 已获取 20240430 申万行业数据
20260331 23:05:05- INFO- 已获取 20240506 申万行业数据
20260331 23:05:05- INFO- 已获取 20240507 申万行业数据
20260331 23:05:06- INFO- 已获取 20240508 申万行业数据
20260331 23:05:07- INFO- 已获取 20240509 申万行业数据
20260331 23:05:07- INFO- 已获取 20240510 申万行业数据
20260331 23:05:09- INFO- 已获取 20240513 申万行业数据
20260331 23:05:10- INFO- 已获取 20240514 申万行业数据
20260331 23:05:11- INFO- 已获取 20240515 申万行业数据
20260331 23:05:11- INFO- 已获取 20240516 申万行业数据
20260331 23:05:12- INFO- 已获取 20240517 申万行业数据
20260331 23:05:14- INFO- 已获取 20240520 申万行业数据
20260331 23:05:15- INFO- 已获取 20240521 申万行业数据
20260331 23:05:15- INFO- 已获取 20240522 申万行业数据
20260331 23:05:16- INFO- 已获取 20240523 申万行业数据
20260331 23:05:17- INFO- 已获取 20240524 申万行业数据
20260331 23:05:18- INFO- 已获取 20240527 申万行业数据
20260331 23:05:19- INFO- 已获取 20240528 申万行业数据
20260331 23:05:20- INFO- 已获取 20240529 申万行业数据
20260331 23:05:20- INFO- 已获取 20240530 申万行业数据
20260331 23:05:21- INFO- 已获取 20240531 申万行业数据
20260331 23:05:23- INFO- 已获取 20240603 申万行业数据
20260331 23:05:24- INFO- 已获取 20240604 申万行业数据
20260331 23:05:24- INFO- 已获取 20240605 申万行业数据
20260331 23:05:25- INFO- 已获取 20240606 申万行业数据
20260331 23:05:26- INFO- 已获取 20240607 申万行业数据
20260331 23:05:28- INFO- 已获取 20240611 申万行业数据
20260331 23:05:29- INFO- 已获取 20240612 申万行业数据
20260331 23:05:30- INFO- 已获取 20240613 申万行业数据
20260331 23:05:30- INFO- 已获取 20240614 申万行业数据
20260331 23:05:32- INFO- 已获取 20240617 申万行业数据
20260331 23:05:33- INFO- 已获取 20240618 申万行业数据
20260331 23:05:33- INFO- 已获取 20240619 申万行业数据
20260331 23:05:34- INFO- 已获取 20240620 申万行业数据
20260331 23:05:35- INFO- 已获取 20240621 申万行业数据
20260331 23:05:37- INFO- 已获取 20240624 申万行业数据
20260331 23:05:37- INFO- 已获取 20240625 申万行业数据
20260331 23:05:38- INFO- 已获取 20240626 申万行业数据
20260331 23:05:39- INFO- 已获取 20240627 申万行业数据
20260331 23:05:39- INFO- 已获取 20240628 申万行业数据
20260331 23:05:41- INFO- 已获取 20240701 申万行业数据
20260331 23:05:42- INFO- 已获取 20240702 申万行业数据
20260331 23:05:43- INFO- 已获取 20240703 申万行业数据
20260331 23:05:43- INFO- 已获取 20240704 申万行业数据
20260331 23:05:44- INFO- 已获取 20240705 申万行业数据
20260331 23:05:46- INFO- 已获取 20240708 申万行业数据
20260331 23:05:47- INFO- 已获取 20240709 申万行业数据
20260331 23:05:47- INFO- 已获取 20240710 申万行业数据
20260331 23:05:48- INFO- 已获取 20240711 申万行业数据
20260331 23:05:49- INFO- 已获取 20240712 申万行业数据
20260331 23:05:51- INFO- 已获取 20240715 申万行业数据
20260331 23:05:51- INFO- 已获取 20240716 申万行业数据
20260331 23:05:52- INFO- 已获取 20240717 申万行业数据
20260331 23:05:53- INFO- 已获取 20240718 申万行业数据
20260331 23:05:53- INFO- 已获取 20240719 申万行业数据
20260331 23:05:55- INFO- 已获取 20240722 申万行业数据
20260331 23:05:56- INFO- 已获取 20240723 申万行业数据
20260331 23:05:56- INFO- 已获取 20240724 申万行业数据
20260331 23:05:57- INFO- 已获取 20240725 申万行业数据
20260331 23:05:58- INFO- 已获取 20240726 申万行业数据
20260331 23:06:00- INFO- 已获取 20240729 申万行业数据
20260331 23:06:00- INFO- 已获取 20240730 申万行业数据
20260331 23:06:01- INFO- 已获取 20240731 申万行业数据
20260331 23:06:02- INFO- 已获取 20240801 申万行业数据
20260331 23:06:02- INFO- 已获取 20240802 申万行业数据
20260331 23:06:04- INFO- 已获取 20240805 申万行业数据
20260331 23:06:05- INFO- 已获取 20240806 申万行业数据
20260331 23:06:06- INFO- 已获取 20240807 申万行业数据
20260331 23:06:06- INFO- 已获取 20240808 申万行业数据
20260331 23:06:07- INFO- 已获取 20240809 申万行业数据
20260331 23:06:09- INFO- 已获取 20240812 申万行业数据
20260331 23:06:09- INFO- 已获取 20240813 申万行业数据
20260331 23:06:10- INFO- 已获取 20240814 申万行业数据
20260331 23:06:11- INFO- 已获取 20240815 申万行业数据
20260331 23:06:12- INFO- 已获取 20240816 申万行业数据
20260331 23:06:13- INFO- 已获取 20240819 申万行业数据
20260331 23:06:14- INFO- 已获取 20240820 申万行业数据
20260331 23:06:15- INFO- 已获取 20240821 申万行业数据
20260331 23:06:15- INFO- 已获取 20240822 申万行业数据
20260331 23:06:16- INFO- 已获取 20240823 申万行业数据
20260331 23:06:18- INFO- 已获取 20240826 申万行业数据
20260331 23:06:19- INFO- 已获取 20240827 申万行业数据
20260331 23:06:19- INFO- 已获取 20240828 申万行业数据
20260331 23:06:20- INFO- 已获取 20240829 申万行业数据
20260331 23:06:21- INFO- 已获取 20240830 申万行业数据
20260331 23:06:23- INFO- 已获取 20240902 申万行业数据
20260331 23:06:23- INFO- 已获取 20240903 申万行业数据
20260331 23:06:24- INFO- 已获取 20240904 申万行业数据
20260331 23:06:25- INFO- 已获取 20240905 申万行业数据
20260331 23:06:25- INFO- 已获取 20240906 申万行业数据
20260331 23:06:27- INFO- 已获取 20240909 申万行业数据
20260331 23:06:28- INFO- 已获取 20240910 申万行业数据
20260331 23:06:29- INFO- 已获取 20240911 申万行业数据
20260331 23:06:29- INFO- 已获取 20240912 申万行业数据
20260331 23:06:30- INFO- 已获取 20240913 申万行业数据
20260331 23:06:33- INFO- 已获取 20240918 申万行业数据
20260331 23:06:34- INFO- 已获取 20240919 申万行业数据
20260331 23:06:34- INFO- 已获取 20240920 申万行业数据
20260331 23:06:36- INFO- 已获取 20240923 申万行业数据
20260331 23:06:37- INFO- 已获取 20240924 申万行业数据
20260331 23:06:38- INFO- 已获取 20240925 申万行业数据
20260331 23:06:38- INFO- 已获取 20240926 申万行业数据
20260331 23:06:39- INFO- 已获取 20240927 申万行业数据
20260331 23:06:41- INFO- 已获取 20240930 申万行业数据
20260331 23:06:46- INFO- 已获取 20241008 申万行业数据
20260331 23:06:46- INFO- 已获取 20241009 申万行业数据
20260331 23:06:47- INFO- 已获取 20241010 申万行业数据
20260331 23:06:48- INFO- 已获取 20241011 申万行业数据
20260331 23:06:50- INFO- 已获取 20241014 申万行业数据
20260331 23:06:50- INFO- 已获取 20241015 申万行业数据
20260331 23:06:51- INFO- 已获取 20241016 申万行业数据
20260331 23:06:52- INFO- 已获取 20241017 申万行业数据
20260331 23:06:52- INFO- 已获取 20241018 申万行业数据
20260331 23:06:54- INFO- 已获取 20241021 申万行业数据
20260331 23:06:55- INFO- 已获取 20241022 申万行业数据
20260331 23:06:56- INFO- 已获取 20241023 申万行业数据
20260331 23:06:56- INFO- 已获取 20241024 申万行业数据
20260331 23:06:57- INFO- 已获取 20241025 申万行业数据
20260331 23:06:59- INFO- 已获取 20241028 申万行业数据
20260331 23:07:00- INFO- 已获取 20241029 申万行业数据
20260331 23:07:00- INFO- 已获取 20241030 申万行业数据
20260331 23:07:01- INFO- 已获取 20241031 申万行业数据
20260331 23:07:02- INFO- 已获取 20241101 申万行业数据
20260331 23:07:03- INFO- 已获取 20241104 申万行业数据
20260331 23:07:04- INFO- 已获取 20241105 申万行业数据
20260331 23:07:05- INFO- 已获取 20241106 申万行业数据
20260331 23:07:05- INFO- 已获取 20241107 申万行业数据
20260331 23:07:06- INFO- 已获取 20241108 申万行业数据
20260331 23:07:08- INFO- 已获取 20241111 申万行业数据
20260331 23:07:09- INFO- 已获取 20241112 申万行业数据
20260331 23:07:09- INFO- 已获取 20241113 申万行业数据
20260331 23:07:10- INFO- 已获取 20241114 申万行业数据
20260331 23:07:11- INFO- 已获取 20241115 申万行业数据
20260331 23:07:13- INFO- 已获取 20241118 申万行业数据
20260331 23:07:13- INFO- 已获取 20241119 申万行业数据
20260331 23:07:14- INFO- 已获取 20241120 申万行业数据
20260331 23:07:15- INFO- 已获取 20241121 申万行业数据
20260331 23:07:15- INFO- 已获取 20241122 申万行业数据
20260331 23:07:17- INFO- 已获取 20241125 申万行业数据
20260331 23:07:18- INFO- 已获取 20241126 申万行业数据
20260331 23:07:18- INFO- 已获取 20241127 申万行业数据
20260331 23:07:19- INFO- 已获取 20241128 申万行业数据
20260331 23:07:20- INFO- 已获取 20241129 申万行业数据
20260331 23:07:22- INFO- 已获取 20241202 申万行业数据
20260331 23:07:22- INFO- 已获取 20241203 申万行业数据
20260331 23:07:23- INFO- 已获取 20241204 申万行业数据
20260331 23:07:24- INFO- 已获取 20241205 申万行业数据
20260331 23:07:24- INFO- 已获取 20241206 申万行业数据
20260331 23:07:26- INFO- 已获取 20241209 申万行业数据
20260331 23:07:27- INFO- 已获取 20241210 申万行业数据
20260331 23:07:28- INFO- 已获取 20241211 申万行业数据
20260331 23:07:28- INFO- 已获取 20241212 申万行业数据
20260331 23:07:29- INFO- 已获取 20241213 申万行业数据
20260331 23:07:31- INFO- 已获取 20241216 申万行业数据
20260331 23:07:31- INFO- 已获取 20241217 申万行业数据
20260331 23:07:32- INFO- 已获取 20241218 申万行业数据
20260331 23:07:33- INFO- 已获取 20241219 申万行业数据
20260331 23:07:33- INFO- 已获取 20241220 申万行业数据
20260331 23:07:35- INFO- 已获取 20241223 申万行业数据
20260331 23:07:36- INFO- 已获取 20241224 申万行业数据
20260331 23:07:37- INFO- 已获取 20241225 申万行业数据
20260331 23:07:37- INFO- 已获取 20241226 申万行业数据
20260331 23:07:38- INFO- 已获取 20241227 申万行业数据
20260331 23:07:40- INFO- 已获取 20241230 申万行业数据
20260331 23:07:41- INFO- 已获取 20241231 申万行业数据
20260331 23:07:42- INFO- 已获取 20250102 申万行业数据
20260331 23:07:43- INFO- 已获取 20250103 申万行业数据
20260331 23:07:44- INFO- 已获取 20250106 申万行业数据
20260331 23:07:45- INFO- 已获取 20250107 申万行业数据
20260331 23:07:46- INFO- 已获取 20250108 申万行业数据
20260331 23:07:46- INFO- 已获取 20250109 申万行业数据
20260331 23:07:47- INFO- 已获取 20250110 申万行业数据
20260331 23:07:49- INFO- 已获取 20250113 申万行业数据
20260331 23:07:50- INFO- 已获取 20250114 申万行业数据
20260331 23:07:50- INFO- 已获取 20250115 申万行业数据
20260331 23:07:51- INFO- 已获取 20250116 申万行业数据
20260331 23:07:52- INFO- 已获取 20250117 申万行业数据
20260331 23:07:54- INFO- 已获取 20250120 申万行业数据
20260331 23:07:54- INFO- 已获取 20250121 申万行业数据
20260331 23:07:55- INFO- 已获取 20250122 申万行业数据
20260331 23:07:56- INFO- 已获取 20250123 申万行业数据
20260331 23:07:56- INFO- 已获取 20250124 申万行业数据
20260331 23:07:58- INFO- 已获取 20250127 申万行业数据
20260331 23:08:04- INFO- 已获取 20250205 申万行业数据
20260331 23:08:04- INFO- 已获取 20250206 申万行业数据
20260331 23:08:05- INFO- 已获取 20250207 申万行业数据
20260331 23:08:07- INFO- 已获取 20250210 申万行业数据
20260331 23:08:08- INFO- 已获取 20250211 申万行业数据
20260331 23:08:08- INFO- 已获取 20250212 申万行业数据
20260331 23:08:09- INFO- 已获取 20250213 申万行业数据
20260331 23:08:10- INFO- 已获取 20250214 申万行业数据
20260331 23:08:11- INFO- 已获取 20250217 申万行业数据
20260331 23:08:12- INFO- 已获取 20250218 申万行业数据
20260331 23:08:13- INFO- 已获取 20250219 申万行业数据
20260331 23:08:13- INFO- 已获取 20250220 申万行业数据
20260331 23:08:14- INFO- 已获取 20250221 申万行业数据
20260331 23:08:16- INFO- 已获取 20250224 申万行业数据
20260331 23:08:17- INFO- 已获取 20250225 申万行业数据
20260331 23:08:17- INFO- 已获取 20250226 申万行业数据
20260331 23:08:18- INFO- 已获取 20250227 申万行业数据
20260331 23:08:19- INFO- 已获取 20250228 申万行业数据
20260331 23:08:21- INFO- 已获取 20250303 申万行业数据
20260331 23:08:21- INFO- 已获取 20250304 申万行业数据
20260331 23:08:22- INFO- 已获取 20250305 申万行业数据
20260331 23:08:23- INFO- 已获取 20250306 申万行业数据
20260331 23:08:23- INFO- 已获取 20250307 申万行业数据
20260331 23:08:25- INFO- 已获取 20250310 申万行业数据
20260331 23:08:26- INFO- 已获取 20250311 申万行业数据
20260331 23:08:26- INFO- 已获取 20250312 申万行业数据
20260331 23:08:27- INFO- 已获取 20250313 申万行业数据
20260331 23:08:28- INFO- 已获取 20250314 申万行业数据
20260331 23:08:30- INFO- 已获取 20250317 申万行业数据
20260331 23:08:30- INFO- 已获取 20250318 申万行业数据
20260331 23:08:31- INFO- 已获取 20250319 申万行业数据
20260331 23:08:32- INFO- 已获取 20250320 申万行业数据
20260331 23:08:32- INFO- 已获取 20250321 申万行业数据
20260331 23:08:34- INFO- 已获取 20250324 申万行业数据
20260331 23:08:35- INFO- 已获取 20250325 申万行业数据
20260331 23:08:36- INFO- 已获取 20250326 申万行业数据
20260331 23:08:36- INFO- 已获取 20250327 申万行业数据
20260331 23:08:37- INFO- 已获取 20250328 申万行业数据
20260331 23:08:39- INFO- 已获取 20250331 申万行业数据
20260331 23:08:40- INFO- 已获取 20250401 申万行业数据
20260331 23:08:40- INFO- 已获取 20250402 申万行业数据
20260331 23:08:41- INFO- 已获取 20250403 申万行业数据
20260331 23:08:43- INFO- 已获取 20250407 申万行业数据
20260331 23:08:44- INFO- 已获取 20250408 申万行业数据
20260331 23:08:45- INFO- 已获取 20250409 申万行业数据
20260331 23:08:45- INFO- 已获取 20250410 申万行业数据
20260331 23:08:46- INFO- 已获取 20250411 申万行业数据
20260331 23:08:48- INFO- 已获取 20250414 申万行业数据
20260331 23:08:49- INFO- 已获取 20250415 申万行业数据
20260331 23:08:49- INFO- 已获取 20250416 申万行业数据
20260331 23:08:50- INFO- 已获取 20250417 申万行业数据
20260331 23:08:51- INFO- 已获取 20250418 申万行业数据
20260331 23:08:53- INFO- 已获取 20250421 申万行业数据
20260331 23:08:53- INFO- 已获取 20250422 申万行业数据
20260331 23:08:54- INFO- 已获取 20250423 申万行业数据
20260331 23:08:54- INFO- 已获取 20250424 申万行业数据
20260331 23:08:55- INFO- 已获取 20250425 申万行业数据
20260331 23:08:57- INFO- 已获取 20250428 申万行业数据
20260331 23:08:58- INFO- 已获取 20250429 申万行业数据
20260331 23:08:58- INFO- 已获取 20250430 申万行业数据
20260331 23:09:02- INFO- 已获取 20250506 申万行业数据
20260331 23:09:03- INFO- 已获取 20250507 申万行业数据
20260331 23:09:03- INFO- 已获取 20250508 申万行业数据
20260331 23:09:04- INFO- 已获取 20250509 申万行业数据
20260331 23:09:06- INFO- 已获取 20250512 申万行业数据
20260331 23:09:07- INFO- 已获取 20250513 申万行业数据
20260331 23:09:07- INFO- 已获取 20250514 申万行业数据
20260331 23:09:08- INFO- 已获取 20250515 申万行业数据
20260331 23:09:09- INFO- 已获取 20250516 申万行业数据
20260331 23:09:11- INFO- 已获取 20250519 申万行业数据
20260331 23:09:11- INFO- 已获取 20250520 申万行业数据
20260331 23:09:12- INFO- 已获取 20250521 申万行业数据
20260331 23:09:13- INFO- 已获取 20250522 申万行业数据
20260331 23:09:13- INFO- 已获取 20250523 申万行业数据
20260331 23:09:15- INFO- 已获取 20250526 申万行业数据
20260331 23:09:16- INFO- 已获取 20250527 申万行业数据
20260331 23:09:16- INFO- 已获取 20250528 申万行业数据
20260331 23:09:17- INFO- 已获取 20250529 申万行业数据
20260331 23:09:18- INFO- 已获取 20250530 申万行业数据
20260331 23:09:20- INFO- 已获取 20250603 申万行业数据
20260331 23:09:21- INFO- 已获取 20250604 申万行业数据
20260331 23:09:22- INFO- 已获取 20250605 申万行业数据
20260331 23:09:22- INFO- 已获取 20250606 申万行业数据
20260331 23:09:24- INFO- 已获取 20250609 申万行业数据
20260331 23:09:25- INFO- 已获取 20250610 申万行业数据
20260331 23:09:26- INFO- 已获取 20250611 申万行业数据
20260331 23:09:26- INFO- 已获取 20250612 申万行业数据
20260331 23:09:27- INFO- 已获取 20250613 申万行业数据
20260331 23:09:29- INFO- 已获取 20250616 申万行业数据
20260331 23:09:30- INFO- 已获取 20250617 申万行业数据
20260331 23:09:30- INFO- 已获取 20250618 申万行业数据
20260331 23:09:31- INFO- 已获取 20250619 申万行业数据
20260331 23:09:32- INFO- 已获取 20250620 申万行业数据
20260331 23:09:33- INFO- 已获取 20250623 申万行业数据
20260331 23:09:34- INFO- 已获取 20250624 申万行业数据
20260331 23:09:35- INFO- 已获取 20250625 申万行业数据
20260331 23:09:35- INFO- 已获取 20250626 申万行业数据
20260331 23:09:36- INFO- 已获取 20250627 申万行业数据
20260331 23:09:38- INFO- 已获取 20250630 申万行业数据
20260331 23:09:39- INFO- 已获取 20250701 申万行业数据
20260331 23:09:39- INFO- 已获取 20250702 申万行业数据
20260331 23:09:40- INFO- 已获取 20250703 申万行业数据
20260331 23:09:41- INFO- 已获取 20250704 申万行业数据
20260331 23:09:43- INFO- 已获取 20250707 申万行业数据
20260331 23:09:43- INFO- 已获取 20250708 申万行业数据
20260331 23:09:44- INFO- 已获取 20250709 申万行业数据
20260331 23:09:45- INFO- 已获取 20250710 申万行业数据
20260331 23:09:45- INFO- 已获取 20250711 申万行业数据
20260331 23:09:47- INFO- 已获取 20250714 申万行业数据
20260331 23:09:48- INFO- 已获取 20250715 申万行业数据
20260331 23:09:48- INFO- 已获取 20250716 申万行业数据
20260331 23:09:49- INFO- 已获取 20250717 申万行业数据
20260331 23:09:50- INFO- 已获取 20250718 申万行业数据
20260331 23:09:52- INFO- 已获取 20250721 申万行业数据
20260331 23:09:52- INFO- 已获取 20250722 申万行业数据
20260331 23:09:53- INFO- 已获取 20250723 申万行业数据
20260331 23:09:54- INFO- 已获取 20250724 申万行业数据
20260331 23:09:54- INFO- 已获取 20250725 申万行业数据
20260331 23:09:56- INFO- 已获取 20250728 申万行业数据
20260331 23:09:57- INFO- 已获取 20250729 申万行业数据
20260331 23:09:58- INFO- 已获取 20250730 申万行业数据
20260331 23:09:58- INFO- 已获取 20250731 申万行业数据
20260331 23:09:59- INFO- 已获取 20250801 申万行业数据
20260331 23:10:01- INFO- 已获取 20250804 申万行业数据
20260331 23:10:02- INFO- 已获取 20250805 申万行业数据
20260331 23:10:02- INFO- 已获取 20250806 申万行业数据
20260331 23:10:03- INFO- 已获取 20250807 申万行业数据
20260331 23:10:04- INFO- 已获取 20250808 申万行业数据
20260331 23:10:05- INFO- 已获取 20250811 申万行业数据
20260331 23:10:06- INFO- 已获取 20250812 申万行业数据
20260331 23:10:07- INFO- 已获取 20250813 申万行业数据
20260331 23:10:07- INFO- 已获取 20250814 申万行业数据
20260331 23:10:08- INFO- 已获取 20250815 申万行业数据
20260331 23:10:10- INFO- 已获取 20250818 申万行业数据
20260331 23:10:11- INFO- 已获取 20250819 申万行业数据
20260331 23:10:11- INFO- 已获取 20250820 申万行业数据
20260331 23:10:12- INFO- 已获取 20250821 申万行业数据
20260331 23:10:13- INFO- 已获取 20250822 申万行业数据
20260331 23:10:15- INFO- 已获取 20250825 申万行业数据
20260331 23:10:15- INFO- 已获取 20250826 申万行业数据
20260331 23:10:16- INFO- 已获取 20250827 申万行业数据
20260331 23:10:17- INFO- 已获取 20250828 申万行业数据
20260331 23:10:17- INFO- 已获取 20250829 申万行业数据
20260331 23:10:19- INFO- 已获取 20250901 申万行业数据
20260331 23:10:20- INFO- 已获取 20250902 申万行业数据
20260331 23:10:21- INFO- 已获取 20250903 申万行业数据
20260331 23:10:21- INFO- 已获取 20250904 申万行业数据
20260331 23:10:22- INFO- 已获取 20250905 申万行业数据
20260331 23:10:24- INFO- 已获取 20250908 申万行业数据
20260331 23:10:25- INFO- 已获取 20250909 申万行业数据
20260331 23:10:25- INFO- 已获取 20250910 申万行业数据
20260331 23:10:26- INFO- 已获取 20250911 申万行业数据
20260331 23:10:27- INFO- 已获取 20250912 申万行业数据
20260331 23:10:28- INFO- 已获取 20250915 申万行业数据
20260331 23:10:29- INFO- 已获取 20250916 申万行业数据
20260331 23:10:30- INFO- 已获取 20250917 申万行业数据
20260331 23:10:30- INFO- 已获取 20250918 申万行业数据
20260331 23:10:31- INFO- 已获取 20250919 申万行业数据
20260331 23:10:33- INFO- 已获取 20250922 申万行业数据
20260331 23:10:34- INFO- 已获取 20250923 申万行业数据
20260331 23:10:34- INFO- 已获取 20250924 申万行业数据
20260331 23:10:35- INFO- 已获取 20250925 申万行业数据
20260331 23:10:36- INFO- 已获取 20250926 申万行业数据
20260331 23:10:38- INFO- 已获取 20250929 申万行业数据
20260331 23:10:38- INFO- 已获取 20250930 申万行业数据
20260331 23:10:44- INFO- 已获取 20251009 申万行业数据
20260331 23:10:44- INFO- 已获取 20251010 申万行业数据
20260331 23:10:46- INFO- 已获取 20251013 申万行业数据
20260331 23:10:47- INFO- 已获取 20251014 申万行业数据
20260331 23:10:48- INFO- 已获取 20251015 申万行业数据
20260331 23:10:48- INFO- 已获取 20251016 申万行业数据
20260331 23:10:49- INFO- 已获取 20251017 申万行业数据
20260331 23:10:51- INFO- 已获取 20251020 申万行业数据
20260331 23:10:52- INFO- 已获取 20251021 申万行业数据
20260331 23:10:52- INFO- 已获取 20251022 申万行业数据
20260331 23:10:53- INFO- 已获取 20251023 申万行业数据
20260331 23:10:54- INFO- 已获取 20251024 申万行业数据
20260331 23:10:56- INFO- 已获取 20251027 申万行业数据
20260331 23:10:56- INFO- 已获取 20251028 申万行业数据
20260331 23:10:57- INFO- 已获取 20251029 申万行业数据
20260331 23:10:57- INFO- 已获取 20251030 申万行业数据
20260331 23:10:58- INFO- 已获取 20251031 申万行业数据
20260331 23:11:00- INFO- 已获取 20251103 申万行业数据
20260331 23:11:01- INFO- 已获取 20251104 申万行业数据
20260331 23:11:01- INFO- 已获取 20251105 申万行业数据
20260331 23:11:02- INFO- 已获取 20251106 申万行业数据
20260331 23:11:03- INFO- 已获取 20251107 申万行业数据
20260331 23:11:05- INFO- 已获取 20251110 申万行业数据
20260331 23:11:05- INFO- 已获取 20251111 申万行业数据
20260331 23:11:06- INFO- 已获取 20251112 申万行业数据
20260331 23:11:07- INFO- 已获取 20251113 申万行业数据
20260331 23:11:07- INFO- 已获取 20251114 申万行业数据
20260331 23:11:09- INFO- 已获取 20251117 申万行业数据
20260331 23:11:10- INFO- 已获取 20251118 申万行业数据
20260331 23:11:11- INFO- 已获取 20251119 申万行业数据
20260331 23:11:11- INFO- 已获取 20251120 申万行业数据
20260331 23:11:12- INFO- 已获取 20251121 申万行业数据
20260331 23:11:14- INFO- 已获取 20251124 申万行业数据
20260331 23:11:14- INFO- 已获取 20251125 申万行业数据
20260331 23:11:15- INFO- 已获取 20251126 申万行业数据
20260331 23:11:16- INFO- 已获取 20251127 申万行业数据
20260331 23:11:16- INFO- 已获取 20251128 申万行业数据
20260331 23:11:18- INFO- 已获取 20251201 申万行业数据
20260331 23:11:19- INFO- 已获取 20251202 申万行业数据
20260331 23:11:20- INFO- 已获取 20251203 申万行业数据
20260331 23:11:20- INFO- 已获取 20251204 申万行业数据
20260331 23:11:21- INFO- 已获取 20251205 申万行业数据
20260331 23:11:23- INFO- 已获取 20251208 申万行业数据
20260331 23:11:24- INFO- 已获取 20251209 申万行业数据
20260331 23:11:24- INFO- 已获取 20251210 申万行业数据
20260331 23:11:25- INFO- 已获取 20251211 申万行业数据
20260331 23:11:26- INFO- 已获取 20251212 申万行业数据
20260331 23:11:27- INFO- 已获取 20251215 申万行业数据
20260331 23:11:28- INFO- 已获取 20251216 申万行业数据
20260331 23:11:29- INFO- 已获取 20251217 申万行业数据
20260331 23:11:29- INFO- 已获取 20251218 申万行业数据
20260331 23:11:30- INFO- 已获取 20251219 申万行业数据
20260331 23:11:32- INFO- 已获取 20251222 申万行业数据
20260331 23:11:33- INFO- 已获取 20251223 申万行业数据
20260331 23:11:33- INFO- 已获取 20251224 申万行业数据
20260331 23:11:34- INFO- 已获取 20251225 申万行业数据
20260331 23:11:35- INFO- 已获取 20251226 申万行业数据
20260331 23:11:37- INFO- 已获取 20251229 申万行业数据
20260331 23:11:37- INFO- 已获取 20251230 申万行业数据
20260331 23:11:38- INFO- 已获取 20251231 申万行业数据
20260331 23:11:41- INFO- 已获取 20260105 申万行业数据
20260331 23:11:42- INFO- 已获取 20260106 申万行业数据
20260331 23:11:42- INFO- 已获取 20260107 申万行业数据
20260331 23:11:43- INFO- 已获取 20260108 申万行业数据
20260331 23:11:44- INFO- 已获取 20260109 申万行业数据
20260331 23:11:46- INFO- 已获取 20260112 申万行业数据
20260331 23:11:46- INFO- 已获取 20260113 申万行业数据
20260331 23:11:47- INFO- 已获取 20260114 申万行业数据
20260331 23:11:48- INFO- 已获取 20260115 申万行业数据
20260331 23:11:48- INFO- 已获取 20260116 申万行业数据
20260331 23:11:50- INFO- 已获取 20260119 申万行业数据
20260331 23:11:51- INFO- 已获取 20260120 申万行业数据
20260331 23:11:51- INFO- 已获取 20260121 申万行业数据
20260331 23:11:52- INFO- 已获取 20260122 申万行业数据
20260331 23:11:53- INFO- 已获取 20260123 申万行业数据
20260331 23:11:55- INFO- 已获取 20260126 申万行业数据
20260331 23:11:55- INFO- 已获取 20260127 申万行业数据
20260331 23:11:56- INFO- 已获取 20260128 申万行业数据
20260331 23:11:57- INFO- 已获取 20260129 申万行业数据
20260331 23:11:57- INFO- 已获取 20260130 申万行业数据
20260331 23:11:59- INFO- 已获取 20260202 申万行业数据
20260331 23:12:00- INFO- 已获取 20260203 申万行业数据
20260331 23:12:01- INFO- 已获取 20260204 申万行业数据
20260331 23:12:01- INFO- 已获取 20260205 申万行业数据
20260331 23:12:02- INFO- 已获取 20260206 申万行业数据
20260331 23:12:04- INFO- 已获取 20260209 申万行业数据
20260331 23:12:05- INFO- 已获取 20260210 申万行业数据
20260331 23:12:05- INFO- 已获取 20260211 申万行业数据
20260331 23:12:06- INFO- 已获取 20260212 申万行业数据
20260331 23:12:07- INFO- 已获取 20260213 申万行业数据
20260331 23:12:13- INFO- 已获取 20260224 申万行业数据
20260331 23:12:14- INFO- 已获取 20260225 申万行业数据
20260331 23:12:15- INFO- 已获取 20260226 申万行业数据
20260331 23:12:15- INFO- 已获取 20260227 申万行业数据
20260331 23:12:17- INFO- 已获取 20260302 申万行业数据
20260331 23:12:18- INFO- 已获取 20260303 申万行业数据
20260331 23:12:19- INFO- 已获取 20260304 申万行业数据
20260331 23:12:19- INFO- 已获取 20260305 申万行业数据
20260331 23:12:20- INFO- 已获取 20260306 申万行业数据
20260331 23:12:22- INFO- 已获取 20260309 申万行业数据
20260331 23:12:22- INFO- 已获取 20260310 申万行业数据
20260331 23:12:23- INFO- 已获取 20260311 申万行业数据
20260331 23:12:24- INFO- 已获取 20260312 申万行业数据
20260331 23:12:24- INFO- 已获取 20260313 申万行业数据
20260331 23:12:26- INFO- 已获取 20260316 申万行业数据
20260331 23:12:27- INFO- 已获取 20260317 申万行业数据
20260331 23:12:28- INFO- 已获取 20260318 申万行业数据
20260331 23:12:28- INFO- 已获取 20260319 申万行业数据
20260331 23:12:29- INFO- 已获取 20260320 申万行业数据
20260331 23:12:31- INFO- 已获取 20260323 申万行业数据
20260331 23:12:32- INFO- 已获取 20260324 申万行业数据
20260331 23:12:32- INFO- 已获取 20260325 申万行业数据
20260331 23:12:33- INFO- 已获取 20260326 申万行业数据
20260331 23:12:34- INFO- 已获取 20260327 申万行业数据
20260331 23:12:36- INFO- 已获取 20260330 申万行业数据
20260331 23:12:36- INFO- 已获取 20260331 申万行业数据
20260405 18:06:00- INFO- 开始更新指数、ETF、板块数据
20260405 18:06:00- INFO- ==================================================
20260405 18:06:00- INFO- 开始更新指数日线数据
20260405 18:06:00- INFO- 开始获取数据: 20200101 至 20260405
20260405 20:39:16- INFO- 开始更新指数、ETF、板块数据
20260405 20:39:16- INFO- ==================================================
20260405 20:39:16- INFO- 开始更新指数日线数据
20260405 20:39:16- INFO- 开始获取数据: 20200101 至 20260405
20260405 20:39:41- INFO- 没有获取到数据
20260405 20:39:41- INFO- ==================================================
20260405 20:39:41- INFO- 开始更新指数每日基本指标
20260405 20:39:41- INFO- 开始获取数据: 20260401 至 20260405
20260405 20:39:41- INFO- 已获取 20260401 指数基本指标
20260405 20:39:41- INFO- 已获取 20260402 指数基本指标
20260405 20:39:42- INFO- 已获取 20260403 指数基本指标
20260405 20:39:44- INFO- 准备保存数据，共 36 条记录
20260405 20:39:44- INFO- ==================================================
20260405 20:39:44- INFO- 开始更新ETF基础信息列表
20260405 20:39:44- WARNING- 操作失败 (尝试 1/5): 请指定正确的接口名
20260405 20:39:44- INFO- 将在 3 秒后重试...
20260405 20:39:47- WARNING- 操作失败 (尝试 2/5): 请指定正确的接口名
20260405 20:39:47- INFO- 将在 3 秒后重试...
20260405 20:39:50- WARNING- 操作失败 (尝试 3/5): 请指定正确的接口名
20260405 20:39:50- INFO- 将在 3 秒后重试...
20260405 20:39:53- WARNING- 操作失败 (尝试 4/5): 请指定正确的接口名
20260405 20:39:53- INFO- 将在 3 秒后重试...
20260405 20:39:56- WARNING- 操作失败 (尝试 5/5): 请指定正确的接口名
20260405 20:39:56- ERROR- 达到最大重试次数 5，操作最终失败
20260405 20:39:56- WARNING- 获取上交所ETF列表失败: local variable 'e' referenced before assignment
20260405 20:39:56- WARNING- 操作失败 (尝试 1/5): 请指定正确的接口名
20260405 20:39:56- INFO- 将在 3 秒后重试...
20260405 20:39:59- WARNING- 操作失败 (尝试 2/5): 请指定正确的接口名
20260405 20:39:59- INFO- 将在 3 秒后重试...
20260405 20:40:03- WARNING- 操作失败 (尝试 3/5): 请指定正确的接口名
20260405 20:40:03- INFO- 将在 3 秒后重试...
20260405 20:40:06- WARNING- 操作失败 (尝试 4/5): 请指定正确的接口名
20260405 20:40:06- INFO- 将在 3 秒后重试...
20260405 20:40:09- WARNING- 操作失败 (尝试 5/5): 请指定正确的接口名
20260405 20:40:09- ERROR- 达到最大重试次数 5，操作最终失败
20260405 20:40:09- WARNING- 获取深交所ETF列表失败: local variable 'e' referenced before assignment
20260405 20:40:09- INFO- 未获取到ETF列表
20260405 20:40:09- INFO- ==================================================
20260405 20:40:09- INFO- 开始更新ETF日线数据
20260405 20:40:09- INFO- 开始获取数据: 20260401 至 20260405
20260405 20:40:09- INFO- 已获取 20260401 ETF数据
20260405 20:40:10- INFO- 已获取 20260402 ETF数据
20260405 20:40:11- INFO- 已获取 20260403 ETF数据
20260405 20:40:12- INFO- 准备保存数据，共 4201 条记录
20260405 20:40:12- INFO- ==================================================
20260405 20:40:12- INFO- 开始更新申万行业指数列表
20260405 20:40:14- ERROR- 获取申万行业指数列表失败: Unknown market code: 801001.SI
20260405 20:40:14- INFO- ==================================================
20260405 20:40:14- INFO- 开始更新申万行业日线数据
20260405 20:40:14- INFO- 开始获取数据: 20200101 至 20260405
20260405 20:40:14- INFO- 已获取 20200102 申万行业数据
20260405 20:40:15- INFO- 已获取 20200103 申万行业数据
20260405 20:40:17- INFO- 已获取 20200106 申万行业数据
20260405 20:40:18- INFO- 已获取 20200107 申万行业数据
20260405 20:40:18- INFO- 已获取 20200108 申万行业数据
20260405 20:40:19- INFO- 已获取 20200109 申万行业数据
20260405 20:40:20- INFO- 已获取 20200110 申万行业数据
20260405 20:40:21- INFO- 已获取 20200113 申万行业数据
20260405 20:40:22- INFO- 已获取 20200114 申万行业数据
20260405 20:40:23- INFO- 已获取 20200115 申万行业数据
20260405 20:40:23- INFO- 已获取 20200116 申万行业数据
20260405 20:40:24- INFO- 已获取 20200117 申万行业数据
20260405 20:40:26- INFO- 已获取 20200120 申万行业数据
20260405 20:40:27- INFO- 已获取 20200121 申万行业数据
20260405 20:40:27- INFO- 已获取 20200122 申万行业数据
20260405 20:40:28- INFO- 已获取 20200123 申万行业数据
20260405 20:40:35- INFO- 已获取 20200203 申万行业数据
20260405 20:40:36- INFO- 已获取 20200204 申万行业数据
20260405 20:40:36- INFO- 已获取 20200205 申万行业数据
20260405 20:40:37- INFO- 已获取 20200206 申万行业数据
20260405 20:40:38- INFO- 已获取 20200207 申万行业数据
20260405 20:40:40- INFO- 已获取 20200210 申万行业数据
20260405 20:40:40- INFO- 已获取 20200211 申万行业数据
20260405 20:40:41- INFO- 已获取 20200212 申万行业数据
20260405 20:40:42- INFO- 已获取 20200213 申万行业数据
20260405 20:40:42- INFO- 已获取 20200214 申万行业数据
20260405 20:40:44- INFO- 已获取 20200217 申万行业数据
20260405 20:40:45- INFO- 已获取 20200218 申万行业数据
20260405 20:40:46- INFO- 已获取 20200219 申万行业数据
20260405 20:40:46- INFO- 已获取 20200220 申万行业数据
20260405 20:40:47- INFO- 已获取 20200221 申万行业数据
20260405 20:40:49- INFO- 已获取 20200224 申万行业数据
20260405 20:40:50- INFO- 已获取 20200225 申万行业数据
20260405 20:40:50- INFO- 已获取 20200226 申万行业数据
20260405 20:40:51- INFO- 已获取 20200227 申万行业数据
20260405 20:40:52- INFO- 已获取 20200228 申万行业数据
20260405 20:40:54- INFO- 已获取 20200302 申万行业数据
20260405 20:40:54- INFO- 已获取 20200303 申万行业数据
20260405 20:40:55- INFO- 已获取 20200304 申万行业数据
20260405 20:40:55- INFO- 已获取 20200305 申万行业数据
20260405 20:40:56- INFO- 已获取 20200306 申万行业数据
20260405 20:40:58- INFO- 已获取 20200309 申万行业数据
20260405 20:40:59- INFO- 已获取 20200310 申万行业数据
20260405 20:40:59- INFO- 已获取 20200311 申万行业数据
20260405 20:41:00- INFO- 已获取 20200312 申万行业数据
20260405 20:41:01- INFO- 已获取 20200313 申万行业数据
20260405 20:41:03- INFO- 已获取 20200316 申万行业数据
20260405 20:41:03- INFO- 已获取 20200317 申万行业数据
20260405 20:41:04- INFO- 已获取 20200318 申万行业数据
20260405 20:41:05- INFO- 已获取 20200319 申万行业数据
20260405 20:41:05- INFO- 已获取 20200320 申万行业数据
20260405 20:41:07- INFO- 已获取 20200323 申万行业数据
20260405 20:41:08- INFO- 已获取 20200324 申万行业数据
20260405 20:41:09- INFO- 已获取 20200325 申万行业数据
20260405 20:41:09- INFO- 已获取 20200326 申万行业数据
20260405 20:41:10- INFO- 已获取 20200327 申万行业数据
20260405 20:41:12- INFO- 已获取 20200330 申万行业数据
20260405 20:41:13- INFO- 已获取 20200331 申万行业数据
20260405 20:41:13- INFO- 已获取 20200401 申万行业数据
20260405 20:41:14- INFO- 已获取 20200402 申万行业数据
20260405 20:41:15- INFO- 已获取 20200403 申万行业数据
20260405 20:41:17- INFO- 已获取 20200407 申万行业数据
20260405 20:41:18- INFO- 已获取 20200408 申万行业数据
20260405 20:41:19- INFO- 已获取 20200409 申万行业数据
20260405 20:41:19- INFO- 已获取 20200410 申万行业数据
20260405 20:41:21- INFO- 已获取 20200413 申万行业数据
20260405 20:41:22- INFO- 已获取 20200414 申万行业数据
20260405 20:41:23- INFO- 已获取 20200415 申万行业数据
20260405 20:41:23- INFO- 已获取 20200416 申万行业数据
20260405 20:41:24- INFO- 已获取 20200417 申万行业数据
20260405 20:41:26- INFO- 已获取 20200420 申万行业数据
20260405 20:41:27- INFO- 已获取 20200421 申万行业数据
20260405 20:41:27- INFO- 已获取 20200422 申万行业数据
20260405 20:41:28- INFO- 已获取 20200423 申万行业数据
20260405 20:41:29- INFO- 已获取 20200424 申万行业数据
20260405 20:41:30- INFO- 已获取 20200427 申万行业数据
20260405 20:41:31- INFO- 已获取 20200428 申万行业数据
20260405 20:41:32- INFO- 已获取 20200429 申万行业数据
20260405 20:41:33- INFO- 已获取 20200430 申万行业数据
20260405 20:41:36- INFO- 已获取 20200506 申万行业数据
20260405 20:41:37- INFO- 已获取 20200507 申万行业数据
20260405 20:41:38- INFO- 已获取 20200508 申万行业数据
20260405 20:41:40- INFO- 已获取 20200511 申万行业数据
20260405 20:41:40- INFO- 已获取 20200512 申万行业数据
20260405 20:41:41- INFO- 已获取 20200513 申万行业数据
20260405 20:41:42- INFO- 已获取 20200514 申万行业数据
20260405 20:41:42- INFO- 已获取 20200515 申万行业数据
20260405 20:41:44- INFO- 已获取 20200518 申万行业数据
20260405 20:41:45- INFO- 已获取 20200519 申万行业数据
20260405 20:41:46- INFO- 已获取 20200520 申万行业数据
20260405 20:41:46- INFO- 已获取 20200521 申万行业数据
20260405 20:41:47- INFO- 已获取 20200522 申万行业数据
20260405 20:41:49- INFO- 已获取 20200525 申万行业数据
20260405 20:41:49- INFO- 已获取 20200526 申万行业数据
20260405 20:41:50- INFO- 已获取 20200527 申万行业数据
20260405 20:41:51- INFO- 已获取 20200528 申万行业数据
20260405 20:41:52- INFO- 已获取 20200529 申万行业数据
20260405 20:41:53- INFO- 已获取 20200601 申万行业数据
20260405 20:41:54- INFO- 已获取 20200602 申万行业数据
20260405 20:41:55- INFO- 已获取 20200603 申万行业数据
20260405 20:41:55- INFO- 已获取 20200604 申万行业数据
20260405 20:41:56- INFO- 已获取 20200605 申万行业数据
20260405 20:41:58- INFO- 已获取 20200608 申万行业数据
20260405 20:41:59- INFO- 已获取 20200609 申万行业数据
20260405 20:41:59- INFO- 已获取 20200610 申万行业数据
20260405 20:42:00- INFO- 已获取 20200611 申万行业数据
20260405 20:42:01- INFO- 已获取 20200612 申万行业数据
20260405 20:42:03- INFO- 已获取 20200615 申万行业数据
20260405 20:42:03- INFO- 已获取 20200616 申万行业数据
20260405 20:42:04- INFO- 已获取 20200617 申万行业数据
20260405 20:42:05- INFO- 已获取 20200618 申万行业数据
20260405 20:42:05- INFO- 已获取 20200619 申万行业数据
20260405 20:42:07- INFO- 已获取 20200622 申万行业数据
20260405 20:42:08- INFO- 已获取 20200623 申万行业数据
20260405 20:42:09- INFO- 已获取 20200624 申万行业数据
20260405 20:42:12- INFO- 已获取 20200629 申万行业数据
20260405 20:42:13- INFO- 已获取 20200630 申万行业数据
20260405 20:42:13- INFO- 已获取 20200701 申万行业数据
20260405 20:42:14- INFO- 已获取 20200702 申万行业数据
20260405 20:42:15- INFO- 已获取 20200703 申万行业数据
20260405 20:42:16- INFO- 已获取 20200706 申万行业数据
20260405 20:42:17- INFO- 已获取 20200707 申万行业数据
20260405 20:42:18- INFO- 已获取 20200708 申万行业数据
20260405 20:42:18- INFO- 已获取 20200709 申万行业数据
20260405 20:42:19- INFO- 已获取 20200710 申万行业数据
20260405 20:42:21- INFO- 已获取 20200713 申万行业数据
20260405 20:42:22- INFO- 已获取 20200714 申万行业数据
20260405 20:42:22- INFO- 已获取 20200715 申万行业数据
20260405 20:42:23- INFO- 已获取 20200716 申万行业数据
20260405 20:42:24- INFO- 已获取 20200717 申万行业数据
20260405 20:42:26- INFO- 已获取 20200720 申万行业数据
20260405 20:42:26- INFO- 已获取 20200721 申万行业数据
20260405 20:42:27- INFO- 已获取 20200722 申万行业数据
20260405 20:42:28- INFO- 已获取 20200723 申万行业数据
20260405 20:42:28- INFO- 已获取 20200724 申万行业数据
20260405 20:42:30- INFO- 已获取 20200727 申万行业数据
20260405 20:42:31- INFO- 已获取 20200728 申万行业数据
20260405 20:42:32- INFO- 已获取 20200729 申万行业数据
20260405 20:42:32- INFO- 已获取 20200730 申万行业数据
20260405 20:42:33- INFO- 已获取 20200731 申万行业数据
20260405 20:42:35- INFO- 已获取 20200803 申万行业数据
20260405 20:42:36- INFO- 已获取 20200804 申万行业数据
20260405 20:42:36- INFO- 已获取 20200805 申万行业数据
20260405 20:42:37- INFO- 已获取 20200806 申万行业数据
20260405 20:42:38- INFO- 已获取 20200807 申万行业数据
20260405 20:42:39- INFO- 已获取 20200810 申万行业数据
20260405 20:42:40- INFO- 已获取 20200811 申万行业数据
20260405 20:42:41- INFO- 已获取 20200812 申万行业数据
20260405 20:42:42- INFO- 已获取 20200813 申万行业数据
20260405 20:42:42- INFO- 已获取 20200814 申万行业数据
20260405 20:42:44- INFO- 已获取 20200817 申万行业数据
20260405 20:42:45- INFO- 已获取 20200818 申万行业数据
20260405 20:42:46- INFO- 已获取 20200819 申万行业数据
20260405 20:42:46- INFO- 已获取 20200820 申万行业数据
20260405 20:42:47- INFO- 已获取 20200821 申万行业数据
20260405 20:42:49- INFO- 已获取 20200824 申万行业数据
20260405 20:42:50- INFO- 已获取 20200825 申万行业数据
20260405 20:42:50- INFO- 已获取 20200826 申万行业数据
20260405 20:42:51- INFO- 已获取 20200827 申万行业数据
20260405 20:42:52- INFO- 已获取 20200828 申万行业数据
20260405 20:42:53- INFO- 已获取 20200831 申万行业数据
20260405 20:42:54- INFO- 已获取 20200901 申万行业数据
20260405 20:42:55- INFO- 已获取 20200902 申万行业数据
20260405 20:42:55- INFO- 已获取 20200903 申万行业数据
20260405 20:42:56- INFO- 已获取 20200904 申万行业数据
20260405 20:42:58- INFO- 已获取 20200907 申万行业数据
20260405 20:42:59- INFO- 已获取 20200908 申万行业数据
20260405 20:42:59- INFO- 已获取 20200909 申万行业数据
20260405 20:43:00- INFO- 已获取 20200910 申万行业数据
20260405 20:43:01- INFO- 已获取 20200911 申万行业数据
20260405 20:43:02- INFO- 已获取 20200914 申万行业数据
20260405 20:43:03- INFO- 已获取 20200915 申万行业数据
20260405 20:43:04- INFO- 已获取 20200916 申万行业数据
20260405 20:43:04- INFO- 已获取 20200917 申万行业数据
20260405 20:43:05- INFO- 已获取 20200918 申万行业数据
20260405 20:43:07- INFO- 已获取 20200921 申万行业数据
20260405 20:43:08- INFO- 已获取 20200922 申万行业数据
20260405 20:43:08- INFO- 已获取 20200923 申万行业数据
20260405 20:43:09- INFO- 已获取 20200924 申万行业数据
20260405 20:43:10- INFO- 已获取 20200925 申万行业数据
20260405 20:43:12- INFO- 已获取 20200928 申万行业数据
20260405 20:43:12- INFO- 已获取 20200929 申万行业数据
20260405 20:43:13- INFO- 已获取 20200930 申万行业数据
20260405 20:43:18- INFO- 已获取 20201009 申万行业数据
20260405 20:43:20- INFO- 已获取 20201012 申万行业数据
20260405 20:43:21- INFO- 已获取 20201013 申万行业数据
20260405 20:43:22- INFO- 已获取 20201014 申万行业数据
20260405 20:43:22- INFO- 已获取 20201015 申万行业数据
20260405 20:43:23- INFO- 已获取 20201016 申万行业数据
20260405 20:43:25- INFO- 已获取 20201019 申万行业数据
20260405 20:43:26- INFO- 已获取 20201020 申万行业数据
20260405 20:43:26- INFO- 已获取 20201021 申万行业数据
20260405 20:43:27- INFO- 已获取 20201022 申万行业数据
20260405 20:43:28- INFO- 已获取 20201023 申万行业数据
20260405 20:43:30- INFO- 已获取 20201026 申万行业数据
20260405 20:43:30- INFO- 已获取 20201027 申万行业数据
20260405 20:43:31- INFO- 已获取 20201028 申万行业数据
20260405 20:43:32- INFO- 已获取 20201029 申万行业数据
20260405 20:43:32- INFO- 已获取 20201030 申万行业数据
20260405 20:43:34- INFO- 已获取 20201102 申万行业数据
20260405 20:43:35- INFO- 已获取 20201103 申万行业数据
20260405 20:43:36- INFO- 已获取 20201104 申万行业数据
20260405 20:43:36- INFO- 已获取 20201105 申万行业数据
20260405 20:43:37- INFO- 已获取 20201106 申万行业数据
20260405 20:43:39- INFO- 已获取 20201109 申万行业数据
20260405 20:43:39- INFO- 已获取 20201110 申万行业数据
20260405 20:43:40- INFO- 已获取 20201111 申万行业数据
20260405 20:43:41- INFO- 已获取 20201112 申万行业数据
20260405 20:43:42- INFO- 已获取 20201113 申万行业数据
20260405 20:43:43- INFO- 已获取 20201116 申万行业数据
20260405 20:43:44- INFO- 已获取 20201117 申万行业数据
20260405 20:43:45- INFO- 已获取 20201118 申万行业数据
20260405 20:43:45- INFO- 已获取 20201119 申万行业数据
20260405 20:43:46- INFO- 已获取 20201120 申万行业数据
20260405 20:43:48- INFO- 已获取 20201123 申万行业数据
20260405 20:43:49- INFO- 已获取 20201124 申万行业数据
20260405 20:43:50- INFO- 已获取 20201125 申万行业数据
20260405 20:43:50- INFO- 已获取 20201126 申万行业数据
20260405 20:43:51- INFO- 已获取 20201127 申万行业数据
20260405 20:43:53- INFO- 已获取 20201130 申万行业数据
20260405 20:43:53- INFO- 已获取 20201201 申万行业数据
20260405 20:43:54- INFO- 已获取 20201202 申万行业数据
20260405 20:43:55- INFO- 已获取 20201203 申万行业数据
20260405 20:43:55- INFO- 已获取 20201204 申万行业数据
20260405 20:43:57- INFO- 已获取 20201207 申万行业数据
20260405 20:43:58- INFO- 已获取 20201208 申万行业数据
20260405 20:43:59- INFO- 已获取 20201209 申万行业数据
20260405 20:43:59- INFO- 已获取 20201210 申万行业数据
20260405 20:44:00- INFO- 已获取 20201211 申万行业数据
20260405 20:44:02- INFO- 已获取 20201214 申万行业数据
20260405 20:44:03- INFO- 已获取 20201215 申万行业数据
20260405 20:44:03- INFO- 已获取 20201216 申万行业数据
20260405 20:44:04- INFO- 已获取 20201217 申万行业数据
20260405 20:44:05- INFO- 已获取 20201218 申万行业数据
20260405 20:44:07- INFO- 已获取 20201221 申万行业数据
20260405 20:44:07- INFO- 已获取 20201222 申万行业数据
20260405 20:44:08- INFO- 已获取 20201223 申万行业数据
20260405 20:44:09- INFO- 已获取 20201224 申万行业数据
20260405 20:44:09- INFO- 已获取 20201225 申万行业数据
20260405 20:44:11- INFO- 已获取 20201228 申万行业数据
20260405 20:44:12- INFO- 已获取 20201229 申万行业数据
20260405 20:44:13- INFO- 已获取 20201230 申万行业数据
20260405 20:44:13- INFO- 已获取 20201231 申万行业数据
20260405 20:44:16- INFO- 已获取 20210104 申万行业数据
20260405 20:44:16- INFO- 已获取 20210105 申万行业数据
20260405 20:44:17- INFO- 已获取 20210106 申万行业数据
20260405 20:44:18- INFO- 已获取 20210107 申万行业数据
20260405 20:44:19- INFO- 已获取 20210108 申万行业数据
20260405 20:44:20- INFO- 已获取 20210111 申万行业数据
20260405 20:44:21- INFO- 已获取 20210112 申万行业数据
20260405 20:44:22- INFO- 已获取 20210113 申万行业数据
20260405 20:44:22- INFO- 已获取 20210114 申万行业数据
20260405 20:44:23- INFO- 已获取 20210115 申万行业数据
20260405 20:44:25- INFO- 已获取 20210118 申万行业数据
20260405 20:44:26- INFO- 已获取 20210119 申万行业数据
20260405 20:44:26- INFO- 已获取 20210120 申万行业数据
20260405 20:44:27- INFO- 已获取 20210121 申万行业数据
20260405 20:44:28- INFO- 已获取 20210122 申万行业数据
20260405 20:44:30- INFO- 已获取 20210125 申万行业数据
20260405 20:44:30- INFO- 已获取 20210126 申万行业数据
20260405 20:44:31- INFO- 已获取 20210127 申万行业数据
20260405 20:44:32- INFO- 已获取 20210128 申万行业数据
20260405 20:44:32- INFO- 已获取 20210129 申万行业数据
20260405 20:44:34- INFO- 已获取 20210201 申万行业数据
20260405 20:44:35- INFO- 已获取 20210202 申万行业数据
20260405 20:44:36- INFO- 已获取 20210203 申万行业数据
20260405 20:44:36- INFO- 已获取 20210204 申万行业数据
20260405 20:44:37- INFO- 已获取 20210205 申万行业数据
20260405 20:44:39- INFO- 已获取 20210208 申万行业数据
20260405 20:44:40- INFO- 已获取 20210209 申万行业数据
20260405 20:44:40- INFO- 已获取 20210210 申万行业数据
20260405 20:44:45- INFO- 已获取 20210218 申万行业数据
20260405 20:44:46- INFO- 已获取 20210219 申万行业数据
20260405 20:44:48- INFO- 已获取 20210222 申万行业数据
20260405 20:44:48- INFO- 已获取 20210223 申万行业数据
20260405 20:44:49- INFO- 已获取 20210224 申万行业数据
20260405 20:44:50- INFO- 已获取 20210225 申万行业数据
20260405 20:44:51- INFO- 已获取 20210226 申万行业数据
20260405 20:44:53- INFO- 已获取 20210301 申万行业数据
20260405 20:44:53- INFO- 已获取 20210302 申万行业数据
20260405 20:44:54- INFO- 已获取 20210303 申万行业数据
20260405 20:44:55- INFO- 已获取 20210304 申万行业数据
20260405 20:44:55- INFO- 已获取 20210305 申万行业数据
20260405 20:44:57- INFO- 已获取 20210308 申万行业数据
20260405 20:44:58- INFO- 已获取 20210309 申万行业数据
20260405 20:44:58- INFO- 已获取 20210310 申万行业数据
20260405 20:44:59- INFO- 已获取 20210311 申万行业数据
20260405 20:45:00- INFO- 已获取 20210312 申万行业数据
20260405 20:45:02- INFO- 已获取 20210315 申万行业数据
20260405 20:45:03- INFO- 已获取 20210316 申万行业数据
20260405 20:45:03- INFO- 已获取 20210317 申万行业数据
20260405 20:45:04- INFO- 已获取 20210318 申万行业数据
20260405 20:45:05- INFO- 已获取 20210319 申万行业数据
20260405 20:45:07- INFO- 已获取 20210322 申万行业数据
20260405 20:45:07- INFO- 已获取 20210323 申万行业数据
20260405 20:45:08- INFO- 已获取 20210324 申万行业数据
20260405 20:45:09- INFO- 已获取 20210325 申万行业数据
20260405 20:45:09- INFO- 已获取 20210326 申万行业数据
20260405 20:45:11- INFO- 已获取 20210329 申万行业数据
20260405 20:45:12- INFO- 已获取 20210330 申万行业数据
20260405 20:45:13- INFO- 已获取 20210331 申万行业数据
20260405 20:45:13- INFO- 已获取 20210401 申万行业数据
20260405 20:45:14- INFO- 已获取 20210402 申万行业数据
20260405 20:45:17- INFO- 已获取 20210406 申万行业数据
20260405 20:45:17- INFO- 已获取 20210407 申万行业数据
20260405 20:45:18- INFO- 已获取 20210408 申万行业数据
20260405 20:45:19- INFO- 已获取 20210409 申万行业数据
20260405 20:45:20- INFO- 已获取 20210412 申万行业数据
20260405 20:45:21- INFO- 已获取 20210413 申万行业数据
20260405 20:45:22- INFO- 已获取 20210414 申万行业数据
20260405 20:45:23- INFO- 已获取 20210415 申万行业数据
20260405 20:45:23- INFO- 已获取 20210416 申万行业数据
20260405 20:45:25- INFO- 已获取 20210419 申万行业数据
20260405 20:45:26- INFO- 已获取 20210420 申万行业数据
20260405 20:45:26- INFO- 已获取 20210421 申万行业数据
20260405 20:45:27- INFO- 已获取 20210422 申万行业数据
20260405 20:45:28- INFO- 已获取 20210423 申万行业数据
20260405 20:45:30- INFO- 已获取 20210426 申万行业数据
20260405 20:45:30- INFO- 已获取 20210427 申万行业数据
20260405 20:45:31- INFO- 已获取 20210428 申万行业数据
20260405 20:45:32- INFO- 已获取 20210429 申万行业数据
20260405 20:45:32- INFO- 已获取 20210430 申万行业数据
20260405 20:45:36- INFO- 已获取 20210506 申万行业数据
20260405 20:45:37- INFO- 已获取 20210507 申万行业数据
20260405 20:45:39- INFO- 已获取 20210510 申万行业数据
20260405 20:45:39- INFO- 已获取 20210511 申万行业数据
20260405 20:45:40- INFO- 已获取 20210512 申万行业数据
20260405 20:45:41- INFO- 已获取 20210513 申万行业数据
20260405 20:45:42- INFO- 已获取 20210514 申万行业数据
20260405 20:45:43- INFO- 已获取 20210517 申万行业数据
20260405 20:45:44- INFO- 已获取 20210518 申万行业数据
20260405 20:45:45- INFO- 已获取 20210519 申万行业数据
20260405 20:45:45- INFO- 已获取 20210520 申万行业数据
20260405 20:45:46- INFO- 已获取 20210521 申万行业数据
20260405 20:45:48- INFO- 已获取 20210524 申万行业数据
20260405 20:45:49- INFO- 已获取 20210525 申万行业数据
20260405 20:45:49- INFO- 已获取 20210526 申万行业数据
20260405 20:45:50- INFO- 已获取 20210527 申万行业数据
20260405 20:45:51- INFO- 已获取 20210528 申万行业数据
20260405 20:45:53- INFO- 已获取 20210531 申万行业数据
20260405 20:45:53- INFO- 已获取 20210601 申万行业数据
20260405 20:45:54- INFO- 已获取 20210602 申万行业数据
20260405 20:45:55- INFO- 已获取 20210603 申万行业数据
20260405 20:45:55- INFO- 已获取 20210604 申万行业数据
20260405 20:45:57- INFO- 已获取 20210607 申万行业数据
20260405 20:45:58- INFO- 已获取 20210608 申万行业数据
20260405 20:45:59- INFO- 已获取 20210609 申万行业数据
20260405 20:45:59- INFO- 已获取 20210610 申万行业数据
20260405 20:46:00- INFO- 已获取 20210611 申万行业数据
20260405 20:46:02- INFO- 已获取 20210615 申万行业数据
20260405 20:46:03- INFO- 已获取 20210616 申万行业数据
20260405 20:46:04- INFO- 已获取 20210617 申万行业数据
20260405 20:46:04- INFO- 已获取 20210618 申万行业数据
20260405 20:46:06- INFO- 已获取 20210621 申万行业数据
20260405 20:46:07- INFO- 已获取 20210622 申万行业数据
20260405 20:46:08- INFO- 已获取 20210623 申万行业数据
20260405 20:46:08- INFO- 已获取 20210624 申万行业数据
20260405 20:46:09- INFO- 已获取 20210625 申万行业数据
20260405 20:46:11- INFO- 已获取 20210628 申万行业数据
20260405 20:46:12- INFO- 已获取 20210629 申万行业数据
20260405 20:46:12- INFO- 已获取 20210630 申万行业数据
20260405 20:46:13- INFO- 已获取 20210701 申万行业数据
20260405 20:46:14- INFO- 已获取 20210702 申万行业数据
20260405 20:46:15- INFO- 已获取 20210705 申万行业数据
20260405 20:46:16- INFO- 已获取 20210706 申万行业数据
20260405 20:46:17- INFO- 已获取 20210707 申万行业数据
20260405 20:46:18- INFO- 已获取 20210708 申万行业数据
20260405 20:46:18- INFO- 已获取 20210709 申万行业数据
20260405 20:46:20- INFO- 已获取 20210712 申万行业数据
20260405 20:46:21- INFO- 已获取 20210713 申万行业数据
20260405 20:46:21- INFO- 已获取 20210714 申万行业数据
20260405 20:46:22- INFO- 已获取 20210715 申万行业数据
20260405 20:46:23- INFO- 已获取 20210716 申万行业数据
20260405 20:46:25- INFO- 已获取 20210719 申万行业数据
20260405 20:46:25- INFO- 已获取 20210720 申万行业数据
20260405 20:46:26- INFO- 已获取 20210721 申万行业数据
20260405 20:46:27- INFO- 已获取 20210722 申万行业数据
20260405 20:46:27- INFO- 已获取 20210723 申万行业数据
20260405 20:46:29- INFO- 已获取 20210726 申万行业数据
20260405 20:46:30- INFO- 已获取 20210727 申万行业数据
20260405 20:46:31- INFO- 已获取 20210728 申万行业数据
20260405 20:46:31- INFO- 已获取 20210729 申万行业数据
20260405 20:46:32- INFO- 已获取 20210730 申万行业数据
20260405 20:46:34- INFO- 已获取 20210802 申万行业数据
20260405 20:46:35- INFO- 已获取 20210803 申万行业数据
20260405 20:46:35- INFO- 已获取 20210804 申万行业数据
20260405 20:46:36- INFO- 已获取 20210805 申万行业数据
20260405 20:46:37- INFO- 已获取 20210806 申万行业数据
20260405 20:46:39- INFO- 已获取 20210809 申万行业数据
20260405 20:46:39- INFO- 已获取 20210810 申万行业数据
20260405 20:46:40- INFO- 已获取 20210811 申万行业数据
20260405 20:46:41- INFO- 已获取 20210812 申万行业数据
20260405 20:46:41- INFO- 已获取 20210813 申万行业数据
20260405 20:46:43- INFO- 已获取 20210816 申万行业数据
20260405 20:46:44- INFO- 已获取 20210817 申万行业数据
20260405 20:46:45- INFO- 已获取 20210818 申万行业数据
20260405 20:46:45- INFO- 已获取 20210819 申万行业数据
20260405 20:46:46- INFO- 已获取 20210820 申万行业数据
20260405 20:46:48- INFO- 已获取 20210823 申万行业数据
20260405 20:46:48- INFO- 已获取 20210824 申万行业数据
20260405 20:46:49- INFO- 已获取 20210825 申万行业数据
20260405 20:46:50- INFO- 已获取 20210826 申万行业数据
20260405 20:46:50- INFO- 已获取 20210827 申万行业数据
20260405 20:46:52- INFO- 已获取 20210830 申万行业数据
20260405 20:46:53- INFO- 已获取 20210831 申万行业数据
20260405 20:46:54- INFO- 已获取 20210901 申万行业数据
20260405 20:46:54- INFO- 已获取 20210902 申万行业数据
20260405 20:46:55- INFO- 已获取 20210903 申万行业数据
20260405 20:46:57- INFO- 已获取 20210906 申万行业数据
20260405 20:46:58- INFO- 已获取 20210907 申万行业数据
20260405 20:46:58- INFO- 已获取 20210908 申万行业数据
20260405 20:46:59- INFO- 已获取 20210909 申万行业数据
20260405 20:47:00- INFO- 已获取 20210910 申万行业数据
20260405 20:47:02- INFO- 已获取 20210913 申万行业数据
20260405 20:47:02- INFO- 已获取 20210914 申万行业数据
20260405 20:47:03- INFO- 已获取 20210915 申万行业数据
20260405 20:47:04- INFO- 已获取 20210916 申万行业数据
20260405 20:47:04- INFO- 已获取 20210917 申万行业数据
20260405 20:47:07- INFO- 已获取 20210922 申万行业数据
20260405 20:47:08- INFO- 已获取 20210923 申万行业数据
20260405 20:47:09- INFO- 已获取 20210924 申万行业数据
20260405 20:47:11- INFO- 已获取 20210927 申万行业数据
20260405 20:47:11- INFO- 已获取 20210928 申万行业数据
20260405 20:47:12- INFO- 已获取 20210929 申万行业数据
20260405 20:47:13- INFO- 已获取 20210930 申万行业数据
20260405 20:47:18- INFO- 已获取 20211008 申万行业数据
20260405 20:47:19- INFO- 已获取 20211011 申万行业数据
20260405 20:47:20- INFO- 已获取 20211012 申万行业数据
20260405 20:47:21- INFO- 已获取 20211013 申万行业数据
20260405 20:47:21- INFO- 已获取 20211014 申万行业数据
20260405 20:47:22- INFO- 已获取 20211015 申万行业数据
20260405 20:47:24- INFO- 已获取 20211018 申万行业数据
20260405 20:47:25- INFO- 已获取 20211019 申万行业数据
20260405 20:47:25- INFO- 已获取 20211020 申万行业数据
20260405 20:47:26- INFO- 已获取 20211021 申万行业数据
20260405 20:47:27- INFO- 已获取 20211022 申万行业数据
20260405 20:47:29- INFO- 已获取 20211025 申万行业数据
20260405 20:47:29- INFO- 已获取 20211026 申万行业数据
20260405 20:47:30- INFO- 已获取 20211027 申万行业数据
20260405 20:47:31- INFO- 已获取 20211028 申万行业数据
20260405 20:47:31- INFO- 已获取 20211029 申万行业数据
20260405 20:47:33- INFO- 已获取 20211101 申万行业数据
20260405 20:47:34- INFO- 已获取 20211102 申万行业数据
20260405 20:47:35- INFO- 已获取 20211103 申万行业数据
20260405 20:47:35- INFO- 已获取 20211104 申万行业数据
20260405 20:47:36- INFO- 已获取 20211105 申万行业数据
20260405 20:47:38- INFO- 已获取 20211108 申万行业数据
20260405 20:47:39- INFO- 已获取 20211109 申万行业数据
20260405 20:47:39- INFO- 已获取 20211110 申万行业数据
20260405 20:47:40- INFO- 已获取 20211111 申万行业数据
20260405 20:47:41- INFO- 已获取 20211112 申万行业数据
20260405 20:47:42- INFO- 已获取 20211115 申万行业数据
20260405 20:47:43- INFO- 已获取 20211116 申万行业数据
20260405 20:47:44- INFO- 已获取 20211117 申万行业数据
20260405 20:47:44- INFO- 已获取 20211118 申万行业数据
20260405 20:47:45- INFO- 已获取 20211119 申万行业数据
20260405 20:47:47- INFO- 已获取 20211122 申万行业数据
20260405 20:47:48- INFO- 已获取 20211123 申万行业数据
20260405 20:47:48- INFO- 已获取 20211124 申万行业数据
20260405 20:47:49- INFO- 已获取 20211125 申万行业数据
20260405 20:47:50- INFO- 已获取 20211126 申万行业数据
20260405 20:47:52- INFO- 已获取 20211129 申万行业数据
20260405 20:47:52- INFO- 已获取 20211130 申万行业数据
20260405 20:47:53- INFO- 已获取 20211201 申万行业数据
20260405 20:47:54- INFO- 已获取 20211202 申万行业数据
20260405 20:47:54- INFO- 已获取 20211203 申万行业数据
20260405 20:47:56- INFO- 已获取 20211206 申万行业数据
20260405 20:47:57- INFO- 已获取 20211207 申万行业数据
20260405 20:47:58- INFO- 已获取 20211208 申万行业数据
20260405 20:47:58- INFO- 已获取 20211209 申万行业数据
20260405 20:47:59- INFO- 已获取 20211210 申万行业数据
20260405 20:48:01- INFO- 已获取 20211213 申万行业数据
20260405 20:48:01- INFO- 已获取 20211214 申万行业数据
20260405 20:48:02- INFO- 已获取 20211215 申万行业数据
20260405 20:48:03- INFO- 已获取 20211216 申万行业数据
20260405 20:48:03- INFO- 已获取 20211217 申万行业数据
20260405 20:48:05- INFO- 已获取 20211220 申万行业数据
20260405 20:48:06- INFO- 已获取 20211221 申万行业数据
20260405 20:48:07- INFO- 已获取 20211222 申万行业数据
20260405 20:48:07- INFO- 已获取 20211223 申万行业数据
20260405 20:48:08- INFO- 已获取 20211224 申万行业数据
20260405 20:48:10- INFO- 已获取 20211227 申万行业数据
20260405 20:48:10- INFO- 已获取 20211228 申万行业数据
20260405 20:48:11- INFO- 已获取 20211229 申万行业数据
20260405 20:48:12- INFO- 已获取 20211230 申万行业数据
20260405 20:48:12- INFO- 已获取 20211231 申万行业数据
20260405 20:48:15- INFO- 已获取 20220104 申万行业数据
20260405 20:48:16- INFO- 已获取 20220105 申万行业数据
20260405 20:48:16- INFO- 已获取 20220106 申万行业数据
20260405 20:48:17- INFO- 已获取 20220107 申万行业数据
20260405 20:48:19- INFO- 已获取 20220110 申万行业数据
20260405 20:48:20- INFO- 已获取 20220111 申万行业数据
20260405 20:48:20- INFO- 已获取 20220112 申万行业数据
20260405 20:48:21- INFO- 已获取 20220113 申万行业数据
20260405 20:48:22- INFO- 已获取 20220114 申万行业数据
20260405 20:48:24- INFO- 已获取 20220117 申万行业数据
20260405 20:48:24- INFO- 已获取 20220118 申万行业数据
20260405 20:48:25- INFO- 已获取 20220119 申万行业数据
20260405 20:48:25- INFO- 已获取 20220120 申万行业数据
20260405 20:48:26- INFO- 已获取 20220121 申万行业数据
20260405 20:48:28- INFO- 已获取 20220124 申万行业数据
20260405 20:48:29- INFO- 已获取 20220125 申万行业数据
20260405 20:48:29- INFO- 已获取 20220126 申万行业数据
20260405 20:48:30- INFO- 已获取 20220127 申万行业数据
20260405 20:48:31- INFO- 已获取 20220128 申万行业数据
20260405 20:48:37- INFO- 已获取 20220207 申万行业数据
20260405 20:48:38- INFO- 已获取 20220208 申万行业数据
20260405 20:48:38- INFO- 已获取 20220209 申万行业数据
20260405 20:48:39- INFO- 已获取 20220210 申万行业数据
20260405 20:48:40- INFO- 已获取 20220211 申万行业数据
20260405 20:48:42- INFO- 已获取 20220214 申万行业数据
20260405 20:48:42- INFO- 已获取 20220215 申万行业数据
20260405 20:48:43- INFO- 已获取 20220216 申万行业数据
20260405 20:48:43- INFO- 已获取 20220217 申万行业数据
20260405 20:48:44- INFO- 已获取 20220218 申万行业数据
20260405 20:48:46- INFO- 已获取 20220221 申万行业数据
20260405 20:48:47- INFO- 已获取 20220222 申万行业数据
20260405 20:48:47- INFO- 已获取 20220223 申万行业数据
20260405 20:48:48- INFO- 已获取 20220224 申万行业数据
20260405 20:48:49- INFO- 已获取 20220225 申万行业数据
20260405 20:48:50- INFO- 已获取 20220228 申万行业数据
20260405 20:48:51- INFO- 已获取 20220301 申万行业数据
20260405 20:48:52- INFO- 已获取 20220302 申万行业数据
20260405 20:48:52- INFO- 已获取 20220303 申万行业数据
20260405 20:48:53- INFO- 已获取 20220304 申万行业数据
20260405 20:48:55- INFO- 已获取 20220307 申万行业数据
20260405 20:48:56- INFO- 已获取 20220308 申万行业数据
20260405 20:48:56- INFO- 已获取 20220309 申万行业数据
20260405 20:48:57- INFO- 已获取 20220310 申万行业数据
20260405 20:48:58- INFO- 已获取 20220311 申万行业数据
20260405 20:49:00- INFO- 已获取 20220314 申万行业数据
20260405 20:49:00- INFO- 已获取 20220315 申万行业数据
20260405 20:49:01- INFO- 已获取 20220316 申万行业数据
20260405 20:49:02- INFO- 已获取 20220317 申万行业数据
20260405 20:49:02- INFO- 已获取 20220318 申万行业数据
20260405 20:49:04- INFO- 已获取 20220321 申万行业数据
20260405 20:49:05- INFO- 已获取 20220322 申万行业数据
20260405 20:49:05- INFO- 已获取 20220323 申万行业数据
20260405 20:49:06- INFO- 已获取 20220324 申万行业数据
20260405 20:49:07- INFO- 已获取 20220325 申万行业数据
20260405 20:49:09- INFO- 已获取 20220328 申万行业数据
20260405 20:49:09- INFO- 已获取 20220329 申万行业数据
20260405 20:49:10- INFO- 已获取 20220330 申万行业数据
20260405 20:49:11- INFO- 已获取 20220331 申万行业数据
20260405 20:49:11- INFO- 已获取 20220401 申万行业数据
20260405 20:49:14- INFO- 已获取 20220406 申万行业数据
20260405 20:49:15- INFO- 已获取 20220407 申万行业数据
20260405 20:49:16- INFO- 已获取 20220408 申万行业数据
20260405 20:49:18- INFO- 已获取 20220411 申万行业数据
20260405 20:49:18- INFO- 已获取 20220412 申万行业数据
20260405 20:49:19- INFO- 已获取 20220413 申万行业数据
20260405 20:49:20- INFO- 已获取 20220414 申万行业数据
20260405 20:49:20- INFO- 已获取 20220415 申万行业数据
20260405 20:49:22- INFO- 已获取 20220418 申万行业数据
20260405 20:49:23- INFO- 已获取 20220419 申万行业数据
20260405 20:49:24- INFO- 已获取 20220420 申万行业数据
20260405 20:49:24- INFO- 已获取 20220421 申万行业数据
20260405 20:49:25- INFO- 已获取 20220422 申万行业数据
20260405 20:49:27- INFO- 已获取 20220425 申万行业数据
20260405 20:49:28- INFO- 已获取 20220426 申万行业数据
20260405 20:49:28- INFO- 已获取 20220427 申万行业数据
20260405 20:49:29- INFO- 已获取 20220428 申万行业数据
20260405 20:49:30- INFO- 已获取 20220429 申万行业数据
20260405 20:49:33- INFO- 已获取 20220505 申万行业数据
20260405 20:49:34- INFO- 已获取 20220506 申万行业数据
20260405 20:49:36- INFO- 已获取 20220509 申万行业数据
20260405 20:49:37- INFO- 已获取 20220510 申万行业数据
20260405 20:49:37- INFO- 已获取 20220511 申万行业数据
20260405 20:49:38- INFO- 已获取 20220512 申万行业数据
20260405 20:49:39- INFO- 已获取 20220513 申万行业数据
20260405 20:49:40- INFO- 已获取 20220516 申万行业数据
20260405 20:49:41- INFO- 已获取 20220517 申万行业数据
20260405 20:49:42- INFO- 已获取 20220518 申万行业数据
20260405 20:49:42- INFO- 已获取 20220519 申万行业数据
20260405 20:49:43- INFO- 已获取 20220520 申万行业数据
20260405 20:49:45- INFO- 已获取 20220523 申万行业数据
20260405 20:49:46- INFO- 已获取 20220524 申万行业数据
20260405 20:49:46- INFO- 已获取 20220525 申万行业数据
20260405 20:49:47- INFO- 已获取 20220526 申万行业数据
20260405 20:49:48- INFO- 已获取 20220527 申万行业数据
20260405 20:49:49- INFO- 已获取 20220530 申万行业数据
20260405 20:49:50- INFO- 已获取 20220531 申万行业数据
20260405 20:49:51- INFO- 已获取 20220601 申万行业数据
20260405 20:49:51- INFO- 已获取 20220602 申万行业数据
20260405 20:49:54- INFO- 已获取 20220606 申万行业数据
20260405 20:49:55- INFO- 已获取 20220607 申万行业数据
20260405 20:49:55- INFO- 已获取 20220608 申万行业数据
20260405 20:49:56- INFO- 已获取 20220609 申万行业数据
20260405 20:49:57- INFO- 已获取 20220610 申万行业数据
20260405 20:49:58- INFO- 已获取 20220613 申万行业数据
20260405 20:49:59- INFO- 已获取 20220614 申万行业数据
20260405 20:50:00- INFO- 已获取 20220615 申万行业数据
20260405 20:50:00- INFO- 已获取 20220616 申万行业数据
20260405 20:50:01- INFO- 已获取 20220617 申万行业数据
20260405 20:50:03- INFO- 已获取 20220620 申万行业数据
20260405 20:50:04- INFO- 已获取 20220621 申万行业数据
20260405 20:50:04- INFO- 已获取 20220622 申万行业数据
20260405 20:50:05- INFO- 已获取 20220623 申万行业数据
20260405 20:50:06- INFO- 已获取 20220624 申万行业数据
20260405 20:50:08- INFO- 已获取 20220627 申万行业数据
20260405 20:50:08- INFO- 已获取 20220628 申万行业数据
20260405 20:50:09- INFO- 已获取 20220629 申万行业数据
20260405 20:50:09- INFO- 已获取 20220630 申万行业数据
20260405 20:50:10- INFO- 已获取 20220701 申万行业数据
20260405 20:50:12- INFO- 已获取 20220704 申万行业数据
20260405 20:50:13- INFO- 已获取 20220705 申万行业数据
20260405 20:50:13- INFO- 已获取 20220706 申万行业数据
20260405 20:50:14- INFO- 已获取 20220707 申万行业数据
20260405 20:50:15- INFO- 已获取 20220708 申万行业数据
20260405 20:50:17- INFO- 已获取 20220711 申万行业数据
20260405 20:50:17- INFO- 已获取 20220712 申万行业数据
20260405 20:50:18- INFO- 已获取 20220713 申万行业数据
20260405 20:50:19- INFO- 已获取 20220714 申万行业数据
20260405 20:50:19- INFO- 已获取 20220715 申万行业数据
20260405 20:50:21- INFO- 已获取 20220718 申万行业数据
20260405 20:50:22- INFO- 已获取 20220719 申万行业数据
20260405 20:50:22- INFO- 已获取 20220720 申万行业数据
20260405 20:50:23- INFO- 已获取 20220721 申万行业数据
20260405 20:50:24- INFO- 已获取 20220722 申万行业数据
20260405 20:50:26- INFO- 已获取 20220725 申万行业数据
20260405 20:50:26- INFO- 已获取 20220726 申万行业数据
20260405 20:50:27- INFO- 已获取 20220727 申万行业数据
20260405 20:50:28- INFO- 已获取 20220728 申万行业数据
20260405 20:50:28- INFO- 已获取 20220729 申万行业数据
20260405 20:50:30- INFO- 已获取 20220801 申万行业数据
20260405 20:50:31- INFO- 已获取 20220802 申万行业数据
20260405 20:50:32- INFO- 已获取 20220803 申万行业数据
20260405 20:50:32- INFO- 已获取 20220804 申万行业数据
20260405 20:50:33- INFO- 已获取 20220805 申万行业数据
20260405 20:50:35- INFO- 已获取 20220808 申万行业数据
20260405 20:50:35- INFO- 已获取 20220809 申万行业数据
20260405 20:50:36- INFO- 已获取 20220810 申万行业数据
20260405 20:50:37- INFO- 已获取 20220811 申万行业数据
20260405 20:50:37- INFO- 已获取 20220812 申万行业数据
20260405 20:50:39- INFO- 已获取 20220815 申万行业数据
20260405 20:50:40- INFO- 已获取 20220816 申万行业数据
20260405 20:50:41- INFO- 已获取 20220817 申万行业数据
20260405 20:50:41- INFO- 已获取 20220818 申万行业数据
20260405 20:50:42- INFO- 已获取 20220819 申万行业数据
20260405 20:50:44- INFO- 已获取 20220822 申万行业数据
20260405 20:50:44- INFO- 已获取 20220823 申万行业数据
20260405 20:50:45- INFO- 已获取 20220824 申万行业数据
20260405 20:50:46- INFO- 已获取 20220825 申万行业数据
20260405 20:50:47- INFO- 已获取 20220826 申万行业数据
20260405 20:50:48- INFO- 已获取 20220829 申万行业数据
20260405 20:50:49- INFO- 已获取 20220830 申万行业数据
20260405 20:50:50- INFO- 已获取 20220831 申万行业数据
20260405 20:50:50- INFO- 已获取 20220901 申万行业数据
20260405 20:50:51- INFO- 已获取 20220902 申万行业数据
20260405 20:50:53- INFO- 已获取 20220905 申万行业数据
20260405 20:50:54- INFO- 已获取 20220906 申万行业数据
20260405 20:50:54- INFO- 已获取 20220907 申万行业数据
20260405 20:50:55- INFO- 已获取 20220908 申万行业数据
20260405 20:50:56- INFO- 已获取 20220909 申万行业数据
20260405 20:50:58- INFO- 已获取 20220913 申万行业数据
20260405 20:50:59- INFO- 已获取 20220914 申万行业数据
20260405 20:50:59- INFO- 已获取 20220915 申万行业数据
20260405 20:51:00- INFO- 已获取 20220916 申万行业数据
20260405 20:51:02- INFO- 已获取 20220919 申万行业数据
20260405 20:51:03- INFO- 已获取 20220920 申万行业数据
20260405 20:51:03- INFO- 已获取 20220921 申万行业数据
20260405 20:51:04- INFO- 已获取 20220922 申万行业数据
20260405 20:51:05- INFO- 已获取 20220923 申万行业数据
20260405 20:51:07- INFO- 已获取 20220926 申万行业数据
20260405 20:51:07- INFO- 已获取 20220927 申万行业数据
20260405 20:51:08- INFO- 已获取 20220928 申万行业数据
20260405 20:51:09- INFO- 已获取 20220929 申万行业数据
20260405 20:51:09- INFO- 已获取 20220930 申万行业数据
20260405 20:51:15- INFO- 已获取 20221010 申万行业数据
20260405 20:51:16- INFO- 已获取 20221011 申万行业数据
20260405 20:51:17- INFO- 已获取 20221012 申万行业数据
20260405 20:51:17- INFO- 已获取 20221013 申万行业数据
20260405 20:51:18- INFO- 已获取 20221014 申万行业数据
20260405 20:51:20- INFO- 已获取 20221017 申万行业数据
20260405 20:51:21- INFO- 已获取 20221018 申万行业数据
20260405 20:51:21- INFO- 已获取 20221019 申万行业数据
20260405 20:51:22- INFO- 已获取 20221020 申万行业数据
20260405 20:51:23- INFO- 已获取 20221021 申万行业数据
20260405 20:51:24- INFO- 已获取 20221024 申万行业数据
20260405 20:51:25- INFO- 已获取 20221025 申万行业数据
20260405 20:51:26- INFO- 已获取 20221026 申万行业数据
20260405 20:51:26- INFO- 已获取 20221027 申万行业数据
20260405 20:51:27- INFO- 已获取 20221028 申万行业数据
20260405 20:51:29- INFO- 已获取 20221031 申万行业数据
20260405 20:51:30- INFO- 已获取 20221101 申万行业数据
20260405 20:51:30- INFO- 已获取 20221102 申万行业数据
20260405 20:51:31- INFO- 已获取 20221103 申万行业数据
20260405 20:51:32- INFO- 已获取 20221104 申万行业数据
20260405 20:51:34- INFO- 已获取 20221107 申万行业数据
20260405 20:51:34- INFO- 已获取 20221108 申万行业数据
20260405 20:51:35- INFO- 已获取 20221109 申万行业数据
20260405 20:51:36- INFO- 已获取 20221110 申万行业数据
20260405 20:51:36- INFO- 已获取 20221111 申万行业数据
20260405 20:51:38- INFO- 已获取 20221114 申万行业数据
20260405 20:51:39- INFO- 已获取 20221115 申万行业数据
20260405 20:51:39- INFO- 已获取 20221116 申万行业数据
20260405 20:51:40- INFO- 已获取 20221117 申万行业数据
20260405 20:51:41- INFO- 已获取 20221118 申万行业数据
20260405 20:51:43- INFO- 已获取 20221121 申万行业数据
20260405 20:51:43- INFO- 已获取 20221122 申万行业数据
20260405 20:51:44- INFO- 已获取 20221123 申万行业数据
20260405 20:51:45- INFO- 已获取 20221124 申万行业数据
20260405 20:51:45- INFO- 已获取 20221125 申万行业数据
20260405 20:51:47- INFO- 已获取 20221128 申万行业数据
20260405 20:51:48- INFO- 已获取 20221129 申万行业数据
20260405 20:51:49- INFO- 已获取 20221130 申万行业数据
20260405 20:51:49- INFO- 已获取 20221201 申万行业数据
20260405 20:51:50- INFO- 已获取 20221202 申万行业数据
20260405 20:51:52- INFO- 已获取 20221205 申万行业数据
20260405 20:51:53- INFO- 已获取 20221206 申万行业数据
20260405 20:51:53- INFO- 已获取 20221207 申万行业数据
20260405 20:51:54- INFO- 已获取 20221208 申万行业数据
20260405 20:51:55- INFO- 已获取 20221209 申万行业数据
20260405 20:51:57- INFO- 已获取 20221212 申万行业数据
20260405 20:51:57- INFO- 已获取 20221213 申万行业数据
20260405 20:51:58- INFO- 已获取 20221214 申万行业数据
20260405 20:51:59- INFO- 已获取 20221215 申万行业数据
20260405 20:51:59- INFO- 已获取 20221216 申万行业数据
20260405 20:52:01- INFO- 已获取 20221219 申万行业数据
20260405 20:52:02- INFO- 已获取 20221220 申万行业数据
20260405 20:52:03- INFO- 已获取 20221221 申万行业数据
20260405 20:52:03- INFO- 已获取 20221222 申万行业数据
20260405 20:52:04- INFO- 已获取 20221223 申万行业数据
20260405 20:52:06- INFO- 已获取 20221226 申万行业数据
20260405 20:52:07- INFO- 已获取 20221227 申万行业数据
20260405 20:52:07- INFO- 已获取 20221228 申万行业数据
20260405 20:52:08- INFO- 已获取 20221229 申万行业数据
20260405 20:52:09- INFO- 已获取 20221230 申万行业数据
20260405 20:52:11- INFO- 已获取 20230103 申万行业数据
20260405 20:52:12- INFO- 已获取 20230104 申万行业数据
20260405 20:52:12- INFO- 已获取 20230105 申万行业数据
20260405 20:52:13- INFO- 已获取 20230106 申万行业数据
20260405 20:52:15- INFO- 已获取 20230109 申万行业数据
20260405 20:52:16- INFO- 已获取 20230110 申万行业数据
20260405 20:52:16- INFO- 已获取 20230111 申万行业数据
20260405 20:52:17- INFO- 已获取 20230112 申万行业数据
20260405 20:52:18- INFO- 已获取 20230113 申万行业数据
20260405 20:52:19- INFO- 已获取 20230116 申万行业数据
20260405 20:52:20- INFO- 已获取 20230117 申万行业数据
20260405 20:52:21- INFO- 已获取 20230118 申万行业数据
20260405 20:52:21- INFO- 已获取 20230119 申万行业数据
20260405 20:52:22- INFO- 已获取 20230120 申万行业数据
20260405 20:52:28- INFO- 已获取 20230130 申万行业数据
20260405 20:52:29- INFO- 已获取 20230131 申万行业数据
20260405 20:52:30- INFO- 已获取 20230201 申万行业数据
20260405 20:52:30- INFO- 已获取 20230202 申万行业数据
20260405 20:52:31- INFO- 已获取 20230203 申万行业数据
20260405 20:52:33- INFO- 已获取 20230206 申万行业数据
20260405 20:52:34- INFO- 已获取 20230207 申万行业数据
20260405 20:52:34- INFO- 已获取 20230208 申万行业数据
20260405 20:52:35- INFO- 已获取 20230209 申万行业数据
20260405 20:52:36- INFO- 已获取 20230210 申万行业数据
20260405 20:52:37- INFO- 已获取 20230213 申万行业数据
20260405 20:52:38- INFO- 已获取 20230214 申万行业数据
20260405 20:52:39- INFO- 已获取 20230215 申万行业数据
20260405 20:52:40- INFO- 已获取 20230216 申万行业数据
20260405 20:52:40- INFO- 已获取 20230217 申万行业数据
20260405 20:52:42- INFO- 已获取 20230220 申万行业数据
20260405 20:52:43- INFO- 已获取 20230221 申万行业数据
20260405 20:52:43- INFO- 已获取 20230222 申万行业数据
20260405 20:52:44- INFO- 已获取 20230223 申万行业数据
20260405 20:52:45- INFO- 已获取 20230224 申万行业数据
20260405 20:52:47- INFO- 已获取 20230227 申万行业数据
20260405 20:52:47- INFO- 已获取 20230228 申万行业数据
20260405 20:52:48- INFO- 已获取 20230301 申万行业数据
20260405 20:52:49- INFO- 已获取 20230302 申万行业数据
20260405 20:52:49- INFO- 已获取 20230303 申万行业数据
20260405 20:52:51- INFO- 已获取 20230306 申万行业数据
20260405 20:52:52- INFO- 已获取 20230307 申万行业数据
20260405 20:52:53- INFO- 已获取 20230308 申万行业数据
20260405 20:52:53- INFO- 已获取 20230309 申万行业数据
20260405 20:52:54- INFO- 已获取 20230310 申万行业数据
20260405 20:52:56- INFO- 已获取 20230313 申万行业数据
20260405 20:52:56- INFO- 已获取 20230314 申万行业数据
20260405 20:52:57- INFO- 已获取 20230315 申万行业数据
20260405 20:52:58- INFO- 已获取 20230316 申万行业数据
20260405 20:52:58- INFO- 已获取 20230317 申万行业数据
20260405 20:53:00- INFO- 已获取 20230320 申万行业数据
20260405 20:53:01- INFO- 已获取 20230321 申万行业数据
20260405 20:53:02- INFO- 已获取 20230322 申万行业数据
20260405 20:53:02- INFO- 已获取 20230323 申万行业数据
20260405 20:53:03- INFO- 已获取 20230324 申万行业数据
20260405 20:53:05- INFO- 已获取 20230327 申万行业数据
20260405 20:53:05- INFO- 已获取 20230328 申万行业数据
20260405 20:53:06- INFO- 已获取 20230329 申万行业数据
20260405 20:53:07- INFO- 已获取 20230330 申万行业数据
20260405 20:53:08- INFO- 已获取 20230331 申万行业数据
20260405 20:53:09- INFO- 已获取 20230403 申万行业数据
20260405 20:53:10- INFO- 已获取 20230404 申万行业数据
20260405 20:53:11- INFO- 已获取 20230406 申万行业数据
20260405 20:53:12- INFO- 已获取 20230407 申万行业数据
20260405 20:53:14- INFO- 已获取 20230410 申万行业数据
20260405 20:53:15- INFO- 已获取 20230411 申万行业数据
20260405 20:53:15- INFO- 已获取 20230412 申万行业数据
20260405 20:53:16- INFO- 已获取 20230413 申万行业数据
20260405 20:53:17- INFO- 已获取 20230414 申万行业数据
20260405 20:53:19- INFO- 已获取 20230417 申万行业数据
20260405 20:53:19- INFO- 已获取 20230418 申万行业数据
20260405 20:53:20- INFO- 已获取 20230419 申万行业数据
20260405 20:53:21- INFO- 已获取 20230420 申万行业数据
20260405 20:53:21- INFO- 已获取 20230421 申万行业数据
20260405 20:53:23- INFO- 已获取 20230424 申万行业数据
20260405 20:53:24- INFO- 已获取 20230425 申万行业数据
20260405 20:53:24- INFO- 已获取 20230426 申万行业数据
20260405 20:53:25- INFO- 已获取 20230427 申万行业数据
20260405 20:53:26- INFO- 已获取 20230428 申万行业数据
20260405 20:53:30- INFO- 已获取 20230504 申万行业数据
20260405 20:53:30- INFO- 已获取 20230505 申万行业数据
20260405 20:53:32- INFO- 已获取 20230508 申万行业数据
20260405 20:53:33- INFO- 已获取 20230509 申万行业数据
20260405 20:53:34- INFO- 已获取 20230510 申万行业数据
20260405 20:53:34- INFO- 已获取 20230511 申万行业数据
20260405 20:53:35- INFO- 已获取 20230512 申万行业数据
20260405 20:53:37- INFO- 已获取 20230515 申万行业数据
20260405 20:53:38- INFO- 已获取 20230516 申万行业数据
20260405 20:53:38- INFO- 已获取 20230517 申万行业数据
20260405 20:53:39- INFO- 已获取 20230518 申万行业数据
20260405 20:53:40- INFO- 已获取 20230519 申万行业数据
20260405 20:53:41- INFO- 已获取 20230522 申万行业数据
20260405 20:53:42- INFO- 已获取 20230523 申万行业数据
20260405 20:53:43- INFO- 已获取 20230524 申万行业数据
20260405 20:53:43- INFO- 已获取 20230525 申万行业数据
20260405 20:53:44- INFO- 已获取 20230526 申万行业数据
20260405 20:53:46- INFO- 已获取 20230529 申万行业数据
20260405 20:53:47- INFO- 已获取 20230530 申万行业数据
20260405 20:53:47- INFO- 已获取 20230531 申万行业数据
20260405 20:53:48- INFO- 已获取 20230601 申万行业数据
20260405 20:53:49- INFO- 已获取 20230602 申万行业数据
20260405 20:53:50- INFO- 已获取 20230605 申万行业数据
20260405 20:53:51- INFO- 已获取 20230606 申万行业数据
20260405 20:53:52- INFO- 已获取 20230607 申万行业数据
20260405 20:53:52- INFO- 已获取 20230608 申万行业数据
20260405 20:53:53- INFO- 已获取 20230609 申万行业数据
20260405 20:53:55- INFO- 已获取 20230612 申万行业数据
20260405 20:53:56- INFO- 已获取 20230613 申万行业数据
20260405 20:53:56- INFO- 已获取 20230614 申万行业数据
20260405 20:53:57- INFO- 已获取 20230615 申万行业数据
20260405 20:53:58- INFO- 已获取 20230616 申万行业数据
20260405 20:53:59- INFO- 已获取 20230619 申万行业数据
20260405 20:54:00- INFO- 已获取 20230620 申万行业数据
20260405 20:54:01- INFO- 已获取 20230621 申万行业数据
20260405 20:54:04- INFO- 已获取 20230626 申万行业数据
20260405 20:54:05- INFO- 已获取 20230627 申万行业数据
20260405 20:54:05- INFO- 已获取 20230628 申万行业数据
20260405 20:54:06- INFO- 已获取 20230629 申万行业数据
20260405 20:54:07- INFO- 已获取 20230630 申万行业数据
20260405 20:54:08- INFO- 已获取 20230703 申万行业数据
20260405 20:54:09- INFO- 已获取 20230704 申万行业数据
20260405 20:54:10- INFO- 已获取 20230705 申万行业数据
20260405 20:54:10- INFO- 已获取 20230706 申万行业数据
20260405 20:54:11- INFO- 已获取 20230707 申万行业数据
20260405 20:54:13- INFO- 已获取 20230710 申万行业数据
20260405 20:54:14- INFO- 已获取 20230711 申万行业数据
20260405 20:54:14- INFO- 已获取 20230712 申万行业数据
20260405 20:54:15- INFO- 已获取 20230713 申万行业数据
20260405 20:54:16- INFO- 已获取 20230714 申万行业数据
20260405 20:54:18- INFO- 已获取 20230717 申万行业数据
20260405 20:54:18- INFO- 已获取 20230718 申万行业数据
20260405 20:54:19- INFO- 已获取 20230719 申万行业数据
20260405 20:54:20- INFO- 已获取 20230720 申万行业数据
20260405 20:54:20- INFO- 已获取 20230721 申万行业数据
20260405 20:54:22- INFO- 已获取 20230724 申万行业数据
20260405 20:54:23- INFO- 已获取 20230725 申万行业数据
20260405 20:54:23- INFO- 已获取 20230726 申万行业数据
20260405 20:54:24- INFO- 已获取 20230727 申万行业数据
20260405 20:54:25- INFO- 已获取 20230728 申万行业数据
20260405 20:54:27- INFO- 已获取 20230731 申万行业数据
20260405 20:54:27- INFO- 已获取 20230801 申万行业数据
20260405 20:54:28- INFO- 已获取 20230802 申万行业数据
20260405 20:54:29- INFO- 已获取 20230803 申万行业数据
20260405 20:54:29- INFO- 已获取 20230804 申万行业数据
20260405 20:54:31- INFO- 已获取 20230807 申万行业数据
20260405 20:54:32- INFO- 已获取 20230808 申万行业数据
20260405 20:54:33- INFO- 已获取 20230809 申万行业数据
20260405 20:54:33- INFO- 已获取 20230810 申万行业数据
20260405 20:54:34- INFO- 已获取 20230811 申万行业数据
20260405 20:54:36- INFO- 已获取 20230814 申万行业数据
20260405 20:54:37- INFO- 已获取 20230815 申万行业数据
20260405 20:54:37- INFO- 已获取 20230816 申万行业数据
20260405 20:54:38- INFO- 已获取 20230817 申万行业数据
20260405 20:54:39- INFO- 已获取 20230818 申万行业数据
20260405 20:54:40- INFO- 已获取 20230821 申万行业数据
20260405 20:54:41- INFO- 已获取 20230822 申万行业数据
20260405 20:54:42- INFO- 已获取 20230823 申万行业数据
20260405 20:54:42- INFO- 已获取 20230824 申万行业数据
20260405 20:54:43- INFO- 已获取 20230825 申万行业数据
20260405 20:54:45- INFO- 已获取 20230828 申万行业数据
20260405 20:54:46- INFO- 已获取 20230829 申万行业数据
20260405 20:54:46- INFO- 已获取 20230830 申万行业数据
20260405 20:54:47- INFO- 已获取 20230831 申万行业数据
20260405 20:54:48- INFO- 已获取 20230901 申万行业数据
20260405 20:54:50- INFO- 已获取 20230904 申万行业数据
20260405 20:54:50- INFO- 已获取 20230905 申万行业数据
20260405 20:54:52- INFO- 已获取 20230906 申万行业数据
20260405 20:54:53- INFO- 已获取 20230907 申万行业数据
20260405 20:54:53- INFO- 已获取 20230908 申万行业数据
20260405 20:54:55- INFO- 已获取 20230911 申万行业数据
20260405 20:54:56- INFO- 已获取 20230912 申万行业数据
20260405 20:54:56- INFO- 已获取 20230913 申万行业数据
20260405 20:54:57- INFO- 已获取 20230914 申万行业数据
20260405 20:54:58- INFO- 已获取 20230915 申万行业数据
20260405 20:55:00- INFO- 已获取 20230918 申万行业数据
20260405 20:55:00- INFO- 已获取 20230919 申万行业数据
20260405 20:55:01- INFO- 已获取 20230920 申万行业数据
20260405 20:55:02- INFO- 已获取 20230921 申万行业数据
20260405 20:55:02- INFO- 已获取 20230922 申万行业数据
20260405 20:55:04- INFO- 已获取 20230925 申万行业数据
20260405 20:55:05- INFO- 已获取 20230926 申万行业数据
20260405 20:55:06- INFO- 已获取 20230927 申万行业数据
20260405 20:55:06- INFO- 已获取 20230928 申万行业数据
20260405 20:55:13- INFO- 已获取 20231009 申万行业数据
20260405 20:55:14- INFO- 已获取 20231010 申万行业数据
20260405 20:55:14- INFO- 已获取 20231011 申万行业数据
20260405 20:55:15- INFO- 已获取 20231012 申万行业数据
20260405 20:55:16- INFO- 已获取 20231013 申万行业数据
20260405 20:55:18- INFO- 已获取 20231016 申万行业数据
20260405 20:55:18- INFO- 已获取 20231017 申万行业数据
20260405 20:55:19- INFO- 已获取 20231018 申万行业数据
20260405 20:55:20- INFO- 已获取 20231019 申万行业数据
20260405 20:55:20- INFO- 已获取 20231020 申万行业数据
20260405 20:55:22- INFO- 已获取 20231023 申万行业数据
20260405 20:55:23- INFO- 已获取 20231024 申万行业数据
20260405 20:55:23- INFO- 已获取 20231025 申万行业数据
20260405 20:55:24- INFO- 已获取 20231026 申万行业数据
20260405 20:55:25- INFO- 已获取 20231027 申万行业数据
20260405 20:55:27- INFO- 已获取 20231030 申万行业数据
20260405 20:55:28- INFO- 已获取 20231031 申万行业数据
20260405 20:55:28- INFO- 已获取 20231101 申万行业数据
20260405 20:55:29- INFO- 已获取 20231102 申万行业数据
20260405 20:55:30- INFO- 已获取 20231103 申万行业数据
20260405 20:55:32- INFO- 已获取 20231106 申万行业数据
20260405 20:55:32- INFO- 已获取 20231107 申万行业数据
20260405 20:55:33- INFO- 已获取 20231108 申万行业数据
20260405 20:55:34- INFO- 已获取 20231109 申万行业数据
20260405 20:55:34- INFO- 已获取 20231110 申万行业数据
20260405 20:55:36- INFO- 已获取 20231113 申万行业数据
20260405 20:55:37- INFO- 已获取 20231114 申万行业数据
20260405 20:55:37- INFO- 已获取 20231115 申万行业数据
20260405 20:55:38- INFO- 已获取 20231116 申万行业数据
20260405 20:55:39- INFO- 已获取 20231117 申万行业数据
20260405 20:55:41- INFO- 已获取 20231120 申万行业数据
20260405 20:55:41- INFO- 已获取 20231121 申万行业数据
20260405 20:55:42- INFO- 已获取 20231122 申万行业数据
20260405 20:55:43- INFO- 已获取 20231123 申万行业数据
20260405 20:55:43- INFO- 已获取 20231124 申万行业数据
20260405 20:55:45- INFO- 已获取 20231127 申万行业数据
20260405 20:55:46- INFO- 已获取 20231128 申万行业数据
20260405 20:55:47- INFO- 已获取 20231129 申万行业数据
20260405 20:55:47- INFO- 已获取 20231130 申万行业数据
20260405 20:55:48- INFO- 已获取 20231201 申万行业数据
20260405 20:55:50- INFO- 已获取 20231204 申万行业数据
20260405 20:55:50- INFO- 已获取 20231205 申万行业数据
20260405 20:55:51- INFO- 已获取 20231206 申万行业数据
20260405 20:55:52- INFO- 已获取 20231207 申万行业数据
20260405 20:55:52- INFO- 已获取 20231208 申万行业数据
20260405 20:55:54- INFO- 已获取 20231211 申万行业数据
20260405 20:55:55- INFO- 已获取 20231212 申万行业数据
20260405 20:55:56- INFO- 已获取 20231213 申万行业数据
20260405 20:55:56- INFO- 已获取 20231214 申万行业数据
20260405 20:55:57- INFO- 已获取 20231215 申万行业数据
20260405 20:55:59- INFO- 已获取 20231218 申万行业数据
20260405 20:56:00- INFO- 已获取 20231219 申万行业数据
20260405 20:56:00- INFO- 已获取 20231220 申万行业数据
20260405 20:56:01- INFO- 已获取 20231221 申万行业数据
20260405 20:56:02- INFO- 已获取 20231222 申万行业数据
20260405 20:56:04- INFO- 已获取 20231225 申万行业数据
20260405 20:56:04- INFO- 已获取 20231226 申万行业数据
20260405 20:56:05- INFO- 已获取 20231227 申万行业数据
20260405 20:56:06- INFO- 已获取 20231228 申万行业数据
20260405 20:56:06- INFO- 已获取 20231229 申万行业数据
20260405 20:56:09- INFO- 已获取 20240102 申万行业数据
20260405 20:56:09- INFO- 已获取 20240103 申万行业数据
20260405 20:56:10- INFO- 已获取 20240104 申万行业数据
20260405 20:56:11- INFO- 已获取 20240105 申万行业数据
20260405 20:56:13- INFO- 已获取 20240108 申万行业数据
20260405 20:56:13- INFO- 已获取 20240109 申万行业数据
20260405 20:56:14- INFO- 已获取 20240110 申万行业数据
20260405 20:56:15- INFO- 已获取 20240111 申万行业数据
20260405 20:56:15- INFO- 已获取 20240112 申万行业数据
20260405 20:56:17- INFO- 已获取 20240115 申万行业数据
20260405 20:56:18- INFO- 已获取 20240116 申万行业数据
20260405 20:56:18- INFO- 已获取 20240117 申万行业数据
20260405 20:56:19- INFO- 已获取 20240118 申万行业数据
20260405 20:56:20- INFO- 已获取 20240119 申万行业数据
20260405 20:56:22- INFO- 已获取 20240122 申万行业数据
20260405 20:56:22- INFO- 已获取 20240123 申万行业数据
20260405 20:56:23- INFO- 已获取 20240124 申万行业数据
20260405 20:56:24- INFO- 已获取 20240125 申万行业数据
20260405 20:56:24- INFO- 已获取 20240126 申万行业数据
20260405 20:56:26- INFO- 已获取 20240129 申万行业数据
20260405 20:56:27- INFO- 已获取 20240130 申万行业数据
20260405 20:56:28- INFO- 已获取 20240131 申万行业数据
20260405 20:56:28- INFO- 已获取 20240201 申万行业数据
20260405 20:56:29- INFO- 已获取 20240202 申万行业数据
20260405 20:56:31- INFO- 已获取 20240205 申万行业数据
20260405 20:56:31- INFO- 已获取 20240206 申万行业数据
20260405 20:56:32- INFO- 已获取 20240207 申万行业数据
20260405 20:56:33- INFO- 已获取 20240208 申万行业数据
20260405 20:56:40- INFO- 已获取 20240219 申万行业数据
20260405 20:56:40- INFO- 已获取 20240220 申万行业数据
20260405 20:56:41- INFO- 已获取 20240221 申万行业数据
20260405 20:56:42- INFO- 已获取 20240222 申万行业数据
20260405 20:56:42- INFO- 已获取 20240223 申万行业数据
20260405 20:56:44- INFO- 已获取 20240226 申万行业数据
20260405 20:56:45- INFO- 已获取 20240227 申万行业数据
20260405 20:56:45- INFO- 已获取 20240228 申万行业数据
20260405 20:56:46- INFO- 已获取 20240229 申万行业数据
20260405 20:56:47- INFO- 已获取 20240301 申万行业数据
20260405 20:56:49- INFO- 已获取 20240304 申万行业数据
20260405 20:56:49- INFO- 已获取 20240305 申万行业数据
20260405 20:56:50- INFO- 已获取 20240306 申万行业数据
20260405 20:56:51- INFO- 已获取 20240307 申万行业数据
20260405 20:56:51- INFO- 已获取 20240308 申万行业数据
20260405 20:56:53- INFO- 已获取 20240311 申万行业数据
20260405 20:56:54- INFO- 已获取 20240312 申万行业数据
20260405 20:56:55- INFO- 已获取 20240313 申万行业数据
20260405 20:56:55- INFO- 已获取 20240314 申万行业数据
20260405 20:56:56- INFO- 已获取 20240315 申万行业数据
20260405 20:56:58- INFO- 已获取 20240318 申万行业数据
20260405 20:56:58- INFO- 已获取 20240319 申万行业数据
20260405 20:56:59- INFO- 已获取 20240320 申万行业数据
20260405 20:57:00- INFO- 已获取 20240321 申万行业数据
20260405 20:57:00- INFO- 已获取 20240322 申万行业数据
20260405 20:57:02- INFO- 已获取 20240325 申万行业数据
20260405 20:57:03- INFO- 已获取 20240326 申万行业数据
20260405 20:57:04- INFO- 已获取 20240327 申万行业数据
20260405 20:57:04- INFO- 已获取 20240328 申万行业数据
20260405 20:57:05- INFO- 已获取 20240329 申万行业数据
20260405 20:57:07- INFO- 已获取 20240401 申万行业数据
20260405 20:57:07- INFO- 已获取 20240402 申万行业数据
20260405 20:57:08- INFO- 已获取 20240403 申万行业数据
20260405 20:57:11- INFO- 已获取 20240408 申万行业数据
20260405 20:57:12- INFO- 已获取 20240409 申万行业数据
20260405 20:57:13- INFO- 已获取 20240410 申万行业数据
20260405 20:57:13- INFO- 已获取 20240411 申万行业数据
20260405 20:57:14- INFO- 已获取 20240412 申万行业数据
20260405 20:57:16- INFO- 已获取 20240415 申万行业数据
20260405 20:57:16- INFO- 已获取 20240416 申万行业数据
20260405 20:57:17- INFO- 已获取 20240417 申万行业数据
20260405 20:57:18- INFO- 已获取 20240418 申万行业数据
20260405 20:57:18- INFO- 已获取 20240419 申万行业数据
20260405 20:57:20- INFO- 已获取 20240422 申万行业数据
20260405 20:57:21- INFO- 已获取 20240423 申万行业数据
20260405 20:57:22- INFO- 已获取 20240424 申万行业数据
20260405 20:57:22- INFO- 已获取 20240425 申万行业数据
20260405 20:57:23- INFO- 已获取 20240426 申万行业数据
20260405 20:57:25- INFO- 已获取 20240429 申万行业数据
20260405 20:57:25- INFO- 已获取 20240430 申万行业数据
20260405 20:57:29- INFO- 已获取 20240506 申万行业数据
20260405 20:57:30- INFO- 已获取 20240507 申万行业数据
20260405 20:57:30- INFO- 已获取 20240508 申万行业数据
20260405 20:57:31- INFO- 已获取 20240509 申万行业数据
20260405 20:57:32- INFO- 已获取 20240510 申万行业数据
20260405 20:57:34- INFO- 已获取 20240513 申万行业数据
20260405 20:57:34- INFO- 已获取 20240514 申万行业数据
20260405 20:57:35- INFO- 已获取 20240515 申万行业数据
20260405 20:57:36- INFO- 已获取 20240516 申万行业数据
20260405 20:57:36- INFO- 已获取 20240517 申万行业数据
20260405 20:57:38- INFO- 已获取 20240520 申万行业数据
20260405 20:57:39- INFO- 已获取 20240521 申万行业数据
20260405 20:57:40- INFO- 已获取 20240522 申万行业数据
20260405 20:57:40- INFO- 已获取 20240523 申万行业数据
20260405 20:57:41- INFO- 已获取 20240524 申万行业数据
20260405 20:57:43- INFO- 已获取 20240527 申万行业数据
20260405 20:57:44- INFO- 已获取 20240528 申万行业数据
20260405 20:57:44- INFO- 已获取 20240529 申万行业数据
20260405 20:57:45- INFO- 已获取 20240530 申万行业数据
20260405 20:57:45- INFO- 已获取 20240531 申万行业数据
20260405 20:57:47- INFO- 已获取 20240603 申万行业数据
20260405 20:57:48- INFO- 已获取 20240604 申万行业数据
20260405 20:57:49- INFO- 已获取 20240605 申万行业数据
20260405 20:57:49- INFO- 已获取 20240606 申万行业数据
20260405 20:57:50- INFO- 已获取 20240607 申万行业数据
20260405 20:57:52- INFO- 已获取 20240611 申万行业数据
20260405 20:57:53- INFO- 已获取 20240612 申万行业数据
20260405 20:57:54- INFO- 已获取 20240613 申万行业数据
20260405 20:57:54- INFO- 已获取 20240614 申万行业数据
20260405 20:57:56- INFO- 已获取 20240617 申万行业数据
20260405 20:57:57- INFO- 已获取 20240618 申万行业数据
20260405 20:57:58- INFO- 已获取 20240619 申万行业数据
20260405 20:57:58- INFO- 已获取 20240620 申万行业数据
20260405 20:57:59- INFO- 已获取 20240621 申万行业数据
20260405 20:58:01- INFO- 已获取 20240624 申万行业数据
20260405 20:58:01- INFO- 已获取 20240625 申万行业数据
20260405 20:58:02- INFO- 已获取 20240626 申万行业数据
20260405 20:58:03- INFO- 已获取 20240627 申万行业数据
20260405 20:58:03- INFO- 已获取 20240628 申万行业数据
20260405 20:58:05- INFO- 已获取 20240701 申万行业数据
20260405 20:58:06- INFO- 已获取 20240702 申万行业数据
20260405 20:58:07- INFO- 已获取 20240703 申万行业数据
20260405 20:58:07- INFO- 已获取 20240704 申万行业数据
20260405 20:58:08- INFO- 已获取 20240705 申万行业数据
20260405 20:58:10- INFO- 已获取 20240708 申万行业数据
20260405 20:58:11- INFO- 已获取 20240709 申万行业数据
20260405 20:58:11- INFO- 已获取 20240710 申万行业数据
20260405 20:58:12- INFO- 已获取 20240711 申万行业数据
20260405 20:58:13- INFO- 已获取 20240712 申万行业数据
20260405 20:58:14- INFO- 已获取 20240715 申万行业数据
20260405 20:58:15- INFO- 已获取 20240716 申万行业数据
20260405 20:58:16- INFO- 已获取 20240717 申万行业数据
20260405 20:58:16- INFO- 已获取 20240718 申万行业数据
20260405 20:58:17- INFO- 已获取 20240719 申万行业数据
20260405 20:58:19- INFO- 已获取 20240722 申万行业数据
20260405 20:58:20- INFO- 已获取 20240723 申万行业数据
20260405 20:58:20- INFO- 已获取 20240724 申万行业数据
20260405 20:58:21- INFO- 已获取 20240725 申万行业数据
20260405 20:58:22- INFO- 已获取 20240726 申万行业数据
20260405 20:58:23- INFO- 已获取 20240729 申万行业数据
20260405 20:58:24- INFO- 已获取 20240730 申万行业数据
20260405 20:58:25- INFO- 已获取 20240731 申万行业数据
20260405 20:58:25- INFO- 已获取 20240801 申万行业数据
20260405 20:58:26- INFO- 已获取 20240802 申万行业数据
20260405 20:58:28- INFO- 已获取 20240805 申万行业数据
20260405 20:58:29- INFO- 已获取 20240806 申万行业数据
20260405 20:58:29- INFO- 已获取 20240807 申万行业数据
20260405 20:58:30- INFO- 已获取 20240808 申万行业数据
20260405 20:58:31- INFO- 已获取 20240809 申万行业数据
20260405 20:58:33- INFO- 已获取 20240812 申万行业数据
20260405 20:58:33- INFO- 已获取 20240813 申万行业数据
20260405 20:58:34- INFO- 已获取 20240814 申万行业数据
20260405 20:58:35- INFO- 已获取 20240815 申万行业数据
20260405 20:58:35- INFO- 已获取 20240816 申万行业数据
20260405 20:58:37- INFO- 已获取 20240819 申万行业数据
20260405 20:58:38- INFO- 已获取 20240820 申万行业数据
20260405 20:58:38- INFO- 已获取 20240821 申万行业数据
20260405 20:58:39- INFO- 已获取 20240822 申万行业数据
20260405 20:58:40- INFO- 已获取 20240823 申万行业数据
20260405 20:58:42- INFO- 已获取 20240826 申万行业数据
20260405 20:58:42- INFO- 已获取 20240827 申万行业数据
20260405 20:58:43- INFO- 已获取 20240828 申万行业数据
20260405 20:58:44- INFO- 已获取 20240829 申万行业数据
20260405 20:58:44- INFO- 已获取 20240830 申万行业数据
20260405 20:58:46- INFO- 已获取 20240902 申万行业数据
20260405 20:58:47- INFO- 已获取 20240903 申万行业数据
20260405 20:58:48- INFO- 已获取 20240904 申万行业数据
20260405 20:58:48- INFO- 已获取 20240905 申万行业数据
20260405 20:58:49- INFO- 已获取 20240906 申万行业数据
20260405 20:58:51- INFO- 已获取 20240909 申万行业数据
20260405 20:58:52- INFO- 已获取 20240910 申万行业数据
20260405 20:58:52- INFO- 已获取 20240911 申万行业数据
20260405 20:58:53- INFO- 已获取 20240912 申万行业数据
20260405 20:58:54- INFO- 已获取 20240913 申万行业数据
20260405 20:58:57- INFO- 已获取 20240918 申万行业数据
20260405 20:58:57- INFO- 已获取 20240919 申万行业数据
20260405 20:58:58- INFO- 已获取 20240920 申万行业数据
20260405 20:59:00- INFO- 已获取 20240923 申万行业数据
20260405 20:59:01- INFO- 已获取 20240924 申万行业数据
20260405 20:59:01- INFO- 已获取 20240925 申万行业数据
20260405 20:59:02- INFO- 已获取 20240926 申万行业数据
20260405 20:59:03- INFO- 已获取 20240927 申万行业数据
20260405 20:59:04- INFO- 已获取 20240930 申万行业数据
20260405 20:59:09- INFO- 已获取 20241008 申万行业数据
20260405 20:59:10- INFO- 已获取 20241009 申万行业数据
20260405 20:59:11- INFO- 已获取 20241010 申万行业数据
20260405 20:59:11- INFO- 已获取 20241011 申万行业数据
20260405 20:59:13- INFO- 已获取 20241014 申万行业数据
20260405 20:59:14- INFO- 已获取 20241015 申万行业数据
20260405 20:59:15- INFO- 已获取 20241016 申万行业数据
20260405 20:59:15- INFO- 已获取 20241017 申万行业数据
20260405 20:59:16- INFO- 已获取 20241018 申万行业数据
20260405 20:59:18- INFO- 已获取 20241021 申万行业数据
20260405 20:59:19- INFO- 已获取 20241022 申万行业数据
20260405 20:59:19- INFO- 已获取 20241023 申万行业数据
20260405 20:59:20- INFO- 已获取 20241024 申万行业数据
20260405 20:59:21- INFO- 已获取 20241025 申万行业数据
20260405 20:59:22- INFO- 已获取 20241028 申万行业数据
20260405 20:59:23- INFO- 已获取 20241029 申万行业数据
20260405 20:59:24- INFO- 已获取 20241030 申万行业数据
20260405 20:59:24- INFO- 已获取 20241031 申万行业数据
20260405 20:59:25- INFO- 已获取 20241101 申万行业数据
20260405 20:59:27- INFO- 已获取 20241104 申万行业数据
20260405 20:59:28- INFO- 已获取 20241105 申万行业数据
20260405 20:59:28- INFO- 已获取 20241106 申万行业数据
20260405 20:59:29- INFO- 已获取 20241107 申万行业数据
20260405 20:59:29- INFO- 已获取 20241108 申万行业数据
20260405 20:59:31- INFO- 已获取 20241111 申万行业数据
20260405 20:59:32- INFO- 已获取 20241112 申万行业数据
20260405 20:59:33- INFO- 已获取 20241113 申万行业数据
20260405 20:59:33- INFO- 已获取 20241114 申万行业数据
20260405 20:59:34- INFO- 已获取 20241115 申万行业数据
20260405 20:59:36- INFO- 已获取 20241118 申万行业数据
20260405 20:59:37- INFO- 已获取 20241119 申万行业数据
20260405 20:59:37- INFO- 已获取 20241120 申万行业数据
20260405 20:59:38- INFO- 已获取 20241121 申万行业数据
20260405 20:59:39- INFO- 已获取 20241122 申万行业数据
20260405 20:59:41- INFO- 已获取 20241125 申万行业数据
20260405 20:59:41- INFO- 已获取 20241126 申万行业数据
20260405 20:59:42- INFO- 已获取 20241127 申万行业数据
20260405 20:59:43- INFO- 已获取 20241128 申万行业数据
20260405 20:59:43- INFO- 已获取 20241129 申万行业数据
20260405 20:59:45- INFO- 已获取 20241202 申万行业数据
20260405 20:59:46- INFO- 已获取 20241203 申万行业数据
20260405 20:59:47- INFO- 已获取 20241204 申万行业数据
20260405 20:59:47- INFO- 已获取 20241205 申万行业数据
20260405 20:59:48- INFO- 已获取 20241206 申万行业数据
20260405 20:59:50- INFO- 已获取 20241209 申万行业数据
20260405 20:59:50- INFO- 已获取 20241210 申万行业数据
20260405 20:59:51- INFO- 已获取 20241211 申万行业数据
20260405 20:59:52- INFO- 已获取 20241212 申万行业数据
20260405 20:59:52- INFO- 已获取 20241213 申万行业数据
20260405 20:59:54- INFO- 已获取 20241216 申万行业数据
20260405 20:59:55- INFO- 已获取 20241217 申万行业数据
20260405 20:59:56- INFO- 已获取 20241218 申万行业数据
20260405 20:59:56- INFO- 已获取 20241219 申万行业数据
20260405 20:59:57- INFO- 已获取 20241220 申万行业数据
20260405 20:59:59- INFO- 已获取 20241223 申万行业数据
20260405 20:59:59- INFO- 已获取 20241224 申万行业数据
20260405 21:00:00- INFO- 已获取 20241225 申万行业数据
20260405 21:00:01- INFO- 已获取 20241226 申万行业数据
20260405 21:00:02- INFO- 已获取 20241227 申万行业数据
20260405 21:00:03- INFO- 已获取 20241230 申万行业数据
20260405 21:00:04- INFO- 已获取 20241231 申万行业数据
20260405 21:00:05- INFO- 已获取 20250102 申万行业数据
20260405 21:00:06- INFO- 已获取 20250103 申万行业数据
20260405 21:00:08- INFO- 已获取 20250106 申万行业数据
20260405 21:00:09- INFO- 已获取 20250107 申万行业数据
20260405 21:00:09- INFO- 已获取 20250108 申万行业数据
20260405 21:00:10- INFO- 已获取 20250109 申万行业数据
20260405 21:00:11- INFO- 已获取 20250110 申万行业数据
20260405 21:00:13- INFO- 已获取 20250113 申万行业数据
20260405 21:00:13- INFO- 已获取 20250114 申万行业数据
20260405 21:00:14- INFO- 已获取 20250115 申万行业数据
20260405 21:00:14- INFO- 已获取 20250116 申万行业数据
20260405 21:00:15- INFO- 已获取 20250117 申万行业数据
20260405 21:00:17- INFO- 已获取 20250120 申万行业数据
20260405 21:00:18- INFO- 已获取 20250121 申万行业数据
20260405 21:00:18- INFO- 已获取 20250122 申万行业数据
20260405 21:00:19- INFO- 已获取 20250123 申万行业数据
20260405 21:00:20- INFO- 已获取 20250124 申万行业数据
20260405 21:00:22- INFO- 已获取 20250127 申万行业数据
20260405 21:00:28- INFO- 已获取 20250205 申万行业数据
20260405 21:00:29- INFO- 已获取 20250206 申万行业数据
20260405 21:00:30- INFO- 已获取 20250207 申万行业数据
20260405 21:00:32- INFO- 已获取 20250210 申万行业数据
20260405 21:00:32- INFO- 已获取 20250211 申万行业数据
20260405 21:00:33- INFO- 已获取 20250212 申万行业数据
20260405 21:00:34- INFO- 已获取 20250213 申万行业数据
20260405 21:00:34- INFO- 已获取 20250214 申万行业数据
20260405 21:00:36- INFO- 已获取 20250217 申万行业数据
20260405 21:00:37- INFO- 已获取 20250218 申万行业数据
20260405 21:00:37- INFO- 已获取 20250219 申万行业数据
20260405 21:00:38- INFO- 已获取 20250220 申万行业数据
20260405 21:00:39- INFO- 已获取 20250221 申万行业数据
20260405 21:00:41- INFO- 已获取 20250224 申万行业数据
20260405 21:00:41- INFO- 已获取 20250225 申万行业数据
20260405 21:00:42- INFO- 已获取 20250226 申万行业数据
20260405 21:00:43- INFO- 已获取 20250227 申万行业数据
20260405 21:00:43- INFO- 已获取 20250228 申万行业数据
20260405 21:00:45- INFO- 已获取 20250303 申万行业数据
20260405 21:00:46- INFO- 已获取 20250304 申万行业数据
20260405 21:00:47- INFO- 已获取 20250305 申万行业数据
20260405 21:00:47- INFO- 已获取 20250306 申万行业数据
20260405 21:00:48- INFO- 已获取 20250307 申万行业数据
20260405 21:00:50- INFO- 已获取 20250310 申万行业数据
20260405 21:00:51- INFO- 已获取 20250311 申万行业数据
20260405 21:00:51- INFO- 已获取 20250312 申万行业数据
20260405 21:00:52- INFO- 已获取 20250313 申万行业数据
20260405 21:00:53- INFO- 已获取 20250314 申万行业数据
20260405 21:00:55- INFO- 已获取 20250317 申万行业数据
20260405 21:00:55- INFO- 已获取 20250318 申万行业数据
20260405 21:00:56- INFO- 已获取 20250319 申万行业数据
20260405 21:00:57- INFO- 已获取 20250320 申万行业数据
20260405 21:00:57- INFO- 已获取 20250321 申万行业数据
20260405 21:00:59- INFO- 已获取 20250324 申万行业数据
20260405 21:01:00- INFO- 已获取 20250325 申万行业数据
20260405 21:01:01- INFO- 已获取 20250326 申万行业数据
20260405 21:01:01- INFO- 已获取 20250327 申万行业数据
20260405 21:01:02- INFO- 已获取 20250328 申万行业数据
20260405 21:01:04- INFO- 已获取 20250331 申万行业数据
20260405 21:01:05- INFO- 已获取 20250401 申万行业数据
20260405 21:01:05- INFO- 已获取 20250402 申万行业数据
20260405 21:01:06- INFO- 已获取 20250403 申万行业数据
20260405 21:01:09- INFO- 已获取 20250407 申万行业数据
20260405 21:01:09- INFO- 已获取 20250408 申万行业数据
20260405 21:01:10- INFO- 已获取 20250409 申万行业数据
20260405 21:01:11- INFO- 已获取 20250410 申万行业数据
20260405 21:01:11- INFO- 已获取 20250411 申万行业数据
20260405 21:01:13- INFO- 已获取 20250414 申万行业数据
20260405 21:01:14- INFO- 已获取 20250415 申万行业数据
20260405 21:01:15- INFO- 已获取 20250416 申万行业数据
20260405 21:01:15- INFO- 已获取 20250417 申万行业数据
20260405 21:01:17- INFO- 已获取 20250418 申万行业数据
20260405 21:01:19- INFO- 已获取 20250421 申万行业数据
20260405 21:01:20- INFO- 已获取 20250422 申万行业数据
20260405 21:01:20- INFO- 已获取 20250423 申万行业数据
20260405 21:01:21- INFO- 已获取 20250424 申万行业数据
20260405 21:01:22- INFO- 已获取 20250425 申万行业数据
20260405 21:01:23- INFO- 已获取 20250428 申万行业数据
20260405 21:01:24- INFO- 已获取 20250429 申万行业数据
20260405 21:01:25- INFO- 已获取 20250430 申万行业数据
20260405 21:01:29- INFO- 已获取 20250506 申万行业数据
20260405 21:01:29- INFO- 已获取 20250507 申万行业数据
20260405 21:01:30- INFO- 已获取 20250508 申万行业数据
20260405 21:01:31- INFO- 已获取 20250509 申万行业数据
20260405 21:01:32- INFO- 已获取 20250512 申万行业数据
20260405 21:01:33- INFO- 已获取 20250513 申万行业数据
20260405 21:01:34- INFO- 已获取 20250514 申万行业数据
20260405 21:01:34- INFO- 已获取 20250515 申万行业数据
20260405 21:01:35- INFO- 已获取 20250516 申万行业数据
20260405 21:01:37- INFO- 已获取 20250519 申万行业数据
20260405 21:01:38- INFO- 已获取 20250520 申万行业数据
20260405 21:01:38- INFO- 已获取 20250521 申万行业数据
20260405 21:01:39- INFO- 已获取 20250522 申万行业数据
20260405 21:01:40- INFO- 已获取 20250523 申万行业数据
20260405 21:01:41- INFO- 已获取 20250526 申万行业数据
20260405 21:01:42- INFO- 已获取 20250527 申万行业数据
20260405 21:01:43- INFO- 已获取 20250528 申万行业数据
20260405 21:01:43- INFO- 已获取 20250529 申万行业数据
20260405 21:01:44- WARNING- 操作失败 (尝试 1/5): 抱歉，您每分钟最多访问该接口500次，建议稍晚点再试💊
20260405 21:01:44- INFO- 将在 3 秒后重试...
20260405 21:01:47- INFO- 已获取 20250530 申万行业数据
20260405 21:01:50- INFO- 已获取 20250603 申万行业数据
20260405 21:01:50- INFO- 已获取 20250604 申万行业数据
20260405 21:01:51- INFO- 已获取 20250605 申万行业数据
20260405 21:01:52- INFO- 已获取 20250606 申万行业数据
20260405 21:01:54- INFO- 已获取 20250609 申万行业数据
20260405 21:01:54- INFO- 已获取 20250610 申万行业数据
20260405 21:01:55- INFO- 已获取 20250611 申万行业数据
20260405 21:01:56- INFO- 已获取 20250612 申万行业数据
20260405 21:01:56- INFO- 已获取 20250613 申万行业数据
20260405 21:01:58- INFO- 已获取 20250616 申万行业数据
20260405 21:01:59- INFO- 已获取 20250617 申万行业数据
20260405 21:02:00- INFO- 已获取 20250618 申万行业数据
20260405 21:02:00- INFO- 已获取 20250619 申万行业数据
20260405 21:02:01- INFO- 已获取 20250620 申万行业数据
20260405 21:02:03- INFO- 已获取 20250623 申万行业数据
20260405 21:02:03- INFO- 已获取 20250624 申万行业数据
20260405 21:02:04- INFO- 已获取 20250625 申万行业数据
20260405 21:02:05- INFO- 已获取 20250626 申万行业数据
20260405 21:02:05- INFO- 已获取 20250627 申万行业数据
20260405 21:02:07- INFO- 已获取 20250630 申万行业数据
20260405 21:02:08- INFO- 已获取 20250701 申万行业数据
20260405 21:02:09- INFO- 已获取 20250702 申万行业数据
20260405 21:02:09- INFO- 已获取 20250703 申万行业数据
20260405 21:02:10- INFO- 已获取 20250704 申万行业数据
20260405 21:02:12- INFO- 已获取 20250707 申万行业数据
20260405 21:02:13- INFO- 已获取 20250708 申万行业数据
20260405 21:02:13- INFO- 已获取 20250709 申万行业数据
20260405 21:02:14- INFO- 已获取 20250710 申万行业数据
20260405 21:02:15- INFO- 已获取 20250711 申万行业数据
20260405 21:02:17- INFO- 已获取 20250714 申万行业数据
20260405 21:02:17- INFO- 已获取 20250715 申万行业数据
20260405 21:02:18- INFO- 已获取 20250716 申万行业数据
20260405 21:02:19- INFO- 已获取 20250717 申万行业数据
20260405 21:02:19- INFO- 已获取 20250718 申万行业数据
20260405 21:02:21- INFO- 已获取 20250721 申万行业数据
20260405 21:02:22- INFO- 已获取 20250722 申万行业数据
20260405 21:02:23- INFO- 已获取 20250723 申万行业数据
20260405 21:02:23- INFO- 已获取 20250724 申万行业数据
20260405 21:02:24- INFO- 已获取 20250725 申万行业数据
20260405 21:02:26- INFO- 已获取 20250728 申万行业数据
20260405 21:02:26- INFO- 已获取 20250729 申万行业数据
20260405 21:02:27- INFO- 已获取 20250730 申万行业数据
20260405 21:02:28- INFO- 已获取 20250731 申万行业数据
20260405 21:02:29- INFO- 已获取 20250801 申万行业数据
20260405 21:02:30- INFO- 已获取 20250804 申万行业数据
20260405 21:02:31- INFO- 已获取 20250805 申万行业数据
20260405 21:02:32- INFO- 已获取 20250806 申万行业数据
20260405 21:02:32- INFO- 已获取 20250807 申万行业数据
20260405 21:02:33- INFO- 已获取 20250808 申万行业数据
20260405 21:02:35- INFO- 已获取 20250811 申万行业数据
20260405 21:02:35- INFO- 已获取 20250812 申万行业数据
20260405 21:02:36- INFO- 已获取 20250813 申万行业数据
20260405 21:02:37- INFO- 已获取 20250814 申万行业数据
20260405 21:02:37- INFO- 已获取 20250815 申万行业数据
20260405 21:02:39- INFO- 已获取 20250818 申万行业数据
20260405 21:02:40- INFO- 已获取 20250819 申万行业数据
20260405 21:02:41- INFO- 已获取 20250820 申万行业数据
20260405 21:02:41- INFO- 已获取 20250821 申万行业数据
20260405 21:02:42- INFO- 已获取 20250822 申万行业数据
20260405 21:02:44- INFO- 已获取 20250825 申万行业数据
20260405 21:02:44- INFO- 已获取 20250826 申万行业数据
20260405 21:02:45- INFO- 已获取 20250827 申万行业数据
20260405 21:02:46- INFO- 已获取 20250828 申万行业数据
20260405 21:02:46- INFO- 已获取 20250829 申万行业数据
20260405 21:02:48- INFO- 已获取 20250901 申万行业数据
20260405 21:02:49- INFO- 已获取 20250902 申万行业数据
20260405 21:02:50- INFO- 已获取 20250903 申万行业数据
20260405 21:02:50- INFO- 已获取 20250904 申万行业数据
20260405 21:02:51- INFO- 已获取 20250905 申万行业数据
20260405 21:02:53- INFO- 已获取 20250908 申万行业数据
20260405 21:02:54- INFO- 已获取 20250909 申万行业数据
20260405 21:02:54- INFO- 已获取 20250910 申万行业数据
20260405 21:02:55- INFO- 已获取 20250911 申万行业数据
20260405 21:02:55- INFO- 已获取 20250912 申万行业数据
20260405 21:02:57- INFO- 已获取 20250915 申万行业数据
20260405 21:02:58- INFO- 已获取 20250916 申万行业数据
20260405 21:02:59- INFO- 已获取 20250917 申万行业数据
20260405 21:02:59- INFO- 已获取 20250918 申万行业数据
20260405 21:03:00- INFO- 已获取 20250919 申万行业数据
20260405 21:03:02- INFO- 已获取 20250922 申万行业数据
20260405 21:03:03- INFO- 已获取 20250923 申万行业数据
20260405 21:03:03- INFO- 已获取 20250924 申万行业数据
20260405 21:03:04- INFO- 已获取 20250925 申万行业数据
20260405 21:03:05- INFO- 已获取 20250926 申万行业数据
20260405 21:03:07- INFO- 已获取 20250929 申万行业数据
20260405 21:03:07- INFO- 已获取 20250930 申万行业数据
20260405 21:03:14- INFO- 已获取 20251009 申万行业数据
20260405 21:03:15- INFO- 已获取 20251010 申万行业数据
20260405 21:03:16- INFO- 已获取 20251013 申万行业数据
20260405 21:03:17- INFO- 已获取 20251014 申万行业数据
20260405 21:03:18- INFO- 已获取 20251015 申万行业数据
20260405 21:03:18- INFO- 已获取 20251016 申万行业数据
20260405 21:03:19- INFO- 已获取 20251017 申万行业数据
20260405 21:03:21- INFO- 已获取 20251020 申万行业数据
20260405 21:03:22- INFO- 已获取 20251021 申万行业数据
20260405 21:03:22- INFO- 已获取 20251022 申万行业数据
20260405 21:03:23- INFO- 已获取 20251023 申万行业数据
20260405 21:03:24- INFO- 已获取 20251024 申万行业数据
20260405 21:03:25- INFO- 已获取 20251027 申万行业数据
20260405 21:03:26- INFO- 已获取 20251028 申万行业数据
20260405 21:03:27- INFO- 已获取 20251029 申万行业数据
20260405 21:03:27- INFO- 已获取 20251030 申万行业数据
20260405 21:03:28- INFO- 已获取 20251031 申万行业数据
20260405 21:03:30- INFO- 已获取 20251103 申万行业数据
20260405 21:03:31- INFO- 已获取 20251104 申万行业数据
20260405 21:03:31- INFO- 已获取 20251105 申万行业数据
20260405 21:03:32- INFO- 已获取 20251106 申万行业数据
20260405 21:03:33- INFO- 已获取 20251107 申万行业数据
20260405 21:03:34- INFO- 已获取 20251110 申万行业数据
20260405 21:03:35- INFO- 已获取 20251111 申万行业数据
20260405 21:03:36- INFO- 已获取 20251112 申万行业数据
20260405 21:03:37- INFO- 已获取 20251113 申万行业数据
20260405 21:03:37- INFO- 已获取 20251114 申万行业数据
20260405 21:03:39- INFO- 已获取 20251117 申万行业数据
20260405 21:03:40- INFO- 已获取 20251118 申万行业数据
20260405 21:03:41- INFO- 已获取 20251119 申万行业数据
20260405 21:03:41- INFO- 已获取 20251120 申万行业数据
20260405 21:03:42- INFO- 已获取 20251121 申万行业数据
20260405 21:03:44- INFO- 已获取 20251124 申万行业数据
20260405 21:03:45- INFO- 已获取 20251125 申万行业数据
20260405 21:03:45- INFO- 已获取 20251126 申万行业数据
20260405 21:03:46- INFO- 已获取 20251127 申万行业数据
20260405 21:03:47- INFO- 已获取 20251128 申万行业数据
20260405 21:03:48- INFO- 已获取 20251201 申万行业数据
20260405 21:03:49- INFO- 已获取 20251202 申万行业数据
20260405 21:03:50- INFO- 已获取 20251203 申万行业数据
20260405 21:03:50- INFO- 已获取 20251204 申万行业数据
20260405 21:03:51- INFO- 已获取 20251205 申万行业数据
20260405 21:03:53- INFO- 已获取 20251208 申万行业数据
20260405 21:03:54- INFO- 已获取 20251209 申万行业数据
20260405 21:03:54- INFO- 已获取 20251210 申万行业数据
20260405 21:03:55- INFO- 已获取 20251211 申万行业数据
20260405 21:03:56- INFO- 已获取 20251212 申万行业数据
20260405 21:03:58- INFO- 已获取 20251215 申万行业数据
20260405 21:03:58- INFO- 已获取 20251216 申万行业数据
20260405 21:03:59- INFO- 已获取 20251217 申万行业数据
20260405 21:04:00- INFO- 已获取 20251218 申万行业数据
20260405 21:04:00- INFO- 已获取 20251219 申万行业数据
20260405 21:04:02- INFO- 已获取 20251222 申万行业数据
20260405 21:04:03- INFO- 已获取 20251223 申万行业数据
20260405 21:04:04- INFO- 已获取 20251224 申万行业数据
20260405 21:04:04- INFO- 已获取 20251225 申万行业数据
20260405 21:04:05- INFO- 已获取 20251226 申万行业数据
20260405 21:04:07- INFO- 已获取 20251229 申万行业数据
20260405 21:04:08- INFO- 已获取 20251230 申万行业数据
20260405 21:04:08- INFO- 已获取 20251231 申万行业数据
20260405 21:04:12- INFO- 已获取 20260105 申万行业数据
20260405 21:04:12- INFO- 已获取 20260106 申万行业数据
20260405 21:04:13- INFO- 已获取 20260107 申万行业数据
20260405 21:04:14- INFO- 已获取 20260108 申万行业数据
20260405 21:04:14- INFO- 已获取 20260109 申万行业数据
20260405 21:04:16- INFO- 已获取 20260112 申万行业数据
20260405 21:04:17- INFO- 已获取 20260113 申万行业数据
20260405 21:04:18- INFO- 已获取 20260114 申万行业数据
20260405 21:04:18- INFO- 已获取 20260115 申万行业数据
20260405 21:04:19- INFO- 已获取 20260116 申万行业数据
20260405 21:04:21- INFO- 已获取 20260119 申万行业数据
20260405 21:04:22- INFO- 已获取 20260120 申万行业数据
20260405 21:04:22- INFO- 已获取 20260121 申万行业数据
20260405 21:04:23- INFO- 已获取 20260122 申万行业数据
20260405 21:04:24- INFO- 已获取 20260123 申万行业数据
20260405 21:04:25- INFO- 已获取 20260126 申万行业数据
20260405 21:04:26- INFO- 已获取 20260127 申万行业数据
20260405 21:04:27- INFO- 已获取 20260128 申万行业数据
20260405 21:04:28- INFO- 已获取 20260129 申万行业数据
20260405 21:04:28- INFO- 已获取 20260130 申万行业数据
20260405 21:04:30- INFO- 已获取 20260202 申万行业数据
20260405 21:04:31- INFO- 已获取 20260203 申万行业数据
20260405 21:04:31- INFO- 已获取 20260204 申万行业数据
20260405 21:04:32- INFO- 已获取 20260205 申万行业数据
20260405 21:04:33- INFO- 已获取 20260206 申万行业数据
20260405 21:04:35- INFO- 已获取 20260209 申万行业数据
20260405 21:04:35- INFO- 已获取 20260210 申万行业数据
20260405 21:04:36- INFO- 已获取 20260211 申万行业数据
20260405 21:04:37- INFO- 已获取 20260212 申万行业数据
20260405 21:04:37- INFO- 已获取 20260213 申万行业数据
20260405 21:04:44- INFO- 已获取 20260224 申万行业数据
20260405 21:04:45- INFO- 已获取 20260225 申万行业数据
20260405 21:04:45- INFO- 已获取 20260226 申万行业数据
20260405 21:04:46- INFO- 已获取 20260227 申万行业数据
20260405 21:04:48- INFO- 已获取 20260302 申万行业数据
20260405 21:04:49- INFO- 已获取 20260303 申万行业数据
20260405 21:04:49- INFO- 已获取 20260304 申万行业数据
20260405 21:04:50- INFO- 已获取 20260305 申万行业数据
20260405 21:04:50- INFO- 已获取 20260306 申万行业数据
20260405 21:04:52- INFO- 已获取 20260309 申万行业数据
20260405 21:04:53- INFO- 已获取 20260310 申万行业数据
20260405 21:04:54- INFO- 已获取 20260311 申万行业数据
20260405 21:04:54- INFO- 已获取 20260312 申万行业数据
20260405 21:04:55- INFO- 已获取 20260313 申万行业数据
20260405 21:04:57- INFO- 已获取 20260316 申万行业数据
20260405 21:04:58- INFO- 已获取 20260317 申万行业数据
20260405 21:04:58- INFO- 已获取 20260318 申万行业数据
20260405 21:04:59- INFO- 已获取 20260319 申万行业数据
20260405 21:05:00- INFO- 已获取 20260320 申万行业数据
20260405 21:05:01- INFO- 已获取 20260323 申万行业数据
20260405 21:05:02- INFO- 已获取 20260324 申万行业数据
20260405 21:05:03- INFO- 已获取 20260325 申万行业数据
20260405 21:05:04- INFO- 已获取 20260326 申万行业数据
20260405 21:05:04- INFO- 已获取 20260327 申万行业数据
20260405 21:05:06- INFO- 已获取 20260330 申万行业数据
20260405 21:05:07- INFO- 已获取 20260331 申万行业数据
20260405 21:05:07- INFO- 已获取 20260401 申万行业数据
20260405 21:05:08- INFO- 已获取 20260402 申万行业数据
20260405 21:05:09- INFO- 已获取 20260403 申万行业数据
