20260412 13:31:28- INFO- 准备获取 333 个交易日的数据: 2025-01-01 至 2026-04-10
20260412 13:31:28- INFO- 开始获取 2025-01-01 的掘金全市场数据...
20260412 13:31:28- INFO-   步骤1: 调用get_symbols获取基础信息...
20260412 13:31:33- WARNING- 2025-01-01 get_symbols返回空数据
20260412 13:31:33- WARNING- ✗ 2025-01-01 无数据
20260412 13:31:33- INFO- 开始获取 2025-01-02 的掘金全市场数据...
20260412 13:31:33- INFO-   步骤1: 调用get_symbols获取基础信息...
20260412 13:31:34- INFO-   get_symbols返回 5186 条记录
20260412 13:31:34- INFO-   过滤后剩余 5186 只股票(已剔除未上市/已退市)
20260412 13:31:34- INFO-   步骤2: 调用history批量获取数据...
20260412 13:31:35- INFO-   history批量返回 5186 条记录
20260412 13:31:35- INFO-   步骤3: 调用stk_get_daily_mktvalue_pt获取市值数据...
20260412 13:31:35- INFO-   stk_get_daily_mktvalue_pt返回 5186 条记录
20260412 13:31:35- INFO-   步骤4: 合并数据...
20260412 13:31:35- INFO-   数据合并完成,最终返回 5186 条记录, 18 个字段
20260412 13:31:35- INFO- ✓ 2025-01-02 数据获取成功: 5186 条
20260412 13:31:36- INFO- 开始获取 2025-01-03 的掘金全市场数据...
20260412 13:31:36- INFO-   步骤1: 调用get_symbols获取基础信息...
20260412 13:31:37- INFO-   get_symbols返回 5189 条记录
20260412 13:31:37- INFO-   过滤后剩余 5189 只股票(已剔除未上市/已退市)
20260412 13:31:37- INFO-   步骤2: 调用history批量获取数据...
20260412 13:31:37- INFO-   history批量返回 5189 条记录
20260412 13:31:37- INFO-   步骤3: 调用stk_get_daily_mktvalue_pt获取市值数据...
20260412 13:31:37- INFO-   stk_get_daily_mktvalue_pt返回 5189 条记录
20260412 13:31:37- INFO-   步骤4: 合并数据...
20260412 13:31:37- INFO-   数据合并完成,最终返回 5189 条记录, 18 个字段
20260412 13:31:37- INFO- ✓ 2025-01-03 数据获取成功: 5189 条
20260412 13:31:38- INFO- 开始获取 2025-01-06 的掘金全市场数据...
20260412 13:31:38- INFO-   步骤1: 调用get_symbols获取基础信息...
20260412 13:31:39- INFO-   get_symbols返回 5187 条记录
20260412 13:31:39- INFO-   过滤后剩余 5187 只股票(已剔除未上市/已退市)
20260412 13:31:39- INFO-   步骤2: 调用history批量获取数据...
20260412 13:31:39- INFO-   history批量返回 5187 条记录
20260412 13:31:39- INFO-   步骤3: 调用stk_get_daily_mktvalue_pt获取市值数据...
20260412 13:31:39- INFO-   stk_get_daily_mktvalue_pt返回 5187 条记录
20260412 13:31:39- INFO-   步骤4: 合并数据...
20260412 13:31:39- INFO-   数据合并完成,最终返回 5187 条记录, 18 个字段
20260412 13:31:39- INFO- ✓ 2025-01-06 数据获取成功: 5187 条
20260412 13:31:40- INFO- 开始获取 2025-01-07 的掘金全市场数据...
20260412 13:31:40- INFO-   步骤1: 调用get_symbols获取基础信息...
20260412 13:31:41- INFO-   get_symbols返回 5190 条记录
20260412 13:31:41- INFO-   过滤后剩余 5190 只股票(已剔除未上市/已退市)
20260412 13:31:41- INFO-   步骤2: 调用history批量获取数据...
20260412 13:31:41- INFO-   history批量返回 5190 条记录
20260412 13:31:41- INFO-   步骤3: 调用stk_get_daily_mktvalue_pt获取市值数据...
20260412 13:31:41- INFO-   stk_get_daily_mktvalue_pt返回 5190 条记录
20260412 13:31:41- INFO-   步骤4: 合并数据...
20260412 13:31:41- INFO-   数据合并完成,最终返回 5190 条记录, 18 个字段
20260412 13:31:41- INFO- ✓ 2025-01-07 数据获取成功: 5190 条
20260412 13:31:42- INFO- 开始获取 2025-01-08 的掘金全市场数据...
20260412 13:31:42- INFO-   步骤1: 调用get_symbols获取基础信息...
20260412 13:31:43- INFO-   get_symbols返回 5190 条记录
20260412 13:31:43- INFO-   过滤后剩余 5190 只股票(已剔除未上市/已退市)
20260412 13:31:43- INFO-   步骤2: 调用history批量获取数据...
20260412 13:31:43- INFO-   history批量返回 5190 条记录
20260412 13:31:43- INFO-   步骤3: 调用stk_get_daily_mktvalue_pt获取市值数据...
20260412 13:31:43- INFO-   stk_get_daily_mktvalue_pt返回 5190 条记录
20260412 13:31:43- INFO-   步骤4: 合并数据...
20260412 13:31:43- INFO-   数据合并完成,最终返回 5190 条记录, 18 个字段
20260412 13:31:43- INFO- ✓ 2025-01-08 数据获取成功: 5190 条
20260412 13:31:44- INFO- 开始获取 2025-01-09 的掘金全市场数据...
20260412 13:31:44- INFO-   步骤1: 调用get_symbols获取基础信息...
20260412 13:31:45- INFO-   get_symbols返回 5191 条记录
20260412 13:31:45- INFO-   过滤后剩余 5191 只股票(已剔除未上市/已退市)
20260412 13:31:45- INFO-   步骤2: 调用history批量获取数据...
20260412 13:31:45- INFO-   history批量返回 5191 条记录
20260412 13:31:45- INFO-   步骤3: 调用stk_get_daily_mktvalue_pt获取市值数据...
20260412 13:31:46- INFO-   stk_get_daily_mktvalue_pt返回 5191 条记录
20260412 13:31:46- INFO-   步骤4: 合并数据...
20260412 13:31:46- INFO-   数据合并完成,最终返回 5191 条记录, 18 个字段
20260412 13:31:46- INFO- ✓ 2025-01-09 数据获取成功: 5191 条
20260412 13:31:46- INFO- 开始获取 2025-01-10 的掘金全市场数据...
20260412 13:31:46- INFO-   步骤1: 调用get_symbols获取基础信息...
20260412 13:31:47- INFO-   get_symbols返回 5192 条记录
20260412 13:31:47- INFO-   过滤后剩余 5192 只股票(已剔除未上市/已退市)
20260412 13:31:47- INFO-   步骤2: 调用history批量获取数据...
20260412 13:31:47- INFO-   history批量返回 5192 条记录
20260412 13:31:47- INFO-   步骤3: 调用stk_get_daily_mktvalue_pt获取市值数据...
20260412 13:31:47- INFO-   stk_get_daily_mktvalue_pt返回 5192 条记录
20260412 13:31:47- INFO-   步骤4: 合并数据...
20260412 13:31:47- INFO-   数据合并完成,最终返回 5192 条记录, 18 个字段
20260412 13:31:47- INFO- ✓ 2025-01-10 数据获取成功: 5192 条
20260412 13:31:48- INFO- 开始获取 2025-01-13 的掘金全市场数据...
20260412 13:31:48- INFO-   步骤1: 调用get_symbols获取基础信息...
20260412 13:31:49- INFO-   get_symbols返回 5191 条记录
20260412 13:31:49- INFO-   过滤后剩余 5191 只股票(已剔除未上市/已退市)
20260412 13:31:49- INFO-   步骤2: 调用history批量获取数据...
20260412 13:31:49- INFO-   history批量返回 5191 条记录
20260412 13:31:49- INFO-   步骤3: 调用stk_get_daily_mktvalue_pt获取市值数据...
20260412 13:31:49- INFO-   stk_get_daily_mktvalue_pt返回 5191 条记录
20260412 13:31:49- INFO-   步骤4: 合并数据...
20260412 13:31:49- INFO-   数据合并完成,最终返回 5191 条记录, 18 个字段
20260412 13:31:49- INFO- ✓ 2025-01-13 数据获取成功: 5191 条
20260412 13:31:50- INFO- 开始获取 2025-01-14 的掘金全市场数据...
20260412 13:31:50- INFO-   步骤1: 调用get_symbols获取基础信息...
20260412 13:31:51- INFO-   get_symbols返回 5195 条记录
20260412 13:31:51- INFO-   过滤后剩余 5195 只股票(已剔除未上市/已退市)
20260412 13:31:51- INFO-   步骤2: 调用history批量获取数据...
20260412 13:31:51- INFO-   history批量返回 5195 条记录
20260412 13:31:51- INFO-   步骤3: 调用stk_get_daily_mktvalue_pt获取市值数据...
20260412 13:31:51- INFO-   stk_get_daily_mktvalue_pt返回 5195 条记录
20260412 13:31:51- INFO-   步骤4: 合并数据...
20260412 13:31:51- INFO-   数据合并完成,最终返回 5195 条记录, 18 个字段
20260412 13:31:51- INFO- ✓ 2025-01-14 数据获取成功: 5195 条
20260412 13:31:52- INFO- 开始获取 2025-01-15 的掘金全市场数据...
20260412 13:31:52- INFO-   步骤1: 调用get_symbols获取基础信息...
20260412 13:31:53- INFO-   get_symbols返回 5197 条记录
20260412 13:31:53- INFO-   过滤后剩余 5197 只股票(已剔除未上市/已退市)
20260412 13:31:53- INFO-   步骤2: 调用history批量获取数据...
20260412 13:31:53- INFO-   history批量返回 5197 条记录
20260412 13:31:53- INFO-   步骤3: 调用stk_get_daily_mktvalue_pt获取市值数据...
20260412 13:31:53- INFO-   stk_get_daily_mktvalue_pt返回 5197 条记录
20260412 13:31:53- INFO-   步骤4: 合并数据...
20260412 13:31:53- INFO-   数据合并完成,最终返回 5197 条记录, 18 个字段
20260412 13:31:53- INFO- ✓ 2025-01-15 数据获取成功: 5197 条
20260412 13:31:54- INFO- 开始获取 2025-01-16 的掘金全市场数据...
20260412 13:31:54- INFO-   步骤1: 调用get_symbols获取基础信息...
20260412 13:31:55- INFO-   get_symbols返回 5197 条记录
20260412 13:31:55- INFO-   过滤后剩余 5197 只股票(已剔除未上市/已退市)
20260412 13:31:55- INFO-   步骤2: 调用history批量获取数据...
20260412 13:31:55- INFO-   history批量返回 5197 条记录
20260412 13:31:55- INFO-   步骤3: 调用stk_get_daily_mktvalue_pt获取市值数据...
20260412 13:31:55- INFO-   stk_get_daily_mktvalue_pt返回 5197 条记录
20260412 13:31:55- INFO-   步骤4: 合并数据...
20260412 13:31:55- INFO-   数据合并完成,最终返回 5197 条记录, 18 个字段
20260412 13:31:55- INFO- ✓ 2025-01-16 数据获取成功: 5197 条
20260412 13:31:56- INFO- 开始获取 2025-01-17 的掘金全市场数据...
20260412 13:31:56- INFO-   步骤1: 调用get_symbols获取基础信息...
20260412 13:31:57- INFO-   get_symbols返回 5196 条记录
20260412 13:31:57- INFO-   过滤后剩余 5196 只股票(已剔除未上市/已退市)
20260412 13:31:57- INFO-   步骤2: 调用history批量获取数据...
20260412 13:31:57- INFO-   history批量返回 5196 条记录
20260412 13:31:57- INFO-   步骤3: 调用stk_get_daily_mktvalue_pt获取市值数据...
20260412 13:31:57- INFO-   stk_get_daily_mktvalue_pt返回 5196 条记录
20260412 13:31:57- INFO-   步骤4: 合并数据...
20260412 13:31:57- INFO-   数据合并完成,最终返回 5196 条记录, 18 个字段
20260412 13:31:57- INFO- ✓ 2025-01-17 数据获取成功: 5196 条
20260412 13:31:58- INFO- 开始获取 2025-01-20 的掘金全市场数据...
20260412 13:31:58- INFO-   步骤1: 调用get_symbols获取基础信息...
20260412 13:31:59- INFO-   get_symbols返回 5195 条记录
20260412 13:31:59- INFO-   过滤后剩余 5195 只股票(已剔除未上市/已退市)
20260412 13:31:59- INFO-   步骤2: 调用history批量获取数据...
20260412 13:31:59- INFO-   history批量返回 5195 条记录
20260412 13:31:59- INFO-   步骤3: 调用stk_get_daily_mktvalue_pt获取市值数据...
20260412 13:31:59- INFO-   stk_get_daily_mktvalue_pt返回 5195 条记录
20260412 13:31:59- INFO-   步骤4: 合并数据...
20260412 13:31:59- INFO-   数据合并完成,最终返回 5195 条记录, 18 个字段
20260412 13:31:59- INFO- ✓ 2025-01-20 数据获取成功: 5195 条
20260412 13:32:00- INFO- 开始获取 2025-01-21 的掘金全市场数据...
20260412 13:32:00- INFO-   步骤1: 调用get_symbols获取基础信息...
20260412 13:32:01- INFO-   get_symbols返回 5197 条记录
20260412 13:32:01- INFO-   过滤后剩余 5197 只股票(已剔除未上市/已退市)
20260412 13:32:01- INFO-   步骤2: 调用history批量获取数据...
20260412 13:32:01- INFO-   history批量返回 5197 条记录
20260412 13:32:01- INFO-   步骤3: 调用stk_get_daily_mktvalue_pt获取市值数据...
20260412 13:32:01- INFO-   stk_get_daily_mktvalue_pt返回 5197 条记录
20260412 13:32:01- INFO-   步骤4: 合并数据...
20260412 13:32:01- INFO-   数据合并完成,最终返回 5197 条记录, 18 个字段
20260412 13:32:01- INFO- ✓ 2025-01-21 数据获取成功: 5197 条
20260412 13:32:02- INFO- 开始获取 2025-01-22 的掘金全市场数据...
20260412 13:32:02- INFO-   步骤1: 调用get_symbols获取基础信息...
20260412 13:32:03- INFO-   get_symbols返回 5201 条记录
20260412 13:32:03- INFO-   过滤后剩余 5201 只股票(已剔除未上市/已退市)
20260412 13:32:03- INFO-   步骤2: 调用history批量获取数据...
20260412 13:32:03- INFO-   history批量返回 5201 条记录
20260412 13:32:03- INFO-   步骤3: 调用stk_get_daily_mktvalue_pt获取市值数据...
20260412 13:32:03- INFO-   stk_get_daily_mktvalue_pt返回 5201 条记录
20260412 13:32:03- INFO-   步骤4: 合并数据...
20260412 13:32:03- INFO-   数据合并完成,最终返回 5201 条记录, 18 个字段
20260412 13:32:03- INFO- ✓ 2025-01-22 数据获取成功: 5201 条
20260412 13:32:04- INFO- 开始获取 2025-01-23 的掘金全市场数据...
20260412 13:32:04- INFO-   步骤1: 调用get_symbols获取基础信息...
20260412 13:32:05- INFO-   get_symbols返回 5202 条记录
20260412 13:32:05- INFO-   过滤后剩余 5202 只股票(已剔除未上市/已退市)
20260412 13:32:05- INFO-   步骤2: 调用history批量获取数据...
20260412 13:32:05- INFO-   history批量返回 5202 条记录
20260412 13:32:05- INFO-   步骤3: 调用stk_get_daily_mktvalue_pt获取市值数据...
20260412 13:32:05- INFO-   stk_get_daily_mktvalue_pt返回 5202 条记录
20260412 13:32:05- INFO-   步骤4: 合并数据...
20260412 13:32:05- INFO-   数据合并完成,最终返回 5202 条记录, 18 个字段
20260412 13:32:05- INFO- ✓ 2025-01-23 数据获取成功: 5202 条
20260412 13:32:06- INFO- 开始获取 2025-01-24 的掘金全市场数据...
20260412 13:32:06- INFO-   步骤1: 调用get_symbols获取基础信息...
20260412 13:32:07- INFO-   get_symbols返回 5199 条记录
20260412 13:32:07- INFO-   过滤后剩余 5199 只股票(已剔除未上市/已退市)
20260412 13:32:07- INFO-   步骤2: 调用history批量获取数据...
20260412 13:32:07- INFO-   history批量返回 5199 条记录
20260412 13:32:07- INFO-   步骤3: 调用stk_get_daily_mktvalue_pt获取市值数据...
20260412 13:32:07- INFO-   stk_get_daily_mktvalue_pt返回 5199 条记录
20260412 13:32:07- INFO-   步骤4: 合并数据...
20260412 13:32:07- INFO-   数据合并完成,最终返回 5199 条记录, 18 个字段
20260412 13:32:07- INFO- ✓ 2025-01-24 数据获取成功: 5199 条
20260412 13:32:08- INFO- 开始获取 2025-01-27 的掘金全市场数据...
20260412 13:32:08- INFO-   步骤1: 调用get_symbols获取基础信息...
20260412 13:32:09- INFO-   get_symbols返回 5200 条记录
20260412 13:32:09- INFO-   过滤后剩余 5200 只股票(已剔除未上市/已退市)
20260412 13:32:09- INFO-   步骤2: 调用history批量获取数据...
20260412 13:32:09- INFO-   history批量返回 5200 条记录
20260412 13:32:09- INFO-   步骤3: 调用stk_get_daily_mktvalue_pt获取市值数据...
20260412 13:32:09- INFO-   stk_get_daily_mktvalue_pt返回 5200 条记录
20260412 13:32:09- INFO-   步骤4: 合并数据...
20260412 13:32:09- INFO-   数据合并完成,最终返回 5200 条记录, 18 个字段
20260412 13:32:09- INFO- ✓ 2025-01-27 数据获取成功: 5200 条
20260412 13:32:10- INFO- 开始获取 2025-01-28 的掘金全市场数据...
20260412 13:32:10- INFO-   步骤1: 调用get_symbols获取基础信息...
20260412 13:32:10- WARNING- 2025-01-28 get_symbols返回空数据
20260412 13:32:10- WARNING- ✗ 2025-01-28 无数据
20260412 13:32:10- INFO- 开始获取 2025-01-29 的掘金全市场数据...
20260412 13:32:10- INFO-   步骤1: 调用get_symbols获取基础信息...
20260412 13:32:11- WARNING- 2025-01-29 get_symbols返回空数据
20260412 13:32:11- WARNING- ✗ 2025-01-29 无数据
20260412 13:32:11- INFO- 开始获取 2025-01-30 的掘金全市场数据...
20260412 13:32:11- INFO-   步骤1: 调用get_symbols获取基础信息...
20260412 13:32:12- WARNING- 2025-01-30 get_symbols返回空数据
20260412 13:32:12- WARNING- ✗ 2025-01-30 无数据
20260412 13:32:12- INFO- 开始获取 2025-01-31 的掘金全市场数据...
20260412 13:32:12- INFO-   步骤1: 调用get_symbols获取基础信息...
20260412 13:32:12- WARNING- 2025-01-31 get_symbols返回空数据
20260412 13:32:12- WARNING- ✗ 2025-01-31 无数据
20260412 13:32:13- INFO- 开始获取 2025-02-03 的掘金全市场数据...
20260412 13:32:13- INFO-   步骤1: 调用get_symbols获取基础信息...
20260412 13:32:13- WARNING- 2025-02-03 get_symbols返回空数据
20260412 13:32:13- WARNING- ✗ 2025-02-03 无数据
20260412 13:32:14- INFO- 开始获取 2025-02-04 的掘金全市场数据...
20260412 13:32:14- INFO-   步骤1: 调用get_symbols获取基础信息...
20260412 13:32:14- WARNING- 2025-02-04 get_symbols返回空数据
20260412 13:32:14- WARNING- ✗ 2025-02-04 无数据
20260412 13:32:14- INFO- 开始获取 2025-02-05 的掘金全市场数据...
20260412 13:32:14- INFO-   步骤1: 调用get_symbols获取基础信息...
20260412 13:32:15- INFO-   get_symbols返回 5202 条记录
20260412 13:32:15- INFO-   过滤后剩余 5202 只股票(已剔除未上市/已退市)
20260412 13:32:15- INFO-   步骤2: 调用history批量获取数据...
20260412 13:32:16- INFO-   history批量返回 5202 条记录
20260412 13:32:16- INFO-   步骤3: 调用stk_get_daily_mktvalue_pt获取市值数据...
20260412 13:32:16- INFO-   stk_get_daily_mktvalue_pt返回 5202 条记录
20260412 13:32:16- INFO-   步骤4: 合并数据...
20260412 13:32:16- INFO-   数据合并完成,最终返回 5202 条记录, 18 个字段
20260412 13:32:16- INFO- ✓ 2025-02-05 数据获取成功: 5202 条
20260412 13:32:16- INFO- 开始获取 2025-02-06 的掘金全市场数据...
20260412 13:32:16- INFO-   步骤1: 调用get_symbols获取基础信息...
20260412 13:32:17- INFO-   get_symbols返回 5202 条记录
20260412 13:32:17- INFO-   过滤后剩余 5202 只股票(已剔除未上市/已退市)
20260412 13:32:17- INFO-   步骤2: 调用history批量获取数据...
20260412 13:32:18- INFO-   history批量返回 5202 条记录
20260412 13:32:18- INFO-   步骤3: 调用stk_get_daily_mktvalue_pt获取市值数据...
20260412 13:32:18- INFO-   stk_get_daily_mktvalue_pt返回 5202 条记录
20260412 13:32:18- INFO-   步骤4: 合并数据...
20260412 13:32:18- INFO-   数据合并完成,最终返回 5202 条记录, 18 个字段
20260412 13:32:18- INFO- ✓ 2025-02-06 数据获取成功: 5202 条
20260412 13:32:18- INFO- 开始获取 2025-02-07 的掘金全市场数据...
20260412 13:32:18- INFO-   步骤1: 调用get_symbols获取基础信息...
20260412 13:32:19- INFO-   get_symbols返回 5203 条记录
20260412 13:32:19- INFO-   过滤后剩余 5203 只股票(已剔除未上市/已退市)
20260412 13:32:19- INFO-   步骤2: 调用history批量获取数据...
20260412 13:32:19- INFO-   history批量返回 5203 条记录
20260412 13:32:19- INFO-   步骤3: 调用stk_get_daily_mktvalue_pt获取市值数据...
20260412 13:32:20- INFO-   stk_get_daily_mktvalue_pt返回 5203 条记录
20260412 13:32:20- INFO-   步骤4: 合并数据...
20260412 13:32:20- INFO-   数据合并完成,最终返回 5203 条记录, 18 个字段
20260412 13:32:20- INFO- ✓ 2025-02-07 数据获取成功: 5203 条
20260412 13:32:20- INFO- 开始获取 2025-02-10 的掘金全市场数据...
20260412 13:32:20- INFO-   步骤1: 调用get_symbols获取基础信息...
20260412 13:32:21- INFO-   get_symbols返回 5205 条记录
20260412 13:32:21- INFO-   过滤后剩余 5205 只股票(已剔除未上市/已退市)
20260412 13:32:21- INFO-   步骤2: 调用history批量获取数据...
20260412 13:32:21- INFO-   history批量返回 5204 条记录
20260412 13:32:21- INFO-   步骤3: 调用stk_get_daily_mktvalue_pt获取市值数据...
20260412 13:32:22- INFO-   stk_get_daily_mktvalue_pt返回 5205 条记录
20260412 13:32:22- INFO-   步骤4: 合并数据...
20260412 13:32:22- INFO-   数据合并完成,最终返回 5205 条记录, 18 个字段
20260412 13:32:22- INFO- ✓ 2025-02-10 数据获取成功: 5205 条
20260412 13:32:22- INFO- 开始获取 2025-02-11 的掘金全市场数据...
20260412 13:32:22- INFO-   步骤1: 调用get_symbols获取基础信息...
20260412 13:32:23- INFO-   get_symbols返回 5204 条记录
20260412 13:32:23- INFO-   过滤后剩余 5204 只股票(已剔除未上市/已退市)
20260412 13:32:23- INFO-   步骤2: 调用history批量获取数据...
20260412 13:32:23- INFO-   history批量返回 5203 条记录
20260412 13:32:23- INFO-   步骤3: 调用stk_get_daily_mktvalue_pt获取市值数据...
20260412 13:32:24- INFO-   stk_get_daily_mktvalue_pt返回 5204 条记录
20260412 13:32:24- INFO-   步骤4: 合并数据...
20260412 13:32:24- INFO-   数据合并完成,最终返回 5204 条记录, 18 个字段
20260412 13:32:24- INFO- ✓ 2025-02-11 数据获取成功: 5204 条
20260412 13:32:24- INFO- 开始获取 2025-02-12 的掘金全市场数据...
20260412 13:32:24- INFO-   步骤1: 调用get_symbols获取基础信息...
20260412 13:32:25- INFO-   get_symbols返回 5204 条记录
20260412 13:32:25- INFO-   过滤后剩余 5204 只股票(已剔除未上市/已退市)
20260412 13:32:25- INFO-   步骤2: 调用history批量获取数据...
20260412 13:32:25- INFO-   history批量返回 5203 条记录
20260412 13:32:25- INFO-   步骤3: 调用stk_get_daily_mktvalue_pt获取市值数据...
20260412 13:32:26- INFO-   stk_get_daily_mktvalue_pt返回 5204 条记录
20260412 13:32:26- INFO-   步骤4: 合并数据...
20260412 13:32:26- INFO-   数据合并完成,最终返回 5204 条记录, 18 个字段
20260412 13:32:26- INFO- ✓ 2025-02-12 数据获取成功: 5204 条
20260412 13:32:26- INFO- 开始获取 2025-02-13 的掘金全市场数据...
20260412 13:32:26- INFO-   步骤1: 调用get_symbols获取基础信息...
20260412 13:32:27- INFO-   get_symbols返回 5205 条记录
20260412 13:32:27- INFO-   过滤后剩余 5205 只股票(已剔除未上市/已退市)
20260412 13:32:27- INFO-   步骤2: 调用history批量获取数据...
20260412 13:32:27- INFO-   history批量返回 5204 条记录
20260412 13:32:27- INFO-   步骤3: 调用stk_get_daily_mktvalue_pt获取市值数据...
20260412 13:32:28- INFO-   stk_get_daily_mktvalue_pt返回 5205 条记录
20260412 13:32:28- INFO-   步骤4: 合并数据...
20260412 13:32:28- INFO-   数据合并完成,最终返回 5205 条记录, 18 个字段
20260412 13:32:28- INFO- ✓ 2025-02-13 数据获取成功: 5205 条
20260412 13:32:28- INFO- 开始获取 2025-02-14 的掘金全市场数据...
20260412 13:32:28- INFO-   步骤1: 调用get_symbols获取基础信息...
20260412 13:32:29- INFO-   get_symbols返回 5204 条记录
20260412 13:32:29- INFO-   过滤后剩余 5204 只股票(已剔除未上市/已退市)
20260412 13:32:29- INFO-   步骤2: 调用history批量获取数据...
20260412 13:32:29- INFO-   history批量返回 5204 条记录
20260412 13:32:29- INFO-   步骤3: 调用stk_get_daily_mktvalue_pt获取市值数据...
20260412 13:32:30- INFO-   stk_get_daily_mktvalue_pt返回 5204 条记录
20260412 13:32:30- INFO-   步骤4: 合并数据...
20260412 13:32:30- INFO-   数据合并完成,最终返回 5204 条记录, 18 个字段
20260412 13:32:30- INFO- ✓ 2025-02-14 数据获取成功: 5204 条
20260412 13:32:30- INFO- 开始获取 2025-02-17 的掘金全市场数据...
20260412 13:32:30- INFO-   步骤1: 调用get_symbols获取基础信息...
20260412 13:32:31- INFO-   get_symbols返回 5208 条记录
20260412 13:32:31- INFO-   过滤后剩余 5207 只股票(已剔除未上市/已退市)
20260412 13:32:31- INFO-   步骤2: 调用history批量获取数据...
20260412 13:32:31- INFO-   history批量返回 5207 条记录
20260412 13:32:31- INFO-   步骤3: 调用stk_get_daily_mktvalue_pt获取市值数据...
20260412 13:32:32- INFO-   stk_get_daily_mktvalue_pt返回 5207 条记录
20260412 13:32:32- INFO-   步骤4: 合并数据...
20260412 13:32:32- INFO-   数据合并完成,最终返回 5207 条记录, 18 个字段
20260412 13:32:32- INFO- ✓ 2025-02-17 数据获取成功: 5207 条
20260412 13:32:32- INFO- 开始获取 2025-02-18 的掘金全市场数据...
20260412 13:32:32- INFO-   步骤1: 调用get_symbols获取基础信息...
20260412 13:32:33- INFO-   get_symbols返回 5206 条记录
20260412 13:32:33- INFO-   过滤后剩余 5206 只股票(已剔除未上市/已退市)
20260412 13:32:33- INFO-   步骤2: 调用history批量获取数据...
20260412 13:32:33- INFO-   history批量返回 5206 条记录
20260412 13:32:33- INFO-   步骤3: 调用stk_get_daily_mktvalue_pt获取市值数据...
20260412 13:32:34- INFO-   stk_get_daily_mktvalue_pt返回 5206 条记录
20260412 13:32:34- INFO-   步骤4: 合并数据...
20260412 13:32:34- INFO-   数据合并完成,最终返回 5206 条记录, 18 个字段
20260412 13:32:34- INFO- ✓ 2025-02-18 数据获取成功: 5206 条
20260412 13:32:34- INFO- 开始获取 2025-02-19 的掘金全市场数据...
20260412 13:32:34- INFO-   步骤1: 调用get_symbols获取基础信息...
20260412 13:32:35- INFO-   get_symbols返回 5206 条记录
20260412 13:32:35- INFO-   过滤后剩余 5206 只股票(已剔除未上市/已退市)
20260412 13:32:35- INFO-   步骤2: 调用history批量获取数据...
20260412 13:32:35- INFO-   history批量返回 5206 条记录
20260412 13:32:35- INFO-   步骤3: 调用stk_get_daily_mktvalue_pt获取市值数据...
20260412 13:32:36- INFO-   stk_get_daily_mktvalue_pt返回 5206 条记录
20260412 13:32:36- INFO-   步骤4: 合并数据...
20260412 13:32:36- INFO-   数据合并完成,最终返回 5206 条记录, 18 个字段
20260412 13:32:36- INFO- ✓ 2025-02-19 数据获取成功: 5206 条
20260412 13:32:36- INFO- 开始获取 2025-02-20 的掘金全市场数据...
20260412 13:32:36- INFO-   步骤1: 调用get_symbols获取基础信息...
20260412 13:32:37- INFO-   get_symbols返回 5204 条记录
20260412 13:32:37- INFO-   过滤后剩余 5204 只股票(已剔除未上市/已退市)
20260412 13:32:37- INFO-   步骤2: 调用history批量获取数据...
20260412 13:32:37- INFO-   history批量返回 5204 条记录
20260412 13:32:37- INFO-   步骤3: 调用stk_get_daily_mktvalue_pt获取市值数据...
20260412 13:32:38- INFO-   stk_get_daily_mktvalue_pt返回 5204 条记录
20260412 13:32:38- INFO-   步骤4: 合并数据...
20260412 13:32:38- INFO-   数据合并完成,最终返回 5204 条记录, 18 个字段
20260412 13:32:38- INFO- ✓ 2025-02-20 数据获取成功: 5204 条
20260412 13:32:38- INFO- 开始获取 2025-02-21 的掘金全市场数据...
20260412 13:32:38- INFO-   步骤1: 调用get_symbols获取基础信息...
20260412 13:32:39- INFO-   get_symbols返回 5207 条记录
20260412 13:32:39- INFO-   过滤后剩余 5207 只股票(已剔除未上市/已退市)
20260412 13:32:39- INFO-   步骤2: 调用history批量获取数据...
20260412 13:32:39- INFO-   history批量返回 5207 条记录
20260412 13:32:39- INFO-   步骤3: 调用stk_get_daily_mktvalue_pt获取市值数据...
20260412 13:32:39- INFO-   stk_get_daily_mktvalue_pt返回 5207 条记录
20260412 13:32:39- INFO-   步骤4: 合并数据...
20260412 13:32:39- INFO-   数据合并完成,最终返回 5207 条记录, 18 个字段
20260412 13:32:39- INFO- ✓ 2025-02-21 数据获取成功: 5207 条
20260412 13:32:40- INFO- 开始获取 2025-02-24 的掘金全市场数据...
20260412 13:32:40- INFO-   步骤1: 调用get_symbols获取基础信息...
20260412 13:32:41- INFO-   get_symbols返回 5204 条记录
20260412 13:32:41- INFO-   过滤后剩余 5204 只股票(已剔除未上市/已退市)
20260412 13:32:41- INFO-   步骤2: 调用history批量获取数据...
20260412 13:32:41- INFO-   history批量返回 5204 条记录
20260412 13:32:41- INFO-   步骤3: 调用stk_get_daily_mktvalue_pt获取市值数据...
20260412 13:32:41- INFO-   stk_get_daily_mktvalue_pt返回 5204 条记录
20260412 13:32:41- INFO-   步骤4: 合并数据...
20260412 13:32:42- INFO-   数据合并完成,最终返回 5204 条记录, 18 个字段
20260412 13:32:42- INFO- ✓ 2025-02-24 数据获取成功: 5204 条
20260412 13:32:42- INFO- 开始获取 2025-02-25 的掘金全市场数据...
20260412 13:32:42- INFO-   步骤1: 调用get_symbols获取基础信息...
20260412 13:32:43- INFO-   get_symbols返回 5202 条记录
20260412 13:32:43- INFO-   过滤后剩余 5202 只股票(已剔除未上市/已退市)
20260412 13:32:43- INFO-   步骤2: 调用history批量获取数据...
20260412 13:32:43- INFO-   history批量返回 5202 条记录
20260412 13:32:43- INFO-   步骤3: 调用stk_get_daily_mktvalue_pt获取市值数据...
20260412 13:32:43- INFO-   stk_get_daily_mktvalue_pt返回 5202 条记录
20260412 13:32:43- INFO-   步骤4: 合并数据...
20260412 13:32:44- INFO-   数据合并完成,最终返回 5202 条记录, 18 个字段
20260412 13:32:44- INFO- ✓ 2025-02-25 数据获取成功: 5202 条
20260412 13:32:44- INFO- 开始获取 2025-02-26 的掘金全市场数据...
20260412 13:32:44- INFO-   步骤1: 调用get_symbols获取基础信息...
20260412 13:32:45- INFO-   get_symbols返回 5203 条记录
20260412 13:32:45- INFO-   过滤后剩余 5203 只股票(已剔除未上市/已退市)
20260412 13:32:45- INFO-   步骤2: 调用history批量获取数据...
20260412 13:32:45- INFO-   history批量返回 5203 条记录
20260412 13:32:45- INFO-   步骤3: 调用stk_get_daily_mktvalue_pt获取市值数据...
20260412 13:32:46- INFO-   stk_get_daily_mktvalue_pt返回 5203 条记录
20260412 13:32:46- INFO-   步骤4: 合并数据...
20260412 13:32:46- INFO-   数据合并完成,最终返回 5203 条记录, 18 个字段
20260412 13:32:46- INFO- ✓ 2025-02-26 数据获取成功: 5203 条
20260412 13:32:46- INFO- 开始获取 2025-02-27 的掘金全市场数据...
20260412 13:32:46- INFO-   步骤1: 调用get_symbols获取基础信息...
20260412 13:32:47- INFO-   get_symbols返回 5201 条记录
20260412 13:32:47- INFO-   过滤后剩余 5201 只股票(已剔除未上市/已退市)
20260412 13:32:47- INFO-   步骤2: 调用history批量获取数据...
20260412 13:32:47- INFO-   history批量返回 5201 条记录
20260412 13:32:47- INFO-   步骤3: 调用stk_get_daily_mktvalue_pt获取市值数据...
20260412 13:32:48- INFO-   stk_get_daily_mktvalue_pt返回 5201 条记录
20260412 13:32:48- INFO-   步骤4: 合并数据...
20260412 13:32:48- INFO-   数据合并完成,最终返回 5201 条记录, 18 个字段
20260412 13:32:48- INFO- ✓ 2025-02-27 数据获取成功: 5201 条
20260412 13:32:48- INFO- 开始获取 2025-02-28 的掘金全市场数据...
20260412 13:32:48- INFO-   步骤1: 调用get_symbols获取基础信息...
20260412 13:32:49- INFO-   get_symbols返回 5201 条记录
20260412 13:32:49- INFO-   过滤后剩余 5201 只股票(已剔除未上市/已退市)
20260412 13:32:49- INFO-   步骤2: 调用history批量获取数据...
20260412 13:32:49- INFO-   history批量返回 5201 条记录
20260412 13:32:49- INFO-   步骤3: 调用stk_get_daily_mktvalue_pt获取市值数据...
20260412 13:32:49- INFO-   stk_get_daily_mktvalue_pt返回 5201 条记录
20260412 13:32:49- INFO-   步骤4: 合并数据...
20260412 13:32:49- INFO-   数据合并完成,最终返回 5201 条记录, 18 个字段
20260412 13:32:49- INFO- ✓ 2025-02-28 数据获取成功: 5201 条
20260412 13:32:50- INFO- 开始获取 2025-03-03 的掘金全市场数据...
20260412 13:32:50- INFO-   步骤1: 调用get_symbols获取基础信息...
20260412 13:32:51- INFO-   get_symbols返回 5199 条记录
20260412 13:32:51- INFO-   过滤后剩余 5199 只股票(已剔除未上市/已退市)
20260412 13:32:51- INFO-   步骤2: 调用history批量获取数据...
20260412 13:32:51- INFO-   history批量返回 5199 条记录
20260412 13:32:51- INFO-   步骤3: 调用stk_get_daily_mktvalue_pt获取市值数据...
20260412 13:32:51- INFO-   stk_get_daily_mktvalue_pt返回 5199 条记录
20260412 13:32:51- INFO-   步骤4: 合并数据...
20260412 13:32:51- INFO-   数据合并完成,最终返回 5199 条记录, 18 个字段
20260412 13:32:52- INFO- ✓ 2025-03-03 数据获取成功: 5199 条
20260412 13:32:52- INFO- 开始获取 2025-03-04 的掘金全市场数据...
20260412 13:32:52- INFO-   步骤1: 调用get_symbols获取基础信息...
20260412 13:32:53- INFO-   get_symbols返回 5201 条记录
20260412 13:32:53- INFO-   过滤后剩余 5201 只股票(已剔除未上市/已退市)
20260412 13:32:53- INFO-   步骤2: 调用history批量获取数据...
20260412 13:32:53- INFO-   history批量返回 5201 条记录
20260412 13:32:53- INFO-   步骤3: 调用stk_get_daily_mktvalue_pt获取市值数据...
20260412 13:32:53- INFO-   stk_get_daily_mktvalue_pt返回 5201 条记录
20260412 13:32:53- INFO-   步骤4: 合并数据...
20260412 13:32:53- INFO-   数据合并完成,最终返回 5201 条记录, 18 个字段
20260412 13:32:53- INFO- ✓ 2025-03-04 数据获取成功: 5201 条
20260412 13:32:54- INFO- 开始获取 2025-03-05 的掘金全市场数据...
20260412 13:32:54- INFO-   步骤1: 调用get_symbols获取基础信息...
20260412 13:32:55- INFO-   get_symbols返回 5200 条记录
20260412 13:32:55- INFO-   过滤后剩余 5200 只股票(已剔除未上市/已退市)
20260412 13:32:55- INFO-   步骤2: 调用history批量获取数据...
20260412 13:32:55- INFO-   history批量返回 5200 条记录
20260412 13:32:55- INFO-   步骤3: 调用stk_get_daily_mktvalue_pt获取市值数据...
20260412 13:32:55- INFO-   stk_get_daily_mktvalue_pt返回 5200 条记录
20260412 13:32:55- INFO-   步骤4: 合并数据...
20260412 13:32:55- INFO-   数据合并完成,最终返回 5200 条记录, 18 个字段
20260412 13:32:55- INFO- ✓ 2025-03-05 数据获取成功: 5200 条
20260412 13:32:56- INFO- 开始获取 2025-03-06 的掘金全市场数据...
20260412 13:32:56- INFO-   步骤1: 调用get_symbols获取基础信息...
20260412 13:32:57- INFO-   get_symbols返回 5198 条记录
20260412 13:32:57- INFO-   过滤后剩余 5198 只股票(已剔除未上市/已退市)
20260412 13:32:57- INFO-   步骤2: 调用history批量获取数据...
20260412 13:32:57- INFO-   history批量返回 5198 条记录
20260412 13:32:57- INFO-   步骤3: 调用stk_get_daily_mktvalue_pt获取市值数据...
20260412 13:32:57- INFO-   stk_get_daily_mktvalue_pt返回 5198 条记录
20260412 13:32:57- INFO-   步骤4: 合并数据...
20260412 13:32:57- INFO-   数据合并完成,最终返回 5198 条记录, 18 个字段
20260412 13:32:57- INFO- ✓ 2025-03-06 数据获取成功: 5198 条
20260412 13:32:58- INFO- 开始获取 2025-03-07 的掘金全市场数据...
20260412 13:32:58- INFO-   步骤1: 调用get_symbols获取基础信息...
20260412 13:32:59- INFO-   get_symbols返回 5199 条记录
20260412 13:32:59- INFO-   过滤后剩余 5199 只股票(已剔除未上市/已退市)
20260412 13:32:59- INFO-   步骤2: 调用history批量获取数据...
20260412 13:32:59- INFO-   history批量返回 5199 条记录
20260412 13:32:59- INFO-   步骤3: 调用stk_get_daily_mktvalue_pt获取市值数据...
20260412 13:32:59- INFO-   stk_get_daily_mktvalue_pt返回 5199 条记录
20260412 13:32:59- INFO-   步骤4: 合并数据...
20260412 13:32:59- INFO-   数据合并完成,最终返回 5199 条记录, 18 个字段
20260412 13:32:59- INFO- ✓ 2025-03-07 数据获取成功: 5199 条
20260412 13:33:00- INFO- 开始获取 2025-03-10 的掘金全市场数据...
20260412 13:33:00- INFO-   步骤1: 调用get_symbols获取基础信息...
20260412 13:33:01- INFO-   get_symbols返回 5199 条记录
20260412 13:33:01- INFO-   过滤后剩余 5199 只股票(已剔除未上市/已退市)
20260412 13:33:01- INFO-   步骤2: 调用history批量获取数据...
20260412 13:33:01- INFO-   history批量返回 5199 条记录
20260412 13:33:01- INFO-   步骤3: 调用stk_get_daily_mktvalue_pt获取市值数据...
20260412 13:33:01- INFO-   stk_get_daily_mktvalue_pt返回 5199 条记录
20260412 13:33:01- INFO-   步骤4: 合并数据...
20260412 13:33:01- INFO-   数据合并完成,最终返回 5199 条记录, 18 个字段
20260412 13:33:01- INFO- ✓ 2025-03-10 数据获取成功: 5199 条
20260412 13:33:02- INFO- 开始获取 2025-03-11 的掘金全市场数据...
20260412 13:33:02- INFO-   步骤1: 调用get_symbols获取基础信息...
20260412 13:33:03- INFO-   get_symbols返回 5202 条记录
20260412 13:33:03- INFO-   过滤后剩余 5202 只股票(已剔除未上市/已退市)
20260412 13:33:03- INFO-   步骤2: 调用history批量获取数据...
20260412 13:33:03- INFO-   history批量返回 5202 条记录
20260412 13:33:03- INFO-   步骤3: 调用stk_get_daily_mktvalue_pt获取市值数据...
20260412 13:33:03- INFO-   stk_get_daily_mktvalue_pt返回 5202 条记录
20260412 13:33:03- INFO-   步骤4: 合并数据...
20260412 13:33:03- INFO-   数据合并完成,最终返回 5202 条记录, 18 个字段
20260412 13:33:03- INFO- ✓ 2025-03-11 数据获取成功: 5202 条
20260412 13:33:04- INFO- 开始获取 2025-03-12 的掘金全市场数据...
20260412 13:33:04- INFO-   步骤1: 调用get_symbols获取基础信息...
20260412 13:33:05- INFO-   get_symbols返回 5201 条记录
20260412 13:33:05- INFO-   过滤后剩余 5201 只股票(已剔除未上市/已退市)
20260412 13:33:05- INFO-   步骤2: 调用history批量获取数据...
20260412 13:33:05- INFO-   history批量返回 5201 条记录
20260412 13:33:05- INFO-   步骤3: 调用stk_get_daily_mktvalue_pt获取市值数据...
20260412 13:33:05- INFO-   stk_get_daily_mktvalue_pt返回 5201 条记录
20260412 13:33:05- INFO-   步骤4: 合并数据...
20260412 13:33:05- INFO-   数据合并完成,最终返回 5201 条记录, 18 个字段
20260412 13:33:05- INFO- ✓ 2025-03-12 数据获取成功: 5201 条
20260412 13:33:06- INFO- 开始获取 2025-03-13 的掘金全市场数据...
20260412 13:33:06- INFO-   步骤1: 调用get_symbols获取基础信息...
20260412 13:33:07- INFO-   get_symbols返回 5203 条记录
20260412 13:33:07- INFO-   过滤后剩余 5203 只股票(已剔除未上市/已退市)
20260412 13:33:07- INFO-   步骤2: 调用history批量获取数据...
20260412 13:33:07- INFO-   history批量返回 5203 条记录
20260412 13:33:07- INFO-   步骤3: 调用stk_get_daily_mktvalue_pt获取市值数据...
20260412 13:33:08- INFO-   stk_get_daily_mktvalue_pt返回 5203 条记录
20260412 13:33:08- INFO-   步骤4: 合并数据...
20260412 13:33:08- INFO-   数据合并完成,最终返回 5203 条记录, 18 个字段
20260412 13:33:08- INFO- ✓ 2025-03-13 数据获取成功: 5203 条
20260412 13:33:08- INFO- 开始获取 2025-03-14 的掘金全市场数据...
20260412 13:33:08- INFO-   步骤1: 调用get_symbols获取基础信息...
20260412 13:33:09- INFO-   get_symbols返回 5203 条记录
20260412 13:33:09- INFO-   过滤后剩余 5203 只股票(已剔除未上市/已退市)
20260412 13:33:09- INFO-   步骤2: 调用history批量获取数据...
20260412 13:33:09- INFO-   history批量返回 5203 条记录
20260412 13:33:09- INFO-   步骤3: 调用stk_get_daily_mktvalue_pt获取市值数据...
20260412 13:33:09- INFO-   stk_get_daily_mktvalue_pt返回 5203 条记录
20260412 13:33:09- INFO-   步骤4: 合并数据...
20260412 13:33:09- INFO-   数据合并完成,最终返回 5203 条记录, 18 个字段
20260412 13:33:09- INFO- ✓ 2025-03-14 数据获取成功: 5203 条
20260412 13:33:10- INFO- 开始获取 2025-03-17 的掘金全市场数据...
20260412 13:33:10- INFO-   步骤1: 调用get_symbols获取基础信息...
20260412 13:33:11- INFO-   get_symbols返回 5198 条记录
20260412 13:33:11- INFO-   过滤后剩余 5198 只股票(已剔除未上市/已退市)
20260412 13:33:11- INFO-   步骤2: 调用history批量获取数据...
20260412 13:33:11- INFO-   history批量返回 5198 条记录
20260412 13:33:11- INFO-   步骤3: 调用stk_get_daily_mktvalue_pt获取市值数据...
20260412 13:33:11- INFO-   stk_get_daily_mktvalue_pt返回 5198 条记录
20260412 13:33:11- INFO-   步骤4: 合并数据...
20260412 13:33:11- INFO-   数据合并完成,最终返回 5198 条记录, 18 个字段
20260412 13:33:11- INFO- ✓ 2025-03-17 数据获取成功: 5198 条
20260412 13:33:12- INFO- 开始获取 2025-03-18 的掘金全市场数据...
20260412 13:33:12- INFO-   步骤1: 调用get_symbols获取基础信息...
20260412 13:33:13- INFO-   get_symbols返回 5205 条记录
20260412 13:33:13- INFO-   过滤后剩余 5205 只股票(已剔除未上市/已退市)
20260412 13:33:13- INFO-   步骤2: 调用history批量获取数据...
20260412 13:33:13- INFO-   history批量返回 5205 条记录
20260412 13:33:13- INFO-   步骤3: 调用stk_get_daily_mktvalue_pt获取市值数据...
20260412 13:33:13- INFO-   stk_get_daily_mktvalue_pt返回 5205 条记录
20260412 13:33:13- INFO-   步骤4: 合并数据...
20260412 13:33:13- INFO-   数据合并完成,最终返回 5205 条记录, 18 个字段
20260412 13:35:40- INFO- ✓ 2025-03-18 数据获取成功: 5205 条
20260412 13:37:06- INFO- 开始获取 2025-03-19 的掘金全市场数据...
20260412 13:37:06- INFO-   步骤1: 调用get_symbols获取基础信息...
20260412 13:37:07- INFO-   get_symbols返回 5202 条记录
20260412 13:37:07- INFO-   过滤后剩余 5202 只股票(已剔除未上市/已退市)
20260412 13:37:07- INFO-   步骤2: 调用history批量获取数据...
20260412 13:37:08- INFO-   history批量返回 5202 条记录
20260412 13:37:08- INFO-   步骤3: 调用stk_get_daily_mktvalue_pt获取市值数据...
20260412 13:37:08- INFO-   stk_get_daily_mktvalue_pt返回 5202 条记录
20260412 13:37:08- INFO-   步骤4: 合并数据...
20260412 13:37:08- INFO-   数据合并完成,最终返回 5202 条记录, 18 个字段
20260412 13:37:19- INFO- ✓ 2025-03-19 数据获取成功: 5202 条
20260412 13:37:20- INFO- 开始获取 2025-03-20 的掘金全市场数据...
20260412 13:37:20- INFO-   步骤1: 调用get_symbols获取基础信息...
20260412 13:37:20- INFO-   get_symbols返回 5204 条记录
20260412 13:37:20- INFO-   过滤后剩余 5204 只股票(已剔除未上市/已退市)
20260412 13:37:20- INFO-   步骤2: 调用history批量获取数据...
20260412 13:37:21- INFO-   history批量返回 5204 条记录
20260412 13:37:21- INFO-   步骤3: 调用stk_get_daily_mktvalue_pt获取市值数据...
20260412 13:37:21- INFO-   stk_get_daily_mktvalue_pt返回 5204 条记录
20260412 13:37:21- INFO-   步骤4: 合并数据...
20260412 13:37:21- INFO-   数据合并完成,最终返回 5204 条记录, 18 个字段
20260412 13:37:21- INFO- ✓ 2025-03-20 数据获取成功: 5204 条
20260412 13:37:22- INFO- 开始获取 2025-03-21 的掘金全市场数据...
20260412 13:37:22- INFO-   步骤1: 调用get_symbols获取基础信息...
20260412 13:37:22- INFO-   get_symbols返回 5205 条记录
20260412 13:37:22- INFO-   过滤后剩余 5205 只股票(已剔除未上市/已退市)
20260412 13:37:22- INFO-   步骤2: 调用history批量获取数据...
20260412 13:37:23- INFO-   history批量返回 5205 条记录
20260412 13:37:23- INFO-   步骤3: 调用stk_get_daily_mktvalue_pt获取市值数据...
20260412 13:37:23- INFO-   stk_get_daily_mktvalue_pt返回 5205 条记录
20260412 13:37:23- INFO-   步骤4: 合并数据...
20260412 13:37:23- INFO-   数据合并完成,最终返回 5205 条记录, 18 个字段
20260412 13:37:23- INFO- ✓ 2025-03-21 数据获取成功: 5205 条
20260412 13:37:23- INFO- 开始获取 2025-03-24 的掘金全市场数据...
20260412 13:37:23- INFO-   步骤1: 调用get_symbols获取基础信息...
20260412 13:37:24- INFO-   get_symbols返回 5205 条记录
20260412 13:37:24- INFO-   过滤后剩余 5205 只股票(已剔除未上市/已退市)
20260412 13:37:24- INFO-   步骤2: 调用history批量获取数据...
20260412 13:37:25- INFO-   history批量返回 5205 条记录
20260412 13:37:25- INFO-   步骤3: 调用stk_get_daily_mktvalue_pt获取市值数据...
20260412 13:37:25- INFO-   stk_get_daily_mktvalue_pt返回 5205 条记录
20260412 13:37:25- INFO-   步骤4: 合并数据...
20260412 13:37:25- INFO-   数据合并完成,最终返回 5205 条记录, 18 个字段
20260412 13:37:25- INFO- ✓ 2025-03-24 数据获取成功: 5205 条
20260412 13:37:25- INFO- 开始获取 2025-03-25 的掘金全市场数据...
20260412 13:37:25- INFO-   步骤1: 调用get_symbols获取基础信息...
20260412 13:37:26- INFO-   get_symbols返回 5208 条记录
20260412 13:37:26- INFO-   过滤后剩余 5208 只股票(已剔除未上市/已退市)
20260412 13:37:26- INFO-   步骤2: 调用history批量获取数据...
20260412 13:37:27- INFO-   history批量返回 5208 条记录
20260412 13:37:27- INFO-   步骤3: 调用stk_get_daily_mktvalue_pt获取市值数据...
20260412 13:37:27- INFO-   stk_get_daily_mktvalue_pt返回 5208 条记录
20260412 13:37:27- INFO-   步骤4: 合并数据...
20260412 13:37:27- INFO-   数据合并完成,最终返回 5208 条记录, 18 个字段
20260412 13:37:27- INFO- ✓ 2025-03-25 数据获取成功: 5208 条
20260412 13:37:27- INFO- 开始获取 2025-03-26 的掘金全市场数据...
20260412 13:37:27- INFO-   步骤1: 调用get_symbols获取基础信息...
20260412 13:37:28- INFO-   get_symbols返回 5209 条记录
20260412 13:37:28- INFO-   过滤后剩余 5209 只股票(已剔除未上市/已退市)
20260412 13:37:28- INFO-   步骤2: 调用history批量获取数据...
20260412 13:37:29- INFO-   history批量返回 5209 条记录
20260412 13:37:29- INFO-   步骤3: 调用stk_get_daily_mktvalue_pt获取市值数据...
20260412 13:37:29- INFO-   stk_get_daily_mktvalue_pt返回 5209 条记录
20260412 13:37:29- INFO-   步骤4: 合并数据...
20260412 13:37:29- INFO-   数据合并完成,最终返回 5209 条记录, 18 个字段
20260412 13:37:29- INFO- ✓ 2025-03-26 数据获取成功: 5209 条
20260412 13:37:29- INFO- 开始获取 2025-03-27 的掘金全市场数据...
20260412 13:37:29- INFO-   步骤1: 调用get_symbols获取基础信息...
20260412 13:37:30- INFO-   get_symbols返回 5210 条记录
20260412 13:37:30- INFO-   过滤后剩余 5210 只股票(已剔除未上市/已退市)
20260412 13:37:30- INFO-   步骤2: 调用history批量获取数据...
20260412 13:37:31- INFO-   history批量返回 5210 条记录
20260412 13:37:31- INFO-   步骤3: 调用stk_get_daily_mktvalue_pt获取市值数据...
20260412 13:37:31- INFO-   stk_get_daily_mktvalue_pt返回 5210 条记录
20260412 13:37:31- INFO-   步骤4: 合并数据...
20260412 13:37:31- INFO-   数据合并完成,最终返回 5210 条记录, 18 个字段
20260412 13:37:31- INFO- ✓ 2025-03-27 数据获取成功: 5210 条
20260412 13:37:31- INFO- 开始获取 2025-03-28 的掘金全市场数据...
20260412 13:37:31- INFO-   步骤1: 调用get_symbols获取基础信息...
20260412 13:37:32- INFO-   get_symbols返回 5208 条记录
20260412 13:37:32- INFO-   过滤后剩余 5208 只股票(已剔除未上市/已退市)
20260412 13:37:32- INFO-   步骤2: 调用history批量获取数据...
20260412 13:37:32- INFO-   history批量返回 5208 条记录
20260412 13:37:32- INFO-   步骤3: 调用stk_get_daily_mktvalue_pt获取市值数据...
20260412 13:37:33- INFO-   stk_get_daily_mktvalue_pt返回 5208 条记录
20260412 13:37:33- INFO-   步骤4: 合并数据...
20260412 13:37:33- INFO-   数据合并完成,最终返回 5208 条记录, 18 个字段
20260412 13:37:33- INFO- ✓ 2025-03-28 数据获取成功: 5208 条
20260412 13:37:33- INFO- 开始获取 2025-03-31 的掘金全市场数据...
20260412 13:37:33- INFO-   步骤1: 调用get_symbols获取基础信息...
20260412 13:37:34- INFO-   get_symbols返回 5210 条记录
20260412 13:37:34- INFO-   过滤后剩余 5210 只股票(已剔除未上市/已退市)
20260412 13:37:34- INFO-   步骤2: 调用history批量获取数据...
20260412 13:37:34- INFO-   history批量返回 5210 条记录
20260412 13:37:34- INFO-   步骤3: 调用stk_get_daily_mktvalue_pt获取市值数据...
20260412 13:37:35- INFO-   stk_get_daily_mktvalue_pt返回 5210 条记录
20260412 13:37:35- INFO-   步骤4: 合并数据...
20260412 13:37:35- INFO-   数据合并完成,最终返回 5210 条记录, 18 个字段
20260412 13:37:35- INFO- ✓ 2025-03-31 数据获取成功: 5210 条
20260412 13:37:35- INFO- 开始获取 2025-04-01 的掘金全市场数据...
20260412 13:37:35- INFO-   步骤1: 调用get_symbols获取基础信息...
20260412 13:37:36- INFO-   get_symbols返回 5209 条记录
20260412 13:37:36- INFO-   过滤后剩余 5209 只股票(已剔除未上市/已退市)
20260412 13:37:36- INFO-   步骤2: 调用history批量获取数据...
20260412 13:37:37- INFO-   history批量返回 5208 条记录
20260412 13:37:37- INFO-   步骤3: 调用stk_get_daily_mktvalue_pt获取市值数据...
20260412 13:37:37- INFO-   stk_get_daily_mktvalue_pt返回 5209 条记录
20260412 13:37:37- INFO-   步骤4: 合并数据...
20260412 13:37:37- INFO-   数据合并完成,最终返回 5209 条记录, 18 个字段
20260412 13:37:37- INFO- ✓ 2025-04-01 数据获取成功: 5209 条
20260412 13:37:37- INFO- 开始获取 2025-04-02 的掘金全市场数据...
20260412 13:37:37- INFO-   步骤1: 调用get_symbols获取基础信息...
20260412 13:37:38- INFO-   get_symbols返回 5211 条记录
20260412 13:37:38- INFO-   过滤后剩余 5211 只股票(已剔除未上市/已退市)
20260412 13:37:38- INFO-   步骤2: 调用history批量获取数据...
20260412 13:37:39- INFO-   history批量返回 5211 条记录
20260412 13:37:39- INFO-   步骤3: 调用stk_get_daily_mktvalue_pt获取市值数据...
20260412 13:37:39- INFO-   stk_get_daily_mktvalue_pt返回 5211 条记录
20260412 13:37:39- INFO-   步骤4: 合并数据...
20260412 13:37:39- INFO-   数据合并完成,最终返回 5211 条记录, 18 个字段
20260412 13:37:39- INFO- ✓ 2025-04-02 数据获取成功: 5211 条
20260412 13:37:39- INFO- 开始获取 2025-04-03 的掘金全市场数据...
20260412 13:37:39- INFO-   步骤1: 调用get_symbols获取基础信息...
20260412 13:37:40- INFO-   get_symbols返回 5210 条记录
20260412 13:37:40- INFO-   过滤后剩余 5210 只股票(已剔除未上市/已退市)
20260412 13:37:40- INFO-   步骤2: 调用history批量获取数据...
20260412 13:37:41- INFO-   history批量返回 5210 条记录
20260412 13:37:41- INFO-   步骤3: 调用stk_get_daily_mktvalue_pt获取市值数据...
20260412 13:37:41- INFO-   stk_get_daily_mktvalue_pt返回 5210 条记录
20260412 13:37:41- INFO-   步骤4: 合并数据...
20260412 13:37:41- INFO-   数据合并完成,最终返回 5210 条记录, 18 个字段
20260412 13:37:41- INFO- ✓ 2025-04-03 数据获取成功: 5210 条
20260412 13:37:41- INFO- 开始获取 2025-04-04 的掘金全市场数据...
20260412 13:37:41- INFO-   步骤1: 调用get_symbols获取基础信息...
20260412 13:37:42- WARNING- 2025-04-04 get_symbols返回空数据
20260412 13:37:42- WARNING- ✗ 2025-04-04 无数据
20260412 13:37:42- INFO- 开始获取 2025-04-07 的掘金全市场数据...
20260412 13:37:42- INFO-   步骤1: 调用get_symbols获取基础信息...
20260412 13:37:43- INFO-   get_symbols返回 5208 条记录
20260412 13:37:43- INFO-   过滤后剩余 5208 只股票(已剔除未上市/已退市)
20260412 13:37:43- INFO-   步骤2: 调用history批量获取数据...
20260412 13:37:44- INFO-   history批量返回 5208 条记录
20260412 13:37:44- INFO-   步骤3: 调用stk_get_daily_mktvalue_pt获取市值数据...
20260412 13:37:44- INFO-   stk_get_daily_mktvalue_pt返回 5208 条记录
20260412 13:37:44- INFO-   步骤4: 合并数据...
20260412 13:37:44- INFO-   数据合并完成,最终返回 5208 条记录, 18 个字段
20260412 13:37:44- INFO- ✓ 2025-04-07 数据获取成功: 5208 条
20260412 13:37:44- INFO- 开始获取 2025-04-08 的掘金全市场数据...
20260412 13:37:44- INFO-   步骤1: 调用get_symbols获取基础信息...
20260412 13:37:45- INFO-   get_symbols返回 5209 条记录
20260412 13:37:45- INFO-   过滤后剩余 5209 只股票(已剔除未上市/已退市)
20260412 13:37:45- INFO-   步骤2: 调用history批量获取数据...
20260412 13:37:46- INFO-   history批量返回 5209 条记录
20260412 13:37:46- INFO-   步骤3: 调用stk_get_daily_mktvalue_pt获取市值数据...
20260412 13:37:46- INFO-   stk_get_daily_mktvalue_pt返回 5209 条记录
20260412 13:37:46- INFO-   步骤4: 合并数据...
20260412 13:37:46- INFO-   数据合并完成,最终返回 5209 条记录, 18 个字段
20260412 13:37:46- INFO- ✓ 2025-04-08 数据获取成功: 5209 条
20260412 13:37:46- INFO- 开始获取 2025-04-09 的掘金全市场数据...
20260412 13:37:46- INFO-   步骤1: 调用get_symbols获取基础信息...
20260412 13:37:47- INFO-   get_symbols返回 5212 条记录
20260412 13:37:47- INFO-   过滤后剩余 5212 只股票(已剔除未上市/已退市)
20260412 13:37:47- INFO-   步骤2: 调用history批量获取数据...
20260412 13:37:48- INFO-   history批量返回 5212 条记录
20260412 13:37:48- INFO-   步骤3: 调用stk_get_daily_mktvalue_pt获取市值数据...
20260412 13:37:48- INFO-   stk_get_daily_mktvalue_pt返回 5212 条记录
20260412 13:37:48- INFO-   步骤4: 合并数据...
20260412 13:37:48- INFO-   数据合并完成,最终返回 5212 条记录, 18 个字段
20260412 13:37:48- INFO- ✓ 2025-04-09 数据获取成功: 5212 条
20260412 13:37:49- INFO- 开始获取 2025-04-10 的掘金全市场数据...
20260412 13:37:49- INFO-   步骤1: 调用get_symbols获取基础信息...
20260412 13:37:49- INFO-   get_symbols返回 5212 条记录
20260412 13:37:49- INFO-   过滤后剩余 5212 只股票(已剔除未上市/已退市)
20260412 13:37:49- INFO-   步骤2: 调用history批量获取数据...
20260412 13:37:50- INFO-   history批量返回 5212 条记录
20260412 13:37:50- INFO-   步骤3: 调用stk_get_daily_mktvalue_pt获取市值数据...
20260412 13:37:50- INFO-   stk_get_daily_mktvalue_pt返回 5212 条记录
20260412 13:37:50- INFO-   步骤4: 合并数据...
20260412 13:37:50- INFO-   数据合并完成,最终返回 5212 条记录, 18 个字段
20260412 13:37:50- INFO- ✓ 2025-04-10 数据获取成功: 5212 条
20260412 13:37:51- INFO- 开始获取 2025-04-11 的掘金全市场数据...
20260412 13:37:51- INFO-   步骤1: 调用get_symbols获取基础信息...
20260412 13:37:51- INFO-   get_symbols返回 5211 条记录
20260412 13:37:51- INFO-   过滤后剩余 5211 只股票(已剔除未上市/已退市)
20260412 13:37:51- INFO-   步骤2: 调用history批量获取数据...
20260412 13:37:52- INFO-   history批量返回 5211 条记录
20260412 13:37:52- INFO-   步骤3: 调用stk_get_daily_mktvalue_pt获取市值数据...
20260412 13:37:52- INFO-   stk_get_daily_mktvalue_pt返回 5211 条记录
20260412 13:37:52- INFO-   步骤4: 合并数据...
20260412 13:37:52- INFO-   数据合并完成,最终返回 5211 条记录, 18 个字段
20260412 13:37:52- INFO- ✓ 2025-04-11 数据获取成功: 5211 条
20260412 13:37:52- INFO- 开始获取 2025-04-14 的掘金全市场数据...
20260412 13:37:52- INFO-   步骤1: 调用get_symbols获取基础信息...
20260412 13:37:53- INFO-   get_symbols返回 5210 条记录
20260412 13:37:53- INFO-   过滤后剩余 5210 只股票(已剔除未上市/已退市)
20260412 13:37:53- INFO-   步骤2: 调用history批量获取数据...
20260412 13:37:54- INFO-   history批量返回 5210 条记录
20260412 13:37:54- INFO-   步骤3: 调用stk_get_daily_mktvalue_pt获取市值数据...
20260412 13:37:54- INFO-   stk_get_daily_mktvalue_pt返回 5210 条记录
20260412 13:37:54- INFO-   步骤4: 合并数据...
20260412 13:37:54- INFO-   数据合并完成,最终返回 5210 条记录, 18 个字段
20260412 13:37:54- INFO- ✓ 2025-04-14 数据获取成功: 5210 条
20260412 13:37:55- INFO- 开始获取 2025-04-15 的掘金全市场数据...
20260412 13:37:55- INFO-   步骤1: 调用get_symbols获取基础信息...
20260412 13:37:56- INFO-   get_symbols返回 5208 条记录
20260412 13:37:56- INFO-   过滤后剩余 5208 只股票(已剔除未上市/已退市)
20260412 13:37:56- INFO-   步骤2: 调用history批量获取数据...
20260412 13:37:56- INFO-   history批量返回 5208 条记录
20260412 13:37:56- INFO-   步骤3: 调用stk_get_daily_mktvalue_pt获取市值数据...
20260412 13:37:56- INFO-   stk_get_daily_mktvalue_pt返回 5208 条记录
20260412 13:37:56- INFO-   步骤4: 合并数据...
20260412 13:37:56- INFO-   数据合并完成,最终返回 5208 条记录, 18 个字段
20260412 13:37:56- INFO- ✓ 2025-04-15 数据获取成功: 5208 条
20260412 13:37:57- INFO- 开始获取 2025-04-16 的掘金全市场数据...
20260412 13:37:57- INFO-   步骤1: 调用get_symbols获取基础信息...
20260412 13:37:58- INFO-   get_symbols返回 5212 条记录
20260412 13:37:58- INFO-   过滤后剩余 5212 只股票(已剔除未上市/已退市)
20260412 13:37:58- INFO-   步骤2: 调用history批量获取数据...
20260412 13:37:58- INFO-   history批量返回 5212 条记录
20260412 13:37:58- INFO-   步骤3: 调用stk_get_daily_mktvalue_pt获取市值数据...
20260412 13:37:59- INFO-   stk_get_daily_mktvalue_pt返回 5212 条记录
20260412 13:37:59- INFO-   步骤4: 合并数据...
20260412 13:37:59- INFO-   数据合并完成,最终返回 5212 条记录, 18 个字段
20260412 13:37:59- INFO- ✓ 2025-04-16 数据获取成功: 5212 条
20260412 13:37:59- INFO- 开始获取 2025-04-17 的掘金全市场数据...
20260412 13:37:59- INFO-   步骤1: 调用get_symbols获取基础信息...
20260412 13:38:00- INFO-   get_symbols返回 5212 条记录
20260412 13:38:00- INFO-   过滤后剩余 5212 只股票(已剔除未上市/已退市)
20260412 13:38:00- INFO-   步骤2: 调用history批量获取数据...
20260412 13:38:01- INFO-   history批量返回 5212 条记录
20260412 13:38:01- INFO-   步骤3: 调用stk_get_daily_mktvalue_pt获取市值数据...
20260412 13:38:01- INFO-   stk_get_daily_mktvalue_pt返回 5212 条记录
20260412 13:38:01- INFO-   步骤4: 合并数据...
20260412 13:38:01- INFO-   数据合并完成,最终返回 5212 条记录, 18 个字段
20260412 13:38:01- INFO- ✓ 2025-04-17 数据获取成功: 5212 条
20260412 13:38:02- INFO- 开始获取 2025-04-18 的掘金全市场数据...
20260412 13:38:02- INFO-   步骤1: 调用get_symbols获取基础信息...
20260412 13:38:03- INFO-   get_symbols返回 5211 条记录
20260412 13:38:03- INFO-   过滤后剩余 5211 只股票(已剔除未上市/已退市)
20260412 13:38:03- INFO-   步骤2: 调用history批量获取数据...
20260412 13:38:03- INFO-   history批量返回 5211 条记录
20260412 13:38:03- INFO-   步骤3: 调用stk_get_daily_mktvalue_pt获取市值数据...
20260412 13:38:03- INFO-   stk_get_daily_mktvalue_pt返回 5211 条记录
20260412 13:38:03- INFO-   步骤4: 合并数据...
20260412 13:38:03- INFO-   数据合并完成,最终返回 5211 条记录, 18 个字段
20260412 13:38:03- INFO- ✓ 2025-04-18 数据获取成功: 5211 条
20260412 13:38:04- INFO- 开始获取 2025-04-21 的掘金全市场数据...
20260412 13:38:04- INFO-   步骤1: 调用get_symbols获取基础信息...
20260412 13:38:05- INFO-   get_symbols返回 5210 条记录
20260412 13:38:05- INFO-   过滤后剩余 5210 只股票(已剔除未上市/已退市)
20260412 13:38:05- INFO-   步骤2: 调用history批量获取数据...
20260412 13:38:05- INFO-   history批量返回 5210 条记录
20260412 13:38:05- INFO-   步骤3: 调用stk_get_daily_mktvalue_pt获取市值数据...
20260412 13:38:06- INFO-   stk_get_daily_mktvalue_pt返回 5210 条记录
20260412 13:38:06- INFO-   步骤4: 合并数据...
20260412 13:38:06- INFO-   数据合并完成,最终返回 5210 条记录, 18 个字段
20260412 13:38:06- INFO- ✓ 2025-04-21 数据获取成功: 5210 条
20260412 13:38:06- INFO- 开始获取 2025-04-22 的掘金全市场数据...
20260412 13:38:06- INFO-   步骤1: 调用get_symbols获取基础信息...
20260412 13:38:07- INFO-   get_symbols返回 5209 条记录
20260412 13:38:07- INFO-   过滤后剩余 5209 只股票(已剔除未上市/已退市)
20260412 13:38:07- INFO-   步骤2: 调用history批量获取数据...
20260412 13:38:08- INFO-   history批量返回 5209 条记录
20260412 13:38:08- INFO-   步骤3: 调用stk_get_daily_mktvalue_pt获取市值数据...
20260412 13:38:08- INFO-   stk_get_daily_mktvalue_pt返回 5209 条记录
20260412 13:38:08- INFO-   步骤4: 合并数据...
20260412 13:38:08- INFO-   数据合并完成,最终返回 5209 条记录, 18 个字段
20260412 13:38:08- INFO- ✓ 2025-04-22 数据获取成功: 5209 条
20260412 13:38:09- INFO- 开始获取 2025-04-23 的掘金全市场数据...
20260412 13:38:09- INFO-   步骤1: 调用get_symbols获取基础信息...
20260412 13:38:10- INFO-   get_symbols返回 5211 条记录
20260412 13:38:10- INFO-   过滤后剩余 5211 只股票(已剔除未上市/已退市)
20260412 13:38:10- INFO-   步骤2: 调用history批量获取数据...
20260412 13:38:10- INFO-   history批量返回 5211 条记录
20260412 13:38:10- INFO-   步骤3: 调用stk_get_daily_mktvalue_pt获取市值数据...
20260412 13:38:11- INFO-   stk_get_daily_mktvalue_pt返回 5211 条记录
20260412 13:38:11- INFO-   步骤4: 合并数据...
20260412 13:38:11- INFO-   数据合并完成,最终返回 5211 条记录, 18 个字段
20260412 13:38:11- INFO- ✓ 2025-04-23 数据获取成功: 5211 条
20260412 13:38:11- INFO- 开始获取 2025-04-24 的掘金全市场数据...
20260412 13:38:11- INFO-   步骤1: 调用get_symbols获取基础信息...
20260412 13:38:12- INFO-   get_symbols返回 5210 条记录
20260412 13:38:12- INFO-   过滤后剩余 5210 只股票(已剔除未上市/已退市)
20260412 13:38:12- INFO-   步骤2: 调用history批量获取数据...
20260412 13:38:13- INFO-   history批量返回 5210 条记录
20260412 13:38:13- INFO-   步骤3: 调用stk_get_daily_mktvalue_pt获取市值数据...
20260412 13:38:13- INFO-   stk_get_daily_mktvalue_pt返回 5210 条记录
20260412 13:38:13- INFO-   步骤4: 合并数据...
20260412 13:38:13- INFO-   数据合并完成,最终返回 5210 条记录, 18 个字段
20260412 13:38:13- INFO- ✓ 2025-04-24 数据获取成功: 5210 条
20260412 13:38:14- INFO- 开始获取 2025-04-25 的掘金全市场数据...
20260412 13:38:14- INFO-   步骤1: 调用get_symbols获取基础信息...
20260412 13:38:15- INFO-   get_symbols返回 5210 条记录
20260412 13:38:15- INFO-   过滤后剩余 5210 只股票(已剔除未上市/已退市)
20260412 13:38:15- INFO-   步骤2: 调用history批量获取数据...
20260412 13:38:15- INFO-   history批量返回 5210 条记录
20260412 13:38:15- INFO-   步骤3: 调用stk_get_daily_mktvalue_pt获取市值数据...
20260412 13:38:15- INFO-   stk_get_daily_mktvalue_pt返回 5210 条记录
20260412 13:38:15- INFO-   步骤4: 合并数据...
20260412 13:38:16- INFO-   数据合并完成,最终返回 5210 条记录, 18 个字段
20260412 13:38:16- INFO- ✓ 2025-04-25 数据获取成功: 5210 条
20260412 13:38:16- INFO- 开始获取 2025-04-28 的掘金全市场数据...
20260412 13:38:16- INFO-   步骤1: 调用get_symbols获取基础信息...
20260412 13:38:17- INFO-   get_symbols返回 5204 条记录
20260412 13:38:17- INFO-   过滤后剩余 5204 只股票(已剔除未上市/已退市)
20260412 13:38:17- INFO-   步骤2: 调用history批量获取数据...
20260412 13:38:18- INFO-   history批量返回 5204 条记录
20260412 13:38:18- INFO-   步骤3: 调用stk_get_daily_mktvalue_pt获取市值数据...
20260412 13:38:18- INFO-   stk_get_daily_mktvalue_pt返回 5204 条记录
20260412 13:38:18- INFO-   步骤4: 合并数据...
20260412 13:38:18- INFO-   数据合并完成,最终返回 5204 条记录, 18 个字段
20260412 13:38:18- INFO- ✓ 2025-04-28 数据获取成功: 5204 条
20260412 13:38:18- INFO- 开始获取 2025-04-29 的掘金全市场数据...
20260412 13:38:18- INFO-   步骤1: 调用get_symbols获取基础信息...
20260412 13:38:20- INFO-   get_symbols返回 5178 条记录
20260412 13:38:20- INFO-   过滤后剩余 5178 只股票(已剔除未上市/已退市)
20260412 13:38:20- INFO-   步骤2: 调用history批量获取数据...
20260412 13:38:20- INFO-   history批量返回 5178 条记录
20260412 13:38:20- INFO-   步骤3: 调用stk_get_daily_mktvalue_pt获取市值数据...
20260412 13:38:20- INFO-   stk_get_daily_mktvalue_pt返回 5178 条记录
20260412 13:38:20- INFO-   步骤4: 合并数据...
20260412 13:38:20- INFO-   数据合并完成,最终返回 5178 条记录, 18 个字段
20260412 13:38:20- INFO- ✓ 2025-04-29 数据获取成功: 5178 条
20260412 13:38:21- INFO- 开始获取 2025-04-30 的掘金全市场数据...
20260412 13:38:21- INFO-   步骤1: 调用get_symbols获取基础信息...
20260412 13:38:22- INFO-   get_symbols返回 5178 条记录
20260412 13:38:22- INFO-   过滤后剩余 5178 只股票(已剔除未上市/已退市)
20260412 13:38:22- INFO-   步骤2: 调用history批量获取数据...
20260412 13:38:22- INFO-   history批量返回 5178 条记录
20260412 13:38:22- INFO-   步骤3: 调用stk_get_daily_mktvalue_pt获取市值数据...
20260412 13:38:23- INFO-   stk_get_daily_mktvalue_pt返回 5178 条记录
20260412 13:38:23- INFO-   步骤4: 合并数据...
20260412 13:38:23- INFO-   数据合并完成,最终返回 5178 条记录, 18 个字段
20260412 13:38:23- INFO- ✓ 2025-04-30 数据获取成功: 5178 条
20260412 13:38:23- INFO- 开始获取 2025-05-01 的掘金全市场数据...
20260412 13:38:23- INFO-   步骤1: 调用get_symbols获取基础信息...
20260412 13:38:24- WARNING- 2025-05-01 get_symbols返回空数据
20260412 13:38:24- WARNING- ✗ 2025-05-01 无数据
20260412 13:38:24- INFO- 开始获取 2025-05-02 的掘金全市场数据...
20260412 13:38:24- INFO-   步骤1: 调用get_symbols获取基础信息...
20260412 13:38:24- WARNING- 2025-05-02 get_symbols返回空数据
20260412 13:38:24- WARNING- ✗ 2025-05-02 无数据
20260412 13:38:25- INFO- 开始获取 2025-05-05 的掘金全市场数据...
20260412 13:38:25- INFO-   步骤1: 调用get_symbols获取基础信息...
20260412 13:38:25- WARNING- 2025-05-05 get_symbols返回空数据
20260412 13:38:25- WARNING- ✗ 2025-05-05 无数据
20260412 13:38:26- INFO- 开始获取 2025-05-06 的掘金全市场数据...
20260412 13:38:26- INFO-   步骤1: 调用get_symbols获取基础信息...
20260412 13:38:27- INFO-   get_symbols返回 5203 条记录
20260412 13:38:27- INFO-   过滤后剩余 5203 只股票(已剔除未上市/已退市)
20260412 13:38:27- INFO-   步骤2: 调用history批量获取数据...
20260412 13:38:27- INFO-   history批量返回 5203 条记录
20260412 13:38:27- INFO-   步骤3: 调用stk_get_daily_mktvalue_pt获取市值数据...
20260412 13:38:28- INFO-   stk_get_daily_mktvalue_pt返回 5203 条记录
20260412 13:38:28- INFO-   步骤4: 合并数据...
20260412 13:38:28- INFO-   数据合并完成,最终返回 5203 条记录, 18 个字段
20260412 13:38:28- INFO- ✓ 2025-05-06 数据获取成功: 5203 条
20260412 13:38:28- INFO- 开始获取 2025-05-07 的掘金全市场数据...
20260412 13:38:28- INFO-   步骤1: 调用get_symbols获取基础信息...
20260412 13:38:29- INFO-   get_symbols返回 5205 条记录
20260412 13:38:29- INFO-   过滤后剩余 5205 只股票(已剔除未上市/已退市)
20260412 13:38:29- INFO-   步骤2: 调用history批量获取数据...
20260412 13:38:30- INFO-   history批量返回 5205 条记录
20260412 13:38:30- INFO-   步骤3: 调用stk_get_daily_mktvalue_pt获取市值数据...
20260412 13:38:30- INFO-   stk_get_daily_mktvalue_pt返回 5205 条记录
20260412 13:38:30- INFO-   步骤4: 合并数据...
20260412 13:38:30- INFO-   数据合并完成,最终返回 5205 条记录, 18 个字段
20260412 13:38:30- INFO- ✓ 2025-05-07 数据获取成功: 5205 条
20260412 13:38:31- INFO- 开始获取 2025-05-08 的掘金全市场数据...
20260412 13:38:31- INFO-   步骤1: 调用get_symbols获取基础信息...
20260412 13:38:32- INFO-   get_symbols返回 5206 条记录
20260412 13:38:32- INFO-   过滤后剩余 5206 只股票(已剔除未上市/已退市)
20260412 13:38:32- INFO-   步骤2: 调用history批量获取数据...
20260412 13:38:32- INFO-   history批量返回 5206 条记录
20260412 13:38:32- INFO-   步骤3: 调用stk_get_daily_mktvalue_pt获取市值数据...
20260412 13:38:33- INFO-   stk_get_daily_mktvalue_pt返回 5206 条记录
20260412 13:38:33- INFO-   步骤4: 合并数据...
20260412 13:38:33- INFO-   数据合并完成,最终返回 5206 条记录, 18 个字段
20260412 13:38:33- INFO- ✓ 2025-05-08 数据获取成功: 5206 条
20260412 13:38:33- INFO- 开始获取 2025-05-09 的掘金全市场数据...
20260412 13:38:33- INFO-   步骤1: 调用get_symbols获取基础信息...
20260412 13:38:34- INFO-   get_symbols返回 5206 条记录
20260412 13:38:34- INFO-   过滤后剩余 5206 只股票(已剔除未上市/已退市)
20260412 13:38:34- INFO-   步骤2: 调用history批量获取数据...
20260412 13:38:34- INFO-   history批量返回 5206 条记录
20260412 13:38:34- INFO-   步骤3: 调用stk_get_daily_mktvalue_pt获取市值数据...
20260412 13:38:35- INFO-   stk_get_daily_mktvalue_pt返回 5206 条记录
20260412 13:38:35- INFO-   步骤4: 合并数据...
20260412 13:38:35- INFO-   数据合并完成,最终返回 5206 条记录, 18 个字段
20260412 13:38:35- INFO- ✓ 2025-05-09 数据获取成功: 5206 条
20260412 13:38:35- INFO- 开始获取 2025-05-12 的掘金全市场数据...
20260412 13:38:35- INFO-   步骤1: 调用get_symbols获取基础信息...
20260412 13:38:36- INFO-   get_symbols返回 5206 条记录
20260412 13:38:36- INFO-   过滤后剩余 5206 只股票(已剔除未上市/已退市)
20260412 13:38:36- INFO-   步骤2: 调用history批量获取数据...
20260412 13:38:37- INFO-   history批量返回 5206 条记录
20260412 13:38:37- INFO-   步骤3: 调用stk_get_daily_mktvalue_pt获取市值数据...
20260412 13:38:37- INFO-   stk_get_daily_mktvalue_pt返回 5206 条记录
20260412 13:38:37- INFO-   步骤4: 合并数据...
20260412 13:38:37- INFO-   数据合并完成,最终返回 5206 条记录, 18 个字段
20260412 13:38:37- INFO- ✓ 2025-05-12 数据获取成功: 5206 条
20260412 13:38:38- INFO- 开始获取 2025-05-13 的掘金全市场数据...
20260412 13:38:38- INFO-   步骤1: 调用get_symbols获取基础信息...
20260412 13:38:39- INFO-   get_symbols返回 5207 条记录
20260412 13:38:39- INFO-   过滤后剩余 5207 只股票(已剔除未上市/已退市)
20260412 13:38:39- INFO-   步骤2: 调用history批量获取数据...
20260412 13:38:39- INFO-   history批量返回 5207 条记录
20260412 13:38:39- INFO-   步骤3: 调用stk_get_daily_mktvalue_pt获取市值数据...
20260412 13:38:40- INFO-   stk_get_daily_mktvalue_pt返回 5207 条记录
20260412 13:38:40- INFO-   步骤4: 合并数据...
20260412 13:38:40- INFO-   数据合并完成,最终返回 5207 条记录, 18 个字段
20260412 13:38:40- INFO- ✓ 2025-05-13 数据获取成功: 5207 条
20260412 13:38:40- INFO- 开始获取 2025-05-14 的掘金全市场数据...
20260412 13:38:40- INFO-   步骤1: 调用get_symbols获取基础信息...
20260412 13:38:41- INFO-   get_symbols返回 5207 条记录
20260412 13:38:41- INFO-   过滤后剩余 5207 只股票(已剔除未上市/已退市)
20260412 13:38:41- INFO-   步骤2: 调用history批量获取数据...
20260412 13:38:42- INFO-   history批量返回 5207 条记录
20260412 13:38:42- INFO-   步骤3: 调用stk_get_daily_mktvalue_pt获取市值数据...
20260412 13:38:42- INFO-   stk_get_daily_mktvalue_pt返回 5207 条记录
20260412 13:38:42- INFO-   步骤4: 合并数据...
20260412 13:38:42- INFO-   数据合并完成,最终返回 5207 条记录, 18 个字段
20260412 13:38:42- INFO- ✓ 2025-05-14 数据获取成功: 5207 条
20260412 13:38:43- INFO- 开始获取 2025-05-15 的掘金全市场数据...
20260412 13:38:43- INFO-   步骤1: 调用get_symbols获取基础信息...
20260412 13:38:44- INFO-   get_symbols返回 5206 条记录
20260412 13:38:44- INFO-   过滤后剩余 5206 只股票(已剔除未上市/已退市)
20260412 13:38:44- INFO-   步骤2: 调用history批量获取数据...
20260412 13:38:44- INFO-   history批量返回 5206 条记录
20260412 13:38:44- INFO-   步骤3: 调用stk_get_daily_mktvalue_pt获取市值数据...
20260412 13:38:44- INFO-   stk_get_daily_mktvalue_pt返回 5206 条记录
20260412 13:38:44- INFO-   步骤4: 合并数据...
20260412 13:38:44- INFO-   数据合并完成,最终返回 5206 条记录, 18 个字段
20260412 13:38:44- INFO- ✓ 2025-05-15 数据获取成功: 5206 条
20260412 13:38:45- INFO- 开始获取 2025-05-16 的掘金全市场数据...
20260412 13:38:45- INFO-   步骤1: 调用get_symbols获取基础信息...
20260412 13:38:46- INFO-   get_symbols返回 5207 条记录
20260412 13:38:46- INFO-   过滤后剩余 5207 只股票(已剔除未上市/已退市)
20260412 13:38:46- INFO-   步骤2: 调用history批量获取数据...
20260412 13:38:46- INFO-   history批量返回 5207 条记录
20260412 13:38:46- INFO-   步骤3: 调用stk_get_daily_mktvalue_pt获取市值数据...
20260412 13:38:47- INFO-   stk_get_daily_mktvalue_pt返回 5207 条记录
20260412 13:38:47- INFO-   步骤4: 合并数据...
20260412 13:38:47- INFO-   数据合并完成,最终返回 5207 条记录, 18 个字段
20260412 13:38:47- INFO- ✓ 2025-05-16 数据获取成功: 5207 条
20260412 13:38:47- INFO- 开始获取 2025-05-19 的掘金全市场数据...
20260412 13:38:47- INFO-   步骤1: 调用get_symbols获取基础信息...
20260412 13:38:49- INFO-   get_symbols返回 5204 条记录
20260412 13:38:49- INFO-   过滤后剩余 5204 只股票(已剔除未上市/已退市)
20260412 13:38:49- INFO-   步骤2: 调用history批量获取数据...
20260412 13:38:49- INFO-   history批量返回 5204 条记录
20260412 13:38:49- INFO-   步骤3: 调用stk_get_daily_mktvalue_pt获取市值数据...
20260412 13:38:49- INFO-   stk_get_daily_mktvalue_pt返回 5204 条记录
20260412 13:38:49- INFO-   步骤4: 合并数据...
20260412 13:38:50- INFO-   数据合并完成,最终返回 5204 条记录, 18 个字段
20260412 13:38:50- INFO- ✓ 2025-05-19 数据获取成功: 5204 条
20260412 13:38:50- INFO- 开始获取 2025-05-20 的掘金全市场数据...
20260412 13:38:50- INFO-   步骤1: 调用get_symbols获取基础信息...
20260412 13:38:51- INFO-   get_symbols返回 5210 条记录
20260412 13:38:51- INFO-   过滤后剩余 5210 只股票(已剔除未上市/已退市)
20260412 13:38:51- INFO-   步骤2: 调用history批量获取数据...
20260412 13:38:52- INFO-   history批量返回 5210 条记录
20260412 13:38:52- INFO-   步骤3: 调用stk_get_daily_mktvalue_pt获取市值数据...
20260412 13:38:52- INFO-   stk_get_daily_mktvalue_pt返回 5210 条记录
20260412 13:38:52- INFO-   步骤4: 合并数据...
20260412 13:38:52- INFO-   数据合并完成,最终返回 5210 条记录, 18 个字段
20260412 13:38:52- INFO- ✓ 2025-05-20 数据获取成功: 5210 条
20260412 13:38:53- INFO- 开始获取 2025-05-21 的掘金全市场数据...
20260412 13:38:53- INFO-   步骤1: 调用get_symbols获取基础信息...
20260412 13:38:54- INFO-   get_symbols返回 5206 条记录
20260412 13:38:54- INFO-   过滤后剩余 5206 只股票(已剔除未上市/已退市)
20260412 13:38:54- INFO-   步骤2: 调用history批量获取数据...
20260412 13:38:54- INFO-   history批量返回 5206 条记录
20260412 13:38:54- INFO-   步骤3: 调用stk_get_daily_mktvalue_pt获取市值数据...
20260412 13:38:55- INFO-   stk_get_daily_mktvalue_pt返回 5206 条记录
20260412 13:38:55- INFO-   步骤4: 合并数据...
20260412 13:38:55- INFO-   数据合并完成,最终返回 5206 条记录, 18 个字段
20260412 13:38:55- INFO- ✓ 2025-05-21 数据获取成功: 5206 条
20260412 13:38:55- INFO- 开始获取 2025-05-22 的掘金全市场数据...
20260412 13:38:55- INFO-   步骤1: 调用get_symbols获取基础信息...
20260412 13:38:56- INFO-   get_symbols返回 5202 条记录
20260412 13:38:56- INFO-   过滤后剩余 5202 只股票(已剔除未上市/已退市)
20260412 13:38:56- INFO-   步骤2: 调用history批量获取数据...
20260412 13:38:57- INFO-   history批量返回 5202 条记录
20260412 13:38:57- INFO-   步骤3: 调用stk_get_daily_mktvalue_pt获取市值数据...
20260412 13:38:57- INFO-   stk_get_daily_mktvalue_pt返回 5202 条记录
20260412 13:38:57- INFO-   步骤4: 合并数据...
20260412 13:38:57- INFO-   数据合并完成,最终返回 5202 条记录, 18 个字段
20260412 13:38:57- INFO- ✓ 2025-05-22 数据获取成功: 5202 条
20260412 13:38:58- INFO- 开始获取 2025-05-23 的掘金全市场数据...
20260412 13:38:58- INFO-   步骤1: 调用get_symbols获取基础信息...
20260412 13:38:59- INFO-   get_symbols返回 5204 条记录
20260412 13:38:59- INFO-   过滤后剩余 5204 只股票(已剔除未上市/已退市)
20260412 13:38:59- INFO-   步骤2: 调用history批量获取数据...
20260412 13:38:59- INFO-   history批量返回 5204 条记录
20260412 13:38:59- INFO-   步骤3: 调用stk_get_daily_mktvalue_pt获取市值数据...
20260412 13:38:59- INFO-   stk_get_daily_mktvalue_pt返回 5204 条记录
20260412 13:38:59- INFO-   步骤4: 合并数据...
20260412 13:38:59- INFO-   数据合并完成,最终返回 5204 条记录, 18 个字段
20260412 13:38:59- INFO- ✓ 2025-05-23 数据获取成功: 5204 条
20260412 13:39:00- INFO- 开始获取 2025-05-26 的掘金全市场数据...
20260412 13:39:00- INFO-   步骤1: 调用get_symbols获取基础信息...
20260412 13:39:01- INFO-   get_symbols返回 5202 条记录
20260412 13:39:01- INFO-   过滤后剩余 5202 只股票(已剔除未上市/已退市)
20260412 13:39:01- INFO-   步骤2: 调用history批量获取数据...
20260412 13:39:01- INFO-   history批量返回 5202 条记录
20260412 13:39:01- INFO-   步骤3: 调用stk_get_daily_mktvalue_pt获取市值数据...
20260412 13:39:02- INFO-   stk_get_daily_mktvalue_pt返回 5202 条记录
20260412 13:39:02- INFO-   步骤4: 合并数据...
20260412 13:39:02- INFO-   数据合并完成,最终返回 5202 条记录, 18 个字段
20260412 13:39:02- INFO- ✓ 2025-05-26 数据获取成功: 5202 条
20260412 13:39:02- INFO- 开始获取 2025-05-27 的掘金全市场数据...
20260412 13:39:02- INFO-   步骤1: 调用get_symbols获取基础信息...
20260412 13:39:04- INFO-   get_symbols返回 5202 条记录
20260412 13:39:04- INFO-   过滤后剩余 5202 只股票(已剔除未上市/已退市)
20260412 13:39:04- INFO-   步骤2: 调用history批量获取数据...
20260412 13:39:04- INFO-   history批量返回 5202 条记录
20260412 13:39:04- INFO-   步骤3: 调用stk_get_daily_mktvalue_pt获取市值数据...
20260412 13:39:04- INFO-   stk_get_daily_mktvalue_pt返回 5202 条记录
20260412 13:39:04- INFO-   步骤4: 合并数据...
20260412 13:39:04- INFO-   数据合并完成,最终返回 5202 条记录, 18 个字段
20260412 13:39:04- INFO- ✓ 2025-05-27 数据获取成功: 5202 条
20260412 13:39:05- INFO- 开始获取 2025-05-28 的掘金全市场数据...
20260412 13:39:05- INFO-   步骤1: 调用get_symbols获取基础信息...
20260412 13:39:06- INFO-   get_symbols返回 5200 条记录
20260412 13:39:06- INFO-   过滤后剩余 5200 只股票(已剔除未上市/已退市)
20260412 13:39:06- INFO-   步骤2: 调用history批量获取数据...
20260412 13:39:06- INFO-   history批量返回 5200 条记录
20260412 13:39:06- INFO-   步骤3: 调用stk_get_daily_mktvalue_pt获取市值数据...
20260412 13:39:07- INFO-   stk_get_daily_mktvalue_pt返回 5200 条记录
20260412 13:39:07- INFO-   步骤4: 合并数据...
20260412 13:39:07- INFO-   数据合并完成,最终返回 5200 条记录, 18 个字段
20260412 13:39:07- INFO- ✓ 2025-05-28 数据获取成功: 5200 条
20260412 13:39:07- INFO- 开始获取 2025-05-29 的掘金全市场数据...
20260412 13:39:07- INFO-   步骤1: 调用get_symbols获取基础信息...
20260412 13:39:09- INFO-   get_symbols返回 5203 条记录
20260412 13:39:09- INFO-   过滤后剩余 5203 只股票(已剔除未上市/已退市)
20260412 13:39:09- INFO-   步骤2: 调用history批量获取数据...
20260412 13:39:09- INFO-   history批量返回 5203 条记录
20260412 13:39:09- INFO-   步骤3: 调用stk_get_daily_mktvalue_pt获取市值数据...
20260412 13:39:09- INFO-   stk_get_daily_mktvalue_pt返回 5203 条记录
20260412 13:39:09- INFO-   步骤4: 合并数据...
20260412 13:39:09- INFO-   数据合并完成,最终返回 5203 条记录, 18 个字段
20260412 13:39:09- INFO- ✓ 2025-05-29 数据获取成功: 5203 条
20260412 13:39:10- INFO- 开始获取 2025-05-30 的掘金全市场数据...
20260412 13:39:10- INFO-   步骤1: 调用get_symbols获取基础信息...
20260412 13:39:11- INFO-   get_symbols返回 5200 条记录
20260412 13:39:11- INFO-   过滤后剩余 5200 只股票(已剔除未上市/已退市)
20260412 13:39:11- INFO-   步骤2: 调用history批量获取数据...
20260412 13:39:11- INFO-   history批量返回 5200 条记录
20260412 13:39:11- INFO-   步骤3: 调用stk_get_daily_mktvalue_pt获取市值数据...
20260412 13:39:12- INFO-   stk_get_daily_mktvalue_pt返回 5200 条记录
20260412 13:39:12- INFO-   步骤4: 合并数据...
20260412 13:39:12- INFO-   数据合并完成,最终返回 5200 条记录, 18 个字段
20260412 13:39:12- INFO- ✓ 2025-05-30 数据获取成功: 5200 条
20260412 13:39:12- INFO- 开始获取 2025-06-02 的掘金全市场数据...
20260412 13:39:12- INFO-   步骤1: 调用get_symbols获取基础信息...
20260412 13:39:12- WARNING- 2025-06-02 get_symbols返回空数据
20260412 13:39:12- WARNING- ✗ 2025-06-02 无数据
20260412 13:39:13- INFO- 开始获取 2025-06-03 的掘金全市场数据...
20260412 13:39:13- INFO-   步骤1: 调用get_symbols获取基础信息...
20260412 13:39:14- INFO-   get_symbols返回 5196 条记录
20260412 13:39:14- INFO-   过滤后剩余 5196 只股票(已剔除未上市/已退市)
20260412 13:39:14- INFO-   步骤2: 调用history批量获取数据...
20260412 13:39:14- INFO-   history批量返回 5196 条记录
20260412 13:39:14- INFO-   步骤3: 调用stk_get_daily_mktvalue_pt获取市值数据...
20260412 13:39:15- INFO-   stk_get_daily_mktvalue_pt返回 5196 条记录
20260412 13:39:15- INFO-   步骤4: 合并数据...
20260412 13:39:15- INFO-   数据合并完成,最终返回 5196 条记录, 18 个字段
20260412 13:39:15- INFO- ✓ 2025-06-03 数据获取成功: 5196 条
20260412 13:39:15- INFO- 开始获取 2025-06-04 的掘金全市场数据...
20260412 13:39:15- INFO-   步骤1: 调用get_symbols获取基础信息...
20260412 13:39:16- INFO-   get_symbols返回 5202 条记录
20260412 13:39:16- INFO-   过滤后剩余 5202 只股票(已剔除未上市/已退市)
20260412 13:39:16- INFO-   步骤2: 调用history批量获取数据...
20260412 13:39:17- INFO-   history批量返回 5202 条记录
20260412 13:39:17- INFO-   步骤3: 调用stk_get_daily_mktvalue_pt获取市值数据...
20260412 13:39:17- INFO-   stk_get_daily_mktvalue_pt返回 5202 条记录
20260412 13:39:17- INFO-   步骤4: 合并数据...
20260412 13:39:17- INFO-   数据合并完成,最终返回 5202 条记录, 18 个字段
20260412 13:39:17- INFO- ✓ 2025-06-04 数据获取成功: 5202 条
20260412 13:39:18- INFO- 开始获取 2025-06-05 的掘金全市场数据...
20260412 13:39:18- INFO-   步骤1: 调用get_symbols获取基础信息...
20260412 13:39:19- INFO-   get_symbols返回 5204 条记录
20260412 13:39:19- INFO-   过滤后剩余 5204 只股票(已剔除未上市/已退市)
20260412 13:39:19- INFO-   步骤2: 调用history批量获取数据...
20260412 13:39:19- INFO-   history批量返回 5204 条记录
20260412 13:39:19- INFO-   步骤3: 调用stk_get_daily_mktvalue_pt获取市值数据...
20260412 13:39:20- INFO-   stk_get_daily_mktvalue_pt返回 5204 条记录
20260412 13:39:20- INFO-   步骤4: 合并数据...
20260412 13:39:20- INFO-   数据合并完成,最终返回 5204 条记录, 18 个字段
20260412 13:39:20- INFO- ✓ 2025-06-05 数据获取成功: 5204 条
20260412 13:39:20- INFO- 开始获取 2025-06-06 的掘金全市场数据...
20260412 13:39:20- INFO-   步骤1: 调用get_symbols获取基础信息...
20260412 13:39:21- INFO-   get_symbols返回 5207 条记录
20260412 13:39:21- INFO-   过滤后剩余 5207 只股票(已剔除未上市/已退市)
20260412 13:39:21- INFO-   步骤2: 调用history批量获取数据...
20260412 13:39:21- INFO-   history批量返回 5207 条记录
20260412 13:39:21- INFO-   步骤3: 调用stk_get_daily_mktvalue_pt获取市值数据...
20260412 13:39:22- INFO-   stk_get_daily_mktvalue_pt返回 5207 条记录
20260412 13:39:22- INFO-   步骤4: 合并数据...
20260412 13:39:22- INFO-   数据合并完成,最终返回 5207 条记录, 18 个字段
20260412 13:39:22- INFO- ✓ 2025-06-06 数据获取成功: 5207 条
20260412 13:39:22- INFO- 开始获取 2025-06-09 的掘金全市场数据...
20260412 13:39:22- INFO-   步骤1: 调用get_symbols获取基础信息...
20260412 13:39:23- INFO-   get_symbols返回 5203 条记录
20260412 13:39:23- INFO-   过滤后剩余 5203 只股票(已剔除未上市/已退市)
20260412 13:39:23- INFO-   步骤2: 调用history批量获取数据...
20260412 13:39:24- INFO-   history批量返回 5203 条记录
20260412 13:39:24- INFO-   步骤3: 调用stk_get_daily_mktvalue_pt获取市值数据...
20260412 13:39:24- INFO-   stk_get_daily_mktvalue_pt返回 5203 条记录
20260412 13:39:24- INFO-   步骤4: 合并数据...
20260412 13:39:24- INFO-   数据合并完成,最终返回 5203 条记录, 18 个字段
20260412 13:39:24- INFO- ✓ 2025-06-09 数据获取成功: 5203 条
20260412 13:39:25- INFO- 开始获取 2025-06-10 的掘金全市场数据...
20260412 13:39:25- INFO-   步骤1: 调用get_symbols获取基础信息...
20260412 13:39:26- INFO-   get_symbols返回 5208 条记录
20260412 13:39:26- INFO-   过滤后剩余 5208 只股票(已剔除未上市/已退市)
20260412 13:39:26- INFO-   步骤2: 调用history批量获取数据...
20260412 13:39:26- INFO-   history批量返回 5208 条记录
20260412 13:39:26- INFO-   步骤3: 调用stk_get_daily_mktvalue_pt获取市值数据...
20260412 13:39:27- INFO-   stk_get_daily_mktvalue_pt返回 5208 条记录
20260412 13:39:27- INFO-   步骤4: 合并数据...
20260412 13:39:27- INFO-   数据合并完成,最终返回 5208 条记录, 18 个字段
20260412 13:39:27- INFO- ✓ 2025-06-10 数据获取成功: 5208 条
20260412 13:39:27- INFO- 开始获取 2025-06-11 的掘金全市场数据...
20260412 13:39:27- INFO-   步骤1: 调用get_symbols获取基础信息...
20260412 13:39:28- INFO-   get_symbols返回 5211 条记录
20260412 13:39:28- INFO-   过滤后剩余 5211 只股票(已剔除未上市/已退市)
20260412 13:39:28- INFO-   步骤2: 调用history批量获取数据...
20260412 13:39:29- INFO-   history批量返回 5211 条记录
20260412 13:39:29- INFO-   步骤3: 调用stk_get_daily_mktvalue_pt获取市值数据...
20260412 13:39:29- INFO-   stk_get_daily_mktvalue_pt返回 5211 条记录
20260412 13:39:29- INFO-   步骤4: 合并数据...
20260412 13:39:29- INFO-   数据合并完成,最终返回 5211 条记录, 18 个字段
20260412 13:39:29- INFO- ✓ 2025-06-11 数据获取成功: 5211 条
20260412 13:39:29- INFO- 开始获取 2025-06-12 的掘金全市场数据...
20260412 13:39:29- INFO-   步骤1: 调用get_symbols获取基础信息...
20260412 13:39:31- INFO-   get_symbols返回 5211 条记录
20260412 13:39:31- INFO-   过滤后剩余 5211 只股票(已剔除未上市/已退市)
20260412 13:39:31- INFO-   步骤2: 调用history批量获取数据...
20260412 13:39:31- INFO-   history批量返回 5211 条记录
20260412 13:39:31- INFO-   步骤3: 调用stk_get_daily_mktvalue_pt获取市值数据...
20260412 13:39:31- INFO-   stk_get_daily_mktvalue_pt返回 5211 条记录
20260412 13:39:31- INFO-   步骤4: 合并数据...
20260412 13:39:31- INFO-   数据合并完成,最终返回 5211 条记录, 18 个字段
20260412 13:39:31- INFO- ✓ 2025-06-12 数据获取成功: 5211 条
20260412 13:39:32- INFO- 开始获取 2025-06-13 的掘金全市场数据...
20260412 13:39:32- INFO-   步骤1: 调用get_symbols获取基础信息...
20260412 13:39:33- INFO-   get_symbols返回 5211 条记录
20260412 13:39:33- INFO-   过滤后剩余 5211 只股票(已剔除未上市/已退市)
20260412 13:39:33- INFO-   步骤2: 调用history批量获取数据...
20260412 13:39:33- INFO-   history批量返回 5210 条记录
20260412 13:39:33- INFO-   步骤3: 调用stk_get_daily_mktvalue_pt获取市值数据...
20260412 13:39:34- INFO-   stk_get_daily_mktvalue_pt返回 5211 条记录
20260412 13:39:34- INFO-   步骤4: 合并数据...
20260412 13:39:34- INFO-   数据合并完成,最终返回 5211 条记录, 18 个字段
20260412 13:39:34- INFO- ✓ 2025-06-13 数据获取成功: 5211 条
20260412 13:39:34- INFO- 开始获取 2025-06-16 的掘金全市场数据...
20260412 13:39:34- INFO-   步骤1: 调用get_symbols获取基础信息...
20260412 13:39:35- INFO-   get_symbols返回 5214 条记录
20260412 13:39:35- INFO-   过滤后剩余 5214 只股票(已剔除未上市/已退市)
20260412 13:39:35- INFO-   步骤2: 调用history批量获取数据...
20260412 13:39:36- INFO-   history批量返回 5214 条记录
20260412 13:39:36- INFO-   步骤3: 调用stk_get_daily_mktvalue_pt获取市值数据...
20260412 13:39:36- INFO-   stk_get_daily_mktvalue_pt返回 5214 条记录
20260412 13:39:36- INFO-   步骤4: 合并数据...
20260412 13:39:36- INFO-   数据合并完成,最终返回 5214 条记录, 18 个字段
20260412 13:39:36- INFO- ✓ 2025-06-16 数据获取成功: 5214 条
20260412 13:39:36- INFO- 开始获取 2025-06-17 的掘金全市场数据...
20260412 13:39:36- INFO-   步骤1: 调用get_symbols获取基础信息...
20260412 13:39:38- INFO-   get_symbols返回 5219 条记录
20260412 13:39:38- INFO-   过滤后剩余 5219 只股票(已剔除未上市/已退市)
20260412 13:39:38- INFO-   步骤2: 调用history批量获取数据...
20260412 13:39:38- INFO-   history批量返回 5219 条记录
20260412 13:39:38- INFO-   步骤3: 调用stk_get_daily_mktvalue_pt获取市值数据...
20260412 13:39:38- INFO-   stk_get_daily_mktvalue_pt返回 5219 条记录
20260412 13:39:38- INFO-   步骤4: 合并数据...
20260412 13:39:38- INFO-   数据合并完成,最终返回 5219 条记录, 18 个字段
20260412 13:39:38- INFO- ✓ 2025-06-17 数据获取成功: 5219 条
20260412 13:39:39- INFO- 开始获取 2025-06-18 的掘金全市场数据...
20260412 13:39:39- INFO-   步骤1: 调用get_symbols获取基础信息...
20260412 13:39:40- INFO-   get_symbols返回 5219 条记录
20260412 13:39:40- INFO-   过滤后剩余 5219 只股票(已剔除未上市/已退市)
20260412 13:39:40- INFO-   步骤2: 调用history批量获取数据...
20260412 13:39:40- INFO-   history批量返回 5219 条记录
20260412 13:39:40- INFO-   步骤3: 调用stk_get_daily_mktvalue_pt获取市值数据...
20260412 13:39:41- INFO-   stk_get_daily_mktvalue_pt返回 5219 条记录
20260412 13:39:41- INFO-   步骤4: 合并数据...
20260412 13:39:41- INFO-   数据合并完成,最终返回 5219 条记录, 18 个字段
20260412 13:39:41- INFO- ✓ 2025-06-18 数据获取成功: 5219 条
20260412 13:39:41- INFO- 开始获取 2025-06-19 的掘金全市场数据...
20260412 13:39:41- INFO-   步骤1: 调用get_symbols获取基础信息...
20260412 13:39:42- INFO-   get_symbols返回 5218 条记录
20260412 13:39:42- INFO-   过滤后剩余 5218 只股票(已剔除未上市/已退市)
20260412 13:39:42- INFO-   步骤2: 调用history批量获取数据...
20260412 13:39:43- INFO-   history批量返回 5218 条记录
20260412 13:39:43- INFO-   步骤3: 调用stk_get_daily_mktvalue_pt获取市值数据...
20260412 13:39:43- INFO-   stk_get_daily_mktvalue_pt返回 5218 条记录
20260412 13:39:43- INFO-   步骤4: 合并数据...
20260412 13:39:43- INFO-   数据合并完成,最终返回 5218 条记录, 18 个字段
20260412 13:39:43- INFO- ✓ 2025-06-19 数据获取成功: 5218 条
20260412 13:39:44- INFO- 开始获取 2025-06-20 的掘金全市场数据...
20260412 13:39:44- INFO-   步骤1: 调用get_symbols获取基础信息...
20260412 13:39:45- INFO-   get_symbols返回 5220 条记录
20260412 13:39:45- INFO-   过滤后剩余 5220 只股票(已剔除未上市/已退市)
20260412 13:39:45- INFO-   步骤2: 调用history批量获取数据...
20260412 13:39:45- INFO-   history批量返回 5220 条记录
20260412 13:39:45- INFO-   步骤3: 调用stk_get_daily_mktvalue_pt获取市值数据...
20260412 13:39:45- INFO-   stk_get_daily_mktvalue_pt返回 5220 条记录
20260412 13:39:45- INFO-   步骤4: 合并数据...
20260412 13:39:45- INFO-   数据合并完成,最终返回 5220 条记录, 18 个字段
20260412 13:39:45- INFO- ✓ 2025-06-20 数据获取成功: 5220 条
20260412 13:39:46- INFO- 开始获取 2025-06-23 的掘金全市场数据...
20260412 13:39:46- INFO-   步骤1: 调用get_symbols获取基础信息...
20260412 13:39:47- INFO-   get_symbols返回 5215 条记录
20260412 13:39:47- INFO-   过滤后剩余 5215 只股票(已剔除未上市/已退市)
20260412 13:39:47- INFO-   步骤2: 调用history批量获取数据...
20260412 13:39:47- INFO-   history批量返回 5215 条记录
20260412 13:39:47- INFO-   步骤3: 调用stk_get_daily_mktvalue_pt获取市值数据...
20260412 13:39:48- INFO-   stk_get_daily_mktvalue_pt返回 5215 条记录
20260412 13:39:48- INFO-   步骤4: 合并数据...
20260412 13:39:48- INFO-   数据合并完成,最终返回 5215 条记录, 18 个字段
20260412 13:39:48- INFO- ✓ 2025-06-23 数据获取成功: 5215 条
20260412 13:39:48- INFO- 开始获取 2025-06-24 的掘金全市场数据...
20260412 13:39:48- INFO-   步骤1: 调用get_symbols获取基础信息...
20260412 13:39:49- INFO-   get_symbols返回 5219 条记录
20260412 13:39:49- INFO-   过滤后剩余 5219 只股票(已剔除未上市/已退市)
20260412 13:39:49- INFO-   步骤2: 调用history批量获取数据...
20260412 13:39:50- INFO-   history批量返回 5219 条记录
20260412 13:39:50- INFO-   步骤3: 调用stk_get_daily_mktvalue_pt获取市值数据...
20260412 13:39:50- INFO-   stk_get_daily_mktvalue_pt返回 5219 条记录
20260412 13:39:50- INFO-   步骤4: 合并数据...
20260412 13:39:50- INFO-   数据合并完成,最终返回 5219 条记录, 18 个字段
20260412 13:39:50- INFO- ✓ 2025-06-24 数据获取成功: 5219 条
20260412 13:39:51- INFO- 开始获取 2025-06-25 的掘金全市场数据...
20260412 13:39:51- INFO-   步骤1: 调用get_symbols获取基础信息...
20260412 13:39:52- INFO-   get_symbols返回 5220 条记录
20260412 13:39:52- INFO-   过滤后剩余 5220 只股票(已剔除未上市/已退市)
20260412 13:39:52- INFO-   步骤2: 调用history批量获取数据...
20260412 13:39:52- INFO-   history批量返回 5220 条记录
20260412 13:39:52- INFO-   步骤3: 调用stk_get_daily_mktvalue_pt获取市值数据...
20260412 13:39:53- INFO-   stk_get_daily_mktvalue_pt返回 5220 条记录
20260412 13:39:53- INFO-   步骤4: 合并数据...
20260412 13:39:53- INFO-   数据合并完成,最终返回 5220 条记录, 18 个字段
20260412 13:39:53- INFO- ✓ 2025-06-25 数据获取成功: 5220 条
20260412 13:39:53- INFO- 开始获取 2025-06-26 的掘金全市场数据...
20260412 13:39:53- INFO-   步骤1: 调用get_symbols获取基础信息...
20260412 13:39:54- INFO-   get_symbols返回 5222 条记录
20260412 13:39:54- INFO-   过滤后剩余 5222 只股票(已剔除未上市/已退市)
20260412 13:39:54- INFO-   步骤2: 调用history批量获取数据...
20260412 13:39:55- INFO-   history批量返回 5222 条记录
20260412 13:39:55- INFO-   步骤3: 调用stk_get_daily_mktvalue_pt获取市值数据...
20260412 13:39:55- INFO-   stk_get_daily_mktvalue_pt返回 5222 条记录
20260412 13:39:55- INFO-   步骤4: 合并数据...
20260412 13:39:55- INFO-   数据合并完成,最终返回 5222 条记录, 18 个字段
20260412 13:39:55- INFO- ✓ 2025-06-26 数据获取成功: 5222 条
20260412 13:39:56- INFO- 开始获取 2025-06-27 的掘金全市场数据...
20260412 13:39:56- INFO-   步骤1: 调用get_symbols获取基础信息...
20260412 13:39:57- INFO-   get_symbols返回 5219 条记录
20260412 13:39:57- INFO-   过滤后剩余 5218 只股票(已剔除未上市/已退市)
20260412 13:39:57- INFO-   步骤2: 调用history批量获取数据...
20260412 13:39:57- INFO-   history批量返回 5218 条记录
20260412 13:39:57- INFO-   步骤3: 调用stk_get_daily_mktvalue_pt获取市值数据...
20260412 13:39:57- INFO-   stk_get_daily_mktvalue_pt返回 5218 条记录
20260412 13:39:57- INFO-   步骤4: 合并数据...
20260412 13:39:57- INFO-   数据合并完成,最终返回 5218 条记录, 18 个字段
20260412 13:39:57- INFO- ✓ 2025-06-27 数据获取成功: 5218 条
20260412 13:39:58- INFO- 开始获取 2025-06-30 的掘金全市场数据...
20260412 13:39:58- INFO-   步骤1: 调用get_symbols获取基础信息...
20260412 13:39:59- INFO-   get_symbols返回 5219 条记录
20260412 13:39:59- INFO-   过滤后剩余 5219 只股票(已剔除未上市/已退市)
20260412 13:39:59- INFO-   步骤2: 调用history批量获取数据...
20260412 13:39:59- INFO-   history批量返回 5219 条记录
20260412 13:39:59- INFO-   步骤3: 调用stk_get_daily_mktvalue_pt获取市值数据...
20260412 13:40:00- INFO-   stk_get_daily_mktvalue_pt返回 5219 条记录
20260412 13:40:00- INFO-   步骤4: 合并数据...
20260412 13:40:00- INFO-   数据合并完成,最终返回 5219 条记录, 18 个字段
20260412 13:40:00- INFO- ✓ 2025-06-30 数据获取成功: 5219 条
20260412 13:40:00- INFO- 开始获取 2025-07-01 的掘金全市场数据...
20260412 13:40:00- INFO-   步骤1: 调用get_symbols获取基础信息...
20260412 13:40:01- INFO-   get_symbols返回 5218 条记录
20260412 13:40:01- INFO-   过滤后剩余 5218 只股票(已剔除未上市/已退市)
20260412 13:40:01- INFO-   步骤2: 调用history批量获取数据...
20260412 13:40:02- INFO-   history批量返回 5218 条记录
20260412 13:40:02- INFO-   步骤3: 调用stk_get_daily_mktvalue_pt获取市值数据...
20260412 13:40:02- INFO-   stk_get_daily_mktvalue_pt返回 5218 条记录
20260412 13:40:02- INFO-   步骤4: 合并数据...
20260412 13:40:02- INFO-   数据合并完成,最终返回 5218 条记录, 18 个字段
20260412 13:40:02- INFO- ✓ 2025-07-01 数据获取成功: 5218 条
20260412 13:40:03- INFO- 开始获取 2025-07-02 的掘金全市场数据...
20260412 13:40:03- INFO-   步骤1: 调用get_symbols获取基础信息...
20260412 13:40:04- INFO-   get_symbols返回 5217 条记录
20260412 13:40:04- INFO-   过滤后剩余 5217 只股票(已剔除未上市/已退市)
20260412 13:40:04- INFO-   步骤2: 调用history批量获取数据...
20260412 13:40:04- INFO-   history批量返回 5217 条记录
20260412 13:40:04- INFO-   步骤3: 调用stk_get_daily_mktvalue_pt获取市值数据...
20260412 13:40:04- INFO-   stk_get_daily_mktvalue_pt返回 5217 条记录
20260412 13:40:04- INFO-   步骤4: 合并数据...
20260412 13:40:05- INFO-   数据合并完成,最终返回 5217 条记录, 18 个字段
20260412 13:40:05- INFO- ✓ 2025-07-02 数据获取成功: 5217 条
20260412 13:40:05- INFO- 开始获取 2025-07-03 的掘金全市场数据...
20260412 13:40:05- INFO-   步骤1: 调用get_symbols获取基础信息...
20260412 13:40:06- INFO-   get_symbols返回 5219 条记录
20260412 13:40:06- INFO-   过滤后剩余 5217 只股票(已剔除未上市/已退市)
20260412 13:40:06- INFO-   步骤2: 调用history批量获取数据...
20260412 13:40:06- INFO-   history批量返回 5217 条记录
20260412 13:40:06- INFO-   步骤3: 调用stk_get_daily_mktvalue_pt获取市值数据...
20260412 13:40:07- INFO-   stk_get_daily_mktvalue_pt返回 5217 条记录
20260412 13:40:07- INFO-   步骤4: 合并数据...
20260412 13:40:07- INFO-   数据合并完成,最终返回 5217 条记录, 18 个字段
20260412 13:40:07- INFO- ✓ 2025-07-03 数据获取成功: 5217 条
20260412 13:40:07- INFO- 开始获取 2025-07-04 的掘金全市场数据...
20260412 13:40:07- INFO-   步骤1: 调用get_symbols获取基础信息...
20260412 13:40:09- INFO-   get_symbols返回 5220 条记录
20260412 13:40:09- INFO-   过滤后剩余 5218 只股票(已剔除未上市/已退市)
20260412 13:40:09- INFO-   步骤2: 调用history批量获取数据...
20260412 13:40:09- INFO-   history批量返回 5218 条记录
20260412 13:40:09- INFO-   步骤3: 调用stk_get_daily_mktvalue_pt获取市值数据...
20260412 13:40:09- INFO-   stk_get_daily_mktvalue_pt返回 5218 条记录
20260412 13:40:09- INFO-   步骤4: 合并数据...
20260412 13:40:09- INFO-   数据合并完成,最终返回 5218 条记录, 18 个字段
20260412 13:40:09- INFO- ✓ 2025-07-04 数据获取成功: 5218 条
20260412 13:40:10- INFO- 开始获取 2025-07-07 的掘金全市场数据...
20260412 13:40:10- INFO-   步骤1: 调用get_symbols获取基础信息...
20260412 13:40:11- INFO-   get_symbols返回 5218 条记录
20260412 13:40:11- INFO-   过滤后剩余 5218 只股票(已剔除未上市/已退市)
20260412 13:40:11- INFO-   步骤2: 调用history批量获取数据...
20260412 13:40:11- INFO-   history批量返回 5218 条记录
20260412 13:40:11- INFO-   步骤3: 调用stk_get_daily_mktvalue_pt获取市值数据...
20260412 13:40:12- INFO-   stk_get_daily_mktvalue_pt返回 5218 条记录
20260412 13:40:12- INFO-   步骤4: 合并数据...
20260412 13:40:12- INFO-   数据合并完成,最终返回 5218 条记录, 18 个字段
20260412 13:40:12- INFO- ✓ 2025-07-07 数据获取成功: 5218 条
20260412 13:40:12- INFO- 开始获取 2025-07-08 的掘金全市场数据...
20260412 13:40:12- INFO-   步骤1: 调用get_symbols获取基础信息...
20260412 13:40:13- INFO-   get_symbols返回 5218 条记录
20260412 13:40:13- INFO-   过滤后剩余 5218 只股票(已剔除未上市/已退市)
20260412 13:40:13- INFO-   步骤2: 调用history批量获取数据...
20260412 13:40:14- INFO-   history批量返回 5218 条记录
20260412 13:40:14- INFO-   步骤3: 调用stk_get_daily_mktvalue_pt获取市值数据...
20260412 13:40:14- INFO-   stk_get_daily_mktvalue_pt返回 5218 条记录
20260412 13:40:14- INFO-   步骤4: 合并数据...
20260412 13:40:14- INFO-   数据合并完成,最终返回 5218 条记录, 18 个字段
20260412 13:40:14- INFO- ✓ 2025-07-08 数据获取成功: 5218 条
20260412 13:40:14- INFO- 开始获取 2025-07-09 的掘金全市场数据...
20260412 13:40:14- INFO-   步骤1: 调用get_symbols获取基础信息...
20260412 13:40:16- INFO-   get_symbols返回 5221 条记录
20260412 13:40:16- INFO-   过滤后剩余 5221 只股票(已剔除未上市/已退市)
20260412 13:40:16- INFO-   步骤2: 调用history批量获取数据...
20260412 13:40:16- INFO-   history批量返回 5221 条记录
20260412 13:40:16- INFO-   步骤3: 调用stk_get_daily_mktvalue_pt获取市值数据...
20260412 13:40:16- INFO-   stk_get_daily_mktvalue_pt返回 5221 条记录
20260412 13:40:16- INFO-   步骤4: 合并数据...
20260412 13:40:16- INFO-   数据合并完成,最终返回 5221 条记录, 18 个字段
20260412 13:40:16- INFO- ✓ 2025-07-09 数据获取成功: 5221 条
20260412 13:40:17- INFO- 开始获取 2025-07-10 的掘金全市场数据...
20260412 13:40:17- INFO-   步骤1: 调用get_symbols获取基础信息...
20260412 13:40:18- INFO-   get_symbols返回 5221 条记录
20260412 13:40:18- INFO-   过滤后剩余 5221 只股票(已剔除未上市/已退市)
20260412 13:40:18- INFO-   步骤2: 调用history批量获取数据...
20260412 13:40:18- INFO-   history批量返回 5221 条记录
20260412 13:40:18- INFO-   步骤3: 调用stk_get_daily_mktvalue_pt获取市值数据...
20260412 13:40:19- INFO-   stk_get_daily_mktvalue_pt返回 5221 条记录
20260412 13:40:19- INFO-   步骤4: 合并数据...
20260412 13:40:19- INFO-   数据合并完成,最终返回 5221 条记录, 18 个字段
20260412 13:40:19- INFO- ✓ 2025-07-10 数据获取成功: 5221 条
20260412 13:40:19- INFO- 开始获取 2025-07-11 的掘金全市场数据...
20260412 13:40:19- INFO-   步骤1: 调用get_symbols获取基础信息...
20260412 13:40:20- INFO-   get_symbols返回 5226 条记录
20260412 13:40:20- INFO-   过滤后剩余 5224 只股票(已剔除未上市/已退市)
20260412 13:40:20- INFO-   步骤2: 调用history批量获取数据...
20260412 13:40:21- INFO-   history批量返回 5224 条记录
20260412 13:40:21- INFO-   步骤3: 调用stk_get_daily_mktvalue_pt获取市值数据...
20260412 13:40:21- INFO-   stk_get_daily_mktvalue_pt返回 5224 条记录
20260412 13:40:21- INFO-   步骤4: 合并数据...
20260412 13:40:21- INFO-   数据合并完成,最终返回 5224 条记录, 18 个字段
20260412 13:40:21- INFO- ✓ 2025-07-11 数据获取成功: 5224 条
20260412 13:40:22- INFO- 开始获取 2025-07-14 的掘金全市场数据...
20260412 13:40:22- INFO-   步骤1: 调用get_symbols获取基础信息...
20260412 13:40:23- INFO-   get_symbols返回 5221 条记录
20260412 13:40:23- INFO-   过滤后剩余 5221 只股票(已剔除未上市/已退市)
20260412 13:40:23- INFO-   步骤2: 调用history批量获取数据...
20260412 13:40:23- INFO-   history批量返回 5221 条记录
20260412 13:40:23- INFO-   步骤3: 调用stk_get_daily_mktvalue_pt获取市值数据...
20260412 13:40:23- INFO-   stk_get_daily_mktvalue_pt返回 5221 条记录
20260412 13:40:23- INFO-   步骤4: 合并数据...
20260412 13:40:23- INFO-   数据合并完成,最终返回 5221 条记录, 18 个字段
20260412 13:40:23- INFO- ✓ 2025-07-14 数据获取成功: 5221 条
20260412 13:40:24- INFO- 开始获取 2025-07-15 的掘金全市场数据...
20260412 13:40:24- INFO-   步骤1: 调用get_symbols获取基础信息...
20260412 13:40:25- INFO-   get_symbols返回 5221 条记录
20260412 13:40:25- INFO-   过滤后剩余 5221 只股票(已剔除未上市/已退市)
20260412 13:40:25- INFO-   步骤2: 调用history批量获取数据...
20260412 13:40:25- INFO-   history批量返回 5221 条记录
20260412 13:40:25- INFO-   步骤3: 调用stk_get_daily_mktvalue_pt获取市值数据...
20260412 13:40:26- INFO-   stk_get_daily_mktvalue_pt返回 5221 条记录
20260412 13:40:26- INFO-   步骤4: 合并数据...
20260412 13:40:26- INFO-   数据合并完成,最终返回 5221 条记录, 18 个字段
20260412 13:40:26- INFO- ✓ 2025-07-15 数据获取成功: 5221 条
20260412 13:40:26- INFO- 开始获取 2025-07-16 的掘金全市场数据...
20260412 13:40:26- INFO-   步骤1: 调用get_symbols获取基础信息...
20260412 13:40:28- INFO-   get_symbols返回 5221 条记录
20260412 13:40:28- INFO-   过滤后剩余 5220 只股票(已剔除未上市/已退市)
20260412 13:40:28- INFO-   步骤2: 调用history批量获取数据...
20260412 13:40:28- INFO-   history批量返回 5220 条记录
20260412 13:40:28- INFO-   步骤3: 调用stk_get_daily_mktvalue_pt获取市值数据...
20260412 13:40:28- INFO-   stk_get_daily_mktvalue_pt返回 5220 条记录
20260412 13:40:28- INFO-   步骤4: 合并数据...
20260412 13:40:28- INFO-   数据合并完成,最终返回 5220 条记录, 18 个字段
20260412 13:40:29- INFO- ✓ 2025-07-16 数据获取成功: 5220 条
20260412 13:40:29- INFO- 开始获取 2025-07-17 的掘金全市场数据...
20260412 13:40:29- INFO-   步骤1: 调用get_symbols获取基础信息...
20260412 13:40:30- INFO-   get_symbols返回 5221 条记录
20260412 13:40:30- INFO-   过滤后剩余 5221 只股票(已剔除未上市/已退市)
20260412 13:40:30- INFO-   步骤2: 调用history批量获取数据...
20260412 13:40:30- INFO-   history批量返回 5221 条记录
20260412 13:40:30- INFO-   步骤3: 调用stk_get_daily_mktvalue_pt获取市值数据...
20260412 13:40:31- INFO-   stk_get_daily_mktvalue_pt返回 5221 条记录
20260412 13:40:31- INFO-   步骤4: 合并数据...
20260412 13:40:31- INFO-   数据合并完成,最终返回 5221 条记录, 18 个字段
20260412 13:40:31- INFO- ✓ 2025-07-17 数据获取成功: 5221 条
20260412 13:40:31- INFO- 开始获取 2025-07-18 的掘金全市场数据...
20260412 13:40:31- INFO-   步骤1: 调用get_symbols获取基础信息...
20260412 13:40:32- INFO-   get_symbols返回 5220 条记录
20260412 13:40:33- INFO-   过滤后剩余 5220 只股票(已剔除未上市/已退市)
20260412 13:40:33- INFO-   步骤2: 调用history批量获取数据...
20260412 13:40:33- INFO-   history批量返回 5220 条记录
20260412 13:40:33- INFO-   步骤3: 调用stk_get_daily_mktvalue_pt获取市值数据...
20260412 13:40:33- INFO-   stk_get_daily_mktvalue_pt返回 5220 条记录
20260412 13:40:33- INFO-   步骤4: 合并数据...
20260412 13:40:33- INFO-   数据合并完成,最终返回 5220 条记录, 18 个字段
20260412 13:40:33- INFO- ✓ 2025-07-18 数据获取成功: 5220 条
20260412 13:40:34- INFO- 开始获取 2025-07-21 的掘金全市场数据...
20260412 13:40:34- INFO-   步骤1: 调用get_symbols获取基础信息...
20260412 13:40:35- INFO-   get_symbols返回 5219 条记录
20260412 13:40:35- INFO-   过滤后剩余 5217 只股票(已剔除未上市/已退市)
20260412 13:40:35- INFO-   步骤2: 调用history批量获取数据...
20260412 13:40:35- INFO-   history批量返回 5217 条记录
20260412 13:40:35- INFO-   步骤3: 调用stk_get_daily_mktvalue_pt获取市值数据...
20260412 13:40:36- INFO-   stk_get_daily_mktvalue_pt返回 5217 条记录
20260412 13:40:36- INFO-   步骤4: 合并数据...
20260412 13:40:36- INFO-   数据合并完成,最终返回 5217 条记录, 18 个字段
20260412 13:40:36- INFO- ✓ 2025-07-21 数据获取成功: 5217 条
20260412 13:40:36- INFO- 开始获取 2025-07-22 的掘金全市场数据...
20260412 13:40:36- INFO-   步骤1: 调用get_symbols获取基础信息...
20260412 13:40:37- INFO-   get_symbols返回 5215 条记录
20260412 13:40:37- INFO-   过滤后剩余 5215 只股票(已剔除未上市/已退市)
20260412 13:40:37- INFO-   步骤2: 调用history批量获取数据...
20260412 13:40:38- INFO-   history批量返回 5215 条记录
20260412 13:40:38- INFO-   步骤3: 调用stk_get_daily_mktvalue_pt获取市值数据...
20260412 13:40:38- INFO-   stk_get_daily_mktvalue_pt返回 5215 条记录
20260412 13:40:38- INFO-   步骤4: 合并数据...
20260412 13:40:38- INFO-   数据合并完成,最终返回 5215 条记录, 18 个字段
20260412 13:40:38- INFO- ✓ 2025-07-22 数据获取成功: 5215 条
20260412 13:40:39- INFO- 开始获取 2025-07-23 的掘金全市场数据...
20260412 13:40:39- INFO-   步骤1: 调用get_symbols获取基础信息...
20260412 13:40:40- INFO-   get_symbols返回 5219 条记录
20260412 13:40:40- INFO-   过滤后剩余 5219 只股票(已剔除未上市/已退市)
20260412 13:40:40- INFO-   步骤2: 调用history批量获取数据...
20260412 13:40:40- INFO-   history批量返回 5219 条记录
20260412 13:40:40- INFO-   步骤3: 调用stk_get_daily_mktvalue_pt获取市值数据...
20260412 13:40:40- INFO-   stk_get_daily_mktvalue_pt返回 5219 条记录
20260412 13:40:40- INFO-   步骤4: 合并数据...
20260412 13:40:40- INFO-   数据合并完成,最终返回 5219 条记录, 18 个字段
20260412 13:40:40- INFO- ✓ 2025-07-23 数据获取成功: 5219 条
20260412 13:40:41- INFO- 开始获取 2025-07-24 的掘金全市场数据...
20260412 13:40:41- INFO-   步骤1: 调用get_symbols获取基础信息...
20260412 13:40:42- INFO-   get_symbols返回 5218 条记录
20260412 13:40:42- INFO-   过滤后剩余 5218 只股票(已剔除未上市/已退市)
20260412 13:40:42- INFO-   步骤2: 调用history批量获取数据...
20260412 13:40:42- INFO-   history批量返回 5218 条记录
20260412 13:40:42- INFO-   步骤3: 调用stk_get_daily_mktvalue_pt获取市值数据...
20260412 13:40:43- INFO-   stk_get_daily_mktvalue_pt返回 5218 条记录
20260412 13:40:43- INFO-   步骤4: 合并数据...
20260412 13:40:43- INFO-   数据合并完成,最终返回 5218 条记录, 18 个字段
20260412 13:40:43- INFO- ✓ 2025-07-24 数据获取成功: 5218 条
20260412 13:40:43- INFO- 开始获取 2025-07-25 的掘金全市场数据...
20260412 13:40:43- INFO-   步骤1: 调用get_symbols获取基础信息...
20260412 13:40:45- INFO-   get_symbols返回 5222 条记录
20260412 13:40:45- INFO-   过滤后剩余 5220 只股票(已剔除未上市/已退市)
20260412 13:40:45- INFO-   步骤2: 调用history批量获取数据...
20260412 13:40:45- INFO-   history批量返回 5220 条记录
20260412 13:40:45- INFO-   步骤3: 调用stk_get_daily_mktvalue_pt获取市值数据...
20260412 13:40:45- INFO-   stk_get_daily_mktvalue_pt返回 5220 条记录
20260412 13:40:45- INFO-   步骤4: 合并数据...
20260412 13:40:45- INFO-   数据合并完成,最终返回 5220 条记录, 18 个字段
20260412 13:40:45- INFO- ✓ 2025-07-25 数据获取成功: 5220 条
20260412 13:40:46- INFO- 开始获取 2025-07-28 的掘金全市场数据...
20260412 13:40:46- INFO-   步骤1: 调用get_symbols获取基础信息...
20260412 13:40:47- INFO-   get_symbols返回 5221 条记录
20260412 13:40:47- INFO-   过滤后剩余 5221 只股票(已剔除未上市/已退市)
20260412 13:40:47- INFO-   步骤2: 调用history批量获取数据...
20260412 13:40:47- INFO-   history批量返回 5221 条记录
20260412 13:40:47- INFO-   步骤3: 调用stk_get_daily_mktvalue_pt获取市值数据...
20260412 13:40:48- INFO-   stk_get_daily_mktvalue_pt返回 5221 条记录
20260412 13:40:48- INFO-   步骤4: 合并数据...
20260412 13:40:48- INFO-   数据合并完成,最终返回 5221 条记录, 18 个字段
20260412 13:40:48- INFO- ✓ 2025-07-28 数据获取成功: 5221 条
20260412 13:40:48- INFO- 开始获取 2025-07-29 的掘金全市场数据...
20260412 13:40:48- INFO-   步骤1: 调用get_symbols获取基础信息...
20260412 13:40:49- INFO-   get_symbols返回 5225 条记录
20260412 13:40:49- INFO-   过滤后剩余 5225 只股票(已剔除未上市/已退市)
20260412 13:40:49- INFO-   步骤2: 调用history批量获取数据...
20260412 13:40:50- INFO-   history批量返回 5225 条记录
20260412 13:40:50- INFO-   步骤3: 调用stk_get_daily_mktvalue_pt获取市值数据...
20260412 13:40:50- INFO-   stk_get_daily_mktvalue_pt返回 5225 条记录
20260412 13:40:50- INFO-   步骤4: 合并数据...
20260412 13:40:50- INFO-   数据合并完成,最终返回 5225 条记录, 18 个字段
20260412 13:40:50- INFO- ✓ 2025-07-29 数据获取成功: 5225 条
20260412 13:40:51- INFO- 开始获取 2025-07-30 的掘金全市场数据...
20260412 13:40:51- INFO-   步骤1: 调用get_symbols获取基础信息...
20260412 13:40:52- INFO-   get_symbols返回 5225 条记录
20260412 13:40:52- INFO-   过滤后剩余 5225 只股票(已剔除未上市/已退市)
20260412 13:40:52- INFO-   步骤2: 调用history批量获取数据...
20260412 13:40:52- INFO-   history批量返回 5225 条记录
20260412 13:40:52- INFO-   步骤3: 调用stk_get_daily_mktvalue_pt获取市值数据...
20260412 13:40:53- INFO-   stk_get_daily_mktvalue_pt返回 5225 条记录
20260412 13:40:53- INFO-   步骤4: 合并数据...
20260412 13:40:53- INFO-   数据合并完成,最终返回 5225 条记录, 18 个字段
20260412 13:40:53- INFO- ✓ 2025-07-30 数据获取成功: 5225 条
20260412 13:40:53- INFO- 开始获取 2025-07-31 的掘金全市场数据...
20260412 13:40:53- INFO-   步骤1: 调用get_symbols获取基础信息...
20260412 13:40:54- INFO-   get_symbols返回 5220 条记录
20260412 13:40:54- INFO-   过滤后剩余 5220 只股票(已剔除未上市/已退市)
20260412 13:40:54- INFO-   步骤2: 调用history批量获取数据...
20260412 13:40:55- INFO-   history批量返回 5220 条记录
20260412 13:40:55- INFO-   步骤3: 调用stk_get_daily_mktvalue_pt获取市值数据...
20260412 13:40:55- INFO-   stk_get_daily_mktvalue_pt返回 5220 条记录
20260412 13:40:55- INFO-   步骤4: 合并数据...
20260412 13:40:55- INFO-   数据合并完成,最终返回 5220 条记录, 18 个字段
20260412 13:40:55- INFO- ✓ 2025-07-31 数据获取成功: 5220 条
20260412 13:40:56- INFO- 开始获取 2025-08-01 的掘金全市场数据...
20260412 13:40:56- INFO-   步骤1: 调用get_symbols获取基础信息...
20260412 13:40:57- INFO-   get_symbols返回 5221 条记录
20260412 13:40:57- INFO-   过滤后剩余 5221 只股票(已剔除未上市/已退市)
20260412 13:40:57- INFO-   步骤2: 调用history批量获取数据...
20260412 13:40:57- INFO-   history批量返回 5221 条记录
20260412 13:40:57- INFO-   步骤3: 调用stk_get_daily_mktvalue_pt获取市值数据...
20260412 13:40:57- INFO-   stk_get_daily_mktvalue_pt返回 5221 条记录
20260412 13:40:57- INFO-   步骤4: 合并数据...
20260412 13:40:57- INFO-   数据合并完成,最终返回 5221 条记录, 18 个字段
20260412 13:40:57- INFO- ✓ 2025-08-01 数据获取成功: 5221 条
20260412 13:40:58- INFO- 开始获取 2025-08-04 的掘金全市场数据...
20260412 13:40:58- INFO-   步骤1: 调用get_symbols获取基础信息...
20260412 13:40:59- INFO-   get_symbols返回 5218 条记录
20260412 13:40:59- INFO-   过滤后剩余 5218 只股票(已剔除未上市/已退市)
20260412 13:40:59- INFO-   步骤2: 调用history批量获取数据...
20260412 13:40:59- INFO-   history批量返回 5218 条记录
20260412 13:40:59- INFO-   步骤3: 调用stk_get_daily_mktvalue_pt获取市值数据...
20260412 13:41:00- INFO-   stk_get_daily_mktvalue_pt返回 5218 条记录
20260412 13:41:00- INFO-   步骤4: 合并数据...
20260412 13:41:00- INFO-   数据合并完成,最终返回 5218 条记录, 18 个字段
20260412 13:41:00- INFO- ✓ 2025-08-04 数据获取成功: 5218 条
20260412 13:41:00- INFO- 开始获取 2025-08-05 的掘金全市场数据...
20260412 13:41:00- INFO-   步骤1: 调用get_symbols获取基础信息...
20260412 13:41:01- INFO-   get_symbols返回 5219 条记录
20260412 13:41:01- INFO-   过滤后剩余 5219 只股票(已剔除未上市/已退市)
20260412 13:41:01- INFO-   步骤2: 调用history批量获取数据...
20260412 13:41:02- INFO-   history批量返回 5219 条记录
20260412 13:41:02- INFO-   步骤3: 调用stk_get_daily_mktvalue_pt获取市值数据...
20260412 13:41:02- INFO-   stk_get_daily_mktvalue_pt返回 5219 条记录
20260412 13:41:02- INFO-   步骤4: 合并数据...
20260412 13:41:02- INFO-   数据合并完成,最终返回 5219 条记录, 18 个字段
20260412 13:41:02- INFO- ✓ 2025-08-05 数据获取成功: 5219 条
20260412 13:41:03- INFO- 开始获取 2025-08-06 的掘金全市场数据...
20260412 13:41:03- INFO-   步骤1: 调用get_symbols获取基础信息...
20260412 13:41:04- INFO-   get_symbols返回 5221 条记录
20260412 13:41:04- INFO-   过滤后剩余 5221 只股票(已剔除未上市/已退市)
20260412 13:41:04- INFO-   步骤2: 调用history批量获取数据...
20260412 13:41:04- INFO-   history批量返回 5221 条记录
20260412 13:41:04- INFO-   步骤3: 调用stk_get_daily_mktvalue_pt获取市值数据...
20260412 13:41:05- INFO-   stk_get_daily_mktvalue_pt返回 5221 条记录
20260412 13:41:05- INFO-   步骤4: 合并数据...
20260412 13:41:05- INFO-   数据合并完成,最终返回 5221 条记录, 18 个字段
20260412 13:41:05- INFO- ✓ 2025-08-06 数据获取成功: 5221 条
20260412 13:41:05- INFO- 开始获取 2025-08-07 的掘金全市场数据...
20260412 13:41:05- INFO-   步骤1: 调用get_symbols获取基础信息...
20260412 13:41:06- INFO-   get_symbols返回 5220 条记录
20260412 13:41:06- INFO-   过滤后剩余 5220 只股票(已剔除未上市/已退市)
20260412 13:41:06- INFO-   步骤2: 调用history批量获取数据...
20260412 13:41:07- INFO-   history批量返回 5220 条记录
20260412 13:41:07- INFO-   步骤3: 调用stk_get_daily_mktvalue_pt获取市值数据...
20260412 13:41:07- INFO-   stk_get_daily_mktvalue_pt返回 5220 条记录
20260412 13:41:07- INFO-   步骤4: 合并数据...
20260412 13:41:07- INFO-   数据合并完成,最终返回 5220 条记录, 18 个字段
20260412 13:41:07- INFO- ✓ 2025-08-07 数据获取成功: 5220 条
20260412 13:41:07- INFO- 开始获取 2025-08-08 的掘金全市场数据...
20260412 13:41:07- INFO-   步骤1: 调用get_symbols获取基础信息...
20260412 13:41:09- INFO-   get_symbols返回 5221 条记录
20260412 13:41:09- INFO-   过滤后剩余 5221 只股票(已剔除未上市/已退市)
20260412 13:41:09- INFO-   步骤2: 调用history批量获取数据...
20260412 13:41:09- INFO-   history批量返回 5221 条记录
20260412 13:41:09- INFO-   步骤3: 调用stk_get_daily_mktvalue_pt获取市值数据...
20260412 13:41:09- INFO-   stk_get_daily_mktvalue_pt返回 5221 条记录
20260412 13:41:09- INFO-   步骤4: 合并数据...
20260412 13:41:09- INFO-   数据合并完成,最终返回 5221 条记录, 18 个字段
20260412 13:41:09- INFO- ✓ 2025-08-08 数据获取成功: 5221 条
20260412 13:41:10- INFO- 开始获取 2025-08-11 的掘金全市场数据...
20260412 13:41:10- INFO-   步骤1: 调用get_symbols获取基础信息...
20260412 13:41:11- INFO-   get_symbols返回 5223 条记录
20260412 13:41:11- INFO-   过滤后剩余 5223 只股票(已剔除未上市/已退市)
20260412 13:41:11- INFO-   步骤2: 调用history批量获取数据...
20260412 13:41:11- INFO-   history批量返回 5223 条记录
20260412 13:41:11- INFO-   步骤3: 调用stk_get_daily_mktvalue_pt获取市值数据...
20260412 13:41:12- INFO-   stk_get_daily_mktvalue_pt返回 5223 条记录
20260412 13:41:12- INFO-   步骤4: 合并数据...
20260412 13:41:12- INFO-   数据合并完成,最终返回 5223 条记录, 18 个字段
20260412 13:41:12- INFO- ✓ 2025-08-11 数据获取成功: 5223 条
20260412 13:41:12- INFO- 开始获取 2025-08-12 的掘金全市场数据...
20260412 13:41:12- INFO-   步骤1: 调用get_symbols获取基础信息...
20260412 13:41:13- INFO-   get_symbols返回 5226 条记录
20260412 13:41:13- INFO-   过滤后剩余 5226 只股票(已剔除未上市/已退市)
20260412 13:41:13- INFO-   步骤2: 调用history批量获取数据...
20260412 13:41:14- INFO-   history批量返回 5226 条记录
20260412 13:41:14- INFO-   步骤3: 调用stk_get_daily_mktvalue_pt获取市值数据...
20260412 13:41:14- INFO-   stk_get_daily_mktvalue_pt返回 5226 条记录
20260412 13:41:14- INFO-   步骤4: 合并数据...
20260412 13:41:14- INFO-   数据合并完成,最终返回 5226 条记录, 18 个字段
20260412 13:41:14- INFO- ✓ 2025-08-12 数据获取成功: 5226 条
20260412 13:41:15- INFO- 开始获取 2025-08-13 的掘金全市场数据...
20260412 13:41:15- INFO-   步骤1: 调用get_symbols获取基础信息...
20260412 13:41:16- INFO-   get_symbols返回 5222 条记录
20260412 13:41:16- INFO-   过滤后剩余 5222 只股票(已剔除未上市/已退市)
20260412 13:41:16- INFO-   步骤2: 调用history批量获取数据...
20260412 13:41:16- INFO-   history批量返回 5222 条记录
20260412 13:41:16- INFO-   步骤3: 调用stk_get_daily_mktvalue_pt获取市值数据...
20260412 13:42:08- INFO-   stk_get_daily_mktvalue_pt返回 5222 条记录
20260412 13:42:08- INFO-   步骤4: 合并数据...
20260412 13:42:08- INFO-   数据合并完成,最终返回 5222 条记录, 18 个字段
20260412 13:42:08- INFO- ✓ 2025-08-13 数据获取成功: 5222 条
20260412 13:42:09- INFO- 开始获取 2025-08-14 的掘金全市场数据...
20260412 13:42:09- INFO-   步骤1: 调用get_symbols获取基础信息...
20260412 13:42:10- INFO-   get_symbols返回 5222 条记录
20260412 13:42:10- INFO-   过滤后剩余 5222 只股票(已剔除未上市/已退市)
20260412 13:42:10- INFO-   步骤2: 调用history批量获取数据...
20260412 13:42:10- INFO-   history批量返回 5222 条记录
20260412 13:42:10- INFO-   步骤3: 调用stk_get_daily_mktvalue_pt获取市值数据...
20260412 13:42:21- INFO-   stk_get_daily_mktvalue_pt返回 5222 条记录
20260412 13:42:21- INFO-   步骤4: 合并数据...
20260412 13:42:21- INFO-   数据合并完成,最终返回 5222 条记录, 18 个字段
20260412 13:42:21- INFO- ✓ 2025-08-14 数据获取成功: 5222 条
20260412 13:42:22- INFO- 开始获取 2025-08-15 的掘金全市场数据...
20260412 13:42:22- INFO-   步骤1: 调用get_symbols获取基础信息...
20260412 13:42:23- INFO-   get_symbols返回 5221 条记录
20260412 13:42:23- INFO-   过滤后剩余 5221 只股票(已剔除未上市/已退市)
20260412 13:42:23- INFO-   步骤2: 调用history批量获取数据...
20260412 13:42:23- INFO-   history批量返回 5221 条记录
20260412 13:42:23- INFO-   步骤3: 调用stk_get_daily_mktvalue_pt获取市值数据...
20260412 13:42:23- INFO-   stk_get_daily_mktvalue_pt返回 5221 条记录
20260412 13:42:23- INFO-   步骤4: 合并数据...
20260412 13:42:23- INFO-   数据合并完成,最终返回 5221 条记录, 18 个字段
20260412 13:42:23- INFO- ✓ 2025-08-15 数据获取成功: 5221 条
20260412 13:42:24- INFO- 开始获取 2025-08-18 的掘金全市场数据...
20260412 13:42:24- INFO-   步骤1: 调用get_symbols获取基础信息...
20260412 13:42:25- INFO-   get_symbols返回 5219 条记录
20260412 13:42:25- INFO-   过滤后剩余 5219 只股票(已剔除未上市/已退市)
20260412 13:42:25- INFO-   步骤2: 调用history批量获取数据...
20260412 13:42:25- INFO-   history批量返回 5219 条记录
20260412 13:42:25- INFO-   步骤3: 调用stk_get_daily_mktvalue_pt获取市值数据...
20260412 13:42:26- INFO-   stk_get_daily_mktvalue_pt返回 5219 条记录
20260412 13:42:26- INFO-   步骤4: 合并数据...
20260412 13:42:26- INFO-   数据合并完成,最终返回 5219 条记录, 18 个字段
20260412 13:42:26- INFO- ✓ 2025-08-18 数据获取成功: 5219 条
20260412 13:42:26- INFO- 开始获取 2025-08-19 的掘金全市场数据...
20260412 13:42:26- INFO-   步骤1: 调用get_symbols获取基础信息...
20260412 13:42:27- INFO-   get_symbols返回 5222 条记录
20260412 13:42:27- INFO-   过滤后剩余 5222 只股票(已剔除未上市/已退市)
20260412 13:42:27- INFO-   步骤2: 调用history批量获取数据...
20260412 13:42:28- INFO-   history批量返回 5222 条记录
20260412 13:42:28- INFO-   步骤3: 调用stk_get_daily_mktvalue_pt获取市值数据...
20260412 13:42:28- INFO-   stk_get_daily_mktvalue_pt返回 5222 条记录
20260412 13:42:28- INFO-   步骤4: 合并数据...
20260412 13:42:28- INFO-   数据合并完成,最终返回 5222 条记录, 18 个字段
20260412 13:42:28- INFO- ✓ 2025-08-19 数据获取成功: 5222 条
20260412 13:42:29- INFO- 开始获取 2025-08-20 的掘金全市场数据...
20260412 13:42:29- INFO-   步骤1: 调用get_symbols获取基础信息...
20260412 13:42:30- INFO-   get_symbols返回 5219 条记录
20260412 13:42:30- INFO-   过滤后剩余 5219 只股票(已剔除未上市/已退市)
20260412 13:42:30- INFO-   步骤2: 调用history批量获取数据...
20260412 13:42:30- INFO-   history批量返回 5219 条记录
20260412 13:42:30- INFO-   步骤3: 调用stk_get_daily_mktvalue_pt获取市值数据...
20260412 13:42:31- INFO-   stk_get_daily_mktvalue_pt返回 5219 条记录
20260412 13:42:31- INFO-   步骤4: 合并数据...
20260412 13:42:31- INFO-   数据合并完成,最终返回 5219 条记录, 18 个字段
20260412 13:42:31- INFO- ✓ 2025-08-20 数据获取成功: 5219 条
20260412 13:42:31- INFO- 开始获取 2025-08-21 的掘金全市场数据...
20260412 13:42:31- INFO-   步骤1: 调用get_symbols获取基础信息...
20260412 13:42:32- INFO-   get_symbols返回 5222 条记录
20260412 13:42:32- INFO-   过滤后剩余 5222 只股票(已剔除未上市/已退市)
20260412 13:42:32- INFO-   步骤2: 调用history批量获取数据...
20260412 13:42:33- INFO-   history批量返回 5222 条记录
20260412 13:42:33- INFO-   步骤3: 调用stk_get_daily_mktvalue_pt获取市值数据...
20260412 13:42:33- INFO-   stk_get_daily_mktvalue_pt返回 5222 条记录
20260412 13:42:33- INFO-   步骤4: 合并数据...
20260412 13:42:33- INFO-   数据合并完成,最终返回 5222 条记录, 18 个字段
20260412 13:42:33- INFO- ✓ 2025-08-21 数据获取成功: 5222 条
20260412 13:42:34- INFO- 开始获取 2025-08-22 的掘金全市场数据...
20260412 13:42:34- INFO-   步骤1: 调用get_symbols获取基础信息...
20260412 13:42:35- INFO-   get_symbols返回 5222 条记录
20260412 13:42:35- INFO-   过滤后剩余 5222 只股票(已剔除未上市/已退市)
20260412 13:42:35- INFO-   步骤2: 调用history批量获取数据...
20260412 13:42:35- INFO-   history批量返回 5222 条记录
20260412 13:42:35- INFO-   步骤3: 调用stk_get_daily_mktvalue_pt获取市值数据...
20260412 13:42:35- INFO-   stk_get_daily_mktvalue_pt返回 5222 条记录
20260412 13:42:35- INFO-   步骤4: 合并数据...
20260412 13:42:35- INFO-   数据合并完成,最终返回 5222 条记录, 18 个字段
20260412 13:42:35- INFO- ✓ 2025-08-22 数据获取成功: 5222 条
20260412 13:42:36- INFO- 开始获取 2025-08-25 的掘金全市场数据...
20260412 13:42:36- INFO-   步骤1: 调用get_symbols获取基础信息...
20260412 13:42:37- INFO-   get_symbols返回 5222 条记录
20260412 13:42:37- INFO-   过滤后剩余 5222 只股票(已剔除未上市/已退市)
20260412 13:42:37- INFO-   步骤2: 调用history批量获取数据...
20260412 13:42:37- INFO-   history批量返回 5222 条记录
20260412 13:42:37- INFO-   步骤3: 调用stk_get_daily_mktvalue_pt获取市值数据...
20260412 13:42:38- INFO-   stk_get_daily_mktvalue_pt返回 5222 条记录
20260412 13:42:38- INFO-   步骤4: 合并数据...
20260412 13:42:38- INFO-   数据合并完成,最终返回 5222 条记录, 18 个字段
20260412 13:42:38- INFO- ✓ 2025-08-25 数据获取成功: 5222 条
20260412 13:42:38- INFO- 开始获取 2025-08-26 的掘金全市场数据...
20260412 13:42:38- INFO-   步骤1: 调用get_symbols获取基础信息...
20260412 13:42:39- INFO-   get_symbols返回 5223 条记录
20260412 13:42:39- INFO-   过滤后剩余 5223 只股票(已剔除未上市/已退市)
20260412 13:42:39- INFO-   步骤2: 调用history批量获取数据...
20260412 13:42:40- INFO-   history批量返回 5223 条记录
20260412 13:42:40- INFO-   步骤3: 调用stk_get_daily_mktvalue_pt获取市值数据...
20260412 13:42:40- INFO-   stk_get_daily_mktvalue_pt返回 5223 条记录
20260412 13:42:40- INFO-   步骤4: 合并数据...
20260412 13:42:40- INFO-   数据合并完成,最终返回 5223 条记录, 18 个字段
20260412 13:42:40- INFO- ✓ 2025-08-26 数据获取成功: 5223 条
20260412 13:42:41- INFO- 开始获取 2025-08-27 的掘金全市场数据...
20260412 13:42:41- INFO-   步骤1: 调用get_symbols获取基础信息...
20260412 13:42:42- INFO-   get_symbols返回 5224 条记录
20260412 13:42:42- INFO-   过滤后剩余 5224 只股票(已剔除未上市/已退市)
20260412 13:42:42- INFO-   步骤2: 调用history批量获取数据...
20260412 13:42:42- INFO-   history批量返回 5224 条记录
20260412 13:42:42- INFO-   步骤3: 调用stk_get_daily_mktvalue_pt获取市值数据...
20260412 13:42:43- INFO-   stk_get_daily_mktvalue_pt返回 5224 条记录
20260412 13:42:43- INFO-   步骤4: 合并数据...
20260412 13:42:43- INFO-   数据合并完成,最终返回 5224 条记录, 18 个字段
20260412 13:42:43- INFO- ✓ 2025-08-27 数据获取成功: 5224 条
20260412 13:42:43- INFO- 开始获取 2025-08-28 的掘金全市场数据...
20260412 13:42:43- INFO-   步骤1: 调用get_symbols获取基础信息...
20260412 13:42:44- INFO-   get_symbols返回 5224 条记录
20260412 13:42:44- INFO-   过滤后剩余 5224 只股票(已剔除未上市/已退市)
20260412 13:42:44- INFO-   步骤2: 调用history批量获取数据...
20260412 13:42:45- INFO-   history批量返回 5224 条记录
20260412 13:42:45- INFO-   步骤3: 调用stk_get_daily_mktvalue_pt获取市值数据...
20260412 13:42:45- INFO-   stk_get_daily_mktvalue_pt返回 5224 条记录
20260412 13:42:45- INFO-   步骤4: 合并数据...
20260412 13:42:45- INFO-   数据合并完成,最终返回 5224 条记录, 18 个字段
20260412 13:42:45- INFO- ✓ 2025-08-28 数据获取成功: 5224 条
20260412 13:42:46- INFO- 开始获取 2025-08-29 的掘金全市场数据...
20260412 13:42:46- INFO-   步骤1: 调用get_symbols获取基础信息...
20260412 13:42:47- INFO-   get_symbols返回 5221 条记录
20260412 13:42:47- INFO-   过滤后剩余 5221 只股票(已剔除未上市/已退市)
20260412 13:42:47- INFO-   步骤2: 调用history批量获取数据...
20260412 13:42:47- INFO-   history批量返回 5221 条记录
20260412 13:42:47- INFO-   步骤3: 调用stk_get_daily_mktvalue_pt获取市值数据...
20260412 13:42:47- INFO-   stk_get_daily_mktvalue_pt返回 5221 条记录
20260412 13:42:47- INFO-   步骤4: 合并数据...
20260412 13:42:47- INFO-   数据合并完成,最终返回 5221 条记录, 18 个字段
20260412 13:42:47- INFO- ✓ 2025-08-29 数据获取成功: 5221 条
20260412 13:42:48- INFO- 开始获取 2025-09-01 的掘金全市场数据...
20260412 13:42:48- INFO-   步骤1: 调用get_symbols获取基础信息...
20260412 13:42:49- INFO-   get_symbols返回 5221 条记录
20260412 13:42:49- INFO-   过滤后剩余 5221 只股票(已剔除未上市/已退市)
20260412 13:42:49- INFO-   步骤2: 调用history批量获取数据...
20260412 13:42:49- INFO-   history批量返回 5221 条记录
20260412 13:42:49- INFO-   步骤3: 调用stk_get_daily_mktvalue_pt获取市值数据...
20260412 13:42:50- INFO-   stk_get_daily_mktvalue_pt返回 5221 条记录
20260412 13:42:50- INFO-   步骤4: 合并数据...
20260412 13:42:50- INFO-   数据合并完成,最终返回 5221 条记录, 18 个字段
20260412 13:42:50- INFO- ✓ 2025-09-01 数据获取成功: 5221 条
20260412 13:42:50- INFO- 开始获取 2025-09-02 的掘金全市场数据...
20260412 13:42:50- INFO-   步骤1: 调用get_symbols获取基础信息...
20260412 13:42:51- INFO-   get_symbols返回 5222 条记录
20260412 13:42:51- INFO-   过滤后剩余 5222 只股票(已剔除未上市/已退市)
20260412 13:42:51- INFO-   步骤2: 调用history批量获取数据...
20260412 13:42:52- INFO-   history批量返回 5222 条记录
20260412 13:42:52- INFO-   步骤3: 调用stk_get_daily_mktvalue_pt获取市值数据...
20260412 13:42:52- INFO-   stk_get_daily_mktvalue_pt返回 5222 条记录
20260412 13:42:52- INFO-   步骤4: 合并数据...
20260412 13:42:52- INFO-   数据合并完成,最终返回 5222 条记录, 18 个字段
20260412 13:42:52- INFO- ✓ 2025-09-02 数据获取成功: 5222 条
20260412 13:42:53- INFO- 开始获取 2025-09-03 的掘金全市场数据...
20260412 13:42:53- INFO-   步骤1: 调用get_symbols获取基础信息...
20260412 13:42:54- INFO-   get_symbols返回 5224 条记录
20260412 13:42:54- INFO-   过滤后剩余 5224 只股票(已剔除未上市/已退市)
20260412 13:42:54- INFO-   步骤2: 调用history批量获取数据...
20260412 13:42:54- INFO-   history批量返回 5224 条记录
20260412 13:42:54- INFO-   步骤3: 调用stk_get_daily_mktvalue_pt获取市值数据...
20260412 13:42:55- INFO-   stk_get_daily_mktvalue_pt返回 5224 条记录
20260412 13:42:55- INFO-   步骤4: 合并数据...
20260412 13:42:55- INFO-   数据合并完成,最终返回 5224 条记录, 18 个字段
20260412 13:42:55- INFO- ✓ 2025-09-03 数据获取成功: 5224 条
20260412 13:42:55- INFO- 开始获取 2025-09-04 的掘金全市场数据...
20260412 13:42:55- INFO-   步骤1: 调用get_symbols获取基础信息...
20260412 13:42:56- INFO-   get_symbols返回 5223 条记录
20260412 13:42:56- INFO-   过滤后剩余 5223 只股票(已剔除未上市/已退市)
20260412 13:42:56- INFO-   步骤2: 调用history批量获取数据...
20260412 13:42:57- INFO-   history批量返回 5223 条记录
20260412 13:42:57- INFO-   步骤3: 调用stk_get_daily_mktvalue_pt获取市值数据...
20260412 13:42:57- INFO-   stk_get_daily_mktvalue_pt返回 5223 条记录
20260412 13:42:57- INFO-   步骤4: 合并数据...
20260412 13:42:57- INFO-   数据合并完成,最终返回 5223 条记录, 18 个字段
20260412 13:42:57- INFO- ✓ 2025-09-04 数据获取成功: 5223 条
20260412 13:42:58- INFO- 开始获取 2025-09-05 的掘金全市场数据...
20260412 13:42:58- INFO-   步骤1: 调用get_symbols获取基础信息...
20260412 13:42:59- INFO-   get_symbols返回 5225 条记录
20260412 13:42:59- INFO-   过滤后剩余 5224 只股票(已剔除未上市/已退市)
20260412 13:42:59- INFO-   步骤2: 调用history批量获取数据...
20260412 13:42:59- INFO-   history批量返回 5224 条记录
20260412 13:42:59- INFO-   步骤3: 调用stk_get_daily_mktvalue_pt获取市值数据...
20260412 13:42:59- INFO-   stk_get_daily_mktvalue_pt返回 5224 条记录
20260412 13:42:59- INFO-   步骤4: 合并数据...
20260412 13:42:59- INFO-   数据合并完成,最终返回 5224 条记录, 18 个字段
20260412 13:42:59- INFO- ✓ 2025-09-05 数据获取成功: 5224 条
20260412 13:43:00- INFO- 开始获取 2025-09-08 的掘金全市场数据...
20260412 13:43:00- INFO-   步骤1: 调用get_symbols获取基础信息...
20260412 13:43:01- INFO-   get_symbols返回 5225 条记录
20260412 13:43:01- INFO-   过滤后剩余 5225 只股票(已剔除未上市/已退市)
20260412 13:43:01- INFO-   步骤2: 调用history批量获取数据...
20260412 13:43:01- INFO-   history批量返回 5225 条记录
20260412 13:43:01- INFO-   步骤3: 调用stk_get_daily_mktvalue_pt获取市值数据...
20260412 13:43:02- INFO-   stk_get_daily_mktvalue_pt返回 5225 条记录
20260412 13:43:02- INFO-   步骤4: 合并数据...
20260412 13:43:02- INFO-   数据合并完成,最终返回 5225 条记录, 18 个字段
20260412 13:43:02- INFO- ✓ 2025-09-08 数据获取成功: 5225 条
20260412 13:43:02- INFO- 开始获取 2025-09-09 的掘金全市场数据...
20260412 13:43:02- INFO-   步骤1: 调用get_symbols获取基础信息...
20260412 13:43:03- INFO-   get_symbols返回 5226 条记录
20260412 13:43:03- INFO-   过滤后剩余 5226 只股票(已剔除未上市/已退市)
20260412 13:43:03- INFO-   步骤2: 调用history批量获取数据...
20260412 13:43:04- INFO-   history批量返回 5226 条记录
20260412 13:43:04- INFO-   步骤3: 调用stk_get_daily_mktvalue_pt获取市值数据...
20260412 13:43:04- INFO-   stk_get_daily_mktvalue_pt返回 5226 条记录
20260412 13:43:04- INFO-   步骤4: 合并数据...
20260412 13:43:04- INFO-   数据合并完成,最终返回 5226 条记录, 18 个字段
20260412 13:43:04- INFO- ✓ 2025-09-09 数据获取成功: 5226 条
20260412 13:43:05- INFO- 开始获取 2025-09-10 的掘金全市场数据...
20260412 13:43:05- INFO-   步骤1: 调用get_symbols获取基础信息...
20260412 13:43:06- INFO-   get_symbols返回 5228 条记录
20260412 13:43:06- INFO-   过滤后剩余 5228 只股票(已剔除未上市/已退市)
20260412 13:43:06- INFO-   步骤2: 调用history批量获取数据...
20260412 13:43:06- INFO-   history批量返回 5228 条记录
20260412 13:43:06- INFO-   步骤3: 调用stk_get_daily_mktvalue_pt获取市值数据...
20260412 13:43:07- INFO-   stk_get_daily_mktvalue_pt返回 5228 条记录
20260412 13:43:07- INFO-   步骤4: 合并数据...
20260412 13:43:07- INFO-   数据合并完成,最终返回 5228 条记录, 18 个字段
20260412 13:43:07- INFO- ✓ 2025-09-10 数据获取成功: 5228 条
20260412 13:43:07- INFO- 开始获取 2025-09-11 的掘金全市场数据...
20260412 13:43:07- INFO-   步骤1: 调用get_symbols获取基础信息...
20260412 13:43:08- INFO-   get_symbols返回 5226 条记录
20260412 13:43:08- INFO-   过滤后剩余 5226 只股票(已剔除未上市/已退市)
20260412 13:43:08- INFO-   步骤2: 调用history批量获取数据...
20260412 13:43:09- INFO-   history批量返回 5226 条记录
20260412 13:43:09- INFO-   步骤3: 调用stk_get_daily_mktvalue_pt获取市值数据...
20260412 13:43:09- INFO-   stk_get_daily_mktvalue_pt返回 5226 条记录
20260412 13:43:09- INFO-   步骤4: 合并数据...
20260412 13:43:09- INFO-   数据合并完成,最终返回 5226 条记录, 18 个字段
20260412 13:43:09- INFO- ✓ 2025-09-11 数据获取成功: 5226 条
20260412 13:43:10- INFO- 开始获取 2025-09-12 的掘金全市场数据...
20260412 13:43:10- INFO-   步骤1: 调用get_symbols获取基础信息...
20260412 13:43:11- INFO-   get_symbols返回 5229 条记录
20260412 13:43:11- INFO-   过滤后剩余 5229 只股票(已剔除未上市/已退市)
20260412 13:43:11- INFO-   步骤2: 调用history批量获取数据...
20260412 13:43:11- INFO-   history批量返回 5229 条记录
20260412 13:43:11- INFO-   步骤3: 调用stk_get_daily_mktvalue_pt获取市值数据...
20260412 13:43:11- INFO-   stk_get_daily_mktvalue_pt返回 5229 条记录
20260412 13:43:11- INFO-   步骤4: 合并数据...
20260412 13:43:11- INFO-   数据合并完成,最终返回 5229 条记录, 18 个字段
20260412 13:43:11- INFO- ✓ 2025-09-12 数据获取成功: 5229 条
20260412 13:43:12- INFO- 开始获取 2025-09-15 的掘金全市场数据...
20260412 13:43:12- INFO-   步骤1: 调用get_symbols获取基础信息...
20260412 13:43:13- INFO-   get_symbols返回 5228 条记录
20260412 13:43:13- INFO-   过滤后剩余 5228 只股票(已剔除未上市/已退市)
20260412 13:43:13- INFO-   步骤2: 调用history批量获取数据...
20260412 13:43:13- INFO-   history批量返回 5228 条记录
20260412 13:43:13- INFO-   步骤3: 调用stk_get_daily_mktvalue_pt获取市值数据...
20260412 13:43:14- INFO-   stk_get_daily_mktvalue_pt返回 5228 条记录
20260412 13:43:14- INFO-   步骤4: 合并数据...
20260412 13:43:14- INFO-   数据合并完成,最终返回 5228 条记录, 18 个字段
20260412 13:43:14- INFO- ✓ 2025-09-15 数据获取成功: 5228 条
20260412 13:43:14- INFO- 开始获取 2025-09-16 的掘金全市场数据...
20260412 13:43:14- INFO-   步骤1: 调用get_symbols获取基础信息...
20260412 13:43:15- INFO-   get_symbols返回 5229 条记录
20260412 13:43:15- INFO-   过滤后剩余 5229 只股票(已剔除未上市/已退市)
20260412 13:43:15- INFO-   步骤2: 调用history批量获取数据...
20260412 13:43:16- INFO-   history批量返回 5229 条记录
20260412 13:43:16- INFO-   步骤3: 调用stk_get_daily_mktvalue_pt获取市值数据...
20260412 13:43:16- INFO-   stk_get_daily_mktvalue_pt返回 5229 条记录
20260412 13:43:16- INFO-   步骤4: 合并数据...
20260412 13:43:16- INFO-   数据合并完成,最终返回 5229 条记录, 18 个字段
20260412 13:43:16- INFO- ✓ 2025-09-16 数据获取成功: 5229 条
20260412 13:43:17- INFO- 开始获取 2025-09-17 的掘金全市场数据...
20260412 13:43:17- INFO-   步骤1: 调用get_symbols获取基础信息...
20260412 13:43:18- INFO-   get_symbols返回 5228 条记录
20260412 13:43:18- INFO-   过滤后剩余 5228 只股票(已剔除未上市/已退市)
20260412 13:43:18- INFO-   步骤2: 调用history批量获取数据...
20260412 13:43:18- INFO-   history批量返回 5228 条记录
20260412 13:43:18- INFO-   步骤3: 调用stk_get_daily_mktvalue_pt获取市值数据...
20260412 13:43:18- INFO-   stk_get_daily_mktvalue_pt返回 5228 条记录
20260412 13:43:18- INFO-   步骤4: 合并数据...
20260412 13:43:18- INFO-   数据合并完成,最终返回 5228 条记录, 18 个字段
20260412 13:43:18- INFO- ✓ 2025-09-17 数据获取成功: 5228 条
20260412 13:43:19- INFO- 开始获取 2025-09-18 的掘金全市场数据...
20260412 13:43:19- INFO-   步骤1: 调用get_symbols获取基础信息...
20260412 13:43:20- INFO-   get_symbols返回 5227 条记录
20260412 13:43:20- INFO-   过滤后剩余 5227 只股票(已剔除未上市/已退市)
20260412 13:43:20- INFO-   步骤2: 调用history批量获取数据...
20260412 13:43:20- INFO-   history批量返回 5227 条记录
20260412 13:43:20- INFO-   步骤3: 调用stk_get_daily_mktvalue_pt获取市值数据...
20260412 13:43:21- INFO-   stk_get_daily_mktvalue_pt返回 5227 条记录
20260412 13:43:21- INFO-   步骤4: 合并数据...
20260412 13:43:21- INFO-   数据合并完成,最终返回 5227 条记录, 18 个字段
20260412 13:43:21- INFO- ✓ 2025-09-18 数据获取成功: 5227 条
20260412 13:43:21- INFO- 开始获取 2025-09-19 的掘金全市场数据...
20260412 13:43:21- INFO-   步骤1: 调用get_symbols获取基础信息...
20260412 13:43:22- INFO-   get_symbols返回 5228 条记录
20260412 13:43:22- INFO-   过滤后剩余 5228 只股票(已剔除未上市/已退市)
20260412 13:43:22- INFO-   步骤2: 调用history批量获取数据...
20260412 13:43:23- INFO-   history批量返回 5228 条记录
20260412 13:43:23- INFO-   步骤3: 调用stk_get_daily_mktvalue_pt获取市值数据...
20260412 13:43:23- INFO-   stk_get_daily_mktvalue_pt返回 5228 条记录
20260412 13:43:23- INFO-   步骤4: 合并数据...
20260412 13:43:23- INFO-   数据合并完成,最终返回 5228 条记录, 18 个字段
20260412 13:43:23- INFO- ✓ 2025-09-19 数据获取成功: 5228 条
20260412 13:43:24- INFO- 开始获取 2025-09-22 的掘金全市场数据...
20260412 13:43:24- INFO-   步骤1: 调用get_symbols获取基础信息...
20260412 13:43:25- INFO-   get_symbols返回 5224 条记录
20260412 13:43:25- INFO-   过滤后剩余 5224 只股票(已剔除未上市/已退市)
20260412 13:43:25- INFO-   步骤2: 调用history批量获取数据...
20260412 13:43:25- INFO-   history批量返回 5224 条记录
20260412 13:43:25- INFO-   步骤3: 调用stk_get_daily_mktvalue_pt获取市值数据...
20260412 13:43:26- INFO-   stk_get_daily_mktvalue_pt返回 5224 条记录
20260412 13:43:26- INFO-   步骤4: 合并数据...
20260412 13:43:26- INFO-   数据合并完成,最终返回 5224 条记录, 18 个字段
20260412 13:43:26- INFO- ✓ 2025-09-22 数据获取成功: 5224 条
20260412 13:43:26- INFO- 开始获取 2025-09-23 的掘金全市场数据...
20260412 13:43:26- INFO-   步骤1: 调用get_symbols获取基础信息...
20260412 13:43:27- INFO-   get_symbols返回 5229 条记录
20260412 13:43:27- INFO-   过滤后剩余 5229 只股票(已剔除未上市/已退市)
20260412 13:43:27- INFO-   步骤2: 调用history批量获取数据...
20260412 13:43:27- INFO-   history批量返回 5229 条记录
20260412 13:43:27- INFO-   步骤3: 调用stk_get_daily_mktvalue_pt获取市值数据...
20260412 13:43:28- INFO-   stk_get_daily_mktvalue_pt返回 5229 条记录
20260412 13:43:28- INFO-   步骤4: 合并数据...
20260412 13:43:28- INFO-   数据合并完成,最终返回 5229 条记录, 18 个字段
20260412 13:43:28- INFO- ✓ 2025-09-23 数据获取成功: 5229 条
20260412 13:43:28- INFO- 开始获取 2025-09-24 的掘金全市场数据...
20260412 13:43:28- INFO-   步骤1: 调用get_symbols获取基础信息...
20260412 13:43:30- INFO-   get_symbols返回 5227 条记录
20260412 13:43:30- INFO-   过滤后剩余 5227 只股票(已剔除未上市/已退市)
20260412 13:43:30- INFO-   步骤2: 调用history批量获取数据...
20260412 13:43:30- INFO-   history批量返回 5227 条记录
20260412 13:43:30- INFO-   步骤3: 调用stk_get_daily_mktvalue_pt获取市值数据...
20260412 13:43:30- INFO-   stk_get_daily_mktvalue_pt返回 5227 条记录
20260412 13:43:30- INFO-   步骤4: 合并数据...
20260412 13:43:30- INFO-   数据合并完成,最终返回 5227 条记录, 18 个字段
20260412 13:43:30- INFO- ✓ 2025-09-24 数据获取成功: 5227 条
20260412 13:43:31- INFO- 开始获取 2025-09-25 的掘金全市场数据...
20260412 13:43:31- INFO-   步骤1: 调用get_symbols获取基础信息...
20260412 13:43:32- INFO-   get_symbols返回 5230 条记录
20260412 13:43:32- INFO-   过滤后剩余 5230 只股票(已剔除未上市/已退市)
20260412 13:43:32- INFO-   步骤2: 调用history批量获取数据...
20260412 13:43:32- INFO-   history批量返回 5230 条记录
20260412 13:43:32- INFO-   步骤3: 调用stk_get_daily_mktvalue_pt获取市值数据...
20260412 13:43:33- INFO-   stk_get_daily_mktvalue_pt返回 5230 条记录
20260412 13:43:33- INFO-   步骤4: 合并数据...
20260412 13:43:33- INFO-   数据合并完成,最终返回 5230 条记录, 18 个字段
20260412 13:43:33- INFO- ✓ 2025-09-25 数据获取成功: 5230 条
20260412 13:43:33- INFO- 开始获取 2025-09-26 的掘金全市场数据...
20260412 13:43:33- INFO-   步骤1: 调用get_symbols获取基础信息...
20260412 13:43:34- INFO-   get_symbols返回 5230 条记录
20260412 13:43:34- INFO-   过滤后剩余 5230 只股票(已剔除未上市/已退市)
20260412 13:43:34- INFO-   步骤2: 调用history批量获取数据...
20260412 13:43:34- INFO-   history批量返回 5230 条记录
20260412 13:43:34- INFO-   步骤3: 调用stk_get_daily_mktvalue_pt获取市值数据...
20260412 13:43:35- INFO-   stk_get_daily_mktvalue_pt返回 5230 条记录
20260412 13:43:35- INFO-   步骤4: 合并数据...
20260412 13:43:35- INFO-   数据合并完成,最终返回 5230 条记录, 18 个字段
20260412 13:43:35- INFO- ✓ 2025-09-26 数据获取成功: 5230 条
20260412 13:43:35- INFO- 开始获取 2025-09-29 的掘金全市场数据...
20260412 13:43:35- INFO-   步骤1: 调用get_symbols获取基础信息...
20260412 13:43:36- INFO-   get_symbols返回 5224 条记录
20260412 13:43:37- INFO-   过滤后剩余 5224 只股票(已剔除未上市/已退市)
20260412 13:43:37- INFO-   步骤2: 调用history批量获取数据...
20260412 13:43:37- INFO-   history批量返回 5224 条记录
20260412 13:43:37- INFO-   步骤3: 调用stk_get_daily_mktvalue_pt获取市值数据...
20260412 13:43:37- INFO-   stk_get_daily_mktvalue_pt返回 5224 条记录
20260412 13:43:37- INFO-   步骤4: 合并数据...
20260412 13:43:37- INFO-   数据合并完成,最终返回 5224 条记录, 18 个字段
20260412 13:43:37- INFO- ✓ 2025-09-29 数据获取成功: 5224 条
20260412 13:43:38- INFO- 开始获取 2025-09-30 的掘金全市场数据...
20260412 13:43:38- INFO-   步骤1: 调用get_symbols获取基础信息...
20260412 13:43:39- INFO-   get_symbols返回 5228 条记录
20260412 13:43:39- INFO-   过滤后剩余 5227 只股票(已剔除未上市/已退市)
20260412 13:43:39- INFO-   步骤2: 调用history批量获取数据...
20260412 13:43:39- INFO-   history批量返回 5227 条记录
20260412 13:43:39- INFO-   步骤3: 调用stk_get_daily_mktvalue_pt获取市值数据...
20260412 13:43:40- INFO-   stk_get_daily_mktvalue_pt返回 5227 条记录
20260412 13:43:40- INFO-   步骤4: 合并数据...
20260412 13:43:40- INFO-   数据合并完成,最终返回 5227 条记录, 18 个字段
20260412 13:43:40- INFO- ✓ 2025-09-30 数据获取成功: 5227 条
20260412 13:43:40- INFO- 开始获取 2025-10-01 的掘金全市场数据...
20260412 13:43:40- INFO-   步骤1: 调用get_symbols获取基础信息...
20260412 13:43:40- WARNING- 2025-10-01 get_symbols返回空数据
20260412 13:43:40- WARNING- ✗ 2025-10-01 无数据
20260412 13:43:41- INFO- 开始获取 2025-10-02 的掘金全市场数据...
20260412 13:43:41- INFO-   步骤1: 调用get_symbols获取基础信息...
20260412 13:43:41- WARNING- 2025-10-02 get_symbols返回空数据
20260412 13:43:41- WARNING- ✗ 2025-10-02 无数据
20260412 13:43:42- INFO- 开始获取 2025-10-03 的掘金全市场数据...
20260412 13:43:42- INFO-   步骤1: 调用get_symbols获取基础信息...
20260412 13:43:42- WARNING- 2025-10-03 get_symbols返回空数据
20260412 13:43:42- WARNING- ✗ 2025-10-03 无数据
20260412 13:43:43- INFO- 开始获取 2025-10-06 的掘金全市场数据...
20260412 13:43:43- INFO-   步骤1: 调用get_symbols获取基础信息...
20260412 13:43:43- WARNING- 2025-10-06 get_symbols返回空数据
20260412 13:43:43- WARNING- ✗ 2025-10-06 无数据
20260412 13:43:43- INFO- 开始获取 2025-10-07 的掘金全市场数据...
20260412 13:43:43- INFO-   步骤1: 调用get_symbols获取基础信息...
20260412 13:43:44- WARNING- 2025-10-07 get_symbols返回空数据
20260412 13:43:44- WARNING- ✗ 2025-10-07 无数据
20260412 13:43:44- INFO- 开始获取 2025-10-08 的掘金全市场数据...
20260412 13:43:44- INFO-   步骤1: 调用get_symbols获取基础信息...
20260412 13:43:45- WARNING- 2025-10-08 get_symbols返回空数据
20260412 13:43:45- WARNING- ✗ 2025-10-08 无数据
20260412 13:43:45- INFO- 开始获取 2025-10-09 的掘金全市场数据...
20260412 13:43:45- INFO-   步骤1: 调用get_symbols获取基础信息...
20260412 13:43:46- INFO-   get_symbols返回 5223 条记录
20260412 13:43:46- INFO-   过滤后剩余 5223 只股票(已剔除未上市/已退市)
20260412 13:43:46- INFO-   步骤2: 调用history批量获取数据...
20260412 13:43:46- INFO-   history批量返回 5223 条记录
20260412 13:43:46- INFO-   步骤3: 调用stk_get_daily_mktvalue_pt获取市值数据...
20260412 13:43:47- INFO-   stk_get_daily_mktvalue_pt返回 5223 条记录
20260412 13:43:47- INFO-   步骤4: 合并数据...
20260412 13:43:47- INFO-   数据合并完成,最终返回 5223 条记录, 18 个字段
20260412 13:43:47- INFO- ✓ 2025-10-09 数据获取成功: 5223 条
20260412 13:43:47- INFO- 开始获取 2025-10-10 的掘金全市场数据...
20260412 13:43:47- INFO-   步骤1: 调用get_symbols获取基础信息...
20260412 13:43:48- INFO-   get_symbols返回 5225 条记录
20260412 13:43:49- INFO-   过滤后剩余 5225 只股票(已剔除未上市/已退市)
20260412 13:43:49- INFO-   步骤2: 调用history批量获取数据...
20260412 13:43:49- INFO-   history批量返回 5225 条记录
20260412 13:43:49- INFO-   步骤3: 调用stk_get_daily_mktvalue_pt获取市值数据...
20260412 13:43:49- INFO-   stk_get_daily_mktvalue_pt返回 5225 条记录
20260412 13:43:49- INFO-   步骤4: 合并数据...
20260412 13:43:49- INFO-   数据合并完成,最终返回 5225 条记录, 18 个字段
20260412 13:43:49- INFO- ✓ 2025-10-10 数据获取成功: 5225 条
20260412 13:43:50- INFO- 开始获取 2025-10-13 的掘金全市场数据...
20260412 13:43:50- INFO-   步骤1: 调用get_symbols获取基础信息...
20260412 13:43:51- INFO-   get_symbols返回 5227 条记录
20260412 13:43:51- INFO-   过滤后剩余 5227 只股票(已剔除未上市/已退市)
20260412 13:43:51- INFO-   步骤2: 调用history批量获取数据...
20260412 13:43:51- INFO-   history批量返回 5227 条记录
20260412 13:43:51- INFO-   步骤3: 调用stk_get_daily_mktvalue_pt获取市值数据...
20260412 13:43:52- INFO-   stk_get_daily_mktvalue_pt返回 5227 条记录
20260412 13:43:52- INFO-   步骤4: 合并数据...
20260412 13:43:52- INFO-   数据合并完成,最终返回 5227 条记录, 18 个字段
20260412 13:43:52- INFO- ✓ 2025-10-13 数据获取成功: 5227 条
20260412 13:43:52- INFO- 开始获取 2025-10-14 的掘金全市场数据...
20260412 13:43:52- INFO-   步骤1: 调用get_symbols获取基础信息...
20260412 13:43:53- INFO-   get_symbols返回 5228 条记录
20260412 13:43:53- INFO-   过滤后剩余 5227 只股票(已剔除未上市/已退市)
20260412 13:43:53- INFO-   步骤2: 调用history批量获取数据...
20260412 13:43:54- INFO-   history批量返回 5227 条记录
20260412 13:43:54- INFO-   步骤3: 调用stk_get_daily_mktvalue_pt获取市值数据...
20260412 13:43:54- INFO-   stk_get_daily_mktvalue_pt返回 5227 条记录
20260412 13:43:54- INFO-   步骤4: 合并数据...
20260412 13:43:54- INFO-   数据合并完成,最终返回 5227 条记录, 18 个字段
20260412 13:43:54- INFO- ✓ 2025-10-14 数据获取成功: 5227 条
20260412 13:43:55- INFO- 开始获取 2025-10-15 的掘金全市场数据...
20260412 13:43:55- INFO-   步骤1: 调用get_symbols获取基础信息...
20260412 13:43:56- INFO-   get_symbols返回 5227 条记录
20260412 13:43:56- INFO-   过滤后剩余 5227 只股票(已剔除未上市/已退市)
20260412 13:43:56- INFO-   步骤2: 调用history批量获取数据...
20260412 13:43:56- INFO-   history批量返回 5227 条记录
20260412 13:43:56- INFO-   步骤3: 调用stk_get_daily_mktvalue_pt获取市值数据...
20260412 13:43:57- INFO-   stk_get_daily_mktvalue_pt返回 5227 条记录
20260412 13:43:57- INFO-   步骤4: 合并数据...
20260412 13:43:57- INFO-   数据合并完成,最终返回 5227 条记录, 18 个字段
20260412 13:43:57- INFO- ✓ 2025-10-15 数据获取成功: 5227 条
20260412 13:43:57- INFO- 开始获取 2025-10-16 的掘金全市场数据...
20260412 13:43:57- INFO-   步骤1: 调用get_symbols获取基础信息...
20260412 13:43:58- INFO-   get_symbols返回 5230 条记录
20260412 13:43:58- INFO-   过滤后剩余 5230 只股票(已剔除未上市/已退市)
20260412 13:43:58- INFO-   步骤2: 调用history批量获取数据...
20260412 13:43:59- INFO-   history批量返回 5230 条记录
20260412 13:43:59- INFO-   步骤3: 调用stk_get_daily_mktvalue_pt获取市值数据...
20260412 13:43:59- INFO-   stk_get_daily_mktvalue_pt返回 5230 条记录
20260412 13:43:59- INFO-   步骤4: 合并数据...
20260412 13:43:59- INFO-   数据合并完成,最终返回 5230 条记录, 18 个字段
20260412 13:43:59- INFO- ✓ 2025-10-16 数据获取成功: 5230 条
20260412 13:44:00- INFO- 开始获取 2025-10-17 的掘金全市场数据...
20260412 13:44:00- INFO-   步骤1: 调用get_symbols获取基础信息...
20260412 13:44:01- INFO-   get_symbols返回 5233 条记录
20260412 13:44:01- INFO-   过滤后剩余 5233 只股票(已剔除未上市/已退市)
20260412 13:44:01- INFO-   步骤2: 调用history批量获取数据...
20260412 13:44:01- INFO-   history批量返回 5233 条记录
20260412 13:44:01- INFO-   步骤3: 调用stk_get_daily_mktvalue_pt获取市值数据...
20260412 13:44:01- INFO-   stk_get_daily_mktvalue_pt返回 5233 条记录
20260412 13:44:01- INFO-   步骤4: 合并数据...
20260412 13:44:01- INFO-   数据合并完成,最终返回 5233 条记录, 18 个字段
20260412 13:44:01- INFO- ✓ 2025-10-17 数据获取成功: 5233 条
20260412 13:44:02- INFO- 开始获取 2025-10-20 的掘金全市场数据...
20260412 13:44:02- INFO-   步骤1: 调用get_symbols获取基础信息...
20260412 13:44:03- INFO-   get_symbols返回 5232 条记录
20260412 13:44:03- INFO-   过滤后剩余 5232 只股票(已剔除未上市/已退市)
20260412 13:44:03- INFO-   步骤2: 调用history批量获取数据...
20260412 13:44:04- INFO-   history批量返回 5232 条记录
20260412 13:44:04- INFO-   步骤3: 调用stk_get_daily_mktvalue_pt获取市值数据...
20260412 13:44:04- INFO-   stk_get_daily_mktvalue_pt返回 5232 条记录
20260412 13:44:04- INFO-   步骤4: 合并数据...
20260412 13:44:04- INFO-   数据合并完成,最终返回 5232 条记录, 18 个字段
20260412 13:44:04- INFO- ✓ 2025-10-20 数据获取成功: 5232 条
20260412 13:44:05- INFO- 开始获取 2025-10-21 的掘金全市场数据...
20260412 13:44:05- INFO-   步骤1: 调用get_symbols获取基础信息...
20260412 13:44:06- INFO-   get_symbols返回 5231 条记录
20260412 13:44:06- INFO-   过滤后剩余 5231 只股票(已剔除未上市/已退市)
20260412 13:44:06- INFO-   步骤2: 调用history批量获取数据...
20260412 13:44:06- INFO-   history批量返回 5231 条记录
20260412 13:44:06- INFO-   步骤3: 调用stk_get_daily_mktvalue_pt获取市值数据...
20260412 13:44:06- INFO-   stk_get_daily_mktvalue_pt返回 5231 条记录
20260412 13:44:06- INFO-   步骤4: 合并数据...
20260412 13:44:06- INFO-   数据合并完成,最终返回 5231 条记录, 18 个字段
20260412 13:44:06- INFO- ✓ 2025-10-21 数据获取成功: 5231 条
20260412 13:44:07- INFO- 开始获取 2025-10-22 的掘金全市场数据...
20260412 13:44:07- INFO-   步骤1: 调用get_symbols获取基础信息...
20260412 13:44:08- INFO-   get_symbols返回 5231 条记录
20260412 13:44:08- INFO-   过滤后剩余 5231 只股票(已剔除未上市/已退市)
20260412 13:44:08- INFO-   步骤2: 调用history批量获取数据...
20260412 13:44:08- INFO-   history批量返回 5231 条记录
20260412 13:44:08- INFO-   步骤3: 调用stk_get_daily_mktvalue_pt获取市值数据...
20260412 13:44:09- INFO-   stk_get_daily_mktvalue_pt返回 5231 条记录
20260412 13:44:09- INFO-   步骤4: 合并数据...
20260412 13:44:09- INFO-   数据合并完成,最终返回 5231 条记录, 18 个字段
20260412 13:44:09- INFO- ✓ 2025-10-22 数据获取成功: 5231 条
20260412 13:44:09- INFO- 开始获取 2025-10-23 的掘金全市场数据...
20260412 13:44:09- INFO-   步骤1: 调用get_symbols获取基础信息...
20260412 13:44:11- INFO-   get_symbols返回 5233 条记录
20260412 13:44:11- INFO-   过滤后剩余 5233 只股票(已剔除未上市/已退市)
20260412 13:44:11- INFO-   步骤2: 调用history批量获取数据...
20260412 13:44:11- INFO-   history批量返回 5233 条记录
20260412 13:44:11- INFO-   步骤3: 调用stk_get_daily_mktvalue_pt获取市值数据...
20260412 13:44:11- INFO-   stk_get_daily_mktvalue_pt返回 5233 条记录
20260412 13:44:11- INFO-   步骤4: 合并数据...
20260412 13:44:11- INFO-   数据合并完成,最终返回 5233 条记录, 18 个字段
20260412 13:44:11- INFO- ✓ 2025-10-23 数据获取成功: 5233 条
20260412 13:44:12- INFO- 开始获取 2025-10-24 的掘金全市场数据...
20260412 13:44:12- INFO-   步骤1: 调用get_symbols获取基础信息...
20260412 13:44:13- INFO-   get_symbols返回 5234 条记录
20260412 13:44:13- INFO-   过滤后剩余 5234 只股票(已剔除未上市/已退市)
20260412 13:44:13- INFO-   步骤2: 调用history批量获取数据...
20260412 13:44:13- INFO-   history批量返回 5234 条记录
20260412 13:44:13- INFO-   步骤3: 调用stk_get_daily_mktvalue_pt获取市值数据...
20260412 13:44:14- INFO-   stk_get_daily_mktvalue_pt返回 5234 条记录
20260412 13:44:14- INFO-   步骤4: 合并数据...
20260412 13:44:14- INFO-   数据合并完成,最终返回 5234 条记录, 18 个字段
20260412 13:44:14- INFO- ✓ 2025-10-24 数据获取成功: 5234 条
20260412 13:44:14- INFO- 开始获取 2025-10-27 的掘金全市场数据...
20260412 13:44:14- INFO-   步骤1: 调用get_symbols获取基础信息...
20260412 13:44:15- INFO-   get_symbols返回 5233 条记录
20260412 13:44:15- INFO-   过滤后剩余 5233 只股票(已剔除未上市/已退市)
20260412 13:44:15- INFO-   步骤2: 调用history批量获取数据...
20260412 13:44:16- INFO-   history批量返回 5233 条记录
20260412 13:44:16- INFO-   步骤3: 调用stk_get_daily_mktvalue_pt获取市值数据...
20260412 13:44:16- INFO-   stk_get_daily_mktvalue_pt返回 5233 条记录
20260412 13:44:16- INFO-   步骤4: 合并数据...
20260412 13:44:16- INFO-   数据合并完成,最终返回 5233 条记录, 18 个字段
20260412 13:44:16- INFO- ✓ 2025-10-27 数据获取成功: 5233 条
20260412 13:44:17- INFO- 开始获取 2025-10-28 的掘金全市场数据...
20260412 13:44:17- INFO-   步骤1: 调用get_symbols获取基础信息...
20260412 13:44:18- INFO-   get_symbols返回 5233 条记录
20260412 13:44:18- INFO-   过滤后剩余 5233 只股票(已剔除未上市/已退市)
20260412 13:44:18- INFO-   步骤2: 调用history批量获取数据...
20260412 13:44:18- INFO-   history批量返回 5233 条记录
20260412 13:44:18- INFO-   步骤3: 调用stk_get_daily_mktvalue_pt获取市值数据...
20260412 13:44:19- INFO-   stk_get_daily_mktvalue_pt返回 5233 条记录
20260412 13:44:19- INFO-   步骤4: 合并数据...
20260412 13:44:19- INFO-   数据合并完成,最终返回 5233 条记录, 18 个字段
20260412 13:44:19- INFO- ✓ 2025-10-28 数据获取成功: 5233 条
20260412 13:44:19- INFO- 开始获取 2025-10-29 的掘金全市场数据...
20260412 13:44:19- INFO-   步骤1: 调用get_symbols获取基础信息...
20260412 13:44:20- INFO-   get_symbols返回 5233 条记录
20260412 13:44:20- INFO-   过滤后剩余 5233 只股票(已剔除未上市/已退市)
20260412 13:44:20- INFO-   步骤2: 调用history批量获取数据...
20260412 13:44:21- INFO-   history批量返回 5233 条记录
20260412 13:44:21- INFO-   步骤3: 调用stk_get_daily_mktvalue_pt获取市值数据...
20260412 13:44:21- INFO-   stk_get_daily_mktvalue_pt返回 5233 条记录
20260412 13:44:21- INFO-   步骤4: 合并数据...
20260412 13:44:21- INFO-   数据合并完成,最终返回 5233 条记录, 18 个字段
20260412 13:44:21- INFO- ✓ 2025-10-29 数据获取成功: 5233 条
20260412 13:44:22- INFO- 开始获取 2025-10-30 的掘金全市场数据...
20260412 13:44:22- INFO-   步骤1: 调用get_symbols获取基础信息...
20260412 13:44:23- INFO-   get_symbols返回 5232 条记录
20260412 13:44:23- INFO-   过滤后剩余 5232 只股票(已剔除未上市/已退市)
20260412 13:44:23- INFO-   步骤2: 调用history批量获取数据...
20260412 13:44:23- INFO-   history批量返回 5232 条记录
20260412 13:44:23- INFO-   步骤3: 调用stk_get_daily_mktvalue_pt获取市值数据...
20260412 13:44:24- INFO-   stk_get_daily_mktvalue_pt返回 5232 条记录
20260412 13:44:24- INFO-   步骤4: 合并数据...
20260412 13:44:24- INFO-   数据合并完成,最终返回 5232 条记录, 18 个字段
20260412 13:44:24- INFO- ✓ 2025-10-30 数据获取成功: 5232 条
20260412 13:44:24- INFO- 开始获取 2025-10-31 的掘金全市场数据...
20260412 13:44:24- INFO-   步骤1: 调用get_symbols获取基础信息...
20260412 13:44:25- INFO-   get_symbols返回 5233 条记录
20260412 13:44:25- INFO-   过滤后剩余 5233 只股票(已剔除未上市/已退市)
20260412 13:44:25- INFO-   步骤2: 调用history批量获取数据...
20260412 13:44:25- INFO-   history批量返回 5233 条记录
20260412 13:44:25- INFO-   步骤3: 调用stk_get_daily_mktvalue_pt获取市值数据...
20260412 13:44:26- INFO-   stk_get_daily_mktvalue_pt返回 5233 条记录
20260412 13:44:26- INFO-   步骤4: 合并数据...
20260412 13:44:26- INFO-   数据合并完成,最终返回 5233 条记录, 18 个字段
20260412 13:44:26- INFO- ✓ 2025-10-31 数据获取成功: 5233 条
20260412 13:44:26- INFO- 开始获取 2025-11-03 的掘金全市场数据...
20260412 13:44:26- INFO-   步骤1: 调用get_symbols获取基础信息...
20260412 13:44:27- INFO-   get_symbols返回 5234 条记录
20260412 13:44:27- INFO-   过滤后剩余 5234 只股票(已剔除未上市/已退市)
20260412 13:44:27- INFO-   步骤2: 调用history批量获取数据...
20260412 13:44:28- INFO-   history批量返回 5234 条记录
20260412 13:44:28- INFO-   步骤3: 调用stk_get_daily_mktvalue_pt获取市值数据...
20260412 13:44:28- INFO-   stk_get_daily_mktvalue_pt返回 5234 条记录
20260412 13:44:28- INFO-   步骤4: 合并数据...
20260412 13:44:28- INFO-   数据合并完成,最终返回 5234 条记录, 18 个字段
20260412 13:44:28- INFO- ✓ 2025-11-03 数据获取成功: 5234 条
20260412 13:44:29- INFO- 开始获取 2025-11-04 的掘金全市场数据...
20260412 13:44:29- INFO-   步骤1: 调用get_symbols获取基础信息...
20260412 13:44:30- INFO-   get_symbols返回 5234 条记录
20260412 13:44:30- INFO-   过滤后剩余 5234 只股票(已剔除未上市/已退市)
20260412 13:44:30- INFO-   步骤2: 调用history批量获取数据...
20260412 13:44:30- INFO-   history批量返回 5234 条记录
20260412 13:44:30- INFO-   步骤3: 调用stk_get_daily_mktvalue_pt获取市值数据...
20260412 13:44:31- INFO-   stk_get_daily_mktvalue_pt返回 5234 条记录
20260412 13:44:31- INFO-   步骤4: 合并数据...
20260412 13:44:31- INFO-   数据合并完成,最终返回 5234 条记录, 18 个字段
20260412 13:44:31- INFO- ✓ 2025-11-04 数据获取成功: 5234 条
20260412 13:44:31- INFO- 开始获取 2025-11-05 的掘金全市场数据...
20260412 13:44:31- INFO-   步骤1: 调用get_symbols获取基础信息...
20260412 13:44:32- INFO-   get_symbols返回 5233 条记录
20260412 13:44:32- INFO-   过滤后剩余 5233 只股票(已剔除未上市/已退市)
20260412 13:44:32- INFO-   步骤2: 调用history批量获取数据...
20260412 13:44:33- INFO-   history批量返回 5233 条记录
20260412 13:44:33- INFO-   步骤3: 调用stk_get_daily_mktvalue_pt获取市值数据...
20260412 13:44:33- INFO-   stk_get_daily_mktvalue_pt返回 5233 条记录
20260412 13:44:33- INFO-   步骤4: 合并数据...
20260412 13:44:33- INFO-   数据合并完成,最终返回 5233 条记录, 18 个字段
20260412 13:44:33- INFO- ✓ 2025-11-05 数据获取成功: 5233 条
20260412 13:44:34- INFO- 开始获取 2025-11-06 的掘金全市场数据...
20260412 13:44:34- INFO-   步骤1: 调用get_symbols获取基础信息...
20260412 13:44:35- INFO-   get_symbols返回 5233 条记录
20260412 13:44:35- INFO-   过滤后剩余 5233 只股票(已剔除未上市/已退市)
20260412 13:44:35- INFO-   步骤2: 调用history批量获取数据...
20260412 13:44:35- INFO-   history批量返回 5233 条记录
20260412 13:44:35- INFO-   步骤3: 调用stk_get_daily_mktvalue_pt获取市值数据...
20260412 13:44:35- INFO-   stk_get_daily_mktvalue_pt返回 5233 条记录
20260412 13:44:35- INFO-   步骤4: 合并数据...
20260412 13:44:36- INFO-   数据合并完成,最终返回 5233 条记录, 18 个字段
20260412 13:44:36- INFO- ✓ 2025-11-06 数据获取成功: 5233 条
20260412 13:44:36- INFO- 开始获取 2025-11-07 的掘金全市场数据...
20260412 13:44:36- INFO-   步骤1: 调用get_symbols获取基础信息...
20260412 13:44:37- INFO-   get_symbols返回 5234 条记录
20260412 13:44:37- INFO-   过滤后剩余 5234 只股票(已剔除未上市/已退市)
20260412 13:44:37- INFO-   步骤2: 调用history批量获取数据...
20260412 13:44:37- INFO-   history批量返回 5234 条记录
20260412 13:44:37- INFO-   步骤3: 调用stk_get_daily_mktvalue_pt获取市值数据...
20260412 13:44:38- INFO-   stk_get_daily_mktvalue_pt返回 5234 条记录
20260412 13:44:38- INFO-   步骤4: 合并数据...
20260412 13:44:38- INFO-   数据合并完成,最终返回 5234 条记录, 18 个字段
20260412 13:44:38- INFO- ✓ 2025-11-07 数据获取成功: 5234 条
20260412 13:44:38- INFO- 开始获取 2025-11-10 的掘金全市场数据...
20260412 13:44:38- INFO-   步骤1: 调用get_symbols获取基础信息...
20260412 13:44:39- INFO-   get_symbols返回 5237 条记录
20260412 13:44:39- INFO-   过滤后剩余 5237 只股票(已剔除未上市/已退市)
20260412 13:44:39- INFO-   步骤2: 调用history批量获取数据...
20260412 13:44:40- INFO-   history批量返回 5237 条记录
20260412 13:44:40- INFO-   步骤3: 调用stk_get_daily_mktvalue_pt获取市值数据...
20260412 13:44:40- INFO-   stk_get_daily_mktvalue_pt返回 5237 条记录
20260412 13:44:40- INFO-   步骤4: 合并数据...
20260412 13:44:40- INFO-   数据合并完成,最终返回 5237 条记录, 18 个字段
20260412 13:44:40- INFO- ✓ 2025-11-10 数据获取成功: 5237 条
20260412 13:44:41- INFO- 开始获取 2025-11-11 的掘金全市场数据...
20260412 13:44:41- INFO-   步骤1: 调用get_symbols获取基础信息...
20260412 13:44:42- INFO-   get_symbols返回 5238 条记录
20260412 13:44:42- INFO-   过滤后剩余 5237 只股票(已剔除未上市/已退市)
20260412 13:44:42- INFO-   步骤2: 调用history批量获取数据...
20260412 13:44:42- INFO-   history批量返回 5237 条记录
20260412 13:44:42- INFO-   步骤3: 调用stk_get_daily_mktvalue_pt获取市值数据...
20260412 13:44:43- INFO-   stk_get_daily_mktvalue_pt返回 5237 条记录
20260412 13:44:43- INFO-   步骤4: 合并数据...
20260412 13:44:43- INFO-   数据合并完成,最终返回 5237 条记录, 18 个字段
20260412 13:44:43- INFO- ✓ 2025-11-11 数据获取成功: 5237 条
20260412 13:44:43- INFO- 开始获取 2025-11-12 的掘金全市场数据...
20260412 13:44:43- INFO-   步骤1: 调用get_symbols获取基础信息...
20260412 13:44:44- INFO-   get_symbols返回 5239 条记录
20260412 13:44:44- INFO-   过滤后剩余 5239 只股票(已剔除未上市/已退市)
20260412 13:44:44- INFO-   步骤2: 调用history批量获取数据...
20260412 13:44:45- INFO-   history批量返回 5239 条记录
20260412 13:44:45- INFO-   步骤3: 调用stk_get_daily_mktvalue_pt获取市值数据...
20260412 13:44:45- INFO-   stk_get_daily_mktvalue_pt返回 5239 条记录
20260412 13:44:45- INFO-   步骤4: 合并数据...
20260412 13:44:45- INFO-   数据合并完成,最终返回 5239 条记录, 18 个字段
20260412 13:44:45- INFO- ✓ 2025-11-12 数据获取成功: 5239 条
20260412 13:44:46- INFO- 开始获取 2025-11-13 的掘金全市场数据...
20260412 13:44:46- INFO-   步骤1: 调用get_symbols获取基础信息...
20260412 13:44:47- INFO-   get_symbols返回 5238 条记录
20260412 13:44:47- INFO-   过滤后剩余 5238 只股票(已剔除未上市/已退市)
20260412 13:44:47- INFO-   步骤2: 调用history批量获取数据...
20260412 13:44:47- INFO-   history批量返回 5238 条记录
20260412 13:44:47- INFO-   步骤3: 调用stk_get_daily_mktvalue_pt获取市值数据...
20260412 13:44:48- INFO-   stk_get_daily_mktvalue_pt返回 5238 条记录
20260412 13:44:48- INFO-   步骤4: 合并数据...
20260412 13:44:48- INFO-   数据合并完成,最终返回 5238 条记录, 18 个字段
20260412 13:44:48- INFO- ✓ 2025-11-13 数据获取成功: 5238 条
20260412 13:44:48- INFO- 开始获取 2025-11-14 的掘金全市场数据...
20260412 13:44:48- INFO-   步骤1: 调用get_symbols获取基础信息...
20260412 13:44:49- INFO-   get_symbols返回 5236 条记录
20260412 13:44:49- INFO-   过滤后剩余 5236 只股票(已剔除未上市/已退市)
20260412 13:44:49- INFO-   步骤2: 调用history批量获取数据...
20260412 13:44:49- INFO-   history批量返回 5236 条记录
20260412 13:44:49- INFO-   步骤3: 调用stk_get_daily_mktvalue_pt获取市值数据...
20260412 13:44:50- INFO-   stk_get_daily_mktvalue_pt返回 5236 条记录
20260412 13:44:50- INFO-   步骤4: 合并数据...
20260412 13:44:50- INFO-   数据合并完成,最终返回 5236 条记录, 18 个字段
20260412 13:44:50- INFO- ✓ 2025-11-14 数据获取成功: 5236 条
20260412 13:44:50- INFO- 开始获取 2025-11-17 的掘金全市场数据...
20260412 13:44:50- INFO-   步骤1: 调用get_symbols获取基础信息...
20260412 13:44:51- INFO-   get_symbols返回 5235 条记录
20260412 13:44:51- INFO-   过滤后剩余 5235 只股票(已剔除未上市/已退市)
20260412 13:44:51- INFO-   步骤2: 调用history批量获取数据...
20260412 13:44:52- INFO-   history批量返回 5235 条记录
20260412 13:44:52- INFO-   步骤3: 调用stk_get_daily_mktvalue_pt获取市值数据...
20260412 13:44:52- INFO-   stk_get_daily_mktvalue_pt返回 5235 条记录
20260412 13:44:52- INFO-   步骤4: 合并数据...
20260412 13:44:52- INFO-   数据合并完成,最终返回 5235 条记录, 18 个字段
20260412 13:44:52- INFO- ✓ 2025-11-17 数据获取成功: 5235 条
20260412 13:44:53- INFO- 开始获取 2025-11-18 的掘金全市场数据...
20260412 13:44:53- INFO-   步骤1: 调用get_symbols获取基础信息...
20260412 13:44:54- INFO-   get_symbols返回 5237 条记录
20260412 13:44:54- INFO-   过滤后剩余 5237 只股票(已剔除未上市/已退市)
20260412 13:44:54- INFO-   步骤2: 调用history批量获取数据...
20260412 13:44:54- INFO-   history批量返回 5237 条记录
20260412 13:44:54- INFO-   步骤3: 调用stk_get_daily_mktvalue_pt获取市值数据...
20260412 13:44:55- INFO-   stk_get_daily_mktvalue_pt返回 5237 条记录
20260412 13:44:55- INFO-   步骤4: 合并数据...
20260412 13:44:55- INFO-   数据合并完成,最终返回 5237 条记录, 18 个字段
20260412 13:44:55- INFO- ✓ 2025-11-18 数据获取成功: 5237 条
20260412 13:44:55- INFO- 开始获取 2025-11-19 的掘金全市场数据...
20260412 13:44:55- INFO-   步骤1: 调用get_symbols获取基础信息...
20260412 13:44:56- INFO-   get_symbols返回 5239 条记录
20260412 13:44:56- INFO-   过滤后剩余 5239 只股票(已剔除未上市/已退市)
20260412 13:44:56- INFO-   步骤2: 调用history批量获取数据...
20260412 13:44:57- INFO-   history批量返回 5239 条记录
20260412 13:44:57- INFO-   步骤3: 调用stk_get_daily_mktvalue_pt获取市值数据...
20260412 13:44:57- INFO-   stk_get_daily_mktvalue_pt返回 5239 条记录
20260412 13:44:57- INFO-   步骤4: 合并数据...
20260412 13:44:57- INFO-   数据合并完成,最终返回 5239 条记录, 18 个字段
20260412 13:44:57- INFO- ✓ 2025-11-19 数据获取成功: 5239 条
20260412 13:44:58- INFO- 开始获取 2025-11-20 的掘金全市场数据...
20260412 13:44:58- INFO-   步骤1: 调用get_symbols获取基础信息...
20260412 13:44:59- INFO-   get_symbols返回 5238 条记录
20260412 13:44:59- INFO-   过滤后剩余 5238 只股票(已剔除未上市/已退市)
20260412 13:44:59- INFO-   步骤2: 调用history批量获取数据...
20260412 13:44:59- INFO-   history批量返回 5238 条记录
20260412 13:44:59- INFO-   步骤3: 调用stk_get_daily_mktvalue_pt获取市值数据...
20260412 13:45:00- INFO-   stk_get_daily_mktvalue_pt返回 5238 条记录
20260412 13:45:00- INFO-   步骤4: 合并数据...
20260412 13:45:00- INFO-   数据合并完成,最终返回 5238 条记录, 18 个字段
20260412 13:45:00- INFO- ✓ 2025-11-20 数据获取成功: 5238 条
20260412 13:45:00- INFO- 开始获取 2025-11-21 的掘金全市场数据...
20260412 13:45:00- INFO-   步骤1: 调用get_symbols获取基础信息...
20260412 13:45:01- INFO-   get_symbols返回 5240 条记录
20260412 13:45:01- INFO-   过滤后剩余 5240 只股票(已剔除未上市/已退市)
20260412 13:45:01- INFO-   步骤2: 调用history批量获取数据...
20260412 13:45:02- INFO-   history批量返回 5240 条记录
20260412 13:45:02- INFO-   步骤3: 调用stk_get_daily_mktvalue_pt获取市值数据...
20260412 13:45:02- INFO-   stk_get_daily_mktvalue_pt返回 5240 条记录
20260412 13:45:02- INFO-   步骤4: 合并数据...
20260412 13:45:02- INFO-   数据合并完成,最终返回 5240 条记录, 18 个字段
20260412 13:45:02- INFO- ✓ 2025-11-21 数据获取成功: 5240 条
20260412 13:45:02- INFO- 开始获取 2025-11-24 的掘金全市场数据...
20260412 13:45:02- INFO-   步骤1: 调用get_symbols获取基础信息...
20260412 13:45:04- INFO-   get_symbols返回 5236 条记录
20260412 13:45:04- INFO-   过滤后剩余 5236 只股票(已剔除未上市/已退市)
20260412 13:45:04- INFO-   步骤2: 调用history批量获取数据...
20260412 13:45:04- INFO-   history批量返回 5236 条记录
20260412 13:45:04- INFO-   步骤3: 调用stk_get_daily_mktvalue_pt获取市值数据...
20260412 13:45:05- INFO-   stk_get_daily_mktvalue_pt返回 5236 条记录
20260412 13:45:05- INFO-   步骤4: 合并数据...
20260412 13:45:05- INFO-   数据合并完成,最终返回 5236 条记录, 18 个字段
20260412 13:45:05- INFO- ✓ 2025-11-24 数据获取成功: 5236 条
20260412 13:45:05- INFO- 开始获取 2025-11-25 的掘金全市场数据...
20260412 13:45:05- INFO-   步骤1: 调用get_symbols获取基础信息...
20260412 13:45:06- INFO-   get_symbols返回 5234 条记录
20260412 13:45:06- INFO-   过滤后剩余 5234 只股票(已剔除未上市/已退市)
20260412 13:45:06- INFO-   步骤2: 调用history批量获取数据...
20260412 13:45:07- INFO-   history批量返回 5234 条记录
20260412 13:45:07- INFO-   步骤3: 调用stk_get_daily_mktvalue_pt获取市值数据...
20260412 13:45:07- INFO-   stk_get_daily_mktvalue_pt返回 5234 条记录
20260412 13:45:07- INFO-   步骤4: 合并数据...
20260412 13:45:07- INFO-   数据合并完成,最终返回 5234 条记录, 18 个字段
20260412 13:45:07- INFO- ✓ 2025-11-25 数据获取成功: 5234 条
20260412 13:45:08- INFO- 开始获取 2025-11-26 的掘金全市场数据...
20260412 13:45:08- INFO-   步骤1: 调用get_symbols获取基础信息...
20260412 13:45:09- INFO-   get_symbols返回 5230 条记录
20260412 13:45:09- INFO-   过滤后剩余 5230 只股票(已剔除未上市/已退市)
20260412 13:45:09- INFO-   步骤2: 调用history批量获取数据...
20260412 13:45:09- INFO-   history批量返回 5230 条记录
20260412 13:45:09- INFO-   步骤3: 调用stk_get_daily_mktvalue_pt获取市值数据...
20260412 13:45:09- INFO-   stk_get_daily_mktvalue_pt返回 5230 条记录
20260412 13:45:09- INFO-   步骤4: 合并数据...
20260412 13:45:10- INFO-   数据合并完成,最终返回 5230 条记录, 18 个字段
20260412 13:45:10- INFO- ✓ 2025-11-26 数据获取成功: 5230 条
20260412 13:45:10- INFO- 开始获取 2025-11-27 的掘金全市场数据...
20260412 13:45:10- INFO-   步骤1: 调用get_symbols获取基础信息...
20260412 13:45:11- INFO-   get_symbols返回 5229 条记录
20260412 13:45:11- INFO-   过滤后剩余 5229 只股票(已剔除未上市/已退市)
20260412 13:45:11- INFO-   步骤2: 调用history批量获取数据...
20260412 13:45:12- INFO-   history批量返回 5229 条记录
20260412 13:45:12- INFO-   步骤3: 调用stk_get_daily_mktvalue_pt获取市值数据...
20260412 13:45:12- INFO-   stk_get_daily_mktvalue_pt返回 5229 条记录
20260412 13:45:12- INFO-   步骤4: 合并数据...
20260412 13:45:12- INFO-   数据合并完成,最终返回 5229 条记录, 18 个字段
20260412 13:45:12- INFO- ✓ 2025-11-27 数据获取成功: 5229 条
20260412 13:45:13- INFO- 开始获取 2025-11-28 的掘金全市场数据...
20260412 13:45:13- INFO-   步骤1: 调用get_symbols获取基础信息...
20260412 13:45:14- INFO-   get_symbols返回 5228 条记录
20260412 13:45:14- INFO-   过滤后剩余 5228 只股票(已剔除未上市/已退市)
20260412 13:45:14- INFO-   步骤2: 调用history批量获取数据...
20260412 13:45:14- INFO-   history批量返回 5228 条记录
20260412 13:45:14- INFO-   步骤3: 调用stk_get_daily_mktvalue_pt获取市值数据...
20260412 13:45:14- INFO-   stk_get_daily_mktvalue_pt返回 5228 条记录
20260412 13:45:14- INFO-   步骤4: 合并数据...
20260412 13:45:14- INFO-   数据合并完成,最终返回 5228 条记录, 18 个字段
20260412 13:45:14- INFO- ✓ 2025-11-28 数据获取成功: 5228 条
20260412 13:45:15- INFO- 开始获取 2025-12-01 的掘金全市场数据...
20260412 13:45:15- INFO-   步骤1: 调用get_symbols获取基础信息...
20260412 13:45:16- INFO-   get_symbols返回 5227 条记录
20260412 13:45:16- INFO-   过滤后剩余 5227 只股票(已剔除未上市/已退市)
20260412 13:45:16- INFO-   步骤2: 调用history批量获取数据...
20260412 13:45:16- INFO-   history批量返回 5227 条记录
20260412 13:45:16- INFO-   步骤3: 调用stk_get_daily_mktvalue_pt获取市值数据...
20260412 13:45:17- INFO-   stk_get_daily_mktvalue_pt返回 5227 条记录
20260412 13:45:17- INFO-   步骤4: 合并数据...
20260412 13:45:17- INFO-   数据合并完成,最终返回 5227 条记录, 18 个字段
20260412 13:45:17- INFO- ✓ 2025-12-01 数据获取成功: 5227 条
20260412 13:45:17- INFO- 开始获取 2025-12-02 的掘金全市场数据...
20260412 13:45:17- INFO-   步骤1: 调用get_symbols获取基础信息...
20260412 13:45:18- INFO-   get_symbols返回 5230 条记录
20260412 13:45:18- INFO-   过滤后剩余 5230 只股票(已剔除未上市/已退市)
20260412 13:45:18- INFO-   步骤2: 调用history批量获取数据...
20260412 13:45:19- INFO-   history批量返回 5230 条记录
20260412 13:45:19- INFO-   步骤3: 调用stk_get_daily_mktvalue_pt获取市值数据...
20260412 13:45:19- INFO-   stk_get_daily_mktvalue_pt返回 5230 条记录
20260412 13:45:19- INFO-   步骤4: 合并数据...
20260412 13:45:19- INFO-   数据合并完成,最终返回 5230 条记录, 18 个字段
20260412 13:45:19- INFO- ✓ 2025-12-02 数据获取成功: 5230 条
20260412 13:45:20- INFO- 开始获取 2025-12-03 的掘金全市场数据...
20260412 13:45:20- INFO-   步骤1: 调用get_symbols获取基础信息...
20260412 13:45:21- INFO-   get_symbols返回 5236 条记录
20260412 13:45:21- INFO-   过滤后剩余 5236 只股票(已剔除未上市/已退市)
20260412 13:45:21- INFO-   步骤2: 调用history批量获取数据...
20260412 13:45:21- INFO-   history批量返回 5236 条记录
20260412 13:45:21- INFO-   步骤3: 调用stk_get_daily_mktvalue_pt获取市值数据...
20260412 13:45:22- INFO-   stk_get_daily_mktvalue_pt返回 5236 条记录
20260412 13:45:22- INFO-   步骤4: 合并数据...
20260412 13:45:22- INFO-   数据合并完成,最终返回 5236 条记录, 18 个字段
20260412 13:45:22- INFO- ✓ 2025-12-03 数据获取成功: 5236 条
20260412 13:45:22- INFO- 开始获取 2025-12-04 的掘金全市场数据...
20260412 13:45:22- INFO-   步骤1: 调用get_symbols获取基础信息...
20260412 13:45:23- INFO-   get_symbols返回 5234 条记录
20260412 13:45:23- INFO-   过滤后剩余 5234 只股票(已剔除未上市/已退市)
20260412 13:45:23- INFO-   步骤2: 调用history批量获取数据...
20260412 13:45:24- INFO-   history批量返回 5234 条记录
20260412 13:45:24- INFO-   步骤3: 调用stk_get_daily_mktvalue_pt获取市值数据...
20260412 13:45:24- INFO-   stk_get_daily_mktvalue_pt返回 5234 条记录
20260412 13:45:24- INFO-   步骤4: 合并数据...
20260412 13:45:24- INFO-   数据合并完成,最终返回 5234 条记录, 18 个字段
20260412 13:45:24- INFO- ✓ 2025-12-04 数据获取成功: 5234 条
20260412 13:45:25- INFO- 开始获取 2025-12-05 的掘金全市场数据...
20260412 13:45:25- INFO-   步骤1: 调用get_symbols获取基础信息...
20260412 13:45:26- INFO-   get_symbols返回 5233 条记录
20260412 13:45:26- INFO-   过滤后剩余 5232 只股票(已剔除未上市/已退市)
20260412 13:45:26- INFO-   步骤2: 调用history批量获取数据...
20260412 13:45:26- INFO-   history批量返回 5232 条记录
20260412 13:45:26- INFO-   步骤3: 调用stk_get_daily_mktvalue_pt获取市值数据...
20260412 13:45:27- INFO-   stk_get_daily_mktvalue_pt返回 5232 条记录
20260412 13:45:27- INFO-   步骤4: 合并数据...
20260412 13:45:27- INFO-   数据合并完成,最终返回 5232 条记录, 18 个字段
20260412 13:45:27- INFO- ✓ 2025-12-05 数据获取成功: 5232 条
20260412 13:45:27- INFO- 开始获取 2025-12-08 的掘金全市场数据...
20260412 13:45:27- INFO-   步骤1: 调用get_symbols获取基础信息...
20260412 13:45:28- INFO-   get_symbols返回 5234 条记录
20260412 13:45:28- INFO-   过滤后剩余 5234 只股票(已剔除未上市/已退市)
20260412 13:45:28- INFO-   步骤2: 调用history批量获取数据...
20260412 13:45:29- INFO-   history批量返回 5234 条记录
20260412 13:45:29- INFO-   步骤3: 调用stk_get_daily_mktvalue_pt获取市值数据...
20260412 13:45:29- INFO-   stk_get_daily_mktvalue_pt返回 5234 条记录
20260412 13:45:29- INFO-   步骤4: 合并数据...
20260412 13:45:29- INFO-   数据合并完成,最终返回 5234 条记录, 18 个字段
20260412 13:45:29- INFO- ✓ 2025-12-08 数据获取成功: 5234 条
20260412 13:45:30- INFO- 开始获取 2025-12-09 的掘金全市场数据...
20260412 13:45:30- INFO-   步骤1: 调用get_symbols获取基础信息...
20260412 13:45:31- INFO-   get_symbols返回 5235 条记录
20260412 13:45:31- INFO-   过滤后剩余 5235 只股票(已剔除未上市/已退市)
20260412 13:45:31- INFO-   步骤2: 调用history批量获取数据...
20260412 13:45:31- INFO-   history批量返回 5235 条记录
20260412 13:45:31- INFO-   步骤3: 调用stk_get_daily_mktvalue_pt获取市值数据...
20260412 13:45:31- INFO-   stk_get_daily_mktvalue_pt返回 5235 条记录
20260412 13:45:31- INFO-   步骤4: 合并数据...
20260412 13:45:31- INFO-   数据合并完成,最终返回 5235 条记录, 18 个字段
20260412 13:45:31- INFO- ✓ 2025-12-09 数据获取成功: 5235 条
20260412 13:45:32- INFO- 开始获取 2025-12-10 的掘金全市场数据...
20260412 13:45:32- INFO-   步骤1: 调用get_symbols获取基础信息...
20260412 13:45:33- INFO-   get_symbols返回 5232 条记录
20260412 13:45:33- INFO-   过滤后剩余 5232 只股票(已剔除未上市/已退市)
20260412 13:45:33- INFO-   步骤2: 调用history批量获取数据...
20260412 13:45:33- INFO-   history批量返回 5232 条记录
20260412 13:45:33- INFO-   步骤3: 调用stk_get_daily_mktvalue_pt获取市值数据...
20260412 13:45:34- INFO-   stk_get_daily_mktvalue_pt返回 5232 条记录
20260412 13:45:34- INFO-   步骤4: 合并数据...
20260412 13:45:34- INFO-   数据合并完成,最终返回 5232 条记录, 18 个字段
20260412 13:45:34- INFO- ✓ 2025-12-10 数据获取成功: 5232 条
20260412 13:45:34- INFO- 开始获取 2025-12-11 的掘金全市场数据...
20260412 13:45:34- INFO-   步骤1: 调用get_symbols获取基础信息...
20260412 13:45:36- INFO-   get_symbols返回 5235 条记录
20260412 13:45:36- INFO-   过滤后剩余 5235 只股票(已剔除未上市/已退市)
20260412 13:45:36- INFO-   步骤2: 调用history批量获取数据...
20260412 13:45:36- INFO-   history批量返回 5235 条记录
20260412 13:45:36- INFO-   步骤3: 调用stk_get_daily_mktvalue_pt获取市值数据...
20260412 13:45:36- INFO-   stk_get_daily_mktvalue_pt返回 5235 条记录
20260412 13:45:36- INFO-   步骤4: 合并数据...
20260412 13:45:36- INFO-   数据合并完成,最终返回 5235 条记录, 18 个字段
20260412 13:45:36- INFO- ✓ 2025-12-11 数据获取成功: 5235 条
20260412 13:45:37- INFO- 开始获取 2025-12-12 的掘金全市场数据...
20260412 13:45:37- INFO-   步骤1: 调用get_symbols获取基础信息...
20260412 13:45:38- INFO-   get_symbols返回 5237 条记录
20260412 13:45:38- INFO-   过滤后剩余 5237 只股票(已剔除未上市/已退市)
20260412 13:45:38- INFO-   步骤2: 调用history批量获取数据...
20260412 13:45:38- INFO-   history批量返回 5237 条记录
20260412 13:45:38- INFO-   步骤3: 调用stk_get_daily_mktvalue_pt获取市值数据...
20260412 13:45:39- INFO-   stk_get_daily_mktvalue_pt返回 5237 条记录
20260412 13:45:39- INFO-   步骤4: 合并数据...
20260412 13:45:39- INFO-   数据合并完成,最终返回 5237 条记录, 18 个字段
20260412 13:45:39- INFO- ✓ 2025-12-12 数据获取成功: 5237 条
20260412 13:45:39- INFO- 开始获取 2025-12-15 的掘金全市场数据...
20260412 13:45:39- INFO-   步骤1: 调用get_symbols获取基础信息...
20260412 13:45:40- INFO-   get_symbols返回 5235 条记录
20260412 13:45:40- INFO-   过滤后剩余 5235 只股票(已剔除未上市/已退市)
20260412 13:45:40- INFO-   步骤2: 调用history批量获取数据...
20260412 13:45:41- INFO-   history批量返回 5235 条记录
20260412 13:45:41- INFO-   步骤3: 调用stk_get_daily_mktvalue_pt获取市值数据...
20260412 13:45:41- INFO-   stk_get_daily_mktvalue_pt返回 5235 条记录
20260412 13:45:41- INFO-   步骤4: 合并数据...
20260412 13:45:41- INFO-   数据合并完成,最终返回 5235 条记录, 18 个字段
20260412 13:45:41- INFO- ✓ 2025-12-15 数据获取成功: 5235 条
20260412 13:45:42- INFO- 开始获取 2025-12-16 的掘金全市场数据...
20260412 13:45:42- INFO-   步骤1: 调用get_symbols获取基础信息...
20260412 13:45:43- INFO-   get_symbols返回 5237 条记录
20260412 13:45:43- INFO-   过滤后剩余 5237 只股票(已剔除未上市/已退市)
20260412 13:45:43- INFO-   步骤2: 调用history批量获取数据...
20260412 13:45:43- INFO-   history批量返回 5237 条记录
20260412 13:45:43- INFO-   步骤3: 调用stk_get_daily_mktvalue_pt获取市值数据...
20260412 13:45:44- INFO-   stk_get_daily_mktvalue_pt返回 5237 条记录
20260412 13:45:44- INFO-   步骤4: 合并数据...
20260412 13:45:44- INFO-   数据合并完成,最终返回 5237 条记录, 18 个字段
20260412 13:45:44- INFO- ✓ 2025-12-16 数据获取成功: 5237 条
20260412 13:45:44- INFO- 开始获取 2025-12-17 的掘金全市场数据...
20260412 13:45:44- INFO-   步骤1: 调用get_symbols获取基础信息...
20260412 13:45:45- INFO-   get_symbols返回 5238 条记录
20260412 13:45:45- INFO-   过滤后剩余 5238 只股票(已剔除未上市/已退市)
20260412 13:45:45- INFO-   步骤2: 调用history批量获取数据...
20260412 13:45:46- INFO-   history批量返回 5238 条记录
20260412 13:45:46- INFO-   步骤3: 调用stk_get_daily_mktvalue_pt获取市值数据...
20260412 13:45:46- INFO-   stk_get_daily_mktvalue_pt返回 5238 条记录
20260412 13:45:46- INFO-   步骤4: 合并数据...
20260412 13:45:46- INFO-   数据合并完成,最终返回 5238 条记录, 18 个字段
20260412 13:45:46- INFO- ✓ 2025-12-17 数据获取成功: 5238 条
20260412 13:45:47- INFO- 开始获取 2025-12-18 的掘金全市场数据...
20260412 13:45:47- INFO-   步骤1: 调用get_symbols获取基础信息...
20260412 13:45:48- INFO-   get_symbols返回 5242 条记录
20260412 13:45:48- INFO-   过滤后剩余 5242 只股票(已剔除未上市/已退市)
20260412 13:45:48- INFO-   步骤2: 调用history批量获取数据...
20260412 13:45:48- INFO-   history批量返回 5242 条记录
20260412 13:45:48- INFO-   步骤3: 调用stk_get_daily_mktvalue_pt获取市值数据...
20260412 13:45:48- INFO-   stk_get_daily_mktvalue_pt返回 5242 条记录
20260412 13:45:48- INFO-   步骤4: 合并数据...
20260412 13:45:49- INFO-   数据合并完成,最终返回 5242 条记录, 18 个字段
20260412 13:45:49- INFO- ✓ 2025-12-18 数据获取成功: 5242 条
20260412 13:45:49- INFO- 开始获取 2025-12-19 的掘金全市场数据...
20260412 13:45:49- INFO-   步骤1: 调用get_symbols获取基础信息...
20260412 13:45:50- INFO-   get_symbols返回 5241 条记录
20260412 13:45:50- INFO-   过滤后剩余 5241 只股票(已剔除未上市/已退市)
20260412 13:45:50- INFO-   步骤2: 调用history批量获取数据...
20260412 13:45:50- INFO-   history批量返回 5241 条记录
20260412 13:45:50- INFO-   步骤3: 调用stk_get_daily_mktvalue_pt获取市值数据...
20260412 13:45:51- INFO-   stk_get_daily_mktvalue_pt返回 5241 条记录
20260412 13:45:51- INFO-   步骤4: 合并数据...
20260412 13:45:51- INFO-   数据合并完成,最终返回 5241 条记录, 18 个字段
20260412 13:45:51- INFO- ✓ 2025-12-19 数据获取成功: 5241 条
20260412 13:45:51- INFO- 开始获取 2025-12-22 的掘金全市场数据...
20260412 13:45:51- INFO-   步骤1: 调用get_symbols获取基础信息...
20260412 13:45:52- INFO-   get_symbols返回 5237 条记录
20260412 13:45:52- INFO-   过滤后剩余 5236 只股票(已剔除未上市/已退市)
20260412 13:45:52- INFO-   步骤2: 调用history批量获取数据...
20260412 13:45:53- INFO-   history批量返回 5236 条记录
20260412 13:45:53- INFO-   步骤3: 调用stk_get_daily_mktvalue_pt获取市值数据...
20260412 13:45:53- INFO-   stk_get_daily_mktvalue_pt返回 5236 条记录
20260412 13:45:53- INFO-   步骤4: 合并数据...
20260412 13:45:53- INFO-   数据合并完成,最终返回 5236 条记录, 18 个字段
20260412 13:45:53- INFO- ✓ 2025-12-22 数据获取成功: 5236 条
20260412 13:45:54- INFO- 开始获取 2025-12-23 的掘金全市场数据...
20260412 13:45:54- INFO-   步骤1: 调用get_symbols获取基础信息...
20260412 13:45:55- INFO-   get_symbols返回 5242 条记录
20260412 13:45:55- INFO-   过滤后剩余 5242 只股票(已剔除未上市/已退市)
20260412 13:45:55- INFO-   步骤2: 调用history批量获取数据...
20260412 13:45:55- INFO-   history批量返回 5242 条记录
20260412 13:45:55- INFO-   步骤3: 调用stk_get_daily_mktvalue_pt获取市值数据...
20260412 13:45:56- INFO-   stk_get_daily_mktvalue_pt返回 5242 条记录
20260412 13:45:56- INFO-   步骤4: 合并数据...
20260412 13:45:56- INFO-   数据合并完成,最终返回 5242 条记录, 18 个字段
20260412 13:45:56- INFO- ✓ 2025-12-23 数据获取成功: 5242 条
20260412 13:45:56- INFO- 开始获取 2025-12-24 的掘金全市场数据...
20260412 13:45:56- INFO-   步骤1: 调用get_symbols获取基础信息...
20260412 13:45:57- INFO-   get_symbols返回 5244 条记录
20260412 13:45:57- INFO-   过滤后剩余 5244 只股票(已剔除未上市/已退市)
20260412 13:45:57- INFO-   步骤2: 调用history批量获取数据...
20260412 13:45:58- INFO-   history批量返回 5244 条记录
20260412 13:45:58- INFO-   步骤3: 调用stk_get_daily_mktvalue_pt获取市值数据...
20260412 13:45:58- INFO-   stk_get_daily_mktvalue_pt返回 5244 条记录
20260412 13:45:58- INFO-   步骤4: 合并数据...
20260412 13:45:58- INFO-   数据合并完成,最终返回 5244 条记录, 18 个字段
20260412 13:45:58- INFO- ✓ 2025-12-24 数据获取成功: 5244 条
20260412 13:45:59- INFO- 开始获取 2025-12-25 的掘金全市场数据...
20260412 13:45:59- INFO-   步骤1: 调用get_symbols获取基础信息...
20260412 13:46:00- INFO-   get_symbols返回 5246 条记录
20260412 13:46:00- INFO-   过滤后剩余 5246 只股票(已剔除未上市/已退市)
20260412 13:46:00- INFO-   步骤2: 调用history批量获取数据...
20260412 13:46:00- INFO-   history批量返回 5246 条记录
20260412 13:46:00- INFO-   步骤3: 调用stk_get_daily_mktvalue_pt获取市值数据...
20260412 13:46:01- INFO-   stk_get_daily_mktvalue_pt返回 5246 条记录
20260412 13:46:01- INFO-   步骤4: 合并数据...
20260412 13:46:01- INFO-   数据合并完成,最终返回 5246 条记录, 18 个字段
20260412 13:46:01- INFO- ✓ 2025-12-25 数据获取成功: 5246 条
20260412 13:46:01- INFO- 开始获取 2025-12-26 的掘金全市场数据...
20260412 13:46:01- INFO-   步骤1: 调用get_symbols获取基础信息...
20260412 13:46:02- INFO-   get_symbols返回 5245 条记录
20260412 13:46:02- INFO-   过滤后剩余 5245 只股票(已剔除未上市/已退市)
20260412 13:46:02- INFO-   步骤2: 调用history批量获取数据...
20260412 13:46:03- INFO-   history批量返回 5245 条记录
20260412 13:46:03- INFO-   步骤3: 调用stk_get_daily_mktvalue_pt获取市值数据...
20260412 13:46:03- INFO-   stk_get_daily_mktvalue_pt返回 5245 条记录
20260412 13:46:03- INFO-   步骤4: 合并数据...
20260412 13:46:03- INFO-   数据合并完成,最终返回 5245 条记录, 18 个字段
20260412 13:46:03- INFO- ✓ 2025-12-26 数据获取成功: 5245 条
20260412 13:46:04- INFO- 开始获取 2025-12-29 的掘金全市场数据...
20260412 13:46:04- INFO-   步骤1: 调用get_symbols获取基础信息...
20260412 13:46:05- INFO-   get_symbols返回 5247 条记录
20260412 13:46:05- INFO-   过滤后剩余 5247 只股票(已剔除未上市/已退市)
20260412 13:46:05- INFO-   步骤2: 调用history批量获取数据...
20260412 13:46:05- INFO-   history批量返回 5247 条记录
20260412 13:46:05- INFO-   步骤3: 调用stk_get_daily_mktvalue_pt获取市值数据...
20260412 13:46:05- INFO-   stk_get_daily_mktvalue_pt返回 5247 条记录
20260412 13:46:05- INFO-   步骤4: 合并数据...
20260412 13:46:06- INFO-   数据合并完成,最终返回 5247 条记录, 18 个字段
20260412 13:46:06- INFO- ✓ 2025-12-29 数据获取成功: 5247 条
20260412 13:46:06- INFO- 开始获取 2025-12-30 的掘金全市场数据...
20260412 13:46:06- INFO-   步骤1: 调用get_symbols获取基础信息...
20260412 13:46:07- INFO-   get_symbols返回 5249 条记录
20260412 13:46:07- INFO-   过滤后剩余 5249 只股票(已剔除未上市/已退市)
20260412 13:46:07- INFO-   步骤2: 调用history批量获取数据...
20260412 13:46:08- INFO-   history批量返回 5249 条记录
20260412 13:46:08- INFO-   步骤3: 调用stk_get_daily_mktvalue_pt获取市值数据...
20260412 13:46:08- INFO-   stk_get_daily_mktvalue_pt返回 5249 条记录
20260412 13:46:08- INFO-   步骤4: 合并数据...
20260412 13:46:08- INFO-   数据合并完成,最终返回 5249 条记录, 18 个字段
20260412 13:46:08- INFO- ✓ 2025-12-30 数据获取成功: 5249 条
20260412 13:46:09- INFO- 开始获取 2025-12-31 的掘金全市场数据...
20260412 13:46:09- INFO-   步骤1: 调用get_symbols获取基础信息...
20260412 13:46:10- INFO-   get_symbols返回 5251 条记录
20260412 13:46:10- INFO-   过滤后剩余 5250 只股票(已剔除未上市/已退市)
20260412 13:46:10- INFO-   步骤2: 调用history批量获取数据...
20260412 13:46:10- INFO-   history批量返回 5250 条记录
20260412 13:46:10- INFO-   步骤3: 调用stk_get_daily_mktvalue_pt获取市值数据...
20260412 13:46:11- INFO-   stk_get_daily_mktvalue_pt返回 5250 条记录
20260412 13:46:11- INFO-   步骤4: 合并数据...
20260412 13:46:11- INFO-   数据合并完成,最终返回 5250 条记录, 18 个字段
20260412 13:46:11- INFO- ✓ 2025-12-31 数据获取成功: 5250 条
20260412 13:46:11- INFO- 开始获取 2026-01-01 的掘金全市场数据...
20260412 13:46:11- INFO-   步骤1: 调用get_symbols获取基础信息...
20260412 13:46:13- WARNING- 2026-01-01 get_symbols返回空数据
20260412 13:46:13- WARNING- ✗ 2026-01-01 无数据
20260412 13:46:14- INFO- 开始获取 2026-01-02 的掘金全市场数据...
20260412 13:46:14- INFO-   步骤1: 调用get_symbols获取基础信息...
20260412 13:46:14- WARNING- 2026-01-02 get_symbols返回空数据
20260412 13:46:14- WARNING- ✗ 2026-01-02 无数据
20260412 13:46:14- INFO- 开始获取 2026-01-05 的掘金全市场数据...
20260412 13:46:14- INFO-   步骤1: 调用get_symbols获取基础信息...
20260412 13:46:15- INFO-   get_symbols返回 5250 条记录
20260412 13:46:15- INFO-   过滤后剩余 5250 只股票(已剔除未上市/已退市)
20260412 13:46:15- INFO-   步骤2: 调用history批量获取数据...
20260412 13:46:15- INFO-   history批量返回 5250 条记录
20260412 13:46:15- INFO-   步骤3: 调用stk_get_daily_mktvalue_pt获取市值数据...
20260412 13:46:16- INFO-   stk_get_daily_mktvalue_pt返回 5250 条记录
20260412 13:46:16- INFO-   步骤4: 合并数据...
20260412 13:46:16- INFO-   数据合并完成,最终返回 5250 条记录, 18 个字段
20260412 13:46:16- INFO- ✓ 2026-01-05 数据获取成功: 5250 条
20260412 13:46:16- INFO- 开始获取 2026-01-06 的掘金全市场数据...
20260412 13:46:16- INFO-   步骤1: 调用get_symbols获取基础信息...
20260412 13:46:17- INFO-   get_symbols返回 5252 条记录
20260412 13:46:17- INFO-   过滤后剩余 5252 只股票(已剔除未上市/已退市)
20260412 13:46:17- INFO-   步骤2: 调用history批量获取数据...
20260412 13:46:18- INFO-   history批量返回 5252 条记录
20260412 13:46:18- INFO-   步骤3: 调用stk_get_daily_mktvalue_pt获取市值数据...
20260412 13:46:18- INFO-   stk_get_daily_mktvalue_pt返回 5252 条记录
20260412 13:46:18- INFO-   步骤4: 合并数据...
20260412 13:46:18- INFO-   数据合并完成,最终返回 5252 条记录, 18 个字段
20260412 13:46:18- INFO- ✓ 2026-01-06 数据获取成功: 5252 条
20260412 13:46:19- INFO- 开始获取 2026-01-07 的掘金全市场数据...
20260412 13:46:19- INFO-   步骤1: 调用get_symbols获取基础信息...
20260412 13:46:20- INFO-   get_symbols返回 5253 条记录
20260412 13:46:20- INFO-   过滤后剩余 5253 只股票(已剔除未上市/已退市)
20260412 13:46:20- INFO-   步骤2: 调用history批量获取数据...
20260412 13:46:20- INFO-   history批量返回 5253 条记录
20260412 13:46:20- INFO-   步骤3: 调用stk_get_daily_mktvalue_pt获取市值数据...
20260412 13:46:20- INFO-   stk_get_daily_mktvalue_pt返回 5253 条记录
20260412 13:46:20- INFO-   步骤4: 合并数据...
20260412 13:46:20- INFO-   数据合并完成,最终返回 5253 条记录, 18 个字段
20260412 13:46:20- INFO- ✓ 2026-01-07 数据获取成功: 5253 条
20260412 13:46:21- INFO- 开始获取 2026-01-08 的掘金全市场数据...
20260412 13:46:21- INFO-   步骤1: 调用get_symbols获取基础信息...
20260412 13:46:22- INFO-   get_symbols返回 5252 条记录
20260412 13:46:22- INFO-   过滤后剩余 5252 只股票(已剔除未上市/已退市)
20260412 13:46:22- INFO-   步骤2: 调用history批量获取数据...
20260412 13:46:22- INFO-   history批量返回 5252 条记录
20260412 13:46:22- INFO-   步骤3: 调用stk_get_daily_mktvalue_pt获取市值数据...
20260412 13:46:23- INFO-   stk_get_daily_mktvalue_pt返回 5252 条记录
20260412 13:46:23- INFO-   步骤4: 合并数据...
20260412 13:46:23- INFO-   数据合并完成,最终返回 5252 条记录, 18 个字段
20260412 13:46:23- INFO- ✓ 2026-01-08 数据获取成功: 5252 条
20260412 13:46:23- INFO- 开始获取 2026-01-09 的掘金全市场数据...
20260412 13:46:23- INFO-   步骤1: 调用get_symbols获取基础信息...
20260412 13:46:24- INFO-   get_symbols返回 5251 条记录
20260412 13:46:24- INFO-   过滤后剩余 5251 只股票(已剔除未上市/已退市)
20260412 13:46:24- INFO-   步骤2: 调用history批量获取数据...
20260412 13:46:24- INFO-   history批量返回 5251 条记录
20260412 13:46:24- INFO-   步骤3: 调用stk_get_daily_mktvalue_pt获取市值数据...
20260412 13:46:25- INFO-   stk_get_daily_mktvalue_pt返回 5251 条记录
20260412 13:46:25- INFO-   步骤4: 合并数据...
20260412 13:46:25- INFO-   数据合并完成,最终返回 5251 条记录, 18 个字段
20260412 13:46:25- INFO- ✓ 2026-01-09 数据获取成功: 5251 条
20260412 13:46:25- INFO- 开始获取 2026-01-12 的掘金全市场数据...
20260412 13:46:25- INFO-   步骤1: 调用get_symbols获取基础信息...
20260412 13:46:26- INFO-   get_symbols返回 5251 条记录
20260412 13:46:26- INFO-   过滤后剩余 5251 只股票(已剔除未上市/已退市)
20260412 13:46:26- INFO-   步骤2: 调用history批量获取数据...
20260412 13:46:26- INFO-   history批量返回 5251 条记录
20260412 13:46:26- INFO-   步骤3: 调用stk_get_daily_mktvalue_pt获取市值数据...
20260412 13:47:08- INFO-   stk_get_daily_mktvalue_pt返回 5251 条记录
20260412 13:47:08- INFO-   步骤4: 合并数据...
20260412 13:47:08- INFO-   数据合并完成,最终返回 5251 条记录, 18 个字段
20260412 13:47:08- INFO- ✓ 2026-01-12 数据获取成功: 5251 条
20260412 13:47:09- INFO- 开始获取 2026-01-13 的掘金全市场数据...
20260412 13:47:09- INFO-   步骤1: 调用get_symbols获取基础信息...
20260412 13:47:10- INFO-   get_symbols返回 5244 条记录
20260412 13:47:10- INFO-   过滤后剩余 5244 只股票(已剔除未上市/已退市)
20260412 13:47:10- INFO-   步骤2: 调用history批量获取数据...
20260412 13:47:10- INFO-   history批量返回 5244 条记录
20260412 13:47:10- INFO-   步骤3: 调用stk_get_daily_mktvalue_pt获取市值数据...
20260412 13:47:21- INFO-   stk_get_daily_mktvalue_pt返回 5244 条记录
20260412 13:47:21- INFO-   步骤4: 合并数据...
20260412 13:47:21- INFO-   数据合并完成,最终返回 5244 条记录, 18 个字段
20260412 13:47:21- INFO- ✓ 2026-01-13 数据获取成功: 5244 条
20260412 13:47:22- INFO- 开始获取 2026-01-14 的掘金全市场数据...
20260412 13:47:22- INFO-   步骤1: 调用get_symbols获取基础信息...
20260412 13:47:23- INFO-   get_symbols返回 5246 条记录
20260412 13:47:23- INFO-   过滤后剩余 5246 只股票(已剔除未上市/已退市)
20260412 13:47:23- INFO-   步骤2: 调用history批量获取数据...
20260412 13:47:23- INFO-   history批量返回 5246 条记录
20260412 13:47:23- INFO-   步骤3: 调用stk_get_daily_mktvalue_pt获取市值数据...
20260412 13:47:23- INFO-   stk_get_daily_mktvalue_pt返回 5246 条记录
20260412 13:47:23- INFO-   步骤4: 合并数据...
20260412 13:47:23- INFO-   数据合并完成,最终返回 5246 条记录, 18 个字段
20260412 13:47:23- INFO- ✓ 2026-01-14 数据获取成功: 5246 条
20260412 13:47:24- INFO- 开始获取 2026-01-15 的掘金全市场数据...
20260412 13:47:24- INFO-   步骤1: 调用get_symbols获取基础信息...
20260412 13:47:25- INFO-   get_symbols返回 5249 条记录
20260412 13:47:25- INFO-   过滤后剩余 5249 只股票(已剔除未上市/已退市)
20260412 13:47:25- INFO-   步骤2: 调用history批量获取数据...
20260412 13:47:25- INFO-   history批量返回 5249 条记录
20260412 13:47:25- INFO-   步骤3: 调用stk_get_daily_mktvalue_pt获取市值数据...
20260412 13:47:26- INFO-   stk_get_daily_mktvalue_pt返回 5249 条记录
20260412 13:47:26- INFO-   步骤4: 合并数据...
20260412 13:47:26- INFO-   数据合并完成,最终返回 5249 条记录, 18 个字段
20260412 13:47:26- INFO- ✓ 2026-01-15 数据获取成功: 5249 条
20260412 13:47:26- INFO- 开始获取 2026-01-16 的掘金全市场数据...
20260412 13:47:26- INFO-   步骤1: 调用get_symbols获取基础信息...
20260412 13:47:27- INFO-   get_symbols返回 5251 条记录
20260412 13:47:27- INFO-   过滤后剩余 5251 只股票(已剔除未上市/已退市)
20260412 13:47:27- INFO-   步骤2: 调用history批量获取数据...
20260412 13:47:27- INFO-   history批量返回 5251 条记录
20260412 13:47:27- INFO-   步骤3: 调用stk_get_daily_mktvalue_pt获取市值数据...
20260412 13:47:28- INFO-   stk_get_daily_mktvalue_pt返回 5251 条记录
20260412 13:47:28- INFO-   步骤4: 合并数据...
20260412 13:47:28- INFO-   数据合并完成,最终返回 5251 条记录, 18 个字段
20260412 13:47:28- INFO- ✓ 2026-01-16 数据获取成功: 5251 条
20260412 13:47:29- INFO- 开始获取 2026-01-19 的掘金全市场数据...
20260412 13:47:29- INFO-   步骤1: 调用get_symbols获取基础信息...
20260412 13:47:30- INFO-   get_symbols返回 5252 条记录
20260412 13:47:30- INFO-   过滤后剩余 5252 只股票(已剔除未上市/已退市)
20260412 13:47:30- INFO-   步骤2: 调用history批量获取数据...
20260412 13:47:30- INFO-   history批量返回 5252 条记录
20260412 13:47:30- INFO-   步骤3: 调用stk_get_daily_mktvalue_pt获取市值数据...
20260412 13:47:31- INFO-   stk_get_daily_mktvalue_pt返回 5252 条记录
20260412 13:47:31- INFO-   步骤4: 合并数据...
20260412 13:47:31- INFO-   数据合并完成,最终返回 5252 条记录, 18 个字段
20260412 13:47:31- INFO- ✓ 2026-01-19 数据获取成功: 5252 条
20260412 13:47:31- INFO- 开始获取 2026-01-20 的掘金全市场数据...
20260412 13:47:31- INFO-   步骤1: 调用get_symbols获取基础信息...
20260412 13:47:32- INFO-   get_symbols返回 5258 条记录
20260412 13:47:32- INFO-   过滤后剩余 5258 只股票(已剔除未上市/已退市)
20260412 13:47:32- INFO-   步骤2: 调用history批量获取数据...
20260412 13:47:33- INFO-   history批量返回 5258 条记录
20260412 13:47:33- INFO-   步骤3: 调用stk_get_daily_mktvalue_pt获取市值数据...
20260412 13:47:33- INFO-   stk_get_daily_mktvalue_pt返回 5258 条记录
20260412 13:47:33- INFO-   步骤4: 合并数据...
20260412 13:47:33- INFO-   数据合并完成,最终返回 5258 条记录, 18 个字段
20260412 13:47:33- INFO- ✓ 2026-01-20 数据获取成功: 5258 条
20260412 13:47:34- INFO- 开始获取 2026-01-21 的掘金全市场数据...
20260412 13:47:34- INFO-   步骤1: 调用get_symbols获取基础信息...
20260412 13:47:35- INFO-   get_symbols返回 5255 条记录
20260412 13:47:35- INFO-   过滤后剩余 5255 只股票(已剔除未上市/已退市)
20260412 13:47:35- INFO-   步骤2: 调用history批量获取数据...
20260412 13:47:35- INFO-   history批量返回 5255 条记录
20260412 13:47:35- INFO-   步骤3: 调用stk_get_daily_mktvalue_pt获取市值数据...
20260412 13:47:35- INFO-   stk_get_daily_mktvalue_pt返回 5255 条记录
20260412 13:47:35- INFO-   步骤4: 合并数据...
20260412 13:47:35- INFO-   数据合并完成,最终返回 5255 条记录, 18 个字段
20260412 13:47:35- INFO- ✓ 2026-01-21 数据获取成功: 5255 条
20260412 13:47:36- INFO- 开始获取 2026-01-22 的掘金全市场数据...
20260412 13:47:36- INFO-   步骤1: 调用get_symbols获取基础信息...
20260412 13:47:37- INFO-   get_symbols返回 5256 条记录
20260412 13:47:37- INFO-   过滤后剩余 5255 只股票(已剔除未上市/已退市)
20260412 13:47:37- INFO-   步骤2: 调用history批量获取数据...
20260412 13:47:37- INFO-   history批量返回 5255 条记录
20260412 13:47:37- INFO-   步骤3: 调用stk_get_daily_mktvalue_pt获取市值数据...
20260412 13:47:38- INFO-   stk_get_daily_mktvalue_pt返回 5255 条记录
20260412 13:47:38- INFO-   步骤4: 合并数据...
20260412 13:47:38- INFO-   数据合并完成,最终返回 5255 条记录, 18 个字段
20260412 13:47:38- INFO- ✓ 2026-01-22 数据获取成功: 5255 条
20260412 13:47:38- INFO- 开始获取 2026-01-23 的掘金全市场数据...
20260412 13:47:38- INFO-   步骤1: 调用get_symbols获取基础信息...
20260412 13:47:39- INFO-   get_symbols返回 5256 条记录
20260412 13:47:39- INFO-   过滤后剩余 5256 只股票(已剔除未上市/已退市)
20260412 13:47:39- INFO-   步骤2: 调用history批量获取数据...
20260412 13:47:39- INFO-   history批量返回 5256 条记录
20260412 13:47:39- INFO-   步骤3: 调用stk_get_daily_mktvalue_pt获取市值数据...
20260412 13:47:40- INFO-   stk_get_daily_mktvalue_pt返回 5256 条记录
20260412 13:47:40- INFO-   步骤4: 合并数据...
20260412 13:47:40- INFO-   数据合并完成,最终返回 5256 条记录, 18 个字段
20260412 13:47:40- INFO- ✓ 2026-01-23 数据获取成功: 5256 条
20260412 13:47:41- INFO- 开始获取 2026-01-26 的掘金全市场数据...
20260412 13:47:41- INFO-   步骤1: 调用get_symbols获取基础信息...
20260412 13:47:42- INFO-   get_symbols返回 5252 条记录
20260412 13:47:42- INFO-   过滤后剩余 5252 只股票(已剔除未上市/已退市)
20260412 13:47:42- INFO-   步骤2: 调用history批量获取数据...
20260412 13:47:42- INFO-   history批量返回 5252 条记录
20260412 13:47:42- INFO-   步骤3: 调用stk_get_daily_mktvalue_pt获取市值数据...
20260412 13:47:43- INFO-   stk_get_daily_mktvalue_pt返回 5252 条记录
20260412 13:47:43- INFO-   步骤4: 合并数据...
20260412 13:47:43- INFO-   数据合并完成,最终返回 5252 条记录, 18 个字段
20260412 13:47:43- INFO- ✓ 2026-01-26 数据获取成功: 5252 条
20260412 13:47:43- INFO- 开始获取 2026-01-27 的掘金全市场数据...
20260412 13:47:43- INFO-   步骤1: 调用get_symbols获取基础信息...
20260412 13:47:44- INFO-   get_symbols返回 5252 条记录
20260412 13:47:44- INFO-   过滤后剩余 5252 只股票(已剔除未上市/已退市)
20260412 13:47:44- INFO-   步骤2: 调用history批量获取数据...
20260412 13:47:44- INFO-   history批量返回 5252 条记录
20260412 13:47:44- INFO-   步骤3: 调用stk_get_daily_mktvalue_pt获取市值数据...
20260412 13:47:45- INFO-   stk_get_daily_mktvalue_pt返回 5252 条记录
20260412 13:47:45- INFO-   步骤4: 合并数据...
20260412 13:47:45- INFO-   数据合并完成,最终返回 5252 条记录, 18 个字段
20260412 13:47:45- INFO- ✓ 2026-01-27 数据获取成功: 5252 条
20260412 13:47:46- INFO- 开始获取 2026-01-28 的掘金全市场数据...
20260412 13:47:46- INFO-   步骤1: 调用get_symbols获取基础信息...
20260412 13:47:46- INFO-   get_symbols返回 5252 条记录
20260412 13:47:46- INFO-   过滤后剩余 5252 只股票(已剔除未上市/已退市)
20260412 13:47:46- INFO-   步骤2: 调用history批量获取数据...
20260412 13:47:47- INFO-   history批量返回 5252 条记录
20260412 13:47:47- INFO-   步骤3: 调用stk_get_daily_mktvalue_pt获取市值数据...
20260412 13:47:47- INFO-   stk_get_daily_mktvalue_pt返回 5252 条记录
20260412 13:47:47- INFO-   步骤4: 合并数据...
20260412 13:47:47- INFO-   数据合并完成,最终返回 5252 条记录, 18 个字段
20260412 13:47:47- INFO- ✓ 2026-01-28 数据获取成功: 5252 条
20260412 13:47:48- INFO- 开始获取 2026-01-29 的掘金全市场数据...
20260412 13:47:48- INFO-   步骤1: 调用get_symbols获取基础信息...
20260412 13:47:49- INFO-   get_symbols返回 5253 条记录
20260412 13:47:49- INFO-   过滤后剩余 5253 只股票(已剔除未上市/已退市)
20260412 13:47:49- INFO-   步骤2: 调用history批量获取数据...
20260412 13:47:49- INFO-   history批量返回 5253 条记录
20260412 13:47:49- INFO-   步骤3: 调用stk_get_daily_mktvalue_pt获取市值数据...
20260412 13:47:50- INFO-   stk_get_daily_mktvalue_pt返回 5253 条记录
20260412 13:47:50- INFO-   步骤4: 合并数据...
20260412 13:47:50- INFO-   数据合并完成,最终返回 5253 条记录, 18 个字段
20260412 13:47:50- INFO- ✓ 2026-01-29 数据获取成功: 5253 条
20260412 13:47:50- INFO- 开始获取 2026-01-30 的掘金全市场数据...
20260412 13:47:50- INFO-   步骤1: 调用get_symbols获取基础信息...
20260412 13:47:51- INFO-   get_symbols返回 5250 条记录
20260412 13:47:51- INFO-   过滤后剩余 5250 只股票(已剔除未上市/已退市)
20260412 13:47:51- INFO-   步骤2: 调用history批量获取数据...
20260412 13:47:51- INFO-   history批量返回 5250 条记录
20260412 13:47:51- INFO-   步骤3: 调用stk_get_daily_mktvalue_pt获取市值数据...
20260412 13:47:52- INFO-   stk_get_daily_mktvalue_pt返回 5250 条记录
20260412 13:47:52- INFO-   步骤4: 合并数据...
20260412 13:47:52- INFO-   数据合并完成,最终返回 5250 条记录, 18 个字段
20260412 13:47:52- INFO- ✓ 2026-01-30 数据获取成功: 5250 条
20260412 13:47:53- INFO- 开始获取 2026-02-02 的掘金全市场数据...
20260412 13:47:53- INFO-   步骤1: 调用get_symbols获取基础信息...
20260412 13:47:54- INFO-   get_symbols返回 5252 条记录
20260412 13:47:54- INFO-   过滤后剩余 5252 只股票(已剔除未上市/已退市)
20260412 13:47:54- INFO-   步骤2: 调用history批量获取数据...
20260412 13:47:54- INFO-   history批量返回 5252 条记录
20260412 13:47:54- INFO-   步骤3: 调用stk_get_daily_mktvalue_pt获取市值数据...
20260412 13:47:55- INFO-   stk_get_daily_mktvalue_pt返回 5252 条记录
20260412 13:47:55- INFO-   步骤4: 合并数据...
20260412 13:47:55- INFO-   数据合并完成,最终返回 5252 条记录, 18 个字段
20260412 13:47:55- INFO- ✓ 2026-02-02 数据获取成功: 5252 条
20260412 13:47:55- INFO- 开始获取 2026-02-03 的掘金全市场数据...
20260412 13:47:55- INFO-   步骤1: 调用get_symbols获取基础信息...
20260412 13:47:56- INFO-   get_symbols返回 5253 条记录
20260412 13:47:56- INFO-   过滤后剩余 5253 只股票(已剔除未上市/已退市)
20260412 13:47:56- INFO-   步骤2: 调用history批量获取数据...
20260412 13:47:56- INFO-   history批量返回 5253 条记录
20260412 13:47:56- INFO-   步骤3: 调用stk_get_daily_mktvalue_pt获取市值数据...
20260412 13:47:57- INFO-   stk_get_daily_mktvalue_pt返回 5253 条记录
20260412 13:47:57- INFO-   步骤4: 合并数据...
20260412 13:47:57- INFO-   数据合并完成,最终返回 5253 条记录, 18 个字段
20260412 13:47:57- INFO- ✓ 2026-02-03 数据获取成功: 5253 条
20260412 13:47:58- INFO- 开始获取 2026-02-04 的掘金全市场数据...
20260412 13:47:58- INFO-   步骤1: 调用get_symbols获取基础信息...
20260412 13:47:59- INFO-   get_symbols返回 5256 条记录
20260412 13:47:59- INFO-   过滤后剩余 5256 只股票(已剔除未上市/已退市)
20260412 13:47:59- INFO-   步骤2: 调用history批量获取数据...
20260412 13:47:59- INFO-   history批量返回 5256 条记录
20260412 13:47:59- INFO-   步骤3: 调用stk_get_daily_mktvalue_pt获取市值数据...
20260412 13:47:59- INFO-   stk_get_daily_mktvalue_pt返回 5256 条记录
20260412 13:47:59- INFO-   步骤4: 合并数据...
20260412 13:47:59- INFO-   数据合并完成,最终返回 5256 条记录, 18 个字段
20260412 13:47:59- INFO- ✓ 2026-02-04 数据获取成功: 5256 条
20260412 13:48:00- INFO- 开始获取 2026-02-05 的掘金全市场数据...
20260412 13:48:00- INFO-   步骤1: 调用get_symbols获取基础信息...
20260412 13:48:01- INFO-   get_symbols返回 5256 条记录
20260412 13:48:01- INFO-   过滤后剩余 5256 只股票(已剔除未上市/已退市)
20260412 13:48:01- INFO-   步骤2: 调用history批量获取数据...
20260412 13:48:01- INFO-   history批量返回 5256 条记录
20260412 13:48:01- INFO-   步骤3: 调用stk_get_daily_mktvalue_pt获取市值数据...
20260412 13:48:02- INFO-   stk_get_daily_mktvalue_pt返回 5256 条记录
20260412 13:48:02- INFO-   步骤4: 合并数据...
20260412 13:48:02- INFO-   数据合并完成,最终返回 5256 条记录, 18 个字段
20260412 13:48:02- INFO- ✓ 2026-02-05 数据获取成功: 5256 条
20260412 13:48:02- INFO- 开始获取 2026-02-06 的掘金全市场数据...
20260412 13:48:02- INFO-   步骤1: 调用get_symbols获取基础信息...
20260412 13:48:03- INFO-   get_symbols返回 5254 条记录
20260412 13:48:03- INFO-   过滤后剩余 5254 只股票(已剔除未上市/已退市)
20260412 13:48:03- INFO-   步骤2: 调用history批量获取数据...
20260412 13:48:03- INFO-   history批量返回 5254 条记录
20260412 13:48:03- INFO-   步骤3: 调用stk_get_daily_mktvalue_pt获取市值数据...
20260412 13:48:04- INFO-   stk_get_daily_mktvalue_pt返回 5254 条记录
20260412 13:48:04- INFO-   步骤4: 合并数据...
20260412 13:48:04- INFO-   数据合并完成,最终返回 5254 条记录, 18 个字段
20260412 13:48:04- INFO- ✓ 2026-02-06 数据获取成功: 5254 条
20260412 13:48:05- INFO- 开始获取 2026-02-09 的掘金全市场数据...
20260412 13:48:05- INFO-   步骤1: 调用get_symbols获取基础信息...
20260412 13:48:06- INFO-   get_symbols返回 5253 条记录
20260412 13:48:06- INFO-   过滤后剩余 5253 只股票(已剔除未上市/已退市)
20260412 13:48:06- INFO-   步骤2: 调用history批量获取数据...
20260412 13:48:06- INFO-   history批量返回 5253 条记录
20260412 13:48:06- INFO-   步骤3: 调用stk_get_daily_mktvalue_pt获取市值数据...
20260412 13:48:07- INFO-   stk_get_daily_mktvalue_pt返回 5253 条记录
20260412 13:48:07- INFO-   步骤4: 合并数据...
20260412 13:48:07- INFO-   数据合并完成,最终返回 5253 条记录, 18 个字段
20260412 13:48:07- INFO- ✓ 2026-02-09 数据获取成功: 5253 条
20260412 13:48:07- INFO- 开始获取 2026-02-10 的掘金全市场数据...
20260412 13:48:07- INFO-   步骤1: 调用get_symbols获取基础信息...
20260412 13:48:08- INFO-   get_symbols返回 5257 条记录
20260412 13:48:08- INFO-   过滤后剩余 5257 只股票(已剔除未上市/已退市)
20260412 13:48:08- INFO-   步骤2: 调用history批量获取数据...
20260412 13:48:08- INFO-   history批量返回 5257 条记录
20260412 13:48:08- INFO-   步骤3: 调用stk_get_daily_mktvalue_pt获取市值数据...
20260412 13:48:09- INFO-   stk_get_daily_mktvalue_pt返回 5257 条记录
20260412 13:48:09- INFO-   步骤4: 合并数据...
20260412 13:48:09- INFO-   数据合并完成,最终返回 5257 条记录, 18 个字段
20260412 13:48:09- INFO- ✓ 2026-02-10 数据获取成功: 5257 条
20260412 13:48:10- INFO- 开始获取 2026-02-11 的掘金全市场数据...
20260412 13:48:10- INFO-   步骤1: 调用get_symbols获取基础信息...
20260412 13:48:10- INFO-   get_symbols返回 5257 条记录
20260412 13:48:10- INFO-   过滤后剩余 5257 只股票(已剔除未上市/已退市)
20260412 13:48:10- INFO-   步骤2: 调用history批量获取数据...
20260412 13:48:11- INFO-   history批量返回 5257 条记录
20260412 13:48:11- INFO-   步骤3: 调用stk_get_daily_mktvalue_pt获取市值数据...
20260412 13:48:11- INFO-   stk_get_daily_mktvalue_pt返回 5257 条记录
20260412 13:48:11- INFO-   步骤4: 合并数据...
20260412 13:48:11- INFO-   数据合并完成,最终返回 5257 条记录, 18 个字段
20260412 13:48:11- INFO- ✓ 2026-02-11 数据获取成功: 5257 条
20260412 13:48:12- INFO- 开始获取 2026-02-12 的掘金全市场数据...
20260412 13:48:12- INFO-   步骤1: 调用get_symbols获取基础信息...
20260412 13:48:13- INFO-   get_symbols返回 5261 条记录
20260412 13:48:13- INFO-   过滤后剩余 5261 只股票(已剔除未上市/已退市)
20260412 13:48:13- INFO-   步骤2: 调用history批量获取数据...
20260412 13:48:13- INFO-   history批量返回 5261 条记录
20260412 13:48:13- INFO-   步骤3: 调用stk_get_daily_mktvalue_pt获取市值数据...
20260412 13:48:14- INFO-   stk_get_daily_mktvalue_pt返回 5261 条记录
20260412 13:48:14- INFO-   步骤4: 合并数据...
20260412 13:48:14- INFO-   数据合并完成,最终返回 5261 条记录, 18 个字段
20260412 13:48:14- INFO- ✓ 2026-02-12 数据获取成功: 5261 条
20260412 13:48:14- INFO- 开始获取 2026-02-13 的掘金全市场数据...
20260412 13:48:14- INFO-   步骤1: 调用get_symbols获取基础信息...
20260412 13:48:15- INFO-   get_symbols返回 5259 条记录
20260412 13:48:15- INFO-   过滤后剩余 5259 只股票(已剔除未上市/已退市)
20260412 13:48:15- INFO-   步骤2: 调用history批量获取数据...
20260412 13:48:15- INFO-   history批量返回 5259 条记录
20260412 13:48:15- INFO-   步骤3: 调用stk_get_daily_mktvalue_pt获取市值数据...
20260412 13:48:16- INFO-   stk_get_daily_mktvalue_pt返回 5259 条记录
20260412 13:48:16- INFO-   步骤4: 合并数据...
20260412 13:48:16- INFO-   数据合并完成,最终返回 5259 条记录, 18 个字段
20260412 13:48:16- INFO- ✓ 2026-02-13 数据获取成功: 5259 条
20260412 13:48:17- INFO- 开始获取 2026-02-16 的掘金全市场数据...
20260412 13:48:17- INFO-   步骤1: 调用get_symbols获取基础信息...
20260412 13:48:17- WARNING- 2026-02-16 get_symbols返回空数据
20260412 13:48:17- WARNING- ✗ 2026-02-16 无数据
20260412 13:48:17- INFO- 开始获取 2026-02-17 的掘金全市场数据...
20260412 13:48:17- INFO-   步骤1: 调用get_symbols获取基础信息...
20260412 13:48:17- WARNING- 2026-02-17 get_symbols返回空数据
20260412 13:48:17- WARNING- ✗ 2026-02-17 无数据
20260412 13:48:18- INFO- 开始获取 2026-02-18 的掘金全市场数据...
20260412 13:48:18- INFO-   步骤1: 调用get_symbols获取基础信息...
20260412 13:48:18- WARNING- 2026-02-18 get_symbols返回空数据
20260412 13:48:18- WARNING- ✗ 2026-02-18 无数据
20260412 13:48:18- INFO- 开始获取 2026-02-19 的掘金全市场数据...
20260412 13:48:18- INFO-   步骤1: 调用get_symbols获取基础信息...
20260412 13:48:18- WARNING- 2026-02-19 get_symbols返回空数据
20260412 13:48:18- WARNING- ✗ 2026-02-19 无数据
20260412 13:48:19- INFO- 开始获取 2026-02-20 的掘金全市场数据...
20260412 13:48:19- INFO-   步骤1: 调用get_symbols获取基础信息...
20260412 13:48:19- WARNING- 2026-02-20 get_symbols返回空数据
20260412 13:48:19- WARNING- ✗ 2026-02-20 无数据
20260412 13:48:20- INFO- 开始获取 2026-02-23 的掘金全市场数据...
20260412 13:48:20- INFO-   步骤1: 调用get_symbols获取基础信息...
20260412 13:48:20- WARNING- 2026-02-23 get_symbols返回空数据
20260412 13:48:20- WARNING- ✗ 2026-02-23 无数据
20260412 13:48:20- INFO- 开始获取 2026-02-24 的掘金全市场数据...
20260412 13:48:20- INFO-   步骤1: 调用get_symbols获取基础信息...
20260412 13:48:21- INFO-   get_symbols返回 5259 条记录
20260412 13:48:21- INFO-   过滤后剩余 5259 只股票(已剔除未上市/已退市)
20260412 13:48:21- INFO-   步骤2: 调用history批量获取数据...
20260412 13:48:21- INFO-   history批量返回 5259 条记录
20260412 13:48:21- INFO-   步骤3: 调用stk_get_daily_mktvalue_pt获取市值数据...
20260412 13:48:22- INFO-   stk_get_daily_mktvalue_pt返回 5259 条记录
20260412 13:48:22- INFO-   步骤4: 合并数据...
20260412 13:48:22- INFO-   数据合并完成,最终返回 5259 条记录, 18 个字段
20260412 13:48:22- INFO- ✓ 2026-02-24 数据获取成功: 5259 条
20260412 13:48:22- INFO- 开始获取 2026-02-25 的掘金全市场数据...
20260412 13:48:22- INFO-   步骤1: 调用get_symbols获取基础信息...
20260412 13:48:23- INFO-   get_symbols返回 5256 条记录
20260412 13:48:23- INFO-   过滤后剩余 5256 只股票(已剔除未上市/已退市)
20260412 13:48:23- INFO-   步骤2: 调用history批量获取数据...
20260412 13:48:24- INFO-   history批量返回 5256 条记录
20260412 13:48:24- INFO-   步骤3: 调用stk_get_daily_mktvalue_pt获取市值数据...
20260412 13:48:24- INFO-   stk_get_daily_mktvalue_pt返回 5256 条记录
20260412 13:48:24- INFO-   步骤4: 合并数据...
20260412 13:48:24- INFO-   数据合并完成,最终返回 5256 条记录, 18 个字段
20260412 13:48:24- INFO- ✓ 2026-02-25 数据获取成功: 5256 条
20260412 13:48:25- INFO- 开始获取 2026-02-26 的掘金全市场数据...
20260412 13:48:25- INFO-   步骤1: 调用get_symbols获取基础信息...
20260412 13:48:26- INFO-   get_symbols返回 5255 条记录
20260412 13:48:26- INFO-   过滤后剩余 5255 只股票(已剔除未上市/已退市)
20260412 13:48:26- INFO-   步骤2: 调用history批量获取数据...
20260412 13:48:26- INFO-   history批量返回 5255 条记录
20260412 13:48:26- INFO-   步骤3: 调用stk_get_daily_mktvalue_pt获取市值数据...
20260412 13:48:26- INFO-   stk_get_daily_mktvalue_pt返回 5255 条记录
20260412 13:48:26- INFO-   步骤4: 合并数据...
20260412 13:48:26- INFO-   数据合并完成,最终返回 5255 条记录, 18 个字段
20260412 13:48:26- INFO- ✓ 2026-02-26 数据获取成功: 5255 条
20260412 13:48:27- INFO- 开始获取 2026-02-27 的掘金全市场数据...
20260412 13:48:27- INFO-   步骤1: 调用get_symbols获取基础信息...
20260412 13:48:28- INFO-   get_symbols返回 5255 条记录
20260412 13:48:28- INFO-   过滤后剩余 5255 只股票(已剔除未上市/已退市)
20260412 13:48:28- INFO-   步骤2: 调用history批量获取数据...
20260412 13:48:28- INFO-   history批量返回 5255 条记录
20260412 13:48:28- INFO-   步骤3: 调用stk_get_daily_mktvalue_pt获取市值数据...
20260412 13:48:28- INFO-   stk_get_daily_mktvalue_pt返回 5255 条记录
20260412 13:48:28- INFO-   步骤4: 合并数据...
20260412 13:48:28- INFO-   数据合并完成,最终返回 5255 条记录, 18 个字段
20260412 13:48:29- INFO- ✓ 2026-02-27 数据获取成功: 5255 条
20260412 13:48:29- INFO- 开始获取 2026-03-02 的掘金全市场数据...
20260412 13:48:29- INFO-   步骤1: 调用get_symbols获取基础信息...
20260412 13:48:30- INFO-   get_symbols返回 5253 条记录
20260412 13:48:30- INFO-   过滤后剩余 5253 只股票(已剔除未上市/已退市)
20260412 13:48:30- INFO-   步骤2: 调用history批量获取数据...
20260412 13:48:30- INFO-   history批量返回 5253 条记录
20260412 13:48:30- INFO-   步骤3: 调用stk_get_daily_mktvalue_pt获取市值数据...
20260412 13:48:31- INFO-   stk_get_daily_mktvalue_pt返回 5253 条记录
20260412 13:48:31- INFO-   步骤4: 合并数据...
20260412 13:48:31- INFO-   数据合并完成,最终返回 5253 条记录, 18 个字段
20260412 13:48:31- INFO- ✓ 2026-03-02 数据获取成功: 5253 条
20260412 13:48:31- INFO- 开始获取 2026-03-03 的掘金全市场数据...
20260412 13:48:31- INFO-   步骤1: 调用get_symbols获取基础信息...
20260412 13:48:32- INFO-   get_symbols返回 5255 条记录
20260412 13:48:32- INFO-   过滤后剩余 5255 只股票(已剔除未上市/已退市)
20260412 13:48:32- INFO-   步骤2: 调用history批量获取数据...
20260412 13:48:33- INFO-   history批量返回 5255 条记录
20260412 13:48:33- INFO-   步骤3: 调用stk_get_daily_mktvalue_pt获取市值数据...
20260412 13:48:33- INFO-   stk_get_daily_mktvalue_pt返回 5255 条记录
20260412 13:48:33- INFO-   步骤4: 合并数据...
20260412 13:48:33- INFO-   数据合并完成,最终返回 5255 条记录, 18 个字段
20260412 13:48:33- INFO- ✓ 2026-03-03 数据获取成功: 5255 条
20260412 13:48:34- INFO- 开始获取 2026-03-04 的掘金全市场数据...
20260412 13:48:34- INFO-   步骤1: 调用get_symbols获取基础信息...
20260412 13:48:34- INFO-   get_symbols返回 5256 条记录
20260412 13:48:34- INFO-   过滤后剩余 5256 只股票(已剔除未上市/已退市)
20260412 13:48:34- INFO-   步骤2: 调用history批量获取数据...
20260412 13:48:35- INFO-   history批量返回 5256 条记录
20260412 13:48:35- INFO-   步骤3: 调用stk_get_daily_mktvalue_pt获取市值数据...
20260412 13:48:35- INFO-   stk_get_daily_mktvalue_pt返回 5256 条记录
20260412 13:48:35- INFO-   步骤4: 合并数据...
20260412 13:48:35- INFO-   数据合并完成,最终返回 5256 条记录, 18 个字段
20260412 13:48:35- INFO- ✓ 2026-03-04 数据获取成功: 5256 条
20260412 13:48:36- INFO- 开始获取 2026-03-05 的掘金全市场数据...
20260412 13:48:36- INFO-   步骤1: 调用get_symbols获取基础信息...
20260412 13:48:37- INFO-   get_symbols返回 5257 条记录
20260412 13:48:37- INFO-   过滤后剩余 5257 只股票(已剔除未上市/已退市)
20260412 13:48:37- INFO-   步骤2: 调用history批量获取数据...
20260412 13:48:37- INFO-   history批量返回 5257 条记录
20260412 13:48:37- INFO-   步骤3: 调用stk_get_daily_mktvalue_pt获取市值数据...
20260412 13:48:38- INFO-   stk_get_daily_mktvalue_pt返回 5257 条记录
20260412 13:48:38- INFO-   步骤4: 合并数据...
20260412 13:48:38- INFO-   数据合并完成,最终返回 5257 条记录, 18 个字段
20260412 13:48:38- INFO- ✓ 2026-03-05 数据获取成功: 5257 条
20260412 13:48:38- INFO- 开始获取 2026-03-06 的掘金全市场数据...
20260412 13:48:38- INFO-   步骤1: 调用get_symbols获取基础信息...
20260412 13:48:39- INFO-   get_symbols返回 5258 条记录
20260412 13:48:39- INFO-   过滤后剩余 5258 只股票(已剔除未上市/已退市)
20260412 13:48:39- INFO-   步骤2: 调用history批量获取数据...
20260412 13:48:39- INFO-   history批量返回 5258 条记录
20260412 13:48:39- INFO-   步骤3: 调用stk_get_daily_mktvalue_pt获取市值数据...
20260412 13:48:40- INFO-   stk_get_daily_mktvalue_pt返回 5258 条记录
20260412 13:48:40- INFO-   步骤4: 合并数据...
20260412 13:48:40- INFO-   数据合并完成,最终返回 5258 条记录, 18 个字段
20260412 13:48:40- INFO- ✓ 2026-03-06 数据获取成功: 5258 条
20260412 13:48:40- INFO- 开始获取 2026-03-09 的掘金全市场数据...
20260412 13:48:40- INFO-   步骤1: 调用get_symbols获取基础信息...
20260412 13:48:41- INFO-   get_symbols返回 5261 条记录
20260412 13:48:41- INFO-   过滤后剩余 5261 只股票(已剔除未上市/已退市)
20260412 13:48:41- INFO-   步骤2: 调用history批量获取数据...
20260412 13:48:42- INFO-   history批量返回 5261 条记录
20260412 13:48:42- INFO-   步骤3: 调用stk_get_daily_mktvalue_pt获取市值数据...
20260412 13:48:42- INFO-   stk_get_daily_mktvalue_pt返回 5261 条记录
20260412 13:48:42- INFO-   步骤4: 合并数据...
20260412 13:48:42- INFO-   数据合并完成,最终返回 5261 条记录, 18 个字段
20260412 13:48:42- INFO- ✓ 2026-03-09 数据获取成功: 5261 条
20260412 13:48:43- INFO- 开始获取 2026-03-10 的掘金全市场数据...
20260412 13:48:43- INFO-   步骤1: 调用get_symbols获取基础信息...
20260412 13:48:43- INFO-   get_symbols返回 5259 条记录
20260412 13:48:43- INFO-   过滤后剩余 5259 只股票(已剔除未上市/已退市)
20260412 13:48:43- INFO-   步骤2: 调用history批量获取数据...
20260412 13:48:44- INFO-   history批量返回 5259 条记录
20260412 13:48:44- INFO-   步骤3: 调用stk_get_daily_mktvalue_pt获取市值数据...
20260412 13:48:47- INFO-   stk_get_daily_mktvalue_pt返回 5259 条记录
20260412 13:48:47- INFO-   步骤4: 合并数据...
20260412 13:48:47- INFO-   数据合并完成,最终返回 5259 条记录, 18 个字段
20260412 13:48:47- INFO- ✓ 2026-03-10 数据获取成功: 5259 条
20260412 13:48:47- INFO- 开始获取 2026-03-11 的掘金全市场数据...
20260412 13:48:47- INFO-   步骤1: 调用get_symbols获取基础信息...
20260412 13:48:48- INFO-   get_symbols返回 5262 条记录
20260412 13:48:48- INFO-   过滤后剩余 5262 只股票(已剔除未上市/已退市)
20260412 13:48:48- INFO-   步骤2: 调用history批量获取数据...
20260412 13:48:49- INFO-   history批量返回 5262 条记录
20260412 13:48:49- INFO-   步骤3: 调用stk_get_daily_mktvalue_pt获取市值数据...
20260412 13:48:49- INFO-   stk_get_daily_mktvalue_pt返回 5262 条记录
20260412 13:48:49- INFO-   步骤4: 合并数据...
20260412 13:48:49- INFO-   数据合并完成,最终返回 5262 条记录, 18 个字段
20260412 13:48:49- INFO- ✓ 2026-03-11 数据获取成功: 5262 条
20260412 13:48:50- INFO- 开始获取 2026-03-12 的掘金全市场数据...
20260412 13:48:50- INFO-   步骤1: 调用get_symbols获取基础信息...
20260412 13:48:51- INFO-   get_symbols返回 5262 条记录
20260412 13:48:51- INFO-   过滤后剩余 5262 只股票(已剔除未上市/已退市)
20260412 13:48:51- INFO-   步骤2: 调用history批量获取数据...
20260412 13:48:51- INFO-   history批量返回 5262 条记录
20260412 13:48:51- INFO-   步骤3: 调用stk_get_daily_mktvalue_pt获取市值数据...
20260412 13:48:52- INFO-   stk_get_daily_mktvalue_pt返回 5262 条记录
20260412 13:48:52- INFO-   步骤4: 合并数据...
20260412 13:48:52- INFO-   数据合并完成,最终返回 5262 条记录, 18 个字段
20260412 13:48:52- INFO- ✓ 2026-03-12 数据获取成功: 5262 条
20260412 13:48:52- INFO- 开始获取 2026-03-13 的掘金全市场数据...
20260412 13:48:52- INFO-   步骤1: 调用get_symbols获取基础信息...
20260412 13:48:53- INFO-   get_symbols返回 5261 条记录
20260412 13:48:53- INFO-   过滤后剩余 5261 只股票(已剔除未上市/已退市)
20260412 13:48:53- INFO-   步骤2: 调用history批量获取数据...
20260412 13:48:53- INFO-   history批量返回 5261 条记录
20260412 13:48:53- INFO-   步骤3: 调用stk_get_daily_mktvalue_pt获取市值数据...
20260412 13:48:54- INFO-   stk_get_daily_mktvalue_pt返回 5261 条记录
20260412 13:48:54- INFO-   步骤4: 合并数据...
20260412 13:48:54- INFO-   数据合并完成,最终返回 5261 条记录, 18 个字段
20260412 13:48:54- INFO- ✓ 2026-03-13 数据获取成功: 5261 条
20260412 13:48:55- INFO- 开始获取 2026-03-16 的掘金全市场数据...
20260412 13:48:55- INFO-   步骤1: 调用get_symbols获取基础信息...
20260412 13:48:55- INFO-   get_symbols返回 5260 条记录
20260412 13:48:55- INFO-   过滤后剩余 5260 只股票(已剔除未上市/已退市)
20260412 13:48:55- INFO-   步骤2: 调用history批量获取数据...
20260412 13:48:56- INFO-   history批量返回 5260 条记录
20260412 13:48:56- INFO-   步骤3: 调用stk_get_daily_mktvalue_pt获取市值数据...
20260412 13:48:57- INFO-   stk_get_daily_mktvalue_pt返回 5260 条记录
20260412 13:48:57- INFO-   步骤4: 合并数据...
20260412 13:48:57- INFO-   数据合并完成,最终返回 5260 条记录, 18 个字段
20260412 13:48:57- INFO- ✓ 2026-03-16 数据获取成功: 5260 条
20260412 13:48:57- INFO- 开始获取 2026-03-17 的掘金全市场数据...
20260412 13:48:57- INFO-   步骤1: 调用get_symbols获取基础信息...
20260412 13:48:58- INFO-   get_symbols返回 5258 条记录
20260412 13:48:58- INFO-   过滤后剩余 5258 只股票(已剔除未上市/已退市)
20260412 13:48:58- INFO-   步骤2: 调用history批量获取数据...
20260412 13:48:58- INFO-   history批量返回 5258 条记录
20260412 13:48:58- INFO-   步骤3: 调用stk_get_daily_mktvalue_pt获取市值数据...
20260412 13:48:59- INFO-   stk_get_daily_mktvalue_pt返回 5258 条记录
20260412 13:48:59- INFO-   步骤4: 合并数据...
20260412 13:48:59- INFO-   数据合并完成,最终返回 5258 条记录, 18 个字段
20260412 13:48:59- INFO- ✓ 2026-03-17 数据获取成功: 5258 条
20260412 13:49:00- INFO- 开始获取 2026-03-18 的掘金全市场数据...
20260412 13:49:00- INFO-   步骤1: 调用get_symbols获取基础信息...
20260412 13:49:01- INFO-   get_symbols返回 5258 条记录
20260412 13:49:01- INFO-   过滤后剩余 5258 只股票(已剔除未上市/已退市)
20260412 13:49:01- INFO-   步骤2: 调用history批量获取数据...
20260412 13:49:01- INFO-   history批量返回 5258 条记录
20260412 13:49:01- INFO-   步骤3: 调用stk_get_daily_mktvalue_pt获取市值数据...
20260412 13:49:01- INFO-   stk_get_daily_mktvalue_pt返回 5258 条记录
20260412 13:49:01- INFO-   步骤4: 合并数据...
20260412 13:49:02- INFO-   数据合并完成,最终返回 5258 条记录, 18 个字段
20260412 13:49:02- INFO- ✓ 2026-03-18 数据获取成功: 5258 条
20260412 13:49:02- INFO- 开始获取 2026-03-19 的掘金全市场数据...
20260412 13:49:02- INFO-   步骤1: 调用get_symbols获取基础信息...
20260412 13:49:03- INFO-   get_symbols返回 5258 条记录
20260412 13:49:03- INFO-   过滤后剩余 5258 只股票(已剔除未上市/已退市)
20260412 13:49:03- INFO-   步骤2: 调用history批量获取数据...
20260412 13:49:03- INFO-   history批量返回 5258 条记录
20260412 13:49:03- INFO-   步骤3: 调用stk_get_daily_mktvalue_pt获取市值数据...
20260412 13:49:04- INFO-   stk_get_daily_mktvalue_pt返回 5258 条记录
20260412 13:49:04- INFO-   步骤4: 合并数据...
20260412 13:49:04- INFO-   数据合并完成,最终返回 5258 条记录, 18 个字段
20260412 13:49:04- INFO- ✓ 2026-03-19 数据获取成功: 5258 条
20260412 13:49:05- INFO- 开始获取 2026-03-20 的掘金全市场数据...
20260412 13:49:05- INFO-   步骤1: 调用get_symbols获取基础信息...
20260412 13:49:05- INFO-   get_symbols返回 5259 条记录
20260412 13:49:05- INFO-   过滤后剩余 5259 只股票(已剔除未上市/已退市)
20260412 13:49:05- INFO-   步骤2: 调用history批量获取数据...
20260412 13:49:06- INFO-   history批量返回 5259 条记录
20260412 13:49:06- INFO-   步骤3: 调用stk_get_daily_mktvalue_pt获取市值数据...
20260412 13:49:06- INFO-   stk_get_daily_mktvalue_pt返回 5259 条记录
20260412 13:49:06- INFO-   步骤4: 合并数据...
20260412 13:49:06- INFO-   数据合并完成,最终返回 5259 条记录, 18 个字段
20260412 13:49:06- INFO- ✓ 2026-03-20 数据获取成功: 5259 条
20260412 13:49:07- INFO- 开始获取 2026-03-23 的掘金全市场数据...
20260412 13:49:07- INFO-   步骤1: 调用get_symbols获取基础信息...
20260412 13:49:08- INFO-   get_symbols返回 5260 条记录
20260412 13:49:08- INFO-   过滤后剩余 5260 只股票(已剔除未上市/已退市)
20260412 13:49:08- INFO-   步骤2: 调用history批量获取数据...
20260412 13:49:08- INFO-   history批量返回 5260 条记录
20260412 13:49:08- INFO-   步骤3: 调用stk_get_daily_mktvalue_pt获取市值数据...
20260412 13:49:09- INFO-   stk_get_daily_mktvalue_pt返回 5260 条记录
20260412 13:49:09- INFO-   步骤4: 合并数据...
20260412 13:49:09- INFO-   数据合并完成,最终返回 5260 条记录, 18 个字段
20260412 13:49:09- INFO- ✓ 2026-03-23 数据获取成功: 5260 条
20260412 13:49:09- INFO- 开始获取 2026-03-24 的掘金全市场数据...
20260412 13:49:09- INFO-   步骤1: 调用get_symbols获取基础信息...
20260412 13:49:10- INFO-   get_symbols返回 5259 条记录
20260412 13:49:10- INFO-   过滤后剩余 5259 只股票(已剔除未上市/已退市)
20260412 13:49:10- INFO-   步骤2: 调用history批量获取数据...
20260412 13:49:11- INFO-   history批量返回 5259 条记录
20260412 13:49:11- INFO-   步骤3: 调用stk_get_daily_mktvalue_pt获取市值数据...
20260412 13:49:11- INFO-   stk_get_daily_mktvalue_pt返回 5259 条记录
20260412 13:49:11- INFO-   步骤4: 合并数据...
20260412 13:49:11- INFO-   数据合并完成,最终返回 5259 条记录, 18 个字段
20260412 13:49:11- INFO- ✓ 2026-03-24 数据获取成功: 5259 条
20260412 13:49:12- INFO- 开始获取 2026-03-25 的掘金全市场数据...
20260412 13:49:12- INFO-   步骤1: 调用get_symbols获取基础信息...
20260412 13:49:13- INFO-   get_symbols返回 5260 条记录
20260412 13:49:13- INFO-   过滤后剩余 5260 只股票(已剔除未上市/已退市)
20260412 13:49:13- INFO-   步骤2: 调用history批量获取数据...
20260412 13:49:13- INFO-   history批量返回 5260 条记录
20260412 13:49:13- INFO-   步骤3: 调用stk_get_daily_mktvalue_pt获取市值数据...
20260412 13:49:14- INFO-   stk_get_daily_mktvalue_pt返回 5260 条记录
20260412 13:49:14- INFO-   步骤4: 合并数据...
20260412 13:49:14- INFO-   数据合并完成,最终返回 5260 条记录, 18 个字段
20260412 13:49:14- INFO- ✓ 2026-03-25 数据获取成功: 5260 条
20260412 13:49:14- INFO- 开始获取 2026-03-26 的掘金全市场数据...
20260412 13:49:14- INFO-   步骤1: 调用get_symbols获取基础信息...
20260412 13:49:15- INFO-   get_symbols返回 5259 条记录
20260412 13:49:15- INFO-   过滤后剩余 5259 只股票(已剔除未上市/已退市)
20260412 13:49:15- INFO-   步骤2: 调用history批量获取数据...
20260412 13:49:16- INFO-   history批量返回 5259 条记录
20260412 13:49:16- INFO-   步骤3: 调用stk_get_daily_mktvalue_pt获取市值数据...
20260412 13:49:16- INFO-   stk_get_daily_mktvalue_pt返回 5259 条记录
20260412 13:49:16- INFO-   步骤4: 合并数据...
20260412 13:49:16- INFO-   数据合并完成,最终返回 5259 条记录, 18 个字段
20260412 13:49:16- INFO- ✓ 2026-03-26 数据获取成功: 5259 条
20260412 13:49:17- INFO- 开始获取 2026-03-27 的掘金全市场数据...
20260412 13:49:17- INFO-   步骤1: 调用get_symbols获取基础信息...
20260412 13:49:18- INFO-   get_symbols返回 5256 条记录
20260412 13:49:18- INFO-   过滤后剩余 5255 只股票(已剔除未上市/已退市)
20260412 13:49:18- INFO-   步骤2: 调用history批量获取数据...
20260412 13:49:18- INFO-   history批量返回 5255 条记录
20260412 13:49:18- INFO-   步骤3: 调用stk_get_daily_mktvalue_pt获取市值数据...
20260412 13:49:19- INFO-   stk_get_daily_mktvalue_pt返回 5255 条记录
20260412 13:49:19- INFO-   步骤4: 合并数据...
20260412 13:49:19- INFO-   数据合并完成,最终返回 5255 条记录, 18 个字段
20260412 13:49:19- INFO- ✓ 2026-03-27 数据获取成功: 5255 条
20260412 13:49:19- INFO- 开始获取 2026-03-30 的掘金全市场数据...
20260412 13:49:19- INFO-   步骤1: 调用get_symbols获取基础信息...
20260412 13:49:20- INFO-   get_symbols返回 5252 条记录
20260412 13:49:20- INFO-   过滤后剩余 5252 只股票(已剔除未上市/已退市)
20260412 13:49:20- INFO-   步骤2: 调用history批量获取数据...
20260412 13:49:20- INFO-   history批量返回 5252 条记录
20260412 13:49:20- INFO-   步骤3: 调用stk_get_daily_mktvalue_pt获取市值数据...
20260412 13:49:21- INFO-   stk_get_daily_mktvalue_pt返回 5252 条记录
20260412 13:49:21- INFO-   步骤4: 合并数据...
20260412 13:49:21- INFO-   数据合并完成,最终返回 5252 条记录, 18 个字段
20260412 13:49:21- INFO- ✓ 2026-03-30 数据获取成功: 5252 条
20260412 13:49:22- INFO- 开始获取 2026-03-31 的掘金全市场数据...
20260412 13:49:22- INFO-   步骤1: 调用get_symbols获取基础信息...
20260412 13:49:23- INFO-   get_symbols返回 5258 条记录
20260412 13:49:23- INFO-   过滤后剩余 5257 只股票(已剔除未上市/已退市)
20260412 13:49:23- INFO-   步骤2: 调用history批量获取数据...
20260412 13:49:23- INFO-   history批量返回 5257 条记录
20260412 13:49:23- INFO-   步骤3: 调用stk_get_daily_mktvalue_pt获取市值数据...
20260412 13:49:23- INFO-   stk_get_daily_mktvalue_pt返回 5257 条记录
20260412 13:49:23- INFO-   步骤4: 合并数据...
20260412 13:49:24- INFO-   数据合并完成,最终返回 5257 条记录, 18 个字段
20260412 13:49:24- INFO- ✓ 2026-03-31 数据获取成功: 5257 条
20260412 13:49:24- INFO- 开始获取 2026-04-01 的掘金全市场数据...
20260412 13:49:24- INFO-   步骤1: 调用get_symbols获取基础信息...
20260412 13:49:25- INFO-   get_symbols返回 5260 条记录
20260412 13:49:25- INFO-   过滤后剩余 5260 只股票(已剔除未上市/已退市)
20260412 13:49:25- INFO-   步骤2: 调用history批量获取数据...
20260412 13:49:25- INFO-   history批量返回 5260 条记录
20260412 13:49:25- INFO-   步骤3: 调用stk_get_daily_mktvalue_pt获取市值数据...
20260412 13:49:26- INFO-   stk_get_daily_mktvalue_pt返回 5260 条记录
20260412 13:49:26- INFO-   步骤4: 合并数据...
20260412 13:49:26- INFO-   数据合并完成,最终返回 5260 条记录, 18 个字段
20260412 13:49:26- INFO- ✓ 2026-04-01 数据获取成功: 5260 条
20260412 13:49:26- INFO- 开始获取 2026-04-02 的掘金全市场数据...
20260412 13:49:26- INFO-   步骤1: 调用get_symbols获取基础信息...
20260412 13:49:27- INFO-   get_symbols返回 5260 条记录
20260412 13:49:27- INFO-   过滤后剩余 5260 只股票(已剔除未上市/已退市)
20260412 13:49:27- INFO-   步骤2: 调用history批量获取数据...
20260412 13:49:28- INFO-   history批量返回 5260 条记录
20260412 13:49:28- INFO-   步骤3: 调用stk_get_daily_mktvalue_pt获取市值数据...
20260412 13:49:28- INFO-   stk_get_daily_mktvalue_pt返回 5260 条记录
20260412 13:49:28- INFO-   步骤4: 合并数据...
20260412 13:49:28- INFO-   数据合并完成,最终返回 5260 条记录, 18 个字段
20260412 13:49:28- INFO- ✓ 2026-04-02 数据获取成功: 5260 条
20260412 13:49:29- INFO- 开始获取 2026-04-03 的掘金全市场数据...
20260412 13:49:29- INFO-   步骤1: 调用get_symbols获取基础信息...
20260412 13:49:30- INFO-   get_symbols返回 5261 条记录
20260412 13:49:30- INFO-   过滤后剩余 5261 只股票(已剔除未上市/已退市)
20260412 13:49:30- INFO-   步骤2: 调用history批量获取数据...
20260412 13:49:30- INFO-   history批量返回 5261 条记录
20260412 13:49:30- INFO-   步骤3: 调用stk_get_daily_mktvalue_pt获取市值数据...
20260412 13:49:31- INFO-   stk_get_daily_mktvalue_pt返回 5261 条记录
20260412 13:49:31- INFO-   步骤4: 合并数据...
20260412 13:49:31- INFO-   数据合并完成,最终返回 5261 条记录, 18 个字段
20260412 13:49:31- INFO- ✓ 2026-04-03 数据获取成功: 5261 条
20260412 13:49:31- INFO- 开始获取 2026-04-06 的掘金全市场数据...
20260412 13:49:31- INFO-   步骤1: 调用get_symbols获取基础信息...
20260412 13:49:31- WARNING- 2026-04-06 get_symbols返回空数据
20260412 13:49:31- WARNING- ✗ 2026-04-06 无数据
20260412 13:49:32- INFO- 开始获取 2026-04-07 的掘金全市场数据...
20260412 13:49:32- INFO-   步骤1: 调用get_symbols获取基础信息...
20260412 13:49:33- INFO-   get_symbols返回 5259 条记录
20260412 13:49:33- INFO-   过滤后剩余 5259 只股票(已剔除未上市/已退市)
20260412 13:49:33- INFO-   步骤2: 调用history批量获取数据...
20260412 13:49:33- INFO-   history批量返回 5259 条记录
20260412 13:49:33- INFO-   步骤3: 调用stk_get_daily_mktvalue_pt获取市值数据...
20260412 13:49:34- INFO-   stk_get_daily_mktvalue_pt返回 5259 条记录
20260412 13:49:34- INFO-   步骤4: 合并数据...
20260412 13:49:34- INFO-   数据合并完成,最终返回 5259 条记录, 18 个字段
20260412 13:49:34- INFO- ✓ 2026-04-07 数据获取成功: 5259 条
20260412 13:49:34- INFO- 开始获取 2026-04-08 的掘金全市场数据...
20260412 13:49:34- INFO-   步骤1: 调用get_symbols获取基础信息...
20260412 13:49:35- INFO-   get_symbols返回 5264 条记录
20260412 13:49:35- INFO-   过滤后剩余 5264 只股票(已剔除未上市/已退市)
20260412 13:49:35- INFO-   步骤2: 调用history批量获取数据...
20260412 13:49:35- INFO-   history批量返回 5264 条记录
20260412 13:49:35- INFO-   步骤3: 调用stk_get_daily_mktvalue_pt获取市值数据...
20260412 13:49:36- INFO-   stk_get_daily_mktvalue_pt返回 5264 条记录
20260412 13:49:36- INFO-   步骤4: 合并数据...
20260412 13:49:36- INFO-   数据合并完成,最终返回 5264 条记录, 18 个字段
20260412 13:49:36- INFO- ✓ 2026-04-08 数据获取成功: 5264 条
20260412 13:49:36- INFO- 开始获取 2026-04-09 的掘金全市场数据...
20260412 13:49:36- INFO-   步骤1: 调用get_symbols获取基础信息...
20260412 13:49:37- INFO-   get_symbols返回 5265 条记录
20260412 13:49:37- INFO-   过滤后剩余 5265 只股票(已剔除未上市/已退市)
20260412 13:49:37- INFO-   步骤2: 调用history批量获取数据...
20260412 13:49:38- INFO-   history批量返回 5265 条记录
20260412 13:49:38- INFO-   步骤3: 调用stk_get_daily_mktvalue_pt获取市值数据...
20260412 13:49:38- INFO-   stk_get_daily_mktvalue_pt返回 5265 条记录
20260412 13:49:38- INFO-   步骤4: 合并数据...
20260412 13:49:38- INFO-   数据合并完成,最终返回 5265 条记录, 18 个字段
20260412 13:49:38- INFO- ✓ 2026-04-09 数据获取成功: 5265 条
20260412 13:49:38- INFO- 开始获取 2026-04-10 的掘金全市场数据...
20260412 13:49:38- INFO-   步骤1: 调用get_symbols获取基础信息...
20260412 13:49:39- INFO-   get_symbols返回 5268 条记录
20260412 13:49:39- INFO-   过滤后剩余 5268 只股票(已剔除未上市/已退市)
20260412 13:49:39- INFO-   步骤2: 调用history批量获取数据...
20260412 13:49:40- INFO-   history批量返回 5268 条记录
20260412 13:49:40- INFO-   步骤3: 调用stk_get_daily_mktvalue_pt获取市值数据...
20260412 13:49:40- INFO-   stk_get_daily_mktvalue_pt返回 5268 条记录
20260412 13:49:40- INFO-   步骤4: 合并数据...
20260412 13:49:40- INFO-   数据合并完成,最终返回 5268 条记录, 18 个字段
20260412 13:49:40- INFO- ✓ 2026-04-10 数据获取成功: 5268 条
20260412 13:49:42- INFO- 批量获取完成,共 1598842 条记录
20260412 16:44:08- INFO- 准备获取 1044 个交易日的数据: 2021-01-01 至 2025-01-01
20260412 16:44:08- INFO- 开始获取 2021-01-01 的掘金全市场数据...
20260412 16:44:08- INFO-   步骤1: 调用get_symbols获取基础信息...
20260412 16:44:12- WARNING- 2021-01-01 get_symbols返回空数据
20260412 16:44:12- WARNING- ✗ 2021-01-01 无数据
20260412 16:44:13- INFO- 开始获取 2021-01-04 的掘金全市场数据...
20260412 16:44:13- INFO-   步骤1: 调用get_symbols获取基础信息...
20260412 16:44:13- INFO-   get_symbols返回 4211 条记录
20260412 16:44:13- INFO-   过滤后剩余 4211 只股票(已剔除未上市/已退市)
20260412 16:44:13- INFO-   步骤2: 调用history批量获取数据...
20260412 16:44:15- INFO-   history批量返回 4211 条记录
20260412 16:44:15- INFO-   步骤3: 调用stk_get_daily_mktvalue_pt获取市值数据...
20260412 16:44:16- INFO-   stk_get_daily_mktvalue_pt返回 4211 条记录
20260412 16:44:16- INFO-   步骤4: 合并数据...
20260412 16:44:16- INFO-   数据合并完成,最终返回 4211 条记录, 18 个字段
20260412 16:44:16- INFO- ✓ 2021-01-04 数据获取成功: 4211 条
20260412 16:44:16- INFO- 开始获取 2021-01-05 的掘金全市场数据...
20260412 16:44:16- INFO-   步骤1: 调用get_symbols获取基础信息...
20260412 16:44:17- INFO-   get_symbols返回 4213 条记录
20260412 16:44:17- INFO-   过滤后剩余 4213 只股票(已剔除未上市/已退市)
20260412 16:44:17- INFO-   步骤2: 调用history批量获取数据...
20260412 16:44:17- INFO-   history批量返回 4213 条记录
20260412 16:44:17- INFO-   步骤3: 调用stk_get_daily_mktvalue_pt获取市值数据...
20260412 16:44:17- INFO-   stk_get_daily_mktvalue_pt返回 4213 条记录
20260412 16:44:17- INFO-   步骤4: 合并数据...
20260412 16:44:17- INFO-   数据合并完成,最终返回 4213 条记录, 18 个字段
20260412 16:44:17- INFO- ✓ 2021-01-05 数据获取成功: 4213 条
20260412 16:44:18- INFO- 开始获取 2021-01-06 的掘金全市场数据...
20260412 16:44:18- INFO-   步骤1: 调用get_symbols获取基础信息...
20260412 16:44:18- INFO-   get_symbols返回 4215 条记录
20260412 16:44:18- INFO-   过滤后剩余 4215 只股票(已剔除未上市/已退市)
20260412 16:44:18- INFO-   步骤2: 调用history批量获取数据...
20260412 16:44:18- INFO-   history批量返回 4215 条记录
20260412 16:44:18- INFO-   步骤3: 调用stk_get_daily_mktvalue_pt获取市值数据...
20260412 16:44:19- INFO-   stk_get_daily_mktvalue_pt返回 4215 条记录
20260412 16:44:19- INFO-   步骤4: 合并数据...
20260412 16:44:19- INFO-   数据合并完成,最终返回 4215 条记录, 18 个字段
20260412 16:44:19- INFO- ✓ 2021-01-06 数据获取成功: 4215 条
20260412 16:44:19- INFO- 开始获取 2021-01-07 的掘金全市场数据...
20260412 16:44:19- INFO-   步骤1: 调用get_symbols获取基础信息...
20260412 16:44:20- INFO-   get_symbols返回 4220 条记录
20260412 16:44:20- INFO-   过滤后剩余 4220 只股票(已剔除未上市/已退市)
20260412 16:44:20- INFO-   步骤2: 调用history批量获取数据...
20260412 16:44:20- INFO-   history批量返回 4220 条记录
20260412 16:44:20- INFO-   步骤3: 调用stk_get_daily_mktvalue_pt获取市值数据...
20260412 16:44:20- INFO-   stk_get_daily_mktvalue_pt返回 4220 条记录
20260412 16:44:20- INFO-   步骤4: 合并数据...
20260412 16:44:20- INFO-   数据合并完成,最终返回 4220 条记录, 18 个字段
20260412 16:44:20- INFO- ✓ 2021-01-07 数据获取成功: 4220 条
20260412 16:44:21- INFO- 开始获取 2021-01-08 的掘金全市场数据...
20260412 16:44:21- INFO-   步骤1: 调用get_symbols获取基础信息...
20260412 16:44:21- INFO-   get_symbols返回 4221 条记录
20260412 16:44:21- INFO-   过滤后剩余 4221 只股票(已剔除未上市/已退市)
20260412 16:44:21- INFO-   步骤2: 调用history批量获取数据...
20260412 16:44:22- INFO-   history批量返回 4221 条记录
20260412 16:44:22- INFO-   步骤3: 调用stk_get_daily_mktvalue_pt获取市值数据...
20260412 16:44:22- INFO-   stk_get_daily_mktvalue_pt返回 4221 条记录
20260412 16:44:22- INFO-   步骤4: 合并数据...
20260412 16:44:22- INFO-   数据合并完成,最终返回 4221 条记录, 18 个字段
20260412 16:44:22- INFO- ✓ 2021-01-08 数据获取成功: 4221 条
20260412 16:44:22- INFO- 开始获取 2021-01-11 的掘金全市场数据...
20260412 16:44:22- INFO-   步骤1: 调用get_symbols获取基础信息...
20260412 16:44:23- INFO-   get_symbols返回 4217 条记录
20260412 16:44:23- INFO-   过滤后剩余 4217 只股票(已剔除未上市/已退市)
20260412 16:44:23- INFO-   步骤2: 调用history批量获取数据...
20260412 16:44:23- INFO-   history批量返回 4217 条记录
20260412 16:44:23- INFO-   步骤3: 调用stk_get_daily_mktvalue_pt获取市值数据...
20260412 16:44:23- INFO-   stk_get_daily_mktvalue_pt返回 4217 条记录
20260412 16:44:23- INFO-   步骤4: 合并数据...
20260412 16:44:23- INFO-   数据合并完成,最终返回 4217 条记录, 18 个字段
20260412 16:44:23- INFO- ✓ 2021-01-11 数据获取成功: 4217 条
20260412 16:44:24- INFO- 开始获取 2021-01-12 的掘金全市场数据...
20260412 16:44:24- INFO-   步骤1: 调用get_symbols获取基础信息...
20260412 16:44:24- INFO-   get_symbols返回 4218 条记录
20260412 16:44:24- INFO-   过滤后剩余 4218 只股票(已剔除未上市/已退市)
20260412 16:44:24- INFO-   步骤2: 调用history批量获取数据...
20260412 16:44:25- INFO-   history批量返回 4218 条记录
20260412 16:44:25- INFO-   步骤3: 调用stk_get_daily_mktvalue_pt获取市值数据...
20260412 16:44:25- INFO-   stk_get_daily_mktvalue_pt返回 4218 条记录
20260412 16:44:25- INFO-   步骤4: 合并数据...
20260412 16:44:25- INFO-   数据合并完成,最终返回 4218 条记录, 18 个字段
20260412 16:44:25- INFO- ✓ 2021-01-12 数据获取成功: 4218 条
20260412 16:44:25- INFO- 开始获取 2021-01-13 的掘金全市场数据...
20260412 16:44:25- INFO-   步骤1: 调用get_symbols获取基础信息...
20260412 16:44:26- INFO-   get_symbols返回 4220 条记录
20260412 16:44:26- INFO-   过滤后剩余 4220 只股票(已剔除未上市/已退市)
20260412 16:44:26- INFO-   步骤2: 调用history批量获取数据...
20260412 16:44:26- INFO-   history批量返回 4220 条记录
20260412 16:44:26- INFO-   步骤3: 调用stk_get_daily_mktvalue_pt获取市值数据...
20260412 16:44:27- INFO-   stk_get_daily_mktvalue_pt返回 4220 条记录
20260412 16:44:27- INFO-   步骤4: 合并数据...
20260412 16:44:27- INFO-   数据合并完成,最终返回 4220 条记录, 18 个字段
20260412 16:44:27- INFO- ✓ 2021-01-13 数据获取成功: 4220 条
20260412 16:44:27- INFO- 开始获取 2021-01-14 的掘金全市场数据...
20260412 16:44:27- INFO-   步骤1: 调用get_symbols获取基础信息...
20260412 16:44:28- INFO-   get_symbols返回 4217 条记录
20260412 16:44:28- INFO-   过滤后剩余 4217 只股票(已剔除未上市/已退市)
20260412 16:44:28- INFO-   步骤2: 调用history批量获取数据...
20260412 16:44:28- INFO-   history批量返回 4217 条记录
20260412 16:44:28- INFO-   步骤3: 调用stk_get_daily_mktvalue_pt获取市值数据...
20260412 16:44:28- INFO-   stk_get_daily_mktvalue_pt返回 4217 条记录
20260412 16:44:28- INFO-   步骤4: 合并数据...
20260412 16:44:28- INFO-   数据合并完成,最终返回 4217 条记录, 18 个字段
20260412 16:44:28- INFO- ✓ 2021-01-14 数据获取成功: 4217 条
20260412 16:44:29- INFO- 开始获取 2021-01-15 的掘金全市场数据...
20260412 16:44:29- INFO-   步骤1: 调用get_symbols获取基础信息...
20260412 16:44:29- INFO-   get_symbols返回 4214 条记录
20260412 16:44:29- INFO-   过滤后剩余 4214 只股票(已剔除未上市/已退市)
20260412 16:44:29- INFO-   步骤2: 调用history批量获取数据...
20260412 16:44:30- INFO-   history批量返回 4214 条记录
20260412 16:44:30- INFO-   步骤3: 调用stk_get_daily_mktvalue_pt获取市值数据...
20260412 16:44:30- INFO-   stk_get_daily_mktvalue_pt返回 4214 条记录
20260412 16:44:30- INFO-   步骤4: 合并数据...
20260412 16:44:30- INFO-   数据合并完成,最终返回 4214 条记录, 18 个字段
20260412 16:44:30- INFO- ✓ 2021-01-15 数据获取成功: 4214 条
20260412 16:44:30- INFO- 开始获取 2021-01-18 的掘金全市场数据...
20260412 16:44:30- INFO-   步骤1: 调用get_symbols获取基础信息...
20260412 16:44:31- INFO-   get_symbols返回 4217 条记录
20260412 16:44:31- INFO-   过滤后剩余 4217 只股票(已剔除未上市/已退市)
20260412 16:44:31- INFO-   步骤2: 调用history批量获取数据...
20260412 16:44:31- INFO-   history批量返回 4217 条记录
20260412 16:44:31- INFO-   步骤3: 调用stk_get_daily_mktvalue_pt获取市值数据...
20260412 16:44:32- INFO-   stk_get_daily_mktvalue_pt返回 4217 条记录
20260412 16:44:32- INFO-   步骤4: 合并数据...
20260412 16:44:32- INFO-   数据合并完成,最终返回 4217 条记录, 18 个字段
20260412 16:44:32- INFO- ✓ 2021-01-18 数据获取成功: 4217 条
20260412 16:44:32- INFO- 开始获取 2021-01-19 的掘金全市场数据...
20260412 16:44:32- INFO-   步骤1: 调用get_symbols获取基础信息...
20260412 16:44:33- INFO-   get_symbols返回 4221 条记录
20260412 16:44:33- INFO-   过滤后剩余 4221 只股票(已剔除未上市/已退市)
20260412 16:44:33- INFO-   步骤2: 调用history批量获取数据...
20260412 16:44:33- INFO-   history批量返回 4221 条记录
20260412 16:44:33- INFO-   步骤3: 调用stk_get_daily_mktvalue_pt获取市值数据...
20260412 16:44:33- INFO-   stk_get_daily_mktvalue_pt返回 4221 条记录
20260412 16:44:33- INFO-   步骤4: 合并数据...
20260412 16:44:33- INFO-   数据合并完成,最终返回 4221 条记录, 18 个字段
20260412 16:44:33- INFO- ✓ 2021-01-19 数据获取成功: 4221 条
20260412 16:44:34- INFO- 开始获取 2021-01-20 的掘金全市场数据...
20260412 16:44:34- INFO-   步骤1: 调用get_symbols获取基础信息...
20260412 16:44:35- INFO-   get_symbols返回 4220 条记录
20260412 16:44:35- INFO-   过滤后剩余 4220 只股票(已剔除未上市/已退市)
20260412 16:44:35- INFO-   步骤2: 调用history批量获取数据...
20260412 16:44:35- INFO-   history批量返回 4220 条记录
20260412 16:44:35- INFO-   步骤3: 调用stk_get_daily_mktvalue_pt获取市值数据...
20260412 16:44:35- INFO-   stk_get_daily_mktvalue_pt返回 4220 条记录
20260412 16:44:35- INFO-   步骤4: 合并数据...
20260412 16:44:35- INFO-   数据合并完成,最终返回 4220 条记录, 18 个字段
20260412 16:44:35- INFO- ✓ 2021-01-20 数据获取成功: 4220 条
20260412 16:44:36- INFO- 开始获取 2021-01-21 的掘金全市场数据...
20260412 16:44:36- INFO-   步骤1: 调用get_symbols获取基础信息...
20260412 16:44:36- INFO-   get_symbols返回 4223 条记录
20260412 16:44:36- INFO-   过滤后剩余 4223 只股票(已剔除未上市/已退市)
20260412 16:44:36- INFO-   步骤2: 调用history批量获取数据...
20260412 16:44:37- INFO-   history批量返回 4223 条记录
20260412 16:44:37- INFO-   步骤3: 调用stk_get_daily_mktvalue_pt获取市值数据...
20260412 16:44:37- INFO-   stk_get_daily_mktvalue_pt返回 4223 条记录
20260412 16:44:37- INFO-   步骤4: 合并数据...
20260412 16:44:37- INFO-   数据合并完成,最终返回 4223 条记录, 18 个字段
20260412 16:44:37- INFO- ✓ 2021-01-21 数据获取成功: 4223 条
20260412 16:44:37- INFO- 开始获取 2021-01-22 的掘金全市场数据...
20260412 16:44:37- INFO-   步骤1: 调用get_symbols获取基础信息...
20260412 16:44:38- INFO-   get_symbols返回 4229 条记录
20260412 16:44:38- INFO-   过滤后剩余 4229 只股票(已剔除未上市/已退市)
20260412 16:44:38- INFO-   步骤2: 调用history批量获取数据...
20260412 16:44:38- INFO-   history批量返回 4229 条记录
20260412 16:44:38- INFO-   步骤3: 调用stk_get_daily_mktvalue_pt获取市值数据...
20260412 16:44:39- INFO-   stk_get_daily_mktvalue_pt返回 4229 条记录
20260412 16:44:39- INFO-   步骤4: 合并数据...
20260412 16:44:39- INFO-   数据合并完成,最终返回 4229 条记录, 18 个字段
20260412 16:44:39- INFO- ✓ 2021-01-22 数据获取成功: 4229 条
20260412 16:44:39- INFO- 开始获取 2021-01-25 的掘金全市场数据...
20260412 16:44:39- INFO-   步骤1: 调用get_symbols获取基础信息...
20260412 16:44:40- INFO-   get_symbols返回 4228 条记录
20260412 16:44:40- INFO-   过滤后剩余 4228 只股票(已剔除未上市/已退市)
20260412 16:44:40- INFO-   步骤2: 调用history批量获取数据...
20260412 16:44:40- INFO-   history批量返回 4228 条记录
20260412 16:44:40- INFO-   步骤3: 调用stk_get_daily_mktvalue_pt获取市值数据...
20260412 16:44:40- INFO-   stk_get_daily_mktvalue_pt返回 4228 条记录
20260412 16:44:40- INFO-   步骤4: 合并数据...
20260412 16:44:40- INFO-   数据合并完成,最终返回 4228 条记录, 18 个字段
20260412 16:44:40- INFO- ✓ 2021-01-25 数据获取成功: 4228 条
20260412 16:44:41- INFO- 开始获取 2021-01-26 的掘金全市场数据...
20260412 16:44:41- INFO-   步骤1: 调用get_symbols获取基础信息...
20260412 16:44:41- INFO-   get_symbols返回 4230 条记录
20260412 16:44:41- INFO-   过滤后剩余 4230 只股票(已剔除未上市/已退市)
20260412 16:44:41- INFO-   步骤2: 调用history批量获取数据...
20260412 16:44:42- INFO-   history批量返回 4230 条记录
20260412 16:44:42- INFO-   步骤3: 调用stk_get_daily_mktvalue_pt获取市值数据...
20260412 16:44:42- INFO-   stk_get_daily_mktvalue_pt返回 4230 条记录
20260412 16:44:42- INFO-   步骤4: 合并数据...
20260412 16:44:42- INFO-   数据合并完成,最终返回 4230 条记录, 18 个字段
20260412 16:44:42- INFO- ✓ 2021-01-26 数据获取成功: 4230 条
20260412 16:44:43- INFO- 开始获取 2021-01-27 的掘金全市场数据...
20260412 16:44:43- INFO-   步骤1: 调用get_symbols获取基础信息...
20260412 16:44:43- INFO-   get_symbols返回 4234 条记录
20260412 16:44:43- INFO-   过滤后剩余 4234 只股票(已剔除未上市/已退市)
20260412 16:44:43- INFO-   步骤2: 调用history批量获取数据...
20260412 16:44:43- INFO-   history批量返回 4234 条记录
20260412 16:44:43- INFO-   步骤3: 调用stk_get_daily_mktvalue_pt获取市值数据...
20260412 16:44:44- INFO-   stk_get_daily_mktvalue_pt返回 4234 条记录
20260412 16:44:44- INFO-   步骤4: 合并数据...
20260412 16:44:44- INFO-   数据合并完成,最终返回 4234 条记录, 18 个字段
20260412 16:44:44- INFO- ✓ 2021-01-27 数据获取成功: 4234 条
20260412 16:44:44- INFO- 开始获取 2021-01-28 的掘金全市场数据...
20260412 16:44:44- INFO-   步骤1: 调用get_symbols获取基础信息...
20260412 16:44:45- INFO-   get_symbols返回 4240 条记录
20260412 16:44:45- INFO-   过滤后剩余 4240 只股票(已剔除未上市/已退市)
20260412 16:44:45- INFO-   步骤2: 调用history批量获取数据...
20260412 16:44:45- INFO-   history批量返回 4240 条记录
20260412 16:44:45- INFO-   步骤3: 调用stk_get_daily_mktvalue_pt获取市值数据...
20260412 16:44:45- INFO-   stk_get_daily_mktvalue_pt返回 4240 条记录
20260412 16:44:45- INFO-   步骤4: 合并数据...
20260412 16:44:45- INFO-   数据合并完成,最终返回 4240 条记录, 18 个字段
20260412 16:44:45- INFO- ✓ 2021-01-28 数据获取成功: 4240 条
20260412 16:44:46- INFO- 开始获取 2021-01-29 的掘金全市场数据...
20260412 16:44:46- INFO-   步骤1: 调用get_symbols获取基础信息...
20260412 16:44:46- INFO-   get_symbols返回 4242 条记录
20260412 16:44:47- INFO-   过滤后剩余 4242 只股票(已剔除未上市/已退市)
20260412 16:44:47- INFO-   步骤2: 调用history批量获取数据...
20260412 16:44:47- INFO-   history批量返回 4242 条记录
20260412 16:44:47- INFO-   步骤3: 调用stk_get_daily_mktvalue_pt获取市值数据...
20260412 16:44:47- INFO-   stk_get_daily_mktvalue_pt返回 4242 条记录
20260412 16:44:47- INFO-   步骤4: 合并数据...
20260412 16:44:47- INFO-   数据合并完成,最终返回 4242 条记录, 18 个字段
20260412 16:44:47- INFO- ✓ 2021-01-29 数据获取成功: 4242 条
20260412 16:44:47- INFO- 开始获取 2021-02-01 的掘金全市场数据...
20260412 16:44:47- INFO-   步骤1: 调用get_symbols获取基础信息...
20260412 16:44:48- INFO-   get_symbols返回 4245 条记录
20260412 16:44:48- INFO-   过滤后剩余 4245 只股票(已剔除未上市/已退市)
20260412 16:44:48- INFO-   步骤2: 调用history批量获取数据...
20260412 16:44:48- INFO-   history批量返回 4245 条记录
20260412 16:44:48- INFO-   步骤3: 调用stk_get_daily_mktvalue_pt获取市值数据...
20260412 16:44:49- INFO-   stk_get_daily_mktvalue_pt返回 4245 条记录
20260412 16:44:49- INFO-   步骤4: 合并数据...
20260412 16:44:49- INFO-   数据合并完成,最终返回 4245 条记录, 18 个字段
20260412 16:44:49- INFO- ✓ 2021-02-01 数据获取成功: 4245 条
20260412 16:44:49- INFO- 开始获取 2021-02-02 的掘金全市场数据...
20260412 16:44:49- INFO-   步骤1: 调用get_symbols获取基础信息...
20260412 16:44:50- INFO-   get_symbols返回 4246 条记录
20260412 16:44:50- INFO-   过滤后剩余 4246 只股票(已剔除未上市/已退市)
20260412 16:44:50- INFO-   步骤2: 调用history批量获取数据...
20260412 16:44:50- INFO-   history批量返回 4246 条记录
20260412 16:44:50- INFO-   步骤3: 调用stk_get_daily_mktvalue_pt获取市值数据...
20260412 16:44:50- INFO-   stk_get_daily_mktvalue_pt返回 4246 条记录
20260412 16:44:50- INFO-   步骤4: 合并数据...
20260412 16:44:50- INFO-   数据合并完成,最终返回 4246 条记录, 18 个字段
20260412 16:44:50- INFO- ✓ 2021-02-02 数据获取成功: 4246 条
20260412 16:44:51- INFO- 开始获取 2021-02-03 的掘金全市场数据...
20260412 16:44:51- INFO-   步骤1: 调用get_symbols获取基础信息...
20260412 16:44:51- INFO-   get_symbols返回 4247 条记录
20260412 16:44:52- INFO-   过滤后剩余 4247 只股票(已剔除未上市/已退市)
20260412 16:44:52- INFO-   步骤2: 调用history批量获取数据...
20260412 16:44:52- INFO-   history批量返回 4247 条记录
20260412 16:44:52- INFO-   步骤3: 调用stk_get_daily_mktvalue_pt获取市值数据...
20260412 16:44:52- INFO-   stk_get_daily_mktvalue_pt返回 4247 条记录
20260412 16:44:52- INFO-   步骤4: 合并数据...
20260412 16:44:52- INFO-   数据合并完成,最终返回 4247 条记录, 18 个字段
20260412 16:44:52- INFO- ✓ 2021-02-03 数据获取成功: 4247 条
20260412 16:44:53- INFO- 开始获取 2021-02-04 的掘金全市场数据...
20260412 16:44:53- INFO-   步骤1: 调用get_symbols获取基础信息...
20260412 16:44:53- INFO-   get_symbols返回 4248 条记录
20260412 16:44:53- INFO-   过滤后剩余 4248 只股票(已剔除未上市/已退市)
20260412 16:44:53- INFO-   步骤2: 调用history批量获取数据...
20260412 16:44:54- INFO-   history批量返回 4248 条记录
20260412 16:44:54- INFO-   步骤3: 调用stk_get_daily_mktvalue_pt获取市值数据...
20260412 16:44:54- INFO-   stk_get_daily_mktvalue_pt返回 4248 条记录
20260412 16:44:54- INFO-   步骤4: 合并数据...
20260412 16:44:54- INFO-   数据合并完成,最终返回 4248 条记录, 18 个字段
20260412 16:44:54- INFO- ✓ 2021-02-04 数据获取成功: 4248 条
20260412 16:44:54- INFO- 开始获取 2021-02-05 的掘金全市场数据...
20260412 16:44:54- INFO-   步骤1: 调用get_symbols获取基础信息...
20260412 16:44:55- INFO-   get_symbols返回 4248 条记录
20260412 16:44:55- INFO-   过滤后剩余 4248 只股票(已剔除未上市/已退市)
20260412 16:44:55- INFO-   步骤2: 调用history批量获取数据...
20260412 16:44:55- INFO-   history批量返回 4248 条记录
20260412 16:44:55- INFO-   步骤3: 调用stk_get_daily_mktvalue_pt获取市值数据...
20260412 16:44:56- INFO-   stk_get_daily_mktvalue_pt返回 4248 条记录
20260412 16:44:56- INFO-   步骤4: 合并数据...
20260412 16:44:56- INFO-   数据合并完成,最终返回 4248 条记录, 18 个字段
20260412 16:44:56- INFO- ✓ 2021-02-05 数据获取成功: 4248 条
20260412 16:44:56- INFO- 开始获取 2021-02-08 的掘金全市场数据...
20260412 16:44:56- INFO-   步骤1: 调用get_symbols获取基础信息...
20260412 16:44:57- INFO-   get_symbols返回 4250 条记录
20260412 16:44:57- INFO-   过滤后剩余 4250 只股票(已剔除未上市/已退市)
20260412 16:44:57- INFO-   步骤2: 调用history批量获取数据...
20260412 16:44:57- INFO-   history批量返回 4250 条记录
20260412 16:44:57- INFO-   步骤3: 调用stk_get_daily_mktvalue_pt获取市值数据...
20260412 16:44:57- INFO-   stk_get_daily_mktvalue_pt返回 4250 条记录
20260412 16:44:57- INFO-   步骤4: 合并数据...
20260412 16:44:57- INFO-   数据合并完成,最终返回 4250 条记录, 18 个字段
20260412 16:44:57- INFO- ✓ 2021-02-08 数据获取成功: 4250 条
20260412 16:44:58- INFO- 开始获取 2021-02-09 的掘金全市场数据...
20260412 16:44:58- INFO-   步骤1: 调用get_symbols获取基础信息...
20260412 16:44:58- INFO-   get_symbols返回 4257 条记录
20260412 16:44:59- INFO-   过滤后剩余 4257 只股票(已剔除未上市/已退市)
20260412 16:44:59- INFO-   步骤2: 调用history批量获取数据...
20260412 16:44:59- INFO-   history批量返回 4257 条记录
20260412 16:44:59- INFO-   步骤3: 调用stk_get_daily_mktvalue_pt获取市值数据...
20260412 16:44:59- INFO-   stk_get_daily_mktvalue_pt返回 4257 条记录
20260412 16:44:59- INFO-   步骤4: 合并数据...
20260412 16:44:59- INFO-   数据合并完成,最终返回 4257 条记录, 18 个字段
20260412 16:44:59- INFO- ✓ 2021-02-09 数据获取成功: 4257 条
20260412 16:45:00- INFO- 开始获取 2021-02-10 的掘金全市场数据...
20260412 16:45:00- INFO-   步骤1: 调用get_symbols获取基础信息...
20260412 16:45:00- INFO-   get_symbols返回 4265 条记录
20260412 16:45:00- INFO-   过滤后剩余 4265 只股票(已剔除未上市/已退市)
20260412 16:45:00- INFO-   步骤2: 调用history批量获取数据...
20260412 16:45:00- INFO-   history批量返回 4265 条记录
20260412 16:45:00- INFO-   步骤3: 调用stk_get_daily_mktvalue_pt获取市值数据...
20260412 16:45:01- INFO-   stk_get_daily_mktvalue_pt返回 4265 条记录
20260412 16:45:01- INFO-   步骤4: 合并数据...
20260412 16:45:01- INFO-   数据合并完成,最终返回 4265 条记录, 18 个字段
20260412 16:45:01- INFO- ✓ 2021-02-10 数据获取成功: 4265 条
20260412 16:45:01- INFO- 开始获取 2021-02-11 的掘金全市场数据...
20260412 16:45:01- INFO-   步骤1: 调用get_symbols获取基础信息...
20260412 16:45:02- WARNING- 2021-02-11 get_symbols返回空数据
20260412 16:45:02- WARNING- ✗ 2021-02-11 无数据
20260412 16:45:02- INFO- 开始获取 2021-02-12 的掘金全市场数据...
20260412 16:45:02- INFO-   步骤1: 调用get_symbols获取基础信息...
20260412 16:45:02- WARNING- 2021-02-12 get_symbols返回空数据
20260412 16:45:02- WARNING- ✗ 2021-02-12 无数据
20260412 16:45:03- INFO- 开始获取 2021-02-15 的掘金全市场数据...
20260412 16:45:03- INFO-   步骤1: 调用get_symbols获取基础信息...
20260412 16:45:03- WARNING- 2021-02-15 get_symbols返回空数据
20260412 16:45:03- WARNING- ✗ 2021-02-15 无数据
20260412 16:45:03- INFO- 开始获取 2021-02-16 的掘金全市场数据...
20260412 16:45:03- INFO-   步骤1: 调用get_symbols获取基础信息...
20260412 16:45:04- WARNING- 2021-02-16 get_symbols返回空数据
20260412 16:45:04- WARNING- ✗ 2021-02-16 无数据
20260412 16:45:04- INFO- 开始获取 2021-02-17 的掘金全市场数据...
20260412 16:45:04- INFO-   步骤1: 调用get_symbols获取基础信息...
20260412 16:45:04- WARNING- 2021-02-17 get_symbols返回空数据
20260412 16:45:04- WARNING- ✗ 2021-02-17 无数据
20260412 16:45:05- INFO- 开始获取 2021-02-18 的掘金全市场数据...
20260412 16:45:05- INFO-   步骤1: 调用get_symbols获取基础信息...
20260412 16:45:06- INFO-   get_symbols返回 4259 条记录
20260412 16:45:06- INFO-   过滤后剩余 4259 只股票(已剔除未上市/已退市)
20260412 16:45:06- INFO-   步骤2: 调用history批量获取数据...
20260412 16:45:06- INFO-   history批量返回 4259 条记录
20260412 16:45:06- INFO-   步骤3: 调用stk_get_daily_mktvalue_pt获取市值数据...
20260412 16:45:06- INFO-   stk_get_daily_mktvalue_pt返回 4259 条记录
20260412 16:45:06- INFO-   步骤4: 合并数据...
20260412 16:45:06- INFO-   数据合并完成,最终返回 4259 条记录, 18 个字段
20260412 16:45:06- INFO- ✓ 2021-02-18 数据获取成功: 4259 条
20260412 16:45:07- INFO- 开始获取 2021-02-19 的掘金全市场数据...
20260412 16:45:07- INFO-   步骤1: 调用get_symbols获取基础信息...
20260412 16:45:07- INFO-   get_symbols返回 4264 条记录
20260412 16:45:07- INFO-   过滤后剩余 4264 只股票(已剔除未上市/已退市)
20260412 16:45:07- INFO-   步骤2: 调用history批量获取数据...
20260412 16:45:07- INFO-   history批量返回 4264 条记录
20260412 16:45:07- INFO-   步骤3: 调用stk_get_daily_mktvalue_pt获取市值数据...
20260412 16:45:08- INFO-   stk_get_daily_mktvalue_pt返回 4264 条记录
20260412 16:45:08- INFO-   步骤4: 合并数据...
20260412 16:45:08- INFO-   数据合并完成,最终返回 4264 条记录, 18 个字段
20260412 16:45:08- INFO- ✓ 2021-02-19 数据获取成功: 4264 条
20260412 16:45:08- INFO- 开始获取 2021-02-22 的掘金全市场数据...
20260412 16:45:08- INFO-   步骤1: 调用get_symbols获取基础信息...
20260412 16:45:09- INFO-   get_symbols返回 4264 条记录
20260412 16:45:09- INFO-   过滤后剩余 4264 只股票(已剔除未上市/已退市)
20260412 16:45:09- INFO-   步骤2: 调用history批量获取数据...
20260412 16:45:09- INFO-   history批量返回 4264 条记录
20260412 16:45:09- INFO-   步骤3: 调用stk_get_daily_mktvalue_pt获取市值数据...
20260412 16:45:10- INFO-   stk_get_daily_mktvalue_pt返回 4264 条记录
20260412 16:45:10- INFO-   步骤4: 合并数据...
20260412 16:45:10- INFO-   数据合并完成,最终返回 4264 条记录, 18 个字段
20260412 16:45:10- INFO- ✓ 2021-02-22 数据获取成功: 4264 条
20260412 16:45:10- INFO- 开始获取 2021-02-23 的掘金全市场数据...
20260412 16:45:10- INFO-   步骤1: 调用get_symbols获取基础信息...
20260412 16:45:11- INFO-   get_symbols返回 4264 条记录
20260412 16:45:11- INFO-   过滤后剩余 4264 只股票(已剔除未上市/已退市)
20260412 16:45:11- INFO-   步骤2: 调用history批量获取数据...
20260412 16:45:11- INFO-   history批量返回 4264 条记录
20260412 16:45:11- INFO-   步骤3: 调用stk_get_daily_mktvalue_pt获取市值数据...
20260412 16:45:11- INFO-   stk_get_daily_mktvalue_pt返回 4264 条记录
20260412 16:45:11- INFO-   步骤4: 合并数据...
20260412 16:45:11- INFO-   数据合并完成,最终返回 4264 条记录, 18 个字段
20260412 16:45:11- INFO- ✓ 2021-02-23 数据获取成功: 4264 条
20260412 16:45:12- INFO- 开始获取 2021-02-24 的掘金全市场数据...
20260412 16:45:12- INFO-   步骤1: 调用get_symbols获取基础信息...
20260412 16:45:12- INFO-   get_symbols返回 4267 条记录
20260412 16:45:12- INFO-   过滤后剩余 4267 只股票(已剔除未上市/已退市)
20260412 16:45:12- INFO-   步骤2: 调用history批量获取数据...
20260412 16:45:13- INFO-   history批量返回 4267 条记录
20260412 16:45:13- INFO-   步骤3: 调用stk_get_daily_mktvalue_pt获取市值数据...
20260412 16:45:13- INFO-   stk_get_daily_mktvalue_pt返回 4267 条记录
20260412 16:45:13- INFO-   步骤4: 合并数据...
20260412 16:45:13- INFO-   数据合并完成,最终返回 4267 条记录, 18 个字段
20260412 16:45:13- INFO- ✓ 2021-02-24 数据获取成功: 4267 条
20260412 16:45:13- INFO- 开始获取 2021-02-25 的掘金全市场数据...
20260412 16:45:13- INFO-   步骤1: 调用get_symbols获取基础信息...
20260412 16:45:14- INFO-   get_symbols返回 4268 条记录
20260412 16:45:14- INFO-   过滤后剩余 4268 只股票(已剔除未上市/已退市)
20260412 16:45:14- INFO-   步骤2: 调用history批量获取数据...
20260412 16:45:14- INFO-   history批量返回 4268 条记录
20260412 16:45:14- INFO-   步骤3: 调用stk_get_daily_mktvalue_pt获取市值数据...
20260412 16:45:15- INFO-   stk_get_daily_mktvalue_pt返回 4268 条记录
20260412 16:45:15- INFO-   步骤4: 合并数据...
20260412 16:45:15- INFO-   数据合并完成,最终返回 4268 条记录, 18 个字段
20260412 16:45:15- INFO- ✓ 2021-02-25 数据获取成功: 4268 条
20260412 16:45:15- INFO- 开始获取 2021-02-26 的掘金全市场数据...
20260412 16:45:15- INFO-   步骤1: 调用get_symbols获取基础信息...
20260412 16:45:16- INFO-   get_symbols返回 4269 条记录
20260412 16:45:16- INFO-   过滤后剩余 4269 只股票(已剔除未上市/已退市)
20260412 16:45:16- INFO-   步骤2: 调用history批量获取数据...
20260412 16:45:16- INFO-   history批量返回 4269 条记录
20260412 16:45:16- INFO-   步骤3: 调用stk_get_daily_mktvalue_pt获取市值数据...
20260412 16:45:16- INFO-   stk_get_daily_mktvalue_pt返回 4269 条记录
20260412 16:45:16- INFO-   步骤4: 合并数据...
20260412 16:45:16- INFO-   数据合并完成,最终返回 4269 条记录, 18 个字段
20260412 16:45:16- INFO- ✓ 2021-02-26 数据获取成功: 4269 条
20260412 16:45:17- INFO- 开始获取 2021-03-01 的掘金全市场数据...
20260412 16:45:17- INFO-   步骤1: 调用get_symbols获取基础信息...
20260412 16:45:17- INFO-   get_symbols返回 4270 条记录
20260412 16:45:17- INFO-   过滤后剩余 4270 只股票(已剔除未上市/已退市)
20260412 16:45:17- INFO-   步骤2: 调用history批量获取数据...
20260412 16:45:18- INFO-   history批量返回 4270 条记录
20260412 16:45:18- INFO-   步骤3: 调用stk_get_daily_mktvalue_pt获取市值数据...
20260412 16:45:18- INFO-   stk_get_daily_mktvalue_pt返回 4270 条记录
20260412 16:45:18- INFO-   步骤4: 合并数据...
20260412 16:45:18- INFO-   数据合并完成,最终返回 4270 条记录, 18 个字段
20260412 16:45:18- INFO- ✓ 2021-03-01 数据获取成功: 4270 条
20260412 16:45:19- INFO- 开始获取 2021-03-02 的掘金全市场数据...
20260412 16:45:19- INFO-   步骤1: 调用get_symbols获取基础信息...
20260412 16:45:19- INFO-   get_symbols返回 4271 条记录
20260412 16:45:19- INFO-   过滤后剩余 4271 只股票(已剔除未上市/已退市)
20260412 16:45:19- INFO-   步骤2: 调用history批量获取数据...
20260412 16:45:19- INFO-   history批量返回 4271 条记录
20260412 16:45:19- INFO-   步骤3: 调用stk_get_daily_mktvalue_pt获取市值数据...
20260412 16:45:20- INFO-   stk_get_daily_mktvalue_pt返回 4271 条记录
20260412 16:45:20- INFO-   步骤4: 合并数据...
20260412 16:45:20- INFO-   数据合并完成,最终返回 4271 条记录, 18 个字段
20260412 16:45:20- INFO- ✓ 2021-03-02 数据获取成功: 4271 条
20260412 16:45:20- INFO- 开始获取 2021-03-03 的掘金全市场数据...
20260412 16:45:20- INFO-   步骤1: 调用get_symbols获取基础信息...
20260412 16:45:21- INFO-   get_symbols返回 4272 条记录
20260412 16:45:21- INFO-   过滤后剩余 4272 只股票(已剔除未上市/已退市)
20260412 16:45:21- INFO-   步骤2: 调用history批量获取数据...
20260412 16:45:21- INFO-   history批量返回 4272 条记录
20260412 16:45:21- INFO-   步骤3: 调用stk_get_daily_mktvalue_pt获取市值数据...
20260412 16:45:21- INFO-   stk_get_daily_mktvalue_pt返回 4272 条记录
20260412 16:45:21- INFO-   步骤4: 合并数据...
20260412 16:45:21- INFO-   数据合并完成,最终返回 4272 条记录, 18 个字段
20260412 16:45:21- INFO- ✓ 2021-03-03 数据获取成功: 4272 条
20260412 16:45:22- INFO- 开始获取 2021-03-04 的掘金全市场数据...
20260412 16:45:22- INFO-   步骤1: 调用get_symbols获取基础信息...
20260412 16:45:22- INFO-   get_symbols返回 4271 条记录
20260412 16:45:22- INFO-   过滤后剩余 4271 只股票(已剔除未上市/已退市)
20260412 16:45:22- INFO-   步骤2: 调用history批量获取数据...
20260412 16:45:23- INFO-   history批量返回 4271 条记录
20260412 16:45:23- INFO-   步骤3: 调用stk_get_daily_mktvalue_pt获取市值数据...
20260412 16:45:23- INFO-   stk_get_daily_mktvalue_pt返回 4271 条记录
20260412 16:45:23- INFO-   步骤4: 合并数据...
20260412 16:45:23- INFO-   数据合并完成,最终返回 4271 条记录, 18 个字段
20260412 16:45:23- INFO- ✓ 2021-03-04 数据获取成功: 4271 条
20260412 16:45:24- INFO- 开始获取 2021-03-05 的掘金全市场数据...
20260412 16:45:24- INFO-   步骤1: 调用get_symbols获取基础信息...
20260412 16:45:24- INFO-   get_symbols返回 4273 条记录
20260412 16:45:24- INFO-   过滤后剩余 4273 只股票(已剔除未上市/已退市)
20260412 16:45:24- INFO-   步骤2: 调用history批量获取数据...
20260412 16:45:24- INFO-   history批量返回 4273 条记录
20260412 16:45:24- INFO-   步骤3: 调用stk_get_daily_mktvalue_pt获取市值数据...
20260412 16:45:25- INFO-   stk_get_daily_mktvalue_pt返回 4273 条记录
20260412 16:45:25- INFO-   步骤4: 合并数据...
20260412 16:45:25- INFO-   数据合并完成,最终返回 4273 条记录, 18 个字段
20260412 16:45:25- INFO- ✓ 2021-03-05 数据获取成功: 4273 条
20260412 16:45:25- INFO- 开始获取 2021-03-08 的掘金全市场数据...
20260412 16:45:25- INFO-   步骤1: 调用get_symbols获取基础信息...
20260412 16:45:26- INFO-   get_symbols返回 4275 条记录
20260412 16:45:26- INFO-   过滤后剩余 4275 只股票(已剔除未上市/已退市)
20260412 16:45:26- INFO-   步骤2: 调用history批量获取数据...
20260412 16:45:26- INFO-   history批量返回 4275 条记录
20260412 16:45:26- INFO-   步骤3: 调用stk_get_daily_mktvalue_pt获取市值数据...
20260412 16:45:26- INFO-   stk_get_daily_mktvalue_pt返回 4275 条记录
20260412 16:45:26- INFO-   步骤4: 合并数据...
20260412 16:45:26- INFO-   数据合并完成,最终返回 4275 条记录, 18 个字段
20260412 16:45:26- INFO- ✓ 2021-03-08 数据获取成功: 4275 条
20260412 16:45:27- INFO- 开始获取 2021-03-09 的掘金全市场数据...
20260412 16:45:27- INFO-   步骤1: 调用get_symbols获取基础信息...
20260412 16:45:27- INFO-   get_symbols返回 4276 条记录
20260412 16:45:27- INFO-   过滤后剩余 4276 只股票(已剔除未上市/已退市)
20260412 16:45:27- INFO-   步骤2: 调用history批量获取数据...
20260412 16:45:28- INFO-   history批量返回 4276 条记录
20260412 16:45:28- INFO-   步骤3: 调用stk_get_daily_mktvalue_pt获取市值数据...
20260412 16:45:28- INFO-   stk_get_daily_mktvalue_pt返回 4276 条记录
20260412 16:45:28- INFO-   步骤4: 合并数据...
20260412 16:45:28- INFO-   数据合并完成,最终返回 4276 条记录, 18 个字段
20260412 16:45:28- INFO- ✓ 2021-03-09 数据获取成功: 4276 条
20260412 16:45:29- INFO- 开始获取 2021-03-10 的掘金全市场数据...
20260412 16:45:29- INFO-   步骤1: 调用get_symbols获取基础信息...
20260412 16:45:29- INFO-   get_symbols返回 4277 条记录
20260412 16:45:29- INFO-   过滤后剩余 4277 只股票(已剔除未上市/已退市)
20260412 16:45:29- INFO-   步骤2: 调用history批量获取数据...
20260412 16:45:29- INFO-   history批量返回 4277 条记录
20260412 16:45:29- INFO-   步骤3: 调用stk_get_daily_mktvalue_pt获取市值数据...
20260412 16:45:30- INFO-   stk_get_daily_mktvalue_pt返回 4277 条记录
20260412 16:45:30- INFO-   步骤4: 合并数据...
20260412 16:45:30- INFO-   数据合并完成,最终返回 4277 条记录, 18 个字段
20260412 16:45:30- INFO- ✓ 2021-03-10 数据获取成功: 4277 条
20260412 16:45:30- INFO- 开始获取 2021-03-11 的掘金全市场数据...
20260412 16:45:30- INFO-   步骤1: 调用get_symbols获取基础信息...
20260412 16:45:31- INFO-   get_symbols返回 4276 条记录
20260412 16:45:31- INFO-   过滤后剩余 4276 只股票(已剔除未上市/已退市)
20260412 16:45:31- INFO-   步骤2: 调用history批量获取数据...
20260412 16:45:31- INFO-   history批量返回 4276 条记录
20260412 16:45:31- INFO-   步骤3: 调用stk_get_daily_mktvalue_pt获取市值数据...
20260412 16:45:31- INFO-   stk_get_daily_mktvalue_pt返回 4276 条记录
20260412 16:45:31- INFO-   步骤4: 合并数据...
20260412 16:45:31- INFO-   数据合并完成,最终返回 4276 条记录, 18 个字段
20260412 16:45:31- INFO- ✓ 2021-03-11 数据获取成功: 4276 条
20260412 16:45:32- INFO- 开始获取 2021-03-12 的掘金全市场数据...
20260412 16:45:32- INFO-   步骤1: 调用get_symbols获取基础信息...
20260412 16:45:33- INFO-   get_symbols返回 4278 条记录
20260412 16:45:33- INFO-   过滤后剩余 4278 只股票(已剔除未上市/已退市)
20260412 16:45:33- INFO-   步骤2: 调用history批量获取数据...
20260412 16:45:33- INFO-   history批量返回 4278 条记录
20260412 16:45:33- INFO-   步骤3: 调用stk_get_daily_mktvalue_pt获取市值数据...
20260412 16:45:33- INFO-   stk_get_daily_mktvalue_pt返回 4278 条记录
20260412 16:45:33- INFO-   步骤4: 合并数据...
20260412 16:45:33- INFO-   数据合并完成,最终返回 4278 条记录, 18 个字段
20260412 16:45:33- INFO- ✓ 2021-03-12 数据获取成功: 4278 条
20260412 16:45:34- INFO- 开始获取 2021-03-15 的掘金全市场数据...
20260412 16:45:34- INFO-   步骤1: 调用get_symbols获取基础信息...
20260412 16:45:34- INFO-   get_symbols返回 4279 条记录
20260412 16:45:34- INFO-   过滤后剩余 4279 只股票(已剔除未上市/已退市)
20260412 16:45:34- INFO-   步骤2: 调用history批量获取数据...
20260412 16:45:34- INFO-   history批量返回 4279 条记录
20260412 16:45:34- INFO-   步骤3: 调用stk_get_daily_mktvalue_pt获取市值数据...
20260412 16:45:35- INFO-   stk_get_daily_mktvalue_pt返回 4279 条记录
20260412 16:45:35- INFO-   步骤4: 合并数据...
20260412 16:45:35- INFO-   数据合并完成,最终返回 4279 条记录, 18 个字段
20260412 16:45:35- INFO- ✓ 2021-03-15 数据获取成功: 4279 条
20260412 16:45:35- INFO- 开始获取 2021-03-16 的掘金全市场数据...
20260412 16:45:35- INFO-   步骤1: 调用get_symbols获取基础信息...
20260412 16:45:36- INFO-   get_symbols返回 4281 条记录
20260412 16:45:36- INFO-   过滤后剩余 4281 只股票(已剔除未上市/已退市)
20260412 16:45:36- INFO-   步骤2: 调用history批量获取数据...
20260412 16:45:36- INFO-   history批量返回 4281 条记录
20260412 16:45:36- INFO-   步骤3: 调用stk_get_daily_mktvalue_pt获取市值数据...
20260412 16:45:37- INFO-   stk_get_daily_mktvalue_pt返回 4281 条记录
20260412 16:45:37- INFO-   步骤4: 合并数据...
20260412 16:45:37- INFO-   数据合并完成,最终返回 4281 条记录, 18 个字段
20260412 16:45:37- INFO- ✓ 2021-03-16 数据获取成功: 4281 条
20260412 16:45:37- INFO- 开始获取 2021-03-17 的掘金全市场数据...
20260412 16:45:37- INFO-   步骤1: 调用get_symbols获取基础信息...
20260412 16:45:38- INFO-   get_symbols返回 4282 条记录
20260412 16:45:38- INFO-   过滤后剩余 4282 只股票(已剔除未上市/已退市)
20260412 16:45:38- INFO-   步骤2: 调用history批量获取数据...
20260412 16:45:38- INFO-   history批量返回 4282 条记录
20260412 16:45:38- INFO-   步骤3: 调用stk_get_daily_mktvalue_pt获取市值数据...
20260412 16:45:38- INFO-   stk_get_daily_mktvalue_pt返回 4282 条记录
20260412 16:45:38- INFO-   步骤4: 合并数据...
20260412 16:45:38- INFO-   数据合并完成,最终返回 4282 条记录, 18 个字段
20260412 16:45:38- INFO- ✓ 2021-03-17 数据获取成功: 4282 条
20260412 16:45:39- INFO- 开始获取 2021-03-18 的掘金全市场数据...
20260412 16:45:39- INFO-   步骤1: 调用get_symbols获取基础信息...
20260412 16:45:39- INFO-   get_symbols返回 4284 条记录
20260412 16:45:39- INFO-   过滤后剩余 4284 只股票(已剔除未上市/已退市)
20260412 16:45:39- INFO-   步骤2: 调用history批量获取数据...
20260412 16:45:40- INFO-   history批量返回 4284 条记录
20260412 16:45:40- INFO-   步骤3: 调用stk_get_daily_mktvalue_pt获取市值数据...
20260412 16:45:40- INFO-   stk_get_daily_mktvalue_pt返回 4284 条记录
20260412 16:45:40- INFO-   步骤4: 合并数据...
20260412 16:45:40- INFO-   数据合并完成,最终返回 4284 条记录, 18 个字段
20260412 16:45:40- INFO- ✓ 2021-03-18 数据获取成功: 4284 条
20260412 16:45:40- INFO- 开始获取 2021-03-19 的掘金全市场数据...
20260412 16:45:40- INFO-   步骤1: 调用get_symbols获取基础信息...
20260412 16:45:41- INFO-   get_symbols返回 4283 条记录
20260412 16:45:41- INFO-   过滤后剩余 4283 只股票(已剔除未上市/已退市)
20260412 16:45:41- INFO-   步骤2: 调用history批量获取数据...
20260412 16:45:41- INFO-   history批量返回 4283 条记录
20260412 16:45:41- INFO-   步骤3: 调用stk_get_daily_mktvalue_pt获取市值数据...
20260412 16:45:42- INFO-   stk_get_daily_mktvalue_pt返回 4283 条记录
20260412 16:45:42- INFO-   步骤4: 合并数据...
20260412 16:45:42- INFO-   数据合并完成,最终返回 4283 条记录, 18 个字段
20260412 16:45:42- INFO- ✓ 2021-03-19 数据获取成功: 4283 条
20260412 16:45:42- INFO- 开始获取 2021-03-22 的掘金全市场数据...
20260412 16:45:42- INFO-   步骤1: 调用get_symbols获取基础信息...
20260412 16:45:43- INFO-   get_symbols返回 4293 条记录
20260412 16:45:43- INFO-   过滤后剩余 4293 只股票(已剔除未上市/已退市)
20260412 16:45:43- INFO-   步骤2: 调用history批量获取数据...
20260412 16:45:43- INFO-   history批量返回 4293 条记录
20260412 16:45:43- INFO-   步骤3: 调用stk_get_daily_mktvalue_pt获取市值数据...
20260412 16:45:43- INFO-   stk_get_daily_mktvalue_pt返回 4293 条记录
20260412 16:45:43- INFO-   步骤4: 合并数据...
20260412 16:45:43- INFO-   数据合并完成,最终返回 4293 条记录, 18 个字段
20260412 16:45:43- INFO- ✓ 2021-03-22 数据获取成功: 4293 条
20260412 16:45:44- INFO- 开始获取 2021-03-23 的掘金全市场数据...
20260412 16:45:44- INFO-   步骤1: 调用get_symbols获取基础信息...
20260412 16:45:44- INFO-   get_symbols返回 4295 条记录
20260412 16:45:44- INFO-   过滤后剩余 4295 只股票(已剔除未上市/已退市)
20260412 16:45:44- INFO-   步骤2: 调用history批量获取数据...
20260412 16:45:45- INFO-   history批量返回 4295 条记录
20260412 16:45:45- INFO-   步骤3: 调用stk_get_daily_mktvalue_pt获取市值数据...
20260412 16:45:45- INFO-   stk_get_daily_mktvalue_pt返回 4295 条记录
20260412 16:45:45- INFO-   步骤4: 合并数据...
20260412 16:45:45- INFO-   数据合并完成,最终返回 4295 条记录, 18 个字段
20260412 16:45:45- INFO- ✓ 2021-03-23 数据获取成功: 4295 条
20260412 16:45:46- INFO- 开始获取 2021-03-24 的掘金全市场数据...
20260412 16:45:46- INFO-   步骤1: 调用get_symbols获取基础信息...
20260412 16:45:46- INFO-   get_symbols返回 4296 条记录
20260412 16:45:46- INFO-   过滤后剩余 4296 只股票(已剔除未上市/已退市)
20260412 16:45:46- INFO-   步骤2: 调用history批量获取数据...
20260412 16:45:46- INFO-   history批量返回 4296 条记录
20260412 16:45:46- INFO-   步骤3: 调用stk_get_daily_mktvalue_pt获取市值数据...
20260412 16:45:47- INFO-   stk_get_daily_mktvalue_pt返回 4296 条记录
20260412 16:45:47- INFO-   步骤4: 合并数据...
20260412 16:45:47- INFO-   数据合并完成,最终返回 4296 条记录, 18 个字段
20260412 16:45:47- INFO- ✓ 2021-03-24 数据获取成功: 4296 条
20260412 16:45:47- INFO- 开始获取 2021-03-25 的掘金全市场数据...
20260412 16:45:47- INFO-   步骤1: 调用get_symbols获取基础信息...
20260412 16:45:48- INFO-   get_symbols返回 4299 条记录
20260412 16:45:48- INFO-   过滤后剩余 4299 只股票(已剔除未上市/已退市)
20260412 16:45:48- INFO-   步骤2: 调用history批量获取数据...
20260412 16:45:48- INFO-   history批量返回 4299 条记录
20260412 16:45:48- INFO-   步骤3: 调用stk_get_daily_mktvalue_pt获取市值数据...
20260412 16:45:49- INFO-   stk_get_daily_mktvalue_pt返回 4299 条记录
20260412 16:45:49- INFO-   步骤4: 合并数据...
20260412 16:45:49- INFO-   数据合并完成,最终返回 4299 条记录, 18 个字段
20260412 16:45:49- INFO- ✓ 2021-03-25 数据获取成功: 4299 条
20260412 16:45:49- INFO- 开始获取 2021-03-26 的掘金全市场数据...
20260412 16:45:49- INFO-   步骤1: 调用get_symbols获取基础信息...
20260412 16:45:50- INFO-   get_symbols返回 4302 条记录
20260412 16:45:50- INFO-   过滤后剩余 4302 只股票(已剔除未上市/已退市)
20260412 16:45:50- INFO-   步骤2: 调用history批量获取数据...
20260412 16:45:50- INFO-   history批量返回 4302 条记录
20260412 16:45:50- INFO-   步骤3: 调用stk_get_daily_mktvalue_pt获取市值数据...
20260412 16:45:50- INFO-   stk_get_daily_mktvalue_pt返回 4302 条记录
20260412 16:45:50- INFO-   步骤4: 合并数据...
20260412 16:45:50- INFO-   数据合并完成,最终返回 4302 条记录, 18 个字段
20260412 16:45:50- INFO- ✓ 2021-03-26 数据获取成功: 4302 条
20260412 16:45:51- INFO- 开始获取 2021-03-29 的掘金全市场数据...
20260412 16:45:51- INFO-   步骤1: 调用get_symbols获取基础信息...
20260412 16:45:51- INFO-   get_symbols返回 4306 条记录
20260412 16:45:51- INFO-   过滤后剩余 4306 只股票(已剔除未上市/已退市)
20260412 16:45:51- INFO-   步骤2: 调用history批量获取数据...
20260412 16:45:52- INFO-   history批量返回 4306 条记录
20260412 16:45:52- INFO-   步骤3: 调用stk_get_daily_mktvalue_pt获取市值数据...
20260412 16:45:52- INFO-   stk_get_daily_mktvalue_pt返回 4306 条记录
20260412 16:45:52- INFO-   步骤4: 合并数据...
20260412 16:45:52- INFO-   数据合并完成,最终返回 4306 条记录, 18 个字段
20260412 16:45:52- INFO- ✓ 2021-03-29 数据获取成功: 4306 条
20260412 16:45:53- INFO- 开始获取 2021-03-30 的掘金全市场数据...
20260412 16:45:53- INFO-   步骤1: 调用get_symbols获取基础信息...
20260412 16:45:53- INFO-   get_symbols返回 4309 条记录
20260412 16:45:53- INFO-   过滤后剩余 4309 只股票(已剔除未上市/已退市)
20260412 16:45:53- INFO-   步骤2: 调用history批量获取数据...
20260412 16:45:53- INFO-   history批量返回 4309 条记录
20260412 16:45:53- INFO-   步骤3: 调用stk_get_daily_mktvalue_pt获取市值数据...
20260412 16:45:54- INFO-   stk_get_daily_mktvalue_pt返回 4309 条记录
20260412 16:45:54- INFO-   步骤4: 合并数据...
20260412 16:45:54- INFO-   数据合并完成,最终返回 4309 条记录, 18 个字段
20260412 16:45:54- INFO- ✓ 2021-03-30 数据获取成功: 4309 条
20260412 16:45:54- INFO- 开始获取 2021-03-31 的掘金全市场数据...
20260412 16:45:54- INFO-   步骤1: 调用get_symbols获取基础信息...
20260412 16:45:55- INFO-   get_symbols返回 4306 条记录
20260412 16:45:55- INFO-   过滤后剩余 4306 只股票(已剔除未上市/已退市)
20260412 16:45:55- INFO-   步骤2: 调用history批量获取数据...
20260412 16:45:55- INFO-   history批量返回 4306 条记录
20260412 16:45:55- INFO-   步骤3: 调用stk_get_daily_mktvalue_pt获取市值数据...
20260412 16:45:55- INFO-   stk_get_daily_mktvalue_pt返回 4306 条记录
20260412 16:45:55- INFO-   步骤4: 合并数据...
20260412 16:45:55- INFO-   数据合并完成,最终返回 4306 条记录, 18 个字段
20260412 16:45:55- INFO- ✓ 2021-03-31 数据获取成功: 4306 条
20260412 16:45:56- INFO- 开始获取 2021-04-01 的掘金全市场数据...
20260412 16:45:56- INFO-   步骤1: 调用get_symbols获取基础信息...
20260412 16:45:57- INFO-   get_symbols返回 4312 条记录
20260412 16:45:57- INFO-   过滤后剩余 4312 只股票(已剔除未上市/已退市)
20260412 16:45:57- INFO-   步骤2: 调用history批量获取数据...
20260412 16:45:57- INFO-   history批量返回 4312 条记录
20260412 16:45:57- INFO-   步骤3: 调用stk_get_daily_mktvalue_pt获取市值数据...
20260412 16:45:57- INFO-   stk_get_daily_mktvalue_pt返回 4312 条记录
20260412 16:45:57- INFO-   步骤4: 合并数据...
20260412 16:45:57- INFO-   数据合并完成,最终返回 4312 条记录, 18 个字段
20260412 16:45:57- INFO- ✓ 2021-04-01 数据获取成功: 4312 条
20260412 16:45:58- INFO- 开始获取 2021-04-02 的掘金全市场数据...
20260412 16:45:58- INFO-   步骤1: 调用get_symbols获取基础信息...
20260412 16:45:58- INFO-   get_symbols返回 4311 条记录
20260412 16:45:58- INFO-   过滤后剩余 4311 只股票(已剔除未上市/已退市)
20260412 16:45:58- INFO-   步骤2: 调用history批量获取数据...
20260412 16:45:59- INFO-   history批量返回 4311 条记录
20260412 16:45:59- INFO-   步骤3: 调用stk_get_daily_mktvalue_pt获取市值数据...
20260412 16:45:59- INFO-   stk_get_daily_mktvalue_pt返回 4311 条记录
20260412 16:45:59- INFO-   步骤4: 合并数据...
20260412 16:45:59- INFO-   数据合并完成,最终返回 4311 条记录, 18 个字段
20260412 16:45:59- INFO- ✓ 2021-04-02 数据获取成功: 4311 条
20260412 16:46:00- INFO- 开始获取 2021-04-05 的掘金全市场数据...
20260412 16:46:00- INFO-   步骤1: 调用get_symbols获取基础信息...
20260412 16:46:00- WARNING- 2021-04-05 get_symbols返回空数据
20260412 16:46:00- WARNING- ✗ 2021-04-05 无数据
20260412 16:46:00- INFO- 开始获取 2021-04-06 的掘金全市场数据...
20260412 16:46:00- INFO-   步骤1: 调用get_symbols获取基础信息...
20260412 16:46:01- INFO-   get_symbols返回 4319 条记录
20260412 16:46:01- INFO-   过滤后剩余 4319 只股票(已剔除未上市/已退市)
20260412 16:46:01- INFO-   步骤2: 调用history批量获取数据...
20260412 16:46:01- INFO-   history批量返回 4319 条记录
20260412 16:46:01- INFO-   步骤3: 调用stk_get_daily_mktvalue_pt获取市值数据...
20260412 16:46:02- INFO-   stk_get_daily_mktvalue_pt返回 4319 条记录
20260412 16:46:02- INFO-   步骤4: 合并数据...
20260412 16:46:02- INFO-   数据合并完成,最终返回 4319 条记录, 18 个字段
20260412 16:46:02- INFO- ✓ 2021-04-06 数据获取成功: 4319 条
20260412 16:46:02- INFO- 开始获取 2021-04-07 的掘金全市场数据...
20260412 16:46:02- INFO-   步骤1: 调用get_symbols获取基础信息...
20260412 16:46:03- INFO-   get_symbols返回 4317 条记录
20260412 16:46:03- INFO-   过滤后剩余 4317 只股票(已剔除未上市/已退市)
20260412 16:46:03- INFO-   步骤2: 调用history批量获取数据...
20260412 16:46:03- INFO-   history批量返回 4317 条记录
20260412 16:46:03- INFO-   步骤3: 调用stk_get_daily_mktvalue_pt获取市值数据...
20260412 16:46:03- INFO-   stk_get_daily_mktvalue_pt返回 4317 条记录
20260412 16:46:03- INFO-   步骤4: 合并数据...
20260412 16:46:03- INFO-   数据合并完成,最终返回 4317 条记录, 18 个字段
20260412 16:46:03- INFO- ✓ 2021-04-07 数据获取成功: 4317 条
20260412 16:46:04- INFO- 开始获取 2021-04-08 的掘金全市场数据...
20260412 16:46:04- INFO-   步骤1: 调用get_symbols获取基础信息...
20260412 16:46:05- INFO-   get_symbols返回 4320 条记录
20260412 16:46:05- INFO-   过滤后剩余 4320 只股票(已剔除未上市/已退市)
20260412 16:46:05- INFO-   步骤2: 调用history批量获取数据...
20260412 16:46:05- INFO-   history批量返回 4320 条记录
20260412 16:46:05- INFO-   步骤3: 调用stk_get_daily_mktvalue_pt获取市值数据...
20260412 16:46:05- INFO-   stk_get_daily_mktvalue_pt返回 4320 条记录
20260412 16:46:05- INFO-   步骤4: 合并数据...
20260412 16:46:05- INFO-   数据合并完成,最终返回 4320 条记录, 18 个字段
20260412 16:46:05- INFO- ✓ 2021-04-08 数据获取成功: 4320 条
20260412 16:46:06- INFO- 开始获取 2021-04-09 的掘金全市场数据...
20260412 16:46:06- INFO-   步骤1: 调用get_symbols获取基础信息...
20260412 16:46:06- INFO-   get_symbols返回 4324 条记录
20260412 16:46:07- INFO-   过滤后剩余 4324 只股票(已剔除未上市/已退市)
20260412 16:46:07- INFO-   步骤2: 调用history批量获取数据...
20260412 16:46:07- INFO-   history批量返回 4324 条记录
20260412 16:46:07- INFO-   步骤3: 调用stk_get_daily_mktvalue_pt获取市值数据...
20260412 16:46:07- INFO-   stk_get_daily_mktvalue_pt返回 4324 条记录
20260412 16:46:07- INFO-   步骤4: 合并数据...
20260412 16:46:07- INFO-   数据合并完成,最终返回 4324 条记录, 18 个字段
20260412 16:46:07- INFO- ✓ 2021-04-09 数据获取成功: 4324 条
20260412 16:46:07- INFO- 开始获取 2021-04-12 的掘金全市场数据...
20260412 16:46:07- INFO-   步骤1: 调用get_symbols获取基础信息...
20260412 16:46:08- INFO-   get_symbols返回 4328 条记录
20260412 16:46:08- INFO-   过滤后剩余 4328 只股票(已剔除未上市/已退市)
20260412 16:46:08- INFO-   步骤2: 调用history批量获取数据...
20260412 16:46:08- INFO-   history批量返回 4328 条记录
20260412 16:46:08- INFO-   步骤3: 调用stk_get_daily_mktvalue_pt获取市值数据...
20260412 16:46:09- INFO-   stk_get_daily_mktvalue_pt返回 4328 条记录
20260412 16:46:09- INFO-   步骤4: 合并数据...
20260412 16:46:09- INFO-   数据合并完成,最终返回 4328 条记录, 18 个字段
20260412 16:46:09- INFO- ✓ 2021-04-12 数据获取成功: 4328 条
20260412 16:46:09- INFO- 开始获取 2021-04-13 的掘金全市场数据...
20260412 16:46:09- INFO-   步骤1: 调用get_symbols获取基础信息...
20260412 16:46:10- INFO-   get_symbols返回 4330 条记录
20260412 16:46:10- INFO-   过滤后剩余 4330 只股票(已剔除未上市/已退市)
20260412 16:46:10- INFO-   步骤2: 调用history批量获取数据...
20260412 16:46:10- INFO-   history批量返回 4330 条记录
20260412 16:46:10- INFO-   步骤3: 调用stk_get_daily_mktvalue_pt获取市值数据...
20260412 16:46:10- INFO-   stk_get_daily_mktvalue_pt返回 4330 条记录
20260412 16:46:10- INFO-   步骤4: 合并数据...
20260412 16:46:11- INFO-   数据合并完成,最终返回 4330 条记录, 18 个字段
20260412 16:46:11- INFO- ✓ 2021-04-13 数据获取成功: 4330 条
20260412 16:46:11- INFO- 开始获取 2021-04-14 的掘金全市场数据...
20260412 16:46:11- INFO-   步骤1: 调用get_symbols获取基础信息...
20260412 16:46:12- INFO-   get_symbols返回 4332 条记录
20260412 16:46:12- INFO-   过滤后剩余 4332 只股票(已剔除未上市/已退市)
20260412 16:46:12- INFO-   步骤2: 调用history批量获取数据...
20260412 16:46:12- INFO-   history批量返回 4332 条记录
20260412 16:46:12- INFO-   步骤3: 调用stk_get_daily_mktvalue_pt获取市值数据...
20260412 16:46:12- INFO-   stk_get_daily_mktvalue_pt返回 4332 条记录
20260412 16:46:12- INFO-   步骤4: 合并数据...
20260412 16:46:12- INFO-   数据合并完成,最终返回 4332 条记录, 18 个字段
20260412 16:46:12- INFO- ✓ 2021-04-14 数据获取成功: 4332 条
20260412 16:46:13- INFO- 开始获取 2021-04-15 的掘金全市场数据...
20260412 16:46:13- INFO-   步骤1: 调用get_symbols获取基础信息...
20260412 16:46:13- INFO-   get_symbols返回 4330 条记录
20260412 16:46:13- INFO-   过滤后剩余 4330 只股票(已剔除未上市/已退市)
20260412 16:46:13- INFO-   步骤2: 调用history批量获取数据...
20260412 16:46:14- INFO-   history批量返回 4330 条记录
20260412 16:46:14- INFO-   步骤3: 调用stk_get_daily_mktvalue_pt获取市值数据...
20260412 16:46:14- INFO-   stk_get_daily_mktvalue_pt返回 4330 条记录
20260412 16:46:14- INFO-   步骤4: 合并数据...
20260412 16:46:14- INFO-   数据合并完成,最终返回 4330 条记录, 18 个字段
20260412 16:46:14- INFO- ✓ 2021-04-15 数据获取成功: 4330 条
20260412 16:46:14- INFO- 开始获取 2021-04-16 的掘金全市场数据...
20260412 16:46:15- INFO-   步骤1: 调用get_symbols获取基础信息...
20260412 16:46:15- INFO-   get_symbols返回 4335 条记录
20260412 16:46:15- INFO-   过滤后剩余 4335 只股票(已剔除未上市/已退市)
20260412 16:46:15- INFO-   步骤2: 调用history批量获取数据...
20260412 16:46:15- INFO-   history批量返回 4335 条记录
20260412 16:46:15- INFO-   步骤3: 调用stk_get_daily_mktvalue_pt获取市值数据...
20260412 16:46:16- INFO-   stk_get_daily_mktvalue_pt返回 4335 条记录
20260412 16:46:16- INFO-   步骤4: 合并数据...
20260412 16:46:16- INFO-   数据合并完成,最终返回 4335 条记录, 18 个字段
20260412 16:46:16- INFO- ✓ 2021-04-16 数据获取成功: 4335 条
20260412 16:46:16- INFO- 开始获取 2021-04-19 的掘金全市场数据...
20260412 16:46:16- INFO-   步骤1: 调用get_symbols获取基础信息...
20260412 16:46:17- INFO-   get_symbols返回 4339 条记录
20260412 16:46:17- INFO-   过滤后剩余 4339 只股票(已剔除未上市/已退市)
20260412 16:46:17- INFO-   步骤2: 调用history批量获取数据...
20260412 16:46:17- INFO-   history批量返回 4339 条记录
20260412 16:46:17- INFO-   步骤3: 调用stk_get_daily_mktvalue_pt获取市值数据...
20260412 16:46:17- INFO-   stk_get_daily_mktvalue_pt返回 4339 条记录
20260412 16:46:17- INFO-   步骤4: 合并数据...
20260412 16:46:17- INFO-   数据合并完成,最终返回 4339 条记录, 18 个字段
20260412 16:46:17- INFO- ✓ 2021-04-19 数据获取成功: 4339 条
20260412 16:46:18- INFO- 开始获取 2021-04-20 的掘金全市场数据...
20260412 16:46:18- INFO-   步骤1: 调用get_symbols获取基础信息...
20260412 16:46:19- INFO-   get_symbols返回 4341 条记录
20260412 16:46:19- INFO-   过滤后剩余 4341 只股票(已剔除未上市/已退市)
20260412 16:46:19- INFO-   步骤2: 调用history批量获取数据...
20260412 16:46:19- INFO-   history批量返回 4341 条记录
20260412 16:46:19- INFO-   步骤3: 调用stk_get_daily_mktvalue_pt获取市值数据...
20260412 16:46:19- INFO-   stk_get_daily_mktvalue_pt返回 4341 条记录
20260412 16:46:19- INFO-   步骤4: 合并数据...
20260412 16:46:19- INFO-   数据合并完成,最终返回 4341 条记录, 18 个字段
20260412 16:46:19- INFO- ✓ 2021-04-20 数据获取成功: 4341 条
20260412 16:46:20- INFO- 开始获取 2021-04-21 的掘金全市场数据...
20260412 16:46:20- INFO-   步骤1: 调用get_symbols获取基础信息...
20260412 16:46:20- INFO-   get_symbols返回 4350 条记录
20260412 16:46:20- INFO-   过滤后剩余 4350 只股票(已剔除未上市/已退市)
20260412 16:46:20- INFO-   步骤2: 调用history批量获取数据...
20260412 16:46:21- INFO-   history批量返回 4350 条记录
20260412 16:46:21- INFO-   步骤3: 调用stk_get_daily_mktvalue_pt获取市值数据...
20260412 16:46:21- INFO-   stk_get_daily_mktvalue_pt返回 4350 条记录
20260412 16:46:21- INFO-   步骤4: 合并数据...
20260412 16:46:21- INFO-   数据合并完成,最终返回 4350 条记录, 18 个字段
20260412 16:46:21- INFO- ✓ 2021-04-21 数据获取成功: 4350 条
20260412 16:46:21- INFO- 开始获取 2021-04-22 的掘金全市场数据...
20260412 16:46:21- INFO-   步骤1: 调用get_symbols获取基础信息...
20260412 16:46:22- INFO-   get_symbols返回 4350 条记录
20260412 16:46:22- INFO-   过滤后剩余 4350 只股票(已剔除未上市/已退市)
20260412 16:46:22- INFO-   步骤2: 调用history批量获取数据...
20260412 16:46:22- INFO-   history批量返回 4350 条记录
20260412 16:46:22- INFO-   步骤3: 调用stk_get_daily_mktvalue_pt获取市值数据...
20260412 16:46:23- INFO-   stk_get_daily_mktvalue_pt返回 4350 条记录
20260412 16:46:23- INFO-   步骤4: 合并数据...
20260412 16:46:23- INFO-   数据合并完成,最终返回 4350 条记录, 18 个字段
20260412 16:46:23- INFO- ✓ 2021-04-22 数据获取成功: 4350 条
20260412 16:46:23- INFO- 开始获取 2021-04-23 的掘金全市场数据...
20260412 16:46:23- INFO-   步骤1: 调用get_symbols获取基础信息...
20260412 16:46:24- INFO-   get_symbols返回 4342 条记录
20260412 16:46:24- INFO-   过滤后剩余 4342 只股票(已剔除未上市/已退市)
20260412 16:46:24- INFO-   步骤2: 调用history批量获取数据...
20260412 16:46:24- INFO-   history批量返回 4342 条记录
20260412 16:46:24- INFO-   步骤3: 调用stk_get_daily_mktvalue_pt获取市值数据...
20260412 16:46:24- INFO-   stk_get_daily_mktvalue_pt返回 4342 条记录
20260412 16:46:24- INFO-   步骤4: 合并数据...
20260412 16:46:24- INFO-   数据合并完成,最终返回 4342 条记录, 18 个字段
20260412 16:46:24- INFO- ✓ 2021-04-23 数据获取成功: 4342 条
20260412 16:46:25- INFO- 开始获取 2021-04-26 的掘金全市场数据...
20260412 16:46:25- INFO-   步骤1: 调用get_symbols获取基础信息...
20260412 16:46:25- INFO-   get_symbols返回 4347 条记录
20260412 16:46:25- INFO-   过滤后剩余 4347 只股票(已剔除未上市/已退市)
20260412 16:46:25- INFO-   步骤2: 调用history批量获取数据...
20260412 16:46:26- INFO-   history批量返回 4347 条记录
20260412 16:46:26- INFO-   步骤3: 调用stk_get_daily_mktvalue_pt获取市值数据...
20260412 16:46:26- INFO-   stk_get_daily_mktvalue_pt返回 4347 条记录
20260412 16:46:26- INFO-   步骤4: 合并数据...
20260412 16:46:26- INFO-   数据合并完成,最终返回 4347 条记录, 18 个字段
20260412 16:46:26- INFO- ✓ 2021-04-26 数据获取成功: 4347 条
20260412 16:46:27- INFO- 开始获取 2021-04-27 的掘金全市场数据...
20260412 16:46:27- INFO-   步骤1: 调用get_symbols获取基础信息...
20260412 16:46:27- INFO-   get_symbols返回 4336 条记录
20260412 16:46:27- INFO-   过滤后剩余 4336 只股票(已剔除未上市/已退市)
20260412 16:46:27- INFO-   步骤2: 调用history批量获取数据...
20260412 16:46:27- INFO-   history批量返回 4336 条记录
20260412 16:46:27- INFO-   步骤3: 调用stk_get_daily_mktvalue_pt获取市值数据...
20260412 16:46:28- INFO-   stk_get_daily_mktvalue_pt返回 4336 条记录
20260412 16:46:28- INFO-   步骤4: 合并数据...
20260412 16:46:28- INFO-   数据合并完成,最终返回 4336 条记录, 18 个字段
20260412 16:46:28- INFO- ✓ 2021-04-27 数据获取成功: 4336 条
20260412 16:46:28- INFO- 开始获取 2021-04-28 的掘金全市场数据...
20260412 16:46:28- INFO-   步骤1: 调用get_symbols获取基础信息...
20260412 16:46:29- INFO-   get_symbols返回 4349 条记录
20260412 16:46:29- INFO-   过滤后剩余 4349 只股票(已剔除未上市/已退市)
20260412 16:46:29- INFO-   步骤2: 调用history批量获取数据...
20260412 16:46:29- INFO-   history批量返回 4349 条记录
20260412 16:46:29- INFO-   步骤3: 调用stk_get_daily_mktvalue_pt获取市值数据...
20260412 16:46:30- INFO-   stk_get_daily_mktvalue_pt返回 4349 条记录
20260412 16:46:30- INFO-   步骤4: 合并数据...
20260412 16:46:30- INFO-   数据合并完成,最终返回 4349 条记录, 18 个字段
20260412 16:46:30- INFO- ✓ 2021-04-28 数据获取成功: 4349 条
20260412 16:46:30- INFO- 开始获取 2021-04-29 的掘金全市场数据...
20260412 16:46:30- INFO-   步骤1: 调用get_symbols获取基础信息...
20260412 16:46:31- INFO-   get_symbols返回 4334 条记录
20260412 16:46:31- INFO-   过滤后剩余 4334 只股票(已剔除未上市/已退市)
20260412 16:46:31- INFO-   步骤2: 调用history批量获取数据...
20260412 16:46:31- INFO-   history批量返回 4334 条记录
20260412 16:46:31- INFO-   步骤3: 调用stk_get_daily_mktvalue_pt获取市值数据...
20260412 16:46:31- INFO-   stk_get_daily_mktvalue_pt返回 4334 条记录
20260412 16:46:31- INFO-   步骤4: 合并数据...
20260412 16:46:31- INFO-   数据合并完成,最终返回 4334 条记录, 18 个字段
20260412 16:46:31- INFO- ✓ 2021-04-29 数据获取成功: 4334 条
20260412 16:46:32- INFO- 开始获取 2021-04-30 的掘金全市场数据...
20260412 16:46:32- INFO-   步骤1: 调用get_symbols获取基础信息...
20260412 16:46:33- INFO-   get_symbols返回 4329 条记录
20260412 16:46:33- INFO-   过滤后剩余 4329 只股票(已剔除未上市/已退市)
20260412 16:46:33- INFO-   步骤2: 调用history批量获取数据...
20260412 16:46:33- INFO-   history批量返回 4329 条记录
20260412 16:46:33- INFO-   步骤3: 调用stk_get_daily_mktvalue_pt获取市值数据...
20260412 16:46:33- INFO-   stk_get_daily_mktvalue_pt返回 4329 条记录
20260412 16:46:33- INFO-   步骤4: 合并数据...
20260412 16:46:33- INFO-   数据合并完成,最终返回 4329 条记录, 18 个字段
20260412 16:46:33- INFO- ✓ 2021-04-30 数据获取成功: 4329 条
20260412 16:46:33- INFO- 开始获取 2021-05-03 的掘金全市场数据...
20260412 16:46:33- INFO-   步骤1: 调用get_symbols获取基础信息...
20260412 16:46:34- WARNING- 2021-05-03 get_symbols返回空数据
20260412 16:46:34- WARNING- ✗ 2021-05-03 无数据
20260412 16:46:34- INFO- 开始获取 2021-05-04 的掘金全市场数据...
20260412 16:46:34- INFO-   步骤1: 调用get_symbols获取基础信息...
20260412 16:46:34- WARNING- 2021-05-04 get_symbols返回空数据
20260412 16:46:34- WARNING- ✗ 2021-05-04 无数据
20260412 16:46:35- INFO- 开始获取 2021-05-05 的掘金全市场数据...
20260412 16:46:35- INFO-   步骤1: 调用get_symbols获取基础信息...
20260412 16:46:35- WARNING- 2021-05-05 get_symbols返回空数据
20260412 16:46:35- WARNING- ✗ 2021-05-05 无数据
20260412 16:46:36- INFO- 开始获取 2021-05-06 的掘金全市场数据...
20260412 16:46:36- INFO-   步骤1: 调用get_symbols获取基础信息...
20260412 16:46:36- INFO-   get_symbols返回 4355 条记录
20260412 16:46:36- INFO-   过滤后剩余 4355 只股票(已剔除未上市/已退市)
20260412 16:46:36- INFO-   步骤2: 调用history批量获取数据...
20260412 16:46:37- INFO-   history批量返回 4355 条记录
20260412 16:46:37- INFO-   步骤3: 调用stk_get_daily_mktvalue_pt获取市值数据...
20260412 16:46:37- INFO-   stk_get_daily_mktvalue_pt返回 4355 条记录
20260412 16:46:37- INFO-   步骤4: 合并数据...
20260412 16:46:37- INFO-   数据合并完成,最终返回 4355 条记录, 18 个字段
20260412 16:46:37- INFO- ✓ 2021-05-06 数据获取成功: 4355 条
20260412 16:46:37- INFO- 开始获取 2021-05-07 的掘金全市场数据...
20260412 16:46:37- INFO-   步骤1: 调用get_symbols获取基础信息...
20260412 16:46:38- INFO-   get_symbols返回 4354 条记录
20260412 16:46:38- INFO-   过滤后剩余 4354 只股票(已剔除未上市/已退市)
20260412 16:46:38- INFO-   步骤2: 调用history批量获取数据...
20260412 16:46:38- INFO-   history批量返回 4354 条记录
20260412 16:46:38- INFO-   步骤3: 调用stk_get_daily_mktvalue_pt获取市值数据...
20260412 16:46:39- INFO-   stk_get_daily_mktvalue_pt返回 4354 条记录
20260412 16:46:39- INFO-   步骤4: 合并数据...
20260412 16:46:39- INFO-   数据合并完成,最终返回 4354 条记录, 18 个字段
20260412 16:46:39- INFO- ✓ 2021-05-07 数据获取成功: 4354 条
20260412 16:46:39- INFO- 开始获取 2021-05-10 的掘金全市场数据...
20260412 16:46:39- INFO-   步骤1: 调用get_symbols获取基础信息...
20260412 16:46:40- INFO-   get_symbols返回 4355 条记录
20260412 16:46:40- INFO-   过滤后剩余 4355 只股票(已剔除未上市/已退市)
20260412 16:46:40- INFO-   步骤2: 调用history批量获取数据...
20260412 16:46:40- INFO-   history批量返回 4355 条记录
20260412 16:46:40- INFO-   步骤3: 调用stk_get_daily_mktvalue_pt获取市值数据...
20260412 16:46:40- INFO-   stk_get_daily_mktvalue_pt返回 4355 条记录
20260412 16:46:40- INFO-   步骤4: 合并数据...
20260412 16:46:40- INFO-   数据合并完成,最终返回 4355 条记录, 18 个字段
20260412 16:46:40- INFO- ✓ 2021-05-10 数据获取成功: 4355 条
20260412 16:46:41- INFO- 开始获取 2021-05-11 的掘金全市场数据...
20260412 16:46:41- INFO-   步骤1: 调用get_symbols获取基础信息...
20260412 16:46:42- INFO-   get_symbols返回 4358 条记录
20260412 16:46:42- INFO-   过滤后剩余 4358 只股票(已剔除未上市/已退市)
20260412 16:46:42- INFO-   步骤2: 调用history批量获取数据...
20260412 16:46:42- INFO-   history批量返回 4358 条记录
20260412 16:46:42- INFO-   步骤3: 调用stk_get_daily_mktvalue_pt获取市值数据...
20260412 16:46:42- INFO-   stk_get_daily_mktvalue_pt返回 4358 条记录
20260412 16:46:42- INFO-   步骤4: 合并数据...
20260412 16:46:42- INFO-   数据合并完成,最终返回 4358 条记录, 18 个字段
20260412 16:46:42- INFO- ✓ 2021-05-11 数据获取成功: 4358 条
20260412 16:46:43- INFO- 开始获取 2021-05-12 的掘金全市场数据...
20260412 16:46:43- INFO-   步骤1: 调用get_symbols获取基础信息...
20260412 16:46:43- INFO-   get_symbols返回 4363 条记录
20260412 16:46:43- INFO-   过滤后剩余 4363 只股票(已剔除未上市/已退市)
20260412 16:46:43- INFO-   步骤2: 调用history批量获取数据...
20260412 16:46:44- INFO-   history批量返回 4363 条记录
20260412 16:46:44- INFO-   步骤3: 调用stk_get_daily_mktvalue_pt获取市值数据...
20260412 16:46:44- INFO-   stk_get_daily_mktvalue_pt返回 4363 条记录
20260412 16:46:44- INFO-   步骤4: 合并数据...
20260412 16:46:44- INFO-   数据合并完成,最终返回 4363 条记录, 18 个字段
20260412 16:46:44- INFO- ✓ 2021-05-12 数据获取成功: 4363 条
20260412 16:46:44- INFO- 开始获取 2021-05-13 的掘金全市场数据...
20260412 16:46:44- INFO-   步骤1: 调用get_symbols获取基础信息...
20260412 16:46:45- INFO-   get_symbols返回 4371 条记录
20260412 16:46:45- INFO-   过滤后剩余 4371 只股票(已剔除未上市/已退市)
20260412 16:46:45- INFO-   步骤2: 调用history批量获取数据...
20260412 16:46:45- INFO-   history批量返回 4371 条记录
20260412 16:46:45- INFO-   步骤3: 调用stk_get_daily_mktvalue_pt获取市值数据...
20260412 16:46:46- INFO-   stk_get_daily_mktvalue_pt返回 4371 条记录
20260412 16:46:46- INFO-   步骤4: 合并数据...
20260412 16:46:46- INFO-   数据合并完成,最终返回 4371 条记录, 18 个字段
20260412 16:46:46- INFO- ✓ 2021-05-13 数据获取成功: 4371 条
20260412 16:46:46- INFO- 开始获取 2021-05-14 的掘金全市场数据...
20260412 16:46:46- INFO-   步骤1: 调用get_symbols获取基础信息...
20260412 16:46:47- INFO-   get_symbols返回 4370 条记录
20260412 16:46:47- INFO-   过滤后剩余 4370 只股票(已剔除未上市/已退市)
20260412 16:46:47- INFO-   步骤2: 调用history批量获取数据...
20260412 16:46:47- INFO-   history批量返回 4370 条记录
20260412 16:46:47- INFO-   步骤3: 调用stk_get_daily_mktvalue_pt获取市值数据...
20260412 16:46:47- INFO-   stk_get_daily_mktvalue_pt返回 4370 条记录
20260412 16:46:47- INFO-   步骤4: 合并数据...
20260412 16:46:47- INFO-   数据合并完成,最终返回 4370 条记录, 18 个字段
20260412 16:46:47- INFO- ✓ 2021-05-14 数据获取成功: 4370 条
20260412 16:46:48- INFO- 开始获取 2021-05-17 的掘金全市场数据...
20260412 16:46:48- INFO-   步骤1: 调用get_symbols获取基础信息...
20260412 16:46:49- INFO-   get_symbols返回 4373 条记录
20260412 16:46:49- INFO-   过滤后剩余 4373 只股票(已剔除未上市/已退市)
20260412 16:46:49- INFO-   步骤2: 调用history批量获取数据...
20260412 16:46:49- INFO-   history批量返回 4373 条记录
20260412 16:46:49- INFO-   步骤3: 调用stk_get_daily_mktvalue_pt获取市值数据...
20260412 16:46:49- INFO-   stk_get_daily_mktvalue_pt返回 4373 条记录
20260412 16:46:49- INFO-   步骤4: 合并数据...
20260412 16:46:49- INFO-   数据合并完成,最终返回 4373 条记录, 18 个字段
20260412 16:46:49- INFO- ✓ 2021-05-17 数据获取成功: 4373 条
20260412 16:46:50- INFO- 开始获取 2021-05-18 的掘金全市场数据...
20260412 16:46:50- INFO-   步骤1: 调用get_symbols获取基础信息...
20260412 16:46:50- INFO-   get_symbols返回 4369 条记录
20260412 16:46:50- INFO-   过滤后剩余 4369 只股票(已剔除未上市/已退市)
20260412 16:46:50- INFO-   步骤2: 调用history批量获取数据...
20260412 16:46:51- INFO-   history批量返回 4369 条记录
20260412 16:46:51- INFO-   步骤3: 调用stk_get_daily_mktvalue_pt获取市值数据...
20260412 16:46:51- INFO-   stk_get_daily_mktvalue_pt返回 4369 条记录
20260412 16:46:51- INFO-   步骤4: 合并数据...
20260412 16:46:51- INFO-   数据合并完成,最终返回 4369 条记录, 18 个字段
20260412 16:46:51- INFO- ✓ 2021-05-18 数据获取成功: 4369 条
20260412 16:46:51- INFO- 开始获取 2021-05-19 的掘金全市场数据...
20260412 16:46:51- INFO-   步骤1: 调用get_symbols获取基础信息...
20260412 16:46:52- INFO-   get_symbols返回 4370 条记录
20260412 16:46:52- INFO-   过滤后剩余 4370 只股票(已剔除未上市/已退市)
20260412 16:46:52- INFO-   步骤2: 调用history批量获取数据...
20260412 16:46:52- INFO-   history批量返回 4370 条记录
20260412 16:46:52- INFO-   步骤3: 调用stk_get_daily_mktvalue_pt获取市值数据...
20260412 16:46:53- INFO-   stk_get_daily_mktvalue_pt返回 4370 条记录
20260412 16:46:53- INFO-   步骤4: 合并数据...
20260412 16:46:53- INFO-   数据合并完成,最终返回 4370 条记录, 18 个字段
20260412 16:46:53- INFO- ✓ 2021-05-19 数据获取成功: 4370 条
20260412 16:46:53- INFO- 开始获取 2021-05-20 的掘金全市场数据...
20260412 16:46:53- INFO-   步骤1: 调用get_symbols获取基础信息...
20260412 16:46:54- INFO-   get_symbols返回 4385 条记录
20260412 16:46:54- INFO-   过滤后剩余 4385 只股票(已剔除未上市/已退市)
20260412 16:46:54- INFO-   步骤2: 调用history批量获取数据...
20260412 16:46:54- INFO-   history批量返回 4385 条记录
20260412 16:46:54- INFO-   步骤3: 调用stk_get_daily_mktvalue_pt获取市值数据...
20260412 16:46:54- INFO-   stk_get_daily_mktvalue_pt返回 4385 条记录
20260412 16:46:54- INFO-   步骤4: 合并数据...
20260412 16:46:55- INFO-   数据合并完成,最终返回 4385 条记录, 18 个字段
20260412 16:46:55- INFO- ✓ 2021-05-20 数据获取成功: 4385 条
20260412 16:46:55- INFO- 开始获取 2021-05-21 的掘金全市场数据...
20260412 16:46:55- INFO-   步骤1: 调用get_symbols获取基础信息...
20260412 16:46:56- INFO-   get_symbols返回 4386 条记录
20260412 16:46:56- INFO-   过滤后剩余 4386 只股票(已剔除未上市/已退市)
20260412 16:46:56- INFO-   步骤2: 调用history批量获取数据...
20260412 16:46:56- INFO-   history批量返回 4386 条记录
20260412 16:46:56- INFO-   步骤3: 调用stk_get_daily_mktvalue_pt获取市值数据...
20260412 16:46:56- INFO-   stk_get_daily_mktvalue_pt返回 4386 条记录
20260412 16:46:56- INFO-   步骤4: 合并数据...
20260412 16:46:56- INFO-   数据合并完成,最终返回 4386 条记录, 18 个字段
20260412 16:46:56- INFO- ✓ 2021-05-21 数据获取成功: 4386 条
20260412 16:46:57- INFO- 开始获取 2021-05-24 的掘金全市场数据...
20260412 16:46:57- INFO-   步骤1: 调用get_symbols获取基础信息...
20260412 16:46:57- INFO-   get_symbols返回 4384 条记录
20260412 16:46:57- INFO-   过滤后剩余 4384 只股票(已剔除未上市/已退市)
20260412 16:46:57- INFO-   步骤2: 调用history批量获取数据...
20260412 16:46:58- INFO-   history批量返回 4384 条记录
20260412 16:46:58- INFO-   步骤3: 调用stk_get_daily_mktvalue_pt获取市值数据...
20260412 16:46:58- INFO-   stk_get_daily_mktvalue_pt返回 4384 条记录
20260412 16:46:58- INFO-   步骤4: 合并数据...
20260412 16:46:58- INFO-   数据合并完成,最终返回 4384 条记录, 18 个字段
20260412 16:46:58- INFO- ✓ 2021-05-24 数据获取成功: 4384 条
20260412 16:46:58- INFO- 开始获取 2021-05-25 的掘金全市场数据...
20260412 16:46:58- INFO-   步骤1: 调用get_symbols获取基础信息...
20260412 16:46:59- INFO-   get_symbols返回 4390 条记录
20260412 16:46:59- INFO-   过滤后剩余 4390 只股票(已剔除未上市/已退市)
20260412 16:46:59- INFO-   步骤2: 调用history批量获取数据...
20260412 16:46:59- INFO-   history批量返回 4390 条记录
20260412 16:46:59- INFO-   步骤3: 调用stk_get_daily_mktvalue_pt获取市值数据...
20260412 16:47:00- INFO-   stk_get_daily_mktvalue_pt返回 4390 条记录
20260412 16:47:00- INFO-   步骤4: 合并数据...
20260412 16:47:00- INFO-   数据合并完成,最终返回 4390 条记录, 18 个字段
20260412 16:47:00- INFO- ✓ 2021-05-25 数据获取成功: 4390 条
20260412 16:47:00- INFO- 开始获取 2021-05-26 的掘金全市场数据...
20260412 16:47:00- INFO-   步骤1: 调用get_symbols获取基础信息...
20260412 16:47:01- INFO-   get_symbols返回 4395 条记录
20260412 16:47:01- INFO-   过滤后剩余 4395 只股票(已剔除未上市/已退市)
20260412 16:47:01- INFO-   步骤2: 调用history批量获取数据...
20260412 16:47:01- INFO-   history批量返回 4395 条记录
20260412 16:47:01- INFO-   步骤3: 调用stk_get_daily_mktvalue_pt获取市值数据...
20260412 16:47:01- INFO-   stk_get_daily_mktvalue_pt返回 4395 条记录
20260412 16:47:01- INFO-   步骤4: 合并数据...
20260412 16:47:01- INFO-   数据合并完成,最终返回 4395 条记录, 18 个字段
20260412 16:47:01- INFO- ✓ 2021-05-26 数据获取成功: 4395 条
20260412 16:47:02- INFO- 开始获取 2021-05-27 的掘金全市场数据...
20260412 16:47:02- INFO-   步骤1: 调用get_symbols获取基础信息...
20260412 16:47:03- INFO-   get_symbols返回 4397 条记录
20260412 16:47:03- INFO-   过滤后剩余 4397 只股票(已剔除未上市/已退市)
20260412 16:47:03- INFO-   步骤2: 调用history批量获取数据...
20260412 16:47:03- INFO-   history批量返回 4397 条记录
20260412 16:47:03- INFO-   步骤3: 调用stk_get_daily_mktvalue_pt获取市值数据...
20260412 16:47:03- INFO-   stk_get_daily_mktvalue_pt返回 4397 条记录
20260412 16:47:03- INFO-   步骤4: 合并数据...
20260412 16:47:03- INFO-   数据合并完成,最终返回 4397 条记录, 18 个字段
20260412 16:47:03- INFO- ✓ 2021-05-27 数据获取成功: 4397 条
20260412 16:47:04- INFO- 开始获取 2021-05-28 的掘金全市场数据...
20260412 16:47:04- INFO-   步骤1: 调用get_symbols获取基础信息...
20260412 16:47:04- INFO-   get_symbols返回 4400 条记录
20260412 16:47:04- INFO-   过滤后剩余 4400 只股票(已剔除未上市/已退市)
20260412 16:47:04- INFO-   步骤2: 调用history批量获取数据...
20260412 16:47:04- INFO-   history批量返回 4400 条记录
20260412 16:47:04- INFO-   步骤3: 调用stk_get_daily_mktvalue_pt获取市值数据...
20260412 16:47:05- INFO-   stk_get_daily_mktvalue_pt返回 4400 条记录
20260412 16:47:05- INFO-   步骤4: 合并数据...
20260412 16:47:05- INFO-   数据合并完成,最终返回 4400 条记录, 18 个字段
20260412 16:47:05- INFO- ✓ 2021-05-28 数据获取成功: 4400 条
20260412 16:47:05- INFO- 开始获取 2021-05-31 的掘金全市场数据...
20260412 16:47:05- INFO-   步骤1: 调用get_symbols获取基础信息...
20260412 16:47:06- INFO-   get_symbols返回 4402 条记录
20260412 16:47:06- INFO-   过滤后剩余 4402 只股票(已剔除未上市/已退市)
20260412 16:47:06- INFO-   步骤2: 调用history批量获取数据...
20260412 16:47:06- INFO-   history批量返回 4402 条记录
20260412 16:47:06- INFO-   步骤3: 调用stk_get_daily_mktvalue_pt获取市值数据...
20260412 16:47:06- INFO-   stk_get_daily_mktvalue_pt返回 4402 条记录
20260412 16:47:06- INFO-   步骤4: 合并数据...
20260412 16:47:06- INFO-   数据合并完成,最终返回 4402 条记录, 18 个字段
20260412 16:47:06- INFO- ✓ 2021-05-31 数据获取成功: 4402 条
20260412 16:47:07- INFO- 开始获取 2021-06-01 的掘金全市场数据...
20260412 16:47:07- INFO-   步骤1: 调用get_symbols获取基础信息...
20260412 16:47:07- INFO-   get_symbols返回 4403 条记录
20260412 16:47:07- INFO-   过滤后剩余 4403 只股票(已剔除未上市/已退市)
20260412 16:47:07- INFO-   步骤2: 调用history批量获取数据...
20260412 16:47:08- INFO-   history批量返回 4403 条记录
20260412 16:47:08- INFO-   步骤3: 调用stk_get_daily_mktvalue_pt获取市值数据...
20260412 16:47:08- INFO-   stk_get_daily_mktvalue_pt返回 4403 条记录
20260412 16:47:08- INFO-   步骤4: 合并数据...
20260412 16:47:08- INFO-   数据合并完成,最终返回 4403 条记录, 18 个字段
20260412 16:47:08- INFO- ✓ 2021-06-01 数据获取成功: 4403 条
20260412 16:47:08- INFO- 开始获取 2021-06-02 的掘金全市场数据...
20260412 16:47:08- INFO-   步骤1: 调用get_symbols获取基础信息...
20260412 16:47:09- INFO-   get_symbols返回 4407 条记录
20260412 16:47:09- INFO-   过滤后剩余 4407 只股票(已剔除未上市/已退市)
20260412 16:47:09- INFO-   步骤2: 调用history批量获取数据...
20260412 16:47:09- INFO-   history批量返回 4407 条记录
20260412 16:47:09- INFO-   步骤3: 调用stk_get_daily_mktvalue_pt获取市值数据...
20260412 16:47:10- INFO-   stk_get_daily_mktvalue_pt返回 4407 条记录
20260412 16:47:10- INFO-   步骤4: 合并数据...
20260412 16:47:10- INFO-   数据合并完成,最终返回 4407 条记录, 18 个字段
20260412 16:47:10- INFO- ✓ 2021-06-02 数据获取成功: 4407 条
20260412 16:47:10- INFO- 开始获取 2021-06-03 的掘金全市场数据...
20260412 16:47:10- INFO-   步骤1: 调用get_symbols获取基础信息...
20260412 16:47:11- INFO-   get_symbols返回 4409 条记录
20260412 16:47:11- INFO-   过滤后剩余 4409 只股票(已剔除未上市/已退市)
20260412 16:47:11- INFO-   步骤2: 调用history批量获取数据...
20260412 16:47:11- INFO-   history批量返回 4409 条记录
20260412 16:47:11- INFO-   步骤3: 调用stk_get_daily_mktvalue_pt获取市值数据...
20260412 16:47:11- INFO-   stk_get_daily_mktvalue_pt返回 4409 条记录
20260412 16:47:11- INFO-   步骤4: 合并数据...
20260412 16:47:11- INFO-   数据合并完成,最终返回 4409 条记录, 18 个字段
20260412 16:47:11- INFO- ✓ 2021-06-03 数据获取成功: 4409 条
20260412 16:47:12- INFO- 开始获取 2021-06-04 的掘金全市场数据...
20260412 16:47:12- INFO-   步骤1: 调用get_symbols获取基础信息...
20260412 16:47:12- INFO-   get_symbols返回 4411 条记录
20260412 16:47:12- INFO-   过滤后剩余 4411 只股票(已剔除未上市/已退市)
20260412 16:47:12- INFO-   步骤2: 调用history批量获取数据...
20260412 16:47:12- INFO-   history批量返回 4411 条记录
20260412 16:47:12- INFO-   步骤3: 调用stk_get_daily_mktvalue_pt获取市值数据...
20260412 16:49:16- INFO-   stk_get_daily_mktvalue_pt返回 4411 条记录
20260412 16:49:16- INFO-   步骤4: 合并数据...
20260412 16:49:16- INFO-   数据合并完成,最终返回 4411 条记录, 18 个字段
20260412 16:49:16- INFO- ✓ 2021-06-04 数据获取成功: 4411 条
20260412 16:49:16- INFO- 开始获取 2021-06-07 的掘金全市场数据...
20260412 16:49:16- INFO-   步骤1: 调用get_symbols获取基础信息...
20260412 16:49:17- INFO-   get_symbols返回 4411 条记录
20260412 16:49:17- INFO-   过滤后剩余 4411 只股票(已剔除未上市/已退市)
20260412 16:49:17- INFO-   步骤2: 调用history批量获取数据...
20260412 16:49:17- INFO-   history批量返回 4411 条记录
20260412 16:49:17- INFO-   步骤3: 调用stk_get_daily_mktvalue_pt获取市值数据...
20260412 16:49:17- INFO-   stk_get_daily_mktvalue_pt返回 4411 条记录
20260412 16:49:17- INFO-   步骤4: 合并数据...
20260412 16:49:17- INFO-   数据合并完成,最终返回 4411 条记录, 18 个字段
20260412 16:49:17- INFO- ✓ 2021-06-07 数据获取成功: 4411 条
20260412 16:49:18- INFO- 开始获取 2021-06-08 的掘金全市场数据...
20260412 16:49:18- INFO-   步骤1: 调用get_symbols获取基础信息...
20260412 16:49:19- INFO-   get_symbols返回 4415 条记录
20260412 16:49:19- INFO-   过滤后剩余 4415 只股票(已剔除未上市/已退市)
20260412 16:49:19- INFO-   步骤2: 调用history批量获取数据...
20260412 16:49:19- INFO-   history批量返回 4415 条记录
20260412 16:49:19- INFO-   步骤3: 调用stk_get_daily_mktvalue_pt获取市值数据...
20260412 16:49:19- INFO-   stk_get_daily_mktvalue_pt返回 4415 条记录
20260412 16:49:19- INFO-   步骤4: 合并数据...
20260412 16:49:19- INFO-   数据合并完成,最终返回 4415 条记录, 18 个字段
20260412 16:49:19- INFO- ✓ 2021-06-08 数据获取成功: 4415 条
20260412 16:49:20- INFO- 开始获取 2021-06-09 的掘金全市场数据...
20260412 16:49:20- INFO-   步骤1: 调用get_symbols获取基础信息...
20260412 16:49:20- INFO-   get_symbols返回 4416 条记录
20260412 16:49:20- INFO-   过滤后剩余 4416 只股票(已剔除未上市/已退市)
20260412 16:49:20- INFO-   步骤2: 调用history批量获取数据...
20260412 16:49:21- INFO-   history批量返回 4416 条记录
20260412 16:49:21- INFO-   步骤3: 调用stk_get_daily_mktvalue_pt获取市值数据...
20260412 16:49:21- INFO-   stk_get_daily_mktvalue_pt返回 4416 条记录
20260412 16:49:21- INFO-   步骤4: 合并数据...
20260412 16:49:21- INFO-   数据合并完成,最终返回 4416 条记录, 18 个字段
20260412 16:49:21- INFO- ✓ 2021-06-09 数据获取成功: 4416 条
20260412 16:49:22- INFO- 开始获取 2021-06-10 的掘金全市场数据...
20260412 16:49:22- INFO-   步骤1: 调用get_symbols获取基础信息...
20260412 16:49:22- INFO-   get_symbols返回 4417 条记录
20260412 16:49:22- INFO-   过滤后剩余 4417 只股票(已剔除未上市/已退市)
20260412 16:49:22- INFO-   步骤2: 调用history批量获取数据...
20260412 16:49:23- INFO-   history批量返回 4417 条记录
20260412 16:49:23- INFO-   步骤3: 调用stk_get_daily_mktvalue_pt获取市值数据...
20260412 16:49:23- INFO-   stk_get_daily_mktvalue_pt返回 4417 条记录
20260412 16:49:23- INFO-   步骤4: 合并数据...
20260412 16:49:23- INFO-   数据合并完成,最终返回 4417 条记录, 18 个字段
20260412 16:49:23- INFO- ✓ 2021-06-10 数据获取成功: 4417 条
20260412 16:49:24- INFO- 开始获取 2021-06-11 的掘金全市场数据...
20260412 16:49:24- INFO-   步骤1: 调用get_symbols获取基础信息...
20260412 16:49:24- INFO-   get_symbols返回 4422 条记录
20260412 16:49:24- INFO-   过滤后剩余 4422 只股票(已剔除未上市/已退市)
20260412 16:49:24- INFO-   步骤2: 调用history批量获取数据...
20260412 16:49:24- INFO-   history批量返回 4422 条记录
20260412 16:49:24- INFO-   步骤3: 调用stk_get_daily_mktvalue_pt获取市值数据...
20260412 16:49:25- INFO-   stk_get_daily_mktvalue_pt返回 4422 条记录
20260412 16:49:25- INFO-   步骤4: 合并数据...
20260412 16:49:25- INFO-   数据合并完成,最终返回 4422 条记录, 18 个字段
20260412 16:49:25- INFO- ✓ 2021-06-11 数据获取成功: 4422 条
20260412 16:49:25- INFO- 开始获取 2021-06-14 的掘金全市场数据...
20260412 16:49:25- INFO-   步骤1: 调用get_symbols获取基础信息...
20260412 16:49:26- WARNING- 2021-06-14 get_symbols返回空数据
20260412 16:49:26- WARNING- ✗ 2021-06-14 无数据
20260412 16:49:26- INFO- 开始获取 2021-06-15 的掘金全市场数据...
20260412 16:49:26- INFO-   步骤1: 调用get_symbols获取基础信息...
20260412 16:49:27- INFO-   get_symbols返回 4419 条记录
20260412 16:49:27- INFO-   过滤后剩余 4419 只股票(已剔除未上市/已退市)
20260412 16:49:27- INFO-   步骤2: 调用history批量获取数据...
20260412 16:49:27- INFO-   history批量返回 4419 条记录
20260412 16:49:27- INFO-   步骤3: 调用stk_get_daily_mktvalue_pt获取市值数据...
20260412 16:49:27- INFO-   stk_get_daily_mktvalue_pt返回 4419 条记录
20260412 16:49:27- INFO-   步骤4: 合并数据...
20260412 16:49:27- INFO-   数据合并完成,最终返回 4419 条记录, 18 个字段
20260412 16:49:27- INFO- ✓ 2021-06-15 数据获取成功: 4419 条
20260412 16:49:28- INFO- 开始获取 2021-06-16 的掘金全市场数据...
20260412 16:49:28- INFO-   步骤1: 调用get_symbols获取基础信息...
20260412 16:49:29- INFO-   get_symbols返回 4420 条记录
20260412 16:49:29- INFO-   过滤后剩余 4420 只股票(已剔除未上市/已退市)
20260412 16:49:29- INFO-   步骤2: 调用history批量获取数据...
20260412 16:49:29- INFO-   history批量返回 4420 条记录
20260412 16:49:29- INFO-   步骤3: 调用stk_get_daily_mktvalue_pt获取市值数据...
20260412 16:49:29- INFO-   stk_get_daily_mktvalue_pt返回 4420 条记录
20260412 16:49:29- INFO-   步骤4: 合并数据...
20260412 16:49:29- INFO-   数据合并完成,最终返回 4420 条记录, 18 个字段
20260412 16:49:29- INFO- ✓ 2021-06-16 数据获取成功: 4420 条
20260412 16:49:30- INFO- 开始获取 2021-06-17 的掘金全市场数据...
20260412 16:49:30- INFO-   步骤1: 调用get_symbols获取基础信息...
20260412 16:49:30- INFO-   get_symbols返回 4425 条记录
20260412 16:49:30- INFO-   过滤后剩余 4425 只股票(已剔除未上市/已退市)
20260412 16:49:30- INFO-   步骤2: 调用history批量获取数据...
20260412 16:49:31- INFO-   history批量返回 4425 条记录
20260412 16:49:31- INFO-   步骤3: 调用stk_get_daily_mktvalue_pt获取市值数据...
20260412 16:49:31- INFO-   stk_get_daily_mktvalue_pt返回 4425 条记录
20260412 16:49:31- INFO-   步骤4: 合并数据...
20260412 16:49:31- INFO-   数据合并完成,最终返回 4425 条记录, 18 个字段
20260412 16:49:31- INFO- ✓ 2021-06-17 数据获取成功: 4425 条
20260412 16:49:32- INFO- 开始获取 2021-06-18 的掘金全市场数据...
20260412 16:49:32- INFO-   步骤1: 调用get_symbols获取基础信息...
20260412 16:49:32- INFO-   get_symbols返回 4425 条记录
20260412 16:49:32- INFO-   过滤后剩余 4425 只股票(已剔除未上市/已退市)
20260412 16:49:32- INFO-   步骤2: 调用history批量获取数据...
20260412 16:49:32- INFO-   history批量返回 4425 条记录
20260412 16:49:32- INFO-   步骤3: 调用stk_get_daily_mktvalue_pt获取市值数据...
20260412 16:49:33- INFO-   stk_get_daily_mktvalue_pt返回 4425 条记录
20260412 16:49:33- INFO-   步骤4: 合并数据...
20260412 16:49:33- INFO-   数据合并完成,最终返回 4425 条记录, 18 个字段
20260412 16:49:33- INFO- ✓ 2021-06-18 数据获取成功: 4425 条
20260412 16:49:33- INFO- 开始获取 2021-06-21 的掘金全市场数据...
20260412 16:49:33- INFO-   步骤1: 调用get_symbols获取基础信息...
20260412 16:49:34- INFO-   get_symbols返回 4421 条记录
20260412 16:49:34- INFO-   过滤后剩余 4421 只股票(已剔除未上市/已退市)
20260412 16:49:34- INFO-   步骤2: 调用history批量获取数据...
20260412 16:49:34- INFO-   history批量返回 4421 条记录
20260412 16:49:34- INFO-   步骤3: 调用stk_get_daily_mktvalue_pt获取市值数据...
20260412 16:49:35- INFO-   stk_get_daily_mktvalue_pt返回 4421 条记录
20260412 16:49:35- INFO-   步骤4: 合并数据...
20260412 16:49:35- INFO-   数据合并完成,最终返回 4421 条记录, 18 个字段
20260412 16:49:35- INFO- ✓ 2021-06-21 数据获取成功: 4421 条
20260412 16:49:35- INFO- 开始获取 2021-06-22 的掘金全市场数据...
20260412 16:49:35- INFO-   步骤1: 调用get_symbols获取基础信息...
20260412 16:49:36- INFO-   get_symbols返回 4430 条记录
20260412 16:49:36- INFO-   过滤后剩余 4430 只股票(已剔除未上市/已退市)
20260412 16:49:36- INFO-   步骤2: 调用history批量获取数据...
20260412 16:49:36- INFO-   history批量返回 4430 条记录
20260412 16:49:36- INFO-   步骤3: 调用stk_get_daily_mktvalue_pt获取市值数据...
20260412 16:49:36- INFO-   stk_get_daily_mktvalue_pt返回 4430 条记录
20260412 16:49:36- INFO-   步骤4: 合并数据...
20260412 16:49:36- INFO-   数据合并完成,最终返回 4430 条记录, 18 个字段
20260412 16:49:36- INFO- ✓ 2021-06-22 数据获取成功: 4430 条
20260412 16:49:37- INFO- 开始获取 2021-06-23 的掘金全市场数据...
20260412 16:49:37- INFO-   步骤1: 调用get_symbols获取基础信息...
20260412 16:49:38- INFO-   get_symbols返回 4431 条记录
20260412 16:49:38- INFO-   过滤后剩余 4431 只股票(已剔除未上市/已退市)
20260412 16:49:38- INFO-   步骤2: 调用history批量获取数据...
20260412 16:49:38- INFO-   history批量返回 4431 条记录
20260412 16:49:38- INFO-   步骤3: 调用stk_get_daily_mktvalue_pt获取市值数据...
20260412 16:49:38- INFO-   stk_get_daily_mktvalue_pt返回 4431 条记录
20260412 16:49:38- INFO-   步骤4: 合并数据...
20260412 16:49:38- INFO-   数据合并完成,最终返回 4431 条记录, 18 个字段
20260412 16:49:38- INFO- ✓ 2021-06-23 数据获取成功: 4431 条
20260412 16:49:39- INFO- 开始获取 2021-06-24 的掘金全市场数据...
20260412 16:49:39- INFO-   步骤1: 调用get_symbols获取基础信息...
20260412 16:49:39- INFO-   get_symbols返回 4433 条记录
20260412 16:49:39- INFO-   过滤后剩余 4433 只股票(已剔除未上市/已退市)
20260412 16:49:39- INFO-   步骤2: 调用history批量获取数据...
20260412 16:49:40- INFO-   history批量返回 4433 条记录
20260412 16:49:40- INFO-   步骤3: 调用stk_get_daily_mktvalue_pt获取市值数据...
20260412 16:49:40- INFO-   stk_get_daily_mktvalue_pt返回 4433 条记录
20260412 16:49:40- INFO-   步骤4: 合并数据...
20260412 16:49:40- INFO-   数据合并完成,最终返回 4433 条记录, 18 个字段
20260412 16:49:40- INFO- ✓ 2021-06-24 数据获取成功: 4433 条
20260412 16:49:41- INFO- 开始获取 2021-06-25 的掘金全市场数据...
20260412 16:49:41- INFO-   步骤1: 调用get_symbols获取基础信息...
20260412 16:49:41- INFO-   get_symbols返回 4439 条记录
20260412 16:49:41- INFO-   过滤后剩余 4439 只股票(已剔除未上市/已退市)
20260412 16:49:41- INFO-   步骤2: 调用history批量获取数据...
20260412 16:49:41- INFO-   history批量返回 4439 条记录
20260412 16:49:41- INFO-   步骤3: 调用stk_get_daily_mktvalue_pt获取市值数据...
20260412 16:49:42- INFO-   stk_get_daily_mktvalue_pt返回 4439 条记录
20260412 16:49:42- INFO-   步骤4: 合并数据...
20260412 16:49:42- INFO-   数据合并完成,最终返回 4439 条记录, 18 个字段
20260412 16:49:42- INFO- ✓ 2021-06-25 数据获取成功: 4439 条
20260412 16:49:42- INFO- 开始获取 2021-06-28 的掘金全市场数据...
20260412 16:49:42- INFO-   步骤1: 调用get_symbols获取基础信息...
20260412 16:49:43- INFO-   get_symbols返回 4443 条记录
20260412 16:49:43- INFO-   过滤后剩余 4443 只股票(已剔除未上市/已退市)
20260412 16:49:43- INFO-   步骤2: 调用history批量获取数据...
20260412 16:49:43- INFO-   history批量返回 4443 条记录
20260412 16:49:43- INFO-   步骤3: 调用stk_get_daily_mktvalue_pt获取市值数据...
20260412 16:49:44- INFO-   stk_get_daily_mktvalue_pt返回 4443 条记录
20260412 16:49:44- INFO-   步骤4: 合并数据...
20260412 16:49:44- INFO-   数据合并完成,最终返回 4443 条记录, 18 个字段
20260412 16:49:44- INFO- ✓ 2021-06-28 数据获取成功: 4443 条
20260412 16:49:44- INFO- 开始获取 2021-06-29 的掘金全市场数据...
20260412 16:49:44- INFO-   步骤1: 调用get_symbols获取基础信息...
20260412 16:49:45- INFO-   get_symbols返回 4447 条记录
20260412 16:49:45- INFO-   过滤后剩余 4447 只股票(已剔除未上市/已退市)
20260412 16:49:45- INFO-   步骤2: 调用history批量获取数据...
20260412 16:49:45- INFO-   history批量返回 4447 条记录
20260412 16:49:45- INFO-   步骤3: 调用stk_get_daily_mktvalue_pt获取市值数据...
20260412 16:49:45- INFO-   stk_get_daily_mktvalue_pt返回 4447 条记录
20260412 16:49:45- INFO-   步骤4: 合并数据...
20260412 16:49:46- INFO-   数据合并完成,最终返回 4447 条记录, 18 个字段
20260412 16:49:46- INFO- ✓ 2021-06-29 数据获取成功: 4447 条
20260412 16:49:46- INFO- 开始获取 2021-06-30 的掘金全市场数据...
20260412 16:49:46- INFO-   步骤1: 调用get_symbols获取基础信息...
20260412 16:49:47- INFO-   get_symbols返回 4449 条记录
20260412 16:49:47- INFO-   过滤后剩余 4449 只股票(已剔除未上市/已退市)
20260412 16:49:47- INFO-   步骤2: 调用history批量获取数据...
20260412 16:49:47- INFO-   history批量返回 4449 条记录
20260412 16:49:47- INFO-   步骤3: 调用stk_get_daily_mktvalue_pt获取市值数据...
20260412 16:49:47- INFO-   stk_get_daily_mktvalue_pt返回 4449 条记录
20260412 16:49:47- INFO-   步骤4: 合并数据...
20260412 16:49:47- INFO-   数据合并完成,最终返回 4449 条记录, 18 个字段
20260412 16:49:47- INFO- ✓ 2021-06-30 数据获取成功: 4449 条
20260412 16:49:48- INFO- 开始获取 2021-07-01 的掘金全市场数据...
20260412 16:49:48- INFO-   步骤1: 调用get_symbols获取基础信息...
20260412 16:49:48- INFO-   get_symbols返回 4451 条记录
20260412 16:49:48- INFO-   过滤后剩余 4451 只股票(已剔除未上市/已退市)
20260412 16:49:48- INFO-   步骤2: 调用history批量获取数据...
20260412 16:49:49- INFO-   history批量返回 4451 条记录
20260412 16:49:49- INFO-   步骤3: 调用stk_get_daily_mktvalue_pt获取市值数据...
20260412 16:49:49- INFO-   stk_get_daily_mktvalue_pt返回 4451 条记录
20260412 16:49:49- INFO-   步骤4: 合并数据...
20260412 16:49:49- INFO-   数据合并完成,最终返回 4451 条记录, 18 个字段
20260412 16:49:49- INFO- ✓ 2021-07-01 数据获取成功: 4451 条
20260412 16:49:49- INFO- 开始获取 2021-07-02 的掘金全市场数据...
20260412 16:49:49- INFO-   步骤1: 调用get_symbols获取基础信息...
20260412 16:49:50- INFO-   get_symbols返回 4453 条记录
20260412 16:49:50- INFO-   过滤后剩余 4453 只股票(已剔除未上市/已退市)
20260412 16:49:50- INFO-   步骤2: 调用history批量获取数据...
20260412 16:49:50- INFO-   history批量返回 4453 条记录
20260412 16:49:50- INFO-   步骤3: 调用stk_get_daily_mktvalue_pt获取市值数据...
20260412 16:49:51- INFO-   stk_get_daily_mktvalue_pt返回 4453 条记录
20260412 16:49:51- INFO-   步骤4: 合并数据...
20260412 16:49:51- INFO-   数据合并完成,最终返回 4453 条记录, 18 个字段
20260412 16:49:51- INFO- ✓ 2021-07-02 数据获取成功: 4453 条
20260412 16:49:51- INFO- 开始获取 2021-07-05 的掘金全市场数据...
20260412 16:49:51- INFO-   步骤1: 调用get_symbols获取基础信息...
20260412 16:49:52- INFO-   get_symbols返回 4455 条记录
20260412 16:49:52- INFO-   过滤后剩余 4455 只股票(已剔除未上市/已退市)
20260412 16:49:52- INFO-   步骤2: 调用history批量获取数据...
20260412 16:49:52- INFO-   history批量返回 4455 条记录
20260412 16:49:52- INFO-   步骤3: 调用stk_get_daily_mktvalue_pt获取市值数据...
20260412 16:49:53- INFO-   stk_get_daily_mktvalue_pt返回 4455 条记录
20260412 16:49:53- INFO-   步骤4: 合并数据...
20260412 16:49:53- INFO-   数据合并完成,最终返回 4455 条记录, 18 个字段
20260412 16:49:53- INFO- ✓ 2021-07-05 数据获取成功: 4455 条
20260412 16:49:53- INFO- 开始获取 2021-07-06 的掘金全市场数据...
20260412 16:49:53- INFO-   步骤1: 调用get_symbols获取基础信息...
20260412 16:49:54- INFO-   get_symbols返回 4460 条记录
20260412 16:49:54- INFO-   过滤后剩余 4460 只股票(已剔除未上市/已退市)
20260412 16:49:54- INFO-   步骤2: 调用history批量获取数据...
20260412 16:49:54- INFO-   history批量返回 4460 条记录
20260412 16:49:54- INFO-   步骤3: 调用stk_get_daily_mktvalue_pt获取市值数据...
20260412 16:49:54- INFO-   stk_get_daily_mktvalue_pt返回 4460 条记录
20260412 16:49:54- INFO-   步骤4: 合并数据...
20260412 16:49:54- INFO-   数据合并完成,最终返回 4460 条记录, 18 个字段
20260412 16:49:54- INFO- ✓ 2021-07-06 数据获取成功: 4460 条
20260412 16:49:55- INFO- 开始获取 2021-07-07 的掘金全市场数据...
20260412 16:49:55- INFO-   步骤1: 调用get_symbols获取基础信息...
20260412 16:49:56- INFO-   get_symbols返回 4465 条记录
20260412 16:49:56- INFO-   过滤后剩余 4465 只股票(已剔除未上市/已退市)
20260412 16:49:56- INFO-   步骤2: 调用history批量获取数据...
20260412 16:49:56- INFO-   history批量返回 4465 条记录
20260412 16:49:56- INFO-   步骤3: 调用stk_get_daily_mktvalue_pt获取市值数据...
20260412 16:49:56- INFO-   stk_get_daily_mktvalue_pt返回 4465 条记录
20260412 16:49:56- INFO-   步骤4: 合并数据...
20260412 16:49:56- INFO-   数据合并完成,最终返回 4465 条记录, 18 个字段
20260412 16:49:56- INFO- ✓ 2021-07-07 数据获取成功: 4465 条
20260412 16:49:57- INFO- 开始获取 2021-07-08 的掘金全市场数据...
20260412 16:49:57- INFO-   步骤1: 调用get_symbols获取基础信息...
20260412 16:49:57- INFO-   get_symbols返回 4469 条记录
20260412 16:49:57- INFO-   过滤后剩余 4469 只股票(已剔除未上市/已退市)
20260412 16:49:57- INFO-   步骤2: 调用history批量获取数据...
20260412 16:49:58- INFO-   history批量返回 4469 条记录
20260412 16:49:58- INFO-   步骤3: 调用stk_get_daily_mktvalue_pt获取市值数据...
20260412 16:49:58- INFO-   stk_get_daily_mktvalue_pt返回 4469 条记录
20260412 16:49:58- INFO-   步骤4: 合并数据...
20260412 16:49:58- INFO-   数据合并完成,最终返回 4469 条记录, 18 个字段
20260412 16:49:58- INFO- ✓ 2021-07-08 数据获取成功: 4469 条
20260412 16:49:59- INFO- 开始获取 2021-07-09 的掘金全市场数据...
20260412 16:49:59- INFO-   步骤1: 调用get_symbols获取基础信息...
20260412 16:49:59- INFO-   get_symbols返回 4470 条记录
20260412 16:49:59- INFO-   过滤后剩余 4470 只股票(已剔除未上市/已退市)
20260412 16:49:59- INFO-   步骤2: 调用history批量获取数据...
20260412 16:49:59- INFO-   history批量返回 4470 条记录
20260412 16:49:59- INFO-   步骤3: 调用stk_get_daily_mktvalue_pt获取市值数据...
20260412 16:50:00- INFO-   stk_get_daily_mktvalue_pt返回 4470 条记录
20260412 16:50:00- INFO-   步骤4: 合并数据...
20260412 16:50:00- INFO-   数据合并完成,最终返回 4470 条记录, 18 个字段
20260412 16:50:00- INFO- ✓ 2021-07-09 数据获取成功: 4470 条
20260412 16:50:00- INFO- 开始获取 2021-07-12 的掘金全市场数据...
20260412 16:50:00- INFO-   步骤1: 调用get_symbols获取基础信息...
20260412 16:50:01- INFO-   get_symbols返回 4470 条记录
20260412 16:50:01- INFO-   过滤后剩余 4470 只股票(已剔除未上市/已退市)
20260412 16:50:01- INFO-   步骤2: 调用history批量获取数据...
20260412 16:50:01- INFO-   history批量返回 4470 条记录
20260412 16:50:01- INFO-   步骤3: 调用stk_get_daily_mktvalue_pt获取市值数据...
20260412 16:50:01- INFO-   stk_get_daily_mktvalue_pt返回 4470 条记录
20260412 16:50:01- INFO-   步骤4: 合并数据...
20260412 16:50:01- INFO-   数据合并完成,最终返回 4470 条记录, 18 个字段
20260412 16:50:01- INFO- ✓ 2021-07-12 数据获取成功: 4470 条
20260412 16:50:02- INFO- 开始获取 2021-07-13 的掘金全市场数据...
20260412 16:50:02- INFO-   步骤1: 调用get_symbols获取基础信息...
20260412 16:50:03- INFO-   get_symbols返回 4472 条记录
20260412 16:50:03- INFO-   过滤后剩余 4472 只股票(已剔除未上市/已退市)
20260412 16:50:03- INFO-   步骤2: 调用history批量获取数据...
20260412 16:50:03- INFO-   history批量返回 4472 条记录
20260412 16:50:03- INFO-   步骤3: 调用stk_get_daily_mktvalue_pt获取市值数据...
20260412 16:50:03- INFO-   stk_get_daily_mktvalue_pt返回 4472 条记录
20260412 16:50:03- INFO-   步骤4: 合并数据...
20260412 16:50:03- INFO-   数据合并完成,最终返回 4472 条记录, 18 个字段
20260412 16:50:03- INFO- ✓ 2021-07-13 数据获取成功: 4472 条
20260412 16:50:04- INFO- 开始获取 2021-07-14 的掘金全市场数据...
20260412 16:50:04- INFO-   步骤1: 调用get_symbols获取基础信息...
20260412 16:50:04- INFO-   get_symbols返回 4470 条记录
20260412 16:50:04- INFO-   过滤后剩余 4470 只股票(已剔除未上市/已退市)
20260412 16:50:04- INFO-   步骤2: 调用history批量获取数据...
20260412 16:50:05- INFO-   history批量返回 4470 条记录
20260412 16:50:05- INFO-   步骤3: 调用stk_get_daily_mktvalue_pt获取市值数据...
20260412 16:50:05- INFO-   stk_get_daily_mktvalue_pt返回 4470 条记录
20260412 16:50:05- INFO-   步骤4: 合并数据...
20260412 16:50:05- INFO-   数据合并完成,最终返回 4470 条记录, 18 个字段
20260412 16:50:05- INFO- ✓ 2021-07-14 数据获取成功: 4470 条
20260412 16:50:06- INFO- 开始获取 2021-07-15 的掘金全市场数据...
20260412 16:50:06- INFO-   步骤1: 调用get_symbols获取基础信息...
20260412 16:50:06- INFO-   get_symbols返回 4469 条记录
20260412 16:50:06- INFO-   过滤后剩余 4469 只股票(已剔除未上市/已退市)
20260412 16:50:06- INFO-   步骤2: 调用history批量获取数据...
20260412 16:50:07- INFO-   history批量返回 4469 条记录
20260412 16:50:07- INFO-   步骤3: 调用stk_get_daily_mktvalue_pt获取市值数据...
20260412 16:50:07- INFO-   stk_get_daily_mktvalue_pt返回 4469 条记录
20260412 16:50:07- INFO-   步骤4: 合并数据...
20260412 16:50:07- INFO-   数据合并完成,最终返回 4469 条记录, 18 个字段
20260412 16:50:07- INFO- ✓ 2021-07-15 数据获取成功: 4469 条
20260412 16:50:07- INFO- 开始获取 2021-07-16 的掘金全市场数据...
20260412 16:50:07- INFO-   步骤1: 调用get_symbols获取基础信息...
20260412 16:50:08- INFO-   get_symbols返回 4473 条记录
20260412 16:50:08- INFO-   过滤后剩余 4473 只股票(已剔除未上市/已退市)
20260412 16:50:08- INFO-   步骤2: 调用history批量获取数据...
20260412 16:50:08- INFO-   history批量返回 4473 条记录
20260412 16:50:08- INFO-   步骤3: 调用stk_get_daily_mktvalue_pt获取市值数据...
20260412 16:50:09- INFO-   stk_get_daily_mktvalue_pt返回 4473 条记录
20260412 16:50:09- INFO-   步骤4: 合并数据...
20260412 16:50:09- INFO-   数据合并完成,最终返回 4473 条记录, 18 个字段
20260412 16:50:09- INFO- ✓ 2021-07-16 数据获取成功: 4473 条
20260412 16:50:09- INFO- 开始获取 2021-07-19 的掘金全市场数据...
20260412 16:50:09- INFO-   步骤1: 调用get_symbols获取基础信息...
20260412 16:50:10- INFO-   get_symbols返回 4472 条记录
20260412 16:50:10- INFO-   过滤后剩余 4472 只股票(已剔除未上市/已退市)
20260412 16:50:10- INFO-   步骤2: 调用history批量获取数据...
20260412 16:50:10- INFO-   history批量返回 4472 条记录
20260412 16:50:10- INFO-   步骤3: 调用stk_get_daily_mktvalue_pt获取市值数据...
20260412 16:50:10- INFO-   stk_get_daily_mktvalue_pt返回 4472 条记录
20260412 16:50:10- INFO-   步骤4: 合并数据...
20260412 16:50:10- INFO-   数据合并完成,最终返回 4472 条记录, 18 个字段
20260412 16:50:10- INFO- ✓ 2021-07-19 数据获取成功: 4472 条
20260412 16:50:11- INFO- 开始获取 2021-07-20 的掘金全市场数据...
20260412 16:50:11- INFO-   步骤1: 调用get_symbols获取基础信息...
20260412 16:50:12- INFO-   get_symbols返回 4475 条记录
20260412 16:50:12- INFO-   过滤后剩余 4475 只股票(已剔除未上市/已退市)
20260412 16:50:12- INFO-   步骤2: 调用history批量获取数据...
20260412 16:50:12- INFO-   history批量返回 4475 条记录
20260412 16:50:12- INFO-   步骤3: 调用stk_get_daily_mktvalue_pt获取市值数据...
20260412 16:50:12- INFO-   stk_get_daily_mktvalue_pt返回 4475 条记录
20260412 16:50:12- INFO-   步骤4: 合并数据...
20260412 16:50:12- INFO-   数据合并完成,最终返回 4475 条记录, 18 个字段
20260412 16:50:12- INFO- ✓ 2021-07-20 数据获取成功: 4475 条
20260412 16:50:13- INFO- 开始获取 2021-07-21 的掘金全市场数据...
20260412 16:50:13- INFO-   步骤1: 调用get_symbols获取基础信息...
20260412 16:50:13- INFO-   get_symbols返回 4474 条记录
20260412 16:50:13- INFO-   过滤后剩余 4474 只股票(已剔除未上市/已退市)
20260412 16:50:13- INFO-   步骤2: 调用history批量获取数据...
20260412 16:50:14- INFO-   history批量返回 4474 条记录
20260412 16:50:14- INFO-   步骤3: 调用stk_get_daily_mktvalue_pt获取市值数据...
20260412 16:50:14- INFO-   stk_get_daily_mktvalue_pt返回 4474 条记录
20260412 16:50:14- INFO-   步骤4: 合并数据...
20260412 16:50:14- INFO-   数据合并完成,最终返回 4474 条记录, 18 个字段
20260412 16:50:14- INFO- ✓ 2021-07-21 数据获取成功: 4474 条
20260412 16:50:14- INFO- 开始获取 2021-07-22 的掘金全市场数据...
20260412 16:50:14- INFO-   步骤1: 调用get_symbols获取基础信息...
20260412 16:50:15- INFO-   get_symbols返回 4480 条记录
20260412 16:50:15- INFO-   过滤后剩余 4480 只股票(已剔除未上市/已退市)
20260412 16:50:15- INFO-   步骤2: 调用history批量获取数据...
20260412 16:50:15- INFO-   history批量返回 4480 条记录
20260412 16:50:15- INFO-   步骤3: 调用stk_get_daily_mktvalue_pt获取市值数据...
20260412 16:50:16- INFO-   stk_get_daily_mktvalue_pt返回 4480 条记录
20260412 16:50:16- INFO-   步骤4: 合并数据...
20260412 16:50:16- INFO-   数据合并完成,最终返回 4480 条记录, 18 个字段
20260412 16:50:16- INFO- ✓ 2021-07-22 数据获取成功: 4480 条
20260412 16:50:16- INFO- 开始获取 2021-07-23 的掘金全市场数据...
20260412 16:50:16- INFO-   步骤1: 调用get_symbols获取基础信息...
20260412 16:50:17- INFO-   get_symbols返回 4482 条记录
20260412 16:50:17- INFO-   过滤后剩余 4482 只股票(已剔除未上市/已退市)
20260412 16:50:17- INFO-   步骤2: 调用history批量获取数据...
20260412 16:50:17- INFO-   history批量返回 4482 条记录
20260412 16:50:17- INFO-   步骤3: 调用stk_get_daily_mktvalue_pt获取市值数据...
20260412 16:50:17- INFO-   stk_get_daily_mktvalue_pt返回 4482 条记录
20260412 16:50:17- INFO-   步骤4: 合并数据...
20260412 16:50:17- INFO-   数据合并完成,最终返回 4482 条记录, 18 个字段
20260412 16:50:17- INFO- ✓ 2021-07-23 数据获取成功: 4482 条
20260412 16:50:18- INFO- 开始获取 2021-07-26 的掘金全市场数据...
20260412 16:50:18- INFO-   步骤1: 调用get_symbols获取基础信息...
20260412 16:50:18- INFO-   get_symbols返回 4486 条记录
20260412 16:50:18- INFO-   过滤后剩余 4486 只股票(已剔除未上市/已退市)
20260412 16:50:18- INFO-   步骤2: 调用history批量获取数据...
20260412 16:50:19- INFO-   history批量返回 4486 条记录
20260412 16:50:19- INFO-   步骤3: 调用stk_get_daily_mktvalue_pt获取市值数据...
20260412 16:50:19- INFO-   stk_get_daily_mktvalue_pt返回 4486 条记录
20260412 16:50:19- INFO-   步骤4: 合并数据...
20260412 16:50:19- INFO-   数据合并完成,最终返回 4486 条记录, 18 个字段
20260412 16:50:19- INFO- ✓ 2021-07-26 数据获取成功: 4486 条
20260412 16:50:19- INFO- 开始获取 2021-07-27 的掘金全市场数据...
20260412 16:50:19- INFO-   步骤1: 调用get_symbols获取基础信息...
20260412 16:50:20- INFO-   get_symbols返回 4487 条记录
20260412 16:50:20- INFO-   过滤后剩余 4487 只股票(已剔除未上市/已退市)
20260412 16:50:20- INFO-   步骤2: 调用history批量获取数据...
20260412 16:50:20- INFO-   history批量返回 4487 条记录
20260412 16:50:20- INFO-   步骤3: 调用stk_get_daily_mktvalue_pt获取市值数据...
20260412 16:50:21- INFO-   stk_get_daily_mktvalue_pt返回 4487 条记录
20260412 16:50:21- INFO-   步骤4: 合并数据...
20260412 16:50:21- INFO-   数据合并完成,最终返回 4487 条记录, 18 个字段
20260412 16:50:21- INFO- ✓ 2021-07-27 数据获取成功: 4487 条
20260412 16:50:21- INFO- 开始获取 2021-07-28 的掘金全市场数据...
20260412 16:50:21- INFO-   步骤1: 调用get_symbols获取基础信息...
20260412 16:50:22- INFO-   get_symbols返回 4491 条记录
20260412 16:50:22- INFO-   过滤后剩余 4491 只股票(已剔除未上市/已退市)
20260412 16:50:22- INFO-   步骤2: 调用history批量获取数据...
20260412 16:50:22- INFO-   history批量返回 4491 条记录
20260412 16:50:22- INFO-   步骤3: 调用stk_get_daily_mktvalue_pt获取市值数据...
20260412 16:50:23- INFO-   stk_get_daily_mktvalue_pt返回 4491 条记录
20260412 16:50:23- INFO-   步骤4: 合并数据...
20260412 16:50:23- INFO-   数据合并完成,最终返回 4491 条记录, 18 个字段
20260412 16:50:23- INFO- ✓ 2021-07-28 数据获取成功: 4491 条
20260412 16:50:23- INFO- 开始获取 2021-07-29 的掘金全市场数据...
20260412 16:50:23- INFO-   步骤1: 调用get_symbols获取基础信息...
20260412 16:50:24- INFO-   get_symbols返回 4493 条记录
20260412 16:50:24- INFO-   过滤后剩余 4493 只股票(已剔除未上市/已退市)
20260412 16:50:24- INFO-   步骤2: 调用history批量获取数据...
20260412 16:50:24- INFO-   history批量返回 4493 条记录
20260412 16:50:24- INFO-   步骤3: 调用stk_get_daily_mktvalue_pt获取市值数据...
20260412 16:50:24- INFO-   stk_get_daily_mktvalue_pt返回 4493 条记录
20260412 16:50:24- INFO-   步骤4: 合并数据...
20260412 16:50:24- INFO-   数据合并完成,最终返回 4493 条记录, 18 个字段
20260412 16:50:24- INFO- ✓ 2021-07-29 数据获取成功: 4493 条
20260412 16:50:25- INFO- 开始获取 2021-07-30 的掘金全市场数据...
20260412 16:50:25- INFO-   步骤1: 调用get_symbols获取基础信息...
20260412 16:50:26- INFO-   get_symbols返回 4496 条记录
20260412 16:50:26- INFO-   过滤后剩余 4496 只股票(已剔除未上市/已退市)
20260412 16:50:26- INFO-   步骤2: 调用history批量获取数据...
20260412 16:50:26- INFO-   history批量返回 4496 条记录
20260412 16:50:26- INFO-   步骤3: 调用stk_get_daily_mktvalue_pt获取市值数据...
20260412 16:50:26- INFO-   stk_get_daily_mktvalue_pt返回 4496 条记录
20260412 16:50:26- INFO-   步骤4: 合并数据...
20260412 16:50:26- INFO-   数据合并完成,最终返回 4496 条记录, 18 个字段
20260412 16:50:26- INFO- ✓ 2021-07-30 数据获取成功: 4496 条
20260412 16:50:27- INFO- 开始获取 2021-08-02 的掘金全市场数据...
20260412 16:50:27- INFO-   步骤1: 调用get_symbols获取基础信息...
20260412 16:50:27- INFO-   get_symbols返回 4497 条记录
20260412 16:50:27- INFO-   过滤后剩余 4497 只股票(已剔除未上市/已退市)
20260412 16:50:27- INFO-   步骤2: 调用history批量获取数据...
20260412 16:50:27- INFO-   history批量返回 4497 条记录
20260412 16:50:27- INFO-   步骤3: 调用stk_get_daily_mktvalue_pt获取市值数据...
20260412 16:50:28- INFO-   stk_get_daily_mktvalue_pt返回 4497 条记录
20260412 16:50:28- INFO-   步骤4: 合并数据...
20260412 16:50:28- INFO-   数据合并完成,最终返回 4497 条记录, 18 个字段
20260412 16:50:28- INFO- ✓ 2021-08-02 数据获取成功: 4497 条
20260412 16:50:28- INFO- 开始获取 2021-08-03 的掘金全市场数据...
20260412 16:50:28- INFO-   步骤1: 调用get_symbols获取基础信息...
20260412 16:50:29- INFO-   get_symbols返回 4499 条记录
20260412 16:50:29- INFO-   过滤后剩余 4499 只股票(已剔除未上市/已退市)
20260412 16:50:29- INFO-   步骤2: 调用history批量获取数据...
20260412 16:50:29- INFO-   history批量返回 4499 条记录
20260412 16:50:29- INFO-   步骤3: 调用stk_get_daily_mktvalue_pt获取市值数据...
20260412 16:50:30- INFO-   stk_get_daily_mktvalue_pt返回 4499 条记录
20260412 16:50:30- INFO-   步骤4: 合并数据...
20260412 16:50:30- INFO-   数据合并完成,最终返回 4499 条记录, 18 个字段
20260412 16:50:30- INFO- ✓ 2021-08-03 数据获取成功: 4499 条
20260412 16:50:30- INFO- 开始获取 2021-08-04 的掘金全市场数据...
20260412 16:50:30- INFO-   步骤1: 调用get_symbols获取基础信息...
20260412 16:50:31- INFO-   get_symbols返回 4505 条记录
20260412 16:50:31- INFO-   过滤后剩余 4505 只股票(已剔除未上市/已退市)
20260412 16:50:31- INFO-   步骤2: 调用history批量获取数据...
20260412 16:50:31- INFO-   history批量返回 4505 条记录
20260412 16:50:31- INFO-   步骤3: 调用stk_get_daily_mktvalue_pt获取市值数据...
20260412 16:50:31- INFO-   stk_get_daily_mktvalue_pt返回 4505 条记录
20260412 16:50:31- INFO-   步骤4: 合并数据...
20260412 16:50:31- INFO-   数据合并完成,最终返回 4505 条记录, 18 个字段
20260412 16:50:31- INFO- ✓ 2021-08-04 数据获取成功: 4505 条
20260412 16:50:32- INFO- 开始获取 2021-08-05 的掘金全市场数据...
20260412 16:50:32- INFO-   步骤1: 调用get_symbols获取基础信息...
20260412 16:50:33- INFO-   get_symbols返回 4509 条记录
20260412 16:50:33- INFO-   过滤后剩余 4509 只股票(已剔除未上市/已退市)
20260412 16:50:33- INFO-   步骤2: 调用history批量获取数据...
20260412 16:50:33- INFO-   history批量返回 4509 条记录
20260412 16:50:33- INFO-   步骤3: 调用stk_get_daily_mktvalue_pt获取市值数据...
20260412 16:50:33- INFO-   stk_get_daily_mktvalue_pt返回 4509 条记录
20260412 16:50:33- INFO-   步骤4: 合并数据...
20260412 16:50:33- INFO-   数据合并完成,最终返回 4509 条记录, 18 个字段
20260412 16:50:33- INFO- ✓ 2021-08-05 数据获取成功: 4509 条
20260412 16:50:34- INFO- 开始获取 2021-08-06 的掘金全市场数据...
20260412 16:50:34- INFO-   步骤1: 调用get_symbols获取基础信息...
20260412 16:50:34- INFO-   get_symbols返回 4511 条记录
20260412 16:50:34- INFO-   过滤后剩余 4511 只股票(已剔除未上市/已退市)
20260412 16:50:34- INFO-   步骤2: 调用history批量获取数据...
20260412 16:50:34- INFO-   history批量返回 4511 条记录
20260412 16:50:34- INFO-   步骤3: 调用stk_get_daily_mktvalue_pt获取市值数据...
20260412 16:50:35- INFO-   stk_get_daily_mktvalue_pt返回 4511 条记录
20260412 16:50:35- INFO-   步骤4: 合并数据...
20260412 16:50:35- INFO-   数据合并完成,最终返回 4511 条记录, 18 个字段
20260412 16:50:35- INFO- ✓ 2021-08-06 数据获取成功: 4511 条
20260412 16:50:35- INFO- 开始获取 2021-08-09 的掘金全市场数据...
20260412 16:50:35- INFO-   步骤1: 调用get_symbols获取基础信息...
20260412 16:50:36- INFO-   get_symbols返回 4510 条记录
20260412 16:50:36- INFO-   过滤后剩余 4510 只股票(已剔除未上市/已退市)
20260412 16:50:36- INFO-   步骤2: 调用history批量获取数据...
20260412 16:50:36- INFO-   history批量返回 4510 条记录
20260412 16:50:36- INFO-   步骤3: 调用stk_get_daily_mktvalue_pt获取市值数据...
20260412 16:50:37- INFO-   stk_get_daily_mktvalue_pt返回 4510 条记录
20260412 16:50:37- INFO-   步骤4: 合并数据...
20260412 16:50:37- INFO-   数据合并完成,最终返回 4510 条记录, 18 个字段
20260412 16:50:37- INFO- ✓ 2021-08-09 数据获取成功: 4510 条
20260412 16:50:37- INFO- 开始获取 2021-08-10 的掘金全市场数据...
20260412 16:50:37- INFO-   步骤1: 调用get_symbols获取基础信息...
20260412 16:50:38- INFO-   get_symbols返回 4514 条记录
20260412 16:50:38- INFO-   过滤后剩余 4514 只股票(已剔除未上市/已退市)
20260412 16:50:38- INFO-   步骤2: 调用history批量获取数据...
20260412 16:50:38- INFO-   history批量返回 4514 条记录
20260412 16:50:38- INFO-   步骤3: 调用stk_get_daily_mktvalue_pt获取市值数据...
20260412 16:50:39- INFO-   stk_get_daily_mktvalue_pt返回 4514 条记录
20260412 16:50:39- INFO-   步骤4: 合并数据...
20260412 16:50:39- INFO-   数据合并完成,最终返回 4514 条记录, 18 个字段
20260412 16:50:39- INFO- ✓ 2021-08-10 数据获取成功: 4514 条
20260412 16:50:39- INFO- 开始获取 2021-08-11 的掘金全市场数据...
20260412 16:50:39- INFO-   步骤1: 调用get_symbols获取基础信息...
20260412 16:50:40- INFO-   get_symbols返回 4514 条记录
20260412 16:50:40- INFO-   过滤后剩余 4514 只股票(已剔除未上市/已退市)
20260412 16:50:40- INFO-   步骤2: 调用history批量获取数据...
20260412 16:50:40- INFO-   history批量返回 4514 条记录
20260412 16:50:40- INFO-   步骤3: 调用stk_get_daily_mktvalue_pt获取市值数据...
20260412 16:50:41- INFO-   stk_get_daily_mktvalue_pt返回 4514 条记录
20260412 16:50:41- INFO-   步骤4: 合并数据...
20260412 16:50:41- INFO-   数据合并完成,最终返回 4514 条记录, 18 个字段
20260412 16:50:41- INFO- ✓ 2021-08-11 数据获取成功: 4514 条
20260412 16:50:41- INFO- 开始获取 2021-08-12 的掘金全市场数据...
20260412 16:50:41- INFO-   步骤1: 调用get_symbols获取基础信息...
20260412 16:50:42- INFO-   get_symbols返回 4518 条记录
20260412 16:50:42- INFO-   过滤后剩余 4518 只股票(已剔除未上市/已退市)
20260412 16:50:42- INFO-   步骤2: 调用history批量获取数据...
20260412 16:50:42- INFO-   history批量返回 4518 条记录
20260412 16:50:42- INFO-   步骤3: 调用stk_get_daily_mktvalue_pt获取市值数据...
20260412 16:50:43- INFO-   stk_get_daily_mktvalue_pt返回 4518 条记录
20260412 16:50:43- INFO-   步骤4: 合并数据...
20260412 16:50:43- INFO-   数据合并完成,最终返回 4518 条记录, 18 个字段
20260412 16:50:43- INFO- ✓ 2021-08-12 数据获取成功: 4518 条
20260412 16:50:43- INFO- 开始获取 2021-08-13 的掘金全市场数据...
20260412 16:50:43- INFO-   步骤1: 调用get_symbols获取基础信息...
20260412 16:50:44- INFO-   get_symbols返回 4523 条记录
20260412 16:50:44- INFO-   过滤后剩余 4523 只股票(已剔除未上市/已退市)
20260412 16:50:44- INFO-   步骤2: 调用history批量获取数据...
20260412 16:50:44- INFO-   history批量返回 4523 条记录
20260412 16:50:44- INFO-   步骤3: 调用stk_get_daily_mktvalue_pt获取市值数据...
20260412 16:50:44- INFO-   stk_get_daily_mktvalue_pt返回 4523 条记录
20260412 16:50:44- INFO-   步骤4: 合并数据...
20260412 16:50:44- INFO-   数据合并完成,最终返回 4523 条记录, 18 个字段
20260412 16:50:44- INFO- ✓ 2021-08-13 数据获取成功: 4523 条
20260412 16:50:45- INFO- 开始获取 2021-08-16 的掘金全市场数据...
20260412 16:50:45- INFO-   步骤1: 调用get_symbols获取基础信息...
20260412 16:50:46- INFO-   get_symbols返回 4525 条记录
20260412 16:50:46- INFO-   过滤后剩余 4525 只股票(已剔除未上市/已退市)
20260412 16:50:46- INFO-   步骤2: 调用history批量获取数据...
20260412 16:50:46- INFO-   history批量返回 4525 条记录
20260412 16:50:46- INFO-   步骤3: 调用stk_get_daily_mktvalue_pt获取市值数据...
20260412 16:50:46- INFO-   stk_get_daily_mktvalue_pt返回 4525 条记录
20260412 16:50:46- INFO-   步骤4: 合并数据...
20260412 16:50:46- INFO-   数据合并完成,最终返回 4525 条记录, 18 个字段
20260412 16:50:46- INFO- ✓ 2021-08-16 数据获取成功: 4525 条
20260412 16:50:47- INFO- 开始获取 2021-08-17 的掘金全市场数据...
20260412 16:50:47- INFO-   步骤1: 调用get_symbols获取基础信息...
20260412 16:50:47- INFO-   get_symbols返回 4528 条记录
20260412 16:50:47- INFO-   过滤后剩余 4528 只股票(已剔除未上市/已退市)
20260412 16:50:47- INFO-   步骤2: 调用history批量获取数据...
20260412 16:50:48- INFO-   history批量返回 4528 条记录
20260412 16:50:48- INFO-   步骤3: 调用stk_get_daily_mktvalue_pt获取市值数据...
20260412 16:50:48- INFO-   stk_get_daily_mktvalue_pt返回 4528 条记录
20260412 16:50:48- INFO-   步骤4: 合并数据...
20260412 16:50:48- INFO-   数据合并完成,最终返回 4528 条记录, 18 个字段
20260412 16:50:48- INFO- ✓ 2021-08-17 数据获取成功: 4528 条
20260412 16:50:49- INFO- 开始获取 2021-08-18 的掘金全市场数据...
20260412 16:50:49- INFO-   步骤1: 调用get_symbols获取基础信息...
20260412 16:50:49- INFO-   get_symbols返回 4528 条记录
20260412 16:50:49- INFO-   过滤后剩余 4528 只股票(已剔除未上市/已退市)
20260412 16:50:49- INFO-   步骤2: 调用history批量获取数据...
20260412 16:50:49- INFO-   history批量返回 4528 条记录
20260412 16:50:49- INFO-   步骤3: 调用stk_get_daily_mktvalue_pt获取市值数据...
20260412 16:50:50- INFO-   stk_get_daily_mktvalue_pt返回 4528 条记录
20260412 16:50:50- INFO-   步骤4: 合并数据...
20260412 16:50:50- INFO-   数据合并完成,最终返回 4528 条记录, 18 个字段
20260412 16:50:50- INFO- ✓ 2021-08-18 数据获取成功: 4528 条
20260412 16:50:50- INFO- 开始获取 2021-08-19 的掘金全市场数据...
20260412 16:50:50- INFO-   步骤1: 调用get_symbols获取基础信息...
20260412 16:50:51- INFO-   get_symbols返回 4531 条记录
20260412 16:50:51- INFO-   过滤后剩余 4531 只股票(已剔除未上市/已退市)
20260412 16:50:51- INFO-   步骤2: 调用history批量获取数据...
20260412 16:50:51- INFO-   history批量返回 4531 条记录
20260412 16:50:51- INFO-   步骤3: 调用stk_get_daily_mktvalue_pt获取市值数据...
20260412 16:50:51- INFO-   stk_get_daily_mktvalue_pt返回 4531 条记录
20260412 16:50:51- INFO-   步骤4: 合并数据...
20260412 16:50:51- INFO-   数据合并完成,最终返回 4531 条记录, 18 个字段
20260412 16:50:51- INFO- ✓ 2021-08-19 数据获取成功: 4531 条
20260412 16:50:52- INFO- 开始获取 2021-08-20 的掘金全市场数据...
20260412 16:50:52- INFO-   步骤1: 调用get_symbols获取基础信息...
20260412 16:50:53- INFO-   get_symbols返回 4534 条记录
20260412 16:50:53- INFO-   过滤后剩余 4534 只股票(已剔除未上市/已退市)
20260412 16:50:53- INFO-   步骤2: 调用history批量获取数据...
20260412 16:50:53- INFO-   history批量返回 4534 条记录
20260412 16:50:53- INFO-   步骤3: 调用stk_get_daily_mktvalue_pt获取市值数据...
20260412 16:50:53- INFO-   stk_get_daily_mktvalue_pt返回 4534 条记录
20260412 16:50:53- INFO-   步骤4: 合并数据...
20260412 16:50:53- INFO-   数据合并完成,最终返回 4534 条记录, 18 个字段
20260412 16:50:53- INFO- ✓ 2021-08-20 数据获取成功: 4534 条
20260412 16:50:54- INFO- 开始获取 2021-08-23 的掘金全市场数据...
20260412 16:50:54- INFO-   步骤1: 调用get_symbols获取基础信息...
20260412 16:50:54- INFO-   get_symbols返回 4534 条记录
20260412 16:50:54- INFO-   过滤后剩余 4534 只股票(已剔除未上市/已退市)
20260412 16:50:54- INFO-   步骤2: 调用history批量获取数据...
20260412 16:50:55- INFO-   history批量返回 4534 条记录
20260412 16:50:55- INFO-   步骤3: 调用stk_get_daily_mktvalue_pt获取市值数据...
20260412 16:50:55- INFO-   stk_get_daily_mktvalue_pt返回 4534 条记录
20260412 16:50:55- INFO-   步骤4: 合并数据...
20260412 16:50:55- INFO-   数据合并完成,最终返回 4534 条记录, 18 个字段
20260412 16:50:55- INFO- ✓ 2021-08-23 数据获取成功: 4534 条
20260412 16:50:55- INFO- 开始获取 2021-08-24 的掘金全市场数据...
20260412 16:50:55- INFO-   步骤1: 调用get_symbols获取基础信息...
20260412 16:50:56- INFO-   get_symbols返回 4538 条记录
20260412 16:50:56- INFO-   过滤后剩余 4538 只股票(已剔除未上市/已退市)
20260412 16:50:56- INFO-   步骤2: 调用history批量获取数据...
20260412 16:50:56- INFO-   history批量返回 4538 条记录
20260412 16:50:56- INFO-   步骤3: 调用stk_get_daily_mktvalue_pt获取市值数据...
20260412 16:50:57- INFO-   stk_get_daily_mktvalue_pt返回 4538 条记录
20260412 16:50:57- INFO-   步骤4: 合并数据...
20260412 16:50:57- INFO-   数据合并完成,最终返回 4538 条记录, 18 个字段
20260412 16:50:57- INFO- ✓ 2021-08-24 数据获取成功: 4538 条
20260412 16:50:57- INFO- 开始获取 2021-08-25 的掘金全市场数据...
20260412 16:50:57- INFO-   步骤1: 调用get_symbols获取基础信息...
20260412 16:50:58- INFO-   get_symbols返回 4537 条记录
20260412 16:50:58- INFO-   过滤后剩余 4537 只股票(已剔除未上市/已退市)
20260412 16:50:58- INFO-   步骤2: 调用history批量获取数据...
20260412 16:50:58- INFO-   history批量返回 4537 条记录
20260412 16:50:58- INFO-   步骤3: 调用stk_get_daily_mktvalue_pt获取市值数据...
20260412 16:50:58- INFO-   stk_get_daily_mktvalue_pt返回 4537 条记录
20260412 16:50:58- INFO-   步骤4: 合并数据...
20260412 16:50:58- INFO-   数据合并完成,最终返回 4537 条记录, 18 个字段
20260412 16:50:58- INFO- ✓ 2021-08-25 数据获取成功: 4537 条
20260412 16:50:59- INFO- 开始获取 2021-08-26 的掘金全市场数据...
20260412 16:50:59- INFO-   步骤1: 调用get_symbols获取基础信息...
20260412 16:51:00- INFO-   get_symbols返回 4539 条记录
20260412 16:51:00- INFO-   过滤后剩余 4539 只股票(已剔除未上市/已退市)
20260412 16:51:00- INFO-   步骤2: 调用history批量获取数据...
20260412 16:51:00- INFO-   history批量返回 4539 条记录
20260412 16:51:00- INFO-   步骤3: 调用stk_get_daily_mktvalue_pt获取市值数据...
20260412 16:51:00- INFO-   stk_get_daily_mktvalue_pt返回 4539 条记录
20260412 16:51:00- INFO-   步骤4: 合并数据...
20260412 16:51:00- INFO-   数据合并完成,最终返回 4539 条记录, 18 个字段
20260412 16:51:00- INFO- ✓ 2021-08-26 数据获取成功: 4539 条
20260412 16:51:01- INFO- 开始获取 2021-08-27 的掘金全市场数据...
20260412 16:51:01- INFO-   步骤1: 调用get_symbols获取基础信息...
20260412 16:51:01- INFO-   get_symbols返回 4540 条记录
20260412 16:51:01- INFO-   过滤后剩余 4540 只股票(已剔除未上市/已退市)
20260412 16:51:01- INFO-   步骤2: 调用history批量获取数据...
20260412 16:51:01- INFO-   history批量返回 4540 条记录
20260412 16:51:01- INFO-   步骤3: 调用stk_get_daily_mktvalue_pt获取市值数据...
20260412 16:51:02- INFO-   stk_get_daily_mktvalue_pt返回 4540 条记录
20260412 16:51:02- INFO-   步骤4: 合并数据...
20260412 16:51:02- INFO-   数据合并完成,最终返回 4540 条记录, 18 个字段
20260412 16:51:02- INFO- ✓ 2021-08-27 数据获取成功: 4540 条
20260412 16:51:02- INFO- 开始获取 2021-08-30 的掘金全市场数据...
20260412 16:51:02- INFO-   步骤1: 调用get_symbols获取基础信息...
20260412 16:51:03- INFO-   get_symbols返回 4540 条记录
20260412 16:51:03- INFO-   过滤后剩余 4540 只股票(已剔除未上市/已退市)
20260412 16:51:03- INFO-   步骤2: 调用history批量获取数据...
20260412 16:51:03- INFO-   history批量返回 4540 条记录
20260412 16:51:03- INFO-   步骤3: 调用stk_get_daily_mktvalue_pt获取市值数据...
20260412 16:51:04- INFO-   stk_get_daily_mktvalue_pt返回 4540 条记录
20260412 16:51:04- INFO-   步骤4: 合并数据...
20260412 16:51:04- INFO-   数据合并完成,最终返回 4540 条记录, 18 个字段
20260412 16:51:04- INFO- ✓ 2021-08-30 数据获取成功: 4540 条
20260412 16:51:04- INFO- 开始获取 2021-08-31 的掘金全市场数据...
20260412 16:51:04- INFO-   步骤1: 调用get_symbols获取基础信息...
20260412 16:51:05- INFO-   get_symbols返回 4538 条记录
20260412 16:51:05- INFO-   过滤后剩余 4538 只股票(已剔除未上市/已退市)
20260412 16:51:05- INFO-   步骤2: 调用history批量获取数据...
20260412 16:51:05- INFO-   history批量返回 4538 条记录
20260412 16:51:05- INFO-   步骤3: 调用stk_get_daily_mktvalue_pt获取市值数据...
20260412 16:51:05- INFO-   stk_get_daily_mktvalue_pt返回 4538 条记录
20260412 16:51:05- INFO-   步骤4: 合并数据...
20260412 16:51:05- INFO-   数据合并完成,最终返回 4538 条记录, 18 个字段
20260412 16:51:05- INFO- ✓ 2021-08-31 数据获取成功: 4538 条
20260412 16:51:06- INFO- 开始获取 2021-09-01 的掘金全市场数据...
20260412 16:51:06- INFO-   步骤1: 调用get_symbols获取基础信息...
20260412 16:51:06- INFO-   get_symbols返回 4539 条记录
20260412 16:51:06- INFO-   过滤后剩余 4539 只股票(已剔除未上市/已退市)
20260412 16:51:06- INFO-   步骤2: 调用history批量获取数据...
20260412 16:51:07- INFO-   history批量返回 4539 条记录
20260412 16:51:07- INFO-   步骤3: 调用stk_get_daily_mktvalue_pt获取市值数据...
20260412 16:51:07- INFO-   stk_get_daily_mktvalue_pt返回 4539 条记录
20260412 16:51:07- INFO-   步骤4: 合并数据...
20260412 16:51:07- INFO-   数据合并完成,最终返回 4539 条记录, 18 个字段
20260412 16:51:07- INFO- ✓ 2021-09-01 数据获取成功: 4539 条
20260412 16:51:08- INFO- 开始获取 2021-09-02 的掘金全市场数据...
20260412 16:51:08- INFO-   步骤1: 调用get_symbols获取基础信息...
20260412 16:51:08- INFO-   get_symbols返回 4537 条记录
20260412 16:51:08- INFO-   过滤后剩余 4537 只股票(已剔除未上市/已退市)
20260412 16:51:08- INFO-   步骤2: 调用history批量获取数据...
20260412 16:51:09- INFO-   history批量返回 4537 条记录
20260412 16:51:09- INFO-   步骤3: 调用stk_get_daily_mktvalue_pt获取市值数据...
20260412 16:51:09- INFO-   stk_get_daily_mktvalue_pt返回 4537 条记录
20260412 16:51:09- INFO-   步骤4: 合并数据...
20260412 16:51:09- INFO-   数据合并完成,最终返回 4537 条记录, 18 个字段
20260412 16:51:09- INFO- ✓ 2021-09-02 数据获取成功: 4537 条
20260412 16:51:09- INFO- 开始获取 2021-09-03 的掘金全市场数据...
20260412 16:51:09- INFO-   步骤1: 调用get_symbols获取基础信息...
20260412 16:51:10- INFO-   get_symbols返回 4537 条记录
20260412 16:51:10- INFO-   过滤后剩余 4537 只股票(已剔除未上市/已退市)
20260412 16:51:10- INFO-   步骤2: 调用history批量获取数据...
20260412 16:51:10- INFO-   history批量返回 4537 条记录
20260412 16:51:10- INFO-   步骤3: 调用stk_get_daily_mktvalue_pt获取市值数据...
20260412 16:51:11- INFO-   stk_get_daily_mktvalue_pt返回 4537 条记录
20260412 16:51:11- INFO-   步骤4: 合并数据...
20260412 16:51:11- INFO-   数据合并完成,最终返回 4537 条记录, 18 个字段
20260412 16:51:11- INFO- ✓ 2021-09-03 数据获取成功: 4537 条
20260412 16:51:11- INFO- 开始获取 2021-09-06 的掘金全市场数据...
20260412 16:51:11- INFO-   步骤1: 调用get_symbols获取基础信息...
20260412 16:51:12- INFO-   get_symbols返回 4539 条记录
20260412 16:51:12- INFO-   过滤后剩余 4539 只股票(已剔除未上市/已退市)
20260412 16:51:12- INFO-   步骤2: 调用history批量获取数据...
20260412 16:51:12- INFO-   history批量返回 4539 条记录
20260412 16:51:12- INFO-   步骤3: 调用stk_get_daily_mktvalue_pt获取市值数据...
20260412 16:51:12- INFO-   stk_get_daily_mktvalue_pt返回 4539 条记录
20260412 16:51:12- INFO-   步骤4: 合并数据...
20260412 16:51:13- INFO-   数据合并完成,最终返回 4539 条记录, 18 个字段
20260412 16:51:13- INFO- ✓ 2021-09-06 数据获取成功: 4539 条
20260412 16:51:13- INFO- 开始获取 2021-09-07 的掘金全市场数据...
20260412 16:51:13- INFO-   步骤1: 调用get_symbols获取基础信息...
20260412 16:51:14- INFO-   get_symbols返回 4543 条记录
20260412 16:51:14- INFO-   过滤后剩余 4543 只股票(已剔除未上市/已退市)
20260412 16:51:14- INFO-   步骤2: 调用history批量获取数据...
20260412 16:51:14- INFO-   history批量返回 4543 条记录
20260412 16:51:14- INFO-   步骤3: 调用stk_get_daily_mktvalue_pt获取市值数据...
20260412 16:51:14- INFO-   stk_get_daily_mktvalue_pt返回 4543 条记录
20260412 16:51:14- INFO-   步骤4: 合并数据...
20260412 16:51:14- INFO-   数据合并完成,最终返回 4543 条记录, 18 个字段
20260412 16:51:14- INFO- ✓ 2021-09-07 数据获取成功: 4543 条
20260412 16:51:15- INFO- 开始获取 2021-09-08 的掘金全市场数据...
20260412 16:51:15- INFO-   步骤1: 调用get_symbols获取基础信息...
20260412 16:51:16- INFO-   get_symbols返回 4545 条记录
20260412 16:51:16- INFO-   过滤后剩余 4545 只股票(已剔除未上市/已退市)
20260412 16:51:16- INFO-   步骤2: 调用history批量获取数据...
20260412 16:51:16- INFO-   history批量返回 4545 条记录
20260412 16:51:16- INFO-   步骤3: 调用stk_get_daily_mktvalue_pt获取市值数据...
20260412 16:51:16- INFO-   stk_get_daily_mktvalue_pt返回 4545 条记录
20260412 16:51:16- INFO-   步骤4: 合并数据...
20260412 16:51:16- INFO-   数据合并完成,最终返回 4545 条记录, 18 个字段
20260412 16:51:16- INFO- ✓ 2021-09-08 数据获取成功: 4545 条
20260412 16:51:17- INFO- 开始获取 2021-09-09 的掘金全市场数据...
20260412 16:51:17- INFO-   步骤1: 调用get_symbols获取基础信息...
20260412 16:51:17- INFO-   get_symbols返回 4550 条记录
20260412 16:51:17- INFO-   过滤后剩余 4550 只股票(已剔除未上市/已退市)
20260412 16:51:17- INFO-   步骤2: 调用history批量获取数据...
20260412 16:51:18- INFO-   history批量返回 4550 条记录
20260412 16:51:18- INFO-   步骤3: 调用stk_get_daily_mktvalue_pt获取市值数据...
20260412 16:51:18- INFO-   stk_get_daily_mktvalue_pt返回 4550 条记录
20260412 16:51:18- INFO-   步骤4: 合并数据...
20260412 16:51:18- INFO-   数据合并完成,最终返回 4550 条记录, 18 个字段
20260412 16:51:18- INFO- ✓ 2021-09-09 数据获取成功: 4550 条
20260412 16:51:18- INFO- 开始获取 2021-09-10 的掘金全市场数据...
20260412 16:51:18- INFO-   步骤1: 调用get_symbols获取基础信息...
20260412 16:51:19- INFO-   get_symbols返回 4551 条记录
20260412 16:51:19- INFO-   过滤后剩余 4551 只股票(已剔除未上市/已退市)
20260412 16:51:19- INFO-   步骤2: 调用history批量获取数据...
20260412 16:51:19- INFO-   history批量返回 4551 条记录
20260412 16:51:19- INFO-   步骤3: 调用stk_get_daily_mktvalue_pt获取市值数据...
20260412 16:51:20- INFO-   stk_get_daily_mktvalue_pt返回 4551 条记录
20260412 16:51:20- INFO-   步骤4: 合并数据...
20260412 16:51:20- INFO-   数据合并完成,最终返回 4551 条记录, 18 个字段
20260412 16:51:20- INFO- ✓ 2021-09-10 数据获取成功: 4551 条
20260412 16:51:20- INFO- 开始获取 2021-09-13 的掘金全市场数据...
20260412 16:51:20- INFO-   步骤1: 调用get_symbols获取基础信息...
20260412 16:51:21- INFO-   get_symbols返回 4558 条记录
20260412 16:51:21- INFO-   过滤后剩余 4558 只股票(已剔除未上市/已退市)
20260412 16:51:21- INFO-   步骤2: 调用history批量获取数据...
20260412 16:51:21- INFO-   history批量返回 4558 条记录
20260412 16:51:21- INFO-   步骤3: 调用stk_get_daily_mktvalue_pt获取市值数据...
20260412 16:51:21- INFO-   stk_get_daily_mktvalue_pt返回 4558 条记录
20260412 16:51:21- INFO-   步骤4: 合并数据...
20260412 16:51:21- INFO-   数据合并完成,最终返回 4558 条记录, 18 个字段
20260412 16:51:21- INFO- ✓ 2021-09-13 数据获取成功: 4558 条
20260412 16:51:22- INFO- 开始获取 2021-09-14 的掘金全市场数据...
20260412 16:51:22- INFO-   步骤1: 调用get_symbols获取基础信息...
20260412 16:51:23- INFO-   get_symbols返回 4562 条记录
20260412 16:51:23- INFO-   过滤后剩余 4562 只股票(已剔除未上市/已退市)
20260412 16:51:23- INFO-   步骤2: 调用history批量获取数据...
20260412 16:51:23- INFO-   history批量返回 4562 条记录
20260412 16:51:23- INFO-   步骤3: 调用stk_get_daily_mktvalue_pt获取市值数据...
20260412 16:51:23- INFO-   stk_get_daily_mktvalue_pt返回 4562 条记录
20260412 16:51:23- INFO-   步骤4: 合并数据...
20260412 16:51:23- INFO-   数据合并完成,最终返回 4562 条记录, 18 个字段
20260412 16:51:23- INFO- ✓ 2021-09-14 数据获取成功: 4562 条
20260412 16:51:24- INFO- 开始获取 2021-09-15 的掘金全市场数据...
20260412 16:51:24- INFO-   步骤1: 调用get_symbols获取基础信息...
20260412 16:51:25- INFO-   get_symbols返回 4562 条记录
20260412 16:51:25- INFO-   过滤后剩余 4562 只股票(已剔除未上市/已退市)
20260412 16:51:25- INFO-   步骤2: 调用history批量获取数据...
20260412 16:51:25- INFO-   history批量返回 4562 条记录
20260412 16:51:25- INFO-   步骤3: 调用stk_get_daily_mktvalue_pt获取市值数据...
20260412 16:51:25- INFO-   stk_get_daily_mktvalue_pt返回 4562 条记录
20260412 16:51:25- INFO-   步骤4: 合并数据...
20260412 16:51:25- INFO-   数据合并完成,最终返回 4562 条记录, 18 个字段
20260412 16:51:25- INFO- ✓ 2021-09-15 数据获取成功: 4562 条
20260412 16:51:26- INFO- 开始获取 2021-09-16 的掘金全市场数据...
20260412 16:51:26- INFO-   步骤1: 调用get_symbols获取基础信息...
20260412 16:51:26- INFO-   get_symbols返回 4562 条记录
20260412 16:51:26- INFO-   过滤后剩余 4562 只股票(已剔除未上市/已退市)
20260412 16:51:26- INFO-   步骤2: 调用history批量获取数据...
20260412 16:51:27- INFO-   history批量返回 4562 条记录
20260412 16:51:27- INFO-   步骤3: 调用stk_get_daily_mktvalue_pt获取市值数据...
20260412 16:51:27- INFO-   stk_get_daily_mktvalue_pt返回 4562 条记录
20260412 16:51:27- INFO-   步骤4: 合并数据...
20260412 16:51:27- INFO-   数据合并完成,最终返回 4562 条记录, 18 个字段
20260412 16:51:27- INFO- ✓ 2021-09-16 数据获取成功: 4562 条
20260412 16:51:27- INFO- 开始获取 2021-09-17 的掘金全市场数据...
20260412 16:51:27- INFO-   步骤1: 调用get_symbols获取基础信息...
20260412 16:51:28- INFO-   get_symbols返回 4563 条记录
20260412 16:51:28- INFO-   过滤后剩余 4563 只股票(已剔除未上市/已退市)
20260412 16:51:28- INFO-   步骤2: 调用history批量获取数据...
20260412 16:51:28- INFO-   history批量返回 4563 条记录
20260412 16:51:28- INFO-   步骤3: 调用stk_get_daily_mktvalue_pt获取市值数据...
20260412 16:51:29- INFO-   stk_get_daily_mktvalue_pt返回 4563 条记录
20260412 16:51:29- INFO-   步骤4: 合并数据...
20260412 16:51:29- INFO-   数据合并完成,最终返回 4563 条记录, 18 个字段
20260412 16:51:29- INFO- ✓ 2021-09-17 数据获取成功: 4563 条
20260412 16:51:29- INFO- 开始获取 2021-09-20 的掘金全市场数据...
20260412 16:51:29- INFO-   步骤1: 调用get_symbols获取基础信息...
20260412 16:51:29- WARNING- 2021-09-20 get_symbols返回空数据
20260412 16:51:29- WARNING- ✗ 2021-09-20 无数据
20260412 16:51:30- INFO- 开始获取 2021-09-21 的掘金全市场数据...
20260412 16:51:30- INFO-   步骤1: 调用get_symbols获取基础信息...
20260412 16:51:30- WARNING- 2021-09-21 get_symbols返回空数据
20260412 16:51:30- WARNING- ✗ 2021-09-21 无数据
20260412 16:51:31- INFO- 开始获取 2021-09-22 的掘金全市场数据...
20260412 16:51:31- INFO-   步骤1: 调用get_symbols获取基础信息...
20260412 16:51:31- INFO-   get_symbols返回 4560 条记录
20260412 16:51:31- INFO-   过滤后剩余 4560 只股票(已剔除未上市/已退市)
20260412 16:51:31- INFO-   步骤2: 调用history批量获取数据...
20260412 16:51:31- INFO-   history批量返回 4560 条记录
20260412 16:51:31- INFO-   步骤3: 调用stk_get_daily_mktvalue_pt获取市值数据...
20260412 16:51:32- INFO-   stk_get_daily_mktvalue_pt返回 4560 条记录
20260412 16:51:32- INFO-   步骤4: 合并数据...
20260412 16:51:32- INFO-   数据合并完成,最终返回 4560 条记录, 18 个字段
20260412 16:51:32- INFO- ✓ 2021-09-22 数据获取成功: 4560 条
20260412 16:51:32- INFO- 开始获取 2021-09-23 的掘金全市场数据...
20260412 16:51:32- INFO-   步骤1: 调用get_symbols获取基础信息...
20260412 16:51:33- INFO-   get_symbols返回 4560 条记录
20260412 16:51:33- INFO-   过滤后剩余 4560 只股票(已剔除未上市/已退市)
20260412 16:51:33- INFO-   步骤2: 调用history批量获取数据...
20260412 16:51:33- INFO-   history批量返回 4560 条记录
20260412 16:51:33- INFO-   步骤3: 调用stk_get_daily_mktvalue_pt获取市值数据...
20260412 16:51:34- INFO-   stk_get_daily_mktvalue_pt返回 4560 条记录
20260412 16:51:34- INFO-   步骤4: 合并数据...
20260412 16:51:34- INFO-   数据合并完成,最终返回 4560 条记录, 18 个字段
20260412 16:51:34- INFO- ✓ 2021-09-23 数据获取成功: 4560 条
20260412 16:51:34- INFO- 开始获取 2021-09-24 的掘金全市场数据...
20260412 16:51:34- INFO-   步骤1: 调用get_symbols获取基础信息...
20260412 16:51:35- INFO-   get_symbols返回 4561 条记录
20260412 16:51:35- INFO-   过滤后剩余 4561 只股票(已剔除未上市/已退市)
20260412 16:51:35- INFO-   步骤2: 调用history批量获取数据...
20260412 16:51:35- INFO-   history批量返回 4561 条记录
20260412 16:51:35- INFO-   步骤3: 调用stk_get_daily_mktvalue_pt获取市值数据...
20260412 16:51:35- INFO-   stk_get_daily_mktvalue_pt返回 4561 条记录
20260412 16:51:35- INFO-   步骤4: 合并数据...
20260412 16:51:35- INFO-   数据合并完成,最终返回 4561 条记录, 18 个字段
20260412 16:51:35- INFO- ✓ 2021-09-24 数据获取成功: 4561 条
20260412 16:51:36- INFO- 开始获取 2021-09-27 的掘金全市场数据...
20260412 16:51:36- INFO-   步骤1: 调用get_symbols获取基础信息...
20260412 16:51:36- INFO-   get_symbols返回 4558 条记录
20260412 16:51:36- INFO-   过滤后剩余 4558 只股票(已剔除未上市/已退市)
20260412 16:51:36- INFO-   步骤2: 调用history批量获取数据...
20260412 16:51:37- INFO-   history批量返回 4558 条记录
20260412 16:51:37- INFO-   步骤3: 调用stk_get_daily_mktvalue_pt获取市值数据...
20260412 16:51:37- INFO-   stk_get_daily_mktvalue_pt返回 4558 条记录
20260412 16:51:37- INFO-   步骤4: 合并数据...
20260412 16:51:37- INFO-   数据合并完成,最终返回 4558 条记录, 18 个字段
20260412 16:51:37- INFO- ✓ 2021-09-27 数据获取成功: 4558 条
20260412 16:51:38- INFO- 开始获取 2021-09-28 的掘金全市场数据...
20260412 16:51:38- INFO-   步骤1: 调用get_symbols获取基础信息...
20260412 16:51:38- INFO-   get_symbols返回 4563 条记录
20260412 16:51:38- INFO-   过滤后剩余 4563 只股票(已剔除未上市/已退市)
20260412 16:51:38- INFO-   步骤2: 调用history批量获取数据...
20260412 16:51:38- INFO-   history批量返回 4563 条记录
20260412 16:51:38- INFO-   步骤3: 调用stk_get_daily_mktvalue_pt获取市值数据...
20260412 16:51:39- INFO-   stk_get_daily_mktvalue_pt返回 4563 条记录
20260412 16:51:39- INFO-   步骤4: 合并数据...
20260412 16:51:39- INFO-   数据合并完成,最终返回 4563 条记录, 18 个字段
20260412 16:51:39- INFO- ✓ 2021-09-28 数据获取成功: 4563 条
20260412 16:51:39- INFO- 开始获取 2021-09-29 的掘金全市场数据...
20260412 16:51:39- INFO-   步骤1: 调用get_symbols获取基础信息...
20260412 16:51:40- INFO-   get_symbols返回 4568 条记录
20260412 16:51:40- INFO-   过滤后剩余 4568 只股票(已剔除未上市/已退市)
20260412 16:51:40- INFO-   步骤2: 调用history批量获取数据...
20260412 16:51:40- INFO-   history批量返回 4568 条记录
20260412 16:51:40- INFO-   步骤3: 调用stk_get_daily_mktvalue_pt获取市值数据...
20260412 16:51:41- INFO-   stk_get_daily_mktvalue_pt返回 4568 条记录
20260412 16:51:41- INFO-   步骤4: 合并数据...
20260412 16:51:41- INFO-   数据合并完成,最终返回 4568 条记录, 18 个字段
20260412 16:51:41- INFO- ✓ 2021-09-29 数据获取成功: 4568 条
20260412 16:51:41- INFO- 开始获取 2021-09-30 的掘金全市场数据...
20260412 16:51:41- INFO-   步骤1: 调用get_symbols获取基础信息...
20260412 16:51:42- INFO-   get_symbols返回 4570 条记录
20260412 16:51:42- INFO-   过滤后剩余 4570 只股票(已剔除未上市/已退市)
20260412 16:51:42- INFO-   步骤2: 调用history批量获取数据...
20260412 16:51:42- INFO-   history批量返回 4570 条记录
20260412 16:51:42- INFO-   步骤3: 调用stk_get_daily_mktvalue_pt获取市值数据...
20260412 16:51:42- INFO-   stk_get_daily_mktvalue_pt返回 4570 条记录
20260412 16:51:42- INFO-   步骤4: 合并数据...
20260412 16:51:42- INFO-   数据合并完成,最终返回 4570 条记录, 18 个字段
20260412 16:51:42- INFO- ✓ 2021-09-30 数据获取成功: 4570 条
20260412 16:51:43- INFO- 开始获取 2021-10-01 的掘金全市场数据...
20260412 16:51:43- INFO-   步骤1: 调用get_symbols获取基础信息...
20260412 16:51:43- WARNING- 2021-10-01 get_symbols返回空数据
20260412 16:51:43- WARNING- ✗ 2021-10-01 无数据
20260412 16:51:43- INFO- 开始获取 2021-10-04 的掘金全市场数据...
20260412 16:51:43- INFO-   步骤1: 调用get_symbols获取基础信息...
20260412 16:51:44- WARNING- 2021-10-04 get_symbols返回空数据
20260412 16:51:44- WARNING- ✗ 2021-10-04 无数据
20260412 16:51:44- INFO- 开始获取 2021-10-05 的掘金全市场数据...
20260412 16:51:44- INFO-   步骤1: 调用get_symbols获取基础信息...
20260412 16:51:44- WARNING- 2021-10-05 get_symbols返回空数据
20260412 16:51:44- WARNING- ✗ 2021-10-05 无数据
20260412 16:51:45- INFO- 开始获取 2021-10-06 的掘金全市场数据...
20260412 16:51:45- INFO-   步骤1: 调用get_symbols获取基础信息...
20260412 16:51:45- WARNING- 2021-10-06 get_symbols返回空数据
20260412 16:51:45- WARNING- ✗ 2021-10-06 无数据
20260412 16:51:46- INFO- 开始获取 2021-10-07 的掘金全市场数据...
20260412 16:51:46- INFO-   步骤1: 调用get_symbols获取基础信息...
20260412 16:51:46- WARNING- 2021-10-07 get_symbols返回空数据
20260412 16:51:46- WARNING- ✗ 2021-10-07 无数据
20260412 16:51:46- INFO- 开始获取 2021-10-08 的掘金全市场数据...
20260412 16:51:46- INFO-   步骤1: 调用get_symbols获取基础信息...
20260412 16:51:47- INFO-   get_symbols返回 4572 条记录
20260412 16:51:47- INFO-   过滤后剩余 4572 只股票(已剔除未上市/已退市)
20260412 16:51:47- INFO-   步骤2: 调用history批量获取数据...
20260412 16:51:47- INFO-   history批量返回 4572 条记录
20260412 16:51:47- INFO-   步骤3: 调用stk_get_daily_mktvalue_pt获取市值数据...
20260412 16:51:48- INFO-   stk_get_daily_mktvalue_pt返回 4572 条记录
20260412 16:51:48- INFO-   步骤4: 合并数据...
20260412 16:51:48- INFO-   数据合并完成,最终返回 4572 条记录, 18 个字段
20260412 16:51:48- INFO- ✓ 2021-10-08 数据获取成功: 4572 条
20260412 16:51:48- INFO- 开始获取 2021-10-11 的掘金全市场数据...
20260412 16:51:48- INFO-   步骤1: 调用get_symbols获取基础信息...
20260412 16:51:49- INFO-   get_symbols返回 4573 条记录
20260412 16:51:49- INFO-   过滤后剩余 4573 只股票(已剔除未上市/已退市)
20260412 16:51:49- INFO-   步骤2: 调用history批量获取数据...
20260412 16:51:49- INFO-   history批量返回 4573 条记录
20260412 16:51:49- INFO-   步骤3: 调用stk_get_daily_mktvalue_pt获取市值数据...
20260412 16:51:49- INFO-   stk_get_daily_mktvalue_pt返回 4573 条记录
20260412 16:51:49- INFO-   步骤4: 合并数据...
20260412 16:51:49- INFO-   数据合并完成,最终返回 4573 条记录, 18 个字段
20260412 16:51:49- INFO- ✓ 2021-10-11 数据获取成功: 4573 条
20260412 16:51:50- INFO- 开始获取 2021-10-12 的掘金全市场数据...
20260412 16:51:50- INFO-   步骤1: 调用get_symbols获取基础信息...
20260412 16:51:51- INFO-   get_symbols返回 4576 条记录
20260412 16:51:51- INFO-   过滤后剩余 4576 只股票(已剔除未上市/已退市)
20260412 16:51:51- INFO-   步骤2: 调用history批量获取数据...
20260412 16:51:51- INFO-   history批量返回 4576 条记录
20260412 16:51:51- INFO-   步骤3: 调用stk_get_daily_mktvalue_pt获取市值数据...
20260412 16:51:51- INFO-   stk_get_daily_mktvalue_pt返回 4576 条记录
20260412 16:51:51- INFO-   步骤4: 合并数据...
20260412 16:51:51- INFO-   数据合并完成,最终返回 4576 条记录, 18 个字段
20260412 16:51:51- INFO- ✓ 2021-10-12 数据获取成功: 4576 条
20260412 16:51:52- INFO- 开始获取 2021-10-13 的掘金全市场数据...
20260412 16:51:52- INFO-   步骤1: 调用get_symbols获取基础信息...
20260412 16:51:52- INFO-   get_symbols返回 4577 条记录
20260412 16:51:52- INFO-   过滤后剩余 4577 只股票(已剔除未上市/已退市)
20260412 16:51:52- INFO-   步骤2: 调用history批量获取数据...
20260412 16:51:53- INFO-   history批量返回 4577 条记录
20260412 16:51:53- INFO-   步骤3: 调用stk_get_daily_mktvalue_pt获取市值数据...
20260412 16:51:53- INFO-   stk_get_daily_mktvalue_pt返回 4577 条记录
20260412 16:51:53- INFO-   步骤4: 合并数据...
20260412 16:51:53- INFO-   数据合并完成,最终返回 4577 条记录, 18 个字段
20260412 16:51:53- INFO- ✓ 2021-10-13 数据获取成功: 4577 条
20260412 16:51:53- INFO- 开始获取 2021-10-14 的掘金全市场数据...
20260412 16:51:53- INFO-   步骤1: 调用get_symbols获取基础信息...
20260412 16:51:54- INFO-   get_symbols返回 4578 条记录
20260412 16:51:54- INFO-   过滤后剩余 4578 只股票(已剔除未上市/已退市)
20260412 16:51:54- INFO-   步骤2: 调用history批量获取数据...
20260412 16:51:54- INFO-   history批量返回 4578 条记录
20260412 16:51:54- INFO-   步骤3: 调用stk_get_daily_mktvalue_pt获取市值数据...
20260412 16:51:55- INFO-   stk_get_daily_mktvalue_pt返回 4578 条记录
20260412 16:51:55- INFO-   步骤4: 合并数据...
20260412 16:51:55- INFO-   数据合并完成,最终返回 4578 条记录, 18 个字段
20260412 16:51:55- INFO- ✓ 2021-10-14 数据获取成功: 4578 条
20260412 16:51:55- INFO- 开始获取 2021-10-15 的掘金全市场数据...
20260412 16:51:55- INFO-   步骤1: 调用get_symbols获取基础信息...
20260412 16:51:56- INFO-   get_symbols返回 4580 条记录
20260412 16:51:56- INFO-   过滤后剩余 4580 只股票(已剔除未上市/已退市)
20260412 16:51:56- INFO-   步骤2: 调用history批量获取数据...
20260412 16:51:56- INFO-   history批量返回 4580 条记录
20260412 16:51:56- INFO-   步骤3: 调用stk_get_daily_mktvalue_pt获取市值数据...
20260412 16:51:56- INFO-   stk_get_daily_mktvalue_pt返回 4580 条记录
20260412 16:51:56- INFO-   步骤4: 合并数据...
20260412 16:51:56- INFO-   数据合并完成,最终返回 4580 条记录, 18 个字段
20260412 16:51:56- INFO- ✓ 2021-10-15 数据获取成功: 4580 条
20260412 16:51:57- INFO- 开始获取 2021-10-18 的掘金全市场数据...
20260412 16:51:57- INFO-   步骤1: 调用get_symbols获取基础信息...
20260412 16:51:57- INFO-   get_symbols返回 4585 条记录
20260412 16:51:57- INFO-   过滤后剩余 4585 只股票(已剔除未上市/已退市)
20260412 16:51:57- INFO-   步骤2: 调用history批量获取数据...
20260412 16:51:58- INFO-   history批量返回 4585 条记录
20260412 16:51:58- INFO-   步骤3: 调用stk_get_daily_mktvalue_pt获取市值数据...
20260412 16:51:58- INFO-   stk_get_daily_mktvalue_pt返回 4585 条记录
20260412 16:51:58- INFO-   步骤4: 合并数据...
20260412 16:51:58- INFO-   数据合并完成,最终返回 4585 条记录, 18 个字段
20260412 16:51:58- INFO- ✓ 2021-10-18 数据获取成功: 4585 条
20260412 16:51:59- INFO- 开始获取 2021-10-19 的掘金全市场数据...
20260412 16:51:59- INFO-   步骤1: 调用get_symbols获取基础信息...
20260412 16:51:59- INFO-   get_symbols返回 4587 条记录
20260412 16:51:59- INFO-   过滤后剩余 4587 只股票(已剔除未上市/已退市)
20260412 16:51:59- INFO-   步骤2: 调用history批量获取数据...
20260412 16:52:00- INFO-   history批量返回 4587 条记录
20260412 16:52:00- INFO-   步骤3: 调用stk_get_daily_mktvalue_pt获取市值数据...
20260412 16:52:00- INFO-   stk_get_daily_mktvalue_pt返回 4587 条记录
20260412 16:52:00- INFO-   步骤4: 合并数据...
20260412 16:52:00- INFO-   数据合并完成,最终返回 4587 条记录, 18 个字段
20260412 16:52:00- INFO- ✓ 2021-10-19 数据获取成功: 4587 条
20260412 16:52:01- INFO- 开始获取 2021-10-20 的掘金全市场数据...
20260412 16:52:01- INFO-   步骤1: 调用get_symbols获取基础信息...
20260412 16:52:01- INFO-   get_symbols返回 4589 条记录
20260412 16:52:01- INFO-   过滤后剩余 4589 只股票(已剔除未上市/已退市)
20260412 16:52:01- INFO-   步骤2: 调用history批量获取数据...
20260412 16:52:02- INFO-   history批量返回 4589 条记录
20260412 16:52:02- INFO-   步骤3: 调用stk_get_daily_mktvalue_pt获取市值数据...
20260412 16:52:02- INFO-   stk_get_daily_mktvalue_pt返回 4589 条记录
20260412 16:52:02- INFO-   步骤4: 合并数据...
20260412 16:52:02- INFO-   数据合并完成,最终返回 4589 条记录, 18 个字段
20260412 16:52:02- INFO- ✓ 2021-10-20 数据获取成功: 4589 条
20260412 16:52:02- INFO- 开始获取 2021-10-21 的掘金全市场数据...
20260412 16:52:02- INFO-   步骤1: 调用get_symbols获取基础信息...
20260412 16:52:03- INFO-   get_symbols返回 4593 条记录
20260412 16:52:03- INFO-   过滤后剩余 4593 只股票(已剔除未上市/已退市)
20260412 16:52:03- INFO-   步骤2: 调用history批量获取数据...
20260412 16:52:03- INFO-   history批量返回 4593 条记录
20260412 16:52:03- INFO-   步骤3: 调用stk_get_daily_mktvalue_pt获取市值数据...
20260412 16:52:04- INFO-   stk_get_daily_mktvalue_pt返回 4593 条记录
20260412 16:52:04- INFO-   步骤4: 合并数据...
20260412 16:52:04- INFO-   数据合并完成,最终返回 4593 条记录, 18 个字段
20260412 16:52:04- INFO- ✓ 2021-10-21 数据获取成功: 4593 条
20260412 16:52:04- INFO- 开始获取 2021-10-22 的掘金全市场数据...
20260412 16:52:04- INFO-   步骤1: 调用get_symbols获取基础信息...
20260412 16:52:05- INFO-   get_symbols返回 4594 条记录
20260412 16:52:05- INFO-   过滤后剩余 4594 只股票(已剔除未上市/已退市)
20260412 16:52:05- INFO-   步骤2: 调用history批量获取数据...
20260412 16:52:05- INFO-   history批量返回 4594 条记录
20260412 16:52:05- INFO-   步骤3: 调用stk_get_daily_mktvalue_pt获取市值数据...
20260412 16:52:05- INFO-   stk_get_daily_mktvalue_pt返回 4594 条记录
20260412 16:52:05- INFO-   步骤4: 合并数据...
20260412 16:52:06- INFO-   数据合并完成,最终返回 4594 条记录, 18 个字段
20260412 16:52:06- INFO- ✓ 2021-10-22 数据获取成功: 4594 条
20260412 16:52:06- INFO- 开始获取 2021-10-25 的掘金全市场数据...
20260412 16:52:06- INFO-   步骤1: 调用get_symbols获取基础信息...
20260412 16:52:07- INFO-   get_symbols返回 4594 条记录
20260412 16:52:07- INFO-   过滤后剩余 4594 只股票(已剔除未上市/已退市)
20260412 16:52:07- INFO-   步骤2: 调用history批量获取数据...
20260412 16:52:07- INFO-   history批量返回 4594 条记录
20260412 16:52:07- INFO-   步骤3: 调用stk_get_daily_mktvalue_pt获取市值数据...
20260412 16:52:07- INFO-   stk_get_daily_mktvalue_pt返回 4594 条记录
20260412 16:52:07- INFO-   步骤4: 合并数据...
20260412 16:52:07- INFO-   数据合并完成,最终返回 4594 条记录, 18 个字段
20260412 16:52:07- INFO- ✓ 2021-10-25 数据获取成功: 4594 条
20260412 16:52:08- INFO- 开始获取 2021-10-26 的掘金全市场数据...
20260412 16:52:08- INFO-   步骤1: 调用get_symbols获取基础信息...
20260412 16:52:08- INFO-   get_symbols返回 4597 条记录
20260412 16:52:08- INFO-   过滤后剩余 4597 只股票(已剔除未上市/已退市)
20260412 16:52:08- INFO-   步骤2: 调用history批量获取数据...
20260412 16:52:09- INFO-   history批量返回 4597 条记录
20260412 16:52:09- INFO-   步骤3: 调用stk_get_daily_mktvalue_pt获取市值数据...
20260412 16:52:09- INFO-   stk_get_daily_mktvalue_pt返回 4597 条记录
20260412 16:52:09- INFO-   步骤4: 合并数据...
20260412 16:52:09- INFO-   数据合并完成,最终返回 4597 条记录, 18 个字段
20260412 16:52:09- INFO- ✓ 2021-10-26 数据获取成功: 4597 条
20260412 16:52:10- INFO- 开始获取 2021-10-27 的掘金全市场数据...
20260412 16:52:10- INFO-   步骤1: 调用get_symbols获取基础信息...
20260412 16:52:10- INFO-   get_symbols返回 4603 条记录
20260412 16:52:10- INFO-   过滤后剩余 4603 只股票(已剔除未上市/已退市)
20260412 16:52:10- INFO-   步骤2: 调用history批量获取数据...
20260412 16:52:11- INFO-   history批量返回 4603 条记录
20260412 16:52:11- INFO-   步骤3: 调用stk_get_daily_mktvalue_pt获取市值数据...
20260412 16:52:11- INFO-   stk_get_daily_mktvalue_pt返回 4603 条记录
20260412 16:52:11- INFO-   步骤4: 合并数据...
20260412 16:52:11- INFO-   数据合并完成,最终返回 4603 条记录, 18 个字段
20260412 16:52:11- INFO- ✓ 2021-10-27 数据获取成功: 4603 条
20260412 16:52:12- INFO- 开始获取 2021-10-28 的掘金全市场数据...
20260412 16:52:12- INFO-   步骤1: 调用get_symbols获取基础信息...
20260412 16:52:12- INFO-   get_symbols返回 4609 条记录
20260412 16:52:12- INFO-   过滤后剩余 4609 只股票(已剔除未上市/已退市)
20260412 16:52:12- INFO-   步骤2: 调用history批量获取数据...
20260412 16:52:12- INFO-   history批量返回 4609 条记录
20260412 16:52:12- INFO-   步骤3: 调用stk_get_daily_mktvalue_pt获取市值数据...
20260412 16:52:13- INFO-   stk_get_daily_mktvalue_pt返回 4609 条记录
20260412 16:52:13- INFO-   步骤4: 合并数据...
20260412 16:52:13- INFO-   数据合并完成,最终返回 4609 条记录, 18 个字段
20260412 16:52:13- INFO- ✓ 2021-10-28 数据获取成功: 4609 条
20260412 16:52:13- INFO- 开始获取 2021-10-29 的掘金全市场数据...
20260412 16:52:13- INFO-   步骤1: 调用get_symbols获取基础信息...
20260412 16:52:14- INFO-   get_symbols返回 4610 条记录
20260412 16:52:14- INFO-   过滤后剩余 4610 只股票(已剔除未上市/已退市)
20260412 16:52:14- INFO-   步骤2: 调用history批量获取数据...
20260412 16:52:14- INFO-   history批量返回 4610 条记录
20260412 16:52:14- INFO-   步骤3: 调用stk_get_daily_mktvalue_pt获取市值数据...
20260412 16:52:15- INFO-   stk_get_daily_mktvalue_pt返回 4610 条记录
20260412 16:52:15- INFO-   步骤4: 合并数据...
20260412 16:52:15- INFO-   数据合并完成,最终返回 4610 条记录, 18 个字段
20260412 16:52:15- INFO- ✓ 2021-10-29 数据获取成功: 4610 条
20260412 16:52:15- INFO- 开始获取 2021-11-01 的掘金全市场数据...
20260412 16:52:15- INFO-   步骤1: 调用get_symbols获取基础信息...
20260412 16:52:16- INFO-   get_symbols返回 4610 条记录
20260412 16:52:16- INFO-   过滤后剩余 4610 只股票(已剔除未上市/已退市)
20260412 16:52:16- INFO-   步骤2: 调用history批量获取数据...
20260412 16:52:16- INFO-   history批量返回 4610 条记录
20260412 16:52:16- INFO-   步骤3: 调用stk_get_daily_mktvalue_pt获取市值数据...
20260412 16:52:17- INFO-   stk_get_daily_mktvalue_pt返回 4610 条记录
20260412 16:52:17- INFO-   步骤4: 合并数据...
20260412 16:52:17- INFO-   数据合并完成,最终返回 4610 条记录, 18 个字段
20260412 16:52:17- INFO- ✓ 2021-11-01 数据获取成功: 4610 条
20260412 16:52:17- INFO- 开始获取 2021-11-02 的掘金全市场数据...
20260412 16:52:17- INFO-   步骤1: 调用get_symbols获取基础信息...
20260412 16:52:18- INFO-   get_symbols返回 4614 条记录
20260412 16:52:18- INFO-   过滤后剩余 4614 只股票(已剔除未上市/已退市)
20260412 16:52:18- INFO-   步骤2: 调用history批量获取数据...
20260412 16:52:18- INFO-   history批量返回 4614 条记录
20260412 16:52:18- INFO-   步骤3: 调用stk_get_daily_mktvalue_pt获取市值数据...
20260412 16:52:18- INFO-   stk_get_daily_mktvalue_pt返回 4614 条记录
20260412 16:52:18- INFO-   步骤4: 合并数据...
20260412 16:52:18- INFO-   数据合并完成,最终返回 4614 条记录, 18 个字段
20260412 16:52:18- INFO- ✓ 2021-11-02 数据获取成功: 4614 条
20260412 16:52:19- INFO- 开始获取 2021-11-03 的掘金全市场数据...
20260412 16:52:19- INFO-   步骤1: 调用get_symbols获取基础信息...
20260412 16:52:20- INFO-   get_symbols返回 4614 条记录
20260412 16:52:20- INFO-   过滤后剩余 4614 只股票(已剔除未上市/已退市)
20260412 16:52:20- INFO-   步骤2: 调用history批量获取数据...
20260412 16:52:20- INFO-   history批量返回 4614 条记录
20260412 16:52:20- INFO-   步骤3: 调用stk_get_daily_mktvalue_pt获取市值数据...
20260412 16:54:15- INFO-   stk_get_daily_mktvalue_pt返回 4614 条记录
20260412 16:54:15- INFO-   步骤4: 合并数据...
20260412 16:54:16- INFO-   数据合并完成,最终返回 4614 条记录, 18 个字段
20260412 16:54:16- INFO- ✓ 2021-11-03 数据获取成功: 4614 条
20260412 16:54:16- INFO- 开始获取 2021-11-04 的掘金全市场数据...
20260412 16:54:16- INFO-   步骤1: 调用get_symbols获取基础信息...
20260412 16:54:17- INFO-   get_symbols返回 4615 条记录
20260412 16:54:17- INFO-   过滤后剩余 4615 只股票(已剔除未上市/已退市)
20260412 16:54:17- INFO-   步骤2: 调用history批量获取数据...
20260412 16:54:17- INFO-   history批量返回 4615 条记录
20260412 16:54:17- INFO-   步骤3: 调用stk_get_daily_mktvalue_pt获取市值数据...
20260412 16:54:17- INFO-   stk_get_daily_mktvalue_pt返回 4615 条记录
20260412 16:54:17- INFO-   步骤4: 合并数据...
20260412 16:54:17- INFO-   数据合并完成,最终返回 4615 条记录, 18 个字段
20260412 16:54:17- INFO- ✓ 2021-11-04 数据获取成功: 4615 条
20260412 16:54:18- INFO- 开始获取 2021-11-05 的掘金全市场数据...
20260412 16:54:18- INFO-   步骤1: 调用get_symbols获取基础信息...
20260412 16:54:18- INFO-   get_symbols返回 4615 条记录
20260412 16:54:18- INFO-   过滤后剩余 4615 只股票(已剔除未上市/已退市)
20260412 16:54:18- INFO-   步骤2: 调用history批量获取数据...
20260412 16:54:19- INFO-   history批量返回 4615 条记录
20260412 16:54:19- INFO-   步骤3: 调用stk_get_daily_mktvalue_pt获取市值数据...
20260412 16:54:19- INFO-   stk_get_daily_mktvalue_pt返回 4615 条记录
20260412 16:54:19- INFO-   步骤4: 合并数据...
20260412 16:54:19- INFO-   数据合并完成,最终返回 4615 条记录, 18 个字段
20260412 16:54:19- INFO- ✓ 2021-11-05 数据获取成功: 4615 条
20260412 16:54:19- INFO- 开始获取 2021-11-08 的掘金全市场数据...
20260412 16:54:19- INFO-   步骤1: 调用get_symbols获取基础信息...
20260412 16:54:20- INFO-   get_symbols返回 4615 条记录
20260412 16:54:20- INFO-   过滤后剩余 4615 只股票(已剔除未上市/已退市)
20260412 16:54:20- INFO-   步骤2: 调用history批量获取数据...
20260412 16:54:20- INFO-   history批量返回 4615 条记录
20260412 16:54:20- INFO-   步骤3: 调用stk_get_daily_mktvalue_pt获取市值数据...
20260412 16:54:21- INFO-   stk_get_daily_mktvalue_pt返回 4615 条记录
20260412 16:54:21- INFO-   步骤4: 合并数据...
20260412 16:54:21- INFO-   数据合并完成,最终返回 4615 条记录, 18 个字段
20260412 16:54:21- INFO- ✓ 2021-11-08 数据获取成功: 4615 条
20260412 16:54:21- INFO- 开始获取 2021-11-09 的掘金全市场数据...
20260412 16:54:21- INFO-   步骤1: 调用get_symbols获取基础信息...
20260412 16:54:22- INFO-   get_symbols返回 4612 条记录
20260412 16:54:22- INFO-   过滤后剩余 4612 只股票(已剔除未上市/已退市)
20260412 16:54:22- INFO-   步骤2: 调用history批量获取数据...
20260412 16:54:22- INFO-   history批量返回 4612 条记录
20260412 16:54:22- INFO-   步骤3: 调用stk_get_daily_mktvalue_pt获取市值数据...
20260412 16:54:23- INFO-   stk_get_daily_mktvalue_pt返回 4612 条记录
20260412 16:54:23- INFO-   步骤4: 合并数据...
20260412 16:54:23- INFO-   数据合并完成,最终返回 4612 条记录, 18 个字段
20260412 16:54:23- INFO- ✓ 2021-11-09 数据获取成功: 4612 条
20260412 16:54:23- INFO- 开始获取 2021-11-10 的掘金全市场数据...
20260412 16:54:23- INFO-   步骤1: 调用get_symbols获取基础信息...
20260412 16:54:24- INFO-   get_symbols返回 4615 条记录
20260412 16:54:24- INFO-   过滤后剩余 4615 只股票(已剔除未上市/已退市)
20260412 16:54:24- INFO-   步骤2: 调用history批量获取数据...
20260412 16:54:24- INFO-   history批量返回 4615 条记录
20260412 16:54:24- INFO-   步骤3: 调用stk_get_daily_mktvalue_pt获取市值数据...
20260412 16:54:24- INFO-   stk_get_daily_mktvalue_pt返回 4615 条记录
20260412 16:54:24- INFO-   步骤4: 合并数据...
20260412 16:54:24- INFO-   数据合并完成,最终返回 4615 条记录, 18 个字段
20260412 16:54:24- INFO- ✓ 2021-11-10 数据获取成功: 4615 条
20260412 16:54:25- INFO- 开始获取 2021-11-11 的掘金全市场数据...
20260412 16:54:25- INFO-   步骤1: 调用get_symbols获取基础信息...
20260412 16:54:25- INFO-   get_symbols返回 4614 条记录
20260412 16:54:25- INFO-   过滤后剩余 4614 只股票(已剔除未上市/已退市)
20260412 16:54:25- INFO-   步骤2: 调用history批量获取数据...
20260412 16:54:26- INFO-   history批量返回 4614 条记录
20260412 16:54:26- INFO-   步骤3: 调用stk_get_daily_mktvalue_pt获取市值数据...
20260412 16:54:26- INFO-   stk_get_daily_mktvalue_pt返回 4614 条记录
20260412 16:54:26- INFO-   步骤4: 合并数据...
20260412 16:54:26- INFO-   数据合并完成,最终返回 4614 条记录, 18 个字段
20260412 16:54:26- INFO- ✓ 2021-11-11 数据获取成功: 4614 条
20260412 16:54:27- INFO- 开始获取 2021-11-12 的掘金全市场数据...
20260412 16:54:27- INFO-   步骤1: 调用get_symbols获取基础信息...
20260412 16:54:27- INFO-   get_symbols返回 4619 条记录
20260412 16:54:27- INFO-   过滤后剩余 4619 只股票(已剔除未上市/已退市)
20260412 16:54:27- INFO-   步骤2: 调用history批量获取数据...
20260412 16:54:27- INFO-   history批量返回 4619 条记录
20260412 16:54:27- INFO-   步骤3: 调用stk_get_daily_mktvalue_pt获取市值数据...
20260412 16:54:28- INFO-   stk_get_daily_mktvalue_pt返回 4619 条记录
20260412 16:54:28- INFO-   步骤4: 合并数据...
20260412 16:54:28- INFO-   数据合并完成,最终返回 4619 条记录, 18 个字段
20260412 16:54:28- INFO- ✓ 2021-11-12 数据获取成功: 4619 条
20260412 16:54:28- INFO- 开始获取 2021-11-15 的掘金全市场数据...
20260412 16:54:28- INFO-   步骤1: 调用get_symbols获取基础信息...
20260412 16:54:29- INFO-   get_symbols返回 4621 条记录
20260412 16:54:29- INFO-   过滤后剩余 4621 只股票(已剔除未上市/已退市)
20260412 16:54:29- INFO-   步骤2: 调用history批量获取数据...
20260412 16:54:29- INFO-   history批量返回 4621 条记录
20260412 16:54:29- INFO-   步骤3: 调用stk_get_daily_mktvalue_pt获取市值数据...
20260412 16:54:29- INFO-   stk_get_daily_mktvalue_pt返回 4621 条记录
20260412 16:54:29- INFO-   步骤4: 合并数据...
20260412 16:54:30- INFO-   数据合并完成,最终返回 4621 条记录, 18 个字段
20260412 16:54:30- INFO- ✓ 2021-11-15 数据获取成功: 4621 条
20260412 16:54:30- INFO- 开始获取 2021-11-16 的掘金全市场数据...
20260412 16:54:30- INFO-   步骤1: 调用get_symbols获取基础信息...
20260412 16:54:31- INFO-   get_symbols返回 4624 条记录
20260412 16:54:31- INFO-   过滤后剩余 4624 只股票(已剔除未上市/已退市)
20260412 16:54:31- INFO-   步骤2: 调用history批量获取数据...
20260412 16:54:31- INFO-   history批量返回 4624 条记录
20260412 16:54:31- INFO-   步骤3: 调用stk_get_daily_mktvalue_pt获取市值数据...
20260412 16:54:31- INFO-   stk_get_daily_mktvalue_pt返回 4624 条记录
20260412 16:54:31- INFO-   步骤4: 合并数据...
20260412 16:54:31- INFO-   数据合并完成,最终返回 4624 条记录, 18 个字段
20260412 16:54:31- INFO- ✓ 2021-11-16 数据获取成功: 4624 条
20260412 16:54:32- INFO- 开始获取 2021-11-17 的掘金全市场数据...
20260412 16:54:32- INFO-   步骤1: 调用get_symbols获取基础信息...
20260412 16:54:32- INFO-   get_symbols返回 4625 条记录
20260412 16:54:32- INFO-   过滤后剩余 4625 只股票(已剔除未上市/已退市)
20260412 16:54:32- INFO-   步骤2: 调用history批量获取数据...
20260412 16:54:33- INFO-   history批量返回 4625 条记录
20260412 16:54:33- INFO-   步骤3: 调用stk_get_daily_mktvalue_pt获取市值数据...
20260412 16:54:33- INFO-   stk_get_daily_mktvalue_pt返回 4625 条记录
20260412 16:54:33- INFO-   步骤4: 合并数据...
20260412 16:54:33- INFO-   数据合并完成,最终返回 4625 条记录, 18 个字段
20260412 16:54:33- INFO- ✓ 2021-11-17 数据获取成功: 4625 条
20260412 16:54:34- INFO- 开始获取 2021-11-18 的掘金全市场数据...
20260412 16:54:34- INFO-   步骤1: 调用get_symbols获取基础信息...
20260412 16:54:34- INFO-   get_symbols返回 4631 条记录
20260412 16:54:34- INFO-   过滤后剩余 4631 只股票(已剔除未上市/已退市)
20260412 16:54:34- INFO-   步骤2: 调用history批量获取数据...
20260412 16:54:34- INFO-   history批量返回 4631 条记录
20260412 16:54:34- INFO-   步骤3: 调用stk_get_daily_mktvalue_pt获取市值数据...
20260412 16:54:35- INFO-   stk_get_daily_mktvalue_pt返回 4631 条记录
20260412 16:54:35- INFO-   步骤4: 合并数据...
20260412 16:54:35- INFO-   数据合并完成,最终返回 4631 条记录, 18 个字段
20260412 16:54:35- INFO- ✓ 2021-11-18 数据获取成功: 4631 条
20260412 16:54:35- INFO- 开始获取 2021-11-19 的掘金全市场数据...
20260412 16:54:35- INFO-   步骤1: 调用get_symbols获取基础信息...
20260412 16:54:36- INFO-   get_symbols返回 4633 条记录
20260412 16:54:36- INFO-   过滤后剩余 4633 只股票(已剔除未上市/已退市)
20260412 16:54:36- INFO-   步骤2: 调用history批量获取数据...
20260412 16:54:36- INFO-   history批量返回 4633 条记录
20260412 16:54:36- INFO-   步骤3: 调用stk_get_daily_mktvalue_pt获取市值数据...
20260412 16:54:36- INFO-   stk_get_daily_mktvalue_pt返回 4633 条记录
20260412 16:54:36- INFO-   步骤4: 合并数据...
20260412 16:54:36- INFO-   数据合并完成,最终返回 4633 条记录, 18 个字段
20260412 16:54:36- INFO- ✓ 2021-11-19 数据获取成功: 4633 条
20260412 16:54:37- INFO- 开始获取 2021-11-22 的掘金全市场数据...
20260412 16:54:37- INFO-   步骤1: 调用get_symbols获取基础信息...
20260412 16:54:38- INFO-   get_symbols返回 4636 条记录
20260412 16:54:38- INFO-   过滤后剩余 4636 只股票(已剔除未上市/已退市)
20260412 16:54:38- INFO-   步骤2: 调用history批量获取数据...
20260412 16:54:38- INFO-   history批量返回 4636 条记录
20260412 16:54:38- INFO-   步骤3: 调用stk_get_daily_mktvalue_pt获取市值数据...
20260412 16:54:38- INFO-   stk_get_daily_mktvalue_pt返回 4636 条记录
20260412 16:54:38- INFO-   步骤4: 合并数据...
20260412 16:54:38- INFO-   数据合并完成,最终返回 4636 条记录, 18 个字段
20260412 16:54:38- INFO- ✓ 2021-11-22 数据获取成功: 4636 条
20260412 16:54:39- INFO- 开始获取 2021-11-23 的掘金全市场数据...
20260412 16:54:39- INFO-   步骤1: 调用get_symbols获取基础信息...
20260412 16:54:39- INFO-   get_symbols返回 4637 条记录
20260412 16:54:39- INFO-   过滤后剩余 4637 只股票(已剔除未上市/已退市)
20260412 16:54:39- INFO-   步骤2: 调用history批量获取数据...
20260412 16:54:40- INFO-   history批量返回 4637 条记录
20260412 16:54:40- INFO-   步骤3: 调用stk_get_daily_mktvalue_pt获取市值数据...
20260412 16:54:40- INFO-   stk_get_daily_mktvalue_pt返回 4637 条记录
20260412 16:54:40- INFO-   步骤4: 合并数据...
20260412 16:54:40- INFO-   数据合并完成,最终返回 4637 条记录, 18 个字段
20260412 16:54:40- INFO- ✓ 2021-11-23 数据获取成功: 4637 条
20260412 16:54:40- INFO- 开始获取 2021-11-24 的掘金全市场数据...
20260412 16:54:40- INFO-   步骤1: 调用get_symbols获取基础信息...
20260412 16:54:41- INFO-   get_symbols返回 4636 条记录
20260412 16:54:41- INFO-   过滤后剩余 4636 只股票(已剔除未上市/已退市)
20260412 16:54:41- INFO-   步骤2: 调用history批量获取数据...
20260412 16:54:41- INFO-   history批量返回 4636 条记录
20260412 16:54:41- INFO-   步骤3: 调用stk_get_daily_mktvalue_pt获取市值数据...
20260412 16:54:42- INFO-   stk_get_daily_mktvalue_pt返回 4636 条记录
20260412 16:54:42- INFO-   步骤4: 合并数据...
20260412 16:54:42- INFO-   数据合并完成,最终返回 4636 条记录, 18 个字段
20260412 16:54:42- INFO- ✓ 2021-11-24 数据获取成功: 4636 条
20260412 16:54:42- INFO- 开始获取 2021-11-25 的掘金全市场数据...
20260412 16:54:42- INFO-   步骤1: 调用get_symbols获取基础信息...
20260412 16:54:43- INFO-   get_symbols返回 4637 条记录
20260412 16:54:43- INFO-   过滤后剩余 4637 只股票(已剔除未上市/已退市)
20260412 16:54:43- INFO-   步骤2: 调用history批量获取数据...
20260412 16:54:43- INFO-   history批量返回 4637 条记录
20260412 16:54:43- INFO-   步骤3: 调用stk_get_daily_mktvalue_pt获取市值数据...
20260412 16:54:43- INFO-   stk_get_daily_mktvalue_pt返回 4637 条记录
20260412 16:54:43- INFO-   步骤4: 合并数据...
20260412 16:54:44- INFO-   数据合并完成,最终返回 4637 条记录, 18 个字段
20260412 16:54:44- INFO- ✓ 2021-11-25 数据获取成功: 4637 条
20260412 16:54:44- INFO- 开始获取 2021-11-26 的掘金全市场数据...
20260412 16:54:44- INFO-   步骤1: 调用get_symbols获取基础信息...
20260412 16:54:45- INFO-   get_symbols返回 4637 条记录
20260412 16:54:45- INFO-   过滤后剩余 4637 只股票(已剔除未上市/已退市)
20260412 16:54:45- INFO-   步骤2: 调用history批量获取数据...
20260412 16:54:45- INFO-   history批量返回 4637 条记录
20260412 16:54:45- INFO-   步骤3: 调用stk_get_daily_mktvalue_pt获取市值数据...
20260412 16:54:45- INFO-   stk_get_daily_mktvalue_pt返回 4637 条记录
20260412 16:54:45- INFO-   步骤4: 合并数据...
20260412 16:54:45- INFO-   数据合并完成,最终返回 4637 条记录, 18 个字段
20260412 16:54:45- INFO- ✓ 2021-11-26 数据获取成功: 4637 条
20260412 16:54:46- INFO- 开始获取 2021-11-29 的掘金全市场数据...
20260412 16:54:46- INFO-   步骤1: 调用get_symbols获取基础信息...
20260412 16:54:46- INFO-   get_symbols返回 4638 条记录
20260412 16:54:46- INFO-   过滤后剩余 4638 只股票(已剔除未上市/已退市)
20260412 16:54:46- INFO-   步骤2: 调用history批量获取数据...
20260412 16:54:47- INFO-   history批量返回 4638 条记录
20260412 16:54:47- INFO-   步骤3: 调用stk_get_daily_mktvalue_pt获取市值数据...
20260412 16:54:47- INFO-   stk_get_daily_mktvalue_pt返回 4638 条记录
20260412 16:54:47- INFO-   步骤4: 合并数据...
20260412 16:54:47- INFO-   数据合并完成,最终返回 4638 条记录, 18 个字段
20260412 16:54:47- INFO- ✓ 2021-11-29 数据获取成功: 4638 条
20260412 16:54:47- INFO- 开始获取 2021-11-30 的掘金全市场数据...
20260412 16:54:47- INFO-   步骤1: 调用get_symbols获取基础信息...
20260412 16:54:48- INFO-   get_symbols返回 4640 条记录
20260412 16:54:48- INFO-   过滤后剩余 4640 只股票(已剔除未上市/已退市)
20260412 16:54:48- INFO-   步骤2: 调用history批量获取数据...
20260412 16:54:48- INFO-   history批量返回 4640 条记录
20260412 16:54:48- INFO-   步骤3: 调用stk_get_daily_mktvalue_pt获取市值数据...
20260412 16:54:49- INFO-   stk_get_daily_mktvalue_pt返回 4640 条记录
20260412 16:54:49- INFO-   步骤4: 合并数据...
20260412 16:54:49- INFO-   数据合并完成,最终返回 4640 条记录, 18 个字段
20260412 16:54:49- INFO- ✓ 2021-11-30 数据获取成功: 4640 条
20260412 16:54:49- INFO- 开始获取 2021-12-01 的掘金全市场数据...
20260412 16:54:49- INFO-   步骤1: 调用get_symbols获取基础信息...
20260412 16:54:50- INFO-   get_symbols返回 4641 条记录
20260412 16:54:50- INFO-   过滤后剩余 4641 只股票(已剔除未上市/已退市)
20260412 16:54:50- INFO-   步骤2: 调用history批量获取数据...
20260412 16:54:50- INFO-   history批量返回 4641 条记录
20260412 16:54:50- INFO-   步骤3: 调用stk_get_daily_mktvalue_pt获取市值数据...
20260412 16:54:50- INFO-   stk_get_daily_mktvalue_pt返回 4641 条记录
20260412 16:54:50- INFO-   步骤4: 合并数据...
20260412 16:54:50- INFO-   数据合并完成,最终返回 4641 条记录, 18 个字段
20260412 16:54:50- INFO- ✓ 2021-12-01 数据获取成功: 4641 条
20260412 16:54:51- INFO- 开始获取 2021-12-02 的掘金全市场数据...
20260412 16:54:51- INFO-   步骤1: 调用get_symbols获取基础信息...
20260412 16:54:52- INFO-   get_symbols返回 4643 条记录
20260412 16:54:52- INFO-   过滤后剩余 4643 只股票(已剔除未上市/已退市)
20260412 16:54:52- INFO-   步骤2: 调用history批量获取数据...
20260412 16:54:52- INFO-   history批量返回 4643 条记录
20260412 16:54:52- INFO-   步骤3: 调用stk_get_daily_mktvalue_pt获取市值数据...
20260412 16:54:52- INFO-   stk_get_daily_mktvalue_pt返回 4643 条记录
20260412 16:54:52- INFO-   步骤4: 合并数据...
20260412 16:54:52- INFO-   数据合并完成,最终返回 4643 条记录, 18 个字段
20260412 16:54:52- INFO- ✓ 2021-12-02 数据获取成功: 4643 条
20260412 16:54:53- INFO- 开始获取 2021-12-03 的掘金全市场数据...
20260412 16:54:53- INFO-   步骤1: 调用get_symbols获取基础信息...
20260412 16:54:53- INFO-   get_symbols返回 4643 条记录
20260412 16:54:53- INFO-   过滤后剩余 4643 只股票(已剔除未上市/已退市)
20260412 16:54:53- INFO-   步骤2: 调用history批量获取数据...
20260412 16:54:54- INFO-   history批量返回 4643 条记录
20260412 16:54:54- INFO-   步骤3: 调用stk_get_daily_mktvalue_pt获取市值数据...
20260412 16:54:54- INFO-   stk_get_daily_mktvalue_pt返回 4643 条记录
20260412 16:54:54- INFO-   步骤4: 合并数据...
20260412 16:54:54- INFO-   数据合并完成,最终返回 4643 条记录, 18 个字段
20260412 16:54:54- INFO- ✓ 2021-12-03 数据获取成功: 4643 条
20260412 16:54:54- INFO- 开始获取 2021-12-06 的掘金全市场数据...
20260412 16:54:54- INFO-   步骤1: 调用get_symbols获取基础信息...
20260412 16:54:55- INFO-   get_symbols返回 4648 条记录
20260412 16:54:55- INFO-   过滤后剩余 4648 只股票(已剔除未上市/已退市)
20260412 16:54:55- INFO-   步骤2: 调用history批量获取数据...
20260412 16:54:55- INFO-   history批量返回 4648 条记录
20260412 16:54:55- INFO-   步骤3: 调用stk_get_daily_mktvalue_pt获取市值数据...
20260412 16:54:56- INFO-   stk_get_daily_mktvalue_pt返回 4648 条记录
20260412 16:54:56- INFO-   步骤4: 合并数据...
20260412 16:54:56- INFO-   数据合并完成,最终返回 4648 条记录, 18 个字段
20260412 16:54:56- INFO- ✓ 2021-12-06 数据获取成功: 4648 条
20260412 16:54:56- INFO- 开始获取 2021-12-07 的掘金全市场数据...
20260412 16:54:56- INFO-   步骤1: 调用get_symbols获取基础信息...
20260412 16:54:57- INFO-   get_symbols返回 4650 条记录
20260412 16:54:57- INFO-   过滤后剩余 4650 只股票(已剔除未上市/已退市)
20260412 16:54:57- INFO-   步骤2: 调用history批量获取数据...
20260412 16:54:57- INFO-   history批量返回 4650 条记录
20260412 16:54:57- INFO-   步骤3: 调用stk_get_daily_mktvalue_pt获取市值数据...
20260412 16:54:57- INFO-   stk_get_daily_mktvalue_pt返回 4650 条记录
20260412 16:54:57- INFO-   步骤4: 合并数据...
20260412 16:54:57- INFO-   数据合并完成,最终返回 4650 条记录, 18 个字段
20260412 16:54:57- INFO- ✓ 2021-12-07 数据获取成功: 4650 条
20260412 16:54:58- INFO- 开始获取 2021-12-08 的掘金全市场数据...
20260412 16:54:58- INFO-   步骤1: 调用get_symbols获取基础信息...
20260412 16:54:59- INFO-   get_symbols返回 4651 条记录
20260412 16:54:59- INFO-   过滤后剩余 4651 只股票(已剔除未上市/已退市)
20260412 16:54:59- INFO-   步骤2: 调用history批量获取数据...
20260412 16:54:59- INFO-   history批量返回 4651 条记录
20260412 16:54:59- INFO-   步骤3: 调用stk_get_daily_mktvalue_pt获取市值数据...
20260412 16:54:59- INFO-   stk_get_daily_mktvalue_pt返回 4651 条记录
20260412 16:54:59- INFO-   步骤4: 合并数据...
20260412 16:54:59- INFO-   数据合并完成,最终返回 4651 条记录, 18 个字段
20260412 16:54:59- INFO- ✓ 2021-12-08 数据获取成功: 4651 条
20260412 16:55:00- INFO- 开始获取 2021-12-09 的掘金全市场数据...
20260412 16:55:00- INFO-   步骤1: 调用get_symbols获取基础信息...
20260412 16:55:00- INFO-   get_symbols返回 4653 条记录
20260412 16:55:00- INFO-   过滤后剩余 4653 只股票(已剔除未上市/已退市)
20260412 16:55:00- INFO-   步骤2: 调用history批量获取数据...
20260412 16:55:01- INFO-   history批量返回 4653 条记录
20260412 16:55:01- INFO-   步骤3: 调用stk_get_daily_mktvalue_pt获取市值数据...
20260412 16:55:01- INFO-   stk_get_daily_mktvalue_pt返回 4653 条记录
20260412 16:55:01- INFO-   步骤4: 合并数据...
20260412 16:55:01- INFO-   数据合并完成,最终返回 4653 条记录, 18 个字段
20260412 16:55:01- INFO- ✓ 2021-12-09 数据获取成功: 4653 条
20260412 16:55:02- INFO- 开始获取 2021-12-10 的掘金全市场数据...
20260412 16:55:02- INFO-   步骤1: 调用get_symbols获取基础信息...
20260412 16:55:02- INFO-   get_symbols返回 4656 条记录
20260412 16:55:02- INFO-   过滤后剩余 4656 只股票(已剔除未上市/已退市)
20260412 16:55:02- INFO-   步骤2: 调用history批量获取数据...
20260412 16:55:02- INFO-   history批量返回 4656 条记录
20260412 16:55:02- INFO-   步骤3: 调用stk_get_daily_mktvalue_pt获取市值数据...
20260412 16:55:03- INFO-   stk_get_daily_mktvalue_pt返回 4656 条记录
20260412 16:55:03- INFO-   步骤4: 合并数据...
20260412 16:55:03- INFO-   数据合并完成,最终返回 4656 条记录, 18 个字段
20260412 16:55:03- INFO- ✓ 2021-12-10 数据获取成功: 4656 条
20260412 16:55:03- INFO- 开始获取 2021-12-13 的掘金全市场数据...
20260412 16:55:03- INFO-   步骤1: 调用get_symbols获取基础信息...
20260412 16:55:04- INFO-   get_symbols返回 4656 条记录
20260412 16:55:04- INFO-   过滤后剩余 4656 只股票(已剔除未上市/已退市)
20260412 16:55:04- INFO-   步骤2: 调用history批量获取数据...
20260412 16:55:04- INFO-   history批量返回 4656 条记录
20260412 16:55:04- INFO-   步骤3: 调用stk_get_daily_mktvalue_pt获取市值数据...
20260412 16:55:05- INFO-   stk_get_daily_mktvalue_pt返回 4656 条记录
20260412 16:55:05- INFO-   步骤4: 合并数据...
20260412 16:55:05- INFO-   数据合并完成,最终返回 4656 条记录, 18 个字段
20260412 16:55:05- INFO- ✓ 2021-12-13 数据获取成功: 4656 条
20260412 16:55:05- INFO- 开始获取 2021-12-14 的掘金全市场数据...
20260412 16:55:05- INFO-   步骤1: 调用get_symbols获取基础信息...
20260412 16:55:06- INFO-   get_symbols返回 4656 条记录
20260412 16:55:06- INFO-   过滤后剩余 4656 只股票(已剔除未上市/已退市)
20260412 16:55:06- INFO-   步骤2: 调用history批量获取数据...
20260412 16:55:06- INFO-   history批量返回 4656 条记录
20260412 16:55:06- INFO-   步骤3: 调用stk_get_daily_mktvalue_pt获取市值数据...
20260412 16:55:06- INFO-   stk_get_daily_mktvalue_pt返回 4656 条记录
20260412 16:55:06- INFO-   步骤4: 合并数据...
20260412 16:55:06- INFO-   数据合并完成,最终返回 4656 条记录, 18 个字段
20260412 16:55:06- INFO- ✓ 2021-12-14 数据获取成功: 4656 条
20260412 16:55:07- INFO- 开始获取 2021-12-15 的掘金全市场数据...
20260412 16:55:07- INFO-   步骤1: 调用get_symbols获取基础信息...
20260412 16:55:08- INFO-   get_symbols返回 4657 条记录
20260412 16:55:08- INFO-   过滤后剩余 4657 只股票(已剔除未上市/已退市)
20260412 16:55:08- INFO-   步骤2: 调用history批量获取数据...
20260412 16:55:08- INFO-   history批量返回 4657 条记录
20260412 16:55:08- INFO-   步骤3: 调用stk_get_daily_mktvalue_pt获取市值数据...
20260412 16:55:08- INFO-   stk_get_daily_mktvalue_pt返回 4657 条记录
20260412 16:55:08- INFO-   步骤4: 合并数据...
20260412 16:55:08- INFO-   数据合并完成,最终返回 4657 条记录, 18 个字段
20260412 16:55:08- INFO- ✓ 2021-12-15 数据获取成功: 4657 条
20260412 16:55:09- INFO- 开始获取 2021-12-16 的掘金全市场数据...
20260412 16:55:09- INFO-   步骤1: 调用get_symbols获取基础信息...
20260412 16:55:09- INFO-   get_symbols返回 4659 条记录
20260412 16:55:09- INFO-   过滤后剩余 4659 只股票(已剔除未上市/已退市)
20260412 16:55:09- INFO-   步骤2: 调用history批量获取数据...
20260412 16:55:10- INFO-   history批量返回 4659 条记录
20260412 16:55:10- INFO-   步骤3: 调用stk_get_daily_mktvalue_pt获取市值数据...
20260412 16:55:10- INFO-   stk_get_daily_mktvalue_pt返回 4659 条记录
20260412 16:55:10- INFO-   步骤4: 合并数据...
20260412 16:55:10- INFO-   数据合并完成,最终返回 4659 条记录, 18 个字段
20260412 16:55:10- INFO- ✓ 2021-12-16 数据获取成功: 4659 条
20260412 16:55:11- INFO- 开始获取 2021-12-17 的掘金全市场数据...
20260412 16:55:11- INFO-   步骤1: 调用get_symbols获取基础信息...
20260412 16:55:11- INFO-   get_symbols返回 4659 条记录
20260412 16:55:11- INFO-   过滤后剩余 4659 只股票(已剔除未上市/已退市)
20260412 16:55:11- INFO-   步骤2: 调用history批量获取数据...
20260412 16:55:11- INFO-   history批量返回 4659 条记录
20260412 16:55:11- INFO-   步骤3: 调用stk_get_daily_mktvalue_pt获取市值数据...
20260412 16:55:12- INFO-   stk_get_daily_mktvalue_pt返回 4659 条记录
20260412 16:55:12- INFO-   步骤4: 合并数据...
20260412 16:55:12- INFO-   数据合并完成,最终返回 4659 条记录, 18 个字段
20260412 16:55:12- INFO- ✓ 2021-12-17 数据获取成功: 4659 条
20260412 16:55:12- INFO- 开始获取 2021-12-20 的掘金全市场数据...
20260412 16:55:12- INFO-   步骤1: 调用get_symbols获取基础信息...
20260412 16:55:13- INFO-   get_symbols返回 4661 条记录
20260412 16:55:13- INFO-   过滤后剩余 4661 只股票(已剔除未上市/已退市)
20260412 16:55:13- INFO-   步骤2: 调用history批量获取数据...
20260412 16:55:13- INFO-   history批量返回 4661 条记录
20260412 16:55:13- INFO-   步骤3: 调用stk_get_daily_mktvalue_pt获取市值数据...
20260412 16:55:13- INFO-   stk_get_daily_mktvalue_pt返回 4661 条记录
20260412 16:55:13- INFO-   步骤4: 合并数据...
20260412 16:55:14- INFO-   数据合并完成,最终返回 4661 条记录, 18 个字段
20260412 16:55:14- INFO- ✓ 2021-12-20 数据获取成功: 4661 条
20260412 16:55:14- INFO- 开始获取 2021-12-21 的掘金全市场数据...
20260412 16:55:14- INFO-   步骤1: 调用get_symbols获取基础信息...
20260412 16:55:15- INFO-   get_symbols返回 4661 条记录
20260412 16:55:15- INFO-   过滤后剩余 4661 只股票(已剔除未上市/已退市)
20260412 16:55:15- INFO-   步骤2: 调用history批量获取数据...
20260412 16:55:15- INFO-   history批量返回 4661 条记录
20260412 16:55:15- INFO-   步骤3: 调用stk_get_daily_mktvalue_pt获取市值数据...
20260412 16:55:15- INFO-   stk_get_daily_mktvalue_pt返回 4661 条记录
20260412 16:55:15- INFO-   步骤4: 合并数据...
20260412 16:55:15- INFO-   数据合并完成,最终返回 4661 条记录, 18 个字段
20260412 16:55:15- INFO- ✓ 2021-12-21 数据获取成功: 4661 条
20260412 16:55:16- INFO- 开始获取 2021-12-22 的掘金全市场数据...
20260412 16:55:16- INFO-   步骤1: 调用get_symbols获取基础信息...
20260412 16:55:16- INFO-   get_symbols返回 4664 条记录
20260412 16:55:16- INFO-   过滤后剩余 4664 只股票(已剔除未上市/已退市)
20260412 16:55:16- INFO-   步骤2: 调用history批量获取数据...
20260412 16:55:17- INFO-   history批量返回 4664 条记录
20260412 16:55:17- INFO-   步骤3: 调用stk_get_daily_mktvalue_pt获取市值数据...
20260412 16:55:17- INFO-   stk_get_daily_mktvalue_pt返回 4664 条记录
20260412 16:55:17- INFO-   步骤4: 合并数据...
20260412 16:55:17- INFO-   数据合并完成,最终返回 4664 条记录, 18 个字段
20260412 16:55:17- INFO- ✓ 2021-12-22 数据获取成功: 4664 条
20260412 16:55:18- INFO- 开始获取 2021-12-23 的掘金全市场数据...
20260412 16:55:18- INFO-   步骤1: 调用get_symbols获取基础信息...
20260412 16:55:18- INFO-   get_symbols返回 4672 条记录
20260412 16:55:18- INFO-   过滤后剩余 4672 只股票(已剔除未上市/已退市)
20260412 16:55:18- INFO-   步骤2: 调用history批量获取数据...
20260412 16:55:18- INFO-   history批量返回 4672 条记录
20260412 16:55:18- INFO-   步骤3: 调用stk_get_daily_mktvalue_pt获取市值数据...
20260412 16:55:19- INFO-   stk_get_daily_mktvalue_pt返回 4672 条记录
20260412 16:55:19- INFO-   步骤4: 合并数据...
20260412 16:55:19- INFO-   数据合并完成,最终返回 4672 条记录, 18 个字段
20260412 16:55:19- INFO- ✓ 2021-12-23 数据获取成功: 4672 条
20260412 16:55:19- INFO- 开始获取 2021-12-24 的掘金全市场数据...
20260412 16:55:19- INFO-   步骤1: 调用get_symbols获取基础信息...
20260412 16:55:20- INFO-   get_symbols返回 4674 条记录
20260412 16:55:20- INFO-   过滤后剩余 4674 只股票(已剔除未上市/已退市)
20260412 16:55:20- INFO-   步骤2: 调用history批量获取数据...
20260412 16:55:20- INFO-   history批量返回 4674 条记录
20260412 16:55:20- INFO-   步骤3: 调用stk_get_daily_mktvalue_pt获取市值数据...
20260412 16:55:21- INFO-   stk_get_daily_mktvalue_pt返回 4674 条记录
20260412 16:55:21- INFO-   步骤4: 合并数据...
20260412 16:55:21- INFO-   数据合并完成,最终返回 4674 条记录, 18 个字段
20260412 16:55:21- INFO- ✓ 2021-12-24 数据获取成功: 4674 条
20260412 16:55:21- INFO- 开始获取 2021-12-27 的掘金全市场数据...
20260412 16:55:21- INFO-   步骤1: 调用get_symbols获取基础信息...
20260412 16:55:22- INFO-   get_symbols返回 4676 条记录
20260412 16:55:22- INFO-   过滤后剩余 4676 只股票(已剔除未上市/已退市)
20260412 16:55:22- INFO-   步骤2: 调用history批量获取数据...
20260412 16:55:22- INFO-   history批量返回 4676 条记录
20260412 16:55:22- INFO-   步骤3: 调用stk_get_daily_mktvalue_pt获取市值数据...
20260412 16:55:22- INFO-   stk_get_daily_mktvalue_pt返回 4676 条记录
20260412 16:55:22- INFO-   步骤4: 合并数据...
20260412 16:55:22- INFO-   数据合并完成,最终返回 4676 条记录, 18 个字段
20260412 16:55:22- INFO- ✓ 2021-12-27 数据获取成功: 4676 条
20260412 16:55:23- INFO- 开始获取 2021-12-28 的掘金全市场数据...
20260412 16:55:23- INFO-   步骤1: 调用get_symbols获取基础信息...
20260412 16:55:23- INFO-   get_symbols返回 4679 条记录
20260412 16:55:23- INFO-   过滤后剩余 4679 只股票(已剔除未上市/已退市)
20260412 16:55:23- INFO-   步骤2: 调用history批量获取数据...
20260412 16:55:24- INFO-   history批量返回 4679 条记录
20260412 16:55:24- INFO-   步骤3: 调用stk_get_daily_mktvalue_pt获取市值数据...
20260412 16:55:24- INFO-   stk_get_daily_mktvalue_pt返回 4679 条记录
20260412 16:55:24- INFO-   步骤4: 合并数据...
20260412 16:55:24- INFO-   数据合并完成,最终返回 4679 条记录, 18 个字段
20260412 16:55:24- INFO- ✓ 2021-12-28 数据获取成功: 4679 条
20260412 16:55:25- INFO- 开始获取 2021-12-29 的掘金全市场数据...
20260412 16:55:25- INFO-   步骤1: 调用get_symbols获取基础信息...
20260412 16:55:25- INFO-   get_symbols返回 4679 条记录
20260412 16:55:25- INFO-   过滤后剩余 4679 只股票(已剔除未上市/已退市)
20260412 16:55:25- INFO-   步骤2: 调用history批量获取数据...
20260412 16:55:26- INFO-   history批量返回 4679 条记录
20260412 16:55:26- INFO-   步骤3: 调用stk_get_daily_mktvalue_pt获取市值数据...
20260412 16:55:26- INFO-   stk_get_daily_mktvalue_pt返回 4679 条记录
20260412 16:55:26- INFO-   步骤4: 合并数据...
20260412 16:55:26- INFO-   数据合并完成,最终返回 4679 条记录, 18 个字段
20260412 16:55:26- INFO- ✓ 2021-12-29 数据获取成功: 4679 条
20260412 16:55:26- INFO- 开始获取 2021-12-30 的掘金全市场数据...
20260412 16:55:26- INFO-   步骤1: 调用get_symbols获取基础信息...
20260412 16:55:27- INFO-   get_symbols返回 4682 条记录
20260412 16:55:27- INFO-   过滤后剩余 4682 只股票(已剔除未上市/已退市)
20260412 16:55:27- INFO-   步骤2: 调用history批量获取数据...
20260412 16:55:27- INFO-   history批量返回 4682 条记录
20260412 16:55:27- INFO-   步骤3: 调用stk_get_daily_mktvalue_pt获取市值数据...
20260412 16:55:28- INFO-   stk_get_daily_mktvalue_pt返回 4682 条记录
20260412 16:55:28- INFO-   步骤4: 合并数据...
20260412 16:55:28- INFO-   数据合并完成,最终返回 4682 条记录, 18 个字段
20260412 16:55:28- INFO- ✓ 2021-12-30 数据获取成功: 4682 条
20260412 16:55:28- INFO- 开始获取 2021-12-31 的掘金全市场数据...
20260412 16:55:28- INFO-   步骤1: 调用get_symbols获取基础信息...
20260412 16:55:29- INFO-   get_symbols返回 4680 条记录
20260412 16:55:29- INFO-   过滤后剩余 4680 只股票(已剔除未上市/已退市)
20260412 16:55:29- INFO-   步骤2: 调用history批量获取数据...
20260412 16:55:31- INFO-   history批量返回 4680 条记录
20260412 16:55:31- INFO-   步骤3: 调用stk_get_daily_mktvalue_pt获取市值数据...
20260412 16:55:32- INFO-   stk_get_daily_mktvalue_pt返回 4680 条记录
20260412 16:55:32- INFO-   步骤4: 合并数据...
20260412 16:55:32- INFO-   数据合并完成,最终返回 4680 条记录, 18 个字段
20260412 16:55:32- INFO- ✓ 2021-12-31 数据获取成功: 4680 条
20260412 16:55:32- INFO- 开始获取 2022-01-03 的掘金全市场数据...
20260412 16:55:32- INFO-   步骤1: 调用get_symbols获取基础信息...
20260412 16:55:37- WARNING- 2022-01-03 get_symbols返回空数据
20260412 16:55:37- WARNING- ✗ 2022-01-03 无数据
20260412 16:55:37- INFO- 开始获取 2022-01-04 的掘金全市场数据...
20260412 16:55:37- INFO-   步骤1: 调用get_symbols获取基础信息...
20260412 16:55:38- INFO-   get_symbols返回 4682 条记录
20260412 16:55:38- INFO-   过滤后剩余 4682 只股票(已剔除未上市/已退市)
20260412 16:55:38- INFO-   步骤2: 调用history批量获取数据...
20260412 16:55:38- INFO-   history批量返回 4682 条记录
20260412 16:55:38- INFO-   步骤3: 调用stk_get_daily_mktvalue_pt获取市值数据...
20260412 16:55:38- INFO-   stk_get_daily_mktvalue_pt返回 4682 条记录
20260412 16:55:38- INFO-   步骤4: 合并数据...
20260412 16:55:38- INFO-   数据合并完成,最终返回 4682 条记录, 18 个字段
20260412 16:55:38- INFO- ✓ 2022-01-04 数据获取成功: 4682 条
20260412 16:55:39- INFO- 开始获取 2022-01-05 的掘金全市场数据...
20260412 16:55:39- INFO-   步骤1: 调用get_symbols获取基础信息...
20260412 16:55:40- INFO-   get_symbols返回 4683 条记录
20260412 16:55:40- INFO-   过滤后剩余 4683 只股票(已剔除未上市/已退市)
20260412 16:55:40- INFO-   步骤2: 调用history批量获取数据...
20260412 16:55:40- INFO-   history批量返回 4683 条记录
20260412 16:55:40- INFO-   步骤3: 调用stk_get_daily_mktvalue_pt获取市值数据...
20260412 16:55:40- INFO-   stk_get_daily_mktvalue_pt返回 4683 条记录
20260412 16:55:40- INFO-   步骤4: 合并数据...
20260412 16:55:40- INFO-   数据合并完成,最终返回 4683 条记录, 18 个字段
20260412 16:55:40- INFO- ✓ 2022-01-05 数据获取成功: 4683 条
20260412 16:55:41- INFO- 开始获取 2022-01-06 的掘金全市场数据...
20260412 16:55:41- INFO-   步骤1: 调用get_symbols获取基础信息...
20260412 16:55:41- INFO-   get_symbols返回 4685 条记录
20260412 16:55:41- INFO-   过滤后剩余 4685 只股票(已剔除未上市/已退市)
20260412 16:55:41- INFO-   步骤2: 调用history批量获取数据...
20260412 16:55:42- INFO-   history批量返回 4685 条记录
20260412 16:55:42- INFO-   步骤3: 调用stk_get_daily_mktvalue_pt获取市值数据...
20260412 16:55:42- INFO-   stk_get_daily_mktvalue_pt返回 4685 条记录
20260412 16:55:42- INFO-   步骤4: 合并数据...
20260412 16:55:42- INFO-   数据合并完成,最终返回 4685 条记录, 18 个字段
20260412 16:55:42- INFO- ✓ 2022-01-06 数据获取成功: 4685 条
20260412 16:55:43- INFO- 开始获取 2022-01-07 的掘金全市场数据...
20260412 16:55:43- INFO-   步骤1: 调用get_symbols获取基础信息...
20260412 16:55:43- INFO-   get_symbols返回 4688 条记录
20260412 16:55:43- INFO-   过滤后剩余 4688 只股票(已剔除未上市/已退市)
20260412 16:55:43- INFO-   步骤2: 调用history批量获取数据...
20260412 16:55:43- INFO-   history批量返回 4688 条记录
20260412 16:55:43- INFO-   步骤3: 调用stk_get_daily_mktvalue_pt获取市值数据...
20260412 16:55:44- INFO-   stk_get_daily_mktvalue_pt返回 4688 条记录
20260412 16:55:44- INFO-   步骤4: 合并数据...
20260412 16:55:44- INFO-   数据合并完成,最终返回 4688 条记录, 18 个字段
20260412 16:55:44- INFO- ✓ 2022-01-07 数据获取成功: 4688 条
20260412 16:55:44- INFO- 开始获取 2022-01-10 的掘金全市场数据...
20260412 16:55:44- INFO-   步骤1: 调用get_symbols获取基础信息...
20260412 16:55:45- INFO-   get_symbols返回 4687 条记录
20260412 16:55:45- INFO-   过滤后剩余 4687 只股票(已剔除未上市/已退市)
20260412 16:55:45- INFO-   步骤2: 调用history批量获取数据...
20260412 16:55:45- INFO-   history批量返回 4687 条记录
20260412 16:55:45- INFO-   步骤3: 调用stk_get_daily_mktvalue_pt获取市值数据...
20260412 16:55:46- INFO-   stk_get_daily_mktvalue_pt返回 4687 条记录
20260412 16:55:46- INFO-   步骤4: 合并数据...
20260412 16:55:46- INFO-   数据合并完成,最终返回 4687 条记录, 18 个字段
20260412 16:55:46- INFO- ✓ 2022-01-10 数据获取成功: 4687 条
20260412 16:55:46- INFO- 开始获取 2022-01-11 的掘金全市场数据...
20260412 16:55:46- INFO-   步骤1: 调用get_symbols获取基础信息...
20260412 16:55:47- INFO-   get_symbols返回 4690 条记录
20260412 16:55:47- INFO-   过滤后剩余 4690 只股票(已剔除未上市/已退市)
20260412 16:55:47- INFO-   步骤2: 调用history批量获取数据...
20260412 16:55:47- INFO-   history批量返回 4690 条记录
20260412 16:55:47- INFO-   步骤3: 调用stk_get_daily_mktvalue_pt获取市值数据...
20260412 16:55:47- INFO-   stk_get_daily_mktvalue_pt返回 4690 条记录
20260412 16:55:47- INFO-   步骤4: 合并数据...
20260412 16:55:47- INFO-   数据合并完成,最终返回 4690 条记录, 18 个字段
20260412 16:55:47- INFO- ✓ 2022-01-11 数据获取成功: 4690 条
20260412 16:55:48- INFO- 开始获取 2022-01-12 的掘金全市场数据...
20260412 16:55:48- INFO-   步骤1: 调用get_symbols获取基础信息...
20260412 16:55:49- INFO-   get_symbols返回 4692 条记录
20260412 16:55:49- INFO-   过滤后剩余 4692 只股票(已剔除未上市/已退市)
20260412 16:55:49- INFO-   步骤2: 调用history批量获取数据...
20260412 16:55:49- INFO-   history批量返回 4692 条记录
20260412 16:55:49- INFO-   步骤3: 调用stk_get_daily_mktvalue_pt获取市值数据...
20260412 16:55:49- INFO-   stk_get_daily_mktvalue_pt返回 4692 条记录
20260412 16:55:49- INFO-   步骤4: 合并数据...
20260412 16:55:49- INFO-   数据合并完成,最终返回 4692 条记录, 18 个字段
20260412 16:55:49- INFO- ✓ 2022-01-12 数据获取成功: 4692 条
20260412 16:55:50- INFO- 开始获取 2022-01-13 的掘金全市场数据...
20260412 16:55:50- INFO-   步骤1: 调用get_symbols获取基础信息...
20260412 16:55:50- INFO-   get_symbols返回 4693 条记录
20260412 16:55:50- INFO-   过滤后剩余 4693 只股票(已剔除未上市/已退市)
20260412 16:55:50- INFO-   步骤2: 调用history批量获取数据...
20260412 16:55:51- INFO-   history批量返回 4693 条记录
20260412 16:55:51- INFO-   步骤3: 调用stk_get_daily_mktvalue_pt获取市值数据...
20260412 16:55:51- INFO-   stk_get_daily_mktvalue_pt返回 4693 条记录
20260412 16:55:51- INFO-   步骤4: 合并数据...
20260412 16:55:51- INFO-   数据合并完成,最终返回 4693 条记录, 18 个字段
20260412 16:55:51- INFO- ✓ 2022-01-13 数据获取成功: 4693 条
20260412 16:55:52- INFO- 开始获取 2022-01-14 的掘金全市场数据...
20260412 16:55:52- INFO-   步骤1: 调用get_symbols获取基础信息...
20260412 16:55:52- INFO-   get_symbols返回 4693 条记录
20260412 16:55:52- INFO-   过滤后剩余 4693 只股票(已剔除未上市/已退市)
20260412 16:55:52- INFO-   步骤2: 调用history批量获取数据...
20260412 16:55:52- INFO-   history批量返回 4693 条记录
20260412 16:55:52- INFO-   步骤3: 调用stk_get_daily_mktvalue_pt获取市值数据...
20260412 16:55:53- INFO-   stk_get_daily_mktvalue_pt返回 4693 条记录
20260412 16:55:53- INFO-   步骤4: 合并数据...
20260412 16:55:53- INFO-   数据合并完成,最终返回 4693 条记录, 18 个字段
20260412 16:55:53- INFO- ✓ 2022-01-14 数据获取成功: 4693 条
20260412 16:55:53- INFO- 开始获取 2022-01-17 的掘金全市场数据...
20260412 16:55:53- INFO-   步骤1: 调用get_symbols获取基础信息...
20260412 16:55:54- INFO-   get_symbols返回 4694 条记录
20260412 16:55:54- INFO-   过滤后剩余 4694 只股票(已剔除未上市/已退市)
20260412 16:55:54- INFO-   步骤2: 调用history批量获取数据...
20260412 16:55:54- INFO-   history批量返回 4694 条记录
20260412 16:55:54- INFO-   步骤3: 调用stk_get_daily_mktvalue_pt获取市值数据...
20260412 16:55:54- INFO-   stk_get_daily_mktvalue_pt返回 4694 条记录
20260412 16:55:54- INFO-   步骤4: 合并数据...
20260412 16:55:55- INFO-   数据合并完成,最终返回 4694 条记录, 18 个字段
20260412 16:55:55- INFO- ✓ 2022-01-17 数据获取成功: 4694 条
20260412 16:55:55- INFO- 开始获取 2022-01-18 的掘金全市场数据...
20260412 16:55:55- INFO-   步骤1: 调用get_symbols获取基础信息...
20260412 16:55:56- INFO-   get_symbols返回 4698 条记录
20260412 16:55:56- INFO-   过滤后剩余 4698 只股票(已剔除未上市/已退市)
20260412 16:55:56- INFO-   步骤2: 调用history批量获取数据...
20260412 16:55:56- INFO-   history批量返回 4698 条记录
20260412 16:55:56- INFO-   步骤3: 调用stk_get_daily_mktvalue_pt获取市值数据...
20260412 16:55:56- INFO-   stk_get_daily_mktvalue_pt返回 4698 条记录
20260412 16:55:56- INFO-   步骤4: 合并数据...
20260412 16:55:56- INFO-   数据合并完成,最终返回 4698 条记录, 18 个字段
20260412 16:55:56- INFO- ✓ 2022-01-18 数据获取成功: 4698 条
20260412 16:55:57- INFO- 开始获取 2022-01-19 的掘金全市场数据...
20260412 16:55:57- INFO-   步骤1: 调用get_symbols获取基础信息...
20260412 16:55:58- INFO-   get_symbols返回 4697 条记录
20260412 16:55:58- INFO-   过滤后剩余 4697 只股票(已剔除未上市/已退市)
20260412 16:55:58- INFO-   步骤2: 调用history批量获取数据...
20260412 16:55:58- INFO-   history批量返回 4697 条记录
20260412 16:55:58- INFO-   步骤3: 调用stk_get_daily_mktvalue_pt获取市值数据...
20260412 16:55:58- INFO-   stk_get_daily_mktvalue_pt返回 4697 条记录
20260412 16:55:58- INFO-   步骤4: 合并数据...
20260412 16:55:58- INFO-   数据合并完成,最终返回 4697 条记录, 18 个字段
20260412 16:55:58- INFO- ✓ 2022-01-19 数据获取成功: 4697 条
20260412 16:55:59- INFO- 开始获取 2022-01-20 的掘金全市场数据...
20260412 16:55:59- INFO-   步骤1: 调用get_symbols获取基础信息...
20260412 16:55:59- INFO-   get_symbols返回 4697 条记录
20260412 16:55:59- INFO-   过滤后剩余 4697 只股票(已剔除未上市/已退市)
20260412 16:55:59- INFO-   步骤2: 调用history批量获取数据...
20260412 16:56:00- INFO-   history批量返回 4697 条记录
20260412 16:56:00- INFO-   步骤3: 调用stk_get_daily_mktvalue_pt获取市值数据...
20260412 16:56:00- INFO-   stk_get_daily_mktvalue_pt返回 4697 条记录
20260412 16:56:00- INFO-   步骤4: 合并数据...
20260412 16:56:00- INFO-   数据合并完成,最终返回 4697 条记录, 18 个字段
20260412 16:56:00- INFO- ✓ 2022-01-20 数据获取成功: 4697 条
20260412 16:56:00- INFO- 开始获取 2022-01-21 的掘金全市场数据...
20260412 16:56:00- INFO-   步骤1: 调用get_symbols获取基础信息...
20260412 16:56:01- INFO-   get_symbols返回 4699 条记录
20260412 16:56:01- INFO-   过滤后剩余 4699 只股票(已剔除未上市/已退市)
20260412 16:56:01- INFO-   步骤2: 调用history批量获取数据...
20260412 16:56:01- INFO-   history批量返回 4699 条记录
20260412 16:56:01- INFO-   步骤3: 调用stk_get_daily_mktvalue_pt获取市值数据...
20260412 16:56:02- INFO-   stk_get_daily_mktvalue_pt返回 4699 条记录
20260412 16:56:02- INFO-   步骤4: 合并数据...
20260412 16:56:02- INFO-   数据合并完成,最终返回 4699 条记录, 18 个字段
20260412 16:56:02- INFO- ✓ 2022-01-21 数据获取成功: 4699 条
20260412 16:56:02- INFO- 开始获取 2022-01-24 的掘金全市场数据...
20260412 16:56:02- INFO-   步骤1: 调用get_symbols获取基础信息...
20260412 16:56:03- INFO-   get_symbols返回 4702 条记录
20260412 16:56:03- INFO-   过滤后剩余 4702 只股票(已剔除未上市/已退市)
20260412 16:56:03- INFO-   步骤2: 调用history批量获取数据...
20260412 16:56:03- INFO-   history批量返回 4702 条记录
20260412 16:56:03- INFO-   步骤3: 调用stk_get_daily_mktvalue_pt获取市值数据...
20260412 16:56:03- INFO-   stk_get_daily_mktvalue_pt返回 4702 条记录
20260412 16:56:03- INFO-   步骤4: 合并数据...
20260412 16:56:03- INFO-   数据合并完成,最终返回 4702 条记录, 18 个字段
20260412 16:56:03- INFO- ✓ 2022-01-24 数据获取成功: 4702 条
20260412 16:56:04- INFO- 开始获取 2022-01-25 的掘金全市场数据...
20260412 16:56:04- INFO-   步骤1: 调用get_symbols获取基础信息...
20260412 16:56:05- INFO-   get_symbols返回 4702 条记录
20260412 16:56:05- INFO-   过滤后剩余 4702 只股票(已剔除未上市/已退市)
20260412 16:56:05- INFO-   步骤2: 调用history批量获取数据...
20260412 16:56:05- INFO-   history批量返回 4702 条记录
20260412 16:56:05- INFO-   步骤3: 调用stk_get_daily_mktvalue_pt获取市值数据...
20260412 16:56:05- INFO-   stk_get_daily_mktvalue_pt返回 4702 条记录
20260412 16:56:05- INFO-   步骤4: 合并数据...
20260412 16:56:05- INFO-   数据合并完成,最终返回 4702 条记录, 18 个字段
20260412 16:56:05- INFO- ✓ 2022-01-25 数据获取成功: 4702 条
20260412 16:56:06- INFO- 开始获取 2022-01-26 的掘金全市场数据...
20260412 16:56:06- INFO-   步骤1: 调用get_symbols获取基础信息...
20260412 16:56:06- INFO-   get_symbols返回 4703 条记录
20260412 16:56:06- INFO-   过滤后剩余 4703 只股票(已剔除未上市/已退市)
20260412 16:56:06- INFO-   步骤2: 调用history批量获取数据...
20260412 16:56:07- INFO-   history批量返回 4703 条记录
20260412 16:56:07- INFO-   步骤3: 调用stk_get_daily_mktvalue_pt获取市值数据...
20260412 16:56:07- INFO-   stk_get_daily_mktvalue_pt返回 4703 条记录
20260412 16:56:07- INFO-   步骤4: 合并数据...
20260412 16:56:07- INFO-   数据合并完成,最终返回 4703 条记录, 18 个字段
20260412 16:56:07- INFO- ✓ 2022-01-26 数据获取成功: 4703 条
20260412 16:56:08- INFO- 开始获取 2022-01-27 的掘金全市场数据...
20260412 16:56:08- INFO-   步骤1: 调用get_symbols获取基础信息...
20260412 16:56:08- INFO-   get_symbols返回 4709 条记录
20260412 16:56:08- INFO-   过滤后剩余 4709 只股票(已剔除未上市/已退市)
20260412 16:56:08- INFO-   步骤2: 调用history批量获取数据...
20260412 16:56:09- INFO-   history批量返回 4709 条记录
20260412 16:56:09- INFO-   步骤3: 调用stk_get_daily_mktvalue_pt获取市值数据...
20260412 16:56:09- INFO-   stk_get_daily_mktvalue_pt返回 4709 条记录
20260412 16:56:09- INFO-   步骤4: 合并数据...
20260412 16:56:09- INFO-   数据合并完成,最终返回 4709 条记录, 18 个字段
20260412 16:56:09- INFO- ✓ 2022-01-27 数据获取成功: 4709 条
20260412 16:56:09- INFO- 开始获取 2022-01-28 的掘金全市场数据...
20260412 16:56:09- INFO-   步骤1: 调用get_symbols获取基础信息...
20260412 16:56:10- INFO-   get_symbols返回 4714 条记录
20260412 16:56:10- INFO-   过滤后剩余 4714 只股票(已剔除未上市/已退市)
20260412 16:56:10- INFO-   步骤2: 调用history批量获取数据...
20260412 16:56:10- INFO-   history批量返回 4714 条记录
20260412 16:56:10- INFO-   步骤3: 调用stk_get_daily_mktvalue_pt获取市值数据...
20260412 16:56:10- INFO-   stk_get_daily_mktvalue_pt返回 4714 条记录
20260412 16:56:10- INFO-   步骤4: 合并数据...
20260412 16:56:11- INFO-   数据合并完成,最终返回 4714 条记录, 18 个字段
20260412 16:56:11- INFO- ✓ 2022-01-28 数据获取成功: 4714 条
20260412 16:56:11- INFO- 开始获取 2022-01-31 的掘金全市场数据...
20260412 16:56:11- INFO-   步骤1: 调用get_symbols获取基础信息...
20260412 16:56:11- WARNING- 2022-01-31 get_symbols返回空数据
20260412 16:56:11- WARNING- ✗ 2022-01-31 无数据
20260412 16:56:12- INFO- 开始获取 2022-02-01 的掘金全市场数据...
20260412 16:56:12- INFO-   步骤1: 调用get_symbols获取基础信息...
20260412 16:56:12- WARNING- 2022-02-01 get_symbols返回空数据
20260412 16:56:12- WARNING- ✗ 2022-02-01 无数据
20260412 16:56:13- INFO- 开始获取 2022-02-02 的掘金全市场数据...
20260412 16:56:13- INFO-   步骤1: 调用get_symbols获取基础信息...
20260412 16:56:13- WARNING- 2022-02-02 get_symbols返回空数据
20260412 16:56:13- WARNING- ✗ 2022-02-02 无数据
20260412 16:56:13- INFO- 开始获取 2022-02-03 的掘金全市场数据...
20260412 16:56:13- INFO-   步骤1: 调用get_symbols获取基础信息...
20260412 16:56:14- WARNING- 2022-02-03 get_symbols返回空数据
20260412 16:56:14- WARNING- ✗ 2022-02-03 无数据
20260412 16:56:14- INFO- 开始获取 2022-02-04 的掘金全市场数据...
20260412 16:56:14- INFO-   步骤1: 调用get_symbols获取基础信息...
20260412 16:56:14- WARNING- 2022-02-04 get_symbols返回空数据
20260412 16:56:14- WARNING- ✗ 2022-02-04 无数据
20260412 16:56:15- INFO- 开始获取 2022-02-07 的掘金全市场数据...
20260412 16:56:15- INFO-   步骤1: 调用get_symbols获取基础信息...
20260412 16:56:15- INFO-   get_symbols返回 4714 条记录
20260412 16:56:15- INFO-   过滤后剩余 4714 只股票(已剔除未上市/已退市)
20260412 16:56:15- INFO-   步骤2: 调用history批量获取数据...
20260412 16:56:16- INFO-   history批量返回 4714 条记录
20260412 16:56:16- INFO-   步骤3: 调用stk_get_daily_mktvalue_pt获取市值数据...
20260412 16:56:16- INFO-   stk_get_daily_mktvalue_pt返回 4714 条记录
20260412 16:56:16- INFO-   步骤4: 合并数据...
20260412 16:56:16- INFO-   数据合并完成,最终返回 4714 条记录, 18 个字段
20260412 16:56:16- INFO- ✓ 2022-02-07 数据获取成功: 4714 条
20260412 16:56:17- INFO- 开始获取 2022-02-08 的掘金全市场数据...
20260412 16:56:17- INFO-   步骤1: 调用get_symbols获取基础信息...
20260412 16:56:17- INFO-   get_symbols返回 4713 条记录
20260412 16:56:17- INFO-   过滤后剩余 4713 只股票(已剔除未上市/已退市)
20260412 16:56:17- INFO-   步骤2: 调用history批量获取数据...
20260412 16:56:18- INFO-   history批量返回 4713 条记录
20260412 16:56:18- INFO-   步骤3: 调用stk_get_daily_mktvalue_pt获取市值数据...
20260412 16:56:18- INFO-   stk_get_daily_mktvalue_pt返回 4713 条记录
20260412 16:56:18- INFO-   步骤4: 合并数据...
20260412 16:56:18- INFO-   数据合并完成,最终返回 4713 条记录, 18 个字段
20260412 16:56:18- INFO- ✓ 2022-02-08 数据获取成功: 4713 条
20260412 16:56:18- INFO- 开始获取 2022-02-09 的掘金全市场数据...
20260412 16:56:18- INFO-   步骤1: 调用get_symbols获取基础信息...
20260412 16:56:19- INFO-   get_symbols返回 4715 条记录
20260412 16:56:19- INFO-   过滤后剩余 4715 只股票(已剔除未上市/已退市)
20260412 16:56:19- INFO-   步骤2: 调用history批量获取数据...
20260412 16:56:20- INFO-   history批量返回 4715 条记录
20260412 16:56:20- INFO-   步骤3: 调用stk_get_daily_mktvalue_pt获取市值数据...
20260412 16:56:20- INFO-   stk_get_daily_mktvalue_pt返回 4715 条记录
20260412 16:56:20- INFO-   步骤4: 合并数据...
20260412 16:56:20- INFO-   数据合并完成,最终返回 4715 条记录, 18 个字段
20260412 16:56:20- INFO- ✓ 2022-02-09 数据获取成功: 4715 条
20260412 16:56:20- INFO- 开始获取 2022-02-10 的掘金全市场数据...
20260412 16:56:20- INFO-   步骤1: 调用get_symbols获取基础信息...
20260412 16:56:21- INFO-   get_symbols返回 4718 条记录
20260412 16:56:21- INFO-   过滤后剩余 4718 只股票(已剔除未上市/已退市)
20260412 16:56:21- INFO-   步骤2: 调用history批量获取数据...
20260412 16:56:21- INFO-   history批量返回 4718 条记录
20260412 16:56:21- INFO-   步骤3: 调用stk_get_daily_mktvalue_pt获取市值数据...
20260412 16:56:22- INFO-   stk_get_daily_mktvalue_pt返回 4718 条记录
20260412 16:56:22- INFO-   步骤4: 合并数据...
20260412 16:56:22- INFO-   数据合并完成,最终返回 4718 条记录, 18 个字段
20260412 16:56:22- INFO- ✓ 2022-02-10 数据获取成功: 4718 条
20260412 16:56:22- INFO- 开始获取 2022-02-11 的掘金全市场数据...
20260412 16:56:22- INFO-   步骤1: 调用get_symbols获取基础信息...
20260412 16:56:23- INFO-   get_symbols返回 4718 条记录
20260412 16:56:23- INFO-   过滤后剩余 4718 只股票(已剔除未上市/已退市)
20260412 16:56:23- INFO-   步骤2: 调用history批量获取数据...
20260412 16:56:23- INFO-   history批量返回 4718 条记录
20260412 16:56:23- INFO-   步骤3: 调用stk_get_daily_mktvalue_pt获取市值数据...
20260412 16:56:23- INFO-   stk_get_daily_mktvalue_pt返回 4718 条记录
20260412 16:56:23- INFO-   步骤4: 合并数据...
20260412 16:56:24- INFO-   数据合并完成,最终返回 4718 条记录, 18 个字段
20260412 16:56:24- INFO- ✓ 2022-02-11 数据获取成功: 4718 条
20260412 16:56:24- INFO- 开始获取 2022-02-14 的掘金全市场数据...
20260412 16:56:24- INFO-   步骤1: 调用get_symbols获取基础信息...
20260412 16:56:25- INFO-   get_symbols返回 4719 条记录
20260412 16:56:25- INFO-   过滤后剩余 4719 只股票(已剔除未上市/已退市)
20260412 16:56:25- INFO-   步骤2: 调用history批量获取数据...
20260412 16:56:25- INFO-   history批量返回 4719 条记录
20260412 16:56:25- INFO-   步骤3: 调用stk_get_daily_mktvalue_pt获取市值数据...
20260412 16:56:25- INFO-   stk_get_daily_mktvalue_pt返回 4719 条记录
20260412 16:56:25- INFO-   步骤4: 合并数据...
20260412 16:56:25- INFO-   数据合并完成,最终返回 4719 条记录, 18 个字段
20260412 16:56:25- INFO- ✓ 2022-02-14 数据获取成功: 4719 条
20260412 16:56:26- INFO- 开始获取 2022-02-15 的掘金全市场数据...
20260412 16:56:26- INFO-   步骤1: 调用get_symbols获取基础信息...
20260412 16:56:26- INFO-   get_symbols返回 4721 条记录
20260412 16:56:26- INFO-   过滤后剩余 4721 只股票(已剔除未上市/已退市)
20260412 16:56:26- INFO-   步骤2: 调用history批量获取数据...
20260412 16:56:27- INFO-   history批量返回 4721 条记录
20260412 16:56:27- INFO-   步骤3: 调用stk_get_daily_mktvalue_pt获取市值数据...
20260412 16:56:27- INFO-   stk_get_daily_mktvalue_pt返回 4721 条记录
20260412 16:56:27- INFO-   步骤4: 合并数据...
20260412 16:56:27- INFO-   数据合并完成,最终返回 4721 条记录, 18 个字段
20260412 16:56:27- INFO- ✓ 2022-02-15 数据获取成功: 4721 条
20260412 16:56:28- INFO- 开始获取 2022-02-16 的掘金全市场数据...
20260412 16:56:28- INFO-   步骤1: 调用get_symbols获取基础信息...
20260412 16:56:28- INFO-   get_symbols返回 4723 条记录
20260412 16:56:28- INFO-   过滤后剩余 4723 只股票(已剔除未上市/已退市)
20260412 16:56:28- INFO-   步骤2: 调用history批量获取数据...
20260412 16:56:29- INFO-   history批量返回 4723 条记录
20260412 16:56:29- INFO-   步骤3: 调用stk_get_daily_mktvalue_pt获取市值数据...
20260412 16:56:29- INFO-   stk_get_daily_mktvalue_pt返回 4723 条记录
20260412 16:56:29- INFO-   步骤4: 合并数据...
20260412 16:56:29- INFO-   数据合并完成,最终返回 4723 条记录, 18 个字段
20260412 16:56:29- INFO- ✓ 2022-02-16 数据获取成功: 4723 条
20260412 16:56:30- INFO- 开始获取 2022-02-17 的掘金全市场数据...
20260412 16:56:30- INFO-   步骤1: 调用get_symbols获取基础信息...
20260412 16:56:30- INFO-   get_symbols返回 4723 条记录
20260412 16:56:30- INFO-   过滤后剩余 4723 只股票(已剔除未上市/已退市)
20260412 16:56:30- INFO-   步骤2: 调用history批量获取数据...
20260412 16:56:30- INFO-   history批量返回 4723 条记录
20260412 16:56:30- INFO-   步骤3: 调用stk_get_daily_mktvalue_pt获取市值数据...
20260412 16:56:31- INFO-   stk_get_daily_mktvalue_pt返回 4723 条记录
20260412 16:56:31- INFO-   步骤4: 合并数据...
20260412 16:56:31- INFO-   数据合并完成,最终返回 4723 条记录, 18 个字段
20260412 16:56:31- INFO- ✓ 2022-02-17 数据获取成功: 4723 条
20260412 16:56:31- INFO- 开始获取 2022-02-18 的掘金全市场数据...
20260412 16:56:31- INFO-   步骤1: 调用get_symbols获取基础信息...
20260412 16:56:32- INFO-   get_symbols返回 4726 条记录
20260412 16:56:32- INFO-   过滤后剩余 4726 只股票(已剔除未上市/已退市)
20260412 16:56:32- INFO-   步骤2: 调用history批量获取数据...
20260412 16:56:32- INFO-   history批量返回 4726 条记录
20260412 16:56:32- INFO-   步骤3: 调用stk_get_daily_mktvalue_pt获取市值数据...
20260412 16:56:32- INFO-   stk_get_daily_mktvalue_pt返回 4726 条记录
20260412 16:56:32- INFO-   步骤4: 合并数据...
20260412 16:56:32- INFO-   数据合并完成,最终返回 4726 条记录, 18 个字段
20260412 16:56:32- INFO- ✓ 2022-02-18 数据获取成功: 4726 条
20260412 16:56:33- INFO- 开始获取 2022-02-21 的掘金全市场数据...
20260412 16:56:33- INFO-   步骤1: 调用get_symbols获取基础信息...
20260412 16:56:34- INFO-   get_symbols返回 4726 条记录
20260412 16:56:34- INFO-   过滤后剩余 4726 只股票(已剔除未上市/已退市)
20260412 16:56:34- INFO-   步骤2: 调用history批量获取数据...
20260412 16:56:34- INFO-   history批量返回 4726 条记录
20260412 16:56:34- INFO-   步骤3: 调用stk_get_daily_mktvalue_pt获取市值数据...
20260412 16:56:34- INFO-   stk_get_daily_mktvalue_pt返回 4726 条记录
20260412 16:56:34- INFO-   步骤4: 合并数据...
20260412 16:56:34- INFO-   数据合并完成,最终返回 4726 条记录, 18 个字段
20260412 16:56:34- INFO- ✓ 2022-02-21 数据获取成功: 4726 条
20260412 16:56:35- INFO- 开始获取 2022-02-22 的掘金全市场数据...
20260412 16:56:35- INFO-   步骤1: 调用get_symbols获取基础信息...
20260412 16:56:35- INFO-   get_symbols返回 4727 条记录
20260412 16:56:35- INFO-   过滤后剩余 4727 只股票(已剔除未上市/已退市)
20260412 16:56:35- INFO-   步骤2: 调用history批量获取数据...
20260412 16:56:36- INFO-   history批量返回 4727 条记录
20260412 16:56:36- INFO-   步骤3: 调用stk_get_daily_mktvalue_pt获取市值数据...
20260412 16:56:36- INFO-   stk_get_daily_mktvalue_pt返回 4727 条记录
20260412 16:56:36- INFO-   步骤4: 合并数据...
20260412 16:56:36- INFO-   数据合并完成,最终返回 4727 条记录, 18 个字段
20260412 16:56:36- INFO- ✓ 2022-02-22 数据获取成功: 4727 条
20260412 16:56:37- INFO- 开始获取 2022-02-23 的掘金全市场数据...
20260412 16:56:37- INFO-   步骤1: 调用get_symbols获取基础信息...
20260412 16:56:37- INFO-   get_symbols返回 4728 条记录
20260412 16:56:37- INFO-   过滤后剩余 4728 只股票(已剔除未上市/已退市)
20260412 16:56:37- INFO-   步骤2: 调用history批量获取数据...
20260412 16:56:38- INFO-   history批量返回 4728 条记录
20260412 16:56:38- INFO-   步骤3: 调用stk_get_daily_mktvalue_pt获取市值数据...
20260412 16:56:38- INFO-   stk_get_daily_mktvalue_pt返回 4728 条记录
20260412 16:56:38- INFO-   步骤4: 合并数据...
20260412 16:56:38- INFO-   数据合并完成,最终返回 4728 条记录, 18 个字段
20260412 16:56:38- INFO- ✓ 2022-02-23 数据获取成功: 4728 条
20260412 16:56:38- INFO- 开始获取 2022-02-24 的掘金全市场数据...
20260412 16:56:38- INFO-   步骤1: 调用get_symbols获取基础信息...
20260412 16:56:39- INFO-   get_symbols返回 4729 条记录
20260412 16:56:39- INFO-   过滤后剩余 4729 只股票(已剔除未上市/已退市)
20260412 16:56:39- INFO-   步骤2: 调用history批量获取数据...
20260412 16:56:39- INFO-   history批量返回 4729 条记录
20260412 16:56:39- INFO-   步骤3: 调用stk_get_daily_mktvalue_pt获取市值数据...
20260412 16:56:40- INFO-   stk_get_daily_mktvalue_pt返回 4729 条记录
20260412 16:56:40- INFO-   步骤4: 合并数据...
20260412 16:56:40- INFO-   数据合并完成,最终返回 4729 条记录, 18 个字段
20260412 16:56:40- INFO- ✓ 2022-02-24 数据获取成功: 4729 条
20260412 16:56:40- INFO- 开始获取 2022-02-25 的掘金全市场数据...
20260412 16:56:40- INFO-   步骤1: 调用get_symbols获取基础信息...
20260412 16:56:41- INFO-   get_symbols返回 4728 条记录
20260412 16:56:41- INFO-   过滤后剩余 4728 只股票(已剔除未上市/已退市)
20260412 16:56:41- INFO-   步骤2: 调用history批量获取数据...
20260412 16:56:41- INFO-   history批量返回 4728 条记录
20260412 16:56:41- INFO-   步骤3: 调用stk_get_daily_mktvalue_pt获取市值数据...
20260412 16:56:41- INFO-   stk_get_daily_mktvalue_pt返回 4728 条记录
20260412 16:56:41- INFO-   步骤4: 合并数据...
20260412 16:56:42- INFO-   数据合并完成,最终返回 4728 条记录, 18 个字段
20260412 16:56:42- INFO- ✓ 2022-02-25 数据获取成功: 4728 条
20260412 16:56:42- INFO- 开始获取 2022-02-28 的掘金全市场数据...
20260412 16:56:42- INFO-   步骤1: 调用get_symbols获取基础信息...
20260412 16:56:43- INFO-   get_symbols返回 4730 条记录
20260412 16:56:43- INFO-   过滤后剩余 4730 只股票(已剔除未上市/已退市)
20260412 16:56:43- INFO-   步骤2: 调用history批量获取数据...
20260412 16:56:43- INFO-   history批量返回 4730 条记录
20260412 16:56:43- INFO-   步骤3: 调用stk_get_daily_mktvalue_pt获取市值数据...
20260412 16:56:43- INFO-   stk_get_daily_mktvalue_pt返回 4730 条记录
20260412 16:56:43- INFO-   步骤4: 合并数据...
20260412 16:56:43- INFO-   数据合并完成,最终返回 4730 条记录, 18 个字段
20260412 16:56:43- INFO- ✓ 2022-02-28 数据获取成功: 4730 条
20260412 16:56:44- INFO- 开始获取 2022-03-01 的掘金全市场数据...
20260412 16:56:44- INFO-   步骤1: 调用get_symbols获取基础信息...
20260412 16:56:45- INFO-   get_symbols返回 4731 条记录
20260412 16:56:45- INFO-   过滤后剩余 4731 只股票(已剔除未上市/已退市)
20260412 16:56:45- INFO-   步骤2: 调用history批量获取数据...
20260412 16:56:45- INFO-   history批量返回 4731 条记录
20260412 16:56:45- INFO-   步骤3: 调用stk_get_daily_mktvalue_pt获取市值数据...
20260412 16:56:45- INFO-   stk_get_daily_mktvalue_pt返回 4731 条记录
20260412 16:56:45- INFO-   步骤4: 合并数据...
20260412 16:56:45- INFO-   数据合并完成,最终返回 4731 条记录, 18 个字段
20260412 16:56:45- INFO- ✓ 2022-03-01 数据获取成功: 4731 条
20260412 16:56:46- INFO- 开始获取 2022-03-02 的掘金全市场数据...
20260412 16:56:46- INFO-   步骤1: 调用get_symbols获取基础信息...
20260412 16:56:47- INFO-   get_symbols返回 4730 条记录
20260412 16:56:47- INFO-   过滤后剩余 4730 只股票(已剔除未上市/已退市)
20260412 16:56:47- INFO-   步骤2: 调用history批量获取数据...
20260412 16:56:47- INFO-   history批量返回 4730 条记录
20260412 16:56:47- INFO-   步骤3: 调用stk_get_daily_mktvalue_pt获取市值数据...
20260412 16:56:47- INFO-   stk_get_daily_mktvalue_pt返回 4730 条记录
20260412 16:56:47- INFO-   步骤4: 合并数据...
20260412 16:56:47- INFO-   数据合并完成,最终返回 4730 条记录, 18 个字段
20260412 16:56:47- INFO- ✓ 2022-03-02 数据获取成功: 4730 条
20260412 16:56:48- INFO- 开始获取 2022-03-03 的掘金全市场数据...
20260412 16:56:48- INFO-   步骤1: 调用get_symbols获取基础信息...
20260412 16:56:48- INFO-   get_symbols返回 4729 条记录
20260412 16:56:48- INFO-   过滤后剩余 4729 只股票(已剔除未上市/已退市)
20260412 16:56:48- INFO-   步骤2: 调用history批量获取数据...
20260412 16:56:49- INFO-   history批量返回 4729 条记录
20260412 16:56:49- INFO-   步骤3: 调用stk_get_daily_mktvalue_pt获取市值数据...
20260412 16:56:49- INFO-   stk_get_daily_mktvalue_pt返回 4729 条记录
20260412 16:56:49- INFO-   步骤4: 合并数据...
20260412 16:56:49- INFO-   数据合并完成,最终返回 4729 条记录, 18 个字段
20260412 16:56:49- INFO- ✓ 2022-03-03 数据获取成功: 4729 条
20260412 16:56:49- INFO- 开始获取 2022-03-04 的掘金全市场数据...
20260412 16:56:49- INFO-   步骤1: 调用get_symbols获取基础信息...
20260412 16:56:50- INFO-   get_symbols返回 4730 条记录
20260412 16:56:50- INFO-   过滤后剩余 4730 只股票(已剔除未上市/已退市)
20260412 16:56:50- INFO-   步骤2: 调用history批量获取数据...
20260412 16:56:50- INFO-   history批量返回 4730 条记录
20260412 16:56:50- INFO-   步骤3: 调用stk_get_daily_mktvalue_pt获取市值数据...
20260412 16:56:51- INFO-   stk_get_daily_mktvalue_pt返回 4730 条记录
20260412 16:56:51- INFO-   步骤4: 合并数据...
20260412 16:56:51- INFO-   数据合并完成,最终返回 4730 条记录, 18 个字段
20260412 16:56:51- INFO- ✓ 2022-03-04 数据获取成功: 4730 条
20260412 16:56:51- INFO- 开始获取 2022-03-07 的掘金全市场数据...
20260412 16:56:51- INFO-   步骤1: 调用get_symbols获取基础信息...
20260412 16:56:52- INFO-   get_symbols返回 4731 条记录
20260412 16:56:52- INFO-   过滤后剩余 4731 只股票(已剔除未上市/已退市)
20260412 16:56:52- INFO-   步骤2: 调用history批量获取数据...
20260412 16:56:52- INFO-   history批量返回 4731 条记录
20260412 16:56:52- INFO-   步骤3: 调用stk_get_daily_mktvalue_pt获取市值数据...
20260412 16:56:52- INFO-   stk_get_daily_mktvalue_pt返回 4731 条记录
20260412 16:56:52- INFO-   步骤4: 合并数据...
20260412 16:56:53- INFO-   数据合并完成,最终返回 4731 条记录, 18 个字段
20260412 16:56:53- INFO- ✓ 2022-03-07 数据获取成功: 4731 条
20260412 16:56:53- INFO- 开始获取 2022-03-08 的掘金全市场数据...
20260412 16:56:53- INFO-   步骤1: 调用get_symbols获取基础信息...
20260412 16:56:54- INFO-   get_symbols返回 4729 条记录
20260412 16:56:54- INFO-   过滤后剩余 4729 只股票(已剔除未上市/已退市)
20260412 16:56:54- INFO-   步骤2: 调用history批量获取数据...
20260412 16:56:54- INFO-   history批量返回 4729 条记录
20260412 16:56:54- INFO-   步骤3: 调用stk_get_daily_mktvalue_pt获取市值数据...
20260412 16:56:54- INFO-   stk_get_daily_mktvalue_pt返回 4729 条记录
20260412 16:56:54- INFO-   步骤4: 合并数据...
20260412 16:56:54- INFO-   数据合并完成,最终返回 4729 条记录, 18 个字段
20260412 16:56:54- INFO- ✓ 2022-03-08 数据获取成功: 4729 条
20260412 16:56:55- INFO- 开始获取 2022-03-09 的掘金全市场数据...
20260412 16:56:55- INFO-   步骤1: 调用get_symbols获取基础信息...
20260412 16:56:55- INFO-   get_symbols返回 4728 条记录
20260412 16:56:56- INFO-   过滤后剩余 4728 只股票(已剔除未上市/已退市)
20260412 16:56:56- INFO-   步骤2: 调用history批量获取数据...
20260412 16:56:56- INFO-   history批量返回 4728 条记录
20260412 16:56:56- INFO-   步骤3: 调用stk_get_daily_mktvalue_pt获取市值数据...
20260412 16:56:56- INFO-   stk_get_daily_mktvalue_pt返回 4728 条记录
20260412 16:56:56- INFO-   步骤4: 合并数据...
20260412 16:56:56- INFO-   数据合并完成,最终返回 4728 条记录, 18 个字段
20260412 16:56:56- INFO- ✓ 2022-03-09 数据获取成功: 4728 条
20260412 16:56:57- INFO- 开始获取 2022-03-10 的掘金全市场数据...
20260412 16:56:57- INFO-   步骤1: 调用get_symbols获取基础信息...
20260412 16:56:57- INFO-   get_symbols返回 4730 条记录
20260412 16:56:57- INFO-   过滤后剩余 4730 只股票(已剔除未上市/已退市)
20260412 16:56:57- INFO-   步骤2: 调用history批量获取数据...
20260412 16:56:58- INFO-   history批量返回 4730 条记录
20260412 16:56:58- INFO-   步骤3: 调用stk_get_daily_mktvalue_pt获取市值数据...
20260412 16:56:58- INFO-   stk_get_daily_mktvalue_pt返回 4730 条记录
20260412 16:56:58- INFO-   步骤4: 合并数据...
20260412 16:56:58- INFO-   数据合并完成,最终返回 4730 条记录, 18 个字段
20260412 16:56:58- INFO- ✓ 2022-03-10 数据获取成功: 4730 条
20260412 16:56:58- INFO- 开始获取 2022-03-11 的掘金全市场数据...
20260412 16:56:58- INFO-   步骤1: 调用get_symbols获取基础信息...
20260412 16:56:59- INFO-   get_symbols返回 4733 条记录
20260412 16:56:59- INFO-   过滤后剩余 4733 只股票(已剔除未上市/已退市)
20260412 16:56:59- INFO-   步骤2: 调用history批量获取数据...
20260412 16:56:59- INFO-   history批量返回 4733 条记录
20260412 16:56:59- INFO-   步骤3: 调用stk_get_daily_mktvalue_pt获取市值数据...
20260412 16:57:00- INFO-   stk_get_daily_mktvalue_pt返回 4733 条记录
20260412 16:57:00- INFO-   步骤4: 合并数据...
20260412 16:57:00- INFO-   数据合并完成,最终返回 4733 条记录, 18 个字段
20260412 16:57:00- INFO- ✓ 2022-03-11 数据获取成功: 4733 条
20260412 16:57:00- INFO- 开始获取 2022-03-14 的掘金全市场数据...
20260412 16:57:00- INFO-   步骤1: 调用get_symbols获取基础信息...
20260412 16:57:01- INFO-   get_symbols返回 4738 条记录
20260412 16:57:01- INFO-   过滤后剩余 4738 只股票(已剔除未上市/已退市)
20260412 16:57:01- INFO-   步骤2: 调用history批量获取数据...
20260412 16:57:01- INFO-   history批量返回 4738 条记录
20260412 16:57:01- INFO-   步骤3: 调用stk_get_daily_mktvalue_pt获取市值数据...
20260412 16:57:01- INFO-   stk_get_daily_mktvalue_pt返回 4738 条记录
20260412 16:57:01- INFO-   步骤4: 合并数据...
20260412 16:57:01- INFO-   数据合并完成,最终返回 4738 条记录, 18 个字段
20260412 16:57:01- INFO- ✓ 2022-03-14 数据获取成功: 4738 条
20260412 16:57:02- INFO- 开始获取 2022-03-15 的掘金全市场数据...
20260412 16:57:02- INFO-   步骤1: 调用get_symbols获取基础信息...
20260412 16:57:03- INFO-   get_symbols返回 4742 条记录
20260412 16:57:03- INFO-   过滤后剩余 4742 只股票(已剔除未上市/已退市)
20260412 16:57:03- INFO-   步骤2: 调用history批量获取数据...
20260412 16:57:03- INFO-   history批量返回 4742 条记录
20260412 16:57:03- INFO-   步骤3: 调用stk_get_daily_mktvalue_pt获取市值数据...
20260412 16:57:03- INFO-   stk_get_daily_mktvalue_pt返回 4742 条记录
20260412 16:57:03- INFO-   步骤4: 合并数据...
20260412 16:57:03- INFO-   数据合并完成,最终返回 4742 条记录, 18 个字段
20260412 16:57:03- INFO- ✓ 2022-03-15 数据获取成功: 4742 条
20260412 16:57:04- INFO- 开始获取 2022-03-16 的掘金全市场数据...
20260412 16:57:04- INFO-   步骤1: 调用get_symbols获取基础信息...
20260412 16:57:04- INFO-   get_symbols返回 4743 条记录
20260412 16:57:04- INFO-   过滤后剩余 4743 只股票(已剔除未上市/已退市)
20260412 16:57:04- INFO-   步骤2: 调用history批量获取数据...
20260412 16:57:05- INFO-   history批量返回 4743 条记录
20260412 16:57:05- INFO-   步骤3: 调用stk_get_daily_mktvalue_pt获取市值数据...
20260412 16:57:05- INFO-   stk_get_daily_mktvalue_pt返回 4743 条记录
20260412 16:57:05- INFO-   步骤4: 合并数据...
20260412 16:57:05- INFO-   数据合并完成,最终返回 4743 条记录, 18 个字段
20260412 16:57:05- INFO- ✓ 2022-03-16 数据获取成功: 4743 条
20260412 16:57:06- INFO- 开始获取 2022-03-17 的掘金全市场数据...
20260412 16:57:06- INFO-   步骤1: 调用get_symbols获取基础信息...
20260412 16:57:06- INFO-   get_symbols返回 4745 条记录
20260412 16:57:06- INFO-   过滤后剩余 4745 只股票(已剔除未上市/已退市)
20260412 16:57:06- INFO-   步骤2: 调用history批量获取数据...
20260412 16:57:07- INFO-   history批量返回 4745 条记录
20260412 16:57:07- INFO-   步骤3: 调用stk_get_daily_mktvalue_pt获取市值数据...
20260412 16:57:07- INFO-   stk_get_daily_mktvalue_pt返回 4745 条记录
20260412 16:57:07- INFO-   步骤4: 合并数据...
20260412 16:57:07- INFO-   数据合并完成,最终返回 4745 条记录, 18 个字段
20260412 16:57:07- INFO- ✓ 2022-03-17 数据获取成功: 4745 条
20260412 16:57:07- INFO- 开始获取 2022-03-18 的掘金全市场数据...
20260412 16:57:07- INFO-   步骤1: 调用get_symbols获取基础信息...
20260412 16:57:08- INFO-   get_symbols返回 4747 条记录
20260412 16:57:08- INFO-   过滤后剩余 4747 只股票(已剔除未上市/已退市)
20260412 16:57:08- INFO-   步骤2: 调用history批量获取数据...
20260412 16:57:08- INFO-   history批量返回 4747 条记录
20260412 16:57:08- INFO-   步骤3: 调用stk_get_daily_mktvalue_pt获取市值数据...
20260412 16:57:09- INFO-   stk_get_daily_mktvalue_pt返回 4747 条记录
20260412 16:57:09- INFO-   步骤4: 合并数据...
20260412 16:57:09- INFO-   数据合并完成,最终返回 4747 条记录, 18 个字段
20260412 16:57:09- INFO- ✓ 2022-03-18 数据获取成功: 4747 条
20260412 16:57:09- INFO- 开始获取 2022-03-21 的掘金全市场数据...
20260412 16:57:09- INFO-   步骤1: 调用get_symbols获取基础信息...
20260412 16:57:10- INFO-   get_symbols返回 4748 条记录
20260412 16:57:10- INFO-   过滤后剩余 4748 只股票(已剔除未上市/已退市)
20260412 16:57:10- INFO-   步骤2: 调用history批量获取数据...
20260412 16:57:10- INFO-   history批量返回 4748 条记录
20260412 16:57:10- INFO-   步骤3: 调用stk_get_daily_mktvalue_pt获取市值数据...
20260412 16:57:10- INFO-   stk_get_daily_mktvalue_pt返回 4748 条记录
20260412 16:57:10- INFO-   步骤4: 合并数据...
20260412 16:57:10- INFO-   数据合并完成,最终返回 4748 条记录, 18 个字段
20260412 16:57:10- INFO- ✓ 2022-03-21 数据获取成功: 4748 条
20260412 16:57:11- INFO- 开始获取 2022-03-22 的掘金全市场数据...
20260412 16:57:11- INFO-   步骤1: 调用get_symbols获取基础信息...
20260412 16:57:12- INFO-   get_symbols返回 4754 条记录
20260412 16:57:12- INFO-   过滤后剩余 4754 只股票(已剔除未上市/已退市)
20260412 16:57:12- INFO-   步骤2: 调用history批量获取数据...
20260412 16:57:12- INFO-   history批量返回 4754 条记录
20260412 16:57:12- INFO-   步骤3: 调用stk_get_daily_mktvalue_pt获取市值数据...
20260412 16:57:12- INFO-   stk_get_daily_mktvalue_pt返回 4754 条记录
20260412 16:57:12- INFO-   步骤4: 合并数据...
20260412 16:57:12- INFO-   数据合并完成,最终返回 4754 条记录, 18 个字段
20260412 16:57:12- INFO- ✓ 2022-03-22 数据获取成功: 4754 条
20260412 16:57:13- INFO- 开始获取 2022-03-23 的掘金全市场数据...
20260412 16:57:13- INFO-   步骤1: 调用get_symbols获取基础信息...
20260412 16:57:14- INFO-   get_symbols返回 4757 条记录
20260412 16:57:14- INFO-   过滤后剩余 4757 只股票(已剔除未上市/已退市)
20260412 16:57:14- INFO-   步骤2: 调用history批量获取数据...
20260412 16:57:14- INFO-   history批量返回 4757 条记录
20260412 16:57:14- INFO-   步骤3: 调用stk_get_daily_mktvalue_pt获取市值数据...
20260412 16:57:14- INFO-   stk_get_daily_mktvalue_pt返回 4757 条记录
20260412 16:57:14- INFO-   步骤4: 合并数据...
20260412 16:57:14- INFO-   数据合并完成,最终返回 4757 条记录, 18 个字段
20260412 16:57:14- INFO- ✓ 2022-03-23 数据获取成功: 4757 条
20260412 16:57:15- INFO- 开始获取 2022-03-24 的掘金全市场数据...
20260412 16:57:15- INFO-   步骤1: 调用get_symbols获取基础信息...
20260412 16:57:15- INFO-   get_symbols返回 4756 条记录
20260412 16:57:15- INFO-   过滤后剩余 4756 只股票(已剔除未上市/已退市)
20260412 16:57:15- INFO-   步骤2: 调用history批量获取数据...
20260412 16:57:16- INFO-   history批量返回 4756 条记录
20260412 16:57:16- INFO-   步骤3: 调用stk_get_daily_mktvalue_pt获取市值数据...
20260412 16:57:16- INFO-   stk_get_daily_mktvalue_pt返回 4756 条记录
20260412 16:57:16- INFO-   步骤4: 合并数据...
20260412 16:57:16- INFO-   数据合并完成,最终返回 4756 条记录, 18 个字段
20260412 16:57:16- INFO- ✓ 2022-03-24 数据获取成功: 4756 条
20260412 16:57:17- INFO- 开始获取 2022-03-25 的掘金全市场数据...
20260412 16:57:17- INFO-   步骤1: 调用get_symbols获取基础信息...
20260412 16:57:17- INFO-   get_symbols返回 4756 条记录
20260412 16:57:17- INFO-   过滤后剩余 4756 只股票(已剔除未上市/已退市)
20260412 16:57:17- INFO-   步骤2: 调用history批量获取数据...
20260412 16:57:17- INFO-   history批量返回 4756 条记录
20260412 16:57:17- INFO-   步骤3: 调用stk_get_daily_mktvalue_pt获取市值数据...
20260412 16:57:18- INFO-   stk_get_daily_mktvalue_pt返回 4756 条记录
20260412 16:57:18- INFO-   步骤4: 合并数据...
20260412 16:57:18- INFO-   数据合并完成,最终返回 4756 条记录, 18 个字段
20260412 16:57:18- INFO- ✓ 2022-03-25 数据获取成功: 4756 条
20260412 16:57:18- INFO- 开始获取 2022-03-28 的掘金全市场数据...
20260412 16:57:18- INFO-   步骤1: 调用get_symbols获取基础信息...
20260412 16:57:19- INFO-   get_symbols返回 4758 条记录
20260412 16:57:19- INFO-   过滤后剩余 4758 只股票(已剔除未上市/已退市)
20260412 16:57:19- INFO-   步骤2: 调用history批量获取数据...
20260412 16:57:19- INFO-   history批量返回 4758 条记录
20260412 16:57:19- INFO-   步骤3: 调用stk_get_daily_mktvalue_pt获取市值数据...
20260412 16:57:20- INFO-   stk_get_daily_mktvalue_pt返回 4758 条记录
20260412 16:57:20- INFO-   步骤4: 合并数据...
20260412 16:57:20- INFO-   数据合并完成,最终返回 4758 条记录, 18 个字段
20260412 16:57:20- INFO- ✓ 2022-03-28 数据获取成功: 4758 条
20260412 16:57:20- INFO- 开始获取 2022-03-29 的掘金全市场数据...
20260412 16:57:20- INFO-   步骤1: 调用get_symbols获取基础信息...
20260412 16:57:21- INFO-   get_symbols返回 4761 条记录
20260412 16:57:21- INFO-   过滤后剩余 4761 只股票(已剔除未上市/已退市)
20260412 16:57:21- INFO-   步骤2: 调用history批量获取数据...
20260412 16:57:21- INFO-   history批量返回 4761 条记录
20260412 16:57:21- INFO-   步骤3: 调用stk_get_daily_mktvalue_pt获取市值数据...
20260412 16:57:21- INFO-   stk_get_daily_mktvalue_pt返回 4761 条记录
20260412 16:57:21- INFO-   步骤4: 合并数据...
20260412 16:57:21- INFO-   数据合并完成,最终返回 4761 条记录, 18 个字段
20260412 16:57:21- INFO- ✓ 2022-03-29 数据获取成功: 4761 条
20260412 16:57:22- INFO- 开始获取 2022-03-30 的掘金全市场数据...
20260412 16:57:22- INFO-   步骤1: 调用get_symbols获取基础信息...
20260412 16:57:23- INFO-   get_symbols返回 4762 条记录
20260412 16:57:23- INFO-   过滤后剩余 4762 只股票(已剔除未上市/已退市)
20260412 16:57:23- INFO-   步骤2: 调用history批量获取数据...
20260412 16:57:23- INFO-   history批量返回 4762 条记录
20260412 16:57:23- INFO-   步骤3: 调用stk_get_daily_mktvalue_pt获取市值数据...
20260412 16:57:23- INFO-   stk_get_daily_mktvalue_pt返回 4762 条记录
20260412 16:57:23- INFO-   步骤4: 合并数据...
20260412 16:57:23- INFO-   数据合并完成,最终返回 4762 条记录, 18 个字段
20260412 16:57:23- INFO- ✓ 2022-03-30 数据获取成功: 4762 条
20260412 16:57:24- INFO- 开始获取 2022-03-31 的掘金全市场数据...
20260412 16:57:24- INFO-   步骤1: 调用get_symbols获取基础信息...
20260412 16:57:24- INFO-   get_symbols返回 4757 条记录
20260412 16:57:24- INFO-   过滤后剩余 4757 只股票(已剔除未上市/已退市)
20260412 16:57:24- INFO-   步骤2: 调用history批量获取数据...
20260412 16:57:25- INFO-   history批量返回 4757 条记录
20260412 16:57:25- INFO-   步骤3: 调用stk_get_daily_mktvalue_pt获取市值数据...
20260412 16:59:16- INFO-   stk_get_daily_mktvalue_pt返回 4757 条记录
20260412 16:59:16- INFO-   步骤4: 合并数据...
20260412 16:59:16- INFO-   数据合并完成,最终返回 4757 条记录, 18 个字段
20260412 16:59:16- INFO- ✓ 2022-03-31 数据获取成功: 4757 条
20260412 16:59:16- INFO- 开始获取 2022-04-01 的掘金全市场数据...
20260412 16:59:16- INFO-   步骤1: 调用get_symbols获取基础信息...
20260412 16:59:17- INFO-   get_symbols返回 4758 条记录
20260412 16:59:17- INFO-   过滤后剩余 4758 只股票(已剔除未上市/已退市)
20260412 16:59:17- INFO-   步骤2: 调用history批量获取数据...
20260412 16:59:17- INFO-   history批量返回 4758 条记录
20260412 16:59:17- INFO-   步骤3: 调用stk_get_daily_mktvalue_pt获取市值数据...
20260412 16:59:17- INFO-   stk_get_daily_mktvalue_pt返回 4758 条记录
20260412 16:59:17- INFO-   步骤4: 合并数据...
20260412 16:59:17- INFO-   数据合并完成,最终返回 4758 条记录, 18 个字段
20260412 16:59:17- INFO- ✓ 2022-04-01 数据获取成功: 4758 条
20260412 16:59:18- INFO- 开始获取 2022-04-04 的掘金全市场数据...
20260412 16:59:18- INFO-   步骤1: 调用get_symbols获取基础信息...
20260412 16:59:18- WARNING- 2022-04-04 get_symbols返回空数据
20260412 16:59:18- WARNING- ✗ 2022-04-04 无数据
20260412 16:59:19- INFO- 开始获取 2022-04-05 的掘金全市场数据...
20260412 16:59:19- INFO-   步骤1: 调用get_symbols获取基础信息...
20260412 16:59:19- WARNING- 2022-04-05 get_symbols返回空数据
20260412 16:59:19- WARNING- ✗ 2022-04-05 无数据
20260412 16:59:19- INFO- 开始获取 2022-04-06 的掘金全市场数据...
20260412 16:59:19- INFO-   步骤1: 调用get_symbols获取基础信息...
20260412 16:59:20- INFO-   get_symbols返回 4757 条记录
20260412 16:59:20- INFO-   过滤后剩余 4757 只股票(已剔除未上市/已退市)
20260412 16:59:20- INFO-   步骤2: 调用history批量获取数据...
20260412 16:59:20- INFO-   history批量返回 4757 条记录
20260412 16:59:20- INFO-   步骤3: 调用stk_get_daily_mktvalue_pt获取市值数据...
20260412 16:59:21- INFO-   stk_get_daily_mktvalue_pt返回 4757 条记录
20260412 16:59:21- INFO-   步骤4: 合并数据...
20260412 16:59:21- INFO-   数据合并完成,最终返回 4757 条记录, 18 个字段
20260412 16:59:21- INFO- ✓ 2022-04-06 数据获取成功: 4757 条
20260412 16:59:21- INFO- 开始获取 2022-04-07 的掘金全市场数据...
20260412 16:59:21- INFO-   步骤1: 调用get_symbols获取基础信息...
20260412 16:59:22- INFO-   get_symbols返回 4758 条记录
20260412 16:59:22- INFO-   过滤后剩余 4758 只股票(已剔除未上市/已退市)
20260412 16:59:22- INFO-   步骤2: 调用history批量获取数据...
20260412 16:59:22- INFO-   history批量返回 4758 条记录
20260412 16:59:22- INFO-   步骤3: 调用stk_get_daily_mktvalue_pt获取市值数据...
20260412 16:59:22- INFO-   stk_get_daily_mktvalue_pt返回 4758 条记录
20260412 16:59:22- INFO-   步骤4: 合并数据...
20260412 16:59:22- INFO-   数据合并完成,最终返回 4758 条记录, 18 个字段
20260412 16:59:22- INFO- ✓ 2022-04-07 数据获取成功: 4758 条
20260412 16:59:23- INFO- 开始获取 2022-04-08 的掘金全市场数据...
20260412 16:59:23- INFO-   步骤1: 调用get_symbols获取基础信息...
20260412 16:59:24- INFO-   get_symbols返回 4759 条记录
20260412 16:59:24- INFO-   过滤后剩余 4759 只股票(已剔除未上市/已退市)
20260412 16:59:24- INFO-   步骤2: 调用history批量获取数据...
20260412 16:59:24- INFO-   history批量返回 4759 条记录
20260412 16:59:24- INFO-   步骤3: 调用stk_get_daily_mktvalue_pt获取市值数据...
20260412 16:59:24- INFO-   stk_get_daily_mktvalue_pt返回 4759 条记录
20260412 16:59:24- INFO-   步骤4: 合并数据...
20260412 16:59:24- INFO-   数据合并完成,最终返回 4759 条记录, 18 个字段
20260412 16:59:24- INFO- ✓ 2022-04-08 数据获取成功: 4759 条
20260412 16:59:25- INFO- 开始获取 2022-04-11 的掘金全市场数据...
20260412 16:59:25- INFO-   步骤1: 调用get_symbols获取基础信息...
20260412 16:59:25- INFO-   get_symbols返回 4759 条记录
20260412 16:59:25- INFO-   过滤后剩余 4759 只股票(已剔除未上市/已退市)
20260412 16:59:25- INFO-   步骤2: 调用history批量获取数据...
20260412 16:59:26- INFO-   history批量返回 4759 条记录
20260412 16:59:26- INFO-   步骤3: 调用stk_get_daily_mktvalue_pt获取市值数据...
20260412 16:59:26- INFO-   stk_get_daily_mktvalue_pt返回 4759 条记录
20260412 16:59:26- INFO-   步骤4: 合并数据...
20260412 16:59:26- INFO-   数据合并完成,最终返回 4759 条记录, 18 个字段
20260412 16:59:26- INFO- ✓ 2022-04-11 数据获取成功: 4759 条
20260412 16:59:26- INFO- 开始获取 2022-04-12 的掘金全市场数据...
20260412 16:59:26- INFO-   步骤1: 调用get_symbols获取基础信息...
20260412 16:59:27- INFO-   get_symbols返回 4764 条记录
20260412 16:59:27- INFO-   过滤后剩余 4764 只股票(已剔除未上市/已退市)
20260412 16:59:27- INFO-   步骤2: 调用history批量获取数据...
20260412 16:59:27- INFO-   history批量返回 4764 条记录
20260412 16:59:27- INFO-   步骤3: 调用stk_get_daily_mktvalue_pt获取市值数据...
20260412 16:59:28- INFO-   stk_get_daily_mktvalue_pt返回 4764 条记录
20260412 16:59:28- INFO-   步骤4: 合并数据...
20260412 16:59:28- INFO-   数据合并完成,最终返回 4764 条记录, 18 个字段
20260412 16:59:28- INFO- ✓ 2022-04-12 数据获取成功: 4764 条
20260412 16:59:28- INFO- 开始获取 2022-04-13 的掘金全市场数据...
20260412 16:59:28- INFO-   步骤1: 调用get_symbols获取基础信息...
20260412 16:59:29- INFO-   get_symbols返回 4768 条记录
20260412 16:59:29- INFO-   过滤后剩余 4768 只股票(已剔除未上市/已退市)
20260412 16:59:29- INFO-   步骤2: 调用history批量获取数据...
20260412 16:59:29- INFO-   history批量返回 4768 条记录
20260412 16:59:29- INFO-   步骤3: 调用stk_get_daily_mktvalue_pt获取市值数据...
20260412 16:59:30- INFO-   stk_get_daily_mktvalue_pt返回 4768 条记录
20260412 16:59:30- INFO-   步骤4: 合并数据...
20260412 16:59:30- INFO-   数据合并完成,最终返回 4768 条记录, 18 个字段
20260412 16:59:30- INFO- ✓ 2022-04-13 数据获取成功: 4768 条
20260412 16:59:30- INFO- 开始获取 2022-04-14 的掘金全市场数据...
20260412 16:59:30- INFO-   步骤1: 调用get_symbols获取基础信息...
20260412 16:59:31- INFO-   get_symbols返回 4769 条记录
20260412 16:59:31- INFO-   过滤后剩余 4769 只股票(已剔除未上市/已退市)
20260412 16:59:31- INFO-   步骤2: 调用history批量获取数据...
20260412 16:59:31- INFO-   history批量返回 4769 条记录
20260412 16:59:31- INFO-   步骤3: 调用stk_get_daily_mktvalue_pt获取市值数据...
20260412 16:59:31- INFO-   stk_get_daily_mktvalue_pt返回 4769 条记录
20260412 16:59:31- INFO-   步骤4: 合并数据...
20260412 16:59:31- INFO-   数据合并完成,最终返回 4769 条记录, 18 个字段
20260412 16:59:31- INFO- ✓ 2022-04-14 数据获取成功: 4769 条
20260412 16:59:32- INFO- 开始获取 2022-04-15 的掘金全市场数据...
20260412 16:59:32- INFO-   步骤1: 调用get_symbols获取基础信息...
20260412 16:59:33- INFO-   get_symbols返回 4766 条记录
20260412 16:59:33- INFO-   过滤后剩余 4766 只股票(已剔除未上市/已退市)
20260412 16:59:33- INFO-   步骤2: 调用history批量获取数据...
20260412 16:59:33- INFO-   history批量返回 4766 条记录
20260412 16:59:33- INFO-   步骤3: 调用stk_get_daily_mktvalue_pt获取市值数据...
20260412 16:59:33- INFO-   stk_get_daily_mktvalue_pt返回 4766 条记录
20260412 16:59:33- INFO-   步骤4: 合并数据...
20260412 16:59:33- INFO-   数据合并完成,最终返回 4766 条记录, 18 个字段
20260412 16:59:33- INFO- ✓ 2022-04-15 数据获取成功: 4766 条
20260412 16:59:34- INFO- 开始获取 2022-04-18 的掘金全市场数据...
20260412 16:59:34- INFO-   步骤1: 调用get_symbols获取基础信息...
20260412 16:59:34- INFO-   get_symbols返回 4763 条记录
20260412 16:59:34- INFO-   过滤后剩余 4763 只股票(已剔除未上市/已退市)
20260412 16:59:34- INFO-   步骤2: 调用history批量获取数据...
20260412 16:59:35- INFO-   history批量返回 4763 条记录
20260412 16:59:35- INFO-   步骤3: 调用stk_get_daily_mktvalue_pt获取市值数据...
20260412 16:59:35- INFO-   stk_get_daily_mktvalue_pt返回 4763 条记录
20260412 16:59:35- INFO-   步骤4: 合并数据...
20260412 16:59:35- INFO-   数据合并完成,最终返回 4763 条记录, 18 个字段
20260412 16:59:35- INFO- ✓ 2022-04-18 数据获取成功: 4763 条
20260412 16:59:36- INFO- 开始获取 2022-04-19 的掘金全市场数据...
20260412 16:59:36- INFO-   步骤1: 调用get_symbols获取基础信息...
20260412 16:59:36- INFO-   get_symbols返回 4768 条记录
20260412 16:59:36- INFO-   过滤后剩余 4768 只股票(已剔除未上市/已退市)
20260412 16:59:36- INFO-   步骤2: 调用history批量获取数据...
20260412 16:59:36- INFO-   history批量返回 4768 条记录
20260412 16:59:36- INFO-   步骤3: 调用stk_get_daily_mktvalue_pt获取市值数据...
20260412 16:59:37- INFO-   stk_get_daily_mktvalue_pt返回 4768 条记录
20260412 16:59:37- INFO-   步骤4: 合并数据...
20260412 16:59:37- INFO-   数据合并完成,最终返回 4768 条记录, 18 个字段
20260412 16:59:37- INFO- ✓ 2022-04-19 数据获取成功: 4768 条
20260412 16:59:37- INFO- 开始获取 2022-04-20 的掘金全市场数据...
20260412 16:59:37- INFO-   步骤1: 调用get_symbols获取基础信息...
20260412 16:59:38- INFO-   get_symbols返回 4772 条记录
20260412 16:59:38- INFO-   过滤后剩余 4772 只股票(已剔除未上市/已退市)
20260412 16:59:38- INFO-   步骤2: 调用history批量获取数据...
20260412 16:59:38- INFO-   history批量返回 4772 条记录
20260412 16:59:38- INFO-   步骤3: 调用stk_get_daily_mktvalue_pt获取市值数据...
20260412 16:59:39- INFO-   stk_get_daily_mktvalue_pt返回 4772 条记录
20260412 16:59:39- INFO-   步骤4: 合并数据...
20260412 16:59:39- INFO-   数据合并完成,最终返回 4772 条记录, 18 个字段
20260412 16:59:39- INFO- ✓ 2022-04-20 数据获取成功: 4772 条
20260412 16:59:39- INFO- 开始获取 2022-04-21 的掘金全市场数据...
20260412 16:59:39- INFO-   步骤1: 调用get_symbols获取基础信息...
20260412 16:59:40- INFO-   get_symbols返回 4777 条记录
20260412 16:59:40- INFO-   过滤后剩余 4777 只股票(已剔除未上市/已退市)
20260412 16:59:40- INFO-   步骤2: 调用history批量获取数据...
20260412 16:59:40- INFO-   history批量返回 4777 条记录
20260412 16:59:40- INFO-   步骤3: 调用stk_get_daily_mktvalue_pt获取市值数据...
20260412 16:59:41- INFO-   stk_get_daily_mktvalue_pt返回 4777 条记录
20260412 16:59:41- INFO-   步骤4: 合并数据...
20260412 16:59:41- INFO-   数据合并完成,最终返回 4777 条记录, 18 个字段
20260412 16:59:41- INFO- ✓ 2022-04-21 数据获取成功: 4777 条
20260412 16:59:41- INFO- 开始获取 2022-04-22 的掘金全市场数据...
20260412 16:59:41- INFO-   步骤1: 调用get_symbols获取基础信息...
20260412 16:59:42- INFO-   get_symbols返回 4780 条记录
20260412 16:59:42- INFO-   过滤后剩余 4780 只股票(已剔除未上市/已退市)
20260412 16:59:42- INFO-   步骤2: 调用history批量获取数据...
20260412 16:59:42- INFO-   history批量返回 4780 条记录
20260412 16:59:42- INFO-   步骤3: 调用stk_get_daily_mktvalue_pt获取市值数据...
20260412 16:59:42- INFO-   stk_get_daily_mktvalue_pt返回 4780 条记录
20260412 16:59:42- INFO-   步骤4: 合并数据...
20260412 16:59:42- INFO-   数据合并完成,最终返回 4780 条记录, 18 个字段
20260412 16:59:42- INFO- ✓ 2022-04-22 数据获取成功: 4780 条
20260412 16:59:43- INFO- 开始获取 2022-04-25 的掘金全市场数据...
20260412 16:59:43- INFO-   步骤1: 调用get_symbols获取基础信息...
20260412 16:59:43- INFO-   get_symbols返回 4780 条记录
20260412 16:59:43- INFO-   过滤后剩余 4780 只股票(已剔除未上市/已退市)
20260412 16:59:43- INFO-   步骤2: 调用history批量获取数据...
20260412 16:59:44- INFO-   history批量返回 4780 条记录
20260412 16:59:44- INFO-   步骤3: 调用stk_get_daily_mktvalue_pt获取市值数据...
20260412 16:59:44- INFO-   stk_get_daily_mktvalue_pt返回 4780 条记录
20260412 16:59:44- INFO-   步骤4: 合并数据...
20260412 16:59:44- INFO-   数据合并完成,最终返回 4780 条记录, 18 个字段
20260412 16:59:44- INFO- ✓ 2022-04-25 数据获取成功: 4780 条
20260412 16:59:45- INFO- 开始获取 2022-04-26 的掘金全市场数据...
20260412 16:59:45- INFO-   步骤1: 调用get_symbols获取基础信息...
20260412 16:59:45- INFO-   get_symbols返回 4777 条记录
20260412 16:59:45- INFO-   过滤后剩余 4777 只股票(已剔除未上市/已退市)
20260412 16:59:45- INFO-   步骤2: 调用history批量获取数据...
20260412 16:59:46- INFO-   history批量返回 4777 条记录
20260412 16:59:46- INFO-   步骤3: 调用stk_get_daily_mktvalue_pt获取市值数据...
20260412 16:59:46- INFO-   stk_get_daily_mktvalue_pt返回 4777 条记录
20260412 16:59:46- INFO-   步骤4: 合并数据...
20260412 16:59:46- INFO-   数据合并完成,最终返回 4777 条记录, 18 个字段
20260412 16:59:46- INFO- ✓ 2022-04-26 数据获取成功: 4777 条
20260412 16:59:46- INFO- 开始获取 2022-04-27 的掘金全市场数据...
20260412 16:59:46- INFO-   步骤1: 调用get_symbols获取基础信息...
20260412 16:59:47- INFO-   get_symbols返回 4773 条记录
20260412 16:59:47- INFO-   过滤后剩余 4773 只股票(已剔除未上市/已退市)
20260412 16:59:47- INFO-   步骤2: 调用history批量获取数据...
20260412 16:59:47- INFO-   history批量返回 4773 条记录
20260412 16:59:47- INFO-   步骤3: 调用stk_get_daily_mktvalue_pt获取市值数据...
20260412 16:59:48- INFO-   stk_get_daily_mktvalue_pt返回 4773 条记录
20260412 16:59:48- INFO-   步骤4: 合并数据...
20260412 16:59:48- INFO-   数据合并完成,最终返回 4773 条记录, 18 个字段
20260412 16:59:48- INFO- ✓ 2022-04-27 数据获取成功: 4773 条
20260412 16:59:48- INFO- 开始获取 2022-04-28 的掘金全市场数据...
20260412 16:59:48- INFO-   步骤1: 调用get_symbols获取基础信息...
20260412 16:59:49- INFO-   get_symbols返回 4766 条记录
20260412 16:59:49- INFO-   过滤后剩余 4766 只股票(已剔除未上市/已退市)
20260412 16:59:49- INFO-   步骤2: 调用history批量获取数据...
20260412 16:59:49- INFO-   history批量返回 4766 条记录
20260412 16:59:49- INFO-   步骤3: 调用stk_get_daily_mktvalue_pt获取市值数据...
20260412 16:59:50- INFO-   stk_get_daily_mktvalue_pt返回 4766 条记录
20260412 16:59:50- INFO-   步骤4: 合并数据...
20260412 16:59:50- INFO-   数据合并完成,最终返回 4766 条记录, 18 个字段
20260412 16:59:50- INFO- ✓ 2022-04-28 数据获取成功: 4766 条
20260412 16:59:50- INFO- 开始获取 2022-04-29 的掘金全市场数据...
20260412 16:59:50- INFO-   步骤1: 调用get_symbols获取基础信息...
20260412 16:59:51- INFO-   get_symbols返回 4766 条记录
20260412 16:59:51- INFO-   过滤后剩余 4766 只股票(已剔除未上市/已退市)
20260412 16:59:51- INFO-   步骤2: 调用history批量获取数据...
20260412 16:59:51- INFO-   history批量返回 4766 条记录
20260412 16:59:51- INFO-   步骤3: 调用stk_get_daily_mktvalue_pt获取市值数据...
20260412 16:59:51- INFO-   stk_get_daily_mktvalue_pt返回 4766 条记录
20260412 16:59:51- INFO-   步骤4: 合并数据...
20260412 16:59:51- INFO-   数据合并完成,最终返回 4766 条记录, 18 个字段
20260412 16:59:51- INFO- ✓ 2022-04-29 数据获取成功: 4766 条
20260412 16:59:52- INFO- 开始获取 2022-05-02 的掘金全市场数据...
20260412 16:59:52- INFO-   步骤1: 调用get_symbols获取基础信息...
20260412 16:59:52- WARNING- 2022-05-02 get_symbols返回空数据
20260412 16:59:52- WARNING- ✗ 2022-05-02 无数据
20260412 16:59:53- INFO- 开始获取 2022-05-03 的掘金全市场数据...
20260412 16:59:53- INFO-   步骤1: 调用get_symbols获取基础信息...
20260412 16:59:53- WARNING- 2022-05-03 get_symbols返回空数据
20260412 16:59:53- WARNING- ✗ 2022-05-03 无数据
20260412 16:59:53- INFO- 开始获取 2022-05-04 的掘金全市场数据...
20260412 16:59:53- INFO-   步骤1: 调用get_symbols获取基础信息...
20260412 16:59:54- WARNING- 2022-05-04 get_symbols返回空数据
20260412 16:59:54- WARNING- ✗ 2022-05-04 无数据
20260412 16:59:54- INFO- 开始获取 2022-05-05 的掘金全市场数据...
20260412 16:59:54- INFO-   步骤1: 调用get_symbols获取基础信息...
20260412 16:59:55- INFO-   get_symbols返回 4711 条记录
20260412 16:59:55- INFO-   过滤后剩余 4711 只股票(已剔除未上市/已退市)
20260412 16:59:55- INFO-   步骤2: 调用history批量获取数据...
20260412 16:59:55- INFO-   history批量返回 4711 条记录
20260412 16:59:55- INFO-   步骤3: 调用stk_get_daily_mktvalue_pt获取市值数据...
20260412 16:59:55- INFO-   stk_get_daily_mktvalue_pt返回 4711 条记录
20260412 16:59:55- INFO-   步骤4: 合并数据...
20260412 16:59:55- INFO-   数据合并完成,最终返回 4711 条记录, 18 个字段
20260412 16:59:55- INFO- ✓ 2022-05-05 数据获取成功: 4711 条
20260412 16:59:56- INFO- 开始获取 2022-05-06 的掘金全市场数据...
20260412 16:59:56- INFO-   步骤1: 调用get_symbols获取基础信息...
20260412 16:59:57- INFO-   get_symbols返回 4746 条记录
20260412 16:59:57- INFO-   过滤后剩余 4746 只股票(已剔除未上市/已退市)
20260412 16:59:57- INFO-   步骤2: 调用history批量获取数据...
20260412 16:59:57- INFO-   history批量返回 4746 条记录
20260412 16:59:57- INFO-   步骤3: 调用stk_get_daily_mktvalue_pt获取市值数据...
20260412 16:59:57- INFO-   stk_get_daily_mktvalue_pt返回 4746 条记录
20260412 16:59:57- INFO-   步骤4: 合并数据...
20260412 16:59:57- INFO-   数据合并完成,最终返回 4746 条记录, 18 个字段
20260412 16:59:57- INFO- ✓ 2022-05-06 数据获取成功: 4746 条
20260412 16:59:58- INFO- 开始获取 2022-05-09 的掘金全市场数据...
20260412 16:59:58- INFO-   步骤1: 调用get_symbols获取基础信息...
20260412 16:59:58- INFO-   get_symbols返回 4746 条记录
20260412 16:59:58- INFO-   过滤后剩余 4746 只股票(已剔除未上市/已退市)
20260412 16:59:58- INFO-   步骤2: 调用history批量获取数据...
20260412 16:59:59- INFO-   history批量返回 4746 条记录
20260412 16:59:59- INFO-   步骤3: 调用stk_get_daily_mktvalue_pt获取市值数据...
20260412 16:59:59- INFO-   stk_get_daily_mktvalue_pt返回 4746 条记录
20260412 16:59:59- INFO-   步骤4: 合并数据...
20260412 16:59:59- INFO-   数据合并完成,最终返回 4746 条记录, 18 个字段
20260412 16:59:59- INFO- ✓ 2022-05-09 数据获取成功: 4746 条
20260412 17:00:00- INFO- 开始获取 2022-05-10 的掘金全市场数据...
20260412 17:00:00- INFO-   步骤1: 调用get_symbols获取基础信息...
20260412 17:00:00- INFO-   get_symbols返回 4749 条记录
20260412 17:00:00- INFO-   过滤后剩余 4749 只股票(已剔除未上市/已退市)
20260412 17:00:00- INFO-   步骤2: 调用history批量获取数据...
20260412 17:00:00- INFO-   history批量返回 4749 条记录
20260412 17:00:00- INFO-   步骤3: 调用stk_get_daily_mktvalue_pt获取市值数据...
20260412 17:00:01- INFO-   stk_get_daily_mktvalue_pt返回 4749 条记录
20260412 17:00:01- INFO-   步骤4: 合并数据...
20260412 17:00:01- INFO-   数据合并完成,最终返回 4749 条记录, 18 个字段
20260412 17:00:01- INFO- ✓ 2022-05-10 数据获取成功: 4749 条
20260412 17:00:01- INFO- 开始获取 2022-05-11 的掘金全市场数据...
20260412 17:00:01- INFO-   步骤1: 调用get_symbols获取基础信息...
20260412 17:00:02- INFO-   get_symbols返回 4749 条记录
20260412 17:00:02- INFO-   过滤后剩余 4749 只股票(已剔除未上市/已退市)
20260412 17:00:02- INFO-   步骤2: 调用history批量获取数据...
20260412 17:00:02- INFO-   history批量返回 4749 条记录
20260412 17:00:02- INFO-   步骤3: 调用stk_get_daily_mktvalue_pt获取市值数据...
20260412 17:00:03- INFO-   stk_get_daily_mktvalue_pt返回 4749 条记录
20260412 17:00:03- INFO-   步骤4: 合并数据...
20260412 17:00:03- INFO-   数据合并完成,最终返回 4749 条记录, 18 个字段
20260412 17:00:03- INFO- ✓ 2022-05-11 数据获取成功: 4749 条
20260412 17:00:03- INFO- 开始获取 2022-05-12 的掘金全市场数据...
20260412 17:00:03- INFO-   步骤1: 调用get_symbols获取基础信息...
20260412 17:00:04- INFO-   get_symbols返回 4750 条记录
20260412 17:00:04- INFO-   过滤后剩余 4750 只股票(已剔除未上市/已退市)
20260412 17:00:04- INFO-   步骤2: 调用history批量获取数据...
20260412 17:00:04- INFO-   history批量返回 4750 条记录
20260412 17:00:04- INFO-   步骤3: 调用stk_get_daily_mktvalue_pt获取市值数据...
20260412 17:00:04- INFO-   stk_get_daily_mktvalue_pt返回 4750 条记录
20260412 17:00:04- INFO-   步骤4: 合并数据...
20260412 17:00:04- INFO-   数据合并完成,最终返回 4750 条记录, 18 个字段
20260412 17:00:04- INFO- ✓ 2022-05-12 数据获取成功: 4750 条
20260412 17:00:05- INFO- 开始获取 2022-05-13 的掘金全市场数据...
20260412 17:00:05- INFO-   步骤1: 调用get_symbols获取基础信息...
20260412 17:00:06- INFO-   get_symbols返回 4752 条记录
20260412 17:00:06- INFO-   过滤后剩余 4752 只股票(已剔除未上市/已退市)
20260412 17:00:06- INFO-   步骤2: 调用history批量获取数据...
20260412 17:00:06- INFO-   history批量返回 4752 条记录
20260412 17:00:06- INFO-   步骤3: 调用stk_get_daily_mktvalue_pt获取市值数据...
20260412 17:00:06- INFO-   stk_get_daily_mktvalue_pt返回 4752 条记录
20260412 17:00:06- INFO-   步骤4: 合并数据...
20260412 17:00:06- INFO-   数据合并完成,最终返回 4752 条记录, 18 个字段
20260412 17:00:06- INFO- ✓ 2022-05-13 数据获取成功: 4752 条
20260412 17:00:07- INFO- 开始获取 2022-05-16 的掘金全市场数据...
20260412 17:00:07- INFO-   步骤1: 调用get_symbols获取基础信息...
20260412 17:00:07- INFO-   get_symbols返回 4751 条记录
20260412 17:00:07- INFO-   过滤后剩余 4751 只股票(已剔除未上市/已退市)
20260412 17:00:07- INFO-   步骤2: 调用history批量获取数据...
20260412 17:00:08- INFO-   history批量返回 4751 条记录
20260412 17:00:08- INFO-   步骤3: 调用stk_get_daily_mktvalue_pt获取市值数据...
20260412 17:00:08- INFO-   stk_get_daily_mktvalue_pt返回 4751 条记录
20260412 17:00:08- INFO-   步骤4: 合并数据...
20260412 17:00:08- INFO-   数据合并完成,最终返回 4751 条记录, 18 个字段
20260412 17:00:08- INFO- ✓ 2022-05-16 数据获取成功: 4751 条
20260412 17:00:08- INFO- 开始获取 2022-05-17 的掘金全市场数据...
20260412 17:00:08- INFO-   步骤1: 调用get_symbols获取基础信息...
20260412 17:00:09- INFO-   get_symbols返回 4754 条记录
20260412 17:00:09- INFO-   过滤后剩余 4754 只股票(已剔除未上市/已退市)
20260412 17:00:09- INFO-   步骤2: 调用history批量获取数据...
20260412 17:00:09- INFO-   history批量返回 4754 条记录
20260412 17:00:09- INFO-   步骤3: 调用stk_get_daily_mktvalue_pt获取市值数据...
20260412 17:00:10- INFO-   stk_get_daily_mktvalue_pt返回 4754 条记录
20260412 17:00:10- INFO-   步骤4: 合并数据...
20260412 17:00:10- INFO-   数据合并完成,最终返回 4754 条记录, 18 个字段
20260412 17:00:10- INFO- ✓ 2022-05-17 数据获取成功: 4754 条
20260412 17:00:10- INFO- 开始获取 2022-05-18 的掘金全市场数据...
20260412 17:00:10- INFO-   步骤1: 调用get_symbols获取基础信息...
20260412 17:00:11- INFO-   get_symbols返回 4752 条记录
20260412 17:00:11- INFO-   过滤后剩余 4752 只股票(已剔除未上市/已退市)
20260412 17:00:11- INFO-   步骤2: 调用history批量获取数据...
20260412 17:00:11- INFO-   history批量返回 4752 条记录
20260412 17:00:11- INFO-   步骤3: 调用stk_get_daily_mktvalue_pt获取市值数据...
20260412 17:00:12- INFO-   stk_get_daily_mktvalue_pt返回 4752 条记录
20260412 17:00:12- INFO-   步骤4: 合并数据...
20260412 17:00:12- INFO-   数据合并完成,最终返回 4752 条记录, 18 个字段
20260412 17:00:12- INFO- ✓ 2022-05-18 数据获取成功: 4752 条
20260412 17:00:12- INFO- 开始获取 2022-05-19 的掘金全市场数据...
20260412 17:00:12- INFO-   步骤1: 调用get_symbols获取基础信息...
20260412 17:00:13- INFO-   get_symbols返回 4751 条记录
20260412 17:00:13- INFO-   过滤后剩余 4751 只股票(已剔除未上市/已退市)
20260412 17:00:13- INFO-   步骤2: 调用history批量获取数据...
20260412 17:00:13- INFO-   history批量返回 4751 条记录
20260412 17:00:13- INFO-   步骤3: 调用stk_get_daily_mktvalue_pt获取市值数据...
20260412 17:00:14- INFO-   stk_get_daily_mktvalue_pt返回 4751 条记录
20260412 17:00:14- INFO-   步骤4: 合并数据...
20260412 17:00:14- INFO-   数据合并完成,最终返回 4751 条记录, 18 个字段
20260412 17:00:14- INFO- ✓ 2022-05-19 数据获取成功: 4751 条
20260412 17:00:14- INFO- 开始获取 2022-05-20 的掘金全市场数据...
20260412 17:00:14- INFO-   步骤1: 调用get_symbols获取基础信息...
20260412 17:00:15- INFO-   get_symbols返回 4756 条记录
20260412 17:00:15- INFO-   过滤后剩余 4756 只股票(已剔除未上市/已退市)
20260412 17:00:15- INFO-   步骤2: 调用history批量获取数据...
20260412 17:00:15- INFO-   history批量返回 4756 条记录
20260412 17:00:15- INFO-   步骤3: 调用stk_get_daily_mktvalue_pt获取市值数据...
20260412 17:00:15- INFO-   stk_get_daily_mktvalue_pt返回 4756 条记录
20260412 17:00:15- INFO-   步骤4: 合并数据...
20260412 17:00:15- INFO-   数据合并完成,最终返回 4756 条记录, 18 个字段
20260412 17:00:15- INFO- ✓ 2022-05-20 数据获取成功: 4756 条
20260412 17:00:16- INFO- 开始获取 2022-05-23 的掘金全市场数据...
20260412 17:00:16- INFO-   步骤1: 调用get_symbols获取基础信息...
20260412 17:00:16- INFO-   get_symbols返回 4755 条记录
20260412 17:00:16- INFO-   过滤后剩余 4755 只股票(已剔除未上市/已退市)
20260412 17:00:16- INFO-   步骤2: 调用history批量获取数据...
20260412 17:00:17- INFO-   history批量返回 4755 条记录
20260412 17:00:17- INFO-   步骤3: 调用stk_get_daily_mktvalue_pt获取市值数据...
20260412 17:00:17- INFO-   stk_get_daily_mktvalue_pt返回 4755 条记录
20260412 17:00:17- INFO-   步骤4: 合并数据...
20260412 17:00:17- INFO-   数据合并完成,最终返回 4755 条记录, 18 个字段
20260412 17:00:17- INFO- ✓ 2022-05-23 数据获取成功: 4755 条
20260412 17:00:18- INFO- 开始获取 2022-05-24 的掘金全市场数据...
20260412 17:00:18- INFO-   步骤1: 调用get_symbols获取基础信息...
20260412 17:00:18- INFO-   get_symbols返回 4756 条记录
20260412 17:00:18- INFO-   过滤后剩余 4756 只股票(已剔除未上市/已退市)
20260412 17:00:18- INFO-   步骤2: 调用history批量获取数据...
20260412 17:00:19- INFO-   history批量返回 4756 条记录
20260412 17:00:19- INFO-   步骤3: 调用stk_get_daily_mktvalue_pt获取市值数据...
20260412 17:00:19- INFO-   stk_get_daily_mktvalue_pt返回 4756 条记录
20260412 17:00:19- INFO-   步骤4: 合并数据...
20260412 17:00:19- INFO-   数据合并完成,最终返回 4756 条记录, 18 个字段
20260412 17:00:19- INFO- ✓ 2022-05-24 数据获取成功: 4756 条
20260412 17:00:20- INFO- 开始获取 2022-05-25 的掘金全市场数据...
20260412 17:00:20- INFO-   步骤1: 调用get_symbols获取基础信息...
20260412 17:00:20- INFO-   get_symbols返回 4760 条记录
20260412 17:00:20- INFO-   过滤后剩余 4760 只股票(已剔除未上市/已退市)
20260412 17:00:20- INFO-   步骤2: 调用history批量获取数据...
20260412 17:00:20- INFO-   history批量返回 4760 条记录
20260412 17:00:20- INFO-   步骤3: 调用stk_get_daily_mktvalue_pt获取市值数据...
20260412 17:00:21- INFO-   stk_get_daily_mktvalue_pt返回 4760 条记录
20260412 17:00:21- INFO-   步骤4: 合并数据...
20260412 17:00:21- INFO-   数据合并完成,最终返回 4760 条记录, 18 个字段
20260412 17:00:21- INFO- ✓ 2022-05-25 数据获取成功: 4760 条
20260412 17:00:21- INFO- 开始获取 2022-05-26 的掘金全市场数据...
20260412 17:00:21- INFO-   步骤1: 调用get_symbols获取基础信息...
20260412 17:00:22- INFO-   get_symbols返回 4766 条记录
20260412 17:00:22- INFO-   过滤后剩余 4766 只股票(已剔除未上市/已退市)
20260412 17:00:22- INFO-   步骤2: 调用history批量获取数据...
20260412 17:00:22- INFO-   history批量返回 4766 条记录
20260412 17:00:22- INFO-   步骤3: 调用stk_get_daily_mktvalue_pt获取市值数据...
20260412 17:00:23- INFO-   stk_get_daily_mktvalue_pt返回 4766 条记录
20260412 17:00:23- INFO-   步骤4: 合并数据...
20260412 17:00:23- INFO-   数据合并完成,最终返回 4766 条记录, 18 个字段
20260412 17:00:23- INFO- ✓ 2022-05-26 数据获取成功: 4766 条
20260412 17:00:23- INFO- 开始获取 2022-05-27 的掘金全市场数据...
20260412 17:00:23- INFO-   步骤1: 调用get_symbols获取基础信息...
20260412 17:00:24- INFO-   get_symbols返回 4765 条记录
20260412 17:00:24- INFO-   过滤后剩余 4765 只股票(已剔除未上市/已退市)
20260412 17:00:24- INFO-   步骤2: 调用history批量获取数据...
20260412 17:00:24- INFO-   history批量返回 4765 条记录
20260412 17:00:24- INFO-   步骤3: 调用stk_get_daily_mktvalue_pt获取市值数据...
20260412 17:00:25- INFO-   stk_get_daily_mktvalue_pt返回 4765 条记录
20260412 17:00:25- INFO-   步骤4: 合并数据...
20260412 17:00:25- INFO-   数据合并完成,最终返回 4765 条记录, 18 个字段
20260412 17:00:25- INFO- ✓ 2022-05-27 数据获取成功: 4765 条
20260412 17:00:25- INFO- 开始获取 2022-05-30 的掘金全市场数据...
20260412 17:00:25- INFO-   步骤1: 调用get_symbols获取基础信息...
20260412 17:00:26- INFO-   get_symbols返回 4768 条记录
20260412 17:00:26- INFO-   过滤后剩余 4768 只股票(已剔除未上市/已退市)
20260412 17:00:26- INFO-   步骤2: 调用history批量获取数据...
20260412 17:00:26- INFO-   history批量返回 4768 条记录
20260412 17:00:26- INFO-   步骤3: 调用stk_get_daily_mktvalue_pt获取市值数据...
20260412 17:00:26- INFO-   stk_get_daily_mktvalue_pt返回 4768 条记录
20260412 17:00:26- INFO-   步骤4: 合并数据...
20260412 17:00:26- INFO-   数据合并完成,最终返回 4768 条记录, 18 个字段
20260412 17:00:26- INFO- ✓ 2022-05-30 数据获取成功: 4768 条
20260412 17:00:27- INFO- 开始获取 2022-05-31 的掘金全市场数据...
20260412 17:00:27- INFO-   步骤1: 调用get_symbols获取基础信息...
20260412 17:00:28- INFO-   get_symbols返回 4773 条记录
20260412 17:00:28- INFO-   过滤后剩余 4773 只股票(已剔除未上市/已退市)
20260412 17:00:28- INFO-   步骤2: 调用history批量获取数据...
20260412 17:00:28- INFO-   history批量返回 4773 条记录
20260412 17:00:28- INFO-   步骤3: 调用stk_get_daily_mktvalue_pt获取市值数据...
20260412 17:00:28- INFO-   stk_get_daily_mktvalue_pt返回 4773 条记录
20260412 17:00:28- INFO-   步骤4: 合并数据...
20260412 17:00:28- INFO-   数据合并完成,最终返回 4773 条记录, 18 个字段
20260412 17:00:28- INFO- ✓ 2022-05-31 数据获取成功: 4773 条
20260412 17:00:29- INFO- 开始获取 2022-06-01 的掘金全市场数据...
20260412 17:00:29- INFO-   步骤1: 调用get_symbols获取基础信息...
20260412 17:00:29- INFO-   get_symbols返回 4774 条记录
20260412 17:00:29- INFO-   过滤后剩余 4774 只股票(已剔除未上市/已退市)
20260412 17:00:29- INFO-   步骤2: 调用history批量获取数据...
20260412 17:00:30- INFO-   history批量返回 4774 条记录
20260412 17:00:30- INFO-   步骤3: 调用stk_get_daily_mktvalue_pt获取市值数据...
20260412 17:00:30- INFO-   stk_get_daily_mktvalue_pt返回 4774 条记录
20260412 17:00:30- INFO-   步骤4: 合并数据...
20260412 17:00:30- INFO-   数据合并完成,最终返回 4774 条记录, 18 个字段
20260412 17:00:30- INFO- ✓ 2022-06-01 数据获取成功: 4774 条
20260412 17:00:31- INFO- 开始获取 2022-06-02 的掘金全市场数据...
20260412 17:00:31- INFO-   步骤1: 调用get_symbols获取基础信息...
20260412 17:00:31- INFO-   get_symbols返回 4774 条记录
20260412 17:00:31- INFO-   过滤后剩余 4774 只股票(已剔除未上市/已退市)
20260412 17:00:31- INFO-   步骤2: 调用history批量获取数据...
20260412 17:00:31- INFO-   history批量返回 4774 条记录
20260412 17:00:31- INFO-   步骤3: 调用stk_get_daily_mktvalue_pt获取市值数据...
20260412 17:00:32- INFO-   stk_get_daily_mktvalue_pt返回 4774 条记录
20260412 17:00:32- INFO-   步骤4: 合并数据...
20260412 17:00:32- INFO-   数据合并完成,最终返回 4774 条记录, 18 个字段
20260412 17:00:32- INFO- ✓ 2022-06-02 数据获取成功: 4774 条
20260412 17:00:32- INFO- 开始获取 2022-06-03 的掘金全市场数据...
20260412 17:00:32- INFO-   步骤1: 调用get_symbols获取基础信息...
20260412 17:00:33- WARNING- 2022-06-03 get_symbols返回空数据
20260412 17:00:33- WARNING- ✗ 2022-06-03 无数据
20260412 17:00:33- INFO- 开始获取 2022-06-06 的掘金全市场数据...
20260412 17:00:33- INFO-   步骤1: 调用get_symbols获取基础信息...
20260412 17:00:34- INFO-   get_symbols返回 4788 条记录
20260412 17:00:34- INFO-   过滤后剩余 4788 只股票(已剔除未上市/已退市)
20260412 17:00:34- INFO-   步骤2: 调用history批量获取数据...
20260412 17:00:34- INFO-   history批量返回 4788 条记录
20260412 17:00:34- INFO-   步骤3: 调用stk_get_daily_mktvalue_pt获取市值数据...
20260412 17:00:34- INFO-   stk_get_daily_mktvalue_pt返回 4788 条记录
20260412 17:00:34- INFO-   步骤4: 合并数据...
20260412 17:00:34- INFO-   数据合并完成,最终返回 4788 条记录, 18 个字段
20260412 17:00:34- INFO- ✓ 2022-06-06 数据获取成功: 4788 条
20260412 17:00:35- INFO- 开始获取 2022-06-07 的掘金全市场数据...
20260412 17:00:35- INFO-   步骤1: 调用get_symbols获取基础信息...
20260412 17:00:36- INFO-   get_symbols返回 4790 条记录
20260412 17:00:36- INFO-   过滤后剩余 4790 只股票(已剔除未上市/已退市)
20260412 17:00:36- INFO-   步骤2: 调用history批量获取数据...
20260412 17:00:36- INFO-   history批量返回 4790 条记录
20260412 17:00:36- INFO-   步骤3: 调用stk_get_daily_mktvalue_pt获取市值数据...
20260412 17:00:36- INFO-   stk_get_daily_mktvalue_pt返回 4790 条记录
20260412 17:00:36- INFO-   步骤4: 合并数据...
20260412 17:00:36- INFO-   数据合并完成,最终返回 4790 条记录, 18 个字段
20260412 17:00:36- INFO- ✓ 2022-06-07 数据获取成功: 4790 条
20260412 17:00:37- INFO- 开始获取 2022-06-08 的掘金全市场数据...
20260412 17:00:37- INFO-   步骤1: 调用get_symbols获取基础信息...
20260412 17:00:37- INFO-   get_symbols返回 4794 条记录
20260412 17:00:37- INFO-   过滤后剩余 4794 只股票(已剔除未上市/已退市)
20260412 17:00:37- INFO-   步骤2: 调用history批量获取数据...
20260412 17:00:38- INFO-   history批量返回 4794 条记录
20260412 17:00:38- INFO-   步骤3: 调用stk_get_daily_mktvalue_pt获取市值数据...
20260412 17:00:38- INFO-   stk_get_daily_mktvalue_pt返回 4794 条记录
20260412 17:00:38- INFO-   步骤4: 合并数据...
20260412 17:00:39- INFO-   数据合并完成,最终返回 4794 条记录, 18 个字段
20260412 17:00:39- INFO- ✓ 2022-06-08 数据获取成功: 4794 条
20260412 17:00:39- INFO- 开始获取 2022-06-09 的掘金全市场数据...
20260412 17:00:39- INFO-   步骤1: 调用get_symbols获取基础信息...
20260412 17:00:40- INFO-   get_symbols返回 4793 条记录
20260412 17:00:40- INFO-   过滤后剩余 4793 只股票(已剔除未上市/已退市)
20260412 17:00:40- INFO-   步骤2: 调用history批量获取数据...
20260412 17:00:40- INFO-   history批量返回 4793 条记录
20260412 17:00:40- INFO-   步骤3: 调用stk_get_daily_mktvalue_pt获取市值数据...
20260412 17:00:40- INFO-   stk_get_daily_mktvalue_pt返回 4793 条记录
20260412 17:00:40- INFO-   步骤4: 合并数据...
20260412 17:00:40- INFO-   数据合并完成,最终返回 4793 条记录, 18 个字段
20260412 17:00:40- INFO- ✓ 2022-06-09 数据获取成功: 4793 条
20260412 17:00:41- INFO- 开始获取 2022-06-10 的掘金全市场数据...
20260412 17:00:41- INFO-   步骤1: 调用get_symbols获取基础信息...
20260412 17:00:42- INFO-   get_symbols返回 4798 条记录
20260412 17:00:42- INFO-   过滤后剩余 4798 只股票(已剔除未上市/已退市)
20260412 17:00:42- INFO-   步骤2: 调用history批量获取数据...
20260412 17:00:42- INFO-   history批量返回 4798 条记录
20260412 17:00:42- INFO-   步骤3: 调用stk_get_daily_mktvalue_pt获取市值数据...
20260412 17:00:42- INFO-   stk_get_daily_mktvalue_pt返回 4798 条记录
20260412 17:00:42- INFO-   步骤4: 合并数据...
20260412 17:00:42- INFO-   数据合并完成,最终返回 4798 条记录, 18 个字段
20260412 17:00:42- INFO- ✓ 2022-06-10 数据获取成功: 4798 条
20260412 17:00:43- INFO- 开始获取 2022-06-13 的掘金全市场数据...
20260412 17:00:43- INFO-   步骤1: 调用get_symbols获取基础信息...
20260412 17:00:43- INFO-   get_symbols返回 4802 条记录
20260412 17:00:43- INFO-   过滤后剩余 4802 只股票(已剔除未上市/已退市)
20260412 17:00:43- INFO-   步骤2: 调用history批量获取数据...
20260412 17:00:44- INFO-   history批量返回 4802 条记录
20260412 17:00:44- INFO-   步骤3: 调用stk_get_daily_mktvalue_pt获取市值数据...
20260412 17:00:44- INFO-   stk_get_daily_mktvalue_pt返回 4802 条记录
20260412 17:00:44- INFO-   步骤4: 合并数据...
20260412 17:00:44- INFO-   数据合并完成,最终返回 4802 条记录, 18 个字段
20260412 17:00:44- INFO- ✓ 2022-06-13 数据获取成功: 4802 条
20260412 17:00:45- INFO- 开始获取 2022-06-14 的掘金全市场数据...
20260412 17:00:45- INFO-   步骤1: 调用get_symbols获取基础信息...
20260412 17:00:45- INFO-   get_symbols返回 4800 条记录
20260412 17:00:45- INFO-   过滤后剩余 4800 只股票(已剔除未上市/已退市)
20260412 17:00:45- INFO-   步骤2: 调用history批量获取数据...
20260412 17:00:45- INFO-   history批量返回 4800 条记录
20260412 17:00:45- INFO-   步骤3: 调用stk_get_daily_mktvalue_pt获取市值数据...
20260412 17:00:46- INFO-   stk_get_daily_mktvalue_pt返回 4800 条记录
20260412 17:00:46- INFO-   步骤4: 合并数据...
20260412 17:00:46- INFO-   数据合并完成,最终返回 4800 条记录, 18 个字段
20260412 17:00:46- INFO- ✓ 2022-06-14 数据获取成功: 4800 条
20260412 17:00:46- INFO- 开始获取 2022-06-15 的掘金全市场数据...
20260412 17:00:46- INFO-   步骤1: 调用get_symbols获取基础信息...
20260412 17:00:47- INFO-   get_symbols返回 4803 条记录
20260412 17:00:47- INFO-   过滤后剩余 4803 只股票(已剔除未上市/已退市)
20260412 17:00:47- INFO-   步骤2: 调用history批量获取数据...
20260412 17:00:47- INFO-   history批量返回 4803 条记录
20260412 17:00:47- INFO-   步骤3: 调用stk_get_daily_mktvalue_pt获取市值数据...
20260412 17:00:48- INFO-   stk_get_daily_mktvalue_pt返回 4803 条记录
20260412 17:00:48- INFO-   步骤4: 合并数据...
20260412 17:00:48- INFO-   数据合并完成,最终返回 4803 条记录, 18 个字段
20260412 17:00:48- INFO- ✓ 2022-06-15 数据获取成功: 4803 条
20260412 17:00:48- INFO- 开始获取 2022-06-16 的掘金全市场数据...
20260412 17:00:48- INFO-   步骤1: 调用get_symbols获取基础信息...
20260412 17:00:49- INFO-   get_symbols返回 4800 条记录
20260412 17:00:49- INFO-   过滤后剩余 4800 只股票(已剔除未上市/已退市)
20260412 17:00:49- INFO-   步骤2: 调用history批量获取数据...
20260412 17:00:49- INFO-   history批量返回 4800 条记录
20260412 17:00:49- INFO-   步骤3: 调用stk_get_daily_mktvalue_pt获取市值数据...
20260412 17:00:50- INFO-   stk_get_daily_mktvalue_pt返回 4800 条记录
20260412 17:00:50- INFO-   步骤4: 合并数据...
20260412 17:00:50- INFO-   数据合并完成,最终返回 4800 条记录, 18 个字段
20260412 17:00:50- INFO- ✓ 2022-06-16 数据获取成功: 4800 条
20260412 17:00:50- INFO- 开始获取 2022-06-17 的掘金全市场数据...
20260412 17:00:50- INFO-   步骤1: 调用get_symbols获取基础信息...
20260412 17:00:51- INFO-   get_symbols返回 4797 条记录
20260412 17:00:51- INFO-   过滤后剩余 4797 只股票(已剔除未上市/已退市)
20260412 17:00:51- INFO-   步骤2: 调用history批量获取数据...
20260412 17:00:51- INFO-   history批量返回 4797 条记录
20260412 17:00:51- INFO-   步骤3: 调用stk_get_daily_mktvalue_pt获取市值数据...
20260412 17:00:51- INFO-   stk_get_daily_mktvalue_pt返回 4797 条记录
20260412 17:00:51- INFO-   步骤4: 合并数据...
20260412 17:00:51- INFO-   数据合并完成,最终返回 4797 条记录, 18 个字段
20260412 17:00:51- INFO- ✓ 2022-06-17 数据获取成功: 4797 条
20260412 17:00:52- INFO- 开始获取 2022-06-20 的掘金全市场数据...
20260412 17:00:52- INFO-   步骤1: 调用get_symbols获取基础信息...
20260412 17:00:53- INFO-   get_symbols返回 4799 条记录
20260412 17:00:53- INFO-   过滤后剩余 4799 只股票(已剔除未上市/已退市)
20260412 17:00:53- INFO-   步骤2: 调用history批量获取数据...
20260412 17:00:53- INFO-   history批量返回 4799 条记录
20260412 17:00:53- INFO-   步骤3: 调用stk_get_daily_mktvalue_pt获取市值数据...
20260412 17:00:53- INFO-   stk_get_daily_mktvalue_pt返回 4799 条记录
20260412 17:00:53- INFO-   步骤4: 合并数据...
20260412 17:00:53- INFO-   数据合并完成,最终返回 4799 条记录, 18 个字段
20260412 17:00:53- INFO- ✓ 2022-06-20 数据获取成功: 4799 条
20260412 17:00:54- INFO- 开始获取 2022-06-21 的掘金全市场数据...
20260412 17:00:54- INFO-   步骤1: 调用get_symbols获取基础信息...
20260412 17:00:54- INFO-   get_symbols返回 4801 条记录
20260412 17:00:54- INFO-   过滤后剩余 4801 只股票(已剔除未上市/已退市)
20260412 17:00:54- INFO-   步骤2: 调用history批量获取数据...
20260412 17:00:55- INFO-   history批量返回 4801 条记录
20260412 17:00:55- INFO-   步骤3: 调用stk_get_daily_mktvalue_pt获取市值数据...
20260412 17:00:55- INFO-   stk_get_daily_mktvalue_pt返回 4801 条记录
20260412 17:00:55- INFO-   步骤4: 合并数据...
20260412 17:00:55- INFO-   数据合并完成,最终返回 4801 条记录, 18 个字段
20260412 17:00:55- INFO- ✓ 2022-06-21 数据获取成功: 4801 条
20260412 17:00:56- INFO- 开始获取 2022-06-22 的掘金全市场数据...
20260412 17:00:56- INFO-   步骤1: 调用get_symbols获取基础信息...
20260412 17:00:56- INFO-   get_symbols返回 4797 条记录
20260412 17:00:56- INFO-   过滤后剩余 4797 只股票(已剔除未上市/已退市)
20260412 17:00:56- INFO-   步骤2: 调用history批量获取数据...
20260412 17:00:57- INFO-   history批量返回 4797 条记录
20260412 17:00:57- INFO-   步骤3: 调用stk_get_daily_mktvalue_pt获取市值数据...
20260412 17:00:57- INFO-   stk_get_daily_mktvalue_pt返回 4797 条记录
20260412 17:00:57- INFO-   步骤4: 合并数据...
20260412 17:00:57- INFO-   数据合并完成,最终返回 4797 条记录, 18 个字段
20260412 17:00:57- INFO- ✓ 2022-06-22 数据获取成功: 4797 条
20260412 17:00:57- INFO- 开始获取 2022-06-23 的掘金全市场数据...
20260412 17:00:57- INFO-   步骤1: 调用get_symbols获取基础信息...
20260412 17:00:58- INFO-   get_symbols返回 4800 条记录
20260412 17:00:58- INFO-   过滤后剩余 4800 只股票(已剔除未上市/已退市)
20260412 17:00:58- INFO-   步骤2: 调用history批量获取数据...
20260412 17:00:58- INFO-   history批量返回 4800 条记录
20260412 17:00:58- INFO-   步骤3: 调用stk_get_daily_mktvalue_pt获取市值数据...
20260412 17:00:59- INFO-   stk_get_daily_mktvalue_pt返回 4800 条记录
20260412 17:00:59- INFO-   步骤4: 合并数据...
20260412 17:00:59- INFO-   数据合并完成,最终返回 4800 条记录, 18 个字段
20260412 17:00:59- INFO- ✓ 2022-06-23 数据获取成功: 4800 条
20260412 17:00:59- INFO- 开始获取 2022-06-24 的掘金全市场数据...
20260412 17:00:59- INFO-   步骤1: 调用get_symbols获取基础信息...
20260412 17:01:00- INFO-   get_symbols返回 4798 条记录
20260412 17:01:00- INFO-   过滤后剩余 4798 只股票(已剔除未上市/已退市)
20260412 17:01:00- INFO-   步骤2: 调用history批量获取数据...
20260412 17:01:00- INFO-   history批量返回 4798 条记录
20260412 17:01:00- INFO-   步骤3: 调用stk_get_daily_mktvalue_pt获取市值数据...
20260412 17:01:00- INFO-   stk_get_daily_mktvalue_pt返回 4798 条记录
20260412 17:01:00- INFO-   步骤4: 合并数据...
20260412 17:01:01- INFO-   数据合并完成,最终返回 4798 条记录, 18 个字段
20260412 17:01:01- INFO- ✓ 2022-06-24 数据获取成功: 4798 条
20260412 17:01:01- INFO- 开始获取 2022-06-27 的掘金全市场数据...
20260412 17:01:01- INFO-   步骤1: 调用get_symbols获取基础信息...
20260412 17:01:02- INFO-   get_symbols返回 4797 条记录
20260412 17:01:02- INFO-   过滤后剩余 4797 只股票(已剔除未上市/已退市)
20260412 17:01:02- INFO-   步骤2: 调用history批量获取数据...
20260412 17:01:02- INFO-   history批量返回 4797 条记录
20260412 17:01:02- INFO-   步骤3: 调用stk_get_daily_mktvalue_pt获取市值数据...
20260412 17:01:02- INFO-   stk_get_daily_mktvalue_pt返回 4797 条记录
20260412 17:01:02- INFO-   步骤4: 合并数据...
20260412 17:01:02- INFO-   数据合并完成,最终返回 4797 条记录, 18 个字段
20260412 17:01:02- INFO- ✓ 2022-06-27 数据获取成功: 4797 条
20260412 17:01:03- INFO- 开始获取 2022-06-28 的掘金全市场数据...
20260412 17:01:03- INFO-   步骤1: 调用get_symbols获取基础信息...
20260412 17:01:04- INFO-   get_symbols返回 4795 条记录
20260412 17:01:04- INFO-   过滤后剩余 4795 只股票(已剔除未上市/已退市)
20260412 17:01:04- INFO-   步骤2: 调用history批量获取数据...
20260412 17:01:04- INFO-   history批量返回 4795 条记录
20260412 17:01:04- INFO-   步骤3: 调用stk_get_daily_mktvalue_pt获取市值数据...
20260412 17:01:04- INFO-   stk_get_daily_mktvalue_pt返回 4795 条记录
20260412 17:01:04- INFO-   步骤4: 合并数据...
20260412 17:01:04- INFO-   数据合并完成,最终返回 4795 条记录, 18 个字段
20260412 17:01:04- INFO- ✓ 2022-06-28 数据获取成功: 4795 条
20260412 17:01:05- INFO- 开始获取 2022-06-29 的掘金全市场数据...
20260412 17:01:05- INFO-   步骤1: 调用get_symbols获取基础信息...
20260412 17:01:05- INFO-   get_symbols返回 4793 条记录
20260412 17:01:05- INFO-   过滤后剩余 4793 只股票(已剔除未上市/已退市)
20260412 17:01:05- INFO-   步骤2: 调用history批量获取数据...
20260412 17:01:06- INFO-   history批量返回 4793 条记录
20260412 17:01:06- INFO-   步骤3: 调用stk_get_daily_mktvalue_pt获取市值数据...
20260412 17:01:06- INFO-   stk_get_daily_mktvalue_pt返回 4793 条记录
20260412 17:01:06- INFO-   步骤4: 合并数据...
20260412 17:01:06- INFO-   数据合并完成,最终返回 4793 条记录, 18 个字段
20260412 17:01:06- INFO- ✓ 2022-06-29 数据获取成功: 4793 条
20260412 17:01:07- INFO- 开始获取 2022-06-30 的掘金全市场数据...
20260412 17:01:07- INFO-   步骤1: 调用get_symbols获取基础信息...
20260412 17:01:07- INFO-   get_symbols返回 4794 条记录
20260412 17:01:07- INFO-   过滤后剩余 4794 只股票(已剔除未上市/已退市)
20260412 17:01:07- INFO-   步骤2: 调用history批量获取数据...
20260412 17:01:07- INFO-   history批量返回 4794 条记录
20260412 17:01:07- INFO-   步骤3: 调用stk_get_daily_mktvalue_pt获取市值数据...
20260412 17:01:08- INFO-   stk_get_daily_mktvalue_pt返回 4794 条记录
20260412 17:01:08- INFO-   步骤4: 合并数据...
20260412 17:01:08- INFO-   数据合并完成,最终返回 4794 条记录, 18 个字段
20260412 17:01:08- INFO- ✓ 2022-06-30 数据获取成功: 4794 条
20260412 17:01:08- INFO- 开始获取 2022-07-01 的掘金全市场数据...
20260412 17:01:08- INFO-   步骤1: 调用get_symbols获取基础信息...
20260412 17:01:09- INFO-   get_symbols返回 4799 条记录
20260412 17:01:09- INFO-   过滤后剩余 4799 只股票(已剔除未上市/已退市)
20260412 17:01:09- INFO-   步骤2: 调用history批量获取数据...
20260412 17:01:09- INFO-   history批量返回 4799 条记录
20260412 17:01:09- INFO-   步骤3: 调用stk_get_daily_mktvalue_pt获取市值数据...
20260412 17:01:10- INFO-   stk_get_daily_mktvalue_pt返回 4799 条记录
20260412 17:01:10- INFO-   步骤4: 合并数据...
20260412 17:01:10- INFO-   数据合并完成,最终返回 4799 条记录, 18 个字段
20260412 17:01:10- INFO- ✓ 2022-07-01 数据获取成功: 4799 条
20260412 17:01:10- INFO- 开始获取 2022-07-04 的掘金全市场数据...
20260412 17:01:10- INFO-   步骤1: 调用get_symbols获取基础信息...
20260412 17:01:11- INFO-   get_symbols返回 4793 条记录
20260412 17:01:11- INFO-   过滤后剩余 4793 只股票(已剔除未上市/已退市)
20260412 17:01:11- INFO-   步骤2: 调用history批量获取数据...
20260412 17:01:11- INFO-   history批量返回 4793 条记录
20260412 17:01:11- INFO-   步骤3: 调用stk_get_daily_mktvalue_pt获取市值数据...
20260412 17:01:11- INFO-   stk_get_daily_mktvalue_pt返回 4793 条记录
20260412 17:01:11- INFO-   步骤4: 合并数据...
20260412 17:01:11- INFO-   数据合并完成,最终返回 4793 条记录, 18 个字段
20260412 17:01:11- INFO- ✓ 2022-07-04 数据获取成功: 4793 条
20260412 17:01:12- INFO- 开始获取 2022-07-05 的掘金全市场数据...
20260412 17:01:12- INFO-   步骤1: 调用get_symbols获取基础信息...
20260412 17:01:13- INFO-   get_symbols返回 4797 条记录
20260412 17:01:13- INFO-   过滤后剩余 4797 只股票(已剔除未上市/已退市)
20260412 17:01:13- INFO-   步骤2: 调用history批量获取数据...
20260412 17:01:13- INFO-   history批量返回 4797 条记录
20260412 17:01:13- INFO-   步骤3: 调用stk_get_daily_mktvalue_pt获取市值数据...
20260412 17:01:16- INFO-   stk_get_daily_mktvalue_pt返回 4797 条记录
20260412 17:01:16- INFO-   步骤4: 合并数据...
20260412 17:01:16- INFO-   数据合并完成,最终返回 4797 条记录, 18 个字段
20260412 17:01:16- INFO- ✓ 2022-07-05 数据获取成功: 4797 条
20260412 17:01:17- INFO- 开始获取 2022-07-06 的掘金全市场数据...
20260412 17:01:17- INFO-   步骤1: 调用get_symbols获取基础信息...
20260412 17:01:17- INFO-   get_symbols返回 4801 条记录
20260412 17:01:17- INFO-   过滤后剩余 4801 只股票(已剔除未上市/已退市)
20260412 17:01:17- INFO-   步骤2: 调用history批量获取数据...
20260412 17:01:18- INFO-   history批量返回 4801 条记录
20260412 17:01:18- INFO-   步骤3: 调用stk_get_daily_mktvalue_pt获取市值数据...
20260412 17:01:18- INFO-   stk_get_daily_mktvalue_pt返回 4801 条记录
20260412 17:01:18- INFO-   步骤4: 合并数据...
20260412 17:01:18- INFO-   数据合并完成,最终返回 4801 条记录, 18 个字段
20260412 17:01:18- INFO- ✓ 2022-07-06 数据获取成功: 4801 条
20260412 17:01:18- INFO- 开始获取 2022-07-07 的掘金全市场数据...
20260412 17:01:18- INFO-   步骤1: 调用get_symbols获取基础信息...
20260412 17:01:19- INFO-   get_symbols返回 4801 条记录
20260412 17:01:19- INFO-   过滤后剩余 4801 只股票(已剔除未上市/已退市)
20260412 17:01:19- INFO-   步骤2: 调用history批量获取数据...
20260412 17:01:20- INFO-   history批量返回 4801 条记录
20260412 17:01:20- INFO-   步骤3: 调用stk_get_daily_mktvalue_pt获取市值数据...
20260412 17:01:20- INFO-   stk_get_daily_mktvalue_pt返回 4801 条记录
20260412 17:01:20- INFO-   步骤4: 合并数据...
20260412 17:01:20- INFO-   数据合并完成,最终返回 4801 条记录, 18 个字段
20260412 17:01:20- INFO- ✓ 2022-07-07 数据获取成功: 4801 条
20260412 17:01:20- INFO- 开始获取 2022-07-08 的掘金全市场数据...
20260412 17:01:20- INFO-   步骤1: 调用get_symbols获取基础信息...
20260412 17:01:21- INFO-   get_symbols返回 4804 条记录
20260412 17:01:21- INFO-   过滤后剩余 4804 只股票(已剔除未上市/已退市)
20260412 17:01:21- INFO-   步骤2: 调用history批量获取数据...
20260412 17:01:21- INFO-   history批量返回 4804 条记录
20260412 17:01:21- INFO-   步骤3: 调用stk_get_daily_mktvalue_pt获取市值数据...
20260412 17:01:22- INFO-   stk_get_daily_mktvalue_pt返回 4804 条记录
20260412 17:01:22- INFO-   步骤4: 合并数据...
20260412 17:01:22- INFO-   数据合并完成,最终返回 4804 条记录, 18 个字段
20260412 17:01:22- INFO- ✓ 2022-07-08 数据获取成功: 4804 条
20260412 17:01:22- INFO- 开始获取 2022-07-11 的掘金全市场数据...
20260412 17:01:22- INFO-   步骤1: 调用get_symbols获取基础信息...
20260412 17:01:23- INFO-   get_symbols返回 4803 条记录
20260412 17:01:23- INFO-   过滤后剩余 4803 只股票(已剔除未上市/已退市)
20260412 17:01:23- INFO-   步骤2: 调用history批量获取数据...
20260412 17:01:23- INFO-   history批量返回 4803 条记录
20260412 17:01:23- INFO-   步骤3: 调用stk_get_daily_mktvalue_pt获取市值数据...
20260412 17:01:24- INFO-   stk_get_daily_mktvalue_pt返回 4803 条记录
20260412 17:01:24- INFO-   步骤4: 合并数据...
20260412 17:01:24- INFO-   数据合并完成,最终返回 4803 条记录, 18 个字段
20260412 17:01:24- INFO- ✓ 2022-07-11 数据获取成功: 4803 条
20260412 17:01:24- INFO- 开始获取 2022-07-12 的掘金全市场数据...
20260412 17:01:24- INFO-   步骤1: 调用get_symbols获取基础信息...
20260412 17:01:25- INFO-   get_symbols返回 4802 条记录
20260412 17:01:25- INFO-   过滤后剩余 4802 只股票(已剔除未上市/已退市)
20260412 17:01:25- INFO-   步骤2: 调用history批量获取数据...
20260412 17:01:25- INFO-   history批量返回 4802 条记录
20260412 17:01:25- INFO-   步骤3: 调用stk_get_daily_mktvalue_pt获取市值数据...
20260412 17:01:26- INFO-   stk_get_daily_mktvalue_pt返回 4802 条记录
20260412 17:01:26- INFO-   步骤4: 合并数据...
20260412 17:01:26- INFO-   数据合并完成,最终返回 4802 条记录, 18 个字段
20260412 17:01:26- INFO- ✓ 2022-07-12 数据获取成功: 4802 条
20260412 17:01:26- INFO- 开始获取 2022-07-13 的掘金全市场数据...
20260412 17:01:26- INFO-   步骤1: 调用get_symbols获取基础信息...
20260412 17:01:27- INFO-   get_symbols返回 4802 条记录
20260412 17:01:27- INFO-   过滤后剩余 4802 只股票(已剔除未上市/已退市)
20260412 17:01:27- INFO-   步骤2: 调用history批量获取数据...
20260412 17:01:27- INFO-   history批量返回 4802 条记录
20260412 17:01:27- INFO-   步骤3: 调用stk_get_daily_mktvalue_pt获取市值数据...
20260412 17:01:27- INFO-   stk_get_daily_mktvalue_pt返回 4802 条记录
20260412 17:01:27- INFO-   步骤4: 合并数据...
20260412 17:01:27- INFO-   数据合并完成,最终返回 4802 条记录, 18 个字段
20260412 17:01:27- INFO- ✓ 2022-07-13 数据获取成功: 4802 条
20260412 17:01:28- INFO- 开始获取 2022-07-14 的掘金全市场数据...
20260412 17:01:28- INFO-   步骤1: 调用get_symbols获取基础信息...
20260412 17:01:29- INFO-   get_symbols返回 4806 条记录
20260412 17:01:29- INFO-   过滤后剩余 4806 只股票(已剔除未上市/已退市)
20260412 17:01:29- INFO-   步骤2: 调用history批量获取数据...
20260412 17:01:29- INFO-   history批量返回 4806 条记录
20260412 17:01:29- INFO-   步骤3: 调用stk_get_daily_mktvalue_pt获取市值数据...
20260412 17:01:29- INFO-   stk_get_daily_mktvalue_pt返回 4806 条记录
20260412 17:01:29- INFO-   步骤4: 合并数据...
20260412 17:01:29- INFO-   数据合并完成,最终返回 4806 条记录, 18 个字段
20260412 17:01:29- INFO- ✓ 2022-07-14 数据获取成功: 4806 条
20260412 17:01:30- INFO- 开始获取 2022-07-15 的掘金全市场数据...
20260412 17:01:30- INFO-   步骤1: 调用get_symbols获取基础信息...
20260412 17:01:31- INFO-   get_symbols返回 4810 条记录
20260412 17:01:31- INFO-   过滤后剩余 4810 只股票(已剔除未上市/已退市)
20260412 17:01:31- INFO-   步骤2: 调用history批量获取数据...
20260412 17:01:31- INFO-   history批量返回 4810 条记录
20260412 17:01:31- INFO-   步骤3: 调用stk_get_daily_mktvalue_pt获取市值数据...
20260412 17:01:31- INFO-   stk_get_daily_mktvalue_pt返回 4810 条记录
20260412 17:01:31- INFO-   步骤4: 合并数据...
20260412 17:01:31- INFO-   数据合并完成,最终返回 4810 条记录, 18 个字段
20260412 17:01:31- INFO- ✓ 2022-07-15 数据获取成功: 4810 条
20260412 17:01:32- INFO- 开始获取 2022-07-18 的掘金全市场数据...
20260412 17:01:32- INFO-   步骤1: 调用get_symbols获取基础信息...
20260412 17:01:32- INFO-   get_symbols返回 4812 条记录
20260412 17:01:32- INFO-   过滤后剩余 4812 只股票(已剔除未上市/已退市)
20260412 17:01:32- INFO-   步骤2: 调用history批量获取数据...
20260412 17:01:33- INFO-   history批量返回 4812 条记录
20260412 17:01:33- INFO-   步骤3: 调用stk_get_daily_mktvalue_pt获取市值数据...
20260412 17:01:33- INFO-   stk_get_daily_mktvalue_pt返回 4812 条记录
20260412 17:01:33- INFO-   步骤4: 合并数据...
20260412 17:01:33- INFO-   数据合并完成,最终返回 4812 条记录, 18 个字段
20260412 17:01:33- INFO- ✓ 2022-07-18 数据获取成功: 4812 条
20260412 17:01:33- INFO- 开始获取 2022-07-19 的掘金全市场数据...
20260412 17:01:33- INFO-   步骤1: 调用get_symbols获取基础信息...
20260412 17:01:34- INFO-   get_symbols返回 4811 条记录
20260412 17:01:34- INFO-   过滤后剩余 4811 只股票(已剔除未上市/已退市)
20260412 17:01:34- INFO-   步骤2: 调用history批量获取数据...
20260412 17:01:34- INFO-   history批量返回 4811 条记录
20260412 17:01:34- INFO-   步骤3: 调用stk_get_daily_mktvalue_pt获取市值数据...
20260412 17:01:35- INFO-   stk_get_daily_mktvalue_pt返回 4811 条记录
20260412 17:01:35- INFO-   步骤4: 合并数据...
20260412 17:01:35- INFO-   数据合并完成,最终返回 4811 条记录, 18 个字段
20260412 17:01:35- INFO- ✓ 2022-07-19 数据获取成功: 4811 条
20260412 17:01:35- INFO- 开始获取 2022-07-20 的掘金全市场数据...
20260412 17:01:35- INFO-   步骤1: 调用get_symbols获取基础信息...
20260412 17:01:36- INFO-   get_symbols返回 4811 条记录
20260412 17:01:36- INFO-   过滤后剩余 4811 只股票(已剔除未上市/已退市)
20260412 17:01:36- INFO-   步骤2: 调用history批量获取数据...
20260412 17:01:36- INFO-   history批量返回 4811 条记录
20260412 17:01:36- INFO-   步骤3: 调用stk_get_daily_mktvalue_pt获取市值数据...
20260412 17:01:37- INFO-   stk_get_daily_mktvalue_pt返回 4811 条记录
20260412 17:01:37- INFO-   步骤4: 合并数据...
20260412 17:01:37- INFO-   数据合并完成,最终返回 4811 条记录, 18 个字段
20260412 17:01:37- INFO- ✓ 2022-07-20 数据获取成功: 4811 条
20260412 17:01:37- INFO- 开始获取 2022-07-21 的掘金全市场数据...
20260412 17:01:37- INFO-   步骤1: 调用get_symbols获取基础信息...
20260412 17:01:38- INFO-   get_symbols返回 4811 条记录
20260412 17:01:38- INFO-   过滤后剩余 4811 只股票(已剔除未上市/已退市)
20260412 17:01:38- INFO-   步骤2: 调用history批量获取数据...
20260412 17:01:38- INFO-   history批量返回 4811 条记录
20260412 17:01:38- INFO-   步骤3: 调用stk_get_daily_mktvalue_pt获取市值数据...
20260412 17:01:38- INFO-   stk_get_daily_mktvalue_pt返回 4811 条记录
20260412 17:01:38- INFO-   步骤4: 合并数据...
20260412 17:01:38- INFO-   数据合并完成,最终返回 4811 条记录, 18 个字段
20260412 17:01:38- INFO- ✓ 2022-07-21 数据获取成功: 4811 条
20260412 17:01:39- INFO- 开始获取 2022-07-22 的掘金全市场数据...
20260412 17:01:39- INFO-   步骤1: 调用get_symbols获取基础信息...
20260412 17:01:40- INFO-   get_symbols返回 4813 条记录
20260412 17:01:40- INFO-   过滤后剩余 4813 只股票(已剔除未上市/已退市)
20260412 17:01:40- INFO-   步骤2: 调用history批量获取数据...
20260412 17:01:40- INFO-   history批量返回 4813 条记录
20260412 17:01:40- INFO-   步骤3: 调用stk_get_daily_mktvalue_pt获取市值数据...
20260412 17:01:40- INFO-   stk_get_daily_mktvalue_pt返回 4813 条记录
20260412 17:01:40- INFO-   步骤4: 合并数据...
20260412 17:01:40- INFO-   数据合并完成,最终返回 4813 条记录, 18 个字段
20260412 17:01:40- INFO- ✓ 2022-07-22 数据获取成功: 4813 条
20260412 17:01:41- INFO- 开始获取 2022-07-25 的掘金全市场数据...
20260412 17:01:41- INFO-   步骤1: 调用get_symbols获取基础信息...
20260412 17:01:41- INFO-   get_symbols返回 4811 条记录
20260412 17:01:41- INFO-   过滤后剩余 4811 只股票(已剔除未上市/已退市)
20260412 17:01:41- INFO-   步骤2: 调用history批量获取数据...
20260412 17:01:42- INFO-   history批量返回 4811 条记录
20260412 17:01:42- INFO-   步骤3: 调用stk_get_daily_mktvalue_pt获取市值数据...
20260412 17:01:42- INFO-   stk_get_daily_mktvalue_pt返回 4811 条记录
20260412 17:01:42- INFO-   步骤4: 合并数据...
20260412 17:01:42- INFO-   数据合并完成,最终返回 4811 条记录, 18 个字段
20260412 17:01:42- INFO- ✓ 2022-07-25 数据获取成功: 4811 条
20260412 17:01:43- INFO- 开始获取 2022-07-26 的掘金全市场数据...
20260412 17:01:43- INFO-   步骤1: 调用get_symbols获取基础信息...
20260412 17:01:43- INFO-   get_symbols返回 4815 条记录
20260412 17:01:43- INFO-   过滤后剩余 4815 只股票(已剔除未上市/已退市)
20260412 17:01:43- INFO-   步骤2: 调用history批量获取数据...
20260412 17:01:43- INFO-   history批量返回 4815 条记录
20260412 17:01:43- INFO-   步骤3: 调用stk_get_daily_mktvalue_pt获取市值数据...
20260412 17:01:44- INFO-   stk_get_daily_mktvalue_pt返回 4815 条记录
20260412 17:01:44- INFO-   步骤4: 合并数据...
20260412 17:01:44- INFO-   数据合并完成,最终返回 4815 条记录, 18 个字段
20260412 17:01:44- INFO- ✓ 2022-07-26 数据获取成功: 4815 条
20260412 17:01:44- INFO- 开始获取 2022-07-27 的掘金全市场数据...
20260412 17:01:44- INFO-   步骤1: 调用get_symbols获取基础信息...
20260412 17:01:45- INFO-   get_symbols返回 4815 条记录
20260412 17:01:45- INFO-   过滤后剩余 4815 只股票(已剔除未上市/已退市)
20260412 17:01:45- INFO-   步骤2: 调用history批量获取数据...
20260412 17:01:45- INFO-   history批量返回 4815 条记录
20260412 17:01:45- INFO-   步骤3: 调用stk_get_daily_mktvalue_pt获取市值数据...
20260412 17:01:46- INFO-   stk_get_daily_mktvalue_pt返回 4815 条记录
20260412 17:01:46- INFO-   步骤4: 合并数据...
20260412 17:01:46- INFO-   数据合并完成,最终返回 4815 条记录, 18 个字段
20260412 17:01:46- INFO- ✓ 2022-07-27 数据获取成功: 4815 条
20260412 17:01:46- INFO- 开始获取 2022-07-28 的掘金全市场数据...
20260412 17:01:46- INFO-   步骤1: 调用get_symbols获取基础信息...
20260412 17:01:47- INFO-   get_symbols返回 4817 条记录
20260412 17:01:47- INFO-   过滤后剩余 4817 只股票(已剔除未上市/已退市)
20260412 17:01:47- INFO-   步骤2: 调用history批量获取数据...
20260412 17:01:47- INFO-   history批量返回 4817 条记录
20260412 17:01:47- INFO-   步骤3: 调用stk_get_daily_mktvalue_pt获取市值数据...
20260412 17:01:48- INFO-   stk_get_daily_mktvalue_pt返回 4817 条记录
20260412 17:01:48- INFO-   步骤4: 合并数据...
20260412 17:01:48- INFO-   数据合并完成,最终返回 4817 条记录, 18 个字段
20260412 17:01:48- INFO- ✓ 2022-07-28 数据获取成功: 4817 条
20260412 17:01:48- INFO- 开始获取 2022-07-29 的掘金全市场数据...
20260412 17:01:48- INFO-   步骤1: 调用get_symbols获取基础信息...
20260412 17:01:49- INFO-   get_symbols返回 4819 条记录
20260412 17:01:49- INFO-   过滤后剩余 4819 只股票(已剔除未上市/已退市)
20260412 17:01:49- INFO-   步骤2: 调用history批量获取数据...
20260412 17:01:49- INFO-   history批量返回 4819 条记录
20260412 17:01:49- INFO-   步骤3: 调用stk_get_daily_mktvalue_pt获取市值数据...
20260412 17:01:49- INFO-   stk_get_daily_mktvalue_pt返回 4819 条记录
20260412 17:01:49- INFO-   步骤4: 合并数据...
20260412 17:01:49- INFO-   数据合并完成,最终返回 4819 条记录, 18 个字段
20260412 17:01:49- INFO- ✓ 2022-07-29 数据获取成功: 4819 条
20260412 17:01:50- INFO- 开始获取 2022-08-01 的掘金全市场数据...
20260412 17:01:50- INFO-   步骤1: 调用get_symbols获取基础信息...
20260412 17:01:51- INFO-   get_symbols返回 4821 条记录
20260412 17:01:51- INFO-   过滤后剩余 4821 只股票(已剔除未上市/已退市)
20260412 17:01:51- INFO-   步骤2: 调用history批量获取数据...
20260412 17:01:51- INFO-   history批量返回 4821 条记录
20260412 17:01:51- INFO-   步骤3: 调用stk_get_daily_mktvalue_pt获取市值数据...
20260412 17:01:51- INFO-   stk_get_daily_mktvalue_pt返回 4821 条记录
20260412 17:01:51- INFO-   步骤4: 合并数据...
20260412 17:01:51- INFO-   数据合并完成,最终返回 4821 条记录, 18 个字段
20260412 17:01:51- INFO- ✓ 2022-08-01 数据获取成功: 4821 条
20260412 17:01:52- INFO- 开始获取 2022-08-02 的掘金全市场数据...
20260412 17:01:52- INFO-   步骤1: 调用get_symbols获取基础信息...
20260412 17:01:52- INFO-   get_symbols返回 4825 条记录
20260412 17:01:52- INFO-   过滤后剩余 4825 只股票(已剔除未上市/已退市)
20260412 17:01:52- INFO-   步骤2: 调用history批量获取数据...
20260412 17:01:53- INFO-   history批量返回 4825 条记录
20260412 17:01:53- INFO-   步骤3: 调用stk_get_daily_mktvalue_pt获取市值数据...
20260412 17:01:53- INFO-   stk_get_daily_mktvalue_pt返回 4825 条记录
20260412 17:01:53- INFO-   步骤4: 合并数据...
20260412 17:01:53- INFO-   数据合并完成,最终返回 4825 条记录, 18 个字段
20260412 17:01:53- INFO- ✓ 2022-08-02 数据获取成功: 4825 条
20260412 17:01:54- INFO- 开始获取 2022-08-03 的掘金全市场数据...
20260412 17:01:54- INFO-   步骤1: 调用get_symbols获取基础信息...
20260412 17:01:54- INFO-   get_symbols返回 4826 条记录
20260412 17:01:54- INFO-   过滤后剩余 4826 只股票(已剔除未上市/已退市)
20260412 17:01:54- INFO-   步骤2: 调用history批量获取数据...
20260412 17:01:55- INFO-   history批量返回 4826 条记录
20260412 17:01:55- INFO-   步骤3: 调用stk_get_daily_mktvalue_pt获取市值数据...
20260412 17:01:55- INFO-   stk_get_daily_mktvalue_pt返回 4826 条记录
20260412 17:01:55- INFO-   步骤4: 合并数据...
20260412 17:01:55- INFO-   数据合并完成,最终返回 4826 条记录, 18 个字段
20260412 17:01:55- INFO- ✓ 2022-08-03 数据获取成功: 4826 条
20260412 17:01:55- INFO- 开始获取 2022-08-04 的掘金全市场数据...
20260412 17:01:55- INFO-   步骤1: 调用get_symbols获取基础信息...
20260412 17:01:56- INFO-   get_symbols返回 4827 条记录
20260412 17:01:56- INFO-   过滤后剩余 4827 只股票(已剔除未上市/已退市)
20260412 17:01:56- INFO-   步骤2: 调用history批量获取数据...
20260412 17:01:56- INFO-   history批量返回 4827 条记录
20260412 17:01:56- INFO-   步骤3: 调用stk_get_daily_mktvalue_pt获取市值数据...
20260412 17:01:57- INFO-   stk_get_daily_mktvalue_pt返回 4827 条记录
20260412 17:01:57- INFO-   步骤4: 合并数据...
20260412 17:01:57- INFO-   数据合并完成,最终返回 4827 条记录, 18 个字段
20260412 17:01:57- INFO- ✓ 2022-08-04 数据获取成功: 4827 条
20260412 17:01:57- INFO- 开始获取 2022-08-05 的掘金全市场数据...
20260412 17:01:57- INFO-   步骤1: 调用get_symbols获取基础信息...
20260412 17:01:58- INFO-   get_symbols返回 4831 条记录
20260412 17:01:58- INFO-   过滤后剩余 4831 只股票(已剔除未上市/已退市)
20260412 17:01:58- INFO-   步骤2: 调用history批量获取数据...
20260412 17:01:58- INFO-   history批量返回 4831 条记录
20260412 17:01:58- INFO-   步骤3: 调用stk_get_daily_mktvalue_pt获取市值数据...
20260412 17:01:58- INFO-   stk_get_daily_mktvalue_pt返回 4831 条记录
20260412 17:01:58- INFO-   步骤4: 合并数据...
20260412 17:01:58- INFO-   数据合并完成,最终返回 4831 条记录, 18 个字段
20260412 17:01:58- INFO- ✓ 2022-08-05 数据获取成功: 4831 条
20260412 17:01:59- INFO- 开始获取 2022-08-08 的掘金全市场数据...
20260412 17:01:59- INFO-   步骤1: 调用get_symbols获取基础信息...
20260412 17:02:00- INFO-   get_symbols返回 4835 条记录
20260412 17:02:00- INFO-   过滤后剩余 4835 只股票(已剔除未上市/已退市)
20260412 17:02:00- INFO-   步骤2: 调用history批量获取数据...
20260412 17:02:00- INFO-   history批量返回 4835 条记录
20260412 17:02:00- INFO-   步骤3: 调用stk_get_daily_mktvalue_pt获取市值数据...
20260412 17:02:00- INFO-   stk_get_daily_mktvalue_pt返回 4835 条记录
20260412 17:02:00- INFO-   步骤4: 合并数据...
20260412 17:02:00- INFO-   数据合并完成,最终返回 4835 条记录, 18 个字段
20260412 17:02:00- INFO- ✓ 2022-08-08 数据获取成功: 4835 条
20260412 17:02:01- INFO- 开始获取 2022-08-09 的掘金全市场数据...
20260412 17:02:01- INFO-   步骤1: 调用get_symbols获取基础信息...
20260412 17:02:01- INFO-   get_symbols返回 4835 条记录
20260412 17:02:01- INFO-   过滤后剩余 4835 只股票(已剔除未上市/已退市)
20260412 17:02:01- INFO-   步骤2: 调用history批量获取数据...
20260412 17:02:02- INFO-   history批量返回 4835 条记录
20260412 17:02:02- INFO-   步骤3: 调用stk_get_daily_mktvalue_pt获取市值数据...
20260412 17:02:02- INFO-   stk_get_daily_mktvalue_pt返回 4835 条记录
20260412 17:02:02- INFO-   步骤4: 合并数据...
20260412 17:02:02- INFO-   数据合并完成,最终返回 4835 条记录, 18 个字段
20260412 17:02:02- INFO- ✓ 2022-08-09 数据获取成功: 4835 条
20260412 17:02:03- INFO- 开始获取 2022-08-10 的掘金全市场数据...
20260412 17:02:03- INFO-   步骤1: 调用get_symbols获取基础信息...
20260412 17:02:03- INFO-   get_symbols返回 4836 条记录
20260412 17:02:03- INFO-   过滤后剩余 4836 只股票(已剔除未上市/已退市)
20260412 17:02:03- INFO-   步骤2: 调用history批量获取数据...
20260412 17:02:04- INFO-   history批量返回 4836 条记录
20260412 17:02:04- INFO-   步骤3: 调用stk_get_daily_mktvalue_pt获取市值数据...
20260412 17:02:04- INFO-   stk_get_daily_mktvalue_pt返回 4836 条记录
20260412 17:02:04- INFO-   步骤4: 合并数据...
20260412 17:02:04- INFO-   数据合并完成,最终返回 4836 条记录, 18 个字段
20260412 17:02:04- INFO- ✓ 2022-08-10 数据获取成功: 4836 条
20260412 17:02:05- INFO- 开始获取 2022-08-11 的掘金全市场数据...
20260412 17:02:05- INFO-   步骤1: 调用get_symbols获取基础信息...
20260412 17:02:05- INFO-   get_symbols返回 4836 条记录
20260412 17:02:05- INFO-   过滤后剩余 4836 只股票(已剔除未上市/已退市)
20260412 17:02:05- INFO-   步骤2: 调用history批量获取数据...
20260412 17:02:06- INFO-   history批量返回 4836 条记录
20260412 17:02:06- INFO-   步骤3: 调用stk_get_daily_mktvalue_pt获取市值数据...
20260412 17:02:06- INFO-   stk_get_daily_mktvalue_pt返回 4836 条记录
20260412 17:02:06- INFO-   步骤4: 合并数据...
20260412 17:02:06- INFO-   数据合并完成,最终返回 4836 条记录, 18 个字段
20260412 17:02:06- INFO- ✓ 2022-08-11 数据获取成功: 4836 条
20260412 17:02:07- INFO- 开始获取 2022-08-12 的掘金全市场数据...
20260412 17:02:07- INFO-   步骤1: 调用get_symbols获取基础信息...
20260412 17:02:07- INFO-   get_symbols返回 4839 条记录
20260412 17:02:07- INFO-   过滤后剩余 4839 只股票(已剔除未上市/已退市)
20260412 17:02:07- INFO-   步骤2: 调用history批量获取数据...
20260412 17:02:07- INFO-   history批量返回 4839 条记录
20260412 17:02:07- INFO-   步骤3: 调用stk_get_daily_mktvalue_pt获取市值数据...
20260412 17:02:08- INFO-   stk_get_daily_mktvalue_pt返回 4839 条记录
20260412 17:02:08- INFO-   步骤4: 合并数据...
20260412 17:02:08- INFO-   数据合并完成,最终返回 4839 条记录, 18 个字段
20260412 17:02:08- INFO- ✓ 2022-08-12 数据获取成功: 4839 条
20260412 17:02:08- INFO- 开始获取 2022-08-15 的掘金全市场数据...
20260412 17:02:08- INFO-   步骤1: 调用get_symbols获取基础信息...
20260412 17:02:09- INFO-   get_symbols返回 4837 条记录
20260412 17:02:09- INFO-   过滤后剩余 4837 只股票(已剔除未上市/已退市)
20260412 17:02:09- INFO-   步骤2: 调用history批量获取数据...
20260412 17:02:09- INFO-   history批量返回 4837 条记录
20260412 17:02:09- INFO-   步骤3: 调用stk_get_daily_mktvalue_pt获取市值数据...
20260412 17:02:10- INFO-   stk_get_daily_mktvalue_pt返回 4837 条记录
20260412 17:02:10- INFO-   步骤4: 合并数据...
20260412 17:02:10- INFO-   数据合并完成,最终返回 4837 条记录, 18 个字段
20260412 17:02:10- INFO- ✓ 2022-08-15 数据获取成功: 4837 条
20260412 17:02:10- INFO- 开始获取 2022-08-16 的掘金全市场数据...
20260412 17:02:10- INFO-   步骤1: 调用get_symbols获取基础信息...
20260412 17:02:11- INFO-   get_symbols返回 4842 条记录
20260412 17:02:11- INFO-   过滤后剩余 4842 只股票(已剔除未上市/已退市)
20260412 17:02:11- INFO-   步骤2: 调用history批量获取数据...
20260412 17:02:11- INFO-   history批量返回 4842 条记录
20260412 17:02:11- INFO-   步骤3: 调用stk_get_daily_mktvalue_pt获取市值数据...
20260412 17:02:11- INFO-   stk_get_daily_mktvalue_pt返回 4842 条记录
20260412 17:02:11- INFO-   步骤4: 合并数据...
20260412 17:02:11- INFO-   数据合并完成,最终返回 4842 条记录, 18 个字段
20260412 17:02:11- INFO- ✓ 2022-08-16 数据获取成功: 4842 条
20260412 17:02:12- INFO- 开始获取 2022-08-17 的掘金全市场数据...
20260412 17:02:12- INFO-   步骤1: 调用get_symbols获取基础信息...
20260412 17:02:13- INFO-   get_symbols返回 4844 条记录
20260412 17:02:13- INFO-   过滤后剩余 4844 只股票(已剔除未上市/已退市)
20260412 17:02:13- INFO-   步骤2: 调用history批量获取数据...
20260412 17:02:13- INFO-   history批量返回 4844 条记录
20260412 17:02:13- INFO-   步骤3: 调用stk_get_daily_mktvalue_pt获取市值数据...
20260412 17:02:13- INFO-   stk_get_daily_mktvalue_pt返回 4844 条记录
20260412 17:02:13- INFO-   步骤4: 合并数据...
20260412 17:02:13- INFO-   数据合并完成,最终返回 4844 条记录, 18 个字段
20260412 17:02:13- INFO- ✓ 2022-08-17 数据获取成功: 4844 条
20260412 17:02:14- INFO- 开始获取 2022-08-18 的掘金全市场数据...
20260412 17:02:14- INFO-   步骤1: 调用get_symbols获取基础信息...
20260412 17:02:15- INFO-   get_symbols返回 4851 条记录
20260412 17:02:15- INFO-   过滤后剩余 4851 只股票(已剔除未上市/已退市)
20260412 17:02:15- INFO-   步骤2: 调用history批量获取数据...
20260412 17:02:15- INFO-   history批量返回 4851 条记录
20260412 17:02:15- INFO-   步骤3: 调用stk_get_daily_mktvalue_pt获取市值数据...
20260412 17:02:15- INFO-   stk_get_daily_mktvalue_pt返回 4851 条记录
20260412 17:02:15- INFO-   步骤4: 合并数据...
20260412 17:02:15- INFO-   数据合并完成,最终返回 4851 条记录, 18 个字段
20260412 17:02:15- INFO- ✓ 2022-08-18 数据获取成功: 4851 条
20260412 17:02:16- INFO- 开始获取 2022-08-19 的掘金全市场数据...
20260412 17:02:16- INFO-   步骤1: 调用get_symbols获取基础信息...
20260412 17:02:16- INFO-   get_symbols返回 4854 条记录
20260412 17:02:16- INFO-   过滤后剩余 4854 只股票(已剔除未上市/已退市)
20260412 17:02:16- INFO-   步骤2: 调用history批量获取数据...
20260412 17:02:17- INFO-   history批量返回 4854 条记录
20260412 17:02:17- INFO-   步骤3: 调用stk_get_daily_mktvalue_pt获取市值数据...
20260412 17:02:17- INFO-   stk_get_daily_mktvalue_pt返回 4854 条记录
20260412 17:02:17- INFO-   步骤4: 合并数据...
20260412 17:02:17- INFO-   数据合并完成,最终返回 4854 条记录, 18 个字段
20260412 17:02:17- INFO- ✓ 2022-08-19 数据获取成功: 4854 条
20260412 17:02:17- INFO- 开始获取 2022-08-22 的掘金全市场数据...
20260412 17:02:17- INFO-   步骤1: 调用get_symbols获取基础信息...
20260412 17:02:18- INFO-   get_symbols返回 4853 条记录
20260412 17:02:18- INFO-   过滤后剩余 4853 只股票(已剔除未上市/已退市)
20260412 17:02:18- INFO-   步骤2: 调用history批量获取数据...
20260412 17:02:18- INFO-   history批量返回 4853 条记录
20260412 17:02:18- INFO-   步骤3: 调用stk_get_daily_mktvalue_pt获取市值数据...
20260412 17:02:19- INFO-   stk_get_daily_mktvalue_pt返回 4853 条记录
20260412 17:02:19- INFO-   步骤4: 合并数据...
20260412 17:02:19- INFO-   数据合并完成,最终返回 4853 条记录, 18 个字段
20260412 17:02:19- INFO- ✓ 2022-08-22 数据获取成功: 4853 条
20260412 17:02:19- INFO- 开始获取 2022-08-23 的掘金全市场数据...
20260412 17:02:19- INFO-   步骤1: 调用get_symbols获取基础信息...
20260412 17:02:20- INFO-   get_symbols返回 4855 条记录
20260412 17:02:20- INFO-   过滤后剩余 4855 只股票(已剔除未上市/已退市)
20260412 17:02:20- INFO-   步骤2: 调用history批量获取数据...
20260412 17:02:20- INFO-   history批量返回 4855 条记录
20260412 17:02:20- INFO-   步骤3: 调用stk_get_daily_mktvalue_pt获取市值数据...
20260412 17:02:21- INFO-   stk_get_daily_mktvalue_pt返回 4855 条记录
20260412 17:02:21- INFO-   步骤4: 合并数据...
20260412 17:02:21- INFO-   数据合并完成,最终返回 4855 条记录, 18 个字段
20260412 17:02:21- INFO- ✓ 2022-08-23 数据获取成功: 4855 条
20260412 17:02:21- INFO- 开始获取 2022-08-24 的掘金全市场数据...
20260412 17:02:21- INFO-   步骤1: 调用get_symbols获取基础信息...
20260412 17:02:22- INFO-   get_symbols返回 4855 条记录
20260412 17:02:22- INFO-   过滤后剩余 4855 只股票(已剔除未上市/已退市)
20260412 17:02:22- INFO-   步骤2: 调用history批量获取数据...
20260412 17:02:22- INFO-   history批量返回 4855 条记录
20260412 17:02:22- INFO-   步骤3: 调用stk_get_daily_mktvalue_pt获取市值数据...
20260412 17:02:22- INFO-   stk_get_daily_mktvalue_pt返回 4855 条记录
20260412 17:02:22- INFO-   步骤4: 合并数据...
20260412 17:02:23- INFO-   数据合并完成,最终返回 4855 条记录, 18 个字段
20260412 17:02:23- INFO- ✓ 2022-08-24 数据获取成功: 4855 条
20260412 17:02:23- INFO- 开始获取 2022-08-25 的掘金全市场数据...
20260412 17:02:23- INFO-   步骤1: 调用get_symbols获取基础信息...
20260412 17:02:24- INFO-   get_symbols返回 4858 条记录
20260412 17:02:24- INFO-   过滤后剩余 4858 只股票(已剔除未上市/已退市)
20260412 17:02:24- INFO-   步骤2: 调用history批量获取数据...
20260412 17:02:24- INFO-   history批量返回 4858 条记录
20260412 17:02:24- INFO-   步骤3: 调用stk_get_daily_mktvalue_pt获取市值数据...
20260412 17:02:24- INFO-   stk_get_daily_mktvalue_pt返回 4858 条记录
20260412 17:02:24- INFO-   步骤4: 合并数据...
20260412 17:02:24- INFO-   数据合并完成,最终返回 4858 条记录, 18 个字段
20260412 17:02:24- INFO- ✓ 2022-08-25 数据获取成功: 4858 条
20260412 17:02:25- INFO- 开始获取 2022-08-26 的掘金全市场数据...
20260412 17:02:25- INFO-   步骤1: 调用get_symbols获取基础信息...
20260412 17:02:26- INFO-   get_symbols返回 4861 条记录
20260412 17:02:26- INFO-   过滤后剩余 4861 只股票(已剔除未上市/已退市)
20260412 17:02:26- INFO-   步骤2: 调用history批量获取数据...
20260412 17:02:26- INFO-   history批量返回 4861 条记录
20260412 17:02:26- INFO-   步骤3: 调用stk_get_daily_mktvalue_pt获取市值数据...
20260412 17:04:16- INFO-   stk_get_daily_mktvalue_pt返回 4861 条记录
20260412 17:04:16- INFO-   步骤4: 合并数据...
20260412 17:04:16- INFO-   数据合并完成,最终返回 4861 条记录, 18 个字段
20260412 17:04:16- INFO- ✓ 2022-08-26 数据获取成功: 4861 条
20260412 17:04:16- INFO- 开始获取 2022-08-29 的掘金全市场数据...
20260412 17:04:16- INFO-   步骤1: 调用get_symbols获取基础信息...
20260412 17:04:17- INFO-   get_symbols返回 4865 条记录
20260412 17:04:17- INFO-   过滤后剩余 4865 只股票(已剔除未上市/已退市)
20260412 17:04:17- INFO-   步骤2: 调用history批量获取数据...
20260412 17:04:17- INFO-   history批量返回 4865 条记录
20260412 17:04:17- INFO-   步骤3: 调用stk_get_daily_mktvalue_pt获取市值数据...
20260412 17:04:18- INFO-   stk_get_daily_mktvalue_pt返回 4865 条记录
20260412 17:04:18- INFO-   步骤4: 合并数据...
20260412 17:04:18- INFO-   数据合并完成,最终返回 4865 条记录, 18 个字段
20260412 17:04:18- INFO- ✓ 2022-08-29 数据获取成功: 4865 条
20260412 17:04:18- INFO- 开始获取 2022-08-30 的掘金全市场数据...
20260412 17:04:18- INFO-   步骤1: 调用get_symbols获取基础信息...
20260412 17:04:19- INFO-   get_symbols返回 4865 条记录
20260412 17:04:19- INFO-   过滤后剩余 4865 只股票(已剔除未上市/已退市)
20260412 17:04:19- INFO-   步骤2: 调用history批量获取数据...
20260412 17:04:19- INFO-   history批量返回 4865 条记录
20260412 17:04:19- INFO-   步骤3: 调用stk_get_daily_mktvalue_pt获取市值数据...
20260412 17:04:19- INFO-   stk_get_daily_mktvalue_pt返回 4865 条记录
20260412 17:04:19- INFO-   步骤4: 合并数据...
20260412 17:04:19- INFO-   数据合并完成,最终返回 4865 条记录, 18 个字段
20260412 17:04:19- INFO- ✓ 2022-08-30 数据获取成功: 4865 条
20260412 17:04:20- INFO- 开始获取 2022-08-31 的掘金全市场数据...
20260412 17:04:20- INFO-   步骤1: 调用get_symbols获取基础信息...
20260412 17:04:21- INFO-   get_symbols返回 4870 条记录
20260412 17:04:21- INFO-   过滤后剩余 4870 只股票(已剔除未上市/已退市)
20260412 17:04:21- INFO-   步骤2: 调用history批量获取数据...
20260412 17:04:21- INFO-   history批量返回 4870 条记录
20260412 17:04:21- INFO-   步骤3: 调用stk_get_daily_mktvalue_pt获取市值数据...
20260412 17:04:21- INFO-   stk_get_daily_mktvalue_pt返回 4870 条记录
20260412 17:04:21- INFO-   步骤4: 合并数据...
20260412 17:04:21- INFO-   数据合并完成,最终返回 4870 条记录, 18 个字段
20260412 17:04:21- INFO- ✓ 2022-08-31 数据获取成功: 4870 条
20260412 17:04:22- INFO- 开始获取 2022-09-01 的掘金全市场数据...
20260412 17:04:22- INFO-   步骤1: 调用get_symbols获取基础信息...
20260412 17:04:23- INFO-   get_symbols返回 4869 条记录
20260412 17:04:23- INFO-   过滤后剩余 4869 只股票(已剔除未上市/已退市)
20260412 17:04:23- INFO-   步骤2: 调用history批量获取数据...
20260412 17:04:23- INFO-   history批量返回 4869 条记录
20260412 17:04:23- INFO-   步骤3: 调用stk_get_daily_mktvalue_pt获取市值数据...
20260412 17:04:23- INFO-   stk_get_daily_mktvalue_pt返回 4869 条记录
20260412 17:04:23- INFO-   步骤4: 合并数据...
20260412 17:04:23- INFO-   数据合并完成,最终返回 4869 条记录, 18 个字段
20260412 17:04:23- INFO- ✓ 2022-09-01 数据获取成功: 4869 条
20260412 17:04:24- INFO- 开始获取 2022-09-02 的掘金全市场数据...
20260412 17:04:24- INFO-   步骤1: 调用get_symbols获取基础信息...
20260412 17:04:24- INFO-   get_symbols返回 4874 条记录
20260412 17:04:24- INFO-   过滤后剩余 4874 只股票(已剔除未上市/已退市)
20260412 17:04:24- INFO-   步骤2: 调用history批量获取数据...
20260412 17:04:25- INFO-   history批量返回 4874 条记录
20260412 17:04:25- INFO-   步骤3: 调用stk_get_daily_mktvalue_pt获取市值数据...
20260412 17:04:25- INFO-   stk_get_daily_mktvalue_pt返回 4874 条记录
20260412 17:04:25- INFO-   步骤4: 合并数据...
20260412 17:04:25- INFO-   数据合并完成,最终返回 4874 条记录, 18 个字段
20260412 17:04:25- INFO- ✓ 2022-09-02 数据获取成功: 4874 条
20260412 17:04:25- INFO- 开始获取 2022-09-05 的掘金全市场数据...
20260412 17:04:25- INFO-   步骤1: 调用get_symbols获取基础信息...
20260412 17:04:26- INFO-   get_symbols返回 4875 条记录
20260412 17:04:26- INFO-   过滤后剩余 4875 只股票(已剔除未上市/已退市)
20260412 17:04:26- INFO-   步骤2: 调用history批量获取数据...
20260412 17:04:26- INFO-   history批量返回 4875 条记录
20260412 17:04:26- INFO-   步骤3: 调用stk_get_daily_mktvalue_pt获取市值数据...
20260412 17:04:27- INFO-   stk_get_daily_mktvalue_pt返回 4875 条记录
20260412 17:04:27- INFO-   步骤4: 合并数据...
20260412 17:04:27- INFO-   数据合并完成,最终返回 4875 条记录, 18 个字段
20260412 17:04:27- INFO- ✓ 2022-09-05 数据获取成功: 4875 条
20260412 17:04:27- INFO- 开始获取 2022-09-06 的掘金全市场数据...
20260412 17:04:27- INFO-   步骤1: 调用get_symbols获取基础信息...
20260412 17:04:28- INFO-   get_symbols返回 4874 条记录
20260412 17:04:28- INFO-   过滤后剩余 4874 只股票(已剔除未上市/已退市)
20260412 17:04:28- INFO-   步骤2: 调用history批量获取数据...
20260412 17:04:28- INFO-   history批量返回 4874 条记录
20260412 17:04:28- INFO-   步骤3: 调用stk_get_daily_mktvalue_pt获取市值数据...
20260412 17:04:29- INFO-   stk_get_daily_mktvalue_pt返回 4874 条记录
20260412 17:04:29- INFO-   步骤4: 合并数据...
20260412 17:04:29- INFO-   数据合并完成,最终返回 4874 条记录, 18 个字段
20260412 17:04:29- INFO- ✓ 2022-09-06 数据获取成功: 4874 条
20260412 17:04:29- INFO- 开始获取 2022-09-07 的掘金全市场数据...
20260412 17:04:29- INFO-   步骤1: 调用get_symbols获取基础信息...
20260412 17:04:30- INFO-   get_symbols返回 4874 条记录
20260412 17:04:30- INFO-   过滤后剩余 4874 只股票(已剔除未上市/已退市)
20260412 17:04:30- INFO-   步骤2: 调用history批量获取数据...
20260412 17:04:30- INFO-   history批量返回 4874 条记录
20260412 17:04:30- INFO-   步骤3: 调用stk_get_daily_mktvalue_pt获取市值数据...
20260412 17:04:31- INFO-   stk_get_daily_mktvalue_pt返回 4874 条记录
20260412 17:04:31- INFO-   步骤4: 合并数据...
20260412 17:04:31- INFO-   数据合并完成,最终返回 4874 条记录, 18 个字段
20260412 17:04:31- INFO- ✓ 2022-09-07 数据获取成功: 4874 条
20260412 17:04:31- INFO- 开始获取 2022-09-08 的掘金全市场数据...
20260412 17:04:31- INFO-   步骤1: 调用get_symbols获取基础信息...
20260412 17:04:32- INFO-   get_symbols返回 4878 条记录
20260412 17:04:32- INFO-   过滤后剩余 4878 只股票(已剔除未上市/已退市)
20260412 17:04:32- INFO-   步骤2: 调用history批量获取数据...
20260412 17:04:32- INFO-   history批量返回 4878 条记录
20260412 17:04:32- INFO-   步骤3: 调用stk_get_daily_mktvalue_pt获取市值数据...
20260412 17:04:32- INFO-   stk_get_daily_mktvalue_pt返回 4878 条记录
20260412 17:04:32- INFO-   步骤4: 合并数据...
20260412 17:04:32- INFO-   数据合并完成,最终返回 4878 条记录, 18 个字段
20260412 17:04:32- INFO- ✓ 2022-09-08 数据获取成功: 4878 条
20260412 17:04:33- INFO- 开始获取 2022-09-09 的掘金全市场数据...
20260412 17:04:33- INFO-   步骤1: 调用get_symbols获取基础信息...
20260412 17:04:34- INFO-   get_symbols返回 4883 条记录
20260412 17:04:34- INFO-   过滤后剩余 4883 只股票(已剔除未上市/已退市)
20260412 17:04:34- INFO-   步骤2: 调用history批量获取数据...
20260412 17:04:34- INFO-   history批量返回 4883 条记录
20260412 17:04:34- INFO-   步骤3: 调用stk_get_daily_mktvalue_pt获取市值数据...
20260412 17:04:34- INFO-   stk_get_daily_mktvalue_pt返回 4883 条记录
20260412 17:04:34- INFO-   步骤4: 合并数据...
20260412 17:04:34- INFO-   数据合并完成,最终返回 4883 条记录, 18 个字段
20260412 17:04:34- INFO- ✓ 2022-09-09 数据获取成功: 4883 条
20260412 17:04:35- INFO- 开始获取 2022-09-12 的掘金全市场数据...
20260412 17:04:35- INFO-   步骤1: 调用get_symbols获取基础信息...
20260412 17:04:35- WARNING- 2022-09-12 get_symbols返回空数据
20260412 17:04:35- WARNING- ✗ 2022-09-12 无数据
20260412 17:04:36- INFO- 开始获取 2022-09-13 的掘金全市场数据...
20260412 17:04:36- INFO-   步骤1: 调用get_symbols获取基础信息...
20260412 17:04:36- INFO-   get_symbols返回 4883 条记录
20260412 17:04:36- INFO-   过滤后剩余 4883 只股票(已剔除未上市/已退市)
20260412 17:04:36- INFO-   步骤2: 调用history批量获取数据...
20260412 17:04:37- INFO-   history批量返回 4883 条记录
20260412 17:04:37- INFO-   步骤3: 调用stk_get_daily_mktvalue_pt获取市值数据...
20260412 17:04:37- INFO-   stk_get_daily_mktvalue_pt返回 4883 条记录
20260412 17:04:37- INFO-   步骤4: 合并数据...
20260412 17:04:37- INFO-   数据合并完成,最终返回 4883 条记录, 18 个字段
20260412 17:04:37- INFO- ✓ 2022-09-13 数据获取成功: 4883 条
20260412 17:04:37- INFO- 开始获取 2022-09-14 的掘金全市场数据...
20260412 17:04:37- INFO-   步骤1: 调用get_symbols获取基础信息...
20260412 17:04:38- INFO-   get_symbols返回 4884 条记录
20260412 17:04:38- INFO-   过滤后剩余 4884 只股票(已剔除未上市/已退市)
20260412 17:04:38- INFO-   步骤2: 调用history批量获取数据...
20260412 17:04:38- INFO-   history批量返回 4884 条记录
20260412 17:04:38- INFO-   步骤3: 调用stk_get_daily_mktvalue_pt获取市值数据...
20260412 17:04:39- INFO-   stk_get_daily_mktvalue_pt返回 4884 条记录
20260412 17:04:39- INFO-   步骤4: 合并数据...
20260412 17:04:39- INFO-   数据合并完成,最终返回 4884 条记录, 18 个字段
20260412 17:04:39- INFO- ✓ 2022-09-14 数据获取成功: 4884 条
20260412 17:04:39- INFO- 开始获取 2022-09-15 的掘金全市场数据...
20260412 17:04:39- INFO-   步骤1: 调用get_symbols获取基础信息...
20260412 17:04:40- INFO-   get_symbols返回 4882 条记录
20260412 17:04:40- INFO-   过滤后剩余 4882 只股票(已剔除未上市/已退市)
20260412 17:04:40- INFO-   步骤2: 调用history批量获取数据...
20260412 17:04:40- INFO-   history批量返回 4882 条记录
20260412 17:04:40- INFO-   步骤3: 调用stk_get_daily_mktvalue_pt获取市值数据...
20260412 17:04:41- INFO-   stk_get_daily_mktvalue_pt返回 4882 条记录
20260412 17:04:41- INFO-   步骤4: 合并数据...
20260412 17:04:41- INFO-   数据合并完成,最终返回 4882 条记录, 18 个字段
20260412 17:04:41- INFO- ✓ 2022-09-15 数据获取成功: 4882 条
20260412 17:04:41- INFO- 开始获取 2022-09-16 的掘金全市场数据...
20260412 17:04:41- INFO-   步骤1: 调用get_symbols获取基础信息...
20260412 17:04:42- INFO-   get_symbols返回 4883 条记录
20260412 17:04:42- INFO-   过滤后剩余 4883 只股票(已剔除未上市/已退市)
20260412 17:04:42- INFO-   步骤2: 调用history批量获取数据...
20260412 17:04:42- INFO-   history批量返回 4883 条记录
20260412 17:04:42- INFO-   步骤3: 调用stk_get_daily_mktvalue_pt获取市值数据...
20260412 17:04:43- INFO-   stk_get_daily_mktvalue_pt返回 4883 条记录
20260412 17:04:43- INFO-   步骤4: 合并数据...
20260412 17:04:43- INFO-   数据合并完成,最终返回 4883 条记录, 18 个字段
20260412 17:04:43- INFO- ✓ 2022-09-16 数据获取成功: 4883 条
20260412 17:04:43- INFO- 开始获取 2022-09-19 的掘金全市场数据...
20260412 17:04:43- INFO-   步骤1: 调用get_symbols获取基础信息...
20260412 17:04:44- INFO-   get_symbols返回 4888 条记录
20260412 17:04:44- INFO-   过滤后剩余 4888 只股票(已剔除未上市/已退市)
20260412 17:04:44- INFO-   步骤2: 调用history批量获取数据...
20260412 17:04:44- INFO-   history批量返回 4888 条记录
20260412 17:04:44- INFO-   步骤3: 调用stk_get_daily_mktvalue_pt获取市值数据...
20260412 17:04:44- INFO-   stk_get_daily_mktvalue_pt返回 4888 条记录
20260412 17:04:44- INFO-   步骤4: 合并数据...
20260412 17:04:44- INFO-   数据合并完成,最终返回 4888 条记录, 18 个字段
20260412 17:04:44- INFO- ✓ 2022-09-19 数据获取成功: 4888 条
20260412 17:04:45- INFO- 开始获取 2022-09-20 的掘金全市场数据...
20260412 17:04:45- INFO-   步骤1: 调用get_symbols获取基础信息...
20260412 17:04:46- INFO-   get_symbols返回 4890 条记录
20260412 17:04:46- INFO-   过滤后剩余 4890 只股票(已剔除未上市/已退市)
20260412 17:04:46- INFO-   步骤2: 调用history批量获取数据...
20260412 17:04:46- INFO-   history批量返回 4890 条记录
20260412 17:04:46- INFO-   步骤3: 调用stk_get_daily_mktvalue_pt获取市值数据...
20260412 17:04:46- INFO-   stk_get_daily_mktvalue_pt返回 4890 条记录
20260412 17:04:46- INFO-   步骤4: 合并数据...
20260412 17:04:46- INFO-   数据合并完成,最终返回 4890 条记录, 18 个字段
20260412 17:04:46- INFO- ✓ 2022-09-20 数据获取成功: 4890 条
20260412 17:04:47- INFO- 开始获取 2022-09-21 的掘金全市场数据...
20260412 17:04:47- INFO-   步骤1: 调用get_symbols获取基础信息...
20260412 17:04:48- INFO-   get_symbols返回 4896 条记录
20260412 17:04:48- INFO-   过滤后剩余 4896 只股票(已剔除未上市/已退市)
20260412 17:04:48- INFO-   步骤2: 调用history批量获取数据...
20260412 17:04:48- INFO-   history批量返回 4896 条记录
20260412 17:04:48- INFO-   步骤3: 调用stk_get_daily_mktvalue_pt获取市值数据...
20260412 17:04:48- INFO-   stk_get_daily_mktvalue_pt返回 4896 条记录
20260412 17:04:48- INFO-   步骤4: 合并数据...
20260412 17:04:48- INFO-   数据合并完成,最终返回 4896 条记录, 18 个字段
20260412 17:04:48- INFO- ✓ 2022-09-21 数据获取成功: 4896 条
20260412 17:04:49- INFO- 开始获取 2022-09-22 的掘金全市场数据...
20260412 17:04:49- INFO-   步骤1: 调用get_symbols获取基础信息...
20260412 17:04:50- INFO-   get_symbols返回 4895 条记录
20260412 17:04:50- INFO-   过滤后剩余 4895 只股票(已剔除未上市/已退市)
20260412 17:04:50- INFO-   步骤2: 调用history批量获取数据...
20260412 17:04:50- INFO-   history批量返回 4895 条记录
20260412 17:04:50- INFO-   步骤3: 调用stk_get_daily_mktvalue_pt获取市值数据...
20260412 17:04:50- INFO-   stk_get_daily_mktvalue_pt返回 4895 条记录
20260412 17:04:50- INFO-   步骤4: 合并数据...
20260412 17:04:50- INFO-   数据合并完成,最终返回 4895 条记录, 18 个字段
20260412 17:04:50- INFO- ✓ 2022-09-22 数据获取成功: 4895 条
20260412 17:04:51- INFO- 开始获取 2022-09-23 的掘金全市场数据...
20260412 17:04:51- INFO-   步骤1: 调用get_symbols获取基础信息...
20260412 17:04:51- INFO-   get_symbols返回 4897 条记录
20260412 17:04:51- INFO-   过滤后剩余 4897 只股票(已剔除未上市/已退市)
20260412 17:04:51- INFO-   步骤2: 调用history批量获取数据...
20260412 17:04:52- INFO-   history批量返回 4897 条记录
20260412 17:04:52- INFO-   步骤3: 调用stk_get_daily_mktvalue_pt获取市值数据...
20260412 17:04:52- INFO-   stk_get_daily_mktvalue_pt返回 4897 条记录
20260412 17:04:52- INFO-   步骤4: 合并数据...
20260412 17:04:52- INFO-   数据合并完成,最终返回 4897 条记录, 18 个字段
20260412 17:04:52- INFO- ✓ 2022-09-23 数据获取成功: 4897 条
20260412 17:04:52- INFO- 开始获取 2022-09-26 的掘金全市场数据...
20260412 17:04:52- INFO-   步骤1: 调用get_symbols获取基础信息...
20260412 17:04:53- INFO-   get_symbols返回 4901 条记录
20260412 17:04:53- INFO-   过滤后剩余 4901 只股票(已剔除未上市/已退市)
20260412 17:04:53- INFO-   步骤2: 调用history批量获取数据...
20260412 17:04:53- INFO-   history批量返回 4901 条记录
20260412 17:04:53- INFO-   步骤3: 调用stk_get_daily_mktvalue_pt获取市值数据...
20260412 17:04:54- INFO-   stk_get_daily_mktvalue_pt返回 4901 条记录
20260412 17:04:54- INFO-   步骤4: 合并数据...
20260412 17:04:54- INFO-   数据合并完成,最终返回 4901 条记录, 18 个字段
20260412 17:04:54- INFO- ✓ 2022-09-26 数据获取成功: 4901 条
20260412 17:04:54- INFO- 开始获取 2022-09-27 的掘金全市场数据...
20260412 17:04:54- INFO-   步骤1: 调用get_symbols获取基础信息...
20260412 17:04:55- INFO-   get_symbols返回 4903 条记录
20260412 17:04:55- INFO-   过滤后剩余 4903 只股票(已剔除未上市/已退市)
20260412 17:04:55- INFO-   步骤2: 调用history批量获取数据...
20260412 17:04:55- INFO-   history批量返回 4903 条记录
20260412 17:04:55- INFO-   步骤3: 调用stk_get_daily_mktvalue_pt获取市值数据...
20260412 17:04:56- INFO-   stk_get_daily_mktvalue_pt返回 4903 条记录
20260412 17:04:56- INFO-   步骤4: 合并数据...
20260412 17:04:56- INFO-   数据合并完成,最终返回 4903 条记录, 18 个字段
20260412 17:04:56- INFO- ✓ 2022-09-27 数据获取成功: 4903 条
20260412 17:04:56- INFO- 开始获取 2022-09-28 的掘金全市场数据...
20260412 17:04:56- INFO-   步骤1: 调用get_symbols获取基础信息...
20260412 17:04:57- INFO-   get_symbols返回 4906 条记录
20260412 17:04:57- INFO-   过滤后剩余 4906 只股票(已剔除未上市/已退市)
20260412 17:04:57- INFO-   步骤2: 调用history批量获取数据...
20260412 17:04:57- INFO-   history批量返回 4906 条记录
20260412 17:04:57- INFO-   步骤3: 调用stk_get_daily_mktvalue_pt获取市值数据...
20260412 17:04:58- INFO-   stk_get_daily_mktvalue_pt返回 4906 条记录
20260412 17:04:58- INFO-   步骤4: 合并数据...
20260412 17:04:58- INFO-   数据合并完成,最终返回 4906 条记录, 18 个字段
20260412 17:04:58- INFO- ✓ 2022-09-28 数据获取成功: 4906 条
20260412 17:04:58- INFO- 开始获取 2022-09-29 的掘金全市场数据...
20260412 17:04:58- INFO-   步骤1: 调用get_symbols获取基础信息...
20260412 17:04:59- INFO-   get_symbols返回 4906 条记录
20260412 17:04:59- INFO-   过滤后剩余 4906 只股票(已剔除未上市/已退市)
20260412 17:04:59- INFO-   步骤2: 调用history批量获取数据...
20260412 17:04:59- INFO-   history批量返回 4906 条记录
20260412 17:04:59- INFO-   步骤3: 调用stk_get_daily_mktvalue_pt获取市值数据...
20260412 17:05:00- INFO-   stk_get_daily_mktvalue_pt返回 4906 条记录
20260412 17:05:00- INFO-   步骤4: 合并数据...
20260412 17:05:00- INFO-   数据合并完成,最终返回 4906 条记录, 18 个字段
20260412 17:05:00- INFO- ✓ 2022-09-29 数据获取成功: 4906 条
20260412 17:05:00- INFO- 开始获取 2022-09-30 的掘金全市场数据...
20260412 17:05:00- INFO-   步骤1: 调用get_symbols获取基础信息...
20260412 17:05:01- INFO-   get_symbols返回 4908 条记录
20260412 17:05:01- INFO-   过滤后剩余 4908 只股票(已剔除未上市/已退市)
20260412 17:05:01- INFO-   步骤2: 调用history批量获取数据...
20260412 17:05:01- INFO-   history批量返回 4908 条记录
20260412 17:05:01- INFO-   步骤3: 调用stk_get_daily_mktvalue_pt获取市值数据...
20260412 17:05:01- INFO-   stk_get_daily_mktvalue_pt返回 4908 条记录
20260412 17:05:01- INFO-   步骤4: 合并数据...
20260412 17:05:01- INFO-   数据合并完成,最终返回 4908 条记录, 18 个字段
20260412 17:05:01- INFO- ✓ 2022-09-30 数据获取成功: 4908 条
20260412 17:05:02- INFO- 开始获取 2022-10-03 的掘金全市场数据...
20260412 17:05:02- INFO-   步骤1: 调用get_symbols获取基础信息...
20260412 17:05:02- WARNING- 2022-10-03 get_symbols返回空数据
20260412 17:05:02- WARNING- ✗ 2022-10-03 无数据
20260412 17:05:03- INFO- 开始获取 2022-10-04 的掘金全市场数据...
20260412 17:05:03- INFO-   步骤1: 调用get_symbols获取基础信息...
20260412 17:05:03- WARNING- 2022-10-04 get_symbols返回空数据
20260412 17:05:03- WARNING- ✗ 2022-10-04 无数据
20260412 17:05:04- INFO- 开始获取 2022-10-05 的掘金全市场数据...
20260412 17:05:04- INFO-   步骤1: 调用get_symbols获取基础信息...
20260412 17:05:04- WARNING- 2022-10-05 get_symbols返回空数据
20260412 17:05:04- WARNING- ✗ 2022-10-05 无数据
20260412 17:05:04- INFO- 开始获取 2022-10-06 的掘金全市场数据...
20260412 17:05:04- INFO-   步骤1: 调用get_symbols获取基础信息...
20260412 17:05:05- WARNING- 2022-10-06 get_symbols返回空数据
20260412 17:05:05- WARNING- ✗ 2022-10-06 无数据
20260412 17:05:05- INFO- 开始获取 2022-10-07 的掘金全市场数据...
20260412 17:05:05- INFO-   步骤1: 调用get_symbols获取基础信息...
20260412 17:05:05- WARNING- 2022-10-07 get_symbols返回空数据
20260412 17:05:05- WARNING- ✗ 2022-10-07 无数据
20260412 17:05:06- INFO- 开始获取 2022-10-10 的掘金全市场数据...
20260412 17:05:06- INFO-   步骤1: 调用get_symbols获取基础信息...
20260412 17:05:06- INFO-   get_symbols返回 4911 条记录
20260412 17:05:06- INFO-   过滤后剩余 4911 只股票(已剔除未上市/已退市)
20260412 17:05:06- INFO-   步骤2: 调用history批量获取数据...
20260412 17:05:07- INFO-   history批量返回 4911 条记录
20260412 17:05:07- INFO-   步骤3: 调用stk_get_daily_mktvalue_pt获取市值数据...
20260412 17:05:07- INFO-   stk_get_daily_mktvalue_pt返回 4911 条记录
20260412 17:05:07- INFO-   步骤4: 合并数据...
20260412 17:05:07- INFO-   数据合并完成,最终返回 4911 条记录, 18 个字段
20260412 17:05:07- INFO- ✓ 2022-10-10 数据获取成功: 4911 条
20260412 17:05:08- INFO- 开始获取 2022-10-11 的掘金全市场数据...
20260412 17:05:08- INFO-   步骤1: 调用get_symbols获取基础信息...
20260412 17:05:08- INFO-   get_symbols返回 4910 条记录
20260412 17:05:08- INFO-   过滤后剩余 4910 只股票(已剔除未上市/已退市)
20260412 17:05:08- INFO-   步骤2: 调用history批量获取数据...
20260412 17:05:09- INFO-   history批量返回 4910 条记录
20260412 17:05:09- INFO-   步骤3: 调用stk_get_daily_mktvalue_pt获取市值数据...
20260412 17:05:09- INFO-   stk_get_daily_mktvalue_pt返回 4910 条记录
20260412 17:05:09- INFO-   步骤4: 合并数据...
20260412 17:05:09- INFO-   数据合并完成,最终返回 4910 条记录, 18 个字段
20260412 17:05:09- INFO- ✓ 2022-10-11 数据获取成功: 4910 条
20260412 17:05:10- INFO- 开始获取 2022-10-12 的掘金全市场数据...
20260412 17:05:10- INFO-   步骤1: 调用get_symbols获取基础信息...
20260412 17:05:10- INFO-   get_symbols返回 4914 条记录
20260412 17:05:10- INFO-   过滤后剩余 4914 只股票(已剔除未上市/已退市)
20260412 17:05:10- INFO-   步骤2: 调用history批量获取数据...
20260412 17:05:11- INFO-   history批量返回 4914 条记录
20260412 17:05:11- INFO-   步骤3: 调用stk_get_daily_mktvalue_pt获取市值数据...
20260412 17:05:11- INFO-   stk_get_daily_mktvalue_pt返回 4914 条记录
20260412 17:05:11- INFO-   步骤4: 合并数据...
20260412 17:05:11- INFO-   数据合并完成,最终返回 4914 条记录, 18 个字段
20260412 17:05:11- INFO- ✓ 2022-10-12 数据获取成功: 4914 条
20260412 17:05:12- INFO- 开始获取 2022-10-13 的掘金全市场数据...
20260412 17:05:12- INFO-   步骤1: 调用get_symbols获取基础信息...
20260412 17:05:12- INFO-   get_symbols返回 4915 条记录
20260412 17:05:12- INFO-   过滤后剩余 4915 只股票(已剔除未上市/已退市)
20260412 17:05:12- INFO-   步骤2: 调用history批量获取数据...
20260412 17:05:13- INFO-   history批量返回 4915 条记录
20260412 17:05:13- INFO-   步骤3: 调用stk_get_daily_mktvalue_pt获取市值数据...
20260412 17:05:13- INFO-   stk_get_daily_mktvalue_pt返回 4915 条记录
20260412 17:05:13- INFO-   步骤4: 合并数据...
20260412 17:05:13- INFO-   数据合并完成,最终返回 4915 条记录, 18 个字段
20260412 17:05:13- INFO- ✓ 2022-10-13 数据获取成功: 4915 条
20260412 17:05:14- INFO- 开始获取 2022-10-14 的掘金全市场数据...
20260412 17:05:14- INFO-   步骤1: 调用get_symbols获取基础信息...
20260412 17:05:14- INFO-   get_symbols返回 4917 条记录
20260412 17:05:14- INFO-   过滤后剩余 4917 只股票(已剔除未上市/已退市)
20260412 17:05:14- INFO-   步骤2: 调用history批量获取数据...
20260412 17:05:14- INFO-   history批量返回 4917 条记录
20260412 17:05:14- INFO-   步骤3: 调用stk_get_daily_mktvalue_pt获取市值数据...
20260412 17:05:15- INFO-   stk_get_daily_mktvalue_pt返回 4917 条记录
20260412 17:05:15- INFO-   步骤4: 合并数据...
20260412 17:05:15- INFO-   数据合并完成,最终返回 4917 条记录, 18 个字段
20260412 17:05:15- INFO- ✓ 2022-10-14 数据获取成功: 4917 条
20260412 17:05:15- INFO- 开始获取 2022-10-17 的掘金全市场数据...
20260412 17:05:15- INFO-   步骤1: 调用get_symbols获取基础信息...
20260412 17:05:16- INFO-   get_symbols返回 4914 条记录
20260412 17:05:16- INFO-   过滤后剩余 4914 只股票(已剔除未上市/已退市)
20260412 17:05:16- INFO-   步骤2: 调用history批量获取数据...
20260412 17:05:16- INFO-   history批量返回 4914 条记录
20260412 17:05:16- INFO-   步骤3: 调用stk_get_daily_mktvalue_pt获取市值数据...
20260412 17:05:17- INFO-   stk_get_daily_mktvalue_pt返回 4914 条记录
20260412 17:05:17- INFO-   步骤4: 合并数据...
20260412 17:05:17- INFO-   数据合并完成,最终返回 4914 条记录, 18 个字段
20260412 17:05:17- INFO- ✓ 2022-10-17 数据获取成功: 4914 条
20260412 17:05:17- INFO- 开始获取 2022-10-18 的掘金全市场数据...
20260412 17:05:17- INFO-   步骤1: 调用get_symbols获取基础信息...
20260412 17:05:18- INFO-   get_symbols返回 4916 条记录
20260412 17:05:18- INFO-   过滤后剩余 4916 只股票(已剔除未上市/已退市)
20260412 17:05:18- INFO-   步骤2: 调用history批量获取数据...
20260412 17:05:18- INFO-   history批量返回 4916 条记录
20260412 17:05:18- INFO-   步骤3: 调用stk_get_daily_mktvalue_pt获取市值数据...
20260412 17:05:19- INFO-   stk_get_daily_mktvalue_pt返回 4916 条记录
20260412 17:05:19- INFO-   步骤4: 合并数据...
20260412 17:05:19- INFO-   数据合并完成,最终返回 4916 条记录, 18 个字段
20260412 17:05:19- INFO- ✓ 2022-10-18 数据获取成功: 4916 条
20260412 17:05:19- INFO- 开始获取 2022-10-19 的掘金全市场数据...
20260412 17:05:19- INFO-   步骤1: 调用get_symbols获取基础信息...
20260412 17:05:20- INFO-   get_symbols返回 4922 条记录
20260412 17:05:20- INFO-   过滤后剩余 4922 只股票(已剔除未上市/已退市)
20260412 17:05:20- INFO-   步骤2: 调用history批量获取数据...
20260412 17:05:20- INFO-   history批量返回 4922 条记录
20260412 17:05:20- INFO-   步骤3: 调用stk_get_daily_mktvalue_pt获取市值数据...
20260412 17:05:20- INFO-   stk_get_daily_mktvalue_pt返回 4922 条记录
20260412 17:05:20- INFO-   步骤4: 合并数据...
20260412 17:05:20- INFO-   数据合并完成,最终返回 4922 条记录, 18 个字段
20260412 17:05:20- INFO- ✓ 2022-10-19 数据获取成功: 4922 条
20260412 17:05:21- INFO- 开始获取 2022-10-20 的掘金全市场数据...
20260412 17:05:21- INFO-   步骤1: 调用get_symbols获取基础信息...
20260412 17:05:22- INFO-   get_symbols返回 4922 条记录
20260412 17:05:22- INFO-   过滤后剩余 4922 只股票(已剔除未上市/已退市)
20260412 17:05:22- INFO-   步骤2: 调用history批量获取数据...
20260412 17:05:22- INFO-   history批量返回 4922 条记录
20260412 17:05:22- INFO-   步骤3: 调用stk_get_daily_mktvalue_pt获取市值数据...
20260412 17:05:22- INFO-   stk_get_daily_mktvalue_pt返回 4922 条记录
20260412 17:05:22- INFO-   步骤4: 合并数据...
20260412 17:05:22- INFO-   数据合并完成,最终返回 4922 条记录, 18 个字段
20260412 17:05:22- INFO- ✓ 2022-10-20 数据获取成功: 4922 条
20260412 17:05:23- INFO- 开始获取 2022-10-21 的掘金全市场数据...
20260412 17:05:23- INFO-   步骤1: 调用get_symbols获取基础信息...
20260412 17:05:24- INFO-   get_symbols返回 4920 条记录
20260412 17:05:24- INFO-   过滤后剩余 4920 只股票(已剔除未上市/已退市)
20260412 17:05:24- INFO-   步骤2: 调用history批量获取数据...
20260412 17:05:24- INFO-   history批量返回 4920 条记录
20260412 17:05:24- INFO-   步骤3: 调用stk_get_daily_mktvalue_pt获取市值数据...
20260412 17:05:24- INFO-   stk_get_daily_mktvalue_pt返回 4920 条记录
20260412 17:05:24- INFO-   步骤4: 合并数据...
20260412 17:05:24- INFO-   数据合并完成,最终返回 4920 条记录, 18 个字段
20260412 17:05:24- INFO- ✓ 2022-10-21 数据获取成功: 4920 条
20260412 17:05:25- INFO- 开始获取 2022-10-24 的掘金全市场数据...
20260412 17:05:25- INFO-   步骤1: 调用get_symbols获取基础信息...
20260412 17:05:25- INFO-   get_symbols返回 4923 条记录
20260412 17:05:25- INFO-   过滤后剩余 4923 只股票(已剔除未上市/已退市)
20260412 17:05:25- INFO-   步骤2: 调用history批量获取数据...
20260412 17:05:26- INFO-   history批量返回 4923 条记录
20260412 17:05:26- INFO-   步骤3: 调用stk_get_daily_mktvalue_pt获取市值数据...
20260412 17:05:26- INFO-   stk_get_daily_mktvalue_pt返回 4923 条记录
20260412 17:05:26- INFO-   步骤4: 合并数据...
20260412 17:05:26- INFO-   数据合并完成,最终返回 4923 条记录, 18 个字段
20260412 17:05:26- INFO- ✓ 2022-10-24 数据获取成功: 4923 条
20260412 17:05:27- INFO- 开始获取 2022-10-25 的掘金全市场数据...
20260412 17:05:27- INFO-   步骤1: 调用get_symbols获取基础信息...
20260412 17:05:27- INFO-   get_symbols返回 4924 条记录
20260412 17:05:27- INFO-   过滤后剩余 4924 只股票(已剔除未上市/已退市)
20260412 17:05:27- INFO-   步骤2: 调用history批量获取数据...
20260412 17:05:28- INFO-   history批量返回 4924 条记录
20260412 17:05:28- INFO-   步骤3: 调用stk_get_daily_mktvalue_pt获取市值数据...
20260412 17:05:28- INFO-   stk_get_daily_mktvalue_pt返回 4924 条记录
20260412 17:05:28- INFO-   步骤4: 合并数据...
20260412 17:05:28- INFO-   数据合并完成,最终返回 4924 条记录, 18 个字段
20260412 17:05:28- INFO- ✓ 2022-10-25 数据获取成功: 4924 条
20260412 17:05:28- INFO- 开始获取 2022-10-26 的掘金全市场数据...
20260412 17:05:28- INFO-   步骤1: 调用get_symbols获取基础信息...
20260412 17:05:29- INFO-   get_symbols返回 4926 条记录
20260412 17:05:29- INFO-   过滤后剩余 4926 只股票(已剔除未上市/已退市)
20260412 17:05:29- INFO-   步骤2: 调用history批量获取数据...
20260412 17:05:30- INFO-   history批量返回 4926 条记录
20260412 17:05:30- INFO-   步骤3: 调用stk_get_daily_mktvalue_pt获取市值数据...
20260412 17:05:30- INFO-   stk_get_daily_mktvalue_pt返回 4926 条记录
20260412 17:05:30- INFO-   步骤4: 合并数据...
20260412 17:05:30- INFO-   数据合并完成,最终返回 4926 条记录, 18 个字段
20260412 17:05:30- INFO- ✓ 2022-10-26 数据获取成功: 4926 条
20260412 17:05:30- INFO- 开始获取 2022-10-27 的掘金全市场数据...
20260412 17:05:30- INFO-   步骤1: 调用get_symbols获取基础信息...
20260412 17:05:31- INFO-   get_symbols返回 4927 条记录
20260412 17:05:31- INFO-   过滤后剩余 4927 只股票(已剔除未上市/已退市)
20260412 17:05:31- INFO-   步骤2: 调用history批量获取数据...
20260412 17:05:31- INFO-   history批量返回 4927 条记录
20260412 17:05:31- INFO-   步骤3: 调用stk_get_daily_mktvalue_pt获取市值数据...
20260412 17:05:32- INFO-   stk_get_daily_mktvalue_pt返回 4927 条记录
20260412 17:05:32- INFO-   步骤4: 合并数据...
20260412 17:05:32- INFO-   数据合并完成,最终返回 4927 条记录, 18 个字段
20260412 17:05:32- INFO- ✓ 2022-10-27 数据获取成功: 4927 条
20260412 17:05:32- INFO- 开始获取 2022-10-28 的掘金全市场数据...
20260412 17:05:32- INFO-   步骤1: 调用get_symbols获取基础信息...
20260412 17:05:33- INFO-   get_symbols返回 4930 条记录
20260412 17:05:33- INFO-   过滤后剩余 4930 只股票(已剔除未上市/已退市)
20260412 17:05:33- INFO-   步骤2: 调用history批量获取数据...
20260412 17:05:33- INFO-   history批量返回 4930 条记录
20260412 17:05:33- INFO-   步骤3: 调用stk_get_daily_mktvalue_pt获取市值数据...
20260412 17:05:33- INFO-   stk_get_daily_mktvalue_pt返回 4930 条记录
20260412 17:05:33- INFO-   步骤4: 合并数据...
20260412 17:05:33- INFO-   数据合并完成,最终返回 4930 条记录, 18 个字段
20260412 17:05:33- INFO- ✓ 2022-10-28 数据获取成功: 4930 条
20260412 17:05:34- INFO- 开始获取 2022-10-31 的掘金全市场数据...
20260412 17:05:34- INFO-   步骤1: 调用get_symbols获取基础信息...
20260412 17:05:35- INFO-   get_symbols返回 4931 条记录
20260412 17:05:35- INFO-   过滤后剩余 4931 只股票(已剔除未上市/已退市)
20260412 17:05:35- INFO-   步骤2: 调用history批量获取数据...
20260412 17:05:35- INFO-   history批量返回 4931 条记录
20260412 17:05:35- INFO-   步骤3: 调用stk_get_daily_mktvalue_pt获取市值数据...
20260412 17:05:35- INFO-   stk_get_daily_mktvalue_pt返回 4931 条记录
20260412 17:05:35- INFO-   步骤4: 合并数据...
20260412 17:05:35- INFO-   数据合并完成,最终返回 4931 条记录, 18 个字段
20260412 17:05:35- INFO- ✓ 2022-10-31 数据获取成功: 4931 条
20260412 17:05:36- INFO- 开始获取 2022-11-01 的掘金全市场数据...
20260412 17:05:36- INFO-   步骤1: 调用get_symbols获取基础信息...
20260412 17:05:37- INFO-   get_symbols返回 4934 条记录
20260412 17:05:37- INFO-   过滤后剩余 4934 只股票(已剔除未上市/已退市)
20260412 17:05:37- INFO-   步骤2: 调用history批量获取数据...
20260412 17:05:37- INFO-   history批量返回 4934 条记录
20260412 17:05:37- INFO-   步骤3: 调用stk_get_daily_mktvalue_pt获取市值数据...
20260412 17:05:37- INFO-   stk_get_daily_mktvalue_pt返回 4934 条记录
20260412 17:05:37- INFO-   步骤4: 合并数据...
20260412 17:05:37- INFO-   数据合并完成,最终返回 4934 条记录, 18 个字段
20260412 17:05:37- INFO- ✓ 2022-11-01 数据获取成功: 4934 条
20260412 17:05:38- INFO- 开始获取 2022-11-02 的掘金全市场数据...
20260412 17:05:38- INFO-   步骤1: 调用get_symbols获取基础信息...
20260412 17:05:39- INFO-   get_symbols返回 4933 条记录
20260412 17:05:39- INFO-   过滤后剩余 4933 只股票(已剔除未上市/已退市)
20260412 17:05:39- INFO-   步骤2: 调用history批量获取数据...
20260412 17:05:39- INFO-   history批量返回 4933 条记录
20260412 17:05:39- INFO-   步骤3: 调用stk_get_daily_mktvalue_pt获取市值数据...
20260412 17:05:39- INFO-   stk_get_daily_mktvalue_pt返回 4933 条记录
20260412 17:05:39- INFO-   步骤4: 合并数据...
20260412 17:05:39- INFO-   数据合并完成,最终返回 4933 条记录, 18 个字段
20260412 17:05:39- INFO- ✓ 2022-11-02 数据获取成功: 4933 条
20260412 17:05:40- INFO- 开始获取 2022-11-03 的掘金全市场数据...
20260412 17:05:40- INFO-   步骤1: 调用get_symbols获取基础信息...
20260412 17:05:40- INFO-   get_symbols返回 4934 条记录
20260412 17:05:40- INFO-   过滤后剩余 4934 只股票(已剔除未上市/已退市)
20260412 17:05:40- INFO-   步骤2: 调用history批量获取数据...
20260412 17:05:41- INFO-   history批量返回 4934 条记录
20260412 17:05:41- INFO-   步骤3: 调用stk_get_daily_mktvalue_pt获取市值数据...
20260412 17:05:41- INFO-   stk_get_daily_mktvalue_pt返回 4934 条记录
20260412 17:05:41- INFO-   步骤4: 合并数据...
20260412 17:05:41- INFO-   数据合并完成,最终返回 4934 条记录, 18 个字段
20260412 17:05:41- INFO- ✓ 2022-11-03 数据获取成功: 4934 条
20260412 17:05:42- INFO- 开始获取 2022-11-04 的掘金全市场数据...
20260412 17:05:42- INFO-   步骤1: 调用get_symbols获取基础信息...
20260412 17:05:42- INFO-   get_symbols返回 4936 条记录
20260412 17:05:42- INFO-   过滤后剩余 4936 只股票(已剔除未上市/已退市)
20260412 17:05:42- INFO-   步骤2: 调用history批量获取数据...
20260412 17:05:43- INFO-   history批量返回 4936 条记录
20260412 17:05:43- INFO-   步骤3: 调用stk_get_daily_mktvalue_pt获取市值数据...
20260412 17:05:43- INFO-   stk_get_daily_mktvalue_pt返回 4936 条记录
20260412 17:05:43- INFO-   步骤4: 合并数据...
20260412 17:05:43- INFO-   数据合并完成,最终返回 4936 条记录, 18 个字段
20260412 17:05:43- INFO- ✓ 2022-11-04 数据获取成功: 4936 条
20260412 17:05:43- INFO- 开始获取 2022-11-07 的掘金全市场数据...
20260412 17:05:43- INFO-   步骤1: 调用get_symbols获取基础信息...
20260412 17:05:44- INFO-   get_symbols返回 4939 条记录
20260412 17:05:44- INFO-   过滤后剩余 4939 只股票(已剔除未上市/已退市)
20260412 17:05:44- INFO-   步骤2: 调用history批量获取数据...
20260412 17:05:44- INFO-   history批量返回 4939 条记录
20260412 17:05:44- INFO-   步骤3: 调用stk_get_daily_mktvalue_pt获取市值数据...
20260412 17:05:45- INFO-   stk_get_daily_mktvalue_pt返回 4939 条记录
20260412 17:05:45- INFO-   步骤4: 合并数据...
20260412 17:05:45- INFO-   数据合并完成,最终返回 4939 条记录, 18 个字段
20260412 17:05:45- INFO- ✓ 2022-11-07 数据获取成功: 4939 条
20260412 17:05:45- INFO- 开始获取 2022-11-08 的掘金全市场数据...
20260412 17:05:45- INFO-   步骤1: 调用get_symbols获取基础信息...
20260412 17:05:46- INFO-   get_symbols返回 4938 条记录
20260412 17:05:46- INFO-   过滤后剩余 4938 只股票(已剔除未上市/已退市)
20260412 17:05:46- INFO-   步骤2: 调用history批量获取数据...
20260412 17:05:46- INFO-   history批量返回 4938 条记录
20260412 17:05:46- INFO-   步骤3: 调用stk_get_daily_mktvalue_pt获取市值数据...
20260412 17:05:47- INFO-   stk_get_daily_mktvalue_pt返回 4938 条记录
20260412 17:05:47- INFO-   步骤4: 合并数据...
20260412 17:05:47- INFO-   数据合并完成,最终返回 4938 条记录, 18 个字段
20260412 17:05:47- INFO- ✓ 2022-11-08 数据获取成功: 4938 条
20260412 17:05:48- INFO- 开始获取 2022-11-09 的掘金全市场数据...
20260412 17:05:48- INFO-   步骤1: 调用get_symbols获取基础信息...
20260412 17:05:48- INFO-   get_symbols返回 4939 条记录
20260412 17:05:48- INFO-   过滤后剩余 4939 只股票(已剔除未上市/已退市)
20260412 17:05:48- INFO-   步骤2: 调用history批量获取数据...
20260412 17:05:49- INFO-   history批量返回 4939 条记录
20260412 17:05:49- INFO-   步骤3: 调用stk_get_daily_mktvalue_pt获取市值数据...
20260412 17:05:49- INFO-   stk_get_daily_mktvalue_pt返回 4939 条记录
20260412 17:05:49- INFO-   步骤4: 合并数据...
20260412 17:05:49- INFO-   数据合并完成,最终返回 4939 条记录, 18 个字段
20260412 17:05:49- INFO- ✓ 2022-11-09 数据获取成功: 4939 条
20260412 17:05:49- INFO- 开始获取 2022-11-10 的掘金全市场数据...
20260412 17:05:49- INFO-   步骤1: 调用get_symbols获取基础信息...
20260412 17:05:50- INFO-   get_symbols返回 4943 条记录
20260412 17:05:50- INFO-   过滤后剩余 4943 只股票(已剔除未上市/已退市)
20260412 17:05:50- INFO-   步骤2: 调用history批量获取数据...
20260412 17:05:50- INFO-   history批量返回 4943 条记录
20260412 17:05:50- INFO-   步骤3: 调用stk_get_daily_mktvalue_pt获取市值数据...
20260412 17:05:51- INFO-   stk_get_daily_mktvalue_pt返回 4943 条记录
20260412 17:05:51- INFO-   步骤4: 合并数据...
20260412 17:05:51- INFO-   数据合并完成,最终返回 4943 条记录, 18 个字段
20260412 17:05:51- INFO- ✓ 2022-11-10 数据获取成功: 4943 条
20260412 17:05:51- INFO- 开始获取 2022-11-11 的掘金全市场数据...
20260412 17:05:51- INFO-   步骤1: 调用get_symbols获取基础信息...
20260412 17:05:52- INFO-   get_symbols返回 4945 条记录
20260412 17:05:52- INFO-   过滤后剩余 4945 只股票(已剔除未上市/已退市)
20260412 17:05:52- INFO-   步骤2: 调用history批量获取数据...
20260412 17:05:52- INFO-   history批量返回 4945 条记录
20260412 17:05:52- INFO-   步骤3: 调用stk_get_daily_mktvalue_pt获取市值数据...
20260412 17:05:53- INFO-   stk_get_daily_mktvalue_pt返回 4945 条记录
20260412 17:05:53- INFO-   步骤4: 合并数据...
20260412 17:05:53- INFO-   数据合并完成,最终返回 4945 条记录, 18 个字段
20260412 17:05:53- INFO- ✓ 2022-11-11 数据获取成功: 4945 条
20260412 17:05:53- INFO- 开始获取 2022-11-14 的掘金全市场数据...
20260412 17:05:53- INFO-   步骤1: 调用get_symbols获取基础信息...
20260412 17:05:54- INFO-   get_symbols返回 4942 条记录
20260412 17:05:54- INFO-   过滤后剩余 4942 只股票(已剔除未上市/已退市)
20260412 17:05:54- INFO-   步骤2: 调用history批量获取数据...
20260412 17:05:54- INFO-   history批量返回 4942 条记录
20260412 17:05:54- INFO-   步骤3: 调用stk_get_daily_mktvalue_pt获取市值数据...
20260412 17:05:55- INFO-   stk_get_daily_mktvalue_pt返回 4942 条记录
20260412 17:05:55- INFO-   步骤4: 合并数据...
20260412 17:05:55- INFO-   数据合并完成,最终返回 4942 条记录, 18 个字段
20260412 17:05:55- INFO- ✓ 2022-11-14 数据获取成功: 4942 条
20260412 17:05:55- INFO- 开始获取 2022-11-15 的掘金全市场数据...
20260412 17:05:55- INFO-   步骤1: 调用get_symbols获取基础信息...
20260412 17:05:56- INFO-   get_symbols返回 4944 条记录
20260412 17:05:56- INFO-   过滤后剩余 4944 只股票(已剔除未上市/已退市)
20260412 17:05:56- INFO-   步骤2: 调用history批量获取数据...
20260412 17:05:56- INFO-   history批量返回 4944 条记录
20260412 17:05:56- INFO-   步骤3: 调用stk_get_daily_mktvalue_pt获取市值数据...
20260412 17:05:56- INFO-   stk_get_daily_mktvalue_pt返回 4944 条记录
20260412 17:05:56- INFO-   步骤4: 合并数据...
20260412 17:05:57- INFO-   数据合并完成,最终返回 4944 条记录, 18 个字段
20260412 17:05:57- INFO- ✓ 2022-11-15 数据获取成功: 4944 条
20260412 17:05:57- INFO- 开始获取 2022-11-16 的掘金全市场数据...
20260412 17:05:57- INFO-   步骤1: 调用get_symbols获取基础信息...
20260412 17:05:58- INFO-   get_symbols返回 4947 条记录
20260412 17:05:58- INFO-   过滤后剩余 4947 只股票(已剔除未上市/已退市)
20260412 17:05:58- INFO-   步骤2: 调用history批量获取数据...
20260412 17:05:58- INFO-   history批量返回 4947 条记录
20260412 17:05:58- INFO-   步骤3: 调用stk_get_daily_mktvalue_pt获取市值数据...
20260412 17:05:58- INFO-   stk_get_daily_mktvalue_pt返回 4947 条记录
20260412 17:05:58- INFO-   步骤4: 合并数据...
20260412 17:05:58- INFO-   数据合并完成,最终返回 4947 条记录, 18 个字段
20260412 17:05:58- INFO- ✓ 2022-11-16 数据获取成功: 4947 条
20260412 17:05:59- INFO- 开始获取 2022-11-17 的掘金全市场数据...
20260412 17:05:59- INFO-   步骤1: 调用get_symbols获取基础信息...
20260412 17:06:00- INFO-   get_symbols返回 4945 条记录
20260412 17:06:00- INFO-   过滤后剩余 4945 只股票(已剔除未上市/已退市)
20260412 17:06:00- INFO-   步骤2: 调用history批量获取数据...
20260412 17:06:00- INFO-   history批量返回 4945 条记录
20260412 17:06:00- INFO-   步骤3: 调用stk_get_daily_mktvalue_pt获取市值数据...
20260412 17:06:00- INFO-   stk_get_daily_mktvalue_pt返回 4945 条记录
20260412 17:06:00- INFO-   步骤4: 合并数据...
20260412 17:06:00- INFO-   数据合并完成,最终返回 4945 条记录, 18 个字段
20260412 17:06:00- INFO- ✓ 2022-11-17 数据获取成功: 4945 条
20260412 17:06:01- INFO- 开始获取 2022-11-18 的掘金全市场数据...
20260412 17:06:01- INFO-   步骤1: 调用get_symbols获取基础信息...
20260412 17:06:02- INFO-   get_symbols返回 4948 条记录
20260412 17:06:02- INFO-   过滤后剩余 4948 只股票(已剔除未上市/已退市)
20260412 17:06:02- INFO-   步骤2: 调用history批量获取数据...
20260412 17:06:02- INFO-   history批量返回 4948 条记录
20260412 17:06:02- INFO-   步骤3: 调用stk_get_daily_mktvalue_pt获取市值数据...
20260412 17:06:02- INFO-   stk_get_daily_mktvalue_pt返回 4948 条记录
20260412 17:06:02- INFO-   步骤4: 合并数据...
20260412 17:06:02- INFO-   数据合并完成,最终返回 4948 条记录, 18 个字段
20260412 17:06:02- INFO- ✓ 2022-11-18 数据获取成功: 4948 条
20260412 17:06:03- INFO- 开始获取 2022-11-21 的掘金全市场数据...
20260412 17:06:03- INFO-   步骤1: 调用get_symbols获取基础信息...
20260412 17:06:03- INFO-   get_symbols返回 4949 条记录
20260412 17:06:03- INFO-   过滤后剩余 4949 只股票(已剔除未上市/已退市)
20260412 17:06:03- INFO-   步骤2: 调用history批量获取数据...
20260412 17:06:04- INFO-   history批量返回 4949 条记录
20260412 17:06:04- INFO-   步骤3: 调用stk_get_daily_mktvalue_pt获取市值数据...
20260412 17:06:04- INFO-   stk_get_daily_mktvalue_pt返回 4949 条记录
20260412 17:06:04- INFO-   步骤4: 合并数据...
20260412 17:06:04- INFO-   数据合并完成,最终返回 4949 条记录, 18 个字段
20260412 17:06:04- INFO- ✓ 2022-11-21 数据获取成功: 4949 条
20260412 17:06:05- INFO- 开始获取 2022-11-22 的掘金全市场数据...
20260412 17:06:05- INFO-   步骤1: 调用get_symbols获取基础信息...
20260412 17:06:05- INFO-   get_symbols返回 4954 条记录
20260412 17:06:05- INFO-   过滤后剩余 4954 只股票(已剔除未上市/已退市)
20260412 17:06:05- INFO-   步骤2: 调用history批量获取数据...
20260412 17:06:06- INFO-   history批量返回 4954 条记录
20260412 17:06:06- INFO-   步骤3: 调用stk_get_daily_mktvalue_pt获取市值数据...
20260412 17:06:06- INFO-   stk_get_daily_mktvalue_pt返回 4954 条记录
20260412 17:06:06- INFO-   步骤4: 合并数据...
20260412 17:06:06- INFO-   数据合并完成,最终返回 4954 条记录, 18 个字段
20260412 17:06:06- INFO- ✓ 2022-11-22 数据获取成功: 4954 条
20260412 17:06:07- INFO- 开始获取 2022-11-23 的掘金全市场数据...
20260412 17:06:07- INFO-   步骤1: 调用get_symbols获取基础信息...
20260412 17:06:07- INFO-   get_symbols返回 4955 条记录
20260412 17:06:07- INFO-   过滤后剩余 4955 只股票(已剔除未上市/已退市)
20260412 17:06:07- INFO-   步骤2: 调用history批量获取数据...
20260412 17:06:08- INFO-   history批量返回 4955 条记录
20260412 17:06:08- INFO-   步骤3: 调用stk_get_daily_mktvalue_pt获取市值数据...
20260412 17:06:08- INFO-   stk_get_daily_mktvalue_pt返回 4955 条记录
20260412 17:06:08- INFO-   步骤4: 合并数据...
20260412 17:06:08- INFO-   数据合并完成,最终返回 4955 条记录, 18 个字段
20260412 17:06:08- INFO- ✓ 2022-11-23 数据获取成功: 4955 条
20260412 17:06:09- INFO- 开始获取 2022-11-24 的掘金全市场数据...
20260412 17:06:09- INFO-   步骤1: 调用get_symbols获取基础信息...
20260412 17:06:09- INFO-   get_symbols返回 4957 条记录
20260412 17:06:09- INFO-   过滤后剩余 4957 只股票(已剔除未上市/已退市)
20260412 17:06:09- INFO-   步骤2: 调用history批量获取数据...
20260412 17:06:10- INFO-   history批量返回 4957 条记录
20260412 17:06:10- INFO-   步骤3: 调用stk_get_daily_mktvalue_pt获取市值数据...
20260412 17:06:10- INFO-   stk_get_daily_mktvalue_pt返回 4957 条记录
20260412 17:06:10- INFO-   步骤4: 合并数据...
20260412 17:06:10- INFO-   数据合并完成,最终返回 4957 条记录, 18 个字段
20260412 17:06:10- INFO- ✓ 2022-11-24 数据获取成功: 4957 条
20260412 17:06:11- INFO- 开始获取 2022-11-25 的掘金全市场数据...
20260412 17:06:11- INFO-   步骤1: 调用get_symbols获取基础信息...
20260412 17:06:11- INFO-   get_symbols返回 4957 条记录
20260412 17:06:11- INFO-   过滤后剩余 4957 只股票(已剔除未上市/已退市)
20260412 17:06:11- INFO-   步骤2: 调用history批量获取数据...
20260412 17:06:11- INFO-   history批量返回 4957 条记录
20260412 17:06:11- INFO-   步骤3: 调用stk_get_daily_mktvalue_pt获取市值数据...
20260412 17:06:12- INFO-   stk_get_daily_mktvalue_pt返回 4957 条记录
20260412 17:06:12- INFO-   步骤4: 合并数据...
20260412 17:06:12- INFO-   数据合并完成,最终返回 4957 条记录, 18 个字段
20260412 17:06:12- INFO- ✓ 2022-11-25 数据获取成功: 4957 条
20260412 17:06:12- INFO- 开始获取 2022-11-28 的掘金全市场数据...
20260412 17:06:12- INFO-   步骤1: 调用get_symbols获取基础信息...
20260412 17:06:13- INFO-   get_symbols返回 4959 条记录
20260412 17:06:13- INFO-   过滤后剩余 4959 只股票(已剔除未上市/已退市)
20260412 17:06:13- INFO-   步骤2: 调用history批量获取数据...
20260412 17:06:13- INFO-   history批量返回 4959 条记录
20260412 17:06:13- INFO-   步骤3: 调用stk_get_daily_mktvalue_pt获取市值数据...
20260412 17:06:14- INFO-   stk_get_daily_mktvalue_pt返回 4959 条记录
20260412 17:06:14- INFO-   步骤4: 合并数据...
20260412 17:06:14- INFO-   数据合并完成,最终返回 4959 条记录, 18 个字段
20260412 17:06:14- INFO- ✓ 2022-11-28 数据获取成功: 4959 条
20260412 17:06:14- INFO- 开始获取 2022-11-29 的掘金全市场数据...
20260412 17:06:14- INFO-   步骤1: 调用get_symbols获取基础信息...
20260412 17:06:15- INFO-   get_symbols返回 4961 条记录
20260412 17:06:15- INFO-   过滤后剩余 4961 只股票(已剔除未上市/已退市)
20260412 17:06:15- INFO-   步骤2: 调用history批量获取数据...
20260412 17:06:15- INFO-   history批量返回 4961 条记录
20260412 17:06:15- INFO-   步骤3: 调用stk_get_daily_mktvalue_pt获取市值数据...
20260412 17:06:16- INFO-   stk_get_daily_mktvalue_pt返回 4961 条记录
20260412 17:06:16- INFO-   步骤4: 合并数据...
20260412 17:06:16- INFO-   数据合并完成,最终返回 4961 条记录, 18 个字段
20260412 17:06:16- INFO- ✓ 2022-11-29 数据获取成功: 4961 条
20260412 17:06:16- INFO- 开始获取 2022-11-30 的掘金全市场数据...
20260412 17:06:16- INFO-   步骤1: 调用get_symbols获取基础信息...
20260412 17:06:17- INFO-   get_symbols返回 4962 条记录
20260412 17:06:17- INFO-   过滤后剩余 4962 只股票(已剔除未上市/已退市)
20260412 17:06:17- INFO-   步骤2: 调用history批量获取数据...
20260412 17:06:17- INFO-   history批量返回 4962 条记录
20260412 17:06:17- INFO-   步骤3: 调用stk_get_daily_mktvalue_pt获取市值数据...
20260412 17:06:18- INFO-   stk_get_daily_mktvalue_pt返回 4962 条记录
20260412 17:06:18- INFO-   步骤4: 合并数据...
20260412 17:06:18- INFO-   数据合并完成,最终返回 4962 条记录, 18 个字段
20260412 17:06:18- INFO- ✓ 2022-11-30 数据获取成功: 4962 条
20260412 17:06:18- INFO- 开始获取 2022-12-01 的掘金全市场数据...
20260412 17:06:18- INFO-   步骤1: 调用get_symbols获取基础信息...
20260412 17:06:19- INFO-   get_symbols返回 4963 条记录
20260412 17:06:19- INFO-   过滤后剩余 4963 只股票(已剔除未上市/已退市)
20260412 17:06:19- INFO-   步骤2: 调用history批量获取数据...
20260412 17:06:19- INFO-   history批量返回 4963 条记录
20260412 17:06:19- INFO-   步骤3: 调用stk_get_daily_mktvalue_pt获取市值数据...
20260412 17:06:20- INFO-   stk_get_daily_mktvalue_pt返回 4963 条记录
20260412 17:06:20- INFO-   步骤4: 合并数据...
20260412 17:06:20- INFO-   数据合并完成,最终返回 4963 条记录, 18 个字段
20260412 17:06:20- INFO- ✓ 2022-12-01 数据获取成功: 4963 条
20260412 17:06:20- INFO- 开始获取 2022-12-02 的掘金全市场数据...
20260412 17:06:20- INFO-   步骤1: 调用get_symbols获取基础信息...
20260412 17:06:21- INFO-   get_symbols返回 4962 条记录
20260412 17:06:21- INFO-   过滤后剩余 4962 只股票(已剔除未上市/已退市)
20260412 17:06:21- INFO-   步骤2: 调用history批量获取数据...
20260412 17:06:21- INFO-   history批量返回 4962 条记录
20260412 17:06:21- INFO-   步骤3: 调用stk_get_daily_mktvalue_pt获取市值数据...
20260412 17:06:22- INFO-   stk_get_daily_mktvalue_pt返回 4962 条记录
20260412 17:06:22- INFO-   步骤4: 合并数据...
20260412 17:06:22- INFO-   数据合并完成,最终返回 4962 条记录, 18 个字段
20260412 17:06:22- INFO- ✓ 2022-12-02 数据获取成功: 4962 条
20260412 17:06:22- INFO- 开始获取 2022-12-05 的掘金全市场数据...
20260412 17:06:22- INFO-   步骤1: 调用get_symbols获取基础信息...
20260412 17:06:23- INFO-   get_symbols返回 4960 条记录
20260412 17:06:23- INFO-   过滤后剩余 4960 只股票(已剔除未上市/已退市)
20260412 17:06:23- INFO-   步骤2: 调用history批量获取数据...
20260412 17:06:23- INFO-   history批量返回 4960 条记录
20260412 17:06:23- INFO-   步骤3: 调用stk_get_daily_mktvalue_pt获取市值数据...
20260412 17:06:23- INFO-   stk_get_daily_mktvalue_pt返回 4960 条记录
20260412 17:06:23- INFO-   步骤4: 合并数据...
20260412 17:06:23- INFO-   数据合并完成,最终返回 4960 条记录, 18 个字段
20260412 17:06:23- INFO- ✓ 2022-12-05 数据获取成功: 4960 条
20260412 17:06:24- INFO- 开始获取 2022-12-06 的掘金全市场数据...
20260412 17:06:24- INFO-   步骤1: 调用get_symbols获取基础信息...
20260412 17:06:25- INFO-   get_symbols返回 4960 条记录
20260412 17:06:25- INFO-   过滤后剩余 4960 只股票(已剔除未上市/已退市)
20260412 17:06:25- INFO-   步骤2: 调用history批量获取数据...
20260412 17:06:25- INFO-   history批量返回 4960 条记录
20260412 17:06:25- INFO-   步骤3: 调用stk_get_daily_mktvalue_pt获取市值数据...
20260412 17:06:25- INFO-   stk_get_daily_mktvalue_pt返回 4960 条记录
20260412 17:06:25- INFO-   步骤4: 合并数据...
20260412 17:06:25- INFO-   数据合并完成,最终返回 4960 条记录, 18 个字段
20260412 17:06:25- INFO- ✓ 2022-12-06 数据获取成功: 4960 条
20260412 17:06:26- INFO- 开始获取 2022-12-07 的掘金全市场数据...
20260412 17:06:26- INFO-   步骤1: 调用get_symbols获取基础信息...
20260412 17:06:27- INFO-   get_symbols返回 4960 条记录
20260412 17:06:27- INFO-   过滤后剩余 4960 只股票(已剔除未上市/已退市)
20260412 17:06:27- INFO-   步骤2: 调用history批量获取数据...
20260412 17:06:27- INFO-   history批量返回 4960 条记录
20260412 17:06:27- INFO-   步骤3: 调用stk_get_daily_mktvalue_pt获取市值数据...
20260412 17:06:27- INFO-   stk_get_daily_mktvalue_pt返回 4960 条记录
20260412 17:06:27- INFO-   步骤4: 合并数据...
20260412 17:06:27- INFO-   数据合并完成,最终返回 4960 条记录, 18 个字段
20260412 17:06:27- INFO- ✓ 2022-12-07 数据获取成功: 4960 条
20260412 17:06:28- INFO- 开始获取 2022-12-08 的掘金全市场数据...
20260412 17:06:28- INFO-   步骤1: 调用get_symbols获取基础信息...
20260412 17:06:29- INFO-   get_symbols返回 4963 条记录
20260412 17:06:29- INFO-   过滤后剩余 4963 只股票(已剔除未上市/已退市)
20260412 17:06:29- INFO-   步骤2: 调用history批量获取数据...
20260412 17:06:29- INFO-   history批量返回 4963 条记录
20260412 17:06:29- INFO-   步骤3: 调用stk_get_daily_mktvalue_pt获取市值数据...
20260412 17:06:29- INFO-   stk_get_daily_mktvalue_pt返回 4963 条记录
20260412 17:06:29- INFO-   步骤4: 合并数据...
20260412 17:06:29- INFO-   数据合并完成,最终返回 4963 条记录, 18 个字段
20260412 17:06:29- INFO- ✓ 2022-12-08 数据获取成功: 4963 条
20260412 17:06:30- INFO- 开始获取 2022-12-09 的掘金全市场数据...
20260412 17:06:30- INFO-   步骤1: 调用get_symbols获取基础信息...
20260412 17:06:30- INFO-   get_symbols返回 4963 条记录
20260412 17:06:30- INFO-   过滤后剩余 4963 只股票(已剔除未上市/已退市)
20260412 17:06:30- INFO-   步骤2: 调用history批量获取数据...
20260412 17:06:31- INFO-   history批量返回 4963 条记录
20260412 17:06:31- INFO-   步骤3: 调用stk_get_daily_mktvalue_pt获取市值数据...
20260412 17:06:31- INFO-   stk_get_daily_mktvalue_pt返回 4963 条记录
20260412 17:06:31- INFO-   步骤4: 合并数据...
20260412 17:06:31- INFO-   数据合并完成,最终返回 4963 条记录, 18 个字段
20260412 17:06:31- INFO- ✓ 2022-12-09 数据获取成功: 4963 条
20260412 17:06:32- INFO- 开始获取 2022-12-12 的掘金全市场数据...
20260412 17:06:32- INFO-   步骤1: 调用get_symbols获取基础信息...
20260412 17:06:32- INFO-   get_symbols返回 4968 条记录
20260412 17:06:32- INFO-   过滤后剩余 4968 只股票(已剔除未上市/已退市)
20260412 17:06:32- INFO-   步骤2: 调用history批量获取数据...
20260412 17:06:33- INFO-   history批量返回 4968 条记录
20260412 17:06:33- INFO-   步骤3: 调用stk_get_daily_mktvalue_pt获取市值数据...
20260412 17:06:33- INFO-   stk_get_daily_mktvalue_pt返回 4968 条记录
20260412 17:06:33- INFO-   步骤4: 合并数据...
20260412 17:06:33- INFO-   数据合并完成,最终返回 4968 条记录, 18 个字段
20260412 17:06:33- INFO- ✓ 2022-12-12 数据获取成功: 4968 条
20260412 17:06:33- INFO- 开始获取 2022-12-13 的掘金全市场数据...
20260412 17:06:33- INFO-   步骤1: 调用get_symbols获取基础信息...
20260412 17:06:34- INFO-   get_symbols返回 4967 条记录
20260412 17:06:34- INFO-   过滤后剩余 4967 只股票(已剔除未上市/已退市)
20260412 17:06:34- INFO-   步骤2: 调用history批量获取数据...
20260412 17:06:34- INFO-   history批量返回 4967 条记录
20260412 17:06:34- INFO-   步骤3: 调用stk_get_daily_mktvalue_pt获取市值数据...
20260412 17:06:35- INFO-   stk_get_daily_mktvalue_pt返回 4967 条记录
20260412 17:06:35- INFO-   步骤4: 合并数据...
20260412 17:06:35- INFO-   数据合并完成,最终返回 4967 条记录, 18 个字段
20260412 17:06:35- INFO- ✓ 2022-12-13 数据获取成功: 4967 条
20260412 17:06:35- INFO- 开始获取 2022-12-14 的掘金全市场数据...
20260412 17:06:35- INFO-   步骤1: 调用get_symbols获取基础信息...
20260412 17:06:36- INFO-   get_symbols返回 4966 条记录
20260412 17:06:36- INFO-   过滤后剩余 4966 只股票(已剔除未上市/已退市)
20260412 17:06:36- INFO-   步骤2: 调用history批量获取数据...
20260412 17:06:36- INFO-   history批量返回 4966 条记录
20260412 17:06:36- INFO-   步骤3: 调用stk_get_daily_mktvalue_pt获取市值数据...
20260412 17:06:37- INFO-   stk_get_daily_mktvalue_pt返回 4966 条记录
20260412 17:06:37- INFO-   步骤4: 合并数据...
20260412 17:06:37- INFO-   数据合并完成,最终返回 4966 条记录, 18 个字段
20260412 17:06:37- INFO- ✓ 2022-12-14 数据获取成功: 4966 条
20260412 17:06:37- INFO- 开始获取 2022-12-15 的掘金全市场数据...
20260412 17:06:37- INFO-   步骤1: 调用get_symbols获取基础信息...
20260412 17:06:38- INFO-   get_symbols返回 4969 条记录
20260412 17:06:38- INFO-   过滤后剩余 4969 只股票(已剔除未上市/已退市)
20260412 17:06:38- INFO-   步骤2: 调用history批量获取数据...
20260412 17:06:38- INFO-   history批量返回 4969 条记录
20260412 17:06:38- INFO-   步骤3: 调用stk_get_daily_mktvalue_pt获取市值数据...
20260412 17:06:39- INFO-   stk_get_daily_mktvalue_pt返回 4969 条记录
20260412 17:06:39- INFO-   步骤4: 合并数据...
20260412 17:06:39- INFO-   数据合并完成,最终返回 4969 条记录, 18 个字段
20260412 17:06:39- INFO- ✓ 2022-12-15 数据获取成功: 4969 条
20260412 17:06:39- INFO- 开始获取 2022-12-16 的掘金全市场数据...
20260412 17:06:39- INFO-   步骤1: 调用get_symbols获取基础信息...
20260412 17:06:40- INFO-   get_symbols返回 4973 条记录
20260412 17:06:40- INFO-   过滤后剩余 4973 只股票(已剔除未上市/已退市)
20260412 17:06:40- INFO-   步骤2: 调用history批量获取数据...
20260412 17:06:40- INFO-   history批量返回 4973 条记录
20260412 17:06:40- INFO-   步骤3: 调用stk_get_daily_mktvalue_pt获取市值数据...
20260412 17:06:41- INFO-   stk_get_daily_mktvalue_pt返回 4973 条记录
20260412 17:06:41- INFO-   步骤4: 合并数据...
20260412 17:06:41- INFO-   数据合并完成,最终返回 4973 条记录, 18 个字段
20260412 17:06:41- INFO- ✓ 2022-12-16 数据获取成功: 4973 条
20260412 17:06:41- INFO- 开始获取 2022-12-19 的掘金全市场数据...
20260412 17:06:41- INFO-   步骤1: 调用get_symbols获取基础信息...
20260412 17:06:42- INFO-   get_symbols返回 4968 条记录
20260412 17:06:42- INFO-   过滤后剩余 4968 只股票(已剔除未上市/已退市)
20260412 17:06:42- INFO-   步骤2: 调用history批量获取数据...
20260412 17:06:42- INFO-   history批量返回 4968 条记录
20260412 17:06:42- INFO-   步骤3: 调用stk_get_daily_mktvalue_pt获取市值数据...
20260412 17:06:42- INFO-   stk_get_daily_mktvalue_pt返回 4968 条记录
20260412 17:06:42- INFO-   步骤4: 合并数据...
20260412 17:06:43- INFO-   数据合并完成,最终返回 4968 条记录, 18 个字段
20260412 17:06:43- INFO- ✓ 2022-12-19 数据获取成功: 4968 条
20260412 17:06:43- INFO- 开始获取 2022-12-20 的掘金全市场数据...
20260412 17:06:43- INFO-   步骤1: 调用get_symbols获取基础信息...
20260412 17:06:44- INFO-   get_symbols返回 4968 条记录
20260412 17:06:44- INFO-   过滤后剩余 4968 只股票(已剔除未上市/已退市)
20260412 17:06:44- INFO-   步骤2: 调用history批量获取数据...
20260412 17:06:44- INFO-   history批量返回 4968 条记录
20260412 17:06:44- INFO-   步骤3: 调用stk_get_daily_mktvalue_pt获取市值数据...
20260412 17:06:44- INFO-   stk_get_daily_mktvalue_pt返回 4968 条记录
20260412 17:06:44- INFO-   步骤4: 合并数据...
20260412 17:06:44- INFO-   数据合并完成,最终返回 4968 条记录, 18 个字段
20260412 17:06:44- INFO- ✓ 2022-12-20 数据获取成功: 4968 条
20260412 17:06:45- INFO- 开始获取 2022-12-21 的掘金全市场数据...
20260412 17:06:45- INFO-   步骤1: 调用get_symbols获取基础信息...
20260412 17:06:46- INFO-   get_symbols返回 4964 条记录
20260412 17:06:46- INFO-   过滤后剩余 4964 只股票(已剔除未上市/已退市)
20260412 17:06:46- INFO-   步骤2: 调用history批量获取数据...
20260412 17:06:46- INFO-   history批量返回 4964 条记录
20260412 17:06:46- INFO-   步骤3: 调用stk_get_daily_mktvalue_pt获取市值数据...
20260412 17:06:46- INFO-   stk_get_daily_mktvalue_pt返回 4964 条记录
20260412 17:06:46- INFO-   步骤4: 合并数据...
20260412 17:06:46- INFO-   数据合并完成,最终返回 4964 条记录, 18 个字段
20260412 17:06:46- INFO- ✓ 2022-12-21 数据获取成功: 4964 条
20260412 17:06:47- INFO- 开始获取 2022-12-22 的掘金全市场数据...
20260412 17:06:47- INFO-   步骤1: 调用get_symbols获取基础信息...
20260412 17:06:48- INFO-   get_symbols返回 4972 条记录
20260412 17:06:48- INFO-   过滤后剩余 4972 只股票(已剔除未上市/已退市)
20260412 17:06:48- INFO-   步骤2: 调用history批量获取数据...
20260412 17:06:48- INFO-   history批量返回 4972 条记录
20260412 17:06:48- INFO-   步骤3: 调用stk_get_daily_mktvalue_pt获取市值数据...
20260412 17:06:48- INFO-   stk_get_daily_mktvalue_pt返回 4972 条记录
20260412 17:06:48- INFO-   步骤4: 合并数据...
20260412 17:06:48- INFO-   数据合并完成,最终返回 4972 条记录, 18 个字段
20260412 17:06:48- INFO- ✓ 2022-12-22 数据获取成功: 4972 条
20260412 17:06:49- INFO- 开始获取 2022-12-23 的掘金全市场数据...
20260412 17:06:49- INFO-   步骤1: 调用get_symbols获取基础信息...
20260412 17:06:49- INFO-   get_symbols返回 4975 条记录
20260412 17:06:49- INFO-   过滤后剩余 4975 只股票(已剔除未上市/已退市)
20260412 17:06:49- INFO-   步骤2: 调用history批量获取数据...
20260412 17:06:50- INFO-   history批量返回 4975 条记录
20260412 17:06:50- INFO-   步骤3: 调用stk_get_daily_mktvalue_pt获取市值数据...
20260412 17:06:50- INFO-   stk_get_daily_mktvalue_pt返回 4975 条记录
20260412 17:06:50- INFO-   步骤4: 合并数据...
20260412 17:06:50- INFO-   数据合并完成,最终返回 4975 条记录, 18 个字段
20260412 17:06:50- INFO- ✓ 2022-12-23 数据获取成功: 4975 条
20260412 17:06:51- INFO- 开始获取 2022-12-26 的掘金全市场数据...
20260412 17:06:51- INFO-   步骤1: 调用get_symbols获取基础信息...
20260412 17:06:51- INFO-   get_symbols返回 4973 条记录
20260412 17:06:51- INFO-   过滤后剩余 4973 只股票(已剔除未上市/已退市)
20260412 17:06:51- INFO-   步骤2: 调用history批量获取数据...
20260412 17:06:52- INFO-   history批量返回 4973 条记录
20260412 17:06:52- INFO-   步骤3: 调用stk_get_daily_mktvalue_pt获取市值数据...
20260412 17:06:52- INFO-   stk_get_daily_mktvalue_pt返回 4973 条记录
20260412 17:06:52- INFO-   步骤4: 合并数据...
20260412 17:06:52- INFO-   数据合并完成,最终返回 4973 条记录, 18 个字段
20260412 17:06:52- INFO- ✓ 2022-12-26 数据获取成功: 4973 条
20260412 17:06:53- INFO- 开始获取 2022-12-27 的掘金全市场数据...
20260412 17:06:53- INFO-   步骤1: 调用get_symbols获取基础信息...
20260412 17:06:53- INFO-   get_symbols返回 4979 条记录
20260412 17:06:53- INFO-   过滤后剩余 4979 只股票(已剔除未上市/已退市)
20260412 17:06:53- INFO-   步骤2: 调用history批量获取数据...
20260412 17:06:54- INFO-   history批量返回 4979 条记录
20260412 17:06:54- INFO-   步骤3: 调用stk_get_daily_mktvalue_pt获取市值数据...
20260412 17:06:54- INFO-   stk_get_daily_mktvalue_pt返回 4979 条记录
20260412 17:06:54- INFO-   步骤4: 合并数据...
20260412 17:06:54- INFO-   数据合并完成,最终返回 4979 条记录, 18 个字段
20260412 17:06:54- INFO- ✓ 2022-12-27 数据获取成功: 4979 条
20260412 17:06:54- INFO- 开始获取 2022-12-28 的掘金全市场数据...
20260412 17:06:55- INFO-   步骤1: 调用get_symbols获取基础信息...
20260412 17:06:55- INFO-   get_symbols返回 4978 条记录
20260412 17:06:55- INFO-   过滤后剩余 4978 只股票(已剔除未上市/已退市)
20260412 17:06:55- INFO-   步骤2: 调用history批量获取数据...
20260412 17:06:55- INFO-   history批量返回 4978 条记录
20260412 17:06:55- INFO-   步骤3: 调用stk_get_daily_mktvalue_pt获取市值数据...
20260412 17:06:56- INFO-   stk_get_daily_mktvalue_pt返回 4978 条记录
20260412 17:06:56- INFO-   步骤4: 合并数据...
20260412 17:06:56- INFO-   数据合并完成,最终返回 4978 条记录, 18 个字段
20260412 17:06:56- INFO- ✓ 2022-12-28 数据获取成功: 4978 条
20260412 17:06:56- INFO- 开始获取 2022-12-29 的掘金全市场数据...
20260412 17:06:56- INFO-   步骤1: 调用get_symbols获取基础信息...
20260412 17:06:57- INFO-   get_symbols返回 4980 条记录
20260412 17:06:57- INFO-   过滤后剩余 4980 只股票(已剔除未上市/已退市)
20260412 17:06:57- INFO-   步骤2: 调用history批量获取数据...
20260412 17:06:57- INFO-   history批量返回 4980 条记录
20260412 17:06:57- INFO-   步骤3: 调用stk_get_daily_mktvalue_pt获取市值数据...
20260412 17:06:58- INFO-   stk_get_daily_mktvalue_pt返回 4980 条记录
20260412 17:06:58- INFO-   步骤4: 合并数据...
20260412 17:06:58- INFO-   数据合并完成,最终返回 4980 条记录, 18 个字段
20260412 17:06:58- INFO- ✓ 2022-12-29 数据获取成功: 4980 条
20260412 17:06:58- INFO- 开始获取 2022-12-30 的掘金全市场数据...
20260412 17:06:58- INFO-   步骤1: 调用get_symbols获取基础信息...
20260412 17:06:59- INFO-   get_symbols返回 4983 条记录
20260412 17:06:59- INFO-   过滤后剩余 4983 只股票(已剔除未上市/已退市)
20260412 17:06:59- INFO-   步骤2: 调用history批量获取数据...
20260412 17:06:59- INFO-   history批量返回 4983 条记录
20260412 17:06:59- INFO-   步骤3: 调用stk_get_daily_mktvalue_pt获取市值数据...
20260412 17:07:00- INFO-   stk_get_daily_mktvalue_pt返回 4983 条记录
20260412 17:07:00- INFO-   步骤4: 合并数据...
20260412 17:07:00- INFO-   数据合并完成,最终返回 4983 条记录, 18 个字段
20260412 17:07:00- INFO- ✓ 2022-12-30 数据获取成功: 4983 条
20260412 17:07:00- INFO- 开始获取 2023-01-02 的掘金全市场数据...
20260412 17:07:00- INFO-   步骤1: 调用get_symbols获取基础信息...
20260412 17:07:06- WARNING- 2023-01-02 get_symbols返回空数据
20260412 17:07:06- WARNING- ✗ 2023-01-02 无数据
20260412 17:07:06- INFO- 开始获取 2023-01-03 的掘金全市场数据...
20260412 17:07:06- INFO-   步骤1: 调用get_symbols获取基础信息...
20260412 17:07:07- INFO-   get_symbols返回 4985 条记录
20260412 17:07:07- INFO-   过滤后剩余 4985 只股票(已剔除未上市/已退市)
20260412 17:07:07- INFO-   步骤2: 调用history批量获取数据...
20260412 17:07:09- INFO-   history批量返回 4985 条记录
20260412 17:07:09- INFO-   步骤3: 调用stk_get_daily_mktvalue_pt获取市值数据...
20260412 17:07:10- INFO-   stk_get_daily_mktvalue_pt返回 4985 条记录
20260412 17:07:10- INFO-   步骤4: 合并数据...
20260412 17:07:10- INFO-   数据合并完成,最终返回 4985 条记录, 18 个字段
20260412 17:07:10- INFO- ✓ 2023-01-03 数据获取成功: 4985 条
20260412 17:07:11- INFO- 开始获取 2023-01-04 的掘金全市场数据...
20260412 17:07:11- INFO-   步骤1: 调用get_symbols获取基础信息...
20260412 17:07:11- INFO-   get_symbols返回 4987 条记录
20260412 17:07:11- INFO-   过滤后剩余 4987 只股票(已剔除未上市/已退市)
20260412 17:07:11- INFO-   步骤2: 调用history批量获取数据...
20260412 17:07:12- INFO-   history批量返回 4987 条记录
20260412 17:07:12- INFO-   步骤3: 调用stk_get_daily_mktvalue_pt获取市值数据...
20260412 17:07:12- INFO-   stk_get_daily_mktvalue_pt返回 4987 条记录
20260412 17:07:12- INFO-   步骤4: 合并数据...
20260412 17:07:12- INFO-   数据合并完成,最终返回 4987 条记录, 18 个字段
20260412 17:07:12- INFO- ✓ 2023-01-04 数据获取成功: 4987 条
20260412 17:07:13- INFO- 开始获取 2023-01-05 的掘金全市场数据...
20260412 17:07:13- INFO-   步骤1: 调用get_symbols获取基础信息...
20260412 17:07:13- INFO-   get_symbols返回 4986 条记录
20260412 17:07:13- INFO-   过滤后剩余 4986 只股票(已剔除未上市/已退市)
20260412 17:07:13- INFO-   步骤2: 调用history批量获取数据...
20260412 17:07:14- INFO-   history批量返回 4986 条记录
20260412 17:07:14- INFO-   步骤3: 调用stk_get_daily_mktvalue_pt获取市值数据...
20260412 17:07:14- INFO-   stk_get_daily_mktvalue_pt返回 4986 条记录
20260412 17:07:14- INFO-   步骤4: 合并数据...
20260412 17:07:14- INFO-   数据合并完成,最终返回 4986 条记录, 18 个字段
20260412 17:07:14- INFO- ✓ 2023-01-05 数据获取成功: 4986 条
20260412 17:07:15- INFO- 开始获取 2023-01-06 的掘金全市场数据...
20260412 17:07:15- INFO-   步骤1: 调用get_symbols获取基础信息...
20260412 17:07:15- INFO-   get_symbols返回 4987 条记录
20260412 17:07:15- INFO-   过滤后剩余 4987 只股票(已剔除未上市/已退市)
20260412 17:07:15- INFO-   步骤2: 调用history批量获取数据...
20260412 17:07:15- INFO-   history批量返回 4987 条记录
20260412 17:07:15- INFO-   步骤3: 调用stk_get_daily_mktvalue_pt获取市值数据...
20260412 17:07:16- INFO-   stk_get_daily_mktvalue_pt返回 4987 条记录
20260412 17:07:16- INFO-   步骤4: 合并数据...
20260412 17:07:16- INFO-   数据合并完成,最终返回 4987 条记录, 18 个字段
20260412 17:07:16- INFO- ✓ 2023-01-06 数据获取成功: 4987 条
20260412 17:07:16- INFO- 开始获取 2023-01-09 的掘金全市场数据...
20260412 17:07:16- INFO-   步骤1: 调用get_symbols获取基础信息...
20260412 17:07:17- INFO-   get_symbols返回 4984 条记录
20260412 17:07:17- INFO-   过滤后剩余 4984 只股票(已剔除未上市/已退市)
20260412 17:07:17- INFO-   步骤2: 调用history批量获取数据...
20260412 17:07:17- INFO-   history批量返回 4984 条记录
20260412 17:07:17- INFO-   步骤3: 调用stk_get_daily_mktvalue_pt获取市值数据...
20260412 17:07:18- INFO-   stk_get_daily_mktvalue_pt返回 4984 条记录
20260412 17:07:18- INFO-   步骤4: 合并数据...
20260412 17:07:18- INFO-   数据合并完成,最终返回 4984 条记录, 18 个字段
20260412 17:07:18- INFO- ✓ 2023-01-09 数据获取成功: 4984 条
20260412 17:07:18- INFO- 开始获取 2023-01-10 的掘金全市场数据...
20260412 17:07:18- INFO-   步骤1: 调用get_symbols获取基础信息...
20260412 17:07:19- INFO-   get_symbols返回 4988 条记录
20260412 17:07:19- INFO-   过滤后剩余 4988 只股票(已剔除未上市/已退市)
20260412 17:07:19- INFO-   步骤2: 调用history批量获取数据...
20260412 17:07:19- INFO-   history批量返回 4988 条记录
20260412 17:07:19- INFO-   步骤3: 调用stk_get_daily_mktvalue_pt获取市值数据...
20260412 17:07:20- INFO-   stk_get_daily_mktvalue_pt返回 4988 条记录
20260412 17:07:20- INFO-   步骤4: 合并数据...
20260412 17:07:20- INFO-   数据合并完成,最终返回 4988 条记录, 18 个字段
20260412 17:07:20- INFO- ✓ 2023-01-10 数据获取成功: 4988 条
20260412 17:07:20- INFO- 开始获取 2023-01-11 的掘金全市场数据...
20260412 17:07:20- INFO-   步骤1: 调用get_symbols获取基础信息...
20260412 17:07:21- INFO-   get_symbols返回 4988 条记录
20260412 17:07:21- INFO-   过滤后剩余 4988 只股票(已剔除未上市/已退市)
20260412 17:07:21- INFO-   步骤2: 调用history批量获取数据...
20260412 17:07:21- INFO-   history批量返回 4988 条记录
20260412 17:07:21- INFO-   步骤3: 调用stk_get_daily_mktvalue_pt获取市值数据...
20260412 17:07:22- INFO-   stk_get_daily_mktvalue_pt返回 4988 条记录
20260412 17:07:22- INFO-   步骤4: 合并数据...
20260412 17:07:22- INFO-   数据合并完成,最终返回 4988 条记录, 18 个字段
20260412 17:07:22- INFO- ✓ 2023-01-11 数据获取成功: 4988 条
20260412 17:07:22- INFO- 开始获取 2023-01-12 的掘金全市场数据...
20260412 17:07:22- INFO-   步骤1: 调用get_symbols获取基础信息...
20260412 17:07:23- INFO-   get_symbols返回 4985 条记录
20260412 17:07:23- INFO-   过滤后剩余 4985 只股票(已剔除未上市/已退市)
20260412 17:07:23- INFO-   步骤2: 调用history批量获取数据...
20260412 17:07:23- INFO-   history批量返回 4985 条记录
20260412 17:07:23- INFO-   步骤3: 调用stk_get_daily_mktvalue_pt获取市值数据...
20260412 17:07:24- INFO-   stk_get_daily_mktvalue_pt返回 4985 条记录
20260412 17:07:24- INFO-   步骤4: 合并数据...
20260412 17:07:24- INFO-   数据合并完成,最终返回 4985 条记录, 18 个字段
20260412 17:07:24- INFO- ✓ 2023-01-12 数据获取成功: 4985 条
20260412 17:07:24- INFO- 开始获取 2023-01-13 的掘金全市场数据...
20260412 17:07:24- INFO-   步骤1: 调用get_symbols获取基础信息...
20260412 17:07:25- INFO-   get_symbols返回 4986 条记录
20260412 17:07:25- INFO-   过滤后剩余 4986 只股票(已剔除未上市/已退市)
20260412 17:07:25- INFO-   步骤2: 调用history批量获取数据...
20260412 17:07:25- INFO-   history批量返回 4986 条记录
20260412 17:07:25- INFO-   步骤3: 调用stk_get_daily_mktvalue_pt获取市值数据...
20260412 17:07:26- INFO-   stk_get_daily_mktvalue_pt返回 4986 条记录
20260412 17:07:26- INFO-   步骤4: 合并数据...
20260412 17:07:26- INFO-   数据合并完成,最终返回 4986 条记录, 18 个字段
20260412 17:07:26- INFO- ✓ 2023-01-13 数据获取成功: 4986 条
20260412 17:07:26- INFO- 开始获取 2023-01-16 的掘金全市场数据...
20260412 17:07:26- INFO-   步骤1: 调用get_symbols获取基础信息...
20260412 17:07:27- INFO-   get_symbols返回 4987 条记录
20260412 17:07:27- INFO-   过滤后剩余 4987 只股票(已剔除未上市/已退市)
20260412 17:07:27- INFO-   步骤2: 调用history批量获取数据...
20260412 17:07:27- INFO-   history批量返回 4987 条记录
20260412 17:07:27- INFO-   步骤3: 调用stk_get_daily_mktvalue_pt获取市值数据...
20260412 17:07:28- INFO-   stk_get_daily_mktvalue_pt返回 4987 条记录
20260412 17:07:28- INFO-   步骤4: 合并数据...
20260412 17:07:28- INFO-   数据合并完成,最终返回 4987 条记录, 18 个字段
20260412 17:07:28- INFO- ✓ 2023-01-16 数据获取成功: 4987 条
20260412 17:07:28- INFO- 开始获取 2023-01-17 的掘金全市场数据...
20260412 17:07:28- INFO-   步骤1: 调用get_symbols获取基础信息...
20260412 17:07:29- INFO-   get_symbols返回 4985 条记录
20260412 17:07:29- INFO-   过滤后剩余 4985 只股票(已剔除未上市/已退市)
20260412 17:07:29- INFO-   步骤2: 调用history批量获取数据...
20260412 17:07:29- INFO-   history批量返回 4985 条记录
20260412 17:07:29- INFO-   步骤3: 调用stk_get_daily_mktvalue_pt获取市值数据...
20260412 17:07:30- INFO-   stk_get_daily_mktvalue_pt返回 4985 条记录
20260412 17:07:30- INFO-   步骤4: 合并数据...
20260412 17:07:30- INFO-   数据合并完成,最终返回 4985 条记录, 18 个字段
20260412 17:07:30- INFO- ✓ 2023-01-17 数据获取成功: 4985 条
20260412 17:07:30- INFO- 开始获取 2023-01-18 的掘金全市场数据...
20260412 17:07:30- INFO-   步骤1: 调用get_symbols获取基础信息...
20260412 17:07:31- INFO-   get_symbols返回 4986 条记录
20260412 17:07:31- INFO-   过滤后剩余 4986 只股票(已剔除未上市/已退市)
20260412 17:07:31- INFO-   步骤2: 调用history批量获取数据...
20260412 17:07:31- INFO-   history批量返回 4986 条记录
20260412 17:07:31- INFO-   步骤3: 调用stk_get_daily_mktvalue_pt获取市值数据...
20260412 17:07:32- INFO-   stk_get_daily_mktvalue_pt返回 4986 条记录
20260412 17:07:32- INFO-   步骤4: 合并数据...
20260412 17:07:32- INFO-   数据合并完成,最终返回 4986 条记录, 18 个字段
20260412 17:07:32- INFO- ✓ 2023-01-18 数据获取成功: 4986 条
20260412 17:07:32- INFO- 开始获取 2023-01-19 的掘金全市场数据...
20260412 17:07:32- INFO-   步骤1: 调用get_symbols获取基础信息...
20260412 17:07:33- INFO-   get_symbols返回 4986 条记录
20260412 17:07:33- INFO-   过滤后剩余 4986 只股票(已剔除未上市/已退市)
20260412 17:07:33- INFO-   步骤2: 调用history批量获取数据...
20260412 17:07:33- INFO-   history批量返回 4986 条记录
20260412 17:07:33- INFO-   步骤3: 调用stk_get_daily_mktvalue_pt获取市值数据...
20260412 17:07:34- INFO-   stk_get_daily_mktvalue_pt返回 4986 条记录
20260412 17:07:34- INFO-   步骤4: 合并数据...
20260412 17:07:34- INFO-   数据合并完成,最终返回 4986 条记录, 18 个字段
20260412 17:07:34- INFO- ✓ 2023-01-19 数据获取成功: 4986 条
20260412 17:07:34- INFO- 开始获取 2023-01-20 的掘金全市场数据...
20260412 17:07:34- INFO-   步骤1: 调用get_symbols获取基础信息...
20260412 17:07:35- INFO-   get_symbols返回 4986 条记录
20260412 17:07:35- INFO-   过滤后剩余 4986 只股票(已剔除未上市/已退市)
20260412 17:07:35- INFO-   步骤2: 调用history批量获取数据...
20260412 17:07:35- INFO-   history批量返回 4986 条记录
20260412 17:07:35- INFO-   步骤3: 调用stk_get_daily_mktvalue_pt获取市值数据...
20260412 17:07:36- INFO-   stk_get_daily_mktvalue_pt返回 4986 条记录
20260412 17:07:36- INFO-   步骤4: 合并数据...
20260412 17:07:36- INFO-   数据合并完成,最终返回 4986 条记录, 18 个字段
20260412 17:07:36- INFO- ✓ 2023-01-20 数据获取成功: 4986 条
20260412 17:07:36- INFO- 开始获取 2023-01-23 的掘金全市场数据...
20260412 17:07:36- INFO-   步骤1: 调用get_symbols获取基础信息...
20260412 17:07:36- WARNING- 2023-01-23 get_symbols返回空数据
20260412 17:07:36- WARNING- ✗ 2023-01-23 无数据
20260412 17:07:37- INFO- 开始获取 2023-01-24 的掘金全市场数据...
20260412 17:07:37- INFO-   步骤1: 调用get_symbols获取基础信息...
20260412 17:07:37- WARNING- 2023-01-24 get_symbols返回空数据
20260412 17:07:37- WARNING- ✗ 2023-01-24 无数据
20260412 17:07:38- INFO- 开始获取 2023-01-25 的掘金全市场数据...
20260412 17:07:38- INFO-   步骤1: 调用get_symbols获取基础信息...
20260412 17:07:38- WARNING- 2023-01-25 get_symbols返回空数据
20260412 17:07:38- WARNING- ✗ 2023-01-25 无数据
20260412 17:07:38- INFO- 开始获取 2023-01-26 的掘金全市场数据...
20260412 17:07:38- INFO-   步骤1: 调用get_symbols获取基础信息...
20260412 17:07:39- WARNING- 2023-01-26 get_symbols返回空数据
20260412 17:07:39- WARNING- ✗ 2023-01-26 无数据
20260412 17:07:39- INFO- 开始获取 2023-01-27 的掘金全市场数据...
20260412 17:07:39- INFO-   步骤1: 调用get_symbols获取基础信息...
20260412 17:07:40- WARNING- 2023-01-27 get_symbols返回空数据
20260412 17:07:40- WARNING- ✗ 2023-01-27 无数据
20260412 17:07:40- INFO- 开始获取 2023-01-30 的掘金全市场数据...
20260412 17:07:40- INFO-   步骤1: 调用get_symbols获取基础信息...
20260412 17:07:41- INFO-   get_symbols返回 4986 条记录
20260412 17:07:41- INFO-   过滤后剩余 4986 只股票(已剔除未上市/已退市)
20260412 17:07:41- INFO-   步骤2: 调用history批量获取数据...
20260412 17:07:41- INFO-   history批量返回 4986 条记录
20260412 17:07:41- INFO-   步骤3: 调用stk_get_daily_mktvalue_pt获取市值数据...
20260412 17:07:42- INFO-   stk_get_daily_mktvalue_pt返回 4986 条记录
20260412 17:07:42- INFO-   步骤4: 合并数据...
20260412 17:07:42- INFO-   数据合并完成,最终返回 4986 条记录, 18 个字段
20260412 17:07:42- INFO- ✓ 2023-01-30 数据获取成功: 4986 条
20260412 17:07:42- INFO- 开始获取 2023-01-31 的掘金全市场数据...
20260412 17:07:42- INFO-   步骤1: 调用get_symbols获取基础信息...
20260412 17:07:43- INFO-   get_symbols返回 4985 条记录
20260412 17:07:43- INFO-   过滤后剩余 4985 只股票(已剔除未上市/已退市)
20260412 17:07:43- INFO-   步骤2: 调用history批量获取数据...
20260412 17:07:43- INFO-   history批量返回 4985 条记录
20260412 17:07:43- INFO-   步骤3: 调用stk_get_daily_mktvalue_pt获取市值数据...
20260412 17:09:16- INFO-   stk_get_daily_mktvalue_pt返回 4985 条记录
20260412 17:09:16- INFO-   步骤4: 合并数据...
20260412 17:09:16- INFO-   数据合并完成,最终返回 4985 条记录, 18 个字段
20260412 17:09:16- INFO- ✓ 2023-01-31 数据获取成功: 4985 条
20260412 17:09:16- INFO- 开始获取 2023-02-01 的掘金全市场数据...
20260412 17:09:16- INFO-   步骤1: 调用get_symbols获取基础信息...
20260412 17:09:17- INFO-   get_symbols返回 4987 条记录
20260412 17:09:17- INFO-   过滤后剩余 4987 只股票(已剔除未上市/已退市)
20260412 17:09:17- INFO-   步骤2: 调用history批量获取数据...
20260412 17:09:17- INFO-   history批量返回 4987 条记录
20260412 17:09:17- INFO-   步骤3: 调用stk_get_daily_mktvalue_pt获取市值数据...
20260412 17:09:18- INFO-   stk_get_daily_mktvalue_pt返回 4987 条记录
20260412 17:09:18- INFO-   步骤4: 合并数据...
20260412 17:09:18- INFO-   数据合并完成,最终返回 4987 条记录, 18 个字段
20260412 17:09:18- INFO- ✓ 2023-02-01 数据获取成功: 4987 条
20260412 17:09:18- INFO- 开始获取 2023-02-02 的掘金全市场数据...
20260412 17:09:18- INFO-   步骤1: 调用get_symbols获取基础信息...
20260412 17:09:19- INFO-   get_symbols返回 4989 条记录
20260412 17:09:19- INFO-   过滤后剩余 4989 只股票(已剔除未上市/已退市)
20260412 17:09:19- INFO-   步骤2: 调用history批量获取数据...
20260412 17:09:19- INFO-   history批量返回 4989 条记录
20260412 17:09:19- INFO-   步骤3: 调用stk_get_daily_mktvalue_pt获取市值数据...
20260412 17:09:20- INFO-   stk_get_daily_mktvalue_pt返回 4989 条记录
20260412 17:09:20- INFO-   步骤4: 合并数据...
20260412 17:09:20- INFO-   数据合并完成,最终返回 4989 条记录, 18 个字段
20260412 17:09:20- INFO- ✓ 2023-02-02 数据获取成功: 4989 条
20260412 17:09:20- INFO- 开始获取 2023-02-03 的掘金全市场数据...
20260412 17:09:20- INFO-   步骤1: 调用get_symbols获取基础信息...
20260412 17:09:21- INFO-   get_symbols返回 4986 条记录
20260412 17:09:21- INFO-   过滤后剩余 4986 只股票(已剔除未上市/已退市)
20260412 17:09:21- INFO-   步骤2: 调用history批量获取数据...
20260412 17:09:21- INFO-   history批量返回 4986 条记录
20260412 17:09:21- INFO-   步骤3: 调用stk_get_daily_mktvalue_pt获取市值数据...
20260412 17:09:21- INFO-   stk_get_daily_mktvalue_pt返回 4986 条记录
20260412 17:09:21- INFO-   步骤4: 合并数据...
20260412 17:09:21- INFO-   数据合并完成,最终返回 4986 条记录, 18 个字段
20260412 17:09:21- INFO- ✓ 2023-02-03 数据获取成功: 4986 条
20260412 17:09:22- INFO- 开始获取 2023-02-06 的掘金全市场数据...
20260412 17:09:22- INFO-   步骤1: 调用get_symbols获取基础信息...
20260412 17:09:23- INFO-   get_symbols返回 4986 条记录
20260412 17:09:23- INFO-   过滤后剩余 4986 只股票(已剔除未上市/已退市)
20260412 17:09:23- INFO-   步骤2: 调用history批量获取数据...
20260412 17:09:23- INFO-   history批量返回 4986 条记录
20260412 17:09:23- INFO-   步骤3: 调用stk_get_daily_mktvalue_pt获取市值数据...
20260412 17:09:23- INFO-   stk_get_daily_mktvalue_pt返回 4986 条记录
20260412 17:09:23- INFO-   步骤4: 合并数据...
20260412 17:09:23- INFO-   数据合并完成,最终返回 4986 条记录, 18 个字段
20260412 17:09:23- INFO- ✓ 2023-02-06 数据获取成功: 4986 条
20260412 17:09:24- INFO- 开始获取 2023-02-07 的掘金全市场数据...
20260412 17:09:24- INFO-   步骤1: 调用get_symbols获取基础信息...
20260412 17:09:25- INFO-   get_symbols返回 4989 条记录
20260412 17:09:25- INFO-   过滤后剩余 4989 只股票(已剔除未上市/已退市)
20260412 17:09:25- INFO-   步骤2: 调用history批量获取数据...
20260412 17:09:25- INFO-   history批量返回 4989 条记录
20260412 17:09:25- INFO-   步骤3: 调用stk_get_daily_mktvalue_pt获取市值数据...
20260412 17:09:25- INFO-   stk_get_daily_mktvalue_pt返回 4989 条记录
20260412 17:09:25- INFO-   步骤4: 合并数据...
20260412 17:09:25- INFO-   数据合并完成,最终返回 4989 条记录, 18 个字段
20260412 17:09:25- INFO- ✓ 2023-02-07 数据获取成功: 4989 条
20260412 17:09:26- INFO- 开始获取 2023-02-08 的掘金全市场数据...
20260412 17:09:26- INFO-   步骤1: 调用get_symbols获取基础信息...
20260412 17:09:27- INFO-   get_symbols返回 4989 条记录
20260412 17:09:27- INFO-   过滤后剩余 4989 只股票(已剔除未上市/已退市)
20260412 17:09:27- INFO-   步骤2: 调用history批量获取数据...
20260412 17:09:27- INFO-   history批量返回 4989 条记录
20260412 17:09:27- INFO-   步骤3: 调用stk_get_daily_mktvalue_pt获取市值数据...
20260412 17:09:27- INFO-   stk_get_daily_mktvalue_pt返回 4989 条记录
20260412 17:09:27- INFO-   步骤4: 合并数据...
20260412 17:09:28- INFO-   数据合并完成,最终返回 4989 条记录, 18 个字段
20260412 17:09:28- INFO- ✓ 2023-02-08 数据获取成功: 4989 条
20260412 17:09:28- INFO- 开始获取 2023-02-09 的掘金全市场数据...
20260412 17:09:28- INFO-   步骤1: 调用get_symbols获取基础信息...
20260412 17:09:29- INFO-   get_symbols返回 4992 条记录
20260412 17:09:29- INFO-   过滤后剩余 4992 只股票(已剔除未上市/已退市)
20260412 17:09:29- INFO-   步骤2: 调用history批量获取数据...
20260412 17:09:29- INFO-   history批量返回 4992 条记录
20260412 17:09:29- INFO-   步骤3: 调用stk_get_daily_mktvalue_pt获取市值数据...
20260412 17:09:29- INFO-   stk_get_daily_mktvalue_pt返回 4992 条记录
20260412 17:09:29- INFO-   步骤4: 合并数据...
20260412 17:09:30- INFO-   数据合并完成,最终返回 4992 条记录, 18 个字段
20260412 17:09:30- INFO- ✓ 2023-02-09 数据获取成功: 4992 条
20260412 17:09:30- INFO- 开始获取 2023-02-10 的掘金全市场数据...
20260412 17:09:30- INFO-   步骤1: 调用get_symbols获取基础信息...
20260412 17:09:31- INFO-   get_symbols返回 4993 条记录
20260412 17:09:31- INFO-   过滤后剩余 4993 只股票(已剔除未上市/已退市)
20260412 17:09:31- INFO-   步骤2: 调用history批量获取数据...
20260412 17:09:31- INFO-   history批量返回 4993 条记录
20260412 17:09:31- INFO-   步骤3: 调用stk_get_daily_mktvalue_pt获取市值数据...
20260412 17:09:31- INFO-   stk_get_daily_mktvalue_pt返回 4993 条记录
20260412 17:09:31- INFO-   步骤4: 合并数据...
20260412 17:09:31- INFO-   数据合并完成,最终返回 4993 条记录, 18 个字段
20260412 17:09:31- INFO- ✓ 2023-02-10 数据获取成功: 4993 条
20260412 17:09:32- INFO- 开始获取 2023-02-13 的掘金全市场数据...
20260412 17:09:32- INFO-   步骤1: 调用get_symbols获取基础信息...
20260412 17:09:33- INFO-   get_symbols返回 4994 条记录
20260412 17:09:33- INFO-   过滤后剩余 4994 只股票(已剔除未上市/已退市)
20260412 17:09:33- INFO-   步骤2: 调用history批量获取数据...
20260412 17:09:33- INFO-   history批量返回 4994 条记录
20260412 17:09:33- INFO-   步骤3: 调用stk_get_daily_mktvalue_pt获取市值数据...
20260412 17:09:33- INFO-   stk_get_daily_mktvalue_pt返回 4994 条记录
20260412 17:09:33- INFO-   步骤4: 合并数据...
20260412 17:09:33- INFO-   数据合并完成,最终返回 4994 条记录, 18 个字段
20260412 17:09:33- INFO- ✓ 2023-02-13 数据获取成功: 4994 条
20260412 17:09:34- INFO- 开始获取 2023-02-14 的掘金全市场数据...
20260412 17:09:34- INFO-   步骤1: 调用get_symbols获取基础信息...
20260412 17:09:35- INFO-   get_symbols返回 4994 条记录
20260412 17:09:35- INFO-   过滤后剩余 4994 只股票(已剔除未上市/已退市)
20260412 17:09:35- INFO-   步骤2: 调用history批量获取数据...
20260412 17:09:35- INFO-   history批量返回 4994 条记录
20260412 17:09:35- INFO-   步骤3: 调用stk_get_daily_mktvalue_pt获取市值数据...
20260412 17:09:35- INFO-   stk_get_daily_mktvalue_pt返回 4994 条记录
20260412 17:09:35- INFO-   步骤4: 合并数据...
20260412 17:09:35- INFO-   数据合并完成,最终返回 4994 条记录, 18 个字段
20260412 17:09:35- INFO- ✓ 2023-02-14 数据获取成功: 4994 条
20260412 17:09:36- INFO- 开始获取 2023-02-15 的掘金全市场数据...
20260412 17:09:36- INFO-   步骤1: 调用get_symbols获取基础信息...
20260412 17:09:37- INFO-   get_symbols返回 4995 条记录
20260412 17:09:37- INFO-   过滤后剩余 4995 只股票(已剔除未上市/已退市)
20260412 17:09:37- INFO-   步骤2: 调用history批量获取数据...
20260412 17:09:37- INFO-   history批量返回 4995 条记录
20260412 17:09:37- INFO-   步骤3: 调用stk_get_daily_mktvalue_pt获取市值数据...
20260412 17:09:37- INFO-   stk_get_daily_mktvalue_pt返回 4995 条记录
20260412 17:09:37- INFO-   步骤4: 合并数据...
20260412 17:09:37- INFO-   数据合并完成,最终返回 4995 条记录, 18 个字段
20260412 17:09:37- INFO- ✓ 2023-02-15 数据获取成功: 4995 条
20260412 17:09:38- INFO- 开始获取 2023-02-16 的掘金全市场数据...
20260412 17:09:38- INFO-   步骤1: 调用get_symbols获取基础信息...
20260412 17:09:39- INFO-   get_symbols返回 4999 条记录
20260412 17:09:39- INFO-   过滤后剩余 4999 只股票(已剔除未上市/已退市)
20260412 17:09:39- INFO-   步骤2: 调用history批量获取数据...
20260412 17:09:39- INFO-   history批量返回 4999 条记录
20260412 17:09:39- INFO-   步骤3: 调用stk_get_daily_mktvalue_pt获取市值数据...
20260412 17:09:40- INFO-   stk_get_daily_mktvalue_pt返回 4999 条记录
20260412 17:09:40- INFO-   步骤4: 合并数据...
20260412 17:09:40- INFO-   数据合并完成,最终返回 4999 条记录, 18 个字段
20260412 17:09:40- INFO- ✓ 2023-02-16 数据获取成功: 4999 条
20260412 17:09:40- INFO- 开始获取 2023-02-17 的掘金全市场数据...
20260412 17:09:40- INFO-   步骤1: 调用get_symbols获取基础信息...
20260412 17:09:41- INFO-   get_symbols返回 5000 条记录
20260412 17:09:41- INFO-   过滤后剩余 5000 只股票(已剔除未上市/已退市)
20260412 17:09:41- INFO-   步骤2: 调用history批量获取数据...
20260412 17:09:41- INFO-   history批量返回 5000 条记录
20260412 17:09:41- INFO-   步骤3: 调用stk_get_daily_mktvalue_pt获取市值数据...
20260412 17:09:42- INFO-   stk_get_daily_mktvalue_pt返回 5000 条记录
20260412 17:09:42- INFO-   步骤4: 合并数据...
20260412 17:09:42- INFO-   数据合并完成,最终返回 5000 条记录, 18 个字段
20260412 17:09:42- INFO- ✓ 2023-02-17 数据获取成功: 5000 条
20260412 17:09:42- INFO- 开始获取 2023-02-20 的掘金全市场数据...
20260412 17:09:42- INFO-   步骤1: 调用get_symbols获取基础信息...
20260412 17:09:43- INFO-   get_symbols返回 5003 条记录
20260412 17:09:43- INFO-   过滤后剩余 5003 只股票(已剔除未上市/已退市)
20260412 17:09:43- INFO-   步骤2: 调用history批量获取数据...
20260412 17:09:43- INFO-   history批量返回 5003 条记录
20260412 17:09:43- INFO-   步骤3: 调用stk_get_daily_mktvalue_pt获取市值数据...
20260412 17:09:44- INFO-   stk_get_daily_mktvalue_pt返回 5003 条记录
20260412 17:09:44- INFO-   步骤4: 合并数据...
20260412 17:09:44- INFO-   数据合并完成,最终返回 5003 条记录, 18 个字段
20260412 17:09:44- INFO- ✓ 2023-02-20 数据获取成功: 5003 条
20260412 17:09:44- INFO- 开始获取 2023-02-21 的掘金全市场数据...
20260412 17:09:44- INFO-   步骤1: 调用get_symbols获取基础信息...
20260412 17:09:45- INFO-   get_symbols返回 5003 条记录
20260412 17:09:45- INFO-   过滤后剩余 5003 只股票(已剔除未上市/已退市)
20260412 17:09:45- INFO-   步骤2: 调用history批量获取数据...
20260412 17:09:45- INFO-   history批量返回 5003 条记录
20260412 17:09:45- INFO-   步骤3: 调用stk_get_daily_mktvalue_pt获取市值数据...
20260412 17:09:46- INFO-   stk_get_daily_mktvalue_pt返回 5003 条记录
20260412 17:09:46- INFO-   步骤4: 合并数据...
20260412 17:09:46- INFO-   数据合并完成,最终返回 5003 条记录, 18 个字段
20260412 17:09:46- INFO- ✓ 2023-02-21 数据获取成功: 5003 条
20260412 17:09:46- INFO- 开始获取 2023-02-22 的掘金全市场数据...
20260412 17:09:46- INFO-   步骤1: 调用get_symbols获取基础信息...
20260412 17:09:47- INFO-   get_symbols返回 5003 条记录
20260412 17:09:47- INFO-   过滤后剩余 5003 只股票(已剔除未上市/已退市)
20260412 17:09:47- INFO-   步骤2: 调用history批量获取数据...
20260412 17:09:47- INFO-   history批量返回 5003 条记录
20260412 17:09:47- INFO-   步骤3: 调用stk_get_daily_mktvalue_pt获取市值数据...
20260412 17:09:48- INFO-   stk_get_daily_mktvalue_pt返回 5003 条记录
20260412 17:09:48- INFO-   步骤4: 合并数据...
20260412 17:09:48- INFO-   数据合并完成,最终返回 5003 条记录, 18 个字段
20260412 17:09:48- INFO- ✓ 2023-02-22 数据获取成功: 5003 条
20260412 17:09:48- INFO- 开始获取 2023-02-23 的掘金全市场数据...
20260412 17:09:48- INFO-   步骤1: 调用get_symbols获取基础信息...
20260412 17:09:49- INFO-   get_symbols返回 5003 条记录
20260412 17:09:49- INFO-   过滤后剩余 5003 只股票(已剔除未上市/已退市)
20260412 17:09:49- INFO-   步骤2: 调用history批量获取数据...
20260412 17:09:49- INFO-   history批量返回 5003 条记录
20260412 17:09:49- INFO-   步骤3: 调用stk_get_daily_mktvalue_pt获取市值数据...
20260412 17:09:50- INFO-   stk_get_daily_mktvalue_pt返回 5003 条记录
20260412 17:09:50- INFO-   步骤4: 合并数据...
20260412 17:09:50- INFO-   数据合并完成,最终返回 5003 条记录, 18 个字段
20260412 17:09:50- INFO- ✓ 2023-02-23 数据获取成功: 5003 条
20260412 17:09:50- INFO- 开始获取 2023-02-24 的掘金全市场数据...
20260412 17:09:50- INFO-   步骤1: 调用get_symbols获取基础信息...
20260412 17:09:51- INFO-   get_symbols返回 5002 条记录
20260412 17:09:51- INFO-   过滤后剩余 5002 只股票(已剔除未上市/已退市)
20260412 17:09:51- INFO-   步骤2: 调用history批量获取数据...
20260412 17:09:51- INFO-   history批量返回 5002 条记录
20260412 17:09:51- INFO-   步骤3: 调用stk_get_daily_mktvalue_pt获取市值数据...
20260412 17:09:52- INFO-   stk_get_daily_mktvalue_pt返回 5002 条记录
20260412 17:09:52- INFO-   步骤4: 合并数据...
20260412 17:09:52- INFO-   数据合并完成,最终返回 5002 条记录, 18 个字段
20260412 17:09:52- INFO- ✓ 2023-02-24 数据获取成功: 5002 条
20260412 17:09:52- INFO- 开始获取 2023-02-27 的掘金全市场数据...
20260412 17:09:52- INFO-   步骤1: 调用get_symbols获取基础信息...
20260412 17:09:53- INFO-   get_symbols返回 5002 条记录
20260412 17:09:53- INFO-   过滤后剩余 5002 只股票(已剔除未上市/已退市)
20260412 17:09:53- INFO-   步骤2: 调用history批量获取数据...
20260412 17:09:53- INFO-   history批量返回 5002 条记录
20260412 17:09:53- INFO-   步骤3: 调用stk_get_daily_mktvalue_pt获取市值数据...
20260412 17:09:54- INFO-   stk_get_daily_mktvalue_pt返回 5002 条记录
20260412 17:09:54- INFO-   步骤4: 合并数据...
20260412 17:09:54- INFO-   数据合并完成,最终返回 5002 条记录, 18 个字段
20260412 17:09:54- INFO- ✓ 2023-02-27 数据获取成功: 5002 条
20260412 17:09:54- INFO- 开始获取 2023-02-28 的掘金全市场数据...
20260412 17:09:54- INFO-   步骤1: 调用get_symbols获取基础信息...
20260412 17:09:55- INFO-   get_symbols返回 5003 条记录
20260412 17:09:55- INFO-   过滤后剩余 5003 只股票(已剔除未上市/已退市)
20260412 17:09:55- INFO-   步骤2: 调用history批量获取数据...
20260412 17:09:55- INFO-   history批量返回 5003 条记录
20260412 17:09:55- INFO-   步骤3: 调用stk_get_daily_mktvalue_pt获取市值数据...
20260412 17:09:56- INFO-   stk_get_daily_mktvalue_pt返回 5003 条记录
20260412 17:09:56- INFO-   步骤4: 合并数据...
20260412 17:09:56- INFO-   数据合并完成,最终返回 5003 条记录, 18 个字段
20260412 17:09:56- INFO- ✓ 2023-02-28 数据获取成功: 5003 条
20260412 17:09:56- INFO- 开始获取 2023-03-01 的掘金全市场数据...
20260412 17:09:56- INFO-   步骤1: 调用get_symbols获取基础信息...
20260412 17:09:57- INFO-   get_symbols返回 5005 条记录
20260412 17:09:57- INFO-   过滤后剩余 5005 只股票(已剔除未上市/已退市)
20260412 17:09:57- INFO-   步骤2: 调用history批量获取数据...
20260412 17:09:57- INFO-   history批量返回 5005 条记录
20260412 17:09:57- INFO-   步骤3: 调用stk_get_daily_mktvalue_pt获取市值数据...
20260412 17:09:58- INFO-   stk_get_daily_mktvalue_pt返回 5005 条记录
20260412 17:09:58- INFO-   步骤4: 合并数据...
20260412 17:09:58- INFO-   数据合并完成,最终返回 5005 条记录, 18 个字段
20260412 17:09:58- INFO- ✓ 2023-03-01 数据获取成功: 5005 条
20260412 17:09:58- INFO- 开始获取 2023-03-02 的掘金全市场数据...
20260412 17:09:58- INFO-   步骤1: 调用get_symbols获取基础信息...
20260412 17:09:59- INFO-   get_symbols返回 5007 条记录
20260412 17:09:59- INFO-   过滤后剩余 5007 只股票(已剔除未上市/已退市)
20260412 17:09:59- INFO-   步骤2: 调用history批量获取数据...
20260412 17:09:59- INFO-   history批量返回 5007 条记录
20260412 17:09:59- INFO-   步骤3: 调用stk_get_daily_mktvalue_pt获取市值数据...
20260412 17:10:00- INFO-   stk_get_daily_mktvalue_pt返回 5007 条记录
20260412 17:10:00- INFO-   步骤4: 合并数据...
20260412 17:10:00- INFO-   数据合并完成,最终返回 5007 条记录, 18 个字段
20260412 17:10:00- INFO- ✓ 2023-03-02 数据获取成功: 5007 条
20260412 17:10:00- INFO- 开始获取 2023-03-03 的掘金全市场数据...
20260412 17:10:00- INFO-   步骤1: 调用get_symbols获取基础信息...
20260412 17:10:01- INFO-   get_symbols返回 5008 条记录
20260412 17:10:01- INFO-   过滤后剩余 5008 只股票(已剔除未上市/已退市)
20260412 17:10:01- INFO-   步骤2: 调用history批量获取数据...
20260412 17:10:01- INFO-   history批量返回 5008 条记录
20260412 17:10:01- INFO-   步骤3: 调用stk_get_daily_mktvalue_pt获取市值数据...
20260412 17:10:01- INFO-   stk_get_daily_mktvalue_pt返回 5008 条记录
20260412 17:10:01- INFO-   步骤4: 合并数据...
20260412 17:10:01- INFO-   数据合并完成,最终返回 5008 条记录, 18 个字段
20260412 17:10:01- INFO- ✓ 2023-03-03 数据获取成功: 5008 条
20260412 17:10:02- INFO- 开始获取 2023-03-06 的掘金全市场数据...
20260412 17:10:02- INFO-   步骤1: 调用get_symbols获取基础信息...
20260412 17:10:03- INFO-   get_symbols返回 5009 条记录
20260412 17:10:03- INFO-   过滤后剩余 5009 只股票(已剔除未上市/已退市)
20260412 17:10:03- INFO-   步骤2: 调用history批量获取数据...
20260412 17:10:03- INFO-   history批量返回 5009 条记录
20260412 17:10:03- INFO-   步骤3: 调用stk_get_daily_mktvalue_pt获取市值数据...
20260412 17:10:03- INFO-   stk_get_daily_mktvalue_pt返回 5009 条记录
20260412 17:10:03- INFO-   步骤4: 合并数据...
20260412 17:10:03- INFO-   数据合并完成,最终返回 5009 条记录, 18 个字段
20260412 17:10:03- INFO- ✓ 2023-03-06 数据获取成功: 5009 条
20260412 17:10:04- INFO- 开始获取 2023-03-07 的掘金全市场数据...
20260412 17:10:04- INFO-   步骤1: 调用get_symbols获取基础信息...
20260412 17:10:05- INFO-   get_symbols返回 5010 条记录
20260412 17:10:05- INFO-   过滤后剩余 5010 只股票(已剔除未上市/已退市)
20260412 17:10:05- INFO-   步骤2: 调用history批量获取数据...
20260412 17:10:05- INFO-   history批量返回 5010 条记录
20260412 17:10:05- INFO-   步骤3: 调用stk_get_daily_mktvalue_pt获取市值数据...
20260412 17:10:07- INFO-   stk_get_daily_mktvalue_pt返回 5010 条记录
20260412 17:10:07- INFO-   步骤4: 合并数据...
20260412 17:10:07- INFO-   数据合并完成,最终返回 5010 条记录, 18 个字段
20260412 17:10:07- INFO- ✓ 2023-03-07 数据获取成功: 5010 条
20260412 17:10:08- INFO- 开始获取 2023-03-08 的掘金全市场数据...
20260412 17:10:08- INFO-   步骤1: 调用get_symbols获取基础信息...
20260412 17:10:08- INFO-   get_symbols返回 5010 条记录
20260412 17:10:08- INFO-   过滤后剩余 5010 只股票(已剔除未上市/已退市)
20260412 17:10:08- INFO-   步骤2: 调用history批量获取数据...
20260412 17:10:09- INFO-   history批量返回 5010 条记录
20260412 17:10:09- INFO-   步骤3: 调用stk_get_daily_mktvalue_pt获取市值数据...
20260412 17:10:09- INFO-   stk_get_daily_mktvalue_pt返回 5010 条记录
20260412 17:10:09- INFO-   步骤4: 合并数据...
20260412 17:10:09- INFO-   数据合并完成,最终返回 5010 条记录, 18 个字段
20260412 17:10:09- INFO- ✓ 2023-03-08 数据获取成功: 5010 条
20260412 17:10:10- INFO- 开始获取 2023-03-09 的掘金全市场数据...
20260412 17:10:10- INFO-   步骤1: 调用get_symbols获取基础信息...
20260412 17:10:10- INFO-   get_symbols返回 5010 条记录
20260412 17:10:10- INFO-   过滤后剩余 5010 只股票(已剔除未上市/已退市)
20260412 17:10:10- INFO-   步骤2: 调用history批量获取数据...
20260412 17:10:11- INFO-   history批量返回 5010 条记录
20260412 17:10:11- INFO-   步骤3: 调用stk_get_daily_mktvalue_pt获取市值数据...
20260412 17:10:11- INFO-   stk_get_daily_mktvalue_pt返回 5010 条记录
20260412 17:10:11- INFO-   步骤4: 合并数据...
20260412 17:10:11- INFO-   数据合并完成,最终返回 5010 条记录, 18 个字段
20260412 17:10:11- INFO- ✓ 2023-03-09 数据获取成功: 5010 条
20260412 17:10:12- INFO- 开始获取 2023-03-10 的掘金全市场数据...
20260412 17:10:12- INFO-   步骤1: 调用get_symbols获取基础信息...
20260412 17:10:12- INFO-   get_symbols返回 5012 条记录
20260412 17:10:12- INFO-   过滤后剩余 5012 只股票(已剔除未上市/已退市)
20260412 17:10:12- INFO-   步骤2: 调用history批量获取数据...
20260412 17:10:13- INFO-   history批量返回 5012 条记录
20260412 17:10:13- INFO-   步骤3: 调用stk_get_daily_mktvalue_pt获取市值数据...
20260412 17:10:13- INFO-   stk_get_daily_mktvalue_pt返回 5012 条记录
20260412 17:10:13- INFO-   步骤4: 合并数据...
20260412 17:10:13- INFO-   数据合并完成,最终返回 5012 条记录, 18 个字段
20260412 17:10:13- INFO- ✓ 2023-03-10 数据获取成功: 5012 条
20260412 17:10:14- INFO- 开始获取 2023-03-13 的掘金全市场数据...
20260412 17:10:14- INFO-   步骤1: 调用get_symbols获取基础信息...
20260412 17:10:14- INFO-   get_symbols返回 5016 条记录
20260412 17:10:14- INFO-   过滤后剩余 5016 只股票(已剔除未上市/已退市)
20260412 17:10:14- INFO-   步骤2: 调用history批量获取数据...
20260412 17:10:15- INFO-   history批量返回 5016 条记录
20260412 17:10:15- INFO-   步骤3: 调用stk_get_daily_mktvalue_pt获取市值数据...
20260412 17:10:15- INFO-   stk_get_daily_mktvalue_pt返回 5016 条记录
20260412 17:10:15- INFO-   步骤4: 合并数据...
20260412 17:10:15- INFO-   数据合并完成,最终返回 5016 条记录, 18 个字段
20260412 17:10:15- INFO- ✓ 2023-03-13 数据获取成功: 5016 条
20260412 17:10:15- INFO- 开始获取 2023-03-14 的掘金全市场数据...
20260412 17:10:15- INFO-   步骤1: 调用get_symbols获取基础信息...
20260412 17:10:16- INFO-   get_symbols返回 5017 条记录
20260412 17:10:16- INFO-   过滤后剩余 5017 只股票(已剔除未上市/已退市)
20260412 17:10:16- INFO-   步骤2: 调用history批量获取数据...
20260412 17:10:16- INFO-   history批量返回 5017 条记录
20260412 17:10:16- INFO-   步骤3: 调用stk_get_daily_mktvalue_pt获取市值数据...
20260412 17:10:17- INFO-   stk_get_daily_mktvalue_pt返回 5017 条记录
20260412 17:10:17- INFO-   步骤4: 合并数据...
20260412 17:10:17- INFO-   数据合并完成,最终返回 5017 条记录, 18 个字段
20260412 17:10:17- INFO- ✓ 2023-03-14 数据获取成功: 5017 条
20260412 17:10:17- INFO- 开始获取 2023-03-15 的掘金全市场数据...
20260412 17:10:17- INFO-   步骤1: 调用get_symbols获取基础信息...
20260412 17:10:18- INFO-   get_symbols返回 5018 条记录
20260412 17:10:18- INFO-   过滤后剩余 5018 只股票(已剔除未上市/已退市)
20260412 17:10:18- INFO-   步骤2: 调用history批量获取数据...
20260412 17:10:19- INFO-   history批量返回 5018 条记录
20260412 17:10:19- INFO-   步骤3: 调用stk_get_daily_mktvalue_pt获取市值数据...
20260412 17:10:19- INFO-   stk_get_daily_mktvalue_pt返回 5018 条记录
20260412 17:10:19- INFO-   步骤4: 合并数据...
20260412 17:10:19- INFO-   数据合并完成,最终返回 5018 条记录, 18 个字段
20260412 17:10:19- INFO- ✓ 2023-03-15 数据获取成功: 5018 条
20260412 17:10:20- INFO- 开始获取 2023-03-16 的掘金全市场数据...
20260412 17:10:20- INFO-   步骤1: 调用get_symbols获取基础信息...
20260412 17:10:20- INFO-   get_symbols返回 5018 条记录
20260412 17:10:20- INFO-   过滤后剩余 5018 只股票(已剔除未上市/已退市)
20260412 17:10:20- INFO-   步骤2: 调用history批量获取数据...
20260412 17:10:21- INFO-   history批量返回 5018 条记录
20260412 17:10:21- INFO-   步骤3: 调用stk_get_daily_mktvalue_pt获取市值数据...
20260412 17:10:21- INFO-   stk_get_daily_mktvalue_pt返回 5018 条记录
20260412 17:10:21- INFO-   步骤4: 合并数据...
20260412 17:10:21- INFO-   数据合并完成,最终返回 5018 条记录, 18 个字段
20260412 17:10:21- INFO- ✓ 2023-03-16 数据获取成功: 5018 条
20260412 17:10:21- INFO- 开始获取 2023-03-17 的掘金全市场数据...
20260412 17:10:21- INFO-   步骤1: 调用get_symbols获取基础信息...
20260412 17:10:22- INFO-   get_symbols返回 5018 条记录
20260412 17:10:22- INFO-   过滤后剩余 5018 只股票(已剔除未上市/已退市)
20260412 17:10:22- INFO-   步骤2: 调用history批量获取数据...
20260412 17:10:22- INFO-   history批量返回 5018 条记录
20260412 17:10:22- INFO-   步骤3: 调用stk_get_daily_mktvalue_pt获取市值数据...
20260412 17:10:23- INFO-   stk_get_daily_mktvalue_pt返回 5018 条记录
20260412 17:10:23- INFO-   步骤4: 合并数据...
20260412 17:10:23- INFO-   数据合并完成,最终返回 5018 条记录, 18 个字段
20260412 17:10:23- INFO- ✓ 2023-03-17 数据获取成功: 5018 条
20260412 17:10:23- INFO- 开始获取 2023-03-20 的掘金全市场数据...
20260412 17:10:23- INFO-   步骤1: 调用get_symbols获取基础信息...
20260412 17:10:24- INFO-   get_symbols返回 5018 条记录
20260412 17:10:24- INFO-   过滤后剩余 5018 只股票(已剔除未上市/已退市)
20260412 17:10:24- INFO-   步骤2: 调用history批量获取数据...
20260412 17:10:24- INFO-   history批量返回 5018 条记录
20260412 17:10:24- INFO-   步骤3: 调用stk_get_daily_mktvalue_pt获取市值数据...
20260412 17:10:25- INFO-   stk_get_daily_mktvalue_pt返回 5018 条记录
20260412 17:10:25- INFO-   步骤4: 合并数据...
20260412 17:10:25- INFO-   数据合并完成,最终返回 5018 条记录, 18 个字段
20260412 17:10:25- INFO- ✓ 2023-03-20 数据获取成功: 5018 条
20260412 17:10:25- INFO- 开始获取 2023-03-21 的掘金全市场数据...
20260412 17:10:25- INFO-   步骤1: 调用get_symbols获取基础信息...
20260412 17:10:26- INFO-   get_symbols返回 5021 条记录
20260412 17:10:26- INFO-   过滤后剩余 5021 只股票(已剔除未上市/已退市)
20260412 17:10:26- INFO-   步骤2: 调用history批量获取数据...
20260412 17:10:26- INFO-   history批量返回 5021 条记录
20260412 17:10:26- INFO-   步骤3: 调用stk_get_daily_mktvalue_pt获取市值数据...
20260412 17:10:27- INFO-   stk_get_daily_mktvalue_pt返回 5021 条记录
20260412 17:10:27- INFO-   步骤4: 合并数据...
20260412 17:10:27- INFO-   数据合并完成,最终返回 5021 条记录, 18 个字段
20260412 17:10:27- INFO- ✓ 2023-03-21 数据获取成功: 5021 条
20260412 17:10:27- INFO- 开始获取 2023-03-22 的掘金全市场数据...
20260412 17:10:27- INFO-   步骤1: 调用get_symbols获取基础信息...
20260412 17:10:28- INFO-   get_symbols返回 5020 条记录
20260412 17:10:28- INFO-   过滤后剩余 5020 只股票(已剔除未上市/已退市)
20260412 17:10:28- INFO-   步骤2: 调用history批量获取数据...
20260412 17:10:28- INFO-   history批量返回 5020 条记录
20260412 17:10:28- INFO-   步骤3: 调用stk_get_daily_mktvalue_pt获取市值数据...
20260412 17:10:29- INFO-   stk_get_daily_mktvalue_pt返回 5020 条记录
20260412 17:10:29- INFO-   步骤4: 合并数据...
20260412 17:10:29- INFO-   数据合并完成,最终返回 5020 条记录, 18 个字段
20260412 17:10:29- INFO- ✓ 2023-03-22 数据获取成功: 5020 条
20260412 17:10:29- INFO- 开始获取 2023-03-23 的掘金全市场数据...
20260412 17:10:29- INFO-   步骤1: 调用get_symbols获取基础信息...
20260412 17:10:30- INFO-   get_symbols返回 5022 条记录
20260412 17:10:30- INFO-   过滤后剩余 5022 只股票(已剔除未上市/已退市)
20260412 17:10:30- INFO-   步骤2: 调用history批量获取数据...
20260412 17:10:30- INFO-   history批量返回 5022 条记录
20260412 17:10:30- INFO-   步骤3: 调用stk_get_daily_mktvalue_pt获取市值数据...
20260412 17:10:31- INFO-   stk_get_daily_mktvalue_pt返回 5022 条记录
20260412 17:10:31- INFO-   步骤4: 合并数据...
20260412 17:10:31- INFO-   数据合并完成,最终返回 5022 条记录, 18 个字段
20260412 17:10:31- INFO- ✓ 2023-03-23 数据获取成功: 5022 条
20260412 17:10:31- INFO- 开始获取 2023-03-24 的掘金全市场数据...
20260412 17:10:31- INFO-   步骤1: 调用get_symbols获取基础信息...
20260412 17:10:32- INFO-   get_symbols返回 5021 条记录
20260412 17:10:32- INFO-   过滤后剩余 5021 只股票(已剔除未上市/已退市)
20260412 17:10:32- INFO-   步骤2: 调用history批量获取数据...
20260412 17:10:32- INFO-   history批量返回 5021 条记录
20260412 17:10:32- INFO-   步骤3: 调用stk_get_daily_mktvalue_pt获取市值数据...
20260412 17:10:33- INFO-   stk_get_daily_mktvalue_pt返回 5021 条记录
20260412 17:10:33- INFO-   步骤4: 合并数据...
20260412 17:10:33- INFO-   数据合并完成,最终返回 5021 条记录, 18 个字段
20260412 17:10:33- INFO- ✓ 2023-03-24 数据获取成功: 5021 条
20260412 17:10:33- INFO- 开始获取 2023-03-27 的掘金全市场数据...
20260412 17:10:33- INFO-   步骤1: 调用get_symbols获取基础信息...
20260412 17:10:34- INFO-   get_symbols返回 5023 条记录
20260412 17:10:34- INFO-   过滤后剩余 5023 只股票(已剔除未上市/已退市)
20260412 17:10:34- INFO-   步骤2: 调用history批量获取数据...
20260412 17:10:34- INFO-   history批量返回 5023 条记录
20260412 17:10:34- INFO-   步骤3: 调用stk_get_daily_mktvalue_pt获取市值数据...
20260412 17:10:35- INFO-   stk_get_daily_mktvalue_pt返回 5023 条记录
20260412 17:10:35- INFO-   步骤4: 合并数据...
20260412 17:10:35- INFO-   数据合并完成,最终返回 5023 条记录, 18 个字段
20260412 17:10:35- INFO- ✓ 2023-03-27 数据获取成功: 5023 条
20260412 17:10:35- INFO- 开始获取 2023-03-28 的掘金全市场数据...
20260412 17:10:35- INFO-   步骤1: 调用get_symbols获取基础信息...
20260412 17:10:36- INFO-   get_symbols返回 5025 条记录
20260412 17:10:36- INFO-   过滤后剩余 5025 只股票(已剔除未上市/已退市)
20260412 17:10:36- INFO-   步骤2: 调用history批量获取数据...
20260412 17:10:36- INFO-   history批量返回 5025 条记录
20260412 17:10:36- INFO-   步骤3: 调用stk_get_daily_mktvalue_pt获取市值数据...
20260412 17:10:37- INFO-   stk_get_daily_mktvalue_pt返回 5025 条记录
20260412 17:10:37- INFO-   步骤4: 合并数据...
20260412 17:10:37- INFO-   数据合并完成,最终返回 5025 条记录, 18 个字段
20260412 17:10:37- INFO- ✓ 2023-03-28 数据获取成功: 5025 条
20260412 17:10:37- INFO- 开始获取 2023-03-29 的掘金全市场数据...
20260412 17:10:37- INFO-   步骤1: 调用get_symbols获取基础信息...
20260412 17:10:38- INFO-   get_symbols返回 5029 条记录
20260412 17:10:38- INFO-   过滤后剩余 5029 只股票(已剔除未上市/已退市)
20260412 17:10:38- INFO-   步骤2: 调用history批量获取数据...
20260412 17:10:38- INFO-   history批量返回 5029 条记录
20260412 17:10:38- INFO-   步骤3: 调用stk_get_daily_mktvalue_pt获取市值数据...
20260412 17:10:39- INFO-   stk_get_daily_mktvalue_pt返回 5029 条记录
20260412 17:10:39- INFO-   步骤4: 合并数据...
20260412 17:10:39- INFO-   数据合并完成,最终返回 5029 条记录, 18 个字段
20260412 17:10:39- INFO- ✓ 2023-03-29 数据获取成功: 5029 条
20260412 17:10:39- INFO- 开始获取 2023-03-30 的掘金全市场数据...
20260412 17:10:39- INFO-   步骤1: 调用get_symbols获取基础信息...
20260412 17:10:40- INFO-   get_symbols返回 5028 条记录
20260412 17:10:40- INFO-   过滤后剩余 5028 只股票(已剔除未上市/已退市)
20260412 17:10:40- INFO-   步骤2: 调用history批量获取数据...
20260412 17:10:40- INFO-   history批量返回 5028 条记录
20260412 17:10:40- INFO-   步骤3: 调用stk_get_daily_mktvalue_pt获取市值数据...
20260412 17:10:41- INFO-   stk_get_daily_mktvalue_pt返回 5028 条记录
20260412 17:10:41- INFO-   步骤4: 合并数据...
20260412 17:10:41- INFO-   数据合并完成,最终返回 5028 条记录, 18 个字段
20260412 17:10:41- INFO- ✓ 2023-03-30 数据获取成功: 5028 条
20260412 17:10:41- INFO- 开始获取 2023-03-31 的掘金全市场数据...
20260412 17:10:41- INFO-   步骤1: 调用get_symbols获取基础信息...
20260412 17:10:42- INFO-   get_symbols返回 5028 条记录
20260412 17:10:42- INFO-   过滤后剩余 5028 只股票(已剔除未上市/已退市)
20260412 17:10:42- INFO-   步骤2: 调用history批量获取数据...
20260412 17:10:42- INFO-   history批量返回 5028 条记录
20260412 17:10:42- INFO-   步骤3: 调用stk_get_daily_mktvalue_pt获取市值数据...
20260412 17:10:42- INFO-   stk_get_daily_mktvalue_pt返回 5028 条记录
20260412 17:10:42- INFO-   步骤4: 合并数据...
20260412 17:10:42- INFO-   数据合并完成,最终返回 5028 条记录, 18 个字段
20260412 17:10:42- INFO- ✓ 2023-03-31 数据获取成功: 5028 条
20260412 17:10:43- INFO- 开始获取 2023-04-03 的掘金全市场数据...
20260412 17:10:43- INFO-   步骤1: 调用get_symbols获取基础信息...
20260412 17:10:44- INFO-   get_symbols返回 5029 条记录
20260412 17:10:44- INFO-   过滤后剩余 5029 只股票(已剔除未上市/已退市)
20260412 17:10:44- INFO-   步骤2: 调用history批量获取数据...
20260412 17:10:44- INFO-   history批量返回 5029 条记录
20260412 17:10:44- INFO-   步骤3: 调用stk_get_daily_mktvalue_pt获取市值数据...
20260412 17:10:44- INFO-   stk_get_daily_mktvalue_pt返回 5029 条记录
20260412 17:10:44- INFO-   步骤4: 合并数据...
20260412 17:10:44- INFO-   数据合并完成,最终返回 5029 条记录, 18 个字段
20260412 17:10:44- INFO- ✓ 2023-04-03 数据获取成功: 5029 条
20260412 17:10:45- INFO- 开始获取 2023-04-04 的掘金全市场数据...
20260412 17:10:45- INFO-   步骤1: 调用get_symbols获取基础信息...
20260412 17:10:46- INFO-   get_symbols返回 5034 条记录
20260412 17:10:46- INFO-   过滤后剩余 5034 只股票(已剔除未上市/已退市)
20260412 17:10:46- INFO-   步骤2: 调用history批量获取数据...
20260412 17:10:46- INFO-   history批量返回 5034 条记录
20260412 17:10:46- INFO-   步骤3: 调用stk_get_daily_mktvalue_pt获取市值数据...
20260412 17:10:46- INFO-   stk_get_daily_mktvalue_pt返回 5034 条记录
20260412 17:10:46- INFO-   步骤4: 合并数据...
20260412 17:10:46- INFO-   数据合并完成,最终返回 5034 条记录, 18 个字段
20260412 17:10:46- INFO- ✓ 2023-04-04 数据获取成功: 5034 条
20260412 17:10:47- INFO- 开始获取 2023-04-05 的掘金全市场数据...
20260412 17:10:47- INFO-   步骤1: 调用get_symbols获取基础信息...
20260412 17:10:47- WARNING- 2023-04-05 get_symbols返回空数据
20260412 17:10:47- WARNING- ✗ 2023-04-05 无数据
20260412 17:10:48- INFO- 开始获取 2023-04-06 的掘金全市场数据...
20260412 17:10:48- INFO-   步骤1: 调用get_symbols获取基础信息...
20260412 17:10:48- INFO-   get_symbols返回 5033 条记录
20260412 17:10:48- INFO-   过滤后剩余 5033 只股票(已剔除未上市/已退市)
20260412 17:10:48- INFO-   步骤2: 调用history批量获取数据...
20260412 17:10:49- INFO-   history批量返回 5033 条记录
20260412 17:10:49- INFO-   步骤3: 调用stk_get_daily_mktvalue_pt获取市值数据...
20260412 17:10:49- INFO-   stk_get_daily_mktvalue_pt返回 5033 条记录
20260412 17:10:49- INFO-   步骤4: 合并数据...
20260412 17:10:49- INFO-   数据合并完成,最终返回 5033 条记录, 18 个字段
20260412 17:10:49- INFO- ✓ 2023-04-06 数据获取成功: 5033 条
20260412 17:10:50- INFO- 开始获取 2023-04-07 的掘金全市场数据...
20260412 17:10:50- INFO-   步骤1: 调用get_symbols获取基础信息...
20260412 17:10:50- INFO-   get_symbols返回 5031 条记录
20260412 17:10:50- INFO-   过滤后剩余 5031 只股票(已剔除未上市/已退市)
20260412 17:10:50- INFO-   步骤2: 调用history批量获取数据...
20260412 17:10:51- INFO-   history批量返回 5031 条记录
20260412 17:10:51- INFO-   步骤3: 调用stk_get_daily_mktvalue_pt获取市值数据...
20260412 17:10:51- INFO-   stk_get_daily_mktvalue_pt返回 5031 条记录
20260412 17:10:51- INFO-   步骤4: 合并数据...
20260412 17:10:51- INFO-   数据合并完成,最终返回 5031 条记录, 18 个字段
20260412 17:10:51- INFO- ✓ 2023-04-07 数据获取成功: 5031 条
20260412 17:10:52- INFO- 开始获取 2023-04-10 的掘金全市场数据...
20260412 17:10:52- INFO-   步骤1: 调用get_symbols获取基础信息...
20260412 17:10:52- INFO-   get_symbols返回 5041 条记录
20260412 17:10:52- INFO-   过滤后剩余 5041 只股票(已剔除未上市/已退市)
20260412 17:10:52- INFO-   步骤2: 调用history批量获取数据...
20260412 17:10:53- INFO-   history批量返回 5041 条记录
20260412 17:10:53- INFO-   步骤3: 调用stk_get_daily_mktvalue_pt获取市值数据...
20260412 17:10:53- INFO-   stk_get_daily_mktvalue_pt返回 5041 条记录
20260412 17:10:53- INFO-   步骤4: 合并数据...
20260412 17:10:53- INFO-   数据合并完成,最终返回 5041 条记录, 18 个字段
20260412 17:10:53- INFO- ✓ 2023-04-10 数据获取成功: 5041 条
20260412 17:10:54- INFO- 开始获取 2023-04-11 的掘金全市场数据...
20260412 17:10:54- INFO-   步骤1: 调用get_symbols获取基础信息...
20260412 17:10:54- INFO-   get_symbols返回 5042 条记录
20260412 17:10:54- INFO-   过滤后剩余 5042 只股票(已剔除未上市/已退市)
20260412 17:10:54- INFO-   步骤2: 调用history批量获取数据...
20260412 17:10:55- INFO-   history批量返回 5042 条记录
20260412 17:10:55- INFO-   步骤3: 调用stk_get_daily_mktvalue_pt获取市值数据...
20260412 17:10:55- INFO-   stk_get_daily_mktvalue_pt返回 5042 条记录
20260412 17:10:55- INFO-   步骤4: 合并数据...
20260412 17:10:55- INFO-   数据合并完成,最终返回 5042 条记录, 18 个字段
20260412 17:10:55- INFO- ✓ 2023-04-11 数据获取成功: 5042 条
20260412 17:10:55- INFO- 开始获取 2023-04-12 的掘金全市场数据...
20260412 17:10:55- INFO-   步骤1: 调用get_symbols获取基础信息...
20260412 17:10:56- INFO-   get_symbols返回 5042 条记录
20260412 17:10:56- INFO-   过滤后剩余 5042 只股票(已剔除未上市/已退市)
20260412 17:10:56- INFO-   步骤2: 调用history批量获取数据...
20260412 17:10:57- INFO-   history批量返回 5042 条记录
20260412 17:10:57- INFO-   步骤3: 调用stk_get_daily_mktvalue_pt获取市值数据...
20260412 17:10:57- INFO-   stk_get_daily_mktvalue_pt返回 5042 条记录
20260412 17:10:57- INFO-   步骤4: 合并数据...
20260412 17:10:57- INFO-   数据合并完成,最终返回 5042 条记录, 18 个字段
20260412 17:10:57- INFO- ✓ 2023-04-12 数据获取成功: 5042 条
20260412 17:10:57- INFO- 开始获取 2023-04-13 的掘金全市场数据...
20260412 17:10:57- INFO-   步骤1: 调用get_symbols获取基础信息...
20260412 17:10:58- INFO-   get_symbols返回 5043 条记录
20260412 17:10:58- INFO-   过滤后剩余 5043 只股票(已剔除未上市/已退市)
20260412 17:10:58- INFO-   步骤2: 调用history批量获取数据...
20260412 17:10:59- INFO-   history批量返回 5043 条记录
20260412 17:10:59- INFO-   步骤3: 调用stk_get_daily_mktvalue_pt获取市值数据...
20260412 17:10:59- INFO-   stk_get_daily_mktvalue_pt返回 5043 条记录
20260412 17:10:59- INFO-   步骤4: 合并数据...
20260412 17:10:59- INFO-   数据合并完成,最终返回 5043 条记录, 18 个字段
20260412 17:10:59- INFO- ✓ 2023-04-13 数据获取成功: 5043 条
20260412 17:11:00- INFO- 开始获取 2023-04-14 的掘金全市场数据...
20260412 17:11:00- INFO-   步骤1: 调用get_symbols获取基础信息...
20260412 17:11:00- INFO-   get_symbols返回 5041 条记录
20260412 17:11:00- INFO-   过滤后剩余 5041 只股票(已剔除未上市/已退市)
20260412 17:11:00- INFO-   步骤2: 调用history批量获取数据...
20260412 17:11:01- INFO-   history批量返回 5041 条记录
20260412 17:11:01- INFO-   步骤3: 调用stk_get_daily_mktvalue_pt获取市值数据...
20260412 17:11:01- INFO-   stk_get_daily_mktvalue_pt返回 5041 条记录
20260412 17:11:01- INFO-   步骤4: 合并数据...
20260412 17:11:01- INFO-   数据合并完成,最终返回 5041 条记录, 18 个字段
20260412 17:11:01- INFO- ✓ 2023-04-14 数据获取成功: 5041 条
20260412 17:11:02- INFO- 开始获取 2023-04-17 的掘金全市场数据...
20260412 17:11:02- INFO-   步骤1: 调用get_symbols获取基础信息...
20260412 17:11:02- INFO-   get_symbols返回 5043 条记录
20260412 17:11:02- INFO-   过滤后剩余 5043 只股票(已剔除未上市/已退市)
20260412 17:11:02- INFO-   步骤2: 调用history批量获取数据...
20260412 17:11:03- INFO-   history批量返回 5043 条记录
20260412 17:11:03- INFO-   步骤3: 调用stk_get_daily_mktvalue_pt获取市值数据...
20260412 17:11:03- INFO-   stk_get_daily_mktvalue_pt返回 5043 条记录
20260412 17:11:03- INFO-   步骤4: 合并数据...
20260412 17:11:03- INFO-   数据合并完成,最终返回 5043 条记录, 18 个字段
20260412 17:11:03- INFO- ✓ 2023-04-17 数据获取成功: 5043 条
20260412 17:11:03- INFO- 开始获取 2023-04-18 的掘金全市场数据...
20260412 17:11:03- INFO-   步骤1: 调用get_symbols获取基础信息...
20260412 17:11:04- INFO-   get_symbols返回 5049 条记录
20260412 17:11:04- INFO-   过滤后剩余 5049 只股票(已剔除未上市/已退市)
20260412 17:11:04- INFO-   步骤2: 调用history批量获取数据...
20260412 17:11:05- INFO-   history批量返回 5049 条记录
20260412 17:11:05- INFO-   步骤3: 调用stk_get_daily_mktvalue_pt获取市值数据...
20260412 17:11:05- INFO-   stk_get_daily_mktvalue_pt返回 5049 条记录
20260412 17:11:05- INFO-   步骤4: 合并数据...
20260412 17:11:05- INFO-   数据合并完成,最终返回 5049 条记录, 18 个字段
20260412 17:11:05- INFO- ✓ 2023-04-18 数据获取成功: 5049 条
20260412 17:11:06- INFO- 开始获取 2023-04-19 的掘金全市场数据...
20260412 17:11:06- INFO-   步骤1: 调用get_symbols获取基础信息...
20260412 17:11:06- INFO-   get_symbols返回 5048 条记录
20260412 17:11:06- INFO-   过滤后剩余 5048 只股票(已剔除未上市/已退市)
20260412 17:11:06- INFO-   步骤2: 调用history批量获取数据...
20260412 17:11:07- INFO-   history批量返回 5048 条记录
20260412 17:11:07- INFO-   步骤3: 调用stk_get_daily_mktvalue_pt获取市值数据...
20260412 17:11:07- INFO-   stk_get_daily_mktvalue_pt返回 5048 条记录
20260412 17:11:07- INFO-   步骤4: 合并数据...
20260412 17:11:07- INFO-   数据合并完成,最终返回 5048 条记录, 18 个字段
20260412 17:11:07- INFO- ✓ 2023-04-19 数据获取成功: 5048 条
20260412 17:11:07- INFO- 开始获取 2023-04-20 的掘金全市场数据...
20260412 17:11:07- INFO-   步骤1: 调用get_symbols获取基础信息...
20260412 17:11:08- INFO-   get_symbols返回 5051 条记录
20260412 17:11:08- INFO-   过滤后剩余 5051 只股票(已剔除未上市/已退市)
20260412 17:11:08- INFO-   步骤2: 调用history批量获取数据...
20260412 17:11:09- INFO-   history批量返回 5051 条记录
20260412 17:11:09- INFO-   步骤3: 调用stk_get_daily_mktvalue_pt获取市值数据...
20260412 17:11:09- INFO-   stk_get_daily_mktvalue_pt返回 5051 条记录
20260412 17:11:09- INFO-   步骤4: 合并数据...
20260412 17:11:09- INFO-   数据合并完成,最终返回 5051 条记录, 18 个字段
20260412 17:11:09- INFO- ✓ 2023-04-20 数据获取成功: 5051 条
20260412 17:11:09- INFO- 开始获取 2023-04-21 的掘金全市场数据...
20260412 17:11:09- INFO-   步骤1: 调用get_symbols获取基础信息...
20260412 17:11:10- INFO-   get_symbols返回 5050 条记录
20260412 17:11:10- INFO-   过滤后剩余 5050 只股票(已剔除未上市/已退市)
20260412 17:11:10- INFO-   步骤2: 调用history批量获取数据...
20260412 17:11:10- INFO-   history批量返回 5050 条记录
20260412 17:11:10- INFO-   步骤3: 调用stk_get_daily_mktvalue_pt获取市值数据...
20260412 17:11:11- INFO-   stk_get_daily_mktvalue_pt返回 5050 条记录
20260412 17:11:11- INFO-   步骤4: 合并数据...
20260412 17:11:11- INFO-   数据合并完成,最终返回 5050 条记录, 18 个字段
20260412 17:11:11- INFO- ✓ 2023-04-21 数据获取成功: 5050 条
20260412 17:11:11- INFO- 开始获取 2023-04-24 的掘金全市场数据...
20260412 17:11:11- INFO-   步骤1: 调用get_symbols获取基础信息...
20260412 17:11:12- INFO-   get_symbols返回 5048 条记录
20260412 17:11:12- INFO-   过滤后剩余 5048 只股票(已剔除未上市/已退市)
20260412 17:11:12- INFO-   步骤2: 调用history批量获取数据...
20260412 17:11:12- INFO-   history批量返回 5048 条记录
20260412 17:11:12- INFO-   步骤3: 调用stk_get_daily_mktvalue_pt获取市值数据...
20260412 17:11:13- INFO-   stk_get_daily_mktvalue_pt返回 5048 条记录
20260412 17:11:13- INFO-   步骤4: 合并数据...
20260412 17:11:13- INFO-   数据合并完成,最终返回 5048 条记录, 18 个字段
20260412 17:11:13- INFO- ✓ 2023-04-24 数据获取成功: 5048 条
20260412 17:11:13- INFO- 开始获取 2023-04-25 的掘金全市场数据...
20260412 17:11:13- INFO-   步骤1: 调用get_symbols获取基础信息...
20260412 17:11:14- INFO-   get_symbols返回 5049 条记录
20260412 17:11:14- INFO-   过滤后剩余 5049 只股票(已剔除未上市/已退市)
20260412 17:11:14- INFO-   步骤2: 调用history批量获取数据...
20260412 17:11:14- INFO-   history批量返回 5049 条记录
20260412 17:11:14- INFO-   步骤3: 调用stk_get_daily_mktvalue_pt获取市值数据...
20260412 17:11:15- INFO-   stk_get_daily_mktvalue_pt返回 5049 条记录
20260412 17:11:15- INFO-   步骤4: 合并数据...
20260412 17:11:15- INFO-   数据合并完成,最终返回 5049 条记录, 18 个字段
20260412 17:11:15- INFO- ✓ 2023-04-25 数据获取成功: 5049 条
20260412 17:11:15- INFO- 开始获取 2023-04-26 的掘金全市场数据...
20260412 17:11:15- INFO-   步骤1: 调用get_symbols获取基础信息...
20260412 17:11:16- INFO-   get_symbols返回 5042 条记录
20260412 17:11:16- INFO-   过滤后剩余 5042 只股票(已剔除未上市/已退市)
20260412 17:11:16- INFO-   步骤2: 调用history批量获取数据...
20260412 17:11:16- INFO-   history批量返回 5042 条记录
20260412 17:11:16- INFO-   步骤3: 调用stk_get_daily_mktvalue_pt获取市值数据...
20260412 17:11:17- INFO-   stk_get_daily_mktvalue_pt返回 5042 条记录
20260412 17:11:17- INFO-   步骤4: 合并数据...
20260412 17:11:17- INFO-   数据合并完成,最终返回 5042 条记录, 18 个字段
20260412 17:11:17- INFO- ✓ 2023-04-26 数据获取成功: 5042 条
20260412 17:11:17- INFO- 开始获取 2023-04-27 的掘金全市场数据...
20260412 17:11:17- INFO-   步骤1: 调用get_symbols获取基础信息...
20260412 17:11:18- INFO-   get_symbols返回 5037 条记录
20260412 17:11:18- INFO-   过滤后剩余 5037 只股票(已剔除未上市/已退市)
20260412 17:11:18- INFO-   步骤2: 调用history批量获取数据...
20260412 17:11:18- INFO-   history批量返回 5037 条记录
20260412 17:11:18- INFO-   步骤3: 调用stk_get_daily_mktvalue_pt获取市值数据...
20260412 17:11:19- INFO-   stk_get_daily_mktvalue_pt返回 5037 条记录
20260412 17:11:19- INFO-   步骤4: 合并数据...
20260412 17:11:19- INFO-   数据合并完成,最终返回 5037 条记录, 18 个字段
20260412 17:11:19- INFO- ✓ 2023-04-27 数据获取成功: 5037 条
20260412 17:11:19- INFO- 开始获取 2023-04-28 的掘金全市场数据...
20260412 17:11:19- INFO-   步骤1: 调用get_symbols获取基础信息...
20260412 17:11:20- INFO-   get_symbols返回 5025 条记录
20260412 17:11:20- INFO-   过滤后剩余 5025 只股票(已剔除未上市/已退市)
20260412 17:11:20- INFO-   步骤2: 调用history批量获取数据...
20260412 17:11:20- INFO-   history批量返回 5025 条记录
20260412 17:11:20- INFO-   步骤3: 调用stk_get_daily_mktvalue_pt获取市值数据...
20260412 17:11:20- INFO-   stk_get_daily_mktvalue_pt返回 5025 条记录
20260412 17:11:20- INFO-   步骤4: 合并数据...
20260412 17:11:20- INFO-   数据合并完成,最终返回 5025 条记录, 18 个字段
20260412 17:11:20- INFO- ✓ 2023-04-28 数据获取成功: 5025 条
20260412 17:11:21- INFO- 开始获取 2023-05-01 的掘金全市场数据...
20260412 17:11:21- INFO-   步骤1: 调用get_symbols获取基础信息...
20260412 17:11:21- WARNING- 2023-05-01 get_symbols返回空数据
20260412 17:11:21- WARNING- ✗ 2023-05-01 无数据
20260412 17:11:22- INFO- 开始获取 2023-05-02 的掘金全市场数据...
20260412 17:11:22- INFO-   步骤1: 调用get_symbols获取基础信息...
20260412 17:11:22- WARNING- 2023-05-02 get_symbols返回空数据
20260412 17:11:22- WARNING- ✗ 2023-05-02 无数据
20260412 17:11:23- INFO- 开始获取 2023-05-03 的掘金全市场数据...
20260412 17:11:23- INFO-   步骤1: 调用get_symbols获取基础信息...
20260412 17:11:23- WARNING- 2023-05-03 get_symbols返回空数据
20260412 17:11:23- WARNING- ✗ 2023-05-03 无数据
20260412 17:11:23- INFO- 开始获取 2023-05-04 的掘金全市场数据...
20260412 17:11:23- INFO-   步骤1: 调用get_symbols获取基础信息...
20260412 17:11:24- INFO-   get_symbols返回 4988 条记录
20260412 17:11:24- INFO-   过滤后剩余 4988 只股票(已剔除未上市/已退市)
20260412 17:11:24- INFO-   步骤2: 调用history批量获取数据...
20260412 17:11:25- INFO-   history批量返回 4988 条记录
20260412 17:11:25- INFO-   步骤3: 调用stk_get_daily_mktvalue_pt获取市值数据...
20260412 17:11:25- INFO-   stk_get_daily_mktvalue_pt返回 4988 条记录
20260412 17:11:25- INFO-   步骤4: 合并数据...
20260412 17:11:25- INFO-   数据合并完成,最终返回 4988 条记录, 18 个字段
20260412 17:11:25- INFO- ✓ 2023-05-04 数据获取成功: 4988 条
20260412 17:11:25- INFO- 开始获取 2023-05-05 的掘金全市场数据...
20260412 17:11:26- INFO-   步骤1: 调用get_symbols获取基础信息...
20260412 17:11:26- INFO-   get_symbols返回 5028 条记录
20260412 17:11:26- INFO-   过滤后剩余 5028 只股票(已剔除未上市/已退市)
20260412 17:11:26- INFO-   步骤2: 调用history批量获取数据...
20260412 17:11:27- INFO-   history批量返回 5028 条记录
20260412 17:11:27- INFO-   步骤3: 调用stk_get_daily_mktvalue_pt获取市值数据...
20260412 17:11:27- INFO-   stk_get_daily_mktvalue_pt返回 5028 条记录
20260412 17:11:27- INFO-   步骤4: 合并数据...
20260412 17:11:27- INFO-   数据合并完成,最终返回 5028 条记录, 18 个字段
20260412 17:11:27- INFO- ✓ 2023-05-05 数据获取成功: 5028 条
20260412 17:11:28- INFO- 开始获取 2023-05-08 的掘金全市场数据...
20260412 17:11:28- INFO-   步骤1: 调用get_symbols获取基础信息...
20260412 17:11:28- INFO-   get_symbols返回 5029 条记录
20260412 17:11:28- INFO-   过滤后剩余 5029 只股票(已剔除未上市/已退市)
20260412 17:11:28- INFO-   步骤2: 调用history批量获取数据...
20260412 17:11:29- INFO-   history批量返回 5029 条记录
20260412 17:11:29- INFO-   步骤3: 调用stk_get_daily_mktvalue_pt获取市值数据...
20260412 17:11:29- INFO-   stk_get_daily_mktvalue_pt返回 5029 条记录
20260412 17:11:29- INFO-   步骤4: 合并数据...
20260412 17:11:29- INFO-   数据合并完成,最终返回 5029 条记录, 18 个字段
20260412 17:11:29- INFO- ✓ 2023-05-08 数据获取成功: 5029 条
20260412 17:11:30- INFO- 开始获取 2023-05-09 的掘金全市场数据...
20260412 17:11:30- INFO-   步骤1: 调用get_symbols获取基础信息...
20260412 17:11:30- INFO-   get_symbols返回 5026 条记录
20260412 17:11:30- INFO-   过滤后剩余 5026 只股票(已剔除未上市/已退市)
20260412 17:11:30- INFO-   步骤2: 调用history批量获取数据...
20260412 17:11:31- INFO-   history批量返回 5026 条记录
20260412 17:11:31- INFO-   步骤3: 调用stk_get_daily_mktvalue_pt获取市值数据...
20260412 17:11:31- INFO-   stk_get_daily_mktvalue_pt返回 5026 条记录
20260412 17:11:31- INFO-   步骤4: 合并数据...
20260412 17:11:31- INFO-   数据合并完成,最终返回 5026 条记录, 18 个字段
20260412 17:11:31- INFO- ✓ 2023-05-09 数据获取成功: 5026 条
20260412 17:11:32- INFO- 开始获取 2023-05-10 的掘金全市场数据...
20260412 17:11:32- INFO-   步骤1: 调用get_symbols获取基础信息...
20260412 17:11:32- INFO-   get_symbols返回 5027 条记录
20260412 17:11:32- INFO-   过滤后剩余 5027 只股票(已剔除未上市/已退市)
20260412 17:11:32- INFO-   步骤2: 调用history批量获取数据...
20260412 17:11:33- INFO-   history批量返回 5027 条记录
20260412 17:11:33- INFO-   步骤3: 调用stk_get_daily_mktvalue_pt获取市值数据...
20260412 17:11:33- INFO-   stk_get_daily_mktvalue_pt返回 5027 条记录
20260412 17:11:33- INFO-   步骤4: 合并数据...
20260412 17:11:33- INFO-   数据合并完成,最终返回 5027 条记录, 18 个字段
20260412 17:11:33- INFO- ✓ 2023-05-10 数据获取成功: 5027 条
20260412 17:11:34- INFO- 开始获取 2023-05-11 的掘金全市场数据...
20260412 17:11:34- INFO-   步骤1: 调用get_symbols获取基础信息...
20260412 17:11:34- INFO-   get_symbols返回 5031 条记录
20260412 17:11:34- INFO-   过滤后剩余 5031 只股票(已剔除未上市/已退市)
20260412 17:11:34- INFO-   步骤2: 调用history批量获取数据...
20260412 17:11:35- INFO-   history批量返回 5031 条记录
20260412 17:11:35- INFO-   步骤3: 调用stk_get_daily_mktvalue_pt获取市值数据...
20260412 17:11:35- INFO-   stk_get_daily_mktvalue_pt返回 5031 条记录
20260412 17:11:35- INFO-   步骤4: 合并数据...
20260412 17:11:35- INFO-   数据合并完成,最终返回 5031 条记录, 18 个字段
20260412 17:11:35- INFO- ✓ 2023-05-11 数据获取成功: 5031 条
20260412 17:11:36- INFO- 开始获取 2023-05-12 的掘金全市场数据...
20260412 17:11:36- INFO-   步骤1: 调用get_symbols获取基础信息...
20260412 17:11:36- INFO-   get_symbols返回 5033 条记录
20260412 17:11:36- INFO-   过滤后剩余 5033 只股票(已剔除未上市/已退市)
20260412 17:11:36- INFO-   步骤2: 调用history批量获取数据...
20260412 17:11:37- INFO-   history批量返回 5033 条记录
20260412 17:11:37- INFO-   步骤3: 调用stk_get_daily_mktvalue_pt获取市值数据...
20260412 17:11:37- INFO-   stk_get_daily_mktvalue_pt返回 5033 条记录
20260412 17:11:37- INFO-   步骤4: 合并数据...
20260412 17:11:37- INFO-   数据合并完成,最终返回 5033 条记录, 18 个字段
20260412 17:11:37- INFO- ✓ 2023-05-12 数据获取成功: 5033 条
20260412 17:11:37- INFO- 开始获取 2023-05-15 的掘金全市场数据...
20260412 17:11:37- INFO-   步骤1: 调用get_symbols获取基础信息...
20260412 17:11:38- INFO-   get_symbols返回 5032 条记录
20260412 17:11:38- INFO-   过滤后剩余 5032 只股票(已剔除未上市/已退市)
20260412 17:11:38- INFO-   步骤2: 调用history批量获取数据...
20260412 17:11:39- INFO-   history批量返回 5032 条记录
20260412 17:11:39- INFO-   步骤3: 调用stk_get_daily_mktvalue_pt获取市值数据...
20260412 17:11:39- INFO-   stk_get_daily_mktvalue_pt返回 5032 条记录
20260412 17:11:39- INFO-   步骤4: 合并数据...
20260412 17:11:39- INFO-   数据合并完成,最终返回 5032 条记录, 18 个字段
20260412 17:11:39- INFO- ✓ 2023-05-15 数据获取成功: 5032 条
20260412 17:11:39- INFO- 开始获取 2023-05-16 的掘金全市场数据...
20260412 17:11:39- INFO-   步骤1: 调用get_symbols获取基础信息...
20260412 17:11:40- INFO-   get_symbols返回 5038 条记录
20260412 17:11:40- INFO-   过滤后剩余 5038 只股票(已剔除未上市/已退市)
20260412 17:11:40- INFO-   步骤2: 调用history批量获取数据...
20260412 17:11:40- INFO-   history批量返回 5038 条记录
20260412 17:11:40- INFO-   步骤3: 调用stk_get_daily_mktvalue_pt获取市值数据...
20260412 17:11:41- INFO-   stk_get_daily_mktvalue_pt返回 5038 条记录
20260412 17:11:41- INFO-   步骤4: 合并数据...
20260412 17:11:41- INFO-   数据合并完成,最终返回 5038 条记录, 18 个字段
20260412 17:11:41- INFO- ✓ 2023-05-16 数据获取成功: 5038 条
20260412 17:11:41- INFO- 开始获取 2023-05-17 的掘金全市场数据...
20260412 17:11:41- INFO-   步骤1: 调用get_symbols获取基础信息...
20260412 17:11:42- INFO-   get_symbols返回 5040 条记录
20260412 17:11:42- INFO-   过滤后剩余 5040 只股票(已剔除未上市/已退市)
20260412 17:11:42- INFO-   步骤2: 调用history批量获取数据...
20260412 17:11:42- INFO-   history批量返回 5040 条记录
20260412 17:11:42- INFO-   步骤3: 调用stk_get_daily_mktvalue_pt获取市值数据...
20260412 17:11:43- INFO-   stk_get_daily_mktvalue_pt返回 5040 条记录
20260412 17:11:43- INFO-   步骤4: 合并数据...
20260412 17:11:43- INFO-   数据合并完成,最终返回 5040 条记录, 18 个字段
20260412 17:11:43- INFO- ✓ 2023-05-17 数据获取成功: 5040 条
20260412 17:11:43- INFO- 开始获取 2023-05-18 的掘金全市场数据...
20260412 17:11:43- INFO-   步骤1: 调用get_symbols获取基础信息...
20260412 17:11:44- INFO-   get_symbols返回 5043 条记录
20260412 17:11:44- INFO-   过滤后剩余 5043 只股票(已剔除未上市/已退市)
20260412 17:11:44- INFO-   步骤2: 调用history批量获取数据...
20260412 17:11:44- INFO-   history批量返回 5043 条记录
20260412 17:11:44- INFO-   步骤3: 调用stk_get_daily_mktvalue_pt获取市值数据...
20260412 17:11:45- INFO-   stk_get_daily_mktvalue_pt返回 5043 条记录
20260412 17:11:45- INFO-   步骤4: 合并数据...
20260412 17:11:45- INFO-   数据合并完成,最终返回 5043 条记录, 18 个字段
20260412 17:11:45- INFO- ✓ 2023-05-18 数据获取成功: 5043 条
20260412 17:11:45- INFO- 开始获取 2023-05-19 的掘金全市场数据...
20260412 17:11:45- INFO-   步骤1: 调用get_symbols获取基础信息...
20260412 17:11:46- INFO-   get_symbols返回 5046 条记录
20260412 17:11:46- INFO-   过滤后剩余 5046 只股票(已剔除未上市/已退市)
20260412 17:11:46- INFO-   步骤2: 调用history批量获取数据...
20260412 17:11:46- INFO-   history批量返回 5046 条记录
20260412 17:11:46- INFO-   步骤3: 调用stk_get_daily_mktvalue_pt获取市值数据...
20260412 17:11:47- INFO-   stk_get_daily_mktvalue_pt返回 5046 条记录
20260412 17:11:47- INFO-   步骤4: 合并数据...
20260412 17:11:47- INFO-   数据合并完成,最终返回 5046 条记录, 18 个字段
20260412 17:11:47- INFO- ✓ 2023-05-19 数据获取成功: 5046 条
20260412 17:11:47- INFO- 开始获取 2023-05-22 的掘金全市场数据...
20260412 17:11:47- INFO-   步骤1: 调用get_symbols获取基础信息...
20260412 17:11:48- INFO-   get_symbols返回 5047 条记录
20260412 17:11:48- INFO-   过滤后剩余 5047 只股票(已剔除未上市/已退市)
20260412 17:11:48- INFO-   步骤2: 调用history批量获取数据...
20260412 17:11:48- INFO-   history批量返回 5047 条记录
20260412 17:11:48- INFO-   步骤3: 调用stk_get_daily_mktvalue_pt获取市值数据...
20260412 17:11:49- INFO-   stk_get_daily_mktvalue_pt返回 5047 条记录
20260412 17:11:49- INFO-   步骤4: 合并数据...
20260412 17:11:49- INFO-   数据合并完成,最终返回 5047 条记录, 18 个字段
20260412 17:11:49- INFO- ✓ 2023-05-22 数据获取成功: 5047 条
20260412 17:11:49- INFO- 开始获取 2023-05-23 的掘金全市场数据...
20260412 17:11:49- INFO-   步骤1: 调用get_symbols获取基础信息...
20260412 17:11:50- INFO-   get_symbols返回 5049 条记录
20260412 17:11:50- INFO-   过滤后剩余 5049 只股票(已剔除未上市/已退市)
20260412 17:11:50- INFO-   步骤2: 调用history批量获取数据...
20260412 17:11:50- INFO-   history批量返回 5049 条记录
20260412 17:11:50- INFO-   步骤3: 调用stk_get_daily_mktvalue_pt获取市值数据...
20260412 17:11:51- INFO-   stk_get_daily_mktvalue_pt返回 5049 条记录
20260412 17:11:51- INFO-   步骤4: 合并数据...
20260412 17:11:51- INFO-   数据合并完成,最终返回 5049 条记录, 18 个字段
20260412 17:11:51- INFO- ✓ 2023-05-23 数据获取成功: 5049 条
20260412 17:11:51- INFO- 开始获取 2023-05-24 的掘金全市场数据...
20260412 17:11:51- INFO-   步骤1: 调用get_symbols获取基础信息...
20260412 17:11:52- INFO-   get_symbols返回 5050 条记录
20260412 17:11:52- INFO-   过滤后剩余 5050 只股票(已剔除未上市/已退市)
20260412 17:11:52- INFO-   步骤2: 调用history批量获取数据...
20260412 17:11:52- INFO-   history批量返回 5050 条记录
20260412 17:11:52- INFO-   步骤3: 调用stk_get_daily_mktvalue_pt获取市值数据...
20260412 17:11:53- INFO-   stk_get_daily_mktvalue_pt返回 5050 条记录
20260412 17:11:53- INFO-   步骤4: 合并数据...
20260412 17:11:53- INFO-   数据合并完成,最终返回 5050 条记录, 18 个字段
20260412 17:11:53- INFO- ✓ 2023-05-24 数据获取成功: 5050 条
20260412 17:11:53- INFO- 开始获取 2023-05-25 的掘金全市场数据...
20260412 17:11:53- INFO-   步骤1: 调用get_symbols获取基础信息...
20260412 17:11:54- INFO-   get_symbols返回 5051 条记录
20260412 17:11:54- INFO-   过滤后剩余 5051 只股票(已剔除未上市/已退市)
20260412 17:11:54- INFO-   步骤2: 调用history批量获取数据...
20260412 17:11:54- INFO-   history批量返回 5051 条记录
20260412 17:11:54- INFO-   步骤3: 调用stk_get_daily_mktvalue_pt获取市值数据...
20260412 17:11:55- INFO-   stk_get_daily_mktvalue_pt返回 5051 条记录
20260412 17:11:55- INFO-   步骤4: 合并数据...
20260412 17:11:55- INFO-   数据合并完成,最终返回 5051 条记录, 18 个字段
20260412 17:11:55- INFO- ✓ 2023-05-25 数据获取成功: 5051 条
20260412 17:11:55- INFO- 开始获取 2023-05-26 的掘金全市场数据...
20260412 17:11:55- INFO-   步骤1: 调用get_symbols获取基础信息...
20260412 17:11:56- INFO-   get_symbols返回 5050 条记录
20260412 17:11:56- INFO-   过滤后剩余 5050 只股票(已剔除未上市/已退市)
20260412 17:11:56- INFO-   步骤2: 调用history批量获取数据...
20260412 17:11:56- INFO-   history批量返回 5050 条记录
20260412 17:11:56- INFO-   步骤3: 调用stk_get_daily_mktvalue_pt获取市值数据...
20260412 17:11:56- INFO-   stk_get_daily_mktvalue_pt返回 5050 条记录
20260412 17:11:56- INFO-   步骤4: 合并数据...
20260412 17:11:56- INFO-   数据合并完成,最终返回 5050 条记录, 18 个字段
20260412 17:11:56- INFO- ✓ 2023-05-26 数据获取成功: 5050 条
20260412 17:11:57- INFO- 开始获取 2023-05-29 的掘金全市场数据...
20260412 17:11:57- INFO-   步骤1: 调用get_symbols获取基础信息...
20260412 17:11:58- INFO-   get_symbols返回 5046 条记录
20260412 17:11:58- INFO-   过滤后剩余 5046 只股票(已剔除未上市/已退市)
20260412 17:11:58- INFO-   步骤2: 调用history批量获取数据...
20260412 17:11:58- INFO-   history批量返回 5046 条记录
20260412 17:11:58- INFO-   步骤3: 调用stk_get_daily_mktvalue_pt获取市值数据...
20260412 17:11:58- INFO-   stk_get_daily_mktvalue_pt返回 5046 条记录
20260412 17:11:58- INFO-   步骤4: 合并数据...
20260412 17:11:58- INFO-   数据合并完成,最终返回 5046 条记录, 18 个字段
20260412 17:11:58- INFO- ✓ 2023-05-29 数据获取成功: 5046 条
20260412 17:11:59- INFO- 开始获取 2023-05-30 的掘金全市场数据...
20260412 17:11:59- INFO-   步骤1: 调用get_symbols获取基础信息...
20260412 17:12:00- INFO-   get_symbols返回 5048 条记录
20260412 17:12:00- INFO-   过滤后剩余 5048 只股票(已剔除未上市/已退市)
20260412 17:12:00- INFO-   步骤2: 调用history批量获取数据...
20260412 17:12:00- INFO-   history批量返回 5048 条记录
20260412 17:12:00- INFO-   步骤3: 调用stk_get_daily_mktvalue_pt获取市值数据...
20260412 17:12:00- INFO-   stk_get_daily_mktvalue_pt返回 5048 条记录
20260412 17:12:00- INFO-   步骤4: 合并数据...
20260412 17:12:00- INFO-   数据合并完成,最终返回 5048 条记录, 18 个字段
20260412 17:12:00- INFO- ✓ 2023-05-30 数据获取成功: 5048 条
20260412 17:12:01- INFO- 开始获取 2023-05-31 的掘金全市场数据...
20260412 17:12:01- INFO-   步骤1: 调用get_symbols获取基础信息...
20260412 17:12:02- INFO-   get_symbols返回 5050 条记录
20260412 17:12:02- INFO-   过滤后剩余 5050 只股票(已剔除未上市/已退市)
20260412 17:12:02- INFO-   步骤2: 调用history批量获取数据...
20260412 17:12:02- INFO-   history批量返回 5050 条记录
20260412 17:12:02- INFO-   步骤3: 调用stk_get_daily_mktvalue_pt获取市值数据...
20260412 17:12:02- INFO-   stk_get_daily_mktvalue_pt返回 5050 条记录
20260412 17:12:02- INFO-   步骤4: 合并数据...
20260412 17:12:02- INFO-   数据合并完成,最终返回 5050 条记录, 18 个字段
20260412 17:12:02- INFO- ✓ 2023-05-31 数据获取成功: 5050 条
20260412 17:12:03- INFO- 开始获取 2023-06-01 的掘金全市场数据...
20260412 17:12:03- INFO-   步骤1: 调用get_symbols获取基础信息...
20260412 17:12:04- INFO-   get_symbols返回 5051 条记录
20260412 17:12:04- INFO-   过滤后剩余 5051 只股票(已剔除未上市/已退市)
20260412 17:12:04- INFO-   步骤2: 调用history批量获取数据...
20260412 17:12:04- INFO-   history批量返回 5051 条记录
20260412 17:12:04- INFO-   步骤3: 调用stk_get_daily_mktvalue_pt获取市值数据...
20260412 17:12:04- INFO-   stk_get_daily_mktvalue_pt返回 5051 条记录
20260412 17:12:04- INFO-   步骤4: 合并数据...
20260412 17:12:04- INFO-   数据合并完成,最终返回 5051 条记录, 18 个字段
20260412 17:12:04- INFO- ✓ 2023-06-01 数据获取成功: 5051 条
20260412 17:12:05- INFO- 开始获取 2023-06-02 的掘金全市场数据...
20260412 17:12:05- INFO-   步骤1: 调用get_symbols获取基础信息...
20260412 17:12:06- INFO-   get_symbols返回 5053 条记录
20260412 17:12:06- INFO-   过滤后剩余 5053 只股票(已剔除未上市/已退市)
20260412 17:12:06- INFO-   步骤2: 调用history批量获取数据...
20260412 17:12:06- INFO-   history批量返回 5053 条记录
20260412 17:12:06- INFO-   步骤3: 调用stk_get_daily_mktvalue_pt获取市值数据...
20260412 17:12:06- INFO-   stk_get_daily_mktvalue_pt返回 5053 条记录
20260412 17:12:06- INFO-   步骤4: 合并数据...
20260412 17:12:06- INFO-   数据合并完成,最终返回 5053 条记录, 18 个字段
20260412 17:12:06- INFO- ✓ 2023-06-02 数据获取成功: 5053 条
20260412 17:12:07- INFO- 开始获取 2023-06-05 的掘金全市场数据...
20260412 17:12:07- INFO-   步骤1: 调用get_symbols获取基础信息...
20260412 17:12:08- INFO-   get_symbols返回 5053 条记录
20260412 17:12:08- INFO-   过滤后剩余 5053 只股票(已剔除未上市/已退市)
20260412 17:12:08- INFO-   步骤2: 调用history批量获取数据...
20260412 17:12:08- INFO-   history批量返回 5053 条记录
20260412 17:12:08- INFO-   步骤3: 调用stk_get_daily_mktvalue_pt获取市值数据...
20260412 17:12:10- INFO-   stk_get_daily_mktvalue_pt返回 5053 条记录
20260412 17:12:10- INFO-   步骤4: 合并数据...
20260412 17:12:10- INFO-   数据合并完成,最终返回 5053 条记录, 18 个字段
20260412 17:12:10- INFO- ✓ 2023-06-05 数据获取成功: 5053 条
20260412 17:12:10- INFO- 开始获取 2023-06-06 的掘金全市场数据...
20260412 17:12:10- INFO-   步骤1: 调用get_symbols获取基础信息...
20260412 17:12:11- INFO-   get_symbols返回 5054 条记录
20260412 17:12:11- INFO-   过滤后剩余 5054 只股票(已剔除未上市/已退市)
20260412 17:12:11- INFO-   步骤2: 调用history批量获取数据...
20260412 17:12:12- INFO-   history批量返回 5054 条记录
20260412 17:12:12- INFO-   步骤3: 调用stk_get_daily_mktvalue_pt获取市值数据...
20260412 17:12:12- INFO-   stk_get_daily_mktvalue_pt返回 5054 条记录
20260412 17:12:12- INFO-   步骤4: 合并数据...
20260412 17:12:12- INFO-   数据合并完成,最终返回 5054 条记录, 18 个字段
20260412 17:12:12- INFO- ✓ 2023-06-06 数据获取成功: 5054 条
20260412 17:12:13- INFO- 开始获取 2023-06-07 的掘金全市场数据...
20260412 17:12:13- INFO-   步骤1: 调用get_symbols获取基础信息...
20260412 17:12:13- INFO-   get_symbols返回 5053 条记录
20260412 17:12:13- INFO-   过滤后剩余 5053 只股票(已剔除未上市/已退市)
20260412 17:12:13- INFO-   步骤2: 调用history批量获取数据...
20260412 17:12:14- INFO-   history批量返回 5053 条记录
20260412 17:12:14- INFO-   步骤3: 调用stk_get_daily_mktvalue_pt获取市值数据...
20260412 17:12:14- INFO-   stk_get_daily_mktvalue_pt返回 5053 条记录
20260412 17:12:14- INFO-   步骤4: 合并数据...
20260412 17:12:14- INFO-   数据合并完成,最终返回 5053 条记录, 18 个字段
20260412 17:12:14- INFO- ✓ 2023-06-07 数据获取成功: 5053 条
20260412 17:12:15- INFO- 开始获取 2023-06-08 的掘金全市场数据...
20260412 17:12:15- INFO-   步骤1: 调用get_symbols获取基础信息...
20260412 17:12:15- INFO-   get_symbols返回 5055 条记录
20260412 17:12:15- INFO-   过滤后剩余 5055 只股票(已剔除未上市/已退市)
20260412 17:12:15- INFO-   步骤2: 调用history批量获取数据...
20260412 17:12:16- INFO-   history批量返回 5055 条记录
20260412 17:12:16- INFO-   步骤3: 调用stk_get_daily_mktvalue_pt获取市值数据...
20260412 17:12:16- INFO-   stk_get_daily_mktvalue_pt返回 5055 条记录
20260412 17:12:16- INFO-   步骤4: 合并数据...
20260412 17:12:16- INFO-   数据合并完成,最终返回 5055 条记录, 18 个字段
20260412 17:12:16- INFO- ✓ 2023-06-08 数据获取成功: 5055 条
20260412 17:12:17- INFO- 开始获取 2023-06-09 的掘金全市场数据...
20260412 17:12:17- INFO-   步骤1: 调用get_symbols获取基础信息...
20260412 17:12:17- INFO-   get_symbols返回 5058 条记录
20260412 17:12:17- INFO-   过滤后剩余 5058 只股票(已剔除未上市/已退市)
20260412 17:12:17- INFO-   步骤2: 调用history批量获取数据...
20260412 17:12:17- INFO-   history批量返回 5058 条记录
20260412 17:12:17- INFO-   步骤3: 调用stk_get_daily_mktvalue_pt获取市值数据...
20260412 17:12:18- INFO-   stk_get_daily_mktvalue_pt返回 5058 条记录
20260412 17:12:18- INFO-   步骤4: 合并数据...
20260412 17:12:18- INFO-   数据合并完成,最终返回 5058 条记录, 18 个字段
20260412 17:12:18- INFO- ✓ 2023-06-09 数据获取成功: 5058 条
20260412 17:12:18- INFO- 开始获取 2023-06-12 的掘金全市场数据...
20260412 17:12:18- INFO-   步骤1: 调用get_symbols获取基础信息...
20260412 17:12:19- INFO-   get_symbols返回 5060 条记录
20260412 17:12:19- INFO-   过滤后剩余 5060 只股票(已剔除未上市/已退市)
20260412 17:12:19- INFO-   步骤2: 调用history批量获取数据...
20260412 17:12:20- INFO-   history批量返回 5060 条记录
20260412 17:12:20- INFO-   步骤3: 调用stk_get_daily_mktvalue_pt获取市值数据...
20260412 17:12:20- INFO-   stk_get_daily_mktvalue_pt返回 5060 条记录
20260412 17:12:20- INFO-   步骤4: 合并数据...
20260412 17:12:20- INFO-   数据合并完成,最终返回 5060 条记录, 18 个字段
20260412 17:12:20- INFO- ✓ 2023-06-12 数据获取成功: 5060 条
20260412 17:12:20- INFO- 开始获取 2023-06-13 的掘金全市场数据...
20260412 17:12:20- INFO-   步骤1: 调用get_symbols获取基础信息...
20260412 17:12:21- INFO-   get_symbols返回 5061 条记录
20260412 17:12:21- INFO-   过滤后剩余 5061 只股票(已剔除未上市/已退市)
20260412 17:12:21- INFO-   步骤2: 调用history批量获取数据...
20260412 17:12:21- INFO-   history批量返回 5061 条记录
20260412 17:12:21- INFO-   步骤3: 调用stk_get_daily_mktvalue_pt获取市值数据...
20260412 17:12:22- INFO-   stk_get_daily_mktvalue_pt返回 5061 条记录
20260412 17:12:22- INFO-   步骤4: 合并数据...
20260412 17:12:22- INFO-   数据合并完成,最终返回 5061 条记录, 18 个字段
20260412 17:12:22- INFO- ✓ 2023-06-13 数据获取成功: 5061 条
20260412 17:12:22- INFO- 开始获取 2023-06-14 的掘金全市场数据...
20260412 17:12:22- INFO-   步骤1: 调用get_symbols获取基础信息...
20260412 17:12:23- INFO-   get_symbols返回 5059 条记录
20260412 17:12:23- INFO-   过滤后剩余 5059 只股票(已剔除未上市/已退市)
20260412 17:12:23- INFO-   步骤2: 调用history批量获取数据...
20260412 17:12:24- INFO-   history批量返回 5059 条记录
20260412 17:12:24- INFO-   步骤3: 调用stk_get_daily_mktvalue_pt获取市值数据...
20260412 17:12:24- INFO-   stk_get_daily_mktvalue_pt返回 5059 条记录
20260412 17:12:24- INFO-   步骤4: 合并数据...
20260412 17:12:24- INFO-   数据合并完成,最终返回 5059 条记录, 18 个字段
20260412 17:12:24- INFO- ✓ 2023-06-14 数据获取成功: 5059 条
20260412 17:12:24- INFO- 开始获取 2023-06-15 的掘金全市场数据...
20260412 17:12:24- INFO-   步骤1: 调用get_symbols获取基础信息...
20260412 17:12:25- INFO-   get_symbols返回 5063 条记录
20260412 17:12:25- INFO-   过滤后剩余 5063 只股票(已剔除未上市/已退市)
20260412 17:12:25- INFO-   步骤2: 调用history批量获取数据...
20260412 17:12:25- INFO-   history批量返回 5063 条记录
20260412 17:12:25- INFO-   步骤3: 调用stk_get_daily_mktvalue_pt获取市值数据...
20260412 17:12:26- INFO-   stk_get_daily_mktvalue_pt返回 5063 条记录
20260412 17:12:26- INFO-   步骤4: 合并数据...
20260412 17:12:26- INFO-   数据合并完成,最终返回 5063 条记录, 18 个字段
20260412 17:12:26- INFO- ✓ 2023-06-15 数据获取成功: 5063 条
20260412 17:12:26- INFO- 开始获取 2023-06-16 的掘金全市场数据...
20260412 17:12:26- INFO-   步骤1: 调用get_symbols获取基础信息...
20260412 17:12:27- INFO-   get_symbols返回 5061 条记录
20260412 17:12:27- INFO-   过滤后剩余 5061 只股票(已剔除未上市/已退市)
20260412 17:12:27- INFO-   步骤2: 调用history批量获取数据...
20260412 17:12:27- INFO-   history批量返回 5061 条记录
20260412 17:12:27- INFO-   步骤3: 调用stk_get_daily_mktvalue_pt获取市值数据...
20260412 17:12:28- INFO-   stk_get_daily_mktvalue_pt返回 5061 条记录
20260412 17:12:28- INFO-   步骤4: 合并数据...
20260412 17:12:28- INFO-   数据合并完成,最终返回 5061 条记录, 18 个字段
20260412 17:12:28- INFO- ✓ 2023-06-16 数据获取成功: 5061 条
20260412 17:12:28- INFO- 开始获取 2023-06-19 的掘金全市场数据...
20260412 17:12:28- INFO-   步骤1: 调用get_symbols获取基础信息...
20260412 17:12:29- INFO-   get_symbols返回 5067 条记录
20260412 17:12:29- INFO-   过滤后剩余 5067 只股票(已剔除未上市/已退市)
20260412 17:12:29- INFO-   步骤2: 调用history批量获取数据...
20260412 17:12:29- INFO-   history批量返回 5067 条记录
20260412 17:12:29- INFO-   步骤3: 调用stk_get_daily_mktvalue_pt获取市值数据...
20260412 17:12:30- INFO-   stk_get_daily_mktvalue_pt返回 5067 条记录
20260412 17:12:30- INFO-   步骤4: 合并数据...
20260412 17:12:30- INFO-   数据合并完成,最终返回 5067 条记录, 18 个字段
20260412 17:12:30- INFO- ✓ 2023-06-19 数据获取成功: 5067 条
20260412 17:12:30- INFO- 开始获取 2023-06-20 的掘金全市场数据...
20260412 17:12:30- INFO-   步骤1: 调用get_symbols获取基础信息...
20260412 17:12:31- INFO-   get_symbols返回 5069 条记录
20260412 17:12:31- INFO-   过滤后剩余 5069 只股票(已剔除未上市/已退市)
20260412 17:12:31- INFO-   步骤2: 调用history批量获取数据...
20260412 17:12:31- INFO-   history批量返回 5069 条记录
20260412 17:12:31- INFO-   步骤3: 调用stk_get_daily_mktvalue_pt获取市值数据...
20260412 17:12:32- INFO-   stk_get_daily_mktvalue_pt返回 5069 条记录
20260412 17:12:32- INFO-   步骤4: 合并数据...
20260412 17:12:32- INFO-   数据合并完成,最终返回 5069 条记录, 18 个字段
20260412 17:12:32- INFO- ✓ 2023-06-20 数据获取成功: 5069 条
20260412 17:12:32- INFO- 开始获取 2023-06-21 的掘金全市场数据...
20260412 17:12:32- INFO-   步骤1: 调用get_symbols获取基础信息...
20260412 17:12:33- INFO-   get_symbols返回 5073 条记录
20260412 17:12:33- INFO-   过滤后剩余 5073 只股票(已剔除未上市/已退市)
20260412 17:12:33- INFO-   步骤2: 调用history批量获取数据...
20260412 17:12:33- INFO-   history批量返回 5073 条记录
20260412 17:12:33- INFO-   步骤3: 调用stk_get_daily_mktvalue_pt获取市值数据...
20260412 17:12:34- INFO-   stk_get_daily_mktvalue_pt返回 5073 条记录
20260412 17:12:34- INFO-   步骤4: 合并数据...
20260412 17:12:34- INFO-   数据合并完成,最终返回 5073 条记录, 18 个字段
20260412 17:12:34- INFO- ✓ 2023-06-21 数据获取成功: 5073 条
20260412 17:12:34- INFO- 开始获取 2023-06-22 的掘金全市场数据...
20260412 17:12:34- INFO-   步骤1: 调用get_symbols获取基础信息...
20260412 17:12:35- WARNING- 2023-06-22 get_symbols返回空数据
20260412 17:12:35- WARNING- ✗ 2023-06-22 无数据
20260412 17:12:35- INFO- 开始获取 2023-06-23 的掘金全市场数据...
20260412 17:12:35- INFO-   步骤1: 调用get_symbols获取基础信息...
20260412 17:12:35- WARNING- 2023-06-23 get_symbols返回空数据
20260412 17:12:35- WARNING- ✗ 2023-06-23 无数据
20260412 17:12:36- INFO- 开始获取 2023-06-26 的掘金全市场数据...
20260412 17:12:36- INFO-   步骤1: 调用get_symbols获取基础信息...
20260412 17:12:37- INFO-   get_symbols返回 5073 条记录
20260412 17:12:37- INFO-   过滤后剩余 5073 只股票(已剔除未上市/已退市)
20260412 17:12:37- INFO-   步骤2: 调用history批量获取数据...
20260412 17:12:37- INFO-   history批量返回 5073 条记录
20260412 17:12:37- INFO-   步骤3: 调用stk_get_daily_mktvalue_pt获取市值数据...
20260412 17:12:37- INFO-   stk_get_daily_mktvalue_pt返回 5073 条记录
20260412 17:12:37- INFO-   步骤4: 合并数据...
20260412 17:12:37- INFO-   数据合并完成,最终返回 5073 条记录, 18 个字段
20260412 17:12:37- INFO- ✓ 2023-06-26 数据获取成功: 5073 条
20260412 17:12:38- INFO- 开始获取 2023-06-27 的掘金全市场数据...
20260412 17:12:38- INFO-   步骤1: 调用get_symbols获取基础信息...
20260412 17:12:39- INFO-   get_symbols返回 5075 条记录
20260412 17:12:39- INFO-   过滤后剩余 5075 只股票(已剔除未上市/已退市)
20260412 17:12:39- INFO-   步骤2: 调用history批量获取数据...
20260412 17:12:39- INFO-   history批量返回 5075 条记录
20260412 17:12:39- INFO-   步骤3: 调用stk_get_daily_mktvalue_pt获取市值数据...
20260412 17:12:42- INFO-   stk_get_daily_mktvalue_pt返回 5075 条记录
20260412 17:12:42- INFO-   步骤4: 合并数据...
20260412 17:12:42- INFO-   数据合并完成,最终返回 5075 条记录, 18 个字段
20260412 17:12:42- INFO- ✓ 2023-06-27 数据获取成功: 5075 条
20260412 17:12:42- INFO- 开始获取 2023-06-28 的掘金全市场数据...
20260412 17:12:42- INFO-   步骤1: 调用get_symbols获取基础信息...
20260412 17:12:43- INFO-   get_symbols返回 5081 条记录
20260412 17:12:43- INFO-   过滤后剩余 5081 只股票(已剔除未上市/已退市)
20260412 17:12:43- INFO-   步骤2: 调用history批量获取数据...
20260412 17:12:43- INFO-   history批量返回 5081 条记录
20260412 17:12:43- INFO-   步骤3: 调用stk_get_daily_mktvalue_pt获取市值数据...
20260412 17:14:16- INFO-   stk_get_daily_mktvalue_pt返回 5081 条记录
20260412 17:14:16- INFO-   步骤4: 合并数据...
20260412 17:14:16- INFO-   数据合并完成,最终返回 5081 条记录, 18 个字段
20260412 17:14:16- INFO- ✓ 2023-06-28 数据获取成功: 5081 条
20260412 17:14:16- INFO- 开始获取 2023-06-29 的掘金全市场数据...
20260412 17:14:16- INFO-   步骤1: 调用get_symbols获取基础信息...
20260412 17:14:17- INFO-   get_symbols返回 5082 条记录
20260412 17:14:17- INFO-   过滤后剩余 5082 只股票(已剔除未上市/已退市)
20260412 17:14:17- INFO-   步骤2: 调用history批量获取数据...
20260412 17:14:17- INFO-   history批量返回 5082 条记录
20260412 17:14:17- INFO-   步骤3: 调用stk_get_daily_mktvalue_pt获取市值数据...
20260412 17:14:18- INFO-   stk_get_daily_mktvalue_pt返回 5082 条记录
20260412 17:14:18- INFO-   步骤4: 合并数据...
20260412 17:14:18- INFO-   数据合并完成,最终返回 5082 条记录, 18 个字段
20260412 17:14:18- INFO- ✓ 2023-06-29 数据获取成功: 5082 条
20260412 17:14:18- INFO- 开始获取 2023-06-30 的掘金全市场数据...
20260412 17:14:18- INFO-   步骤1: 调用get_symbols获取基础信息...
20260412 17:14:19- INFO-   get_symbols返回 5086 条记录
20260412 17:14:19- INFO-   过滤后剩余 5086 只股票(已剔除未上市/已退市)
20260412 17:14:19- INFO-   步骤2: 调用history批量获取数据...
20260412 17:14:19- INFO-   history批量返回 5086 条记录
20260412 17:14:19- INFO-   步骤3: 调用stk_get_daily_mktvalue_pt获取市值数据...
20260412 17:14:20- INFO-   stk_get_daily_mktvalue_pt返回 5086 条记录
20260412 17:14:20- INFO-   步骤4: 合并数据...
20260412 17:14:20- INFO-   数据合并完成,最终返回 5086 条记录, 18 个字段
20260412 17:14:20- INFO- ✓ 2023-06-30 数据获取成功: 5086 条
20260412 17:14:20- INFO- 开始获取 2023-07-03 的掘金全市场数据...
20260412 17:14:20- INFO-   步骤1: 调用get_symbols获取基础信息...
20260412 17:14:21- INFO-   get_symbols返回 5086 条记录
20260412 17:14:21- INFO-   过滤后剩余 5086 只股票(已剔除未上市/已退市)
20260412 17:14:21- INFO-   步骤2: 调用history批量获取数据...
20260412 17:14:21- INFO-   history批量返回 5086 条记录
20260412 17:14:21- INFO-   步骤3: 调用stk_get_daily_mktvalue_pt获取市值数据...
20260412 17:14:22- INFO-   stk_get_daily_mktvalue_pt返回 5086 条记录
20260412 17:14:22- INFO-   步骤4: 合并数据...
20260412 17:14:22- INFO-   数据合并完成,最终返回 5086 条记录, 18 个字段
20260412 17:14:22- INFO- ✓ 2023-07-03 数据获取成功: 5086 条
20260412 17:14:22- INFO- 开始获取 2023-07-04 的掘金全市场数据...
20260412 17:14:22- INFO-   步骤1: 调用get_symbols获取基础信息...
20260412 17:14:23- INFO-   get_symbols返回 5087 条记录
20260412 17:14:23- INFO-   过滤后剩余 5087 只股票(已剔除未上市/已退市)
20260412 17:14:23- INFO-   步骤2: 调用history批量获取数据...
20260412 17:14:23- INFO-   history批量返回 5087 条记录
20260412 17:14:23- INFO-   步骤3: 调用stk_get_daily_mktvalue_pt获取市值数据...
20260412 17:14:24- INFO-   stk_get_daily_mktvalue_pt返回 5087 条记录
20260412 17:14:24- INFO-   步骤4: 合并数据...
20260412 17:14:24- INFO-   数据合并完成,最终返回 5087 条记录, 18 个字段
20260412 17:14:24- INFO- ✓ 2023-07-04 数据获取成功: 5087 条
20260412 17:14:24- INFO- 开始获取 2023-07-05 的掘金全市场数据...
20260412 17:14:24- INFO-   步骤1: 调用get_symbols获取基础信息...
20260412 17:14:25- INFO-   get_symbols返回 5088 条记录
20260412 17:14:25- INFO-   过滤后剩余 5088 只股票(已剔除未上市/已退市)
20260412 17:14:25- INFO-   步骤2: 调用history批量获取数据...
20260412 17:14:25- INFO-   history批量返回 5088 条记录
20260412 17:14:25- INFO-   步骤3: 调用stk_get_daily_mktvalue_pt获取市值数据...
20260412 17:14:25- INFO-   stk_get_daily_mktvalue_pt返回 5088 条记录
20260412 17:14:25- INFO-   步骤4: 合并数据...
20260412 17:14:26- INFO-   数据合并完成,最终返回 5088 条记录, 18 个字段
20260412 17:14:26- INFO- ✓ 2023-07-05 数据获取成功: 5088 条
20260412 17:14:26- INFO- 开始获取 2023-07-06 的掘金全市场数据...
20260412 17:14:26- INFO-   步骤1: 调用get_symbols获取基础信息...
20260412 17:14:27- INFO-   get_symbols返回 5086 条记录
20260412 17:14:27- INFO-   过滤后剩余 5086 只股票(已剔除未上市/已退市)
20260412 17:14:27- INFO-   步骤2: 调用history批量获取数据...
20260412 17:14:27- INFO-   history批量返回 5086 条记录
20260412 17:14:27- INFO-   步骤3: 调用stk_get_daily_mktvalue_pt获取市值数据...
20260412 17:14:27- INFO-   stk_get_daily_mktvalue_pt返回 5086 条记录
20260412 17:14:27- INFO-   步骤4: 合并数据...
20260412 17:14:28- INFO-   数据合并完成,最终返回 5086 条记录, 18 个字段
20260412 17:14:28- INFO- ✓ 2023-07-06 数据获取成功: 5086 条
20260412 17:14:28- INFO- 开始获取 2023-07-07 的掘金全市场数据...
20260412 17:14:28- INFO-   步骤1: 调用get_symbols获取基础信息...
20260412 17:14:29- INFO-   get_symbols返回 5089 条记录
20260412 17:14:29- INFO-   过滤后剩余 5089 只股票(已剔除未上市/已退市)
20260412 17:14:29- INFO-   步骤2: 调用history批量获取数据...
20260412 17:14:29- INFO-   history批量返回 5089 条记录
20260412 17:14:29- INFO-   步骤3: 调用stk_get_daily_mktvalue_pt获取市值数据...
20260412 17:14:29- INFO-   stk_get_daily_mktvalue_pt返回 5089 条记录
20260412 17:14:29- INFO-   步骤4: 合并数据...
20260412 17:14:29- INFO-   数据合并完成,最终返回 5089 条记录, 18 个字段
20260412 17:14:29- INFO- ✓ 2023-07-07 数据获取成功: 5089 条
20260412 17:14:30- INFO- 开始获取 2023-07-10 的掘金全市场数据...
20260412 17:14:30- INFO-   步骤1: 调用get_symbols获取基础信息...
20260412 17:14:31- INFO-   get_symbols返回 5088 条记录
20260412 17:14:31- INFO-   过滤后剩余 5088 只股票(已剔除未上市/已退市)
20260412 17:14:31- INFO-   步骤2: 调用history批量获取数据...
20260412 17:14:31- INFO-   history批量返回 5088 条记录
20260412 17:14:31- INFO-   步骤3: 调用stk_get_daily_mktvalue_pt获取市值数据...
20260412 17:14:31- INFO-   stk_get_daily_mktvalue_pt返回 5088 条记录
20260412 17:14:31- INFO-   步骤4: 合并数据...
20260412 17:14:31- INFO-   数据合并完成,最终返回 5088 条记录, 18 个字段
20260412 17:14:31- INFO- ✓ 2023-07-10 数据获取成功: 5088 条
20260412 17:14:32- INFO- 开始获取 2023-07-11 的掘金全市场数据...
20260412 17:14:32- INFO-   步骤1: 调用get_symbols获取基础信息...
20260412 17:14:33- INFO-   get_symbols返回 5087 条记录
20260412 17:14:33- INFO-   过滤后剩余 5087 只股票(已剔除未上市/已退市)
20260412 17:14:33- INFO-   步骤2: 调用history批量获取数据...
20260412 17:14:33- INFO-   history批量返回 5087 条记录
20260412 17:14:33- INFO-   步骤3: 调用stk_get_daily_mktvalue_pt获取市值数据...
20260412 17:14:33- INFO-   stk_get_daily_mktvalue_pt返回 5087 条记录
20260412 17:14:33- INFO-   步骤4: 合并数据...
20260412 17:14:33- INFO-   数据合并完成,最终返回 5087 条记录, 18 个字段
20260412 17:14:33- INFO- ✓ 2023-07-11 数据获取成功: 5087 条
20260412 17:14:34- INFO- 开始获取 2023-07-12 的掘金全市场数据...
20260412 17:14:34- INFO-   步骤1: 调用get_symbols获取基础信息...
20260412 17:14:35- INFO-   get_symbols返回 5089 条记录
20260412 17:14:35- INFO-   过滤后剩余 5089 只股票(已剔除未上市/已退市)
20260412 17:14:35- INFO-   步骤2: 调用history批量获取数据...
20260412 17:14:35- INFO-   history批量返回 5089 条记录
20260412 17:14:35- INFO-   步骤3: 调用stk_get_daily_mktvalue_pt获取市值数据...
20260412 17:14:35- INFO-   stk_get_daily_mktvalue_pt返回 5089 条记录
20260412 17:14:35- INFO-   步骤4: 合并数据...
20260412 17:14:35- INFO-   数据合并完成,最终返回 5089 条记录, 18 个字段
20260412 17:14:35- INFO- ✓ 2023-07-12 数据获取成功: 5089 条
20260412 17:14:36- INFO- 开始获取 2023-07-13 的掘金全市场数据...
20260412 17:14:36- INFO-   步骤1: 调用get_symbols获取基础信息...
20260412 17:14:36- INFO-   get_symbols返回 5088 条记录
20260412 17:14:36- INFO-   过滤后剩余 5088 只股票(已剔除未上市/已退市)
20260412 17:14:36- INFO-   步骤2: 调用history批量获取数据...
20260412 17:14:37- INFO-   history批量返回 5088 条记录
20260412 17:14:37- INFO-   步骤3: 调用stk_get_daily_mktvalue_pt获取市值数据...
20260412 17:14:37- INFO-   stk_get_daily_mktvalue_pt返回 5088 条记录
20260412 17:14:37- INFO-   步骤4: 合并数据...
20260412 17:14:37- INFO-   数据合并完成,最终返回 5088 条记录, 18 个字段
20260412 17:14:37- INFO- ✓ 2023-07-13 数据获取成功: 5088 条
20260412 17:14:38- INFO- 开始获取 2023-07-14 的掘金全市场数据...
20260412 17:14:38- INFO-   步骤1: 调用get_symbols获取基础信息...
20260412 17:14:38- INFO-   get_symbols返回 5089 条记录
20260412 17:14:38- INFO-   过滤后剩余 5089 只股票(已剔除未上市/已退市)
20260412 17:14:38- INFO-   步骤2: 调用history批量获取数据...
20260412 17:14:39- INFO-   history批量返回 5089 条记录
20260412 17:14:39- INFO-   步骤3: 调用stk_get_daily_mktvalue_pt获取市值数据...
20260412 17:14:39- INFO-   stk_get_daily_mktvalue_pt返回 5089 条记录
20260412 17:14:39- INFO-   步骤4: 合并数据...
20260412 17:14:39- INFO-   数据合并完成,最终返回 5089 条记录, 18 个字段
20260412 17:14:39- INFO- ✓ 2023-07-14 数据获取成功: 5089 条
20260412 17:14:40- INFO- 开始获取 2023-07-17 的掘金全市场数据...
20260412 17:14:40- INFO-   步骤1: 调用get_symbols获取基础信息...
20260412 17:14:40- INFO-   get_symbols返回 5092 条记录
20260412 17:14:40- INFO-   过滤后剩余 5092 只股票(已剔除未上市/已退市)
20260412 17:14:40- INFO-   步骤2: 调用history批量获取数据...
20260412 17:14:41- INFO-   history批量返回 5092 条记录
20260412 17:14:41- INFO-   步骤3: 调用stk_get_daily_mktvalue_pt获取市值数据...
20260412 17:14:41- INFO-   stk_get_daily_mktvalue_pt返回 5092 条记录
20260412 17:14:41- INFO-   步骤4: 合并数据...
20260412 17:14:41- INFO-   数据合并完成,最终返回 5092 条记录, 18 个字段
20260412 17:14:41- INFO- ✓ 2023-07-17 数据获取成功: 5092 条
20260412 17:14:41- INFO- 开始获取 2023-07-18 的掘金全市场数据...
20260412 17:14:41- INFO-   步骤1: 调用get_symbols获取基础信息...
20260412 17:14:42- INFO-   get_symbols返回 5091 条记录
20260412 17:14:42- INFO-   过滤后剩余 5091 只股票(已剔除未上市/已退市)
20260412 17:14:42- INFO-   步骤2: 调用history批量获取数据...
20260412 17:14:43- INFO-   history批量返回 5091 条记录
20260412 17:14:43- INFO-   步骤3: 调用stk_get_daily_mktvalue_pt获取市值数据...
20260412 17:14:43- INFO-   stk_get_daily_mktvalue_pt返回 5091 条记录
20260412 17:14:43- INFO-   步骤4: 合并数据...
20260412 17:14:43- INFO-   数据合并完成,最终返回 5091 条记录, 18 个字段
20260412 17:14:43- INFO- ✓ 2023-07-18 数据获取成功: 5091 条
20260412 17:14:44- INFO- 开始获取 2023-07-19 的掘金全市场数据...
20260412 17:14:44- INFO-   步骤1: 调用get_symbols获取基础信息...
20260412 17:14:44- INFO-   get_symbols返回 5096 条记录
20260412 17:14:44- INFO-   过滤后剩余 5096 只股票(已剔除未上市/已退市)
20260412 17:14:44- INFO-   步骤2: 调用history批量获取数据...
20260412 17:14:45- INFO-   history批量返回 5096 条记录
20260412 17:14:45- INFO-   步骤3: 调用stk_get_daily_mktvalue_pt获取市值数据...
20260412 17:14:45- INFO-   stk_get_daily_mktvalue_pt返回 5096 条记录
20260412 17:14:45- INFO-   步骤4: 合并数据...
20260412 17:14:45- INFO-   数据合并完成,最终返回 5096 条记录, 18 个字段
20260412 17:14:45- INFO- ✓ 2023-07-19 数据获取成功: 5096 条
20260412 17:14:46- INFO- 开始获取 2023-07-20 的掘金全市场数据...
20260412 17:14:46- INFO-   步骤1: 调用get_symbols获取基础信息...
20260412 17:14:46- INFO-   get_symbols返回 5098 条记录
20260412 17:14:46- INFO-   过滤后剩余 5098 只股票(已剔除未上市/已退市)
20260412 17:14:46- INFO-   步骤2: 调用history批量获取数据...
20260412 17:14:47- INFO-   history批量返回 5098 条记录
20260412 17:14:47- INFO-   步骤3: 调用stk_get_daily_mktvalue_pt获取市值数据...
20260412 17:14:47- INFO-   stk_get_daily_mktvalue_pt返回 5098 条记录
20260412 17:14:47- INFO-   步骤4: 合并数据...
20260412 17:14:47- INFO-   数据合并完成,最终返回 5098 条记录, 18 个字段
20260412 17:14:47- INFO- ✓ 2023-07-20 数据获取成功: 5098 条
20260412 17:14:48- INFO- 开始获取 2023-07-21 的掘金全市场数据...
20260412 17:14:48- INFO-   步骤1: 调用get_symbols获取基础信息...
20260412 17:14:48- INFO-   get_symbols返回 5098 条记录
20260412 17:14:48- INFO-   过滤后剩余 5098 只股票(已剔除未上市/已退市)
20260412 17:14:48- INFO-   步骤2: 调用history批量获取数据...
20260412 17:14:48- INFO-   history批量返回 5098 条记录
20260412 17:14:48- INFO-   步骤3: 调用stk_get_daily_mktvalue_pt获取市值数据...
20260412 17:14:49- INFO-   stk_get_daily_mktvalue_pt返回 5098 条记录
20260412 17:14:49- INFO-   步骤4: 合并数据...
20260412 17:14:49- INFO-   数据合并完成,最终返回 5098 条记录, 18 个字段
20260412 17:14:49- INFO- ✓ 2023-07-21 数据获取成功: 5098 条
20260412 17:14:49- INFO- 开始获取 2023-07-24 的掘金全市场数据...
20260412 17:14:49- INFO-   步骤1: 调用get_symbols获取基础信息...
20260412 17:14:50- INFO-   get_symbols返回 5099 条记录
20260412 17:14:50- INFO-   过滤后剩余 5099 只股票(已剔除未上市/已退市)
20260412 17:14:50- INFO-   步骤2: 调用history批量获取数据...
20260412 17:14:50- INFO-   history批量返回 5099 条记录
20260412 17:14:50- INFO-   步骤3: 调用stk_get_daily_mktvalue_pt获取市值数据...
20260412 17:14:51- INFO-   stk_get_daily_mktvalue_pt返回 5099 条记录
20260412 17:14:51- INFO-   步骤4: 合并数据...
20260412 17:14:51- INFO-   数据合并完成,最终返回 5099 条记录, 18 个字段
20260412 17:14:51- INFO- ✓ 2023-07-24 数据获取成功: 5099 条
20260412 17:14:51- INFO- 开始获取 2023-07-25 的掘金全市场数据...
20260412 17:14:51- INFO-   步骤1: 调用get_symbols获取基础信息...
20260412 17:14:52- INFO-   get_symbols返回 5102 条记录
20260412 17:14:52- INFO-   过滤后剩余 5102 只股票(已剔除未上市/已退市)
20260412 17:14:52- INFO-   步骤2: 调用history批量获取数据...
20260412 17:14:52- INFO-   history批量返回 5102 条记录
20260412 17:14:52- INFO-   步骤3: 调用stk_get_daily_mktvalue_pt获取市值数据...
20260412 17:14:53- INFO-   stk_get_daily_mktvalue_pt返回 5102 条记录
20260412 17:14:53- INFO-   步骤4: 合并数据...
20260412 17:14:53- INFO-   数据合并完成,最终返回 5102 条记录, 18 个字段
20260412 17:14:53- INFO- ✓ 2023-07-25 数据获取成功: 5102 条
20260412 17:14:53- INFO- 开始获取 2023-07-26 的掘金全市场数据...
20260412 17:14:53- INFO-   步骤1: 调用get_symbols获取基础信息...
20260412 17:14:54- INFO-   get_symbols返回 5105 条记录
20260412 17:14:54- INFO-   过滤后剩余 5105 只股票(已剔除未上市/已退市)
20260412 17:14:54- INFO-   步骤2: 调用history批量获取数据...
20260412 17:14:54- INFO-   history批量返回 5105 条记录
20260412 17:14:54- INFO-   步骤3: 调用stk_get_daily_mktvalue_pt获取市值数据...
20260412 17:14:55- INFO-   stk_get_daily_mktvalue_pt返回 5105 条记录
20260412 17:14:55- INFO-   步骤4: 合并数据...
20260412 17:14:55- INFO-   数据合并完成,最终返回 5105 条记录, 18 个字段
20260412 17:14:55- INFO- ✓ 2023-07-26 数据获取成功: 5105 条
20260412 17:14:55- INFO- 开始获取 2023-07-27 的掘金全市场数据...
20260412 17:14:55- INFO-   步骤1: 调用get_symbols获取基础信息...
20260412 17:14:56- INFO-   get_symbols返回 5105 条记录
20260412 17:14:56- INFO-   过滤后剩余 5105 只股票(已剔除未上市/已退市)
20260412 17:14:56- INFO-   步骤2: 调用history批量获取数据...
20260412 17:14:56- INFO-   history批量返回 5105 条记录
20260412 17:14:56- INFO-   步骤3: 调用stk_get_daily_mktvalue_pt获取市值数据...
20260412 17:14:57- INFO-   stk_get_daily_mktvalue_pt返回 5105 条记录
20260412 17:14:57- INFO-   步骤4: 合并数据...
20260412 17:14:57- INFO-   数据合并完成,最终返回 5105 条记录, 18 个字段
20260412 17:14:57- INFO- ✓ 2023-07-27 数据获取成功: 5105 条
20260412 17:14:57- INFO- 开始获取 2023-07-28 的掘金全市场数据...
20260412 17:14:57- INFO-   步骤1: 调用get_symbols获取基础信息...
20260412 17:14:58- INFO-   get_symbols返回 5107 条记录
20260412 17:14:58- INFO-   过滤后剩余 5107 只股票(已剔除未上市/已退市)
20260412 17:14:58- INFO-   步骤2: 调用history批量获取数据...
20260412 17:14:58- INFO-   history批量返回 5107 条记录
20260412 17:14:58- INFO-   步骤3: 调用stk_get_daily_mktvalue_pt获取市值数据...
20260412 17:14:59- INFO-   stk_get_daily_mktvalue_pt返回 5107 条记录
20260412 17:14:59- INFO-   步骤4: 合并数据...
20260412 17:14:59- INFO-   数据合并完成,最终返回 5107 条记录, 18 个字段
20260412 17:14:59- INFO- ✓ 2023-07-28 数据获取成功: 5107 条
20260412 17:14:59- INFO- 开始获取 2023-07-31 的掘金全市场数据...
20260412 17:14:59- INFO-   步骤1: 调用get_symbols获取基础信息...
20260412 17:15:00- INFO-   get_symbols返回 5107 条记录
20260412 17:15:00- INFO-   过滤后剩余 5107 只股票(已剔除未上市/已退市)
20260412 17:15:00- INFO-   步骤2: 调用history批量获取数据...
20260412 17:15:00- INFO-   history批量返回 5107 条记录
20260412 17:15:00- INFO-   步骤3: 调用stk_get_daily_mktvalue_pt获取市值数据...
20260412 17:15:01- INFO-   stk_get_daily_mktvalue_pt返回 5107 条记录
20260412 17:15:01- INFO-   步骤4: 合并数据...
20260412 17:15:01- INFO-   数据合并完成,最终返回 5107 条记录, 18 个字段
20260412 17:15:01- INFO- ✓ 2023-07-31 数据获取成功: 5107 条
20260412 17:15:01- INFO- 开始获取 2023-08-01 的掘金全市场数据...
20260412 17:15:01- INFO-   步骤1: 调用get_symbols获取基础信息...
20260412 17:15:02- INFO-   get_symbols返回 5108 条记录
20260412 17:15:02- INFO-   过滤后剩余 5108 只股票(已剔除未上市/已退市)
20260412 17:15:02- INFO-   步骤2: 调用history批量获取数据...
20260412 17:15:02- INFO-   history批量返回 5108 条记录
20260412 17:15:02- INFO-   步骤3: 调用stk_get_daily_mktvalue_pt获取市值数据...
20260412 17:15:03- INFO-   stk_get_daily_mktvalue_pt返回 5108 条记录
20260412 17:15:03- INFO-   步骤4: 合并数据...
20260412 17:15:03- INFO-   数据合并完成,最终返回 5108 条记录, 18 个字段
20260412 17:15:03- INFO- ✓ 2023-08-01 数据获取成功: 5108 条
20260412 17:15:03- INFO- 开始获取 2023-08-02 的掘金全市场数据...
20260412 17:15:03- INFO-   步骤1: 调用get_symbols获取基础信息...
20260412 17:15:04- INFO-   get_symbols返回 5107 条记录
20260412 17:15:04- INFO-   过滤后剩余 5107 只股票(已剔除未上市/已退市)
20260412 17:15:04- INFO-   步骤2: 调用history批量获取数据...
20260412 17:15:04- INFO-   history批量返回 5107 条记录
20260412 17:15:04- INFO-   步骤3: 调用stk_get_daily_mktvalue_pt获取市值数据...
20260412 17:15:05- INFO-   stk_get_daily_mktvalue_pt返回 5107 条记录
20260412 17:15:05- INFO-   步骤4: 合并数据...
20260412 17:15:05- INFO-   数据合并完成,最终返回 5107 条记录, 18 个字段
20260412 17:15:05- INFO- ✓ 2023-08-02 数据获取成功: 5107 条
20260412 17:15:05- INFO- 开始获取 2023-08-03 的掘金全市场数据...
20260412 17:15:05- INFO-   步骤1: 调用get_symbols获取基础信息...
20260412 17:15:06- INFO-   get_symbols返回 5111 条记录
20260412 17:15:06- INFO-   过滤后剩余 5111 只股票(已剔除未上市/已退市)
20260412 17:15:06- INFO-   步骤2: 调用history批量获取数据...
20260412 17:15:06- INFO-   history批量返回 5111 条记录
20260412 17:15:06- INFO-   步骤3: 调用stk_get_daily_mktvalue_pt获取市值数据...
20260412 17:15:07- INFO-   stk_get_daily_mktvalue_pt返回 5111 条记录
20260412 17:15:07- INFO-   步骤4: 合并数据...
20260412 17:15:07- INFO-   数据合并完成,最终返回 5111 条记录, 18 个字段
20260412 17:15:07- INFO- ✓ 2023-08-03 数据获取成功: 5111 条
20260412 17:15:07- INFO- 开始获取 2023-08-04 的掘金全市场数据...
20260412 17:15:07- INFO-   步骤1: 调用get_symbols获取基础信息...
20260412 17:15:08- INFO-   get_symbols返回 5112 条记录
20260412 17:15:08- INFO-   过滤后剩余 5112 只股票(已剔除未上市/已退市)
20260412 17:15:08- INFO-   步骤2: 调用history批量获取数据...
20260412 17:15:08- INFO-   history批量返回 5112 条记录
20260412 17:15:08- INFO-   步骤3: 调用stk_get_daily_mktvalue_pt获取市值数据...
20260412 17:15:08- INFO-   stk_get_daily_mktvalue_pt返回 5112 条记录
20260412 17:15:08- INFO-   步骤4: 合并数据...
20260412 17:15:08- INFO-   数据合并完成,最终返回 5112 条记录, 18 个字段
20260412 17:15:08- INFO- ✓ 2023-08-04 数据获取成功: 5112 条
20260412 17:15:09- INFO- 开始获取 2023-08-07 的掘金全市场数据...
20260412 17:15:09- INFO-   步骤1: 调用get_symbols获取基础信息...
20260412 17:15:10- INFO-   get_symbols返回 5113 条记录
20260412 17:15:10- INFO-   过滤后剩余 5113 只股票(已剔除未上市/已退市)
20260412 17:15:10- INFO-   步骤2: 调用history批量获取数据...
20260412 17:15:10- INFO-   history批量返回 5113 条记录
20260412 17:15:10- INFO-   步骤3: 调用stk_get_daily_mktvalue_pt获取市值数据...
20260412 17:15:10- INFO-   stk_get_daily_mktvalue_pt返回 5113 条记录
20260412 17:15:10- INFO-   步骤4: 合并数据...
20260412 17:15:10- INFO-   数据合并完成,最终返回 5113 条记录, 18 个字段
20260412 17:15:10- INFO- ✓ 2023-08-07 数据获取成功: 5113 条
20260412 17:15:11- INFO- 开始获取 2023-08-08 的掘金全市场数据...
20260412 17:15:11- INFO-   步骤1: 调用get_symbols获取基础信息...
20260412 17:15:12- INFO-   get_symbols返回 5114 条记录
20260412 17:15:12- INFO-   过滤后剩余 5114 只股票(已剔除未上市/已退市)
20260412 17:15:12- INFO-   步骤2: 调用history批量获取数据...
20260412 17:15:12- INFO-   history批量返回 5114 条记录
20260412 17:15:12- INFO-   步骤3: 调用stk_get_daily_mktvalue_pt获取市值数据...
20260412 17:15:12- INFO-   stk_get_daily_mktvalue_pt返回 5114 条记录
20260412 17:15:12- INFO-   步骤4: 合并数据...
20260412 17:15:12- INFO-   数据合并完成,最终返回 5114 条记录, 18 个字段
20260412 17:15:12- INFO- ✓ 2023-08-08 数据获取成功: 5114 条
20260412 17:15:13- INFO- 开始获取 2023-08-09 的掘金全市场数据...
20260412 17:15:13- INFO-   步骤1: 调用get_symbols获取基础信息...
20260412 17:15:14- INFO-   get_symbols返回 5117 条记录
20260412 17:15:14- INFO-   过滤后剩余 5117 只股票(已剔除未上市/已退市)
20260412 17:15:14- INFO-   步骤2: 调用history批量获取数据...
20260412 17:15:14- INFO-   history批量返回 5117 条记录
20260412 17:15:14- INFO-   步骤3: 调用stk_get_daily_mktvalue_pt获取市值数据...
20260412 17:15:14- INFO-   stk_get_daily_mktvalue_pt返回 5117 条记录
20260412 17:15:14- INFO-   步骤4: 合并数据...
20260412 17:15:14- INFO-   数据合并完成,最终返回 5117 条记录, 18 个字段
20260412 17:15:14- INFO- ✓ 2023-08-09 数据获取成功: 5117 条
20260412 17:15:15- INFO- 开始获取 2023-08-10 的掘金全市场数据...
20260412 17:15:15- INFO-   步骤1: 调用get_symbols获取基础信息...
20260412 17:15:16- INFO-   get_symbols返回 5119 条记录
20260412 17:15:16- INFO-   过滤后剩余 5119 只股票(已剔除未上市/已退市)
20260412 17:15:16- INFO-   步骤2: 调用history批量获取数据...
20260412 17:15:16- INFO-   history批量返回 5119 条记录
20260412 17:15:16- INFO-   步骤3: 调用stk_get_daily_mktvalue_pt获取市值数据...
20260412 17:15:16- INFO-   stk_get_daily_mktvalue_pt返回 5119 条记录
20260412 17:15:16- INFO-   步骤4: 合并数据...
20260412 17:15:16- INFO-   数据合并完成,最终返回 5119 条记录, 18 个字段
20260412 17:15:16- INFO- ✓ 2023-08-10 数据获取成功: 5119 条
20260412 17:15:17- INFO- 开始获取 2023-08-11 的掘金全市场数据...
20260412 17:15:17- INFO-   步骤1: 调用get_symbols获取基础信息...
20260412 17:15:18- INFO-   get_symbols返回 5119 条记录
20260412 17:15:18- INFO-   过滤后剩余 5119 只股票(已剔除未上市/已退市)
20260412 17:15:18- INFO-   步骤2: 调用history批量获取数据...
20260412 17:15:18- INFO-   history批量返回 5119 条记录
20260412 17:15:18- INFO-   步骤3: 调用stk_get_daily_mktvalue_pt获取市值数据...
20260412 17:15:18- INFO-   stk_get_daily_mktvalue_pt返回 5119 条记录
20260412 17:15:18- INFO-   步骤4: 合并数据...
20260412 17:15:18- INFO-   数据合并完成,最终返回 5119 条记录, 18 个字段
20260412 17:15:18- INFO- ✓ 2023-08-11 数据获取成功: 5119 条
20260412 17:15:19- INFO- 开始获取 2023-08-14 的掘金全市场数据...
20260412 17:15:19- INFO-   步骤1: 调用get_symbols获取基础信息...
20260412 17:15:20- INFO-   get_symbols返回 5119 条记录
20260412 17:15:20- INFO-   过滤后剩余 5119 只股票(已剔除未上市/已退市)
20260412 17:15:20- INFO-   步骤2: 调用history批量获取数据...
20260412 17:15:20- INFO-   history批量返回 5119 条记录
20260412 17:15:20- INFO-   步骤3: 调用stk_get_daily_mktvalue_pt获取市值数据...
20260412 17:15:20- INFO-   stk_get_daily_mktvalue_pt返回 5119 条记录
20260412 17:15:20- INFO-   步骤4: 合并数据...
20260412 17:15:20- INFO-   数据合并完成,最终返回 5119 条记录, 18 个字段
20260412 17:15:20- INFO- ✓ 2023-08-14 数据获取成功: 5119 条
20260412 17:15:21- INFO- 开始获取 2023-08-15 的掘金全市场数据...
20260412 17:15:21- INFO-   步骤1: 调用get_symbols获取基础信息...
20260412 17:15:21- INFO-   get_symbols返回 5120 条记录
20260412 17:15:22- INFO-   过滤后剩余 5120 只股票(已剔除未上市/已退市)
20260412 17:15:22- INFO-   步骤2: 调用history批量获取数据...
20260412 17:15:22- INFO-   history批量返回 5120 条记录
20260412 17:15:22- INFO-   步骤3: 调用stk_get_daily_mktvalue_pt获取市值数据...
20260412 17:15:22- INFO-   stk_get_daily_mktvalue_pt返回 5120 条记录
20260412 17:15:22- INFO-   步骤4: 合并数据...
20260412 17:15:22- INFO-   数据合并完成,最终返回 5120 条记录, 18 个字段
20260412 17:15:22- INFO- ✓ 2023-08-15 数据获取成功: 5120 条
20260412 17:15:23- INFO- 开始获取 2023-08-16 的掘金全市场数据...
20260412 17:15:23- INFO-   步骤1: 调用get_symbols获取基础信息...
20260412 17:15:24- INFO-   get_symbols返回 5123 条记录
20260412 17:15:24- INFO-   过滤后剩余 5123 只股票(已剔除未上市/已退市)
20260412 17:15:24- INFO-   步骤2: 调用history批量获取数据...
20260412 17:15:24- INFO-   history批量返回 5123 条记录
20260412 17:15:24- INFO-   步骤3: 调用stk_get_daily_mktvalue_pt获取市值数据...
20260412 17:15:24- INFO-   stk_get_daily_mktvalue_pt返回 5123 条记录
20260412 17:15:24- INFO-   步骤4: 合并数据...
20260412 17:15:24- INFO-   数据合并完成,最终返回 5123 条记录, 18 个字段
20260412 17:15:24- INFO- ✓ 2023-08-16 数据获取成功: 5123 条
20260412 17:15:25- INFO- 开始获取 2023-08-17 的掘金全市场数据...
20260412 17:15:25- INFO-   步骤1: 调用get_symbols获取基础信息...
20260412 17:15:25- INFO-   get_symbols返回 5124 条记录
20260412 17:15:25- INFO-   过滤后剩余 5124 只股票(已剔除未上市/已退市)
20260412 17:15:25- INFO-   步骤2: 调用history批量获取数据...
20260412 17:15:26- INFO-   history批量返回 5124 条记录
20260412 17:15:26- INFO-   步骤3: 调用stk_get_daily_mktvalue_pt获取市值数据...
20260412 17:15:26- INFO-   stk_get_daily_mktvalue_pt返回 5124 条记录
20260412 17:15:26- INFO-   步骤4: 合并数据...
20260412 17:15:26- INFO-   数据合并完成,最终返回 5124 条记录, 18 个字段
20260412 17:15:26- INFO- ✓ 2023-08-17 数据获取成功: 5124 条
20260412 17:15:27- INFO- 开始获取 2023-08-18 的掘金全市场数据...
20260412 17:15:27- INFO-   步骤1: 调用get_symbols获取基础信息...
20260412 17:15:28- INFO-   get_symbols返回 5125 条记录
20260412 17:15:28- INFO-   过滤后剩余 5125 只股票(已剔除未上市/已退市)
20260412 17:15:28- INFO-   步骤2: 调用history批量获取数据...
20260412 17:15:28- INFO-   history批量返回 5125 条记录
20260412 17:15:28- INFO-   步骤3: 调用stk_get_daily_mktvalue_pt获取市值数据...
20260412 17:15:28- INFO-   stk_get_daily_mktvalue_pt返回 5125 条记录
20260412 17:15:28- INFO-   步骤4: 合并数据...
20260412 17:15:28- INFO-   数据合并完成,最终返回 5125 条记录, 18 个字段
20260412 17:15:28- INFO- ✓ 2023-08-18 数据获取成功: 5125 条
20260412 17:15:29- INFO- 开始获取 2023-08-21 的掘金全市场数据...
20260412 17:15:29- INFO-   步骤1: 调用get_symbols获取基础信息...
20260412 17:15:29- INFO-   get_symbols返回 5125 条记录
20260412 17:15:29- INFO-   过滤后剩余 5125 只股票(已剔除未上市/已退市)
20260412 17:15:29- INFO-   步骤2: 调用history批量获取数据...
20260412 17:15:30- INFO-   history批量返回 5125 条记录
20260412 17:15:30- INFO-   步骤3: 调用stk_get_daily_mktvalue_pt获取市值数据...
20260412 17:15:30- INFO-   stk_get_daily_mktvalue_pt返回 5125 条记录
20260412 17:15:30- INFO-   步骤4: 合并数据...
20260412 17:15:30- INFO-   数据合并完成,最终返回 5125 条记录, 18 个字段
20260412 17:15:30- INFO- ✓ 2023-08-21 数据获取成功: 5125 条
20260412 17:15:31- INFO- 开始获取 2023-08-22 的掘金全市场数据...
20260412 17:15:31- INFO-   步骤1: 调用get_symbols获取基础信息...
20260412 17:15:31- INFO-   get_symbols返回 5127 条记录
20260412 17:15:31- INFO-   过滤后剩余 5127 只股票(已剔除未上市/已退市)
20260412 17:15:31- INFO-   步骤2: 调用history批量获取数据...
20260412 17:15:32- INFO-   history批量返回 5127 条记录
20260412 17:15:32- INFO-   步骤3: 调用stk_get_daily_mktvalue_pt获取市值数据...
20260412 17:15:32- INFO-   stk_get_daily_mktvalue_pt返回 5127 条记录
20260412 17:15:32- INFO-   步骤4: 合并数据...
20260412 17:15:32- INFO-   数据合并完成,最终返回 5127 条记录, 18 个字段
20260412 17:15:32- INFO- ✓ 2023-08-22 数据获取成功: 5127 条
20260412 17:15:33- INFO- 开始获取 2023-08-23 的掘金全市场数据...
20260412 17:15:33- INFO-   步骤1: 调用get_symbols获取基础信息...
20260412 17:15:33- INFO-   get_symbols返回 5130 条记录
20260412 17:15:33- INFO-   过滤后剩余 5130 只股票(已剔除未上市/已退市)
20260412 17:15:33- INFO-   步骤2: 调用history批量获取数据...
20260412 17:15:34- INFO-   history批量返回 5130 条记录
20260412 17:15:34- INFO-   步骤3: 调用stk_get_daily_mktvalue_pt获取市值数据...
20260412 17:15:34- INFO-   stk_get_daily_mktvalue_pt返回 5130 条记录
20260412 17:15:34- INFO-   步骤4: 合并数据...
20260412 17:15:34- INFO-   数据合并完成,最终返回 5130 条记录, 18 个字段
20260412 17:15:34- INFO- ✓ 2023-08-23 数据获取成功: 5130 条
20260412 17:15:35- INFO- 开始获取 2023-08-24 的掘金全市场数据...
20260412 17:15:35- INFO-   步骤1: 调用get_symbols获取基础信息...
20260412 17:15:35- INFO-   get_symbols返回 5130 条记录
20260412 17:15:35- INFO-   过滤后剩余 5130 只股票(已剔除未上市/已退市)
20260412 17:15:35- INFO-   步骤2: 调用history批量获取数据...
20260412 17:15:36- INFO-   history批量返回 5130 条记录
20260412 17:15:36- INFO-   步骤3: 调用stk_get_daily_mktvalue_pt获取市值数据...
20260412 17:15:36- INFO-   stk_get_daily_mktvalue_pt返回 5130 条记录
20260412 17:15:36- INFO-   步骤4: 合并数据...
20260412 17:15:36- INFO-   数据合并完成,最终返回 5130 条记录, 18 个字段
20260412 17:15:36- INFO- ✓ 2023-08-24 数据获取成功: 5130 条
20260412 17:15:37- INFO- 开始获取 2023-08-25 的掘金全市场数据...
20260412 17:15:37- INFO-   步骤1: 调用get_symbols获取基础信息...
20260412 17:15:37- INFO-   get_symbols返回 5130 条记录
20260412 17:15:37- INFO-   过滤后剩余 5130 只股票(已剔除未上市/已退市)
20260412 17:15:37- INFO-   步骤2: 调用history批量获取数据...
20260412 17:15:38- INFO-   history批量返回 5130 条记录
20260412 17:15:38- INFO-   步骤3: 调用stk_get_daily_mktvalue_pt获取市值数据...
20260412 17:15:38- INFO-   stk_get_daily_mktvalue_pt返回 5130 条记录
20260412 17:15:38- INFO-   步骤4: 合并数据...
20260412 17:15:38- INFO-   数据合并完成,最终返回 5130 条记录, 18 个字段
20260412 17:15:38- INFO- ✓ 2023-08-25 数据获取成功: 5130 条
20260412 17:15:38- INFO- 开始获取 2023-08-28 的掘金全市场数据...
20260412 17:15:38- INFO-   步骤1: 调用get_symbols获取基础信息...
20260412 17:15:39- INFO-   get_symbols返回 5132 条记录
20260412 17:15:39- INFO-   过滤后剩余 5132 只股票(已剔除未上市/已退市)
20260412 17:15:39- INFO-   步骤2: 调用history批量获取数据...
20260412 17:15:40- INFO-   history批量返回 5132 条记录
20260412 17:15:40- INFO-   步骤3: 调用stk_get_daily_mktvalue_pt获取市值数据...
20260412 17:15:40- INFO-   stk_get_daily_mktvalue_pt返回 5132 条记录
20260412 17:15:40- INFO-   步骤4: 合并数据...
20260412 17:15:40- INFO-   数据合并完成,最终返回 5132 条记录, 18 个字段
20260412 17:15:40- INFO- ✓ 2023-08-28 数据获取成功: 5132 条
20260412 17:15:40- INFO- 开始获取 2023-08-29 的掘金全市场数据...
20260412 17:15:40- INFO-   步骤1: 调用get_symbols获取基础信息...
20260412 17:15:41- INFO-   get_symbols返回 5131 条记录
20260412 17:15:41- INFO-   过滤后剩余 5131 只股票(已剔除未上市/已退市)
20260412 17:15:41- INFO-   步骤2: 调用history批量获取数据...
20260412 17:15:42- INFO-   history批量返回 5131 条记录
20260412 17:15:42- INFO-   步骤3: 调用stk_get_daily_mktvalue_pt获取市值数据...
20260412 17:15:42- INFO-   stk_get_daily_mktvalue_pt返回 5131 条记录
20260412 17:15:42- INFO-   步骤4: 合并数据...
20260412 17:15:42- INFO-   数据合并完成,最终返回 5131 条记录, 18 个字段
20260412 17:15:42- INFO- ✓ 2023-08-29 数据获取成功: 5131 条
20260412 17:15:42- INFO- 开始获取 2023-08-30 的掘金全市场数据...
20260412 17:15:42- INFO-   步骤1: 调用get_symbols获取基础信息...
20260412 17:15:43- INFO-   get_symbols返回 5133 条记录
20260412 17:15:43- INFO-   过滤后剩余 5133 只股票(已剔除未上市/已退市)
20260412 17:15:43- INFO-   步骤2: 调用history批量获取数据...
20260412 17:15:43- INFO-   history批量返回 5133 条记录
20260412 17:15:43- INFO-   步骤3: 调用stk_get_daily_mktvalue_pt获取市值数据...
20260412 17:15:44- INFO-   stk_get_daily_mktvalue_pt返回 5133 条记录
20260412 17:15:44- INFO-   步骤4: 合并数据...
20260412 17:15:44- INFO-   数据合并完成,最终返回 5133 条记录, 18 个字段
20260412 17:15:44- INFO- ✓ 2023-08-30 数据获取成功: 5133 条
20260412 17:15:44- INFO- 开始获取 2023-08-31 的掘金全市场数据...
20260412 17:15:44- INFO-   步骤1: 调用get_symbols获取基础信息...
20260412 17:15:45- INFO-   get_symbols返回 5132 条记录
20260412 17:15:45- INFO-   过滤后剩余 5132 只股票(已剔除未上市/已退市)
20260412 17:15:45- INFO-   步骤2: 调用history批量获取数据...
20260412 17:15:46- INFO-   history批量返回 5132 条记录
20260412 17:15:46- INFO-   步骤3: 调用stk_get_daily_mktvalue_pt获取市值数据...
20260412 17:15:46- INFO-   stk_get_daily_mktvalue_pt返回 5132 条记录
20260412 17:15:46- INFO-   步骤4: 合并数据...
20260412 17:15:46- INFO-   数据合并完成,最终返回 5132 条记录, 18 个字段
20260412 17:15:46- INFO- ✓ 2023-08-31 数据获取成功: 5132 条
20260412 17:15:46- INFO- 开始获取 2023-09-01 的掘金全市场数据...
20260412 17:15:46- INFO-   步骤1: 调用get_symbols获取基础信息...
20260412 17:15:47- INFO-   get_symbols返回 5133 条记录
20260412 17:15:47- INFO-   过滤后剩余 5133 只股票(已剔除未上市/已退市)
20260412 17:15:47- INFO-   步骤2: 调用history批量获取数据...
20260412 17:15:47- INFO-   history批量返回 5133 条记录
20260412 17:15:47- INFO-   步骤3: 调用stk_get_daily_mktvalue_pt获取市值数据...
20260412 17:15:48- INFO-   stk_get_daily_mktvalue_pt返回 5133 条记录
20260412 17:15:48- INFO-   步骤4: 合并数据...
20260412 17:15:48- INFO-   数据合并完成,最终返回 5133 条记录, 18 个字段
20260412 17:15:48- INFO- ✓ 2023-09-01 数据获取成功: 5133 条
20260412 17:15:48- INFO- 开始获取 2023-09-04 的掘金全市场数据...
20260412 17:15:48- INFO-   步骤1: 调用get_symbols获取基础信息...
20260412 17:15:49- INFO-   get_symbols返回 5132 条记录
20260412 17:15:49- INFO-   过滤后剩余 5132 只股票(已剔除未上市/已退市)
20260412 17:15:49- INFO-   步骤2: 调用history批量获取数据...
20260412 17:15:49- INFO-   history批量返回 5132 条记录
20260412 17:15:49- INFO-   步骤3: 调用stk_get_daily_mktvalue_pt获取市值数据...
20260412 17:15:50- INFO-   stk_get_daily_mktvalue_pt返回 5132 条记录
20260412 17:15:50- INFO-   步骤4: 合并数据...
20260412 17:15:50- INFO-   数据合并完成,最终返回 5132 条记录, 18 个字段
20260412 17:15:50- INFO- ✓ 2023-09-04 数据获取成功: 5132 条
20260412 17:15:50- INFO- 开始获取 2023-09-05 的掘金全市场数据...
20260412 17:15:50- INFO-   步骤1: 调用get_symbols获取基础信息...
20260412 17:15:51- INFO-   get_symbols返回 5135 条记录
20260412 17:15:51- INFO-   过滤后剩余 5135 只股票(已剔除未上市/已退市)
20260412 17:15:51- INFO-   步骤2: 调用history批量获取数据...
20260412 17:15:51- INFO-   history批量返回 5135 条记录
20260412 17:15:51- INFO-   步骤3: 调用stk_get_daily_mktvalue_pt获取市值数据...
20260412 17:15:52- INFO-   stk_get_daily_mktvalue_pt返回 5135 条记录
20260412 17:15:52- INFO-   步骤4: 合并数据...
20260412 17:15:52- INFO-   数据合并完成,最终返回 5135 条记录, 18 个字段
20260412 17:15:52- INFO- ✓ 2023-09-05 数据获取成功: 5135 条
20260412 17:15:52- INFO- 开始获取 2023-09-06 的掘金全市场数据...
20260412 17:15:52- INFO-   步骤1: 调用get_symbols获取基础信息...
20260412 17:15:53- INFO-   get_symbols返回 5136 条记录
20260412 17:15:53- INFO-   过滤后剩余 5136 只股票(已剔除未上市/已退市)
20260412 17:15:53- INFO-   步骤2: 调用history批量获取数据...
20260412 17:15:53- INFO-   history批量返回 5136 条记录
20260412 17:15:53- INFO-   步骤3: 调用stk_get_daily_mktvalue_pt获取市值数据...
20260412 17:15:54- INFO-   stk_get_daily_mktvalue_pt返回 5136 条记录
20260412 17:15:54- INFO-   步骤4: 合并数据...
20260412 17:15:54- INFO-   数据合并完成,最终返回 5136 条记录, 18 个字段
20260412 17:15:54- INFO- ✓ 2023-09-06 数据获取成功: 5136 条
20260412 17:15:54- INFO- 开始获取 2023-09-07 的掘金全市场数据...
20260412 17:15:54- INFO-   步骤1: 调用get_symbols获取基础信息...
20260412 17:15:55- INFO-   get_symbols返回 5135 条记录
20260412 17:15:55- INFO-   过滤后剩余 5135 只股票(已剔除未上市/已退市)
20260412 17:15:55- INFO-   步骤2: 调用history批量获取数据...
20260412 17:15:56- INFO-   history批量返回 5135 条记录
20260412 17:15:56- INFO-   步骤3: 调用stk_get_daily_mktvalue_pt获取市值数据...
20260412 17:15:56- INFO-   stk_get_daily_mktvalue_pt返回 5135 条记录
20260412 17:15:56- INFO-   步骤4: 合并数据...
20260412 17:15:56- INFO-   数据合并完成,最终返回 5135 条记录, 18 个字段
20260412 17:15:56- INFO- ✓ 2023-09-07 数据获取成功: 5135 条
20260412 17:15:57- INFO- 开始获取 2023-09-08 的掘金全市场数据...
20260412 17:15:57- INFO-   步骤1: 调用get_symbols获取基础信息...
20260412 17:15:57- INFO-   get_symbols返回 5137 条记录
20260412 17:15:57- INFO-   过滤后剩余 5137 只股票(已剔除未上市/已退市)
20260412 17:15:57- INFO-   步骤2: 调用history批量获取数据...
20260412 17:15:57- INFO-   history批量返回 5137 条记录
20260412 17:15:57- INFO-   步骤3: 调用stk_get_daily_mktvalue_pt获取市值数据...
20260412 17:15:58- INFO-   stk_get_daily_mktvalue_pt返回 5137 条记录
20260412 17:15:58- INFO-   步骤4: 合并数据...
20260412 17:15:58- INFO-   数据合并完成,最终返回 5137 条记录, 18 个字段
20260412 17:15:58- INFO- ✓ 2023-09-08 数据获取成功: 5137 条
20260412 17:15:58- INFO- 开始获取 2023-09-11 的掘金全市场数据...
20260412 17:15:58- INFO-   步骤1: 调用get_symbols获取基础信息...
20260412 17:15:59- INFO-   get_symbols返回 5138 条记录
20260412 17:15:59- INFO-   过滤后剩余 5138 只股票(已剔除未上市/已退市)
20260412 17:15:59- INFO-   步骤2: 调用history批量获取数据...
20260412 17:15:59- INFO-   history批量返回 5138 条记录
20260412 17:15:59- INFO-   步骤3: 调用stk_get_daily_mktvalue_pt获取市值数据...
20260412 17:16:00- INFO-   stk_get_daily_mktvalue_pt返回 5138 条记录
20260412 17:16:00- INFO-   步骤4: 合并数据...
20260412 17:16:00- INFO-   数据合并完成,最终返回 5138 条记录, 18 个字段
20260412 17:16:00- INFO- ✓ 2023-09-11 数据获取成功: 5138 条
20260412 17:16:00- INFO- 开始获取 2023-09-12 的掘金全市场数据...
20260412 17:16:00- INFO-   步骤1: 调用get_symbols获取基础信息...
20260412 17:16:01- INFO-   get_symbols返回 5136 条记录
20260412 17:16:01- INFO-   过滤后剩余 5136 只股票(已剔除未上市/已退市)
20260412 17:16:01- INFO-   步骤2: 调用history批量获取数据...
20260412 17:16:02- INFO-   history批量返回 5136 条记录
20260412 17:16:02- INFO-   步骤3: 调用stk_get_daily_mktvalue_pt获取市值数据...
20260412 17:16:02- INFO-   stk_get_daily_mktvalue_pt返回 5136 条记录
20260412 17:16:02- INFO-   步骤4: 合并数据...
20260412 17:16:02- INFO-   数据合并完成,最终返回 5136 条记录, 18 个字段
20260412 17:16:02- INFO- ✓ 2023-09-12 数据获取成功: 5136 条
20260412 17:16:02- INFO- 开始获取 2023-09-13 的掘金全市场数据...
20260412 17:16:02- INFO-   步骤1: 调用get_symbols获取基础信息...
20260412 17:16:03- INFO-   get_symbols返回 5139 条记录
20260412 17:16:03- INFO-   过滤后剩余 5139 只股票(已剔除未上市/已退市)
20260412 17:16:03- INFO-   步骤2: 调用history批量获取数据...
20260412 17:16:04- INFO-   history批量返回 5139 条记录
20260412 17:16:04- INFO-   步骤3: 调用stk_get_daily_mktvalue_pt获取市值数据...
20260412 17:16:04- INFO-   stk_get_daily_mktvalue_pt返回 5139 条记录
20260412 17:16:04- INFO-   步骤4: 合并数据...
20260412 17:16:04- INFO-   数据合并完成,最终返回 5139 条记录, 18 个字段
20260412 17:16:04- INFO- ✓ 2023-09-13 数据获取成功: 5139 条
20260412 17:16:04- INFO- 开始获取 2023-09-14 的掘金全市场数据...
20260412 17:16:04- INFO-   步骤1: 调用get_symbols获取基础信息...
20260412 17:16:05- INFO-   get_symbols返回 5138 条记录
20260412 17:16:05- INFO-   过滤后剩余 5138 只股票(已剔除未上市/已退市)
20260412 17:16:05- INFO-   步骤2: 调用history批量获取数据...
20260412 17:16:06- INFO-   history批量返回 5138 条记录
20260412 17:16:06- INFO-   步骤3: 调用stk_get_daily_mktvalue_pt获取市值数据...
20260412 17:16:06- INFO-   stk_get_daily_mktvalue_pt返回 5138 条记录
20260412 17:16:06- INFO-   步骤4: 合并数据...
20260412 17:16:06- INFO-   数据合并完成,最终返回 5138 条记录, 18 个字段
20260412 17:16:06- INFO- ✓ 2023-09-14 数据获取成功: 5138 条
20260412 17:16:07- INFO- 开始获取 2023-09-15 的掘金全市场数据...
20260412 17:16:07- INFO-   步骤1: 调用get_symbols获取基础信息...
20260412 17:16:07- INFO-   get_symbols返回 5140 条记录
20260412 17:16:07- INFO-   过滤后剩余 5140 只股票(已剔除未上市/已退市)
20260412 17:16:07- INFO-   步骤2: 调用history批量获取数据...
20260412 17:16:07- INFO-   history批量返回 5140 条记录
20260412 17:16:07- INFO-   步骤3: 调用stk_get_daily_mktvalue_pt获取市值数据...
20260412 17:16:08- INFO-   stk_get_daily_mktvalue_pt返回 5140 条记录
20260412 17:16:08- INFO-   步骤4: 合并数据...
20260412 17:16:08- INFO-   数据合并完成,最终返回 5140 条记录, 18 个字段
20260412 17:16:08- INFO- ✓ 2023-09-15 数据获取成功: 5140 条
20260412 17:16:08- INFO- 开始获取 2023-09-18 的掘金全市场数据...
20260412 17:16:08- INFO-   步骤1: 调用get_symbols获取基础信息...
20260412 17:16:09- INFO-   get_symbols返回 5140 条记录
20260412 17:16:09- INFO-   过滤后剩余 5140 只股票(已剔除未上市/已退市)
20260412 17:16:09- INFO-   步骤2: 调用history批量获取数据...
20260412 17:16:09- INFO-   history批量返回 5140 条记录
20260412 17:16:09- INFO-   步骤3: 调用stk_get_daily_mktvalue_pt获取市值数据...
20260412 17:16:10- INFO-   stk_get_daily_mktvalue_pt返回 5140 条记录
20260412 17:16:10- INFO-   步骤4: 合并数据...
20260412 17:16:10- INFO-   数据合并完成,最终返回 5140 条记录, 18 个字段
20260412 17:16:10- INFO- ✓ 2023-09-18 数据获取成功: 5140 条
20260412 17:16:10- INFO- 开始获取 2023-09-19 的掘金全市场数据...
20260412 17:16:10- INFO-   步骤1: 调用get_symbols获取基础信息...
20260412 17:16:11- INFO-   get_symbols返回 5139 条记录
20260412 17:16:11- INFO-   过滤后剩余 5139 只股票(已剔除未上市/已退市)
20260412 17:16:11- INFO-   步骤2: 调用history批量获取数据...
20260412 17:16:12- INFO-   history批量返回 5139 条记录
20260412 17:16:12- INFO-   步骤3: 调用stk_get_daily_mktvalue_pt获取市值数据...
20260412 17:16:12- INFO-   stk_get_daily_mktvalue_pt返回 5139 条记录
20260412 17:16:12- INFO-   步骤4: 合并数据...
20260412 17:16:12- INFO-   数据合并完成,最终返回 5139 条记录, 18 个字段
20260412 17:16:12- INFO- ✓ 2023-09-19 数据获取成功: 5139 条
20260412 17:16:12- INFO- 开始获取 2023-09-20 的掘金全市场数据...
20260412 17:16:12- INFO-   步骤1: 调用get_symbols获取基础信息...
20260412 17:16:13- INFO-   get_symbols返回 5142 条记录
20260412 17:16:13- INFO-   过滤后剩余 5142 只股票(已剔除未上市/已退市)
20260412 17:16:13- INFO-   步骤2: 调用history批量获取数据...
20260412 17:16:14- INFO-   history批量返回 5142 条记录
20260412 17:16:14- INFO-   步骤3: 调用stk_get_daily_mktvalue_pt获取市值数据...
20260412 17:16:14- INFO-   stk_get_daily_mktvalue_pt返回 5142 条记录
20260412 17:16:14- INFO-   步骤4: 合并数据...
20260412 17:16:14- INFO-   数据合并完成,最终返回 5142 条记录, 18 个字段
20260412 17:16:14- INFO- ✓ 2023-09-20 数据获取成功: 5142 条
20260412 17:16:14- INFO- 开始获取 2023-09-21 的掘金全市场数据...
20260412 17:16:14- INFO-   步骤1: 调用get_symbols获取基础信息...
20260412 17:16:15- INFO-   get_symbols返回 5142 条记录
20260412 17:16:15- INFO-   过滤后剩余 5142 只股票(已剔除未上市/已退市)
20260412 17:16:15- INFO-   步骤2: 调用history批量获取数据...
20260412 17:16:16- INFO-   history批量返回 5142 条记录
20260412 17:16:16- INFO-   步骤3: 调用stk_get_daily_mktvalue_pt获取市值数据...
20260412 17:16:16- INFO-   stk_get_daily_mktvalue_pt返回 5142 条记录
20260412 17:16:16- INFO-   步骤4: 合并数据...
20260412 17:16:16- INFO-   数据合并完成,最终返回 5142 条记录, 18 个字段
20260412 17:16:16- INFO- ✓ 2023-09-21 数据获取成功: 5142 条
20260412 17:16:17- INFO- 开始获取 2023-09-22 的掘金全市场数据...
20260412 17:16:17- INFO-   步骤1: 调用get_symbols获取基础信息...
20260412 17:16:17- INFO-   get_symbols返回 5144 条记录
20260412 17:16:17- INFO-   过滤后剩余 5144 只股票(已剔除未上市/已退市)
20260412 17:16:17- INFO-   步骤2: 调用history批量获取数据...
20260412 17:16:18- INFO-   history批量返回 5144 条记录
20260412 17:16:18- INFO-   步骤3: 调用stk_get_daily_mktvalue_pt获取市值数据...
20260412 17:16:18- INFO-   stk_get_daily_mktvalue_pt返回 5144 条记录
20260412 17:16:18- INFO-   步骤4: 合并数据...
20260412 17:16:18- INFO-   数据合并完成,最终返回 5144 条记录, 18 个字段
20260412 17:16:18- INFO- ✓ 2023-09-22 数据获取成功: 5144 条
20260412 17:16:18- INFO- 开始获取 2023-09-25 的掘金全市场数据...
20260412 17:16:18- INFO-   步骤1: 调用get_symbols获取基础信息...
20260412 17:16:19- INFO-   get_symbols返回 5145 条记录
20260412 17:16:19- INFO-   过滤后剩余 5145 只股票(已剔除未上市/已退市)
20260412 17:16:19- INFO-   步骤2: 调用history批量获取数据...
20260412 17:16:20- INFO-   history批量返回 5145 条记录
20260412 17:16:20- INFO-   步骤3: 调用stk_get_daily_mktvalue_pt获取市值数据...
20260412 17:16:20- INFO-   stk_get_daily_mktvalue_pt返回 5145 条记录
20260412 17:16:20- INFO-   步骤4: 合并数据...
20260412 17:16:20- INFO-   数据合并完成,最终返回 5145 条记录, 18 个字段
20260412 17:16:20- INFO- ✓ 2023-09-25 数据获取成功: 5145 条
20260412 17:16:20- INFO- 开始获取 2023-09-26 的掘金全市场数据...
20260412 17:16:20- INFO-   步骤1: 调用get_symbols获取基础信息...
20260412 17:16:21- INFO-   get_symbols返回 5145 条记录
20260412 17:16:21- INFO-   过滤后剩余 5145 只股票(已剔除未上市/已退市)
20260412 17:16:21- INFO-   步骤2: 调用history批量获取数据...
20260412 17:16:22- INFO-   history批量返回 5145 条记录
20260412 17:16:22- INFO-   步骤3: 调用stk_get_daily_mktvalue_pt获取市值数据...
20260412 17:16:22- INFO-   stk_get_daily_mktvalue_pt返回 5145 条记录
20260412 17:16:22- INFO-   步骤4: 合并数据...
20260412 17:16:22- INFO-   数据合并完成,最终返回 5145 条记录, 18 个字段
20260412 17:16:22- INFO- ✓ 2023-09-26 数据获取成功: 5145 条
20260412 17:16:23- INFO- 开始获取 2023-09-27 的掘金全市场数据...
20260412 17:16:23- INFO-   步骤1: 调用get_symbols获取基础信息...
20260412 17:16:23- INFO-   get_symbols返回 5145 条记录
20260412 17:16:23- INFO-   过滤后剩余 5145 只股票(已剔除未上市/已退市)
20260412 17:16:23- INFO-   步骤2: 调用history批量获取数据...
20260412 17:16:24- INFO-   history批量返回 5145 条记录
20260412 17:16:24- INFO-   步骤3: 调用stk_get_daily_mktvalue_pt获取市值数据...
20260412 17:16:24- INFO-   stk_get_daily_mktvalue_pt返回 5145 条记录
20260412 17:16:24- INFO-   步骤4: 合并数据...
20260412 17:16:24- INFO-   数据合并完成,最终返回 5145 条记录, 18 个字段
20260412 17:16:24- INFO- ✓ 2023-09-27 数据获取成功: 5145 条
20260412 17:16:25- INFO- 开始获取 2023-09-28 的掘金全市场数据...
20260412 17:16:25- INFO-   步骤1: 调用get_symbols获取基础信息...
20260412 17:16:25- INFO-   get_symbols返回 5144 条记录
20260412 17:16:25- INFO-   过滤后剩余 5144 只股票(已剔除未上市/已退市)
20260412 17:16:25- INFO-   步骤2: 调用history批量获取数据...
20260412 17:16:26- INFO-   history批量返回 5144 条记录
20260412 17:16:26- INFO-   步骤3: 调用stk_get_daily_mktvalue_pt获取市值数据...
20260412 17:16:26- INFO-   stk_get_daily_mktvalue_pt返回 5144 条记录
20260412 17:16:26- INFO-   步骤4: 合并数据...
20260412 17:16:26- INFO-   数据合并完成,最终返回 5144 条记录, 18 个字段
20260412 17:16:26- INFO- ✓ 2023-09-28 数据获取成功: 5144 条
20260412 17:16:27- INFO- 开始获取 2023-09-29 的掘金全市场数据...
20260412 17:16:27- INFO-   步骤1: 调用get_symbols获取基础信息...
20260412 17:16:27- WARNING- 2023-09-29 get_symbols返回空数据
20260412 17:16:27- WARNING- ✗ 2023-09-29 无数据
20260412 17:16:27- INFO- 开始获取 2023-10-02 的掘金全市场数据...
20260412 17:16:27- INFO-   步骤1: 调用get_symbols获取基础信息...
20260412 17:16:28- WARNING- 2023-10-02 get_symbols返回空数据
20260412 17:16:28- WARNING- ✗ 2023-10-02 无数据
20260412 17:16:28- INFO- 开始获取 2023-10-03 的掘金全市场数据...
20260412 17:16:28- INFO-   步骤1: 调用get_symbols获取基础信息...
20260412 17:16:28- WARNING- 2023-10-03 get_symbols返回空数据
20260412 17:16:28- WARNING- ✗ 2023-10-03 无数据
20260412 17:16:29- INFO- 开始获取 2023-10-04 的掘金全市场数据...
20260412 17:16:29- INFO-   步骤1: 调用get_symbols获取基础信息...
20260412 17:16:29- WARNING- 2023-10-04 get_symbols返回空数据
20260412 17:16:29- WARNING- ✗ 2023-10-04 无数据
20260412 17:16:30- INFO- 开始获取 2023-10-05 的掘金全市场数据...
20260412 17:16:30- INFO-   步骤1: 调用get_symbols获取基础信息...
20260412 17:16:30- WARNING- 2023-10-05 get_symbols返回空数据
20260412 17:16:30- WARNING- ✗ 2023-10-05 无数据
20260412 17:16:31- INFO- 开始获取 2023-10-06 的掘金全市场数据...
20260412 17:16:31- INFO-   步骤1: 调用get_symbols获取基础信息...
20260412 17:16:31- WARNING- 2023-10-06 get_symbols返回空数据
20260412 17:16:31- WARNING- ✗ 2023-10-06 无数据
20260412 17:16:31- INFO- 开始获取 2023-10-09 的掘金全市场数据...
20260412 17:16:31- INFO-   步骤1: 调用get_symbols获取基础信息...
20260412 17:16:32- INFO-   get_symbols返回 5143 条记录
20260412 17:16:32- INFO-   过滤后剩余 5143 只股票(已剔除未上市/已退市)
20260412 17:16:32- INFO-   步骤2: 调用history批量获取数据...
20260412 17:16:32- INFO-   history批量返回 5143 条记录
20260412 17:16:32- INFO-   步骤3: 调用stk_get_daily_mktvalue_pt获取市值数据...
20260412 17:16:33- INFO-   stk_get_daily_mktvalue_pt返回 5143 条记录
20260412 17:16:33- INFO-   步骤4: 合并数据...
20260412 17:16:33- INFO-   数据合并完成,最终返回 5143 条记录, 18 个字段
20260412 17:16:33- INFO- ✓ 2023-10-09 数据获取成功: 5143 条
20260412 17:16:33- INFO- 开始获取 2023-10-10 的掘金全市场数据...
20260412 17:16:33- INFO-   步骤1: 调用get_symbols获取基础信息...
20260412 17:16:34- INFO-   get_symbols返回 5147 条记录
20260412 17:16:34- INFO-   过滤后剩余 5147 只股票(已剔除未上市/已退市)
20260412 17:16:34- INFO-   步骤2: 调用history批量获取数据...
20260412 17:16:34- INFO-   history批量返回 5147 条记录
20260412 17:16:34- INFO-   步骤3: 调用stk_get_daily_mktvalue_pt获取市值数据...
20260412 17:16:35- INFO-   stk_get_daily_mktvalue_pt返回 5147 条记录
20260412 17:16:35- INFO-   步骤4: 合并数据...
20260412 17:16:35- INFO-   数据合并完成,最终返回 5147 条记录, 18 个字段
20260412 17:16:35- INFO- ✓ 2023-10-10 数据获取成功: 5147 条
20260412 17:16:35- INFO- 开始获取 2023-10-11 的掘金全市场数据...
20260412 17:16:35- INFO-   步骤1: 调用get_symbols获取基础信息...
20260412 17:16:36- INFO-   get_symbols返回 5146 条记录
20260412 17:16:36- INFO-   过滤后剩余 5146 只股票(已剔除未上市/已退市)
20260412 17:16:36- INFO-   步骤2: 调用history批量获取数据...
20260412 17:16:37- INFO-   history批量返回 5146 条记录
20260412 17:16:37- INFO-   步骤3: 调用stk_get_daily_mktvalue_pt获取市值数据...
20260412 17:16:37- INFO-   stk_get_daily_mktvalue_pt返回 5146 条记录
20260412 17:16:37- INFO-   步骤4: 合并数据...
20260412 17:16:37- INFO-   数据合并完成,最终返回 5146 条记录, 18 个字段
20260412 17:16:37- INFO- ✓ 2023-10-11 数据获取成功: 5146 条
20260412 17:16:37- INFO- 开始获取 2023-10-12 的掘金全市场数据...
20260412 17:16:37- INFO-   步骤1: 调用get_symbols获取基础信息...
20260412 17:16:38- INFO-   get_symbols返回 5147 条记录
20260412 17:16:38- INFO-   过滤后剩余 5147 只股票(已剔除未上市/已退市)
20260412 17:16:38- INFO-   步骤2: 调用history批量获取数据...
20260412 17:16:39- INFO-   history批量返回 5147 条记录
20260412 17:16:39- INFO-   步骤3: 调用stk_get_daily_mktvalue_pt获取市值数据...
20260412 17:16:39- INFO-   stk_get_daily_mktvalue_pt返回 5147 条记录
20260412 17:16:39- INFO-   步骤4: 合并数据...
20260412 17:16:39- INFO-   数据合并完成,最终返回 5147 条记录, 18 个字段
20260412 17:16:39- INFO- ✓ 2023-10-12 数据获取成功: 5147 条
20260412 17:16:40- INFO- 开始获取 2023-10-13 的掘金全市场数据...
20260412 17:16:40- INFO-   步骤1: 调用get_symbols获取基础信息...
20260412 17:16:40- INFO-   get_symbols返回 5147 条记录
20260412 17:16:40- INFO-   过滤后剩余 5147 只股票(已剔除未上市/已退市)
20260412 17:16:40- INFO-   步骤2: 调用history批量获取数据...
20260412 17:16:40- INFO-   history批量返回 5147 条记录
20260412 17:16:40- INFO-   步骤3: 调用stk_get_daily_mktvalue_pt获取市值数据...
20260412 17:16:41- INFO-   stk_get_daily_mktvalue_pt返回 5147 条记录
20260412 17:16:41- INFO-   步骤4: 合并数据...
20260412 17:16:41- INFO-   数据合并完成,最终返回 5147 条记录, 18 个字段
20260412 17:16:41- INFO- ✓ 2023-10-13 数据获取成功: 5147 条
20260412 17:16:41- INFO- 开始获取 2023-10-16 的掘金全市场数据...
20260412 17:16:41- INFO-   步骤1: 调用get_symbols获取基础信息...
20260412 17:16:42- INFO-   get_symbols返回 5148 条记录
20260412 17:16:42- INFO-   过滤后剩余 5148 只股票(已剔除未上市/已退市)
20260412 17:16:42- INFO-   步骤2: 调用history批量获取数据...
20260412 17:16:43- INFO-   history批量返回 5148 条记录
20260412 17:16:43- INFO-   步骤3: 调用stk_get_daily_mktvalue_pt获取市值数据...
20260412 17:16:43- INFO-   stk_get_daily_mktvalue_pt返回 5148 条记录
20260412 17:16:43- INFO-   步骤4: 合并数据...
20260412 17:16:43- INFO-   数据合并完成,最终返回 5148 条记录, 18 个字段
20260412 17:16:43- INFO- ✓ 2023-10-16 数据获取成功: 5148 条
20260412 17:16:43- INFO- 开始获取 2023-10-17 的掘金全市场数据...
20260412 17:16:43- INFO-   步骤1: 调用get_symbols获取基础信息...
20260412 17:16:44- INFO-   get_symbols返回 5150 条记录
20260412 17:16:44- INFO-   过滤后剩余 5150 只股票(已剔除未上市/已退市)
20260412 17:16:44- INFO-   步骤2: 调用history批量获取数据...
20260412 17:16:45- INFO-   history批量返回 5150 条记录
20260412 17:16:45- INFO-   步骤3: 调用stk_get_daily_mktvalue_pt获取市值数据...
20260412 17:16:45- INFO-   stk_get_daily_mktvalue_pt返回 5150 条记录
20260412 17:16:45- INFO-   步骤4: 合并数据...
20260412 17:16:45- INFO-   数据合并完成,最终返回 5150 条记录, 18 个字段
20260412 17:16:45- INFO- ✓ 2023-10-17 数据获取成功: 5150 条
20260412 17:16:46- INFO- 开始获取 2023-10-18 的掘金全市场数据...
20260412 17:16:46- INFO-   步骤1: 调用get_symbols获取基础信息...
20260412 17:16:46- INFO-   get_symbols返回 5149 条记录
20260412 17:16:46- INFO-   过滤后剩余 5149 只股票(已剔除未上市/已退市)
20260412 17:16:46- INFO-   步骤2: 调用history批量获取数据...
20260412 17:16:47- INFO-   history批量返回 5149 条记录
20260412 17:16:47- INFO-   步骤3: 调用stk_get_daily_mktvalue_pt获取市值数据...
20260412 17:16:47- INFO-   stk_get_daily_mktvalue_pt返回 5149 条记录
20260412 17:16:47- INFO-   步骤4: 合并数据...
20260412 17:16:47- INFO-   数据合并完成,最终返回 5149 条记录, 18 个字段
20260412 17:16:47- INFO- ✓ 2023-10-18 数据获取成功: 5149 条
20260412 17:16:48- INFO- 开始获取 2023-10-19 的掘金全市场数据...
20260412 17:16:48- INFO-   步骤1: 调用get_symbols获取基础信息...
20260412 17:16:48- INFO-   get_symbols返回 5151 条记录
20260412 17:16:48- INFO-   过滤后剩余 5151 只股票(已剔除未上市/已退市)
20260412 17:16:48- INFO-   步骤2: 调用history批量获取数据...
20260412 17:16:49- INFO-   history批量返回 5151 条记录
20260412 17:16:49- INFO-   步骤3: 调用stk_get_daily_mktvalue_pt获取市值数据...
20260412 17:16:49- INFO-   stk_get_daily_mktvalue_pt返回 5151 条记录
20260412 17:16:49- INFO-   步骤4: 合并数据...
20260412 17:16:49- INFO-   数据合并完成,最终返回 5151 条记录, 18 个字段
20260412 17:16:49- INFO- ✓ 2023-10-19 数据获取成功: 5151 条
20260412 17:16:50- INFO- 开始获取 2023-10-20 的掘金全市场数据...
20260412 17:16:50- INFO-   步骤1: 调用get_symbols获取基础信息...
20260412 17:16:50- INFO-   get_symbols返回 5152 条记录
20260412 17:16:50- INFO-   过滤后剩余 5152 只股票(已剔除未上市/已退市)
20260412 17:16:50- INFO-   步骤2: 调用history批量获取数据...
20260412 17:16:51- INFO-   history批量返回 5152 条记录
20260412 17:16:51- INFO-   步骤3: 调用stk_get_daily_mktvalue_pt获取市值数据...
20260412 17:16:51- INFO-   stk_get_daily_mktvalue_pt返回 5152 条记录
20260412 17:16:51- INFO-   步骤4: 合并数据...
20260412 17:16:51- INFO-   数据合并完成,最终返回 5152 条记录, 18 个字段
20260412 17:16:51- INFO- ✓ 2023-10-20 数据获取成功: 5152 条
20260412 17:16:51- INFO- 开始获取 2023-10-23 的掘金全市场数据...
20260412 17:16:51- INFO-   步骤1: 调用get_symbols获取基础信息...
20260412 17:16:52- INFO-   get_symbols返回 5153 条记录
20260412 17:16:52- INFO-   过滤后剩余 5153 只股票(已剔除未上市/已退市)
20260412 17:16:52- INFO-   步骤2: 调用history批量获取数据...
20260412 17:16:53- INFO-   history批量返回 5153 条记录
20260412 17:16:53- INFO-   步骤3: 调用stk_get_daily_mktvalue_pt获取市值数据...
20260412 17:16:53- INFO-   stk_get_daily_mktvalue_pt返回 5153 条记录
20260412 17:16:53- INFO-   步骤4: 合并数据...
20260412 17:16:53- INFO-   数据合并完成,最终返回 5153 条记录, 18 个字段
20260412 17:16:53- INFO- ✓ 2023-10-23 数据获取成功: 5153 条
20260412 17:16:53- INFO- 开始获取 2023-10-24 的掘金全市场数据...
20260412 17:16:53- INFO-   步骤1: 调用get_symbols获取基础信息...
20260412 17:16:54- INFO-   get_symbols返回 5152 条记录
20260412 17:16:54- INFO-   过滤后剩余 5152 只股票(已剔除未上市/已退市)
20260412 17:16:54- INFO-   步骤2: 调用history批量获取数据...
20260412 17:16:55- INFO-   history批量返回 5152 条记录
20260412 17:16:55- INFO-   步骤3: 调用stk_get_daily_mktvalue_pt获取市值数据...
20260412 17:16:55- INFO-   stk_get_daily_mktvalue_pt返回 5152 条记录
20260412 17:16:55- INFO-   步骤4: 合并数据...
20260412 17:16:55- INFO-   数据合并完成,最终返回 5152 条记录, 18 个字段
20260412 17:16:55- INFO- ✓ 2023-10-24 数据获取成功: 5152 条
20260412 17:16:56- INFO- 开始获取 2023-10-25 的掘金全市场数据...
20260412 17:16:56- INFO-   步骤1: 调用get_symbols获取基础信息...
20260412 17:16:56- INFO-   get_symbols返回 5154 条记录
20260412 17:16:56- INFO-   过滤后剩余 5154 只股票(已剔除未上市/已退市)
20260412 17:16:56- INFO-   步骤2: 调用history批量获取数据...
20260412 17:16:57- INFO-   history批量返回 5154 条记录
20260412 17:16:57- INFO-   步骤3: 调用stk_get_daily_mktvalue_pt获取市值数据...
20260412 17:16:57- INFO-   stk_get_daily_mktvalue_pt返回 5154 条记录
20260412 17:16:57- INFO-   步骤4: 合并数据...
20260412 17:16:57- INFO-   数据合并完成,最终返回 5154 条记录, 18 个字段
20260412 17:16:57- INFO- ✓ 2023-10-25 数据获取成功: 5154 条
20260412 17:16:58- INFO- 开始获取 2023-10-26 的掘金全市场数据...
20260412 17:16:58- INFO-   步骤1: 调用get_symbols获取基础信息...
20260412 17:16:58- INFO-   get_symbols返回 5154 条记录
20260412 17:16:58- INFO-   过滤后剩余 5154 只股票(已剔除未上市/已退市)
20260412 17:16:58- INFO-   步骤2: 调用history批量获取数据...
20260412 17:16:59- INFO-   history批量返回 5154 条记录
20260412 17:16:59- INFO-   步骤3: 调用stk_get_daily_mktvalue_pt获取市值数据...
20260412 17:16:59- INFO-   stk_get_daily_mktvalue_pt返回 5154 条记录
20260412 17:16:59- INFO-   步骤4: 合并数据...
20260412 17:16:59- INFO-   数据合并完成,最终返回 5154 条记录, 18 个字段
20260412 17:16:59- INFO- ✓ 2023-10-26 数据获取成功: 5154 条
20260412 17:16:59- INFO- 开始获取 2023-10-27 的掘金全市场数据...
20260412 17:16:59- INFO-   步骤1: 调用get_symbols获取基础信息...
20260412 17:17:00- INFO-   get_symbols返回 5154 条记录
20260412 17:17:00- INFO-   过滤后剩余 5154 只股票(已剔除未上市/已退市)
20260412 17:17:00- INFO-   步骤2: 调用history批量获取数据...
20260412 17:17:00- INFO-   history批量返回 5154 条记录
20260412 17:17:00- INFO-   步骤3: 调用stk_get_daily_mktvalue_pt获取市值数据...
20260412 17:17:01- INFO-   stk_get_daily_mktvalue_pt返回 5154 条记录
20260412 17:17:01- INFO-   步骤4: 合并数据...
20260412 17:17:01- INFO-   数据合并完成,最终返回 5154 条记录, 18 个字段
20260412 17:17:01- INFO- ✓ 2023-10-27 数据获取成功: 5154 条
20260412 17:17:01- INFO- 开始获取 2023-10-30 的掘金全市场数据...
20260412 17:17:01- INFO-   步骤1: 调用get_symbols获取基础信息...
20260412 17:17:02- INFO-   get_symbols返回 5153 条记录
20260412 17:17:02- INFO-   过滤后剩余 5153 只股票(已剔除未上市/已退市)
20260412 17:17:02- INFO-   步骤2: 调用history批量获取数据...
20260412 17:17:02- INFO-   history批量返回 5153 条记录
20260412 17:17:02- INFO-   步骤3: 调用stk_get_daily_mktvalue_pt获取市值数据...
20260412 17:17:03- INFO-   stk_get_daily_mktvalue_pt返回 5153 条记录
20260412 17:17:03- INFO-   步骤4: 合并数据...
20260412 17:17:03- INFO-   数据合并完成,最终返回 5153 条记录, 18 个字段
20260412 17:17:03- INFO- ✓ 2023-10-30 数据获取成功: 5153 条
20260412 17:17:03- INFO- 开始获取 2023-10-31 的掘金全市场数据...
20260412 17:17:03- INFO-   步骤1: 调用get_symbols获取基础信息...
20260412 17:17:04- INFO-   get_symbols返回 5156 条记录
20260412 17:17:04- INFO-   过滤后剩余 5156 只股票(已剔除未上市/已退市)
20260412 17:17:04- INFO-   步骤2: 调用history批量获取数据...
20260412 17:17:04- INFO-   history批量返回 5156 条记录
20260412 17:17:04- INFO-   步骤3: 调用stk_get_daily_mktvalue_pt获取市值数据...
20260412 17:17:05- INFO-   stk_get_daily_mktvalue_pt返回 5156 条记录
20260412 17:17:05- INFO-   步骤4: 合并数据...
20260412 17:17:05- INFO-   数据合并完成,最终返回 5156 条记录, 18 个字段
20260412 17:17:05- INFO- ✓ 2023-10-31 数据获取成功: 5156 条
20260412 17:17:05- INFO- 开始获取 2023-11-01 的掘金全市场数据...
20260412 17:17:05- INFO-   步骤1: 调用get_symbols获取基础信息...
20260412 17:17:06- INFO-   get_symbols返回 5158 条记录
20260412 17:17:06- INFO-   过滤后剩余 5158 只股票(已剔除未上市/已退市)
20260412 17:17:06- INFO-   步骤2: 调用history批量获取数据...
20260412 17:17:06- INFO-   history批量返回 5158 条记录
20260412 17:17:06- INFO-   步骤3: 调用stk_get_daily_mktvalue_pt获取市值数据...
20260412 17:17:07- INFO-   stk_get_daily_mktvalue_pt返回 5158 条记录
20260412 17:17:07- INFO-   步骤4: 合并数据...
20260412 17:17:07- INFO-   数据合并完成,最终返回 5158 条记录, 18 个字段
20260412 17:17:07- INFO- ✓ 2023-11-01 数据获取成功: 5158 条
20260412 17:17:07- INFO- 开始获取 2023-11-02 的掘金全市场数据...
20260412 17:17:07- INFO-   步骤1: 调用get_symbols获取基础信息...
20260412 17:17:08- INFO-   get_symbols返回 5157 条记录
20260412 17:17:08- INFO-   过滤后剩余 5157 只股票(已剔除未上市/已退市)
20260412 17:17:08- INFO-   步骤2: 调用history批量获取数据...
20260412 17:17:08- INFO-   history批量返回 5157 条记录
20260412 17:17:08- INFO-   步骤3: 调用stk_get_daily_mktvalue_pt获取市值数据...
20260412 17:17:09- INFO-   stk_get_daily_mktvalue_pt返回 5157 条记录
20260412 17:17:09- INFO-   步骤4: 合并数据...
20260412 17:17:09- INFO-   数据合并完成,最终返回 5157 条记录, 18 个字段
20260412 17:17:09- INFO- ✓ 2023-11-02 数据获取成功: 5157 条
20260412 17:17:09- INFO- 开始获取 2023-11-03 的掘金全市场数据...
20260412 17:17:09- INFO-   步骤1: 调用get_symbols获取基础信息...
20260412 17:17:10- INFO-   get_symbols返回 5159 条记录
20260412 17:17:10- INFO-   过滤后剩余 5159 只股票(已剔除未上市/已退市)
20260412 17:17:10- INFO-   步骤2: 调用history批量获取数据...
20260412 17:17:10- INFO-   history批量返回 5159 条记录
20260412 17:17:10- INFO-   步骤3: 调用stk_get_daily_mktvalue_pt获取市值数据...
20260412 17:17:11- INFO-   stk_get_daily_mktvalue_pt返回 5159 条记录
20260412 17:17:11- INFO-   步骤4: 合并数据...
20260412 17:17:11- INFO-   数据合并完成,最终返回 5159 条记录, 18 个字段
20260412 17:17:11- INFO- ✓ 2023-11-03 数据获取成功: 5159 条
20260412 17:17:11- INFO- 开始获取 2023-11-06 的掘金全市场数据...
20260412 17:17:11- INFO-   步骤1: 调用get_symbols获取基础信息...
20260412 17:17:12- INFO-   get_symbols返回 5153 条记录
20260412 17:17:12- INFO-   过滤后剩余 5153 只股票(已剔除未上市/已退市)
20260412 17:17:12- INFO-   步骤2: 调用history批量获取数据...
20260412 17:17:12- INFO-   history批量返回 5153 条记录
20260412 17:17:12- INFO-   步骤3: 调用stk_get_daily_mktvalue_pt获取市值数据...
20260412 17:17:13- INFO-   stk_get_daily_mktvalue_pt返回 5153 条记录
20260412 17:17:13- INFO-   步骤4: 合并数据...
20260412 17:17:13- INFO-   数据合并完成,最终返回 5153 条记录, 18 个字段
20260412 17:17:13- INFO- ✓ 2023-11-06 数据获取成功: 5153 条
20260412 17:17:13- INFO- 开始获取 2023-11-07 的掘金全市场数据...
20260412 17:17:13- INFO-   步骤1: 调用get_symbols获取基础信息...
20260412 17:17:14- INFO-   get_symbols返回 5156 条记录
20260412 17:17:14- INFO-   过滤后剩余 5156 只股票(已剔除未上市/已退市)
20260412 17:17:14- INFO-   步骤2: 调用history批量获取数据...
20260412 17:17:14- INFO-   history批量返回 5156 条记录
20260412 17:17:14- INFO-   步骤3: 调用stk_get_daily_mktvalue_pt获取市值数据...
20260412 17:17:15- INFO-   stk_get_daily_mktvalue_pt返回 5156 条记录
20260412 17:17:15- INFO-   步骤4: 合并数据...
20260412 17:17:15- INFO-   数据合并完成,最终返回 5156 条记录, 18 个字段
20260412 17:17:15- INFO- ✓ 2023-11-07 数据获取成功: 5156 条
20260412 17:17:15- INFO- 开始获取 2023-11-08 的掘金全市场数据...
20260412 17:17:15- INFO-   步骤1: 调用get_symbols获取基础信息...
20260412 17:17:16- INFO-   get_symbols返回 5158 条记录
20260412 17:17:16- INFO-   过滤后剩余 5158 只股票(已剔除未上市/已退市)
20260412 17:17:16- INFO-   步骤2: 调用history批量获取数据...
20260412 17:17:16- INFO-   history批量返回 5158 条记录
20260412 17:17:16- INFO-   步骤3: 调用stk_get_daily_mktvalue_pt获取市值数据...
20260412 17:17:17- INFO-   stk_get_daily_mktvalue_pt返回 5158 条记录
20260412 17:17:17- INFO-   步骤4: 合并数据...
20260412 17:17:17- INFO-   数据合并完成,最终返回 5158 条记录, 18 个字段
20260412 17:17:17- INFO- ✓ 2023-11-08 数据获取成功: 5158 条
20260412 17:17:17- INFO- 开始获取 2023-11-09 的掘金全市场数据...
20260412 17:17:17- INFO-   步骤1: 调用get_symbols获取基础信息...
20260412 17:17:18- INFO-   get_symbols返回 5157 条记录
20260412 17:17:18- INFO-   过滤后剩余 5157 只股票(已剔除未上市/已退市)
20260412 17:17:18- INFO-   步骤2: 调用history批量获取数据...
20260412 17:17:18- INFO-   history批量返回 5157 条记录
20260412 17:17:18- INFO-   步骤3: 调用stk_get_daily_mktvalue_pt获取市值数据...
20260412 17:17:19- INFO-   stk_get_daily_mktvalue_pt返回 5157 条记录
20260412 17:17:19- INFO-   步骤4: 合并数据...
20260412 17:17:19- INFO-   数据合并完成,最终返回 5157 条记录, 18 个字段
20260412 17:17:19- INFO- ✓ 2023-11-09 数据获取成功: 5157 条
20260412 17:17:19- INFO- 开始获取 2023-11-10 的掘金全市场数据...
20260412 17:17:19- INFO-   步骤1: 调用get_symbols获取基础信息...
20260412 17:17:20- INFO-   get_symbols返回 5157 条记录
20260412 17:17:20- INFO-   过滤后剩余 5157 只股票(已剔除未上市/已退市)
20260412 17:17:20- INFO-   步骤2: 调用history批量获取数据...
20260412 17:17:20- INFO-   history批量返回 5157 条记录
20260412 17:17:20- INFO-   步骤3: 调用stk_get_daily_mktvalue_pt获取市值数据...
20260412 17:17:21- INFO-   stk_get_daily_mktvalue_pt返回 5157 条记录
20260412 17:17:21- INFO-   步骤4: 合并数据...
20260412 17:17:21- INFO-   数据合并完成,最终返回 5157 条记录, 18 个字段
20260412 17:17:21- INFO- ✓ 2023-11-10 数据获取成功: 5157 条
20260412 17:17:21- INFO- 开始获取 2023-11-13 的掘金全市场数据...
20260412 17:17:21- INFO-   步骤1: 调用get_symbols获取基础信息...
20260412 17:17:22- INFO-   get_symbols返回 5159 条记录
20260412 17:17:22- INFO-   过滤后剩余 5159 只股票(已剔除未上市/已退市)
20260412 17:17:22- INFO-   步骤2: 调用history批量获取数据...
20260412 17:17:22- INFO-   history批量返回 5159 条记录
20260412 17:17:22- INFO-   步骤3: 调用stk_get_daily_mktvalue_pt获取市值数据...
20260412 17:17:23- INFO-   stk_get_daily_mktvalue_pt返回 5159 条记录
20260412 17:17:23- INFO-   步骤4: 合并数据...
20260412 17:17:23- INFO-   数据合并完成,最终返回 5159 条记录, 18 个字段
20260412 17:17:23- INFO- ✓ 2023-11-13 数据获取成功: 5159 条
20260412 17:17:23- INFO- 开始获取 2023-11-14 的掘金全市场数据...
20260412 17:17:23- INFO-   步骤1: 调用get_symbols获取基础信息...
20260412 17:17:24- INFO-   get_symbols返回 5159 条记录
20260412 17:17:24- INFO-   过滤后剩余 5159 只股票(已剔除未上市/已退市)
20260412 17:17:24- INFO-   步骤2: 调用history批量获取数据...
20260412 17:17:24- INFO-   history批量返回 5159 条记录
20260412 17:17:24- INFO-   步骤3: 调用stk_get_daily_mktvalue_pt获取市值数据...
20260412 17:17:25- INFO-   stk_get_daily_mktvalue_pt返回 5159 条记录
20260412 17:17:25- INFO-   步骤4: 合并数据...
20260412 17:17:25- INFO-   数据合并完成,最终返回 5159 条记录, 18 个字段
20260412 17:17:25- INFO- ✓ 2023-11-14 数据获取成功: 5159 条
20260412 17:17:25- INFO- 开始获取 2023-11-15 的掘金全市场数据...
20260412 17:17:25- INFO-   步骤1: 调用get_symbols获取基础信息...
20260412 17:17:26- INFO-   get_symbols返回 5157 条记录
20260412 17:17:26- INFO-   过滤后剩余 5157 只股票(已剔除未上市/已退市)
20260412 17:17:26- INFO-   步骤2: 调用history批量获取数据...
20260412 17:17:26- INFO-   history批量返回 5157 条记录
20260412 17:17:26- INFO-   步骤3: 调用stk_get_daily_mktvalue_pt获取市值数据...
20260412 17:17:27- INFO-   stk_get_daily_mktvalue_pt返回 5157 条记录
20260412 17:17:27- INFO-   步骤4: 合并数据...
20260412 17:17:27- INFO-   数据合并完成,最终返回 5157 条记录, 18 个字段
20260412 17:17:27- INFO- ✓ 2023-11-15 数据获取成功: 5157 条
20260412 17:17:27- INFO- 开始获取 2023-11-16 的掘金全市场数据...
20260412 17:17:27- INFO-   步骤1: 调用get_symbols获取基础信息...
20260412 17:17:28- INFO-   get_symbols返回 5156 条记录
20260412 17:17:28- INFO-   过滤后剩余 5156 只股票(已剔除未上市/已退市)
20260412 17:17:28- INFO-   步骤2: 调用history批量获取数据...
20260412 17:17:28- INFO-   history批量返回 5156 条记录
20260412 17:17:28- INFO-   步骤3: 调用stk_get_daily_mktvalue_pt获取市值数据...
20260412 17:17:29- INFO-   stk_get_daily_mktvalue_pt返回 5156 条记录
20260412 17:17:29- INFO-   步骤4: 合并数据...
20260412 17:17:29- INFO-   数据合并完成,最终返回 5156 条记录, 18 个字段
20260412 17:17:29- INFO- ✓ 2023-11-16 数据获取成功: 5156 条
20260412 17:17:29- INFO- 开始获取 2023-11-17 的掘金全市场数据...
20260412 17:17:29- INFO-   步骤1: 调用get_symbols获取基础信息...
20260412 17:17:30- INFO-   get_symbols返回 5157 条记录
20260412 17:17:30- INFO-   过滤后剩余 5157 只股票(已剔除未上市/已退市)
20260412 17:17:30- INFO-   步骤2: 调用history批量获取数据...
20260412 17:17:30- INFO-   history批量返回 5157 条记录
20260412 17:17:30- INFO-   步骤3: 调用stk_get_daily_mktvalue_pt获取市值数据...
20260412 17:17:31- INFO-   stk_get_daily_mktvalue_pt返回 5157 条记录
20260412 17:17:31- INFO-   步骤4: 合并数据...
20260412 17:17:31- INFO-   数据合并完成,最终返回 5157 条记录, 18 个字段
20260412 17:17:31- INFO- ✓ 2023-11-17 数据获取成功: 5157 条
20260412 17:17:31- INFO- 开始获取 2023-11-20 的掘金全市场数据...
20260412 17:17:31- INFO-   步骤1: 调用get_symbols获取基础信息...
20260412 17:17:32- INFO-   get_symbols返回 5160 条记录
20260412 17:17:32- INFO-   过滤后剩余 5160 只股票(已剔除未上市/已退市)
20260412 17:17:32- INFO-   步骤2: 调用history批量获取数据...
20260412 17:17:32- INFO-   history批量返回 5160 条记录
20260412 17:17:32- INFO-   步骤3: 调用stk_get_daily_mktvalue_pt获取市值数据...
20260412 17:17:33- INFO-   stk_get_daily_mktvalue_pt返回 5160 条记录
20260412 17:17:33- INFO-   步骤4: 合并数据...
20260412 17:17:33- INFO-   数据合并完成,最终返回 5160 条记录, 18 个字段
20260412 17:17:33- INFO- ✓ 2023-11-20 数据获取成功: 5160 条
20260412 17:17:33- INFO- 开始获取 2023-11-21 的掘金全市场数据...
20260412 17:17:33- INFO-   步骤1: 调用get_symbols获取基础信息...
20260412 17:17:34- INFO-   get_symbols返回 5162 条记录
20260412 17:17:34- INFO-   过滤后剩余 5162 只股票(已剔除未上市/已退市)
20260412 17:17:34- INFO-   步骤2: 调用history批量获取数据...
20260412 17:17:34- INFO-   history批量返回 5162 条记录
20260412 17:17:34- INFO-   步骤3: 调用stk_get_daily_mktvalue_pt获取市值数据...
20260412 17:17:35- INFO-   stk_get_daily_mktvalue_pt返回 5162 条记录
20260412 17:17:35- INFO-   步骤4: 合并数据...
20260412 17:17:35- INFO-   数据合并完成,最终返回 5162 条记录, 18 个字段
20260412 17:17:35- INFO- ✓ 2023-11-21 数据获取成功: 5162 条
20260412 17:17:35- INFO- 开始获取 2023-11-22 的掘金全市场数据...
20260412 17:17:35- INFO-   步骤1: 调用get_symbols获取基础信息...
20260412 17:17:36- INFO-   get_symbols返回 5161 条记录
20260412 17:17:36- INFO-   过滤后剩余 5161 只股票(已剔除未上市/已退市)
20260412 17:17:36- INFO-   步骤2: 调用history批量获取数据...
20260412 17:17:36- INFO-   history批量返回 5161 条记录
20260412 17:17:36- INFO-   步骤3: 调用stk_get_daily_mktvalue_pt获取市值数据...
20260412 17:17:37- INFO-   stk_get_daily_mktvalue_pt返回 5161 条记录
20260412 17:17:37- INFO-   步骤4: 合并数据...
20260412 17:17:37- INFO-   数据合并完成,最终返回 5161 条记录, 18 个字段
20260412 17:17:37- INFO- ✓ 2023-11-22 数据获取成功: 5161 条
20260412 17:17:37- INFO- 开始获取 2023-11-23 的掘金全市场数据...
20260412 17:17:37- INFO-   步骤1: 调用get_symbols获取基础信息...
20260412 17:17:38- INFO-   get_symbols返回 5162 条记录
20260412 17:17:38- INFO-   过滤后剩余 5162 只股票(已剔除未上市/已退市)
20260412 17:17:38- INFO-   步骤2: 调用history批量获取数据...
20260412 17:17:38- INFO-   history批量返回 5162 条记录
20260412 17:17:38- INFO-   步骤3: 调用stk_get_daily_mktvalue_pt获取市值数据...
20260412 17:19:16- INFO-   stk_get_daily_mktvalue_pt返回 5162 条记录
20260412 17:19:16- INFO-   步骤4: 合并数据...
20260412 17:19:16- INFO-   数据合并完成,最终返回 5162 条记录, 18 个字段
20260412 17:19:16- INFO- ✓ 2023-11-23 数据获取成功: 5162 条
20260412 17:19:16- INFO- 开始获取 2023-11-24 的掘金全市场数据...
20260412 17:19:16- INFO-   步骤1: 调用get_symbols获取基础信息...
20260412 17:19:17- INFO-   get_symbols返回 5162 条记录
20260412 17:19:17- INFO-   过滤后剩余 5162 只股票(已剔除未上市/已退市)
20260412 17:19:17- INFO-   步骤2: 调用history批量获取数据...
20260412 17:19:17- INFO-   history批量返回 5162 条记录
20260412 17:19:17- INFO-   步骤3: 调用stk_get_daily_mktvalue_pt获取市值数据...
20260412 17:19:18- INFO-   stk_get_daily_mktvalue_pt返回 5162 条记录
20260412 17:19:18- INFO-   步骤4: 合并数据...
20260412 17:19:18- INFO-   数据合并完成,最终返回 5162 条记录, 18 个字段
20260412 17:19:18- INFO- ✓ 2023-11-24 数据获取成功: 5162 条
20260412 17:19:18- INFO- 开始获取 2023-11-27 的掘金全市场数据...
20260412 17:19:18- INFO-   步骤1: 调用get_symbols获取基础信息...
20260412 17:19:19- INFO-   get_symbols返回 5164 条记录
20260412 17:19:19- INFO-   过滤后剩余 5164 只股票(已剔除未上市/已退市)
20260412 17:19:19- INFO-   步骤2: 调用history批量获取数据...
20260412 17:19:19- INFO-   history批量返回 5164 条记录
20260412 17:19:19- INFO-   步骤3: 调用stk_get_daily_mktvalue_pt获取市值数据...
20260412 17:19:20- INFO-   stk_get_daily_mktvalue_pt返回 5164 条记录
20260412 17:19:20- INFO-   步骤4: 合并数据...
20260412 17:19:20- INFO-   数据合并完成,最终返回 5164 条记录, 18 个字段
20260412 17:19:20- INFO- ✓ 2023-11-27 数据获取成功: 5164 条
20260412 17:19:20- INFO- 开始获取 2023-11-28 的掘金全市场数据...
20260412 17:19:20- INFO-   步骤1: 调用get_symbols获取基础信息...
20260412 17:19:21- INFO-   get_symbols返回 5164 条记录
20260412 17:19:21- INFO-   过滤后剩余 5164 只股票(已剔除未上市/已退市)
20260412 17:19:21- INFO-   步骤2: 调用history批量获取数据...
20260412 17:19:21- INFO-   history批量返回 5164 条记录
20260412 17:19:21- INFO-   步骤3: 调用stk_get_daily_mktvalue_pt获取市值数据...
20260412 17:19:22- INFO-   stk_get_daily_mktvalue_pt返回 5164 条记录
20260412 17:19:22- INFO-   步骤4: 合并数据...
20260412 17:19:22- INFO-   数据合并完成,最终返回 5164 条记录, 18 个字段
20260412 17:19:22- INFO- ✓ 2023-11-28 数据获取成功: 5164 条
20260412 17:19:22- INFO- 开始获取 2023-11-29 的掘金全市场数据...
20260412 17:19:22- INFO-   步骤1: 调用get_symbols获取基础信息...
20260412 17:19:23- INFO-   get_symbols返回 5166 条记录
20260412 17:19:23- INFO-   过滤后剩余 5166 只股票(已剔除未上市/已退市)
20260412 17:19:23- INFO-   步骤2: 调用history批量获取数据...
20260412 17:19:23- INFO-   history批量返回 5166 条记录
20260412 17:19:23- INFO-   步骤3: 调用stk_get_daily_mktvalue_pt获取市值数据...
20260412 17:19:24- INFO-   stk_get_daily_mktvalue_pt返回 5166 条记录
20260412 17:19:24- INFO-   步骤4: 合并数据...
20260412 17:19:24- INFO-   数据合并完成,最终返回 5166 条记录, 18 个字段
20260412 17:19:24- INFO- ✓ 2023-11-29 数据获取成功: 5166 条
20260412 17:19:24- INFO- 开始获取 2023-11-30 的掘金全市场数据...
20260412 17:19:24- INFO-   步骤1: 调用get_symbols获取基础信息...
20260412 17:19:25- INFO-   get_symbols返回 5165 条记录
20260412 17:19:25- INFO-   过滤后剩余 5165 只股票(已剔除未上市/已退市)
20260412 17:19:25- INFO-   步骤2: 调用history批量获取数据...
20260412 17:19:25- INFO-   history批量返回 5165 条记录
20260412 17:19:25- INFO-   步骤3: 调用stk_get_daily_mktvalue_pt获取市值数据...
20260412 17:19:26- INFO-   stk_get_daily_mktvalue_pt返回 5165 条记录
20260412 17:19:26- INFO-   步骤4: 合并数据...
20260412 17:19:26- INFO-   数据合并完成,最终返回 5165 条记录, 18 个字段
20260412 17:19:26- INFO- ✓ 2023-11-30 数据获取成功: 5165 条
20260412 17:19:26- INFO- 开始获取 2023-12-01 的掘金全市场数据...
20260412 17:19:26- INFO-   步骤1: 调用get_symbols获取基础信息...
20260412 17:19:27- INFO-   get_symbols返回 5166 条记录
20260412 17:19:27- INFO-   过滤后剩余 5166 只股票(已剔除未上市/已退市)
20260412 17:19:27- INFO-   步骤2: 调用history批量获取数据...
20260412 17:19:27- INFO-   history批量返回 5166 条记录
20260412 17:19:27- INFO-   步骤3: 调用stk_get_daily_mktvalue_pt获取市值数据...
20260412 17:19:28- INFO-   stk_get_daily_mktvalue_pt返回 5166 条记录
20260412 17:19:28- INFO-   步骤4: 合并数据...
20260412 17:19:28- INFO-   数据合并完成,最终返回 5166 条记录, 18 个字段
20260412 17:19:28- INFO- ✓ 2023-12-01 数据获取成功: 5166 条
20260412 17:19:28- INFO- 开始获取 2023-12-04 的掘金全市场数据...
20260412 17:19:28- INFO-   步骤1: 调用get_symbols获取基础信息...
20260412 17:19:29- INFO-   get_symbols返回 5164 条记录
20260412 17:19:29- INFO-   过滤后剩余 5164 只股票(已剔除未上市/已退市)
20260412 17:19:29- INFO-   步骤2: 调用history批量获取数据...
20260412 17:19:29- INFO-   history批量返回 5164 条记录
20260412 17:19:29- INFO-   步骤3: 调用stk_get_daily_mktvalue_pt获取市值数据...
20260412 17:19:30- INFO-   stk_get_daily_mktvalue_pt返回 5164 条记录
20260412 17:19:30- INFO-   步骤4: 合并数据...
20260412 17:19:30- INFO-   数据合并完成,最终返回 5164 条记录, 18 个字段
20260412 17:19:30- INFO- ✓ 2023-12-04 数据获取成功: 5164 条
20260412 17:19:30- INFO- 开始获取 2023-12-05 的掘金全市场数据...
20260412 17:19:30- INFO-   步骤1: 调用get_symbols获取基础信息...
20260412 17:19:31- INFO-   get_symbols返回 5166 条记录
20260412 17:19:31- INFO-   过滤后剩余 5166 只股票(已剔除未上市/已退市)
20260412 17:19:31- INFO-   步骤2: 调用history批量获取数据...
20260412 17:19:31- INFO-   history批量返回 5166 条记录
20260412 17:19:31- INFO-   步骤3: 调用stk_get_daily_mktvalue_pt获取市值数据...
20260412 17:19:32- INFO-   stk_get_daily_mktvalue_pt返回 5166 条记录
20260412 17:19:32- INFO-   步骤4: 合并数据...
20260412 17:19:32- INFO-   数据合并完成,最终返回 5166 条记录, 18 个字段
20260412 17:19:32- INFO- ✓ 2023-12-05 数据获取成功: 5166 条
20260412 17:19:32- INFO- 开始获取 2023-12-06 的掘金全市场数据...
20260412 17:19:32- INFO-   步骤1: 调用get_symbols获取基础信息...
20260412 17:19:33- INFO-   get_symbols返回 5167 条记录
20260412 17:19:33- INFO-   过滤后剩余 5167 只股票(已剔除未上市/已退市)
20260412 17:19:33- INFO-   步骤2: 调用history批量获取数据...
20260412 17:19:33- INFO-   history批量返回 5167 条记录
20260412 17:19:33- INFO-   步骤3: 调用stk_get_daily_mktvalue_pt获取市值数据...
20260412 17:19:34- INFO-   stk_get_daily_mktvalue_pt返回 5167 条记录
20260412 17:19:34- INFO-   步骤4: 合并数据...
20260412 17:19:34- INFO-   数据合并完成,最终返回 5167 条记录, 18 个字段
20260412 17:19:34- INFO- ✓ 2023-12-06 数据获取成功: 5167 条
20260412 17:19:34- INFO- 开始获取 2023-12-07 的掘金全市场数据...
20260412 17:19:34- INFO-   步骤1: 调用get_symbols获取基础信息...
20260412 17:19:35- INFO-   get_symbols返回 5165 条记录
20260412 17:19:35- INFO-   过滤后剩余 5165 只股票(已剔除未上市/已退市)
20260412 17:19:35- INFO-   步骤2: 调用history批量获取数据...
20260412 17:19:35- INFO-   history批量返回 5165 条记录
20260412 17:19:35- INFO-   步骤3: 调用stk_get_daily_mktvalue_pt获取市值数据...
20260412 17:19:36- INFO-   stk_get_daily_mktvalue_pt返回 5165 条记录
20260412 17:19:36- INFO-   步骤4: 合并数据...
20260412 17:19:36- INFO-   数据合并完成,最终返回 5165 条记录, 18 个字段
20260412 17:19:36- INFO- ✓ 2023-12-07 数据获取成功: 5165 条
20260412 17:19:36- INFO- 开始获取 2023-12-08 的掘金全市场数据...
20260412 17:19:36- INFO-   步骤1: 调用get_symbols获取基础信息...
20260412 17:19:37- INFO-   get_symbols返回 5168 条记录
20260412 17:19:37- INFO-   过滤后剩余 5168 只股票(已剔除未上市/已退市)
20260412 17:19:37- INFO-   步骤2: 调用history批量获取数据...
20260412 17:19:37- INFO-   history批量返回 5168 条记录
20260412 17:19:37- INFO-   步骤3: 调用stk_get_daily_mktvalue_pt获取市值数据...
20260412 17:19:38- INFO-   stk_get_daily_mktvalue_pt返回 5168 条记录
20260412 17:19:38- INFO-   步骤4: 合并数据...
20260412 17:19:38- INFO-   数据合并完成,最终返回 5168 条记录, 18 个字段
20260412 17:19:38- INFO- ✓ 2023-12-08 数据获取成功: 5168 条
20260412 17:19:38- INFO- 开始获取 2023-12-11 的掘金全市场数据...
20260412 17:19:38- INFO-   步骤1: 调用get_symbols获取基础信息...
20260412 17:19:39- INFO-   get_symbols返回 5168 条记录
20260412 17:19:39- INFO-   过滤后剩余 5168 只股票(已剔除未上市/已退市)
20260412 17:19:39- INFO-   步骤2: 调用history批量获取数据...
20260412 17:19:39- INFO-   history批量返回 5168 条记录
20260412 17:19:39- INFO-   步骤3: 调用stk_get_daily_mktvalue_pt获取市值数据...
20260412 17:19:40- INFO-   stk_get_daily_mktvalue_pt返回 5168 条记录
20260412 17:19:40- INFO-   步骤4: 合并数据...
20260412 17:19:40- INFO-   数据合并完成,最终返回 5168 条记录, 18 个字段
20260412 17:19:40- INFO- ✓ 2023-12-11 数据获取成功: 5168 条
20260412 17:19:40- INFO- 开始获取 2023-12-12 的掘金全市场数据...
20260412 17:19:40- INFO-   步骤1: 调用get_symbols获取基础信息...
20260412 17:19:41- INFO-   get_symbols返回 5167 条记录
20260412 17:19:41- INFO-   过滤后剩余 5167 只股票(已剔除未上市/已退市)
20260412 17:19:41- INFO-   步骤2: 调用history批量获取数据...
20260412 17:19:41- INFO-   history批量返回 5167 条记录
20260412 17:19:41- INFO-   步骤3: 调用stk_get_daily_mktvalue_pt获取市值数据...
20260412 17:19:42- INFO-   stk_get_daily_mktvalue_pt返回 5167 条记录
20260412 17:19:42- INFO-   步骤4: 合并数据...
20260412 17:19:42- INFO-   数据合并完成,最终返回 5167 条记录, 18 个字段
20260412 17:19:42- INFO- ✓ 2023-12-12 数据获取成功: 5167 条
20260412 17:19:42- INFO- 开始获取 2023-12-13 的掘金全市场数据...
20260412 17:19:42- INFO-   步骤1: 调用get_symbols获取基础信息...
20260412 17:19:43- INFO-   get_symbols返回 5170 条记录
20260412 17:19:43- INFO-   过滤后剩余 5170 只股票(已剔除未上市/已退市)
20260412 17:19:43- INFO-   步骤2: 调用history批量获取数据...
20260412 17:19:43- INFO-   history批量返回 5170 条记录
20260412 17:19:43- INFO-   步骤3: 调用stk_get_daily_mktvalue_pt获取市值数据...
20260412 17:19:44- INFO-   stk_get_daily_mktvalue_pt返回 5170 条记录
20260412 17:19:44- INFO-   步骤4: 合并数据...
20260412 17:19:44- INFO-   数据合并完成,最终返回 5170 条记录, 18 个字段
20260412 17:19:44- INFO- ✓ 2023-12-13 数据获取成功: 5170 条
20260412 17:19:44- INFO- 开始获取 2023-12-14 的掘金全市场数据...
20260412 17:19:44- INFO-   步骤1: 调用get_symbols获取基础信息...
20260412 17:19:45- INFO-   get_symbols返回 5171 条记录
20260412 17:19:45- INFO-   过滤后剩余 5171 只股票(已剔除未上市/已退市)
20260412 17:19:45- INFO-   步骤2: 调用history批量获取数据...
20260412 17:19:45- INFO-   history批量返回 5171 条记录
20260412 17:19:45- INFO-   步骤3: 调用stk_get_daily_mktvalue_pt获取市值数据...
20260412 17:19:46- INFO-   stk_get_daily_mktvalue_pt返回 5171 条记录
20260412 17:19:46- INFO-   步骤4: 合并数据...
20260412 17:19:46- INFO-   数据合并完成,最终返回 5171 条记录, 18 个字段
20260412 17:19:46- INFO- ✓ 2023-12-14 数据获取成功: 5171 条
20260412 17:19:46- INFO- 开始获取 2023-12-15 的掘金全市场数据...
20260412 17:19:46- INFO-   步骤1: 调用get_symbols获取基础信息...
20260412 17:19:47- INFO-   get_symbols返回 5171 条记录
20260412 17:19:47- INFO-   过滤后剩余 5171 只股票(已剔除未上市/已退市)
20260412 17:19:47- INFO-   步骤2: 调用history批量获取数据...
20260412 17:19:47- INFO-   history批量返回 5171 条记录
20260412 17:19:47- INFO-   步骤3: 调用stk_get_daily_mktvalue_pt获取市值数据...
20260412 17:19:48- INFO-   stk_get_daily_mktvalue_pt返回 5171 条记录
20260412 17:19:48- INFO-   步骤4: 合并数据...
20260412 17:19:48- INFO-   数据合并完成,最终返回 5171 条记录, 18 个字段
20260412 17:19:48- INFO- ✓ 2023-12-15 数据获取成功: 5171 条
20260412 17:19:48- INFO- 开始获取 2023-12-18 的掘金全市场数据...
20260412 17:19:48- INFO-   步骤1: 调用get_symbols获取基础信息...
20260412 17:19:49- INFO-   get_symbols返回 5171 条记录
20260412 17:19:49- INFO-   过滤后剩余 5171 只股票(已剔除未上市/已退市)
20260412 17:19:49- INFO-   步骤2: 调用history批量获取数据...
20260412 17:19:49- INFO-   history批量返回 5171 条记录
20260412 17:19:49- INFO-   步骤3: 调用stk_get_daily_mktvalue_pt获取市值数据...
20260412 17:19:50- INFO-   stk_get_daily_mktvalue_pt返回 5171 条记录
20260412 17:19:50- INFO-   步骤4: 合并数据...
20260412 17:19:50- INFO-   数据合并完成,最终返回 5171 条记录, 18 个字段
20260412 17:19:50- INFO- ✓ 2023-12-18 数据获取成功: 5171 条
20260412 17:19:50- INFO- 开始获取 2023-12-19 的掘金全市场数据...
20260412 17:19:50- INFO-   步骤1: 调用get_symbols获取基础信息...
20260412 17:19:51- INFO-   get_symbols返回 5166 条记录
20260412 17:19:51- INFO-   过滤后剩余 5166 只股票(已剔除未上市/已退市)
20260412 17:19:51- INFO-   步骤2: 调用history批量获取数据...
20260412 17:19:51- INFO-   history批量返回 5166 条记录
20260412 17:19:51- INFO-   步骤3: 调用stk_get_daily_mktvalue_pt获取市值数据...
20260412 17:19:52- INFO-   stk_get_daily_mktvalue_pt返回 5166 条记录
20260412 17:19:52- INFO-   步骤4: 合并数据...
20260412 17:19:52- INFO-   数据合并完成,最终返回 5166 条记录, 18 个字段
20260412 17:19:52- INFO- ✓ 2023-12-19 数据获取成功: 5166 条
20260412 17:19:52- INFO- 开始获取 2023-12-20 的掘金全市场数据...
20260412 17:19:52- INFO-   步骤1: 调用get_symbols获取基础信息...
20260412 17:19:53- INFO-   get_symbols返回 5171 条记录
20260412 17:19:53- INFO-   过滤后剩余 5171 只股票(已剔除未上市/已退市)
20260412 17:19:53- INFO-   步骤2: 调用history批量获取数据...
20260412 17:19:53- INFO-   history批量返回 5171 条记录
20260412 17:19:53- INFO-   步骤3: 调用stk_get_daily_mktvalue_pt获取市值数据...
20260412 17:19:54- INFO-   stk_get_daily_mktvalue_pt返回 5171 条记录
20260412 17:19:54- INFO-   步骤4: 合并数据...
20260412 17:19:54- INFO-   数据合并完成,最终返回 5171 条记录, 18 个字段
20260412 17:19:54- INFO- ✓ 2023-12-20 数据获取成功: 5171 条
20260412 17:19:54- INFO- 开始获取 2023-12-21 的掘金全市场数据...
20260412 17:19:54- INFO-   步骤1: 调用get_symbols获取基础信息...
20260412 17:19:55- INFO-   get_symbols返回 5171 条记录
20260412 17:19:55- INFO-   过滤后剩余 5171 只股票(已剔除未上市/已退市)
20260412 17:19:55- INFO-   步骤2: 调用history批量获取数据...
20260412 17:19:55- INFO-   history批量返回 5171 条记录
20260412 17:19:55- INFO-   步骤3: 调用stk_get_daily_mktvalue_pt获取市值数据...
20260412 17:19:56- INFO-   stk_get_daily_mktvalue_pt返回 5171 条记录
20260412 17:19:56- INFO-   步骤4: 合并数据...
20260412 17:19:56- INFO-   数据合并完成,最终返回 5171 条记录, 18 个字段
20260412 17:19:56- INFO- ✓ 2023-12-21 数据获取成功: 5171 条
20260412 17:19:56- INFO- 开始获取 2023-12-22 的掘金全市场数据...
20260412 17:19:56- INFO-   步骤1: 调用get_symbols获取基础信息...
20260412 17:19:57- INFO-   get_symbols返回 5171 条记录
20260412 17:19:57- INFO-   过滤后剩余 5171 只股票(已剔除未上市/已退市)
20260412 17:19:57- INFO-   步骤2: 调用history批量获取数据...
20260412 17:19:57- INFO-   history批量返回 5171 条记录
20260412 17:19:57- INFO-   步骤3: 调用stk_get_daily_mktvalue_pt获取市值数据...
20260412 17:19:58- INFO-   stk_get_daily_mktvalue_pt返回 5171 条记录
20260412 17:19:58- INFO-   步骤4: 合并数据...
20260412 17:19:58- INFO-   数据合并完成,最终返回 5171 条记录, 18 个字段
20260412 17:19:58- INFO- ✓ 2023-12-22 数据获取成功: 5171 条
20260412 17:19:58- INFO- 开始获取 2023-12-25 的掘金全市场数据...
20260412 17:19:58- INFO-   步骤1: 调用get_symbols获取基础信息...
20260412 17:19:59- INFO-   get_symbols返回 5171 条记录
20260412 17:19:59- INFO-   过滤后剩余 5171 只股票(已剔除未上市/已退市)
20260412 17:19:59- INFO-   步骤2: 调用history批量获取数据...
20260412 17:19:59- INFO-   history批量返回 5171 条记录
20260412 17:19:59- INFO-   步骤3: 调用stk_get_daily_mktvalue_pt获取市值数据...
20260412 17:20:00- INFO-   stk_get_daily_mktvalue_pt返回 5171 条记录
20260412 17:20:00- INFO-   步骤4: 合并数据...
20260412 17:20:00- INFO-   数据合并完成,最终返回 5171 条记录, 18 个字段
20260412 17:20:00- INFO- ✓ 2023-12-25 数据获取成功: 5171 条
20260412 17:20:00- INFO- 开始获取 2023-12-26 的掘金全市场数据...
20260412 17:20:00- INFO-   步骤1: 调用get_symbols获取基础信息...
20260412 17:20:01- INFO-   get_symbols返回 5172 条记录
20260412 17:20:01- INFO-   过滤后剩余 5172 只股票(已剔除未上市/已退市)
20260412 17:20:01- INFO-   步骤2: 调用history批量获取数据...
20260412 17:20:01- INFO-   history批量返回 5172 条记录
20260412 17:20:01- INFO-   步骤3: 调用stk_get_daily_mktvalue_pt获取市值数据...
20260412 17:20:02- INFO-   stk_get_daily_mktvalue_pt返回 5172 条记录
20260412 17:20:02- INFO-   步骤4: 合并数据...
20260412 17:20:02- INFO-   数据合并完成,最终返回 5172 条记录, 18 个字段
20260412 17:20:02- INFO- ✓ 2023-12-26 数据获取成功: 5172 条
20260412 17:20:02- INFO- 开始获取 2023-12-27 的掘金全市场数据...
20260412 17:20:02- INFO-   步骤1: 调用get_symbols获取基础信息...
20260412 17:20:03- INFO-   get_symbols返回 5174 条记录
20260412 17:20:03- INFO-   过滤后剩余 5174 只股票(已剔除未上市/已退市)
20260412 17:20:03- INFO-   步骤2: 调用history批量获取数据...
20260412 17:20:03- INFO-   history批量返回 5174 条记录
20260412 17:20:03- INFO-   步骤3: 调用stk_get_daily_mktvalue_pt获取市值数据...
20260412 17:20:04- INFO-   stk_get_daily_mktvalue_pt返回 5174 条记录
20260412 17:20:04- INFO-   步骤4: 合并数据...
20260412 17:20:04- INFO-   数据合并完成,最终返回 5174 条记录, 18 个字段
20260412 17:20:04- INFO- ✓ 2023-12-27 数据获取成功: 5174 条
20260412 17:20:04- INFO- 开始获取 2023-12-28 的掘金全市场数据...
20260412 17:20:04- INFO-   步骤1: 调用get_symbols获取基础信息...
20260412 17:20:05- INFO-   get_symbols返回 5171 条记录
20260412 17:20:05- INFO-   过滤后剩余 5171 只股票(已剔除未上市/已退市)
20260412 17:20:05- INFO-   步骤2: 调用history批量获取数据...
20260412 17:20:06- INFO-   history批量返回 5171 条记录
20260412 17:20:06- INFO-   步骤3: 调用stk_get_daily_mktvalue_pt获取市值数据...
20260412 17:20:06- INFO-   stk_get_daily_mktvalue_pt返回 5171 条记录
20260412 17:20:06- INFO-   步骤4: 合并数据...
20260412 17:20:06- INFO-   数据合并完成,最终返回 5171 条记录, 18 个字段
20260412 17:20:06- INFO- ✓ 2023-12-28 数据获取成功: 5171 条
20260412 17:20:06- INFO- 开始获取 2023-12-29 的掘金全市场数据...
20260412 17:20:06- INFO-   步骤1: 调用get_symbols获取基础信息...
20260412 17:20:07- INFO-   get_symbols返回 5174 条记录
20260412 17:20:07- INFO-   过滤后剩余 5174 只股票(已剔除未上市/已退市)
20260412 17:20:07- INFO-   步骤2: 调用history批量获取数据...
20260412 17:20:07- INFO-   history批量返回 5174 条记录
20260412 17:20:07- INFO-   步骤3: 调用stk_get_daily_mktvalue_pt获取市值数据...
20260412 17:20:08- INFO-   stk_get_daily_mktvalue_pt返回 5174 条记录
20260412 17:20:08- INFO-   步骤4: 合并数据...
20260412 17:20:08- INFO-   数据合并完成,最终返回 5174 条记录, 18 个字段
20260412 17:20:08- INFO- ✓ 2023-12-29 数据获取成功: 5174 条
20260412 17:20:08- INFO- 开始获取 2024-01-01 的掘金全市场数据...
20260412 17:20:08- INFO-   步骤1: 调用get_symbols获取基础信息...
20260412 17:20:13- WARNING- 2024-01-01 get_symbols返回空数据
20260412 17:20:13- WARNING- ✗ 2024-01-01 无数据
20260412 17:20:13- INFO- 开始获取 2024-01-02 的掘金全市场数据...
20260412 17:20:13- INFO-   步骤1: 调用get_symbols获取基础信息...
20260412 17:20:14- INFO-   get_symbols返回 5174 条记录
20260412 17:20:14- INFO-   过滤后剩余 5174 只股票(已剔除未上市/已退市)
20260412 17:20:14- INFO-   步骤2: 调用history批量获取数据...
20260412 17:20:15- INFO-   history批量返回 5174 条记录
20260412 17:20:15- INFO-   步骤3: 调用stk_get_daily_mktvalue_pt获取市值数据...
20260412 17:20:15- INFO-   stk_get_daily_mktvalue_pt返回 5174 条记录
20260412 17:20:15- INFO-   步骤4: 合并数据...
20260412 17:20:15- INFO-   数据合并完成,最终返回 5174 条记录, 18 个字段
20260412 17:20:15- INFO- ✓ 2024-01-02 数据获取成功: 5174 条
20260412 17:20:16- INFO- 开始获取 2024-01-03 的掘金全市场数据...
20260412 17:20:16- INFO-   步骤1: 调用get_symbols获取基础信息...
20260412 17:20:17- INFO-   get_symbols返回 5175 条记录
20260412 17:20:17- INFO-   过滤后剩余 5175 只股票(已剔除未上市/已退市)
20260412 17:20:17- INFO-   步骤2: 调用history批量获取数据...
20260412 17:20:17- INFO-   history批量返回 5175 条记录
20260412 17:20:17- INFO-   步骤3: 调用stk_get_daily_mktvalue_pt获取市值数据...
20260412 17:20:17- INFO-   stk_get_daily_mktvalue_pt返回 5175 条记录
20260412 17:20:17- INFO-   步骤4: 合并数据...
20260412 17:20:17- INFO-   数据合并完成,最终返回 5175 条记录, 18 个字段
20260412 17:20:17- INFO- ✓ 2024-01-03 数据获取成功: 5175 条
20260412 17:20:18- INFO- 开始获取 2024-01-04 的掘金全市场数据...
20260412 17:20:18- INFO-   步骤1: 调用get_symbols获取基础信息...
20260412 17:20:19- INFO-   get_symbols返回 5175 条记录
20260412 17:20:19- INFO-   过滤后剩余 5175 只股票(已剔除未上市/已退市)
20260412 17:20:19- INFO-   步骤2: 调用history批量获取数据...
20260412 17:20:19- INFO-   history批量返回 5175 条记录
20260412 17:20:19- INFO-   步骤3: 调用stk_get_daily_mktvalue_pt获取市值数据...
20260412 17:20:19- INFO-   stk_get_daily_mktvalue_pt返回 5175 条记录
20260412 17:20:19- INFO-   步骤4: 合并数据...
20260412 17:20:19- INFO-   数据合并完成,最终返回 5175 条记录, 18 个字段
20260412 17:20:19- INFO- ✓ 2024-01-04 数据获取成功: 5175 条
20260412 17:20:20- INFO- 开始获取 2024-01-05 的掘金全市场数据...
20260412 17:20:20- INFO-   步骤1: 调用get_symbols获取基础信息...
20260412 17:20:21- INFO-   get_symbols返回 5176 条记录
20260412 17:20:21- INFO-   过滤后剩余 5176 只股票(已剔除未上市/已退市)
20260412 17:20:21- INFO-   步骤2: 调用history批量获取数据...
20260412 17:20:21- INFO-   history批量返回 5176 条记录
20260412 17:20:21- INFO-   步骤3: 调用stk_get_daily_mktvalue_pt获取市值数据...
20260412 17:20:21- INFO-   stk_get_daily_mktvalue_pt返回 5176 条记录
20260412 17:20:21- INFO-   步骤4: 合并数据...
20260412 17:20:21- INFO-   数据合并完成,最终返回 5176 条记录, 18 个字段
20260412 17:20:21- INFO- ✓ 2024-01-05 数据获取成功: 5176 条
20260412 17:20:22- INFO- 开始获取 2024-01-08 的掘金全市场数据...
20260412 17:20:22- INFO-   步骤1: 调用get_symbols获取基础信息...
20260412 17:20:23- INFO-   get_symbols返回 5176 条记录
20260412 17:20:23- INFO-   过滤后剩余 5176 只股票(已剔除未上市/已退市)
20260412 17:20:23- INFO-   步骤2: 调用history批量获取数据...
20260412 17:20:23- INFO-   history批量返回 5176 条记录
20260412 17:20:23- INFO-   步骤3: 调用stk_get_daily_mktvalue_pt获取市值数据...
20260412 17:20:23- INFO-   stk_get_daily_mktvalue_pt返回 5176 条记录
20260412 17:20:23- INFO-   步骤4: 合并数据...
20260412 17:20:24- INFO-   数据合并完成,最终返回 5176 条记录, 18 个字段
20260412 17:20:24- INFO- ✓ 2024-01-08 数据获取成功: 5176 条
20260412 17:20:24- INFO- 开始获取 2024-01-09 的掘金全市场数据...
20260412 17:20:24- INFO-   步骤1: 调用get_symbols获取基础信息...
20260412 17:20:25- INFO-   get_symbols返回 5176 条记录
20260412 17:20:25- INFO-   过滤后剩余 5176 只股票(已剔除未上市/已退市)
20260412 17:20:25- INFO-   步骤2: 调用history批量获取数据...
20260412 17:20:25- INFO-   history批量返回 5176 条记录
20260412 17:20:25- INFO-   步骤3: 调用stk_get_daily_mktvalue_pt获取市值数据...
20260412 17:20:26- INFO-   stk_get_daily_mktvalue_pt返回 5176 条记录
20260412 17:20:26- INFO-   步骤4: 合并数据...
20260412 17:20:26- INFO-   数据合并完成,最终返回 5176 条记录, 18 个字段
20260412 17:20:26- INFO- ✓ 2024-01-09 数据获取成功: 5176 条
20260412 17:20:26- INFO- 开始获取 2024-01-10 的掘金全市场数据...
20260412 17:20:26- INFO-   步骤1: 调用get_symbols获取基础信息...
20260412 17:20:27- INFO-   get_symbols返回 5178 条记录
20260412 17:20:27- INFO-   过滤后剩余 5178 只股票(已剔除未上市/已退市)
20260412 17:20:27- INFO-   步骤2: 调用history批量获取数据...
20260412 17:20:27- INFO-   history批量返回 5178 条记录
20260412 17:20:27- INFO-   步骤3: 调用stk_get_daily_mktvalue_pt获取市值数据...
20260412 17:20:28- INFO-   stk_get_daily_mktvalue_pt返回 5178 条记录
20260412 17:20:28- INFO-   步骤4: 合并数据...
20260412 17:20:28- INFO-   数据合并完成,最终返回 5178 条记录, 18 个字段
20260412 17:20:28- INFO- ✓ 2024-01-10 数据获取成功: 5178 条
20260412 17:20:28- INFO- 开始获取 2024-01-11 的掘金全市场数据...
20260412 17:20:28- INFO-   步骤1: 调用get_symbols获取基础信息...
20260412 17:20:29- INFO-   get_symbols返回 5179 条记录
20260412 17:20:29- INFO-   过滤后剩余 5179 只股票(已剔除未上市/已退市)
20260412 17:20:29- INFO-   步骤2: 调用history批量获取数据...
20260412 17:20:29- INFO-   history批量返回 5179 条记录
20260412 17:20:29- INFO-   步骤3: 调用stk_get_daily_mktvalue_pt获取市值数据...
20260412 17:20:30- INFO-   stk_get_daily_mktvalue_pt返回 5179 条记录
20260412 17:20:30- INFO-   步骤4: 合并数据...
20260412 17:20:30- INFO-   数据合并完成,最终返回 5179 条记录, 18 个字段
20260412 17:20:30- INFO- ✓ 2024-01-11 数据获取成功: 5179 条
20260412 17:20:30- INFO- 开始获取 2024-01-12 的掘金全市场数据...
20260412 17:20:30- INFO-   步骤1: 调用get_symbols获取基础信息...
20260412 17:20:31- INFO-   get_symbols返回 5176 条记录
20260412 17:20:31- INFO-   过滤后剩余 5176 只股票(已剔除未上市/已退市)
20260412 17:20:31- INFO-   步骤2: 调用history批量获取数据...
20260412 17:20:31- INFO-   history批量返回 5176 条记录
20260412 17:20:31- INFO-   步骤3: 调用stk_get_daily_mktvalue_pt获取市值数据...
20260412 17:20:32- INFO-   stk_get_daily_mktvalue_pt返回 5176 条记录
20260412 17:20:32- INFO-   步骤4: 合并数据...
20260412 17:20:32- INFO-   数据合并完成,最终返回 5176 条记录, 18 个字段
20260412 17:20:32- INFO- ✓ 2024-01-12 数据获取成功: 5176 条
20260412 17:20:32- INFO- 开始获取 2024-01-15 的掘金全市场数据...
20260412 17:20:32- INFO-   步骤1: 调用get_symbols获取基础信息...
20260412 17:20:33- INFO-   get_symbols返回 5177 条记录
20260412 17:20:33- INFO-   过滤后剩余 5177 只股票(已剔除未上市/已退市)
20260412 17:20:33- INFO-   步骤2: 调用history批量获取数据...
20260412 17:20:33- INFO-   history批量返回 5177 条记录
20260412 17:20:33- INFO-   步骤3: 调用stk_get_daily_mktvalue_pt获取市值数据...
20260412 17:20:34- INFO-   stk_get_daily_mktvalue_pt返回 5177 条记录
20260412 17:20:34- INFO-   步骤4: 合并数据...
20260412 17:20:34- INFO-   数据合并完成,最终返回 5177 条记录, 18 个字段
20260412 17:20:34- INFO- ✓ 2024-01-15 数据获取成功: 5177 条
20260412 17:20:34- INFO- 开始获取 2024-01-16 的掘金全市场数据...
20260412 17:20:34- INFO-   步骤1: 调用get_symbols获取基础信息...
20260412 17:20:35- INFO-   get_symbols返回 5179 条记录
20260412 17:20:35- INFO-   过滤后剩余 5179 只股票(已剔除未上市/已退市)
20260412 17:20:35- INFO-   步骤2: 调用history批量获取数据...
20260412 17:20:35- INFO-   history批量返回 5179 条记录
20260412 17:20:35- INFO-   步骤3: 调用stk_get_daily_mktvalue_pt获取市值数据...
20260412 17:20:36- INFO-   stk_get_daily_mktvalue_pt返回 5179 条记录
20260412 17:20:36- INFO-   步骤4: 合并数据...
20260412 17:20:36- INFO-   数据合并完成,最终返回 5179 条记录, 18 个字段
20260412 17:20:36- INFO- ✓ 2024-01-16 数据获取成功: 5179 条
20260412 17:20:36- INFO- 开始获取 2024-01-17 的掘金全市场数据...
20260412 17:20:36- INFO-   步骤1: 调用get_symbols获取基础信息...
20260412 17:20:37- INFO-   get_symbols返回 5179 条记录
20260412 17:20:37- INFO-   过滤后剩余 5179 只股票(已剔除未上市/已退市)
20260412 17:20:37- INFO-   步骤2: 调用history批量获取数据...
20260412 17:20:37- INFO-   history批量返回 5179 条记录
20260412 17:20:37- INFO-   步骤3: 调用stk_get_daily_mktvalue_pt获取市值数据...
20260412 17:20:38- INFO-   stk_get_daily_mktvalue_pt返回 5179 条记录
20260412 17:20:38- INFO-   步骤4: 合并数据...
20260412 17:20:38- INFO-   数据合并完成,最终返回 5179 条记录, 18 个字段
20260412 17:20:38- INFO- ✓ 2024-01-17 数据获取成功: 5179 条
20260412 17:20:38- INFO- 开始获取 2024-01-18 的掘金全市场数据...
20260412 17:20:38- INFO-   步骤1: 调用get_symbols获取基础信息...
20260412 17:20:39- INFO-   get_symbols返回 5181 条记录
20260412 17:20:39- INFO-   过滤后剩余 5181 只股票(已剔除未上市/已退市)
20260412 17:20:39- INFO-   步骤2: 调用history批量获取数据...
20260412 17:20:40- INFO-   history批量返回 5181 条记录
20260412 17:20:40- INFO-   步骤3: 调用stk_get_daily_mktvalue_pt获取市值数据...
20260412 17:20:40- INFO-   stk_get_daily_mktvalue_pt返回 5181 条记录
20260412 17:20:40- INFO-   步骤4: 合并数据...
20260412 17:20:40- INFO-   数据合并完成,最终返回 5181 条记录, 18 个字段
20260412 17:20:40- INFO- ✓ 2024-01-18 数据获取成功: 5181 条
20260412 17:20:41- INFO- 开始获取 2024-01-19 的掘金全市场数据...
20260412 17:20:41- INFO-   步骤1: 调用get_symbols获取基础信息...
20260412 17:20:41- INFO-   get_symbols返回 5181 条记录
20260412 17:20:41- INFO-   过滤后剩余 5181 只股票(已剔除未上市/已退市)
20260412 17:20:41- INFO-   步骤2: 调用history批量获取数据...
20260412 17:20:42- INFO-   history批量返回 5181 条记录
20260412 17:20:42- INFO-   步骤3: 调用stk_get_daily_mktvalue_pt获取市值数据...
20260412 17:20:42- INFO-   stk_get_daily_mktvalue_pt返回 5181 条记录
20260412 17:20:42- INFO-   步骤4: 合并数据...
20260412 17:20:42- INFO-   数据合并完成,最终返回 5181 条记录, 18 个字段
20260412 17:20:42- INFO- ✓ 2024-01-19 数据获取成功: 5181 条
20260412 17:20:42- INFO- 开始获取 2024-01-22 的掘金全市场数据...
20260412 17:20:42- INFO-   步骤1: 调用get_symbols获取基础信息...
20260412 17:20:43- INFO-   get_symbols返回 5181 条记录
20260412 17:20:43- INFO-   过滤后剩余 5181 只股票(已剔除未上市/已退市)
20260412 17:20:43- INFO-   步骤2: 调用history批量获取数据...
20260412 17:20:44- INFO-   history批量返回 5181 条记录
20260412 17:20:44- INFO-   步骤3: 调用stk_get_daily_mktvalue_pt获取市值数据...
20260412 17:20:44- INFO-   stk_get_daily_mktvalue_pt返回 5181 条记录
20260412 17:20:44- INFO-   步骤4: 合并数据...
20260412 17:20:44- INFO-   数据合并完成,最终返回 5181 条记录, 18 个字段
20260412 17:20:44- INFO- ✓ 2024-01-22 数据获取成功: 5181 条
20260412 17:20:45- INFO- 开始获取 2024-01-23 的掘金全市场数据...
20260412 17:20:45- INFO-   步骤1: 调用get_symbols获取基础信息...
20260412 17:20:45- INFO-   get_symbols返回 5182 条记录
20260412 17:20:45- INFO-   过滤后剩余 5181 只股票(已剔除未上市/已退市)
20260412 17:20:45- INFO-   步骤2: 调用history批量获取数据...
20260412 17:20:46- INFO-   history批量返回 5181 条记录
20260412 17:20:46- INFO-   步骤3: 调用stk_get_daily_mktvalue_pt获取市值数据...
20260412 17:20:46- INFO-   stk_get_daily_mktvalue_pt返回 5181 条记录
20260412 17:20:46- INFO-   步骤4: 合并数据...
20260412 17:20:46- INFO-   数据合并完成,最终返回 5181 条记录, 18 个字段
20260412 17:20:46- INFO- ✓ 2024-01-23 数据获取成功: 5181 条
20260412 17:20:47- INFO- 开始获取 2024-01-24 的掘金全市场数据...
20260412 17:20:47- INFO-   步骤1: 调用get_symbols获取基础信息...
20260412 17:20:48- INFO-   get_symbols返回 5182 条记录
20260412 17:20:48- INFO-   过滤后剩余 5182 只股票(已剔除未上市/已退市)
20260412 17:20:48- INFO-   步骤2: 调用history批量获取数据...
20260412 17:20:48- INFO-   history批量返回 5182 条记录
20260412 17:20:48- INFO-   步骤3: 调用stk_get_daily_mktvalue_pt获取市值数据...
20260412 17:20:48- INFO-   stk_get_daily_mktvalue_pt返回 5182 条记录
20260412 17:20:48- INFO-   步骤4: 合并数据...
20260412 17:20:48- INFO-   数据合并完成,最终返回 5182 条记录, 18 个字段
20260412 17:20:48- INFO- ✓ 2024-01-24 数据获取成功: 5182 条
20260412 17:20:49- INFO- 开始获取 2024-01-25 的掘金全市场数据...
20260412 17:20:49- INFO-   步骤1: 调用get_symbols获取基础信息...
20260412 17:20:50- INFO-   get_symbols返回 5183 条记录
20260412 17:20:50- INFO-   过滤后剩余 5183 只股票(已剔除未上市/已退市)
20260412 17:20:50- INFO-   步骤2: 调用history批量获取数据...
20260412 17:20:50- INFO-   history批量返回 5183 条记录
20260412 17:20:50- INFO-   步骤3: 调用stk_get_daily_mktvalue_pt获取市值数据...
20260412 17:20:50- INFO-   stk_get_daily_mktvalue_pt返回 5183 条记录
20260412 17:20:50- INFO-   步骤4: 合并数据...
20260412 17:20:50- INFO-   数据合并完成,最终返回 5183 条记录, 18 个字段
20260412 17:20:50- INFO- ✓ 2024-01-25 数据获取成功: 5183 条
20260412 17:20:51- INFO- 开始获取 2024-01-26 的掘金全市场数据...
20260412 17:20:51- INFO-   步骤1: 调用get_symbols获取基础信息...
20260412 17:20:52- INFO-   get_symbols返回 5183 条记录
20260412 17:20:52- INFO-   过滤后剩余 5183 只股票(已剔除未上市/已退市)
20260412 17:20:52- INFO-   步骤2: 调用history批量获取数据...
20260412 17:20:52- INFO-   history批量返回 5183 条记录
20260412 17:20:52- INFO-   步骤3: 调用stk_get_daily_mktvalue_pt获取市值数据...
20260412 17:20:52- INFO-   stk_get_daily_mktvalue_pt返回 5183 条记录
20260412 17:20:52- INFO-   步骤4: 合并数据...
20260412 17:20:52- INFO-   数据合并完成,最终返回 5183 条记录, 18 个字段
20260412 17:20:52- INFO- ✓ 2024-01-26 数据获取成功: 5183 条
20260412 17:20:53- INFO- 开始获取 2024-01-29 的掘金全市场数据...
20260412 17:20:53- INFO-   步骤1: 调用get_symbols获取基础信息...
20260412 17:20:54- INFO-   get_symbols返回 5184 条记录
20260412 17:20:54- INFO-   过滤后剩余 5184 只股票(已剔除未上市/已退市)
20260412 17:20:54- INFO-   步骤2: 调用history批量获取数据...
20260412 17:20:54- INFO-   history批量返回 5184 条记录
20260412 17:20:54- INFO-   步骤3: 调用stk_get_daily_mktvalue_pt获取市值数据...
20260412 17:20:55- INFO-   stk_get_daily_mktvalue_pt返回 5184 条记录
20260412 17:20:55- INFO-   步骤4: 合并数据...
20260412 17:20:55- INFO-   数据合并完成,最终返回 5184 条记录, 18 个字段
20260412 17:20:55- INFO- ✓ 2024-01-29 数据获取成功: 5184 条
20260412 17:20:55- INFO- 开始获取 2024-01-30 的掘金全市场数据...
20260412 17:20:55- INFO-   步骤1: 调用get_symbols获取基础信息...
20260412 17:20:56- INFO-   get_symbols返回 5184 条记录
20260412 17:20:56- INFO-   过滤后剩余 5184 只股票(已剔除未上市/已退市)
20260412 17:20:56- INFO-   步骤2: 调用history批量获取数据...
20260412 17:20:56- INFO-   history批量返回 5184 条记录
20260412 17:20:56- INFO-   步骤3: 调用stk_get_daily_mktvalue_pt获取市值数据...
20260412 17:20:57- INFO-   stk_get_daily_mktvalue_pt返回 5184 条记录
20260412 17:20:57- INFO-   步骤4: 合并数据...
20260412 17:20:57- INFO-   数据合并完成,最终返回 5184 条记录, 18 个字段
20260412 17:20:57- INFO- ✓ 2024-01-30 数据获取成功: 5184 条
20260412 17:20:57- INFO- 开始获取 2024-01-31 的掘金全市场数据...
20260412 17:20:57- INFO-   步骤1: 调用get_symbols获取基础信息...
20260412 17:20:58- INFO-   get_symbols返回 5185 条记录
20260412 17:20:58- INFO-   过滤后剩余 5185 只股票(已剔除未上市/已退市)
20260412 17:20:58- INFO-   步骤2: 调用history批量获取数据...
20260412 17:20:58- INFO-   history批量返回 5185 条记录
20260412 17:20:58- INFO-   步骤3: 调用stk_get_daily_mktvalue_pt获取市值数据...
20260412 17:20:59- INFO-   stk_get_daily_mktvalue_pt返回 5185 条记录
20260412 17:20:59- INFO-   步骤4: 合并数据...
20260412 17:20:59- INFO-   数据合并完成,最终返回 5185 条记录, 18 个字段
20260412 17:20:59- INFO- ✓ 2024-01-31 数据获取成功: 5185 条
20260412 17:20:59- INFO- 开始获取 2024-02-01 的掘金全市场数据...
20260412 17:20:59- INFO-   步骤1: 调用get_symbols获取基础信息...
20260412 17:21:00- INFO-   get_symbols返回 5185 条记录
20260412 17:21:00- INFO-   过滤后剩余 5185 只股票(已剔除未上市/已退市)
20260412 17:21:00- INFO-   步骤2: 调用history批量获取数据...
20260412 17:21:00- INFO-   history批量返回 5185 条记录
20260412 17:21:00- INFO-   步骤3: 调用stk_get_daily_mktvalue_pt获取市值数据...
20260412 17:21:01- INFO-   stk_get_daily_mktvalue_pt返回 5185 条记录
20260412 17:21:01- INFO-   步骤4: 合并数据...
20260412 17:21:01- INFO-   数据合并完成,最终返回 5185 条记录, 18 个字段
20260412 17:21:01- INFO- ✓ 2024-02-01 数据获取成功: 5185 条
20260412 17:21:01- INFO- 开始获取 2024-02-02 的掘金全市场数据...
20260412 17:21:01- INFO-   步骤1: 调用get_symbols获取基础信息...
20260412 17:21:02- INFO-   get_symbols返回 5185 条记录
20260412 17:21:02- INFO-   过滤后剩余 5185 只股票(已剔除未上市/已退市)
20260412 17:21:02- INFO-   步骤2: 调用history批量获取数据...
20260412 17:21:02- INFO-   history批量返回 5185 条记录
20260412 17:21:02- INFO-   步骤3: 调用stk_get_daily_mktvalue_pt获取市值数据...
20260412 17:21:03- INFO-   stk_get_daily_mktvalue_pt返回 5185 条记录
20260412 17:21:03- INFO-   步骤4: 合并数据...
20260412 17:21:03- INFO-   数据合并完成,最终返回 5185 条记录, 18 个字段
20260412 17:21:03- INFO- ✓ 2024-02-02 数据获取成功: 5185 条
20260412 17:21:03- INFO- 开始获取 2024-02-05 的掘金全市场数据...
20260412 17:21:03- INFO-   步骤1: 调用get_symbols获取基础信息...
20260412 17:21:04- INFO-   get_symbols返回 5184 条记录
20260412 17:21:04- INFO-   过滤后剩余 5184 只股票(已剔除未上市/已退市)
20260412 17:21:04- INFO-   步骤2: 调用history批量获取数据...
20260412 17:21:04- INFO-   history批量返回 5184 条记录
20260412 17:21:04- INFO-   步骤3: 调用stk_get_daily_mktvalue_pt获取市值数据...
20260412 17:21:05- INFO-   stk_get_daily_mktvalue_pt返回 5184 条记录
20260412 17:21:05- INFO-   步骤4: 合并数据...
20260412 17:21:05- INFO-   数据合并完成,最终返回 5184 条记录, 18 个字段
20260412 17:21:05- INFO- ✓ 2024-02-05 数据获取成功: 5184 条
20260412 17:21:05- INFO- 开始获取 2024-02-06 的掘金全市场数据...
20260412 17:21:05- INFO-   步骤1: 调用get_symbols获取基础信息...
20260412 17:21:06- INFO-   get_symbols返回 5185 条记录
20260412 17:21:06- INFO-   过滤后剩余 5185 只股票(已剔除未上市/已退市)
20260412 17:21:06- INFO-   步骤2: 调用history批量获取数据...
20260412 17:21:07- INFO-   history批量返回 5185 条记录
20260412 17:21:07- INFO-   步骤3: 调用stk_get_daily_mktvalue_pt获取市值数据...
20260412 17:21:07- INFO-   stk_get_daily_mktvalue_pt返回 5185 条记录
20260412 17:21:07- INFO-   步骤4: 合并数据...
20260412 17:21:07- INFO-   数据合并完成,最终返回 5185 条记录, 18 个字段
20260412 17:21:07- INFO- ✓ 2024-02-06 数据获取成功: 5185 条
20260412 17:21:08- INFO- 开始获取 2024-02-07 的掘金全市场数据...
20260412 17:21:08- INFO-   步骤1: 调用get_symbols获取基础信息...
20260412 17:21:08- INFO-   get_symbols返回 5185 条记录
20260412 17:21:08- INFO-   过滤后剩余 5185 只股票(已剔除未上市/已退市)
20260412 17:21:08- INFO-   步骤2: 调用history批量获取数据...
20260412 17:21:09- INFO-   history批量返回 5185 条记录
20260412 17:21:09- INFO-   步骤3: 调用stk_get_daily_mktvalue_pt获取市值数据...
20260412 17:21:09- INFO-   stk_get_daily_mktvalue_pt返回 5185 条记录
20260412 17:21:09- INFO-   步骤4: 合并数据...
20260412 17:21:09- INFO-   数据合并完成,最终返回 5185 条记录, 18 个字段
20260412 17:21:09- INFO- ✓ 2024-02-07 数据获取成功: 5185 条
20260412 17:21:10- INFO- 开始获取 2024-02-08 的掘金全市场数据...
20260412 17:21:10- INFO-   步骤1: 调用get_symbols获取基础信息...
20260412 17:21:10- INFO-   get_symbols返回 5188 条记录
20260412 17:21:10- INFO-   过滤后剩余 5188 只股票(已剔除未上市/已退市)
20260412 17:21:10- INFO-   步骤2: 调用history批量获取数据...
20260412 17:21:11- INFO-   history批量返回 5188 条记录
20260412 17:21:11- INFO-   步骤3: 调用stk_get_daily_mktvalue_pt获取市值数据...
20260412 17:21:11- INFO-   stk_get_daily_mktvalue_pt返回 5188 条记录
20260412 17:21:11- INFO-   步骤4: 合并数据...
20260412 17:21:11- INFO-   数据合并完成,最终返回 5188 条记录, 18 个字段
20260412 17:21:11- INFO- ✓ 2024-02-08 数据获取成功: 5188 条
20260412 17:21:12- INFO- 开始获取 2024-02-09 的掘金全市场数据...
20260412 17:21:12- INFO-   步骤1: 调用get_symbols获取基础信息...
20260412 17:21:12- WARNING- 2024-02-09 get_symbols返回空数据
20260412 17:21:12- WARNING- ✗ 2024-02-09 无数据
20260412 17:21:12- INFO- 开始获取 2024-02-12 的掘金全市场数据...
20260412 17:21:12- INFO-   步骤1: 调用get_symbols获取基础信息...
20260412 17:21:13- WARNING- 2024-02-12 get_symbols返回空数据
20260412 17:21:13- WARNING- ✗ 2024-02-12 无数据
20260412 17:21:13- INFO- 开始获取 2024-02-13 的掘金全市场数据...
20260412 17:21:13- INFO-   步骤1: 调用get_symbols获取基础信息...
20260412 17:21:14- WARNING- 2024-02-13 get_symbols返回空数据
20260412 17:21:14- WARNING- ✗ 2024-02-13 无数据
20260412 17:21:14- INFO- 开始获取 2024-02-14 的掘金全市场数据...
20260412 17:21:14- INFO-   步骤1: 调用get_symbols获取基础信息...
20260412 17:21:14- WARNING- 2024-02-14 get_symbols返回空数据
20260412 17:21:14- WARNING- ✗ 2024-02-14 无数据
20260412 17:21:15- INFO- 开始获取 2024-02-15 的掘金全市场数据...
20260412 17:21:15- INFO-   步骤1: 调用get_symbols获取基础信息...
20260412 17:21:15- WARNING- 2024-02-15 get_symbols返回空数据
20260412 17:21:15- WARNING- ✗ 2024-02-15 无数据
20260412 17:21:16- INFO- 开始获取 2024-02-16 的掘金全市场数据...
20260412 17:21:16- INFO-   步骤1: 调用get_symbols获取基础信息...
20260412 17:21:16- WARNING- 2024-02-16 get_symbols返回空数据
20260412 17:21:16- WARNING- ✗ 2024-02-16 无数据
20260412 17:21:16- INFO- 开始获取 2024-02-19 的掘金全市场数据...
20260412 17:21:16- INFO-   步骤1: 调用get_symbols获取基础信息...
20260412 17:21:17- INFO-   get_symbols返回 5188 条记录
20260412 17:21:17- INFO-   过滤后剩余 5188 只股票(已剔除未上市/已退市)
20260412 17:21:17- INFO-   步骤2: 调用history批量获取数据...
20260412 17:21:18- INFO-   history批量返回 5188 条记录
20260412 17:21:18- INFO-   步骤3: 调用stk_get_daily_mktvalue_pt获取市值数据...
20260412 17:21:18- INFO-   stk_get_daily_mktvalue_pt返回 5188 条记录
20260412 17:21:18- INFO-   步骤4: 合并数据...
20260412 17:21:18- INFO-   数据合并完成,最终返回 5188 条记录, 18 个字段
20260412 17:21:18- INFO- ✓ 2024-02-19 数据获取成功: 5188 条
20260412 17:21:19- INFO- 开始获取 2024-02-20 的掘金全市场数据...
20260412 17:21:19- INFO-   步骤1: 调用get_symbols获取基础信息...
20260412 17:21:19- INFO-   get_symbols返回 5188 条记录
20260412 17:21:19- INFO-   过滤后剩余 5188 只股票(已剔除未上市/已退市)
20260412 17:21:19- INFO-   步骤2: 调用history批量获取数据...
20260412 17:21:20- INFO-   history批量返回 5188 条记录
20260412 17:21:20- INFO-   步骤3: 调用stk_get_daily_mktvalue_pt获取市值数据...
20260412 17:21:20- INFO-   stk_get_daily_mktvalue_pt返回 5188 条记录
20260412 17:21:20- INFO-   步骤4: 合并数据...
20260412 17:21:20- INFO-   数据合并完成,最终返回 5188 条记录, 18 个字段
20260412 17:21:20- INFO- ✓ 2024-02-20 数据获取成功: 5188 条
20260412 17:21:21- INFO- 开始获取 2024-02-21 的掘金全市场数据...
20260412 17:21:21- INFO-   步骤1: 调用get_symbols获取基础信息...
20260412 17:21:22- INFO-   get_symbols返回 5188 条记录
20260412 17:21:22- INFO-   过滤后剩余 5188 只股票(已剔除未上市/已退市)
20260412 17:21:22- INFO-   步骤2: 调用history批量获取数据...
20260412 17:21:22- INFO-   history批量返回 5188 条记录
20260412 17:21:22- INFO-   步骤3: 调用stk_get_daily_mktvalue_pt获取市值数据...
20260412 17:21:22- INFO-   stk_get_daily_mktvalue_pt返回 5188 条记录
20260412 17:21:22- INFO-   步骤4: 合并数据...
20260412 17:21:22- INFO-   数据合并完成,最终返回 5188 条记录, 18 个字段
20260412 17:21:22- INFO- ✓ 2024-02-21 数据获取成功: 5188 条
20260412 17:21:23- INFO- 开始获取 2024-02-22 的掘金全市场数据...
20260412 17:21:23- INFO-   步骤1: 调用get_symbols获取基础信息...
20260412 17:21:24- INFO-   get_symbols返回 5188 条记录
20260412 17:21:24- INFO-   过滤后剩余 5188 只股票(已剔除未上市/已退市)
20260412 17:21:24- INFO-   步骤2: 调用history批量获取数据...
20260412 17:21:24- INFO-   history批量返回 5188 条记录
20260412 17:21:24- INFO-   步骤3: 调用stk_get_daily_mktvalue_pt获取市值数据...
20260412 17:21:24- INFO-   stk_get_daily_mktvalue_pt返回 5188 条记录
20260412 17:21:24- INFO-   步骤4: 合并数据...
20260412 17:21:24- INFO-   数据合并完成,最终返回 5188 条记录, 18 个字段
20260412 17:21:24- INFO- ✓ 2024-02-22 数据获取成功: 5188 条
20260412 17:21:25- INFO- 开始获取 2024-02-23 的掘金全市场数据...
20260412 17:21:25- INFO-   步骤1: 调用get_symbols获取基础信息...
20260412 17:21:26- INFO-   get_symbols返回 5187 条记录
20260412 17:21:26- INFO-   过滤后剩余 5187 只股票(已剔除未上市/已退市)
20260412 17:21:26- INFO-   步骤2: 调用history批量获取数据...
20260412 17:21:26- INFO-   history批量返回 5187 条记录
20260412 17:21:26- INFO-   步骤3: 调用stk_get_daily_mktvalue_pt获取市值数据...
20260412 17:21:26- INFO-   stk_get_daily_mktvalue_pt返回 5187 条记录
20260412 17:21:26- INFO-   步骤4: 合并数据...
20260412 17:21:26- INFO-   数据合并完成,最终返回 5187 条记录, 18 个字段
20260412 17:21:26- INFO- ✓ 2024-02-23 数据获取成功: 5187 条
20260412 17:21:27- INFO- 开始获取 2024-02-26 的掘金全市场数据...
20260412 17:21:27- INFO-   步骤1: 调用get_symbols获取基础信息...
20260412 17:21:28- INFO-   get_symbols返回 5186 条记录
20260412 17:21:28- INFO-   过滤后剩余 5186 只股票(已剔除未上市/已退市)
20260412 17:21:28- INFO-   步骤2: 调用history批量获取数据...
20260412 17:21:28- INFO-   history批量返回 5186 条记录
20260412 17:21:28- INFO-   步骤3: 调用stk_get_daily_mktvalue_pt获取市值数据...
20260412 17:21:28- INFO-   stk_get_daily_mktvalue_pt返回 5186 条记录
20260412 17:21:28- INFO-   步骤4: 合并数据...
20260412 17:21:28- INFO-   数据合并完成,最终返回 5186 条记录, 18 个字段
20260412 17:21:28- INFO- ✓ 2024-02-26 数据获取成功: 5186 条
20260412 17:21:29- INFO- 开始获取 2024-02-27 的掘金全市场数据...
20260412 17:21:29- INFO-   步骤1: 调用get_symbols获取基础信息...
20260412 17:21:30- INFO-   get_symbols返回 5187 条记录
20260412 17:21:30- INFO-   过滤后剩余 5187 只股票(已剔除未上市/已退市)
20260412 17:21:30- INFO-   步骤2: 调用history批量获取数据...
20260412 17:21:30- INFO-   history批量返回 5187 条记录
20260412 17:21:30- INFO-   步骤3: 调用stk_get_daily_mktvalue_pt获取市值数据...
20260412 17:21:30- INFO-   stk_get_daily_mktvalue_pt返回 5187 条记录
20260412 17:21:30- INFO-   步骤4: 合并数据...
20260412 17:21:30- INFO-   数据合并完成,最终返回 5187 条记录, 18 个字段
20260412 17:21:30- INFO- ✓ 2024-02-27 数据获取成功: 5187 条
20260412 17:21:31- INFO- 开始获取 2024-02-28 的掘金全市场数据...
20260412 17:21:31- INFO-   步骤1: 调用get_symbols获取基础信息...
20260412 17:21:32- INFO-   get_symbols返回 5187 条记录
20260412 17:21:32- INFO-   过滤后剩余 5187 只股票(已剔除未上市/已退市)
20260412 17:21:32- INFO-   步骤2: 调用history批量获取数据...
20260412 17:21:32- INFO-   history批量返回 5187 条记录
20260412 17:21:32- INFO-   步骤3: 调用stk_get_daily_mktvalue_pt获取市值数据...
20260412 17:21:33- INFO-   stk_get_daily_mktvalue_pt返回 5187 条记录
20260412 17:21:33- INFO-   步骤4: 合并数据...
20260412 17:21:33- INFO-   数据合并完成,最终返回 5187 条记录, 18 个字段
20260412 17:21:33- INFO- ✓ 2024-02-28 数据获取成功: 5187 条
20260412 17:21:33- INFO- 开始获取 2024-02-29 的掘金全市场数据...
20260412 17:21:33- INFO-   步骤1: 调用get_symbols获取基础信息...
20260412 17:21:34- INFO-   get_symbols返回 5187 条记录
20260412 17:21:34- INFO-   过滤后剩余 5187 只股票(已剔除未上市/已退市)
20260412 17:21:34- INFO-   步骤2: 调用history批量获取数据...
20260412 17:21:34- INFO-   history批量返回 5187 条记录
20260412 17:21:34- INFO-   步骤3: 调用stk_get_daily_mktvalue_pt获取市值数据...
20260412 17:21:35- INFO-   stk_get_daily_mktvalue_pt返回 5187 条记录
20260412 17:21:35- INFO-   步骤4: 合并数据...
20260412 17:21:35- INFO-   数据合并完成,最终返回 5187 条记录, 18 个字段
20260412 17:21:35- INFO- ✓ 2024-02-29 数据获取成功: 5187 条
20260412 17:21:35- INFO- 开始获取 2024-03-01 的掘金全市场数据...
20260412 17:21:35- INFO-   步骤1: 调用get_symbols获取基础信息...
20260412 17:21:36- INFO-   get_symbols返回 5188 条记录
20260412 17:21:36- INFO-   过滤后剩余 5188 只股票(已剔除未上市/已退市)
20260412 17:21:36- INFO-   步骤2: 调用history批量获取数据...
20260412 17:21:36- INFO-   history批量返回 5188 条记录
20260412 17:21:36- INFO-   步骤3: 调用stk_get_daily_mktvalue_pt获取市值数据...
20260412 17:21:37- INFO-   stk_get_daily_mktvalue_pt返回 5188 条记录
20260412 17:21:37- INFO-   步骤4: 合并数据...
20260412 17:21:37- INFO-   数据合并完成,最终返回 5188 条记录, 18 个字段
20260412 17:21:37- INFO- ✓ 2024-03-01 数据获取成功: 5188 条
20260412 17:21:37- INFO- 开始获取 2024-03-04 的掘金全市场数据...
20260412 17:21:37- INFO-   步骤1: 调用get_symbols获取基础信息...
20260412 17:21:38- INFO-   get_symbols返回 5187 条记录
20260412 17:21:38- INFO-   过滤后剩余 5187 只股票(已剔除未上市/已退市)
20260412 17:21:38- INFO-   步骤2: 调用history批量获取数据...
20260412 17:21:38- INFO-   history批量返回 5187 条记录
20260412 17:21:38- INFO-   步骤3: 调用stk_get_daily_mktvalue_pt获取市值数据...
20260412 17:21:39- INFO-   stk_get_daily_mktvalue_pt返回 5187 条记录
20260412 17:21:39- INFO-   步骤4: 合并数据...
20260412 17:21:39- INFO-   数据合并完成,最终返回 5187 条记录, 18 个字段
20260412 17:21:39- INFO- ✓ 2024-03-04 数据获取成功: 5187 条
20260412 17:21:39- INFO- 开始获取 2024-03-05 的掘金全市场数据...
20260412 17:21:39- INFO-   步骤1: 调用get_symbols获取基础信息...
20260412 17:21:40- INFO-   get_symbols返回 5188 条记录
20260412 17:21:40- INFO-   过滤后剩余 5188 只股票(已剔除未上市/已退市)
20260412 17:21:40- INFO-   步骤2: 调用history批量获取数据...
20260412 17:21:40- INFO-   history批量返回 5188 条记录
20260412 17:21:40- INFO-   步骤3: 调用stk_get_daily_mktvalue_pt获取市值数据...
20260412 17:21:41- INFO-   stk_get_daily_mktvalue_pt返回 5188 条记录
20260412 17:21:41- INFO-   步骤4: 合并数据...
20260412 17:21:41- INFO-   数据合并完成,最终返回 5188 条记录, 18 个字段
20260412 17:21:41- INFO- ✓ 2024-03-05 数据获取成功: 5188 条
20260412 17:21:41- INFO- 开始获取 2024-03-06 的掘金全市场数据...
20260412 17:21:41- INFO-   步骤1: 调用get_symbols获取基础信息...
20260412 17:21:42- INFO-   get_symbols返回 5186 条记录
20260412 17:21:42- INFO-   过滤后剩余 5186 只股票(已剔除未上市/已退市)
20260412 17:21:42- INFO-   步骤2: 调用history批量获取数据...
20260412 17:21:43- INFO-   history批量返回 5186 条记录
20260412 17:21:43- INFO-   步骤3: 调用stk_get_daily_mktvalue_pt获取市值数据...
20260412 17:21:43- INFO-   stk_get_daily_mktvalue_pt返回 5186 条记录
20260412 17:21:43- INFO-   步骤4: 合并数据...
20260412 17:21:43- INFO-   数据合并完成,最终返回 5186 条记录, 18 个字段
20260412 17:21:43- INFO- ✓ 2024-03-06 数据获取成功: 5186 条
20260412 17:21:43- INFO- 开始获取 2024-03-07 的掘金全市场数据...
20260412 17:21:43- INFO-   步骤1: 调用get_symbols获取基础信息...
20260412 17:21:44- INFO-   get_symbols返回 5186 条记录
20260412 17:21:44- INFO-   过滤后剩余 5186 只股票(已剔除未上市/已退市)
20260412 17:21:44- INFO-   步骤2: 调用history批量获取数据...
20260412 17:21:45- INFO-   history批量返回 5186 条记录
20260412 17:21:45- INFO-   步骤3: 调用stk_get_daily_mktvalue_pt获取市值数据...
20260412 17:21:45- INFO-   stk_get_daily_mktvalue_pt返回 5186 条记录
20260412 17:21:45- INFO-   步骤4: 合并数据...
20260412 17:21:45- INFO-   数据合并完成,最终返回 5186 条记录, 18 个字段
20260412 17:21:45- INFO- ✓ 2024-03-07 数据获取成功: 5186 条
20260412 17:21:45- INFO- 开始获取 2024-03-08 的掘金全市场数据...
20260412 17:21:45- INFO-   步骤1: 调用get_symbols获取基础信息...
20260412 17:21:46- INFO-   get_symbols返回 5186 条记录
20260412 17:21:46- INFO-   过滤后剩余 5186 只股票(已剔除未上市/已退市)
20260412 17:21:46- INFO-   步骤2: 调用history批量获取数据...
20260412 17:21:46- INFO-   history批量返回 5186 条记录
20260412 17:21:46- INFO-   步骤3: 调用stk_get_daily_mktvalue_pt获取市值数据...
20260412 17:21:47- INFO-   stk_get_daily_mktvalue_pt返回 5186 条记录
20260412 17:21:47- INFO-   步骤4: 合并数据...
20260412 17:21:47- INFO-   数据合并完成,最终返回 5186 条记录, 18 个字段
20260412 17:21:47- INFO- ✓ 2024-03-08 数据获取成功: 5186 条
20260412 17:21:47- INFO- 开始获取 2024-03-11 的掘金全市场数据...
20260412 17:21:47- INFO-   步骤1: 调用get_symbols获取基础信息...
20260412 17:21:48- INFO-   get_symbols返回 5185 条记录
20260412 17:21:48- INFO-   过滤后剩余 5185 只股票(已剔除未上市/已退市)
20260412 17:21:48- INFO-   步骤2: 调用history批量获取数据...
20260412 17:21:49- INFO-   history批量返回 5185 条记录
20260412 17:21:49- INFO-   步骤3: 调用stk_get_daily_mktvalue_pt获取市值数据...
20260412 17:21:49- INFO-   stk_get_daily_mktvalue_pt返回 5185 条记录
20260412 17:21:49- INFO-   步骤4: 合并数据...
20260412 17:21:49- INFO-   数据合并完成,最终返回 5185 条记录, 18 个字段
20260412 17:21:49- INFO- ✓ 2024-03-11 数据获取成功: 5185 条
20260412 17:21:49- INFO- 开始获取 2024-03-12 的掘金全市场数据...
20260412 17:21:49- INFO-   步骤1: 调用get_symbols获取基础信息...
20260412 17:21:50- INFO-   get_symbols返回 5187 条记录
20260412 17:21:50- INFO-   过滤后剩余 5187 只股票(已剔除未上市/已退市)
20260412 17:21:50- INFO-   步骤2: 调用history批量获取数据...
20260412 17:21:51- INFO-   history批量返回 5187 条记录
20260412 17:21:51- INFO-   步骤3: 调用stk_get_daily_mktvalue_pt获取市值数据...
20260412 17:21:51- INFO-   stk_get_daily_mktvalue_pt返回 5187 条记录
20260412 17:21:51- INFO-   步骤4: 合并数据...
20260412 17:21:51- INFO-   数据合并完成,最终返回 5187 条记录, 18 个字段
20260412 17:21:51- INFO- ✓ 2024-03-12 数据获取成功: 5187 条
20260412 17:21:52- INFO- 开始获取 2024-03-13 的掘金全市场数据...
20260412 17:21:52- INFO-   步骤1: 调用get_symbols获取基础信息...
20260412 17:21:52- INFO-   get_symbols返回 5189 条记录
20260412 17:21:52- INFO-   过滤后剩余 5189 只股票(已剔除未上市/已退市)
20260412 17:21:52- INFO-   步骤2: 调用history批量获取数据...
20260412 17:21:53- INFO-   history批量返回 5189 条记录
20260412 17:21:53- INFO-   步骤3: 调用stk_get_daily_mktvalue_pt获取市值数据...
20260412 17:21:53- INFO-   stk_get_daily_mktvalue_pt返回 5189 条记录
20260412 17:21:53- INFO-   步骤4: 合并数据...
20260412 17:21:53- INFO-   数据合并完成,最终返回 5189 条记录, 18 个字段
20260412 17:21:53- INFO- ✓ 2024-03-13 数据获取成功: 5189 条
20260412 17:21:54- INFO- 开始获取 2024-03-14 的掘金全市场数据...
20260412 17:21:54- INFO-   步骤1: 调用get_symbols获取基础信息...
20260412 17:21:54- INFO-   get_symbols返回 5189 条记录
20260412 17:21:54- INFO-   过滤后剩余 5189 只股票(已剔除未上市/已退市)
20260412 17:21:54- INFO-   步骤2: 调用history批量获取数据...
20260412 17:21:55- INFO-   history批量返回 5189 条记录
20260412 17:21:55- INFO-   步骤3: 调用stk_get_daily_mktvalue_pt获取市值数据...
20260412 17:21:55- INFO-   stk_get_daily_mktvalue_pt返回 5189 条记录
20260412 17:21:55- INFO-   步骤4: 合并数据...
20260412 17:21:55- INFO-   数据合并完成,最终返回 5189 条记录, 18 个字段
20260412 17:21:55- INFO- ✓ 2024-03-14 数据获取成功: 5189 条
20260412 17:21:56- INFO- 开始获取 2024-03-15 的掘金全市场数据...
20260412 17:21:56- INFO-   步骤1: 调用get_symbols获取基础信息...
20260412 17:21:56- INFO-   get_symbols返回 5188 条记录
20260412 17:21:56- INFO-   过滤后剩余 5188 只股票(已剔除未上市/已退市)
20260412 17:21:56- INFO-   步骤2: 调用history批量获取数据...
20260412 17:21:57- INFO-   history批量返回 5188 条记录
20260412 17:21:57- INFO-   步骤3: 调用stk_get_daily_mktvalue_pt获取市值数据...
20260412 17:21:57- INFO-   stk_get_daily_mktvalue_pt返回 5188 条记录
20260412 17:21:57- INFO-   步骤4: 合并数据...
20260412 17:21:57- INFO-   数据合并完成,最终返回 5188 条记录, 18 个字段
20260412 17:21:57- INFO- ✓ 2024-03-15 数据获取成功: 5188 条
20260412 17:21:58- INFO- 开始获取 2024-03-18 的掘金全市场数据...
20260412 17:21:58- INFO-   步骤1: 调用get_symbols获取基础信息...
20260412 17:21:58- INFO-   get_symbols返回 5187 条记录
20260412 17:21:58- INFO-   过滤后剩余 5187 只股票(已剔除未上市/已退市)
20260412 17:21:58- INFO-   步骤2: 调用history批量获取数据...
20260412 17:21:59- INFO-   history批量返回 5187 条记录
20260412 17:21:59- INFO-   步骤3: 调用stk_get_daily_mktvalue_pt获取市值数据...
20260412 17:21:59- INFO-   stk_get_daily_mktvalue_pt返回 5187 条记录
20260412 17:21:59- INFO-   步骤4: 合并数据...
20260412 17:21:59- INFO-   数据合并完成,最终返回 5187 条记录, 18 个字段
20260412 17:21:59- INFO- ✓ 2024-03-18 数据获取成功: 5187 条
20260412 17:22:00- INFO- 开始获取 2024-03-19 的掘金全市场数据...
20260412 17:22:00- INFO-   步骤1: 调用get_symbols获取基础信息...
20260412 17:22:00- INFO-   get_symbols返回 5189 条记录
20260412 17:22:00- INFO-   过滤后剩余 5189 只股票(已剔除未上市/已退市)
20260412 17:22:00- INFO-   步骤2: 调用history批量获取数据...
20260412 17:22:01- INFO-   history批量返回 5189 条记录
20260412 17:22:01- INFO-   步骤3: 调用stk_get_daily_mktvalue_pt获取市值数据...
20260412 17:22:01- INFO-   stk_get_daily_mktvalue_pt返回 5189 条记录
20260412 17:22:01- INFO-   步骤4: 合并数据...
20260412 17:22:01- INFO-   数据合并完成,最终返回 5189 条记录, 18 个字段
20260412 17:22:01- INFO- ✓ 2024-03-19 数据获取成功: 5189 条
20260412 17:22:02- INFO- 开始获取 2024-03-20 的掘金全市场数据...
20260412 17:22:02- INFO-   步骤1: 调用get_symbols获取基础信息...
20260412 17:22:03- INFO-   get_symbols返回 5190 条记录
20260412 17:22:03- INFO-   过滤后剩余 5190 只股票(已剔除未上市/已退市)
20260412 17:22:03- INFO-   步骤2: 调用history批量获取数据...
20260412 17:22:03- INFO-   history批量返回 5190 条记录
20260412 17:22:03- INFO-   步骤3: 调用stk_get_daily_mktvalue_pt获取市值数据...
20260412 17:22:03- INFO-   stk_get_daily_mktvalue_pt返回 5190 条记录
20260412 17:22:03- INFO-   步骤4: 合并数据...
20260412 17:22:03- INFO-   数据合并完成,最终返回 5190 条记录, 18 个字段
20260412 17:22:03- INFO- ✓ 2024-03-20 数据获取成功: 5190 条
20260412 17:22:04- INFO- 开始获取 2024-03-21 的掘金全市场数据...
20260412 17:22:04- INFO-   步骤1: 调用get_symbols获取基础信息...
20260412 17:22:05- INFO-   get_symbols返回 5190 条记录
20260412 17:22:05- INFO-   过滤后剩余 5190 只股票(已剔除未上市/已退市)
20260412 17:22:05- INFO-   步骤2: 调用history批量获取数据...
20260412 17:22:05- INFO-   history批量返回 5190 条记录
20260412 17:22:05- INFO-   步骤3: 调用stk_get_daily_mktvalue_pt获取市值数据...
20260412 17:22:05- INFO-   stk_get_daily_mktvalue_pt返回 5190 条记录
20260412 17:22:05- INFO-   步骤4: 合并数据...
20260412 17:22:06- INFO-   数据合并完成,最终返回 5190 条记录, 18 个字段
20260412 17:22:06- INFO- ✓ 2024-03-21 数据获取成功: 5190 条
20260412 17:22:06- INFO- 开始获取 2024-03-22 的掘金全市场数据...
20260412 17:22:06- INFO-   步骤1: 调用get_symbols获取基础信息...
20260412 17:22:07- INFO-   get_symbols返回 5190 条记录
20260412 17:22:07- INFO-   过滤后剩余 5190 只股票(已剔除未上市/已退市)
20260412 17:22:07- INFO-   步骤2: 调用history批量获取数据...
20260412 17:22:07- INFO-   history批量返回 5190 条记录
20260412 17:22:07- INFO-   步骤3: 调用stk_get_daily_mktvalue_pt获取市值数据...
20260412 17:22:07- INFO-   stk_get_daily_mktvalue_pt返回 5190 条记录
20260412 17:22:07- INFO-   步骤4: 合并数据...
20260412 17:22:07- INFO-   数据合并完成,最终返回 5190 条记录, 18 个字段
20260412 17:22:07- INFO- ✓ 2024-03-22 数据获取成功: 5190 条
20260412 17:22:08- INFO- 开始获取 2024-03-25 的掘金全市场数据...
20260412 17:22:08- INFO-   步骤1: 调用get_symbols获取基础信息...
20260412 17:22:09- INFO-   get_symbols返回 5190 条记录
20260412 17:22:09- INFO-   过滤后剩余 5190 只股票(已剔除未上市/已退市)
20260412 17:22:09- INFO-   步骤2: 调用history批量获取数据...
20260412 17:22:09- INFO-   history批量返回 5190 条记录
20260412 17:22:09- INFO-   步骤3: 调用stk_get_daily_mktvalue_pt获取市值数据...
20260412 17:22:09- INFO-   stk_get_daily_mktvalue_pt返回 5190 条记录
20260412 17:22:09- INFO-   步骤4: 合并数据...
20260412 17:22:10- INFO-   数据合并完成,最终返回 5190 条记录, 18 个字段
20260412 17:22:10- INFO- ✓ 2024-03-25 数据获取成功: 5190 条
20260412 17:22:10- INFO- 开始获取 2024-03-26 的掘金全市场数据...
20260412 17:22:10- INFO-   步骤1: 调用get_symbols获取基础信息...
20260412 17:22:11- INFO-   get_symbols返回 5190 条记录
20260412 17:22:11- INFO-   过滤后剩余 5190 只股票(已剔除未上市/已退市)
20260412 17:22:11- INFO-   步骤2: 调用history批量获取数据...
20260412 17:22:11- INFO-   history批量返回 5190 条记录
20260412 17:22:11- INFO-   步骤3: 调用stk_get_daily_mktvalue_pt获取市值数据...
20260412 17:22:12- INFO-   stk_get_daily_mktvalue_pt返回 5190 条记录
20260412 17:22:12- INFO-   步骤4: 合并数据...
20260412 17:22:12- INFO-   数据合并完成,最终返回 5190 条记录, 18 个字段
20260412 17:22:12- INFO- ✓ 2024-03-26 数据获取成功: 5190 条
20260412 17:22:12- INFO- 开始获取 2024-03-27 的掘金全市场数据...
20260412 17:22:12- INFO-   步骤1: 调用get_symbols获取基础信息...
20260412 17:22:13- INFO-   get_symbols返回 5193 条记录
20260412 17:22:13- INFO-   过滤后剩余 5193 只股票(已剔除未上市/已退市)
20260412 17:22:13- INFO-   步骤2: 调用history批量获取数据...
20260412 17:22:13- INFO-   history批量返回 5193 条记录
20260412 17:22:13- INFO-   步骤3: 调用stk_get_daily_mktvalue_pt获取市值数据...
20260412 17:22:14- INFO-   stk_get_daily_mktvalue_pt返回 5193 条记录
20260412 17:22:14- INFO-   步骤4: 合并数据...
20260412 17:22:14- INFO-   数据合并完成,最终返回 5193 条记录, 18 个字段
20260412 17:22:14- INFO- ✓ 2024-03-27 数据获取成功: 5193 条
20260412 17:22:14- INFO- 开始获取 2024-03-28 的掘金全市场数据...
20260412 17:22:14- INFO-   步骤1: 调用get_symbols获取基础信息...
20260412 17:22:15- INFO-   get_symbols返回 5194 条记录
20260412 17:22:15- INFO-   过滤后剩余 5194 只股票(已剔除未上市/已退市)
20260412 17:22:15- INFO-   步骤2: 调用history批量获取数据...
20260412 17:22:15- INFO-   history批量返回 5194 条记录
20260412 17:22:15- INFO-   步骤3: 调用stk_get_daily_mktvalue_pt获取市值数据...
20260412 17:22:16- INFO-   stk_get_daily_mktvalue_pt返回 5194 条记录
20260412 17:22:16- INFO-   步骤4: 合并数据...
20260412 17:22:16- INFO-   数据合并完成,最终返回 5194 条记录, 18 个字段
20260412 17:22:16- INFO- ✓ 2024-03-28 数据获取成功: 5194 条
20260412 17:22:16- INFO- 开始获取 2024-03-29 的掘金全市场数据...
20260412 17:22:16- INFO-   步骤1: 调用get_symbols获取基础信息...
20260412 17:22:17- INFO-   get_symbols返回 5193 条记录
20260412 17:22:17- INFO-   过滤后剩余 5193 只股票(已剔除未上市/已退市)
20260412 17:22:17- INFO-   步骤2: 调用history批量获取数据...
20260412 17:22:17- INFO-   history批量返回 5193 条记录
20260412 17:22:17- INFO-   步骤3: 调用stk_get_daily_mktvalue_pt获取市值数据...
20260412 17:22:18- INFO-   stk_get_daily_mktvalue_pt返回 5193 条记录
20260412 17:22:18- INFO-   步骤4: 合并数据...
20260412 17:22:18- INFO-   数据合并完成,最终返回 5193 条记录, 18 个字段
20260412 17:22:18- INFO- ✓ 2024-03-29 数据获取成功: 5193 条
20260412 17:22:18- INFO- 开始获取 2024-04-01 的掘金全市场数据...
20260412 17:22:18- INFO-   步骤1: 调用get_symbols获取基础信息...
20260412 17:22:19- INFO-   get_symbols返回 5195 条记录
20260412 17:22:19- INFO-   过滤后剩余 5195 只股票(已剔除未上市/已退市)
20260412 17:22:19- INFO-   步骤2: 调用history批量获取数据...
20260412 17:22:20- INFO-   history批量返回 5195 条记录
20260412 17:22:20- INFO-   步骤3: 调用stk_get_daily_mktvalue_pt获取市值数据...
20260412 17:22:20- INFO-   stk_get_daily_mktvalue_pt返回 5195 条记录
20260412 17:22:20- INFO-   步骤4: 合并数据...
20260412 17:22:20- INFO-   数据合并完成,最终返回 5195 条记录, 18 个字段
20260412 17:22:20- INFO- ✓ 2024-04-01 数据获取成功: 5195 条
20260412 17:22:21- INFO- 开始获取 2024-04-02 的掘金全市场数据...
20260412 17:22:21- INFO-   步骤1: 调用get_symbols获取基础信息...
20260412 17:22:21- INFO-   get_symbols返回 5196 条记录
20260412 17:22:21- INFO-   过滤后剩余 5196 只股票(已剔除未上市/已退市)
20260412 17:22:21- INFO-   步骤2: 调用history批量获取数据...
20260412 17:22:22- INFO-   history批量返回 5196 条记录
20260412 17:22:22- INFO-   步骤3: 调用stk_get_daily_mktvalue_pt获取市值数据...
20260412 17:22:22- INFO-   stk_get_daily_mktvalue_pt返回 5196 条记录
20260412 17:22:22- INFO-   步骤4: 合并数据...
20260412 17:22:22- INFO-   数据合并完成,最终返回 5196 条记录, 18 个字段
20260412 17:22:22- INFO- ✓ 2024-04-02 数据获取成功: 5196 条
20260412 17:22:23- INFO- 开始获取 2024-04-03 的掘金全市场数据...
20260412 17:22:23- INFO-   步骤1: 调用get_symbols获取基础信息...
20260412 17:22:24- INFO-   get_symbols返回 5195 条记录
20260412 17:22:24- INFO-   过滤后剩余 5195 只股票(已剔除未上市/已退市)
20260412 17:22:24- INFO-   步骤2: 调用history批量获取数据...
20260412 17:22:24- INFO-   history批量返回 5195 条记录
20260412 17:22:24- INFO-   步骤3: 调用stk_get_daily_mktvalue_pt获取市值数据...
20260412 17:22:24- INFO-   stk_get_daily_mktvalue_pt返回 5195 条记录
20260412 17:22:24- INFO-   步骤4: 合并数据...
20260412 17:22:24- INFO-   数据合并完成,最终返回 5195 条记录, 18 个字段
20260412 17:22:24- INFO- ✓ 2024-04-03 数据获取成功: 5195 条
20260412 17:22:25- INFO- 开始获取 2024-04-04 的掘金全市场数据...
20260412 17:22:25- INFO-   步骤1: 调用get_symbols获取基础信息...
20260412 17:22:25- WARNING- 2024-04-04 get_symbols返回空数据
20260412 17:22:25- WARNING- ✗ 2024-04-04 无数据
20260412 17:22:25- INFO- 开始获取 2024-04-05 的掘金全市场数据...
20260412 17:22:25- INFO-   步骤1: 调用get_symbols获取基础信息...
20260412 17:22:26- WARNING- 2024-04-05 get_symbols返回空数据
20260412 17:22:26- WARNING- ✗ 2024-04-05 无数据
20260412 17:22:26- INFO- 开始获取 2024-04-08 的掘金全市场数据...
20260412 17:22:26- INFO-   步骤1: 调用get_symbols获取基础信息...
20260412 17:22:27- INFO-   get_symbols返回 5197 条记录
20260412 17:22:27- INFO-   过滤后剩余 5197 只股票(已剔除未上市/已退市)
20260412 17:22:27- INFO-   步骤2: 调用history批量获取数据...
20260412 17:22:27- INFO-   history批量返回 5197 条记录
20260412 17:22:27- INFO-   步骤3: 调用stk_get_daily_mktvalue_pt获取市值数据...
20260412 17:22:28- INFO-   stk_get_daily_mktvalue_pt返回 5197 条记录
20260412 17:22:28- INFO-   步骤4: 合并数据...
20260412 17:22:28- INFO-   数据合并完成,最终返回 5197 条记录, 18 个字段
20260412 17:22:28- INFO- ✓ 2024-04-08 数据获取成功: 5197 条
20260412 17:22:28- INFO- 开始获取 2024-04-09 的掘金全市场数据...
20260412 17:22:28- INFO-   步骤1: 调用get_symbols获取基础信息...
20260412 17:22:29- INFO-   get_symbols返回 5198 条记录
20260412 17:22:29- INFO-   过滤后剩余 5198 只股票(已剔除未上市/已退市)
20260412 17:22:29- INFO-   步骤2: 调用history批量获取数据...
20260412 17:22:30- INFO-   history批量返回 5198 条记录
20260412 17:22:30- INFO-   步骤3: 调用stk_get_daily_mktvalue_pt获取市值数据...
20260412 17:22:30- INFO-   stk_get_daily_mktvalue_pt返回 5198 条记录
20260412 17:22:30- INFO-   步骤4: 合并数据...
20260412 17:22:30- INFO-   数据合并完成,最终返回 5198 条记录, 18 个字段
20260412 17:22:30- INFO- ✓ 2024-04-09 数据获取成功: 5198 条
20260412 17:22:31- INFO- 开始获取 2024-04-10 的掘金全市场数据...
20260412 17:22:31- INFO-   步骤1: 调用get_symbols获取基础信息...
20260412 17:22:31- INFO-   get_symbols返回 5198 条记录
20260412 17:22:31- INFO-   过滤后剩余 5198 只股票(已剔除未上市/已退市)
20260412 17:22:31- INFO-   步骤2: 调用history批量获取数据...
20260412 17:22:32- INFO-   history批量返回 5198 条记录
20260412 17:22:32- INFO-   步骤3: 调用stk_get_daily_mktvalue_pt获取市值数据...
20260412 17:22:32- INFO-   stk_get_daily_mktvalue_pt返回 5198 条记录
20260412 17:22:32- INFO-   步骤4: 合并数据...
20260412 17:22:32- INFO-   数据合并完成,最终返回 5198 条记录, 18 个字段
20260412 17:22:32- INFO- ✓ 2024-04-10 数据获取成功: 5198 条
20260412 17:22:33- INFO- 开始获取 2024-04-11 的掘金全市场数据...
20260412 17:22:33- INFO-   步骤1: 调用get_symbols获取基础信息...
20260412 17:22:33- INFO-   get_symbols返回 5199 条记录
20260412 17:22:33- INFO-   过滤后剩余 5199 只股票(已剔除未上市/已退市)
20260412 17:22:33- INFO-   步骤2: 调用history批量获取数据...
20260412 17:22:34- INFO-   history批量返回 5199 条记录
20260412 17:22:34- INFO-   步骤3: 调用stk_get_daily_mktvalue_pt获取市值数据...
20260412 17:22:34- INFO-   stk_get_daily_mktvalue_pt返回 5199 条记录
20260412 17:22:34- INFO-   步骤4: 合并数据...
20260412 17:22:34- INFO-   数据合并完成,最终返回 5199 条记录, 18 个字段
20260412 17:22:34- INFO- ✓ 2024-04-11 数据获取成功: 5199 条
20260412 17:22:35- INFO- 开始获取 2024-04-12 的掘金全市场数据...
20260412 17:22:35- INFO-   步骤1: 调用get_symbols获取基础信息...
20260412 17:22:36- INFO-   get_symbols返回 5199 条记录
20260412 17:22:36- INFO-   过滤后剩余 5199 只股票(已剔除未上市/已退市)
20260412 17:22:36- INFO-   步骤2: 调用history批量获取数据...
20260412 17:22:36- INFO-   history批量返回 5199 条记录
20260412 17:22:36- INFO-   步骤3: 调用stk_get_daily_mktvalue_pt获取市值数据...
20260412 17:22:36- INFO-   stk_get_daily_mktvalue_pt返回 5199 条记录
20260412 17:22:36- INFO-   步骤4: 合并数据...
20260412 17:22:36- INFO-   数据合并完成,最终返回 5199 条记录, 18 个字段
20260412 17:22:36- INFO- ✓ 2024-04-12 数据获取成功: 5199 条
20260412 17:22:37- INFO- 开始获取 2024-04-15 的掘金全市场数据...
20260412 17:22:37- INFO-   步骤1: 调用get_symbols获取基础信息...
20260412 17:22:37- INFO-   get_symbols返回 5199 条记录
20260412 17:22:37- INFO-   过滤后剩余 5199 只股票(已剔除未上市/已退市)
20260412 17:22:37- INFO-   步骤2: 调用history批量获取数据...
20260412 17:22:38- INFO-   history批量返回 5199 条记录
20260412 17:22:38- INFO-   步骤3: 调用stk_get_daily_mktvalue_pt获取市值数据...
20260412 17:22:38- INFO-   stk_get_daily_mktvalue_pt返回 5199 条记录
20260412 17:22:38- INFO-   步骤4: 合并数据...
20260412 17:22:38- INFO-   数据合并完成,最终返回 5199 条记录, 18 个字段
20260412 17:22:38- INFO- ✓ 2024-04-15 数据获取成功: 5199 条
20260412 17:22:39- INFO- 开始获取 2024-04-16 的掘金全市场数据...
20260412 17:22:39- INFO-   步骤1: 调用get_symbols获取基础信息...
20260412 17:22:40- INFO-   get_symbols返回 5199 条记录
20260412 17:22:40- INFO-   过滤后剩余 5199 只股票(已剔除未上市/已退市)
20260412 17:22:40- INFO-   步骤2: 调用history批量获取数据...
20260412 17:22:40- INFO-   history批量返回 5199 条记录
20260412 17:22:40- INFO-   步骤3: 调用stk_get_daily_mktvalue_pt获取市值数据...
20260412 17:22:40- INFO-   stk_get_daily_mktvalue_pt返回 5199 条记录
20260412 17:22:40- INFO-   步骤4: 合并数据...
20260412 17:22:40- INFO-   数据合并完成,最终返回 5199 条记录, 18 个字段
20260412 17:22:40- INFO- ✓ 2024-04-16 数据获取成功: 5199 条
20260412 17:22:41- INFO- 开始获取 2024-04-17 的掘金全市场数据...
20260412 17:22:41- INFO-   步骤1: 调用get_symbols获取基础信息...
20260412 17:22:42- INFO-   get_symbols返回 5198 条记录
20260412 17:22:42- INFO-   过滤后剩余 5198 只股票(已剔除未上市/已退市)
20260412 17:22:42- INFO-   步骤2: 调用history批量获取数据...
20260412 17:22:42- INFO-   history批量返回 5198 条记录
20260412 17:22:42- INFO-   步骤3: 调用stk_get_daily_mktvalue_pt获取市值数据...
20260412 17:22:43- INFO-   stk_get_daily_mktvalue_pt返回 5198 条记录
20260412 17:22:43- INFO-   步骤4: 合并数据...
20260412 17:22:43- INFO-   数据合并完成,最终返回 5198 条记录, 18 个字段
20260412 17:22:43- INFO- ✓ 2024-04-17 数据获取成功: 5198 条
20260412 17:22:43- INFO- 开始获取 2024-04-18 的掘金全市场数据...
20260412 17:22:43- INFO-   步骤1: 调用get_symbols获取基础信息...
20260412 17:22:44- INFO-   get_symbols返回 5197 条记录
20260412 17:22:44- INFO-   过滤后剩余 5197 只股票(已剔除未上市/已退市)
20260412 17:22:44- INFO-   步骤2: 调用history批量获取数据...
20260412 17:22:44- INFO-   history批量返回 5197 条记录
20260412 17:22:44- INFO-   步骤3: 调用stk_get_daily_mktvalue_pt获取市值数据...
20260412 17:22:45- INFO-   stk_get_daily_mktvalue_pt返回 5197 条记录
20260412 17:22:45- INFO-   步骤4: 合并数据...
20260412 17:22:45- INFO-   数据合并完成,最终返回 5197 条记录, 18 个字段
20260412 17:22:45- INFO- ✓ 2024-04-18 数据获取成功: 5197 条
20260412 17:22:45- INFO- 开始获取 2024-04-19 的掘金全市场数据...
20260412 17:22:45- INFO-   步骤1: 调用get_symbols获取基础信息...
20260412 17:22:46- INFO-   get_symbols返回 5195 条记录
20260412 17:22:46- INFO-   过滤后剩余 5195 只股票(已剔除未上市/已退市)
20260412 17:22:46- INFO-   步骤2: 调用history批量获取数据...
20260412 17:22:46- INFO-   history批量返回 5195 条记录
20260412 17:22:46- INFO-   步骤3: 调用stk_get_daily_mktvalue_pt获取市值数据...
20260412 17:22:47- INFO-   stk_get_daily_mktvalue_pt返回 5195 条记录
20260412 17:22:47- INFO-   步骤4: 合并数据...
20260412 17:22:47- INFO-   数据合并完成,最终返回 5195 条记录, 18 个字段
20260412 17:22:47- INFO- ✓ 2024-04-19 数据获取成功: 5195 条
20260412 17:22:47- INFO- 开始获取 2024-04-22 的掘金全市场数据...
20260412 17:22:47- INFO-   步骤1: 调用get_symbols获取基础信息...
20260412 17:22:48- INFO-   get_symbols返回 5194 条记录
20260412 17:22:48- INFO-   过滤后剩余 5194 只股票(已剔除未上市/已退市)
20260412 17:22:48- INFO-   步骤2: 调用history批量获取数据...
20260412 17:22:48- INFO-   history批量返回 5194 条记录
20260412 17:22:48- INFO-   步骤3: 调用stk_get_daily_mktvalue_pt获取市值数据...
20260412 17:22:49- INFO-   stk_get_daily_mktvalue_pt返回 5194 条记录
20260412 17:22:49- INFO-   步骤4: 合并数据...
20260412 17:22:49- INFO-   数据合并完成,最终返回 5194 条记录, 18 个字段
20260412 17:22:49- INFO- ✓ 2024-04-22 数据获取成功: 5194 条
20260412 17:22:49- INFO- 开始获取 2024-04-23 的掘金全市场数据...
20260412 17:22:49- INFO-   步骤1: 调用get_symbols获取基础信息...
20260412 17:22:50- INFO-   get_symbols返回 5193 条记录
20260412 17:22:50- INFO-   过滤后剩余 5193 只股票(已剔除未上市/已退市)
20260412 17:22:50- INFO-   步骤2: 调用history批量获取数据...
20260412 17:22:51- INFO-   history批量返回 5193 条记录
20260412 17:22:51- INFO-   步骤3: 调用stk_get_daily_mktvalue_pt获取市值数据...
20260412 17:22:51- INFO-   stk_get_daily_mktvalue_pt返回 5193 条记录
20260412 17:22:51- INFO-   步骤4: 合并数据...
20260412 17:22:51- INFO-   数据合并完成,最终返回 5193 条记录, 18 个字段
20260412 17:22:51- INFO- ✓ 2024-04-23 数据获取成功: 5193 条
20260412 17:22:51- INFO- 开始获取 2024-04-24 的掘金全市场数据...
20260412 17:22:51- INFO-   步骤1: 调用get_symbols获取基础信息...
20260412 17:22:52- INFO-   get_symbols返回 5194 条记录
20260412 17:22:52- INFO-   过滤后剩余 5194 只股票(已剔除未上市/已退市)
20260412 17:22:52- INFO-   步骤2: 调用history批量获取数据...
20260412 17:22:53- INFO-   history批量返回 5194 条记录
20260412 17:22:53- INFO-   步骤3: 调用stk_get_daily_mktvalue_pt获取市值数据...
20260412 17:24:16- INFO-   stk_get_daily_mktvalue_pt返回 5194 条记录
20260412 17:24:16- INFO-   步骤4: 合并数据...
20260412 17:24:16- INFO-   数据合并完成,最终返回 5194 条记录, 18 个字段
20260412 17:24:16- INFO- ✓ 2024-04-24 数据获取成功: 5194 条
20260412 17:24:16- INFO- 开始获取 2024-04-25 的掘金全市场数据...
20260412 17:24:16- INFO-   步骤1: 调用get_symbols获取基础信息...
20260412 17:24:17- INFO-   get_symbols返回 5191 条记录
20260412 17:24:17- INFO-   过滤后剩余 5191 只股票(已剔除未上市/已退市)
20260412 17:24:17- INFO-   步骤2: 调用history批量获取数据...
20260412 17:24:17- INFO-   history批量返回 5191 条记录
20260412 17:24:17- INFO-   步骤3: 调用stk_get_daily_mktvalue_pt获取市值数据...
20260412 17:24:18- INFO-   stk_get_daily_mktvalue_pt返回 5191 条记录
20260412 17:24:18- INFO-   步骤4: 合并数据...
20260412 17:24:18- INFO-   数据合并完成,最终返回 5191 条记录, 18 个字段
20260412 17:24:18- INFO- ✓ 2024-04-25 数据获取成功: 5191 条
20260412 17:24:18- INFO- 开始获取 2024-04-26 的掘金全市场数据...
20260412 17:24:18- INFO-   步骤1: 调用get_symbols获取基础信息...
20260412 17:24:19- INFO-   get_symbols返回 5182 条记录
20260412 17:24:19- INFO-   过滤后剩余 5182 只股票(已剔除未上市/已退市)
20260412 17:24:19- INFO-   步骤2: 调用history批量获取数据...
20260412 17:24:19- INFO-   history批量返回 5182 条记录
20260412 17:24:19- INFO-   步骤3: 调用stk_get_daily_mktvalue_pt获取市值数据...
20260412 17:24:20- INFO-   stk_get_daily_mktvalue_pt返回 5182 条记录
20260412 17:24:20- INFO-   步骤4: 合并数据...
20260412 17:24:20- INFO-   数据合并完成,最终返回 5182 条记录, 18 个字段
20260412 17:24:20- INFO- ✓ 2024-04-26 数据获取成功: 5182 条
20260412 17:24:20- INFO- 开始获取 2024-04-29 的掘金全市场数据...
20260412 17:24:20- INFO-   步骤1: 调用get_symbols获取基础信息...
20260412 17:24:21- INFO-   get_symbols返回 5173 条记录
20260412 17:24:21- INFO-   过滤后剩余 5173 只股票(已剔除未上市/已退市)
20260412 17:24:21- INFO-   步骤2: 调用history批量获取数据...
20260412 17:24:21- INFO-   history批量返回 5173 条记录
20260412 17:24:21- INFO-   步骤3: 调用stk_get_daily_mktvalue_pt获取市值数据...
20260412 17:24:22- INFO-   stk_get_daily_mktvalue_pt返回 5173 条记录
20260412 17:24:22- INFO-   步骤4: 合并数据...
20260412 17:24:22- INFO-   数据合并完成,最终返回 5173 条记录, 18 个字段
20260412 17:24:22- INFO- ✓ 2024-04-29 数据获取成功: 5173 条
20260412 17:24:22- INFO- 开始获取 2024-04-30 的掘金全市场数据...
20260412 17:24:22- INFO-   步骤1: 调用get_symbols获取基础信息...
20260412 17:24:23- INFO-   get_symbols返回 5137 条记录
20260412 17:24:23- INFO-   过滤后剩余 5137 只股票(已剔除未上市/已退市)
20260412 17:24:23- INFO-   步骤2: 调用history批量获取数据...
20260412 17:24:23- INFO-   history批量返回 5137 条记录
20260412 17:24:23- INFO-   步骤3: 调用stk_get_daily_mktvalue_pt获取市值数据...
20260412 17:24:24- INFO-   stk_get_daily_mktvalue_pt返回 5137 条记录
20260412 17:24:24- INFO-   步骤4: 合并数据...
20260412 17:24:24- INFO-   数据合并完成,最终返回 5137 条记录, 18 个字段
20260412 17:24:24- INFO- ✓ 2024-04-30 数据获取成功: 5137 条
20260412 17:24:24- INFO- 开始获取 2024-05-01 的掘金全市场数据...
20260412 17:24:24- INFO-   步骤1: 调用get_symbols获取基础信息...
20260412 17:24:25- WARNING- 2024-05-01 get_symbols返回空数据
20260412 17:24:25- WARNING- ✗ 2024-05-01 无数据
20260412 17:24:25- INFO- 开始获取 2024-05-02 的掘金全市场数据...
20260412 17:24:25- INFO-   步骤1: 调用get_symbols获取基础信息...
20260412 17:24:26- WARNING- 2024-05-02 get_symbols返回空数据
20260412 17:24:26- WARNING- ✗ 2024-05-02 无数据
20260412 17:24:26- INFO- 开始获取 2024-05-03 的掘金全市场数据...
20260412 17:24:26- INFO-   步骤1: 调用get_symbols获取基础信息...
20260412 17:24:26- WARNING- 2024-05-03 get_symbols返回空数据
20260412 17:24:26- WARNING- ✗ 2024-05-03 无数据
20260412 17:24:27- INFO- 开始获取 2024-05-06 的掘金全市场数据...
20260412 17:24:27- INFO-   步骤1: 调用get_symbols获取基础信息...
20260412 17:24:28- INFO-   get_symbols返回 5177 条记录
20260412 17:24:28- INFO-   过滤后剩余 5177 只股票(已剔除未上市/已退市)
20260412 17:24:28- INFO-   步骤2: 调用history批量获取数据...
20260412 17:24:28- INFO-   history批量返回 5177 条记录
20260412 17:24:28- INFO-   步骤3: 调用stk_get_daily_mktvalue_pt获取市值数据...
20260412 17:24:28- INFO-   stk_get_daily_mktvalue_pt返回 5177 条记录
20260412 17:24:28- INFO-   步骤4: 合并数据...
20260412 17:24:29- INFO-   数据合并完成,最终返回 5177 条记录, 18 个字段
20260412 17:24:29- INFO- ✓ 2024-05-06 数据获取成功: 5177 条
20260412 17:24:29- INFO- 开始获取 2024-05-07 的掘金全市场数据...
20260412 17:24:29- INFO-   步骤1: 调用get_symbols获取基础信息...
20260412 17:24:30- INFO-   get_symbols返回 5177 条记录
20260412 17:24:30- INFO-   过滤后剩余 5177 只股票(已剔除未上市/已退市)
20260412 17:24:30- INFO-   步骤2: 调用history批量获取数据...
20260412 17:24:30- INFO-   history批量返回 5177 条记录
20260412 17:24:30- INFO-   步骤3: 调用stk_get_daily_mktvalue_pt获取市值数据...
20260412 17:24:31- INFO-   stk_get_daily_mktvalue_pt返回 5177 条记录
20260412 17:24:31- INFO-   步骤4: 合并数据...
20260412 17:24:31- INFO-   数据合并完成,最终返回 5177 条记录, 18 个字段
20260412 17:24:31- INFO- ✓ 2024-05-07 数据获取成功: 5177 条
20260412 17:24:31- INFO- 开始获取 2024-05-08 的掘金全市场数据...
20260412 17:24:31- INFO-   步骤1: 调用get_symbols获取基础信息...
20260412 17:24:32- INFO-   get_symbols返回 5175 条记录
20260412 17:24:32- INFO-   过滤后剩余 5175 只股票(已剔除未上市/已退市)
20260412 17:24:32- INFO-   步骤2: 调用history批量获取数据...
20260412 17:24:32- INFO-   history批量返回 5175 条记录
20260412 17:24:32- INFO-   步骤3: 调用stk_get_daily_mktvalue_pt获取市值数据...
20260412 17:24:33- INFO-   stk_get_daily_mktvalue_pt返回 5175 条记录
20260412 17:24:33- INFO-   步骤4: 合并数据...
20260412 17:24:33- INFO-   数据合并完成,最终返回 5175 条记录, 18 个字段
20260412 17:24:33- INFO- ✓ 2024-05-08 数据获取成功: 5175 条
20260412 17:24:33- INFO- 开始获取 2024-05-09 的掘金全市场数据...
20260412 17:24:33- INFO-   步骤1: 调用get_symbols获取基础信息...
20260412 17:24:34- INFO-   get_symbols返回 5176 条记录
20260412 17:24:34- INFO-   过滤后剩余 5176 只股票(已剔除未上市/已退市)
20260412 17:24:34- INFO-   步骤2: 调用history批量获取数据...
20260412 17:24:34- INFO-   history批量返回 5176 条记录
20260412 17:24:34- INFO-   步骤3: 调用stk_get_daily_mktvalue_pt获取市值数据...
20260412 17:24:35- INFO-   stk_get_daily_mktvalue_pt返回 5176 条记录
20260412 17:24:35- INFO-   步骤4: 合并数据...
20260412 17:24:35- INFO-   数据合并完成,最终返回 5176 条记录, 18 个字段
20260412 17:24:35- INFO- ✓ 2024-05-09 数据获取成功: 5176 条
20260412 17:24:35- INFO- 开始获取 2024-05-10 的掘金全市场数据...
20260412 17:24:35- INFO-   步骤1: 调用get_symbols获取基础信息...
20260412 17:24:36- INFO-   get_symbols返回 5175 条记录
20260412 17:24:36- INFO-   过滤后剩余 5175 只股票(已剔除未上市/已退市)
20260412 17:24:36- INFO-   步骤2: 调用history批量获取数据...
20260412 17:24:36- INFO-   history批量返回 5175 条记录
20260412 17:24:36- INFO-   步骤3: 调用stk_get_daily_mktvalue_pt获取市值数据...
20260412 17:24:37- INFO-   stk_get_daily_mktvalue_pt返回 5175 条记录
20260412 17:24:37- INFO-   步骤4: 合并数据...
20260412 17:24:37- INFO-   数据合并完成,最终返回 5175 条记录, 18 个字段
20260412 17:24:37- INFO- ✓ 2024-05-10 数据获取成功: 5175 条
20260412 17:24:37- INFO- 开始获取 2024-05-13 的掘金全市场数据...
20260412 17:24:37- INFO-   步骤1: 调用get_symbols获取基础信息...
20260412 17:24:38- INFO-   get_symbols返回 5175 条记录
20260412 17:24:38- INFO-   过滤后剩余 5175 只股票(已剔除未上市/已退市)
20260412 17:24:38- INFO-   步骤2: 调用history批量获取数据...
20260412 17:24:38- INFO-   history批量返回 5175 条记录
20260412 17:24:38- INFO-   步骤3: 调用stk_get_daily_mktvalue_pt获取市值数据...
20260412 17:24:39- INFO-   stk_get_daily_mktvalue_pt返回 5175 条记录
20260412 17:24:39- INFO-   步骤4: 合并数据...
20260412 17:24:39- INFO-   数据合并完成,最终返回 5175 条记录, 18 个字段
20260412 17:24:39- INFO- ✓ 2024-05-13 数据获取成功: 5175 条
20260412 17:24:39- INFO- 开始获取 2024-05-14 的掘金全市场数据...
20260412 17:24:39- INFO-   步骤1: 调用get_symbols获取基础信息...
20260412 17:24:40- INFO-   get_symbols返回 5178 条记录
20260412 17:24:40- INFO-   过滤后剩余 5178 只股票(已剔除未上市/已退市)
20260412 17:24:40- INFO-   步骤2: 调用history批量获取数据...
20260412 17:24:41- INFO-   history批量返回 5178 条记录
20260412 17:24:41- INFO-   步骤3: 调用stk_get_daily_mktvalue_pt获取市值数据...
20260412 17:24:41- INFO-   stk_get_daily_mktvalue_pt返回 5178 条记录
20260412 17:24:41- INFO-   步骤4: 合并数据...
20260412 17:24:41- INFO-   数据合并完成,最终返回 5178 条记录, 18 个字段
20260412 17:24:41- INFO- ✓ 2024-05-14 数据获取成功: 5178 条
20260412 17:24:42- INFO- 开始获取 2024-05-15 的掘金全市场数据...
20260412 17:24:42- INFO-   步骤1: 调用get_symbols获取基础信息...
20260412 17:24:42- INFO-   get_symbols返回 5179 条记录
20260412 17:24:42- INFO-   过滤后剩余 5179 只股票(已剔除未上市/已退市)
20260412 17:24:42- INFO-   步骤2: 调用history批量获取数据...
20260412 17:24:43- INFO-   history批量返回 5179 条记录
20260412 17:24:43- INFO-   步骤3: 调用stk_get_daily_mktvalue_pt获取市值数据...
20260412 17:24:43- INFO-   stk_get_daily_mktvalue_pt返回 5179 条记录
20260412 17:24:43- INFO-   步骤4: 合并数据...
20260412 17:24:43- INFO-   数据合并完成,最终返回 5179 条记录, 18 个字段
20260412 17:24:43- INFO- ✓ 2024-05-15 数据获取成功: 5179 条
20260412 17:24:44- INFO- 开始获取 2024-05-16 的掘金全市场数据...
20260412 17:24:44- INFO-   步骤1: 调用get_symbols获取基础信息...
20260412 17:24:45- INFO-   get_symbols返回 5177 条记录
20260412 17:24:45- INFO-   过滤后剩余 5177 只股票(已剔除未上市/已退市)
20260412 17:24:45- INFO-   步骤2: 调用history批量获取数据...
20260412 17:24:45- INFO-   history批量返回 5177 条记录
20260412 17:24:45- INFO-   步骤3: 调用stk_get_daily_mktvalue_pt获取市值数据...
20260412 17:24:45- INFO-   stk_get_daily_mktvalue_pt返回 5177 条记录
20260412 17:24:45- INFO-   步骤4: 合并数据...
20260412 17:24:45- INFO-   数据合并完成,最终返回 5177 条记录, 18 个字段
20260412 17:24:45- INFO- ✓ 2024-05-16 数据获取成功: 5177 条
20260412 17:24:46- INFO- 开始获取 2024-05-17 的掘金全市场数据...
20260412 17:24:46- INFO-   步骤1: 调用get_symbols获取基础信息...
20260412 17:24:47- INFO-   get_symbols返回 5178 条记录
20260412 17:24:47- INFO-   过滤后剩余 5178 只股票(已剔除未上市/已退市)
20260412 17:24:47- INFO-   步骤2: 调用history批量获取数据...
20260412 17:24:47- INFO-   history批量返回 5178 条记录
20260412 17:24:47- INFO-   步骤3: 调用stk_get_daily_mktvalue_pt获取市值数据...
20260412 17:24:47- INFO-   stk_get_daily_mktvalue_pt返回 5178 条记录
20260412 17:24:47- INFO-   步骤4: 合并数据...
20260412 17:24:47- INFO-   数据合并完成,最终返回 5178 条记录, 18 个字段
20260412 17:24:47- INFO- ✓ 2024-05-17 数据获取成功: 5178 条
20260412 17:24:48- INFO- 开始获取 2024-05-20 的掘金全市场数据...
20260412 17:24:48- INFO-   步骤1: 调用get_symbols获取基础信息...
20260412 17:24:49- INFO-   get_symbols返回 5174 条记录
20260412 17:24:49- INFO-   过滤后剩余 5174 只股票(已剔除未上市/已退市)
20260412 17:24:49- INFO-   步骤2: 调用history批量获取数据...
20260412 17:24:49- INFO-   history批量返回 5174 条记录
20260412 17:24:49- INFO-   步骤3: 调用stk_get_daily_mktvalue_pt获取市值数据...
20260412 17:24:49- INFO-   stk_get_daily_mktvalue_pt返回 5174 条记录
20260412 17:24:49- INFO-   步骤4: 合并数据...
20260412 17:24:49- INFO-   数据合并完成,最终返回 5174 条记录, 18 个字段
20260412 17:24:49- INFO- ✓ 2024-05-20 数据获取成功: 5174 条
20260412 17:24:50- INFO- 开始获取 2024-05-21 的掘金全市场数据...
20260412 17:24:50- INFO-   步骤1: 调用get_symbols获取基础信息...
20260412 17:24:51- INFO-   get_symbols返回 5177 条记录
20260412 17:24:51- INFO-   过滤后剩余 5177 只股票(已剔除未上市/已退市)
20260412 17:24:51- INFO-   步骤2: 调用history批量获取数据...
20260412 17:24:51- INFO-   history批量返回 5177 条记录
20260412 17:24:51- INFO-   步骤3: 调用stk_get_daily_mktvalue_pt获取市值数据...
20260412 17:24:52- INFO-   stk_get_daily_mktvalue_pt返回 5177 条记录
20260412 17:24:52- INFO-   步骤4: 合并数据...
20260412 17:24:52- INFO-   数据合并完成,最终返回 5177 条记录, 18 个字段
20260412 17:24:52- INFO- ✓ 2024-05-21 数据获取成功: 5177 条
20260412 17:24:52- INFO- 开始获取 2024-05-22 的掘金全市场数据...
20260412 17:24:52- INFO-   步骤1: 调用get_symbols获取基础信息...
20260412 17:24:53- INFO-   get_symbols返回 5178 条记录
20260412 17:24:53- INFO-   过滤后剩余 5178 只股票(已剔除未上市/已退市)
20260412 17:24:53- INFO-   步骤2: 调用history批量获取数据...
20260412 17:24:53- INFO-   history批量返回 5178 条记录
20260412 17:24:53- INFO-   步骤3: 调用stk_get_daily_mktvalue_pt获取市值数据...
20260412 17:24:54- INFO-   stk_get_daily_mktvalue_pt返回 5178 条记录
20260412 17:24:54- INFO-   步骤4: 合并数据...
20260412 17:24:54- INFO-   数据合并完成,最终返回 5178 条记录, 18 个字段
20260412 17:24:54- INFO- ✓ 2024-05-22 数据获取成功: 5178 条
20260412 17:24:54- INFO- 开始获取 2024-05-23 的掘金全市场数据...
20260412 17:24:54- INFO-   步骤1: 调用get_symbols获取基础信息...
20260412 17:24:55- INFO-   get_symbols返回 5178 条记录
20260412 17:24:55- INFO-   过滤后剩余 5178 只股票(已剔除未上市/已退市)
20260412 17:24:55- INFO-   步骤2: 调用history批量获取数据...
20260412 17:24:55- INFO-   history批量返回 5178 条记录
20260412 17:24:55- INFO-   步骤3: 调用stk_get_daily_mktvalue_pt获取市值数据...
20260412 17:24:56- INFO-   stk_get_daily_mktvalue_pt返回 5178 条记录
20260412 17:24:56- INFO-   步骤4: 合并数据...
20260412 17:24:56- INFO-   数据合并完成,最终返回 5178 条记录, 18 个字段
20260412 17:24:56- INFO- ✓ 2024-05-23 数据获取成功: 5178 条
20260412 17:24:56- INFO- 开始获取 2024-05-24 的掘金全市场数据...
20260412 17:24:56- INFO-   步骤1: 调用get_symbols获取基础信息...
20260412 17:24:57- INFO-   get_symbols返回 5178 条记录
20260412 17:24:57- INFO-   过滤后剩余 5178 只股票(已剔除未上市/已退市)
20260412 17:24:57- INFO-   步骤2: 调用history批量获取数据...
20260412 17:24:57- INFO-   history批量返回 5178 条记录
20260412 17:24:57- INFO-   步骤3: 调用stk_get_daily_mktvalue_pt获取市值数据...
20260412 17:24:58- INFO-   stk_get_daily_mktvalue_pt返回 5178 条记录
20260412 17:24:58- INFO-   步骤4: 合并数据...
20260412 17:24:58- INFO-   数据合并完成,最终返回 5178 条记录, 18 个字段
20260412 17:24:58- INFO- ✓ 2024-05-24 数据获取成功: 5178 条
20260412 17:24:58- INFO- 开始获取 2024-05-27 的掘金全市场数据...
20260412 17:24:58- INFO-   步骤1: 调用get_symbols获取基础信息...
20260412 17:24:59- INFO-   get_symbols返回 5176 条记录
20260412 17:24:59- INFO-   过滤后剩余 5176 只股票(已剔除未上市/已退市)
20260412 17:24:59- INFO-   步骤2: 调用history批量获取数据...
20260412 17:25:00- INFO-   history批量返回 5176 条记录
20260412 17:25:00- INFO-   步骤3: 调用stk_get_daily_mktvalue_pt获取市值数据...
20260412 17:25:00- INFO-   stk_get_daily_mktvalue_pt返回 5176 条记录
20260412 17:25:00- INFO-   步骤4: 合并数据...
20260412 17:25:00- INFO-   数据合并完成,最终返回 5176 条记录, 18 个字段
20260412 17:25:00- INFO- ✓ 2024-05-27 数据获取成功: 5176 条
20260412 17:25:01- INFO- 开始获取 2024-05-28 的掘金全市场数据...
20260412 17:25:01- INFO-   步骤1: 调用get_symbols获取基础信息...
20260412 17:25:02- INFO-   get_symbols返回 5176 条记录
20260412 17:25:02- INFO-   过滤后剩余 5176 只股票(已剔除未上市/已退市)
20260412 17:25:02- INFO-   步骤2: 调用history批量获取数据...
20260412 17:25:02- INFO-   history批量返回 5176 条记录
20260412 17:25:02- INFO-   步骤3: 调用stk_get_daily_mktvalue_pt获取市值数据...
20260412 17:25:02- INFO-   stk_get_daily_mktvalue_pt返回 5176 条记录
20260412 17:25:02- INFO-   步骤4: 合并数据...
20260412 17:25:02- INFO-   数据合并完成,最终返回 5176 条记录, 18 个字段
20260412 17:25:02- INFO- ✓ 2024-05-28 数据获取成功: 5176 条
20260412 17:25:03- INFO- 开始获取 2024-05-29 的掘金全市场数据...
20260412 17:25:03- INFO-   步骤1: 调用get_symbols获取基础信息...
20260412 17:25:04- INFO-   get_symbols返回 5176 条记录
20260412 17:25:04- INFO-   过滤后剩余 5176 只股票(已剔除未上市/已退市)
20260412 17:25:04- INFO-   步骤2: 调用history批量获取数据...
20260412 17:25:04- INFO-   history批量返回 5176 条记录
20260412 17:25:04- INFO-   步骤3: 调用stk_get_daily_mktvalue_pt获取市值数据...
20260412 17:25:04- INFO-   stk_get_daily_mktvalue_pt返回 5176 条记录
20260412 17:25:04- INFO-   步骤4: 合并数据...
20260412 17:25:05- INFO-   数据合并完成,最终返回 5176 条记录, 18 个字段
20260412 17:25:05- INFO- ✓ 2024-05-29 数据获取成功: 5176 条
20260412 17:25:05- INFO- 开始获取 2024-05-30 的掘金全市场数据...
20260412 17:25:05- INFO-   步骤1: 调用get_symbols获取基础信息...
20260412 17:25:06- INFO-   get_symbols返回 5176 条记录
20260412 17:25:06- INFO-   过滤后剩余 5176 只股票(已剔除未上市/已退市)
20260412 17:25:06- INFO-   步骤2: 调用history批量获取数据...
20260412 17:25:06- INFO-   history批量返回 5176 条记录
20260412 17:25:06- INFO-   步骤3: 调用stk_get_daily_mktvalue_pt获取市值数据...
20260412 17:25:07- INFO-   stk_get_daily_mktvalue_pt返回 5176 条记录
20260412 17:25:07- INFO-   步骤4: 合并数据...
20260412 17:25:07- INFO-   数据合并完成,最终返回 5176 条记录, 18 个字段
20260412 17:25:07- INFO- ✓ 2024-05-30 数据获取成功: 5176 条
20260412 17:25:07- INFO- 开始获取 2024-05-31 的掘金全市场数据...
20260412 17:25:07- INFO-   步骤1: 调用get_symbols获取基础信息...
20260412 17:25:08- INFO-   get_symbols返回 5175 条记录
20260412 17:25:08- INFO-   过滤后剩余 5175 只股票(已剔除未上市/已退市)
20260412 17:25:08- INFO-   步骤2: 调用history批量获取数据...
20260412 17:25:08- INFO-   history批量返回 5175 条记录
20260412 17:25:08- INFO-   步骤3: 调用stk_get_daily_mktvalue_pt获取市值数据...
20260412 17:25:09- INFO-   stk_get_daily_mktvalue_pt返回 5175 条记录
20260412 17:25:09- INFO-   步骤4: 合并数据...
20260412 17:25:09- INFO-   数据合并完成,最终返回 5175 条记录, 18 个字段
20260412 17:25:09- INFO- ✓ 2024-05-31 数据获取成功: 5175 条
20260412 17:25:09- INFO- 开始获取 2024-06-03 的掘金全市场数据...
20260412 17:25:09- INFO-   步骤1: 调用get_symbols获取基础信息...
20260412 17:25:10- INFO-   get_symbols返回 5174 条记录
20260412 17:25:10- INFO-   过滤后剩余 5174 只股票(已剔除未上市/已退市)
20260412 17:25:10- INFO-   步骤2: 调用history批量获取数据...
20260412 17:25:11- INFO-   history批量返回 5174 条记录
20260412 17:25:11- INFO-   步骤3: 调用stk_get_daily_mktvalue_pt获取市值数据...
20260412 17:25:11- INFO-   stk_get_daily_mktvalue_pt返回 5174 条记录
20260412 17:25:11- INFO-   步骤4: 合并数据...
20260412 17:25:11- INFO-   数据合并完成,最终返回 5174 条记录, 18 个字段
20260412 17:25:11- INFO- ✓ 2024-06-03 数据获取成功: 5174 条
20260412 17:25:12- INFO- 开始获取 2024-06-04 的掘金全市场数据...
20260412 17:25:12- INFO-   步骤1: 调用get_symbols获取基础信息...
20260412 17:25:12- INFO-   get_symbols返回 5174 条记录
20260412 17:25:12- INFO-   过滤后剩余 5174 只股票(已剔除未上市/已退市)
20260412 17:25:12- INFO-   步骤2: 调用history批量获取数据...
20260412 17:25:13- INFO-   history批量返回 5174 条记录
20260412 17:25:13- INFO-   步骤3: 调用stk_get_daily_mktvalue_pt获取市值数据...
20260412 17:25:13- INFO-   stk_get_daily_mktvalue_pt返回 5174 条记录
20260412 17:25:13- INFO-   步骤4: 合并数据...
20260412 17:25:13- INFO-   数据合并完成,最终返回 5174 条记录, 18 个字段
20260412 17:25:13- INFO- ✓ 2024-06-04 数据获取成功: 5174 条
20260412 17:25:14- INFO- 开始获取 2024-06-05 的掘金全市场数据...
20260412 17:25:14- INFO-   步骤1: 调用get_symbols获取基础信息...
20260412 17:25:14- INFO-   get_symbols返回 5179 条记录
20260412 17:25:14- INFO-   过滤后剩余 5179 只股票(已剔除未上市/已退市)
20260412 17:25:14- INFO-   步骤2: 调用history批量获取数据...
20260412 17:25:15- INFO-   history批量返回 5179 条记录
20260412 17:25:15- INFO-   步骤3: 调用stk_get_daily_mktvalue_pt获取市值数据...
20260412 17:25:15- INFO-   stk_get_daily_mktvalue_pt返回 5179 条记录
20260412 17:25:15- INFO-   步骤4: 合并数据...
20260412 17:25:15- INFO-   数据合并完成,最终返回 5179 条记录, 18 个字段
20260412 17:25:15- INFO- ✓ 2024-06-05 数据获取成功: 5179 条
20260412 17:25:16- INFO- 开始获取 2024-06-06 的掘金全市场数据...
20260412 17:25:16- INFO-   步骤1: 调用get_symbols获取基础信息...
20260412 17:25:17- INFO-   get_symbols返回 5181 条记录
20260412 17:25:17- INFO-   过滤后剩余 5181 只股票(已剔除未上市/已退市)
20260412 17:25:17- INFO-   步骤2: 调用history批量获取数据...
20260412 17:25:17- INFO-   history批量返回 5181 条记录
20260412 17:25:17- INFO-   步骤3: 调用stk_get_daily_mktvalue_pt获取市值数据...
20260412 17:25:18- INFO-   stk_get_daily_mktvalue_pt返回 5181 条记录
20260412 17:25:18- INFO-   步骤4: 合并数据...
20260412 17:25:18- INFO-   数据合并完成,最终返回 5181 条记录, 18 个字段
20260412 17:25:18- INFO- ✓ 2024-06-06 数据获取成功: 5181 条
20260412 17:25:18- INFO- 开始获取 2024-06-07 的掘金全市场数据...
20260412 17:25:18- INFO-   步骤1: 调用get_symbols获取基础信息...
20260412 17:25:19- INFO-   get_symbols返回 5178 条记录
20260412 17:25:19- INFO-   过滤后剩余 5178 只股票(已剔除未上市/已退市)
20260412 17:25:19- INFO-   步骤2: 调用history批量获取数据...
20260412 17:25:19- INFO-   history批量返回 5178 条记录
20260412 17:25:19- INFO-   步骤3: 调用stk_get_daily_mktvalue_pt获取市值数据...
20260412 17:25:20- INFO-   stk_get_daily_mktvalue_pt返回 5178 条记录
20260412 17:25:20- INFO-   步骤4: 合并数据...
20260412 17:25:20- INFO-   数据合并完成,最终返回 5178 条记录, 18 个字段
20260412 17:25:20- INFO- ✓ 2024-06-07 数据获取成功: 5178 条
20260412 17:25:20- INFO- 开始获取 2024-06-10 的掘金全市场数据...
20260412 17:25:20- INFO-   步骤1: 调用get_symbols获取基础信息...
20260412 17:25:21- WARNING- 2024-06-10 get_symbols返回空数据
20260412 17:25:21- WARNING- ✗ 2024-06-10 无数据
20260412 17:25:21- INFO- 开始获取 2024-06-11 的掘金全市场数据...
20260412 17:25:21- INFO-   步骤1: 调用get_symbols获取基础信息...
20260412 17:25:22- INFO-   get_symbols返回 5178 条记录
20260412 17:25:22- INFO-   过滤后剩余 5178 只股票(已剔除未上市/已退市)
20260412 17:25:22- INFO-   步骤2: 调用history批量获取数据...
20260412 17:25:22- INFO-   history批量返回 5178 条记录
20260412 17:25:22- INFO-   步骤3: 调用stk_get_daily_mktvalue_pt获取市值数据...
20260412 17:25:23- INFO-   stk_get_daily_mktvalue_pt返回 5178 条记录
20260412 17:25:23- INFO-   步骤4: 合并数据...
20260412 17:25:23- INFO-   数据合并完成,最终返回 5178 条记录, 18 个字段
20260412 17:25:23- INFO- ✓ 2024-06-11 数据获取成功: 5178 条
20260412 17:25:23- INFO- 开始获取 2024-06-12 的掘金全市场数据...
20260412 17:25:23- INFO-   步骤1: 调用get_symbols获取基础信息...
20260412 17:25:24- INFO-   get_symbols返回 5181 条记录
20260412 17:25:24- INFO-   过滤后剩余 5181 只股票(已剔除未上市/已退市)
20260412 17:25:24- INFO-   步骤2: 调用history批量获取数据...
20260412 17:25:24- INFO-   history批量返回 5181 条记录
20260412 17:25:24- INFO-   步骤3: 调用stk_get_daily_mktvalue_pt获取市值数据...
20260412 17:25:25- INFO-   stk_get_daily_mktvalue_pt返回 5181 条记录
20260412 17:25:25- INFO-   步骤4: 合并数据...
20260412 17:25:25- INFO-   数据合并完成,最终返回 5181 条记录, 18 个字段
20260412 17:25:25- INFO- ✓ 2024-06-12 数据获取成功: 5181 条
20260412 17:25:25- INFO- 开始获取 2024-06-13 的掘金全市场数据...
20260412 17:25:25- INFO-   步骤1: 调用get_symbols获取基础信息...
20260412 17:25:26- INFO-   get_symbols返回 5182 条记录
20260412 17:25:26- INFO-   过滤后剩余 5182 只股票(已剔除未上市/已退市)
20260412 17:25:26- INFO-   步骤2: 调用history批量获取数据...
20260412 17:25:26- INFO-   history批量返回 5182 条记录
20260412 17:25:26- INFO-   步骤3: 调用stk_get_daily_mktvalue_pt获取市值数据...
20260412 17:25:27- INFO-   stk_get_daily_mktvalue_pt返回 5182 条记录
20260412 17:25:27- INFO-   步骤4: 合并数据...
20260412 17:25:27- INFO-   数据合并完成,最终返回 5182 条记录, 18 个字段
20260412 17:25:27- INFO- ✓ 2024-06-13 数据获取成功: 5182 条
20260412 17:25:27- INFO- 开始获取 2024-06-14 的掘金全市场数据...
20260412 17:25:27- INFO-   步骤1: 调用get_symbols获取基础信息...
20260412 17:25:28- INFO-   get_symbols返回 5183 条记录
20260412 17:25:28- INFO-   过滤后剩余 5183 只股票(已剔除未上市/已退市)
20260412 17:25:28- INFO-   步骤2: 调用history批量获取数据...
20260412 17:25:28- INFO-   history批量返回 5183 条记录
20260412 17:25:28- INFO-   步骤3: 调用stk_get_daily_mktvalue_pt获取市值数据...
20260412 17:25:29- INFO-   stk_get_daily_mktvalue_pt返回 5183 条记录
20260412 17:25:29- INFO-   步骤4: 合并数据...
20260412 17:25:29- INFO-   数据合并完成,最终返回 5183 条记录, 18 个字段
20260412 17:25:29- INFO- ✓ 2024-06-14 数据获取成功: 5183 条
20260412 17:25:29- INFO- 开始获取 2024-06-17 的掘金全市场数据...
20260412 17:25:29- INFO-   步骤1: 调用get_symbols获取基础信息...
20260412 17:25:30- INFO-   get_symbols返回 5181 条记录
20260412 17:25:30- INFO-   过滤后剩余 5181 只股票(已剔除未上市/已退市)
20260412 17:25:30- INFO-   步骤2: 调用history批量获取数据...
20260412 17:25:31- INFO-   history批量返回 5181 条记录
20260412 17:25:31- INFO-   步骤3: 调用stk_get_daily_mktvalue_pt获取市值数据...
20260412 17:25:31- INFO-   stk_get_daily_mktvalue_pt返回 5181 条记录
20260412 17:25:31- INFO-   步骤4: 合并数据...
20260412 17:25:31- INFO-   数据合并完成,最终返回 5181 条记录, 18 个字段
20260412 17:25:31- INFO- ✓ 2024-06-17 数据获取成功: 5181 条
20260412 17:25:32- INFO- 开始获取 2024-06-18 的掘金全市场数据...
20260412 17:25:32- INFO-   步骤1: 调用get_symbols获取基础信息...
20260412 17:25:32- INFO-   get_symbols返回 5179 条记录
20260412 17:25:32- INFO-   过滤后剩余 5179 只股票(已剔除未上市/已退市)
20260412 17:25:32- INFO-   步骤2: 调用history批量获取数据...
20260412 17:25:33- INFO-   history批量返回 5179 条记录
20260412 17:25:33- INFO-   步骤3: 调用stk_get_daily_mktvalue_pt获取市值数据...
20260412 17:25:33- INFO-   stk_get_daily_mktvalue_pt返回 5179 条记录
20260412 17:25:33- INFO-   步骤4: 合并数据...
20260412 17:25:33- INFO-   数据合并完成,最终返回 5179 条记录, 18 个字段
20260412 17:25:33- INFO- ✓ 2024-06-18 数据获取成功: 5179 条
20260412 17:25:34- INFO- 开始获取 2024-06-19 的掘金全市场数据...
20260412 17:25:34- INFO-   步骤1: 调用get_symbols获取基础信息...
20260412 17:25:35- INFO-   get_symbols返回 5178 条记录
20260412 17:25:35- INFO-   过滤后剩余 5178 只股票(已剔除未上市/已退市)
20260412 17:25:35- INFO-   步骤2: 调用history批量获取数据...
20260412 17:25:35- INFO-   history批量返回 5178 条记录
20260412 17:25:35- INFO-   步骤3: 调用stk_get_daily_mktvalue_pt获取市值数据...
20260412 17:25:35- INFO-   stk_get_daily_mktvalue_pt返回 5178 条记录
20260412 17:25:35- INFO-   步骤4: 合并数据...
20260412 17:25:35- INFO-   数据合并完成,最终返回 5178 条记录, 18 个字段
20260412 17:25:35- INFO- ✓ 2024-06-19 数据获取成功: 5178 条
20260412 17:25:36- INFO- 开始获取 2024-06-20 的掘金全市场数据...
20260412 17:25:36- INFO-   步骤1: 调用get_symbols获取基础信息...
20260412 17:25:37- INFO-   get_symbols返回 5177 条记录
20260412 17:25:37- INFO-   过滤后剩余 5177 只股票(已剔除未上市/已退市)
20260412 17:25:37- INFO-   步骤2: 调用history批量获取数据...
20260412 17:25:37- INFO-   history批量返回 5177 条记录
20260412 17:25:37- INFO-   步骤3: 调用stk_get_daily_mktvalue_pt获取市值数据...
20260412 17:25:37- INFO-   stk_get_daily_mktvalue_pt返回 5177 条记录
20260412 17:25:37- INFO-   步骤4: 合并数据...
20260412 17:25:37- INFO-   数据合并完成,最终返回 5177 条记录, 18 个字段
20260412 17:25:37- INFO- ✓ 2024-06-20 数据获取成功: 5177 条
20260412 17:25:38- INFO- 开始获取 2024-06-21 的掘金全市场数据...
20260412 17:25:38- INFO-   步骤1: 调用get_symbols获取基础信息...
20260412 17:25:39- INFO-   get_symbols返回 5177 条记录
20260412 17:25:39- INFO-   过滤后剩余 5177 只股票(已剔除未上市/已退市)
20260412 17:25:39- INFO-   步骤2: 调用history批量获取数据...
20260412 17:25:39- INFO-   history批量返回 5177 条记录
20260412 17:25:39- INFO-   步骤3: 调用stk_get_daily_mktvalue_pt获取市值数据...
20260412 17:25:39- INFO-   stk_get_daily_mktvalue_pt返回 5177 条记录
20260412 17:25:39- INFO-   步骤4: 合并数据...
20260412 17:25:39- INFO-   数据合并完成,最终返回 5177 条记录, 18 个字段
20260412 17:25:39- INFO- ✓ 2024-06-21 数据获取成功: 5177 条
20260412 17:25:40- INFO- 开始获取 2024-06-24 的掘金全市场数据...
20260412 17:25:40- INFO-   步骤1: 调用get_symbols获取基础信息...
20260412 17:25:41- INFO-   get_symbols返回 5187 条记录
20260412 17:25:41- INFO-   过滤后剩余 5175 只股票(已剔除未上市/已退市)
20260412 17:25:41- INFO-   步骤2: 调用history批量获取数据...
20260412 17:25:41- INFO-   history批量返回 5175 条记录
20260412 17:25:41- INFO-   步骤3: 调用stk_get_daily_mktvalue_pt获取市值数据...
20260412 17:25:42- INFO-   stk_get_daily_mktvalue_pt返回 5175 条记录
20260412 17:25:42- INFO-   步骤4: 合并数据...
20260412 17:25:42- INFO-   数据合并完成,最终返回 5175 条记录, 18 个字段
20260412 17:25:42- INFO- ✓ 2024-06-24 数据获取成功: 5175 条
20260412 17:25:42- INFO- 开始获取 2024-06-25 的掘金全市场数据...
20260412 17:25:42- INFO-   步骤1: 调用get_symbols获取基础信息...
20260412 17:25:43- INFO-   get_symbols返回 5170 条记录
20260412 17:25:43- INFO-   过滤后剩余 5170 只股票(已剔除未上市/已退市)
20260412 17:25:43- INFO-   步骤2: 调用history批量获取数据...
20260412 17:25:43- INFO-   history批量返回 5170 条记录
20260412 17:25:43- INFO-   步骤3: 调用stk_get_daily_mktvalue_pt获取市值数据...
20260412 17:25:44- INFO-   stk_get_daily_mktvalue_pt返回 5170 条记录
20260412 17:25:44- INFO-   步骤4: 合并数据...
20260412 17:25:44- INFO-   数据合并完成,最终返回 5170 条记录, 18 个字段
20260412 17:25:44- INFO- ✓ 2024-06-25 数据获取成功: 5170 条
20260412 17:25:44- INFO- 开始获取 2024-06-26 的掘金全市场数据...
20260412 17:25:44- INFO-   步骤1: 调用get_symbols获取基础信息...
20260412 17:25:45- INFO-   get_symbols返回 5177 条记录
20260412 17:25:45- INFO-   过滤后剩余 5177 只股票(已剔除未上市/已退市)
20260412 17:25:45- INFO-   步骤2: 调用history批量获取数据...
20260412 17:25:45- INFO-   history批量返回 5177 条记录
20260412 17:25:45- INFO-   步骤3: 调用stk_get_daily_mktvalue_pt获取市值数据...
20260412 17:25:46- INFO-   stk_get_daily_mktvalue_pt返回 5177 条记录
20260412 17:25:46- INFO-   步骤4: 合并数据...
20260412 17:25:46- INFO-   数据合并完成,最终返回 5177 条记录, 18 个字段
20260412 17:25:46- INFO- ✓ 2024-06-26 数据获取成功: 5177 条
20260412 17:25:46- INFO- 开始获取 2024-06-27 的掘金全市场数据...
20260412 17:25:46- INFO-   步骤1: 调用get_symbols获取基础信息...
20260412 17:25:47- INFO-   get_symbols返回 5171 条记录
20260412 17:25:47- INFO-   过滤后剩余 5171 只股票(已剔除未上市/已退市)
20260412 17:25:47- INFO-   步骤2: 调用history批量获取数据...
20260412 17:25:47- INFO-   history批量返回 5171 条记录
20260412 17:25:47- INFO-   步骤3: 调用stk_get_daily_mktvalue_pt获取市值数据...
20260412 17:25:48- INFO-   stk_get_daily_mktvalue_pt返回 5171 条记录
20260412 17:25:48- INFO-   步骤4: 合并数据...
20260412 17:25:48- INFO-   数据合并完成,最终返回 5171 条记录, 18 个字段
20260412 17:25:48- INFO- ✓ 2024-06-27 数据获取成功: 5171 条
20260412 17:25:48- INFO- 开始获取 2024-06-28 的掘金全市场数据...
20260412 17:25:48- INFO-   步骤1: 调用get_symbols获取基础信息...
20260412 17:25:49- INFO-   get_symbols返回 5170 条记录
20260412 17:25:49- INFO-   过滤后剩余 5170 只股票(已剔除未上市/已退市)
20260412 17:25:49- INFO-   步骤2: 调用history批量获取数据...
20260412 17:25:49- INFO-   history批量返回 5170 条记录
20260412 17:25:49- INFO-   步骤3: 调用stk_get_daily_mktvalue_pt获取市值数据...
20260412 17:25:50- INFO-   stk_get_daily_mktvalue_pt返回 5170 条记录
20260412 17:25:50- INFO-   步骤4: 合并数据...
20260412 17:25:50- INFO-   数据合并完成,最终返回 5170 条记录, 18 个字段
20260412 17:25:50- INFO- ✓ 2024-06-28 数据获取成功: 5170 条
20260412 17:25:50- INFO- 开始获取 2024-07-01 的掘金全市场数据...
20260412 17:25:50- INFO-   步骤1: 调用get_symbols获取基础信息...
20260412 17:25:51- INFO-   get_symbols返回 5168 条记录
20260412 17:25:51- INFO-   过滤后剩余 5168 只股票(已剔除未上市/已退市)
20260412 17:25:51- INFO-   步骤2: 调用history批量获取数据...
20260412 17:25:52- INFO-   history批量返回 5168 条记录
20260412 17:25:52- INFO-   步骤3: 调用stk_get_daily_mktvalue_pt获取市值数据...
20260412 17:25:52- INFO-   stk_get_daily_mktvalue_pt返回 5168 条记录
20260412 17:25:52- INFO-   步骤4: 合并数据...
20260412 17:25:52- INFO-   数据合并完成,最终返回 5168 条记录, 18 个字段
20260412 17:25:52- INFO- ✓ 2024-07-01 数据获取成功: 5168 条
20260412 17:25:52- INFO- 开始获取 2024-07-02 的掘金全市场数据...
20260412 17:25:52- INFO-   步骤1: 调用get_symbols获取基础信息...
20260412 17:25:53- INFO-   get_symbols返回 5168 条记录
20260412 17:25:53- INFO-   过滤后剩余 5168 只股票(已剔除未上市/已退市)
20260412 17:25:53- INFO-   步骤2: 调用history批量获取数据...
20260412 17:25:54- INFO-   history批量返回 5168 条记录
20260412 17:25:54- INFO-   步骤3: 调用stk_get_daily_mktvalue_pt获取市值数据...
20260412 17:25:54- INFO-   stk_get_daily_mktvalue_pt返回 5168 条记录
20260412 17:25:54- INFO-   步骤4: 合并数据...
20260412 17:25:54- INFO-   数据合并完成,最终返回 5168 条记录, 18 个字段
20260412 17:25:54- INFO- ✓ 2024-07-02 数据获取成功: 5168 条
20260412 17:25:55- INFO- 开始获取 2024-07-03 的掘金全市场数据...
20260412 17:25:55- INFO-   步骤1: 调用get_symbols获取基础信息...
20260412 17:25:55- INFO-   get_symbols返回 5167 条记录
20260412 17:25:56- INFO-   过滤后剩余 5167 只股票(已剔除未上市/已退市)
20260412 17:25:56- INFO-   步骤2: 调用history批量获取数据...
20260412 17:25:56- INFO-   history批量返回 5167 条记录
20260412 17:25:56- INFO-   步骤3: 调用stk_get_daily_mktvalue_pt获取市值数据...
20260412 17:25:56- INFO-   stk_get_daily_mktvalue_pt返回 5167 条记录
20260412 17:25:56- INFO-   步骤4: 合并数据...
20260412 17:25:56- INFO-   数据合并完成,最终返回 5167 条记录, 18 个字段
20260412 17:25:56- INFO- ✓ 2024-07-03 数据获取成功: 5167 条
20260412 17:25:57- INFO- 开始获取 2024-07-04 的掘金全市场数据...
20260412 17:25:57- INFO-   步骤1: 调用get_symbols获取基础信息...
20260412 17:25:58- INFO-   get_symbols返回 5168 条记录
20260412 17:25:58- INFO-   过滤后剩余 5168 只股票(已剔除未上市/已退市)
20260412 17:25:58- INFO-   步骤2: 调用history批量获取数据...
20260412 17:25:58- INFO-   history批量返回 5168 条记录
20260412 17:25:58- INFO-   步骤3: 调用stk_get_daily_mktvalue_pt获取市值数据...
20260412 17:25:58- INFO-   stk_get_daily_mktvalue_pt返回 5168 条记录
20260412 17:25:58- INFO-   步骤4: 合并数据...
20260412 17:25:59- INFO-   数据合并完成,最终返回 5168 条记录, 18 个字段
20260412 17:25:59- INFO- ✓ 2024-07-04 数据获取成功: 5168 条
20260412 17:25:59- INFO- 开始获取 2024-07-05 的掘金全市场数据...
20260412 17:25:59- INFO-   步骤1: 调用get_symbols获取基础信息...
20260412 17:26:00- INFO-   get_symbols返回 5166 条记录
20260412 17:26:00- INFO-   过滤后剩余 5166 只股票(已剔除未上市/已退市)
20260412 17:26:00- INFO-   步骤2: 调用history批量获取数据...
20260412 17:26:00- INFO-   history批量返回 5166 条记录
20260412 17:26:00- INFO-   步骤3: 调用stk_get_daily_mktvalue_pt获取市值数据...
20260412 17:26:01- INFO-   stk_get_daily_mktvalue_pt返回 5166 条记录
20260412 17:26:01- INFO-   步骤4: 合并数据...
20260412 17:26:01- INFO-   数据合并完成,最终返回 5166 条记录, 18 个字段
20260412 17:26:01- INFO- ✓ 2024-07-05 数据获取成功: 5166 条
20260412 17:26:01- INFO- 开始获取 2024-07-08 的掘金全市场数据...
20260412 17:26:01- INFO-   步骤1: 调用get_symbols获取基础信息...
20260412 17:26:02- INFO-   get_symbols返回 5166 条记录
20260412 17:26:02- INFO-   过滤后剩余 5166 只股票(已剔除未上市/已退市)
20260412 17:26:02- INFO-   步骤2: 调用history批量获取数据...
20260412 17:26:02- INFO-   history批量返回 5166 条记录
20260412 17:26:02- INFO-   步骤3: 调用stk_get_daily_mktvalue_pt获取市值数据...
20260412 17:26:03- INFO-   stk_get_daily_mktvalue_pt返回 5166 条记录
20260412 17:26:03- INFO-   步骤4: 合并数据...
20260412 17:26:03- INFO-   数据合并完成,最终返回 5166 条记录, 18 个字段
20260412 17:26:03- INFO- ✓ 2024-07-08 数据获取成功: 5166 条
20260412 17:26:03- INFO- 开始获取 2024-07-09 的掘金全市场数据...
20260412 17:26:03- INFO-   步骤1: 调用get_symbols获取基础信息...
20260412 17:26:04- INFO-   get_symbols返回 5173 条记录
20260412 17:26:04- INFO-   过滤后剩余 5173 只股票(已剔除未上市/已退市)
20260412 17:26:04- INFO-   步骤2: 调用history批量获取数据...
20260412 17:26:04- INFO-   history批量返回 5173 条记录
20260412 17:26:04- INFO-   步骤3: 调用stk_get_daily_mktvalue_pt获取市值数据...
20260412 17:26:05- INFO-   stk_get_daily_mktvalue_pt返回 5173 条记录
20260412 17:26:05- INFO-   步骤4: 合并数据...
20260412 17:26:05- INFO-   数据合并完成,最终返回 5173 条记录, 18 个字段
20260412 17:26:05- INFO- ✓ 2024-07-09 数据获取成功: 5173 条
20260412 17:26:05- INFO- 开始获取 2024-07-10 的掘金全市场数据...
20260412 17:26:05- INFO-   步骤1: 调用get_symbols获取基础信息...
20260412 17:26:06- INFO-   get_symbols返回 5175 条记录
20260412 17:26:06- INFO-   过滤后剩余 5175 只股票(已剔除未上市/已退市)
20260412 17:26:06- INFO-   步骤2: 调用history批量获取数据...
20260412 17:26:07- INFO-   history批量返回 5175 条记录
20260412 17:26:07- INFO-   步骤3: 调用stk_get_daily_mktvalue_pt获取市值数据...
20260412 17:26:07- INFO-   stk_get_daily_mktvalue_pt返回 5175 条记录
20260412 17:26:07- INFO-   步骤4: 合并数据...
20260412 17:26:07- INFO-   数据合并完成,最终返回 5175 条记录, 18 个字段
20260412 17:26:07- INFO- ✓ 2024-07-10 数据获取成功: 5175 条
20260412 17:26:08- INFO- 开始获取 2024-07-11 的掘金全市场数据...
20260412 17:26:08- INFO-   步骤1: 调用get_symbols获取基础信息...
20260412 17:26:08- INFO-   get_symbols返回 5175 条记录
20260412 17:26:08- INFO-   过滤后剩余 5175 只股票(已剔除未上市/已退市)
20260412 17:26:08- INFO-   步骤2: 调用history批量获取数据...
20260412 17:26:09- INFO-   history批量返回 5175 条记录
20260412 17:26:09- INFO-   步骤3: 调用stk_get_daily_mktvalue_pt获取市值数据...
20260412 17:26:09- INFO-   stk_get_daily_mktvalue_pt返回 5175 条记录
20260412 17:26:09- INFO-   步骤4: 合并数据...
20260412 17:26:09- INFO-   数据合并完成,最终返回 5175 条记录, 18 个字段
20260412 17:26:09- INFO- ✓ 2024-07-11 数据获取成功: 5175 条
20260412 17:26:10- INFO- 开始获取 2024-07-12 的掘金全市场数据...
20260412 17:26:10- INFO-   步骤1: 调用get_symbols获取基础信息...
20260412 17:26:10- INFO-   get_symbols返回 5175 条记录
20260412 17:26:10- INFO-   过滤后剩余 5175 只股票(已剔除未上市/已退市)
20260412 17:26:10- INFO-   步骤2: 调用history批量获取数据...
20260412 17:26:11- INFO-   history批量返回 5175 条记录
20260412 17:26:11- INFO-   步骤3: 调用stk_get_daily_mktvalue_pt获取市值数据...
20260412 17:26:11- INFO-   stk_get_daily_mktvalue_pt返回 5175 条记录
20260412 17:26:11- INFO-   步骤4: 合并数据...
20260412 17:26:11- INFO-   数据合并完成,最终返回 5175 条记录, 18 个字段
20260412 17:26:11- INFO- ✓ 2024-07-12 数据获取成功: 5175 条
20260412 17:26:12- INFO- 开始获取 2024-07-15 的掘金全市场数据...
20260412 17:26:12- INFO-   步骤1: 调用get_symbols获取基础信息...
20260412 17:26:12- INFO-   get_symbols返回 5176 条记录
20260412 17:26:12- INFO-   过滤后剩余 5176 只股票(已剔除未上市/已退市)
20260412 17:26:12- INFO-   步骤2: 调用history批量获取数据...
20260412 17:26:13- INFO-   history批量返回 5176 条记录
20260412 17:26:13- INFO-   步骤3: 调用stk_get_daily_mktvalue_pt获取市值数据...
20260412 17:26:13- INFO-   stk_get_daily_mktvalue_pt返回 5176 条记录
20260412 17:26:13- INFO-   步骤4: 合并数据...
20260412 17:26:13- INFO-   数据合并完成,最终返回 5176 条记录, 18 个字段
20260412 17:26:13- INFO- ✓ 2024-07-15 数据获取成功: 5176 条
20260412 17:26:14- INFO- 开始获取 2024-07-16 的掘金全市场数据...
20260412 17:26:14- INFO-   步骤1: 调用get_symbols获取基础信息...
20260412 17:26:15- INFO-   get_symbols返回 5176 条记录
20260412 17:26:15- INFO-   过滤后剩余 5176 只股票(已剔除未上市/已退市)
20260412 17:26:15- INFO-   步骤2: 调用history批量获取数据...
20260412 17:26:15- INFO-   history批量返回 5176 条记录
20260412 17:26:15- INFO-   步骤3: 调用stk_get_daily_mktvalue_pt获取市值数据...
20260412 17:26:18- INFO-   stk_get_daily_mktvalue_pt返回 5176 条记录
20260412 17:26:18- INFO-   步骤4: 合并数据...
20260412 17:26:18- INFO-   数据合并完成,最终返回 5176 条记录, 18 个字段
20260412 17:26:18- INFO- ✓ 2024-07-16 数据获取成功: 5176 条
20260412 17:26:19- INFO- 开始获取 2024-07-17 的掘金全市场数据...
20260412 17:26:19- INFO-   步骤1: 调用get_symbols获取基础信息...
20260412 17:26:19- INFO-   get_symbols返回 5173 条记录
20260412 17:26:19- INFO-   过滤后剩余 5173 只股票(已剔除未上市/已退市)
20260412 17:26:19- INFO-   步骤2: 调用history批量获取数据...
20260412 17:26:20- INFO-   history批量返回 5173 条记录
20260412 17:26:20- INFO-   步骤3: 调用stk_get_daily_mktvalue_pt获取市值数据...
20260412 17:26:20- INFO-   stk_get_daily_mktvalue_pt返回 5173 条记录
20260412 17:26:20- INFO-   步骤4: 合并数据...
20260412 17:26:20- INFO-   数据合并完成,最终返回 5173 条记录, 18 个字段
20260412 17:26:20- INFO- ✓ 2024-07-17 数据获取成功: 5173 条
20260412 17:26:21- INFO- 开始获取 2024-07-18 的掘金全市场数据...
20260412 17:26:21- INFO-   步骤1: 调用get_symbols获取基础信息...
20260412 17:26:22- INFO-   get_symbols返回 5170 条记录
20260412 17:26:22- INFO-   过滤后剩余 5170 只股票(已剔除未上市/已退市)
20260412 17:26:22- INFO-   步骤2: 调用history批量获取数据...
20260412 17:26:22- INFO-   history批量返回 5170 条记录
20260412 17:26:22- INFO-   步骤3: 调用stk_get_daily_mktvalue_pt获取市值数据...
20260412 17:26:22- INFO-   stk_get_daily_mktvalue_pt返回 5170 条记录
20260412 17:26:22- INFO-   步骤4: 合并数据...
20260412 17:26:22- INFO-   数据合并完成,最终返回 5170 条记录, 18 个字段
20260412 17:26:22- INFO- ✓ 2024-07-18 数据获取成功: 5170 条
20260412 17:26:23- INFO- 开始获取 2024-07-19 的掘金全市场数据...
20260412 17:26:23- INFO-   步骤1: 调用get_symbols获取基础信息...
20260412 17:26:24- INFO-   get_symbols返回 5169 条记录
20260412 17:26:24- INFO-   过滤后剩余 5169 只股票(已剔除未上市/已退市)
20260412 17:26:24- INFO-   步骤2: 调用history批量获取数据...
20260412 17:26:24- INFO-   history批量返回 5169 条记录
20260412 17:26:24- INFO-   步骤3: 调用stk_get_daily_mktvalue_pt获取市值数据...
20260412 17:26:24- INFO-   stk_get_daily_mktvalue_pt返回 5169 条记录
20260412 17:26:24- INFO-   步骤4: 合并数据...
20260412 17:26:24- INFO-   数据合并完成,最终返回 5169 条记录, 18 个字段
20260412 17:26:24- INFO- ✓ 2024-07-19 数据获取成功: 5169 条
20260412 17:26:25- INFO- 开始获取 2024-07-22 的掘金全市场数据...
20260412 17:26:25- INFO-   步骤1: 调用get_symbols获取基础信息...
20260412 17:26:26- INFO-   get_symbols返回 5168 条记录
20260412 17:26:26- INFO-   过滤后剩余 5168 只股票(已剔除未上市/已退市)
20260412 17:26:26- INFO-   步骤2: 调用history批量获取数据...
20260412 17:26:26- INFO-   history批量返回 5168 条记录
20260412 17:26:26- INFO-   步骤3: 调用stk_get_daily_mktvalue_pt获取市值数据...
20260412 17:26:27- INFO-   stk_get_daily_mktvalue_pt返回 5168 条记录
20260412 17:26:27- INFO-   步骤4: 合并数据...
20260412 17:26:27- INFO-   数据合并完成,最终返回 5168 条记录, 18 个字段
20260412 17:26:27- INFO- ✓ 2024-07-22 数据获取成功: 5168 条
20260412 17:26:27- INFO- 开始获取 2024-07-23 的掘金全市场数据...
20260412 17:26:27- INFO-   步骤1: 调用get_symbols获取基础信息...
20260412 17:26:28- INFO-   get_symbols返回 5168 条记录
20260412 17:26:28- INFO-   过滤后剩余 5168 只股票(已剔除未上市/已退市)
20260412 17:26:28- INFO-   步骤2: 调用history批量获取数据...
20260412 17:26:28- INFO-   history批量返回 5168 条记录
20260412 17:26:28- INFO-   步骤3: 调用stk_get_daily_mktvalue_pt获取市值数据...
20260412 17:26:29- INFO-   stk_get_daily_mktvalue_pt返回 5168 条记录
20260412 17:26:29- INFO-   步骤4: 合并数据...
20260412 17:26:29- INFO-   数据合并完成,最终返回 5168 条记录, 18 个字段
20260412 17:26:29- INFO- ✓ 2024-07-23 数据获取成功: 5168 条
20260412 17:26:29- INFO- 开始获取 2024-07-24 的掘金全市场数据...
20260412 17:26:29- INFO-   步骤1: 调用get_symbols获取基础信息...
20260412 17:26:30- INFO-   get_symbols返回 5168 条记录
20260412 17:26:30- INFO-   过滤后剩余 5168 只股票(已剔除未上市/已退市)
20260412 17:26:30- INFO-   步骤2: 调用history批量获取数据...
20260412 17:26:30- INFO-   history批量返回 5168 条记录
20260412 17:26:30- INFO-   步骤3: 调用stk_get_daily_mktvalue_pt获取市值数据...
20260412 17:26:31- INFO-   stk_get_daily_mktvalue_pt返回 5168 条记录
20260412 17:26:31- INFO-   步骤4: 合并数据...
20260412 17:26:31- INFO-   数据合并完成,最终返回 5168 条记录, 18 个字段
20260412 17:26:31- INFO- ✓ 2024-07-24 数据获取成功: 5168 条
20260412 17:26:31- INFO- 开始获取 2024-07-25 的掘金全市场数据...
20260412 17:26:31- INFO-   步骤1: 调用get_symbols获取基础信息...
20260412 17:26:32- INFO-   get_symbols返回 5166 条记录
20260412 17:26:32- INFO-   过滤后剩余 5166 只股票(已剔除未上市/已退市)
20260412 17:26:32- INFO-   步骤2: 调用history批量获取数据...
20260412 17:26:33- INFO-   history批量返回 5166 条记录
20260412 17:26:33- INFO-   步骤3: 调用stk_get_daily_mktvalue_pt获取市值数据...
20260412 17:26:33- INFO-   stk_get_daily_mktvalue_pt返回 5166 条记录
20260412 17:26:33- INFO-   步骤4: 合并数据...
20260412 17:26:33- INFO-   数据合并完成,最终返回 5166 条记录, 18 个字段
20260412 17:26:33- INFO- ✓ 2024-07-25 数据获取成功: 5166 条
20260412 17:26:34- INFO- 开始获取 2024-07-26 的掘金全市场数据...
20260412 17:26:34- INFO-   步骤1: 调用get_symbols获取基础信息...
20260412 17:26:35- INFO-   get_symbols返回 5168 条记录
20260412 17:26:35- INFO-   过滤后剩余 5168 只股票(已剔除未上市/已退市)
20260412 17:26:35- INFO-   步骤2: 调用history批量获取数据...
20260412 17:26:35- INFO-   history批量返回 5168 条记录
20260412 17:26:35- INFO-   步骤3: 调用stk_get_daily_mktvalue_pt获取市值数据...
20260412 17:26:35- INFO-   stk_get_daily_mktvalue_pt返回 5168 条记录
20260412 17:26:35- INFO-   步骤4: 合并数据...
20260412 17:26:35- INFO-   数据合并完成,最终返回 5168 条记录, 18 个字段
20260412 17:26:35- INFO- ✓ 2024-07-26 数据获取成功: 5168 条
20260412 17:26:36- INFO- 开始获取 2024-07-29 的掘金全市场数据...
20260412 17:26:36- INFO-   步骤1: 调用get_symbols获取基础信息...
20260412 17:26:37- INFO-   get_symbols返回 5166 条记录
20260412 17:26:37- INFO-   过滤后剩余 5166 只股票(已剔除未上市/已退市)
20260412 17:26:37- INFO-   步骤2: 调用history批量获取数据...
20260412 17:26:37- INFO-   history批量返回 5166 条记录
20260412 17:26:37- INFO-   步骤3: 调用stk_get_daily_mktvalue_pt获取市值数据...
20260412 17:26:37- INFO-   stk_get_daily_mktvalue_pt返回 5166 条记录
20260412 17:26:37- INFO-   步骤4: 合并数据...
20260412 17:26:37- INFO-   数据合并完成,最终返回 5166 条记录, 18 个字段
20260412 17:26:37- INFO- ✓ 2024-07-29 数据获取成功: 5166 条
20260412 17:26:38- INFO- 开始获取 2024-07-30 的掘金全市场数据...
20260412 17:26:38- INFO-   步骤1: 调用get_symbols获取基础信息...
20260412 17:26:39- INFO-   get_symbols返回 5167 条记录
20260412 17:26:39- INFO-   过滤后剩余 5167 只股票(已剔除未上市/已退市)
20260412 17:26:39- INFO-   步骤2: 调用history批量获取数据...
20260412 17:26:39- INFO-   history批量返回 5167 条记录
20260412 17:26:39- INFO-   步骤3: 调用stk_get_daily_mktvalue_pt获取市值数据...
20260412 17:26:39- INFO-   stk_get_daily_mktvalue_pt返回 5167 条记录
20260412 17:26:39- INFO-   步骤4: 合并数据...
20260412 17:26:39- INFO-   数据合并完成,最终返回 5167 条记录, 18 个字段
20260412 17:26:39- INFO- ✓ 2024-07-30 数据获取成功: 5167 条
20260412 17:26:40- INFO- 开始获取 2024-07-31 的掘金全市场数据...
20260412 17:26:40- INFO-   步骤1: 调用get_symbols获取基础信息...
20260412 17:26:41- INFO-   get_symbols返回 5167 条记录
20260412 17:26:41- INFO-   过滤后剩余 5167 只股票(已剔除未上市/已退市)
20260412 17:26:41- INFO-   步骤2: 调用history批量获取数据...
20260412 17:26:41- INFO-   history批量返回 5167 条记录
20260412 17:26:41- INFO-   步骤3: 调用stk_get_daily_mktvalue_pt获取市值数据...
20260412 17:26:41- INFO-   stk_get_daily_mktvalue_pt返回 5167 条记录
20260412 17:26:41- INFO-   步骤4: 合并数据...
20260412 17:26:41- INFO-   数据合并完成,最终返回 5167 条记录, 18 个字段
20260412 17:26:41- INFO- ✓ 2024-07-31 数据获取成功: 5167 条
20260412 17:26:42- INFO- 开始获取 2024-08-01 的掘金全市场数据...
20260412 17:26:42- INFO-   步骤1: 调用get_symbols获取基础信息...
20260412 17:26:42- INFO-   get_symbols返回 5167 条记录
20260412 17:26:42- INFO-   过滤后剩余 5167 只股票(已剔除未上市/已退市)
20260412 17:26:42- INFO-   步骤2: 调用history批量获取数据...
20260412 17:26:43- INFO-   history批量返回 5167 条记录
20260412 17:26:43- INFO-   步骤3: 调用stk_get_daily_mktvalue_pt获取市值数据...
20260412 17:26:43- INFO-   stk_get_daily_mktvalue_pt返回 5167 条记录
20260412 17:26:43- INFO-   步骤4: 合并数据...
20260412 17:26:43- INFO-   数据合并完成,最终返回 5167 条记录, 18 个字段
20260412 17:26:43- INFO- ✓ 2024-08-01 数据获取成功: 5167 条
20260412 17:26:44- INFO- 开始获取 2024-08-02 的掘金全市场数据...
20260412 17:26:44- INFO-   步骤1: 调用get_symbols获取基础信息...
20260412 17:26:44- INFO-   get_symbols返回 5169 条记录
20260412 17:26:45- INFO-   过滤后剩余 5169 只股票(已剔除未上市/已退市)
20260412 17:26:45- INFO-   步骤2: 调用history批量获取数据...
20260412 17:26:45- INFO-   history批量返回 5169 条记录
20260412 17:26:45- INFO-   步骤3: 调用stk_get_daily_mktvalue_pt获取市值数据...
20260412 17:26:45- INFO-   stk_get_daily_mktvalue_pt返回 5169 条记录
20260412 17:26:45- INFO-   步骤4: 合并数据...
20260412 17:26:45- INFO-   数据合并完成,最终返回 5169 条记录, 18 个字段
20260412 17:26:45- INFO- ✓ 2024-08-02 数据获取成功: 5169 条
20260412 17:26:46- INFO- 开始获取 2024-08-05 的掘金全市场数据...
20260412 17:26:46- INFO-   步骤1: 调用get_symbols获取基础信息...
20260412 17:26:46- INFO-   get_symbols返回 5167 条记录
20260412 17:26:46- INFO-   过滤后剩余 5167 只股票(已剔除未上市/已退市)
20260412 17:26:46- INFO-   步骤2: 调用history批量获取数据...
20260412 17:26:47- INFO-   history批量返回 5167 条记录
20260412 17:26:47- INFO-   步骤3: 调用stk_get_daily_mktvalue_pt获取市值数据...
20260412 17:26:47- INFO-   stk_get_daily_mktvalue_pt返回 5167 条记录
20260412 17:26:47- INFO-   步骤4: 合并数据...
20260412 17:26:47- INFO-   数据合并完成,最终返回 5167 条记录, 18 个字段
20260412 17:26:47- INFO- ✓ 2024-08-05 数据获取成功: 5167 条
20260412 17:26:48- INFO- 开始获取 2024-08-06 的掘金全市场数据...
20260412 17:26:48- INFO-   步骤1: 调用get_symbols获取基础信息...
20260412 17:26:48- INFO-   get_symbols返回 5168 条记录
20260412 17:26:48- INFO-   过滤后剩余 5168 只股票(已剔除未上市/已退市)
20260412 17:26:48- INFO-   步骤2: 调用history批量获取数据...
20260412 17:26:49- INFO-   history批量返回 5168 条记录
20260412 17:26:49- INFO-   步骤3: 调用stk_get_daily_mktvalue_pt获取市值数据...
20260412 17:26:49- INFO-   stk_get_daily_mktvalue_pt返回 5168 条记录
20260412 17:26:49- INFO-   步骤4: 合并数据...
20260412 17:26:49- INFO-   数据合并完成,最终返回 5168 条记录, 18 个字段
20260412 17:26:49- INFO- ✓ 2024-08-06 数据获取成功: 5168 条
20260412 17:26:50- INFO- 开始获取 2024-08-07 的掘金全市场数据...
20260412 17:26:50- INFO-   步骤1: 调用get_symbols获取基础信息...
20260412 17:26:50- INFO-   get_symbols返回 5168 条记录
20260412 17:26:50- INFO-   过滤后剩余 5168 只股票(已剔除未上市/已退市)
20260412 17:26:50- INFO-   步骤2: 调用history批量获取数据...
20260412 17:26:51- INFO-   history批量返回 5168 条记录
20260412 17:26:51- INFO-   步骤3: 调用stk_get_daily_mktvalue_pt获取市值数据...
20260412 17:26:51- INFO-   stk_get_daily_mktvalue_pt返回 5168 条记录
20260412 17:26:51- INFO-   步骤4: 合并数据...
20260412 17:26:51- INFO-   数据合并完成,最终返回 5168 条记录, 18 个字段
20260412 17:26:51- INFO- ✓ 2024-08-07 数据获取成功: 5168 条
20260412 17:26:52- INFO- 开始获取 2024-08-08 的掘金全市场数据...
20260412 17:26:52- INFO-   步骤1: 调用get_symbols获取基础信息...
20260412 17:26:52- INFO-   get_symbols返回 5170 条记录
20260412 17:26:52- INFO-   过滤后剩余 5170 只股票(已剔除未上市/已退市)
20260412 17:26:52- INFO-   步骤2: 调用history批量获取数据...
20260412 17:26:53- INFO-   history批量返回 5170 条记录
20260412 17:26:53- INFO-   步骤3: 调用stk_get_daily_mktvalue_pt获取市值数据...
20260412 17:26:53- INFO-   stk_get_daily_mktvalue_pt返回 5170 条记录
20260412 17:26:53- INFO-   步骤4: 合并数据...
20260412 17:26:53- INFO-   数据合并完成,最终返回 5170 条记录, 18 个字段
20260412 17:26:53- INFO- ✓ 2024-08-08 数据获取成功: 5170 条
20260412 17:26:54- INFO- 开始获取 2024-08-09 的掘金全市场数据...
20260412 17:26:54- INFO-   步骤1: 调用get_symbols获取基础信息...
20260412 17:26:55- INFO-   get_symbols返回 5170 条记录
20260412 17:26:55- INFO-   过滤后剩余 5170 只股票(已剔除未上市/已退市)
20260412 17:26:55- INFO-   步骤2: 调用history批量获取数据...
20260412 17:26:55- INFO-   history批量返回 5170 条记录
20260412 17:26:55- INFO-   步骤3: 调用stk_get_daily_mktvalue_pt获取市值数据...
20260412 17:26:55- INFO-   stk_get_daily_mktvalue_pt返回 5170 条记录
20260412 17:26:55- INFO-   步骤4: 合并数据...
20260412 17:26:55- INFO-   数据合并完成,最终返回 5170 条记录, 18 个字段
20260412 17:26:55- INFO- ✓ 2024-08-09 数据获取成功: 5170 条
20260412 17:26:56- INFO- 开始获取 2024-08-12 的掘金全市场数据...
20260412 17:26:56- INFO-   步骤1: 调用get_symbols获取基础信息...
20260412 17:26:57- INFO-   get_symbols返回 5171 条记录
20260412 17:26:57- INFO-   过滤后剩余 5171 只股票(已剔除未上市/已退市)
20260412 17:26:57- INFO-   步骤2: 调用history批量获取数据...
20260412 17:26:57- INFO-   history批量返回 5171 条记录
20260412 17:26:57- INFO-   步骤3: 调用stk_get_daily_mktvalue_pt获取市值数据...
20260412 17:26:58- INFO-   stk_get_daily_mktvalue_pt返回 5171 条记录
20260412 17:26:58- INFO-   步骤4: 合并数据...
20260412 17:26:58- INFO-   数据合并完成,最终返回 5171 条记录, 18 个字段
20260412 17:26:58- INFO- ✓ 2024-08-12 数据获取成功: 5171 条
20260412 17:26:58- INFO- 开始获取 2024-08-13 的掘金全市场数据...
20260412 17:26:58- INFO-   步骤1: 调用get_symbols获取基础信息...
20260412 17:26:59- INFO-   get_symbols返回 5171 条记录
20260412 17:26:59- INFO-   过滤后剩余 5171 只股票(已剔除未上市/已退市)
20260412 17:26:59- INFO-   步骤2: 调用history批量获取数据...
20260412 17:26:59- INFO-   history批量返回 5171 条记录
20260412 17:26:59- INFO-   步骤3: 调用stk_get_daily_mktvalue_pt获取市值数据...
20260412 17:27:00- INFO-   stk_get_daily_mktvalue_pt返回 5171 条记录
20260412 17:27:00- INFO-   步骤4: 合并数据...
20260412 17:27:00- INFO-   数据合并完成,最终返回 5171 条记录, 18 个字段
20260412 17:27:00- INFO- ✓ 2024-08-13 数据获取成功: 5171 条
20260412 17:27:00- INFO- 开始获取 2024-08-14 的掘金全市场数据...
20260412 17:27:00- INFO-   步骤1: 调用get_symbols获取基础信息...
20260412 17:27:01- INFO-   get_symbols返回 5171 条记录
20260412 17:27:01- INFO-   过滤后剩余 5171 只股票(已剔除未上市/已退市)
20260412 17:27:01- INFO-   步骤2: 调用history批量获取数据...
20260412 17:27:01- INFO-   history批量返回 5171 条记录
20260412 17:27:01- INFO-   步骤3: 调用stk_get_daily_mktvalue_pt获取市值数据...
20260412 17:27:02- INFO-   stk_get_daily_mktvalue_pt返回 5171 条记录
20260412 17:27:02- INFO-   步骤4: 合并数据...
20260412 17:27:02- INFO-   数据合并完成,最终返回 5171 条记录, 18 个字段
20260412 17:27:02- INFO- ✓ 2024-08-14 数据获取成功: 5171 条
20260412 17:27:02- INFO- 开始获取 2024-08-15 的掘金全市场数据...
20260412 17:27:02- INFO-   步骤1: 调用get_symbols获取基础信息...
20260412 17:27:03- INFO-   get_symbols返回 5171 条记录
20260412 17:27:03- INFO-   过滤后剩余 5171 只股票(已剔除未上市/已退市)
20260412 17:27:03- INFO-   步骤2: 调用history批量获取数据...
20260412 17:27:04- INFO-   history批量返回 5171 条记录
20260412 17:27:04- INFO-   步骤3: 调用stk_get_daily_mktvalue_pt获取市值数据...
20260412 17:27:04- INFO-   stk_get_daily_mktvalue_pt返回 5171 条记录
20260412 17:27:04- INFO-   步骤4: 合并数据...
20260412 17:27:04- INFO-   数据合并完成,最终返回 5171 条记录, 18 个字段
20260412 17:27:04- INFO- ✓ 2024-08-15 数据获取成功: 5171 条
20260412 17:27:05- INFO- 开始获取 2024-08-16 的掘金全市场数据...
20260412 17:27:05- INFO-   步骤1: 调用get_symbols获取基础信息...
20260412 17:27:05- INFO-   get_symbols返回 5171 条记录
20260412 17:27:05- INFO-   过滤后剩余 5171 只股票(已剔除未上市/已退市)
20260412 17:27:05- INFO-   步骤2: 调用history批量获取数据...
20260412 17:27:06- INFO-   history批量返回 5171 条记录
20260412 17:27:06- INFO-   步骤3: 调用stk_get_daily_mktvalue_pt获取市值数据...
20260412 17:27:06- INFO-   stk_get_daily_mktvalue_pt返回 5171 条记录
20260412 17:27:06- INFO-   步骤4: 合并数据...
20260412 17:27:06- INFO-   数据合并完成,最终返回 5171 条记录, 18 个字段
20260412 17:27:06- INFO- ✓ 2024-08-16 数据获取成功: 5171 条
20260412 17:27:07- INFO- 开始获取 2024-08-19 的掘金全市场数据...
20260412 17:27:07- INFO-   步骤1: 调用get_symbols获取基础信息...
20260412 17:27:07- INFO-   get_symbols返回 5170 条记录
20260412 17:27:07- INFO-   过滤后剩余 5170 只股票(已剔除未上市/已退市)
20260412 17:27:07- INFO-   步骤2: 调用history批量获取数据...
20260412 17:27:08- INFO-   history批量返回 5170 条记录
20260412 17:27:08- INFO-   步骤3: 调用stk_get_daily_mktvalue_pt获取市值数据...
20260412 17:27:08- INFO-   stk_get_daily_mktvalue_pt返回 5170 条记录
20260412 17:27:08- INFO-   步骤4: 合并数据...
20260412 17:27:08- INFO-   数据合并完成,最终返回 5170 条记录, 18 个字段
20260412 17:27:08- INFO- ✓ 2024-08-19 数据获取成功: 5170 条
20260412 17:27:09- INFO- 开始获取 2024-08-20 的掘金全市场数据...
20260412 17:27:09- INFO-   步骤1: 调用get_symbols获取基础信息...
20260412 17:27:10- INFO-   get_symbols返回 5171 条记录
20260412 17:27:10- INFO-   过滤后剩余 5171 只股票(已剔除未上市/已退市)
20260412 17:27:10- INFO-   步骤2: 调用history批量获取数据...
20260412 17:27:10- INFO-   history批量返回 5171 条记录
20260412 17:27:10- INFO-   步骤3: 调用stk_get_daily_mktvalue_pt获取市值数据...
20260412 17:27:10- INFO-   stk_get_daily_mktvalue_pt返回 5171 条记录
20260412 17:27:10- INFO-   步骤4: 合并数据...
20260412 17:27:10- INFO-   数据合并完成,最终返回 5171 条记录, 18 个字段
20260412 17:27:10- INFO- ✓ 2024-08-20 数据获取成功: 5171 条
20260412 17:27:11- INFO- 开始获取 2024-08-21 的掘金全市场数据...
20260412 17:27:11- INFO-   步骤1: 调用get_symbols获取基础信息...
20260412 17:27:12- INFO-   get_symbols返回 5172 条记录
20260412 17:27:12- INFO-   过滤后剩余 5172 只股票(已剔除未上市/已退市)
20260412 17:27:12- INFO-   步骤2: 调用history批量获取数据...
20260412 17:27:12- INFO-   history批量返回 5172 条记录
20260412 17:27:12- INFO-   步骤3: 调用stk_get_daily_mktvalue_pt获取市值数据...
20260412 17:27:12- INFO-   stk_get_daily_mktvalue_pt返回 5172 条记录
20260412 17:27:12- INFO-   步骤4: 合并数据...
20260412 17:27:12- INFO-   数据合并完成,最终返回 5172 条记录, 18 个字段
20260412 17:27:12- INFO- ✓ 2024-08-21 数据获取成功: 5172 条
20260412 17:27:13- INFO- 开始获取 2024-08-22 的掘金全市场数据...
20260412 17:27:13- INFO-   步骤1: 调用get_symbols获取基础信息...
20260412 17:27:14- INFO-   get_symbols返回 5171 条记录
20260412 17:27:14- INFO-   过滤后剩余 5171 只股票(已剔除未上市/已退市)
20260412 17:27:14- INFO-   步骤2: 调用history批量获取数据...
20260412 17:27:14- INFO-   history批量返回 5171 条记录
20260412 17:27:14- INFO-   步骤3: 调用stk_get_daily_mktvalue_pt获取市值数据...
20260412 17:27:14- INFO-   stk_get_daily_mktvalue_pt返回 5171 条记录
20260412 17:27:14- INFO-   步骤4: 合并数据...
20260412 17:27:14- INFO-   数据合并完成,最终返回 5171 条记录, 18 个字段
20260412 17:27:14- INFO- ✓ 2024-08-22 数据获取成功: 5171 条
20260412 17:27:15- INFO- 开始获取 2024-08-23 的掘金全市场数据...
20260412 17:27:15- INFO-   步骤1: 调用get_symbols获取基础信息...
20260412 17:27:16- INFO-   get_symbols返回 5169 条记录
20260412 17:27:16- INFO-   过滤后剩余 5169 只股票(已剔除未上市/已退市)
20260412 17:27:16- INFO-   步骤2: 调用history批量获取数据...
20260412 17:27:16- INFO-   history批量返回 5169 条记录
20260412 17:27:16- INFO-   步骤3: 调用stk_get_daily_mktvalue_pt获取市值数据...
20260412 17:27:16- INFO-   stk_get_daily_mktvalue_pt返回 5169 条记录
20260412 17:27:16- INFO-   步骤4: 合并数据...
20260412 17:27:16- INFO-   数据合并完成,最终返回 5169 条记录, 18 个字段
20260412 17:27:16- INFO- ✓ 2024-08-23 数据获取成功: 5169 条
20260412 17:27:17- INFO- 开始获取 2024-08-26 的掘金全市场数据...
20260412 17:27:17- INFO-   步骤1: 调用get_symbols获取基础信息...
20260412 17:27:18- INFO-   get_symbols返回 5171 条记录
20260412 17:27:18- INFO-   过滤后剩余 5171 只股票(已剔除未上市/已退市)
20260412 17:27:18- INFO-   步骤2: 调用history批量获取数据...
20260412 17:27:18- INFO-   history批量返回 5171 条记录
20260412 17:27:18- INFO-   步骤3: 调用stk_get_daily_mktvalue_pt获取市值数据...
20260412 17:27:18- INFO-   stk_get_daily_mktvalue_pt返回 5171 条记录
20260412 17:27:18- INFO-   步骤4: 合并数据...
20260412 17:27:18- INFO-   数据合并完成,最终返回 5171 条记录, 18 个字段
20260412 17:27:18- INFO- ✓ 2024-08-26 数据获取成功: 5171 条
20260412 17:27:19- INFO- 开始获取 2024-08-27 的掘金全市场数据...
20260412 17:27:19- INFO-   步骤1: 调用get_symbols获取基础信息...
20260412 17:27:20- INFO-   get_symbols返回 5170 条记录
20260412 17:27:20- INFO-   过滤后剩余 5170 只股票(已剔除未上市/已退市)
20260412 17:27:20- INFO-   步骤2: 调用history批量获取数据...
20260412 17:27:20- INFO-   history批量返回 5170 条记录
20260412 17:27:20- INFO-   步骤3: 调用stk_get_daily_mktvalue_pt获取市值数据...
20260412 17:27:21- INFO-   stk_get_daily_mktvalue_pt返回 5170 条记录
20260412 17:27:21- INFO-   步骤4: 合并数据...
20260412 17:27:21- INFO-   数据合并完成,最终返回 5170 条记录, 18 个字段
20260412 17:27:21- INFO- ✓ 2024-08-27 数据获取成功: 5170 条
20260412 17:27:21- INFO- 开始获取 2024-08-28 的掘金全市场数据...
20260412 17:27:21- INFO-   步骤1: 调用get_symbols获取基础信息...
20260412 17:27:22- INFO-   get_symbols返回 5170 条记录
20260412 17:27:22- INFO-   过滤后剩余 5170 只股票(已剔除未上市/已退市)
20260412 17:27:22- INFO-   步骤2: 调用history批量获取数据...
20260412 17:27:22- INFO-   history批量返回 5170 条记录
20260412 17:27:22- INFO-   步骤3: 调用stk_get_daily_mktvalue_pt获取市值数据...
20260412 17:27:23- INFO-   stk_get_daily_mktvalue_pt返回 5170 条记录
20260412 17:27:23- INFO-   步骤4: 合并数据...
20260412 17:27:23- INFO-   数据合并完成,最终返回 5170 条记录, 18 个字段
20260412 17:27:23- INFO- ✓ 2024-08-28 数据获取成功: 5170 条
20260412 17:27:23- INFO- 开始获取 2024-08-29 的掘金全市场数据...
20260412 17:27:23- INFO-   步骤1: 调用get_symbols获取基础信息...
20260412 17:27:24- INFO-   get_symbols返回 5169 条记录
20260412 17:27:24- INFO-   过滤后剩余 5169 只股票(已剔除未上市/已退市)
20260412 17:27:24- INFO-   步骤2: 调用history批量获取数据...
20260412 17:27:24- INFO-   history批量返回 5169 条记录
20260412 17:27:24- INFO-   步骤3: 调用stk_get_daily_mktvalue_pt获取市值数据...
20260412 17:27:25- INFO-   stk_get_daily_mktvalue_pt返回 5169 条记录
20260412 17:27:25- INFO-   步骤4: 合并数据...
20260412 17:27:25- INFO-   数据合并完成,最终返回 5169 条记录, 18 个字段
20260412 17:27:25- INFO- ✓ 2024-08-29 数据获取成功: 5169 条
20260412 17:27:25- INFO- 开始获取 2024-08-30 的掘金全市场数据...
20260412 17:27:25- INFO-   步骤1: 调用get_symbols获取基础信息...
20260412 17:27:26- INFO-   get_symbols返回 5169 条记录
20260412 17:27:26- INFO-   过滤后剩余 5169 只股票(已剔除未上市/已退市)
20260412 17:27:26- INFO-   步骤2: 调用history批量获取数据...
20260412 17:27:26- INFO-   history批量返回 5169 条记录
20260412 17:27:26- INFO-   步骤3: 调用stk_get_daily_mktvalue_pt获取市值数据...
20260412 17:27:28- INFO-   stk_get_daily_mktvalue_pt返回 5169 条记录
20260412 17:27:28- INFO-   步骤4: 合并数据...
20260412 17:27:28- INFO-   数据合并完成,最终返回 5169 条记录, 18 个字段
20260412 17:27:28- INFO- ✓ 2024-08-30 数据获取成功: 5169 条
20260412 17:27:28- INFO- 开始获取 2024-09-02 的掘金全市场数据...
20260412 17:27:28- INFO-   步骤1: 调用get_symbols获取基础信息...
20260412 17:27:29- INFO-   get_symbols返回 5166 条记录
20260412 17:27:29- INFO-   过滤后剩余 5166 只股票(已剔除未上市/已退市)
20260412 17:27:29- INFO-   步骤2: 调用history批量获取数据...
20260412 17:27:30- INFO-   history批量返回 5166 条记录
20260412 17:27:30- INFO-   步骤3: 调用stk_get_daily_mktvalue_pt获取市值数据...
20260412 17:27:30- INFO-   stk_get_daily_mktvalue_pt返回 5166 条记录
20260412 17:27:30- INFO-   步骤4: 合并数据...
20260412 17:27:30- INFO-   数据合并完成,最终返回 5166 条记录, 18 个字段
20260412 17:27:30- INFO- ✓ 2024-09-02 数据获取成功: 5166 条
20260412 17:27:31- INFO- 开始获取 2024-09-03 的掘金全市场数据...
20260412 17:27:31- INFO-   步骤1: 调用get_symbols获取基础信息...
20260412 17:27:31- INFO-   get_symbols返回 5167 条记录
20260412 17:27:31- INFO-   过滤后剩余 5167 只股票(已剔除未上市/已退市)
20260412 17:27:31- INFO-   步骤2: 调用history批量获取数据...
20260412 17:27:32- INFO-   history批量返回 5167 条记录
20260412 17:27:32- INFO-   步骤3: 调用stk_get_daily_mktvalue_pt获取市值数据...
20260412 17:27:32- INFO-   stk_get_daily_mktvalue_pt返回 5167 条记录
20260412 17:27:32- INFO-   步骤4: 合并数据...
20260412 17:27:32- INFO-   数据合并完成,最终返回 5167 条记录, 18 个字段
20260412 17:27:32- INFO- ✓ 2024-09-03 数据获取成功: 5167 条
20260412 17:27:33- INFO- 开始获取 2024-09-04 的掘金全市场数据...
20260412 17:27:33- INFO-   步骤1: 调用get_symbols获取基础信息...
20260412 17:27:33- INFO-   get_symbols返回 5167 条记录
20260412 17:27:33- INFO-   过滤后剩余 5167 只股票(已剔除未上市/已退市)
20260412 17:27:33- INFO-   步骤2: 调用history批量获取数据...
20260412 17:27:34- INFO-   history批量返回 5167 条记录
20260412 17:27:34- INFO-   步骤3: 调用stk_get_daily_mktvalue_pt获取市值数据...
20260412 17:27:34- INFO-   stk_get_daily_mktvalue_pt返回 5167 条记录
20260412 17:27:34- INFO-   步骤4: 合并数据...
20260412 17:27:34- INFO-   数据合并完成,最终返回 5167 条记录, 18 个字段
20260412 17:27:34- INFO- ✓ 2024-09-04 数据获取成功: 5167 条
20260412 17:27:35- INFO- 开始获取 2024-09-05 的掘金全市场数据...
20260412 17:27:35- INFO-   步骤1: 调用get_symbols获取基础信息...
20260412 17:27:36- INFO-   get_symbols返回 5167 条记录
20260412 17:27:36- INFO-   过滤后剩余 5167 只股票(已剔除未上市/已退市)
20260412 17:27:36- INFO-   步骤2: 调用history批量获取数据...
20260412 17:27:36- INFO-   history批量返回 5167 条记录
20260412 17:27:36- INFO-   步骤3: 调用stk_get_daily_mktvalue_pt获取市值数据...
20260412 17:27:36- INFO-   stk_get_daily_mktvalue_pt返回 5167 条记录
20260412 17:27:36- INFO-   步骤4: 合并数据...
20260412 17:27:36- INFO-   数据合并完成,最终返回 5167 条记录, 18 个字段
20260412 17:27:36- INFO- ✓ 2024-09-05 数据获取成功: 5167 条
20260412 17:27:37- INFO- 开始获取 2024-09-06 的掘金全市场数据...
20260412 17:27:37- INFO-   步骤1: 调用get_symbols获取基础信息...
20260412 17:27:38- INFO-   get_symbols返回 5167 条记录
20260412 17:27:38- INFO-   过滤后剩余 5167 只股票(已剔除未上市/已退市)
20260412 17:27:38- INFO-   步骤2: 调用history批量获取数据...
20260412 17:27:38- INFO-   history批量返回 5167 条记录
20260412 17:27:38- INFO-   步骤3: 调用stk_get_daily_mktvalue_pt获取市值数据...
20260412 17:27:39- INFO-   stk_get_daily_mktvalue_pt返回 5167 条记录
20260412 17:27:39- INFO-   步骤4: 合并数据...
20260412 17:27:39- INFO-   数据合并完成,最终返回 5167 条记录, 18 个字段
20260412 17:27:39- INFO- ✓ 2024-09-06 数据获取成功: 5167 条
20260412 17:27:40- INFO- 开始获取 2024-09-09 的掘金全市场数据...
20260412 17:27:40- INFO-   步骤1: 调用get_symbols获取基础信息...
20260412 17:27:40- INFO-   get_symbols返回 5165 条记录
20260412 17:27:40- INFO-   过滤后剩余 5165 只股票(已剔除未上市/已退市)
20260412 17:27:40- INFO-   步骤2: 调用history批量获取数据...
20260412 17:27:41- INFO-   history批量返回 5165 条记录
20260412 17:27:41- INFO-   步骤3: 调用stk_get_daily_mktvalue_pt获取市值数据...
20260412 17:27:41- INFO-   stk_get_daily_mktvalue_pt返回 5165 条记录
20260412 17:27:41- INFO-   步骤4: 合并数据...
20260412 17:27:41- INFO-   数据合并完成,最终返回 5165 条记录, 18 个字段
20260412 17:27:41- INFO- ✓ 2024-09-09 数据获取成功: 5165 条
20260412 17:27:42- INFO- 开始获取 2024-09-10 的掘金全市场数据...
20260412 17:27:42- INFO-   步骤1: 调用get_symbols获取基础信息...
20260412 17:27:42- INFO-   get_symbols返回 5165 条记录
20260412 17:27:42- INFO-   过滤后剩余 5165 只股票(已剔除未上市/已退市)
20260412 17:27:42- INFO-   步骤2: 调用history批量获取数据...
20260412 17:27:43- INFO-   history批量返回 5165 条记录
20260412 17:27:43- INFO-   步骤3: 调用stk_get_daily_mktvalue_pt获取市值数据...
20260412 17:27:43- INFO-   stk_get_daily_mktvalue_pt返回 5165 条记录
20260412 17:27:43- INFO-   步骤4: 合并数据...
20260412 17:27:43- INFO-   数据合并完成,最终返回 5165 条记录, 18 个字段
20260412 17:27:43- INFO- ✓ 2024-09-10 数据获取成功: 5165 条
20260412 17:27:44- INFO- 开始获取 2024-09-11 的掘金全市场数据...
20260412 17:27:44- INFO-   步骤1: 调用get_symbols获取基础信息...
20260412 17:27:45- INFO-   get_symbols返回 5168 条记录
20260412 17:27:45- INFO-   过滤后剩余 5168 只股票(已剔除未上市/已退市)
20260412 17:27:45- INFO-   步骤2: 调用history批量获取数据...
20260412 17:27:45- INFO-   history批量返回 5168 条记录
20260412 17:27:45- INFO-   步骤3: 调用stk_get_daily_mktvalue_pt获取市值数据...
20260412 17:27:45- INFO-   stk_get_daily_mktvalue_pt返回 5168 条记录
20260412 17:27:45- INFO-   步骤4: 合并数据...
20260412 17:27:45- INFO-   数据合并完成,最终返回 5168 条记录, 18 个字段
20260412 17:27:45- INFO- ✓ 2024-09-11 数据获取成功: 5168 条
20260412 17:27:46- INFO- 开始获取 2024-09-12 的掘金全市场数据...
20260412 17:27:46- INFO-   步骤1: 调用get_symbols获取基础信息...
20260412 17:27:47- INFO-   get_symbols返回 5169 条记录
20260412 17:27:47- INFO-   过滤后剩余 5169 只股票(已剔除未上市/已退市)
20260412 17:27:47- INFO-   步骤2: 调用history批量获取数据...
20260412 17:27:47- INFO-   history批量返回 5169 条记录
20260412 17:27:47- INFO-   步骤3: 调用stk_get_daily_mktvalue_pt获取市值数据...
20260412 17:27:47- INFO-   stk_get_daily_mktvalue_pt返回 5169 条记录
20260412 17:27:47- INFO-   步骤4: 合并数据...
20260412 17:27:47- INFO-   数据合并完成,最终返回 5169 条记录, 18 个字段
20260412 17:27:47- INFO- ✓ 2024-09-12 数据获取成功: 5169 条
20260412 17:27:48- INFO- 开始获取 2024-09-13 的掘金全市场数据...
20260412 17:27:48- INFO-   步骤1: 调用get_symbols获取基础信息...
20260412 17:27:49- INFO-   get_symbols返回 5168 条记录
20260412 17:27:49- INFO-   过滤后剩余 5168 只股票(已剔除未上市/已退市)
20260412 17:27:49- INFO-   步骤2: 调用history批量获取数据...
20260412 17:27:49- INFO-   history批量返回 5168 条记录
20260412 17:27:49- INFO-   步骤3: 调用stk_get_daily_mktvalue_pt获取市值数据...
20260412 17:27:49- INFO-   stk_get_daily_mktvalue_pt返回 5168 条记录
20260412 17:27:49- INFO-   步骤4: 合并数据...
20260412 17:27:49- INFO-   数据合并完成,最终返回 5168 条记录, 18 个字段
20260412 17:27:49- INFO- ✓ 2024-09-13 数据获取成功: 5168 条
20260412 17:27:50- INFO- 开始获取 2024-09-16 的掘金全市场数据...
20260412 17:27:50- INFO-   步骤1: 调用get_symbols获取基础信息...
20260412 17:27:50- WARNING- 2024-09-16 get_symbols返回空数据
20260412 17:27:50- WARNING- ✗ 2024-09-16 无数据
20260412 17:27:51- INFO- 开始获取 2024-09-17 的掘金全市场数据...
20260412 17:27:51- INFO-   步骤1: 调用get_symbols获取基础信息...
20260412 17:27:51- WARNING- 2024-09-17 get_symbols返回空数据
20260412 17:27:51- WARNING- ✗ 2024-09-17 无数据
20260412 17:27:52- INFO- 开始获取 2024-09-18 的掘金全市场数据...
20260412 17:27:52- INFO-   步骤1: 调用get_symbols获取基础信息...
20260412 17:27:53- INFO-   get_symbols返回 5165 条记录
20260412 17:27:53- INFO-   过滤后剩余 5165 只股票(已剔除未上市/已退市)
20260412 17:27:53- INFO-   步骤2: 调用history批量获取数据...
20260412 17:27:53- INFO-   history批量返回 5165 条记录
20260412 17:27:53- INFO-   步骤3: 调用stk_get_daily_mktvalue_pt获取市值数据...
20260412 17:27:53- INFO-   stk_get_daily_mktvalue_pt返回 5165 条记录
20260412 17:27:53- INFO-   步骤4: 合并数据...
20260412 17:27:53- INFO-   数据合并完成,最终返回 5165 条记录, 18 个字段
20260412 17:27:53- INFO- ✓ 2024-09-18 数据获取成功: 5165 条
20260412 17:27:54- INFO- 开始获取 2024-09-19 的掘金全市场数据...
20260412 17:27:54- INFO-   步骤1: 调用get_symbols获取基础信息...
20260412 17:27:55- INFO-   get_symbols返回 5170 条记录
20260412 17:27:55- INFO-   过滤后剩余 5170 只股票(已剔除未上市/已退市)
20260412 17:27:55- INFO-   步骤2: 调用history批量获取数据...
20260412 17:27:55- INFO-   history批量返回 5170 条记录
20260412 17:27:55- INFO-   步骤3: 调用stk_get_daily_mktvalue_pt获取市值数据...
20260412 17:29:16- INFO-   stk_get_daily_mktvalue_pt返回 5170 条记录
20260412 17:29:16- INFO-   步骤4: 合并数据...
20260412 17:29:16- INFO-   数据合并完成,最终返回 5170 条记录, 18 个字段
20260412 17:29:16- INFO- ✓ 2024-09-19 数据获取成功: 5170 条
20260412 17:29:16- INFO- 开始获取 2024-09-20 的掘金全市场数据...
20260412 17:29:16- INFO-   步骤1: 调用get_symbols获取基础信息...
20260412 17:29:17- INFO-   get_symbols返回 5170 条记录
20260412 17:29:17- INFO-   过滤后剩余 5170 只股票(已剔除未上市/已退市)
20260412 17:29:17- INFO-   步骤2: 调用history批量获取数据...
20260412 17:29:17- INFO-   history批量返回 5170 条记录
20260412 17:29:17- INFO-   步骤3: 调用stk_get_daily_mktvalue_pt获取市值数据...
20260412 17:29:18- INFO-   stk_get_daily_mktvalue_pt返回 5170 条记录
20260412 17:29:18- INFO-   步骤4: 合并数据...
20260412 17:29:18- INFO-   数据合并完成,最终返回 5170 条记录, 18 个字段
20260412 17:29:18- INFO- ✓ 2024-09-20 数据获取成功: 5170 条
20260412 17:29:18- INFO- 开始获取 2024-09-23 的掘金全市场数据...
20260412 17:29:18- INFO-   步骤1: 调用get_symbols获取基础信息...
20260412 17:29:19- INFO-   get_symbols返回 5171 条记录
20260412 17:29:19- INFO-   过滤后剩余 5171 只股票(已剔除未上市/已退市)
20260412 17:29:19- INFO-   步骤2: 调用history批量获取数据...
20260412 17:29:19- INFO-   history批量返回 5171 条记录
20260412 17:29:19- INFO-   步骤3: 调用stk_get_daily_mktvalue_pt获取市值数据...
20260412 17:29:20- INFO-   stk_get_daily_mktvalue_pt返回 5171 条记录
20260412 17:29:20- INFO-   步骤4: 合并数据...
20260412 17:29:20- INFO-   数据合并完成,最终返回 5171 条记录, 18 个字段
20260412 17:29:20- INFO- ✓ 2024-09-23 数据获取成功: 5171 条
20260412 17:29:20- INFO- 开始获取 2024-09-24 的掘金全市场数据...
20260412 17:29:20- INFO-   步骤1: 调用get_symbols获取基础信息...
20260412 17:29:21- INFO-   get_symbols返回 5172 条记录
20260412 17:29:21- INFO-   过滤后剩余 5172 只股票(已剔除未上市/已退市)
20260412 17:29:21- INFO-   步骤2: 调用history批量获取数据...
20260412 17:29:22- INFO-   history批量返回 5172 条记录
20260412 17:29:22- INFO-   步骤3: 调用stk_get_daily_mktvalue_pt获取市值数据...
20260412 17:29:22- INFO-   stk_get_daily_mktvalue_pt返回 5172 条记录
20260412 17:29:22- INFO-   步骤4: 合并数据...
20260412 17:29:22- INFO-   数据合并完成,最终返回 5172 条记录, 18 个字段
20260412 17:29:22- INFO- ✓ 2024-09-24 数据获取成功: 5172 条
20260412 17:29:23- INFO- 开始获取 2024-09-25 的掘金全市场数据...
20260412 17:29:23- INFO-   步骤1: 调用get_symbols获取基础信息...
20260412 17:29:23- INFO-   get_symbols返回 5174 条记录
20260412 17:29:23- INFO-   过滤后剩余 5174 只股票(已剔除未上市/已退市)
20260412 17:29:23- INFO-   步骤2: 调用history批量获取数据...
20260412 17:29:24- INFO-   history批量返回 5174 条记录
20260412 17:29:24- INFO-   步骤3: 调用stk_get_daily_mktvalue_pt获取市值数据...
20260412 17:29:24- INFO-   stk_get_daily_mktvalue_pt返回 5174 条记录
20260412 17:29:24- INFO-   步骤4: 合并数据...
20260412 17:29:24- INFO-   数据合并完成,最终返回 5174 条记录, 18 个字段
20260412 17:29:24- INFO- ✓ 2024-09-25 数据获取成功: 5174 条
20260412 17:29:25- INFO- 开始获取 2024-09-26 的掘金全市场数据...
20260412 17:29:25- INFO-   步骤1: 调用get_symbols获取基础信息...
20260412 17:29:26- INFO-   get_symbols返回 5175 条记录
20260412 17:29:26- INFO-   过滤后剩余 5175 只股票(已剔除未上市/已退市)
20260412 17:29:26- INFO-   步骤2: 调用history批量获取数据...
20260412 17:29:26- INFO-   history批量返回 5175 条记录
20260412 17:29:26- INFO-   步骤3: 调用stk_get_daily_mktvalue_pt获取市值数据...
20260412 17:29:28- INFO-   stk_get_daily_mktvalue_pt返回 5175 条记录
20260412 17:29:28- INFO-   步骤4: 合并数据...
20260412 17:29:28- INFO-   数据合并完成,最终返回 5175 条记录, 18 个字段
20260412 17:29:28- INFO- ✓ 2024-09-26 数据获取成功: 5175 条
20260412 17:29:29- INFO- 开始获取 2024-09-27 的掘金全市场数据...
20260412 17:29:29- INFO-   步骤1: 调用get_symbols获取基础信息...
20260412 17:29:30- INFO-   get_symbols返回 5175 条记录
20260412 17:29:30- INFO-   过滤后剩余 5175 只股票(已剔除未上市/已退市)
20260412 17:29:30- INFO-   步骤2: 调用history批量获取数据...
20260412 17:29:30- INFO-   history批量返回 5175 条记录
20260412 17:29:30- INFO-   步骤3: 调用stk_get_daily_mktvalue_pt获取市值数据...
20260412 17:29:31- INFO-   stk_get_daily_mktvalue_pt返回 5175 条记录
20260412 17:29:31- INFO-   步骤4: 合并数据...
20260412 17:29:31- INFO-   数据合并完成,最终返回 5175 条记录, 18 个字段
20260412 17:29:31- INFO- ✓ 2024-09-27 数据获取成功: 5175 条
20260412 17:29:31- INFO- 开始获取 2024-09-30 的掘金全市场数据...
20260412 17:29:31- INFO-   步骤1: 调用get_symbols获取基础信息...
20260412 17:29:32- INFO-   get_symbols返回 5172 条记录
20260412 17:29:32- INFO-   过滤后剩余 5172 只股票(已剔除未上市/已退市)
20260412 17:29:32- INFO-   步骤2: 调用history批量获取数据...
20260412 17:29:32- INFO-   history批量返回 5172 条记录
20260412 17:29:32- INFO-   步骤3: 调用stk_get_daily_mktvalue_pt获取市值数据...
20260412 17:29:33- INFO-   stk_get_daily_mktvalue_pt返回 5172 条记录
20260412 17:29:33- INFO-   步骤4: 合并数据...
20260412 17:29:33- INFO-   数据合并完成,最终返回 5172 条记录, 18 个字段
20260412 17:29:33- INFO- ✓ 2024-09-30 数据获取成功: 5172 条
20260412 17:29:33- INFO- 开始获取 2024-10-01 的掘金全市场数据...
20260412 17:29:33- INFO-   步骤1: 调用get_symbols获取基础信息...
20260412 17:29:33- WARNING- 2024-10-01 get_symbols返回空数据
20260412 17:29:33- WARNING- ✗ 2024-10-01 无数据
20260412 17:29:34- INFO- 开始获取 2024-10-02 的掘金全市场数据...
20260412 17:29:34- INFO-   步骤1: 调用get_symbols获取基础信息...
20260412 17:29:34- WARNING- 2024-10-02 get_symbols返回空数据
20260412 17:29:34- WARNING- ✗ 2024-10-02 无数据
20260412 17:29:35- INFO- 开始获取 2024-10-03 的掘金全市场数据...
20260412 17:29:35- INFO-   步骤1: 调用get_symbols获取基础信息...
20260412 17:29:35- WARNING- 2024-10-03 get_symbols返回空数据
20260412 17:29:35- WARNING- ✗ 2024-10-03 无数据
20260412 17:29:36- INFO- 开始获取 2024-10-04 的掘金全市场数据...
20260412 17:29:36- INFO-   步骤1: 调用get_symbols获取基础信息...
20260412 17:29:36- WARNING- 2024-10-04 get_symbols返回空数据
20260412 17:29:36- WARNING- ✗ 2024-10-04 无数据
20260412 17:29:36- INFO- 开始获取 2024-10-07 的掘金全市场数据...
20260412 17:29:36- INFO-   步骤1: 调用get_symbols获取基础信息...
20260412 17:29:37- WARNING- 2024-10-07 get_symbols返回空数据
20260412 17:29:37- WARNING- ✗ 2024-10-07 无数据
20260412 17:29:37- INFO- 开始获取 2024-10-08 的掘金全市场数据...
20260412 17:29:37- INFO-   步骤1: 调用get_symbols获取基础信息...
20260412 17:29:38- INFO-   get_symbols返回 5168 条记录
20260412 17:29:38- INFO-   过滤后剩余 5168 只股票(已剔除未上市/已退市)
20260412 17:29:38- INFO-   步骤2: 调用history批量获取数据...
20260412 17:29:38- INFO-   history批量返回 5168 条记录
20260412 17:29:38- INFO-   步骤3: 调用stk_get_daily_mktvalue_pt获取市值数据...
20260412 17:29:39- INFO-   stk_get_daily_mktvalue_pt返回 5168 条记录
20260412 17:29:39- INFO-   步骤4: 合并数据...
20260412 17:29:39- INFO-   数据合并完成,最终返回 5168 条记录, 18 个字段
20260412 17:29:39- INFO- ✓ 2024-10-08 数据获取成功: 5168 条
20260412 17:29:39- INFO- 开始获取 2024-10-09 的掘金全市场数据...
20260412 17:29:39- INFO-   步骤1: 调用get_symbols获取基础信息...
20260412 17:29:40- INFO-   get_symbols返回 5168 条记录
20260412 17:29:40- INFO-   过滤后剩余 5168 只股票(已剔除未上市/已退市)
20260412 17:29:40- INFO-   步骤2: 调用history批量获取数据...
20260412 17:29:40- INFO-   history批量返回 5168 条记录
20260412 17:29:40- INFO-   步骤3: 调用stk_get_daily_mktvalue_pt获取市值数据...
20260412 17:29:41- INFO-   stk_get_daily_mktvalue_pt返回 5168 条记录
20260412 17:29:41- INFO-   步骤4: 合并数据...
20260412 17:29:41- INFO-   数据合并完成,最终返回 5168 条记录, 18 个字段
20260412 17:29:41- INFO- ✓ 2024-10-09 数据获取成功: 5168 条
20260412 17:29:41- INFO- 开始获取 2024-10-10 的掘金全市场数据...
20260412 17:29:41- INFO-   步骤1: 调用get_symbols获取基础信息...
20260412 17:29:42- INFO-   get_symbols返回 5170 条记录
20260412 17:29:42- INFO-   过滤后剩余 5170 只股票(已剔除未上市/已退市)
20260412 17:29:42- INFO-   步骤2: 调用history批量获取数据...
20260412 17:29:43- INFO-   history批量返回 5170 条记录
20260412 17:29:43- INFO-   步骤3: 调用stk_get_daily_mktvalue_pt获取市值数据...
20260412 17:29:43- INFO-   stk_get_daily_mktvalue_pt返回 5170 条记录
20260412 17:29:43- INFO-   步骤4: 合并数据...
20260412 17:29:43- INFO-   数据合并完成,最终返回 5170 条记录, 18 个字段
20260412 17:29:43- INFO- ✓ 2024-10-10 数据获取成功: 5170 条
20260412 17:29:44- INFO- 开始获取 2024-10-11 的掘金全市场数据...
20260412 17:29:44- INFO-   步骤1: 调用get_symbols获取基础信息...
20260412 17:29:44- INFO-   get_symbols返回 5170 条记录
20260412 17:29:44- INFO-   过滤后剩余 5170 只股票(已剔除未上市/已退市)
20260412 17:29:44- INFO-   步骤2: 调用history批量获取数据...
20260412 17:29:45- INFO-   history批量返回 5170 条记录
20260412 17:29:45- INFO-   步骤3: 调用stk_get_daily_mktvalue_pt获取市值数据...
20260412 17:29:45- INFO-   stk_get_daily_mktvalue_pt返回 5170 条记录
20260412 17:29:45- INFO-   步骤4: 合并数据...
20260412 17:29:45- INFO-   数据合并完成,最终返回 5170 条记录, 18 个字段
20260412 17:29:45- INFO- ✓ 2024-10-11 数据获取成功: 5170 条
20260412 17:29:46- INFO- 开始获取 2024-10-14 的掘金全市场数据...
20260412 17:29:46- INFO-   步骤1: 调用get_symbols获取基础信息...
20260412 17:29:46- INFO-   get_symbols返回 5171 条记录
20260412 17:29:46- INFO-   过滤后剩余 5171 只股票(已剔除未上市/已退市)
20260412 17:29:46- INFO-   步骤2: 调用history批量获取数据...
20260412 17:29:47- INFO-   history批量返回 5171 条记录
20260412 17:29:47- INFO-   步骤3: 调用stk_get_daily_mktvalue_pt获取市值数据...
20260412 17:29:47- INFO-   stk_get_daily_mktvalue_pt返回 5171 条记录
20260412 17:29:47- INFO-   步骤4: 合并数据...
20260412 17:29:47- INFO-   数据合并完成,最终返回 5171 条记录, 18 个字段
20260412 17:29:47- INFO- ✓ 2024-10-14 数据获取成功: 5171 条
20260412 17:29:48- INFO- 开始获取 2024-10-15 的掘金全市场数据...
20260412 17:29:48- INFO-   步骤1: 调用get_symbols获取基础信息...
20260412 17:29:48- INFO-   get_symbols返回 5172 条记录
20260412 17:29:48- INFO-   过滤后剩余 5172 只股票(已剔除未上市/已退市)
20260412 17:29:48- INFO-   步骤2: 调用history批量获取数据...
20260412 17:29:49- INFO-   history批量返回 5172 条记录
20260412 17:29:49- INFO-   步骤3: 调用stk_get_daily_mktvalue_pt获取市值数据...
20260412 17:29:49- INFO-   stk_get_daily_mktvalue_pt返回 5172 条记录
20260412 17:29:49- INFO-   步骤4: 合并数据...
20260412 17:29:49- INFO-   数据合并完成,最终返回 5172 条记录, 18 个字段
20260412 17:29:49- INFO- ✓ 2024-10-15 数据获取成功: 5172 条
20260412 17:29:50- INFO- 开始获取 2024-10-16 的掘金全市场数据...
20260412 17:29:50- INFO-   步骤1: 调用get_symbols获取基础信息...
20260412 17:29:50- INFO-   get_symbols返回 5175 条记录
20260412 17:29:51- INFO-   过滤后剩余 5175 只股票(已剔除未上市/已退市)
20260412 17:29:51- INFO-   步骤2: 调用history批量获取数据...
20260412 17:29:51- INFO-   history批量返回 5175 条记录
20260412 17:29:51- INFO-   步骤3: 调用stk_get_daily_mktvalue_pt获取市值数据...
20260412 17:29:51- INFO-   stk_get_daily_mktvalue_pt返回 5175 条记录
20260412 17:29:51- INFO-   步骤4: 合并数据...
20260412 17:29:51- INFO-   数据合并完成,最终返回 5175 条记录, 18 个字段
20260412 17:29:51- INFO- ✓ 2024-10-16 数据获取成功: 5175 条
20260412 17:29:52- INFO- 开始获取 2024-10-17 的掘金全市场数据...
20260412 17:29:52- INFO-   步骤1: 调用get_symbols获取基础信息...
20260412 17:29:53- INFO-   get_symbols返回 5178 条记录
20260412 17:29:53- INFO-   过滤后剩余 5178 只股票(已剔除未上市/已退市)
20260412 17:29:53- INFO-   步骤2: 调用history批量获取数据...
20260412 17:29:53- INFO-   history批量返回 5178 条记录
20260412 17:29:53- INFO-   步骤3: 调用stk_get_daily_mktvalue_pt获取市值数据...
20260412 17:29:53- INFO-   stk_get_daily_mktvalue_pt返回 5178 条记录
20260412 17:29:53- INFO-   步骤4: 合并数据...
20260412 17:29:53- INFO-   数据合并完成,最终返回 5178 条记录, 18 个字段
20260412 17:29:53- INFO- ✓ 2024-10-17 数据获取成功: 5178 条
20260412 17:29:54- INFO- 开始获取 2024-10-18 的掘金全市场数据...
20260412 17:29:54- INFO-   步骤1: 调用get_symbols获取基础信息...
20260412 17:29:55- INFO-   get_symbols返回 5177 条记录
20260412 17:29:55- INFO-   过滤后剩余 5177 只股票(已剔除未上市/已退市)
20260412 17:29:55- INFO-   步骤2: 调用history批量获取数据...
20260412 17:29:55- INFO-   history批量返回 5177 条记录
20260412 17:29:55- INFO-   步骤3: 调用stk_get_daily_mktvalue_pt获取市值数据...
20260412 17:29:55- INFO-   stk_get_daily_mktvalue_pt返回 5177 条记录
20260412 17:29:55- INFO-   步骤4: 合并数据...
20260412 17:29:55- INFO-   数据合并完成,最终返回 5177 条记录, 18 个字段
20260412 17:29:55- INFO- ✓ 2024-10-18 数据获取成功: 5177 条
20260412 17:29:56- INFO- 开始获取 2024-10-21 的掘金全市场数据...
20260412 17:29:56- INFO-   步骤1: 调用get_symbols获取基础信息...
20260412 17:29:57- INFO-   get_symbols返回 5177 条记录
20260412 17:29:57- INFO-   过滤后剩余 5177 只股票(已剔除未上市/已退市)
20260412 17:29:57- INFO-   步骤2: 调用history批量获取数据...
20260412 17:29:57- INFO-   history批量返回 5177 条记录
20260412 17:29:57- INFO-   步骤3: 调用stk_get_daily_mktvalue_pt获取市值数据...
20260412 17:29:57- INFO-   stk_get_daily_mktvalue_pt返回 5177 条记录
20260412 17:29:57- INFO-   步骤4: 合并数据...
20260412 17:29:58- INFO-   数据合并完成,最终返回 5177 条记录, 18 个字段
20260412 17:29:58- INFO- ✓ 2024-10-21 数据获取成功: 5177 条
20260412 17:29:58- INFO- 开始获取 2024-10-22 的掘金全市场数据...
20260412 17:29:58- INFO-   步骤1: 调用get_symbols获取基础信息...
20260412 17:29:59- INFO-   get_symbols返回 5177 条记录
20260412 17:29:59- INFO-   过滤后剩余 5177 只股票(已剔除未上市/已退市)
20260412 17:29:59- INFO-   步骤2: 调用history批量获取数据...
20260412 17:29:59- INFO-   history批量返回 5177 条记录
20260412 17:29:59- INFO-   步骤3: 调用stk_get_daily_mktvalue_pt获取市值数据...
20260412 17:30:00- INFO-   stk_get_daily_mktvalue_pt返回 5177 条记录
20260412 17:30:00- INFO-   步骤4: 合并数据...
20260412 17:30:00- INFO-   数据合并完成,最终返回 5177 条记录, 18 个字段
20260412 17:30:00- INFO- ✓ 2024-10-22 数据获取成功: 5177 条
20260412 17:30:00- INFO- 开始获取 2024-10-23 的掘金全市场数据...
20260412 17:30:00- INFO-   步骤1: 调用get_symbols获取基础信息...
20260412 17:30:01- INFO-   get_symbols返回 5174 条记录
20260412 17:30:01- INFO-   过滤后剩余 5174 只股票(已剔除未上市/已退市)
20260412 17:30:01- INFO-   步骤2: 调用history批量获取数据...
20260412 17:30:01- INFO-   history批量返回 5174 条记录
20260412 17:30:01- INFO-   步骤3: 调用stk_get_daily_mktvalue_pt获取市值数据...
20260412 17:30:02- INFO-   stk_get_daily_mktvalue_pt返回 5174 条记录
20260412 17:30:02- INFO-   步骤4: 合并数据...
20260412 17:30:02- INFO-   数据合并完成,最终返回 5174 条记录, 18 个字段
20260412 17:30:02- INFO- ✓ 2024-10-23 数据获取成功: 5174 条
20260412 17:30:02- INFO- 开始获取 2024-10-24 的掘金全市场数据...
20260412 17:30:02- INFO-   步骤1: 调用get_symbols获取基础信息...
20260412 17:30:03- INFO-   get_symbols返回 5176 条记录
20260412 17:30:03- INFO-   过滤后剩余 5176 只股票(已剔除未上市/已退市)
20260412 17:30:03- INFO-   步骤2: 调用history批量获取数据...
20260412 17:30:03- INFO-   history批量返回 5176 条记录
20260412 17:30:03- INFO-   步骤3: 调用stk_get_daily_mktvalue_pt获取市值数据...
20260412 17:30:04- INFO-   stk_get_daily_mktvalue_pt返回 5176 条记录
20260412 17:30:04- INFO-   步骤4: 合并数据...
20260412 17:30:04- INFO-   数据合并完成,最终返回 5176 条记录, 18 个字段
20260412 17:30:04- INFO- ✓ 2024-10-24 数据获取成功: 5176 条
20260412 17:30:04- INFO- 开始获取 2024-10-25 的掘金全市场数据...
20260412 17:30:04- INFO-   步骤1: 调用get_symbols获取基础信息...
20260412 17:30:05- INFO-   get_symbols返回 5176 条记录
20260412 17:30:05- INFO-   过滤后剩余 5176 只股票(已剔除未上市/已退市)
20260412 17:30:05- INFO-   步骤2: 调用history批量获取数据...
20260412 17:30:06- INFO-   history批量返回 5176 条记录
20260412 17:30:06- INFO-   步骤3: 调用stk_get_daily_mktvalue_pt获取市值数据...
20260412 17:30:06- INFO-   stk_get_daily_mktvalue_pt返回 5176 条记录
20260412 17:30:06- INFO-   步骤4: 合并数据...
20260412 17:30:06- INFO-   数据合并完成,最终返回 5176 条记录, 18 个字段
20260412 17:30:06- INFO- ✓ 2024-10-25 数据获取成功: 5176 条
20260412 17:30:06- INFO- 开始获取 2024-10-28 的掘金全市场数据...
20260412 17:30:06- INFO-   步骤1: 调用get_symbols获取基础信息...
20260412 17:30:07- INFO-   get_symbols返回 5171 条记录
20260412 17:30:07- INFO-   过滤后剩余 5171 只股票(已剔除未上市/已退市)
20260412 17:30:07- INFO-   步骤2: 调用history批量获取数据...
20260412 17:30:08- INFO-   history批量返回 5171 条记录
20260412 17:30:08- INFO-   步骤3: 调用stk_get_daily_mktvalue_pt获取市值数据...
20260412 17:30:08- INFO-   stk_get_daily_mktvalue_pt返回 5171 条记录
20260412 17:30:08- INFO-   步骤4: 合并数据...
20260412 17:30:08- INFO-   数据合并完成,最终返回 5171 条记录, 18 个字段
20260412 17:30:08- INFO- ✓ 2024-10-28 数据获取成功: 5171 条
20260412 17:30:09- INFO- 开始获取 2024-10-29 的掘金全市场数据...
20260412 17:30:09- INFO-   步骤1: 调用get_symbols获取基础信息...
20260412 17:30:09- INFO-   get_symbols返回 5172 条记录
20260412 17:30:09- INFO-   过滤后剩余 5172 只股票(已剔除未上市/已退市)
20260412 17:30:09- INFO-   步骤2: 调用history批量获取数据...
20260412 17:30:10- INFO-   history批量返回 5172 条记录
20260412 17:30:10- INFO-   步骤3: 调用stk_get_daily_mktvalue_pt获取市值数据...
20260412 17:30:10- INFO-   stk_get_daily_mktvalue_pt返回 5172 条记录
20260412 17:30:10- INFO-   步骤4: 合并数据...
20260412 17:30:10- INFO-   数据合并完成,最终返回 5172 条记录, 18 个字段
20260412 17:30:10- INFO- ✓ 2024-10-29 数据获取成功: 5172 条
20260412 17:30:11- INFO- 开始获取 2024-10-30 的掘金全市场数据...
20260412 17:30:11- INFO-   步骤1: 调用get_symbols获取基础信息...
20260412 17:30:12- INFO-   get_symbols返回 5170 条记录
20260412 17:30:12- INFO-   过滤后剩余 5170 只股票(已剔除未上市/已退市)
20260412 17:30:12- INFO-   步骤2: 调用history批量获取数据...
20260412 17:30:12- INFO-   history批量返回 5170 条记录
20260412 17:30:12- INFO-   步骤3: 调用stk_get_daily_mktvalue_pt获取市值数据...
20260412 17:30:12- INFO-   stk_get_daily_mktvalue_pt返回 5170 条记录
20260412 17:30:12- INFO-   步骤4: 合并数据...
20260412 17:30:12- INFO-   数据合并完成,最终返回 5170 条记录, 18 个字段
20260412 17:30:12- INFO- ✓ 2024-10-30 数据获取成功: 5170 条
20260412 17:30:13- INFO- 开始获取 2024-10-31 的掘金全市场数据...
20260412 17:30:13- INFO-   步骤1: 调用get_symbols获取基础信息...
20260412 17:30:14- INFO-   get_symbols返回 5172 条记录
20260412 17:30:14- INFO-   过滤后剩余 5172 只股票(已剔除未上市/已退市)
20260412 17:30:14- INFO-   步骤2: 调用history批量获取数据...
20260412 17:30:14- INFO-   history批量返回 5172 条记录
20260412 17:30:14- INFO-   步骤3: 调用stk_get_daily_mktvalue_pt获取市值数据...
20260412 17:30:15- INFO-   stk_get_daily_mktvalue_pt返回 5172 条记录
20260412 17:30:15- INFO-   步骤4: 合并数据...
20260412 17:30:15- INFO-   数据合并完成,最终返回 5172 条记录, 18 个字段
20260412 17:30:15- INFO- ✓ 2024-10-31 数据获取成功: 5172 条
20260412 17:30:15- INFO- 开始获取 2024-11-01 的掘金全市场数据...
20260412 17:30:15- INFO-   步骤1: 调用get_symbols获取基础信息...
20260412 17:30:16- INFO-   get_symbols返回 5173 条记录
20260412 17:30:16- INFO-   过滤后剩余 5173 只股票(已剔除未上市/已退市)
20260412 17:30:16- INFO-   步骤2: 调用history批量获取数据...
20260412 17:30:16- INFO-   history批量返回 5173 条记录
20260412 17:30:16- INFO-   步骤3: 调用stk_get_daily_mktvalue_pt获取市值数据...
20260412 17:30:17- INFO-   stk_get_daily_mktvalue_pt返回 5173 条记录
20260412 17:30:17- INFO-   步骤4: 合并数据...
20260412 17:30:17- INFO-   数据合并完成,最终返回 5173 条记录, 18 个字段
20260412 17:30:17- INFO- ✓ 2024-11-01 数据获取成功: 5173 条
20260412 17:30:17- INFO- 开始获取 2024-11-04 的掘金全市场数据...
20260412 17:30:17- INFO-   步骤1: 调用get_symbols获取基础信息...
20260412 17:30:18- INFO-   get_symbols返回 5174 条记录
20260412 17:30:18- INFO-   过滤后剩余 5174 只股票(已剔除未上市/已退市)
20260412 17:30:18- INFO-   步骤2: 调用history批量获取数据...
20260412 17:30:18- INFO-   history批量返回 5174 条记录
20260412 17:30:18- INFO-   步骤3: 调用stk_get_daily_mktvalue_pt获取市值数据...
20260412 17:30:19- INFO-   stk_get_daily_mktvalue_pt返回 5174 条记录
20260412 17:30:19- INFO-   步骤4: 合并数据...
20260412 17:30:19- INFO-   数据合并完成,最终返回 5174 条记录, 18 个字段
20260412 17:30:19- INFO- ✓ 2024-11-04 数据获取成功: 5174 条
20260412 17:30:19- INFO- 开始获取 2024-11-05 的掘金全市场数据...
20260412 17:30:19- INFO-   步骤1: 调用get_symbols获取基础信息...
20260412 17:30:20- INFO-   get_symbols返回 5177 条记录
20260412 17:30:20- INFO-   过滤后剩余 5177 只股票(已剔除未上市/已退市)
20260412 17:30:20- INFO-   步骤2: 调用history批量获取数据...
20260412 17:30:20- INFO-   history批量返回 5177 条记录
20260412 17:30:20- INFO-   步骤3: 调用stk_get_daily_mktvalue_pt获取市值数据...
20260412 17:30:21- INFO-   stk_get_daily_mktvalue_pt返回 5177 条记录
20260412 17:30:21- INFO-   步骤4: 合并数据...
20260412 17:30:21- INFO-   数据合并完成,最终返回 5177 条记录, 18 个字段
20260412 17:30:21- INFO- ✓ 2024-11-05 数据获取成功: 5177 条
20260412 17:30:21- INFO- 开始获取 2024-11-06 的掘金全市场数据...
20260412 17:30:21- INFO-   步骤1: 调用get_symbols获取基础信息...
20260412 17:30:22- INFO-   get_symbols返回 5178 条记录
20260412 17:30:22- INFO-   过滤后剩余 5178 只股票(已剔除未上市/已退市)
20260412 17:30:22- INFO-   步骤2: 调用history批量获取数据...
20260412 17:30:22- INFO-   history批量返回 5178 条记录
20260412 17:30:22- INFO-   步骤3: 调用stk_get_daily_mktvalue_pt获取市值数据...
20260412 17:30:23- INFO-   stk_get_daily_mktvalue_pt返回 5178 条记录
20260412 17:30:23- INFO-   步骤4: 合并数据...
20260412 17:30:23- INFO-   数据合并完成,最终返回 5178 条记录, 18 个字段
20260412 17:30:23- INFO- ✓ 2024-11-06 数据获取成功: 5178 条
20260412 17:30:23- INFO- 开始获取 2024-11-07 的掘金全市场数据...
20260412 17:30:23- INFO-   步骤1: 调用get_symbols获取基础信息...
20260412 17:30:24- INFO-   get_symbols返回 5178 条记录
20260412 17:30:24- INFO-   过滤后剩余 5178 只股票(已剔除未上市/已退市)
20260412 17:30:24- INFO-   步骤2: 调用history批量获取数据...
20260412 17:30:25- INFO-   history批量返回 5178 条记录
20260412 17:30:25- INFO-   步骤3: 调用stk_get_daily_mktvalue_pt获取市值数据...
20260412 17:30:25- INFO-   stk_get_daily_mktvalue_pt返回 5178 条记录
20260412 17:30:25- INFO-   步骤4: 合并数据...
20260412 17:30:25- INFO-   数据合并完成,最终返回 5178 条记录, 18 个字段
20260412 17:30:25- INFO- ✓ 2024-11-07 数据获取成功: 5178 条
20260412 17:30:26- INFO- 开始获取 2024-11-08 的掘金全市场数据...
20260412 17:30:26- INFO-   步骤1: 调用get_symbols获取基础信息...
20260412 17:30:26- INFO-   get_symbols返回 5180 条记录
20260412 17:30:26- INFO-   过滤后剩余 5180 只股票(已剔除未上市/已退市)
20260412 17:30:26- INFO-   步骤2: 调用history批量获取数据...
20260412 17:30:27- INFO-   history批量返回 5180 条记录
20260412 17:30:27- INFO-   步骤3: 调用stk_get_daily_mktvalue_pt获取市值数据...
20260412 17:30:27- INFO-   stk_get_daily_mktvalue_pt返回 5180 条记录
20260412 17:30:27- INFO-   步骤4: 合并数据...
20260412 17:30:27- INFO-   数据合并完成,最终返回 5180 条记录, 18 个字段
20260412 17:30:27- INFO- ✓ 2024-11-08 数据获取成功: 5180 条
20260412 17:30:27- INFO- 开始获取 2024-11-11 的掘金全市场数据...
20260412 17:30:27- INFO-   步骤1: 调用get_symbols获取基础信息...
20260412 17:30:28- INFO-   get_symbols返回 5176 条记录
20260412 17:30:28- INFO-   过滤后剩余 5176 只股票(已剔除未上市/已退市)
20260412 17:30:28- INFO-   步骤2: 调用history批量获取数据...
20260412 17:30:29- INFO-   history批量返回 5176 条记录
20260412 17:30:29- INFO-   步骤3: 调用stk_get_daily_mktvalue_pt获取市值数据...
20260412 17:30:29- INFO-   stk_get_daily_mktvalue_pt返回 5176 条记录
20260412 17:30:29- INFO-   步骤4: 合并数据...
20260412 17:30:29- INFO-   数据合并完成,最终返回 5176 条记录, 18 个字段
20260412 17:30:29- INFO- ✓ 2024-11-11 数据获取成功: 5176 条
20260412 17:30:30- INFO- 开始获取 2024-11-12 的掘金全市场数据...
20260412 17:30:30- INFO-   步骤1: 调用get_symbols获取基础信息...
20260412 17:30:30- INFO-   get_symbols返回 5177 条记录
20260412 17:30:30- INFO-   过滤后剩余 5177 只股票(已剔除未上市/已退市)
20260412 17:30:30- INFO-   步骤2: 调用history批量获取数据...
20260412 17:30:31- INFO-   history批量返回 5177 条记录
20260412 17:30:31- INFO-   步骤3: 调用stk_get_daily_mktvalue_pt获取市值数据...
20260412 17:30:31- INFO-   stk_get_daily_mktvalue_pt返回 5177 条记录
20260412 17:30:31- INFO-   步骤4: 合并数据...
20260412 17:30:31- INFO-   数据合并完成,最终返回 5177 条记录, 18 个字段
20260412 17:30:31- INFO- ✓ 2024-11-12 数据获取成功: 5177 条
20260412 17:30:32- INFO- 开始获取 2024-11-13 的掘金全市场数据...
20260412 17:30:32- INFO-   步骤1: 调用get_symbols获取基础信息...
20260412 17:30:33- INFO-   get_symbols返回 5177 条记录
20260412 17:30:33- INFO-   过滤后剩余 5177 只股票(已剔除未上市/已退市)
20260412 17:30:33- INFO-   步骤2: 调用history批量获取数据...
20260412 17:30:33- INFO-   history批量返回 5177 条记录
20260412 17:30:33- INFO-   步骤3: 调用stk_get_daily_mktvalue_pt获取市值数据...
20260412 17:30:33- INFO-   stk_get_daily_mktvalue_pt返回 5177 条记录
20260412 17:30:33- INFO-   步骤4: 合并数据...
20260412 17:30:33- INFO-   数据合并完成,最终返回 5177 条记录, 18 个字段
20260412 17:30:33- INFO- ✓ 2024-11-13 数据获取成功: 5177 条
20260412 17:30:34- INFO- 开始获取 2024-11-14 的掘金全市场数据...
20260412 17:30:34- INFO-   步骤1: 调用get_symbols获取基础信息...
20260412 17:30:35- INFO-   get_symbols返回 5178 条记录
20260412 17:30:35- INFO-   过滤后剩余 5178 只股票(已剔除未上市/已退市)
20260412 17:30:35- INFO-   步骤2: 调用history批量获取数据...
20260412 17:30:35- INFO-   history批量返回 5178 条记录
20260412 17:30:35- INFO-   步骤3: 调用stk_get_daily_mktvalue_pt获取市值数据...
20260412 17:30:35- INFO-   stk_get_daily_mktvalue_pt返回 5178 条记录
20260412 17:30:35- INFO-   步骤4: 合并数据...
20260412 17:30:35- INFO-   数据合并完成,最终返回 5178 条记录, 18 个字段
20260412 17:30:35- INFO- ✓ 2024-11-14 数据获取成功: 5178 条
20260412 17:30:36- INFO- 开始获取 2024-11-15 的掘金全市场数据...
20260412 17:30:36- INFO-   步骤1: 调用get_symbols获取基础信息...
20260412 17:30:37- INFO-   get_symbols返回 5179 条记录
20260412 17:30:37- INFO-   过滤后剩余 5179 只股票(已剔除未上市/已退市)
20260412 17:30:37- INFO-   步骤2: 调用history批量获取数据...
20260412 17:30:37- INFO-   history批量返回 5179 条记录
20260412 17:30:37- INFO-   步骤3: 调用stk_get_daily_mktvalue_pt获取市值数据...
20260412 17:30:37- INFO-   stk_get_daily_mktvalue_pt返回 5179 条记录
20260412 17:30:37- INFO-   步骤4: 合并数据...
20260412 17:30:37- INFO-   数据合并完成,最终返回 5179 条记录, 18 个字段
20260412 17:30:37- INFO- ✓ 2024-11-15 数据获取成功: 5179 条
20260412 17:30:38- INFO- 开始获取 2024-11-18 的掘金全市场数据...
20260412 17:30:38- INFO-   步骤1: 调用get_symbols获取基础信息...
20260412 17:30:39- INFO-   get_symbols返回 5176 条记录
20260412 17:30:39- INFO-   过滤后剩余 5176 只股票(已剔除未上市/已退市)
20260412 17:30:39- INFO-   步骤2: 调用history批量获取数据...
20260412 17:30:39- INFO-   history批量返回 5176 条记录
20260412 17:30:39- INFO-   步骤3: 调用stk_get_daily_mktvalue_pt获取市值数据...
20260412 17:30:39- INFO-   stk_get_daily_mktvalue_pt返回 5176 条记录
20260412 17:30:39- INFO-   步骤4: 合并数据...
20260412 17:30:39- INFO-   数据合并完成,最终返回 5176 条记录, 18 个字段
20260412 17:30:39- INFO- ✓ 2024-11-18 数据获取成功: 5176 条
20260412 17:30:40- INFO- 开始获取 2024-11-19 的掘金全市场数据...
20260412 17:30:40- INFO-   步骤1: 调用get_symbols获取基础信息...
20260412 17:30:41- INFO-   get_symbols返回 5178 条记录
20260412 17:30:41- INFO-   过滤后剩余 5178 只股票(已剔除未上市/已退市)
20260412 17:30:41- INFO-   步骤2: 调用history批量获取数据...
20260412 17:30:41- INFO-   history批量返回 5178 条记录
20260412 17:30:41- INFO-   步骤3: 调用stk_get_daily_mktvalue_pt获取市值数据...
20260412 17:30:42- INFO-   stk_get_daily_mktvalue_pt返回 5178 条记录
20260412 17:30:42- INFO-   步骤4: 合并数据...
20260412 17:30:42- INFO-   数据合并完成,最终返回 5178 条记录, 18 个字段
20260412 17:30:42- INFO- ✓ 2024-11-19 数据获取成功: 5178 条
20260412 17:30:42- INFO- 开始获取 2024-11-20 的掘金全市场数据...
20260412 17:30:42- INFO-   步骤1: 调用get_symbols获取基础信息...
20260412 17:30:43- INFO-   get_symbols返回 5182 条记录
20260412 17:30:43- INFO-   过滤后剩余 5182 只股票(已剔除未上市/已退市)
20260412 17:30:43- INFO-   步骤2: 调用history批量获取数据...
20260412 17:30:43- INFO-   history批量返回 5182 条记录
20260412 17:30:43- INFO-   步骤3: 调用stk_get_daily_mktvalue_pt获取市值数据...
20260412 17:30:44- INFO-   stk_get_daily_mktvalue_pt返回 5182 条记录
20260412 17:30:44- INFO-   步骤4: 合并数据...
20260412 17:30:44- INFO-   数据合并完成,最终返回 5182 条记录, 18 个字段
20260412 17:30:44- INFO- ✓ 2024-11-20 数据获取成功: 5182 条
20260412 17:30:44- INFO- 开始获取 2024-11-21 的掘金全市场数据...
20260412 17:30:44- INFO-   步骤1: 调用get_symbols获取基础信息...
20260412 17:30:45- INFO-   get_symbols返回 5182 条记录
20260412 17:30:45- INFO-   过滤后剩余 5182 只股票(已剔除未上市/已退市)
20260412 17:30:45- INFO-   步骤2: 调用history批量获取数据...
20260412 17:30:45- INFO-   history批量返回 5182 条记录
20260412 17:30:45- INFO-   步骤3: 调用stk_get_daily_mktvalue_pt获取市值数据...
20260412 17:30:46- INFO-   stk_get_daily_mktvalue_pt返回 5182 条记录
20260412 17:30:46- INFO-   步骤4: 合并数据...
20260412 17:30:46- INFO-   数据合并完成,最终返回 5182 条记录, 18 个字段
20260412 17:30:46- INFO- ✓ 2024-11-21 数据获取成功: 5182 条
20260412 17:30:46- INFO- 开始获取 2024-11-22 的掘金全市场数据...
20260412 17:30:46- INFO-   步骤1: 调用get_symbols获取基础信息...
20260412 17:30:47- INFO-   get_symbols返回 5184 条记录
20260412 17:30:47- INFO-   过滤后剩余 5184 只股票(已剔除未上市/已退市)
20260412 17:30:47- INFO-   步骤2: 调用history批量获取数据...
20260412 17:30:47- INFO-   history批量返回 5184 条记录
20260412 17:30:47- INFO-   步骤3: 调用stk_get_daily_mktvalue_pt获取市值数据...
20260412 17:30:48- INFO-   stk_get_daily_mktvalue_pt返回 5184 条记录
20260412 17:30:48- INFO-   步骤4: 合并数据...
20260412 17:30:48- INFO-   数据合并完成,最终返回 5184 条记录, 18 个字段
20260412 17:30:48- INFO- ✓ 2024-11-22 数据获取成功: 5184 条
20260412 17:30:48- INFO- 开始获取 2024-11-25 的掘金全市场数据...
20260412 17:30:48- INFO-   步骤1: 调用get_symbols获取基础信息...
20260412 17:30:49- INFO-   get_symbols返回 5183 条记录
20260412 17:30:49- INFO-   过滤后剩余 5183 只股票(已剔除未上市/已退市)
20260412 17:30:49- INFO-   步骤2: 调用history批量获取数据...
20260412 17:30:49- INFO-   history批量返回 5183 条记录
20260412 17:30:49- INFO-   步骤3: 调用stk_get_daily_mktvalue_pt获取市值数据...
20260412 17:30:50- INFO-   stk_get_daily_mktvalue_pt返回 5183 条记录
20260412 17:30:50- INFO-   步骤4: 合并数据...
20260412 17:30:50- INFO-   数据合并完成,最终返回 5183 条记录, 18 个字段
20260412 17:30:50- INFO- ✓ 2024-11-25 数据获取成功: 5183 条
20260412 17:30:50- INFO- 开始获取 2024-11-26 的掘金全市场数据...
20260412 17:30:50- INFO-   步骤1: 调用get_symbols获取基础信息...
20260412 17:30:51- INFO-   get_symbols返回 5185 条记录
20260412 17:30:51- INFO-   过滤后剩余 5185 只股票(已剔除未上市/已退市)
20260412 17:30:51- INFO-   步骤2: 调用history批量获取数据...
20260412 17:30:51- INFO-   history批量返回 5185 条记录
20260412 17:30:51- INFO-   步骤3: 调用stk_get_daily_mktvalue_pt获取市值数据...
20260412 17:30:52- INFO-   stk_get_daily_mktvalue_pt返回 5185 条记录
20260412 17:30:52- INFO-   步骤4: 合并数据...
20260412 17:30:52- INFO-   数据合并完成,最终返回 5185 条记录, 18 个字段
20260412 17:30:52- INFO- ✓ 2024-11-26 数据获取成功: 5185 条
20260412 17:30:52- INFO- 开始获取 2024-11-27 的掘金全市场数据...
20260412 17:30:52- INFO-   步骤1: 调用get_symbols获取基础信息...
20260412 17:30:53- INFO-   get_symbols返回 5184 条记录
20260412 17:30:53- INFO-   过滤后剩余 5184 只股票(已剔除未上市/已退市)
20260412 17:30:53- INFO-   步骤2: 调用history批量获取数据...
20260412 17:30:53- INFO-   history批量返回 5184 条记录
20260412 17:30:53- INFO-   步骤3: 调用stk_get_daily_mktvalue_pt获取市值数据...
20260412 17:30:54- INFO-   stk_get_daily_mktvalue_pt返回 5184 条记录
20260412 17:30:54- INFO-   步骤4: 合并数据...
20260412 17:30:54- INFO-   数据合并完成,最终返回 5184 条记录, 18 个字段
20260412 17:30:54- INFO- ✓ 2024-11-27 数据获取成功: 5184 条
20260412 17:30:54- INFO- 开始获取 2024-11-28 的掘金全市场数据...
20260412 17:30:54- INFO-   步骤1: 调用get_symbols获取基础信息...
20260412 17:30:55- INFO-   get_symbols返回 5181 条记录
20260412 17:30:55- INFO-   过滤后剩余 5181 只股票(已剔除未上市/已退市)
20260412 17:30:55- INFO-   步骤2: 调用history批量获取数据...
20260412 17:30:56- INFO-   history批量返回 5181 条记录
20260412 17:30:56- INFO-   步骤3: 调用stk_get_daily_mktvalue_pt获取市值数据...
20260412 17:30:56- INFO-   stk_get_daily_mktvalue_pt返回 5181 条记录
20260412 17:30:56- INFO-   步骤4: 合并数据...
20260412 17:30:56- INFO-   数据合并完成,最终返回 5181 条记录, 18 个字段
20260412 17:30:56- INFO- ✓ 2024-11-28 数据获取成功: 5181 条
20260412 17:30:57- INFO- 开始获取 2024-11-29 的掘金全市场数据...
20260412 17:30:57- INFO-   步骤1: 调用get_symbols获取基础信息...
20260412 17:30:57- INFO-   get_symbols返回 5187 条记录
20260412 17:30:57- INFO-   过滤后剩余 5187 只股票(已剔除未上市/已退市)
20260412 17:30:57- INFO-   步骤2: 调用history批量获取数据...
20260412 17:30:58- INFO-   history批量返回 5187 条记录
20260412 17:30:58- INFO-   步骤3: 调用stk_get_daily_mktvalue_pt获取市值数据...
20260412 17:30:58- INFO-   stk_get_daily_mktvalue_pt返回 5187 条记录
20260412 17:30:58- INFO-   步骤4: 合并数据...
20260412 17:30:58- INFO-   数据合并完成,最终返回 5187 条记录, 18 个字段
20260412 17:30:58- INFO- ✓ 2024-11-29 数据获取成功: 5187 条
20260412 17:30:58- INFO- 开始获取 2024-12-02 的掘金全市场数据...
20260412 17:30:58- INFO-   步骤1: 调用get_symbols获取基础信息...
20260412 17:30:59- INFO-   get_symbols返回 5185 条记录
20260412 17:30:59- INFO-   过滤后剩余 5185 只股票(已剔除未上市/已退市)
20260412 17:30:59- INFO-   步骤2: 调用history批量获取数据...
20260412 17:31:00- INFO-   history批量返回 5185 条记录
20260412 17:31:00- INFO-   步骤3: 调用stk_get_daily_mktvalue_pt获取市值数据...
20260412 17:31:00- INFO-   stk_get_daily_mktvalue_pt返回 5185 条记录
20260412 17:31:00- INFO-   步骤4: 合并数据...
20260412 17:31:00- INFO-   数据合并完成,最终返回 5185 条记录, 18 个字段
20260412 17:31:00- INFO- ✓ 2024-12-02 数据获取成功: 5185 条
20260412 17:31:01- INFO- 开始获取 2024-12-03 的掘金全市场数据...
20260412 17:31:01- INFO-   步骤1: 调用get_symbols获取基础信息...
20260412 17:31:01- INFO-   get_symbols返回 5185 条记录
20260412 17:31:01- INFO-   过滤后剩余 5185 只股票(已剔除未上市/已退市)
20260412 17:31:01- INFO-   步骤2: 调用history批量获取数据...
20260412 17:31:02- INFO-   history批量返回 5185 条记录
20260412 17:31:02- INFO-   步骤3: 调用stk_get_daily_mktvalue_pt获取市值数据...
20260412 17:31:02- INFO-   stk_get_daily_mktvalue_pt返回 5185 条记录
20260412 17:31:02- INFO-   步骤4: 合并数据...
20260412 17:31:02- INFO-   数据合并完成,最终返回 5185 条记录, 18 个字段
20260412 17:31:02- INFO- ✓ 2024-12-03 数据获取成功: 5185 条
20260412 17:31:03- INFO- 开始获取 2024-12-04 的掘金全市场数据...
20260412 17:31:03- INFO-   步骤1: 调用get_symbols获取基础信息...
20260412 17:31:03- INFO-   get_symbols返回 5185 条记录
20260412 17:31:04- INFO-   过滤后剩余 5185 只股票(已剔除未上市/已退市)
20260412 17:31:04- INFO-   步骤2: 调用history批量获取数据...
20260412 17:31:04- INFO-   history批量返回 5185 条记录
20260412 17:31:04- INFO-   步骤3: 调用stk_get_daily_mktvalue_pt获取市值数据...
20260412 17:31:04- INFO-   stk_get_daily_mktvalue_pt返回 5185 条记录
20260412 17:31:04- INFO-   步骤4: 合并数据...
20260412 17:31:04- INFO-   数据合并完成,最终返回 5185 条记录, 18 个字段
20260412 17:31:04- INFO- ✓ 2024-12-04 数据获取成功: 5185 条
20260412 17:31:05- INFO- 开始获取 2024-12-05 的掘金全市场数据...
20260412 17:31:05- INFO-   步骤1: 调用get_symbols获取基础信息...
20260412 17:31:06- INFO-   get_symbols返回 5188 条记录
20260412 17:31:06- INFO-   过滤后剩余 5188 只股票(已剔除未上市/已退市)
20260412 17:31:06- INFO-   步骤2: 调用history批量获取数据...
20260412 17:31:06- INFO-   history批量返回 5188 条记录
20260412 17:31:06- INFO-   步骤3: 调用stk_get_daily_mktvalue_pt获取市值数据...
20260412 17:31:06- INFO-   stk_get_daily_mktvalue_pt返回 5188 条记录
20260412 17:31:06- INFO-   步骤4: 合并数据...
20260412 17:31:06- INFO-   数据合并完成,最终返回 5188 条记录, 18 个字段
20260412 17:31:06- INFO- ✓ 2024-12-05 数据获取成功: 5188 条
20260412 17:31:07- INFO- 开始获取 2024-12-06 的掘金全市场数据...
20260412 17:31:07- INFO-   步骤1: 调用get_symbols获取基础信息...
20260412 17:31:08- INFO-   get_symbols返回 5186 条记录
20260412 17:31:08- INFO-   过滤后剩余 5186 只股票(已剔除未上市/已退市)
20260412 17:31:08- INFO-   步骤2: 调用history批量获取数据...
20260412 17:31:08- INFO-   history批量返回 5186 条记录
20260412 17:31:08- INFO-   步骤3: 调用stk_get_daily_mktvalue_pt获取市值数据...
20260412 17:31:08- INFO-   stk_get_daily_mktvalue_pt返回 5186 条记录
20260412 17:31:08- INFO-   步骤4: 合并数据...
20260412 17:31:08- INFO-   数据合并完成,最终返回 5186 条记录, 18 个字段
20260412 17:31:08- INFO- ✓ 2024-12-06 数据获取成功: 5186 条
20260412 17:31:09- INFO- 开始获取 2024-12-09 的掘金全市场数据...
20260412 17:31:09- INFO-   步骤1: 调用get_symbols获取基础信息...
20260412 17:31:10- INFO-   get_symbols返回 5184 条记录
20260412 17:31:10- INFO-   过滤后剩余 5184 只股票(已剔除未上市/已退市)
20260412 17:31:10- INFO-   步骤2: 调用history批量获取数据...
20260412 17:31:10- INFO-   history批量返回 5184 条记录
20260412 17:31:10- INFO-   步骤3: 调用stk_get_daily_mktvalue_pt获取市值数据...
20260412 17:31:10- INFO-   stk_get_daily_mktvalue_pt返回 5184 条记录
20260412 17:31:10- INFO-   步骤4: 合并数据...
20260412 17:31:10- INFO-   数据合并完成,最终返回 5184 条记录, 18 个字段
20260412 17:31:10- INFO- ✓ 2024-12-09 数据获取成功: 5184 条
20260412 17:31:11- INFO- 开始获取 2024-12-10 的掘金全市场数据...
20260412 17:31:11- INFO-   步骤1: 调用get_symbols获取基础信息...
20260412 17:31:12- INFO-   get_symbols返回 5186 条记录
20260412 17:31:12- INFO-   过滤后剩余 5186 只股票(已剔除未上市/已退市)
20260412 17:31:12- INFO-   步骤2: 调用history批量获取数据...
20260412 17:31:12- INFO-   history批量返回 5186 条记录
20260412 17:31:12- INFO-   步骤3: 调用stk_get_daily_mktvalue_pt获取市值数据...
20260412 17:31:13- INFO-   stk_get_daily_mktvalue_pt返回 5186 条记录
20260412 17:31:13- INFO-   步骤4: 合并数据...
20260412 17:31:13- INFO-   数据合并完成,最终返回 5186 条记录, 18 个字段
20260412 17:31:13- INFO- ✓ 2024-12-10 数据获取成功: 5186 条
20260412 17:31:13- INFO- 开始获取 2024-12-11 的掘金全市场数据...
20260412 17:31:13- INFO-   步骤1: 调用get_symbols获取基础信息...
20260412 17:31:14- INFO-   get_symbols返回 5187 条记录
20260412 17:31:14- INFO-   过滤后剩余 5187 只股票(已剔除未上市/已退市)
20260412 17:31:14- INFO-   步骤2: 调用history批量获取数据...
20260412 17:31:14- INFO-   history批量返回 5187 条记录
20260412 17:31:14- INFO-   步骤3: 调用stk_get_daily_mktvalue_pt获取市值数据...
20260412 17:31:15- INFO-   stk_get_daily_mktvalue_pt返回 5187 条记录
20260412 17:31:15- INFO-   步骤4: 合并数据...
20260412 17:31:15- INFO-   数据合并完成,最终返回 5187 条记录, 18 个字段
20260412 17:31:15- INFO- ✓ 2024-12-11 数据获取成功: 5187 条
20260412 17:31:15- INFO- 开始获取 2024-12-12 的掘金全市场数据...
20260412 17:31:15- INFO-   步骤1: 调用get_symbols获取基础信息...
20260412 17:31:16- INFO-   get_symbols返回 5188 条记录
20260412 17:31:16- INFO-   过滤后剩余 5188 只股票(已剔除未上市/已退市)
20260412 17:31:16- INFO-   步骤2: 调用history批量获取数据...
20260412 17:31:17- INFO-   history批量返回 5188 条记录
20260412 17:31:17- INFO-   步骤3: 调用stk_get_daily_mktvalue_pt获取市值数据...
20260412 17:31:18- INFO-   stk_get_daily_mktvalue_pt返回 5188 条记录
20260412 17:31:18- INFO-   步骤4: 合并数据...
20260412 17:31:18- INFO-   数据合并完成,最终返回 5188 条记录, 18 个字段
20260412 17:31:18- INFO- ✓ 2024-12-12 数据获取成功: 5188 条
20260412 17:31:19- INFO- 开始获取 2024-12-13 的掘金全市场数据...
20260412 17:31:19- INFO-   步骤1: 调用get_symbols获取基础信息...
20260412 17:31:19- INFO-   get_symbols返回 5187 条记录
20260412 17:31:19- INFO-   过滤后剩余 5187 只股票(已剔除未上市/已退市)
20260412 17:31:19- INFO-   步骤2: 调用history批量获取数据...
20260412 17:31:20- INFO-   history批量返回 5187 条记录
20260412 17:31:20- INFO-   步骤3: 调用stk_get_daily_mktvalue_pt获取市值数据...
20260412 17:31:20- INFO-   stk_get_daily_mktvalue_pt返回 5187 条记录
20260412 17:31:20- INFO-   步骤4: 合并数据...
20260412 17:31:20- INFO-   数据合并完成,最终返回 5187 条记录, 18 个字段
20260412 17:31:20- INFO- ✓ 2024-12-13 数据获取成功: 5187 条
20260412 17:31:21- INFO- 开始获取 2024-12-16 的掘金全市场数据...
20260412 17:31:21- INFO-   步骤1: 调用get_symbols获取基础信息...
20260412 17:31:22- INFO-   get_symbols返回 5191 条记录
20260412 17:31:22- INFO-   过滤后剩余 5191 只股票(已剔除未上市/已退市)
20260412 17:31:22- INFO-   步骤2: 调用history批量获取数据...
20260412 17:31:22- INFO-   history批量返回 5191 条记录
20260412 17:31:22- INFO-   步骤3: 调用stk_get_daily_mktvalue_pt获取市值数据...
20260412 17:31:22- INFO-   stk_get_daily_mktvalue_pt返回 5191 条记录
20260412 17:31:22- INFO-   步骤4: 合并数据...
20260412 17:31:22- INFO-   数据合并完成,最终返回 5191 条记录, 18 个字段
20260412 17:31:22- INFO- ✓ 2024-12-16 数据获取成功: 5191 条
20260412 17:31:23- INFO- 开始获取 2024-12-17 的掘金全市场数据...
20260412 17:31:23- INFO-   步骤1: 调用get_symbols获取基础信息...
20260412 17:31:24- INFO-   get_symbols返回 5188 条记录
20260412 17:31:24- INFO-   过滤后剩余 5188 只股票(已剔除未上市/已退市)
20260412 17:31:24- INFO-   步骤2: 调用history批量获取数据...
20260412 17:31:24- INFO-   history批量返回 5188 条记录
20260412 17:31:24- INFO-   步骤3: 调用stk_get_daily_mktvalue_pt获取市值数据...
20260412 17:31:24- INFO-   stk_get_daily_mktvalue_pt返回 5188 条记录
20260412 17:31:25- INFO-   步骤4: 合并数据...
20260412 17:31:25- INFO-   数据合并完成,最终返回 5188 条记录, 18 个字段
20260412 17:31:25- INFO- ✓ 2024-12-17 数据获取成功: 5188 条
20260412 17:31:25- INFO- 开始获取 2024-12-18 的掘金全市场数据...
20260412 17:31:25- INFO-   步骤1: 调用get_symbols获取基础信息...
20260412 17:31:26- INFO-   get_symbols返回 5189 条记录
20260412 17:31:26- INFO-   过滤后剩余 5189 只股票(已剔除未上市/已退市)
20260412 17:31:26- INFO-   步骤2: 调用history批量获取数据...
20260412 17:31:26- INFO-   history批量返回 5189 条记录
20260412 17:31:26- INFO-   步骤3: 调用stk_get_daily_mktvalue_pt获取市值数据...
20260412 17:31:27- INFO-   stk_get_daily_mktvalue_pt返回 5189 条记录
20260412 17:31:27- INFO-   步骤4: 合并数据...
20260412 17:31:27- INFO-   数据合并完成,最终返回 5189 条记录, 18 个字段
20260412 17:31:27- INFO- ✓ 2024-12-18 数据获取成功: 5189 条
20260412 17:31:27- INFO- 开始获取 2024-12-19 的掘金全市场数据...
20260412 17:31:27- INFO-   步骤1: 调用get_symbols获取基础信息...
20260412 17:31:28- INFO-   get_symbols返回 5188 条记录
20260412 17:31:28- INFO-   过滤后剩余 5188 只股票(已剔除未上市/已退市)
20260412 17:31:28- INFO-   步骤2: 调用history批量获取数据...
20260412 17:31:28- INFO-   history批量返回 5188 条记录
20260412 17:31:28- INFO-   步骤3: 调用stk_get_daily_mktvalue_pt获取市值数据...
20260412 17:31:29- INFO-   stk_get_daily_mktvalue_pt返回 5188 条记录
20260412 17:31:29- INFO-   步骤4: 合并数据...
20260412 17:31:29- INFO-   数据合并完成,最终返回 5188 条记录, 18 个字段
20260412 17:31:29- INFO- ✓ 2024-12-19 数据获取成功: 5188 条
20260412 17:31:29- INFO- 开始获取 2024-12-20 的掘金全市场数据...
20260412 17:31:29- INFO-   步骤1: 调用get_symbols获取基础信息...
20260412 17:31:30- INFO-   get_symbols返回 5193 条记录
20260412 17:31:30- INFO-   过滤后剩余 5193 只股票(已剔除未上市/已退市)
20260412 17:31:30- INFO-   步骤2: 调用history批量获取数据...
20260412 17:31:30- INFO-   history批量返回 5193 条记录
20260412 17:31:30- INFO-   步骤3: 调用stk_get_daily_mktvalue_pt获取市值数据...
20260412 17:31:31- INFO-   stk_get_daily_mktvalue_pt返回 5193 条记录
20260412 17:31:31- INFO-   步骤4: 合并数据...
20260412 17:31:31- INFO-   数据合并完成,最终返回 5193 条记录, 18 个字段
20260412 17:31:31- INFO- ✓ 2024-12-20 数据获取成功: 5193 条
20260412 17:31:31- INFO- 开始获取 2024-12-23 的掘金全市场数据...
20260412 17:31:31- INFO-   步骤1: 调用get_symbols获取基础信息...
20260412 17:31:32- INFO-   get_symbols返回 5191 条记录
20260412 17:31:32- INFO-   过滤后剩余 5191 只股票(已剔除未上市/已退市)
20260412 17:31:32- INFO-   步骤2: 调用history批量获取数据...
20260412 17:31:33- INFO-   history批量返回 5191 条记录
20260412 17:31:33- INFO-   步骤3: 调用stk_get_daily_mktvalue_pt获取市值数据...
20260412 17:31:33- INFO-   stk_get_daily_mktvalue_pt返回 5191 条记录
20260412 17:31:33- INFO-   步骤4: 合并数据...
20260412 17:31:33- INFO-   数据合并完成,最终返回 5191 条记录, 18 个字段
20260412 17:31:33- INFO- ✓ 2024-12-23 数据获取成功: 5191 条
20260412 17:31:34- INFO- 开始获取 2024-12-24 的掘金全市场数据...
20260412 17:31:34- INFO-   步骤1: 调用get_symbols获取基础信息...
20260412 17:31:35- INFO-   get_symbols返回 5191 条记录
20260412 17:31:35- INFO-   过滤后剩余 5191 只股票(已剔除未上市/已退市)
20260412 17:31:35- INFO-   步骤2: 调用history批量获取数据...
20260412 17:31:35- INFO-   history批量返回 5191 条记录
20260412 17:31:35- INFO-   步骤3: 调用stk_get_daily_mktvalue_pt获取市值数据...
20260412 17:31:35- INFO-   stk_get_daily_mktvalue_pt返回 5191 条记录
20260412 17:31:35- INFO-   步骤4: 合并数据...
20260412 17:31:35- INFO-   数据合并完成,最终返回 5191 条记录, 18 个字段
20260412 17:31:35- INFO- ✓ 2024-12-24 数据获取成功: 5191 条
20260412 17:31:36- INFO- 开始获取 2024-12-25 的掘金全市场数据...
20260412 17:31:36- INFO-   步骤1: 调用get_symbols获取基础信息...
20260412 17:31:37- INFO-   get_symbols返回 5188 条记录
20260412 17:31:37- INFO-   过滤后剩余 5188 只股票(已剔除未上市/已退市)
20260412 17:31:37- INFO-   步骤2: 调用history批量获取数据...
20260412 17:31:37- INFO-   history批量返回 5188 条记录
20260412 17:31:37- INFO-   步骤3: 调用stk_get_daily_mktvalue_pt获取市值数据...
20260412 17:31:37- INFO-   stk_get_daily_mktvalue_pt返回 5188 条记录
20260412 17:31:37- INFO-   步骤4: 合并数据...
20260412 17:31:37- INFO-   数据合并完成,最终返回 5188 条记录, 18 个字段
20260412 17:31:37- INFO- ✓ 2024-12-25 数据获取成功: 5188 条
20260412 17:31:38- INFO- 开始获取 2024-12-26 的掘金全市场数据...
20260412 17:31:38- INFO-   步骤1: 调用get_symbols获取基础信息...
20260412 17:31:39- INFO-   get_symbols返回 5191 条记录
20260412 17:31:39- INFO-   过滤后剩余 5191 只股票(已剔除未上市/已退市)
20260412 17:31:39- INFO-   步骤2: 调用history批量获取数据...
20260412 17:31:39- INFO-   history批量返回 5191 条记录
20260412 17:31:39- INFO-   步骤3: 调用stk_get_daily_mktvalue_pt获取市值数据...
20260412 17:31:40- INFO-   stk_get_daily_mktvalue_pt返回 5191 条记录
20260412 17:31:40- INFO-   步骤4: 合并数据...
20260412 17:31:40- INFO-   数据合并完成,最终返回 5191 条记录, 18 个字段
20260412 17:31:40- INFO- ✓ 2024-12-26 数据获取成功: 5191 条
20260412 17:31:40- INFO- 开始获取 2024-12-27 的掘金全市场数据...
20260412 17:31:40- INFO-   步骤1: 调用get_symbols获取基础信息...
20260412 17:31:41- INFO-   get_symbols返回 5189 条记录
20260412 17:31:41- INFO-   过滤后剩余 5189 只股票(已剔除未上市/已退市)
20260412 17:31:41- INFO-   步骤2: 调用history批量获取数据...
20260412 17:31:41- INFO-   history批量返回 5189 条记录
20260412 17:31:41- INFO-   步骤3: 调用stk_get_daily_mktvalue_pt获取市值数据...
20260412 17:31:42- INFO-   stk_get_daily_mktvalue_pt返回 5189 条记录
20260412 17:31:42- INFO-   步骤4: 合并数据...
20260412 17:31:42- INFO-   数据合并完成,最终返回 5189 条记录, 18 个字段
20260412 17:31:42- INFO- ✓ 2024-12-27 数据获取成功: 5189 条
20260412 17:31:42- INFO- 开始获取 2024-12-30 的掘金全市场数据...
20260412 17:31:42- INFO-   步骤1: 调用get_symbols获取基础信息...
20260412 17:31:43- INFO-   get_symbols返回 5185 条记录
20260412 17:31:43- INFO-   过滤后剩余 5185 只股票(已剔除未上市/已退市)
20260412 17:31:43- INFO-   步骤2: 调用history批量获取数据...
20260412 17:31:43- INFO-   history批量返回 5185 条记录
20260412 17:31:43- INFO-   步骤3: 调用stk_get_daily_mktvalue_pt获取市值数据...
20260412 17:31:44- INFO-   stk_get_daily_mktvalue_pt返回 5185 条记录
20260412 17:31:44- INFO-   步骤4: 合并数据...
20260412 17:31:44- INFO-   数据合并完成,最终返回 5185 条记录, 18 个字段
20260412 17:31:44- INFO- ✓ 2024-12-30 数据获取成功: 5185 条
20260412 17:31:44- INFO- 开始获取 2024-12-31 的掘金全市场数据...
20260412 17:31:44- INFO-   步骤1: 调用get_symbols获取基础信息...
20260412 17:31:45- INFO-   get_symbols返回 5188 条记录
20260412 17:31:45- INFO-   过滤后剩余 5188 只股票(已剔除未上市/已退市)
20260412 17:31:45- INFO-   步骤2: 调用history批量获取数据...
20260412 17:31:46- INFO-   history批量返回 5188 条记录
20260412 17:31:46- INFO-   步骤3: 调用stk_get_daily_mktvalue_pt获取市值数据...
20260412 17:31:46- INFO-   stk_get_daily_mktvalue_pt返回 5188 条记录
20260412 17:31:46- INFO-   步骤4: 合并数据...
20260412 17:31:46- INFO-   数据合并完成,最终返回 5188 条记录, 18 个字段
20260412 17:31:46- INFO- ✓ 2024-12-31 数据获取成功: 5188 条
20260412 17:31:47- INFO- 开始获取 2025-01-01 的掘金全市场数据...
20260412 17:31:47- INFO-   步骤1: 调用get_symbols获取基础信息...
20260412 17:31:51- WARNING- 2025-01-01 get_symbols返回空数据
20260412 17:31:51- WARNING- ✗ 2025-01-01 无数据
20260412 17:31:56- INFO- 批量获取完成,共 4731579 条记录
20260412 18:54:48- INFO- 准备获取 263 个交易日的数据: 2020-01-01 至 2021-01-01
20260412 18:54:48- INFO- 开始获取 2020-01-01 的掘金全市场数据...
20260412 18:54:48- INFO-   步骤1: 调用get_symbols获取基础信息...
20260412 18:54:52- WARNING- 2020-01-01 get_symbols返回空数据
20260412 18:54:52- WARNING- ✗ 2020-01-01 无数据
20260412 18:54:53- INFO- 开始获取 2020-01-02 的掘金全市场数据...
20260412 18:54:53- INFO-   步骤1: 调用get_symbols获取基础信息...
20260412 18:54:53- INFO-   get_symbols返回 3835 条记录
20260412 18:54:53- INFO-   过滤后剩余 3835 只股票(已剔除未上市/已退市)
20260412 18:54:53- INFO-   步骤2: 调用history批量获取数据...
20260412 18:54:56- INFO-   history批量返回 3835 条记录
20260412 18:54:56- INFO-   步骤3: 调用stk_get_daily_mktvalue_pt获取市值数据...
20260412 18:54:57- INFO-   stk_get_daily_mktvalue_pt返回 3835 条记录
20260412 18:54:57- INFO-   步骤4: 合并数据...
20260412 18:54:57- INFO-   数据合并完成,最终返回 3835 条记录, 18 个字段
20260412 18:54:57- INFO- ✓ 2020-01-02 数据获取成功: 3835 条
20260412 18:54:57- INFO- 开始获取 2020-01-03 的掘金全市场数据...
20260412 18:54:57- INFO-   步骤1: 调用get_symbols获取基础信息...
20260412 18:54:58- INFO-   get_symbols返回 3835 条记录
20260412 18:54:58- INFO-   过滤后剩余 3835 只股票(已剔除未上市/已退市)
20260412 18:54:58- INFO-   步骤2: 调用history批量获取数据...
20260412 18:54:58- INFO-   history批量返回 3835 条记录
20260412 18:54:58- INFO-   步骤3: 调用stk_get_daily_mktvalue_pt获取市值数据...
20260412 18:54:58- INFO-   stk_get_daily_mktvalue_pt返回 3835 条记录
20260412 18:54:58- INFO-   步骤4: 合并数据...
20260412 18:54:58- INFO-   数据合并完成,最终返回 3835 条记录, 18 个字段
20260412 18:54:58- INFO- ✓ 2020-01-03 数据获取成功: 3835 条
20260412 18:54:59- INFO- 开始获取 2020-01-06 的掘金全市场数据...
20260412 18:54:59- INFO-   步骤1: 调用get_symbols获取基础信息...
20260412 18:54:59- INFO-   get_symbols返回 3838 条记录
20260412 18:54:59- INFO-   过滤后剩余 3838 只股票(已剔除未上市/已退市)
20260412 18:54:59- INFO-   步骤2: 调用history批量获取数据...
20260412 18:55:00- INFO-   history批量返回 3838 条记录
20260412 18:55:00- INFO-   步骤3: 调用stk_get_daily_mktvalue_pt获取市值数据...
20260412 18:55:00- INFO-   stk_get_daily_mktvalue_pt返回 3838 条记录
20260412 18:55:00- INFO-   步骤4: 合并数据...
20260412 18:55:00- INFO-   数据合并完成,最终返回 3838 条记录, 18 个字段
20260412 18:55:00- INFO- ✓ 2020-01-06 数据获取成功: 3838 条
20260412 18:55:00- INFO- 开始获取 2020-01-07 的掘金全市场数据...
20260412 18:55:00- INFO-   步骤1: 调用get_symbols获取基础信息...
20260412 18:55:01- INFO-   get_symbols返回 3836 条记录
20260412 18:55:01- INFO-   过滤后剩余 3836 只股票(已剔除未上市/已退市)
20260412 18:55:01- INFO-   步骤2: 调用history批量获取数据...
20260412 18:55:01- INFO-   history批量返回 3836 条记录
20260412 18:55:01- INFO-   步骤3: 调用stk_get_daily_mktvalue_pt获取市值数据...
20260412 18:55:01- INFO-   stk_get_daily_mktvalue_pt返回 3836 条记录
20260412 18:55:01- INFO-   步骤4: 合并数据...
20260412 18:55:01- INFO-   数据合并完成,最终返回 3836 条记录, 18 个字段
20260412 18:55:01- INFO- ✓ 2020-01-07 数据获取成功: 3836 条
20260412 18:55:02- INFO- 开始获取 2020-01-08 的掘金全市场数据...
20260412 18:55:02- INFO-   步骤1: 调用get_symbols获取基础信息...
20260412 18:55:02- INFO-   get_symbols返回 3835 条记录
20260412 18:55:02- INFO-   过滤后剩余 3835 只股票(已剔除未上市/已退市)
20260412 18:55:02- INFO-   步骤2: 调用history批量获取数据...
20260412 18:55:03- INFO-   history批量返回 3835 条记录
20260412 18:55:03- INFO-   步骤3: 调用stk_get_daily_mktvalue_pt获取市值数据...
20260412 18:55:03- INFO-   stk_get_daily_mktvalue_pt返回 3835 条记录
20260412 18:55:03- INFO-   步骤4: 合并数据...
20260412 18:55:03- INFO-   数据合并完成,最终返回 3835 条记录, 18 个字段
20260412 18:55:03- INFO- ✓ 2020-01-08 数据获取成功: 3835 条
20260412 18:55:03- INFO- 开始获取 2020-01-09 的掘金全市场数据...
20260412 18:55:03- INFO-   步骤1: 调用get_symbols获取基础信息...
20260412 18:55:04- INFO-   get_symbols返回 3835 条记录
20260412 18:55:04- INFO-   过滤后剩余 3835 只股票(已剔除未上市/已退市)
20260412 18:55:04- INFO-   步骤2: 调用history批量获取数据...
20260412 18:55:04- INFO-   history批量返回 3835 条记录
20260412 18:55:04- INFO-   步骤3: 调用stk_get_daily_mktvalue_pt获取市值数据...
20260412 18:55:04- INFO-   stk_get_daily_mktvalue_pt返回 3835 条记录
20260412 18:55:04- INFO-   步骤4: 合并数据...
20260412 18:55:04- INFO-   数据合并完成,最终返回 3835 条记录, 18 个字段
20260412 18:55:04- INFO- ✓ 2020-01-09 数据获取成功: 3835 条
20260412 18:55:05- INFO- 开始获取 2020-01-10 的掘金全市场数据...
20260412 18:55:05- INFO-   步骤1: 调用get_symbols获取基础信息...
20260412 18:55:05- INFO-   get_symbols返回 3833 条记录
20260412 18:55:05- INFO-   过滤后剩余 3833 只股票(已剔除未上市/已退市)
20260412 18:55:05- INFO-   步骤2: 调用history批量获取数据...
20260412 18:55:06- INFO-   history批量返回 3833 条记录
20260412 18:55:06- INFO-   步骤3: 调用stk_get_daily_mktvalue_pt获取市值数据...
20260412 18:55:06- INFO-   stk_get_daily_mktvalue_pt返回 3833 条记录
20260412 18:55:06- INFO-   步骤4: 合并数据...
20260412 18:55:06- INFO-   数据合并完成,最终返回 3833 条记录, 18 个字段
20260412 18:55:06- INFO- ✓ 2020-01-10 数据获取成功: 3833 条
20260412 18:55:06- INFO- 开始获取 2020-01-13 的掘金全市场数据...
20260412 18:55:06- INFO-   步骤1: 调用get_symbols获取基础信息...
20260412 18:55:07- INFO-   get_symbols返回 3833 条记录
20260412 18:55:07- INFO-   过滤后剩余 3833 只股票(已剔除未上市/已退市)
20260412 18:55:07- INFO-   步骤2: 调用history批量获取数据...
20260412 18:55:07- INFO-   history批量返回 3833 条记录
20260412 18:55:07- INFO-   步骤3: 调用stk_get_daily_mktvalue_pt获取市值数据...
20260412 18:55:07- INFO-   stk_get_daily_mktvalue_pt返回 3833 条记录
20260412 18:55:07- INFO-   步骤4: 合并数据...
20260412 18:55:07- INFO-   数据合并完成,最终返回 3833 条记录, 18 个字段
20260412 18:55:07- INFO- ✓ 2020-01-13 数据获取成功: 3833 条
20260412 18:55:08- INFO- 开始获取 2020-01-14 的掘金全市场数据...
20260412 18:55:08- INFO-   步骤1: 调用get_symbols获取基础信息...
20260412 18:55:08- INFO-   get_symbols返回 3836 条记录
20260412 18:55:08- INFO-   过滤后剩余 3836 只股票(已剔除未上市/已退市)
20260412 18:55:08- INFO-   步骤2: 调用history批量获取数据...
20260412 18:55:09- INFO-   history批量返回 3836 条记录
20260412 18:55:09- INFO-   步骤3: 调用stk_get_daily_mktvalue_pt获取市值数据...
20260412 18:55:09- INFO-   stk_get_daily_mktvalue_pt返回 3836 条记录
20260412 18:55:09- INFO-   步骤4: 合并数据...
20260412 18:55:09- INFO-   数据合并完成,最终返回 3836 条记录, 18 个字段
20260412 18:55:09- INFO- ✓ 2020-01-14 数据获取成功: 3836 条
20260412 18:55:09- INFO- 开始获取 2020-01-15 的掘金全市场数据...
20260412 18:55:09- INFO-   步骤1: 调用get_symbols获取基础信息...
20260412 18:55:10- INFO-   get_symbols返回 3836 条记录
20260412 18:55:10- INFO-   过滤后剩余 3836 只股票(已剔除未上市/已退市)
20260412 18:55:10- INFO-   步骤2: 调用history批量获取数据...
20260412 18:55:10- INFO-   history批量返回 3836 条记录
20260412 18:55:10- INFO-   步骤3: 调用stk_get_daily_mktvalue_pt获取市值数据...
20260412 18:55:10- INFO-   stk_get_daily_mktvalue_pt返回 3836 条记录
20260412 18:55:10- INFO-   步骤4: 合并数据...
20260412 18:55:10- INFO-   数据合并完成,最终返回 3836 条记录, 18 个字段
20260412 18:55:10- INFO- ✓ 2020-01-15 数据获取成功: 3836 条
20260412 18:55:11- INFO- 开始获取 2020-01-16 的掘金全市场数据...
20260412 18:55:11- INFO-   步骤1: 调用get_symbols获取基础信息...
20260412 18:55:11- INFO-   get_symbols返回 3837 条记录
20260412 18:55:11- INFO-   过滤后剩余 3837 只股票(已剔除未上市/已退市)
20260412 18:55:11- INFO-   步骤2: 调用history批量获取数据...
20260412 18:55:12- INFO-   history批量返回 3837 条记录
20260412 18:55:12- INFO-   步骤3: 调用stk_get_daily_mktvalue_pt获取市值数据...
20260412 18:55:12- INFO-   stk_get_daily_mktvalue_pt返回 3837 条记录
20260412 18:55:12- INFO-   步骤4: 合并数据...
20260412 18:55:12- INFO-   数据合并完成,最终返回 3837 条记录, 18 个字段
20260412 18:55:12- INFO- ✓ 2020-01-16 数据获取成功: 3837 条
20260412 18:55:12- INFO- 开始获取 2020-01-17 的掘金全市场数据...
20260412 18:55:12- INFO-   步骤1: 调用get_symbols获取基础信息...
20260412 18:55:13- INFO-   get_symbols返回 3841 条记录
20260412 18:55:13- INFO-   过滤后剩余 3841 只股票(已剔除未上市/已退市)
20260412 18:55:13- INFO-   步骤2: 调用history批量获取数据...
20260412 18:55:13- INFO-   history批量返回 3841 条记录
20260412 18:55:13- INFO-   步骤3: 调用stk_get_daily_mktvalue_pt获取市值数据...
20260412 18:55:13- INFO-   stk_get_daily_mktvalue_pt返回 3841 条记录
20260412 18:55:13- INFO-   步骤4: 合并数据...
20260412 18:55:13- INFO-   数据合并完成,最终返回 3841 条记录, 18 个字段
20260412 18:55:13- INFO- ✓ 2020-01-17 数据获取成功: 3841 条
20260412 18:55:14- INFO- 开始获取 2020-01-20 的掘金全市场数据...
20260412 18:55:14- INFO-   步骤1: 调用get_symbols获取基础信息...
20260412 18:55:14- INFO-   get_symbols返回 3845 条记录
20260412 18:55:14- INFO-   过滤后剩余 3845 只股票(已剔除未上市/已退市)
20260412 18:55:14- INFO-   步骤2: 调用history批量获取数据...
20260412 18:55:15- INFO-   history批量返回 3845 条记录
20260412 18:55:15- INFO-   步骤3: 调用stk_get_daily_mktvalue_pt获取市值数据...
20260412 18:55:15- INFO-   stk_get_daily_mktvalue_pt返回 3845 条记录
20260412 18:55:15- INFO-   步骤4: 合并数据...
20260412 18:55:15- INFO-   数据合并完成,最终返回 3845 条记录, 18 个字段
20260412 18:55:15- INFO- ✓ 2020-01-20 数据获取成功: 3845 条
20260412 18:55:15- INFO- 开始获取 2020-01-21 的掘金全市场数据...
20260412 18:55:15- INFO-   步骤1: 调用get_symbols获取基础信息...
20260412 18:55:16- INFO-   get_symbols返回 3847 条记录
20260412 18:55:16- INFO-   过滤后剩余 3847 只股票(已剔除未上市/已退市)
20260412 18:55:16- INFO-   步骤2: 调用history批量获取数据...
20260412 18:55:16- INFO-   history批量返回 3847 条记录
20260412 18:55:16- INFO-   步骤3: 调用stk_get_daily_mktvalue_pt获取市值数据...
20260412 18:55:17- INFO-   stk_get_daily_mktvalue_pt返回 3847 条记录
20260412 18:55:17- INFO-   步骤4: 合并数据...
20260412 18:55:17- INFO-   数据合并完成,最终返回 3847 条记录, 18 个字段
20260412 18:55:17- INFO- ✓ 2020-01-21 数据获取成功: 3847 条
20260412 18:55:17- INFO- 开始获取 2020-01-22 的掘金全市场数据...
20260412 18:55:17- INFO-   步骤1: 调用get_symbols获取基础信息...
20260412 18:55:18- INFO-   get_symbols返回 3851 条记录
20260412 18:55:18- INFO-   过滤后剩余 3851 只股票(已剔除未上市/已退市)
20260412 18:55:18- INFO-   步骤2: 调用history批量获取数据...
20260412 18:55:18- INFO-   history批量返回 3851 条记录
20260412 18:55:18- INFO-   步骤3: 调用stk_get_daily_mktvalue_pt获取市值数据...
20260412 18:55:18- INFO-   stk_get_daily_mktvalue_pt返回 3851 条记录
20260412 18:55:18- INFO-   步骤4: 合并数据...
20260412 18:55:18- INFO-   数据合并完成,最终返回 3851 条记录, 18 个字段
20260412 18:55:18- INFO- ✓ 2020-01-22 数据获取成功: 3851 条
20260412 18:55:19- INFO- 开始获取 2020-01-23 的掘金全市场数据...
20260412 18:55:19- INFO-   步骤1: 调用get_symbols获取基础信息...
20260412 18:55:19- INFO-   get_symbols返回 3854 条记录
20260412 18:55:19- INFO-   过滤后剩余 3854 只股票(已剔除未上市/已退市)
20260412 18:55:19- INFO-   步骤2: 调用history批量获取数据...
20260412 18:55:19- INFO-   history批量返回 3854 条记录
20260412 18:55:19- INFO-   步骤3: 调用stk_get_daily_mktvalue_pt获取市值数据...
20260412 18:55:20- INFO-   stk_get_daily_mktvalue_pt返回 3854 条记录
20260412 18:55:20- INFO-   步骤4: 合并数据...
20260412 18:55:20- INFO-   数据合并完成,最终返回 3854 条记录, 18 个字段
20260412 18:55:20- INFO- ✓ 2020-01-23 数据获取成功: 3854 条
20260412 18:55:20- INFO- 开始获取 2020-01-24 的掘金全市场数据...
20260412 18:55:20- INFO-   步骤1: 调用get_symbols获取基础信息...
20260412 18:55:20- WARNING- 2020-01-24 get_symbols返回空数据
20260412 18:55:20- WARNING- ✗ 2020-01-24 无数据
20260412 18:55:21- INFO- 开始获取 2020-01-27 的掘金全市场数据...
20260412 18:55:21- INFO-   步骤1: 调用get_symbols获取基础信息...
20260412 18:55:21- WARNING- 2020-01-27 get_symbols返回空数据
20260412 18:55:21- WARNING- ✗ 2020-01-27 无数据
20260412 18:55:21- INFO- 开始获取 2020-01-28 的掘金全市场数据...
20260412 18:55:21- INFO-   步骤1: 调用get_symbols获取基础信息...
20260412 18:55:22- WARNING- 2020-01-28 get_symbols返回空数据
20260412 18:55:22- WARNING- ✗ 2020-01-28 无数据
20260412 18:55:22- INFO- 开始获取 2020-01-29 的掘金全市场数据...
20260412 18:55:22- INFO-   步骤1: 调用get_symbols获取基础信息...
20260412 18:55:22- WARNING- 2020-01-29 get_symbols返回空数据
20260412 18:55:22- WARNING- ✗ 2020-01-29 无数据
20260412 18:55:23- INFO- 开始获取 2020-01-30 的掘金全市场数据...
20260412 18:55:23- INFO-   步骤1: 调用get_symbols获取基础信息...
20260412 18:55:23- WARNING- 2020-01-30 get_symbols返回空数据
20260412 18:55:23- WARNING- ✗ 2020-01-30 无数据
20260412 18:55:24- INFO- 开始获取 2020-01-31 的掘金全市场数据...
20260412 18:55:24- INFO-   步骤1: 调用get_symbols获取基础信息...
20260412 18:55:24- WARNING- 2020-01-31 get_symbols返回空数据
20260412 18:55:24- WARNING- ✗ 2020-01-31 无数据
20260412 18:55:24- INFO- 开始获取 2020-02-03 的掘金全市场数据...
20260412 18:55:24- INFO-   步骤1: 调用get_symbols获取基础信息...
20260412 18:55:25- INFO-   get_symbols返回 3854 条记录
20260412 18:55:25- INFO-   过滤后剩余 3854 只股票(已剔除未上市/已退市)
20260412 18:55:25- INFO-   步骤2: 调用history批量获取数据...
20260412 18:55:25- INFO-   history批量返回 3854 条记录
20260412 18:55:25- INFO-   步骤3: 调用stk_get_daily_mktvalue_pt获取市值数据...
20260412 18:55:25- INFO-   stk_get_daily_mktvalue_pt返回 3854 条记录
20260412 18:55:25- INFO-   步骤4: 合并数据...
20260412 18:55:25- INFO-   数据合并完成,最终返回 3854 条记录, 18 个字段
20260412 18:55:25- INFO- ✓ 2020-02-03 数据获取成功: 3854 条
20260412 18:55:26- INFO- 开始获取 2020-02-04 的掘金全市场数据...
20260412 18:55:26- INFO-   步骤1: 调用get_symbols获取基础信息...
20260412 18:55:26- INFO-   get_symbols返回 3855 条记录
20260412 18:55:26- INFO-   过滤后剩余 3855 只股票(已剔除未上市/已退市)
20260412 18:55:26- INFO-   步骤2: 调用history批量获取数据...
20260412 18:55:27- INFO-   history批量返回 3855 条记录
20260412 18:55:27- INFO-   步骤3: 调用stk_get_daily_mktvalue_pt获取市值数据...
20260412 18:55:27- INFO-   stk_get_daily_mktvalue_pt返回 3855 条记录
20260412 18:55:27- INFO-   步骤4: 合并数据...
20260412 18:55:27- INFO-   数据合并完成,最终返回 3855 条记录, 18 个字段
20260412 18:55:27- INFO- ✓ 2020-02-04 数据获取成功: 3855 条
20260412 18:55:27- INFO- 开始获取 2020-02-05 的掘金全市场数据...
20260412 18:55:27- INFO-   步骤1: 调用get_symbols获取基础信息...
20260412 18:55:28- INFO-   get_symbols返回 3858 条记录
20260412 18:55:28- INFO-   过滤后剩余 3858 只股票(已剔除未上市/已退市)
20260412 18:55:28- INFO-   步骤2: 调用history批量获取数据...
20260412 18:55:28- INFO-   history批量返回 3858 条记录
20260412 18:55:28- INFO-   步骤3: 调用stk_get_daily_mktvalue_pt获取市值数据...
20260412 18:55:28- INFO-   stk_get_daily_mktvalue_pt返回 3858 条记录
20260412 18:55:28- INFO-   步骤4: 合并数据...
20260412 18:55:28- INFO-   数据合并完成,最终返回 3858 条记录, 18 个字段
20260412 18:55:28- INFO- ✓ 2020-02-05 数据获取成功: 3858 条
20260412 18:55:29- INFO- 开始获取 2020-02-06 的掘金全市场数据...
20260412 18:55:29- INFO-   步骤1: 调用get_symbols获取基础信息...
20260412 18:55:29- INFO-   get_symbols返回 3859 条记录
20260412 18:55:29- INFO-   过滤后剩余 3859 只股票(已剔除未上市/已退市)
20260412 18:55:29- INFO-   步骤2: 调用history批量获取数据...
20260412 18:55:30- INFO-   history批量返回 3859 条记录
20260412 18:55:30- INFO-   步骤3: 调用stk_get_daily_mktvalue_pt获取市值数据...
20260412 18:55:30- INFO-   stk_get_daily_mktvalue_pt返回 3859 条记录
20260412 18:55:30- INFO-   步骤4: 合并数据...
20260412 18:55:30- INFO-   数据合并完成,最终返回 3859 条记录, 18 个字段
20260412 18:55:30- INFO- ✓ 2020-02-06 数据获取成功: 3859 条
20260412 18:55:30- INFO- 开始获取 2020-02-07 的掘金全市场数据...
20260412 18:55:30- INFO-   步骤1: 调用get_symbols获取基础信息...
20260412 18:55:31- INFO-   get_symbols返回 3860 条记录
20260412 18:55:31- INFO-   过滤后剩余 3860 只股票(已剔除未上市/已退市)
20260412 18:55:31- INFO-   步骤2: 调用history批量获取数据...
20260412 18:55:31- INFO-   history批量返回 3860 条记录
20260412 18:55:31- INFO-   步骤3: 调用stk_get_daily_mktvalue_pt获取市值数据...
20260412 18:55:31- INFO-   stk_get_daily_mktvalue_pt返回 3860 条记录
20260412 18:55:31- INFO-   步骤4: 合并数据...
20260412 18:55:31- INFO-   数据合并完成,最终返回 3860 条记录, 18 个字段
20260412 18:55:31- INFO- ✓ 2020-02-07 数据获取成功: 3860 条
20260412 18:55:32- INFO- 开始获取 2020-02-10 的掘金全市场数据...
20260412 18:55:32- INFO-   步骤1: 调用get_symbols获取基础信息...
20260412 18:55:32- INFO-   get_symbols返回 3861 条记录
20260412 18:55:32- INFO-   过滤后剩余 3861 只股票(已剔除未上市/已退市)
20260412 18:55:32- INFO-   步骤2: 调用history批量获取数据...
20260412 18:55:33- INFO-   history批量返回 3861 条记录
20260412 18:55:33- INFO-   步骤3: 调用stk_get_daily_mktvalue_pt获取市值数据...
20260412 18:55:33- INFO-   stk_get_daily_mktvalue_pt返回 3861 条记录
20260412 18:55:33- INFO-   步骤4: 合并数据...
20260412 18:55:33- INFO-   数据合并完成,最终返回 3861 条记录, 18 个字段
20260412 18:55:33- INFO- ✓ 2020-02-10 数据获取成功: 3861 条
20260412 18:55:33- INFO- 开始获取 2020-02-11 的掘金全市场数据...
20260412 18:55:33- INFO-   步骤1: 调用get_symbols获取基础信息...
20260412 18:55:34- INFO-   get_symbols返回 3863 条记录
20260412 18:55:34- INFO-   过滤后剩余 3863 只股票(已剔除未上市/已退市)
20260412 18:55:34- INFO-   步骤2: 调用history批量获取数据...
20260412 18:55:34- INFO-   history批量返回 3863 条记录
20260412 18:55:34- INFO-   步骤3: 调用stk_get_daily_mktvalue_pt获取市值数据...
20260412 18:55:34- INFO-   stk_get_daily_mktvalue_pt返回 3863 条记录
20260412 18:55:34- INFO-   步骤4: 合并数据...
20260412 18:55:34- INFO-   数据合并完成,最终返回 3863 条记录, 18 个字段
20260412 18:55:34- INFO- ✓ 2020-02-11 数据获取成功: 3863 条
20260412 18:55:35- INFO- 开始获取 2020-02-12 的掘金全市场数据...
20260412 18:55:35- INFO-   步骤1: 调用get_symbols获取基础信息...
20260412 18:55:35- INFO-   get_symbols返回 3865 条记录
20260412 18:55:35- INFO-   过滤后剩余 3865 只股票(已剔除未上市/已退市)
20260412 18:55:35- INFO-   步骤2: 调用history批量获取数据...
20260412 18:55:36- INFO-   history批量返回 3865 条记录
20260412 18:55:36- INFO-   步骤3: 调用stk_get_daily_mktvalue_pt获取市值数据...
20260412 18:55:36- INFO-   stk_get_daily_mktvalue_pt返回 3865 条记录
20260412 18:55:36- INFO-   步骤4: 合并数据...
20260412 18:55:36- INFO-   数据合并完成,最终返回 3865 条记录, 18 个字段
20260412 18:55:36- INFO- ✓ 2020-02-12 数据获取成功: 3865 条
20260412 18:55:36- INFO- 开始获取 2020-02-13 的掘金全市场数据...
20260412 18:55:36- INFO-   步骤1: 调用get_symbols获取基础信息...
20260412 18:55:37- INFO-   get_symbols返回 3867 条记录
20260412 18:55:37- INFO-   过滤后剩余 3867 只股票(已剔除未上市/已退市)
20260412 18:55:37- INFO-   步骤2: 调用history批量获取数据...
20260412 18:55:37- INFO-   history批量返回 3867 条记录
20260412 18:55:37- INFO-   步骤3: 调用stk_get_daily_mktvalue_pt获取市值数据...
20260412 18:55:37- INFO-   stk_get_daily_mktvalue_pt返回 3867 条记录
20260412 18:55:37- INFO-   步骤4: 合并数据...
20260412 18:55:37- INFO-   数据合并完成,最终返回 3867 条记录, 18 个字段
20260412 18:55:37- INFO- ✓ 2020-02-13 数据获取成功: 3867 条
20260412 18:55:38- INFO- 开始获取 2020-02-14 的掘金全市场数据...
20260412 18:55:38- INFO-   步骤1: 调用get_symbols获取基础信息...
20260412 18:55:39- INFO-   get_symbols返回 3868 条记录
20260412 18:55:39- INFO-   过滤后剩余 3868 只股票(已剔除未上市/已退市)
20260412 18:55:39- INFO-   步骤2: 调用history批量获取数据...
20260412 18:55:39- INFO-   history批量返回 3868 条记录
20260412 18:55:39- INFO-   步骤3: 调用stk_get_daily_mktvalue_pt获取市值数据...
20260412 18:55:39- INFO-   stk_get_daily_mktvalue_pt返回 3868 条记录
20260412 18:55:39- INFO-   步骤4: 合并数据...
20260412 18:55:39- INFO-   数据合并完成,最终返回 3868 条记录, 18 个字段
20260412 18:55:39- INFO- ✓ 2020-02-14 数据获取成功: 3868 条
20260412 18:55:39- INFO- 开始获取 2020-02-17 的掘金全市场数据...
20260412 18:55:39- INFO-   步骤1: 调用get_symbols获取基础信息...
20260412 18:55:40- INFO-   get_symbols返回 3869 条记录
20260412 18:55:40- INFO-   过滤后剩余 3869 只股票(已剔除未上市/已退市)
20260412 18:55:40- INFO-   步骤2: 调用history批量获取数据...
20260412 18:55:40- INFO-   history批量返回 3869 条记录
20260412 18:55:40- INFO-   步骤3: 调用stk_get_daily_mktvalue_pt获取市值数据...
20260412 18:55:40- INFO-   stk_get_daily_mktvalue_pt返回 3869 条记录
20260412 18:55:40- INFO-   步骤4: 合并数据...
20260412 18:55:40- INFO-   数据合并完成,最终返回 3869 条记录, 18 个字段
20260412 18:55:40- INFO- ✓ 2020-02-17 数据获取成功: 3869 条
20260412 18:55:41- INFO- 开始获取 2020-02-18 的掘金全市场数据...
20260412 18:55:41- INFO-   步骤1: 调用get_symbols获取基础信息...
20260412 18:55:41- INFO-   get_symbols返回 3869 条记录
20260412 18:55:41- INFO-   过滤后剩余 3869 只股票(已剔除未上市/已退市)
20260412 18:55:41- INFO-   步骤2: 调用history批量获取数据...
20260412 18:55:42- INFO-   history批量返回 3869 条记录
20260412 18:55:42- INFO-   步骤3: 调用stk_get_daily_mktvalue_pt获取市值数据...
20260412 18:55:42- INFO-   stk_get_daily_mktvalue_pt返回 3869 条记录
20260412 18:55:42- INFO-   步骤4: 合并数据...
20260412 18:55:42- INFO-   数据合并完成,最终返回 3869 条记录, 18 个字段
20260412 18:55:42- INFO- ✓ 2020-02-18 数据获取成功: 3869 条
20260412 18:55:43- INFO- 开始获取 2020-02-19 的掘金全市场数据...
20260412 18:55:43- INFO-   步骤1: 调用get_symbols获取基础信息...
20260412 18:55:43- INFO-   get_symbols返回 3871 条记录
20260412 18:55:43- INFO-   过滤后剩余 3871 只股票(已剔除未上市/已退市)
20260412 18:55:43- INFO-   步骤2: 调用history批量获取数据...
20260412 18:55:43- INFO-   history批量返回 3871 条记录
20260412 18:55:43- INFO-   步骤3: 调用stk_get_daily_mktvalue_pt获取市值数据...
20260412 18:55:44- INFO-   stk_get_daily_mktvalue_pt返回 3871 条记录
20260412 18:55:44- INFO-   步骤4: 合并数据...
20260412 18:55:44- INFO-   数据合并完成,最终返回 3871 条记录, 18 个字段
20260412 18:55:44- INFO- ✓ 2020-02-19 数据获取成功: 3871 条
20260412 18:55:44- INFO- 开始获取 2020-02-20 的掘金全市场数据...
20260412 18:55:44- INFO-   步骤1: 调用get_symbols获取基础信息...
20260412 18:55:45- INFO-   get_symbols返回 3871 条记录
20260412 18:55:45- INFO-   过滤后剩余 3871 只股票(已剔除未上市/已退市)
20260412 18:55:45- INFO-   步骤2: 调用history批量获取数据...
20260412 18:55:45- INFO-   history批量返回 3871 条记录
20260412 18:55:45- INFO-   步骤3: 调用stk_get_daily_mktvalue_pt获取市值数据...
20260412 18:55:45- INFO-   stk_get_daily_mktvalue_pt返回 3871 条记录
20260412 18:55:45- INFO-   步骤4: 合并数据...
20260412 18:55:45- INFO-   数据合并完成,最终返回 3871 条记录, 18 个字段
20260412 18:55:45- INFO- ✓ 2020-02-20 数据获取成功: 3871 条
20260412 18:55:46- INFO- 开始获取 2020-02-21 的掘金全市场数据...
20260412 18:55:46- INFO-   步骤1: 调用get_symbols获取基础信息...
20260412 18:55:46- INFO-   get_symbols返回 3874 条记录
20260412 18:55:46- INFO-   过滤后剩余 3874 只股票(已剔除未上市/已退市)
20260412 18:55:46- INFO-   步骤2: 调用history批量获取数据...
20260412 18:55:46- INFO-   history批量返回 3874 条记录
20260412 18:55:46- INFO-   步骤3: 调用stk_get_daily_mktvalue_pt获取市值数据...
20260412 18:55:47- INFO-   stk_get_daily_mktvalue_pt返回 3874 条记录
20260412 18:55:47- INFO-   步骤4: 合并数据...
20260412 18:55:47- INFO-   数据合并完成,最终返回 3874 条记录, 18 个字段
20260412 18:55:47- INFO- ✓ 2020-02-21 数据获取成功: 3874 条
20260412 18:55:47- INFO- 开始获取 2020-02-24 的掘金全市场数据...
20260412 18:55:47- INFO-   步骤1: 调用get_symbols获取基础信息...
20260412 18:55:48- INFO-   get_symbols返回 3875 条记录
20260412 18:55:48- INFO-   过滤后剩余 3875 只股票(已剔除未上市/已退市)
20260412 18:55:48- INFO-   步骤2: 调用history批量获取数据...
20260412 18:55:48- INFO-   history批量返回 3875 条记录
20260412 18:55:48- INFO-   步骤3: 调用stk_get_daily_mktvalue_pt获取市值数据...
20260412 18:55:48- INFO-   stk_get_daily_mktvalue_pt返回 3875 条记录
20260412 18:55:48- INFO-   步骤4: 合并数据...
20260412 18:55:48- INFO-   数据合并完成,最终返回 3875 条记录, 18 个字段
20260412 18:55:48- INFO- ✓ 2020-02-24 数据获取成功: 3875 条
20260412 18:55:49- INFO- 开始获取 2020-02-25 的掘金全市场数据...
20260412 18:55:49- INFO-   步骤1: 调用get_symbols获取基础信息...
20260412 18:55:49- INFO-   get_symbols返回 3875 条记录
20260412 18:55:49- INFO-   过滤后剩余 3875 只股票(已剔除未上市/已退市)
20260412 18:55:49- INFO-   步骤2: 调用history批量获取数据...
20260412 18:55:49- INFO-   history批量返回 3875 条记录
20260412 18:55:49- INFO-   步骤3: 调用stk_get_daily_mktvalue_pt获取市值数据...
20260412 18:55:50- INFO-   stk_get_daily_mktvalue_pt返回 3875 条记录
20260412 18:55:50- INFO-   步骤4: 合并数据...
20260412 18:55:50- INFO-   数据合并完成,最终返回 3875 条记录, 18 个字段
20260412 18:55:50- INFO- ✓ 2020-02-25 数据获取成功: 3875 条
20260412 18:55:50- INFO- 开始获取 2020-02-26 的掘金全市场数据...
20260412 18:55:50- INFO-   步骤1: 调用get_symbols获取基础信息...
20260412 18:55:51- INFO-   get_symbols返回 3876 条记录
20260412 18:55:51- INFO-   过滤后剩余 3876 只股票(已剔除未上市/已退市)
20260412 18:55:51- INFO-   步骤2: 调用history批量获取数据...
20260412 18:55:51- INFO-   history批量返回 3876 条记录
20260412 18:55:51- INFO-   步骤3: 调用stk_get_daily_mktvalue_pt获取市值数据...
20260412 18:55:51- INFO-   stk_get_daily_mktvalue_pt返回 3876 条记录
20260412 18:55:51- INFO-   步骤4: 合并数据...
20260412 18:55:51- INFO-   数据合并完成,最终返回 3876 条记录, 18 个字段
20260412 18:55:51- INFO- ✓ 2020-02-26 数据获取成功: 3876 条
20260412 18:55:52- INFO- 开始获取 2020-02-27 的掘金全市场数据...
20260412 18:55:52- INFO-   步骤1: 调用get_symbols获取基础信息...
20260412 18:55:52- INFO-   get_symbols返回 3876 条记录
20260412 18:55:52- INFO-   过滤后剩余 3876 只股票(已剔除未上市/已退市)
20260412 18:55:52- INFO-   步骤2: 调用history批量获取数据...
20260412 18:55:52- INFO-   history批量返回 3876 条记录
20260412 18:55:52- INFO-   步骤3: 调用stk_get_daily_mktvalue_pt获取市值数据...
20260412 18:55:53- INFO-   stk_get_daily_mktvalue_pt返回 3876 条记录
20260412 18:55:53- INFO-   步骤4: 合并数据...
20260412 18:55:53- INFO-   数据合并完成,最终返回 3876 条记录, 18 个字段
20260412 18:55:53- INFO- ✓ 2020-02-27 数据获取成功: 3876 条
20260412 18:55:53- INFO- 开始获取 2020-02-28 的掘金全市场数据...
20260412 18:55:53- INFO-   步骤1: 调用get_symbols获取基础信息...
20260412 18:55:54- INFO-   get_symbols返回 3877 条记录
20260412 18:55:54- INFO-   过滤后剩余 3877 只股票(已剔除未上市/已退市)
20260412 18:55:54- INFO-   步骤2: 调用history批量获取数据...
20260412 18:55:54- INFO-   history批量返回 3877 条记录
20260412 18:55:54- INFO-   步骤3: 调用stk_get_daily_mktvalue_pt获取市值数据...
20260412 18:55:54- INFO-   stk_get_daily_mktvalue_pt返回 3877 条记录
20260412 18:55:54- INFO-   步骤4: 合并数据...
20260412 18:55:54- INFO-   数据合并完成,最终返回 3877 条记录, 18 个字段
20260412 18:55:54- INFO- ✓ 2020-02-28 数据获取成功: 3877 条
20260412 18:55:55- INFO- 开始获取 2020-03-02 的掘金全市场数据...
20260412 18:55:55- INFO-   步骤1: 调用get_symbols获取基础信息...
20260412 18:55:55- INFO-   get_symbols返回 3876 条记录
20260412 18:55:55- INFO-   过滤后剩余 3876 只股票(已剔除未上市/已退市)
20260412 18:55:55- INFO-   步骤2: 调用history批量获取数据...
20260412 18:55:55- INFO-   history批量返回 3876 条记录
20260412 18:55:55- INFO-   步骤3: 调用stk_get_daily_mktvalue_pt获取市值数据...
20260412 18:55:56- INFO-   stk_get_daily_mktvalue_pt返回 3876 条记录
20260412 18:55:56- INFO-   步骤4: 合并数据...
20260412 18:55:56- INFO-   数据合并完成,最终返回 3876 条记录, 18 个字段
20260412 18:55:56- INFO- ✓ 2020-03-02 数据获取成功: 3876 条
20260412 18:55:56- INFO- 开始获取 2020-03-03 的掘金全市场数据...
20260412 18:55:56- INFO-   步骤1: 调用get_symbols获取基础信息...
20260412 18:55:57- INFO-   get_symbols返回 3875 条记录
20260412 18:55:57- INFO-   过滤后剩余 3875 只股票(已剔除未上市/已退市)
20260412 18:55:57- INFO-   步骤2: 调用history批量获取数据...
20260412 18:55:57- INFO-   history批量返回 3875 条记录
20260412 18:55:57- INFO-   步骤3: 调用stk_get_daily_mktvalue_pt获取市值数据...
20260412 18:55:57- INFO-   stk_get_daily_mktvalue_pt返回 3875 条记录
20260412 18:55:57- INFO-   步骤4: 合并数据...
20260412 18:55:57- INFO-   数据合并完成,最终返回 3875 条记录, 18 个字段
20260412 18:55:57- INFO- ✓ 2020-03-03 数据获取成功: 3875 条
20260412 18:55:58- INFO- 开始获取 2020-03-04 的掘金全市场数据...
20260412 18:55:58- INFO-   步骤1: 调用get_symbols获取基础信息...
20260412 18:55:58- INFO-   get_symbols返回 3872 条记录
20260412 18:55:58- INFO-   过滤后剩余 3872 只股票(已剔除未上市/已退市)
20260412 18:55:58- INFO-   步骤2: 调用history批量获取数据...
20260412 18:55:58- INFO-   history批量返回 3872 条记录
20260412 18:55:58- INFO-   步骤3: 调用stk_get_daily_mktvalue_pt获取市值数据...
20260412 18:55:59- INFO-   stk_get_daily_mktvalue_pt返回 3872 条记录
20260412 18:55:59- INFO-   步骤4: 合并数据...
20260412 18:55:59- INFO-   数据合并完成,最终返回 3872 条记录, 18 个字段
20260412 18:55:59- INFO- ✓ 2020-03-04 数据获取成功: 3872 条
20260412 18:55:59- INFO- 开始获取 2020-03-05 的掘金全市场数据...
20260412 18:55:59- INFO-   步骤1: 调用get_symbols获取基础信息...
20260412 18:56:00- INFO-   get_symbols返回 3873 条记录
20260412 18:56:00- INFO-   过滤后剩余 3873 只股票(已剔除未上市/已退市)
20260412 18:56:00- INFO-   步骤2: 调用history批量获取数据...
20260412 18:56:00- INFO-   history批量返回 3873 条记录
20260412 18:56:00- INFO-   步骤3: 调用stk_get_daily_mktvalue_pt获取市值数据...
20260412 18:56:00- INFO-   stk_get_daily_mktvalue_pt返回 3873 条记录
20260412 18:56:00- INFO-   步骤4: 合并数据...
20260412 18:56:00- INFO-   数据合并完成,最终返回 3873 条记录, 18 个字段
20260412 18:56:00- INFO- ✓ 2020-03-05 数据获取成功: 3873 条
20260412 18:56:01- INFO- 开始获取 2020-03-06 的掘金全市场数据...
20260412 18:56:01- INFO-   步骤1: 调用get_symbols获取基础信息...
20260412 18:56:01- INFO-   get_symbols返回 3872 条记录
20260412 18:56:01- INFO-   过滤后剩余 3872 只股票(已剔除未上市/已退市)
20260412 18:56:01- INFO-   步骤2: 调用history批量获取数据...
20260412 18:56:01- INFO-   history批量返回 3872 条记录
20260412 18:56:01- INFO-   步骤3: 调用stk_get_daily_mktvalue_pt获取市值数据...
20260412 18:56:02- INFO-   stk_get_daily_mktvalue_pt返回 3872 条记录
20260412 18:56:02- INFO-   步骤4: 合并数据...
20260412 18:56:02- INFO-   数据合并完成,最终返回 3872 条记录, 18 个字段
20260412 18:56:02- INFO- ✓ 2020-03-06 数据获取成功: 3872 条
20260412 18:56:02- INFO- 开始获取 2020-03-09 的掘金全市场数据...
20260412 18:56:02- INFO-   步骤1: 调用get_symbols获取基础信息...
20260412 18:56:03- INFO-   get_symbols返回 3871 条记录
20260412 18:56:03- INFO-   过滤后剩余 3871 只股票(已剔除未上市/已退市)
20260412 18:56:03- INFO-   步骤2: 调用history批量获取数据...
20260412 18:56:03- INFO-   history批量返回 3871 条记录
20260412 18:56:03- INFO-   步骤3: 调用stk_get_daily_mktvalue_pt获取市值数据...
20260412 18:56:03- INFO-   stk_get_daily_mktvalue_pt返回 3871 条记录
20260412 18:56:03- INFO-   步骤4: 合并数据...
20260412 18:56:03- INFO-   数据合并完成,最终返回 3871 条记录, 18 个字段
20260412 18:56:03- INFO- ✓ 2020-03-09 数据获取成功: 3871 条
20260412 18:56:04- INFO- 开始获取 2020-03-10 的掘金全市场数据...
20260412 18:56:04- INFO-   步骤1: 调用get_symbols获取基础信息...
20260412 18:56:04- INFO-   get_symbols返回 3872 条记录
20260412 18:56:04- INFO-   过滤后剩余 3872 只股票(已剔除未上市/已退市)
20260412 18:56:04- INFO-   步骤2: 调用history批量获取数据...
20260412 18:56:05- INFO-   history批量返回 3872 条记录
20260412 18:56:05- INFO-   步骤3: 调用stk_get_daily_mktvalue_pt获取市值数据...
20260412 18:56:05- INFO-   stk_get_daily_mktvalue_pt返回 3872 条记录
20260412 18:56:05- INFO-   步骤4: 合并数据...
20260412 18:56:05- INFO-   数据合并完成,最终返回 3872 条记录, 18 个字段
20260412 18:56:05- INFO- ✓ 2020-03-10 数据获取成功: 3872 条
20260412 18:56:05- INFO- 开始获取 2020-03-11 的掘金全市场数据...
20260412 18:56:05- INFO-   步骤1: 调用get_symbols获取基础信息...
20260412 18:56:06- INFO-   get_symbols返回 3870 条记录
20260412 18:56:06- INFO-   过滤后剩余 3870 只股票(已剔除未上市/已退市)
20260412 18:56:06- INFO-   步骤2: 调用history批量获取数据...
20260412 18:56:06- INFO-   history批量返回 3870 条记录
20260412 18:56:06- INFO-   步骤3: 调用stk_get_daily_mktvalue_pt获取市值数据...
20260412 18:56:06- INFO-   stk_get_daily_mktvalue_pt返回 3870 条记录
20260412 18:56:06- INFO-   步骤4: 合并数据...
20260412 18:56:07- INFO-   数据合并完成,最终返回 3870 条记录, 18 个字段
20260412 18:56:07- INFO- ✓ 2020-03-11 数据获取成功: 3870 条
20260412 18:56:07- INFO- 开始获取 2020-03-12 的掘金全市场数据...
20260412 18:56:07- INFO-   步骤1: 调用get_symbols获取基础信息...
20260412 18:56:08- INFO-   get_symbols返回 3871 条记录
20260412 18:56:08- INFO-   过滤后剩余 3871 只股票(已剔除未上市/已退市)
20260412 18:56:08- INFO-   步骤2: 调用history批量获取数据...
20260412 18:56:08- INFO-   history批量返回 3871 条记录
20260412 18:56:08- INFO-   步骤3: 调用stk_get_daily_mktvalue_pt获取市值数据...
20260412 18:56:08- INFO-   stk_get_daily_mktvalue_pt返回 3871 条记录
20260412 18:56:08- INFO-   步骤4: 合并数据...
20260412 18:56:08- INFO-   数据合并完成,最终返回 3871 条记录, 18 个字段
20260412 18:56:08- INFO- ✓ 2020-03-12 数据获取成功: 3871 条
20260412 18:56:09- INFO- 开始获取 2020-03-13 的掘金全市场数据...
20260412 18:56:09- INFO-   步骤1: 调用get_symbols获取基础信息...
20260412 18:56:09- INFO-   get_symbols返回 3872 条记录
20260412 18:56:09- INFO-   过滤后剩余 3872 只股票(已剔除未上市/已退市)
20260412 18:56:09- INFO-   步骤2: 调用history批量获取数据...
20260412 18:56:09- INFO-   history批量返回 3872 条记录
20260412 18:56:09- INFO-   步骤3: 调用stk_get_daily_mktvalue_pt获取市值数据...
20260412 18:56:10- INFO-   stk_get_daily_mktvalue_pt返回 3872 条记录
20260412 18:56:10- INFO-   步骤4: 合并数据...
20260412 18:56:10- INFO-   数据合并完成,最终返回 3872 条记录, 18 个字段
20260412 18:56:10- INFO- ✓ 2020-03-13 数据获取成功: 3872 条
20260412 18:56:10- INFO- 开始获取 2020-03-16 的掘金全市场数据...
20260412 18:56:10- INFO-   步骤1: 调用get_symbols获取基础信息...
20260412 18:56:11- INFO-   get_symbols返回 3871 条记录
20260412 18:56:11- INFO-   过滤后剩余 3871 只股票(已剔除未上市/已退市)
20260412 18:56:11- INFO-   步骤2: 调用history批量获取数据...
20260412 18:56:11- INFO-   history批量返回 3871 条记录
20260412 18:56:11- INFO-   步骤3: 调用stk_get_daily_mktvalue_pt获取市值数据...
20260412 18:56:11- INFO-   stk_get_daily_mktvalue_pt返回 3871 条记录
20260412 18:56:11- INFO-   步骤4: 合并数据...
20260412 18:56:11- INFO-   数据合并完成,最终返回 3871 条记录, 18 个字段
20260412 18:56:11- INFO- ✓ 2020-03-16 数据获取成功: 3871 条
20260412 18:56:12- INFO- 开始获取 2020-03-17 的掘金全市场数据...
20260412 18:56:12- INFO-   步骤1: 调用get_symbols获取基础信息...
20260412 18:56:12- INFO-   get_symbols返回 3871 条记录
20260412 18:56:12- INFO-   过滤后剩余 3871 只股票(已剔除未上市/已退市)
20260412 18:56:12- INFO-   步骤2: 调用history批量获取数据...
20260412 18:56:13- INFO-   history批量返回 3871 条记录
20260412 18:56:13- INFO-   步骤3: 调用stk_get_daily_mktvalue_pt获取市值数据...
20260412 18:56:13- INFO-   stk_get_daily_mktvalue_pt返回 3871 条记录
20260412 18:56:13- INFO-   步骤4: 合并数据...
20260412 18:56:13- INFO-   数据合并完成,最终返回 3871 条记录, 18 个字段
20260412 18:56:13- INFO- ✓ 2020-03-17 数据获取成功: 3871 条
20260412 18:56:13- INFO- 开始获取 2020-03-18 的掘金全市场数据...
20260412 18:56:13- INFO-   步骤1: 调用get_symbols获取基础信息...
20260412 18:56:14- INFO-   get_symbols返回 3871 条记录
20260412 18:56:14- INFO-   过滤后剩余 3871 只股票(已剔除未上市/已退市)
20260412 18:56:14- INFO-   步骤2: 调用history批量获取数据...
20260412 18:56:14- INFO-   history批量返回 3871 条记录
20260412 18:56:14- INFO-   步骤3: 调用stk_get_daily_mktvalue_pt获取市值数据...
20260412 18:56:14- INFO-   stk_get_daily_mktvalue_pt返回 3871 条记录
20260412 18:56:14- INFO-   步骤4: 合并数据...
20260412 18:56:14- INFO-   数据合并完成,最终返回 3871 条记录, 18 个字段
20260412 18:56:14- INFO- ✓ 2020-03-18 数据获取成功: 3871 条
20260412 18:56:15- INFO- 开始获取 2020-03-19 的掘金全市场数据...
20260412 18:56:15- INFO-   步骤1: 调用get_symbols获取基础信息...
20260412 18:56:15- INFO-   get_symbols返回 3875 条记录
20260412 18:56:16- INFO-   过滤后剩余 3875 只股票(已剔除未上市/已退市)
20260412 18:56:16- INFO-   步骤2: 调用history批量获取数据...
20260412 18:56:16- INFO-   history批量返回 3875 条记录
20260412 18:56:16- INFO-   步骤3: 调用stk_get_daily_mktvalue_pt获取市值数据...
20260412 18:56:16- INFO-   stk_get_daily_mktvalue_pt返回 3875 条记录
20260412 18:56:16- INFO-   步骤4: 合并数据...
20260412 18:56:16- INFO-   数据合并完成,最终返回 3875 条记录, 18 个字段
20260412 18:56:16- INFO- ✓ 2020-03-19 数据获取成功: 3875 条
20260412 18:56:17- INFO- 开始获取 2020-03-20 的掘金全市场数据...
20260412 18:56:17- INFO-   步骤1: 调用get_symbols获取基础信息...
20260412 18:56:17- INFO-   get_symbols返回 3877 条记录
20260412 18:56:17- INFO-   过滤后剩余 3877 只股票(已剔除未上市/已退市)
20260412 18:56:17- INFO-   步骤2: 调用history批量获取数据...
20260412 18:56:17- INFO-   history批量返回 3877 条记录
20260412 18:56:17- INFO-   步骤3: 调用stk_get_daily_mktvalue_pt获取市值数据...
20260412 18:56:17- INFO-   stk_get_daily_mktvalue_pt返回 3877 条记录
20260412 18:56:17- INFO-   步骤4: 合并数据...
20260412 18:56:17- INFO-   数据合并完成,最终返回 3877 条记录, 18 个字段
20260412 18:56:17- INFO- ✓ 2020-03-20 数据获取成功: 3877 条
20260412 18:56:18- INFO- 开始获取 2020-03-23 的掘金全市场数据...
20260412 18:56:18- INFO-   步骤1: 调用get_symbols获取基础信息...
20260412 18:56:18- INFO-   get_symbols返回 3880 条记录
20260412 18:56:19- INFO-   过滤后剩余 3880 只股票(已剔除未上市/已退市)
20260412 18:56:19- INFO-   步骤2: 调用history批量获取数据...
20260412 18:56:19- INFO-   history批量返回 3880 条记录
20260412 18:56:19- INFO-   步骤3: 调用stk_get_daily_mktvalue_pt获取市值数据...
20260412 18:56:19- INFO-   stk_get_daily_mktvalue_pt返回 3880 条记录
20260412 18:56:19- INFO-   步骤4: 合并数据...
20260412 18:56:19- INFO-   数据合并完成,最终返回 3880 条记录, 18 个字段
20260412 18:56:19- INFO- ✓ 2020-03-23 数据获取成功: 3880 条
20260412 18:56:20- INFO- 开始获取 2020-03-24 的掘金全市场数据...
20260412 18:56:20- INFO-   步骤1: 调用get_symbols获取基础信息...
20260412 18:56:20- INFO-   get_symbols返回 3879 条记录
20260412 18:56:20- INFO-   过滤后剩余 3879 只股票(已剔除未上市/已退市)
20260412 18:56:20- INFO-   步骤2: 调用history批量获取数据...
20260412 18:56:20- INFO-   history批量返回 3879 条记录
20260412 18:56:20- INFO-   步骤3: 调用stk_get_daily_mktvalue_pt获取市值数据...
20260412 18:56:20- INFO-   stk_get_daily_mktvalue_pt返回 3879 条记录
20260412 18:56:20- INFO-   步骤4: 合并数据...
20260412 18:56:21- INFO-   数据合并完成,最终返回 3879 条记录, 18 个字段
20260412 18:56:21- INFO- ✓ 2020-03-24 数据获取成功: 3879 条
20260412 18:56:21- INFO- 开始获取 2020-03-25 的掘金全市场数据...
20260412 18:56:21- INFO-   步骤1: 调用get_symbols获取基础信息...
20260412 18:56:22- INFO-   get_symbols返回 3877 条记录
20260412 18:56:22- INFO-   过滤后剩余 3877 只股票(已剔除未上市/已退市)
20260412 18:56:22- INFO-   步骤2: 调用history批量获取数据...
20260412 18:56:22- INFO-   history批量返回 3877 条记录
20260412 18:56:22- INFO-   步骤3: 调用stk_get_daily_mktvalue_pt获取市值数据...
20260412 18:56:22- INFO-   stk_get_daily_mktvalue_pt返回 3877 条记录
20260412 18:56:22- INFO-   步骤4: 合并数据...
20260412 18:56:22- INFO-   数据合并完成,最终返回 3877 条记录, 18 个字段
20260412 18:56:22- INFO- ✓ 2020-03-25 数据获取成功: 3877 条
20260412 18:56:23- INFO- 开始获取 2020-03-26 的掘金全市场数据...
20260412 18:56:23- INFO-   步骤1: 调用get_symbols获取基础信息...
20260412 18:56:23- INFO-   get_symbols返回 3881 条记录
20260412 18:56:23- INFO-   过滤后剩余 3881 只股票(已剔除未上市/已退市)
20260412 18:56:23- INFO-   步骤2: 调用history批量获取数据...
20260412 18:56:23- INFO-   history批量返回 3881 条记录
20260412 18:56:23- INFO-   步骤3: 调用stk_get_daily_mktvalue_pt获取市值数据...
20260412 18:56:24- INFO-   stk_get_daily_mktvalue_pt返回 3881 条记录
20260412 18:56:24- INFO-   步骤4: 合并数据...
20260412 18:56:24- INFO-   数据合并完成,最终返回 3881 条记录, 18 个字段
20260412 18:56:24- INFO- ✓ 2020-03-26 数据获取成功: 3881 条
20260412 18:56:24- INFO- 开始获取 2020-03-27 的掘金全市场数据...
20260412 18:56:24- INFO-   步骤1: 调用get_symbols获取基础信息...
20260412 18:56:25- INFO-   get_symbols返回 3884 条记录
20260412 18:56:25- INFO-   过滤后剩余 3884 只股票(已剔除未上市/已退市)
20260412 18:56:25- INFO-   步骤2: 调用history批量获取数据...
20260412 18:56:25- INFO-   history批量返回 3884 条记录
20260412 18:56:25- INFO-   步骤3: 调用stk_get_daily_mktvalue_pt获取市值数据...
20260412 18:56:25- INFO-   stk_get_daily_mktvalue_pt返回 3884 条记录
20260412 18:56:25- INFO-   步骤4: 合并数据...
20260412 18:56:25- INFO-   数据合并完成,最终返回 3884 条记录, 18 个字段
20260412 18:56:25- INFO- ✓ 2020-03-27 数据获取成功: 3884 条
20260412 18:56:26- INFO- 开始获取 2020-03-30 的掘金全市场数据...
20260412 18:56:26- INFO-   步骤1: 调用get_symbols获取基础信息...
20260412 18:56:26- INFO-   get_symbols返回 3883 条记录
20260412 18:56:26- INFO-   过滤后剩余 3883 只股票(已剔除未上市/已退市)
20260412 18:56:26- INFO-   步骤2: 调用history批量获取数据...
20260412 18:56:26- INFO-   history批量返回 3883 条记录
20260412 18:56:26- INFO-   步骤3: 调用stk_get_daily_mktvalue_pt获取市值数据...
20260412 18:56:27- INFO-   stk_get_daily_mktvalue_pt返回 3883 条记录
20260412 18:56:27- INFO-   步骤4: 合并数据...
20260412 18:56:27- INFO-   数据合并完成,最终返回 3883 条记录, 18 个字段
20260412 18:56:27- INFO- ✓ 2020-03-30 数据获取成功: 3883 条
20260412 18:56:27- INFO- 开始获取 2020-03-31 的掘金全市场数据...
20260412 18:56:27- INFO-   步骤1: 调用get_symbols获取基础信息...
20260412 18:56:28- INFO-   get_symbols返回 3883 条记录
20260412 18:56:28- INFO-   过滤后剩余 3883 只股票(已剔除未上市/已退市)
20260412 18:56:28- INFO-   步骤2: 调用history批量获取数据...
20260412 18:56:28- INFO-   history批量返回 3883 条记录
20260412 18:56:28- INFO-   步骤3: 调用stk_get_daily_mktvalue_pt获取市值数据...
20260412 18:56:28- INFO-   stk_get_daily_mktvalue_pt返回 3883 条记录
20260412 18:56:28- INFO-   步骤4: 合并数据...
20260412 18:56:28- INFO-   数据合并完成,最终返回 3883 条记录, 18 个字段
20260412 18:56:28- INFO- ✓ 2020-03-31 数据获取成功: 3883 条
20260412 18:56:29- INFO- 开始获取 2020-04-01 的掘金全市场数据...
20260412 18:56:29- INFO-   步骤1: 调用get_symbols获取基础信息...
20260412 18:56:29- INFO-   get_symbols返回 3885 条记录
20260412 18:56:29- INFO-   过滤后剩余 3885 只股票(已剔除未上市/已退市)
20260412 18:56:29- INFO-   步骤2: 调用history批量获取数据...
20260412 18:56:29- INFO-   history批量返回 3885 条记录
20260412 18:56:29- INFO-   步骤3: 调用stk_get_daily_mktvalue_pt获取市值数据...
20260412 18:56:30- INFO-   stk_get_daily_mktvalue_pt返回 3885 条记录
20260412 18:56:30- INFO-   步骤4: 合并数据...
20260412 18:56:30- INFO-   数据合并完成,最终返回 3885 条记录, 18 个字段
20260412 18:56:30- INFO- ✓ 2020-04-01 数据获取成功: 3885 条
20260412 18:56:30- INFO- 开始获取 2020-04-02 的掘金全市场数据...
20260412 18:56:30- INFO-   步骤1: 调用get_symbols获取基础信息...
20260412 18:56:31- INFO-   get_symbols返回 3885 条记录
20260412 18:56:31- INFO-   过滤后剩余 3885 只股票(已剔除未上市/已退市)
20260412 18:56:31- INFO-   步骤2: 调用history批量获取数据...
20260412 18:56:31- INFO-   history批量返回 3885 条记录
20260412 18:56:31- INFO-   步骤3: 调用stk_get_daily_mktvalue_pt获取市值数据...
20260412 18:56:31- INFO-   stk_get_daily_mktvalue_pt返回 3885 条记录
20260412 18:56:31- INFO-   步骤4: 合并数据...
20260412 18:56:31- INFO-   数据合并完成,最终返回 3885 条记录, 18 个字段
20260412 18:56:31- INFO- ✓ 2020-04-02 数据获取成功: 3885 条
20260412 18:56:32- INFO- 开始获取 2020-04-03 的掘金全市场数据...
20260412 18:56:32- INFO-   步骤1: 调用get_symbols获取基础信息...
20260412 18:56:32- INFO-   get_symbols返回 3886 条记录
20260412 18:56:32- INFO-   过滤后剩余 3886 只股票(已剔除未上市/已退市)
20260412 18:56:32- INFO-   步骤2: 调用history批量获取数据...
20260412 18:56:32- INFO-   history批量返回 3886 条记录
20260412 18:56:32- INFO-   步骤3: 调用stk_get_daily_mktvalue_pt获取市值数据...
20260412 18:56:33- INFO-   stk_get_daily_mktvalue_pt返回 3886 条记录
20260412 18:56:33- INFO-   步骤4: 合并数据...
20260412 18:56:33- INFO-   数据合并完成,最终返回 3886 条记录, 18 个字段
20260412 18:56:33- INFO- ✓ 2020-04-03 数据获取成功: 3886 条
20260412 18:56:33- INFO- 开始获取 2020-04-06 的掘金全市场数据...
20260412 18:56:33- INFO-   步骤1: 调用get_symbols获取基础信息...
20260412 18:56:33- WARNING- 2020-04-06 get_symbols返回空数据
20260412 18:56:33- WARNING- ✗ 2020-04-06 无数据
20260412 18:56:34- INFO- 开始获取 2020-04-07 的掘金全市场数据...
20260412 18:56:34- INFO-   步骤1: 调用get_symbols获取基础信息...
20260412 18:56:34- INFO-   get_symbols返回 3883 条记录
20260412 18:56:34- INFO-   过滤后剩余 3883 只股票(已剔除未上市/已退市)
20260412 18:56:34- INFO-   步骤2: 调用history批量获取数据...
20260412 18:56:35- INFO-   history批量返回 3883 条记录
20260412 18:56:35- INFO-   步骤3: 调用stk_get_daily_mktvalue_pt获取市值数据...
20260412 18:56:35- INFO-   stk_get_daily_mktvalue_pt返回 3883 条记录
20260412 18:56:35- INFO-   步骤4: 合并数据...
20260412 18:56:35- INFO-   数据合并完成,最终返回 3883 条记录, 18 个字段
20260412 18:56:35- INFO- ✓ 2020-04-07 数据获取成功: 3883 条
20260412 18:56:35- INFO- 开始获取 2020-04-08 的掘金全市场数据...
20260412 18:56:35- INFO-   步骤1: 调用get_symbols获取基础信息...
20260412 18:56:36- INFO-   get_symbols返回 3883 条记录
20260412 18:56:36- INFO-   过滤后剩余 3883 只股票(已剔除未上市/已退市)
20260412 18:56:36- INFO-   步骤2: 调用history批量获取数据...
20260412 18:56:36- INFO-   history批量返回 3883 条记录
20260412 18:56:36- INFO-   步骤3: 调用stk_get_daily_mktvalue_pt获取市值数据...
20260412 18:56:36- INFO-   stk_get_daily_mktvalue_pt返回 3883 条记录
20260412 18:56:36- INFO-   步骤4: 合并数据...
20260412 18:56:36- INFO-   数据合并完成,最终返回 3883 条记录, 18 个字段
20260412 18:56:36- INFO- ✓ 2020-04-08 数据获取成功: 3883 条
20260412 18:56:37- INFO- 开始获取 2020-04-09 的掘金全市场数据...
20260412 18:56:37- INFO-   步骤1: 调用get_symbols获取基础信息...
20260412 18:56:37- INFO-   get_symbols返回 3885 条记录
20260412 18:56:37- INFO-   过滤后剩余 3885 只股票(已剔除未上市/已退市)
20260412 18:56:37- INFO-   步骤2: 调用history批量获取数据...
20260412 18:56:38- INFO-   history批量返回 3885 条记录
20260412 18:56:38- INFO-   步骤3: 调用stk_get_daily_mktvalue_pt获取市值数据...
20260412 18:56:38- INFO-   stk_get_daily_mktvalue_pt返回 3885 条记录
20260412 18:56:38- INFO-   步骤4: 合并数据...
20260412 18:56:38- INFO-   数据合并完成,最终返回 3885 条记录, 18 个字段
20260412 18:56:38- INFO- ✓ 2020-04-09 数据获取成功: 3885 条
20260412 18:56:38- INFO- 开始获取 2020-04-10 的掘金全市场数据...
20260412 18:56:38- INFO-   步骤1: 调用get_symbols获取基础信息...
20260412 18:56:39- INFO-   get_symbols返回 3886 条记录
20260412 18:56:39- INFO-   过滤后剩余 3886 只股票(已剔除未上市/已退市)
20260412 18:56:39- INFO-   步骤2: 调用history批量获取数据...
20260412 18:56:39- INFO-   history批量返回 3886 条记录
20260412 18:56:39- INFO-   步骤3: 调用stk_get_daily_mktvalue_pt获取市值数据...
20260412 18:56:39- INFO-   stk_get_daily_mktvalue_pt返回 3886 条记录
20260412 18:56:39- INFO-   步骤4: 合并数据...
20260412 18:56:39- INFO-   数据合并完成,最终返回 3886 条记录, 18 个字段
20260412 18:56:39- INFO- ✓ 2020-04-10 数据获取成功: 3886 条
20260412 18:56:40- INFO- 开始获取 2020-04-13 的掘金全市场数据...
20260412 18:56:40- INFO-   步骤1: 调用get_symbols获取基础信息...
20260412 18:56:40- INFO-   get_symbols返回 3885 条记录
20260412 18:56:40- INFO-   过滤后剩余 3885 只股票(已剔除未上市/已退市)
20260412 18:56:40- INFO-   步骤2: 调用history批量获取数据...
20260412 18:56:41- INFO-   history批量返回 3885 条记录
20260412 18:56:41- INFO-   步骤3: 调用stk_get_daily_mktvalue_pt获取市值数据...
20260412 18:56:41- INFO-   stk_get_daily_mktvalue_pt返回 3885 条记录
20260412 18:56:41- INFO-   步骤4: 合并数据...
20260412 18:56:41- INFO-   数据合并完成,最终返回 3885 条记录, 18 个字段
20260412 18:56:41- INFO- ✓ 2020-04-13 数据获取成功: 3885 条
20260412 18:56:41- INFO- 开始获取 2020-04-14 的掘金全市场数据...
20260412 18:56:41- INFO-   步骤1: 调用get_symbols获取基础信息...
20260412 18:56:42- INFO-   get_symbols返回 3886 条记录
20260412 18:56:42- INFO-   过滤后剩余 3886 只股票(已剔除未上市/已退市)
20260412 18:56:42- INFO-   步骤2: 调用history批量获取数据...
20260412 18:56:42- INFO-   history批量返回 3886 条记录
20260412 18:56:42- INFO-   步骤3: 调用stk_get_daily_mktvalue_pt获取市值数据...
20260412 18:56:42- INFO-   stk_get_daily_mktvalue_pt返回 3886 条记录
20260412 18:56:42- INFO-   步骤4: 合并数据...
20260412 18:56:42- INFO-   数据合并完成,最终返回 3886 条记录, 18 个字段
20260412 18:56:42- INFO- ✓ 2020-04-14 数据获取成功: 3886 条
20260412 18:56:43- INFO- 开始获取 2020-04-15 的掘金全市场数据...
20260412 18:56:43- INFO-   步骤1: 调用get_symbols获取基础信息...
20260412 18:56:43- INFO-   get_symbols返回 3885 条记录
20260412 18:56:43- INFO-   过滤后剩余 3885 只股票(已剔除未上市/已退市)
20260412 18:56:43- INFO-   步骤2: 调用history批量获取数据...
20260412 18:56:44- INFO-   history批量返回 3885 条记录
20260412 18:56:44- INFO-   步骤3: 调用stk_get_daily_mktvalue_pt获取市值数据...
20260412 18:56:44- INFO-   stk_get_daily_mktvalue_pt返回 3885 条记录
20260412 18:56:44- INFO-   步骤4: 合并数据...
20260412 18:56:44- INFO-   数据合并完成,最终返回 3885 条记录, 18 个字段
20260412 18:56:44- INFO- ✓ 2020-04-15 数据获取成功: 3885 条
20260412 18:56:44- INFO- 开始获取 2020-04-16 的掘金全市场数据...
20260412 18:56:44- INFO-   步骤1: 调用get_symbols获取基础信息...
20260412 18:56:45- INFO-   get_symbols返回 3890 条记录
20260412 18:56:45- INFO-   过滤后剩余 3890 只股票(已剔除未上市/已退市)
20260412 18:56:45- INFO-   步骤2: 调用history批量获取数据...
20260412 18:56:45- INFO-   history批量返回 3890 条记录
20260412 18:56:45- INFO-   步骤3: 调用stk_get_daily_mktvalue_pt获取市值数据...
20260412 18:56:45- INFO-   stk_get_daily_mktvalue_pt返回 3890 条记录
20260412 18:56:45- INFO-   步骤4: 合并数据...
20260412 18:56:45- INFO-   数据合并完成,最终返回 3890 条记录, 18 个字段
20260412 18:56:45- INFO- ✓ 2020-04-16 数据获取成功: 3890 条
20260412 18:56:46- INFO- 开始获取 2020-04-17 的掘金全市场数据...
20260412 18:56:46- INFO-   步骤1: 调用get_symbols获取基础信息...
20260412 18:56:46- INFO-   get_symbols返回 3894 条记录
20260412 18:56:46- INFO-   过滤后剩余 3894 只股票(已剔除未上市/已退市)
20260412 18:56:46- INFO-   步骤2: 调用history批量获取数据...
20260412 18:56:47- INFO-   history批量返回 3894 条记录
20260412 18:56:47- INFO-   步骤3: 调用stk_get_daily_mktvalue_pt获取市值数据...
20260412 18:56:47- INFO-   stk_get_daily_mktvalue_pt返回 3894 条记录
20260412 18:56:47- INFO-   步骤4: 合并数据...
20260412 18:56:47- INFO-   数据合并完成,最终返回 3894 条记录, 18 个字段
20260412 18:56:47- INFO- ✓ 2020-04-17 数据获取成功: 3894 条
20260412 18:56:47- INFO- 开始获取 2020-04-20 的掘金全市场数据...
20260412 18:56:47- INFO-   步骤1: 调用get_symbols获取基础信息...
20260412 18:56:48- INFO-   get_symbols返回 3891 条记录
20260412 18:56:48- INFO-   过滤后剩余 3891 只股票(已剔除未上市/已退市)
20260412 18:56:48- INFO-   步骤2: 调用history批量获取数据...
20260412 18:56:48- INFO-   history批量返回 3891 条记录
20260412 18:56:48- INFO-   步骤3: 调用stk_get_daily_mktvalue_pt获取市值数据...
20260412 18:56:48- INFO-   stk_get_daily_mktvalue_pt返回 3891 条记录
20260412 18:56:48- INFO-   步骤4: 合并数据...
20260412 18:56:48- INFO-   数据合并完成,最终返回 3891 条记录, 18 个字段
20260412 18:56:48- INFO- ✓ 2020-04-20 数据获取成功: 3891 条
20260412 18:56:49- INFO- 开始获取 2020-04-21 的掘金全市场数据...
20260412 18:56:49- INFO-   步骤1: 调用get_symbols获取基础信息...
20260412 18:56:49- INFO-   get_symbols返回 3892 条记录
20260412 18:56:49- INFO-   过滤后剩余 3892 只股票(已剔除未上市/已退市)
20260412 18:56:49- INFO-   步骤2: 调用history批量获取数据...
20260412 18:56:50- INFO-   history批量返回 3892 条记录
20260412 18:56:50- INFO-   步骤3: 调用stk_get_daily_mktvalue_pt获取市值数据...
20260412 18:56:50- INFO-   stk_get_daily_mktvalue_pt返回 3892 条记录
20260412 18:56:50- INFO-   步骤4: 合并数据...
20260412 18:56:50- INFO-   数据合并完成,最终返回 3892 条记录, 18 个字段
20260412 18:56:50- INFO- ✓ 2020-04-21 数据获取成功: 3892 条
20260412 18:56:50- INFO- 开始获取 2020-04-22 的掘金全市场数据...
20260412 18:56:50- INFO-   步骤1: 调用get_symbols获取基础信息...
20260412 18:56:51- INFO-   get_symbols返回 3896 条记录
20260412 18:56:51- INFO-   过滤后剩余 3896 只股票(已剔除未上市/已退市)
20260412 18:56:51- INFO-   步骤2: 调用history批量获取数据...
20260412 18:56:51- INFO-   history批量返回 3896 条记录
20260412 18:56:51- INFO-   步骤3: 调用stk_get_daily_mktvalue_pt获取市值数据...
20260412 18:56:51- INFO-   stk_get_daily_mktvalue_pt返回 3896 条记录
20260412 18:56:51- INFO-   步骤4: 合并数据...
20260412 18:56:51- INFO-   数据合并完成,最终返回 3896 条记录, 18 个字段
20260412 18:56:51- INFO- ✓ 2020-04-22 数据获取成功: 3896 条
20260412 18:56:52- INFO- 开始获取 2020-04-23 的掘金全市场数据...
20260412 18:56:52- INFO-   步骤1: 调用get_symbols获取基础信息...
20260412 18:56:52- INFO-   get_symbols返回 3897 条记录
20260412 18:56:52- INFO-   过滤后剩余 3897 只股票(已剔除未上市/已退市)
20260412 18:56:52- INFO-   步骤2: 调用history批量获取数据...
20260412 18:56:53- INFO-   history批量返回 3897 条记录
20260412 18:56:53- INFO-   步骤3: 调用stk_get_daily_mktvalue_pt获取市值数据...
20260412 18:56:53- INFO-   stk_get_daily_mktvalue_pt返回 3897 条记录
20260412 18:56:53- INFO-   步骤4: 合并数据...
20260412 18:56:53- INFO-   数据合并完成,最终返回 3897 条记录, 18 个字段
20260412 18:56:53- INFO- ✓ 2020-04-23 数据获取成功: 3897 条
20260412 18:56:53- INFO- 开始获取 2020-04-24 的掘金全市场数据...
20260412 18:56:53- INFO-   步骤1: 调用get_symbols获取基础信息...
20260412 18:56:54- INFO-   get_symbols返回 3896 条记录
20260412 18:56:54- INFO-   过滤后剩余 3896 只股票(已剔除未上市/已退市)
20260412 18:56:54- INFO-   步骤2: 调用history批量获取数据...
20260412 18:56:54- INFO-   history批量返回 3896 条记录
20260412 18:56:54- INFO-   步骤3: 调用stk_get_daily_mktvalue_pt获取市值数据...
20260412 18:56:54- INFO-   stk_get_daily_mktvalue_pt返回 3896 条记录
20260412 18:56:54- INFO-   步骤4: 合并数据...
20260412 18:56:54- INFO-   数据合并完成,最终返回 3896 条记录, 18 个字段
20260412 18:56:54- INFO- ✓ 2020-04-24 数据获取成功: 3896 条
20260412 18:56:55- INFO- 开始获取 2020-04-27 的掘金全市场数据...
20260412 18:56:55- INFO-   步骤1: 调用get_symbols获取基础信息...
20260412 18:56:55- INFO-   get_symbols返回 3895 条记录
20260412 18:56:55- INFO-   过滤后剩余 3895 只股票(已剔除未上市/已退市)
20260412 18:56:55- INFO-   步骤2: 调用history批量获取数据...
20260412 18:56:55- INFO-   history批量返回 3895 条记录
20260412 18:56:55- INFO-   步骤3: 调用stk_get_daily_mktvalue_pt获取市值数据...
20260412 18:56:56- INFO-   stk_get_daily_mktvalue_pt返回 3895 条记录
20260412 18:56:56- INFO-   步骤4: 合并数据...
20260412 18:56:56- INFO-   数据合并完成,最终返回 3895 条记录, 18 个字段
20260412 18:56:56- INFO- ✓ 2020-04-27 数据获取成功: 3895 条
20260412 18:56:56- INFO- 开始获取 2020-04-28 的掘金全市场数据...
20260412 18:56:56- INFO-   步骤1: 调用get_symbols获取基础信息...
20260412 18:56:57- INFO-   get_symbols返回 3887 条记录
20260412 18:56:57- INFO-   过滤后剩余 3887 只股票(已剔除未上市/已退市)
20260412 18:56:57- INFO-   步骤2: 调用history批量获取数据...
20260412 18:56:57- INFO-   history批量返回 3887 条记录
20260412 18:56:57- INFO-   步骤3: 调用stk_get_daily_mktvalue_pt获取市值数据...
20260412 18:56:57- INFO-   stk_get_daily_mktvalue_pt返回 3887 条记录
20260412 18:56:57- INFO-   步骤4: 合并数据...
20260412 18:56:57- INFO-   数据合并完成,最终返回 3887 条记录, 18 个字段
20260412 18:56:57- INFO- ✓ 2020-04-28 数据获取成功: 3887 条
20260412 18:56:58- INFO- 开始获取 2020-04-29 的掘金全市场数据...
20260412 18:56:58- INFO-   步骤1: 调用get_symbols获取基础信息...
20260412 18:56:58- INFO-   get_symbols返回 3878 条记录
20260412 18:56:58- INFO-   过滤后剩余 3878 只股票(已剔除未上市/已退市)
20260412 18:56:58- INFO-   步骤2: 调用history批量获取数据...
20260412 18:56:58- INFO-   history批量返回 3878 条记录
20260412 18:56:58- INFO-   步骤3: 调用stk_get_daily_mktvalue_pt获取市值数据...
20260412 18:56:59- INFO-   stk_get_daily_mktvalue_pt返回 3878 条记录
20260412 18:56:59- INFO-   步骤4: 合并数据...
20260412 18:56:59- INFO-   数据合并完成,最终返回 3878 条记录, 18 个字段
20260412 18:56:59- INFO- ✓ 2020-04-29 数据获取成功: 3878 条
20260412 18:56:59- INFO- 开始获取 2020-04-30 的掘金全市场数据...
20260412 18:56:59- INFO-   步骤1: 调用get_symbols获取基础信息...
20260412 18:57:00- INFO-   get_symbols返回 3863 条记录
20260412 18:57:00- INFO-   过滤后剩余 3863 只股票(已剔除未上市/已退市)
20260412 18:57:00- INFO-   步骤2: 调用history批量获取数据...
20260412 18:57:00- INFO-   history批量返回 3863 条记录
20260412 18:57:00- INFO-   步骤3: 调用stk_get_daily_mktvalue_pt获取市值数据...
20260412 18:57:00- INFO-   stk_get_daily_mktvalue_pt返回 3863 条记录
20260412 18:57:00- INFO-   步骤4: 合并数据...
20260412 18:57:00- INFO-   数据合并完成,最终返回 3863 条记录, 18 个字段
20260412 18:57:00- INFO- ✓ 2020-04-30 数据获取成功: 3863 条
20260412 18:57:01- INFO- 开始获取 2020-05-01 的掘金全市场数据...
20260412 18:57:01- INFO-   步骤1: 调用get_symbols获取基础信息...
20260412 18:57:01- WARNING- 2020-05-01 get_symbols返回空数据
20260412 18:57:01- WARNING- ✗ 2020-05-01 无数据
20260412 18:57:01- INFO- 开始获取 2020-05-04 的掘金全市场数据...
20260412 18:57:01- INFO-   步骤1: 调用get_symbols获取基础信息...
20260412 18:57:01- WARNING- 2020-05-04 get_symbols返回空数据
20260412 18:57:01- WARNING- ✗ 2020-05-04 无数据
20260412 18:57:02- INFO- 开始获取 2020-05-05 的掘金全市场数据...
20260412 18:57:02- INFO-   步骤1: 调用get_symbols获取基础信息...
20260412 18:57:02- WARNING- 2020-05-05 get_symbols返回空数据
20260412 18:57:02- WARNING- ✗ 2020-05-05 无数据
20260412 18:57:03- INFO- 开始获取 2020-05-06 的掘金全市场数据...
20260412 18:57:03- INFO-   步骤1: 调用get_symbols获取基础信息...
20260412 18:57:03- INFO-   get_symbols返回 3892 条记录
20260412 18:57:03- INFO-   过滤后剩余 3892 只股票(已剔除未上市/已退市)
20260412 18:57:03- INFO-   步骤2: 调用history批量获取数据...
20260412 18:57:03- INFO-   history批量返回 3892 条记录
20260412 18:57:03- INFO-   步骤3: 调用stk_get_daily_mktvalue_pt获取市值数据...
20260412 18:57:04- INFO-   stk_get_daily_mktvalue_pt返回 3892 条记录
20260412 18:57:04- INFO-   步骤4: 合并数据...
20260412 18:57:04- INFO-   数据合并完成,最终返回 3892 条记录, 18 个字段
20260412 18:57:04- INFO- ✓ 2020-05-06 数据获取成功: 3892 条
20260412 18:57:04- INFO- 开始获取 2020-05-07 的掘金全市场数据...
20260412 18:57:04- INFO-   步骤1: 调用get_symbols获取基础信息...
20260412 18:57:05- INFO-   get_symbols返回 3898 条记录
20260412 18:57:05- INFO-   过滤后剩余 3898 只股票(已剔除未上市/已退市)
20260412 18:57:05- INFO-   步骤2: 调用history批量获取数据...
20260412 18:57:05- INFO-   history批量返回 3898 条记录
20260412 18:57:05- INFO-   步骤3: 调用stk_get_daily_mktvalue_pt获取市值数据...
20260412 18:57:05- INFO-   stk_get_daily_mktvalue_pt返回 3898 条记录
20260412 18:57:05- INFO-   步骤4: 合并数据...
20260412 18:57:05- INFO-   数据合并完成,最终返回 3898 条记录, 18 个字段
20260412 18:57:05- INFO- ✓ 2020-05-07 数据获取成功: 3898 条
20260412 18:57:06- INFO- 开始获取 2020-05-08 的掘金全市场数据...
20260412 18:57:06- INFO-   步骤1: 调用get_symbols获取基础信息...
20260412 18:57:06- INFO-   get_symbols返回 3900 条记录
20260412 18:57:06- INFO-   过滤后剩余 3900 只股票(已剔除未上市/已退市)
20260412 18:57:06- INFO-   步骤2: 调用history批量获取数据...
20260412 18:57:06- INFO-   history批量返回 3900 条记录
20260412 18:57:06- INFO-   步骤3: 调用stk_get_daily_mktvalue_pt获取市值数据...
20260412 18:57:07- INFO-   stk_get_daily_mktvalue_pt返回 3900 条记录
20260412 18:57:07- INFO-   步骤4: 合并数据...
20260412 18:57:07- INFO-   数据合并完成,最终返回 3900 条记录, 18 个字段
20260412 18:57:07- INFO- ✓ 2020-05-08 数据获取成功: 3900 条
20260412 18:57:07- INFO- 开始获取 2020-05-11 的掘金全市场数据...
20260412 18:57:07- INFO-   步骤1: 调用get_symbols获取基础信息...
20260412 18:57:08- INFO-   get_symbols返回 3900 条记录
20260412 18:57:08- INFO-   过滤后剩余 3900 只股票(已剔除未上市/已退市)
20260412 18:57:08- INFO-   步骤2: 调用history批量获取数据...
20260412 18:57:08- INFO-   history批量返回 3900 条记录
20260412 18:57:08- INFO-   步骤3: 调用stk_get_daily_mktvalue_pt获取市值数据...
20260412 18:57:08- INFO-   stk_get_daily_mktvalue_pt返回 3900 条记录
20260412 18:57:08- INFO-   步骤4: 合并数据...
20260412 18:57:08- INFO-   数据合并完成,最终返回 3900 条记录, 18 个字段
20260412 18:57:08- INFO- ✓ 2020-05-11 数据获取成功: 3900 条
20260412 18:57:09- INFO- 开始获取 2020-05-12 的掘金全市场数据...
20260412 18:57:09- INFO-   步骤1: 调用get_symbols获取基础信息...
20260412 18:57:09- INFO-   get_symbols返回 3900 条记录
20260412 18:57:09- INFO-   过滤后剩余 3900 只股票(已剔除未上市/已退市)
20260412 18:57:09- INFO-   步骤2: 调用history批量获取数据...
20260412 18:57:09- INFO-   history批量返回 3900 条记录
20260412 18:57:09- INFO-   步骤3: 调用stk_get_daily_mktvalue_pt获取市值数据...
20260412 18:57:10- INFO-   stk_get_daily_mktvalue_pt返回 3900 条记录
20260412 18:57:10- INFO-   步骤4: 合并数据...
20260412 18:57:10- INFO-   数据合并完成,最终返回 3900 条记录, 18 个字段
20260412 18:57:10- INFO- ✓ 2020-05-12 数据获取成功: 3900 条
20260412 18:57:10- INFO- 开始获取 2020-05-13 的掘金全市场数据...
20260412 18:57:10- INFO-   步骤1: 调用get_symbols获取基础信息...
20260412 18:57:11- INFO-   get_symbols返回 3903 条记录
20260412 18:57:11- INFO-   过滤后剩余 3903 只股票(已剔除未上市/已退市)
20260412 18:57:11- INFO-   步骤2: 调用history批量获取数据...
20260412 18:57:11- INFO-   history批量返回 3903 条记录
20260412 18:57:11- INFO-   步骤3: 调用stk_get_daily_mktvalue_pt获取市值数据...
20260412 18:57:11- INFO-   stk_get_daily_mktvalue_pt返回 3903 条记录
20260412 18:57:11- INFO-   步骤4: 合并数据...
20260412 18:57:11- INFO-   数据合并完成,最终返回 3903 条记录, 18 个字段
20260412 18:57:11- INFO- ✓ 2020-05-13 数据获取成功: 3903 条
20260412 18:57:12- INFO- 开始获取 2020-05-14 的掘金全市场数据...
20260412 18:57:12- INFO-   步骤1: 调用get_symbols获取基础信息...
20260412 18:57:12- INFO-   get_symbols返回 3905 条记录
20260412 18:57:12- INFO-   过滤后剩余 3905 只股票(已剔除未上市/已退市)
20260412 18:57:12- INFO-   步骤2: 调用history批量获取数据...
20260412 18:57:12- INFO-   history批量返回 3905 条记录
20260412 18:57:12- INFO-   步骤3: 调用stk_get_daily_mktvalue_pt获取市值数据...
20260412 18:57:13- INFO-   stk_get_daily_mktvalue_pt返回 3905 条记录
20260412 18:57:13- INFO-   步骤4: 合并数据...
20260412 18:57:13- INFO-   数据合并完成,最终返回 3905 条记录, 18 个字段
20260412 18:57:13- INFO- ✓ 2020-05-14 数据获取成功: 3905 条
20260412 18:57:13- INFO- 开始获取 2020-05-15 的掘金全市场数据...
20260412 18:57:13- INFO-   步骤1: 调用get_symbols获取基础信息...
20260412 18:57:14- INFO-   get_symbols返回 3906 条记录
20260412 18:57:14- INFO-   过滤后剩余 3906 只股票(已剔除未上市/已退市)
20260412 18:57:14- INFO-   步骤2: 调用history批量获取数据...
20260412 18:57:14- INFO-   history批量返回 3906 条记录
20260412 18:57:14- INFO-   步骤3: 调用stk_get_daily_mktvalue_pt获取市值数据...
20260412 18:57:14- INFO-   stk_get_daily_mktvalue_pt返回 3906 条记录
20260412 18:57:14- INFO-   步骤4: 合并数据...
20260412 18:57:14- INFO-   数据合并完成,最终返回 3906 条记录, 18 个字段
20260412 18:57:14- INFO- ✓ 2020-05-15 数据获取成功: 3906 条
20260412 18:57:15- INFO- 开始获取 2020-05-18 的掘金全市场数据...
20260412 18:57:15- INFO-   步骤1: 调用get_symbols获取基础信息...
20260412 18:57:15- INFO-   get_symbols返回 3904 条记录
20260412 18:57:15- INFO-   过滤后剩余 3904 只股票(已剔除未上市/已退市)
20260412 18:57:15- INFO-   步骤2: 调用history批量获取数据...
20260412 18:57:15- INFO-   history批量返回 3904 条记录
20260412 18:57:15- INFO-   步骤3: 调用stk_get_daily_mktvalue_pt获取市值数据...
20260412 18:57:16- INFO-   stk_get_daily_mktvalue_pt返回 3904 条记录
20260412 18:57:16- INFO-   步骤4: 合并数据...
20260412 18:57:16- INFO-   数据合并完成,最终返回 3904 条记录, 18 个字段
20260412 18:57:16- INFO- ✓ 2020-05-18 数据获取成功: 3904 条
20260412 18:57:16- INFO- 开始获取 2020-05-19 的掘金全市场数据...
20260412 18:57:16- INFO-   步骤1: 调用get_symbols获取基础信息...
20260412 18:57:17- INFO-   get_symbols返回 3903 条记录
20260412 18:57:17- INFO-   过滤后剩余 3903 只股票(已剔除未上市/已退市)
20260412 18:57:17- INFO-   步骤2: 调用history批量获取数据...
20260412 18:57:17- INFO-   history批量返回 3903 条记录
20260412 18:57:17- INFO-   步骤3: 调用stk_get_daily_mktvalue_pt获取市值数据...
20260412 18:57:17- INFO-   stk_get_daily_mktvalue_pt返回 3903 条记录
20260412 18:57:17- INFO-   步骤4: 合并数据...
20260412 18:57:17- INFO-   数据合并完成,最终返回 3903 条记录, 18 个字段
20260412 18:57:17- INFO- ✓ 2020-05-19 数据获取成功: 3903 条
20260412 18:57:18- INFO- 开始获取 2020-05-20 的掘金全市场数据...
20260412 18:57:18- INFO-   步骤1: 调用get_symbols获取基础信息...
20260412 18:57:18- INFO-   get_symbols返回 3905 条记录
20260412 18:57:18- INFO-   过滤后剩余 3905 只股票(已剔除未上市/已退市)
20260412 18:57:18- INFO-   步骤2: 调用history批量获取数据...
20260412 18:57:19- INFO-   history批量返回 3905 条记录
20260412 18:57:19- INFO-   步骤3: 调用stk_get_daily_mktvalue_pt获取市值数据...
20260412 18:57:19- INFO-   stk_get_daily_mktvalue_pt返回 3905 条记录
20260412 18:57:19- INFO-   步骤4: 合并数据...
20260412 18:57:19- INFO-   数据合并完成,最终返回 3905 条记录, 18 个字段
20260412 18:57:19- INFO- ✓ 2020-05-20 数据获取成功: 3905 条
20260412 18:57:19- INFO- 开始获取 2020-05-21 的掘金全市场数据...
20260412 18:57:19- INFO-   步骤1: 调用get_symbols获取基础信息...
20260412 18:57:20- INFO-   get_symbols返回 3906 条记录
20260412 18:57:20- INFO-   过滤后剩余 3906 只股票(已剔除未上市/已退市)
20260412 18:57:20- INFO-   步骤2: 调用history批量获取数据...
20260412 18:57:20- INFO-   history批量返回 3906 条记录
20260412 18:57:20- INFO-   步骤3: 调用stk_get_daily_mktvalue_pt获取市值数据...
20260412 18:57:21- INFO-   stk_get_daily_mktvalue_pt返回 3906 条记录
20260412 18:57:21- INFO-   步骤4: 合并数据...
20260412 18:57:21- INFO-   数据合并完成,最终返回 3906 条记录, 18 个字段
20260412 18:57:21- INFO- ✓ 2020-05-21 数据获取成功: 3906 条
20260412 18:57:21- INFO- 开始获取 2020-05-22 的掘金全市场数据...
20260412 18:57:21- INFO-   步骤1: 调用get_symbols获取基础信息...
20260412 18:57:22- INFO-   get_symbols返回 3909 条记录
20260412 18:57:22- INFO-   过滤后剩余 3909 只股票(已剔除未上市/已退市)
20260412 18:57:22- INFO-   步骤2: 调用history批量获取数据...
20260412 18:57:22- INFO-   history批量返回 3909 条记录
20260412 18:57:22- INFO-   步骤3: 调用stk_get_daily_mktvalue_pt获取市值数据...
20260412 18:57:22- INFO-   stk_get_daily_mktvalue_pt返回 3909 条记录
20260412 18:57:22- INFO-   步骤4: 合并数据...
20260412 18:57:22- INFO-   数据合并完成,最终返回 3909 条记录, 18 个字段
20260412 18:57:22- INFO- ✓ 2020-05-22 数据获取成功: 3909 条
20260412 18:57:23- INFO- 开始获取 2020-05-25 的掘金全市场数据...
20260412 18:57:23- INFO-   步骤1: 调用get_symbols获取基础信息...
20260412 18:57:23- INFO-   get_symbols返回 3910 条记录
20260412 18:57:23- INFO-   过滤后剩余 3910 只股票(已剔除未上市/已退市)
20260412 18:57:23- INFO-   步骤2: 调用history批量获取数据...
20260412 18:57:23- INFO-   history批量返回 3910 条记录
20260412 18:57:23- INFO-   步骤3: 调用stk_get_daily_mktvalue_pt获取市值数据...
20260412 18:57:24- INFO-   stk_get_daily_mktvalue_pt返回 3910 条记录
20260412 18:57:24- INFO-   步骤4: 合并数据...
20260412 18:57:24- INFO-   数据合并完成,最终返回 3910 条记录, 18 个字段
20260412 18:57:24- INFO- ✓ 2020-05-25 数据获取成功: 3910 条
20260412 18:57:24- INFO- 开始获取 2020-05-26 的掘金全市场数据...
20260412 18:57:24- INFO-   步骤1: 调用get_symbols获取基础信息...
20260412 18:57:25- INFO-   get_symbols返回 3910 条记录
20260412 18:57:25- INFO-   过滤后剩余 3910 只股票(已剔除未上市/已退市)
20260412 18:57:25- INFO-   步骤2: 调用history批量获取数据...
20260412 18:57:25- INFO-   history批量返回 3910 条记录
20260412 18:57:25- INFO-   步骤3: 调用stk_get_daily_mktvalue_pt获取市值数据...
20260412 18:57:25- INFO-   stk_get_daily_mktvalue_pt返回 3910 条记录
20260412 18:57:25- INFO-   步骤4: 合并数据...
20260412 18:57:25- INFO-   数据合并完成,最终返回 3910 条记录, 18 个字段
20260412 18:57:25- INFO- ✓ 2020-05-26 数据获取成功: 3910 条
20260412 18:57:26- INFO- 开始获取 2020-05-27 的掘金全市场数据...
20260412 18:57:26- INFO-   步骤1: 调用get_symbols获取基础信息...
20260412 18:57:26- INFO-   get_symbols返回 3904 条记录
20260412 18:57:26- INFO-   过滤后剩余 3904 只股票(已剔除未上市/已退市)
20260412 18:57:26- INFO-   步骤2: 调用history批量获取数据...
20260412 18:57:26- INFO-   history批量返回 3904 条记录
20260412 18:57:26- INFO-   步骤3: 调用stk_get_daily_mktvalue_pt获取市值数据...
20260412 18:57:27- INFO-   stk_get_daily_mktvalue_pt返回 3904 条记录
20260412 18:57:27- INFO-   步骤4: 合并数据...
20260412 18:57:27- INFO-   数据合并完成,最终返回 3904 条记录, 18 个字段
20260412 18:57:27- INFO- ✓ 2020-05-27 数据获取成功: 3904 条
20260412 18:57:27- INFO- 开始获取 2020-05-28 的掘金全市场数据...
20260412 18:57:27- INFO-   步骤1: 调用get_symbols获取基础信息...
20260412 18:57:28- INFO-   get_symbols返回 3907 条记录
20260412 18:57:28- INFO-   过滤后剩余 3907 只股票(已剔除未上市/已退市)
20260412 18:57:28- INFO-   步骤2: 调用history批量获取数据...
20260412 18:57:28- INFO-   history批量返回 3907 条记录
20260412 18:57:28- INFO-   步骤3: 调用stk_get_daily_mktvalue_pt获取市值数据...
20260412 18:57:28- INFO-   stk_get_daily_mktvalue_pt返回 3907 条记录
20260412 18:57:28- INFO-   步骤4: 合并数据...
20260412 18:57:28- INFO-   数据合并完成,最终返回 3907 条记录, 18 个字段
20260412 18:57:28- INFO- ✓ 2020-05-28 数据获取成功: 3907 条
20260412 18:57:29- INFO- 开始获取 2020-05-29 的掘金全市场数据...
20260412 18:57:29- INFO-   步骤1: 调用get_symbols获取基础信息...
20260412 18:57:29- INFO-   get_symbols返回 3906 条记录
20260412 18:57:29- INFO-   过滤后剩余 3906 只股票(已剔除未上市/已退市)
20260412 18:57:29- INFO-   步骤2: 调用history批量获取数据...
20260412 18:57:29- INFO-   history批量返回 3906 条记录
20260412 18:57:29- INFO-   步骤3: 调用stk_get_daily_mktvalue_pt获取市值数据...
20260412 18:57:30- INFO-   stk_get_daily_mktvalue_pt返回 3906 条记录
20260412 18:57:30- INFO-   步骤4: 合并数据...
20260412 18:57:30- INFO-   数据合并完成,最终返回 3906 条记录, 18 个字段
20260412 18:57:30- INFO- ✓ 2020-05-29 数据获取成功: 3906 条
20260412 18:57:30- INFO- 开始获取 2020-06-01 的掘金全市场数据...
20260412 18:57:30- INFO-   步骤1: 调用get_symbols获取基础信息...
20260412 18:57:31- INFO-   get_symbols返回 3905 条记录
20260412 18:57:31- INFO-   过滤后剩余 3905 只股票(已剔除未上市/已退市)
20260412 18:57:31- INFO-   步骤2: 调用history批量获取数据...
20260412 18:57:31- INFO-   history批量返回 3905 条记录
20260412 18:57:31- INFO-   步骤3: 调用stk_get_daily_mktvalue_pt获取市值数据...
20260412 18:57:31- INFO-   stk_get_daily_mktvalue_pt返回 3905 条记录
20260412 18:57:31- INFO-   步骤4: 合并数据...
20260412 18:57:31- INFO-   数据合并完成,最终返回 3905 条记录, 18 个字段
20260412 18:57:31- INFO- ✓ 2020-06-01 数据获取成功: 3905 条
20260412 18:57:32- INFO- 开始获取 2020-06-02 的掘金全市场数据...
20260412 18:57:32- INFO-   步骤1: 调用get_symbols获取基础信息...
20260412 18:57:32- INFO-   get_symbols返回 3910 条记录
20260412 18:57:32- INFO-   过滤后剩余 3910 只股票(已剔除未上市/已退市)
20260412 18:57:32- INFO-   步骤2: 调用history批量获取数据...
20260412 18:57:33- INFO-   history批量返回 3910 条记录
20260412 18:57:33- INFO-   步骤3: 调用stk_get_daily_mktvalue_pt获取市值数据...
20260412 18:57:33- INFO-   stk_get_daily_mktvalue_pt返回 3910 条记录
20260412 18:57:33- INFO-   步骤4: 合并数据...
20260412 18:57:33- INFO-   数据合并完成,最终返回 3910 条记录, 18 个字段
20260412 18:57:33- INFO- ✓ 2020-06-02 数据获取成功: 3910 条
20260412 18:57:33- INFO- 开始获取 2020-06-03 的掘金全市场数据...
20260412 18:57:33- INFO-   步骤1: 调用get_symbols获取基础信息...
20260412 18:57:34- INFO-   get_symbols返回 3911 条记录
20260412 18:57:34- INFO-   过滤后剩余 3911 只股票(已剔除未上市/已退市)
20260412 18:57:34- INFO-   步骤2: 调用history批量获取数据...
20260412 18:57:34- INFO-   history批量返回 3911 条记录
20260412 18:57:34- INFO-   步骤3: 调用stk_get_daily_mktvalue_pt获取市值数据...
20260412 18:57:34- INFO-   stk_get_daily_mktvalue_pt返回 3911 条记录
20260412 18:57:34- INFO-   步骤4: 合并数据...
20260412 18:57:34- INFO-   数据合并完成,最终返回 3911 条记录, 18 个字段
20260412 18:57:34- INFO- ✓ 2020-06-03 数据获取成功: 3911 条
20260412 18:57:35- INFO- 开始获取 2020-06-04 的掘金全市场数据...
20260412 18:57:35- INFO-   步骤1: 调用get_symbols获取基础信息...
20260412 18:57:35- INFO-   get_symbols返回 3911 条记录
20260412 18:57:36- INFO-   过滤后剩余 3911 只股票(已剔除未上市/已退市)
20260412 18:57:36- INFO-   步骤2: 调用history批量获取数据...
20260412 18:57:36- INFO-   history批量返回 3911 条记录
20260412 18:57:36- INFO-   步骤3: 调用stk_get_daily_mktvalue_pt获取市值数据...
20260412 18:59:56- INFO-   stk_get_daily_mktvalue_pt返回 3911 条记录
20260412 18:59:56- INFO-   步骤4: 合并数据...
20260412 18:59:56- INFO-   数据合并完成,最终返回 3911 条记录, 18 个字段
20260412 18:59:56- INFO- ✓ 2020-06-04 数据获取成功: 3911 条
20260412 18:59:57- INFO- 开始获取 2020-06-05 的掘金全市场数据...
20260412 18:59:57- INFO-   步骤1: 调用get_symbols获取基础信息...
20260412 18:59:59- INFO-   get_symbols返回 3913 条记录
20260412 18:59:59- INFO-   过滤后剩余 3913 只股票(已剔除未上市/已退市)
20260412 18:59:59- INFO-   步骤2: 调用history批量获取数据...
20260412 19:00:00- INFO-   history批量返回 3913 条记录
20260412 19:00:00- INFO-   步骤3: 调用stk_get_daily_mktvalue_pt获取市值数据...
20260412 19:00:00- INFO-   stk_get_daily_mktvalue_pt返回 3913 条记录
20260412 19:00:00- INFO-   步骤4: 合并数据...
20260412 19:00:00- INFO-   数据合并完成,最终返回 3913 条记录, 18 个字段
20260412 19:00:00- INFO- ✓ 2020-06-05 数据获取成功: 3913 条
20260412 19:00:00- INFO- 开始获取 2020-06-08 的掘金全市场数据...
20260412 19:00:00- INFO-   步骤1: 调用get_symbols获取基础信息...
20260412 19:00:01- INFO-   get_symbols返回 3917 条记录
20260412 19:00:01- INFO-   过滤后剩余 3917 只股票(已剔除未上市/已退市)
20260412 19:00:01- INFO-   步骤2: 调用history批量获取数据...
20260412 19:00:01- INFO-   history批量返回 3917 条记录
20260412 19:00:01- INFO-   步骤3: 调用stk_get_daily_mktvalue_pt获取市值数据...
20260412 19:00:02- INFO-   stk_get_daily_mktvalue_pt返回 3917 条记录
20260412 19:00:02- INFO-   步骤4: 合并数据...
20260412 19:00:02- INFO-   数据合并完成,最终返回 3917 条记录, 18 个字段
20260412 19:00:02- INFO- ✓ 2020-06-08 数据获取成功: 3917 条
20260412 19:00:02- INFO- 开始获取 2020-06-09 的掘金全市场数据...
20260412 19:00:02- INFO-   步骤1: 调用get_symbols获取基础信息...
20260412 19:00:03- INFO-   get_symbols返回 3921 条记录
20260412 19:00:03- INFO-   过滤后剩余 3921 只股票(已剔除未上市/已退市)
20260412 19:00:03- INFO-   步骤2: 调用history批量获取数据...
20260412 19:00:03- INFO-   history批量返回 3921 条记录
20260412 19:00:03- INFO-   步骤3: 调用stk_get_daily_mktvalue_pt获取市值数据...
20260412 19:00:03- INFO-   stk_get_daily_mktvalue_pt返回 3921 条记录
20260412 19:00:03- INFO-   步骤4: 合并数据...
20260412 19:00:03- INFO-   数据合并完成,最终返回 3921 条记录, 18 个字段
20260412 19:00:03- INFO- ✓ 2020-06-09 数据获取成功: 3921 条
20260412 19:00:04- INFO- 开始获取 2020-06-10 的掘金全市场数据...
20260412 19:00:04- INFO-   步骤1: 调用get_symbols获取基础信息...
20260412 19:00:04- INFO-   get_symbols返回 3920 条记录
20260412 19:00:04- INFO-   过滤后剩余 3920 只股票(已剔除未上市/已退市)
20260412 19:00:04- INFO-   步骤2: 调用history批量获取数据...
20260412 19:00:04- INFO-   history批量返回 3920 条记录
20260412 19:00:04- INFO-   步骤3: 调用stk_get_daily_mktvalue_pt获取市值数据...
20260412 19:00:05- INFO-   stk_get_daily_mktvalue_pt返回 3920 条记录
20260412 19:00:05- INFO-   步骤4: 合并数据...
20260412 19:00:05- INFO-   数据合并完成,最终返回 3920 条记录, 18 个字段
20260412 19:00:05- INFO- ✓ 2020-06-10 数据获取成功: 3920 条
20260412 19:00:05- INFO- 开始获取 2020-06-11 的掘金全市场数据...
20260412 19:00:05- INFO-   步骤1: 调用get_symbols获取基础信息...
20260412 19:00:06- INFO-   get_symbols返回 3919 条记录
20260412 19:00:06- INFO-   过滤后剩余 3919 只股票(已剔除未上市/已退市)
20260412 19:00:06- INFO-   步骤2: 调用history批量获取数据...
20260412 19:00:06- INFO-   history批量返回 3919 条记录
20260412 19:00:06- INFO-   步骤3: 调用stk_get_daily_mktvalue_pt获取市值数据...
20260412 19:00:06- INFO-   stk_get_daily_mktvalue_pt返回 3919 条记录
20260412 19:00:06- INFO-   步骤4: 合并数据...
20260412 19:00:06- INFO-   数据合并完成,最终返回 3919 条记录, 18 个字段
20260412 19:00:06- INFO- ✓ 2020-06-11 数据获取成功: 3919 条
20260412 19:00:07- INFO- 开始获取 2020-06-12 的掘金全市场数据...
20260412 19:00:07- INFO-   步骤1: 调用get_symbols获取基础信息...
20260412 19:00:07- INFO-   get_symbols返回 3920 条记录
20260412 19:00:07- INFO-   过滤后剩余 3920 只股票(已剔除未上市/已退市)
20260412 19:00:07- INFO-   步骤2: 调用history批量获取数据...
20260412 19:00:07- INFO-   history批量返回 3920 条记录
20260412 19:00:07- INFO-   步骤3: 调用stk_get_daily_mktvalue_pt获取市值数据...
20260412 19:00:07- INFO-   stk_get_daily_mktvalue_pt返回 3920 条记录
20260412 19:00:07- INFO-   步骤4: 合并数据...
20260412 19:00:07- INFO-   数据合并完成,最终返回 3920 条记录, 18 个字段
20260412 19:00:07- INFO- ✓ 2020-06-12 数据获取成功: 3920 条
20260412 19:00:08- INFO- 开始获取 2020-06-15 的掘金全市场数据...
20260412 19:00:08- INFO-   步骤1: 调用get_symbols获取基础信息...
20260412 19:00:08- INFO-   get_symbols返回 3923 条记录
20260412 19:00:08- INFO-   过滤后剩余 3923 只股票(已剔除未上市/已退市)
20260412 19:00:08- INFO-   步骤2: 调用history批量获取数据...
20260412 19:00:09- INFO-   history批量返回 3923 条记录
20260412 19:00:09- INFO-   步骤3: 调用stk_get_daily_mktvalue_pt获取市值数据...
20260412 19:00:09- INFO-   stk_get_daily_mktvalue_pt返回 3923 条记录
20260412 19:00:09- INFO-   步骤4: 合并数据...
20260412 19:00:09- INFO-   数据合并完成,最终返回 3923 条记录, 18 个字段
20260412 19:00:09- INFO- ✓ 2020-06-15 数据获取成功: 3923 条
20260412 19:00:09- INFO- 开始获取 2020-06-16 的掘金全市场数据...
20260412 19:00:09- INFO-   步骤1: 调用get_symbols获取基础信息...
20260412 19:00:10- INFO-   get_symbols返回 3928 条记录
20260412 19:00:10- INFO-   过滤后剩余 3928 只股票(已剔除未上市/已退市)
20260412 19:00:10- INFO-   步骤2: 调用history批量获取数据...
20260412 19:00:10- INFO-   history批量返回 3928 条记录
20260412 19:00:10- INFO-   步骤3: 调用stk_get_daily_mktvalue_pt获取市值数据...
20260412 19:00:10- INFO-   stk_get_daily_mktvalue_pt返回 3928 条记录
20260412 19:00:10- INFO-   步骤4: 合并数据...
20260412 19:00:10- INFO-   数据合并完成,最终返回 3928 条记录, 18 个字段
20260412 19:00:10- INFO- ✓ 2020-06-16 数据获取成功: 3928 条
20260412 19:00:11- INFO- 开始获取 2020-06-17 的掘金全市场数据...
20260412 19:00:11- INFO-   步骤1: 调用get_symbols获取基础信息...
20260412 19:00:11- INFO-   get_symbols返回 3926 条记录
20260412 19:00:11- INFO-   过滤后剩余 3926 只股票(已剔除未上市/已退市)
20260412 19:00:11- INFO-   步骤2: 调用history批量获取数据...
20260412 19:00:12- INFO-   history批量返回 3926 条记录
20260412 19:00:12- INFO-   步骤3: 调用stk_get_daily_mktvalue_pt获取市值数据...
20260412 19:00:12- INFO-   stk_get_daily_mktvalue_pt返回 3926 条记录
20260412 19:00:12- INFO-   步骤4: 合并数据...
20260412 19:00:12- INFO-   数据合并完成,最终返回 3926 条记录, 18 个字段
20260412 19:00:12- INFO- ✓ 2020-06-17 数据获取成功: 3926 条
20260412 19:00:13- INFO- 开始获取 2020-06-18 的掘金全市场数据...
20260412 19:00:13- INFO-   步骤1: 调用get_symbols获取基础信息...
20260412 19:00:13- INFO-   get_symbols返回 3929 条记录
20260412 19:00:13- INFO-   过滤后剩余 3929 只股票(已剔除未上市/已退市)
20260412 19:00:13- INFO-   步骤2: 调用history批量获取数据...
20260412 19:00:13- INFO-   history批量返回 3929 条记录
20260412 19:00:13- INFO-   步骤3: 调用stk_get_daily_mktvalue_pt获取市值数据...
20260412 19:00:13- INFO-   stk_get_daily_mktvalue_pt返回 3929 条记录
20260412 19:00:13- INFO-   步骤4: 合并数据...
20260412 19:00:13- INFO-   数据合并完成,最终返回 3929 条记录, 18 个字段
20260412 19:00:13- INFO- ✓ 2020-06-18 数据获取成功: 3929 条
20260412 19:00:14- INFO- 开始获取 2020-06-19 的掘金全市场数据...
20260412 19:00:14- INFO-   步骤1: 调用get_symbols获取基础信息...
20260412 19:00:15- INFO-   get_symbols返回 3931 条记录
20260412 19:00:15- INFO-   过滤后剩余 3931 只股票(已剔除未上市/已退市)
20260412 19:00:15- INFO-   步骤2: 调用history批量获取数据...
20260412 19:00:15- INFO-   history批量返回 3931 条记录
20260412 19:00:15- INFO-   步骤3: 调用stk_get_daily_mktvalue_pt获取市值数据...
20260412 19:00:15- INFO-   stk_get_daily_mktvalue_pt返回 3931 条记录
20260412 19:00:15- INFO-   步骤4: 合并数据...
20260412 19:00:15- INFO-   数据合并完成,最终返回 3931 条记录, 18 个字段
20260412 19:00:15- INFO- ✓ 2020-06-19 数据获取成功: 3931 条
20260412 19:00:15- INFO- 开始获取 2020-06-22 的掘金全市场数据...
20260412 19:00:15- INFO-   步骤1: 调用get_symbols获取基础信息...
20260412 19:00:16- INFO-   get_symbols返回 3931 条记录
20260412 19:00:16- INFO-   过滤后剩余 3931 只股票(已剔除未上市/已退市)
20260412 19:00:16- INFO-   步骤2: 调用history批量获取数据...
20260412 19:00:16- INFO-   history批量返回 3931 条记录
20260412 19:00:16- INFO-   步骤3: 调用stk_get_daily_mktvalue_pt获取市值数据...
20260412 19:00:17- INFO-   stk_get_daily_mktvalue_pt返回 3931 条记录
20260412 19:00:17- INFO-   步骤4: 合并数据...
20260412 19:00:17- INFO-   数据合并完成,最终返回 3931 条记录, 18 个字段
20260412 19:00:17- INFO- ✓ 2020-06-22 数据获取成功: 3931 条
20260412 19:00:17- INFO- 开始获取 2020-06-23 的掘金全市场数据...
20260412 19:00:17- INFO-   步骤1: 调用get_symbols获取基础信息...
20260412 19:00:18- INFO-   get_symbols返回 3929 条记录
20260412 19:00:18- INFO-   过滤后剩余 3929 只股票(已剔除未上市/已退市)
20260412 19:00:18- INFO-   步骤2: 调用history批量获取数据...
20260412 19:00:18- INFO-   history批量返回 3929 条记录
20260412 19:00:18- INFO-   步骤3: 调用stk_get_daily_mktvalue_pt获取市值数据...
20260412 19:00:18- INFO-   stk_get_daily_mktvalue_pt返回 3929 条记录
20260412 19:00:18- INFO-   步骤4: 合并数据...
20260412 19:00:18- INFO-   数据合并完成,最终返回 3929 条记录, 18 个字段
20260412 19:00:18- INFO- ✓ 2020-06-23 数据获取成功: 3929 条
20260412 19:00:19- INFO- 开始获取 2020-06-24 的掘金全市场数据...
20260412 19:00:19- INFO-   步骤1: 调用get_symbols获取基础信息...
20260412 19:00:19- INFO-   get_symbols返回 3928 条记录
20260412 19:00:19- INFO-   过滤后剩余 3928 只股票(已剔除未上市/已退市)
20260412 19:00:19- INFO-   步骤2: 调用history批量获取数据...
20260412 19:00:19- INFO-   history批量返回 3928 条记录
20260412 19:00:19- INFO-   步骤3: 调用stk_get_daily_mktvalue_pt获取市值数据...
20260412 19:00:19- INFO-   stk_get_daily_mktvalue_pt返回 3928 条记录
20260412 19:00:19- INFO-   步骤4: 合并数据...
20260412 19:00:19- INFO-   数据合并完成,最终返回 3928 条记录, 18 个字段
20260412 19:00:19- INFO- ✓ 2020-06-24 数据获取成功: 3928 条
20260412 19:00:20- INFO- 开始获取 2020-06-25 的掘金全市场数据...
20260412 19:00:20- INFO-   步骤1: 调用get_symbols获取基础信息...
20260412 19:00:20- WARNING- 2020-06-25 get_symbols返回空数据
20260412 19:00:20- WARNING- ✗ 2020-06-25 无数据
20260412 19:00:21- INFO- 开始获取 2020-06-26 的掘金全市场数据...
20260412 19:00:21- INFO-   步骤1: 调用get_symbols获取基础信息...
20260412 19:00:21- WARNING- 2020-06-26 get_symbols返回空数据
20260412 19:00:21- WARNING- ✗ 2020-06-26 无数据
20260412 19:00:21- INFO- 开始获取 2020-06-29 的掘金全市场数据...
20260412 19:00:21- INFO-   步骤1: 调用get_symbols获取基础信息...
20260412 19:00:22- INFO-   get_symbols返回 3932 条记录
20260412 19:00:22- INFO-   过滤后剩余 3932 只股票(已剔除未上市/已退市)
20260412 19:00:22- INFO-   步骤2: 调用history批量获取数据...
20260412 19:00:22- INFO-   history批量返回 3932 条记录
20260412 19:00:22- INFO-   步骤3: 调用stk_get_daily_mktvalue_pt获取市值数据...
20260412 19:00:22- INFO-   stk_get_daily_mktvalue_pt返回 3932 条记录
20260412 19:00:22- INFO-   步骤4: 合并数据...
20260412 19:00:22- INFO-   数据合并完成,最终返回 3932 条记录, 18 个字段
20260412 19:00:22- INFO- ✓ 2020-06-29 数据获取成功: 3932 条
20260412 19:00:23- INFO- 开始获取 2020-06-30 的掘金全市场数据...
20260412 19:00:23- INFO-   步骤1: 调用get_symbols获取基础信息...
20260412 19:00:23- INFO-   get_symbols返回 3927 条记录
20260412 19:00:23- INFO-   过滤后剩余 3927 只股票(已剔除未上市/已退市)
20260412 19:00:23- INFO-   步骤2: 调用history批量获取数据...
20260412 19:00:24- INFO-   history批量返回 3927 条记录
20260412 19:00:24- INFO-   步骤3: 调用stk_get_daily_mktvalue_pt获取市值数据...
20260412 19:00:25- INFO-   stk_get_daily_mktvalue_pt返回 3927 条记录
20260412 19:00:25- INFO-   步骤4: 合并数据...
20260412 19:00:25- INFO-   数据合并完成,最终返回 3927 条记录, 18 个字段
20260412 19:00:25- INFO- ✓ 2020-06-30 数据获取成功: 3927 条
20260412 19:00:26- INFO- 开始获取 2020-07-01 的掘金全市场数据...
20260412 19:00:26- INFO-   步骤1: 调用get_symbols获取基础信息...
20260412 19:00:26- INFO-   get_symbols返回 3938 条记录
20260412 19:00:26- INFO-   过滤后剩余 3938 只股票(已剔除未上市/已退市)
20260412 19:00:26- INFO-   步骤2: 调用history批量获取数据...
20260412 19:00:27- INFO-   history批量返回 3938 条记录
20260412 19:00:27- INFO-   步骤3: 调用stk_get_daily_mktvalue_pt获取市值数据...
20260412 19:00:27- INFO-   stk_get_daily_mktvalue_pt返回 3938 条记录
20260412 19:00:27- INFO-   步骤4: 合并数据...
20260412 19:00:27- INFO-   数据合并完成,最终返回 3938 条记录, 18 个字段
20260412 19:00:27- INFO- ✓ 2020-07-01 数据获取成功: 3938 条
20260412 19:00:27- INFO- 开始获取 2020-07-02 的掘金全市场数据...
20260412 19:00:27- INFO-   步骤1: 调用get_symbols获取基础信息...
20260412 19:00:28- INFO-   get_symbols返回 3940 条记录
20260412 19:00:28- INFO-   过滤后剩余 3940 只股票(已剔除未上市/已退市)
20260412 19:00:28- INFO-   步骤2: 调用history批量获取数据...
20260412 19:00:28- INFO-   history批量返回 3940 条记录
20260412 19:00:28- INFO-   步骤3: 调用stk_get_daily_mktvalue_pt获取市值数据...
20260412 19:00:28- INFO-   stk_get_daily_mktvalue_pt返回 3940 条记录
20260412 19:00:28- INFO-   步骤4: 合并数据...
20260412 19:00:28- INFO-   数据合并完成,最终返回 3940 条记录, 18 个字段
20260412 19:00:28- INFO- ✓ 2020-07-02 数据获取成功: 3940 条
20260412 19:00:29- INFO- 开始获取 2020-07-03 的掘金全市场数据...
20260412 19:00:29- INFO-   步骤1: 调用get_symbols获取基础信息...
20260412 19:00:29- INFO-   get_symbols返回 3942 条记录
20260412 19:00:29- INFO-   过滤后剩余 3942 只股票(已剔除未上市/已退市)
20260412 19:00:29- INFO-   步骤2: 调用history批量获取数据...
20260412 19:00:30- INFO-   history批量返回 3942 条记录
20260412 19:00:30- INFO-   步骤3: 调用stk_get_daily_mktvalue_pt获取市值数据...
20260412 19:00:30- INFO-   stk_get_daily_mktvalue_pt返回 3942 条记录
20260412 19:00:30- INFO-   步骤4: 合并数据...
20260412 19:00:30- INFO-   数据合并完成,最终返回 3942 条记录, 18 个字段
20260412 19:00:30- INFO- ✓ 2020-07-03 数据获取成功: 3942 条
20260412 19:00:30- INFO- 开始获取 2020-07-06 的掘金全市场数据...
20260412 19:00:30- INFO-   步骤1: 调用get_symbols获取基础信息...
20260412 19:00:31- INFO-   get_symbols返回 3942 条记录
20260412 19:00:31- INFO-   过滤后剩余 3942 只股票(已剔除未上市/已退市)
20260412 19:00:31- INFO-   步骤2: 调用history批量获取数据...
20260412 19:00:31- INFO-   history批量返回 3942 条记录
20260412 19:00:31- INFO-   步骤3: 调用stk_get_daily_mktvalue_pt获取市值数据...
20260412 19:00:31- INFO-   stk_get_daily_mktvalue_pt返回 3942 条记录
20260412 19:00:31- INFO-   步骤4: 合并数据...
20260412 19:00:31- INFO-   数据合并完成,最终返回 3942 条记录, 18 个字段
20260412 19:00:31- INFO- ✓ 2020-07-06 数据获取成功: 3942 条
20260412 19:00:32- INFO- 开始获取 2020-07-07 的掘金全市场数据...
20260412 19:00:32- INFO-   步骤1: 调用get_symbols获取基础信息...
20260412 19:00:32- INFO-   get_symbols返回 3940 条记录
20260412 19:00:32- INFO-   过滤后剩余 3940 只股票(已剔除未上市/已退市)
20260412 19:00:32- INFO-   步骤2: 调用history批量获取数据...
20260412 19:00:33- INFO-   history批量返回 3940 条记录
20260412 19:00:33- INFO-   步骤3: 调用stk_get_daily_mktvalue_pt获取市值数据...
20260412 19:00:33- INFO-   stk_get_daily_mktvalue_pt返回 3940 条记录
20260412 19:00:33- INFO-   步骤4: 合并数据...
20260412 19:00:33- INFO-   数据合并完成,最终返回 3940 条记录, 18 个字段
20260412 19:00:33- INFO- ✓ 2020-07-07 数据获取成功: 3940 条
20260412 19:00:33- INFO- 开始获取 2020-07-08 的掘金全市场数据...
20260412 19:00:33- INFO-   步骤1: 调用get_symbols获取基础信息...
20260412 19:00:34- INFO-   get_symbols返回 3946 条记录
20260412 19:00:34- INFO-   过滤后剩余 3946 只股票(已剔除未上市/已退市)
20260412 19:00:34- INFO-   步骤2: 调用history批量获取数据...
20260412 19:00:34- INFO-   history批量返回 3946 条记录
20260412 19:00:34- INFO-   步骤3: 调用stk_get_daily_mktvalue_pt获取市值数据...
20260412 19:00:35- INFO-   stk_get_daily_mktvalue_pt返回 3946 条记录
20260412 19:00:35- INFO-   步骤4: 合并数据...
20260412 19:00:35- INFO-   数据合并完成,最终返回 3946 条记录, 18 个字段
20260412 19:00:35- INFO- ✓ 2020-07-08 数据获取成功: 3946 条
20260412 19:00:35- INFO- 开始获取 2020-07-09 的掘金全市场数据...
20260412 19:00:35- INFO-   步骤1: 调用get_symbols获取基础信息...
20260412 19:00:36- INFO-   get_symbols返回 3948 条记录
20260412 19:00:36- INFO-   过滤后剩余 3948 只股票(已剔除未上市/已退市)
20260412 19:00:36- INFO-   步骤2: 调用history批量获取数据...
20260412 19:00:36- INFO-   history批量返回 3948 条记录
20260412 19:00:36- INFO-   步骤3: 调用stk_get_daily_mktvalue_pt获取市值数据...
20260412 19:00:36- INFO-   stk_get_daily_mktvalue_pt返回 3948 条记录
20260412 19:00:36- INFO-   步骤4: 合并数据...
20260412 19:00:36- INFO-   数据合并完成,最终返回 3948 条记录, 18 个字段
20260412 19:00:36- INFO- ✓ 2020-07-09 数据获取成功: 3948 条
20260412 19:00:37- INFO- 开始获取 2020-07-10 的掘金全市场数据...
20260412 19:00:37- INFO-   步骤1: 调用get_symbols获取基础信息...
20260412 19:00:37- INFO-   get_symbols返回 3951 条记录
20260412 19:00:37- INFO-   过滤后剩余 3951 只股票(已剔除未上市/已退市)
20260412 19:00:37- INFO-   步骤2: 调用history批量获取数据...
20260412 19:00:37- INFO-   history批量返回 3951 条记录
20260412 19:00:37- INFO-   步骤3: 调用stk_get_daily_mktvalue_pt获取市值数据...
20260412 19:00:38- INFO-   stk_get_daily_mktvalue_pt返回 3951 条记录
20260412 19:00:38- INFO-   步骤4: 合并数据...
20260412 19:00:38- INFO-   数据合并完成,最终返回 3951 条记录, 18 个字段
20260412 19:00:38- INFO- ✓ 2020-07-10 数据获取成功: 3951 条
20260412 19:00:38- INFO- 开始获取 2020-07-13 的掘金全市场数据...
20260412 19:00:38- INFO-   步骤1: 调用get_symbols获取基础信息...
20260412 19:00:39- INFO-   get_symbols返回 3953 条记录
20260412 19:00:39- INFO-   过滤后剩余 3953 只股票(已剔除未上市/已退市)
20260412 19:00:39- INFO-   步骤2: 调用history批量获取数据...
20260412 19:00:39- INFO-   history批量返回 3953 条记录
20260412 19:00:39- INFO-   步骤3: 调用stk_get_daily_mktvalue_pt获取市值数据...
20260412 19:00:39- INFO-   stk_get_daily_mktvalue_pt返回 3953 条记录
20260412 19:00:39- INFO-   步骤4: 合并数据...
20260412 19:00:39- INFO-   数据合并完成,最终返回 3953 条记录, 18 个字段
20260412 19:00:39- INFO- ✓ 2020-07-13 数据获取成功: 3953 条
20260412 19:00:40- INFO- 开始获取 2020-07-14 的掘金全市场数据...
20260412 19:00:40- INFO-   步骤1: 调用get_symbols获取基础信息...
20260412 19:00:40- INFO-   get_symbols返回 3957 条记录
20260412 19:00:40- INFO-   过滤后剩余 3957 只股票(已剔除未上市/已退市)
20260412 19:00:40- INFO-   步骤2: 调用history批量获取数据...
20260412 19:00:40- INFO-   history批量返回 3957 条记录
20260412 19:00:40- INFO-   步骤3: 调用stk_get_daily_mktvalue_pt获取市值数据...
20260412 19:00:41- INFO-   stk_get_daily_mktvalue_pt返回 3957 条记录
20260412 19:00:41- INFO-   步骤4: 合并数据...
20260412 19:00:41- INFO-   数据合并完成,最终返回 3957 条记录, 18 个字段
20260412 19:00:41- INFO- ✓ 2020-07-14 数据获取成功: 3957 条
20260412 19:00:41- INFO- 开始获取 2020-07-15 的掘金全市场数据...
20260412 19:00:41- INFO-   步骤1: 调用get_symbols获取基础信息...
20260412 19:00:42- INFO-   get_symbols返回 3956 条记录
20260412 19:00:42- INFO-   过滤后剩余 3956 只股票(已剔除未上市/已退市)
20260412 19:00:42- INFO-   步骤2: 调用history批量获取数据...
20260412 19:00:42- INFO-   history批量返回 3956 条记录
20260412 19:00:42- INFO-   步骤3: 调用stk_get_daily_mktvalue_pt获取市值数据...
20260412 19:00:42- INFO-   stk_get_daily_mktvalue_pt返回 3956 条记录
20260412 19:00:42- INFO-   步骤4: 合并数据...
20260412 19:00:42- INFO-   数据合并完成,最终返回 3956 条记录, 18 个字段
20260412 19:00:42- INFO- ✓ 2020-07-15 数据获取成功: 3956 条
20260412 19:00:43- INFO- 开始获取 2020-07-16 的掘金全市场数据...
20260412 19:00:43- INFO-   步骤1: 调用get_symbols获取基础信息...
20260412 19:00:43- INFO-   get_symbols返回 3958 条记录
20260412 19:00:43- INFO-   过滤后剩余 3958 只股票(已剔除未上市/已退市)
20260412 19:00:43- INFO-   步骤2: 调用history批量获取数据...
20260412 19:00:43- INFO-   history批量返回 3958 条记录
20260412 19:00:43- INFO-   步骤3: 调用stk_get_daily_mktvalue_pt获取市值数据...
20260412 19:00:44- INFO-   stk_get_daily_mktvalue_pt返回 3958 条记录
20260412 19:00:44- INFO-   步骤4: 合并数据...
20260412 19:00:44- INFO-   数据合并完成,最终返回 3958 条记录, 18 个字段
20260412 19:00:44- INFO- ✓ 2020-07-16 数据获取成功: 3958 条
20260412 19:00:44- INFO- 开始获取 2020-07-17 的掘金全市场数据...
20260412 19:00:44- INFO-   步骤1: 调用get_symbols获取基础信息...
20260412 19:00:45- INFO-   get_symbols返回 3962 条记录
20260412 19:00:45- INFO-   过滤后剩余 3962 只股票(已剔除未上市/已退市)
20260412 19:00:45- INFO-   步骤2: 调用history批量获取数据...
20260412 19:00:45- INFO-   history批量返回 3962 条记录
20260412 19:00:45- INFO-   步骤3: 调用stk_get_daily_mktvalue_pt获取市值数据...
20260412 19:00:45- INFO-   stk_get_daily_mktvalue_pt返回 3962 条记录
20260412 19:00:45- INFO-   步骤4: 合并数据...
20260412 19:00:45- INFO-   数据合并完成,最终返回 3962 条记录, 18 个字段
20260412 19:00:45- INFO- ✓ 2020-07-17 数据获取成功: 3962 条
20260412 19:00:46- INFO- 开始获取 2020-07-20 的掘金全市场数据...
20260412 19:00:46- INFO-   步骤1: 调用get_symbols获取基础信息...
20260412 19:00:46- INFO-   get_symbols返回 3962 条记录
20260412 19:00:46- INFO-   过滤后剩余 3962 只股票(已剔除未上市/已退市)
20260412 19:00:46- INFO-   步骤2: 调用history批量获取数据...
20260412 19:00:46- INFO-   history批量返回 3962 条记录
20260412 19:00:46- INFO-   步骤3: 调用stk_get_daily_mktvalue_pt获取市值数据...
20260412 19:00:47- INFO-   stk_get_daily_mktvalue_pt返回 3962 条记录
20260412 19:00:47- INFO-   步骤4: 合并数据...
20260412 19:00:47- INFO-   数据合并完成,最终返回 3962 条记录, 18 个字段
20260412 19:00:47- INFO- ✓ 2020-07-20 数据获取成功: 3962 条
20260412 19:00:47- INFO- 开始获取 2020-07-21 的掘金全市场数据...
20260412 19:00:47- INFO-   步骤1: 调用get_symbols获取基础信息...
20260412 19:00:48- INFO-   get_symbols返回 3964 条记录
20260412 19:00:48- INFO-   过滤后剩余 3964 只股票(已剔除未上市/已退市)
20260412 19:00:48- INFO-   步骤2: 调用history批量获取数据...
20260412 19:00:48- INFO-   history批量返回 3964 条记录
20260412 19:00:48- INFO-   步骤3: 调用stk_get_daily_mktvalue_pt获取市值数据...
20260412 19:00:48- INFO-   stk_get_daily_mktvalue_pt返回 3964 条记录
20260412 19:00:48- INFO-   步骤4: 合并数据...
20260412 19:00:48- INFO-   数据合并完成,最终返回 3964 条记录, 18 个字段
20260412 19:00:48- INFO- ✓ 2020-07-21 数据获取成功: 3964 条
20260412 19:00:49- INFO- 开始获取 2020-07-22 的掘金全市场数据...
20260412 19:00:49- INFO-   步骤1: 调用get_symbols获取基础信息...
20260412 19:00:49- INFO-   get_symbols返回 3970 条记录
20260412 19:00:49- INFO-   过滤后剩余 3970 只股票(已剔除未上市/已退市)
20260412 19:00:49- INFO-   步骤2: 调用history批量获取数据...
20260412 19:00:50- INFO-   history批量返回 3970 条记录
20260412 19:00:50- INFO-   步骤3: 调用stk_get_daily_mktvalue_pt获取市值数据...
20260412 19:00:50- INFO-   stk_get_daily_mktvalue_pt返回 3970 条记录
20260412 19:00:50- INFO-   步骤4: 合并数据...
20260412 19:00:50- INFO-   数据合并完成,最终返回 3970 条记录, 18 个字段
20260412 19:00:50- INFO- ✓ 2020-07-22 数据获取成功: 3970 条
20260412 19:00:50- INFO- 开始获取 2020-07-23 的掘金全市场数据...
20260412 19:00:50- INFO-   步骤1: 调用get_symbols获取基础信息...
20260412 19:00:51- INFO-   get_symbols返回 3972 条记录
20260412 19:00:51- INFO-   过滤后剩余 3972 只股票(已剔除未上市/已退市)
20260412 19:00:51- INFO-   步骤2: 调用history批量获取数据...
20260412 19:00:51- INFO-   history批量返回 3972 条记录
20260412 19:00:51- INFO-   步骤3: 调用stk_get_daily_mktvalue_pt获取市值数据...
20260412 19:00:51- INFO-   stk_get_daily_mktvalue_pt返回 3972 条记录
20260412 19:00:51- INFO-   步骤4: 合并数据...
20260412 19:00:51- INFO-   数据合并完成,最终返回 3972 条记录, 18 个字段
20260412 19:00:51- INFO- ✓ 2020-07-23 数据获取成功: 3972 条
20260412 19:00:52- INFO- 开始获取 2020-07-24 的掘金全市场数据...
20260412 19:00:52- INFO-   步骤1: 调用get_symbols获取基础信息...
20260412 19:00:52- INFO-   get_symbols返回 3974 条记录
20260412 19:00:52- INFO-   过滤后剩余 3974 只股票(已剔除未上市/已退市)
20260412 19:00:52- INFO-   步骤2: 调用history批量获取数据...
20260412 19:00:53- INFO-   history批量返回 3974 条记录
20260412 19:00:53- INFO-   步骤3: 调用stk_get_daily_mktvalue_pt获取市值数据...
20260412 19:00:53- INFO-   stk_get_daily_mktvalue_pt返回 3974 条记录
20260412 19:00:53- INFO-   步骤4: 合并数据...
20260412 19:00:53- INFO-   数据合并完成,最终返回 3974 条记录, 18 个字段
20260412 19:00:53- INFO- ✓ 2020-07-24 数据获取成功: 3974 条
20260412 19:00:53- INFO- 开始获取 2020-07-27 的掘金全市场数据...
20260412 19:00:53- INFO-   步骤1: 调用get_symbols获取基础信息...
20260412 19:00:54- INFO-   get_symbols返回 3976 条记录
20260412 19:00:54- INFO-   过滤后剩余 3976 只股票(已剔除未上市/已退市)
20260412 19:00:54- INFO-   步骤2: 调用history批量获取数据...
20260412 19:00:54- INFO-   history批量返回 3976 条记录
20260412 19:00:54- INFO-   步骤3: 调用stk_get_daily_mktvalue_pt获取市值数据...
20260412 19:00:54- INFO-   stk_get_daily_mktvalue_pt返回 3976 条记录
20260412 19:00:54- INFO-   步骤4: 合并数据...
20260412 19:00:54- INFO-   数据合并完成,最终返回 3976 条记录, 18 个字段
20260412 19:00:54- INFO- ✓ 2020-07-27 数据获取成功: 3976 条
20260412 19:00:55- INFO- 开始获取 2020-07-28 的掘金全市场数据...
20260412 19:00:55- INFO-   步骤1: 调用get_symbols获取基础信息...
20260412 19:00:55- INFO-   get_symbols返回 3975 条记录
20260412 19:00:55- INFO-   过滤后剩余 3975 只股票(已剔除未上市/已退市)
20260412 19:00:55- INFO-   步骤2: 调用history批量获取数据...
20260412 19:00:56- INFO-   history批量返回 3975 条记录
20260412 19:00:56- INFO-   步骤3: 调用stk_get_daily_mktvalue_pt获取市值数据...
20260412 19:00:56- INFO-   stk_get_daily_mktvalue_pt返回 3975 条记录
20260412 19:00:56- INFO-   步骤4: 合并数据...
20260412 19:00:56- INFO-   数据合并完成,最终返回 3975 条记录, 18 个字段
20260412 19:00:56- INFO- ✓ 2020-07-28 数据获取成功: 3975 条
20260412 19:00:56- INFO- 开始获取 2020-07-29 的掘金全市场数据...
20260412 19:00:56- INFO-   步骤1: 调用get_symbols获取基础信息...
20260412 19:00:57- INFO-   get_symbols返回 3978 条记录
20260412 19:00:57- INFO-   过滤后剩余 3978 只股票(已剔除未上市/已退市)
20260412 19:00:57- INFO-   步骤2: 调用history批量获取数据...
20260412 19:00:57- INFO-   history批量返回 3978 条记录
20260412 19:00:57- INFO-   步骤3: 调用stk_get_daily_mktvalue_pt获取市值数据...
20260412 19:00:58- INFO-   stk_get_daily_mktvalue_pt返回 3978 条记录
20260412 19:00:58- INFO-   步骤4: 合并数据...
20260412 19:00:58- INFO-   数据合并完成,最终返回 3978 条记录, 18 个字段
20260412 19:00:58- INFO- ✓ 2020-07-29 数据获取成功: 3978 条
20260412 19:00:58- INFO- 开始获取 2020-07-30 的掘金全市场数据...
20260412 19:00:58- INFO-   步骤1: 调用get_symbols获取基础信息...
20260412 19:00:59- INFO-   get_symbols返回 3981 条记录
20260412 19:00:59- INFO-   过滤后剩余 3981 只股票(已剔除未上市/已退市)
20260412 19:00:59- INFO-   步骤2: 调用history批量获取数据...
20260412 19:00:59- INFO-   history批量返回 3981 条记录
20260412 19:00:59- INFO-   步骤3: 调用stk_get_daily_mktvalue_pt获取市值数据...
20260412 19:00:59- INFO-   stk_get_daily_mktvalue_pt返回 3981 条记录
20260412 19:00:59- INFO-   步骤4: 合并数据...
20260412 19:00:59- INFO-   数据合并完成,最终返回 3981 条记录, 18 个字段
20260412 19:00:59- INFO- ✓ 2020-07-30 数据获取成功: 3981 条
20260412 19:01:00- INFO- 开始获取 2020-07-31 的掘金全市场数据...
20260412 19:01:00- INFO-   步骤1: 调用get_symbols获取基础信息...
20260412 19:01:00- INFO-   get_symbols返回 3986 条记录
20260412 19:01:00- INFO-   过滤后剩余 3986 只股票(已剔除未上市/已退市)
20260412 19:01:00- INFO-   步骤2: 调用history批量获取数据...
20260412 19:01:00- INFO-   history批量返回 3986 条记录
20260412 19:01:00- INFO-   步骤3: 调用stk_get_daily_mktvalue_pt获取市值数据...
20260412 19:01:00- INFO-   stk_get_daily_mktvalue_pt返回 3986 条记录
20260412 19:01:00- INFO-   步骤4: 合并数据...
20260412 19:01:00- INFO-   数据合并完成,最终返回 3986 条记录, 18 个字段
20260412 19:01:00- INFO- ✓ 2020-07-31 数据获取成功: 3986 条
20260412 19:01:01- INFO- 开始获取 2020-08-03 的掘金全市场数据...
20260412 19:01:01- INFO-   步骤1: 调用get_symbols获取基础信息...
20260412 19:01:01- INFO-   get_symbols返回 3986 条记录
20260412 19:01:02- INFO-   过滤后剩余 3986 只股票(已剔除未上市/已退市)
20260412 19:01:02- INFO-   步骤2: 调用history批量获取数据...
20260412 19:01:02- INFO-   history批量返回 3986 条记录
20260412 19:01:02- INFO-   步骤3: 调用stk_get_daily_mktvalue_pt获取市值数据...
20260412 19:01:02- INFO-   stk_get_daily_mktvalue_pt返回 3986 条记录
20260412 19:01:02- INFO-   步骤4: 合并数据...
20260412 19:01:02- INFO-   数据合并完成,最终返回 3986 条记录, 18 个字段
20260412 19:01:02- INFO- ✓ 2020-08-03 数据获取成功: 3986 条
20260412 19:01:03- INFO- 开始获取 2020-08-04 的掘金全市场数据...
20260412 19:01:03- INFO-   步骤1: 调用get_symbols获取基础信息...
20260412 19:01:03- INFO-   get_symbols返回 3987 条记录
20260412 19:01:03- INFO-   过滤后剩余 3987 只股票(已剔除未上市/已退市)
20260412 19:01:03- INFO-   步骤2: 调用history批量获取数据...
20260412 19:01:03- INFO-   history批量返回 3987 条记录
20260412 19:01:03- INFO-   步骤3: 调用stk_get_daily_mktvalue_pt获取市值数据...
20260412 19:01:04- INFO-   stk_get_daily_mktvalue_pt返回 3987 条记录
20260412 19:01:04- INFO-   步骤4: 合并数据...
20260412 19:01:04- INFO-   数据合并完成,最终返回 3987 条记录, 18 个字段
20260412 19:01:04- INFO- ✓ 2020-08-04 数据获取成功: 3987 条
20260412 19:01:04- INFO- 开始获取 2020-08-05 的掘金全市场数据...
20260412 19:01:04- INFO-   步骤1: 调用get_symbols获取基础信息...
20260412 19:01:05- INFO-   get_symbols返回 3990 条记录
20260412 19:01:05- INFO-   过滤后剩余 3990 只股票(已剔除未上市/已退市)
20260412 19:01:05- INFO-   步骤2: 调用history批量获取数据...
20260412 19:01:05- INFO-   history批量返回 3990 条记录
20260412 19:01:05- INFO-   步骤3: 调用stk_get_daily_mktvalue_pt获取市值数据...
20260412 19:01:05- INFO-   stk_get_daily_mktvalue_pt返回 3990 条记录
20260412 19:01:05- INFO-   步骤4: 合并数据...
20260412 19:01:05- INFO-   数据合并完成,最终返回 3990 条记录, 18 个字段
20260412 19:01:05- INFO- ✓ 2020-08-05 数据获取成功: 3990 条
20260412 19:01:06- INFO- 开始获取 2020-08-06 的掘金全市场数据...
20260412 19:01:06- INFO-   步骤1: 调用get_symbols获取基础信息...
20260412 19:01:06- INFO-   get_symbols返回 3993 条记录
20260412 19:01:06- INFO-   过滤后剩余 3993 只股票(已剔除未上市/已退市)
20260412 19:01:06- INFO-   步骤2: 调用history批量获取数据...
20260412 19:01:07- INFO-   history批量返回 3993 条记录
20260412 19:01:07- INFO-   步骤3: 调用stk_get_daily_mktvalue_pt获取市值数据...
20260412 19:01:07- INFO-   stk_get_daily_mktvalue_pt返回 3993 条记录
20260412 19:01:07- INFO-   步骤4: 合并数据...
20260412 19:01:07- INFO-   数据合并完成,最终返回 3993 条记录, 18 个字段
20260412 19:01:07- INFO- ✓ 2020-08-06 数据获取成功: 3993 条
20260412 19:01:08- INFO- 开始获取 2020-08-07 的掘金全市场数据...
20260412 19:01:08- INFO-   步骤1: 调用get_symbols获取基础信息...
20260412 19:01:08- INFO-   get_symbols返回 3993 条记录
20260412 19:01:08- INFO-   过滤后剩余 3993 只股票(已剔除未上市/已退市)
20260412 19:01:08- INFO-   步骤2: 调用history批量获取数据...
20260412 19:01:08- INFO-   history批量返回 3993 条记录
20260412 19:01:08- INFO-   步骤3: 调用stk_get_daily_mktvalue_pt获取市值数据...
20260412 19:01:08- INFO-   stk_get_daily_mktvalue_pt返回 3993 条记录
20260412 19:01:08- INFO-   步骤4: 合并数据...
20260412 19:01:08- INFO-   数据合并完成,最终返回 3993 条记录, 18 个字段
20260412 19:01:08- INFO- ✓ 2020-08-07 数据获取成功: 3993 条
20260412 19:01:09- INFO- 开始获取 2020-08-10 的掘金全市场数据...
20260412 19:01:09- INFO-   步骤1: 调用get_symbols获取基础信息...
20260412 19:01:09- INFO-   get_symbols返回 3998 条记录
20260412 19:01:09- INFO-   过滤后剩余 3998 只股票(已剔除未上市/已退市)
20260412 19:01:09- INFO-   步骤2: 调用history批量获取数据...
20260412 19:01:10- INFO-   history批量返回 3998 条记录
20260412 19:01:10- INFO-   步骤3: 调用stk_get_daily_mktvalue_pt获取市值数据...
20260412 19:01:10- INFO-   stk_get_daily_mktvalue_pt返回 3998 条记录
20260412 19:01:10- INFO-   步骤4: 合并数据...
20260412 19:01:10- INFO-   数据合并完成,最终返回 3998 条记录, 18 个字段
20260412 19:01:10- INFO- ✓ 2020-08-10 数据获取成功: 3998 条
20260412 19:01:11- INFO- 开始获取 2020-08-11 的掘金全市场数据...
20260412 19:01:11- INFO-   步骤1: 调用get_symbols获取基础信息...
20260412 19:01:11- INFO-   get_symbols返回 3997 条记录
20260412 19:01:11- INFO-   过滤后剩余 3997 只股票(已剔除未上市/已退市)
20260412 19:01:11- INFO-   步骤2: 调用history批量获取数据...
20260412 19:01:11- INFO-   history批量返回 3997 条记录
20260412 19:01:11- INFO-   步骤3: 调用stk_get_daily_mktvalue_pt获取市值数据...
20260412 19:01:12- INFO-   stk_get_daily_mktvalue_pt返回 3997 条记录
20260412 19:01:12- INFO-   步骤4: 合并数据...
20260412 19:01:12- INFO-   数据合并完成,最终返回 3997 条记录, 18 个字段
20260412 19:01:12- INFO- ✓ 2020-08-11 数据获取成功: 3997 条
20260412 19:01:12- INFO- 开始获取 2020-08-12 的掘金全市场数据...
20260412 19:01:12- INFO-   步骤1: 调用get_symbols获取基础信息...
20260412 19:01:13- INFO-   get_symbols返回 4001 条记录
20260412 19:01:13- INFO-   过滤后剩余 4001 只股票(已剔除未上市/已退市)
20260412 19:01:13- INFO-   步骤2: 调用history批量获取数据...
20260412 19:01:13- INFO-   history批量返回 4001 条记录
20260412 19:01:13- INFO-   步骤3: 调用stk_get_daily_mktvalue_pt获取市值数据...
20260412 19:01:13- INFO-   stk_get_daily_mktvalue_pt返回 4001 条记录
20260412 19:01:13- INFO-   步骤4: 合并数据...
20260412 19:01:13- INFO-   数据合并完成,最终返回 4001 条记录, 18 个字段
20260412 19:01:13- INFO- ✓ 2020-08-12 数据获取成功: 4001 条
20260412 19:01:14- INFO- 开始获取 2020-08-13 的掘金全市场数据...
20260412 19:01:14- INFO-   步骤1: 调用get_symbols获取基础信息...
20260412 19:01:14- INFO-   get_symbols返回 4002 条记录
20260412 19:01:14- INFO-   过滤后剩余 4002 只股票(已剔除未上市/已退市)
20260412 19:01:14- INFO-   步骤2: 调用history批量获取数据...
20260412 19:01:14- INFO-   history批量返回 4002 条记录
20260412 19:01:14- INFO-   步骤3: 调用stk_get_daily_mktvalue_pt获取市值数据...
20260412 19:01:15- INFO-   stk_get_daily_mktvalue_pt返回 4002 条记录
20260412 19:01:15- INFO-   步骤4: 合并数据...
20260412 19:01:15- INFO-   数据合并完成,最终返回 4002 条记录, 18 个字段
20260412 19:01:15- INFO- ✓ 2020-08-13 数据获取成功: 4002 条
20260412 19:01:15- INFO- 开始获取 2020-08-14 的掘金全市场数据...
20260412 19:01:15- INFO-   步骤1: 调用get_symbols获取基础信息...
20260412 19:01:16- INFO-   get_symbols返回 4003 条记录
20260412 19:01:16- INFO-   过滤后剩余 4003 只股票(已剔除未上市/已退市)
20260412 19:01:16- INFO-   步骤2: 调用history批量获取数据...
20260412 19:01:16- INFO-   history批量返回 4003 条记录
20260412 19:01:16- INFO-   步骤3: 调用stk_get_daily_mktvalue_pt获取市值数据...
20260412 19:01:16- INFO-   stk_get_daily_mktvalue_pt返回 4003 条记录
20260412 19:01:16- INFO-   步骤4: 合并数据...
20260412 19:01:16- INFO-   数据合并完成,最终返回 4003 条记录, 18 个字段
20260412 19:01:16- INFO- ✓ 2020-08-14 数据获取成功: 4003 条
20260412 19:01:17- INFO- 开始获取 2020-08-17 的掘金全市场数据...
20260412 19:01:17- INFO-   步骤1: 调用get_symbols获取基础信息...
20260412 19:01:17- INFO-   get_symbols返回 4008 条记录
20260412 19:01:17- INFO-   过滤后剩余 4008 只股票(已剔除未上市/已退市)
20260412 19:01:17- INFO-   步骤2: 调用history批量获取数据...
20260412 19:01:17- INFO-   history批量返回 4008 条记录
20260412 19:01:17- INFO-   步骤3: 调用stk_get_daily_mktvalue_pt获取市值数据...
20260412 19:01:18- INFO-   stk_get_daily_mktvalue_pt返回 4008 条记录
20260412 19:01:18- INFO-   步骤4: 合并数据...
20260412 19:01:18- INFO-   数据合并完成,最终返回 4008 条记录, 18 个字段
20260412 19:01:18- INFO- ✓ 2020-08-17 数据获取成功: 4008 条
20260412 19:01:18- INFO- 开始获取 2020-08-18 的掘金全市场数据...
20260412 19:01:18- INFO-   步骤1: 调用get_symbols获取基础信息...
20260412 19:01:19- INFO-   get_symbols返回 4011 条记录
20260412 19:01:19- INFO-   过滤后剩余 4011 只股票(已剔除未上市/已退市)
20260412 19:01:19- INFO-   步骤2: 调用history批量获取数据...
20260412 19:01:19- INFO-   history批量返回 4011 条记录
20260412 19:01:19- INFO-   步骤3: 调用stk_get_daily_mktvalue_pt获取市值数据...
20260412 19:01:19- INFO-   stk_get_daily_mktvalue_pt返回 4011 条记录
20260412 19:01:19- INFO-   步骤4: 合并数据...
20260412 19:01:19- INFO-   数据合并完成,最终返回 4011 条记录, 18 个字段
20260412 19:01:19- INFO- ✓ 2020-08-18 数据获取成功: 4011 条
20260412 19:01:20- INFO- 开始获取 2020-08-19 的掘金全市场数据...
20260412 19:01:20- INFO-   步骤1: 调用get_symbols获取基础信息...
20260412 19:01:20- INFO-   get_symbols返回 4012 条记录
20260412 19:01:20- INFO-   过滤后剩余 4012 只股票(已剔除未上市/已退市)
20260412 19:01:20- INFO-   步骤2: 调用history批量获取数据...
20260412 19:01:21- INFO-   history批量返回 4012 条记录
20260412 19:01:21- INFO-   步骤3: 调用stk_get_daily_mktvalue_pt获取市值数据...
20260412 19:01:21- INFO-   stk_get_daily_mktvalue_pt返回 4012 条记录
20260412 19:01:21- INFO-   步骤4: 合并数据...
20260412 19:01:21- INFO-   数据合并完成,最终返回 4012 条记录, 18 个字段
20260412 19:01:21- INFO- ✓ 2020-08-19 数据获取成功: 4012 条
20260412 19:01:21- INFO- 开始获取 2020-08-20 的掘金全市场数据...
20260412 19:01:21- INFO-   步骤1: 调用get_symbols获取基础信息...
20260412 19:01:22- INFO-   get_symbols返回 4014 条记录
20260412 19:01:22- INFO-   过滤后剩余 4014 只股票(已剔除未上市/已退市)
20260412 19:01:22- INFO-   步骤2: 调用history批量获取数据...
20260412 19:01:22- INFO-   history批量返回 4014 条记录
20260412 19:01:22- INFO-   步骤3: 调用stk_get_daily_mktvalue_pt获取市值数据...
20260412 19:01:22- INFO-   stk_get_daily_mktvalue_pt返回 4014 条记录
20260412 19:01:22- INFO-   步骤4: 合并数据...
20260412 19:01:22- INFO-   数据合并完成,最终返回 4014 条记录, 18 个字段
20260412 19:01:22- INFO- ✓ 2020-08-20 数据获取成功: 4014 条
20260412 19:01:23- INFO- 开始获取 2020-08-21 的掘金全市场数据...
20260412 19:01:23- INFO-   步骤1: 调用get_symbols获取基础信息...
20260412 19:01:23- INFO-   get_symbols返回 4014 条记录
20260412 19:01:23- INFO-   过滤后剩余 4014 只股票(已剔除未上市/已退市)
20260412 19:01:23- INFO-   步骤2: 调用history批量获取数据...
20260412 19:01:24- INFO-   history批量返回 4014 条记录
20260412 19:01:24- INFO-   步骤3: 调用stk_get_daily_mktvalue_pt获取市值数据...
20260412 19:01:24- INFO-   stk_get_daily_mktvalue_pt返回 4014 条记录
20260412 19:01:24- INFO-   步骤4: 合并数据...
20260412 19:01:24- INFO-   数据合并完成,最终返回 4014 条记录, 18 个字段
20260412 19:01:24- INFO- ✓ 2020-08-21 数据获取成功: 4014 条
20260412 19:01:24- INFO- 开始获取 2020-08-24 的掘金全市场数据...
20260412 19:01:24- INFO-   步骤1: 调用get_symbols获取基础信息...
20260412 19:01:25- INFO-   get_symbols返回 4032 条记录
20260412 19:01:25- INFO-   过滤后剩余 4032 只股票(已剔除未上市/已退市)
20260412 19:01:25- INFO-   步骤2: 调用history批量获取数据...
20260412 19:01:25- INFO-   history批量返回 4032 条记录
20260412 19:01:25- INFO-   步骤3: 调用stk_get_daily_mktvalue_pt获取市值数据...
20260412 19:01:26- INFO-   stk_get_daily_mktvalue_pt返回 4032 条记录
20260412 19:01:26- INFO-   步骤4: 合并数据...
20260412 19:01:26- INFO-   数据合并完成,最终返回 4032 条记录, 18 个字段
20260412 19:01:26- INFO- ✓ 2020-08-24 数据获取成功: 4032 条
20260412 19:01:26- INFO- 开始获取 2020-08-25 的掘金全市场数据...
20260412 19:01:26- INFO-   步骤1: 调用get_symbols获取基础信息...
20260412 19:01:27- INFO-   get_symbols返回 4035 条记录
20260412 19:01:27- INFO-   过滤后剩余 4035 只股票(已剔除未上市/已退市)
20260412 19:01:27- INFO-   步骤2: 调用history批量获取数据...
20260412 19:01:27- INFO-   history批量返回 4035 条记录
20260412 19:01:27- INFO-   步骤3: 调用stk_get_daily_mktvalue_pt获取市值数据...
20260412 19:01:27- INFO-   stk_get_daily_mktvalue_pt返回 4035 条记录
20260412 19:01:27- INFO-   步骤4: 合并数据...
20260412 19:01:27- INFO-   数据合并完成,最终返回 4035 条记录, 18 个字段
20260412 19:01:27- INFO- ✓ 2020-08-25 数据获取成功: 4035 条
20260412 19:01:28- INFO- 开始获取 2020-08-26 的掘金全市场数据...
20260412 19:01:28- INFO-   步骤1: 调用get_symbols获取基础信息...
20260412 19:01:28- INFO-   get_symbols返回 4036 条记录
20260412 19:01:28- INFO-   过滤后剩余 4036 只股票(已剔除未上市/已退市)
20260412 19:01:28- INFO-   步骤2: 调用history批量获取数据...
20260412 19:01:28- INFO-   history批量返回 4036 条记录
20260412 19:01:28- INFO-   步骤3: 调用stk_get_daily_mktvalue_pt获取市值数据...
20260412 19:01:29- INFO-   stk_get_daily_mktvalue_pt返回 4036 条记录
20260412 19:01:29- INFO-   步骤4: 合并数据...
20260412 19:01:29- INFO-   数据合并完成,最终返回 4036 条记录, 18 个字段
20260412 19:01:29- INFO- ✓ 2020-08-26 数据获取成功: 4036 条
20260412 19:01:29- INFO- 开始获取 2020-08-27 的掘金全市场数据...
20260412 19:01:29- INFO-   步骤1: 调用get_symbols获取基础信息...
20260412 19:01:30- INFO-   get_symbols返回 4035 条记录
20260412 19:01:30- INFO-   过滤后剩余 4035 只股票(已剔除未上市/已退市)
20260412 19:01:30- INFO-   步骤2: 调用history批量获取数据...
20260412 19:01:30- INFO-   history批量返回 4035 条记录
20260412 19:01:30- INFO-   步骤3: 调用stk_get_daily_mktvalue_pt获取市值数据...
20260412 19:01:30- INFO-   stk_get_daily_mktvalue_pt返回 4035 条记录
20260412 19:01:30- INFO-   步骤4: 合并数据...
20260412 19:01:30- INFO-   数据合并完成,最终返回 4035 条记录, 18 个字段
20260412 19:01:30- INFO- ✓ 2020-08-27 数据获取成功: 4035 条
20260412 19:01:31- INFO- 开始获取 2020-08-28 的掘金全市场数据...
20260412 19:01:31- INFO-   步骤1: 调用get_symbols获取基础信息...
20260412 19:01:31- INFO-   get_symbols返回 4040 条记录
20260412 19:01:31- INFO-   过滤后剩余 4040 只股票(已剔除未上市/已退市)
20260412 19:01:31- INFO-   步骤2: 调用history批量获取数据...
20260412 19:01:31- INFO-   history批量返回 4040 条记录
20260412 19:01:31- INFO-   步骤3: 调用stk_get_daily_mktvalue_pt获取市值数据...
20260412 19:01:32- INFO-   stk_get_daily_mktvalue_pt返回 4040 条记录
20260412 19:01:32- INFO-   步骤4: 合并数据...
20260412 19:01:32- INFO-   数据合并完成,最终返回 4040 条记录, 18 个字段
20260412 19:01:32- INFO- ✓ 2020-08-28 数据获取成功: 4040 条
20260412 19:01:32- INFO- 开始获取 2020-08-31 的掘金全市场数据...
20260412 19:01:32- INFO-   步骤1: 调用get_symbols获取基础信息...
20260412 19:01:33- INFO-   get_symbols返回 4042 条记录
20260412 19:01:33- INFO-   过滤后剩余 4042 只股票(已剔除未上市/已退市)
20260412 19:01:33- INFO-   步骤2: 调用history批量获取数据...
20260412 19:01:33- INFO-   history批量返回 4042 条记录
20260412 19:01:33- INFO-   步骤3: 调用stk_get_daily_mktvalue_pt获取市值数据...
20260412 19:01:33- INFO-   stk_get_daily_mktvalue_pt返回 4042 条记录
20260412 19:01:33- INFO-   步骤4: 合并数据...
20260412 19:01:33- INFO-   数据合并完成,最终返回 4042 条记录, 18 个字段
20260412 19:01:33- INFO- ✓ 2020-08-31 数据获取成功: 4042 条
20260412 19:01:34- INFO- 开始获取 2020-09-01 的掘金全市场数据...
20260412 19:01:34- INFO-   步骤1: 调用get_symbols获取基础信息...
20260412 19:01:34- INFO-   get_symbols返回 4045 条记录
20260412 19:01:34- INFO-   过滤后剩余 4045 只股票(已剔除未上市/已退市)
20260412 19:01:34- INFO-   步骤2: 调用history批量获取数据...
20260412 19:01:34- INFO-   history批量返回 4045 条记录
20260412 19:01:34- INFO-   步骤3: 调用stk_get_daily_mktvalue_pt获取市值数据...
20260412 19:01:35- INFO-   stk_get_daily_mktvalue_pt返回 4045 条记录
20260412 19:01:35- INFO-   步骤4: 合并数据...
20260412 19:01:35- INFO-   数据合并完成,最终返回 4045 条记录, 18 个字段
20260412 19:01:35- INFO- ✓ 2020-09-01 数据获取成功: 4045 条
20260412 19:01:35- INFO- 开始获取 2020-09-02 的掘金全市场数据...
20260412 19:01:35- INFO-   步骤1: 调用get_symbols获取基础信息...
20260412 19:01:36- INFO-   get_symbols返回 4049 条记录
20260412 19:01:36- INFO-   过滤后剩余 4049 只股票(已剔除未上市/已退市)
20260412 19:01:36- INFO-   步骤2: 调用history批量获取数据...
20260412 19:01:36- INFO-   history批量返回 4049 条记录
20260412 19:01:36- INFO-   步骤3: 调用stk_get_daily_mktvalue_pt获取市值数据...
20260412 19:01:36- INFO-   stk_get_daily_mktvalue_pt返回 4049 条记录
20260412 19:01:36- INFO-   步骤4: 合并数据...
20260412 19:01:36- INFO-   数据合并完成,最终返回 4049 条记录, 18 个字段
20260412 19:01:36- INFO- ✓ 2020-09-02 数据获取成功: 4049 条
20260412 19:01:37- INFO- 开始获取 2020-09-03 的掘金全市场数据...
20260412 19:01:37- INFO-   步骤1: 调用get_symbols获取基础信息...
20260412 19:01:37- INFO-   get_symbols返回 4053 条记录
20260412 19:01:38- INFO-   过滤后剩余 4053 只股票(已剔除未上市/已退市)
20260412 19:01:38- INFO-   步骤2: 调用history批量获取数据...
20260412 19:01:38- INFO-   history批量返回 4053 条记录
20260412 19:01:38- INFO-   步骤3: 调用stk_get_daily_mktvalue_pt获取市值数据...
20260412 19:01:38- INFO-   stk_get_daily_mktvalue_pt返回 4053 条记录
20260412 19:01:38- INFO-   步骤4: 合并数据...
20260412 19:01:38- INFO-   数据合并完成,最终返回 4053 条记录, 18 个字段
20260412 19:01:38- INFO- ✓ 2020-09-03 数据获取成功: 4053 条
20260412 19:01:39- INFO- 开始获取 2020-09-04 的掘金全市场数据...
20260412 19:01:39- INFO-   步骤1: 调用get_symbols获取基础信息...
20260412 19:01:39- INFO-   get_symbols返回 4050 条记录
20260412 19:01:39- INFO-   过滤后剩余 4050 只股票(已剔除未上市/已退市)
20260412 19:01:39- INFO-   步骤2: 调用history批量获取数据...
20260412 19:01:39- INFO-   history批量返回 4050 条记录
20260412 19:01:39- INFO-   步骤3: 调用stk_get_daily_mktvalue_pt获取市值数据...
20260412 19:01:39- INFO-   stk_get_daily_mktvalue_pt返回 4050 条记录
20260412 19:01:39- INFO-   步骤4: 合并数据...
20260412 19:01:39- INFO-   数据合并完成,最终返回 4050 条记录, 18 个字段
20260412 19:01:39- INFO- ✓ 2020-09-04 数据获取成功: 4050 条
20260412 19:01:40- INFO- 开始获取 2020-09-07 的掘金全市场数据...
20260412 19:01:40- INFO-   步骤1: 调用get_symbols获取基础信息...
20260412 19:01:41- INFO-   get_symbols返回 4050 条记录
20260412 19:01:41- INFO-   过滤后剩余 4050 只股票(已剔除未上市/已退市)
20260412 19:01:41- INFO-   步骤2: 调用history批量获取数据...
20260412 19:01:41- INFO-   history批量返回 4050 条记录
20260412 19:01:41- INFO-   步骤3: 调用stk_get_daily_mktvalue_pt获取市值数据...
20260412 19:01:41- INFO-   stk_get_daily_mktvalue_pt返回 4050 条记录
20260412 19:01:41- INFO-   步骤4: 合并数据...
20260412 19:01:41- INFO-   数据合并完成,最终返回 4050 条记录, 18 个字段
20260412 19:01:41- INFO- ✓ 2020-09-07 数据获取成功: 4050 条
20260412 19:01:42- INFO- 开始获取 2020-09-08 的掘金全市场数据...
20260412 19:01:42- INFO-   步骤1: 调用get_symbols获取基础信息...
20260412 19:01:42- INFO-   get_symbols返回 4054 条记录
20260412 19:01:42- INFO-   过滤后剩余 4054 只股票(已剔除未上市/已退市)
20260412 19:01:42- INFO-   步骤2: 调用history批量获取数据...
20260412 19:01:42- INFO-   history批量返回 4054 条记录
20260412 19:01:42- INFO-   步骤3: 调用stk_get_daily_mktvalue_pt获取市值数据...
20260412 19:01:43- INFO-   stk_get_daily_mktvalue_pt返回 4054 条记录
20260412 19:01:43- INFO-   步骤4: 合并数据...
20260412 19:01:43- INFO-   数据合并完成,最终返回 4054 条记录, 18 个字段
20260412 19:01:43- INFO- ✓ 2020-09-08 数据获取成功: 4054 条
20260412 19:01:43- INFO- 开始获取 2020-09-09 的掘金全市场数据...
20260412 19:01:43- INFO-   步骤1: 调用get_symbols获取基础信息...
20260412 19:01:44- INFO-   get_symbols返回 4048 条记录
20260412 19:01:44- INFO-   过滤后剩余 4048 只股票(已剔除未上市/已退市)
20260412 19:01:44- INFO-   步骤2: 调用history批量获取数据...
20260412 19:01:44- INFO-   history批量返回 4048 条记录
20260412 19:01:44- INFO-   步骤3: 调用stk_get_daily_mktvalue_pt获取市值数据...
20260412 19:01:44- INFO-   stk_get_daily_mktvalue_pt返回 4048 条记录
20260412 19:01:44- INFO-   步骤4: 合并数据...
20260412 19:01:44- INFO-   数据合并完成,最终返回 4048 条记录, 18 个字段
20260412 19:01:44- INFO- ✓ 2020-09-09 数据获取成功: 4048 条
20260412 19:01:45- INFO- 开始获取 2020-09-10 的掘金全市场数据...
20260412 19:01:45- INFO-   步骤1: 调用get_symbols获取基础信息...
20260412 19:01:45- INFO-   get_symbols返回 4054 条记录
20260412 19:01:45- INFO-   过滤后剩余 4054 只股票(已剔除未上市/已退市)
20260412 19:01:45- INFO-   步骤2: 调用history批量获取数据...
20260412 19:01:45- INFO-   history批量返回 4054 条记录
20260412 19:01:45- INFO-   步骤3: 调用stk_get_daily_mktvalue_pt获取市值数据...
20260412 19:01:46- INFO-   stk_get_daily_mktvalue_pt返回 4054 条记录
20260412 19:01:46- INFO-   步骤4: 合并数据...
20260412 19:01:46- INFO-   数据合并完成,最终返回 4054 条记录, 18 个字段
20260412 19:01:46- INFO- ✓ 2020-09-10 数据获取成功: 4054 条
20260412 19:01:46- INFO- 开始获取 2020-09-11 的掘金全市场数据...
20260412 19:01:46- INFO-   步骤1: 调用get_symbols获取基础信息...
20260412 19:01:47- INFO-   get_symbols返回 4057 条记录
20260412 19:01:47- INFO-   过滤后剩余 4057 只股票(已剔除未上市/已退市)
20260412 19:01:47- INFO-   步骤2: 调用history批量获取数据...
20260412 19:01:47- INFO-   history批量返回 4057 条记录
20260412 19:01:47- INFO-   步骤3: 调用stk_get_daily_mktvalue_pt获取市值数据...
20260412 19:01:47- INFO-   stk_get_daily_mktvalue_pt返回 4057 条记录
20260412 19:01:47- INFO-   步骤4: 合并数据...
20260412 19:01:47- INFO-   数据合并完成,最终返回 4057 条记录, 18 个字段
20260412 19:01:47- INFO- ✓ 2020-09-11 数据获取成功: 4057 条
20260412 19:01:48- INFO- 开始获取 2020-09-14 的掘金全市场数据...
20260412 19:01:48- INFO-   步骤1: 调用get_symbols获取基础信息...
20260412 19:01:48- INFO-   get_symbols返回 4054 条记录
20260412 19:01:48- INFO-   过滤后剩余 4054 只股票(已剔除未上市/已退市)
20260412 19:01:48- INFO-   步骤2: 调用history批量获取数据...
20260412 19:01:48- INFO-   history批量返回 4054 条记录
20260412 19:01:48- INFO-   步骤3: 调用stk_get_daily_mktvalue_pt获取市值数据...
20260412 19:01:49- INFO-   stk_get_daily_mktvalue_pt返回 4054 条记录
20260412 19:01:49- INFO-   步骤4: 合并数据...
20260412 19:01:49- INFO-   数据合并完成,最终返回 4054 条记录, 18 个字段
20260412 19:01:49- INFO- ✓ 2020-09-14 数据获取成功: 4054 条
20260412 19:01:49- INFO- 开始获取 2020-09-15 的掘金全市场数据...
20260412 19:01:49- INFO-   步骤1: 调用get_symbols获取基础信息...
20260412 19:01:50- INFO-   get_symbols返回 4060 条记录
20260412 19:01:50- INFO-   过滤后剩余 4060 只股票(已剔除未上市/已退市)
20260412 19:01:50- INFO-   步骤2: 调用history批量获取数据...
20260412 19:01:50- INFO-   history批量返回 4060 条记录
20260412 19:01:50- INFO-   步骤3: 调用stk_get_daily_mktvalue_pt获取市值数据...
20260412 19:01:50- INFO-   stk_get_daily_mktvalue_pt返回 4060 条记录
20260412 19:01:50- INFO-   步骤4: 合并数据...
20260412 19:01:50- INFO-   数据合并完成,最终返回 4060 条记录, 18 个字段
20260412 19:01:50- INFO- ✓ 2020-09-15 数据获取成功: 4060 条
20260412 19:01:51- INFO- 开始获取 2020-09-16 的掘金全市场数据...
20260412 19:01:51- INFO-   步骤1: 调用get_symbols获取基础信息...
20260412 19:01:51- INFO-   get_symbols返回 4064 条记录
20260412 19:01:51- INFO-   过滤后剩余 4064 只股票(已剔除未上市/已退市)
20260412 19:01:51- INFO-   步骤2: 调用history批量获取数据...
20260412 19:01:51- INFO-   history批量返回 4064 条记录
20260412 19:01:51- INFO-   步骤3: 调用stk_get_daily_mktvalue_pt获取市值数据...
20260412 19:01:52- INFO-   stk_get_daily_mktvalue_pt返回 4064 条记录
20260412 19:01:52- INFO-   步骤4: 合并数据...
20260412 19:01:52- INFO-   数据合并完成,最终返回 4064 条记录, 18 个字段
20260412 19:01:52- INFO- ✓ 2020-09-16 数据获取成功: 4064 条
20260412 19:01:52- INFO- 开始获取 2020-09-17 的掘金全市场数据...
20260412 19:01:52- INFO-   步骤1: 调用get_symbols获取基础信息...
20260412 19:01:53- INFO-   get_symbols返回 4069 条记录
20260412 19:01:53- INFO-   过滤后剩余 4069 只股票(已剔除未上市/已退市)
20260412 19:01:53- INFO-   步骤2: 调用history批量获取数据...
20260412 19:01:53- INFO-   history批量返回 4069 条记录
20260412 19:01:53- INFO-   步骤3: 调用stk_get_daily_mktvalue_pt获取市值数据...
20260412 19:01:53- INFO-   stk_get_daily_mktvalue_pt返回 4069 条记录
20260412 19:01:53- INFO-   步骤4: 合并数据...
20260412 19:01:53- INFO-   数据合并完成,最终返回 4069 条记录, 18 个字段
20260412 19:01:53- INFO- ✓ 2020-09-17 数据获取成功: 4069 条
20260412 19:01:54- INFO- 开始获取 2020-09-18 的掘金全市场数据...
20260412 19:01:54- INFO-   步骤1: 调用get_symbols获取基础信息...
20260412 19:01:54- INFO-   get_symbols返回 4076 条记录
20260412 19:01:54- INFO-   过滤后剩余 4076 只股票(已剔除未上市/已退市)
20260412 19:01:54- INFO-   步骤2: 调用history批量获取数据...
20260412 19:01:54- INFO-   history批量返回 4076 条记录
20260412 19:01:54- INFO-   步骤3: 调用stk_get_daily_mktvalue_pt获取市值数据...
20260412 19:01:55- INFO-   stk_get_daily_mktvalue_pt返回 4076 条记录
20260412 19:01:55- INFO-   步骤4: 合并数据...
20260412 19:01:55- INFO-   数据合并完成,最终返回 4076 条记录, 18 个字段
20260412 19:01:55- INFO- ✓ 2020-09-18 数据获取成功: 4076 条
20260412 19:01:55- INFO- 开始获取 2020-09-21 的掘金全市场数据...
20260412 19:01:55- INFO-   步骤1: 调用get_symbols获取基础信息...
20260412 19:01:56- INFO-   get_symbols返回 4077 条记录
20260412 19:01:56- INFO-   过滤后剩余 4077 只股票(已剔除未上市/已退市)
20260412 19:01:56- INFO-   步骤2: 调用history批量获取数据...
20260412 19:01:56- INFO-   history批量返回 4077 条记录
20260412 19:01:56- INFO-   步骤3: 调用stk_get_daily_mktvalue_pt获取市值数据...
20260412 19:01:56- INFO-   stk_get_daily_mktvalue_pt返回 4077 条记录
20260412 19:01:56- INFO-   步骤4: 合并数据...
20260412 19:01:56- INFO-   数据合并完成,最终返回 4077 条记录, 18 个字段
20260412 19:01:56- INFO- ✓ 2020-09-21 数据获取成功: 4077 条
20260412 19:01:57- INFO- 开始获取 2020-09-22 的掘金全市场数据...
20260412 19:01:57- INFO-   步骤1: 调用get_symbols获取基础信息...
20260412 19:01:57- INFO-   get_symbols返回 4085 条记录
20260412 19:01:57- INFO-   过滤后剩余 4085 只股票(已剔除未上市/已退市)
20260412 19:01:57- INFO-   步骤2: 调用history批量获取数据...
20260412 19:01:57- INFO-   history批量返回 4085 条记录
20260412 19:01:57- INFO-   步骤3: 调用stk_get_daily_mktvalue_pt获取市值数据...
20260412 19:01:58- INFO-   stk_get_daily_mktvalue_pt返回 4085 条记录
20260412 19:01:58- INFO-   步骤4: 合并数据...
20260412 19:01:58- INFO-   数据合并完成,最终返回 4085 条记录, 18 个字段
20260412 19:01:58- INFO- ✓ 2020-09-22 数据获取成功: 4085 条
20260412 19:01:58- INFO- 开始获取 2020-09-23 的掘金全市场数据...
20260412 19:01:58- INFO-   步骤1: 调用get_symbols获取基础信息...
20260412 19:01:59- INFO-   get_symbols返回 4085 条记录
20260412 19:01:59- INFO-   过滤后剩余 4085 只股票(已剔除未上市/已退市)
20260412 19:01:59- INFO-   步骤2: 调用history批量获取数据...
20260412 19:01:59- INFO-   history批量返回 4085 条记录
20260412 19:01:59- INFO-   步骤3: 调用stk_get_daily_mktvalue_pt获取市值数据...
20260412 19:01:59- INFO-   stk_get_daily_mktvalue_pt返回 4085 条记录
20260412 19:01:59- INFO-   步骤4: 合并数据...
20260412 19:01:59- INFO-   数据合并完成,最终返回 4085 条记录, 18 个字段
20260412 19:01:59- INFO- ✓ 2020-09-23 数据获取成功: 4085 条
20260412 19:02:00- INFO- 开始获取 2020-09-24 的掘金全市场数据...
20260412 19:02:00- INFO-   步骤1: 调用get_symbols获取基础信息...
20260412 19:02:00- INFO-   get_symbols返回 4089 条记录
20260412 19:02:00- INFO-   过滤后剩余 4089 只股票(已剔除未上市/已退市)
20260412 19:02:00- INFO-   步骤2: 调用history批量获取数据...
20260412 19:02:01- INFO-   history批量返回 4089 条记录
20260412 19:02:01- INFO-   步骤3: 调用stk_get_daily_mktvalue_pt获取市值数据...
20260412 19:02:01- INFO-   stk_get_daily_mktvalue_pt返回 4089 条记录
20260412 19:02:01- INFO-   步骤4: 合并数据...
20260412 19:02:01- INFO-   数据合并完成,最终返回 4089 条记录, 18 个字段
20260412 19:02:01- INFO- ✓ 2020-09-24 数据获取成功: 4089 条
20260412 19:02:01- INFO- 开始获取 2020-09-25 的掘金全市场数据...
20260412 19:02:01- INFO-   步骤1: 调用get_symbols获取基础信息...
20260412 19:02:02- INFO-   get_symbols返回 4095 条记录
20260412 19:02:02- INFO-   过滤后剩余 4095 只股票(已剔除未上市/已退市)
20260412 19:02:02- INFO-   步骤2: 调用history批量获取数据...
20260412 19:02:02- INFO-   history批量返回 4095 条记录
20260412 19:02:02- INFO-   步骤3: 调用stk_get_daily_mktvalue_pt获取市值数据...
20260412 19:02:04- INFO-   stk_get_daily_mktvalue_pt返回 4095 条记录
20260412 19:02:04- INFO-   步骤4: 合并数据...
20260412 19:02:04- INFO-   数据合并完成,最终返回 4095 条记录, 18 个字段
20260412 19:02:04- INFO- ✓ 2020-09-25 数据获取成功: 4095 条
20260412 19:02:04- INFO- 开始获取 2020-09-28 的掘金全市场数据...
20260412 19:02:04- INFO-   步骤1: 调用get_symbols获取基础信息...
20260412 19:02:05- INFO-   get_symbols返回 4098 条记录
20260412 19:02:05- INFO-   过滤后剩余 4098 只股票(已剔除未上市/已退市)
20260412 19:02:05- INFO-   步骤2: 调用history批量获取数据...
20260412 19:02:05- INFO-   history批量返回 4098 条记录
20260412 19:02:05- INFO-   步骤3: 调用stk_get_daily_mktvalue_pt获取市值数据...
20260412 19:02:05- INFO-   stk_get_daily_mktvalue_pt返回 4098 条记录
20260412 19:02:05- INFO-   步骤4: 合并数据...
20260412 19:02:05- INFO-   数据合并完成,最终返回 4098 条记录, 18 个字段
20260412 19:02:05- INFO- ✓ 2020-09-28 数据获取成功: 4098 条
20260412 19:02:06- INFO- 开始获取 2020-09-29 的掘金全市场数据...
20260412 19:02:06- INFO-   步骤1: 调用get_symbols获取基础信息...
20260412 19:02:06- INFO-   get_symbols返回 4104 条记录
20260412 19:02:06- INFO-   过滤后剩余 4104 只股票(已剔除未上市/已退市)
20260412 19:02:06- INFO-   步骤2: 调用history批量获取数据...
20260412 19:02:07- INFO-   history批量返回 4104 条记录
20260412 19:02:07- INFO-   步骤3: 调用stk_get_daily_mktvalue_pt获取市值数据...
20260412 19:02:07- INFO-   stk_get_daily_mktvalue_pt返回 4104 条记录
20260412 19:02:07- INFO-   步骤4: 合并数据...
20260412 19:02:07- INFO-   数据合并完成,最终返回 4104 条记录, 18 个字段
20260412 19:02:07- INFO- ✓ 2020-09-29 数据获取成功: 4104 条
20260412 19:02:07- INFO- 开始获取 2020-09-30 的掘金全市场数据...
20260412 19:02:07- INFO-   步骤1: 调用get_symbols获取基础信息...
20260412 19:02:08- INFO-   get_symbols返回 4107 条记录
20260412 19:02:08- INFO-   过滤后剩余 4107 只股票(已剔除未上市/已退市)
20260412 19:02:08- INFO-   步骤2: 调用history批量获取数据...
20260412 19:02:08- INFO-   history批量返回 4107 条记录
20260412 19:02:08- INFO-   步骤3: 调用stk_get_daily_mktvalue_pt获取市值数据...
20260412 19:02:08- INFO-   stk_get_daily_mktvalue_pt返回 4107 条记录
20260412 19:02:08- INFO-   步骤4: 合并数据...
20260412 19:02:08- INFO-   数据合并完成,最终返回 4107 条记录, 18 个字段
20260412 19:02:08- INFO- ✓ 2020-09-30 数据获取成功: 4107 条
20260412 19:02:09- INFO- 开始获取 2020-10-01 的掘金全市场数据...
20260412 19:02:09- INFO-   步骤1: 调用get_symbols获取基础信息...
20260412 19:02:09- WARNING- 2020-10-01 get_symbols返回空数据
20260412 19:02:09- WARNING- ✗ 2020-10-01 无数据
20260412 19:02:09- INFO- 开始获取 2020-10-02 的掘金全市场数据...
20260412 19:02:09- INFO-   步骤1: 调用get_symbols获取基础信息...
20260412 19:02:10- WARNING- 2020-10-02 get_symbols返回空数据
20260412 19:02:10- WARNING- ✗ 2020-10-02 无数据
20260412 19:02:10- INFO- 开始获取 2020-10-05 的掘金全市场数据...
20260412 19:02:10- INFO-   步骤1: 调用get_symbols获取基础信息...
20260412 19:02:10- WARNING- 2020-10-05 get_symbols返回空数据
20260412 19:02:10- WARNING- ✗ 2020-10-05 无数据
20260412 19:02:11- INFO- 开始获取 2020-10-06 的掘金全市场数据...
20260412 19:02:11- INFO-   步骤1: 调用get_symbols获取基础信息...
20260412 19:02:11- WARNING- 2020-10-06 get_symbols返回空数据
20260412 19:02:11- WARNING- ✗ 2020-10-06 无数据
20260412 19:02:12- INFO- 开始获取 2020-10-07 的掘金全市场数据...
20260412 19:02:12- INFO-   步骤1: 调用get_symbols获取基础信息...
20260412 19:02:12- WARNING- 2020-10-07 get_symbols返回空数据
20260412 19:02:12- WARNING- ✗ 2020-10-07 无数据
20260412 19:02:12- INFO- 开始获取 2020-10-08 的掘金全市场数据...
20260412 19:02:12- INFO-   步骤1: 调用get_symbols获取基础信息...
20260412 19:02:13- WARNING- 2020-10-08 get_symbols返回空数据
20260412 19:02:13- WARNING- ✗ 2020-10-08 无数据
20260412 19:02:13- INFO- 开始获取 2020-10-09 的掘金全市场数据...
20260412 19:02:13- INFO-   步骤1: 调用get_symbols获取基础信息...
20260412 19:02:14- INFO-   get_symbols返回 4110 条记录
20260412 19:02:14- INFO-   过滤后剩余 4110 只股票(已剔除未上市/已退市)
20260412 19:02:14- INFO-   步骤2: 调用history批量获取数据...
20260412 19:02:14- INFO-   history批量返回 4110 条记录
20260412 19:02:14- INFO-   步骤3: 调用stk_get_daily_mktvalue_pt获取市值数据...
20260412 19:02:14- INFO-   stk_get_daily_mktvalue_pt返回 4110 条记录
20260412 19:02:14- INFO-   步骤4: 合并数据...
20260412 19:02:14- INFO-   数据合并完成,最终返回 4110 条记录, 18 个字段
20260412 19:02:14- INFO- ✓ 2020-10-09 数据获取成功: 4110 条
20260412 19:02:15- INFO- 开始获取 2020-10-12 的掘金全市场数据...
20260412 19:02:15- INFO-   步骤1: 调用get_symbols获取基础信息...
20260412 19:02:15- INFO-   get_symbols返回 4109 条记录
20260412 19:02:15- INFO-   过滤后剩余 4109 只股票(已剔除未上市/已退市)
20260412 19:02:15- INFO-   步骤2: 调用history批量获取数据...
20260412 19:02:16- INFO-   history批量返回 4109 条记录
20260412 19:02:16- INFO-   步骤3: 调用stk_get_daily_mktvalue_pt获取市值数据...
20260412 19:02:16- INFO-   stk_get_daily_mktvalue_pt返回 4109 条记录
20260412 19:02:16- INFO-   步骤4: 合并数据...
20260412 19:02:16- INFO-   数据合并完成,最终返回 4109 条记录, 18 个字段
20260412 19:02:16- INFO- ✓ 2020-10-12 数据获取成功: 4109 条
20260412 19:02:16- INFO- 开始获取 2020-10-13 的掘金全市场数据...
20260412 19:02:16- INFO-   步骤1: 调用get_symbols获取基础信息...
20260412 19:02:17- INFO-   get_symbols返回 4114 条记录
20260412 19:02:17- INFO-   过滤后剩余 4114 只股票(已剔除未上市/已退市)
20260412 19:02:17- INFO-   步骤2: 调用history批量获取数据...
20260412 19:02:17- INFO-   history批量返回 4114 条记录
20260412 19:02:17- INFO-   步骤3: 调用stk_get_daily_mktvalue_pt获取市值数据...
20260412 19:02:17- INFO-   stk_get_daily_mktvalue_pt返回 4114 条记录
20260412 19:02:17- INFO-   步骤4: 合并数据...
20260412 19:02:17- INFO-   数据合并完成,最终返回 4114 条记录, 18 个字段
20260412 19:02:17- INFO- ✓ 2020-10-13 数据获取成功: 4114 条
20260412 19:02:18- INFO- 开始获取 2020-10-14 的掘金全市场数据...
20260412 19:02:18- INFO-   步骤1: 调用get_symbols获取基础信息...
20260412 19:02:19- INFO-   get_symbols返回 4112 条记录
20260412 19:02:19- INFO-   过滤后剩余 4112 只股票(已剔除未上市/已退市)
20260412 19:02:19- INFO-   步骤2: 调用history批量获取数据...
20260412 19:02:19- INFO-   history批量返回 4112 条记录
20260412 19:02:19- INFO-   步骤3: 调用stk_get_daily_mktvalue_pt获取市值数据...
20260412 19:02:19- INFO-   stk_get_daily_mktvalue_pt返回 4112 条记录
20260412 19:02:19- INFO-   步骤4: 合并数据...
20260412 19:02:19- INFO-   数据合并完成,最终返回 4112 条记录, 18 个字段
20260412 19:02:19- INFO- ✓ 2020-10-14 数据获取成功: 4112 条
20260412 19:02:20- INFO- 开始获取 2020-10-15 的掘金全市场数据...
20260412 19:02:20- INFO-   步骤1: 调用get_symbols获取基础信息...
20260412 19:02:20- INFO-   get_symbols返回 4114 条记录
20260412 19:02:20- INFO-   过滤后剩余 4114 只股票(已剔除未上市/已退市)
20260412 19:02:20- INFO-   步骤2: 调用history批量获取数据...
20260412 19:02:20- INFO-   history批量返回 4114 条记录
20260412 19:02:20- INFO-   步骤3: 调用stk_get_daily_mktvalue_pt获取市值数据...
20260412 19:02:21- INFO-   stk_get_daily_mktvalue_pt返回 4114 条记录
20260412 19:02:21- INFO-   步骤4: 合并数据...
20260412 19:02:21- INFO-   数据合并完成,最终返回 4114 条记录, 18 个字段
20260412 19:02:21- INFO- ✓ 2020-10-15 数据获取成功: 4114 条
20260412 19:02:21- INFO- 开始获取 2020-10-16 的掘金全市场数据...
20260412 19:02:21- INFO-   步骤1: 调用get_symbols获取基础信息...
20260412 19:02:22- INFO-   get_symbols返回 4116 条记录
20260412 19:02:22- INFO-   过滤后剩余 4116 只股票(已剔除未上市/已退市)
20260412 19:02:22- INFO-   步骤2: 调用history批量获取数据...
20260412 19:02:22- INFO-   history批量返回 4116 条记录
20260412 19:02:22- INFO-   步骤3: 调用stk_get_daily_mktvalue_pt获取市值数据...
20260412 19:02:22- INFO-   stk_get_daily_mktvalue_pt返回 4116 条记录
20260412 19:02:22- INFO-   步骤4: 合并数据...
20260412 19:02:22- INFO-   数据合并完成,最终返回 4116 条记录, 18 个字段
20260412 19:02:22- INFO- ✓ 2020-10-16 数据获取成功: 4116 条
20260412 19:02:23- INFO- 开始获取 2020-10-19 的掘金全市场数据...
20260412 19:02:23- INFO-   步骤1: 调用get_symbols获取基础信息...
20260412 19:02:23- INFO-   get_symbols返回 4119 条记录
20260412 19:02:23- INFO-   过滤后剩余 4119 只股票(已剔除未上市/已退市)
20260412 19:02:23- INFO-   步骤2: 调用history批量获取数据...
20260412 19:02:23- INFO-   history批量返回 4119 条记录
20260412 19:02:23- INFO-   步骤3: 调用stk_get_daily_mktvalue_pt获取市值数据...
20260412 19:02:24- INFO-   stk_get_daily_mktvalue_pt返回 4119 条记录
20260412 19:02:24- INFO-   步骤4: 合并数据...
20260412 19:02:24- INFO-   数据合并完成,最终返回 4119 条记录, 18 个字段
20260412 19:02:24- INFO- ✓ 2020-10-19 数据获取成功: 4119 条
20260412 19:02:24- INFO- 开始获取 2020-10-20 的掘金全市场数据...
20260412 19:02:24- INFO-   步骤1: 调用get_symbols获取基础信息...
20260412 19:02:25- INFO-   get_symbols返回 4120 条记录
20260412 19:02:25- INFO-   过滤后剩余 4120 只股票(已剔除未上市/已退市)
20260412 19:02:25- INFO-   步骤2: 调用history批量获取数据...
20260412 19:02:25- INFO-   history批量返回 4120 条记录
20260412 19:02:25- INFO-   步骤3: 调用stk_get_daily_mktvalue_pt获取市值数据...
20260412 19:02:25- INFO-   stk_get_daily_mktvalue_pt返回 4120 条记录
20260412 19:02:25- INFO-   步骤4: 合并数据...
20260412 19:02:25- INFO-   数据合并完成,最终返回 4120 条记录, 18 个字段
20260412 19:02:25- INFO- ✓ 2020-10-20 数据获取成功: 4120 条
20260412 19:02:26- INFO- 开始获取 2020-10-21 的掘金全市场数据...
20260412 19:02:26- INFO-   步骤1: 调用get_symbols获取基础信息...
20260412 19:02:26- INFO-   get_symbols返回 4121 条记录
20260412 19:02:26- INFO-   过滤后剩余 4121 只股票(已剔除未上市/已退市)
20260412 19:02:26- INFO-   步骤2: 调用history批量获取数据...
20260412 19:02:26- INFO-   history批量返回 4121 条记录
20260412 19:02:26- INFO-   步骤3: 调用stk_get_daily_mktvalue_pt获取市值数据...
20260412 19:02:27- INFO-   stk_get_daily_mktvalue_pt返回 4121 条记录
20260412 19:02:27- INFO-   步骤4: 合并数据...
20260412 19:02:27- INFO-   数据合并完成,最终返回 4121 条记录, 18 个字段
20260412 19:02:27- INFO- ✓ 2020-10-21 数据获取成功: 4121 条
20260412 19:02:27- INFO- 开始获取 2020-10-22 的掘金全市场数据...
20260412 19:02:27- INFO-   步骤1: 调用get_symbols获取基础信息...
20260412 19:02:28- INFO-   get_symbols返回 4125 条记录
20260412 19:02:28- INFO-   过滤后剩余 4125 只股票(已剔除未上市/已退市)
20260412 19:02:28- INFO-   步骤2: 调用history批量获取数据...
20260412 19:02:28- INFO-   history批量返回 4125 条记录
20260412 19:02:28- INFO-   步骤3: 调用stk_get_daily_mktvalue_pt获取市值数据...
20260412 19:02:28- INFO-   stk_get_daily_mktvalue_pt返回 4125 条记录
20260412 19:02:28- INFO-   步骤4: 合并数据...
20260412 19:02:28- INFO-   数据合并完成,最终返回 4125 条记录, 18 个字段
20260412 19:02:28- INFO- ✓ 2020-10-22 数据获取成功: 4125 条
20260412 19:02:29- INFO- 开始获取 2020-10-23 的掘金全市场数据...
20260412 19:02:29- INFO-   步骤1: 调用get_symbols获取基础信息...
20260412 19:02:29- INFO-   get_symbols返回 4127 条记录
20260412 19:02:29- INFO-   过滤后剩余 4127 只股票(已剔除未上市/已退市)
20260412 19:02:29- INFO-   步骤2: 调用history批量获取数据...
20260412 19:02:29- INFO-   history批量返回 4127 条记录
20260412 19:02:29- INFO-   步骤3: 调用stk_get_daily_mktvalue_pt获取市值数据...
20260412 19:02:30- INFO-   stk_get_daily_mktvalue_pt返回 4127 条记录
20260412 19:02:30- INFO-   步骤4: 合并数据...
20260412 19:02:30- INFO-   数据合并完成,最终返回 4127 条记录, 18 个字段
20260412 19:02:30- INFO- ✓ 2020-10-23 数据获取成功: 4127 条
20260412 19:02:30- INFO- 开始获取 2020-10-26 的掘金全市场数据...
20260412 19:02:30- INFO-   步骤1: 调用get_symbols获取基础信息...
20260412 19:02:31- INFO-   get_symbols返回 4128 条记录
20260412 19:02:31- INFO-   过滤后剩余 4128 只股票(已剔除未上市/已退市)
20260412 19:02:31- INFO-   步骤2: 调用history批量获取数据...
20260412 19:02:31- INFO-   history批量返回 4128 条记录
20260412 19:02:31- INFO-   步骤3: 调用stk_get_daily_mktvalue_pt获取市值数据...
20260412 19:02:31- INFO-   stk_get_daily_mktvalue_pt返回 4128 条记录
20260412 19:02:31- INFO-   步骤4: 合并数据...
20260412 19:02:31- INFO-   数据合并完成,最终返回 4128 条记录, 18 个字段
20260412 19:02:31- INFO- ✓ 2020-10-26 数据获取成功: 4128 条
20260412 19:02:32- INFO- 开始获取 2020-10-27 的掘金全市场数据...
20260412 19:02:32- INFO-   步骤1: 调用get_symbols获取基础信息...
20260412 19:02:32- INFO-   get_symbols返回 4128 条记录
20260412 19:02:32- INFO-   过滤后剩余 4128 只股票(已剔除未上市/已退市)
20260412 19:02:32- INFO-   步骤2: 调用history批量获取数据...
20260412 19:02:32- INFO-   history批量返回 4128 条记录
20260412 19:02:32- INFO-   步骤3: 调用stk_get_daily_mktvalue_pt获取市值数据...
20260412 19:02:33- INFO-   stk_get_daily_mktvalue_pt返回 4128 条记录
20260412 19:02:33- INFO-   步骤4: 合并数据...
20260412 19:02:33- INFO-   数据合并完成,最终返回 4128 条记录, 18 个字段
20260412 19:02:33- INFO- ✓ 2020-10-27 数据获取成功: 4128 条
20260412 19:02:33- INFO- 开始获取 2020-10-28 的掘金全市场数据...
20260412 19:02:33- INFO-   步骤1: 调用get_symbols获取基础信息...
20260412 19:02:34- INFO-   get_symbols返回 4129 条记录
20260412 19:02:34- INFO-   过滤后剩余 4129 只股票(已剔除未上市/已退市)
20260412 19:02:34- INFO-   步骤2: 调用history批量获取数据...
20260412 19:02:34- INFO-   history批量返回 4129 条记录
20260412 19:02:34- INFO-   步骤3: 调用stk_get_daily_mktvalue_pt获取市值数据...
20260412 19:02:34- INFO-   stk_get_daily_mktvalue_pt返回 4129 条记录
20260412 19:02:34- INFO-   步骤4: 合并数据...
20260412 19:02:34- INFO-   数据合并完成,最终返回 4129 条记录, 18 个字段
20260412 19:02:34- INFO- ✓ 2020-10-28 数据获取成功: 4129 条
20260412 19:02:35- INFO- 开始获取 2020-10-29 的掘金全市场数据...
20260412 19:02:35- INFO-   步骤1: 调用get_symbols获取基础信息...
20260412 19:02:35- INFO-   get_symbols返回 4135 条记录
20260412 19:02:35- INFO-   过滤后剩余 4135 只股票(已剔除未上市/已退市)
20260412 19:02:35- INFO-   步骤2: 调用history批量获取数据...
20260412 19:02:36- INFO-   history批量返回 4135 条记录
20260412 19:02:36- INFO-   步骤3: 调用stk_get_daily_mktvalue_pt获取市值数据...
20260412 19:02:36- INFO-   stk_get_daily_mktvalue_pt返回 4135 条记录
20260412 19:02:36- INFO-   步骤4: 合并数据...
20260412 19:02:36- INFO-   数据合并完成,最终返回 4135 条记录, 18 个字段
20260412 19:02:36- INFO- ✓ 2020-10-29 数据获取成功: 4135 条
20260412 19:02:36- INFO- 开始获取 2020-10-30 的掘金全市场数据...
20260412 19:02:36- INFO-   步骤1: 调用get_symbols获取基础信息...
20260412 19:02:37- INFO-   get_symbols返回 4136 条记录
20260412 19:02:37- INFO-   过滤后剩余 4136 只股票(已剔除未上市/已退市)
20260412 19:02:37- INFO-   步骤2: 调用history批量获取数据...
20260412 19:02:37- INFO-   history批量返回 4136 条记录
20260412 19:02:37- INFO-   步骤3: 调用stk_get_daily_mktvalue_pt获取市值数据...
20260412 19:02:37- INFO-   stk_get_daily_mktvalue_pt返回 4136 条记录
20260412 19:02:37- INFO-   步骤4: 合并数据...
20260412 19:02:37- INFO-   数据合并完成,最终返回 4136 条记录, 18 个字段
20260412 19:02:37- INFO- ✓ 2020-10-30 数据获取成功: 4136 条
20260412 19:02:38- INFO- 开始获取 2020-11-02 的掘金全市场数据...
20260412 19:02:38- INFO-   步骤1: 调用get_symbols获取基础信息...
20260412 19:02:38- INFO-   get_symbols返回 4136 条记录
20260412 19:02:38- INFO-   过滤后剩余 4136 只股票(已剔除未上市/已退市)
20260412 19:02:38- INFO-   步骤2: 调用history批量获取数据...
20260412 19:02:39- INFO-   history批量返回 4136 条记录
20260412 19:02:39- INFO-   步骤3: 调用stk_get_daily_mktvalue_pt获取市值数据...
20260412 19:02:39- INFO-   stk_get_daily_mktvalue_pt返回 4136 条记录
20260412 19:02:39- INFO-   步骤4: 合并数据...
20260412 19:02:39- INFO-   数据合并完成,最终返回 4136 条记录, 18 个字段
20260412 19:02:39- INFO- ✓ 2020-11-02 数据获取成功: 4136 条
20260412 19:02:39- INFO- 开始获取 2020-11-03 的掘金全市场数据...
20260412 19:02:39- INFO-   步骤1: 调用get_symbols获取基础信息...
20260412 19:02:40- INFO-   get_symbols返回 4136 条记录
20260412 19:02:40- INFO-   过滤后剩余 4136 只股票(已剔除未上市/已退市)
20260412 19:02:40- INFO-   步骤2: 调用history批量获取数据...
20260412 19:02:40- INFO-   history批量返回 4136 条记录
20260412 19:02:40- INFO-   步骤3: 调用stk_get_daily_mktvalue_pt获取市值数据...
20260412 19:04:57- INFO-   stk_get_daily_mktvalue_pt返回 4136 条记录
20260412 19:04:57- INFO-   步骤4: 合并数据...
20260412 19:04:57- INFO-   数据合并完成,最终返回 4136 条记录, 18 个字段
20260412 19:04:57- INFO- ✓ 2020-11-03 数据获取成功: 4136 条
20260412 19:04:57- INFO- 开始获取 2020-11-04 的掘金全市场数据...
20260412 19:04:57- INFO-   步骤1: 调用get_symbols获取基础信息...
20260412 19:04:58- INFO-   get_symbols返回 4137 条记录
20260412 19:04:58- INFO-   过滤后剩余 4137 只股票(已剔除未上市/已退市)
20260412 19:04:58- INFO-   步骤2: 调用history批量获取数据...
20260412 19:04:58- INFO-   history批量返回 4137 条记录
20260412 19:04:58- INFO-   步骤3: 调用stk_get_daily_mktvalue_pt获取市值数据...
20260412 19:05:00- INFO-   stk_get_daily_mktvalue_pt返回 4137 条记录
20260412 19:05:00- INFO-   步骤4: 合并数据...
20260412 19:05:00- INFO-   数据合并完成,最终返回 4137 条记录, 18 个字段
20260412 19:05:00- INFO- ✓ 2020-11-04 数据获取成功: 4137 条
20260412 19:05:00- INFO- 开始获取 2020-11-05 的掘金全市场数据...
20260412 19:05:00- INFO-   步骤1: 调用get_symbols获取基础信息...
20260412 19:05:01- INFO-   get_symbols返回 4140 条记录
20260412 19:05:01- INFO-   过滤后剩余 4140 只股票(已剔除未上市/已退市)
20260412 19:05:01- INFO-   步骤2: 调用history批量获取数据...
20260412 19:05:01- INFO-   history批量返回 4140 条记录
20260412 19:05:01- INFO-   步骤3: 调用stk_get_daily_mktvalue_pt获取市值数据...
20260412 19:05:02- INFO-   stk_get_daily_mktvalue_pt返回 4140 条记录
20260412 19:05:02- INFO-   步骤4: 合并数据...
20260412 19:05:02- INFO-   数据合并完成,最终返回 4140 条记录, 18 个字段
20260412 19:05:02- INFO- ✓ 2020-11-05 数据获取成功: 4140 条
20260412 19:05:02- INFO- 开始获取 2020-11-06 的掘金全市场数据...
20260412 19:05:02- INFO-   步骤1: 调用get_symbols获取基础信息...
20260412 19:05:03- INFO-   get_symbols返回 4141 条记录
20260412 19:05:03- INFO-   过滤后剩余 4141 只股票(已剔除未上市/已退市)
20260412 19:05:03- INFO-   步骤2: 调用history批量获取数据...
20260412 19:05:03- INFO-   history批量返回 4141 条记录
20260412 19:05:03- INFO-   步骤3: 调用stk_get_daily_mktvalue_pt获取市值数据...
20260412 19:05:03- INFO-   stk_get_daily_mktvalue_pt返回 4141 条记录
20260412 19:05:03- INFO-   步骤4: 合并数据...
20260412 19:05:03- INFO-   数据合并完成,最终返回 4141 条记录, 18 个字段
20260412 19:05:03- INFO- ✓ 2020-11-06 数据获取成功: 4141 条
20260412 19:05:04- INFO- 开始获取 2020-11-09 的掘金全市场数据...
20260412 19:05:04- INFO-   步骤1: 调用get_symbols获取基础信息...
20260412 19:05:04- INFO-   get_symbols返回 4148 条记录
20260412 19:05:04- INFO-   过滤后剩余 4148 只股票(已剔除未上市/已退市)
20260412 19:05:04- INFO-   步骤2: 调用history批量获取数据...
20260412 19:05:05- INFO-   history批量返回 4148 条记录
20260412 19:05:05- INFO-   步骤3: 调用stk_get_daily_mktvalue_pt获取市值数据...
20260412 19:05:05- INFO-   stk_get_daily_mktvalue_pt返回 4148 条记录
20260412 19:05:05- INFO-   步骤4: 合并数据...
20260412 19:05:05- INFO-   数据合并完成,最终返回 4148 条记录, 18 个字段
20260412 19:05:05- INFO- ✓ 2020-11-09 数据获取成功: 4148 条
20260412 19:05:06- INFO- 开始获取 2020-11-10 的掘金全市场数据...
20260412 19:05:06- INFO-   步骤1: 调用get_symbols获取基础信息...
20260412 19:05:06- INFO-   get_symbols返回 4149 条记录
20260412 19:05:06- INFO-   过滤后剩余 4149 只股票(已剔除未上市/已退市)
20260412 19:05:06- INFO-   步骤2: 调用history批量获取数据...
20260412 19:05:06- INFO-   history批量返回 4149 条记录
20260412 19:05:06- INFO-   步骤3: 调用stk_get_daily_mktvalue_pt获取市值数据...
20260412 19:05:07- INFO-   stk_get_daily_mktvalue_pt返回 4149 条记录
20260412 19:05:07- INFO-   步骤4: 合并数据...
20260412 19:05:07- INFO-   数据合并完成,最终返回 4149 条记录, 18 个字段
20260412 19:05:07- INFO- ✓ 2020-11-10 数据获取成功: 4149 条
20260412 19:05:07- INFO- 开始获取 2020-11-11 的掘金全市场数据...
20260412 19:05:07- INFO-   步骤1: 调用get_symbols获取基础信息...
20260412 19:05:08- INFO-   get_symbols返回 4151 条记录
20260412 19:05:08- INFO-   过滤后剩余 4151 只股票(已剔除未上市/已退市)
20260412 19:05:08- INFO-   步骤2: 调用history批量获取数据...
20260412 19:05:08- INFO-   history批量返回 4151 条记录
20260412 19:05:08- INFO-   步骤3: 调用stk_get_daily_mktvalue_pt获取市值数据...
20260412 19:05:08- INFO-   stk_get_daily_mktvalue_pt返回 4151 条记录
20260412 19:05:08- INFO-   步骤4: 合并数据...
20260412 19:05:08- INFO-   数据合并完成,最终返回 4151 条记录, 18 个字段
20260412 19:05:08- INFO- ✓ 2020-11-11 数据获取成功: 4151 条
20260412 19:05:09- INFO- 开始获取 2020-11-12 的掘金全市场数据...
20260412 19:05:09- INFO-   步骤1: 调用get_symbols获取基础信息...
20260412 19:05:09- INFO-   get_symbols返回 4154 条记录
20260412 19:05:09- INFO-   过滤后剩余 4154 只股票(已剔除未上市/已退市)
20260412 19:05:09- INFO-   步骤2: 调用history批量获取数据...
20260412 19:05:10- INFO-   history批量返回 4154 条记录
20260412 19:05:10- INFO-   步骤3: 调用stk_get_daily_mktvalue_pt获取市值数据...
20260412 19:05:10- INFO-   stk_get_daily_mktvalue_pt返回 4154 条记录
20260412 19:05:10- INFO-   步骤4: 合并数据...
20260412 19:05:10- INFO-   数据合并完成,最终返回 4154 条记录, 18 个字段
20260412 19:05:10- INFO- ✓ 2020-11-12 数据获取成功: 4154 条
20260412 19:05:10- INFO- 开始获取 2020-11-13 的掘金全市场数据...
20260412 19:05:10- INFO-   步骤1: 调用get_symbols获取基础信息...
20260412 19:05:11- INFO-   get_symbols返回 4150 条记录
20260412 19:05:11- INFO-   过滤后剩余 4150 只股票(已剔除未上市/已退市)
20260412 19:05:11- INFO-   步骤2: 调用history批量获取数据...
20260412 19:05:11- INFO-   history批量返回 4150 条记录
20260412 19:05:11- INFO-   步骤3: 调用stk_get_daily_mktvalue_pt获取市值数据...
20260412 19:05:11- INFO-   stk_get_daily_mktvalue_pt返回 4150 条记录
20260412 19:05:11- INFO-   步骤4: 合并数据...
20260412 19:05:11- INFO-   数据合并完成,最终返回 4150 条记录, 18 个字段
20260412 19:05:11- INFO- ✓ 2020-11-13 数据获取成功: 4150 条
20260412 19:05:12- INFO- 开始获取 2020-11-16 的掘金全市场数据...
20260412 19:05:12- INFO-   步骤1: 调用get_symbols获取基础信息...
20260412 19:05:12- INFO-   get_symbols返回 4152 条记录
20260412 19:05:12- INFO-   过滤后剩余 4152 只股票(已剔除未上市/已退市)
20260412 19:05:12- INFO-   步骤2: 调用history批量获取数据...
20260412 19:05:13- INFO-   history批量返回 4152 条记录
20260412 19:05:13- INFO-   步骤3: 调用stk_get_daily_mktvalue_pt获取市值数据...
20260412 19:05:13- INFO-   stk_get_daily_mktvalue_pt返回 4152 条记录
20260412 19:05:13- INFO-   步骤4: 合并数据...
20260412 19:05:13- INFO-   数据合并完成,最终返回 4152 条记录, 18 个字段
20260412 19:05:13- INFO- ✓ 2020-11-16 数据获取成功: 4152 条
20260412 19:05:13- INFO- 开始获取 2020-11-17 的掘金全市场数据...
20260412 19:05:13- INFO-   步骤1: 调用get_symbols获取基础信息...
20260412 19:05:14- INFO-   get_symbols返回 4154 条记录
20260412 19:05:14- INFO-   过滤后剩余 4154 只股票(已剔除未上市/已退市)
20260412 19:05:14- INFO-   步骤2: 调用history批量获取数据...
20260412 19:05:14- INFO-   history批量返回 4154 条记录
20260412 19:05:14- INFO-   步骤3: 调用stk_get_daily_mktvalue_pt获取市值数据...
20260412 19:05:14- INFO-   stk_get_daily_mktvalue_pt返回 4154 条记录
20260412 19:05:14- INFO-   步骤4: 合并数据...
20260412 19:05:15- INFO-   数据合并完成,最终返回 4154 条记录, 18 个字段
20260412 19:05:15- INFO- ✓ 2020-11-17 数据获取成功: 4154 条
20260412 19:05:15- INFO- 开始获取 2020-11-18 的掘金全市场数据...
20260412 19:05:15- INFO-   步骤1: 调用get_symbols获取基础信息...
20260412 19:05:16- INFO-   get_symbols返回 4158 条记录
20260412 19:05:16- INFO-   过滤后剩余 4158 只股票(已剔除未上市/已退市)
20260412 19:05:16- INFO-   步骤2: 调用history批量获取数据...
20260412 19:05:16- INFO-   history批量返回 4158 条记录
20260412 19:05:16- INFO-   步骤3: 调用stk_get_daily_mktvalue_pt获取市值数据...
20260412 19:05:16- INFO-   stk_get_daily_mktvalue_pt返回 4158 条记录
20260412 19:05:16- INFO-   步骤4: 合并数据...
20260412 19:05:16- INFO-   数据合并完成,最终返回 4158 条记录, 18 个字段
20260412 19:05:16- INFO- ✓ 2020-11-18 数据获取成功: 4158 条
20260412 19:05:17- INFO- 开始获取 2020-11-19 的掘金全市场数据...
20260412 19:05:17- INFO-   步骤1: 调用get_symbols获取基础信息...
20260412 19:05:17- INFO-   get_symbols返回 4157 条记录
20260412 19:05:17- INFO-   过滤后剩余 4157 只股票(已剔除未上市/已退市)
20260412 19:05:17- INFO-   步骤2: 调用history批量获取数据...
20260412 19:05:17- INFO-   history批量返回 4157 条记录
20260412 19:05:17- INFO-   步骤3: 调用stk_get_daily_mktvalue_pt获取市值数据...
20260412 19:05:18- INFO-   stk_get_daily_mktvalue_pt返回 4157 条记录
20260412 19:05:18- INFO-   步骤4: 合并数据...
20260412 19:05:18- INFO-   数据合并完成,最终返回 4157 条记录, 18 个字段
20260412 19:05:18- INFO- ✓ 2020-11-19 数据获取成功: 4157 条
20260412 19:05:18- INFO- 开始获取 2020-11-20 的掘金全市场数据...
20260412 19:05:18- INFO-   步骤1: 调用get_symbols获取基础信息...
20260412 19:05:19- INFO-   get_symbols返回 4157 条记录
20260412 19:05:19- INFO-   过滤后剩余 4157 只股票(已剔除未上市/已退市)
20260412 19:05:19- INFO-   步骤2: 调用history批量获取数据...
20260412 19:05:19- INFO-   history批量返回 4157 条记录
20260412 19:05:19- INFO-   步骤3: 调用stk_get_daily_mktvalue_pt获取市值数据...
20260412 19:05:19- INFO-   stk_get_daily_mktvalue_pt返回 4157 条记录
20260412 19:05:19- INFO-   步骤4: 合并数据...
20260412 19:05:19- INFO-   数据合并完成,最终返回 4157 条记录, 18 个字段
20260412 19:05:19- INFO- ✓ 2020-11-20 数据获取成功: 4157 条
20260412 19:05:20- INFO- 开始获取 2020-11-23 的掘金全市场数据...
20260412 19:05:20- INFO-   步骤1: 调用get_symbols获取基础信息...
20260412 19:05:20- INFO-   get_symbols返回 4158 条记录
20260412 19:05:20- INFO-   过滤后剩余 4158 只股票(已剔除未上市/已退市)
20260412 19:05:20- INFO-   步骤2: 调用history批量获取数据...
20260412 19:05:20- INFO-   history批量返回 4158 条记录
20260412 19:05:20- INFO-   步骤3: 调用stk_get_daily_mktvalue_pt获取市值数据...
20260412 19:05:21- INFO-   stk_get_daily_mktvalue_pt返回 4158 条记录
20260412 19:05:21- INFO-   步骤4: 合并数据...
20260412 19:05:21- INFO-   数据合并完成,最终返回 4158 条记录, 18 个字段
20260412 19:05:21- INFO- ✓ 2020-11-23 数据获取成功: 4158 条
20260412 19:05:21- INFO- 开始获取 2020-11-24 的掘金全市场数据...
20260412 19:05:21- INFO-   步骤1: 调用get_symbols获取基础信息...
20260412 19:05:22- INFO-   get_symbols返回 4157 条记录
20260412 19:05:22- INFO-   过滤后剩余 4157 只股票(已剔除未上市/已退市)
20260412 19:05:22- INFO-   步骤2: 调用history批量获取数据...
20260412 19:05:22- INFO-   history批量返回 4157 条记录
20260412 19:05:22- INFO-   步骤3: 调用stk_get_daily_mktvalue_pt获取市值数据...
20260412 19:05:22- INFO-   stk_get_daily_mktvalue_pt返回 4157 条记录
20260412 19:05:22- INFO-   步骤4: 合并数据...
20260412 19:05:22- INFO-   数据合并完成,最终返回 4157 条记录, 18 个字段
20260412 19:05:22- INFO- ✓ 2020-11-24 数据获取成功: 4157 条
20260412 19:05:23- INFO- 开始获取 2020-11-25 的掘金全市场数据...
20260412 19:05:23- INFO-   步骤1: 调用get_symbols获取基础信息...
20260412 19:05:23- INFO-   get_symbols返回 4156 条记录
20260412 19:05:23- INFO-   过滤后剩余 4156 只股票(已剔除未上市/已退市)
20260412 19:05:23- INFO-   步骤2: 调用history批量获取数据...
20260412 19:05:24- INFO-   history批量返回 4156 条记录
20260412 19:05:24- INFO-   步骤3: 调用stk_get_daily_mktvalue_pt获取市值数据...
20260412 19:05:25- INFO-   stk_get_daily_mktvalue_pt返回 4156 条记录
20260412 19:05:25- INFO-   步骤4: 合并数据...
20260412 19:05:25- INFO-   数据合并完成,最终返回 4156 条记录, 18 个字段
20260412 19:05:25- INFO- ✓ 2020-11-25 数据获取成功: 4156 条
20260412 19:05:26- INFO- 开始获取 2020-11-26 的掘金全市场数据...
20260412 19:05:26- INFO-   步骤1: 调用get_symbols获取基础信息...
20260412 19:05:26- INFO-   get_symbols返回 4160 条记录
20260412 19:05:26- INFO-   过滤后剩余 4160 只股票(已剔除未上市/已退市)
20260412 19:05:26- INFO-   步骤2: 调用history批量获取数据...
20260412 19:05:27- INFO-   history批量返回 4160 条记录
20260412 19:05:27- INFO-   步骤3: 调用stk_get_daily_mktvalue_pt获取市值数据...
20260412 19:05:27- INFO-   stk_get_daily_mktvalue_pt返回 4160 条记录
20260412 19:05:27- INFO-   步骤4: 合并数据...
20260412 19:05:27- INFO-   数据合并完成,最终返回 4160 条记录, 18 个字段
20260412 19:05:27- INFO- ✓ 2020-11-26 数据获取成功: 4160 条
20260412 19:05:27- INFO- 开始获取 2020-11-27 的掘金全市场数据...
20260412 19:05:27- INFO-   步骤1: 调用get_symbols获取基础信息...
20260412 19:05:28- INFO-   get_symbols返回 4161 条记录
20260412 19:05:28- INFO-   过滤后剩余 4161 只股票(已剔除未上市/已退市)
20260412 19:05:28- INFO-   步骤2: 调用history批量获取数据...
20260412 19:05:28- INFO-   history批量返回 4161 条记录
20260412 19:05:28- INFO-   步骤3: 调用stk_get_daily_mktvalue_pt获取市值数据...
20260412 19:05:28- INFO-   stk_get_daily_mktvalue_pt返回 4161 条记录
20260412 19:05:28- INFO-   步骤4: 合并数据...
20260412 19:05:28- INFO-   数据合并完成,最终返回 4161 条记录, 18 个字段
20260412 19:05:28- INFO- ✓ 2020-11-27 数据获取成功: 4161 条
20260412 19:05:29- INFO- 开始获取 2020-11-30 的掘金全市场数据...
20260412 19:05:29- INFO-   步骤1: 调用get_symbols获取基础信息...
20260412 19:05:29- INFO-   get_symbols返回 4159 条记录
20260412 19:05:29- INFO-   过滤后剩余 4159 只股票(已剔除未上市/已退市)
20260412 19:05:29- INFO-   步骤2: 调用history批量获取数据...
20260412 19:05:30- INFO-   history批量返回 4159 条记录
20260412 19:05:30- INFO-   步骤3: 调用stk_get_daily_mktvalue_pt获取市值数据...
20260412 19:05:30- INFO-   stk_get_daily_mktvalue_pt返回 4159 条记录
20260412 19:05:30- INFO-   步骤4: 合并数据...
20260412 19:05:30- INFO-   数据合并完成,最终返回 4159 条记录, 18 个字段
20260412 19:05:30- INFO- ✓ 2020-11-30 数据获取成功: 4159 条
20260412 19:05:30- INFO- 开始获取 2020-12-01 的掘金全市场数据...
20260412 19:05:30- INFO-   步骤1: 调用get_symbols获取基础信息...
20260412 19:05:31- INFO-   get_symbols返回 4161 条记录
20260412 19:05:31- INFO-   过滤后剩余 4161 只股票(已剔除未上市/已退市)
20260412 19:05:31- INFO-   步骤2: 调用history批量获取数据...
20260412 19:05:31- INFO-   history批量返回 4161 条记录
20260412 19:05:31- INFO-   步骤3: 调用stk_get_daily_mktvalue_pt获取市值数据...
20260412 19:05:32- INFO-   stk_get_daily_mktvalue_pt返回 4161 条记录
20260412 19:05:32- INFO-   步骤4: 合并数据...
20260412 19:05:32- INFO-   数据合并完成,最终返回 4161 条记录, 18 个字段
20260412 19:05:32- INFO- ✓ 2020-12-01 数据获取成功: 4161 条
20260412 19:05:32- INFO- 开始获取 2020-12-02 的掘金全市场数据...
20260412 19:05:32- INFO-   步骤1: 调用get_symbols获取基础信息...
20260412 19:05:33- INFO-   get_symbols返回 4161 条记录
20260412 19:05:33- INFO-   过滤后剩余 4161 只股票(已剔除未上市/已退市)
20260412 19:05:33- INFO-   步骤2: 调用history批量获取数据...
20260412 19:05:33- INFO-   history批量返回 4161 条记录
20260412 19:05:33- INFO-   步骤3: 调用stk_get_daily_mktvalue_pt获取市值数据...
20260412 19:05:33- INFO-   stk_get_daily_mktvalue_pt返回 4161 条记录
20260412 19:05:33- INFO-   步骤4: 合并数据...
20260412 19:05:33- INFO-   数据合并完成,最终返回 4161 条记录, 18 个字段
20260412 19:05:33- INFO- ✓ 2020-12-02 数据获取成功: 4161 条
20260412 19:05:34- INFO- 开始获取 2020-12-03 的掘金全市场数据...
20260412 19:05:34- INFO-   步骤1: 调用get_symbols获取基础信息...
20260412 19:05:34- INFO-   get_symbols返回 4164 条记录
20260412 19:05:34- INFO-   过滤后剩余 4164 只股票(已剔除未上市/已退市)
20260412 19:05:34- INFO-   步骤2: 调用history批量获取数据...
20260412 19:05:34- INFO-   history批量返回 4164 条记录
20260412 19:05:34- INFO-   步骤3: 调用stk_get_daily_mktvalue_pt获取市值数据...
20260412 19:05:35- INFO-   stk_get_daily_mktvalue_pt返回 4164 条记录
20260412 19:05:35- INFO-   步骤4: 合并数据...
20260412 19:05:35- INFO-   数据合并完成,最终返回 4164 条记录, 18 个字段
20260412 19:05:35- INFO- ✓ 2020-12-03 数据获取成功: 4164 条
20260412 19:05:35- INFO- 开始获取 2020-12-04 的掘金全市场数据...
20260412 19:05:35- INFO-   步骤1: 调用get_symbols获取基础信息...
20260412 19:05:36- INFO-   get_symbols返回 4164 条记录
20260412 19:05:36- INFO-   过滤后剩余 4164 只股票(已剔除未上市/已退市)
20260412 19:05:36- INFO-   步骤2: 调用history批量获取数据...
20260412 19:05:36- INFO-   history批量返回 4164 条记录
20260412 19:05:36- INFO-   步骤3: 调用stk_get_daily_mktvalue_pt获取市值数据...
20260412 19:05:36- INFO-   stk_get_daily_mktvalue_pt返回 4164 条记录
20260412 19:05:36- INFO-   步骤4: 合并数据...
20260412 19:05:36- INFO-   数据合并完成,最终返回 4164 条记录, 18 个字段
20260412 19:05:36- INFO- ✓ 2020-12-04 数据获取成功: 4164 条
20260412 19:05:37- INFO- 开始获取 2020-12-07 的掘金全市场数据...
20260412 19:05:37- INFO-   步骤1: 调用get_symbols获取基础信息...
20260412 19:05:37- INFO-   get_symbols返回 4166 条记录
20260412 19:05:37- INFO-   过滤后剩余 4166 只股票(已剔除未上市/已退市)
20260412 19:05:37- INFO-   步骤2: 调用history批量获取数据...
20260412 19:05:37- INFO-   history批量返回 4166 条记录
20260412 19:05:37- INFO-   步骤3: 调用stk_get_daily_mktvalue_pt获取市值数据...
20260412 19:05:38- INFO-   stk_get_daily_mktvalue_pt返回 4166 条记录
20260412 19:05:38- INFO-   步骤4: 合并数据...
20260412 19:05:38- INFO-   数据合并完成,最终返回 4166 条记录, 18 个字段
20260412 19:05:38- INFO- ✓ 2020-12-07 数据获取成功: 4166 条
20260412 19:05:38- INFO- 开始获取 2020-12-08 的掘金全市场数据...
20260412 19:05:38- INFO-   步骤1: 调用get_symbols获取基础信息...
20260412 19:05:39- INFO-   get_symbols返回 4171 条记录
20260412 19:05:39- INFO-   过滤后剩余 4171 只股票(已剔除未上市/已退市)
20260412 19:05:39- INFO-   步骤2: 调用history批量获取数据...
20260412 19:05:39- INFO-   history批量返回 4171 条记录
20260412 19:05:39- INFO-   步骤3: 调用stk_get_daily_mktvalue_pt获取市值数据...
20260412 19:05:39- INFO-   stk_get_daily_mktvalue_pt返回 4171 条记录
20260412 19:05:39- INFO-   步骤4: 合并数据...
20260412 19:05:39- INFO-   数据合并完成,最终返回 4171 条记录, 18 个字段
20260412 19:05:39- INFO- ✓ 2020-12-08 数据获取成功: 4171 条
20260412 19:05:40- INFO- 开始获取 2020-12-09 的掘金全市场数据...
20260412 19:05:40- INFO-   步骤1: 调用get_symbols获取基础信息...
20260412 19:05:40- INFO-   get_symbols返回 4171 条记录
20260412 19:05:40- INFO-   过滤后剩余 4171 只股票(已剔除未上市/已退市)
20260412 19:05:40- INFO-   步骤2: 调用history批量获取数据...
20260412 19:05:41- INFO-   history批量返回 4171 条记录
20260412 19:05:41- INFO-   步骤3: 调用stk_get_daily_mktvalue_pt获取市值数据...
20260412 19:05:41- INFO-   stk_get_daily_mktvalue_pt返回 4171 条记录
20260412 19:05:41- INFO-   步骤4: 合并数据...
20260412 19:05:41- INFO-   数据合并完成,最终返回 4171 条记录, 18 个字段
20260412 19:05:41- INFO- ✓ 2020-12-09 数据获取成功: 4171 条
20260412 19:05:41- INFO- 开始获取 2020-12-10 的掘金全市场数据...
20260412 19:05:41- INFO-   步骤1: 调用get_symbols获取基础信息...
20260412 19:05:42- INFO-   get_symbols返回 4172 条记录
20260412 19:05:42- INFO-   过滤后剩余 4172 只股票(已剔除未上市/已退市)
20260412 19:05:42- INFO-   步骤2: 调用history批量获取数据...
20260412 19:05:42- INFO-   history批量返回 4172 条记录
20260412 19:05:42- INFO-   步骤3: 调用stk_get_daily_mktvalue_pt获取市值数据...
20260412 19:05:42- INFO-   stk_get_daily_mktvalue_pt返回 4172 条记录
20260412 19:05:42- INFO-   步骤4: 合并数据...
20260412 19:05:42- INFO-   数据合并完成,最终返回 4172 条记录, 18 个字段
20260412 19:05:42- INFO- ✓ 2020-12-10 数据获取成功: 4172 条
20260412 19:05:43- INFO- 开始获取 2020-12-11 的掘金全市场数据...
20260412 19:05:43- INFO-   步骤1: 调用get_symbols获取基础信息...
20260412 19:05:44- INFO-   get_symbols返回 4175 条记录
20260412 19:05:44- INFO-   过滤后剩余 4175 只股票(已剔除未上市/已退市)
20260412 19:05:44- INFO-   步骤2: 调用history批量获取数据...
20260412 19:05:44- INFO-   history批量返回 4175 条记录
20260412 19:05:44- INFO-   步骤3: 调用stk_get_daily_mktvalue_pt获取市值数据...
20260412 19:05:44- INFO-   stk_get_daily_mktvalue_pt返回 4175 条记录
20260412 19:05:44- INFO-   步骤4: 合并数据...
20260412 19:05:44- INFO-   数据合并完成,最终返回 4175 条记录, 18 个字段
20260412 19:05:44- INFO- ✓ 2020-12-11 数据获取成功: 4175 条
20260412 19:05:44- INFO- 开始获取 2020-12-14 的掘金全市场数据...
20260412 19:05:45- INFO-   步骤1: 调用get_symbols获取基础信息...
20260412 19:05:45- INFO-   get_symbols返回 4178 条记录
20260412 19:05:45- INFO-   过滤后剩余 4178 只股票(已剔除未上市/已退市)
20260412 19:05:45- INFO-   步骤2: 调用history批量获取数据...
20260412 19:05:45- INFO-   history批量返回 4178 条记录
20260412 19:05:45- INFO-   步骤3: 调用stk_get_daily_mktvalue_pt获取市值数据...
20260412 19:05:46- INFO-   stk_get_daily_mktvalue_pt返回 4178 条记录
20260412 19:05:46- INFO-   步骤4: 合并数据...
20260412 19:05:46- INFO-   数据合并完成,最终返回 4178 条记录, 18 个字段
20260412 19:05:46- INFO- ✓ 2020-12-14 数据获取成功: 4178 条
20260412 19:05:46- INFO- 开始获取 2020-12-15 的掘金全市场数据...
20260412 19:05:46- INFO-   步骤1: 调用get_symbols获取基础信息...
20260412 19:05:47- INFO-   get_symbols返回 4181 条记录
20260412 19:05:47- INFO-   过滤后剩余 4181 只股票(已剔除未上市/已退市)
20260412 19:05:47- INFO-   步骤2: 调用history批量获取数据...
20260412 19:05:47- INFO-   history批量返回 4181 条记录
20260412 19:05:47- INFO-   步骤3: 调用stk_get_daily_mktvalue_pt获取市值数据...
20260412 19:05:47- INFO-   stk_get_daily_mktvalue_pt返回 4181 条记录
20260412 19:05:47- INFO-   步骤4: 合并数据...
20260412 19:05:47- INFO-   数据合并完成,最终返回 4181 条记录, 18 个字段
20260412 19:05:47- INFO- ✓ 2020-12-15 数据获取成功: 4181 条
20260412 19:05:48- INFO- 开始获取 2020-12-16 的掘金全市场数据...
20260412 19:05:48- INFO-   步骤1: 调用get_symbols获取基础信息...
20260412 19:05:48- INFO-   get_symbols返回 4184 条记录
20260412 19:05:48- INFO-   过滤后剩余 4184 只股票(已剔除未上市/已退市)
20260412 19:05:48- INFO-   步骤2: 调用history批量获取数据...
20260412 19:05:49- INFO-   history批量返回 4184 条记录
20260412 19:05:49- INFO-   步骤3: 调用stk_get_daily_mktvalue_pt获取市值数据...
20260412 19:05:49- INFO-   stk_get_daily_mktvalue_pt返回 4184 条记录
20260412 19:05:49- INFO-   步骤4: 合并数据...
20260412 19:05:49- INFO-   数据合并完成,最终返回 4184 条记录, 18 个字段
20260412 19:05:49- INFO- ✓ 2020-12-16 数据获取成功: 4184 条
20260412 19:05:49- INFO- 开始获取 2020-12-17 的掘金全市场数据...
20260412 19:05:49- INFO-   步骤1: 调用get_symbols获取基础信息...
20260412 19:05:50- INFO-   get_symbols返回 4184 条记录
20260412 19:05:50- INFO-   过滤后剩余 4184 只股票(已剔除未上市/已退市)
20260412 19:05:50- INFO-   步骤2: 调用history批量获取数据...
20260412 19:05:50- INFO-   history批量返回 4184 条记录
20260412 19:05:50- INFO-   步骤3: 调用stk_get_daily_mktvalue_pt获取市值数据...
20260412 19:05:51- INFO-   stk_get_daily_mktvalue_pt返回 4184 条记录
20260412 19:05:51- INFO-   步骤4: 合并数据...
20260412 19:05:51- INFO-   数据合并完成,最终返回 4184 条记录, 18 个字段
20260412 19:05:51- INFO- ✓ 2020-12-17 数据获取成功: 4184 条
20260412 19:05:51- INFO- 开始获取 2020-12-18 的掘金全市场数据...
20260412 19:05:51- INFO-   步骤1: 调用get_symbols获取基础信息...
20260412 19:05:52- INFO-   get_symbols返回 4187 条记录
20260412 19:05:52- INFO-   过滤后剩余 4187 只股票(已剔除未上市/已退市)
20260412 19:05:52- INFO-   步骤2: 调用history批量获取数据...
20260412 19:05:52- INFO-   history批量返回 4187 条记录
20260412 19:05:52- INFO-   步骤3: 调用stk_get_daily_mktvalue_pt获取市值数据...
20260412 19:05:52- INFO-   stk_get_daily_mktvalue_pt返回 4187 条记录
20260412 19:05:52- INFO-   步骤4: 合并数据...
20260412 19:05:52- INFO-   数据合并完成,最终返回 4187 条记录, 18 个字段
20260412 19:05:52- INFO- ✓ 2020-12-18 数据获取成功: 4187 条
20260412 19:05:53- INFO- 开始获取 2020-12-21 的掘金全市场数据...
20260412 19:05:53- INFO-   步骤1: 调用get_symbols获取基础信息...
20260412 19:05:53- INFO-   get_symbols返回 4188 条记录
20260412 19:05:53- INFO-   过滤后剩余 4188 只股票(已剔除未上市/已退市)
20260412 19:05:53- INFO-   步骤2: 调用history批量获取数据...
20260412 19:05:54- INFO-   history批量返回 4188 条记录
20260412 19:05:54- INFO-   步骤3: 调用stk_get_daily_mktvalue_pt获取市值数据...
20260412 19:05:54- INFO-   stk_get_daily_mktvalue_pt返回 4188 条记录
20260412 19:05:54- INFO-   步骤4: 合并数据...
20260412 19:05:54- INFO-   数据合并完成,最终返回 4188 条记录, 18 个字段
20260412 19:05:54- INFO- ✓ 2020-12-21 数据获取成功: 4188 条
20260412 19:05:54- INFO- 开始获取 2020-12-22 的掘金全市场数据...
20260412 19:05:54- INFO-   步骤1: 调用get_symbols获取基础信息...
20260412 19:05:55- INFO-   get_symbols返回 4187 条记录
20260412 19:05:55- INFO-   过滤后剩余 4187 只股票(已剔除未上市/已退市)
20260412 19:05:55- INFO-   步骤2: 调用history批量获取数据...
20260412 19:05:55- INFO-   history批量返回 4187 条记录
20260412 19:05:55- INFO-   步骤3: 调用stk_get_daily_mktvalue_pt获取市值数据...
20260412 19:05:56- INFO-   stk_get_daily_mktvalue_pt返回 4187 条记录
20260412 19:05:56- INFO-   步骤4: 合并数据...
20260412 19:05:56- INFO-   数据合并完成,最终返回 4187 条记录, 18 个字段
20260412 19:05:56- INFO- ✓ 2020-12-22 数据获取成功: 4187 条
20260412 19:05:56- INFO- 开始获取 2020-12-23 的掘金全市场数据...
20260412 19:05:56- INFO-   步骤1: 调用get_symbols获取基础信息...
20260412 19:05:57- INFO-   get_symbols返回 4190 条记录
20260412 19:05:57- INFO-   过滤后剩余 4190 只股票(已剔除未上市/已退市)
20260412 19:05:57- INFO-   步骤2: 调用history批量获取数据...
20260412 19:05:57- INFO-   history批量返回 4190 条记录
20260412 19:05:57- INFO-   步骤3: 调用stk_get_daily_mktvalue_pt获取市值数据...
20260412 19:05:58- INFO-   stk_get_daily_mktvalue_pt返回 4190 条记录
20260412 19:05:58- INFO-   步骤4: 合并数据...
20260412 19:05:58- INFO-   数据合并完成,最终返回 4190 条记录, 18 个字段
20260412 19:05:58- INFO- ✓ 2020-12-23 数据获取成功: 4190 条
20260412 19:05:58- INFO- 开始获取 2020-12-24 的掘金全市场数据...
20260412 19:05:58- INFO-   步骤1: 调用get_symbols获取基础信息...
20260412 19:05:59- INFO-   get_symbols返回 4192 条记录
20260412 19:05:59- INFO-   过滤后剩余 4192 只股票(已剔除未上市/已退市)
20260412 19:05:59- INFO-   步骤2: 调用history批量获取数据...
20260412 19:06:00- INFO-   history批量返回 4192 条记录
20260412 19:06:00- INFO-   步骤3: 调用stk_get_daily_mktvalue_pt获取市值数据...
20260412 19:06:00- INFO-   stk_get_daily_mktvalue_pt返回 4192 条记录
20260412 19:06:00- INFO-   步骤4: 合并数据...
20260412 19:06:00- INFO-   数据合并完成,最终返回 4192 条记录, 18 个字段
20260412 19:06:00- INFO- ✓ 2020-12-24 数据获取成功: 4192 条
20260412 19:06:01- INFO- 开始获取 2020-12-25 的掘金全市场数据...
20260412 19:06:01- INFO-   步骤1: 调用get_symbols获取基础信息...
20260412 19:06:02- INFO-   get_symbols返回 4195 条记录
20260412 19:06:02- INFO-   过滤后剩余 4195 只股票(已剔除未上市/已退市)
20260412 19:06:02- INFO-   步骤2: 调用history批量获取数据...
20260412 19:06:03- INFO-   history批量返回 4195 条记录
20260412 19:06:03- INFO-   步骤3: 调用stk_get_daily_mktvalue_pt获取市值数据...
20260412 19:06:03- INFO-   stk_get_daily_mktvalue_pt返回 4195 条记录
20260412 19:06:03- INFO-   步骤4: 合并数据...
20260412 19:06:03- INFO-   数据合并完成,最终返回 4195 条记录, 18 个字段
20260412 19:06:03- INFO- ✓ 2020-12-25 数据获取成功: 4195 条
20260412 19:06:04- INFO- 开始获取 2020-12-28 的掘金全市场数据...
20260412 19:06:04- INFO-   步骤1: 调用get_symbols获取基础信息...
20260412 19:06:04- INFO-   get_symbols返回 4198 条记录
20260412 19:06:04- INFO-   过滤后剩余 4198 只股票(已剔除未上市/已退市)
20260412 19:06:04- INFO-   步骤2: 调用history批量获取数据...
20260412 19:06:05- INFO-   history批量返回 4198 条记录
20260412 19:06:05- INFO-   步骤3: 调用stk_get_daily_mktvalue_pt获取市值数据...
20260412 19:06:05- INFO-   stk_get_daily_mktvalue_pt返回 4198 条记录
20260412 19:06:05- INFO-   步骤4: 合并数据...
20260412 19:06:05- INFO-   数据合并完成,最终返回 4198 条记录, 18 个字段
20260412 19:06:05- INFO- ✓ 2020-12-28 数据获取成功: 4198 条
20260412 19:06:05- INFO- 开始获取 2020-12-29 的掘金全市场数据...
20260412 19:06:05- INFO-   步骤1: 调用get_symbols获取基础信息...
20260412 19:06:06- INFO-   get_symbols返回 4204 条记录
20260412 19:06:06- INFO-   过滤后剩余 4204 只股票(已剔除未上市/已退市)
20260412 19:06:06- INFO-   步骤2: 调用history批量获取数据...
20260412 19:06:06- INFO-   history批量返回 4204 条记录
20260412 19:06:06- INFO-   步骤3: 调用stk_get_daily_mktvalue_pt获取市值数据...
20260412 19:06:06- INFO-   stk_get_daily_mktvalue_pt返回 4204 条记录
20260412 19:06:06- INFO-   步骤4: 合并数据...
20260412 19:06:06- INFO-   数据合并完成,最终返回 4204 条记录, 18 个字段
20260412 19:06:06- INFO- ✓ 2020-12-29 数据获取成功: 4204 条
20260412 19:06:07- INFO- 开始获取 2020-12-30 的掘金全市场数据...
20260412 19:06:07- INFO-   步骤1: 调用get_symbols获取基础信息...
20260412 19:06:07- INFO-   get_symbols返回 4206 条记录
20260412 19:06:07- INFO-   过滤后剩余 4206 只股票(已剔除未上市/已退市)
20260412 19:06:07- INFO-   步骤2: 调用history批量获取数据...
20260412 19:06:08- INFO-   history批量返回 4206 条记录
20260412 19:06:08- INFO-   步骤3: 调用stk_get_daily_mktvalue_pt获取市值数据...
20260412 19:06:08- INFO-   stk_get_daily_mktvalue_pt返回 4206 条记录
20260412 19:06:08- INFO-   步骤4: 合并数据...
20260412 19:06:08- INFO-   数据合并完成,最终返回 4206 条记录, 18 个字段
20260412 19:06:08- INFO- ✓ 2020-12-30 数据获取成功: 4206 条
20260412 19:06:09- INFO- 开始获取 2020-12-31 的掘金全市场数据...
20260412 19:06:09- INFO-   步骤1: 调用get_symbols获取基础信息...
20260412 19:06:09- INFO-   get_symbols返回 4208 条记录
20260412 19:06:09- INFO-   过滤后剩余 4208 只股票(已剔除未上市/已退市)
20260412 19:06:09- INFO-   步骤2: 调用history批量获取数据...
20260412 19:06:10- INFO-   history批量返回 4208 条记录
20260412 19:06:10- INFO-   步骤3: 调用stk_get_daily_mktvalue_pt获取市值数据...
20260412 19:06:10- INFO-   stk_get_daily_mktvalue_pt返回 4208 条记录
20260412 19:06:10- INFO-   步骤4: 合并数据...
20260412 19:06:10- INFO-   数据合并完成,最终返回 4208 条记录, 18 个字段
20260412 19:06:10- INFO- ✓ 2020-12-31 数据获取成功: 4208 条
20260412 19:06:11- INFO- 开始获取 2021-01-01 的掘金全市场数据...
20260412 19:06:11- INFO-   步骤1: 调用get_symbols获取基础信息...
20260412 19:06:13- WARNING- 2021-01-01 get_symbols返回空数据
20260412 19:06:13- WARNING- ✗ 2021-01-01 无数据
20260412 19:06:14- INFO- 批量获取完成,共 968477 条记录
20260413 00:28:57- INFO- 准备获取 1 个交易日的数据: 2026-04-13 至 2026-04-13
20260413 00:28:57- INFO- 开始获取 2026-04-13 的掘金全市场数据...
20260413 00:28:57- INFO-   步骤1: 调用get_symbols获取基础信息...
20260413 00:28:59- INFO-   get_symbols返回 5267 条记录
20260413 00:28:59- INFO-   过滤后剩余 5267 只股票(已剔除未上市/已退市)
20260413 00:28:59- INFO-   步骤2: 调用history批量获取数据...
20260413 00:29:00- WARNING-   history返回空数据
20260413 00:29:00- INFO-   步骤3: 调用stk_get_daily_mktvalue_pt获取市值数据...
20260413 00:29:00- INFO-   stk_get_daily_mktvalue_pt返回 5267 条记录
20260413 00:29:00- INFO-   步骤4: 合并数据...
20260413 00:29:00- INFO-   数据合并完成,最终返回 5267 条记录, 12 个字段
20260413 00:29:00- INFO- ✓ 2026-04-13 数据获取成功: 5267 条
20260413 00:29:01- INFO- 批量获取完成,共 5267 条记录
20260413 00:31:25- INFO- 准备获取 1 个交易日的数据: 2026-04-13 至 2026-04-13
20260413 00:31:25- INFO- 开始获取 2026-04-13 的掘金全市场数据...
20260413 00:31:25- INFO-   步骤1: 调用get_symbols获取基础信息...
20260413 00:31:26- INFO-   get_symbols返回 5267 条记录
20260413 00:31:26- INFO-   过滤后剩余 5267 只股票(已剔除未上市/已退市)
20260413 00:31:26- INFO-   步骤2: 调用history批量获取数据...
20260413 00:31:26- WARNING-   history返回空数据
20260413 00:31:26- INFO-   步骤3: 调用stk_get_daily_mktvalue_pt获取市值数据...
20260413 00:31:26- INFO-   stk_get_daily_mktvalue_pt返回 5267 条记录
20260413 00:31:26- INFO-   步骤4: 合并数据...
20260413 00:31:26- INFO-   数据合并完成,最终返回 5267 条记录, 12 个字段
20260413 00:31:26- INFO- ✓ 2026-04-13 数据获取成功: 5267 条
20260413 00:31:27- INFO- 批量获取完成,共 5267 条记录
20260413 00:34:43- INFO- 准备获取 1 个交易日的数据: 2026-04-13 至 2026-04-13
20260413 00:34:43- INFO- 开始获取 2026-04-13 的掘金全市场数据...
20260413 00:34:43- INFO-   步骤1: 调用get_symbols获取基础信息...
20260413 00:34:44- INFO-   get_symbols返回 5267 条记录
20260413 00:34:44- INFO-   过滤后剩余 5267 只股票(已剔除未上市/已退市)
20260413 00:34:44- INFO-   步骤2: 调用history批量获取数据...
20260413 00:34:44- WARNING-   history返回空数据
20260413 00:34:44- INFO-   步骤3: 调用stk_get_daily_mktvalue_pt获取市值数据...
20260413 00:34:44- INFO-   stk_get_daily_mktvalue_pt返回 5267 条记录
20260413 00:34:44- INFO-   步骤4: 合并数据...
20260413 00:34:44- INFO-   数据合并完成,最终返回 5267 条记录, 12 个字段
20260413 00:34:44- INFO- ✓ 2026-04-13 数据获取成功: 5267 条
20260413 00:34:45- INFO- 批量获取完成,共 5267 条记录
20260413 00:41:26- INFO- 指定日期范围内没有交易日
20260413 00:43:16- INFO- 指定日期范围内没有交易日
20260413 00:43:51- INFO- 指定日期范围内没有交易日
20260413 00:51:30- INFO- 指定日期范围内没有交易日
20260413 00:52:01- INFO- 指定日期范围内没有交易日
20260413 00:53:33- INFO- 指定日期范围内没有交易日
20260413 00:53:39- INFO- 将5250只股票分成53多线程批处理
20260413 00:54:18- INFO- 指定日期范围内没有交易日
20260413 00:54:20- INFO- 将5264只股票分成53多线程批处理
20260413 01:02:23- INFO- 所有批次处理完成，共合并94641条记录
20260413 01:02:23- INFO- 将5265只股票分成53多线程批处理
20260413 01:06:56- INFO- 所有批次处理完成，共合并94490条记录
20260413 01:06:56- INFO- 将5268只股票分成53多线程批处理
20260413 01:12:47- INFO- 所有批次处理完成，共合并94605条记录
20260413 21:28:35- INFO- 指定日期范围内没有交易日
20260413 21:33:14- INFO- 准备获取 1 个交易日的数据: 2026-04-13 至 2026-04-13
20260413 21:33:14- INFO- 开始获取 2026-04-13 的掘金全市场数据...
20260413 21:33:14- INFO-   步骤1: 调用get_symbols获取基础信息...
20260413 21:33:15- INFO-   get_symbols返回 5267 条记录
20260413 21:33:15- INFO-   过滤后剩余 5266 只股票(已剔除未上市/已退市)
20260413 21:33:15- INFO-   步骤2: 调用history批量获取数据...
20260413 21:33:15- INFO-   history批量返回 5266 条记录
20260413 21:33:15- INFO-   步骤3: 调用stk_get_daily_mktvalue_pt获取市值数据...
20260413 21:33:15- INFO-   stk_get_daily_mktvalue_pt返回 5266 条记录
20260413 21:33:15- INFO-   步骤4: 合并数据...
20260413 21:33:15- INFO-   数据合并完成,最终返回 5266 条记录, 18 个字段
20260413 21:33:15- INFO- ✓ 2026-04-13 数据获取成功: 5266 条
20260413 21:33:16- INFO- 批量获取完成,共 5266 条记录
20260413 21:33:16- INFO- 将5266只股票分成53多线程批处理
20260413 21:44:36- INFO- 所有批次处理完成，共合并94543条记录
20260414 00:57:21- INFO- 准备获取 1 个交易日的数据: 2026-04-14 至 2026-04-14
20260414 00:57:21- INFO- 开始获取 2026-04-14 的掘金全市场数据...
20260414 00:57:21- INFO-   步骤1: 调用get_symbols获取基础信息...
20260414 00:57:22- INFO-   get_symbols返回 5268 条记录
20260414 00:57:22- INFO-   过滤后剩余 5268 只股票(已剔除未上市/已退市)
20260414 00:57:22- INFO-   步骤2: 调用history批量获取数据...
20260414 00:57:22- WARNING-   history返回空数据
20260414 00:57:22- INFO-   步骤3: 调用stk_get_daily_mktvalue_pt获取市值数据...
20260414 00:57:22- INFO-   stk_get_daily_mktvalue_pt返回 5268 条记录
20260414 00:57:22- INFO-   步骤4: 合并数据...
20260414 00:57:22- INFO-   数据合并完成,最终返回 5268 条记录, 12 个字段
20260414 00:57:22- INFO- ✓ 2026-04-14 数据获取成功: 5268 条
20260414 00:57:23- INFO- 批量获取完成,共 5268 条记录
20260414 08:55:12- INFO- 准备获取 1 个交易日的数据: 2026-04-14 至 2026-04-14
20260414 08:55:12- INFO- 开始获取 2026-04-14 的掘金全市场数据...
20260414 08:55:12- INFO-   步骤1: 调用get_symbols获取基础信息...
20260414 08:55:13- INFO-   get_symbols返回 5268 条记录
20260414 08:55:13- INFO-   过滤后剩余 5268 只股票(已剔除未上市/已退市)
20260414 08:55:13- INFO-   步骤2: 调用history批量获取数据...
20260414 08:55:13- WARNING-   history返回空数据
20260414 08:55:13- INFO-   步骤3: 调用stk_get_daily_mktvalue_pt获取市值数据...
20260414 08:55:14- INFO-   stk_get_daily_mktvalue_pt返回 5268 条记录
20260414 08:55:14- INFO-   步骤4: 合并数据...
20260414 08:55:14- INFO-   数据合并完成,最终返回 5268 条记录, 12 个字段
20260414 08:55:14- INFO- ✓ 2026-04-14 数据获取成功: 5268 条
20260414 08:55:14- INFO- 批量获取完成,共 5268 条记录
20260414 19:03:18- INFO- 准备获取 1 个交易日的数据: 2026-04-14 至 2026-04-14
20260414 19:03:18- INFO- 开始获取 2026-04-14 的掘金全市场数据...
20260414 19:03:18- INFO-   步骤1: 调用get_symbols获取基础信息...
20260414 19:03:19- INFO-   get_symbols返回 5268 条记录
20260414 19:03:19- INFO-   过滤后剩余 5268 只股票(已剔除未上市/已退市)
20260414 19:03:19- INFO-   步骤2: 调用history批量获取数据...
20260414 19:03:19- INFO-   history批量返回 5268 条记录
20260414 19:03:19- INFO-   步骤3: 调用stk_get_daily_mktvalue_pt获取市值数据...
20260414 19:03:20- INFO-   stk_get_daily_mktvalue_pt返回 5268 条记录
20260414 19:03:20- INFO-   步骤4: 合并数据...
20260414 19:03:20- INFO-   数据合并完成,最终返回 5268 条记录, 18 个字段
20260414 19:03:20- INFO- ✓ 2026-04-14 数据获取成功: 5268 条
20260414 19:03:20- INFO- 批量获取完成,共 5268 条记录
20260414 19:03:20- INFO- 将5268只股票分成53多线程批处理
20260414 19:14:42- INFO- 所有批次处理完成，共合并94591条记录
20260415 08:55:14- INFO- 准备获取 1 个交易日的数据: 2026-04-15 至 2026-04-15
20260415 08:55:14- INFO- 开始获取 2026-04-15 的掘金全市场数据...
20260415 08:55:14- INFO-   步骤1: 调用get_symbols获取基础信息...
20260415 08:55:16- INFO-   get_symbols返回 5266 条记录
20260415 08:55:16- INFO-   过滤后剩余 5266 只股票(已剔除未上市/已退市)
20260415 08:55:16- INFO-   步骤2: 调用history批量获取数据...
20260415 08:55:16- WARNING-   history返回空数据
20260415 08:55:16- INFO-   步骤3: 调用stk_get_daily_mktvalue_pt获取市值数据...
20260415 08:55:17- INFO-   stk_get_daily_mktvalue_pt返回 5266 条记录
20260415 08:55:17- INFO-   步骤4: 合并数据...
20260415 08:55:17- INFO-   数据合并完成,最终返回 5266 条记录, 12 个字段
20260415 08:55:17- INFO- ✓ 2026-04-15 数据获取成功: 5266 条
20260415 08:55:17- INFO- 批量获取完成,共 5266 条记录
20260415 19:03:18- INFO- 准备获取 1 个交易日的数据: 2026-04-15 至 2026-04-15
20260415 19:03:18- INFO- 开始获取 2026-04-15 的掘金全市场数据...
20260415 19:03:18- INFO-   步骤1: 调用get_symbols获取基础信息...
20260415 19:03:19- INFO-   get_symbols返回 5266 条记录
20260415 19:03:19- INFO-   过滤后剩余 5266 只股票(已剔除未上市/已退市)
20260415 19:03:19- INFO-   步骤2: 调用history批量获取数据...
20260415 19:03:19- INFO-   history批量返回 5266 条记录
20260415 19:03:19- INFO-   步骤3: 调用stk_get_daily_mktvalue_pt获取市值数据...
20260415 19:03:20- INFO-   stk_get_daily_mktvalue_pt返回 5266 条记录
20260415 19:03:20- INFO-   步骤4: 合并数据...
20260415 19:03:20- INFO-   数据合并完成,最终返回 5266 条记录, 18 个字段
20260415 19:03:20- INFO- ✓ 2026-04-15 数据获取成功: 5266 条
20260415 19:03:20- INFO- 批量获取完成,共 5266 条记录
20260415 19:03:20- INFO- 将5266只股票分成53多线程批处理
20260415 19:14:43- INFO- 所有批次处理完成，共合并94561条记录
20260416 08:55:14- INFO- 准备获取 1 个交易日的数据: 2026-04-16 至 2026-04-16
20260416 08:55:14- INFO- 开始获取 2026-04-16 的掘金全市场数据...
20260416 08:55:14- INFO-   步骤1: 调用get_symbols获取基础信息...
20260416 08:55:16- INFO-   get_symbols返回 5269 条记录
20260416 08:55:16- INFO-   过滤后剩余 5269 只股票(已剔除未上市/已退市)
20260416 08:55:16- INFO-   步骤2: 调用history批量获取数据...
20260416 08:55:16- WARNING-   history返回空数据
20260416 08:55:16- INFO-   步骤3: 调用stk_get_daily_mktvalue_pt获取市值数据...
20260416 08:55:17- INFO-   stk_get_daily_mktvalue_pt返回 5267 条记录
20260416 08:55:17- INFO-   步骤4: 合并数据...
20260416 08:55:17- INFO-   数据合并完成,最终返回 5269 条记录, 12 个字段
20260416 08:55:17- INFO- ✓ 2026-04-16 数据获取成功: 5269 条
20260416 08:55:17- INFO- 批量获取完成,共 5269 条记录
20260416 19:03:13- INFO- 准备获取 1 个交易日的数据: 2026-04-16 至 2026-04-16
20260416 19:03:13- INFO- 开始获取 2026-04-16 的掘金全市场数据...
20260416 19:03:13- INFO-   步骤1: 调用get_symbols获取基础信息...
20260416 19:03:14- INFO-   get_symbols返回 5269 条记录
20260416 19:03:14- INFO-   过滤后剩余 5269 只股票(已剔除未上市/已退市)
20260416 19:03:14- INFO-   步骤2: 调用history批量获取数据...
20260416 19:03:14- INFO-   history批量返回 5269 条记录
20260416 19:03:14- INFO-   步骤3: 调用stk_get_daily_mktvalue_pt获取市值数据...
20260416 19:03:16- INFO-   stk_get_daily_mktvalue_pt返回 5269 条记录
20260416 19:03:16- INFO-   步骤4: 合并数据...
20260416 19:03:16- INFO-   数据合并完成,最终返回 5269 条记录, 18 个字段
20260416 19:03:16- INFO- ✓ 2026-04-16 数据获取成功: 5269 条
20260416 19:03:16- INFO- 批量获取完成,共 5269 条记录
20260416 19:03:16- INFO- 将5269只股票分成53多线程批处理
20260416 19:14:47- INFO- 所有批次处理完成，共合并94667条记录
20260417 08:55:07- INFO- 准备获取 1 个交易日的数据: 2026-04-17 至 2026-04-17
20260417 08:55:07- INFO- 开始获取 2026-04-17 的掘金全市场数据...
20260417 08:55:07- INFO-   步骤1: 调用get_symbols获取基础信息...
20260417 08:55:08- INFO-   get_symbols返回 5268 条记录
20260417 08:55:08- INFO-   过滤后剩余 5268 只股票(已剔除未上市/已退市)
20260417 08:55:08- INFO-   步骤2: 调用history批量获取数据...
20260417 08:55:08- WARNING-   history返回空数据
20260417 08:55:08- INFO-   步骤3: 调用stk_get_daily_mktvalue_pt获取市值数据...
20260417 08:55:08- INFO-   stk_get_daily_mktvalue_pt返回 5267 条记录
20260417 08:55:08- INFO-   步骤4: 合并数据...
20260417 08:55:08- INFO-   数据合并完成,最终返回 5268 条记录, 12 个字段
20260417 08:55:08- INFO- ✓ 2026-04-17 数据获取成功: 5268 条
20260417 08:55:09- INFO- 批量获取完成,共 5268 条记录
20260417 19:03:13- INFO- 准备获取 1 个交易日的数据: 2026-04-17 至 2026-04-17
20260417 19:03:13- INFO- 开始获取 2026-04-17 的掘金全市场数据...
20260417 19:03:13- INFO-   步骤1: 调用get_symbols获取基础信息...
20260417 19:03:14- INFO-   get_symbols返回 5268 条记录
20260417 19:03:14- INFO-   过滤后剩余 5268 只股票(已剔除未上市/已退市)
20260417 19:03:14- INFO-   步骤2: 调用history批量获取数据...
20260417 19:03:14- INFO-   history批量返回 5268 条记录
20260417 19:03:14- INFO-   步骤3: 调用stk_get_daily_mktvalue_pt获取市值数据...
20260417 19:03:15- INFO-   stk_get_daily_mktvalue_pt返回 5268 条记录
20260417 19:03:15- INFO-   步骤4: 合并数据...
20260417 19:03:15- INFO-   数据合并完成,最终返回 5268 条记录, 18 个字段
20260417 19:03:15- INFO- ✓ 2026-04-17 数据获取成功: 5268 条
20260417 19:03:15- INFO- 批量获取完成,共 5268 条记录
20260417 19:03:15- INFO- 将5268只股票分成53多线程批处理
20260417 19:14:39- INFO- 所有批次处理完成，共合并94682条记录
20260420 08:55:13- INFO- 准备获取 1 个交易日的数据: 2026-04-20 至 2026-04-20
20260420 08:55:13- INFO- 开始获取 2026-04-20 的掘金全市场数据...
20260420 08:55:13- INFO-   步骤1: 调用get_symbols获取基础信息...
20260420 08:55:16- INFO-   get_symbols返回 5263 条记录
20260420 08:55:16- INFO-   过滤后剩余 5263 只股票(已剔除未上市/已退市)
20260420 08:55:16- INFO-   步骤2: 调用history批量获取数据...
20260420 08:55:16- WARNING-   history返回空数据
20260420 08:55:16- INFO-   步骤3: 调用stk_get_daily_mktvalue_pt获取市值数据...
20260420 08:55:17- INFO-   stk_get_daily_mktvalue_pt返回 5263 条记录
20260420 08:55:17- INFO-   步骤4: 合并数据...
20260420 08:55:17- INFO-   数据合并完成,最终返回 5263 条记录, 12 个字段
20260420 08:55:17- INFO- ✓ 2026-04-20 数据获取成功: 5263 条
20260420 08:55:17- INFO- 批量获取完成,共 5263 条记录
20260420 19:03:19- INFO- 准备获取 1 个交易日的数据: 2026-04-20 至 2026-04-20
20260420 19:03:19- INFO- 开始获取 2026-04-20 的掘金全市场数据...
20260420 19:03:19- INFO-   步骤1: 调用get_symbols获取基础信息...
20260420 19:03:20- INFO-   get_symbols返回 5263 条记录
20260420 19:03:20- INFO-   过滤后剩余 5263 只股票(已剔除未上市/已退市)
20260420 19:03:20- INFO-   步骤2: 调用history批量获取数据...
20260420 19:03:20- INFO-   history批量返回 5263 条记录
20260420 19:03:20- INFO-   步骤3: 调用stk_get_daily_mktvalue_pt获取市值数据...
20260420 19:03:21- INFO-   stk_get_daily_mktvalue_pt返回 5263 条记录
20260420 19:03:21- INFO-   步骤4: 合并数据...
20260420 19:03:21- INFO-   数据合并完成,最终返回 5263 条记录, 18 个字段
20260420 19:03:21- INFO- ✓ 2026-04-20 数据获取成功: 5263 条
20260420 19:03:21- INFO- 批量获取完成,共 5263 条记录
20260420 19:03:22- INFO- 将5263只股票分成53多线程批处理
20260420 19:14:43- INFO- 所有批次处理完成，共合并94548条记录
20260421 08:55:13- INFO- 准备获取 1 个交易日的数据: 2026-04-21 至 2026-04-21
20260421 08:55:13- INFO- 开始获取 2026-04-21 的掘金全市场数据...
20260421 08:55:13- INFO-   步骤1: 调用get_symbols获取基础信息...
20260421 08:55:14- INFO-   get_symbols返回 5268 条记录
20260421 08:55:14- INFO-   过滤后剩余 5268 只股票(已剔除未上市/已退市)
20260421 08:55:14- INFO-   步骤2: 调用history批量获取数据...
20260421 08:55:14- WARNING-   history返回空数据
20260421 08:55:14- INFO-   步骤3: 调用stk_get_daily_mktvalue_pt获取市值数据...
20260421 08:55:14- INFO-   stk_get_daily_mktvalue_pt返回 5266 条记录
20260421 08:55:14- INFO-   步骤4: 合并数据...
20260421 08:55:14- INFO-   数据合并完成,最终返回 5268 条记录, 12 个字段
20260421 08:55:14- INFO- ✓ 2026-04-21 数据获取成功: 5268 条
20260421 08:55:15- INFO- 批量获取完成,共 5268 条记录
20260421 19:03:13- INFO- 准备获取 1 个交易日的数据: 2026-04-21 至 2026-04-21
20260421 19:03:13- INFO- 开始获取 2026-04-21 的掘金全市场数据...
20260421 19:03:13- INFO-   步骤1: 调用get_symbols获取基础信息...
20260421 19:03:16- INFO-   get_symbols返回 5268 条记录
20260421 19:03:16- INFO-   过滤后剩余 5268 只股票(已剔除未上市/已退市)
20260421 19:03:16- INFO-   步骤2: 调用history批量获取数据...
20260421 19:03:16- INFO-   history批量返回 5268 条记录
20260421 19:03:16- INFO-   步骤3: 调用stk_get_daily_mktvalue_pt获取市值数据...
20260421 19:03:17- INFO-   stk_get_daily_mktvalue_pt返回 5268 条记录
20260421 19:03:17- INFO-   步骤4: 合并数据...
20260421 19:03:17- INFO-   数据合并完成,最终返回 5268 条记录, 18 个字段
20260421 19:03:17- INFO- ✓ 2026-04-21 数据获取成功: 5268 条
20260421 19:03:17- INFO- 批量获取完成,共 5268 条记录
20260421 19:03:17- INFO- 将5268只股票分成53多线程批处理
20260421 21:06:00- INFO- 将5268只股票分成53多线程批处理
20260421 21:17:26- INFO- 所有批次处理完成，共合并94591条记录
20260422 08:55:12- INFO- 准备获取 1 个交易日的数据: 2026-04-22 至 2026-04-22
20260422 08:55:12- INFO- 开始获取 2026-04-22 的掘金全市场数据...
20260422 08:55:12- INFO-   步骤1: 调用get_symbols获取基础信息...
20260422 08:55:13- INFO-   get_symbols返回 5268 条记录
20260422 08:55:13- INFO-   过滤后剩余 5267 只股票(已剔除未上市/已退市)
20260422 08:55:13- INFO-   步骤2: 调用history批量获取数据...
20260422 08:55:13- WARNING-   history返回空数据
20260422 08:55:13- INFO-   步骤3: 调用stk_get_daily_mktvalue_pt获取市值数据...
20260422 08:55:14- INFO-   stk_get_daily_mktvalue_pt返回 5267 条记录
20260422 08:55:14- INFO-   步骤4: 合并数据...
20260422 08:55:14- INFO-   数据合并完成,最终返回 5267 条记录, 12 个字段
20260422 08:55:14- INFO- ✓ 2026-04-22 数据获取成功: 5267 条
20260422 08:55:14- INFO- 批量获取完成,共 5267 条记录
20260422 19:03:20- INFO- 准备获取 1 个交易日的数据: 2026-04-22 至 2026-04-22
20260422 19:03:20- INFO- 开始获取 2026-04-22 的掘金全市场数据...
20260422 19:03:20- INFO-   步骤1: 调用get_symbols获取基础信息...
20260422 19:03:20- INFO-   get_symbols返回 5268 条记录
20260422 19:03:20- INFO-   过滤后剩余 5267 只股票(已剔除未上市/已退市)
20260422 19:03:20- INFO-   步骤2: 调用history批量获取数据...
20260422 19:03:21- INFO-   history批量返回 5267 条记录
20260422 19:03:21- INFO-   步骤3: 调用stk_get_daily_mktvalue_pt获取市值数据...
20260422 19:03:21- INFO-   stk_get_daily_mktvalue_pt返回 5267 条记录
20260422 19:03:21- INFO-   步骤4: 合并数据...
20260422 19:03:21- INFO-   数据合并完成,最终返回 5267 条记录, 18 个字段
20260422 19:03:21- INFO- ✓ 2026-04-22 数据获取成功: 5267 条
20260422 19:03:22- INFO- 批量获取完成,共 5267 条记录
20260422 19:03:22- INFO- 将5267只股票分成53多线程批处理
20260422 19:14:44- INFO- 所有批次处理完成，共合并94591条记录
20260423 08:55:13- INFO- 准备获取 1 个交易日的数据: 2026-04-23 至 2026-04-23
20260423 08:55:13- INFO- 开始获取 2026-04-23 的掘金全市场数据...
20260423 08:55:13- INFO-   步骤1: 调用get_symbols获取基础信息...
20260423 08:55:14- INFO-   get_symbols返回 5265 条记录
20260423 08:55:14- INFO-   过滤后剩余 5265 只股票(已剔除未上市/已退市)
20260423 08:55:14- INFO-   步骤2: 调用history批量获取数据...
20260423 08:55:14- WARNING-   history返回空数据
20260423 08:55:14- INFO-   步骤3: 调用stk_get_daily_mktvalue_pt获取市值数据...
20260423 08:55:14- INFO-   stk_get_daily_mktvalue_pt返回 5265 条记录
20260423 08:55:14- INFO-   步骤4: 合并数据...
20260423 08:55:14- INFO-   数据合并完成,最终返回 5265 条记录, 12 个字段
20260423 08:55:14- INFO- ✓ 2026-04-23 数据获取成功: 5265 条
20260423 08:55:15- INFO- 批量获取完成,共 5265 条记录
20260423 19:03:14- INFO- 准备获取 1 个交易日的数据: 2026-04-23 至 2026-04-23
20260423 19:03:14- INFO- 开始获取 2026-04-23 的掘金全市场数据...
20260423 19:03:14- INFO-   步骤1: 调用get_symbols获取基础信息...
20260423 19:03:17- INFO-   get_symbols返回 5265 条记录
20260423 19:03:17- INFO-   过滤后剩余 5265 只股票(已剔除未上市/已退市)
20260423 19:03:17- INFO-   步骤2: 调用history批量获取数据...
20260423 19:03:17- INFO-   history批量返回 5265 条记录
20260423 19:03:18- INFO-   步骤3: 调用stk_get_daily_mktvalue_pt获取市值数据...
20260423 19:03:18- INFO-   stk_get_daily_mktvalue_pt返回 5265 条记录
20260423 19:03:18- INFO-   步骤4: 合并数据...
20260423 19:03:18- INFO-   数据合并完成,最终返回 5265 条记录, 18 个字段
20260423 19:03:18- INFO- ✓ 2026-04-23 数据获取成功: 5265 条
20260423 19:03:19- INFO- 批量获取完成,共 5265 条记录
20260423 19:03:19- INFO- 将5265只股票分成53多线程批处理
20260423 19:14:44- INFO- 所有批次处理完成，共合并94569条记录
20260424 08:55:07- INFO- 准备获取 1 个交易日的数据: 2026-04-24 至 2026-04-24
20260424 08:55:07- INFO- 开始获取 2026-04-24 的掘金全市场数据...
20260424 08:55:07- INFO-   步骤1: 调用get_symbols获取基础信息...
20260424 08:55:10- INFO-   get_symbols返回 5264 条记录
20260424 08:55:10- INFO-   过滤后剩余 5264 只股票(已剔除未上市/已退市)
20260424 08:55:10- INFO-   步骤2: 调用history批量获取数据...
20260424 08:55:10- WARNING-   history返回空数据
20260424 08:55:10- INFO-   步骤3: 调用stk_get_daily_mktvalue_pt获取市值数据...
20260424 08:55:11- INFO-   stk_get_daily_mktvalue_pt返回 5263 条记录
20260424 08:55:11- INFO-   步骤4: 合并数据...
20260424 08:55:11- INFO-   数据合并完成,最终返回 5264 条记录, 12 个字段
20260424 08:55:11- INFO- ✓ 2026-04-24 数据获取成功: 5264 条
20260424 08:55:11- INFO- 批量获取完成,共 5264 条记录
20260424 19:03:18- INFO- 准备获取 1 个交易日的数据: 2026-04-24 至 2026-04-24
20260424 19:03:18- INFO- 开始获取 2026-04-24 的掘金全市场数据...
20260424 19:03:18- INFO-   步骤1: 调用get_symbols获取基础信息...
20260424 19:03:19- INFO-   get_symbols返回 5264 条记录
20260424 19:03:19- INFO-   过滤后剩余 5264 只股票(已剔除未上市/已退市)
20260424 19:03:19- INFO-   步骤2: 调用history批量获取数据...
20260424 19:03:19- INFO-   history批量返回 5264 条记录
20260424 19:03:19- INFO-   步骤3: 调用stk_get_daily_mktvalue_pt获取市值数据...
20260424 19:03:20- INFO-   stk_get_daily_mktvalue_pt返回 5264 条记录
20260424 19:03:20- INFO-   步骤4: 合并数据...
20260424 19:03:20- INFO-   数据合并完成,最终返回 5264 条记录, 18 个字段
20260424 19:03:20- INFO- ✓ 2026-04-24 数据获取成功: 5264 条
20260424 19:03:20- INFO- 批量获取完成,共 5264 条记录
20260424 19:03:20- INFO- 将5264只股票分成53多线程批处理
20260424 19:14:46- INFO- 所有批次处理完成，共合并94537条记录
20260427 21:06:03- INFO- 准备获取 1 个交易日的数据: 2026-04-27 至 2026-04-27
20260427 21:06:03- INFO- 开始获取 2026-04-27 的掘金全市场数据...
20260427 21:06:03- INFO-   步骤1: 调用get_symbols获取基础信息...
20260427 21:06:06- INFO-   get_symbols返回 5264 条记录
20260427 21:06:06- INFO-   过滤后剩余 5263 只股票(已剔除未上市/已退市)
20260427 21:06:06- INFO-   步骤2: 调用history批量获取数据...
20260427 21:06:06- INFO-   history批量返回 5263 条记录
20260427 21:06:06- INFO-   步骤3: 调用stk_get_daily_mktvalue_pt获取市值数据...
20260427 21:06:08- INFO-   stk_get_daily_mktvalue_pt返回 5263 条记录
20260427 21:06:08- INFO-   步骤4: 合并数据...
20260427 21:06:08- INFO-   数据合并完成,最终返回 5263 条记录, 18 个字段
20260427 21:06:08- INFO- ✓ 2026-04-27 数据获取成功: 5263 条
20260427 21:06:08- INFO- 批量获取完成,共 5263 条记录
20260427 21:06:09- INFO- 将5263只股票分成53多线程批处理
20260427 21:17:28- INFO- 所有批次处理完成，共合并94563条记录
20260428 08:55:15- INFO- 准备获取 1 个交易日的数据: 2026-04-28 至 2026-04-28
20260428 08:55:15- INFO- 开始获取 2026-04-28 的掘金全市场数据...
20260428 08:55:15- INFO-   步骤1: 调用get_symbols获取基础信息...
20260428 08:55:16- INFO-   get_symbols返回 5255 条记录
20260428 08:55:16- INFO-   过滤后剩余 5255 只股票(已剔除未上市/已退市)
20260428 08:55:16- INFO-   步骤2: 调用history批量获取数据...
20260428 08:55:16- WARNING-   history返回空数据
20260428 08:55:16- INFO-   步骤3: 调用stk_get_daily_mktvalue_pt获取市值数据...
20260428 08:55:17- INFO-   stk_get_daily_mktvalue_pt返回 5255 条记录
20260428 08:55:17- INFO-   步骤4: 合并数据...
20260428 08:55:17- INFO-   数据合并完成,最终返回 5255 条记录, 12 个字段
20260428 08:55:17- INFO- ✓ 2026-04-28 数据获取成功: 5255 条
20260428 08:55:17- INFO- 批量获取完成,共 5255 条记录
20260428 19:03:14- INFO- 准备获取 1 个交易日的数据: 2026-04-28 至 2026-04-28
20260428 19:03:14- INFO- 开始获取 2026-04-28 的掘金全市场数据...
20260428 19:03:14- INFO-   步骤1: 调用get_symbols获取基础信息...
20260428 19:03:14- INFO-   get_symbols返回 5255 条记录
20260428 19:03:14- INFO-   过滤后剩余 5255 只股票(已剔除未上市/已退市)
20260428 19:03:14- INFO-   步骤2: 调用history批量获取数据...
20260428 19:03:15- INFO-   history批量返回 5255 条记录
20260428 19:03:15- INFO-   步骤3: 调用stk_get_daily_mktvalue_pt获取市值数据...
20260428 19:03:15- INFO-   stk_get_daily_mktvalue_pt返回 5255 条记录
20260428 19:03:15- INFO-   步骤4: 合并数据...
20260428 19:03:15- INFO-   数据合并完成,最终返回 5255 条记录, 18 个字段
20260428 19:03:15- INFO- ✓ 2026-04-28 数据获取成功: 5255 条
20260428 19:03:16- INFO- 批量获取完成,共 5255 条记录
20260428 19:03:16- INFO- 将5255只股票分成53多线程批处理
20260428 19:14:38- INFO- 所有批次处理完成，共合并94399条记录
20260429 08:55:08- INFO- 准备获取 1 个交易日的数据: 2026-04-29 至 2026-04-29
20260429 08:55:08- INFO- 开始获取 2026-04-29 的掘金全市场数据...
20260429 08:55:08- INFO-   步骤1: 调用get_symbols获取基础信息...
