trading_date,sentiment_factor,limit_spread_rank,limit_up_premium_rank,equal_weight_return,nav,future_return_1d,future_return_5d,future_return_10d,future_return_20d
2021-01-04,,,,1.4744263720393165,1.0147442637203932,-0.056806213084426016,-5.880458172162461,-3.395988913864445,-6.305956423912329
2021-01-05,,,,-0.05680621308442236,1.0141678259316822,-1.203867715216711,-5.08461968432149,-2.920865930479488,-6.0437480560510455
2021-01-06,,,,-1.203867715216717,1.0019585868971754,-2.394722375688463,-5.35122588729987,-1.2852084755292204,-6.160510129619956
2021-01-07,,,,-2.394722375688464,0.9779644604216169,-0.0930993638621258,-2.6103043244042334,1.9173161538503791,-5.589693280755281
2021-01-08,,,,-0.09309936386213015,0.9770539817301667,-2.249755940131848,-1.1949793110860751,1.1800554704690214,-6.676133523489625
2021-01-11,,,,-2.2497559401318483,0.9550726517378975,0.7882748260781725,2.6396954448020926,2.0775195995040185,-4.285830714667438
2021-01-12,,,,0.7882748260781747,0.9626012490223046,-1.4813744966234,2.2796661053725797,0.4795869279776488,-3.1644943499073763
2021-01-13,,,,-1.4813744966234077,0.9483415196151098,0.43181618860757,4.295900765633975,2.244573992157428,-0.8033830541745446
2021-01-14,,,,0.43181618860756577,0.9524366118200949,1.3588071699093929,4.64897281673009,0.5603817527992883,1.3252236611592583
2021-01-15,,,,1.3588071699093829,0.9653783887903484,1.5439823807016806,2.4037592067642555,-2.175335964686309,2.625192730559278
2021-01-18,,,,1.5439823807016735,0.9802836610203732,0.4347397161909239,-0.5477177644202968,-3.0122636496462407,1.9325624362194205
2021-01-19,,,,0.4347397161909273,0.9845453434261592,0.4607189319626448,-1.7599580111460456,-3.2168417605941912,0.9346185444278232
2021-01-20,,,,0.4607189319626407,0.9890813302170801,0.7718071861128717,-1.966833555698544,-4.93877521169882,0.4222796437439502
2021-01-21,,,,0.7718071861128692,0.9967151310001963,-0.8158168825055934,-3.9069576641627357,-7.365784066834513,-0.8197939618230121
2021-01-22,,,,-0.8158168825055904,0.988583760691009,-1.3827141378692342,-4.471608471135202,-7.764562845344159,-0.3331179657800276
2021-01-25,,,,-1.3827141378692354,0.974914473267255,-0.7894758665645485,-2.478118983119959,-6.233841044666589,3.297907757909213
2021-01-26,,,,-0.7894758665645478,0.9672177587811651,0.24916704828630287,-1.482983638803248,-3.6266881555723884,3.575500496790296
2021-01-27,,,,0.2491670482863123,0.9696277467212211,-1.2225159564162813,-3.031567543713709,-2.981045279298411,4.874537627559472
2021-01-28,,,,-1.2225159564162782,0.9577738927997145,-1.3986314929585242,-3.599455609474267,0.760579758179647,5.250394830098015
2021-01-29,,,,-1.3986314929585197,0.9443781655036828,0.6752344945365474,-3.4470949646566162,4.907278489106437,7.616452747692759
2021-02-01,,,,0.6752344945365424,0.9507549326360352,0.2228907742745312,-3.8511583476292244,5.098403439382504,5.644526160020225
2021-02-02,,,,0.22289077427453766,0.952874077666841,-1.3266444440398373,-2.1759738529936734,4.289444961852595,2.830127999132781
2021-02-03,,,,-1.3266444440398375,0.940232826656778,-1.8009985917779803,0.05210176460064275,5.639581088274093,3.047702424022436
2021-02-04,,,,-1.8009985917779763,0.9232992466892551,-1.2427924551126845,4.522832723839287,7.066492698264271,7.15818074978074
2021-02-05,,,,-1.24279245511268,0.9118245533132888,0.25391961212537506,8.652638106232956,8.057038713985222,8.63224070177906
2021-02-08,,,,0.2539196121253675,0.9141398546823258,1.9690567160300931,9.308028711743788,10.165446584109672,8.053226894483888
2021-02-09,,,,1.9690567160300962,0.9321397868848559,0.9207758092429685,6.609234018982502,7.4732190007011035,7.354759538653388
2021-02-10,,,,0.9207758092429642,0.9407227045508206,2.586928378461706,5.584569664332983,8.096956857010618,7.0745264073807546
2021-02-18,,,,2.5869283784616988,0.9650585271574783,2.65920710460672,2.4335926496994453,4.455924214304541,4.614194591542531
2021-02-19,,,,2.6592071046067165,0.990721432075263,0.858649310590498,-0.5481683672194038,2.582446420881701,1.699463999180728
2021-02-22,,,,0.8586493105905032,0.9992282548216496,-0.5485401369587195,0.7844052101854349,0.5196298923348719,2.5929550097636866
2021-02-23,,,,-0.5485401369587161,0.9937470867841207,-0.04921447881117702,0.8104222768965386,-1.3992949749167982,2.080543017872283
2021-02-24,,,,-0.04921447881117563,0.9932580193346586,-0.4745895530887223,2.3795022328213733,-2.4535109260664822,1.3857488229169324
2021-02-25,,,,-0.4745895530887173,0.9885441205396803,-0.32912137098551897,1.9742854978454627,0.08563655090005895,1.5904503141375592
2021-02-26,,,,-0.329121370985534,0.9852906105773633,2.2100730995489704,3.147870417973486,0.5323132991977619,3.3234769104687922
2021-03-01,,,,2.210073099548976,1.0070662533141155,-0.522867164435048,-0.26271457106719076,-1.917315959875976,1.4464955183545847
2021-03-02,,,,-0.5228671644350595,1.0018006345514296,1.5064855232131302,-2.1919531749841292,-0.11022230761221774,1.3558525886607997
2021-03-03,,,,1.506485523213133,1.016892616082404,-0.8685098299886951,-4.720684368924832,-0.9458457290174582,0.14023860960137302
2021-03-04,,,,-0.8685098299886823,1.0080608037512993,0.8179544782234593,-1.8520835303967864,0.1515188137278578,1.368126692597249
2021-03-05,,,,0.8179544782234703,1.0163062822387985,-1.169503615214973,-2.535735452585708,-0.8607539130800479,1.0559773812877093
2021-03-08,,,,-1.169503615214966,1.004420543526359,-2.4470735838096114,-1.658959717715358,2.062607193887933,3.3869076940602483
2021-03-09,,,,-2.447073583809616,0.9798416337353685,-1.1178651786167615,2.1283840491122863,3.5292222219950986,6.763812882123887
2021-03-10,,,,-1.1178651786167606,0.9688883253062512,2.1160694980924877,3.961865820409205,3.93582566162225,7.337918482847283
2021-03-11,,,,2.1160694980924775,0.9893906756286359,0.1157043352819409,2.041410980685643,1.503526195261995,5.688239686175645
2021-03-12,,,,0.11570433528193379,0.9905354435332135,-0.28043743800889587,1.7185596662362412,2.776384547089994,4.339353131858559
2021-03-15,,,,-0.2804374380089012,0.9877576113127989,1.3099180723454618,3.7843477157864625,3.4295671158983465,4.038477103614246
2021-03-16,,,,1.309918072345463,1.0006964267743532,0.6573376055059033,1.3716443140911583,1.4676926209484797,3.867429097456143
2021-03-17,,,,0.6573376055058961,1.0072743807044948,0.2297114731226957,-0.025047798614874495,1.09645511247074,3.008746698658138
2021-03-18,,,,0.2297114731226931,1.0095882055227987,-0.20105418884107662,-0.5271240178415848,1.2147672779003749,4.42716655251012
2021-03-19,,,,-0.20105418884107282,1.0075583861455497,1.7447532579945912,1.0399526736563525,1.9333728770614789,6.1904206759183955
2021-03-22,,,,1.7447532579945813,1.0251377939140218,-1.045261579869483,-0.3418440330325012,1.297537400408122,3.997940035292613
2021-03-23,,,,-1.0452615798694826,1.014422422413517,-0.7295128344850021,0.09474869181340662,3.1243262440366237,4.940950382145548
2021-03-24,,,,-0.7295128344850053,1.0070220806461168,-0.2736441522867672,1.1217838932560786,3.273262900033158,6.156148412312246
2021-03-25,,,,-0.27364415228675376,1.0042664236101921,1.3711593444720949,1.7511218797518158,4.12272720739133,5.5941585844430985
2021-03-26,,,,1.3711593444721033,1.018036516520919,0.3533178776866208,0.8842246851507696,1.5207468054613704,3.875876006651646
2021-03-29,,,,0.3533178776866173,1.0216334215351657,-0.6117504591381384,1.645004784138293,0.588719458753606,2.8236987471801145
2021-03-30,,,,-0.6117504591381512,1.0153835743882156,0.2890649242469845,3.0267097842975987,2.365025176508473,3.837336186796758
2021-03-31,,,,0.2890649242469741,1.0183186921483371,0.3470092971817218,2.1276118002904187,1.8915515722682352,3.2661296985795563
2021-04-01,,,,0.34700929718171547,1.0218523526850312,0.5074993471599454,2.3307903478865466,3.1738444507703356,2.1863345272982393
2021-04-02,,,,0.5074993471599482,1.0270382467038461,1.110094344443291,0.6309431650955544,4.176304264935093,2.180090659193734
2021-04-06,,,,1.11009434444329,1.038439340195775,0.7392774801031843,-1.0391905904553966,2.665812717845606,0.651224310396481
2021-04-07,,,,0.7392774801031813,1.0461162883823745,-0.5861420612050638,-0.6422456945140542,1.7615864309358242,0.44248837791598383
2021-04-08,,,,-0.5861420612050678,1.0399845608070482,0.5466454116977992,-0.23114241473087827,2.7915119860884685,1.7033245946434405
2021-04-09,,,,0.5466454116977882,1.0456695886910654,-1.1620606067290207,0.8238518436315401,1.4131702237504484,2.269503367268899
2021-04-12,,,,-1.1620606067290136,1.0335182743243412,-0.5679917022565983,3.5231321384149306,2.319850154080605,3.1637873098547598
2021-04-13,,,,-0.5679917022565817,1.0276479762848734,1.143356046710875,3.7439096652575055,2.2218985393714696,5.106158821953932
2021-04-14,,,,1.1433560467108708,1.0393976515606285,-0.17480664666982282,2.419370427857137,1.4382949720860072,3.250423589684859
2021-04-15,,,,-0.17480664666982076,1.0375807153803704,1.6098642975739264,3.0296572236842456,1.3490599614006005,4.151469040044886
2021-04-16,,,,1.6098642975739337,1.0542843568757911,1.4840523645847536,0.5845029418563463,-0.957132041292974,2.4629860858048414
2021-04-19,,,,1.4840523645847616,1.0699304888034535,-0.35593906795633456,-1.1623315093726938,-1.9161877740111688,0.7904934381427475
2021-04-20,,,,-0.35593906795633695,1.0661221881938259,-0.14798090134215958,-1.467084796396223,-1.9622777574320405,1.4716940238049592
2021-04-21,,,,-0.14798090134215688,1.0645445309703279,0.42002221372956505,-0.957900299203851,-1.2962632554034403,2.3068289279841725
2021-04-22,,,,0.4200222137295542,1.0690158544754464,-0.8015947080962427,-1.6311781554654181,-1.0586354558071887,2.9288062580420826
2021-04-23,,,,-0.8015947080962534,1.0604466799572614,-0.2784044129097274,-1.5326764442435747,0.8444003294928004,4.562157147698764
2021-04-26,,,,-0.27840441290973184,1.0574943496037057,-0.6631787627523811,-0.7627216183372032,0.8248029629668974,5.761106031659402
2021-04-27,,,,-0.6631787627523769,1.0504812716598275,0.3680202748468808,-0.5025660308665136,2.8215679064809818,6.189513199801677
2021-04-28,,,,0.36802027484688776,1.054347255723005,-0.26262261595447756,-0.3416354835183988,1.786434421139993,7.148635468672326
2021-04-29,,,,-0.26262261595446446,1.051578301378781,-0.7022622927179922,0.5820367560801953,2.7651061388350495,8.380569878987409
2021-04-30,,,,-0.7022622927179916,1.0441934634897934,0.5013580605354617,2.414076759576367,3.453169519004362,8.754860503614402
2021-05-06,,,,0.5013580605354574,1.0494286115865838,-0.4027622186079993,1.5997260376272582,2.759559554962676,8.303640744268082
2021-05-07,,,,-0.40276221860799066,1.0452019096278506,0.5303589382146923,3.3409242879356205,3.502704574001192,8.708049503469638
2021-05-10,,,,0.5303589382146956,1.0507452313779526,0.661781945438622,2.1353650694382553,3.6504111214258117,9.21158482305724
2021-05-11,,,,0.6617819454386118,1.0576988736117692,1.1063849926573832,2.1704366437209632,4.030105843212084,8.585313145027683
2021-05-12,,,,1.106384992657378,1.069401095216916,-0.2977835817369656,1.0145995475478786,3.6866269282764152,7.794727197685325
2021-05-13,,,,-0.2977835817369624,1.0662165943324446,1.3041177398702475,1.141571500798988,4.895921364215927,8.705931366637621
2021-05-14,,,,1.3041177398702533,1.0801213140845745,-0.6424126601806468,0.15655006685908468,3.275524154994347,6.7308323601446896
2021-05-17,,,,-0.6424126601806375,1.0731824780175856,0.6963475159491805,1.483370672790496,5.268090073129295,6.632873574686582
2021-05-18,,,,0.6963475159491873,1.0806555575448629,-0.037414664791302066,1.8201636995797355,5.464368160692512,4.93275099184689
2021-05-19,,,,-0.03741466479131304,1.0802512338904589,-0.17246124992755796,2.6451893020382755,5.124725524853169,5.865859776765769
2021-05-20,,,,-0.1724612499275585,1.0783882191101335,0.31751326221136633,3.711975014534219,5.395197501153226,7.0762931760271375
2021-05-21,,,,0.3175132622113554,1.0818122447239331,0.6738237132777103,3.1140989641248673,5.0291873539853205,8.091439648940547
2021-05-24,,,,0.6738237132777093,1.0891017521620248,1.0305286477117814,3.7293985953045894,5.365317552977711,8.204306650947292
2021-05-25,,,,1.0305286477117774,1.1003252577207854,0.7725594031430916,3.579059715387034,4.378739466708748,7.934559095841975
2021-05-26,,,,0.772559403143083,1.1088259239644658,0.8650407779448477,2.4156380242221998,3.9620348265843486,6.521309052652491
2021-05-27,,,,0.8650407779448537,1.1184177203631822,-0.2607944848708188,1.6229779506012898,3.6321812639337203,6.032444074718302
2021-05-28,,,,-0.26079448487083445,1.115500948630657,1.2745618007218074,1.8572517328854898,3.345718391092034,7.041813146937059
2021-05-31,,,,1.2745618007218085,1.129718697608593,0.8841013405060938,1.5771025185016052,1.296483578840646,4.908696532337409
2021-06-01,,,,0.8841013405060958,1.1397065557580985,-0.3593390887525305,0.7720477030000783,-0.5040727765377784,4.980875400307716
2021-06-02,,,,-0.3593390887525395,1.1356111446061845,0.08438176735594549,1.5099225393649496,0.7050046962903789,4.027705778618129
2021-06-03,,,,0.08438176735594698,1.1365693933602943,-0.03086340639555374,1.977115170064292,1.5950401106800793,3.4601209455003445
2021-06-04,,,,-0.030863406395555217,1.136218609329454,0.9960152226151653,1.4613261529085486,2.9156202881341464,4.987909151450998
2021-06-07,,,,0.9960152226151673,1.1475355196405617,0.0845389432923449,-0.27626200462831374,2.694424658799255,4.158772635094343
2021-06-08,,,,0.08453894329233783,1.1485056340427702,0.37025148761307136,-1.2663437020739021,3.406651246509207,5.050626346999798
2021-06-09,,,,0.37025148761307447,1.1527579932381335,0.5450134419754837,-0.7929449879763406,2.4617392592759524,4.3645193516757885
2021-06-10,,,,0.5450134419754779,1.1590406792547283,-0.5364962890627489,-0.3746674523465665,2.316136533565305,4.719733759420364
2021-06-11,,,,-0.5364962890627456,1.152822469021799,-0.7336041965589346,1.4333482424957467,3.5764372374459397,6.608356227905854
2021-06-15,,,,-0.733604196558948,1.1443653150101807,-0.9091248743398395,2.978916277251309,3.5659806005855277,8.086339235267225
2021-06-16,,,,-0.9091248743398359,1.1339616052781056,0.8514971921629977,4.732930110966893,5.512736380180261,8.258790025561646
2021-06-17,,,,0.8514971921630027,1.143617256507255,0.9689320880564178,3.280698380632141,3.299439876248922,6.934049831282096
2021-06-18,,,,0.9689320880564184,1.1546981310701043,1.2685825114256977,2.7009234670557047,1.835799102779423,5.918607121669073
2021-06-21,,,,1.2685825114256952,1.169346429620619,0.7789453834115889,2.11280513961416,2.0135805016916253,4.883146993797127
2021-06-22,,,,0.7789453834115925,1.1784549996502371,0.7786649378722865,0.5700820561693076,1.4259274358470408,4.44677989687865
2021-06-23,,,,0.7786649378722956,1.1876312155411166,-0.546914406930521,0.7445664590756351,1.5898156266288321,4.908741999367838
2021-06-24,,,,-0.5469144069305221,1.1811358893221182,0.4021344695942064,0.018146174368149914,1.8570640183892761,6.305129217630978
2021-06-25,,,,0.4021344695941978,1.1858856438658305,0.688666505236113,-0.8423725270141347,2.349186850958307,4.917885786677156
2021-06-28,,,,0.68866650523612,1.1940524410855382,-0.7436257099556531,-0.0971715915421889,2.9272285003483223,2.862146700898349
2021-06-29,,,,-0.7436257099556458,1.1851731601432731,0.95351122235241,0.8509940154963092,4.364713787739816,1.7055940780223988
2021-06-30,,,,0.9535112223524161,1.196473919229548,-1.2640224484932516,0.8390022382959605,2.6025802567444467,-1.4349153459156438
2021-07-01,,,,-1.2640224484932496,1.1813502203001194,-0.4616879233859783,1.8385842113242346,3.518518550911187,2.463814776863882
2021-07-02,,,,-0.4616879233859781,1.1758960690001001,1.4453736833255348,3.2186725916187653,4.009207032164608,4.029907777656239
2021-07-05,,,,1.4453736833255244,1.192892161324687,0.1984044795839468,3.027341808106887,2.812925963379853,4.530687664707234
2021-07-06,,,,0.19840447958395208,1.195258912809361,0.9415072552523496,3.484070540448614,2.9783828823673586,4.1110710202353795
2021-07-07,,,,0.9415072552523588,1.2065123621925113,-0.2852870280794395,1.7489046691288257,3.266987298152979,4.642305549871284
2021-07-08,,,,-0.2852870280794237,1.2030703389310013,0.8872278039380399,1.6496049631846255,4.366967811322997,4.414693380888046
2021-07-09,,,,0.8872278039380327,1.2137443134789287,1.2573299665914472,0.7658831689044909,2.5097404432332437,3.664287244884412
2021-07-12,,,,1.2573299665914555,1.229005084450099,0.6425922986374566,-0.20811547785671847,-0.06323088690740608,3.5894725887852363
2021-07-13,,,,0.6425922986374483,1.2369025764726382,-0.7510262668072865,-0.488662318210209,-2.5479107000912493,4.071408149098676
2021-07-14,,,,-0.7510262668072826,1.2276131132285126,-0.3826015073715605,1.491989160925833,-3.9350819370789547,5.715596671344492
2021-07-15,,,,-0.3826015073715756,1.2229162469526094,0.010133967644865294,2.6732645435489255,-1.0188551660238465,6.577201558692569
2021-07-16,,,,0.010133967644867153,1.2230401768893993,0.27858101644531175,1.7306028781643112,0.019902800994553438,6.683333959056981
2021-07-19,,,,0.278581016445322,1.2264473346457123,0.35965384718350535,0.14518674704169232,1.670764337491204,6.595878090369767
2021-07-20,,,,0.3596538471835161,1.2308582996684452,1.2244031787900012,-2.0693605672008397,1.0999280685557888,3.874253067446287
2021-07-21,,,,1.2244031787900094,1.2459289678159862,0.776855327529069,-5.347290109172665,1.3318082455019864,3.6566034576313466
2021-07-22,,,,0.7768553275290695,1.2556080333796926,-0.9080770180523112,-3.595989399954014,0.04572861563951758,2.6553858796692698
2021-07-23,,,,-0.9080770180523068,1.244206145391753,-1.2842061434809926,-1.681598288784869,1.1262800946125973,2.9851488135843596
2021-07-26,,,,-1.2842061434809944,1.228227973635064,-1.85963605685332,1.523365865104398,3.6550145738242668,6.997200491941324
2021-07-27,,,,-1.859636056853316,1.2053874033769876,-2.163775061135731,3.2362584928605775,6.792382694658272,9.77256378415663
2021-07-28,,,,-2.1637750611357247,1.1793055313526448,2.6414673223836393,7.056425919953435,10.04599681446916,13.064644887353927
2021-07-29,,,,2.6414673223836367,1.2104565015943878,1.059690664687718,3.777558623263122,7.674246178357991,9.594722032229107
2021-07-30,,,,1.0596906646877167,1.223283596141889,1.9337121223402143,2.8559032027848374,6.662105212519909,8.260958989159395
2021-08-02,,,,1.9337121223402192,1.2469383793310842,-0.20382111759207344,2.099663156905396,4.8441789387260625,6.410283160041641
2021-08-03,,,,-0.20382111759207946,1.244396855590647,1.456568848625639,3.444646535735907,2.7441414172018064,6.572225104756568
2021-08-04,,,,1.456568848625633,1.2625223525424574,-0.5021809695863078,2.7925188692092595,2.294240330239594,4.761450638686293
2021-08-05,,,,-0.5021809695863039,1.2561822055512157,0.16217281084134338,3.7548460445487652,2.608464449347614,6.425093926906733
2021-08-06,,,,0.16217281084134458,1.258219391543247,1.1842524148105271,3.7005187755057456,1.8381658231991116,6.411820876501162
2021-08-09,,,,1.1842524148105176,1.2731198850712122,1.1108179097802484,2.6880752560397125,3.2243359685572237,6.490203063022992
2021-08-10,,,,1.110817909780254,1.2872619287675569,0.8169742662786472,-0.6771787057072154,2.790630768131952,6.598001747292104
2021-08-11,,,,0.8169742662786499,1.29777852746519,0.42930175107558366,-0.4847420264150415,2.7430784946898434,6.616958830041231
2021-08-12,,,,0.4293017510755794,1.303349913408681,0.10972670815143637,-1.1048945074902061,1.7835981416483904,6.312527574092042
2021-08-13,,,,0.10972670815144615,1.304780036364359,0.19637557640086456,-1.795895502064282,1.4989895178365797,5.8064468754532195
2021-08-16,,,,0.1963755764008745,1.3073423056815328,-2.202746783081677,0.5222229661822064,1.493744561851984,6.31889424849732
2021-08-17,,,,-2.2027467830816723,1.278544865099267,1.0123058475937086,3.491452849052745,3.725841332412805,7.87610550808564
2021-08-18,,,,1.0123058475936986,1.291487649532776,-0.19654680644017875,3.243543338813093,2.4118760748227386,7.455394326881382
2021-08-19,,,,-0.19654680644018385,1.28894927180205,-0.5897611014561988,2.9207640102647536,3.719604905931684,6.218920095145042
2021-08-20,,,,-0.5897611014562024,1.2813475503794587,2.561521818123347,3.3551398251079334,4.4911011665728084,6.565134927269178
2021-08-23,,,,2.56152181812334,1.3141695474484176,0.6859928224085765,0.9664744441600925,3.1638538178250686,4.375846874777145
2021-08-24,,,,0.6859928224085706,1.323184656218193,0.7703350318261526,0.22648100582944863,3.704005852195391,4.446963467697329
2021-08-25,,,,0.7703350318261587,1.3333776111607902,-0.5085710799863086,-0.8055392493272806,3.7704538272635313,2.2249555978808733
2021-08-26,,,,-0.5085710799863171,1.3265964382434141,-0.1702014145401276,0.776170778898666,4.449567037452251,0.059595671102363745
2021-08-27,,,,-0.17020141454013313,1.3243385523402849,0.19119793293651544,1.0990854865922328,4.243842601861281,0.6232378442281528
2021-08-30,,,,0.19119793293651854,1.326870660277441,-0.051944937927850265,2.176345550106573,4.754135052830577,-2.3961142318512874
2021-08-31,,,,-0.05194493792784882,1.326181418136577,-0.26728522409928956,3.469666710301511,4.001186321904471,-0.24503042219180537
2021-09-01,,,,-0.2672852240992793,1.3226367311611475,1.0778742684173448,4.613153841415252,4.924739635053466,1.4940015030618037
2021-09-02,,,,1.0778742684173537,1.3368930921509699,0.1496808550497608,3.6451040262414525,2.4096844482584645,0.25812387903760836
2021-09-03,,,,0.14968085504976203,1.3388941651624027,1.2587840117752602,3.1105692995473166,1.9848903280194952,-1.4790408745519956
2021-09-06,,,,1.25878401177526,1.3557479508480588,1.2131711105680898,2.522882853996644,1.1748233631251326,-2.3336456169945397
2021-09-07,,,,1.2131711105680838,1.3721954933198663,0.8349032676891577,0.5136960700676818,0.7164213276012132,-2.8716920606473573
2021-09-08,,,,0.8349032676891468,1.3836519983326772,0.1425385681665725,0.29784571270123905,-1.489343230545459,-4.33156432670695
2021-09-09,,,,0.1425385681665644,1.3856242360795088,-0.3668267290499738,-1.1919709952437407,-4.202957935455876,-3.743126151013043
2021-09-10,,,,-0.36682672904996977,1.3805413960173747,0.6816519557608425,-1.0917202563954453,-3.4732073063166946,-2.8248130129341686
2021-09-13,,,,0.6816519557608437,1.3899518834434152,-0.7703486666166159,-1.3148864461715148,-6.825744187640693,-3.6334980902133496
2021-09-14,,,,-0.7703486666166149,1.3792444076426964,0.6183631268294576,0.20168918810050673,-4.082854142599279,-3.355608407245647
2021-09-15,,,,0.6183631268294558,1.3877731464884162,-1.344971219054969,-1.7818816850423969,-3.269713266789487,-4.764017796628551
2021-09-16,,,,-1.3449712190549699,1.3691079970823734,-0.2657387978887149,-3.047309991445324,-2.1009346731342804,-2.7869794503844414
2021-09-17,,,,-0.26573879788870874,1.3654697459491285,0.4544845163354294,-2.407773197648033,-3.3965141222687567,-2.891131573350225
2021-09-22,,,,0.45448451633542186,1.371675594519712,0.7545953293938146,-5.584284744692769,-3.467729286294363,-4.9234006049347805
2021-09-23,,,,0.7545953293938088,1.3820261944903927,-1.3734561330937312,-4.2759192638527015,-3.562590232011409,-7.348459137158159
2021-09-24,,,,-1.3734561330937252,1.3630446709612025,-2.6160286179360503,-1.514823952314015,-2.885191500461892,-4.607152886479349
2021-09-27,,,,-2.616028617936046,1.3273870322936052,0.3921462967416023,0.976120743248643,0.48000624500808,-0.8013915422332429
2021-09-28,,,,0.3921462967416107,1.3325923313841728,-2.8151901337246654,-1.0131349155739322,0.6717246841922098,-2.3996311182604035
2021-09-29,,,,-2.8151901337246623,1.295077323548274,2.150801821168269,2.2417406389127814,3.426103132882652,1.1390655484453616
2021-09-30,,,,2.1508018211682587,1.3229318702086876,1.4713587324027833,0.7451928776495587,0.7582020178486415,0.4116167841478502
2021-10-08,,,,1.4713587324027835,1.3423969438047425,-0.15293623508320087,-1.3914454978324442,-1.5448155694611554,-1.4504006334288055
2021-10-11,,,,-0.15293623508320117,1.3403439324590156,-1.5856049146554696,-0.4913186351276244,-0.7007674434475919,-0.7093848381329426
2021-10-12,,,,-1.5856049146554738,1.319091373192659,0.380430433018053,1.70210421183572,0.523151462213467,2.022188526097546
2021-10-13,,,,0.3804304330180588,1.3241095982155997,0.6555851628700093,1.1583942982276385,-1.50796340734346,2.3295677085160227
2021-10-14,,,,0.655585162870014,1.332790264281639,-0.6806804159390833,0.012912914083029747,-3.92572645227085,2.7237057958435784
2021-10-15,,,,-0.6806804159390799,1.323718221967131,0.7584960915617112,-0.15553424589074272,-1.7731192725624734,4.55878954901876
2021-10-18,,,,0.7584960915617012,1.333758572944042,0.5836970968821298,-0.21048295027844555,-1.2752763809715573,4.733199030601676
2021-10-19,,,,0.5836970968821372,1.3415436830137328,-0.15621367657673302,-1.1592215901124248,-3.0508624065868406,3.3615281496871097
2021-10-20,,,,-0.1562136765767233,1.3394480083036142,-0.4842025909206793,-2.6358244652543106,-2.211276955391883,5.013851698611904
2021-10-21,,,,-0.4842025909206779,1.3329623663433727,-0.8479593884937131,-3.9381308389021763,-0.3439771916924461,4.843371007832942
2021-10-22,,,,-0.8479593884937247,1.321659386812876,0.703044356961624,-1.620104844524295,0.09589635789972739,7.036777769679103
2021-10-25,,,,0.7030443569616218,1.3309512385501177,-0.3725921286246048,-1.0670393666326272,-0.008678208746926153,7.312294339710035
2021-10-26,,,,-0.3725921286246032,1.3259922189994482,-1.6478006948298263,-1.9138263041898362,1.4912356428136375,8.161739668039703
2021-10-27,,,,-1.6478006948298303,1.304142510001386,-1.8152882446809127,0.4360407794044452,3.8962856781312727,10.494419280728607
2021-10-28,,,,-1.8152882446809093,1.2804685643234441,1.5446341508599915,3.741498763866713,6.921137160418955,12.57965312519065
2021-10-29,,,,1.5446341508600017,1.3002471190590106,1.2691699587871863,1.7442600438962952,6.446207773970936,10.743410474990966
2021-11-01,,,,1.269169958787195,1.3167494648841034,-1.2253229785665565,1.0697760898997544,6.086089878316114,9.351302591386613
2021-11-02,,,,-1.2253229785665614,1.3006150311207263,0.7084396093650192,3.4715004354879175,6.614180090148225,11.608668380016795
2021-11-03,,,,0.7084396093650136,1.3098291031665408,1.4160760833551667,3.4452223244510582,7.388509052018111,11.978966417561843
2021-11-04,,,,1.4160760833551598,1.3283772798293076,-0.41031037517733626,3.0649628494279213,5.2052530829004295,9.205192131464091
2021-11-05,,,,-0.41031037517733465,1.3229268100286695,0.5978354762101734,4.62133955079731,6.93423173609613,10.1144513590401
2021-11-08,,,,0.5978354762101844,1.3308357358233165,1.1218628539119146,4.9632184639990085,7.321607932877017,7.8889311444444665
2021-11-09,,,,1.1218628539119235,1.3457658875901035,0.6828632183079275,3.0372417926032735,6.572492671881647,6.085651693952787
2021-11-10,,,,0.6828632183079241,1.3549556278409915,1.0432756486535189,3.811956356185431,6.350692480998044,6.627886539467198
2021-11-11,,,,1.0432756486535142,1.369091549956317,1.093586471466157,2.076641929808254,5.2922332431631025,6.048913951747847
2021-11-12,,,,1.0935864714661472,1.3840637499286257,0.9265664866399348,2.210726984790523,4.036971152739199,5.327623855348307
2021-11-15,,,,0.926566486639937,1.3968880207891963,-0.733628542738729,2.2468722885883308,3.0778895864818967,4.790683940953722
2021-11-16,,,,-0.7336285427387302,1.3866400515585886,1.4398757225379422,3.4310418425157696,4.684637902430477,6.164707381368717
2021-11-17,,,,1.439875722537932,1.4066059450199684,-0.6457576773335694,2.4455141911612355,4.274626220315736,4.907845430850455
2021-11-18,,,,-0.6457576773335543,1.3975226791401716,1.2263802119744316,3.1501734898038647,3.8020335785055925,6.55437583520293
2021-11-19,,,,1.226380211974438,1.4146616207350016,0.9622576661721061,1.7867441332458212,2.973995858307066,4.479111301533689
2021-11-22,,,,0.9622576661720968,1.4282743106309186,0.41602241652745064,0.8127557149602227,0.528619746288439,2.452516210327249
2021-11-23,,,,0.4160224165274564,1.434216251932646,0.4733206081966923,1.2120114402631943,-0.45681673171308335,3.6300065884356414
2021-11-24,,,,0.4733206081966865,1.4410046930191494,0.037638675010587264,1.7854486295431293,0.26064151723195206,3.6665509582231914
2021-11-25,,,,0.03763867501059413,1.441547068092442,-0.11162062476438583,0.6319524889273787,0.7186481711687787,3.1416503786812378
2021-11-26,,,,-0.11162062476438614,1.4399380042487646,-0.00384131349553396,1.1664109459155414,1.2405712010918446,1.5663192791196767
2021-11-29,,,,-0.003841313495536784,1.43988269171588,0.8137069315238055,-0.2818452552523554,1.6616505841777096,2.033989762463251
2021-11-30,,,,0.8137069315238071,1.4515991169841838,1.0425725946685782,-1.648843994135274,1.4138363647183017,1.8516630960748293
2021-12-01,,,,1.0425725946685802,1.466733091562312,-1.096050193895648,-1.498060020210601,0.6072610696266745,0.7182695383591176
2021-12-02,,,,-1.0960501938956382,1.4506569606683117,0.4188886994764607,0.08615124728992285,2.6515301885831954,2.844708425888798
2021-12-03,,,,0.41888869947645013,1.45673359874472,-1.4353446707523476,0.07330521512318722,1.4616461473415887,3.0395824391031168
2021-12-06,,,,-1.4353446707523485,1.4358244506680788,-0.5683103209039642,1.9489889723740994,1.9137798458730204,5.694499198113001
2021-12-07,,,,-0.56831032090398,1.4276645121248694,1.197482829078922,3.114025786001884,4.105578288705103,4.814867085264596
2021-12-08,,,,1.1974828290789277,1.444760549514418,0.49462661627972526,2.1373397217042234,3.3970553045043816,4.489659243407007
2021-12-09,,,,0.4946266162797152,1.4519067197338256,0.4059999605420028,2.5631707377325563,2.405713590788694,2.3547166550690335
2021-12-10,,,,0.4059999605419967,1.4578014604430516,0.41206231398434046,1.3873239514113678,0.3217564600468181,2.851229934662314
2021-12-13,,,,0.4120623139843391,1.4638085108742507,0.5679596910404427,-0.034536023217079936,0.3662533277258184,2.0041035511357164
2021-12-14,,,,0.5679596910404417,1.4721223531700358,0.23895007402687796,0.9616077882179219,0.43172287633608253,2.8212723790904226
2021-12-15,,,,0.23895007402687554,1.4756399906227018,0.9136088325191416,1.2333546049197563,0.11033842642391711,1.6709576903083834
2021-12-16,,,,0.9136088325191491,1.4891215679132155,-0.7451157034117584,-0.153522113065796,0.1881883659704986,0.3015018767193123
2021-12-17,,,,-0.74511570341176,1.4780258892678027,-0.9961205515834792,-1.0509868983968884,1.5552047021492932,2.6707377484940675
2021-12-20,,,,-0.9961205515834776,1.4633029696270816,1.5701072997199805,0.40092781546632317,3.709723413220134,2.4143550773148448
2021-12-21,,,,1.5701072997199768,1.4862783963702157,0.5087517955811638,-0.5248380285240217,0.6813168018648286,0.9188071228946715
2021-12-22,,,,0.5087517955811619,1.4938398643990842,-0.4688874323129144,-1.1093341546159263,1.0567070171243254,-1.9617315305596628
2021-12-23,,,,-0.46888743231291624,1.4868354370160366,-1.6372629810470385,0.3422358868013786,-0.0497989164192969,-2.639073681646642
2021-12-24,,,,-1.6372629810470498,1.462492030816684,0.45659923606204966,2.6338732634655804,2.5213608332534054,-1.287268741599068
2021-12-27,,,,0.4565992360620568,1.4691697582568612,0.6335608140008553,3.2955826900676444,1.6318734326585371,-5.690458954612354
2021-12-28,,,,0.633560814000857,1.4784778421363278,-0.08181749728105592,1.2125185890470958,2.3792776169902607,-5.665458233704356
2021-12-29,,,,-0.08181749728104697,1.477268188568037,0.9920834283553281,2.1903393542994865,1.5588991990387102,-8.628056717813015
2021-12-30,,,,0.9920834283553297,1.4919239214591855,0.6091661784338953,-0.390697695497777,0.11310066844896216,-8.424657525055379
2021-12-31,,,,0.6091661784338869,1.5010122173966796,1.1042711650776083,-0.1096250454500014,1.0984499018209082,-7.723131203851796
2022-01-04,,,,1.104271165077604,1.517587462497683,-1.3958208152067164,-1.6106296262454745,-1.2490326782032102,-7.464783013168297
2022-01-05,,,,-1.3958208152067195,1.496404660807173,0.8834986023423363,1.1527813399057507,0.23588320909353477,-4.786985828621592
2022-01-06,,,,0.8834986023423472,1.50962537507079,-1.5586890880276871,-0.6179059187498503,-2.9868760191963495,-5.91425501062679
2022-01-07,,,,-1.558689088027686,1.4860950090794645,0.8930601953844652,0.5057744129224329,-2.59056483844603,-6.332772739152237
2022-01-10,,,,0.8930601953844668,1.4993667320711483,-0.41497404974732977,1.2094007533964835,-3.7149619785549426,-7.147552794919498
2022-01-11,,,,-0.4149740497473343,1.4931447492225085,1.3736233740639925,0.3675162740331084,-7.2047598257870105,-6.263289882148126
2022-01-12,,,,1.3736233740639932,1.513654934506438,-0.8824748411708327,-0.9064487586665115,-7.857777509224729,-6.361225113489533
2022-01-13,,,,-0.8824748411708278,1.5002973105272779,-0.4456458792039153,-2.383699118384175,-10.03058914304199,-5.745870792060115
2022-01-14,1.2261904761904763,0.32142857142857145,0.9047619047619048,-0.4456458792039186,1.4936112973871059,1.599397867415564,-3.0807575678660326,-8.528112840875234,-4.617685372792224
2022-01-17,1.5317460317460316,0.5674603174603174,0.9642857142857143,1.599397867415554,1.517500084624993,-1.243346583330407,-4.865519107212157,-8.7257332968404,-4.837594254489163
2022-01-18,0.16666666666666666,0.007936507936507936,0.15873015873015872,-1.243346583330407,1.4986322991707721,0.0868878224537406,-7.54454865570805,-6.29436906142905,-4.636642377556832
2022-01-19,0.48412698412698413,0.15476190476190477,0.32936507936507936,0.08688782245374894,1.49993442814211,-2.360082595267865,-7.014915363794849,-5.011048814961139,-3.1054066467690933
2022-01-20,0.47619047619047616,0.047619047619047616,0.42857142857142855,-2.3600825952678504,1.4645347367630976,-1.1565435786237033,-7.833619954449588,-3.0175082208564907,-3.0839559979633946
2022-01-21,0.03571428571428571,0.027777777777777776,0.007936507936507936,-1.1565435786237086,1.4475967543083506,-0.27154842956423897,-5.620509546206587,-3.841730418105538,-0.9536084475337603
2022-01-24,0.1746031746031746,0.03571428571428571,0.1388888888888889,-0.2715484295642252,1.4436658280556034,-4.0243781307878095,-4.0576394104452245,-3.565030337943087,-0.6484118588030441
2022-01-25,1.0317460317460316,0.9801587301587301,0.051587301587301584,-4.02437813078781,1.385567256189677,0.660237983033829,1.3521967348615327,1.0145670638616489,4.38966701651442
2022-01-26,0.05952380952380952,0.027777777777777776,0.031746031746031744,0.6602379830338309,1.3947152974955208,-3.219771532726534,2.155040839800959,1.6241765775565353,4.150345438923231
2022-01-27,0.9801587301587301,0.9722222222222222,0.007936507936507936,-3.219771532726535,1.3498086513841778,1.2168976055125347,5.225453935820079,4.762416814970738,7.369677265820096
2022-01-28,0.2142857142857143,0.08333333333333333,0.13095238095238096,1.2168976055125305,1.366234440541873,1.379897429019472,1.884709399837159,4.275004692185269,4.898225925790434
2022-02-07,0.8095238095238095,0.28174603174603174,0.5277777777777778,1.3798974290194685,1.3850870744612889,1.3873334955038175,0.5134427269405384,4.259841445778112,1.9324598529561365
2022-02-08,1.4761904761904763,0.5277777777777778,0.9484126984126984,1.387333495503814,1.4043028513871842,1.4576008549791686,-0.33312516341714726,1.7690790481512675,-2.591051041679715
2022-02-09,1.8095238095238095,0.8492063492063492,0.9603174603174603,1.4576008549791755,1.4247719817555007,-0.3109059644807455,-0.5196652635839238,2.0061724489197186,-5.288486169447893
2022-02-10,0.8650793650793651,0.3134920634920635,0.5515873015873016,-0.3109059644807445,1.4203422806839723,-1.9965815003224474,-0.4400428827152192,-0.0685152297986269,-3.3291412781652485
2022-02-11,0.5952380952380952,0.10317460317460317,0.49206349206349204,-1.996581500322453,1.3919839894665782,0.01542502226681286,2.3460785297699793,3.0035086770275887,-0.6366259260087825
2022-02-14,0.7380952380952381,0.4126984126984127,0.3253968253968254,0.015425022266812858,1.3921987033069039,0.5334053173649655,3.7272613664375287,3.0244407079308866,-3.2767309885303297
2022-02-15,0.43253968253968256,0.16666666666666666,0.26587301587301587,0.5334053173649731,1.399624765218629,1.267709167723985,2.1092305894162555,3.3412012254816936,-8.627853385664718
2022-02-16,1.3968253968253967,0.503968253968254,0.8928571428571429,1.267709167723993,1.417367936681041,-0.23111649619251828,2.539032180778378,2.485795158634141,-7.002533829784785
2022-02-17,0.3134920634920635,0.14285714285714285,0.17063492063492064,-0.23111649619251487,1.4140921655676275,0.7459811793404159,0.3731697598854167,2.4887364477799823,-5.020310443977538
2022-02-18,1.0238095238095237,0.38492063492063494,0.6388888888888888,0.7459811793404159,1.4246410269812892,1.36515517731699,0.642359880028387,0.5976707797279657,-4.478688246537432
2022-02-21,1.8293650793650795,0.8373015873015873,0.9920634920634921,1.365155177316983,1.4440895877193063,-1.0348048308582602,-0.6775660026574815,-2.2322895954454025,-4.492129848066395
2022-02-22,0.9484126984126984,0.1626984126984127,0.7857142857142857,-1.0348048308582607,1.4291460789036659,1.693968598949147,1.2065222986736845,-4.284336785408094,-3.6154878803906665
2022-02-23,1.5952380952380953,0.7341269841269841,0.8611111111111112,1.6939685989491513,1.453355364713407,-2.338466945671902,-0.05191878742367706,-7.151193347657914,-4.937021768836935
2022-02-24,0.1111111111111111,0.015873015873015872,0.09523809523809523,-2.338466945671907,1.4193691299064346,1.0161711398892992,2.10770138370191,-3.262861605493639,-3.7559458951326397
2022-02-25,1.1468253968253967,0.38095238095238093,0.7658730158730159,1.0161711398893007,1.4337923493730416,0.03574982473482091,-0.04440386766934035,-3.533990880301152,-5.131485658664225
2022-02-28,0.42063492063492064,0.12301587301587301,0.2976190476190476,0.03574982473481773,1.4343049276250037,0.8425068594908103,-1.5653297349010997,-6.116191122381065,-5.5696153136648885
2022-03-01,1.1746031746031746,0.29365079365079366,0.8809523809523809,0.8425068594908038,1.446389045026259,0.42946641681174125,-5.425400418243331,-11.582074205844528,-7.2129132961593845
2022-03-02,1.246031746031746,0.3611111111111111,0.8849206349206349,0.42946641681175063,1.4526008002310908,-0.22825318100149206,-7.102962332148244,-9.258189365396706,-6.137156703468827
2022-03-03,1.4246031746031744,0.44047619047619047,0.9841269841269841,-0.2282531810014964,1.4492851926973103,-1.112928129191626,-5.259704132417942,-7.326704525802718,-6.126450775288383
2022-03-04,0.12698412698412698,0.09523809523809523,0.031746031746031744,-1.112928129191622,1.4331556901155729,-1.4863956622966246,-3.4911372125798423,-5.046199367161064,-5.25649146670114
2022-03-07,0.9603174603174603,0.0992063492063492,0.8611111111111112,-1.4863956622966208,1.4118533261037378,-3.1119860373180708,-4.6232301842672126,-2.3114382481393525,-2.891638854592282
2022-03-08,0.992063492063492,0.9801587301587301,0.011904761904761904,-3.111986037318075,1.3679166477279787,-1.351948980553952,-6.509859745458357,0.6987873066478967,-2.043646135178312
2022-03-09,1.0476190476190474,0.06349206349206349,0.9841269841269841,-1.35194898055396,1.3494231125541924,1.751412640884853,-2.3200169643238344,2.384706555369731,-1.3856334998140207
2022-03-10,1.507936507936508,0.7182539682539683,0.7896825396825397,1.7514126408848545,1.3730570795264885,0.7330488387798928,-2.1817542097122056,-0.5097156043919249,-5.912386586262974
2022-03-11,1.0119047619047619,0.42857142857142855,0.5833333333333334,0.7330488387798996,1.3831222585037426,-2.642005166596384,-1.6113153856206486,-1.656018314576313,-5.010569522763264
2022-03-14,0.10714285714285714,0.023809523809523808,0.08333333333333333,-2.642005166596389,1.3465800969737292,-5.028509228659606,2.423852202789245,0.5821832489014689,-4.303721458446996
2022-03-15,0.9880952380952381,0.9642857142857143,0.023809523809523808,-5.028509228659601,1.2788671925261117,3.069050103536486,7.710596039838613,4.941487679610268,1.6473411655523629
2022-03-16,1.9365079365079365,0.9365079365079365,1.0,3.0690501035364908,1.3181162674224285,1.8954383681642595,4.816466356239268,3.4394648289481244,-3.0522597766512782
2022-03-17,1.623015873015873,0.8888888888888888,0.7341269841269841,1.8954383681642697,1.3431003488921678,1.320485686195294,1.7093320288169567,1.2951452134865704,-4.171046982805482
2022-03-18,1.6865079365079365,0.9325396825396826,0.753968253968254,1.3204856861952972,1.360835796750528,1.3508912397746542,-0.0454350305940876,-0.2214678065949327,-5.0233601195049165
2022-03-21,1.9166666666666665,0.9404761904761905,0.9761904761904762,1.3508912397746544,1.3792192083165484,-0.1264289735966928,-1.7980860066085458,-0.5939289063613185,-7.225883186895432
2022-03-22,0.9365079365079365,0.6468253968253969,0.2896825396825397,-0.12642897359668812,1.3774754756278254,0.29963643085841873,-2.570878318419234,-2.7234026498004993,-10.56360085661936
2022-03-23,0.873015873015873,0.4642857142857143,0.4087301587301587,0.2996364308584232,1.3816028939789466,-1.1251062596753347,-1.3137263401068466,-3.6825226950714107,-11.624841914628902
2022-03-24,0.49603174603174605,0.29365079365079366,0.20238095238095238,-1.1251062596753378,1.366058393334934,-0.42757269919740937,-0.4072259713720605,-5.4303503248499645,-17.305512742006524
2022-03-25,0.9365079365079365,0.35714285714285715,0.5793650793650794,-0.42757269919740776,1.360217500589939,-0.42624358649061556,-0.1761127929021722,-3.411038632661101,-19.787793091550487
2022-03-28,0.20238095238095238,0.1111111111111111,0.09126984126984126,-0.4262435864906208,1.3544196607313514,-0.9123762601992547,1.2262053266377748,-4.857624431613083,-17.04163672669233
2022-03-29,0.46825396825396826,0.19047619047619047,0.2777777777777778,-0.9123762601992402,1.3420622572833674,1.593827368709233,-0.15654901609372107,-3.1390316517286743,-17.663349470177568
2022-03-30,0.9603174603174603,0.5833333333333334,0.376984126984127,1.5938273687092357,1.3634524128450667,-0.2168732875488022,-2.4003301240537733,-6.27586832195467,-15.39342145940914
2022-03-31,0.6944444444444444,0.1388888888888889,0.5555555555555556,-0.2168732875487935,1.3604954487731662,-0.19650673697372278,-5.043663460999692,-5.396302246047114,-13.731962235933226
2022-04-01,0.9246031746031746,0.4087301587301587,0.5158730158730159,-0.19650673697373505,1.357821983560106,0.9725607153257654,-3.2406330090588797,-4.812550563083318,-14.433789302237976
2022-04-06,1.5714285714285716,0.6428571428571429,0.9285714285714286,0.9725607153257748,1.3710276267562687,-2.2659174859622544,-6.01013318499839,-6.671578715033344,-13.873438771142443
2022-04-07,0.1468253968253968,0.03968253968253968,0.10714285714285714,-2.265917485962241,1.339961272024225,-0.6892899343175718,-2.9871590036643525,-8.059696186323052,-10.372127065763149
2022-04-08,0.6349206349206349,0.2976190476190476,0.3373015873015873,-0.689289934317571,1.3307250538524085,-2.9193421139185216,-3.970851748604154,-8.24597927789692,-9.421146563226213
2022-04-11,1.0436507936507937,1.0,0.04365079365079365,-2.919342113918521,1.2918766369348302,1.6985615030420176,-0.37136940819382236,-12.557054465093342,-5.956277668039222
2022-04-12,1.4563492063492065,0.5952380952380952,0.8611111111111112,1.6985615030420256,1.313819956156599,-1.9175318241628103,-1.624563701591386,-16.95509945138215,-6.925796132220318
2022-04-13,0.25,0.011904761904761904,0.23809523809523808,-1.9175318241628083,1.2886270403850943,0.877481032282601,-0.7037413206860577,-12.806083747952634,-4.89436523550938
2022-04-14,0.7976190476190477,0.373015873015873,0.4246031746031746,0.8774810322825966,1.299934498241338,-1.6962826579934198,-5.2287275896294005,-14.995016120658168,-5.829423207673345
2022-04-15,1.0555555555555556,0.9920634920634921,0.06349206349206349,-1.6962826579934214,1.2778839347823965,0.7195542005792976,-4.451906121358961,-9.728074268828069,-3.497314087312131
2022-04-18,0.9841269841269842,0.11507936507936507,0.8690476190476191,0.7195542005793009,1.2870790023136511,0.4193302603229476,-12.231107648991134,-8.811135492362743,-3.4693490145351613
2022-04-19,0.5873015873015873,0.11904761904761904,0.46825396825396826,0.4193302603229476,1.292476114044615,-0.9994517091554078,-15.583702930971144,-10.107675745142132,-2.688870443474012
2022-04-20,0.45634920634920634,0.09126984126984126,0.36507936507936506,-0.999451709155417,1.2795584394323707,-3.719562427238665,-12.188115230355423,-7.716684753639102,-0.40288731016420165
2022-04-21,1.0277777777777777,0.9642857142857143,0.06349206349206349,-3.719562427238664,1.2319644644846828,-0.8905064338292856,-10.30511491788314,-2.515143830856148,-0.8026162147098281
2022-04-22,1.8253968253968254,1.0,0.8253968253968254,-0.8905064338292809,1.2209937416659562,-7.480690075300778,-5.522002515477231,-1.280780151192007,1.992605259785618
2022-04-25,0.9523809523809523,0.9444444444444444,0.007936507936507936,-7.48069007530078,1.1296549840131074,-3.4164863238028476,3.8965652465466905,7.548667027026368,10.720213017742108
2022-04-26,0.9603174603174602,0.9444444444444444,0.015873015873015872,-3.4164863238028347,1.0910604759781424,2.982777502530065,6.48693128691864,12.07696469368431,14.711255887031992
2022-04-27,1.3055555555555556,0.373015873015873,0.9325396825396826,2.9827775025300554,1.1236043823946158,-1.6549661085277334,5.0920561475774395,9.073704740561507,12.482442944517413
2022-04-28,0.746031746031746,0.023809523809523808,0.7222222222222222,-1.6549661085277316,1.1050091106720525,4.394653889844902,8.684966907416381,10.782418270903605,15.737824713128568
2022-04-29,1.9166666666666665,0.9365079365079365,0.9801587301587301,4.394653889844907,1.1535704365373425,1.742614958913391,4.489111197535722,6.902212543987396,11.643477213178933
2022-05-05,1.8492063492063493,0.9246031746031746,0.9246031746031746,1.7426149589133983,1.1736727275260448,-1.0084504730225263,3.5151323547734314,5.857937267526991,10.888806782800863
2022-05-06,0.9007936507936508,0.19047619047619047,0.7103174603174603,-1.0084504730225343,1.161836819353572,1.6338033666190688,5.249501830139014,8.252990856744024,13.993005203535258
2022-05-09,1.8253968253968254,0.9047619047619048,0.9206349206349206,1.6338033666190606,1.1808189484227904,1.7072759428524709,3.7887246086352633,7.925373534695712,11.575858412411733
2022-05-10,1.6428571428571428,0.7063492063492064,0.9365079365079365,1.707275942852463,1.2009787862578563,0.36442857839174003,1.9298449667597195,1.756711435440761,9.541357521440496
2022-05-11,1.1785714285714286,0.373015873015873,0.8055555555555556,0.3644285783917382,1.205355496175402,0.7942371495744727,2.309428531638802,3.3158542135877322,7.012666546729918
2022-05-12,0.5357142857142857,0.23015873015873015,0.3055555555555556,0.7942371495744754,1.2149288773104647,0.6501275330443423,2.2632487245672905,2.948940306176695,7.969752729024915
2022-05-13,1.1984126984126984,0.5634920634920635,0.6349206349206349,0.6501275330443416,1.2228274644487667,0.2232090900556205,2.853684791261357,2.3504305282957993,7.672538064596668
2022-05-16,1.25,0.5634920634920635,0.6865079365079365,0.2232090900556151,1.225556926505113,-0.11432448044685906,3.985643856458254,3.1251695466508522,7.523598172637813
2022-05-17,0.32936507936507936,0.23015873015873015,0.0992063492063492,-0.11432448044686913,1.2241558149163054,0.7381825814441356,-0.16985558192050831,4.473098276395415,7.516875177936222
2022-05-18,1.3412698412698414,0.7658730158730159,0.5753968253968254,0.7381825814441375,1.2331923199117532,0.748741260365704,0.9837076566581615,4.435141758399652,7.59811752334989
2022-05-19,1.2817460317460316,0.6071428571428571,0.6746031746031746,0.7487412603656943,1.2424257396305936,1.231249941671586,0.6705161337639653,4.752472648847972,7.368259751730899
2022-05-20,1.4484126984126986,0.7658730158730159,0.6825396825396826,1.2312499416715836,1.257723105825108,1.3262183823610219,-0.48929142790254954,5.302407168026657,7.277752941688886
2022-05-23,1.4801587301587302,0.7222222222222222,0.7579365079365079,1.3262183823610139,1.2744032608537625,-4.105979992976605,-0.8274933710995636,3.382415791725246,5.449767250561655
2022-05-24,1.0198412698412698,0.9761904761904762,0.04365079365079365,-4.105979992976601,1.2220765179332655,1.9022384367628709,4.65085359275017,7.650253212967373,8.654367738682911
2022-05-25,1.7817460317460316,0.8333333333333334,0.9484126984126984,1.902238436762881,1.2453233271840454,0.43627846376996793,3.417812815386312,3.5781655790210865,8.727315182974271
2022-05-26,0.5873015873015873,0.373015873015873,0.21428571428571427,0.43627846376996043,1.250756404664853,0.06498226302673604,4.05476863718488,4.876992815968784,9.449932254015291
2022-05-27,1.0317460317460316,0.42857142857142855,0.6031746031746031,0.06498226302673218,1.251569174481556,0.981846159055122,5.820176219258855,5.1998877863337345,10.305513104106122
2022-05-30,1.4325396825396826,0.6507936507936508,0.7817460317460317,0.9818461590551312,1.263857658349121,1.1912614624867146,4.2450365589508765,4.265135897786054,10.793825285689307
2022-05-31,1.5317460317460316,0.6785714285714286,0.8531746031746031,1.1912614624867255,1.278913507573721,0.7015830098501485,2.866101438493196,2.913455187753833,7.221843336476863
2022-06-01,0.8333333333333334,0.4801587301587302,0.3531746031746032,0.7015830098501397,1.2878861474535368,1.0548708565667697,0.1550533310166191,3.0286508082379537,7.411154995653546
2022-06-02,0.9285714285714286,0.4603174603174603,0.46825396825396826,1.0548708565667695,1.3014716830887847,1.7626985782030369,0.7901840439920704,2.497112513660249,6.149661045672783
2022-06-06,1.0912698412698414,0.5198412698412699,0.5714285714285714,1.762698578203047,1.3244127059423059,-0.5212746685522074,-0.5861721791503016,1.8758790295365646,4.998777027229928
2022-06-07,0.6071428571428572,0.28174603174603174,0.3253968253968254,-0.5212746685522192,1.3175088779991417,-0.1472788548274151,0.01928085930864576,1.9997128554253507,4.723920241171675
2022-06-08,0.9484126984126984,0.4880952380952381,0.4603174603174603,-0.1472788548274036,1.3155684660113751,-1.9524189618488452,0.04603435786758592,0.9327563064148725,4.042348354850667
2022-06-09,0.2103174603174603,0.12698412698412698,0.08333333333333333,-1.9524189618488563,1.289883057824865,1.6957077394012865,2.869148766487095,4.971269355050367,6.849621717111165
2022-06-10,1.6547619047619047,0.8214285714285714,0.8333333333333334,1.6957077394012874,1.3117557046656272,0.3730620297596188,1.6935463367376835,4.360288482022767,5.301200718885379
2022-06-13,1.25,0.5714285714285714,0.6785714285714286,0.3730620297596215,1.3166493671229405,0.08457361064779789,2.47656816225168,4.85326118231435,4.075431279794328
2022-06-14,1.1984126984126984,0.38095238095238093,0.8174603174603174,0.08457361064778851,1.3177629050322877,-0.12056990822918445,1.9800502254184948,6.261622671554856,2.362636597369172
2022-06-15,0.5119047619047619,0.1746031746031746,0.3373015873015873,-0.1205699082291701,1.316174079507012,0.814302783152776,0.8863139396164899,4.1864187154758925,3.745768772602487
2022-06-16,0.5833333333333333,0.3492063492063492,0.23412698412698413,0.8143027831527827,1.326891721667573,0.5335155511008605,2.0434898254432676,4.253675218529773,3.654318946096491
2022-06-17,0.6309523809523809,0.4166666666666667,0.21428571428571427,0.5335155511008565,1.3339708953489395,1.14591636608814,2.622331742129136,3.5635623701357755,1.4053889690963217
2022-06-20,1.626984126984127,0.6746031746031746,0.9523809523809523,1.145916366088143,1.3492570861575954,-0.40035466992563995,2.31925508697719,3.065394897636109,2.7426339780844966
2022-06-21,0.5119047619047619,0.18253968253968253,0.32936507936507936,-0.4003546699256498,1.3438552724038608,-1.1917770380072579,4.198441201658842,2.6707990733342735,4.218053635690167
2022-06-22,1.253968253968254,0.4603174603174603,0.7936507936507936,-1.1917770380072643,1.3278395138433017,1.9706526939734736,3.2711124502324607,3.0808551774763604,6.4813643272106924
2022-06-23,1.623015873015873,0.8531746031746031,0.7698412698412699,1.9706526939734774,1.354006618994499,1.1037921354504654,2.165924937364716,1.7893966354808555,4.118335199136136
2022-06-24,1.5238095238095237,0.8492063492063492,0.6746031746031746,1.1037921354504634,1.368952037568439,0.8472000390069789,0.9171791480744984,0.9015998810933734,2.764541452763636
2022-06-27,1.7341269841269842,0.8373015873015873,0.8968253968253969,0.8472000390069709,1.3805497997647056,1.4288833397959166,0.7292271723681631,-0.7418270960285689,1.1124875750919472
2022-06-28,1.8650793650793651,0.9087301587301587,0.9563492063492064,1.4288833397959222,1.4002762458511293,-2.0711347805350444,-1.466089233876422,-3.669232575373993,0.7876801030147096
2022-06-29,0.10714285714285714,0.05952380952380952,0.047619047619047616,-2.071134780535028,1.3712746374997362,0.8793824504127246,-0.1842308737090348,-0.42294374670540646,3.8669493984831105
2022-06-30,0.6785714285714286,0.47619047619047616,0.20238095238095238,0.8793824504127317,1.3833333860088697,-0.13197149892979487,-0.36854587487432644,-0.5749018163407116,3.8371458735346087
2022-07-01,0.26587301587301587,0.17857142857142858,0.0873015873015873,-0.13197149892979138,1.3815077802041575,0.6593783950431531,-0.015437675837381981,-2.083911900718649,3.464178831581899
2022-07-04,1.2182539682539684,0.5436507936507936,0.6746031746031746,0.6593783950431533,1.390617144032664,-0.7816815370882413,-1.4604046012181238,-0.3131612893660263,3.404919323860045
2022-07-05,0.6071428571428572,0.12698412698412698,0.4801587301587302,-0.781681537088236,1.379746946566177,-0.7971476464890603,-2.235923982279431,1.5070054741180616,0.23522717241932778
2022-07-06,0.6865079365079365,0.15873015873015872,0.5277777777777778,-0.7971476464890652,1.36874832625412,0.6931034320105667,-0.23915346751909317,3.2988755709094653,0.6349649019831816
2022-07-07,1.492063492063492,0.6349206349206349,0.8571428571428571,0.6931034320105598,1.3782351678789746,0.2219751537116066,-0.2071192709957037,2.287997218409177,1.401724520046188
2022-07-08,0.5515873015873016,0.38095238095238093,0.17063492063492064,0.22197515371160995,1.3812945075113814,-0.7953409049089366,-2.0687935985307493,1.8462953747667266,2.5399047168827016
2022-07-11,0.5595238095238095,0.24603174603174602,0.3134920634920635,-0.7953409049089346,1.370308507275883,-1.5625425565891637,1.164246014213166,1.8681732867624756,4.814026033098218
2022-07-12,0.7182539682539683,0.1865079365079365,0.5317460317460317,-1.562542556589153,1.3488968536931356,1.2290089810610194,3.828532533483009,4.62667618824486,6.897637995087491
2022-07-13,1.4761904761904763,0.7658730158730159,0.7103174603174603,1.2290089810610134,1.3654749171702738,0.7254369854637233,3.5465106416038727,4.308114044139133,5.960418190042138
2022-07-14,0.4246031746031746,0.2857142857142857,0.1388888888888889,0.7254369854637133,1.3753805772466572,-1.6477040943020271,2.5002950823521886,4.437559298885807,6.575524340801486
2022-07-15,0.47619047619047616,0.031746031746031744,0.4444444444444444,-1.64770409430203,1.352718375163129,2.479739678785098,3.997795102459545,5.666168696072793,7.918057236156817
2022-07-18,1.8650793650793651,0.8928571428571429,0.9722222222222222,2.4797396787850934,1.3862622694542663,1.0299305867467856,0.6958261443973157,3.7297607801755506,5.800425962199762
2022-07-19,1.1587301587301586,0.6865079365079365,0.4722222222222222,1.0299305867467874,1.400539808579906,0.9540479859541984,0.7687132190802082,-1.2528970742053835,5.560501632130288
2022-07-20,1.4325396825396826,0.7142857142857143,0.7182539682539683,0.954047985954192,1.4139016304161494,-0.29227494643672136,0.7355181722842552,-2.578838011743534,4.88761317027866
2022-07-21,1.0873015873015874,0.5238095238095238,0.5634920634920635,-0.29227494643672514,1.4097691501831826,-0.21080515681063394,1.8900084287339247,-0.8664483834506798,5.488180866408254
2022-07-22,0.5396825396825397,0.3412698412698413,0.1984126984126984,-0.21080515681063094,1.406797284115471,-0.7740304508245477,1.6042393898539453,0.6810354167166022,4.3920925742088945
2022-07-25,0.503968253968254,0.20634920634920634,0.2976190476190476,-0.7740304508245411,1.3959082447550446,1.1030594976246144,3.012969605540139,2.8918283810224654,5.922356455721278
2022-07-26,1.4206349206349207,0.6190476190476191,0.8015873015873016,1.1030594976246155,1.4113059432269401,0.9207918865154152,-2.0061884574137823,2.1705380401807917,5.196342618299865
2022-07-27,1.3888888888888888,0.6666666666666666,0.7222222222222222,0.9207918865154117,1.4243011338460836,0.8504361762700752,-3.2901564851826937,1.5840609918455817,1.0995786330679325
2022-07-28,1.7301587301587302,0.7777777777777778,0.9523809523809523,0.8504361762700832,1.4364139059473355,-0.49068208233755684,-2.7053259241926475,2.0471227557100624,-0.14362125827089844
2022-07-29,0.4880952380952381,0.26587301587301587,0.2222222222222222,-0.49068208233755906,1.4293656802826469,0.6017253475958162,-0.9086274142509287,2.1311348446456213,-0.20662025968257725
2022-08-01,1.6111111111111112,0.6904761904761905,0.9206349206349206,0.6017253475958163,1.437966535890743,-3.823040955648027,-0.11759803156977666,1.996211276735127,-0.0061914370112936545
2022-08-02,1.4682539682539684,0.9722222222222222,0.49603174603174605,-3.8230409556480245,1.3829924862951266,-0.4015270240322555,4.262234963459344,6.89984668355863,3.643364072987043
2022-08-03,0.503968253968254,0.07142857142857142,0.43253968253968256,-0.40152702403225715,1.377439397722316,1.460306020139912,5.040042771118203,7.664095797709969,1.3116661478673297
2022-08-04,0.8412698412698413,0.5912698412698413,0.25,1.4603060201399012,1.397554228171034,1.3469132940411965,4.884592836191448,6.4101700647615,-0.5372871897539544
2022-08-05,0.4484126984126984,0.28174603174603174,0.16666666666666666,1.346913294041206,1.4163780718617045,1.404811616579571,3.0676356372660862,3.685954501890354,-0.507541396919553
2022-08-08,1.6944444444444446,0.8650793650793651,0.8293650793650794,1.4048116165795674,1.4362755155499034,0.394308750430894,2.116298033134001,2.9453535060883107,-1.610393339536198
2022-08-09,1.1984126984126984,0.6944444444444444,0.503968253968254,0.39430875043089425,1.4419388755880131,0.3414886032344855,2.529786284577251,2.961523582198522,-0.7047362426181092
2022-08-10,1.1785714285714286,0.6150793650793651,0.5634920634920635,0.3414886032344779,1.4468629325137536,1.3101537776960992,2.4981454285101456,-0.47692753572484703,-0.6542463117973796
2022-08-11,1.0396825396825395,0.5079365079365079,0.5317460317460317,1.310153777696105,1.4658190618821672,-0.4087592858778466,1.4545293901771394,-2.146796455227218,-2.8564795137890675
2022-08-12,0.4206349206349206,0.31746031746031744,0.10317460317460317,-0.4087592858778507,1.4598273903525563,0.4688222545038201,0.5999156386980564,-2.2889739822084754,-2.485458821994313
2022-08-15,0.7896825396825397,0.623015873015873,0.16666666666666666,0.4688222545038218,1.4666713860358713,0.800824340788453,0.8118738036168471,-1.9632128376940505,-2.633798899593476
2022-08-16,1.5357142857142856,0.7896825396825397,0.746031746031746,0.8008243407884554,1.478416847494626,0.31052305933252367,0.4210847532861939,-3.04629305990618,-4.112073279289719
2022-08-17,1.007936507936508,0.5992063492063492,0.4087301587301587,0.31052305933251667,1.4830076727191537,0.2786336376353393,-2.902562726181246,-5.9002303439934405,-6.660876554790018
2022-08-18,1.0555555555555556,0.6150793650793651,0.44047619047619047,0.27863363763534826,1.4871398309440622,-1.2476774135626867,-3.549694495702871,-6.528941031000334,-9.137410681380686
2022-08-19,0.38095238095238093,0.26587301587301587,0.11507936507936507,-1.2476774135626885,1.468585123165279,0.6805042132948858,-2.871662071051728,-4.044420402894067,-9.183912774348112
2022-08-22,1.5873015873015874,0.5873015873015873,1.0,0.6805042132948901,1.4785789068042405,0.4100781228040695,-2.752737883552092,-4.425403080824896,-8.465786917272544
2022-08-23,1.0674603174603174,0.5396825396825397,0.5277777777777778,0.4100781228040769,1.4846422354294404,-3.009465147818391,-3.452838436978656,-3.560805723596061,-8.55494702443924
2022-08-24,0.2579365079365079,0.011904761904761904,0.24603174603174602,-3.009465147818396,1.4399624447843995,-0.3897000635737946,-3.0872777922641204,-0.1781685107603348,-6.041168896083993
2022-08-25,0.36904761904761907,0.15873015873015872,0.21031746031746032,-0.3897000635738092,1.4343509102216359,-0.5534621244236426,-3.088892792739506,-0.7252527590853264,-7.597245916525386
2022-08-26,0.0992063492063492,0.047619047619047616,0.051587301587301584,-0.553462124423652,1.4264123212022333,0.8037776823557774,-1.2074316897095816,-0.20108768456700288,-8.74663901269168
2022-08-29,0.9682539682539684,0.32142857142857145,0.6468253968253969,0.8037776823557664,1.4378775050984298,-0.3127921126499844,-1.7200126367258428,-0.6840147268282415,-7.2794838754153375
2022-08-30,0.21825396825396826,0.11507936507936507,0.10317460317460317,-0.312792112649998,1.4333799376729135,-2.64222573986721,-0.11182854562422628,-1.0992671172872948,-9.431146367899501
2022-08-31,1.0912698412698412,0.9841269841269841,0.10714285714285714,-2.642225739867214,1.3955068040096272,-0.3913600177891552,3.0017826506493206,-0.8083401410834634,-7.4513084798444655
2022-09-01,0.47619047619047616,0.10317460317460317,0.373015873015873,-0.39136001778915785,1.3900453483332063,1.3772225848505348,2.4389774317603585,-2.7906709083561965,-8.230678821546533
2022-09-02,0.8928571428571428,0.3253968253968254,0.5674603174603174,1.3772225848505428,1.4091893668101154,0.2807616629225018,1.0186434287059232,-5.356116229023389,-11.09341202464067
2022-09-05,0.4563492063492064,0.2777777777777778,0.17857142857142858,0.280761662922505,1.4131458303100985,1.3184187382244472,1.054129062988407,-4.227466258491774,-10.847945733759945
2022-09-06,1.2738095238095237,0.38492063492063494,0.8888888888888888,1.3184187382244366,1.4317770097353444,0.3925105213634872,-0.9885440460926653,-5.178539014469042,-9.534074176027897
2022-09-07,0.6587301587301587,0.25,0.4087301587301587,0.39251052136348813,1.437396885141019,-0.9356249905475233,-3.6990843203709933,-5.873465050534222,-8.916070128654308
2022-09-08,0.376984126984127,0.19047619047619047,0.1865079365079365,-0.9356249905475306,1.423948240670288,-0.028390005029144127,-5.105135243662784,-6.922196579119433,-5.935853046397255
2022-09-09,0.2857142857142857,0.19444444444444445,0.09126984126984126,-0.028390005029143253,1.4235439816931492,0.3159880955210692,-6.310478384347251,-8.562770004060638,-4.375164028041434
2022-09-13,0.7420634920634921,0.3134920634920635,0.42857142857142855,0.31598809552105817,1.4280422112098061,-0.7295966306694379,-5.226501252797,-6.640893840448792,-4.315533635643032
2022-09-14,0.9365079365079365,0.15873015873015872,0.7777777777777778,-0.7295966306694432,1.417623263352282,-2.3558375398017417,-4.231828456625209,-8.424486864514002,-4.370040967827215
2022-09-15,1.1031746031746033,1.0,0.10317460317460317,-2.355837539801741,1.3842263623412665,-2.3820240716398544,-2.2579024454937535,-6.697103716390574,-2.314858713942647
2022-09-16,1.007936507936508,0.9841269841269841,0.023809523809523808,-2.3820240716398597,1.3512537571843128,-1.2982173521677964,-1.914815243293022,-5.596178848289113,0.1723192544232921
2022-09-19,1.1428571428571428,0.996031746031746,0.14682539682539683,-1.298217352167791,1.3337115464367268,1.4766326921548556,-2.4039952183266267,-6.061982631123463,0.15578509233928894
2022-09-20,1.3174603174603174,0.4007936507936508,0.9166666666666666,1.4766326921548534,1.3534055671504557,0.3122723622634327,-1.492392500380857,-6.912712044495928,-1.6286655548567452
2022-09-21,0.5,0.15873015873015872,0.3412698412698413,0.3122723622634351,1.3576318786860013,-0.3432445351620461,-4.377924669878319,-4.593406509759934,0.1352542783063182
2022-09-22,0.3492063492063492,0.1626984126984127,0.1865079365079365,-0.34324453516205333,1.3529718814547937,-2.0393725521440365,-4.541749544940221,-3.2324626416489033,0.20198242496436425
2022-09-23,0.09126984126984126,0.01984126984126984,0.07142857142857142,-2.039372552144034,1.3253797442661779,-1.7904724841859565,-3.7532310451649176,1.059697904840018,-1.3166084377449039
2022-09-26,0.1865079365079365,0.031746031746031744,0.15476190476190477,-1.7904724841859598,1.3016491846341178,2.4244827027889437,-3.7480913496202195,4.5797603188604485,1.6429823192734228
2022-09-27,1.2817460317460316,0.5873015873015873,0.6944444444444444,2.4244827027889535,1.3332074439665653,-2.6261229174901812,-5.502437508835067,2.490769567600304,1.774815892014714
2022-09-28,0.376984126984127,0.05555555555555555,0.32142857142857145,-2.6261229174901835,1.2981957777428743,-0.5139818409226393,-0.22534737835138152,4.427434537754893,5.941139423564645
2022-09-29,0.06746031746031746,0.03571428571428571,0.031746031746031744,-0.5139818409226399,1.2915232871856515,-1.230183544132668,1.3715806617550674,4.696794180029928,6.974062261877245
2022-09-30,0.25396825396825395,0.09523809523809523,0.15873015873015872,-1.2301835441326725,1.2756351802380523,-1.7852279749260513,5.000613529440612,6.110449802071249,10.163130791105491
2022-10-10,1.1626984126984128,0.9682539682539683,0.19444444444444445,-1.7852279749260558,1.2528621841424443,0.5576314334609256,8.65214184866745,6.619011021966514,12.966350117900793
2022-10-11,0.9880952380952381,0.21031746031746032,0.7777777777777778,0.557631433460918,1.2598485374991677,2.8115911586489517,8.458638366659144,5.676442622503908,12.294688585655432
2022-10-12,1.7619047619047619,0.7658730158730159,0.996031746031746,2.8115911586489455,1.2952703275918624,1.0783265041559575,4.663290519035845,4.956324940529377,9.326985401500853
2022-10-13,1.3333333333333335,0.4642857142857143,0.8690476190476191,1.07832650415595,1.3092375708347532,2.3057079543890913,3.2802226191678496,3.5491706830306002,7.686654131107895
2022-10-14,1.7380952380952381,0.8412698412698413,0.8968253968253969,2.3057079543891015,1.3394247656473406,1.6303141763148954,1.0569807502309958,-2.3513887255258714,5.719828397807003
2022-10-17,1.7063492063492065,0.7698412698412699,0.9365079365079365,1.6303141763148923,1.3612615974827618,0.3785438288006926,-1.8712294043247812,-2.8081705204074714,3.9222149464197553
2022-10-18,1.1071428571428572,0.5317460317460317,0.5753968253968254,0.3785438288007006,1.3664145692538665,-0.7861467171997427,-2.565213602211791,-0.6985542977247183,5.591604943931494
2022-10-19,0.5674603174603174,0.27380952380952384,0.29365079365079366,-0.7861467171997394,1.3556725459743382,-0.2573680652293575,0.27997822353984514,1.4495279832451136,6.247288584132615
2022-10-20,0.34523809523809523,0.16666666666666666,0.17857142857142858,-0.2573680652293656,1.3521834777719184,0.10344378814968191,0.26040616203399924,2.175107747741989,7.052097894677689
2022-10-21,0.39285714285714285,0.15873015873015872,0.23412698412698413,0.10344378814967872,1.3535822275840597,-1.314508791603619,-3.37272046963375,3.819304316015759,6.188258362273125
2022-10-24,1.1349206349206349,0.996031746031746,0.1388888888888889,-1.314508791603619,1.3357892702008831,-0.3313511673480374,-0.9548077596357674,5.95329016382129,7.9563492742217745
2022-10-25,0.5476190476190476,0.10317460317460317,0.4444444444444444,-0.3313511673480382,1.3313631168607627,2.110995615612432,1.9158037632126979,6.262744845408119,7.031771698563372
2022-10-26,0.8611111111111112,0.5634920634920635,0.2976190476190476,2.1109956156124245,1.3594681338855745,-0.276835250619345,1.1662844173122577,4.164265911032983,4.127061526982279
2022-10-27,0.6547619047619048,0.1349206349206349,0.5198412698412699,-0.276835250619353,1.3557046468700422,-3.523995013171499,1.9097285349249038,3.995670289569331,4.797861610577492
2022-10-28,0.9722222222222223,0.9563492063492064,0.015873015873015872,-3.523995013171503,1.3079296827210076,1.1549067258868506,7.443058337774411,8.265572871943894,7.716303493830168
2022-10-31,1.0753968253968254,0.23809523809523808,0.8373015873015873,1.1549067258868415,1.323035050596623,2.5573299017079165,6.9746928318261014,6.924846978253862,6.037700552297998
2022-11-01,1.4761904761904763,0.7817460317460317,0.6944444444444444,2.557329901707926,1.356869421555607,1.3600407703671324,4.265227689608309,6.3344085246405335,5.325581729774442
2022-11-02,1.5634920634920635,0.6666666666666666,0.8968253968253969,1.3600407703671233,1.3753233988894078,0.4560037643712711,2.9634195927904283,4.729209387430444,3.8436353404228907
2022-11-03,0.5198412698412699,0.2619047619047619,0.25793650793650796,0.45600376437126094,1.3815949253606223,1.7143032467490826,2.0468524297261315,4.7731685871831075,4.262540086041922
2022-11-04,1.3452380952380953,0.5357142857142857,0.8095238095238095,1.7143032467490809,1.405279652023,0.7139525144115755,0.7655352955271422,2.2818049705346732,3.1990325466461744
2022-11-07,1.5,0.5634920634920635,0.9365079365079365,0.7139525144115688,1.4153126814331325,-0.04025185423554012,-0.04659593054461286,1.8905114766171183,3.2758473082060258
2022-11-08,0.8888888888888888,0.2896825396825397,0.5992063492063492,-0.0402518542355452,1.414742991835625,0.09450551290366427,1.9845358619385856,0.7237031701694319,2.9009083307804495
2022-11-09,0.9365079365079365,0.31746031746031744,0.6190476190476191,0.0945055129036623,1.4160800019563278,-0.43824270439629665,1.7149680941284995,-0.03571703186818764,2.8996426123788943
2022-11-10,1.0476190476190477,0.36904761904761907,0.6785714285714286,-0.4382427043962896,1.4098741346593393,0.43716165501872517,2.67163179710459,0.7713699222039683,3.017907630893335
2022-11-11,0.5873015873015872,0.3492063492063492,0.23809523809523808,0.43716165501873355,1.416037563760097,-0.09776297440290405,1.504750280500744,-0.5073352161202749,2.4289294853965027
2022-11-14,1.2658730158730158,0.4007936507936508,0.8650793650793651,-0.09776297440290001,1.4146532033191028,1.9910088548684257,1.9380104411608423,-0.8296915553559714,2.3140200655668908
2022-11-15,1.6626984126984126,0.7896825396825397,0.873015873015873,1.991008854868418,1.442819073862866,-0.17006648512647438,-1.2362979162605758,-0.948730339372994,-0.04591557969040316
2022-11-16,0.4603174603174603,0.2698412698412698,0.19047619047619047,-0.17006648512646386,1.440365322177213,0.4981693222100292,-1.7211676499535256,-0.8455845815960372,-0.15641978416747193
2022-11-17,1.1150793650793651,0.5079365079365079,0.6071428571428571,0.4981693222100288,1.4475407803400515,-0.7043247075141701,-1.850814915122645,-0.4873657139769505,-0.28335434812918336
2022-11-18,0.46031746031746035,0.2619047619047619,0.1984126984126984,-0.7043247075141695,1.437345392972773,0.3286570615501194,-1.982257471754556,0.8967651444709457,-0.7058237211750251
2022-11-21,0.8611111111111112,0.2896825396825397,0.5714285714285714,0.3286570615501111,1.4420693301056433,-1.1849498516900203,-2.7150833968005883,1.3596318356953407,-3.2588996285120464
2022-11-22,0.1746031746031746,0.0873015873015873,0.0873015873015873,-1.1849498516900234,1.4249815317172891,-0.6601707669293133,0.29116727180169555,2.1615618688410443,-2.510874462229895
2022-11-23,0.2142857142857143,0.051587301587301584,0.1626984126984127,-0.6601707669293084,1.41557422021075,0.36559435672081086,0.8909172478147376,2.936408442186167,-2.6068699700326214
2022-11-24,0.39682539682539686,0.2261904761904762,0.17063492063492064,0.36559435672081114,1.420749479675035,-0.8373026574752362,1.3891599812740463,2.229341240893823,-4.360849028240765
2022-11-25,0.3492063492063492,0.11507936507936507,0.23412698412698413,-0.8373026574752334,1.4088535065256504,-0.4214463281353775,2.9372464025029466,2.951237367995918,-3.8175006839017644
2022-11-28,1.0198412698412698,0.30158730158730157,0.7182539682539683,-0.42144632813537614,1.4029159451535915,1.8685842515252737,4.188434728392343,3.170012950678336,-1.805327224956732
2022-11-29,1.8055555555555556,0.8412698412698413,0.9642857142857143,1.868584251525263,1.4291306115668685,-0.0661098758220735,1.8649644309855828,0.9114620769383741,-3.0737334004018457
2022-11-30,0.9722222222222222,0.4722222222222222,0.5,-0.06610987582207632,1.4281858150942264,0.8612428198498723,2.0274284843175394,0.695041965121268,-4.107620425266834
2022-12-01,0.7103174603174603,0.35714285714285715,0.3531746031746032,0.8612428198498833,1.4404859628808397,0.6767884473011465,0.8286697116091757,0.20501051681678373,-5.276905445636859
2022-12-02,1.007936507936508,0.44841269841269843,0.5595238095238095,0.6767884473011481,1.4502350054626119,0.7889175412847393,0.013591742524621253,-1.5883451400560467,-5.283215060504254
2022-12-05,0.9880952380952381,0.4523809523809524,0.5357142857142857,0.7889175412847383,1.4616761638105582,-0.4031518616462004,-0.9774806391601221,-4.556578768650277,-3.836192380562131
2022-12-06,0.4126984126984127,0.16666666666666666,0.24603174603174602,-0.4031518616461977,1.4557833891449172,0.09327431427210708,-0.9360454395418771,-4.57357566348644,-3.0291892025709255
2022-12-07,0.8571428571428572,0.30952380952380953,0.5476190476190477,0.09327431427211229,1.4571412611184293,-0.3238139972505327,-1.3059101253356409,-5.385148458266009,-2.5187656331991937
2022-12-08,0.7698412698412698,0.20238095238095238,0.5674603174603174,-0.32381399725053167,1.452422833755215,-0.13706174527094994,-0.6185335942407888,-6.446476314080341,-2.380149965585532
2022-12-09,0.36507936507936506,0.1349206349206349,0.23015873015873015,-0.1370617452709403,1.4504321176705564,-0.20983783600661,-1.6017191810336229,-6.574702961269963,-1.6605810968064572
2022-12-12,0.38888888888888884,0.10317460317460317,0.2857142857142857,-0.2098378360066073,1.4473885623020917,-0.3614763386379227,-3.614428467980968,-4.822467336524983,-1.5679294367011765
2022-12-13,1.2380952380952381,0.2976190476190476,0.9404761904761905,-0.36147633863791834,1.442156595121218,-0.28043343461170434,-3.6719008847204804,-3.9492000168442454,-2.0750938215084447
2022-12-14,0.4285714285714286,0.19444444444444445,0.23412698412698413,-0.28043343461171755,1.4381123058490404,0.3704025566925173,-4.133214398259066,-4.76951227852076,-1.7663921176428565
2022-12-15,0.4841269841269842,0.13095238095238096,0.3531746031746032,0.37040255669252614,1.4434391105980149,-1.1250105560277057,-5.86421485877956,-5.470700451185162,-1.727449621336108
2022-12-16,0.373015873015873,0.12301587301587301,0.25,-1.1250105560277104,1.4272002682339548,-2.2510176662007275,-5.053933604171046,-3.754504408757897,0.5171753637981613
2022-12-19,1.1825396825396826,1.0,0.18253968253968253,-2.251017666200726,1.3950737380639444,-0.4208884131232882,-1.2533399442910542,0.7547784632971011,2.7257978952591078
2022-12-20,1.0436507936507937,1.0,0.04365079365079365,-0.4208884131232889,1.3892020343459073,-0.7579886240458023,-0.28786941159495427,1.618405459130856,3.6162273958209257
2022-12-21,0.3968253968253968,0.06349206349206349,0.3333333333333333,-0.7579886240458023,1.3786720409605524,-1.4419166105531067,-0.6637313186916183,3.0295273716119286,5.125061007697895
2022-12-22,0.46825396825396826,0.051587301587301584,0.4166666666666667,-1.4419166105531016,1.3587927397968906,-0.2739362236059084,0.4180284968187786,4.3465239878578865,7.517738894980552
2022-12-23,0.5833333333333334,0.06349206349206349,0.5198412698412699,-0.27393622360590797,1.3550705142788597,1.6617738439684615,1.3685971886353343,5.259947808810628,9.26268626943061
2022-12-26,0.8134920634920635,0.40476190476190477,0.4087301587301587,1.6617738439684662,1.3775887216524747,0.5527212042039764,2.033606409022082,3.4194392402785656,7.8012678672643165
2022-12-27,1.2023809523809526,0.2777777777777778,0.9246031746031746,0.5527212042039712,1.3852029466237705,-1.1320784307700005,1.9117782956565188,1.9511614642089947,9.029673164456376
2022-12-28,0.6428571428571429,0.14682539682539683,0.49603174603174605,-1.13207843077,1.3695213628426524,-0.3686311376864704,3.7179357945810176,3.1535280693522516,10.623723942613106
2022-12-29,0.75,0.2222222222222222,0.5277777777777778,-0.3686311376864757,1.3644728806619462,0.6700822499986048,3.912141624213983,3.959884234534128,11.040691889448695
2022-12-30,0.7896825396825398,0.3373015873015873,0.4523809523809524,0.6700822499986019,1.3736159712413065,2.3287063935163665,3.838812736980013,4.438316563611466,10.100260011352912
2023-01-03,1.8253968253968256,0.8690476190476191,0.9563492063492064,2.3287063935163634,1.4056034541859648,0.4326612675888519,1.3582121420868898,1.9562540477224388,8.351688961348458
2023-01-04,0.9761904761904762,0.376984126984127,0.5992063492063492,0.4326612675888418,1.4116849559081184,0.6201335405223718,0.038644373801655085,1.9660040202988283,7.385955084536167
2023-01-05,0.503968253968254,0.23015873015873015,0.27380952380952384,0.6201335405223821,1.420439287806213,-0.1820771680269173,-0.5441756248857454,2.033915606084169,8.222929679033575
2023-01-06,0.369047619047619,0.0992063492063492,0.2698412698412698,-0.1820771680269023,1.4178529921774339,0.599041224438368,0.045945170192718265,3.0391188761512478,8.330988615454139
2023-01-09,0.7738095238095238,0.1865079365079365,0.5873015873015873,0.5990412244383588,1.4263465161025095,-0.11581934078069844,0.5773407946698894,3.8027175045634465,8.791810381728183
2023-01-10,0.7420634920634921,0.15079365079365079,0.5912698412698413,-0.11581934078070388,1.4246945309703112,-0.8748568889670127,0.5900280727102691,4.236948739206836,9.019198022340191
2023-01-11,0.5634920634920635,0.06746031746031746,0.49603174603174605,-0.8748568889670173,1.4122304927193812,0.03392581584662491,1.9266151181491997,6.94304174526974,10.245052754355811
2023-01-12,0.5158730158730158,0.12301587301587301,0.39285714285714285,0.033925815846629154,1.412709603435671,0.4101921370116335,2.592197337026958,7.241822953683652,7.7531900901246065
2023-01-13,0.6706349206349207,0.1111111111111111,0.5595238095238095,0.4101921370116228,1.4185044271477723,1.1333746273796352,2.9917991187615955,6.811096132947014,6.760368261077732
2023-01-16,0.9126984126984127,0.17857142857142858,0.7341269841269841,1.1333746273796341,1.434581396413322,-0.1032195010767678,3.206862186263404,5.421327759810124,6.883007771320115
2023-01-17,0.7420634920634921,0.09523809523809523,0.6468253968253969,-0.10321950107676452,1.433100628653404,0.44226554054178635,3.625529027450347,6.272724486947645,7.425094136353794
2023-01-18,0.623015873015873,0.1388888888888889,0.48412698412698413,0.44226554054177947,1.4394387388952257,0.6871487471721283,4.921606217675034,5.315449120825,7.1529213986530005
2023-01-19,0.11904761904761904,0.07539682539682539,0.04365079365079365,0.6871487471721234,1.4493298241558545,0.8012948984668089,4.532143513197351,6.065643993162961,6.213680116579079
2023-01-20,0.39682539682539686,0.09126984126984126,0.3055555555555556,0.8012948984668169,1.4609432300987735,1.344557012387737,3.7083506132185695,5.135787065166486,5.108986676424054
2023-01-30,1.623015873015873,0.6746031746031746,0.9484126984126984,1.344557012387742,1.4805864447460704,0.3020197306009331,2.1456573009168256,4.806322028077359,2.8210871301867613
2023-01-31,0.8253968253968254,0.09523809523809523,0.7301587301587301,0.30201973060092524,1.4850581079378065,1.698528649867903,2.554578475344682,4.587863843845041,3.4764591270185274
2023-02-01,1.492063492063492,0.49603174603174605,0.996031746031746,1.6985286498679,1.5102822453683162,0.31340409465636654,0.3753687322827215,3.087635207675521,2.673289448517946
2023-02-02,0.6865079365079365,0.2261904761904762,0.4603174603174603,0.31340409465637303,1.5150155317661687,0.006903926894130663,1.4670133304709232,0.4768355501209687,1.964101607731017
2023-02-03,0.503968253968254,0.1626984126984127,0.3412698412698413,0.006903926894131492,1.5151201273309165,-0.18251829586864998,1.3763949031178502,-0.04749307301008532,1.9681923866285311
2023-02-06,0.9285714285714286,0.1111111111111111,0.8174603174603174,-0.18251829586864193,1.5123547558941492,0.7035602443096423,2.6047751783732975,1.3865126180541587,2.3213881591243046
2023-02-07,1.1666666666666665,0.21428571428571427,0.9523809523809523,0.703560244309643,1.5229950827095466,-0.4624906608607704,1.9826373417245025,1.0843512810737144,-0.42816309943567443
2023-02-08,0.6904761904761905,0.16666666666666666,0.5238095238095238,-0.4624906608607654,1.5159513726866463,1.4043747888500269,2.702123548484159,1.7447319392997374,0.9475064910771769
2023-02-09,0.7817460317460319,0.1388888888888889,0.6428571428571429,1.404374788850022,1.5372410115758834,-0.08241050210942014,-0.975861758269192,0.13957028670439353,-0.17280175553096022
2023-02-10,0.24603174603174605,0.09126984126984126,0.15476190476190477,-0.08241050210941492,1.5359741635396118,1.0269725897384507,-1.4045557424770205,-0.025491214257833406,-1.3853789376692016
2023-02-13,1.1547619047619047,0.3492063492063492,0.8055555555555556,1.0269725897384618,1.551748197184628,0.09295030920370984,-1.1873351490720108,-1.8941938420076965,-2.1541159388100417
2023-02-14,0.5753968253968254,0.12301587301587301,0.4523809523809524,0.09295030920371916,1.5531905519319742,0.23974519900180624,-0.8808225439795203,-1.0626517035340566,-3.3749701879543514
2023-02-15,1.123015873015873,0.2857142857142857,0.8373015873015873,0.23974519900180236,1.5569142517115808,-2.2271353263018545,-0.9322023499664378,-0.40193545843094647,-2.7945430473630073
2023-02-16,0.1111111111111111,0.05952380952380952,0.051587301587301584,-2.2271353263018563,1.522239664411484,-0.5149724036301428,1.12642438982975,1.4802079001265511,-2.1170779065493694
2023-02-17,0.3849206349206349,0.11507936507936507,0.2698412698412698,-0.5149724036301391,1.5144005502226527,1.2495502057846553,1.3987101925492462,2.016643225478054,-0.8744437048715303
2023-02-20,0.5079365079365079,0.09523809523809523,0.4126984126984127,1.2495502057846506,1.5333237454143638,0.40343430431659666,-0.7153523225004399,0.9220906380240423,-2.442641451185823
2023-02-21,0.4523809523809524,0.06349206349206349,0.3888888888888889,0.4034343043166076,1.5395096993995974,0.1877845311200721,-0.18344498433232603,-1.4962893477979744,-1.355228252189844
2023-02-22,0.757936507936508,0.11507936507936507,0.6428571428571429,0.18778453112006457,1.542400660470163,-0.19541726636492784,0.53525656582043,-0.7835545222117046,-0.9598884299857224
2023-02-23,0.5317460317460317,0.09523809523809523,0.4365079365079365,-0.19541726636492363,1.5393865432630776,-0.24710610892929585,0.34984279571974586,-0.3119366713288496,-0.6912547228011823
2023-02-24,0.20238095238095238,0.03968253968253968,0.1626984126984127,-0.2471061089292973,1.535582625074639,-0.8614024715149826,0.6094091648260358,-1.360234463692922,-0.36690261165164273
2023-02-27,0.13095238095238093,0.03968253968253968,0.09126984126984126,-0.8614024715149784,1.5223550783900914,0.941335427330281,1.6492408431999506,-0.2649405850493225,0.49203499437922016
2023-02-28,1.0674603174603174,0.1984126984126984,0.8690476190476191,0.9413354273302874,1.536685546072739,0.9091590169213903,-1.315257136714021,-2.3371542943433576,-1.263062109331925
2023-03-01,1.0912698412698414,0.31746031746031744,0.7738095238095238,0.9091590169213878,1.5506564612765872,-0.3794834794536128,-1.3117896478124558,-2.4022631362815905,-2.5459057050638223
2023-03-02,0.5595238095238095,0.0873015873015873,0.4722222222222222,-0.3794834794536155,1.5447719761829626,0.01091618342108358,-0.6594723505404576,-3.5448151724484567,-2.505738721290396
2023-03-03,0.3015873015873016,0.14682539682539683,0.15476190476190477,0.01091618342108642,1.5449406063253202,0.1632278798152198,-1.9577131451911645,-2.8339365410795514,-1.6028644137563441
2023-03-06,0.6349206349206349,0.17857142857142858,0.45634920634920634,0.16322787981521256,1.5474623801214293,-2.002517202378329,-1.8831241752233163,-3.3339896824750803,-0.7695257445719528
2023-03-07,0.8492063492063492,0.21428571428571427,0.6349206349206349,-2.0025172023783235,1.5164741797591645,0.9127046652030346,-1.035516867126085,0.14320383940276127,0.4476147604183911
2023-03-08,1.1785714285714286,0.31746031746031744,0.8611111111111112,0.9127046652030352,1.530315110344426,0.2789962503704002,-1.1049683488813633,-0.17772649173719568,-0.49344392847182617
2023-03-09,1.1706349206349207,0.23412698412698413,0.9365079365079365,0.2789962503704076,1.5345846321211385,-1.2960856452572056,-2.904497177717269,-0.38050498606008176,0.23462883370548582
2023-03-10,0.4246031746031746,0.10714285714285714,0.31746031746031744,-1.2960856452572185,1.5146951009898932,0.23943042706173756,-0.8937198672099411,1.0070298186948268,0.5193104895727441
2023-03-13,0.35317460317460314,0.18253968253968253,0.17063492063492064,0.23943042706173143,1.5183217419388766,-1.1559413009733954,-1.4787114806252277,0.7589864425498805,0.41519671694159044
2023-03-14,0.5515873015873016,0.03571428571428571,0.5158730158730159,-1.1559413009733959,1.5007708338421464,0.841885956863786,1.1910542744372643,1.0997961171934412,2.4494279853709555
2023-03-15,1.0476190476190474,0.2857142857142857,0.7619047619047619,0.8418859568637903,1.513405612736971,-1.545715685774962,0.9376020631807647,-0.14717817584520843,1.1319784579675307
2023-03-16,0.4087301587301587,0.027777777777777776,0.38095238095238093,-1.5457156857749628,1.490012664791497,0.7480006993600519,2.599494434131455,1.0772634493581457,3.1676920732234715
2023-03-17,1.1547619047619049,0.23015873015873015,0.9246031746031746,0.7480006993600522,1.5011579699446909,-0.3522497979934869,1.9178902521192587,1.2669774646614895,2.455302865717801
2023-03-20,0.8571428571428571,0.031746031746031744,0.8253968253968254,-0.3522497979934827,1.4958701440279976,1.522570997961381,2.271283655344236,2.652911741655073,2.2555644479718806
2023-03-21,0.8531746031746033,0.2698412698412698,0.5833333333333334,1.5225709979613713,1.518645829008131,0.5893083039645086,-0.09018401665854547,0.3039756162622975,0.3460572266560602
2023-03-22,0.6825396825396826,0.24603174603174602,0.4365079365079365,0.5893083039644994,1.5275953349862865,0.07528997162913331,-1.0747037940796123,-0.3162795492816506,-0.7174789875143417
2023-03-23,0.7738095238095237,0.1349206349206349,0.6388888888888888,0.07528997162914071,1.5287454610806057,0.07869663519493031,-1.4836632413920525,0.6174833747947472,-3.464950836162206
2023-03-24,0.7023809523809523,0.1388888888888889,0.5634920634920635,0.07869663519492999,1.5299485323191713,-0.0067279521184571145,-0.6386639144977946,-0.48285681699336,-4.028334535305267
2023-03-27,1.2023809523809523,0.26587301587301587,0.9365079365079365,-0.006727952118453225,1.5298455981144798,-0.8216087250411008,0.3731527293594272,-0.34120006338521636,-6.079524668662184
2023-03-28,0.23412698412698413,0.12698412698412698,0.10714285714285714,-0.8216087250410975,1.517276253200714,-0.40190724825781565,0.39451542277544327,1.334950138389046,-4.479555245593325
2023-03-29,0.5079365079365079,0.0992063492063492,0.4087301587301587,-0.4019072482578114,1.5111782099630058,-0.3384235763317256,0.766663607677498,1.281042048130998,-4.038169092167787
2023-03-30,0.40476190476190477,0.047619047619047616,0.35714285714285715,-0.33842357633172826,1.5060640266201033,0.9370967145686082,2.132790037996646,2.0681492083653996,-1.8902486208004277
2023-03-31,0.5793650793650793,0.2976190476190476,0.28174603174603174,0.9370967145686094,1.52017730313286,1.0115238238513014,0.15680857730251407,1.1734579532316047,-2.3221830446319425
2023-04-03,1.2976190476190477,0.4007936507936508,0.8968253968253969,1.0115238238513102,1.5355542587188291,-0.8005003159826218,-0.7116970756819718,-0.38707844418791604,-4.097347801977335
2023-04-04,0.8690476190476191,0.1626984126984127,0.7063492063492064,-0.8005003159826247,1.5232621420257002,-0.03271128888512331,0.9367391352538501,0.041954080219852585,-2.8300245269405555
2023-04-06,0.865079365079365,0.10714285714285714,0.7579365079365079,-0.032711288885119705,1.5227638633459444,1.0127208276323518,0.5104648918973442,-0.40247237604964514,-4.289168080259809
2023-04-07,0.8849206349206349,0.46825396825396826,0.4166666666666667,1.01272082763236,1.5381852101457079,-1.0157514523137068,-0.06329096620897312,-4.057380560543455,-4.821238807680617
2023-04-10,0.19444444444444445,0.031746031746031744,0.1626984126984127,-1.015751452313705,1.5225610715343783,0.13560654270230454,1.0150576784247578,-3.5626803633138526,-3.3127029109463746
2023-04-11,0.3888888888888889,0.34523809523809523,0.04365079365079365,0.13560654270231356,1.5246257639640173,0.8464615372227424,0.32694549300684717,-5.757970805314406,-4.358882497922956
2023-04-12,0.9761904761904762,0.5674603174603174,0.4087301587301587,0.846461537222742,1.537531134642561,-0.45489136643479533,-0.8864810402038015,-5.737907184087754,-4.347143183797164
2023-04-13,0.6785714285714286,0.3492063492063492,0.32936507936507936,-0.45489136643479283,1.5305370382548251,0.43609788214655776,-0.9083007117009045,-5.251931687048561,-4.57519294327472
2023-04-14,0.41666666666666663,0.39285714285714285,0.023809523809523808,0.4360978821465524,1.5372116778641232,0.0523198429437155,-3.9966190931742474,-3.8781910516325957,-4.042349671612177
2023-04-17,0.25,0.14682539682539683,0.10317460317460317,0.05231984294372407,1.5380159445996942,-0.5465148423648425,-4.531738284317521,-3.4550968886320255,-3.628670750444407
2023-04-18,0.28968253968253965,0.047619047619047616,0.24206349206349206,-0.5465148423648434,1.529610459184519,-0.3732483982123336,-6.065086770478234,-3.7246868175737524,-2.9117524150770735
2023-04-19,0.6626984126984127,0.10714285714285714,0.5555555555555556,-0.3732483982123365,1.5239012126467244,-0.4768060516596173,-4.894817775415539,-2.870774200249515,-2.1233290103350844
2023-04-20,0.3134920634920635,0.06349206349206349,0.25,-0.47680605165962076,1.5166351594435106,-2.6941203851822637,-4.383445845156242,-3.902401793431187,-2.4907376273921034
2023-04-21,1.1388888888888888,0.9603174603174603,0.17857142857142858,-2.694120385182262,1.4757751824441014,-0.5053679797208499,0.12335819887070443,-0.7961615511437925,0.17511990671854605
2023-04-24,1.623015873015873,0.9801587301587301,0.6428571428571429,-0.5053679797208495,1.468317087219362,-2.1438713687046973,1.1277479827713544,0.25921236022448113,0.659076238478562
2023-04-25,1.1944444444444444,0.9444444444444444,0.25,-2.143871368704701,1.4368382575846674,0.8679312065796196,2.491512338107893,1.484569378807854,3.3241746905828817
2023-04-26,0.7182539682539683,0.003968253968253968,0.7142857142857143,0.8679312065796304,1.4493090252103196,0.05832112652877086,2.1282158635545168,1.4754223662386323,2.0143777503748073
2023-04-27,1.5476190476190477,0.9682539682539683,0.5793650793650794,0.05832112652877842,1.4501542785607053,1.8923085614777513,0.5030970379313437,0.7142507027569023,2.3828126816215933
2023-04-28,1.3650793650793651,0.6507936507936508,0.7142857142857143,1.892308561477747,1.4775956721285455,0.4927147229750961,-0.9183868445444165,-0.1707818670659389,0.2867579867283254
2023-05-04,1.6468253968253967,0.6626984126984127,0.9841269841269841,0.4927147229751042,1.4848760035511657,-0.8242266337965098,-0.858849959454111,-0.17978562950355936,0.12318688550276846
2023-05-05,1.6785714285714286,0.996031746031746,0.6825396825396826,-0.8242266337965152,1.4726372600510438,0.5103897578598859,-0.9824647293507072,0.844385103122236,1.783376075666565
2023-05-08,0.873015873015873,0.015873015873015872,0.8571428571428571,0.510389757859875,1.4801534497967728,-1.5338604263166689,-0.6391901511214271,0.7695368554212711,1.6575172132731408
2023-05-09,1.1349206349206349,0.9404761904761905,0.19444444444444445,-1.533860426316679,1.457449961781579,0.45117611245755196,0.2100966746784394,1.4689900605055817,1.2285551724082744
2023-05-10,1.3571428571428572,0.9761904761904762,0.38095238095238093,0.4511761124575522,1.4640256278601593,0.5530995211059819,0.7545345232778056,0.979076488419417,1.2510463619886725
2023-05-11,0.9206349206349207,0.24603174603174602,0.6746031746031746,0.5530995211059728,1.4721231465967226,-0.947884574005653,0.6849469969561817,0.3988300614385487,0.16817387966063801
2023-05-12,1.0634920634920635,0.996031746031746,0.06746031746031746,-0.9478845740056548,1.4581691183797656,0.858839772874731,1.8449760716417796,1.8126946027709812,1.702738348000521
2023-05-15,0.369047619047619,0.003968253968253968,0.36507936507936506,0.858839772874742,1.4706924547241877,-0.6922207974278671,1.4177893766015748,0.5311191336469623,1.5275819174939809
2023-05-16,1.503968253968254,0.9365079365079365,0.5674603174603174,-0.6922207974278711,1.4605120156863844,0.996923736965738,1.2562540378680653,1.656728781897221,2.6603083015814377
2023-05-17,0.9246031746031746,0.06349206349206349,0.8611111111111112,0.9969237369657371,1.4750722066519988,0.48365111868169386,0.22286040643633154,0.4583225856632511,1.7519810093104882
2023-05-18,0.7698412698412698,0.30158730158730157,0.46825396825396826,0.48365111868169625,1.4822064098808339,0.19333203513394182,-0.2841705180877674,0.30351819710765504,1.639092412511567
2023-05-19,0.44047619047619047,0.10317460317460317,0.3373015873015873,0.1933320351339413,1.4850719896979423,0.43578940662145627,-0.031696672841374784,0.931128660841285,2.165593490680351
2023-05-22,0.996031746031746,0.3611111111111111,0.6349206349206349,0.4357894066214668,1.4915437761097483,-0.8503953726278213,-0.8742748667712297,0.8811992051981798,1.7688042430093365
2023-05-23,1.1150793650793651,0.3888888888888889,0.7261904761904762,-0.850395372627819,1.4788597568569928,-0.03382324035127171,0.3955061816521388,-0.23695405655848045,2.1991517315747666
2023-05-24,1.1388888888888888,0.23412698412698413,0.9047619047619048,-0.0338232403512657,1.4783595585669729,-0.02469915509468734,0.23493859412118123,0.26933289848460884,0.7132382950125304
2023-05-25,1.0396825396825395,0.12698412698412698,0.9126984126984127,-0.024699155094684996,1.4779944162467453,0.4470148850725053,0.5893635125424401,-0.2297399099538966,-0.9944520593024864
2023-05-26,0.31746031746031744,0.26587301587301587,0.051587301587301584,0.44701488507249637,1.4846012712879089,-0.41072897198106695,0.963130614042429,-0.10799857051172479,0.43997530286026265
2023-05-29,0.6547619047619048,0.007936507936507936,0.6468253968253969,-0.410728971981072,1.4785035837483302,0.41969156742023284,1.7709571048383221,0.991198339811894,0.5905949803515442
2023-05-30,1.0833333333333335,0.2222222222222222,0.8611111111111112,0.4196915674202275,1.484708738613328,-0.19370417972267573,-0.6299686731657816,0.9872238972369329,1.1155844259987724
2023-05-31,1.0833333333333333,0.45634920634920634,0.626984126984127,-0.1937041797226715,1.4818327957299262,0.3288076993323674,0.034313688266629505,1.28775634546765,2.529982918828133
2023-06-01,0.7420634920634921,0.30952380952380953,0.43253968253968256,0.3288076993323617,1.4867051760535184,0.8202530515833972,-0.8143042105979825,1.3315327711430403,2.6297873577989073
2023-06-02,1.0674603174603174,0.5992063492063492,0.46825396825396826,0.8202530515834048,1.4988999206281457,0.38610498954723127,-1.0609112237702,1.2230764147969087,2.4789990092913605
2023-06-05,0.9722222222222221,0.6388888888888888,0.3333333333333333,0.38610498954723405,1.5046872480100104,-1.9493558795353083,-0.7661898710682014,0.8798517908235048,1.4756154066593474
2023-06-06,0.996031746031746,0.44047619047619047,0.5555555555555556,-1.9493558795353123,1.4753555386723092,0.4734945821983416,1.6274449638479682,2.441891950165931,3.4153457344653138
2023-06-07,1.5714285714285714,0.7142857142857143,0.8571428571428571,0.47349458219834895,1.4823412672160856,-0.5223084711720838,1.2530127023284043,0.4427130247065092,2.4108262049906015
2023-06-08,0.5317460317460317,0.19047619047619047,0.3412698412698413,-0.5223084711720762,1.4745988732057365,0.5695820120303896,2.163454079403948,-0.7664730438293077,3.068007049856991
2023-06-09,1.0595238095238095,0.7103174603174603,0.3492063492063492,0.5695820120303795,1.482997923137119,0.6851367374736572,2.3084785465659508,0.5485663171528099,3.3443198698392296
2023-06-12,1.4682539682539684,0.6190476190476191,0.8492063492063492,0.6851367374736682,1.493158486724503,0.41573961612060284,1.6587508428357545,-0.3966715575672297,1.5011695627488164
2023-06-13,1.2817460317460316,0.6031746031746031,0.6785714285714286,0.41573961612059246,1.4993661380852836,0.10331389121895906,0.8014045680354354,0.12710571080998267,2.102285105713464
2023-06-14,0.9523809523809523,0.6071428571428571,0.34523809523809523,0.10331389121896978,1.500915191586159,0.3721696687531306,-0.8002721657320744,1.2264331032504572,2.0187046851954715
2023-06-15,0.6071428571428571,0.4722222222222222,0.1349206349206349,0.37216966875312135,1.5065011426829507,0.712343924060721,-2.8678818170693843,1.28119505464106,1.4042785007663205
2023-06-16,1.3611111111111112,0.6706349206349206,0.6904761904761905,0.7123439240607221,1.517232612038758,0.04571834692039811,-1.7202017412585202,1.2407473068175356,0.704842650870452
2023-06-19,1.3888888888888888,0.6031746031746031,0.7857142857142857,0.04571834692039312,1.5179262657079193,-0.43112363546800037,-2.021884376270444,0.5905674971362851,0.5346566953542853
2023-06-20,0.5833333333333334,0.36904761904761907,0.21428571428571427,-0.431123635468005,1.5113821268074756,-1.487270580492206,-0.6689379578737276,0.9502497130499332,-0.09598353393717174
2023-06-21,0.7261904761904762,0.32936507936507936,0.3968253968253968,-1.4872705804922024,1.4889037850766507,-1.7198770662893104,2.0430552716520944,1.9594384908738771,1.0924125684086627
2023-06-26,0.8134920634920635,0.1349206349206349,0.6785714285714286,-1.7198770662893117,1.4632964703380038,1.902326729667525,4.271580759616933,3.8640973583251803,2.826957403609387
2023-06-27,1.4523809523809523,0.7857142857142857,0.6666666666666666,1.9023267296675213,1.4911331502275251,-0.26138500969311584,3.0127748535673238,2.780500662603158,2.5761938442948384
2023-06-28,0.7380952380952381,0.4166666666666667,0.32142857142857145,-0.26138500969311596,1.4872355516982656,0.9437890560407558,2.6663626431023157,1.905399297386845,2.4611809761701187
2023-06-29,1.2817460317460316,0.7380952380952381,0.5436507936507936,0.9437890560407478,1.5012719180727412,1.2023800656924655,1.6300919748919673,1.9726720161154399,0.8403008445880156
2023-06-30,1.0277777777777777,0.6984126984126984,0.32936507936507936,1.2023800656924706,1.5193229123474867,0.4264694766971999,-0.08194264720476907,0.7826726257724514,0.37883068319495283
2023-07-03,1.2261904761904763,0.5992063492063492,0.626984126984127,0.426469476697197,1.5258023608211158,0.672123353128895,-0.39079047073349304,0.12152645519125649,0.778420171078964
2023-07-04,1.2063492063492065,0.6587301587301587,0.5476190476190477,0.672123353128892,1.5360576348107864,-0.5967868483158112,-0.22548095738061935,-0.5293369223391853,-0.13304172800507885
2023-07-05,0.5952380952380953,0.3373015873015873,0.25793650793650796,-0.596786848315816,1.5268906448636848,-0.0750946858565249,-0.741200258901531,-0.05558254931168349,0.3419573677861054
2023-07-06,1.1349206349206349,0.4087301587301587,0.7261904761904762,-0.07509468585652793,1.5257440311305517,-0.5024494306132499,0.33708524174917986,-1.0363850014844078,0.35103984488800144
2023-07-07,0.3412698412698413,0.16666666666666666,0.1746031746031746,-0.502449430613254,1.5180779389335206,0.11605014565438942,0.8653243426504975,-0.8503635713360769,0.952305272731846
2023-07-10,1.2142857142857144,0.4166666666666667,0.7976190476190477,0.11605014565439015,1.5198396705928001,0.8391968576607844,0.5143268663067024,-0.9985548241349451,0.25797420284572325
2023-07-11,0.9801587301587302,0.5198412698412699,0.4603174603174603,0.8391968576607762,1.532594117349897,-1.11058692620567,-0.30454265064286945,-0.19877974614951333,-0.7326806393424201
2023-07-12,0.75,0.3412698412698413,0.4087301587301587,-1.1105869262056622,1.5155733274508119,1.0104269690010659,0.6907374574125269,0.5453898248917621,0.07386655002361575
2023-07-13,0.7261904761904763,0.3531746031746032,0.373015873015873,1.0104269690010728,1.5308870890863617,0.021369818550942554,-1.3688560315703646,-1.110465332661359,-0.5535706142355545
2023-07-14,1.0634920634920635,0.4246031746031746,0.6388888888888888,0.02136981855094047,1.5312142368795192,-0.23233995938564123,-1.7009690150385004,-0.40070572853038167,-2.142018638165477
2023-07-17,0.19047619047619047,0.14682539682539683,0.04365079365079365,-0.2323399593856394,1.5276566143434462,0.017680691808652504,-1.505140349249845,0.6560963852081159,-1.535122982692183
2023-07-18,0.3412698412698413,0.25,0.09126984126984126,0.017680691808645246,1.527926714601323,-0.12335372274361323,0.10608598155352755,0.3984040943053824,-2.057599431909163
2023-07-19,0.746031746031746,0.25396825396825395,0.49206349206349204,-0.1233537227436186,1.526041960118068,-1.0557056560850042,-0.14435054920739487,0.3977610028033096,-2.845392517401102
2023-07-20,1.1865079365079365,0.38095238095238093,0.8055555555555556,-1.0557056560850069,1.509931448830871,-0.31542436434570664,0.2619767839169729,1.4019544924599003,-0.5098138235756666
2023-07-21,0.2738095238095238,0.1746031746031746,0.0992063492063492,-0.31542436434570315,1.5051687571563404,-0.033585530589697044,1.3227630765831666,1.81812955548748,-1.4130382099836303
2023-07-24,0.30952380952380953,0.15079365079365079,0.15873015873015872,-0.03358553058969881,1.504663238242979,1.6538180623064447,2.1942634794561044,1.2692027118882843,-2.008944496697851
2023-07-25,1.7380952380952381,0.7619047619047619,0.9761904761904762,1.6538180623064416,1.5295476306539264,-0.3732162615938672,0.2920083328457279,-0.5349642938582311,-3.403604853640585
2023-07-26,1.3611111111111112,0.5992063492063492,0.7619047619047619,-0.37321626159387716,1.5238391101675022,-0.6530867610124003,0.5428952242485297,-0.46896558428919377,-4.687658389684524
2023-07-27,0.7261904761904763,0.2777777777777778,0.44841269841269843,-0.6530867610123989,1.513887118679869,0.7392529402165948,1.136999035037789,0.563148284901116,-4.141664287367586
2023-07-28,1.1388888888888888,0.6349206349206349,0.503968253968254,0.7392529402165999,1.5250785737162702,0.8262486057731611,0.4888994968780036,-1.7483185221061293,-6.652250637461499
2023-07-31,1.6349206349206349,0.6666666666666666,0.9682539682539683,0.8262486057731642,1.5376795141685462,-0.23837717446915097,-0.9051983311702982,-2.1769365657839157,-6.568717289897008
2023-08-01,0.5436507936507936,0.5119047619047619,0.031746031746031744,-0.2383771744691536,1.5340140371902802,-0.12399347218041701,-0.8245648286944518,-2.4462575360337357,-2.9752232815610125
2023-08-02,0.8214285714285714,0.4166666666666667,0.40476190476190477,-0.12399347218041615,1.532111959921833,-0.06604995832446559,-1.0063971266004446,-3.230304628121994,-2.112887624441695
2023-08-03,0.2579365079365079,0.20634920634920634,0.051587301587301584,-0.0660499583244678,1.5311000006108204,0.09370221270790235,-0.5673994241591651,-1.885336752732636,-2.5213547854364693
2023-08-04,0.49206349206349204,0.19047619047619047,0.30158730158730157,0.093702212707908,1.5325346751901634,-0.5725293179111746,-2.2263334857733685,-3.1734699700118107,-2.5270726770115215
2023-08-07,1.2341269841269842,0.25,0.9841269841269841,-0.5725293179111796,1.523760464867545,-0.1572010791984768,-1.2833551439597302,-3.2370623257620412,-0.6566075852960207
2023-08-08,0.8293650793650793,0.4166666666666667,0.4126984126984127,-0.15720107919847676,1.5213650969723733,-0.3071102262562464,-1.6351757918058318,-2.8840693007515017,-0.9244506258382579
2023-08-09,1.007936507936508,0.42063492063492064,0.5873015873015873,-0.307110226256251,1.5166928291808779,0.37711781404443645,-2.2465163777963038,-4.238570241091977,-0.08570042112968634
2023-08-10,0.5,0.4444444444444444,0.05555555555555555,0.37711781404443234,1.5224125480240536,-1.576261672296586,-1.3254579694596536,-4.67846587195112,-2.141861486383234
2023-08-11,0.75,0.27380952380952384,0.47619047619047616,-1.576261672296583,1.4984153425353166,0.38639914183804525,-0.9687030444957445,-4.991194086035799,-0.26805345379671275
2023-08-14,0.7182539682539683,0.42857142857142855,0.2896825396825397,0.3863991418380534,1.5042052065600426,-0.5130352776795077,-1.9791061422837375,-4.489514609268463,0.2606531615724661
2023-08-15,1.0992063492063493,0.5396825396825397,0.5595238095238095,-0.5130352776795118,1.4964881032016977,-0.9267047829889297,-1.269654593498093,-0.5422300899657118,0.6860239617773933
2023-08-16,0.6785714285714286,0.40476190476190477,0.27380952380952384,-0.9267047829889279,1.4826200763724673,1.3228967770176236,-2.0378341410261513,1.1547179097610716,0.5293761677053421
2023-08-17,1.5,0.6150793650793651,0.8849206349206349,1.3228967770176308,1.502233609578215,-1.2204135207956712,-3.3980475951473688,-0.6482395308242017,-1.5639319245789873
2023-08-18,1.2063492063492063,0.3888888888888889,0.8174603174603174,-1.2204135207956668,1.4839001474929856,-0.6378298825911566,-4.061838191766176,0.6675828337544321,-0.17052571328188826
2023-08-21,0.8214285714285714,0.503968253968254,0.31746031746031744,-0.6378298825911647,1.474435388924461,0.20702733783475313,-2.561095260596935,2.6667800735374447,1.1633727071925337
2023-08-22,0.4801587301587302,0.4523809523809524,0.027777777777777776,0.20702733783475025,1.4774878732582448,-1.6975526796367713,0.7367790526178863,2.0178138239562937,-0.040292158834587255
2023-08-23,0.3333333333333333,0.15079365079365079,0.18253968253968253,-1.6975526796367726,1.4524067382744412,-0.08398072715110061,3.258964338725634,4.336683182798851,0.9749856004044988
2023-08-24,0.6746031746031745,0.23015873015873015,0.4444444444444444,-0.08398072715108772,1.4511869965344468,-1.8991675108599115,2.846534667124434,2.661103190135794,0.3628598498869984
2023-08-25,0.9801587301587302,0.9642857142857143,0.015873015873015872,-1.8991675108599062,1.4236265245744408,0.9164741776367169,4.929655661919008,4.971266175596556,4.217861642238296
2023-08-28,1.4087301587301588,0.42063492063492064,0.9880952380952381,0.916474177636715,1.4366736940581526,3.5985903110115514,5.36528540434249,4.973451607337243,2.8288588765008393
2023-08-29,1.7777777777777777,0.876984126984127,0.9007936507936508,3.598590311011556,1.488373694413381,0.763683311344221,1.2716654070002331,1.2349503239959203,-1.1438068213148966
2023-08-30,1.5674603174603174,0.6309523809523809,0.9365079365079365,0.7636833113442125,1.4997401559280534,-0.48305824337741,1.0437048744144972,-0.6182032385415592,-1.4771774716362818
2023-08-31,0.9603174603174603,0.3134920634920635,0.6468253968253969,-0.4830582433774144,1.4924955374756017,0.08783092740907161,-0.18029919781820114,-0.9216670036147789,-0.004614485083709319
2023-09-01,0.5992063492063493,0.5793650793650794,0.01984126984126984,0.08783092740907138,1.4938064101477055,1.335442651086538,0.039655627777546165,-0.8325505822667889,-0.5651997844727918
2023-09-04,1.4563492063492065,0.7103174603174603,0.746031746031746,1.3354426510865338,1.5137553380734827,-0.42639058631296356,-0.3718813036965307,-1.46435620681592,-2.1319452969373986
2023-09-05,0.2857142857142857,0.11507936507936507,0.17063492063492064,-0.42639058631296806,1.5073008278121274,0.536866236492739,-0.03625405275676785,-2.017398634264378,-1.4591190385920716
2023-09-06,1.2976190476190474,0.4722222222222222,0.8253968253968254,0.5368662364927368,1.5153930170390262,-1.6885677020581413,-1.644741861971133,-3.2219709117114803,-1.4557995626965914
2023-09-07,0.11904761904761904,0.07936507936507936,0.03968253968253968,-1.6885677020581449,1.4898045799940607,0.3083765834166252,-0.7427069003801079,-2.238670020905853,-0.41667114631555036
2023-09-08,1.1111111111111112,0.5873015873015873,0.5238095238095238,0.30837658341662977,1.4943987884574308,0.9185751913127538,-0.8718604683022768,-0.7177245362535278,-1.3189674128438078
2023-09-11,0.5198412698412698,0.42857142857142855,0.09126984126984126,0.9185751913127617,1.5081259649874792,-0.09094696626892329,-1.0965527778855066,-2.0429858197465456,-2.329254011185977
2023-09-12,1.003968253968254,0.47619047619047616,0.5277777777777778,-0.09094696626892734,1.5067543701748092,-1.0808434860236638,-1.9818630871968113,-2.349739035479115,-3.999258698735031
2023-09-13,0.6547619047619048,0.31746031746031744,0.3373015873015873,-1.0808434860236567,1.490468713714398,-0.7869346756633422,-1.603604199306663,-0.8643174716960189,-3.810688433381848
2023-09-14,0.8253968253968254,0.3888888888888889,0.4365079365079365,-0.7869346756633462,1.478739698576266,0.17785534589680463,-1.5071568786631295,0.9255833145320747,-3.9311598988873153
2023-09-15,1.3293650793650793,0.6587301587301587,0.6706349206349206,0.17785534589679716,1.4813697161820822,0.6898245273064596,0.15549160185688304,0.2695953151601316,-6.383386767904808
2023-09-18,0.7142857142857143,0.5515873015873016,0.1626984126984127,0.6898245273064544,1.4915885678243963,-0.9852587130137258,-0.9569262431627479,-0.6775102535714561,-4.7503091452289254
2023-09-19,0.5198412698412699,0.21428571428571427,0.3055555555555556,-0.9852587130137214,1.4768925614975899,-0.69910750008777,-0.3753141611022137,0.5697742128609518,-2.4573201553765855
2023-09-20,0.5912698412698413,0.30158730158730157,0.2896825396825397,-0.69910750008777,1.4665674948319218,-0.6896868624126751,0.7513351699467652,1.824971396559083,-1.4507684807308352
2023-09-21,0.5873015873015873,0.373015873015873,0.21428571428571427,-0.6896868624126881,1.4564527714916513,1.868948360314282,2.4699664626375295,1.863721447918043,0.7130078211937452
2023-09-22,0.4206349206349206,0.1984126984126984,0.2222222222222222,1.8689483603142805,1.4836731216831964,-0.428528104432746,0.11392656705917492,-0.6055893398714818,0.14181196017279962
2023-09-25,0.9365079365079365,0.015873015873015872,0.9206349206349206,-0.42852810443275885,1.4773151653788692,-0.40381300812782905,0.282115628072388,-0.2922385842760167,0.23672078202177094
2023-09-26,0.7817460317460317,0.2261904761904762,0.5555555555555556,-0.40381300812783244,1.4713495745700242,0.423880072375038,0.9486487872006677,-1.6892117306836818,0.8757754088613012
2023-09-27,1.3650793650793651,0.43253968253968256,0.9325396825396826,0.42388007237502984,1.4775863322116014,1.0043632616603793,1.0656297753288246,-2.9720589867776592,-0.5570234875719615
2023-09-28,1.0515873015873016,0.626984126984127,0.4246031746031746,1.004363261660374,1.49242666649165,-0.4732726312874025,-0.5916319050817131,-4.8122022721270525,-0.15936537781173765
2023-10-09,1.6349206349206349,0.6666666666666666,0.9682539682539683,-0.4732726312874076,1.48536341953711,-0.26125035461240786,-0.7186971199743208,-6.63509417999919,2.3355735117983834
2023-10-10,0.9642857142857143,0.4365079365079365,0.5277777777777778,-0.2612503546124113,1.4814829023362863,0.25816107106919617,-0.572738427735775,-4.1005807466721444,3.1536968625398565
2023-10-11,0.6428571428571429,0.4642857142857143,0.17857142857142858,0.25816107106919295,1.4853075144646648,0.5402529497108732,-2.6130716454114578,-3.0099444807647147,3.1104263682465216
2023-10-12,0.6071428571428572,0.2976190476190476,0.30952380952380953,0.5402529497108838,1.4933319321238374,-0.651893778046686,-3.9951156204956706,-3.217029999971699,1.9374134626825912
2023-10-13,1.4444444444444444,0.5753968253968254,0.8690476190476191,-0.6518937780466801,1.4835969941727378,-0.6004891347168639,-4.245689219055892,-1.1296599126438212,2.453378050118493
2023-10-16,1.6626984126984126,0.6984126984126984,0.9642857142857143,-0.6004891347168486,1.4746881554197446,-0.1146191456994794,-5.95922584454236,0.7519550597266056,4.150385935288914
2023-10-17,0.2579365079365079,0.07142857142857142,0.1865079365079365,-0.1146191456994752,1.4729978804542712,-1.7992229214257138,-3.5481640177450924,0.5305097203941234,4.834923809275593
2023-10-18,0.7976190476190476,0.07539682539682539,0.7222222222222222,-1.799222921425722,1.446495364957023,-0.8865406989877034,-0.40752166852231486,2.609059681749648,7.419781031160544
2023-10-19,1.373015873015873,0.996031746031746,0.376984126984127,-0.8865406989877184,1.4336715948377081,-0.9111932152271018,0.8104646191210652,2.4890103551476805,7.603337130383925
2023-10-20,0.36507936507936506,0.15079365079365079,0.21428571428571427,-0.9111932152271109,1.4206080765369087,-2.3792571195102807,3.2541921935405727,4.88806024026005,9.456529545175773
2023-10-23,1.3373015873015874,0.996031746031746,0.3412698412698413,-2.3792571195102803,1.3868081577355662,2.446289470756602,7.136458588882744,9.608179447095688,13.22239087956023
2023-10-24,1.2777777777777777,0.7896825396825397,0.4880952380952381,2.4462894707565934,1.420733499677845,1.398368042797049,4.228715499920188,7.564464587683384,9.948592607135986
2023-10-25,1.8412698412698414,0.8452380952380952,0.996031746031746,1.3983680427970506,1.440600582910652,0.32558732887137953,3.028924875462735,6.310307604471288,7.387420057744443
2023-10-26,1.4523809523809523,0.6349206349206349,0.8174603174603174,0.3255873288713763,1.4452909958682565,1.490799974380197,1.6650510860836132,5.325775250183762,8.047031441064977
2023-10-27,1.7222222222222223,0.8928571428571429,0.8293650793650794,1.4907999743801978,1.4668373936643797,1.2911965591440477,1.5823745380303178,3.6239765733551144,5.186149864712242
2023-10-30,1.0952380952380953,0.8174603174603174,0.2777777777777778,1.2911965591440426,1.4857771476196124,-0.3341598190742312,2.3070772459427236,3.3730669281282877,3.842741515876802
2023-10-31,0.5317460317460317,0.38492063492063494,0.14682539682539683,-0.33415981907423487,1.4808122773912804,0.2311579248413409,3.200412738239833,4.28169925811912,5.05908672431874
2023-11-01,0.9166666666666666,0.49206349206349204,0.4246031746031746,0.23115792484135078,1.484235292322494,-1.00250028465374,3.1849140743484883,4.688398241180414,4.232204882971691
2023-11-02,1.0436507936507937,0.49603174603174605,0.5476190476190477,-1.0025002846537414,1.4693558292920297,1.408265131664721,3.600769512229407,4.990122118960794,4.726614033613408
2023-11-03,0.7619047619047619,0.6944444444444444,0.06746031746031746,1.4082651316647317,1.4900482550960323,2.013821963087703,2.0097994800864383,4.355566586369353,3.9172841379335743
2023-11-06,1.5674603174603177,0.8015873015873016,0.7658730158730159,2.0138219630876955,1.5200551741177613,0.536112646917486,1.0419510662228681,3.2973920839630466,1.8768440716987467
2023-11-07,1.7341269841269842,0.8174603174603174,0.9166666666666666,0.5361126469174817,1.5282043821463303,0.21610518438326398,1.0477540653077488,2.216464357993564,-0.46556041978303986
2023-11-08,1.4325396825396826,0.6944444444444444,0.7380952380952381,0.21610518438325943,1.5315069110441206,-0.6035209477753267,1.4570775004460357,1.0131778164734095,-0.17362044198176996
2023-11-09,0.08333333333333333,0.03571428571428571,0.047619047619047616,-0.6035209477753312,1.5222639460193426,-0.14903518179523179,1.3410639836679783,2.583656454858585,0.12728011039899734
2023-11-10,0.6071428571428571,0.1349206349206349,0.4722222222222222,-0.14903518179523623,1.5199952371799894,1.04593538471629,2.299550747318979,1.5075403811117827,-0.5639630107805771
2023-11-13,1.4444444444444446,0.6428571428571429,0.8015873015873016,1.045935384716292,1.5358934052116573,0.5418865949017748,2.2321827656138105,0.45434908889281367,-0.5442887016780085
2023-11-14,1.4642857142857144,0.6150793650793651,0.8492063492063492,0.5418865949017754,1.5442162056864797,0.6220597828767493,1.1565920524373663,0.7454687368254609,-0.6271374738728408
2023-11-15,1.6825396825396826,0.7698412698412699,0.9126984126984127,0.6220597828767477,1.5538221536627206,-0.7171782240767532,-0.43752461130243114,-0.4357630509903565,-1.8273476442059455
2023-11-16,0.4444444444444445,0.3531746031746032,0.09126984126984126,-0.7171782240767549,1.542678479535771,0.7953581801242171,1.2261490281874732,-0.2509836925885356,-1.36946642191339
2023-11-17,1.5198412698412698,0.6547619047619048,0.8650793650793651,0.7953581801242225,1.5549482990157748,0.9793929544059887,-0.774207081479239,-0.4199895250178498,-2.551405326871392
2023-11-20,1.7738095238095237,0.7857142857142857,0.9880952380952381,0.9793929544059916,1.570177353100991,-0.515920414410076,-1.739015668673538,-1.3752022036622513,-4.784535981038662
2023-11-21,1.4563492063492063,0.7301587301587301,0.7261904761904762,-0.5159204144100809,1.5620764875938993,-0.9636332400411729,-0.40642266338786204,-2.623867685721659,-4.108320589946912
2023-11-22,1.3452380952380953,0.6984126984126984,0.6468253968253969,-0.9636332400411737,1.5470237993245768,0.9418224465868485,0.0017693014413122654,-1.1748944881344259,-4.118977140098812
2023-11-23,0.3611111111111111,0.3412698412698413,0.01984126984126984,0.941822446586851,1.5615940167206563,-1.1964849601844407,-1.4592402605029364,-2.3945104213949686,-4.3506557801865515
2023-11-24,0.7261904761904763,0.1388888888888889,0.5873015873015873,-1.1964849601844274,1.5429097791714537,-0.0024665257402634033,0.35698133120716236,-2.040738435898337,-4.438509370710553
2023-11-27,0.1468253968253968,0.05952380952380952,0.0873015873015873,-0.002466525740266402,1.5428717229046014,0.8332599290925113,0.37025220893833755,-0.9941210108156961,-4.759295762034155
2023-11-28,1.0238095238095237,0.4087301587301587,0.6150793650793651,0.833259929092505,1.5557278547288647,-0.5577250457742156,-2.2264939985428556,-1.3624495750611976,-6.7596569022774
2023-11-29,0.6904761904761905,0.21825396825396826,0.4722222222222222,-0.5577250457742154,1.5470511708389558,-0.5329211386990718,-1.176642971214703,-1.397675145070676,-5.506940459315269
2023-11-30,0.376984126984127,0.14682539682539683,0.23015873015873015,-0.5329211386990717,1.5388066081230636,0.6245795193929427,-0.9491201035637609,-1.1212970019452206,-3.16317659945613
2023-12-01,1.4166666666666665,0.753968253968254,0.6626984126984127,0.6245795193929445,1.5484176790404653,0.010756819786417182,-2.389190801975527,-2.140405279821722,-2.277188439121358
2023-12-04,1.6547619047619047,0.7420634920634921,0.9126984126984127,0.010756819786413643,1.5485842395397407,-1.775465062090864,-1.3593402325161597,-3.4568727678577993,-2.1429441555342876
2023-12-05,0.5158730158730159,0.2896825396825397,0.2261904761904762,-1.7754650620908679,1.521089667409667,0.5100445248391816,0.883720405268873,-1.524452521316233,-0.7942387367354864
2023-12-06,0.45634920634920634,0.35714285714285715,0.0992063492063492,0.5100445248391897,1.5288479019761845,-0.3039162182044697,-0.2236638994075002,-2.979083742653721,-1.624250126658433
2023-12-07,0.5238095238095238,0.14682539682539683,0.376984126984127,-0.3039162182044835,1.5242014852504,-0.8383707204978275,-0.17382672275246813,-2.004134569927274,-2.966705036315531
2023-12-08,0.19047619047619047,0.15079365079365079,0.03968253968253968,-0.8383707204978273,1.5114230262766677,1.065928226612578,0.25487497153013905,-2.4477225496878474,-4.043596618510692
2023-12-11,1.0396825396825398,0.4246031746031746,0.6150793650793651,1.0659282266125865,1.5275337109372726,0.45813301504396,-2.1264380634577695,-3.802980984219917,-4.529979968940068
2023-12-12,1.4880952380952381,0.7222222222222222,0.7658730158730159,0.45813301504395004,1.5345318471830025,-0.5932380000518878,-2.3870778326879782,-5.471757260763866,-5.80479527490666
2023-12-13,1.1071428571428572,0.38492063492063494,0.7222222222222222,-0.5932380000518864,1.5254284211426148,-0.2541191266953402,-2.7615965377484564,-4.167513616226016,-3.634509013369036
2023-12-14,0.7936507936507937,0.27380952380952384,0.5198412698412699,-0.2541191266953284,1.5215520157604447,-0.41252289838527023,-1.8334949513605925,-2.0650347704814442,-4.103676471252804
2023-12-15,0.9841269841269841,0.5436507936507936,0.44047619047619047,-0.4125228983852662,1.5152752652845902,-1.3346494245742413,-2.6957267883336855,-0.13977490882804977,-3.8795501291249423
2023-12-18,0.03968253968253968,0.011904761904761904,0.027777777777777776,-1.3346494245742386,1.4950516526757536,0.19061046770563195,-1.7129681270302233,1.3609758146368112,-2.9574319221270406
2023-12-19,0.1865079365079365,0.051587301587301584,0.1349206349206349,0.19061046770562246,1.4979013776233596,-0.9746392628341094,-3.160113804183251,0.7415178724838434,-5.5623172562237695
2023-12-20,0.8293650793650794,0.11507936507936507,0.7142857142857143,-0.9746392628340991,1.4833022426785094,0.6979153265452176,-1.4458454976827628,1.3964345712852433,-5.279336617716723
2023-12-21,0.6865079365079365,0.26587301587301587,0.42063492063492064,0.6979153265452142,1.4936544363691517,-1.2872356456537615,-0.2358643806318006,-0.9822562025079695,-7.13975709884076
2023-12-22,1.1071428571428572,0.9484126984126984,0.15873015873015872,-1.2872356456537597,1.4744275840413192,-0.33814408469450274,2.626762212123679,-1.6359167725588986,-11.316424230913347
2023-12-25,0.3055555555555556,0.027777777777777776,0.2777777777777778,-0.3381440846945166,1.4694418943827794,-1.2845628696788514,3.1275173164654335,-0.7557396187099052,-10.767246592011038
2023-12-26,1.3293650793650793,0.4801587301587302,0.8492063492063492,-1.2845628696788538,1.4505659894160328,0.7783165090081257,4.0289511170817915,-0.3523158841125529,-8.229647414471152
2023-12-27,0.28968253968253965,0.17063492063492064,0.11904761904761904,0.7783165090081149,1.4618559839857148,1.934216086130669,2.8839779340820826,0.5561836314279534,-5.640261802405977
2023-12-28,1.6388888888888888,0.8293650793650794,0.8095238095238095,1.9342160861306616,1.4901314375840302,1.545222958140302,-0.748156456468374,-2.08162804366514,-7.767750288742525
2023-12-29,1.869047619047619,0.8968253968253969,0.9722222222222222,1.5452229581403132,1.5131572906640447,0.14814411130850136,-4.153574460306819,-3.7450098043365077,-11.911556915853128
2024-01-02,1.4682539682539684,0.8095238095238095,0.6587301587301587,0.14814411130849642,1.5153989440849986,-0.42169489818660866,-3.7654905656837157,-4.260424391198758,-14.84353787270285
2024-01-03,0.9206349206349207,0.5873015873015873,0.3333333333333333,-0.42169489818660444,1.5090085840506184,-0.33087923498050786,-4.211584327389151,-6.257435128867961,-18.530604836907273
2024-01-04,0.9404761904761905,0.5277777777777778,0.4126984126984127,-0.3308792349805121,1.5040155879919215,-1.6643886651110718,-2.2625430600530905,-6.583832278943369,-19.464169040553504
2024-01-05,0.13095238095238093,0.03968253968253968,0.09126984126984126,-1.664388665111079,1.4789829230238802,-1.93888290951314,-1.3435232430840438,-6.2185833166689015,-21.590489222544118
2024-01-08,0.5634920634920635,0.04365079365079365,0.5198412698412699,-1.9388829095131372,1.4503071758947523,0.5536457415168838,0.42627010206146565,-9.84150631076468,-26.624391930950818
2024-01-09,0.8174603174603174,0.5992063492063492,0.21825396825396826,0.5536457415168882,1.4583367398130074,-0.8832887793030153,-0.5142997334577348,-10.087744051734138,-25.15169233609592
2024-01-10,0.5992063492063493,0.27380952380952384,0.3253968253968254,-0.8832887793030102,1.4454554150257857,1.697124131460681,-2.1358018995440986,-7.905182744836791,-25.52257386465756
2024-01-11,1.3650793650793651,0.7936507936507936,0.5714285714285714,1.6971241314606773,1.4699865876836935,-0.7397444359691474,-4.421323568450742,-6.162172439385715,-21.6963205484172
2024-01-12,0.42063492063492064,0.19444444444444445,0.2261904761904762,-0.7397444359691614,1.4591124436918106,-0.17976969009532162,-4.94144959747217,-5.807002436287467,-18.515775975158277
2024-01-15,1.2261904761904763,0.6547619047619048,0.5714285714285714,-0.17976969009531674,1.4564894017736436,-0.38811706556374226,-10.22419373177077,-8.484284393895813,-17.335412010164386
2024-01-16,0.9722222222222221,0.3968253968253968,0.5753968253968254,-0.3881170655637435,1.4508365178472329,-2.4987768495394524,-9.622935047576897,-11.054063499035605,-15.627059504588459
2024-01-17,0.35317460317460314,0.13095238095238096,0.2222222222222222,-2.498776849539451,1.414583350814602,-0.6779117384429934,-5.895292616990044,-13.09241935604305,-11.479338753211621
2024-01-18,0.6865079365079365,0.3333333333333333,0.3531746031746032,-0.677911738442989,1.4049937242293695,-1.2799051129497085,-1.821377880433106,-13.788123700461785,-8.439991767455757
2024-01-19,0.23809523809523808,0.1349206349206349,0.10317460317460317,-1.2799051129497172,1.3870111377163352,-5.727137432618356,-0.9105470629944268,-16.391206754512012,-5.892302329711397
2024-01-22,0.9523809523809523,0.9484126984126984,0.003968253968253968,-5.727137432618359,1.3075751036535972,0.27901712295346215,1.938060386421392,-18.614869141486068,2.555276713342125
2024-01-23,1.1547619047619047,0.23412698412698413,0.9206349206349206,0.27901712295346276,1.3112234620882672,1.5227046694842539,-1.5835084401248145,-16.754054411702622,-3.8926659891168724
2024-01-24,1.8293650793650795,0.9325396825396826,0.8968253968253969,1.5227046694842437,1.3311895229728583,3.6218701777528395,-7.647998638113185,-19.129622757173202,-1.7802746746527487
2024-01-25,1.9325396825396826,0.9444444444444444,0.9880952380952381,3.621870177752841,1.3794034793147825,-0.36405089965581006,-12.188748998183097,-16.55424950987623,-4.113611308001552
2024-01-26,1.5714285714285716,0.7976190476190477,0.7738095238095238,-0.3640508996558043,1.3743817485384535,-3.01699653843136,-15.622913673122351,-13.492269985647853,-3.5694226989756217
2024-01-29,0.9523809523809523,0.9484126984126984,0.003968253968253968,-3.0169965384313735,1.332916698760216,-3.185238124970846,-20.162174412576128,-9.671702349315614,-2.085061787317921
2024-01-30,0.9484126984126984,0.9444444444444444,0.003968253968253968,-3.185238124970831,1.2904601278972028,-4.7331924630281685,-15.41463806637353,-5.141320880356659,2.1467803237610106
2024-01-31,0.9444444444444444,0.9365079365079365,0.007936507936507936,-4.733192463028183,1.2293801663851887,-1.4729955250161186,-12.432458365540544,1.8560873411491041,6.358079567123709
2024-02-01,0.9484126984126984,0.9404761904761905,0.007936507936507936,-1.4729955250161035,1.2112714515488991,-4.2606615600297,-4.9714591944519775,6.2034746981080024,9.095977721721482
2024-02-02,1.0198412698412698,0.9365079365079365,0.08333333333333333,-4.260661560029704,1.1596632744251414,-8.234421779947155,2.525144894456721,12.557177322215685,16.170168380994987
2024-02-05,0.9285714285714286,0.9246031746031746,0.003968253968253968,-8.234421779947157,1.0641717091818292,2.571827494850498,13.13972667225669,26.012301794577162,28.144335754088633
2024-02-06,0.9761904761904763,0.015873015873015872,0.9603174603174603,2.5718274948504978,1.091540369790988,-1.3744228945672177,12.145502426387056,15.449867656249916,25.19786024039943
2024-02-07,1.9246031746031746,0.9246031746031746,1.0,-1.3744228945672219,1.076537989045137,6.9217804958333184,16.3171712257671,21.45327952462266,26.256930586395598
2024-02-08,1.8333333333333333,0.9166666666666666,0.9166666666666666,6.921780495833316,1.1510535856010995,3.2920158770271213,11.759555390234478,14.908653980345088,19.744192620554312
2024-02-19,1.8928571428571428,0.9126984126984127,0.9801587301587301,3.292015877027118,1.1889464523921776,1.2662059480758492,9.784948305204843,11.47047470211735,18.237211759858617
2024-02-20,1.869047619047619,0.9087301587301587,0.9603174603174603,1.2662059480758436,1.204000963091804,1.670469494101967,11.37759079055385,8.398963292031226,16.44418068072959
2024-02-21,1.7142857142857144,0.9047619047619048,0.8095238095238095,1.670469494101959,1.2241134318889466,2.294322029926321,2.94649821737778,7.683114789027723,15.884845617973763
2024-02-22,1.8174603174603174,0.8968253968253969,0.9206349206349206,2.294322029926323,1.2521985360280619,2.7323010336367304,4.415606264088523,4.419954018944372,13.404797495354437
2024-02-23,1.9007936507936507,0.9007936507936508,1.0,2.732301033636723,1.2864123695711407,1.4670162547076426,2.8177443790956547,2.723548388445529,8.835109790176832
2024-02-26,1.753968253968254,0.8968253968253969,0.8571428571428571,1.467016254707639,1.305284248135319,2.7352676401635634,1.5352982562114814,3.209916190805373,4.65595188348642
2024-02-27,1.8293650793650795,0.8928571428571429,0.9365079365079365,2.73526764016356,1.3409872657867168,-6.025810647879215,-2.674350807357606,1.6919252558270426,1.8576923703523152
2024-02-28,0.9285714285714285,0.9206349206349206,0.007936507936507936,-6.025810647879212,1.2601819123382365,3.7541231327249402,4.601046809429388,8.443485282437923,4.897081911835488
2024-02-29,1.8650793650793651,0.8849206349206349,0.9801587301587301,3.75412313272494,1.3074906930237418,1.1601986051540836,0.004163893704589583,3.9551431468749065,3.4655536328985104
2024-03-01,1.757936507936508,0.8253968253968254,0.9325396825396826,1.1601986051540731,1.3226601818067227,0.2014177689376062,-0.0916145274524105,4.208158805024675,3.5510880457128025
2024-03-04,1.242063492063492,0.8333333333333334,0.4087301587301587,0.20141776893760732,1.325324254435544,-1.5241321020386778,1.6492963169992159,6.070429928484677,5.650975915223522
2024-03-05,0.9761904761904763,0.5912698412698413,0.38492063492063494,-1.5241321020386789,1.305124562017587,0.9990548312980296,4.486254239663201,7.421858239570245,7.168067051425409
2024-03-06,1.6388888888888888,0.876984126984127,0.7619047619047619,0.9990548312980295,1.318163472008881,-0.8055401843522492,3.6734225805684417,7.616543081071558,5.262149571349162
2024-03-07,1.0476190476190477,0.7579365079365079,0.2896825396825397,-0.8055401843522503,1.3075451355463967,1.0633129983044665,3.9508147454438536,8.604527325093446,3.5879187588978567
2024-03-08,1.0158730158730158,0.8373015873015873,0.17857142857142858,1.063312998304467,1.3214484329313594,1.9474347223524369,4.30371616170151,5.949523256946554,3.9612728300773004
2024-03-11,1.8095238095238095,0.873015873015873,0.9365079365079365,1.947434722352432,1.3471827785522468,1.2242577417345135,4.349399131793197,1.4010627525438135,-0.16779137958330415
2024-03-12,1.5753968253968254,0.8452380952380952,0.7301587301587301,1.2242577417345073,1.3636757680139868,0.2133512006824434,2.8095599954933492,0.16300912202049656,-1.1397256196913452
2024-03-13,1.3412698412698414,0.7579365079365079,0.5833333333333334,0.21335120068244467,1.3665851866384602,-0.5401320858540393,3.8034053495617837,-3.2702779345074817,-2.0698727215691437
2024-03-14,0.8412698412698413,0.6507936507936508,0.19047619047619047,-0.5401320858540356,1.3592038215648976,1.406411668345009,4.47684088965119,-0.47096228157242903,-4.820413440408123
2024-03-15,1.7896825396825398,0.8611111111111112,0.9285714285714286,1.4064116683450012,1.3783198227079776,1.9920856876557647,1.5778988091791124,-0.630536770677681,-12.149161653656682
2024-03-18,1.6904761904761905,0.8650793650793651,0.8253968253968254,1.9920856876557604,1.4057771346262655,-0.2694650291724998,-2.8254464364721676,-0.3954485840624522,-8.769184071517788
2024-03-19,1.1388888888888888,0.75,0.3888888888888889,-0.26946502917249326,1.4019890568603446,1.182099374595369,-2.5742264372971446,-0.23625656109843574,-8.690872433918283
2024-03-20,1.8095238095238093,0.8571428571428571,0.9523809523809523,1.1820993745953638,1.4185619607333861,0.1051242970211419,-6.81450021822344,-2.18776169751963,-10.318956155204638
2024-03-21,1.496031746031746,0.8095238095238095,0.6865079365079365,0.10512429702114848,1.4200532140224165,-1.4073345314040142,-4.73578941427747,-4.619152340840282,-10.988067526576106
2024-03-22,0.9325396825396826,0.6865079365079365,0.24603174603174602,-1.407334531404011,1.4000683147771664,-2.4292143281131606,-2.17413000834511,-1.876601579459114,-9.130371241377222
2024-03-25,0.09126984126984126,0.031746031746031744,0.05952380952380952,-2.4292143281131633,1.366057654671227,-0.011637192621472003,2.500652447887086,-1.547177208542383,-5.113957236489619
2024-03-26,1.246031746031746,0.6111111111111112,0.6349206349206349,-0.011637192621477317,1.3658986839106326,-3.2216614310711877,2.3997447397161364,-1.3006146212368952,-4.69708918653965
2024-03-27,1.0119047619047619,0.9642857142857143,0.047619047619047616,-3.221661431071193,1.3218940528235748,2.3381927882980102,4.965084193934444,1.240989002455306,-0.11900785699842098
2024-03-28,1.6031746031746033,0.8214285714285714,0.7817460317460317,2.338192788298001,1.3528024842356359,1.24382719345284,0.12243535396982974,-4.370032362957732,0.3190618235000331
2024-03-29,1.376984126984127,0.7738095238095238,0.6031746031746031,1.2438271934528422,1.3696290094082644,2.2333784721209726,0.3041408462928885,-11.591714907824958,-1.5201897177270496
2024-04-01,1.6626984126984126,0.8095238095238095,0.8531746031746031,2.233378472120976,1.4002180088523122,-0.11007165419515408,-3.9490769665953662,-8.406980773888073,-1.610372276262162
2024-04-02,1.4642857142857144,0.6825396825396826,0.7817460317460317,-0.11007165419515245,1.39867676572763,-0.7971505997636297,-3.6136411964294957,-8.47463776055849,-0.8620673575608362
2024-04-03,0.75,0.49603174603174605,0.25396825396825395,-0.7971505997636287,1.3875272055008776,-2.383262297420541,-3.547937126024192,-8.31306449867717,-1.3748988430217213
2024-04-08,0.1865079365079365,0.03968253968253968,0.14682539682539683,-2.3832622974205444,1.3544587927457223,1.427567824609266,-4.486974074337102,-6.677352258909385,2.4177089665809337
2024-04-09,0.6865079365079365,0.5912698412698413,0.09523809523809523,1.4275678246092605,1.3737946106685515,-2.1016452140466435,-11.859785302729598,-7.392497384598961,-0.10427677387282452
2024-04-10,1.1428571428571428,0.9841269841269841,0.15873015873015872,-2.101645214046649,1.3449223219826052,0.2387709595800036,-4.641187889201581,-3.6228316535955263,0.40821214236601566
2024-04-11,0.5158730158730159,0.2896825396825397,0.2261904761904762,0.23877095958001113,1.3481336059164086,-0.7295266010743262,-5.043241205983728,-3.441231728311822,1.0048870696953482
2024-04-12,1.1785714285714286,0.5873015873015873,0.5912698412698413,-0.7295266010743279,1.338298612643226,-3.3336382743062054,-4.940410013707098,-1.3433263274628238,1.0510505420213923
2024-04-15,0.9285714285714286,0.9126984126984127,0.015873015873015872,-3.333638274306195,1.2936845778676425,-6.401796847679853,-2.29327692568031,4.9033731813597825,5.059574929472932
2024-04-16,0.9642857142857143,0.9047619047619048,0.05952380952380952,-6.401796847679849,1.2108655193427913,5.91613433271021,5.068387833492527,11.3920603477347,13.736611308319912
2024-04-17,1.8888888888888888,0.8888888888888888,1.0,5.916134332710203,1.2825019500555799,-0.1838573161124346,1.0679204292339817,7.4204437795061695,7.7511384863763855
2024-04-18,0.8809523809523809,0.31746031746031744,0.5634920634920635,-0.18385731611243375,1.280143976391118,-0.622023972855712,1.6870936813955906,8.317443620799047,6.8777611402725425
2024-04-19,0.24206349206349204,0.04365079365079365,0.1984126984126984,-0.622023972855716,1.2721811739708968,-0.6417612668401684,3.7840302980088225,7.567234762203756,8.078113647985008
2024-04-22,1.0555555555555556,1.0,0.05555555555555555,-0.6417612668401648,1.264016807952319,0.6503135085770495,7.365562860567976,9.745824240567181,6.515299479304337
2024-04-23,0.7301587301587302,0.15079365079365079,0.5793650793650794,0.6503135085770585,1.2722368800051174,1.88338907297938,6.018625244601283,7.870010965519847,4.804290283304691
2024-04-24,1.2857142857142856,0.5873015873015873,0.6984126984126984,1.8833890729793736,1.2961980503855475,0.42764715950487364,6.285400276658626,4.182571313439021,3.483875160410843
2024-04-25,1.257936507936508,0.5079365079365079,0.75,0.4276471595048843,1.3017412045295789,1.4272952600171473,6.520345600767752,4.604572818800978,1.99526763400939
2024-04-26,1.003968253968254,0.6785714285714286,0.3253968253968254,1.4272952600171513,1.3203208950395198,2.787039545380421,3.6452664762889997,2.4269791189511114,0.7877783955015261
2024-04-29,1.8095238095238095,0.8650793650793651,0.9444444444444444,2.78703954538042,1.357118760510192,-0.6123790132290585,2.2169691254637636,0.14890059621162077,-2.5491049800557164
2024-04-30,0.8293650793650793,0.2976190476190476,0.5317460317460317,-0.6123790132290711,1.3488080500362332,2.1397585960074794,1.7462834635396662,2.1047738530611593,-1.2771352770112099
2024-05-06,1.3531746031746033,0.44841269841269843,0.9047619047619048,2.139758596007488,1.3776692862305244,0.6496438406105476,-1.978473955732385,0.30785081054869323,-5.146642010753643
2024-05-07,0.7817460317460317,0.03968253968253968,0.7420634920634921,0.6496438406105491,1.3866192298925044,-1.310317893693036,-1.7985040990638357,-1.3291326238889067,-6.4598004665604165
2024-05-08,0.5753968253968255,0.051587301587301584,0.5238095238095238,-1.3103178936930362,1.3684501100058344,1.370569104683339,-1.1754394568676219,0.47493912705911523,-6.848483487834245
2024-05-09,0.6984126984126984,0.06746031746031746,0.6309523809523809,1.3705691046833317,1.3872056644265796,-1.0700361769217293,-2.023214488695857,-2.9436425336615946,-11.398309217128089
2024-05-10,1.0634920634920635,0.9603174603174603,0.10317460317460317,-1.0700361769217277,1.3723620619689076,-1.5994032748972709,0.3523375766840253,-2.842050960016218,-8.757094629286332
2024-05-13,1.4484126984126984,0.9523809523809523,0.49603174603174605,-1.5994032748972646,1.3504124582063293,0.8344389841543842,2.33247211969394,-0.6706459095985662,-6.69290219463613
2024-05-14,1.2142857142857144,0.5238095238095238,0.6904761904761905,0.8344389841543837,1.3616808262044804,-0.6841558285850424,0.47796774465473923,-2.494446575783549,-6.218265746710383
2024-05-15,0.9404761904761905,0.3968253968253968,0.5436507936507936,-0.6841558285850478,1.3523648074652774,0.500952918414943,1.6700085230396011,-1.600360312829241,-5.866712489667436
2024-05-16,1.0873015873015874,0.5634920634920635,0.5238095238095238,0.5009529184149388,1.3591395184358914,1.3286267171651156,-0.9394348264870844,-2.693994202837402,-6.280597065053117
2024-05-17,1.7738095238095237,0.8174603174603174,0.9563492063492064,1.3286267171651256,1.37719740920138,0.34221986347031663,-3.1831730220128307,-3.3121949174866994,-7.918095156397376
2024-05-20,0.41666666666666663,0.06746031746031746,0.3492063492063492,0.3422198634703091,1.3819104522948655,-0.9929175174262173,-2.9346677228513363,-5.437752655676209,-7.053373557427156
2024-05-21,1.257936507936508,0.9761904761904762,0.28174603174603174,-0.9929175174262046,1.368189221338886,0.4940978607501645,-2.9582747214713767,-5.199779812530236,-6.6552110411975836
2024-05-22,0.9801587301587302,0.1111111111111111,0.8690476190476191,0.4940978607501566,1.3749494150125356,-2.0784856694614606,-3.2166504983893396,-7.288805226975326,-8.868658781610284
2024-05-23,0.7936507936507936,0.031746031746031744,0.7619047619047619,-2.0784856694614646,1.3463712884591559,-0.9664834476844741,-1.7711986331564566,-8.711090034878744,-7.096174193031124
2024-05-24,0.6150793650793651,0.24603174603174602,0.36904761904761907,-0.9664834476844736,1.333358832811822,0.5997739906198118,-0.13326391651237168,-6.0880697129947485,-9.581981862793565
2024-05-27,1.0634920634920635,0.9801587301587301,0.08333333333333333,0.5997739906198123,1.3413559722926591,-1.0169967638956612,-2.5787630599953593,-6.062916989832234,-10.14637776419811
2024-05-28,1.5158730158730158,0.9722222222222222,0.5436507936507936,-1.0169967638956585,1.3277144254621216,0.22653006415631616,-2.309836397307752,-3.8190841856213575,-6.650473384023803
2024-05-29,1.4126984126984126,0.9682539682539683,0.4444444444444444,0.22653006415632138,1.3307220978019336,-0.6160354002325619,-4.207495142042195,-4.335739633195468,-8.554567413003323
2024-05-30,1.3373015873015874,0.9682539682539683,0.36904761904761907,-0.6160354002325613,1.3225243786007563,0.6848696444355928,-7.065027064521223,-3.6859008165355256,-7.566781130686751
2024-05-31,0.7103174603174603,0.03571428571428571,0.6746031746031746,0.6848696444355828,1.3315819466100534,-1.8636755099524005,-5.962751993320592,-4.763682695020344,-7.447735639004649
2024-06-03,1.5555555555555556,0.9285714285714286,0.626984126984127,-1.8636755099523943,1.3067655799761344,-0.74375892008266,-3.576380304001403,-1.7085263380724136,-5.657839046069125
2024-06-04,1.630952380952381,0.9523809523809523,0.6785714285714286,-0.7437589200826693,1.297046394410492,-1.7203983083271646,-1.5449332180993536,-1.5352614432637357,-5.706970101821529
2024-06-05,1.4523809523809523,0.9801587301587301,0.4722222222222222,-1.7203983083271674,1.2747320301828353,-3.580702122827073,-0.1338773752115996,-1.7040591036527553,-6.5744616264654105
2024-06-06,1.1428571428571428,0.9126984126984127,0.23015873015873015,-3.5807021228270726,1.2290876733177218,1.8790640187450025,3.636011440312892,1.76901645825831,-2.021867667521815
2024-06-07,0.7023809523809523,0.5396825396825397,0.1626984126984127,1.879064018745008,1.2521830175458653,0.6267179396757472,1.2751003710945286,-3.7204135184113807,-6.364013569164584
2024-06-11,0.5119047619047619,0.05952380952380952,0.4523809523809524,0.6267179396757468,1.2600306731543982,1.3473656646932897,1.9371332167553046,-4.347016794127933,-5.313975284690531
2024-06-12,1.7222222222222223,0.7658730158730159,0.9563492063492064,1.3473656646932972,1.2770078938090843,-0.3118572272376774,0.009823541999165464,-2.9438160100978883,-7.237613199509363
2024-06-13,0.9444444444444444,0.5595238095238095,0.38492063492063494,-0.31185722723768483,1.273025452399845,0.059071036621238804,-1.5722866645584643,-4.410035433955839,-4.094680063989675
2024-06-14,0.7857142857142858,0.3531746031746032,0.43253968253968256,0.05907103662123221,1.2737774417310297,-0.4418223857070691,-1.8014925083544187,-4.029400001715954,-4.392532340746847
2024-06-17,1.007936507936508,0.25,0.7579365079365079,-0.44182238570706905,1.2681496078493752,1.28451232529474,-4.932618058339355,-2.818308204200126,-5.36873077247646
2024-06-18,1.4404761904761905,0.6507936507936508,0.7896825396825397,1.2845123252947348,1.2844391458653774,-0.568793365807152,-6.164730959738529,-4.017960623502626,-6.446153918488406
2024-06-19,1.369047619047619,0.5793650793650794,0.7896825396825397,-0.5687933658071394,1.2771333412158652,-1.888878589417442,-2.953349428575547,-4.236753907749435,-6.916969086345148
2024-06-20,1.1388888888888888,0.9722222222222222,0.16666666666666666,-1.888878589417438,1.2530098429753271,-0.1739337039057487,-2.8830790366188075,-4.954835854258189,-5.146973230823404
2024-06-21,0.30158730158730157,0.05952380952380952,0.24206349206349206,-0.17393370390574694,1.2508304365451366,-3.616301933317001,-2.2687793839953008,-3.724988466735357,-4.356585132976298
2024-06-24,1.2698412698412698,0.9325396825396826,0.3373015873015873,-3.6163019333169997,1.2055966312858373,-0.028177177656973917,2.224011865012443,-2.745753432643505,-0.2527403681569118
2024-06-25,0.7698412698412698,0.047619047619047616,0.7222222222222222,-0.028177177656979118,1.2052569281812133,2.834101343955897,2.2878075143737187,-1.0109025961913098,-2.2213204471470682
2024-06-26,1.2698412698412698,0.5357142857142857,0.7341269841269841,2.8341013439558997,1.2394151309809187,-1.817837426056923,-1.3224613849288192,-4.424032568453562,-6.369322969210178
2024-06-27,0.7103174603174603,0.19444444444444445,0.5158730158730159,-1.8178374260569146,1.2168845788657352,0.4575022728545264,-2.1332604010588008,0.32990426494852176,-4.168147855422077
2024-06-28,0.3571428571428571,0.18253968253968253,0.1746031746031746,0.45750227285452894,1.222451853472062,0.8145425040242849,-1.4900142181398124,-0.3783787316504972,-3.0494237482651343
2024-07-01,1.0396825396825395,0.5714285714285714,0.46825396825396826,0.814542504024279,1.2324092434098246,0.03421293243970336,-4.861641807033134,-2.6243858499966577,-3.713105108046133
2024-07-02,1.4365079365079365,0.7182539682539683,0.7182539682539683,0.03421293243970708,1.232830886751653,-0.7954491067920122,-3.224929921487951,-2.5298413231885974,-3.207385710764299
2024-07-03,1.4484126984126986,0.7063492063492064,0.7420634920634921,-0.7954491067920113,1.223024344474731,-2.624566109541815,-3.1431379694456973,-2.7987931570467084,0.8566894952167559
2024-07-04,1.103174603174603,0.9841269841269841,0.11904761904761904,-2.624566109541808,1.1909252620182014,1.1177766944547196,2.5168557531408453,-0.20215376373130534,3.6924177723038465
2024-07-05,1.1944444444444444,0.6666666666666666,0.5277777777777778,1.117776694454726,1.2042371470454147,-2.6359614237797424,1.1284495451566734,-0.6560338515490316,1.2652127097492194
2024-07-08,1.0634920634920635,0.9722222222222222,0.09126984126984126,-2.6359614237797397,1.172493920398472,1.75515061075866,2.3515814226042098,2.563397643268961,1.4604258065899378
2024-07-09,1.0238095238095237,0.30952380952380953,0.7142857142857143,1.7551506107586523,1.1930729546034538,-0.7116038162388927,0.7182517126936183,-1.2227789551591428,1.6130460701246463
2024-07-10,0.6547619047619048,0.023809523809523808,0.6309523809523809,-0.7116038162388909,1.1845830019279815,3.065731232326141,0.35551927367867275,-2.0353342508930172,2.370596727656049
2024-07-11,1.6507936507936507,0.8214285714285714,0.8293650793650794,3.065731232326148,1.2208991329909142,-0.25168150701607717,-2.652256057696012,-4.483261648981818,-0.8752182918953966
2024-07-12,1.0595238095238095,0.49206349206349204,0.5674603174603174,-0.25168150701609004,1.2178263556538564,-1.4583594746226836,-1.7645711021297528,-2.681190069593098,-1.3473220064382119
2024-07-15,0.6031746031746031,0.3492063492063492,0.25396825396825395,-1.4583594746226949,1.2000660696117262,0.13133876223674346,0.20694963157448232,-1.118061506007384,-0.5956859131153625
2024-07-16,1.3492063492063493,0.5952380952380952,0.753968253968254,0.13133876223674243,1.2016422215335774,-1.069186692243862,-1.9271886027069751,-0.6951300754749812,-0.040717085629815575
2024-07-17,0.996031746031746,0.3333333333333333,0.6626984126984127,-1.0691866922438515,1.1887944228125569,-0.023272403490726123,-2.3823836913758667,3.760737928048141,0.5397436551173085
2024-07-18,0.9642857142857142,0.45634920634920634,0.5079365079365079,-0.023272403490731116,1.1885177617778047,0.6578935697492572,-1.8808916541209308,3.9024605068278317,1.4079360039220612
2024-07-19,1.3174603174603174,0.6349206349206349,0.6825396825396826,0.65789356974926,1.1963369437078686,0.5193067259391171,-0.9330838962552934,1.9339338218360425,0.348090299092374
2024-07-22,1.3253968253968256,0.6785714285714286,0.6468253968253969,0.5193067259391173,1.2025496019214381,-2.0011891640992707,-1.3222746949722253,-1.0754049319966152,-0.5551814820553336
2024-07-23,0.7857142857142857,0.4444444444444444,0.3412698412698413,-2.0011891640992703,1.1784843095948674,-1.5283641104712475,1.2562692041537593,2.8709301550368993,-0.24508306880964836
2024-07-24,0.39682539682539686,0.10317460317460317,0.29365079365079366,-1.5283641104712382,1.1604727783594846,0.4903391217276676,6.293046123972279,4.4974695160323375,1.0826599530101122
2024-07-25,1.2857142857142856,0.626984126984127,0.6587301587301587,0.49033912172766475,1.166163030388781,1.6302254021942852,5.894215977342454,3.777393804871232,-0.8922538165133109
2024-07-26,1.2698412698412698,0.6507936507936508,0.6190476190476191,1.6302254021942932,1.1851741163411778,0.12441011655872636,2.8940213654061298,1.370616907572897,-2.9331539869759227
2024-07-29,1.7023809523809526,0.7738095238095238,0.9285714285714286,0.12441011655872153,1.1866485928407418,0.5596140467712285,0.2501778007270472,0.5282821118274938,-1.9853842807496136
2024-07-30,1.6031746031746033,0.7857142857142857,0.8174603174603174,0.559614046771218,1.1932892450520918,3.369897170567593,1.5946281287804842,0.6589938543220875,-3.822450358244356
2024-07-31,1.2738095238095237,0.8055555555555556,0.46825396825396826,3.3698971705675955,1.2335018655577896,0.11328174922509149,-1.6892700636744529,-3.1042515090480505,-6.480020288354737
2024-08-01,1.4563492063492063,0.7261904761904762,0.7301587301587301,0.11328174922509639,1.2348991980478177,-1.2491618414562922,-1.998996973474132,-2.400832945377507,-5.226280505080405
2024-08-02,1.0,0.5912698412698413,0.4087301587301587,-1.2491618414562775,1.2194733084853546,-2.448268780049634,-1.4805568269347535,-1.5557562268865954,-2.164704378758131
2024-08-05,0.30158730158730157,0.0873015873015873,0.21428571428571427,-2.448268780049636,1.1896173241926693,1.9082142094846377,0.27741029213257384,0.5258787762372652,-1.3442224598541053
2024-08-06,1.2341269841269842,0.5714285714285714,0.6626984126984127,1.9082142094846324,1.2123177710114048,0.028615995322889276,-0.9209485695172881,-3.0290512773145872,-2.229848638531695
2024-08-07,1.1825396825396826,0.6865079365079365,0.49603174603174605,0.028615995322888128,1.212664687808056,-0.2021240809032765,-1.4392950253650505,-3.2678394786376352,-2.844046176773707
2024-08-08,0.8849206349206349,0.623015873015873,0.2619047619047619,-0.2021240809032779,1.2102136004533854,-0.7267549535191931,-0.41003250935565116,-4.49967709746566,-1.7695277841001333
2024-08-09,0.23809523809523808,0.09523809523809523,0.14285714285714285,-0.7267549535191801,1.2014183131639276,-0.7075693772778169,-0.07632950159871532,-4.245580253766123,-2.853869159390876
2024-08-12,1.0873015873015872,0.9841269841269841,0.10317460317460317,-0.7075693772778139,1.192917445086972,0.6903665285655336,0.24778111379306633,-2.5004569259235,-2.400679218010804
2024-08-13,0.8531746031746031,0.3492063492063492,0.503968253968254,0.6903665285655348,1.2011529478412715,-0.4946982455377169,-2.127697709415821,-4.452105113480642,-2.552232019086065
2024-08-14,1.3452380952380951,0.4603174603174603,0.8849206349206349,-0.4946982455377276,1.195210865282076,0.84005812434087,-1.8552469300449625,-3.4839183678135432,-2.5026296623527844
2024-08-15,1.3333333333333335,0.5158730158730159,0.8174603174603174,0.8400581243408808,1.205251331258883,-0.39411320961145746,-4.106482501356568,-2.8949504846917384,-3.5498156740121356
2024-08-16,1.003968253968254,0.3492063492063492,0.6547619047619048,-0.3941132096114725,1.2005012765533738,-0.38550624016165935,-4.172435551428344,-0.6185716183416456,-4.447265280944157
2024-08-19,0.9841269841269842,0.43253968253968256,0.5515873015873016,-0.38550624016165963,1.1958732692190401,-1.6955998313107234,-2.7414452561268954,-1.860318217415502,-4.7281216003392075
2024-08-20,0.35714285714285715,0.21031746031746032,0.14682539682539683,-1.695599831310721,1.175596044083472,-0.2177016246342367,-2.374938925175807,0.8241670823170288,-0.9018946463085764
2024-08-21,1.1785714285714284,0.5396825396825397,0.6388888888888888,-0.21770162463424475,1.1730367523963665,-1.4730021133351645,-1.6594584904683574,0.4381100345322464,-1.0022938006788995
2024-08-22,0.34523809523809523,0.24603174603174602,0.0992063492063492,-1.4730021133351487,1.1557578962433699,-0.4626195300623914,1.2634138868479416,2.858785426465915,0.6734358905293281
2024-08-23,0.5277777777777778,0.31746031746031744,0.21031746031746032,-0.46261953006238854,1.1504111344951098,1.1020341628733776,3.7086030032558837,1.4534170830584392,4.6977119204441475
2024-08-26,1.4563492063492065,0.626984126984127,0.8293650793650794,1.1020341628733739,1.1630890582107452,-1.3251523666423903,0.905963533009313,0.1023365902719009,4.833147183719788
2024-08-27,1.119047619047619,0.6071428571428571,0.5119047619047619,-1.325152366642386,1.1476763560297067,0.5135889008897054,3.276931120218096,1.988398694341753,9.958651156815602
2024-08-28,0.7222222222222222,0.5436507936507936,0.17857142857142858,0.5135889008897155,1.1535706944124107,1.455412110567833,2.13296418018738,1.016710053771508,14.801393038921852
2024-08-29,1.4444444444444444,0.7222222222222222,0.7222222222222222,1.4554121105678335,1.1703599020028503,1.9408913734195732,1.5754668723697574,-0.6743883995622202,26.01486726612947
2024-08-30,1.6428571428571428,0.7857142857142857,0.8571428571428571,1.9408913734195645,1.1930753163787855,-1.6301649340346058,-2.1745408335378302,-3.852524284415626,33.73882932162946
2024-09-02,0.6468253968253969,0.5238095238095238,0.12301587301587301,-1.630164934034601,1.173626220934556,0.9933911289055297,-0.7964117427752715,-2.9221649498282987,23.845979103913084
2024-09-03,1.5,0.7261904761904762,0.7738095238095238,0.9933911289055366,1.1852849196998292,-0.5997693435822349,-1.2476478647263867,-1.7119523806394255,22.775299278880468
2024-09-04,0.3293650793650794,0.07142857142857142,0.25793650793650796,-0.5997693435822348,1.1781759441173663,0.9016132507268182,-1.092942063687219,-1.4341208080437928,19.136665658840602
2024-09-05,1.1865079365079365,0.6865079365079365,0.5,0.9016132507268193,1.1887985345464043,-1.8226072347408584,-2.2149593215839425,-2.1246114533394755,21.7564426685513
2024-09-06,0.8531746031746033,0.44841269841269843,0.40476190476190477,-1.8226072347408548,1.1671314064492682,-0.24436687580891014,-1.7152829796816982,3.197817215687926,22.10129415900477
2024-09-09,0.8373015873015872,0.4087301587301587,0.42857142857142855,-0.2443668758089002,1.1642793238947435,0.5340139334200744,-2.1428188681453353,4.725974192602056,23.129568949608604
2024-09-10,0.25396825396825395,0.10317460317460317,0.15079365079365079,0.5340139334200817,1.1704967377082705,-0.44404857364944705,-0.47017058923014554,7.814861851454902,22.061685176230128
2024-09-11,0.1111111111111111,0.015873015873015872,0.09523809523809523,-0.44404857364946226,1.1652991636398635,-0.24303055709764543,-0.3449488352754937,13.645943307609887,26.651606709717335
2024-09-12,1.3015873015873016,0.4722222222222222,0.8293650793650794,-0.2430305570976405,1.1624671305906153,-1.3209259946033503,0.09239436586379046,26.870466977898833,29.221815903804483
2024-09-13,0.6468253968253967,0.2222222222222222,0.4246031746031746,-1.320925994603366,1.1471118000839242,-0.6783012099555452,4.998844524682244,39.097598066167414,32.380601570427544
2024-09-18,0.05555555555555555,0.015873015873015872,0.03968253968253968,-0.6783012099555551,1.139330926864412,2.2524166447304594,7.0192018422156055,27.57389886157544,33.775091069929175
2024-09-19,1.6825396825396826,0.753968253968254,0.9285714285714286,2.252416644730461,1.1649934062996679,-0.3187939547273144,8.324170240955464,24.913763425591174,30.7224471936812
2024-09-20,1.4087301587301586,0.6309523809523809,0.7777777777777778,-0.318793954727318,1.1612794777474127,0.19475991957371708,14.039320615830286,20.870088752338912,34.129772379761
2024-09-23,1.1785714285714286,0.45634920634920634,0.7222222222222222,0.19475991957370925,1.1635411847242996,3.5162443158209378,26.75335402024075,24.399447579721077,37.160806882337894
2024-09-24,1.626984126984127,0.8095238095238095,0.8174603174603174,3.516244315820936,1.2044541354944034,1.2328181156779694,32.47536074882187,18.317710057575876,30.01158300355984
2024-09-25,1.623015873015873,0.7063492063492064,0.9166666666666666,1.2328181156779683,1.219302864271811,3.499259922564746,19.2065504746193,17.57309483047671,28.60954202189381
2024-09-26,1.8373015873015874,0.8492063492063492,0.9880952380952381,3.4992599225647494,1.2619694407359583,4.940356249981326,15.314765991499346,13.214155340109057,26.226483126774557
2024-09-27,1.8452380952380953,0.8452380952380952,1.0,4.940356249981328,1.3243152268742115,11.365288801061224,5.98983587382087,11.444019050380438,16.62957683357982
2024-09-30,1.869047619047619,0.8690476190476191,1.0,11.36528880106123,1.4748274770448948,8.189261855049047,-1.8570762554683817,1.8533461584209876,6.87826641246605
2024-10-08,1.8611111111111112,0.8650793650793651,0.996031746031746,8.189261855049054,1.5956049610503147,-8.906720659737166,-10.687006709186786,-4.828980937934424,1.7540827413509152
2024-10-09,0.8809523809523809,0.873015873015873,0.007936507936507936,-8.906720659737163,1.4534888843366551,0.1202777091099616,-1.370273393231325,4.860862812605871,12.494212055363029
2024-10-10,0.3650793650793651,0.3412698412698413,0.023809523809523808,0.12027770910995758,1.4552371074689032,-3.5456470830826703,-1.8216319769014944,4.650155122057598,15.228527131700066
2024-10-11,0.15079365079365079,0.12301587301587301,0.027777777777777776,-3.545647083082676,1.4036395354159954,3.1204073153008327,5.145949261637406,10.970194333679206,19.781705745616552
2024-10-14,1.5873015873015874,0.8214285714285714,0.7658730158730159,3.120407315300842,1.4474388061595707,-1.5445388263519932,3.780631626124853,10.258372967804963,18.851054032352053
2024-10-15,1.496031746031746,0.7380952380952381,0.7579365079365079,-1.5445388263519875,1.4250825518107504,0.5957241606444175,6.558984930868861,9.883451040671321,19.57576426238843
2024-10-16,1.5952380952380953,0.7896825396825397,0.8055555555555556,0.5957241606444129,1.433572112881015,-0.33790207398542993,6.3177060509154614,9.386881588283469,19.056554538283855
2024-10-17,0.8611111111111112,0.623015873015873,0.23809523809523808,-0.3379020739854415,1.4287280429795133,3.2995832185781504,6.591866649725175,11.493551974640347,16.03827169433487
2024-10-18,1.8015873015873014,0.8253968253968254,0.9761904761904762,3.2995832185781486,1.4758701137247854,1.7813912934997456,5.539200618703033,4.65306063742652,10.096230642534042
2024-10-21,1.8055555555555556,0.8333333333333334,0.9722222222222222,1.7813912934997422,1.5021611354340434,1.091252184319047,6.2417632656317945,4.933485686596284,5.714240301636808
2024-10-22,1.496031746031746,0.8214285714285714,0.6746031746031746,1.0912521843190488,1.518553501636459,0.3679477448937485,3.1198365036596565,6.9170885676785865,7.185696770233774
2024-10-23,1.6666666666666665,0.8174603174603174,0.8492063492063492,0.367947744893751,1.5241409850007355,-0.08090423739794961,2.8867962368358535,7.279502607563448,9.158228704383141
2024-10-24,1.4682539682539684,0.8174603174603174,0.6507936507936508,-0.08090423739795484,1.522907890359951,2.279430690146733,4.598554729342297,10.108319473874161,9.584930814733683
2024-10-25,1.8055555555555556,0.8452380952380952,0.9603174603174603,2.2794306901467385,1.557621520195482,2.4589386243119016,-0.8396311286059555,7.940430729932579,3.385869476778325
2024-10-28,1.8293650793650793,0.8531746031746031,0.9761904761904762,2.458938624311905,1.5959224773761629,-1.8793262011922995,-1.23141553643501,7.7932231659686435,2.27707963179129
2024-10-29,1.3650793650793651,0.7936507936507936,0.5714285714285714,-1.8793262011923002,1.5659298881081154,0.14112646475916701,3.682368196815511,8.820539517028525,3.717593600486624
2024-10-30,1.7658730158730158,0.8373015873015873,0.9285714285714286,0.14112646475917223,1.5681398295998095,1.581479732081359,4.269455879077033,8.83988354873817,5.280671746933785
2024-10-31,1.8015873015873016,0.8412698412698413,0.9603174603174603,1.5814797320813547,1.5929396431756255,-3.0381815366895437,5.267534296997578,4.0762175383274535,3.850246221824949
2024-11-01,1.007936507936508,0.9166666666666666,0.09126984126984126,-3.038181536689528,1.5445432450460554,2.0541215078307973,8.854406209325226,5.201157015336166,8.809169079985345
2024-11-04,1.3373015873015874,0.8055555555555556,0.5317460317460317,2.0541215078307924,1.5762700400402943,3.002223670427262,9.137155049268507,0.7440471551401595,8.91744885794543
2024-11-05,1.8015873015873016,0.8412698412698413,0.9603174603174603,3.0022236704272722,1.6235931922922373,0.7081623345770005,4.9556847606523124,0.2512303750070499,5.98448754289691
2024-11-06,1.757936507936508,0.8293650793650794,0.9285714285714286,0.7081623345770048,1.6350908677468072,2.5538285539511207,4.38328524027356,1.7512442276062856,3.859370355748726
2024-11-07,1.7261904761904763,0.8452380952380952,0.8809523809523809,2.553828553951128,1.6768482852103723,0.2656825229836235,-1.131703869218581,-0.47533979416031213,2.6428716680524156
2024-11-08,1.3452380952380953,0.8055555555555556,0.5396825396825397,0.26568252298361766,1.6813033780411268,2.3192066382597964,-3.3560875679795044,-4.219513691352383,3.4584871108161552
2024-11-11,1.7261904761904763,0.8373015873015873,0.8888888888888888,2.319206638259791,1.7202962775939428,-0.9441934571298605,-7.690422102664673,-5.117337966306268,1.031463699769808
2024-11-12,1.007936507936508,0.7222222222222222,0.2857142857142857,-0.9441934571298589,1.7040533526976522,0.15892763661855547,-4.482324512839497,-4.689322382695382,2.758557387172078
2024-11-13,0.7658730158730158,0.5753968253968254,0.19047619047619047,0.15892763661855644,1.7067615644178138,-2.864502995107543,-2.5215157834980295,-3.270135621020376,4.058138345784412
2024-11-14,0.46031746031746035,0.24206349206349206,0.21825396825396826,-2.864502995107544,1.6578713282857211,-1.990140207634128,0.6638771990062686,-0.21712099252577666,8.3437130644485
2024-11-15,0.5436507936507936,0.0992063492063492,0.4444444444444444,-1.9901402076341321,1.624877364390669,-2.269656330276848,-0.8934097364696525,3.429631543047784,8.612177653525599
2024-11-18,1.5436507936507937,0.9603174603174603,0.5833333333333334,-2.269656330276852,1.5879982324305406,2.498360408535083,2.7874508745128646,8.113036882684188,10.510223618735859
2024-11-19,0.9801587301587302,0.6111111111111112,0.36904761904761907,2.498360408535083,1.627672151557822,2.215013053581627,-0.2167115864159741,5.7188895801514095,4.078092498367325
2024-11-20,1.7857142857142856,0.8174603174603174,0.9682539682539683,2.2150130535816253,1.6637253021843408,0.309681882698265,-0.7679846927652778,2.0718430955269707,2.427540527977823
2024-11-21,1.5357142857142856,0.75,0.7857142857142857,0.3096818826982612,1.6688775580230726,-3.5063690520759083,-0.8751880178332283,3.1331043539998715,2.1545387347287948
2024-11-22,1.2182539682539684,0.49603174603174605,0.7222222222222222,-3.506369052075909,1.6103605518115114,1.3600899010799194,4.362011918705111,8.016247461332139,7.117818444928448
2024-11-25,1.7341269841269842,0.7817460317460317,0.9523809523809523,1.3600899010799152,1.6322629030476745,-0.49735282324843144,5.181163617602524,6.480427018260282,1.4505308879781298
2024-11-26,0.42857142857142855,0.3611111111111111,0.06746031746031746,-0.49735282324842617,1.6241447974165302,1.650305389027329,5.948492238465186,7.8143183492750845,2.9512334070132207
2024-11-27,0.9761904761904763,0.6746031746031746,0.30158730158730157,1.6503053890273351,1.6509481465339022,0.20131432207743938,2.8618060204660623,7.576020098708325,-0.6381277692360965
2024-11-28,1.5476190476190474,0.7261904761904762,0.8214285714285714,0.20131432207743682,1.6542717416029469,1.591814014013937,4.0436821938731216,8.579461869739236,0.3909165996180519
2024-11-29,1.5277777777777777,0.7698412698412699,0.7579365079365079,1.5918140140139363,1.680604671015655,2.1556791036677403,3.501499708029354,5.0106976435672745,-0.4913672470943653
2024-12-02,1.757936507936508,0.8174603174603174,0.9404761904761905,2.15567910366773,1.7168331147240035,0.22854929082118947,1.2352624329023065,2.2172966417111306,-3.443783075815643
2024-12-03,1.4444444444444446,0.7658730158730159,0.6785714285714286,0.22854929082118616,1.7207569246322885,-1.3111581492503688,1.7610690547727348,-1.5520377562612264,-6.03657965656449
2024-12-04,0.8492063492063493,0.6468253968253969,0.20238095238095238,-1.3111581492503706,1.6981950799861822,1.3526216004833058,4.583055908336164,0.34847752491151684,
2024-12-05,1.619047619047619,0.7738095238095238,0.8452380952380952,1.352621600483309,1.72116523345642,1.0624084691307933,4.3594955313232875,-0.9488375487197387,
2024-12-06,1.5436507936507935,0.7619047619047619,0.7817460317460317,1.0624084691307916,1.7394510386643958,-0.08109049391026302,1.4581411281916479,-0.8317535903339945,
2024-12-09,1.0753968253968256,0.6746031746031746,0.4007936507936508,-0.08109049391026307,1.7380405092258155,0.7491271374238995,0.9700515267194509,-4.72377531827477,
2024-12-10,1.3492063492063493,0.7142857142857143,0.6349206349206349,0.7491271374239029,1.7510606423398467,1.425631242636971,-3.2557704452286007,-4.510611407389709,
2024-12-11,1.5357142857142856,0.7857142857142857,0.75,1.4256312426369782,1.7760243099345632,1.1359667121799033,-4.049009991767827,-7.635668116748862,
2024-12-12,1.5873015873015874,0.7857142857142857,0.8015873015873016,1.1359667121799089,1.7961993548956428,-1.7472818452018646,-5.086583691322799,-7.541523165720621,
2024-12-13,0.9444444444444444,0.6428571428571429,0.30158730158730157,-1.7472818452018604,1.764814689663918,-0.5617752391466557,-2.25698469641028,-5.239527985364911,
2024-12-16,1.1349206349206349,0.6547619047619048,0.4801587301587302,-0.5617752391466585,1.7549003977205633,-3.467448655837435,-5.639124432344655,-5.538279629297782,
2024-12-17,0.9206349206349207,0.8928571428571429,0.027777777777777776,-3.4674486558374404,1.6940501274685158,0.5940072573654254,-1.2970706035243973,-4.555240959889428,
2024-12-18,1.6388888888888888,0.6587301587301587,0.9801587301587301,0.5940072573654178,1.7041129081690871,0.042324852615749364,-3.7380105454600465,,
2024-12-19,0.6785714285714286,0.4523809523809524,0.2261904761904762,0.04232485261574499,1.7048341714458757,1.1818698316704124,-2.5865041738818872,,
2024-12-20,0.9880952380952381,0.623015873015873,0.36507936507936506,1.1818698316704022,1.7249830921982028,-4.002573235707995,-3.051413218316268,,
2024-12-23,0.9325396825396826,0.8849206349206349,0.047619047619047616,-4.002573235707991,1.6559393806293894,0.9745357116050402,0.10687141512859544,,
2024-12-24,1.1587301587301586,0.38095238095238093,0.7777777777777778,0.9745357116050467,1.6720771012561542,-1.8936993561592175,-3.300986481644763,,
2024-12-25,1.0912698412698412,0.9722222222222222,0.11904761904761904,-1.8936993561592093,1.6404129879551808,1.2390523994703972,,,
2024-12-26,1.5753968253968254,0.6666666666666666,0.9087301587301587,1.2390523994703906,1.6607385644436634,0.6989761009958517,,,
2024-12-27,0.7261904761904762,0.5119047619047619,0.21428571428571427,0.6989761009958416,1.6723467301091461,-0.8752744491599018,,,
2024-12-30,0.6547619047619048,0.1865079365079365,0.46825396825396826,-0.8752744491599137,1.6577091064791396,-2.4628593845902547,,,
2024-12-31,0.7182539682539683,0.19047619047619047,0.5277777777777778,-2.4628593845902573,1.616882062181011,,,,
