20260423 14:40:50- INFO- 读取数据: 2024-01-01 至 2026-04-20
20260423 14:40:50- INFO- 数据行数: 2883743
20260423 14:40:50- INFO- 生成交易信号...
20260423 14:40:50- INFO- 交易日数量: 545
20260423 14:40:50- INFO- 2024-01-02 调仓日，买入: ['SZSE.002848', 'SZSE.300449', 'SZSE.300992']
20260423 14:40:51- INFO- 2024-01-09 调仓日，买入: ['SHSE.688501', 'SZSE.002830', 'SHSE.688485']
20260423 14:40:51- INFO- 2024-01-16 调仓日，买入: ['SZSE.300948', 'SHSE.688616', 'SZSE.300907']
20260423 14:40:52- INFO- 2024-01-23 调仓日，买入: ['SZSE.300030', 'SHSE.688511', 'SHSE.600082']
20260423 14:40:52- INFO- 2024-01-30 调仓日，买入: ['SZSE.301006', 'SZSE.002696', 'SHSE.688307']
20260423 14:40:53- INFO- 2024-02-06 调仓日，买入: ['SHSE.603121', 'SZSE.301009', 'SZSE.301021']
20260423 14:40:53- INFO- 2024-02-21 调仓日，买入: ['SHSE.688345', 'SZSE.001278', 'SHSE.603683']
20260423 14:40:53- INFO- 2024-02-28 调仓日，买入: ['SHSE.688226', 'SZSE.300139', 'SZSE.301072']
20260423 14:40:54- INFO- 2024-03-06 调仓日，买入: ['SZSE.002133', 'SZSE.301365', 'SZSE.300965']
20260423 14:40:54- INFO- 2024-03-13 调仓日，买入: ['SZSE.003036', 'SZSE.000593', 'SHSE.600322']
20260423 14:40:55- INFO- 2024-03-20 调仓日，买入: ['SZSE.300813', 'SZSE.301388', 'SZSE.300295']
20260423 14:40:55- INFO- 2024-03-27 调仓日，买入: ['SZSE.300562', 'SZSE.300686', 'SHSE.600358']
20260423 14:40:56- INFO- 2024-04-03 调仓日，买入: ['SZSE.300371', 'SZSE.300651', 'SZSE.301055']
20260423 14:40:56- INFO- 2024-04-12 调仓日，买入: ['SZSE.300153', 'SZSE.301176', 'SZSE.300647']
20260423 14:40:57- INFO- 2024-04-19 调仓日，买入: ['SHSE.688557', 'SZSE.002942', 'SHSE.603608']
20260423 14:40:57- INFO- 2024-04-26 调仓日，买入: ['SZSE.003033', 'SHSE.688130', 'SZSE.300546']
20260423 14:40:58- INFO- 2024-05-08 调仓日，买入: ['SZSE.300597', 'SZSE.002248', 'SZSE.001373']
20260423 14:40:58- INFO- 2024-05-15 调仓日，买入: ['SHSE.603073', 'SZSE.300195', 'SZSE.002397']
20260423 14:40:58- INFO- 2024-05-22 调仓日，买入: ['SZSE.300615', 'SZSE.300743', 'SHSE.600615']
20260423 14:40:59- INFO- 2024-05-29 调仓日，买入: ['SZSE.301429', 'SZSE.001225', 'SHSE.603332']
20260423 14:40:59- INFO- 2024-06-05 调仓日，买入: ['SHSE.688237', 'SZSE.002319', 'SZSE.300692']
20260423 14:41:00- INFO- 2024-06-13 调仓日，买入: ['SHSE.688428', 'SHSE.688071', 'SHSE.603320']
20260423 14:41:00- INFO- 2024-06-20 调仓日，买入: ['SZSE.002702', 'SZSE.301290', 'SHSE.601996']
20260423 14:41:01- INFO- 2024-06-27 调仓日，买入: ['SZSE.300281', 'SHSE.600470', 'SZSE.300164']
20260423 14:41:01- INFO- 2024-07-04 调仓日，买入: ['SZSE.002021', 'SZSE.002420', 'SZSE.300004']
20260423 14:41:02- INFO- 2024-07-11 调仓日，买入: ['SZSE.301335', 'SHSE.603161', 'SHSE.601996']
20260423 14:41:02- INFO- 2024-07-18 调仓日，买入: ['SZSE.000010', 'SZSE.300817', 'SZSE.300277']
20260423 14:41:03- INFO- 2024-07-25 调仓日，买入: ['SZSE.301335', 'SZSE.002021', 'SZSE.300943']
20260423 14:41:03- INFO- 2024-08-01 调仓日，买入: ['SZSE.300235', 'SZSE.300264', 'SHSE.688610']
20260423 14:41:04- INFO- 2024-08-08 调仓日，买入: ['SHSE.603798', 'SZSE.300084', 'SZSE.002021']
20260423 14:41:04- INFO- 2024-08-15 调仓日，买入: ['SZSE.300922', 'SZSE.002374', 'SZSE.301220']
20260423 14:41:05- INFO- 2024-08-22 调仓日，买入: ['SZSE.300311', 'SZSE.002849', 'SHSE.605028']
20260423 14:41:05- INFO- 2024-08-29 调仓日，买入: ['SHSE.603700', 'SHSE.605289', 'SHSE.688323']
20260423 14:41:05- INFO- 2024-09-05 调仓日，买入: ['SHSE.603196', 'SZSE.301159', 'SZSE.301257']
20260423 14:41:06- INFO- 2024-09-12 调仓日，买入: ['SZSE.300543', 'SZSE.300004', 'SHSE.603221']
20260423 14:41:06- INFO- 2024-09-23 调仓日，买入: ['SZSE.300486', 'SZSE.301083', 'SHSE.600228']
20260423 14:41:07- INFO- 2024-09-30 调仓日，买入: ['SZSE.002806', 'SHSE.688163', 'SHSE.600265']
20260423 14:41:07- INFO- 2024-10-14 调仓日，买入: ['SHSE.600281', 'SHSE.600243', 'SHSE.603926']
20260423 14:41:08- WARNING- 2024-10-21 卖出时找不到股票 SHSE.603196，跳过
20260423 14:41:08- INFO- 2024-10-21 调仓日，买入: ['SZSE.002319', 'SZSE.002862', 'SZSE.301359']
20260423 14:41:08- WARNING- 2024-10-28 卖出时找不到股票 SZSE.300277，跳过
20260423 14:41:08- WARNING- 2024-10-28 卖出时找不到股票 SHSE.603196，跳过
20260423 14:41:08- INFO- 2024-10-28 调仓日，买入: ['SZSE.001255', 'SZSE.301515', 'SZSE.000633']
20260423 14:41:09- WARNING- 2024-11-04 卖出时找不到股票 SZSE.300277，跳过
20260423 14:41:09- INFO- 2024-11-04 调仓日，买入: ['SHSE.688078', 'SHSE.600281', 'SZSE.002524']
20260423 14:41:09- WARNING- 2024-11-11 卖出时找不到股票 SHSE.605028，跳过
20260423 14:41:09- INFO- 2024-11-11 调仓日，买入: ['SZSE.300816', 'SHSE.603089', 'SZSE.300716']
20260423 14:41:10- INFO- 2024-11-18 调仓日，买入: ['SZSE.301429', 'SHSE.605122', 'SZSE.300670']
20260423 14:41:10- INFO- 2024-11-25 调仓日，买入: ['SHSE.603137', 'SHSE.600281', 'SHSE.600156']
20260423 14:41:11- INFO- 2024-12-02 调仓日，买入: ['SZSE.001373', 'SZSE.000586', 'SZSE.300658']
20260423 14:41:11- INFO- 2024-12-09 调仓日，买入: ['SZSE.301163', 'SZSE.301197', 'SHSE.603090']
20260423 14:41:12- INFO- 2024-12-16 调仓日，买入: ['SHSE.603716', 'SZSE.002718', 'SHSE.688379']
20260423 14:41:12- WARNING- 2024-12-23 卖出时找不到股票 SHSE.600322，跳过
20260423 14:41:12- INFO- 2024-12-23 调仓日，买入: ['SHSE.600235', 'SHSE.688557', 'SHSE.603968']
20260423 14:41:13- WARNING- 2024-12-30 卖出时找不到股票 SHSE.600322，跳过
20260423 14:41:13- INFO- 2024-12-30 调仓日，买入: ['SHSE.603725', 'SHSE.688557', 'SZSE.300371']
20260423 14:41:13- INFO- 2025-01-07 调仓日，买入: ['SHSE.603048', 'SHSE.603789', 'SZSE.300564']
20260423 14:41:14- INFO- 2025-01-14 调仓日，买入: ['SZSE.002817', 'SZSE.002968', 'SZSE.002715']
20260423 14:41:14- INFO- 2025-01-21 调仓日，买入: ['SZSE.301065', 'SHSE.600232', 'SZSE.300564']
20260423 14:41:15- INFO- 2025-02-05 调仓日，买入: ['SZSE.301359', 'SHSE.603282', 'SZSE.301314']
20260423 14:41:15- INFO- 2025-02-12 调仓日，买入: ['SZSE.002105', 'SZSE.002133', 'SHSE.605122']
20260423 14:41:16- INFO- 2025-02-19 调仓日，买入: ['SZSE.300103', 'SHSE.603090', 'SZSE.002492']
20260423 14:41:16- INFO- 2025-02-26 调仓日，买入: ['SZSE.300906', 'SZSE.003030', 'SZSE.300670']
20260423 14:41:17- WARNING- 2025-03-05 卖出时找不到股票 SZSE.301335，跳过
20260423 14:41:17- WARNING- 2025-03-05 卖出时找不到股票 SZSE.300943，跳过
20260423 14:41:17- INFO- 2025-03-05 调仓日，买入: ['SHSE.605003', 'SZSE.002715', 'SHSE.603818']
20260423 14:41:17- WARNING- 2025-03-12 卖出时找不到股票 SZSE.301335，跳过
20260423 14:41:17- WARNING- 2025-03-12 卖出时找不到股票 SZSE.300943，跳过
20260423 14:41:17- INFO- 2025-03-12 调仓日，买入: ['SZSE.000593', 'SZSE.000952', 'SZSE.300906']
20260423 14:41:18- WARNING- 2025-03-19 卖出时找不到股票 SZSE.300449，跳过
20260423 14:41:18- INFO- 2025-03-19 调仓日，买入: ['SZSE.000586', 'SZSE.002084', 'SHSE.600107']
20260423 14:41:18- WARNING- 2025-03-26 卖出时找不到股票 SZSE.300449，跳过
20260423 14:41:18- INFO- 2025-03-26 调仓日，买入: ['SHSE.688113', 'SZSE.300823', 'SZSE.300658']
20260423 14:41:19- INFO- 2025-04-02 调仓日，买入: ['SHSE.600802', 'SZSE.300670', 'SZSE.300906']
20260423 14:41:19- INFO- 2025-04-10 调仓日，买入: ['SZSE.301298', 'SZSE.002842', 'SZSE.003008']
20260423 14:41:20- INFO- 2025-04-17 调仓日，买入: ['SHSE.603717', 'SZSE.001260', 'SHSE.603045']
20260423 14:41:20- INFO- 2025-04-24 调仓日，买入: ['SHSE.605567', 'SHSE.600159', 'SZSE.300839']
20260423 14:41:21- INFO- 2025-05-06 调仓日，买入: ['SHSE.688216', 'SZSE.301002', 'SHSE.603172']
20260423 14:41:21- INFO- 2025-05-13 调仓日，买入: ['SHSE.600202', 'SZSE.003023', 'SZSE.300804']
20260423 14:41:22- WARNING- 2025-05-20 卖出时找不到股票 SHSE.600358，跳过
20260423 14:41:22- INFO- 2025-05-20 调仓日，买入: ['SHSE.688573', 'SHSE.600302', 'SZSE.300971']
20260423 14:41:22- WARNING- 2025-05-27 卖出时找不到股票 SHSE.600358，跳过
20260423 14:41:22- INFO- 2025-05-27 调仓日，买入: ['SZSE.000586', 'SZSE.002696', 'SZSE.300645']
20260423 14:41:23- INFO- 2025-06-04 调仓日，买入: ['SHSE.688395', 'SHSE.603860', 'SZSE.000637']
20260423 14:41:23- WARNING- 2025-06-11 卖出时找不到股票 SZSE.300084，跳过
20260423 14:41:24- WARNING- 2025-06-11 卖出时找不到股票 SHSE.600156，跳过
20260423 14:41:24- INFO- 2025-06-11 调仓日，买入: ['SZSE.002800', 'SZSE.301515', 'SZSE.001231']
20260423 14:41:24- WARNING- 2025-06-18 卖出时找不到股票 SHSE.600156，跳过
20260423 14:41:24- INFO- 2025-06-18 调仓日，买入: ['SZSE.002144', 'SZSE.300668', 'SZSE.300670']
20260423 14:41:25- WARNING- 2025-06-25 卖出时找不到股票 SZSE.000633，跳过
20260423 14:41:25- INFO- 2025-06-25 调仓日，买入: ['SZSE.300958', 'SHSE.605122', 'SZSE.002633']
20260423 14:41:25- INFO- 2025-07-02 调仓日，买入: ['SZSE.300838', 'SHSE.688679', 'SZSE.001231']
20260423 14:41:26- INFO- 2025-07-09 调仓日，买入: ['SHSE.603073', 'SHSE.688517', 'SHSE.600234']
20260423 14:41:26- INFO- 2025-07-16 调仓日，买入: ['SZSE.300923', 'SHSE.688350', 'SHSE.688517']
20260423 14:41:27- INFO- 2025-07-23 调仓日，买入: ['SZSE.300665', 'SZSE.300640', 'SZSE.002828']
20260423 14:41:27- INFO- 2025-07-30 调仓日，买入: ['SHSE.688156', 'SZSE.301113', 'SZSE.300849']
20260423 14:41:28- WARNING- 2025-08-06 卖出时找不到股票 SZSE.300264，跳过
20260423 14:41:28- INFO- 2025-08-06 调仓日，买入: ['SHSE.603177', 'SZSE.301105', 'SHSE.688450']
20260423 14:41:28- INFO- 2025-08-13 调仓日，买入: ['SZSE.002494', 'SHSE.688485', 'SHSE.688528']
20260423 14:41:29- WARNING- 2025-08-20 卖出时找不到股票 SHSE.603161，跳过
20260423 14:41:29- WARNING- 2025-08-20 卖出时找不到股票 SZSE.300486，跳过
20260423 14:41:29- INFO- 2025-08-20 调仓日，买入: ['SZSE.300635', 'SZSE.002494', 'SHSE.600137']
20260423 14:41:29- INFO- 2025-08-27 调仓日，买入: ['SZSE.301198', 'SZSE.002207', 'SZSE.301273']
20260423 14:41:30- INFO- 2025-09-03 调仓日，买入: ['SHSE.605567', 'SZSE.301049', 'SHSE.688517']
20260423 14:41:30- INFO- 2025-09-10 调仓日，买入: ['SZSE.300635', 'SHSE.600543', 'SZSE.300838']
20260423 14:41:31- WARNING- 2025-09-17 卖出时找不到股票 SZSE.002968，跳过
20260423 14:41:31- INFO- 2025-09-17 调仓日，买入: ['SZSE.300626', 'SZSE.300621', 'SZSE.002963']
20260423 14:41:31- WARNING- 2025-09-24 卖出时找不到股票 SZSE.300948，跳过
20260423 14:41:31- WARNING- 2025-09-24 卖出时找不到股票 SZSE.002968，跳过
20260423 14:41:31- INFO- 2025-09-24 调仓日，买入: ['SHSE.688485', 'SHSE.603073', 'SHSE.600149']
20260423 14:41:32- WARNING- 2025-10-09 卖出时找不到股票 SZSE.300692，跳过
20260423 14:41:32- INFO- 2025-10-09 调仓日，买入: ['SZSE.301037', 'SZSE.300823', 'SHSE.603022']
20260423 14:41:32- WARNING- 2025-10-16 卖出时找不到股票 SHSE.600243，跳过
20260423 14:41:32- INFO- 2025-10-16 调仓日，买入: ['SZSE.301231', 'SZSE.300717', 'SZSE.300849']
20260423 14:41:33- WARNING- 2025-10-23 卖出时找不到股票 SHSE.600302，跳过
20260423 14:41:33- INFO- 2025-10-23 调仓日，买入: ['SZSE.000890', 'SZSE.002494', 'SZSE.300621']
20260423 14:41:33- INFO- 2025-10-30 调仓日，买入: ['SZSE.300665', 'SHSE.688272', 'SHSE.600778']
20260423 14:41:34- WARNING- 2025-11-06 卖出时找不到股票 SZSE.300277，跳过
20260423 14:41:34- INFO- 2025-11-06 调仓日，买入: ['SZSE.300912', 'SHSE.688096', 'SHSE.603880']
20260423 14:41:34- WARNING- 2025-11-13 卖出时找不到股票 SZSE.300277，跳过
20260423 14:41:34- WARNING- 2025-11-13 卖出时找不到股票 SZSE.000586，跳过
20260423 14:41:34- INFO- 2025-11-13 调仓日，买入: ['SZSE.300621', 'SHSE.688038', 'SZSE.001211']
20260423 14:41:35- INFO- 2025-11-20 调仓日，买入: ['SZSE.301273', 'SZSE.001336', 'SZSE.300405']
20260423 14:41:35- WARNING- 2025-11-27 卖出时找不到股票 SHSE.688237，跳过
20260423 14:41:35- WARNING- 2025-11-27 卖出时找不到股票 SZSE.002806，跳过
20260423 14:41:35- INFO- 2025-11-27 调仓日，买入: ['SZSE.300912', 'SZSE.002188', 'SZSE.300717']
20260423 14:41:36- INFO- 2025-12-04 调仓日，买入: ['SZSE.300958', 'SHSE.603879', 'SHSE.688004']
20260423 14:41:37- INFO- 2025-12-11 调仓日，买入: ['SHSE.688638', 'SZSE.001373', 'SZSE.300970']
20260423 14:41:37- WARNING- 2025-12-18 卖出时找不到股票 SZSE.300486，跳过
20260423 14:41:37- INFO- 2025-12-18 调仓日，买入: ['SHSE.605069', 'SHSE.688671', 'SZSE.300169']
20260423 14:41:37- WARNING- 2025-12-25 卖出时找不到股票 SHSE.603608，跳过
20260423 14:41:37- WARNING- 2025-12-25 卖出时找不到股票 SZSE.002420，跳过
20260423 14:41:38- WARNING- 2025-12-25 卖出时找不到股票 SZSE.300486，跳过
20260423 14:41:38- WARNING- 2025-12-25 卖出时找不到股票 SZSE.002718，跳过
20260423 14:41:38- INFO- 2025-12-25 调仓日，买入: ['SZSE.300736', 'SZSE.300923', 'SHSE.688638']
20260423 14:41:38- WARNING- 2026-01-05 卖出时找不到股票 SZSE.300658，跳过
20260423 14:41:38- INFO- 2026-01-05 调仓日，买入: ['SHSE.603272', 'SHSE.600448', 'SHSE.600493']
20260423 14:41:39- WARNING- 2026-01-12 卖出时找不到股票 SHSE.605028，跳过
20260423 14:41:39- WARNING- 2026-01-12 卖出时找不到股票 SZSE.300658，跳过
20260423 14:41:39- WARNING- 2026-01-12 卖出时找不到股票 SZSE.300169，跳过
20260423 14:41:39- INFO- 2026-01-12 调仓日，买入: ['SHSE.688671', 'SHSE.600493', 'SHSE.600768']
20260423 14:41:39- INFO- 2026-01-19 调仓日，买入: ['SZSE.002856', 'SHSE.600493', 'SZSE.300665']
20260423 14:41:40- WARNING- 2026-01-26 卖出时找不到股票 SHSE.603798，跳过
20260423 14:41:40- WARNING- 2026-01-26 卖出时找不到股票 SZSE.300912，跳过
20260423 14:41:40- INFO- 2026-01-26 调仓日，买入: ['SHSE.688565', 'SZSE.301167', 'SHSE.600883']
20260423 14:41:40- WARNING- 2026-02-02 卖出时找不到股票 SZSE.300912，跳过
20260423 14:41:40- INFO- 2026-02-02 调仓日，买入: ['SHSE.600883', 'SZSE.300635', 'SZSE.002360']
20260423 14:41:41- INFO- 2026-02-09 调仓日，买入: ['SHSE.688329', 'SZSE.300405', 'SZSE.300649']
20260423 14:41:41- WARNING- 2026-02-24 卖出时找不到股票 SHSE.603121，跳过
20260423 14:41:41- INFO- 2026-02-24 调仓日，买入: ['SZSE.002856', 'SZSE.301372', 'SZSE.300635']
20260423 14:41:42- WARNING- 2026-03-03 卖出时找不到股票 SHSE.603121，跳过
20260423 14:41:42- INFO- 2026-03-03 调仓日，买入: ['SHSE.600137', 'SHSE.688096', 'SHSE.600448']
20260423 14:41:42- INFO- 2026-03-10 调仓日，买入: ['SZSE.301372', 'SHSE.688067', 'SZSE.300649']
20260423 14:41:43- INFO- 2026-03-17 调仓日，买入: ['SHSE.600689', 'SHSE.900922', 'SZSE.300295']
20260423 14:41:43- WARNING- 2026-03-24 卖出时找不到股票 SZSE.300992，跳过
20260423 14:41:43- INFO- 2026-03-24 调仓日，买入: ['SHSE.603879', 'SZSE.300169', 'SHSE.688156']
20260423 14:41:44- WARNING- 2026-03-31 卖出时找不到股票 SZSE.002718，跳过
20260423 14:41:44- WARNING- 2026-03-31 卖出时找不到股票 SZSE.300736，跳过
20260423 14:41:44- INFO- 2026-03-31 调仓日，买入: ['SZSE.001211', 'SHSE.688793', 'SHSE.600847']
20260423 14:41:44- INFO- 生成交易信号完成，共 15512 条指令
20260423 14:41:44- INFO- 买入指令: 327
20260423 14:41:44- INFO- 卖出指令: 15185
20260423 14:41:44- INFO- 开始回测...
20260423 14:41:50- INFO- 读取数据: 2024-01-01 至 2026-04-20
20260423 14:41:50- INFO- 数据行数: 2883743
20260423 14:41:50- INFO- 生成交易信号...
20260423 14:41:50- INFO- 交易日数量: 545
20260423 14:41:50- INFO- 2024-01-02 调仓日，买入: ['SZSE.002848', 'SZSE.300449', 'SZSE.300992']
20260423 14:41:51- INFO- 2024-01-09 调仓日，买入: ['SHSE.688501', 'SZSE.002830', 'SHSE.688485']
20260423 14:41:51- INFO- 2024-01-16 调仓日，买入: ['SZSE.300948', 'SHSE.688616', 'SZSE.300907']
20260423 14:41:52- INFO- 2024-01-23 调仓日，买入: ['SZSE.300030', 'SHSE.688511', 'SHSE.600082']
20260423 14:41:52- INFO- 2024-01-30 调仓日，买入: ['SZSE.301006', 'SZSE.002696', 'SHSE.688307']
20260423 14:41:53- INFO- 2024-02-06 调仓日，买入: ['SHSE.603121', 'SZSE.301009', 'SZSE.301021']
20260423 14:41:53- INFO- 2024-02-21 调仓日，买入: ['SHSE.688345', 'SZSE.001278', 'SHSE.603683']
20260423 14:41:53- INFO- 2024-02-28 调仓日，买入: ['SHSE.688226', 'SZSE.300139', 'SZSE.301072']
20260423 14:41:54- INFO- 2024-03-06 调仓日，买入: ['SZSE.002133', 'SZSE.301365', 'SZSE.300965']
20260423 14:41:54- INFO- 2024-03-13 调仓日，买入: ['SZSE.003036', 'SZSE.000593', 'SHSE.600322']
20260423 14:41:55- INFO- 2024-03-20 调仓日，买入: ['SZSE.300813', 'SZSE.301388', 'SZSE.300295']
20260423 14:41:55- INFO- 2024-03-27 调仓日，买入: ['SZSE.300562', 'SZSE.300686', 'SHSE.600358']
20260423 14:41:56- INFO- 2024-04-03 调仓日，买入: ['SZSE.300371', 'SZSE.300651', 'SZSE.301055']
20260423 14:41:56- INFO- 2024-04-12 调仓日，买入: ['SZSE.300153', 'SZSE.301176', 'SZSE.300647']
20260423 14:41:57- INFO- 2024-04-19 调仓日，买入: ['SHSE.688557', 'SZSE.002942', 'SHSE.603608']
20260423 14:41:57- INFO- 2024-04-26 调仓日，买入: ['SZSE.003033', 'SHSE.688130', 'SZSE.300546']
20260423 14:41:58- INFO- 2024-05-08 调仓日，买入: ['SZSE.300597', 'SZSE.002248', 'SZSE.001373']
20260423 14:41:58- INFO- 2024-05-15 调仓日，买入: ['SHSE.603073', 'SZSE.300195', 'SZSE.002397']
20260423 14:41:58- INFO- 2024-05-22 调仓日，买入: ['SZSE.300615', 'SZSE.300743', 'SHSE.600615']
20260423 14:41:59- INFO- 2024-05-29 调仓日，买入: ['SZSE.301429', 'SZSE.001225', 'SHSE.603332']
20260423 14:41:59- INFO- 2024-06-05 调仓日，买入: ['SHSE.688237', 'SZSE.002319', 'SZSE.300692']
20260423 14:42:00- INFO- 2024-06-13 调仓日，买入: ['SHSE.688428', 'SHSE.688071', 'SHSE.603320']
20260423 14:42:00- INFO- 2024-06-20 调仓日，买入: ['SZSE.002702', 'SZSE.301290', 'SHSE.601996']
20260423 14:42:01- INFO- 2024-06-27 调仓日，买入: ['SZSE.300281', 'SHSE.600470', 'SZSE.300164']
20260423 14:42:01- INFO- 2024-07-04 调仓日，买入: ['SZSE.002021', 'SZSE.002420', 'SZSE.300004']
20260423 14:42:02- INFO- 2024-07-11 调仓日，买入: ['SZSE.301335', 'SHSE.603161', 'SHSE.601996']
20260423 14:42:02- INFO- 2024-07-18 调仓日，买入: ['SZSE.000010', 'SZSE.300817', 'SZSE.300277']
20260423 14:42:03- INFO- 2024-07-25 调仓日，买入: ['SZSE.301335', 'SZSE.002021', 'SZSE.300943']
20260423 14:42:03- INFO- 2024-08-01 调仓日，买入: ['SZSE.300235', 'SZSE.300264', 'SHSE.688610']
20260423 14:42:04- INFO- 2024-08-08 调仓日，买入: ['SHSE.603798', 'SZSE.300084', 'SZSE.002021']
20260423 14:42:04- INFO- 2024-08-15 调仓日，买入: ['SZSE.300922', 'SZSE.002374', 'SZSE.301220']
20260423 14:42:05- INFO- 2024-08-22 调仓日，买入: ['SZSE.300311', 'SZSE.002849', 'SHSE.605028']
20260423 14:42:05- INFO- 2024-08-29 调仓日，买入: ['SHSE.603700', 'SHSE.605289', 'SHSE.688323']
20260423 14:42:06- INFO- 2024-09-05 调仓日，买入: ['SHSE.603196', 'SZSE.301159', 'SZSE.301257']
20260423 14:42:06- INFO- 2024-09-12 调仓日，买入: ['SZSE.300543', 'SZSE.300004', 'SHSE.603221']
20260423 14:42:06- INFO- 2024-09-23 调仓日，买入: ['SZSE.300486', 'SZSE.301083', 'SHSE.600228']
20260423 14:42:07- INFO- 2024-09-30 调仓日，买入: ['SZSE.002806', 'SHSE.688163', 'SHSE.600265']
20260423 14:42:07- INFO- 2024-10-14 调仓日，买入: ['SHSE.600281', 'SHSE.600243', 'SHSE.603926']
20260423 14:42:08- WARNING- 2024-10-21 卖出时找不到股票 SHSE.603196，跳过
20260423 14:42:08- INFO- 2024-10-21 调仓日，买入: ['SZSE.002319', 'SZSE.002862', 'SZSE.301359']
20260423 14:42:08- WARNING- 2024-10-28 卖出时找不到股票 SZSE.300277，跳过
20260423 14:42:08- WARNING- 2024-10-28 卖出时找不到股票 SHSE.603196，跳过
20260423 14:42:08- INFO- 2024-10-28 调仓日，买入: ['SZSE.001255', 'SZSE.301515', 'SZSE.000633']
20260423 14:42:09- WARNING- 2024-11-04 卖出时找不到股票 SZSE.300277，跳过
20260423 14:42:09- INFO- 2024-11-04 调仓日，买入: ['SHSE.688078', 'SHSE.600281', 'SZSE.002524']
20260423 14:42:09- WARNING- 2024-11-11 卖出时找不到股票 SHSE.605028，跳过
20260423 14:42:09- INFO- 2024-11-11 调仓日，买入: ['SZSE.300816', 'SHSE.603089', 'SZSE.300716']
20260423 14:42:10- INFO- 2024-11-18 调仓日，买入: ['SZSE.301429', 'SHSE.605122', 'SZSE.300670']
20260423 14:42:10- INFO- 2024-11-25 调仓日，买入: ['SHSE.603137', 'SHSE.600281', 'SHSE.600156']
20260423 14:42:11- INFO- 2024-12-02 调仓日，买入: ['SZSE.001373', 'SZSE.000586', 'SZSE.300658']
20260423 14:42:11- INFO- 2024-12-09 调仓日，买入: ['SZSE.301163', 'SZSE.301197', 'SHSE.603090']
20260423 14:42:12- INFO- 2024-12-16 调仓日，买入: ['SHSE.603716', 'SZSE.002718', 'SHSE.688379']
20260423 14:42:12- WARNING- 2024-12-23 卖出时找不到股票 SHSE.600322，跳过
20260423 14:42:12- INFO- 2024-12-23 调仓日，买入: ['SHSE.600235', 'SHSE.688557', 'SHSE.603968']
20260423 14:42:13- WARNING- 2024-12-30 卖出时找不到股票 SHSE.600322，跳过
20260423 14:42:13- INFO- 2024-12-30 调仓日，买入: ['SHSE.603725', 'SHSE.688557', 'SZSE.300371']
20260423 14:42:13- INFO- 2025-01-07 调仓日，买入: ['SHSE.603048', 'SHSE.603789', 'SZSE.300564']
20260423 14:42:14- INFO- 2025-01-14 调仓日，买入: ['SZSE.002817', 'SZSE.002968', 'SZSE.002715']
20260423 14:42:14- INFO- 2025-01-21 调仓日，买入: ['SZSE.301065', 'SHSE.600232', 'SZSE.300564']
20260423 14:42:15- INFO- 2025-02-05 调仓日，买入: ['SZSE.301359', 'SHSE.603282', 'SZSE.301314']
20260423 14:42:15- INFO- 2025-02-12 调仓日，买入: ['SZSE.002105', 'SZSE.002133', 'SHSE.605122']
20260423 14:42:16- INFO- 2025-02-19 调仓日，买入: ['SZSE.300103', 'SHSE.603090', 'SZSE.002492']
20260423 14:42:16- INFO- 2025-02-26 调仓日，买入: ['SZSE.300906', 'SZSE.003030', 'SZSE.300670']
20260423 14:42:17- WARNING- 2025-03-05 卖出时找不到股票 SZSE.301335，跳过
20260423 14:42:17- WARNING- 2025-03-05 卖出时找不到股票 SZSE.300943，跳过
20260423 14:42:17- INFO- 2025-03-05 调仓日，买入: ['SHSE.605003', 'SZSE.002715', 'SHSE.603818']
20260423 14:42:17- WARNING- 2025-03-12 卖出时找不到股票 SZSE.301335，跳过
20260423 14:42:17- WARNING- 2025-03-12 卖出时找不到股票 SZSE.300943，跳过
20260423 14:42:17- INFO- 2025-03-12 调仓日，买入: ['SZSE.000593', 'SZSE.000952', 'SZSE.300906']
20260423 14:42:18- WARNING- 2025-03-19 卖出时找不到股票 SZSE.300449，跳过
20260423 14:42:18- INFO- 2025-03-19 调仓日，买入: ['SZSE.000586', 'SZSE.002084', 'SHSE.600107']
20260423 14:42:18- WARNING- 2025-03-26 卖出时找不到股票 SZSE.300449，跳过
20260423 14:42:18- INFO- 2025-03-26 调仓日，买入: ['SHSE.688113', 'SZSE.300823', 'SZSE.300658']
20260423 14:42:19- INFO- 2025-04-02 调仓日，买入: ['SHSE.600802', 'SZSE.300670', 'SZSE.300906']
20260423 14:42:19- INFO- 2025-04-10 调仓日，买入: ['SZSE.301298', 'SZSE.002842', 'SZSE.003008']
20260423 14:42:20- INFO- 2025-04-17 调仓日，买入: ['SHSE.603717', 'SZSE.001260', 'SHSE.603045']
20260423 14:42:20- INFO- 2025-04-24 调仓日，买入: ['SHSE.605567', 'SHSE.600159', 'SZSE.300839']
20260423 14:42:21- INFO- 2025-05-06 调仓日，买入: ['SHSE.688216', 'SZSE.301002', 'SHSE.603172']
20260423 14:42:21- INFO- 2025-05-13 调仓日，买入: ['SHSE.600202', 'SZSE.003023', 'SZSE.300804']
20260423 14:42:22- WARNING- 2025-05-20 卖出时找不到股票 SHSE.600358，跳过
20260423 14:42:22- INFO- 2025-05-20 调仓日，买入: ['SHSE.688573', 'SHSE.600302', 'SZSE.300971']
20260423 14:42:22- WARNING- 2025-05-27 卖出时找不到股票 SHSE.600358，跳过
20260423 14:42:22- INFO- 2025-05-27 调仓日，买入: ['SZSE.000586', 'SZSE.002696', 'SZSE.300645']
20260423 14:42:23- INFO- 2025-06-04 调仓日，买入: ['SHSE.688395', 'SHSE.603860', 'SZSE.000637']
20260423 14:42:23- WARNING- 2025-06-11 卖出时找不到股票 SZSE.300084，跳过
20260423 14:42:23- WARNING- 2025-06-11 卖出时找不到股票 SHSE.600156，跳过
20260423 14:42:23- INFO- 2025-06-11 调仓日，买入: ['SZSE.002800', 'SZSE.301515', 'SZSE.001231']
20260423 14:42:24- WARNING- 2025-06-18 卖出时找不到股票 SHSE.600156，跳过
20260423 14:42:24- INFO- 2025-06-18 调仓日，买入: ['SZSE.002144', 'SZSE.300668', 'SZSE.300670']
20260423 14:42:24- WARNING- 2025-06-25 卖出时找不到股票 SZSE.000633，跳过
20260423 14:42:24- INFO- 2025-06-25 调仓日，买入: ['SZSE.300958', 'SHSE.605122', 'SZSE.002633']
20260423 14:42:25- INFO- 2025-07-02 调仓日，买入: ['SZSE.300838', 'SHSE.688679', 'SZSE.001231']
20260423 14:42:25- INFO- 2025-07-09 调仓日，买入: ['SHSE.603073', 'SHSE.688517', 'SHSE.600234']
20260423 14:42:26- INFO- 2025-07-16 调仓日，买入: ['SZSE.300923', 'SHSE.688350', 'SHSE.688517']
20260423 14:42:26- INFO- 2025-07-23 调仓日，买入: ['SZSE.300665', 'SZSE.300640', 'SZSE.002828']
20260423 14:42:27- INFO- 2025-07-30 调仓日，买入: ['SHSE.688156', 'SZSE.301113', 'SZSE.300849']
20260423 14:42:27- WARNING- 2025-08-06 卖出时找不到股票 SZSE.300264，跳过
20260423 14:42:27- INFO- 2025-08-06 调仓日，买入: ['SHSE.603177', 'SZSE.301105', 'SHSE.688450']
20260423 14:42:28- INFO- 2025-08-13 调仓日，买入: ['SZSE.002494', 'SHSE.688485', 'SHSE.688528']
20260423 14:42:28- WARNING- 2025-08-20 卖出时找不到股票 SHSE.603161，跳过
20260423 14:42:28- WARNING- 2025-08-20 卖出时找不到股票 SZSE.300486，跳过
20260423 14:42:28- INFO- 2025-08-20 调仓日，买入: ['SZSE.300635', 'SZSE.002494', 'SHSE.600137']
20260423 14:42:29- INFO- 2025-08-27 调仓日，买入: ['SZSE.301198', 'SZSE.002207', 'SZSE.301273']
20260423 14:42:29- INFO- 2025-09-03 调仓日，买入: ['SHSE.605567', 'SZSE.301049', 'SHSE.688517']
20260423 14:42:30- INFO- 2025-09-10 调仓日，买入: ['SZSE.300635', 'SHSE.600543', 'SZSE.300838']
20260423 14:42:30- WARNING- 2025-09-17 卖出时找不到股票 SZSE.002968，跳过
20260423 14:42:30- INFO- 2025-09-17 调仓日，买入: ['SZSE.300626', 'SZSE.300621', 'SZSE.002963']
20260423 14:42:31- WARNING- 2025-09-24 卖出时找不到股票 SZSE.300948，跳过
20260423 14:42:31- WARNING- 2025-09-24 卖出时找不到股票 SZSE.002968，跳过
20260423 14:42:31- INFO- 2025-09-24 调仓日，买入: ['SHSE.688485', 'SHSE.603073', 'SHSE.600149']
20260423 14:42:31- WARNING- 2025-10-09 卖出时找不到股票 SZSE.300692，跳过
20260423 14:42:31- INFO- 2025-10-09 调仓日，买入: ['SZSE.301037', 'SZSE.300823', 'SHSE.603022']
20260423 14:42:32- WARNING- 2025-10-16 卖出时找不到股票 SHSE.600243，跳过
20260423 14:42:32- INFO- 2025-10-16 调仓日，买入: ['SZSE.301231', 'SZSE.300717', 'SZSE.300849']
20260423 14:42:32- WARNING- 2025-10-23 卖出时找不到股票 SHSE.600302，跳过
20260423 14:42:32- INFO- 2025-10-23 调仓日，买入: ['SZSE.000890', 'SZSE.002494', 'SZSE.300621']
20260423 14:42:33- INFO- 2025-10-30 调仓日，买入: ['SZSE.300665', 'SHSE.688272', 'SHSE.600778']
20260423 14:42:33- WARNING- 2025-11-06 卖出时找不到股票 SZSE.300277，跳过
20260423 14:42:33- INFO- 2025-11-06 调仓日，买入: ['SZSE.300912', 'SHSE.688096', 'SHSE.603880']
20260423 14:42:34- WARNING- 2025-11-13 卖出时找不到股票 SZSE.300277，跳过
20260423 14:42:34- WARNING- 2025-11-13 卖出时找不到股票 SZSE.000586，跳过
20260423 14:42:34- INFO- 2025-11-13 调仓日，买入: ['SZSE.300621', 'SHSE.688038', 'SZSE.001211']
20260423 14:42:35- INFO- 2025-11-20 调仓日，买入: ['SZSE.301273', 'SZSE.001336', 'SZSE.300405']
20260423 14:42:35- WARNING- 2025-11-27 卖出时找不到股票 SHSE.688237，跳过
20260423 14:42:35- WARNING- 2025-11-27 卖出时找不到股票 SZSE.002806，跳过
20260423 14:42:35- INFO- 2025-11-27 调仓日，买入: ['SZSE.300912', 'SZSE.002188', 'SZSE.300717']
20260423 14:42:36- INFO- 2025-12-04 调仓日，买入: ['SZSE.300958', 'SHSE.603879', 'SHSE.688004']
20260423 14:42:36- INFO- 2025-12-11 调仓日，买入: ['SHSE.688638', 'SZSE.001373', 'SZSE.300970']
20260423 14:42:37- WARNING- 2025-12-18 卖出时找不到股票 SZSE.300486，跳过
20260423 14:42:37- INFO- 2025-12-18 调仓日，买入: ['SHSE.605069', 'SHSE.688671', 'SZSE.300169']
20260423 14:42:37- WARNING- 2025-12-25 卖出时找不到股票 SHSE.603608，跳过
20260423 14:42:37- WARNING- 2025-12-25 卖出时找不到股票 SZSE.002420，跳过
20260423 14:42:37- WARNING- 2025-12-25 卖出时找不到股票 SZSE.300486，跳过
20260423 14:42:37- WARNING- 2025-12-25 卖出时找不到股票 SZSE.002718，跳过
20260423 14:42:37- INFO- 2025-12-25 调仓日，买入: ['SZSE.300736', 'SZSE.300923', 'SHSE.688638']
20260423 14:42:38- WARNING- 2026-01-05 卖出时找不到股票 SZSE.300658，跳过
20260423 14:42:38- INFO- 2026-01-05 调仓日，买入: ['SHSE.603272', 'SHSE.600448', 'SHSE.600493']
20260423 14:42:38- WARNING- 2026-01-12 卖出时找不到股票 SHSE.605028，跳过
20260423 14:42:38- WARNING- 2026-01-12 卖出时找不到股票 SZSE.300658，跳过
20260423 14:42:38- WARNING- 2026-01-12 卖出时找不到股票 SZSE.300169，跳过
20260423 14:42:38- INFO- 2026-01-12 调仓日，买入: ['SHSE.688671', 'SHSE.600493', 'SHSE.600768']
20260423 14:42:39- INFO- 2026-01-19 调仓日，买入: ['SZSE.002856', 'SHSE.600493', 'SZSE.300665']
20260423 14:42:39- WARNING- 2026-01-26 卖出时找不到股票 SHSE.603798，跳过
20260423 14:42:39- WARNING- 2026-01-26 卖出时找不到股票 SZSE.300912，跳过
20260423 14:42:39- INFO- 2026-01-26 调仓日，买入: ['SHSE.688565', 'SZSE.301167', 'SHSE.600883']
20260423 14:42:40- WARNING- 2026-02-02 卖出时找不到股票 SZSE.300912，跳过
20260423 14:42:40- INFO- 2026-02-02 调仓日，买入: ['SHSE.600883', 'SZSE.300635', 'SZSE.002360']
20260423 14:42:40- INFO- 2026-02-09 调仓日，买入: ['SHSE.688329', 'SZSE.300405', 'SZSE.300649']
20260423 14:42:41- WARNING- 2026-02-24 卖出时找不到股票 SHSE.603121，跳过
20260423 14:42:41- INFO- 2026-02-24 调仓日，买入: ['SZSE.002856', 'SZSE.301372', 'SZSE.300635']
20260423 14:42:41- WARNING- 2026-03-03 卖出时找不到股票 SHSE.603121，跳过
20260423 14:42:41- INFO- 2026-03-03 调仓日，买入: ['SHSE.600137', 'SHSE.688096', 'SHSE.600448']
20260423 14:42:42- INFO- 2026-03-10 调仓日，买入: ['SZSE.301372', 'SHSE.688067', 'SZSE.300649']
20260423 14:42:42- INFO- 2026-03-17 调仓日，买入: ['SHSE.600689', 'SHSE.900922', 'SZSE.300295']
20260423 14:42:43- WARNING- 2026-03-24 卖出时找不到股票 SZSE.300992，跳过
20260423 14:42:43- INFO- 2026-03-24 调仓日，买入: ['SHSE.603879', 'SZSE.300169', 'SHSE.688156']
20260423 14:42:43- WARNING- 2026-03-31 卖出时找不到股票 SZSE.002718，跳过
20260423 14:42:43- WARNING- 2026-03-31 卖出时找不到股票 SZSE.300736，跳过
20260423 14:42:43- INFO- 2026-03-31 调仓日，买入: ['SZSE.001211', 'SHSE.688793', 'SHSE.600847']
20260423 14:42:44- INFO- 生成交易信号完成，共 15512 条指令
20260423 14:42:44- INFO- 买入指令: 327
20260423 14:42:44- INFO- 卖出指令: 15185
20260423 14:42:44- INFO- 开始回测...
20260423 14:46:17- INFO- 读取数据: 2024-01-01 至 2026-04-20
20260423 14:46:18- INFO- 数据行数: 2883743
20260423 14:46:18- INFO- 生成交易信号...
20260423 14:46:18- INFO- 交易日数量: 545
20260423 14:46:18- INFO- 2024-01-02 调仓日，买入: ['SZSE.002848', 'SZSE.300449', 'SZSE.300992']
20260423 14:46:18- INFO- 2024-01-09 调仓日，买入: ['SHSE.688501', 'SZSE.002830', 'SHSE.688485']
20260423 14:46:19- INFO- 2024-01-16 调仓日，买入: ['SZSE.300948', 'SHSE.688616', 'SZSE.300907']
20260423 14:46:19- INFO- 2024-01-23 调仓日，买入: ['SZSE.300030', 'SHSE.688511', 'SHSE.600082']
20260423 14:46:20- INFO- 2024-01-30 调仓日，买入: ['SZSE.301006', 'SZSE.002696', 'SHSE.688307']
20260423 14:46:20- INFO- 2024-02-06 调仓日，买入: ['SHSE.603121', 'SZSE.301009', 'SZSE.301021']
20260423 14:46:20- INFO- 2024-02-21 调仓日，买入: ['SHSE.688345', 'SZSE.001278', 'SHSE.603683']
20260423 14:46:21- INFO- 2024-02-28 调仓日，买入: ['SHSE.688226', 'SZSE.300139', 'SZSE.301072']
20260423 14:46:21- INFO- 2024-03-06 调仓日，买入: ['SZSE.002133', 'SZSE.301365', 'SZSE.300965']
20260423 14:46:22- INFO- 2024-03-13 调仓日，买入: ['SZSE.003036', 'SZSE.000593', 'SHSE.600322']
20260423 14:46:22- INFO- 2024-03-20 调仓日，买入: ['SZSE.300813', 'SZSE.301388', 'SZSE.300295']
20260423 14:46:23- INFO- 2024-03-27 调仓日，买入: ['SZSE.300562', 'SZSE.300686', 'SHSE.600358']
20260423 14:46:23- INFO- 2024-04-03 调仓日，买入: ['SZSE.300371', 'SZSE.300651', 'SZSE.301055']
20260423 14:46:23- INFO- 2024-04-12 调仓日，买入: ['SZSE.300153', 'SZSE.301176', 'SZSE.300647']
20260423 14:46:24- INFO- 2024-04-19 调仓日，买入: ['SHSE.688557', 'SZSE.002942', 'SHSE.603608']
20260423 14:46:24- INFO- 2024-04-26 调仓日，买入: ['SZSE.003033', 'SHSE.688130', 'SZSE.300546']
20260423 14:46:25- INFO- 2024-05-08 调仓日，买入: ['SZSE.300597', 'SZSE.002248', 'SZSE.001373']
20260423 14:46:25- INFO- 2024-05-15 调仓日，买入: ['SHSE.603073', 'SZSE.300195', 'SZSE.002397']
20260423 14:46:26- INFO- 2024-05-22 调仓日，买入: ['SZSE.300615', 'SZSE.300743', 'SHSE.600615']
20260423 14:46:26- INFO- 2024-05-29 调仓日，买入: ['SZSE.301429', 'SZSE.001225', 'SHSE.603332']
20260423 14:46:27- INFO- 2024-06-05 调仓日，买入: ['SHSE.688237', 'SZSE.002319', 'SZSE.300692']
20260423 14:46:27- INFO- 2024-06-13 调仓日，买入: ['SHSE.688428', 'SHSE.688071', 'SHSE.603320']
20260423 14:46:27- INFO- 2024-06-20 调仓日，买入: ['SZSE.002702', 'SZSE.301290', 'SHSE.601996']
20260423 14:46:28- INFO- 2024-06-27 调仓日，买入: ['SZSE.300281', 'SHSE.600470', 'SZSE.300164']
20260423 14:46:28- INFO- 2024-07-04 调仓日，买入: ['SZSE.002021', 'SZSE.002420', 'SZSE.300004']
20260423 14:46:29- INFO- 2024-07-11 调仓日，买入: ['SZSE.301335', 'SHSE.603161', 'SHSE.601996']
20260423 14:46:29- INFO- 2024-07-18 调仓日，买入: ['SZSE.000010', 'SZSE.300817', 'SZSE.300277']
20260423 14:46:30- INFO- 2024-07-25 调仓日，买入: ['SZSE.301335', 'SZSE.002021', 'SZSE.300943']
20260423 14:46:30- INFO- 2024-08-01 调仓日，买入: ['SZSE.300235', 'SZSE.300264', 'SHSE.688610']
20260423 14:46:30- INFO- 2024-08-08 调仓日，买入: ['SHSE.603798', 'SZSE.300084', 'SZSE.002021']
20260423 14:46:31- INFO- 2024-08-15 调仓日，买入: ['SZSE.300922', 'SZSE.002374', 'SZSE.301220']
20260423 14:46:31- INFO- 2024-08-22 调仓日，买入: ['SZSE.300311', 'SZSE.002849', 'SHSE.605028']
20260423 14:46:32- INFO- 2024-08-29 调仓日，买入: ['SHSE.603700', 'SHSE.605289', 'SHSE.688323']
20260423 14:46:32- INFO- 2024-09-05 调仓日，买入: ['SHSE.603196', 'SZSE.301159', 'SZSE.301257']
20260423 14:46:33- INFO- 2024-09-12 调仓日，买入: ['SZSE.300543', 'SZSE.300004', 'SHSE.603221']
20260423 14:46:33- INFO- 2024-09-23 调仓日，买入: ['SZSE.300486', 'SZSE.301083', 'SHSE.600228']
20260423 14:46:33- INFO- 2024-09-30 调仓日，买入: ['SZSE.002806', 'SHSE.688163', 'SHSE.600265']
20260423 14:46:34- INFO- 2024-10-14 调仓日，买入: ['SHSE.600281', 'SHSE.600243', 'SHSE.603926']
20260423 14:46:34- INFO- 2024-10-21 调仓日，买入: ['SZSE.002319', 'SZSE.002862', 'SZSE.301359']
20260423 14:46:35- INFO- 2024-10-28 调仓日，买入: ['SZSE.001255', 'SZSE.301515', 'SZSE.000633']
20260423 14:46:35- INFO- 2024-11-04 调仓日，买入: ['SHSE.688078', 'SHSE.600281', 'SZSE.002524']
20260423 14:46:36- INFO- 2024-11-11 调仓日，买入: ['SZSE.300816', 'SHSE.603089', 'SZSE.300716']
20260423 14:46:36- INFO- 2024-11-18 调仓日，买入: ['SZSE.301429', 'SHSE.605122', 'SZSE.300670']
20260423 14:46:36- INFO- 2024-11-25 调仓日，买入: ['SHSE.603137', 'SHSE.600281', 'SHSE.600156']
20260423 14:46:37- INFO- 2024-12-02 调仓日，买入: ['SZSE.001373', 'SZSE.000586', 'SZSE.300658']
20260423 14:46:37- INFO- 2024-12-09 调仓日，买入: ['SZSE.301163', 'SZSE.301197', 'SHSE.603090']
20260423 14:46:38- INFO- 2024-12-16 调仓日，买入: ['SHSE.603716', 'SZSE.002718', 'SHSE.688379']
20260423 14:46:38- INFO- 2024-12-23 调仓日，买入: ['SHSE.600235', 'SHSE.688557', 'SHSE.603968']
20260423 14:46:39- INFO- 2024-12-30 调仓日，买入: ['SHSE.603725', 'SHSE.688557', 'SZSE.300371']
20260423 14:46:39- INFO- 2025-01-07 调仓日，买入: ['SHSE.603048', 'SHSE.603789', 'SZSE.300564']
20260423 14:46:39- INFO- 2025-01-14 调仓日，买入: ['SZSE.002817', 'SZSE.002968', 'SZSE.002715']
20260423 14:46:40- INFO- 2025-01-21 调仓日，买入: ['SZSE.301065', 'SHSE.600232', 'SZSE.300564']
20260423 14:46:40- INFO- 2025-02-05 调仓日，买入: ['SZSE.301359', 'SHSE.603282', 'SZSE.301314']
20260423 14:46:41- INFO- 2025-02-12 调仓日，买入: ['SZSE.002105', 'SZSE.002133', 'SHSE.605122']
20260423 14:46:41- INFO- 2025-02-19 调仓日，买入: ['SZSE.300103', 'SHSE.603090', 'SZSE.002492']
20260423 14:46:42- INFO- 2025-02-26 调仓日，买入: ['SZSE.300906', 'SZSE.003030', 'SZSE.300670']
20260423 14:46:42- INFO- 2025-03-05 调仓日，买入: ['SHSE.605003', 'SZSE.002715', 'SHSE.603818']
20260423 14:46:42- INFO- 2025-03-12 调仓日，买入: ['SZSE.000593', 'SZSE.000952', 'SZSE.300906']
20260423 14:46:43- INFO- 2025-03-19 调仓日，买入: ['SZSE.000586', 'SZSE.002084', 'SHSE.600107']
20260423 14:46:43- INFO- 2025-03-26 调仓日，买入: ['SHSE.688113', 'SZSE.300823', 'SZSE.300658']
20260423 14:46:44- INFO- 2025-04-02 调仓日，买入: ['SHSE.600802', 'SZSE.300670', 'SZSE.300906']
20260423 14:46:44- INFO- 2025-04-10 调仓日，买入: ['SZSE.301298', 'SZSE.002842', 'SZSE.003008']
20260423 14:46:45- INFO- 2025-04-17 调仓日，买入: ['SHSE.603717', 'SZSE.001260', 'SHSE.603045']
20260423 14:46:45- INFO- 2025-04-24 调仓日，买入: ['SHSE.605567', 'SHSE.600159', 'SZSE.300839']
20260423 14:46:45- INFO- 2025-05-06 调仓日，买入: ['SHSE.688216', 'SZSE.301002', 'SHSE.603172']
20260423 14:46:46- INFO- 2025-05-13 调仓日，买入: ['SHSE.600202', 'SZSE.003023', 'SZSE.300804']
20260423 14:46:46- INFO- 2025-05-20 调仓日，买入: ['SHSE.688573', 'SHSE.600302', 'SZSE.300971']
20260423 14:46:47- INFO- 2025-05-27 调仓日，买入: ['SZSE.000586', 'SZSE.002696', 'SZSE.300645']
20260423 14:46:47- INFO- 2025-06-04 调仓日，买入: ['SHSE.688395', 'SHSE.603860', 'SZSE.000637']
20260423 14:46:48- INFO- 2025-06-11 调仓日，买入: ['SZSE.002800', 'SZSE.301515', 'SZSE.001231']
20260423 14:46:48- INFO- 2025-06-18 调仓日，买入: ['SZSE.002144', 'SZSE.300668', 'SZSE.300670']
20260423 14:46:48- INFO- 2025-06-25 调仓日，买入: ['SZSE.300958', 'SHSE.605122', 'SZSE.002633']
20260423 14:46:49- INFO- 2025-07-02 调仓日，买入: ['SZSE.300838', 'SHSE.688679', 'SZSE.001231']
20260423 14:46:49- INFO- 2025-07-09 调仓日，买入: ['SHSE.603073', 'SHSE.688517', 'SHSE.600234']
20260423 14:46:50- INFO- 2025-07-16 调仓日，买入: ['SZSE.300923', 'SHSE.688350', 'SHSE.688517']
20260423 14:46:50- INFO- 2025-07-23 调仓日，买入: ['SZSE.300665', 'SZSE.300640', 'SZSE.002828']
20260423 14:46:51- INFO- 2025-07-30 调仓日，买入: ['SHSE.688156', 'SZSE.301113', 'SZSE.300849']
20260423 14:46:51- INFO- 2025-08-06 调仓日，买入: ['SHSE.603177', 'SZSE.301105', 'SHSE.688450']
20260423 14:46:51- INFO- 2025-08-13 调仓日，买入: ['SZSE.002494', 'SHSE.688485', 'SHSE.688528']
20260423 14:46:52- INFO- 2025-08-20 调仓日，买入: ['SZSE.300635', 'SZSE.002494', 'SHSE.600137']
20260423 14:46:52- INFO- 2025-08-27 调仓日，买入: ['SZSE.301198', 'SZSE.002207', 'SZSE.301273']
20260423 14:46:53- INFO- 2025-09-03 调仓日，买入: ['SHSE.605567', 'SZSE.301049', 'SHSE.688517']
20260423 14:46:53- INFO- 2025-09-10 调仓日，买入: ['SZSE.300635', 'SHSE.600543', 'SZSE.300838']
20260423 14:46:54- INFO- 2025-09-17 调仓日，买入: ['SZSE.300626', 'SZSE.300621', 'SZSE.002963']
20260423 14:46:54- INFO- 2025-09-24 调仓日，买入: ['SHSE.688485', 'SHSE.603073', 'SHSE.600149']
20260423 14:46:54- INFO- 2025-10-09 调仓日，买入: ['SZSE.301037', 'SZSE.300823', 'SHSE.603022']
20260423 14:46:55- INFO- 2025-10-16 调仓日，买入: ['SZSE.301231', 'SZSE.300717', 'SZSE.300849']
20260423 14:46:55- INFO- 2025-10-23 调仓日，买入: ['SZSE.000890', 'SZSE.002494', 'SZSE.300621']
20260423 14:46:56- INFO- 2025-10-30 调仓日，买入: ['SZSE.300665', 'SHSE.688272', 'SHSE.600778']
20260423 14:46:56- INFO- 2025-11-06 调仓日，买入: ['SZSE.300912', 'SHSE.688096', 'SHSE.603880']
20260423 14:46:57- INFO- 2025-11-13 调仓日，买入: ['SZSE.300621', 'SHSE.688038', 'SZSE.001211']
20260423 14:46:57- INFO- 2025-11-20 调仓日，买入: ['SZSE.301273', 'SZSE.001336', 'SZSE.300405']
20260423 14:46:57- INFO- 2025-11-27 调仓日，买入: ['SZSE.300912', 'SZSE.002188', 'SZSE.300717']
20260423 14:46:58- INFO- 2025-12-04 调仓日，买入: ['SZSE.300958', 'SHSE.603879', 'SHSE.688004']
20260423 14:46:58- INFO- 2025-12-11 调仓日，买入: ['SHSE.688638', 'SZSE.001373', 'SZSE.300970']
20260423 14:46:59- INFO- 2025-12-18 调仓日，买入: ['SHSE.605069', 'SHSE.688671', 'SZSE.300169']
20260423 14:46:59- INFO- 2025-12-25 调仓日，买入: ['SZSE.300736', 'SZSE.300923', 'SHSE.688638']
20260423 14:46:59- INFO- 2026-01-05 调仓日，买入: ['SHSE.603272', 'SHSE.600448', 'SHSE.600493']
20260423 14:47:00- INFO- 2026-01-12 调仓日，买入: ['SHSE.688671', 'SHSE.600493', 'SHSE.600768']
20260423 14:47:00- INFO- 2026-01-19 调仓日，买入: ['SZSE.002856', 'SHSE.600493', 'SZSE.300665']
20260423 14:47:01- INFO- 2026-01-26 调仓日，买入: ['SHSE.688565', 'SZSE.301167', 'SHSE.600883']
20260423 14:47:01- INFO- 2026-02-02 调仓日，买入: ['SHSE.600883', 'SZSE.300635', 'SZSE.002360']
20260423 14:47:02- INFO- 2026-02-09 调仓日，买入: ['SHSE.688329', 'SZSE.300405', 'SZSE.300649']
20260423 14:47:02- INFO- 2026-02-24 调仓日，买入: ['SZSE.002856', 'SZSE.301372', 'SZSE.300635']
20260423 14:47:02- INFO- 2026-03-03 调仓日，买入: ['SHSE.600137', 'SHSE.688096', 'SHSE.600448']
20260423 14:47:03- INFO- 2026-03-10 调仓日，买入: ['SZSE.301372', 'SHSE.688067', 'SZSE.300649']
20260423 14:47:03- INFO- 2026-03-17 调仓日，买入: ['SHSE.600689', 'SHSE.900922', 'SZSE.300295']
20260423 14:47:04- INFO- 2026-03-24 调仓日，买入: ['SHSE.603879', 'SZSE.300169', 'SHSE.688156']
20260423 14:47:04- INFO- 2026-03-31 调仓日，买入: ['SZSE.001211', 'SHSE.688793', 'SHSE.600847']
20260423 14:47:05- INFO- 生成交易信号完成，共 651 条指令
20260423 14:47:05- INFO- 买入指令: 327
20260423 14:47:05- INFO- 卖出指令: 324
20260423 14:47:05- INFO- 开始回测...
20260423 14:47:51- INFO- 回测完成！
20260423 14:47:54- ERROR- 生成报告失败: 'str' object has no attribute 'strftime'
20260423 14:47:54- INFO- 结果已保存
20260423 14:48:16- INFO- 读取数据: 2024-01-01 至 2026-04-20
20260423 14:48:16- INFO- 数据行数: 2883743
20260423 14:48:16- INFO- 生成交易信号...
20260423 14:48:16- INFO- 交易日数量: 545
20260423 14:48:16- INFO- 2024-01-02 调仓日，买入: ['SZSE.002848', 'SZSE.300449', 'SZSE.300992']
20260423 14:48:17- INFO- 2024-01-09 调仓日，买入: ['SHSE.688501', 'SZSE.002830', 'SHSE.688485']
20260423 14:48:17- INFO- 2024-01-16 调仓日，买入: ['SZSE.300948', 'SHSE.688616', 'SZSE.300907']
20260423 14:48:18- INFO- 2024-01-23 调仓日，买入: ['SZSE.300030', 'SHSE.688511', 'SHSE.600082']
20260423 14:48:18- INFO- 2024-01-30 调仓日，买入: ['SZSE.301006', 'SZSE.002696', 'SHSE.688307']
20260423 14:48:19- INFO- 2024-02-06 调仓日，买入: ['SHSE.603121', 'SZSE.301009', 'SZSE.301021']
20260423 14:48:19- INFO- 2024-02-21 调仓日，买入: ['SHSE.688345', 'SZSE.001278', 'SHSE.603683']
20260423 14:48:20- INFO- 2024-02-28 调仓日，买入: ['SHSE.688226', 'SZSE.300139', 'SZSE.301072']
20260423 14:48:20- INFO- 2024-03-06 调仓日，买入: ['SZSE.002133', 'SZSE.301365', 'SZSE.300965']
20260423 14:48:21- INFO- 2024-03-13 调仓日，买入: ['SZSE.003036', 'SZSE.000593', 'SHSE.600322']
20260423 14:48:21- INFO- 2024-03-20 调仓日，买入: ['SZSE.300813', 'SZSE.301388', 'SZSE.300295']
20260423 14:48:22- INFO- 2024-03-27 调仓日，买入: ['SZSE.300562', 'SZSE.300686', 'SHSE.600358']
20260423 14:48:22- INFO- 2024-04-03 调仓日，买入: ['SZSE.300371', 'SZSE.300651', 'SZSE.301055']
20260423 14:48:23- INFO- 2024-04-12 调仓日，买入: ['SZSE.300153', 'SZSE.301176', 'SZSE.300647']
20260423 14:48:23- INFO- 2024-04-19 调仓日，买入: ['SHSE.688557', 'SZSE.002942', 'SHSE.603608']
20260423 14:48:24- INFO- 2024-04-26 调仓日，买入: ['SZSE.003033', 'SHSE.688130', 'SZSE.300546']
20260423 14:48:24- INFO- 2024-05-08 调仓日，买入: ['SZSE.300597', 'SZSE.002248', 'SZSE.001373']
20260423 14:48:25- INFO- 2024-05-15 调仓日，买入: ['SHSE.603073', 'SZSE.300195', 'SZSE.002397']
20260423 14:48:25- INFO- 2024-05-22 调仓日，买入: ['SZSE.300615', 'SZSE.300743', 'SHSE.600615']
20260423 14:48:26- INFO- 2024-05-29 调仓日，买入: ['SZSE.301429', 'SZSE.001225', 'SHSE.603332']
20260423 14:48:26- INFO- 2024-06-05 调仓日，买入: ['SHSE.688237', 'SZSE.002319', 'SZSE.300692']
20260423 14:48:27- INFO- 2024-06-13 调仓日，买入: ['SHSE.688428', 'SHSE.688071', 'SHSE.603320']
20260423 14:48:27- INFO- 2024-06-20 调仓日，买入: ['SZSE.002702', 'SZSE.301290', 'SHSE.601996']
20260423 14:48:28- INFO- 2024-06-27 调仓日，买入: ['SZSE.300281', 'SHSE.600470', 'SZSE.300164']
20260423 14:48:28- INFO- 2024-07-04 调仓日，买入: ['SZSE.002021', 'SZSE.002420', 'SZSE.300004']
20260423 14:48:29- INFO- 2024-07-11 调仓日，买入: ['SZSE.301335', 'SHSE.603161', 'SHSE.601996']
20260423 14:48:29- INFO- 2024-07-18 调仓日，买入: ['SZSE.000010', 'SZSE.300817', 'SZSE.300277']
20260423 14:48:30- INFO- 2024-07-25 调仓日，买入: ['SZSE.301335', 'SZSE.002021', 'SZSE.300943']
20260423 14:48:30- INFO- 2024-08-01 调仓日，买入: ['SZSE.300235', 'SZSE.300264', 'SHSE.688610']
20260423 14:48:30- INFO- 2024-08-08 调仓日，买入: ['SHSE.603798', 'SZSE.300084', 'SZSE.002021']
20260423 14:48:31- INFO- 2024-08-15 调仓日，买入: ['SZSE.300922', 'SZSE.002374', 'SZSE.301220']
20260423 14:48:31- INFO- 2024-08-22 调仓日，买入: ['SZSE.300311', 'SZSE.002849', 'SHSE.605028']
20260423 14:48:32- INFO- 2024-08-29 调仓日，买入: ['SHSE.603700', 'SHSE.605289', 'SHSE.688323']
20260423 14:48:32- INFO- 2024-09-05 调仓日，买入: ['SHSE.603196', 'SZSE.301159', 'SZSE.301257']
20260423 14:48:33- INFO- 2024-09-12 调仓日，买入: ['SZSE.300543', 'SZSE.300004', 'SHSE.603221']
20260423 14:48:33- INFO- 2024-09-23 调仓日，买入: ['SZSE.300486', 'SZSE.301083', 'SHSE.600228']
20260423 14:48:34- INFO- 2024-09-30 调仓日，买入: ['SZSE.002806', 'SHSE.688163', 'SHSE.600265']
20260423 14:48:34- INFO- 2024-10-14 调仓日，买入: ['SHSE.600281', 'SHSE.600243', 'SHSE.603926']
20260423 14:48:35- INFO- 2024-10-21 调仓日，买入: ['SZSE.002319', 'SZSE.002862', 'SZSE.301359']
20260423 14:48:35- INFO- 2024-10-28 调仓日，买入: ['SZSE.001255', 'SZSE.301515', 'SZSE.000633']
20260423 14:48:36- INFO- 2024-11-04 调仓日，买入: ['SHSE.688078', 'SHSE.600281', 'SZSE.002524']
20260423 14:48:36- INFO- 2024-11-11 调仓日，买入: ['SZSE.300816', 'SHSE.603089', 'SZSE.300716']
20260423 14:48:37- INFO- 2024-11-18 调仓日，买入: ['SZSE.301429', 'SHSE.605122', 'SZSE.300670']
20260423 14:48:37- INFO- 2024-11-25 调仓日，买入: ['SHSE.603137', 'SHSE.600281', 'SHSE.600156']
20260423 14:48:38- INFO- 2024-12-02 调仓日，买入: ['SZSE.001373', 'SZSE.000586', 'SZSE.300658']
20260423 14:48:38- INFO- 2024-12-09 调仓日，买入: ['SZSE.301163', 'SZSE.301197', 'SHSE.603090']
20260423 14:48:39- INFO- 2024-12-16 调仓日，买入: ['SHSE.603716', 'SZSE.002718', 'SHSE.688379']
20260423 14:48:39- INFO- 2024-12-23 调仓日，买入: ['SHSE.600235', 'SHSE.688557', 'SHSE.603968']
20260423 14:48:40- INFO- 2024-12-30 调仓日，买入: ['SHSE.603725', 'SHSE.688557', 'SZSE.300371']
20260423 14:48:40- INFO- 2025-01-07 调仓日，买入: ['SHSE.603048', 'SHSE.603789', 'SZSE.300564']
20260423 14:48:41- INFO- 2025-01-14 调仓日，买入: ['SZSE.002817', 'SZSE.002968', 'SZSE.002715']
20260423 14:48:41- INFO- 2025-01-21 调仓日，买入: ['SZSE.301065', 'SHSE.600232', 'SZSE.300564']
20260423 14:48:42- INFO- 2025-02-05 调仓日，买入: ['SZSE.301359', 'SHSE.603282', 'SZSE.301314']
20260423 14:48:42- INFO- 2025-02-12 调仓日，买入: ['SZSE.002105', 'SZSE.002133', 'SHSE.605122']
20260423 14:48:43- INFO- 2025-02-19 调仓日，买入: ['SZSE.300103', 'SHSE.603090', 'SZSE.002492']
20260423 14:48:43- INFO- 2025-02-26 调仓日，买入: ['SZSE.300906', 'SZSE.003030', 'SZSE.300670']
20260423 14:48:44- INFO- 2025-03-05 调仓日，买入: ['SHSE.605003', 'SZSE.002715', 'SHSE.603818']
20260423 14:48:44- INFO- 2025-03-12 调仓日，买入: ['SZSE.000593', 'SZSE.000952', 'SZSE.300906']
20260423 14:48:45- INFO- 2025-03-19 调仓日，买入: ['SZSE.000586', 'SZSE.002084', 'SHSE.600107']
20260423 14:48:45- INFO- 2025-03-26 调仓日，买入: ['SHSE.688113', 'SZSE.300823', 'SZSE.300658']
20260423 14:48:46- INFO- 2025-04-02 调仓日，买入: ['SHSE.600802', 'SZSE.300670', 'SZSE.300906']
20260423 14:48:46- INFO- 2025-04-10 调仓日，买入: ['SZSE.301298', 'SZSE.002842', 'SZSE.003008']
20260423 14:48:47- INFO- 2025-04-17 调仓日，买入: ['SHSE.603717', 'SZSE.001260', 'SHSE.603045']
20260423 14:48:47- INFO- 2025-04-24 调仓日，买入: ['SHSE.605567', 'SHSE.600159', 'SZSE.300839']
20260423 14:48:48- INFO- 2025-05-06 调仓日，买入: ['SHSE.688216', 'SZSE.301002', 'SHSE.603172']
20260423 14:48:48- INFO- 2025-05-13 调仓日，买入: ['SHSE.600202', 'SZSE.003023', 'SZSE.300804']
20260423 14:48:49- INFO- 2025-05-20 调仓日，买入: ['SHSE.688573', 'SHSE.600302', 'SZSE.300971']
20260423 14:48:49- INFO- 2025-05-27 调仓日，买入: ['SZSE.000586', 'SZSE.002696', 'SZSE.300645']
20260423 14:48:50- INFO- 2025-06-04 调仓日，买入: ['SHSE.688395', 'SHSE.603860', 'SZSE.000637']
20260423 14:48:50- INFO- 2025-06-11 调仓日，买入: ['SZSE.002800', 'SZSE.301515', 'SZSE.001231']
20260423 14:48:51- INFO- 2025-06-18 调仓日，买入: ['SZSE.002144', 'SZSE.300668', 'SZSE.300670']
20260423 14:48:51- INFO- 2025-06-25 调仓日，买入: ['SZSE.300958', 'SHSE.605122', 'SZSE.002633']
20260423 14:48:52- INFO- 2025-07-02 调仓日，买入: ['SZSE.300838', 'SHSE.688679', 'SZSE.001231']
20260423 14:48:52- INFO- 2025-07-09 调仓日，买入: ['SHSE.603073', 'SHSE.688517', 'SHSE.600234']
20260423 14:48:53- INFO- 2025-07-16 调仓日，买入: ['SZSE.300923', 'SHSE.688350', 'SHSE.688517']
20260423 14:48:53- INFO- 2025-07-23 调仓日，买入: ['SZSE.300665', 'SZSE.300640', 'SZSE.002828']
20260423 14:48:54- INFO- 2025-07-30 调仓日，买入: ['SHSE.688156', 'SZSE.301113', 'SZSE.300849']
20260423 14:48:54- INFO- 2025-08-06 调仓日，买入: ['SHSE.603177', 'SZSE.301105', 'SHSE.688450']
20260423 14:48:55- INFO- 2025-08-13 调仓日，买入: ['SZSE.002494', 'SHSE.688485', 'SHSE.688528']
20260423 14:48:55- INFO- 2025-08-20 调仓日，买入: ['SZSE.300635', 'SZSE.002494', 'SHSE.600137']
20260423 14:48:56- INFO- 2025-08-27 调仓日，买入: ['SZSE.301198', 'SZSE.002207', 'SZSE.301273']
20260423 14:48:56- INFO- 2025-09-03 调仓日，买入: ['SHSE.605567', 'SZSE.301049', 'SHSE.688517']
20260423 14:48:57- INFO- 2025-09-10 调仓日，买入: ['SZSE.300635', 'SHSE.600543', 'SZSE.300838']
20260423 14:48:57- INFO- 2025-09-17 调仓日，买入: ['SZSE.300626', 'SZSE.300621', 'SZSE.002963']
20260423 14:48:58- INFO- 2025-09-24 调仓日，买入: ['SHSE.688485', 'SHSE.603073', 'SHSE.600149']
20260423 14:48:58- INFO- 2025-10-09 调仓日，买入: ['SZSE.301037', 'SZSE.300823', 'SHSE.603022']
20260423 14:48:59- INFO- 2025-10-16 调仓日，买入: ['SZSE.301231', 'SZSE.300717', 'SZSE.300849']
20260423 14:48:59- INFO- 2025-10-23 调仓日，买入: ['SZSE.000890', 'SZSE.002494', 'SZSE.300621']
20260423 14:49:00- INFO- 2025-10-30 调仓日，买入: ['SZSE.300665', 'SHSE.688272', 'SHSE.600778']
20260423 14:49:00- INFO- 2025-11-06 调仓日，买入: ['SZSE.300912', 'SHSE.688096', 'SHSE.603880']
20260423 14:49:00- INFO- 2025-11-13 调仓日，买入: ['SZSE.300621', 'SHSE.688038', 'SZSE.001211']
20260423 14:49:01- INFO- 2025-11-20 调仓日，买入: ['SZSE.301273', 'SZSE.001336', 'SZSE.300405']
20260423 14:49:01- INFO- 2025-11-27 调仓日，买入: ['SZSE.300912', 'SZSE.002188', 'SZSE.300717']
20260423 14:49:02- INFO- 2025-12-04 调仓日，买入: ['SZSE.300958', 'SHSE.603879', 'SHSE.688004']
20260423 14:49:02- INFO- 2025-12-11 调仓日，买入: ['SHSE.688638', 'SZSE.001373', 'SZSE.300970']
20260423 14:49:03- INFO- 2025-12-18 调仓日，买入: ['SHSE.605069', 'SHSE.688671', 'SZSE.300169']
20260423 14:49:03- INFO- 2025-12-25 调仓日，买入: ['SZSE.300736', 'SZSE.300923', 'SHSE.688638']
20260423 14:49:04- INFO- 2026-01-05 调仓日，买入: ['SHSE.603272', 'SHSE.600448', 'SHSE.600493']
20260423 14:49:04- INFO- 2026-01-12 调仓日，买入: ['SHSE.688671', 'SHSE.600493', 'SHSE.600768']
20260423 14:49:05- INFO- 2026-01-19 调仓日，买入: ['SZSE.002856', 'SHSE.600493', 'SZSE.300665']
20260423 14:49:05- INFO- 2026-01-26 调仓日，买入: ['SHSE.688565', 'SZSE.301167', 'SHSE.600883']
20260423 14:49:06- INFO- 2026-02-02 调仓日，买入: ['SHSE.600883', 'SZSE.300635', 'SZSE.002360']
20260423 14:49:06- INFO- 2026-02-09 调仓日，买入: ['SHSE.688329', 'SZSE.300405', 'SZSE.300649']
20260423 14:49:07- INFO- 2026-02-24 调仓日，买入: ['SZSE.002856', 'SZSE.301372', 'SZSE.300635']
20260423 14:49:07- INFO- 2026-03-03 调仓日，买入: ['SHSE.600137', 'SHSE.688096', 'SHSE.600448']
20260423 14:49:08- INFO- 2026-03-10 调仓日，买入: ['SZSE.301372', 'SHSE.688067', 'SZSE.300649']
20260423 14:49:08- INFO- 2026-03-17 调仓日，买入: ['SHSE.600689', 'SHSE.900922', 'SZSE.300295']
20260423 14:49:09- INFO- 2026-03-24 调仓日，买入: ['SHSE.603879', 'SZSE.300169', 'SHSE.688156']
20260423 14:49:09- INFO- 2026-03-31 调仓日，买入: ['SZSE.001211', 'SHSE.688793', 'SHSE.600847']
20260423 14:49:10- INFO- 生成交易信号完成，共 651 条指令
20260423 14:49:10- INFO- 买入指令: 327
20260423 14:49:10- INFO- 卖出指令: 324
20260423 14:49:10- INFO- 开始回测...
20260423 14:50:01- INFO- 回测完成！
20260423 14:50:02- INFO- 回测结果:
    指标名称                 指标值
  回测开始日期 2024-01-02 00:00:00
  回测结束日期 2026-04-07 00:00:00
    策略胜率              51.85%
   策略盈亏比                1.07
  策略总收益率               4.39%
 策略年化收益率               1.92%
    最大回撤              -8.59%
最大回撤开始日期 2024-01-02 00:00:00
最大回撤结束日期 2024-02-07 00:00:00
    夏普比率                0.00
    最终净值              1.0439
20260423 14:50:02- INFO- 
============================================================
20260423 14:50:02- INFO- 回测指标:
20260423 14:50:02- INFO- ============================================================
20260423 14:50:02- INFO- 
    指标名称                 指标值
  回测开始日期 2024-01-02 00:00:00
  回测结束日期 2026-04-07 00:00:00
    策略胜率              51.85%
   策略盈亏比                1.07
  策略总收益率               4.39%
 策略年化收益率               1.92%
    最大回撤              -8.59%
最大回撤开始日期 2024-01-02 00:00:00
最大回撤结束日期 2024-02-07 00:00:00
    夏普比率                0.00
    最终净值              1.0439
20260423 14:50:03- INFO- 结果已保存
20260423 18:34:16- INFO- 读取数据: 2024-01-01 至 2026-04-20
20260423 18:34:17- INFO- 数据行数: 2883743
20260423 18:34:17- INFO- 生成交易信号...
20260423 18:34:17- INFO- 交易日数量: 545
20260423 18:34:17- INFO- 2024-01-02 调仓日，买入: [('SZSE.002848', '*ST高斯'), ('SZSE.300449', '汉邦高科'), ('SZSE.300992', '泰福泵业')]
20260423 18:34:18- INFO- 2024-01-09 调仓日，买入: [('SHSE.688501', '青达环保'), ('SZSE.002830', '名雕股份'), ('SHSE.688485', '九州一轨')]
20260423 18:34:19- INFO- 2024-01-16 调仓日，买入: [('SZSE.300948', '冠中生态'), ('SHSE.688616', '西力科技'), ('SZSE.300907', '康平科技')]
20260423 18:34:19- INFO- 2024-01-23 调仓日，买入: [('SZSE.300030', '阳普医疗'), ('SHSE.688511', '*ST天微'), ('SHSE.600082', '海泰发展')]
20260423 18:34:20- INFO- 2024-01-30 调仓日，买入: [('SZSE.301006', '迈拓股份'), ('SZSE.002696', '百洋股份'), ('SHSE.688307', '中润光学')]
20260423 18:34:20- INFO- 2024-02-06 调仓日，买入: [('SHSE.603121', '华培动力'), ('SZSE.301009', '可靠股份'), ('SZSE.301021', '英诺激光')]
20260423 18:34:21- INFO- 2024-02-21 调仓日，买入: [('SHSE.688345', '博力威'), ('SZSE.001278', '一彬科技'), ('SHSE.603683', '晶华新材')]
20260423 18:34:21- INFO- 2024-02-28 调仓日，买入: [('SHSE.688226', '威腾电气'), ('SZSE.300139', '晓程科技'), ('SZSE.301072', '中捷精工')]
20260423 18:34:22- INFO- 2024-03-06 调仓日，买入: [('SZSE.002133', '广宇集团'), ('SZSE.301365', '矩阵股份'), ('SZSE.300965', '恒宇信通')]
20260423 18:34:22- INFO- 2024-03-13 调仓日，买入: [('SZSE.003036', '泰坦股份'), ('SZSE.000593', '德龙汇能'), ('SHSE.600322', '津投城开')]
20260423 18:34:23- INFO- 2024-03-20 调仓日，买入: [('SZSE.300813', '泰林生物'), ('SZSE.301388', '欣灵电气'), ('SZSE.300295', '三六五网')]
20260423 18:34:23- INFO- 2024-03-27 调仓日，买入: [('SZSE.300562', '乐心医疗'), ('SZSE.300686', '智动力'), ('SHSE.600358', 'ST联合')]
20260423 18:34:24- INFO- 2024-04-03 调仓日，买入: [('SZSE.300371', '汇中股份'), ('SZSE.300651', '金陵体育'), ('SZSE.301055', '张小泉')]
20260423 18:34:24- INFO- 2024-04-12 调仓日，买入: [('SZSE.300153', '科泰电源'), ('SZSE.301176', '逸豪新材'), ('SZSE.300647', '超频三')]
20260423 18:34:25- INFO- 2024-04-19 调仓日，买入: [('SHSE.688557', '兰剑智能'), ('SZSE.002942', '新农股份'), ('SHSE.603608', '天创时尚')]
20260423 18:34:25- INFO- 2024-04-26 调仓日，买入: [('SZSE.003033', '征和工业'), ('SHSE.688130', '晶华微'), ('SZSE.300546', '雄帝科技')]
20260423 18:34:26- INFO- 2024-05-08 调仓日，买入: [('SZSE.300597', '吉大通信'), ('SZSE.002248', '华东数控'), ('SZSE.001373', '翔腾新材')]
20260423 18:34:26- INFO- 2024-05-15 调仓日，买入: [('SHSE.603073', '彩蝶实业'), ('SZSE.300195', '长荣股份'), ('SZSE.002397', '梦洁股份')]
20260423 18:34:27- INFO- 2024-05-22 调仓日，买入: [('SZSE.300615', '欣天科技'), ('SZSE.300743', '天地数码'), ('SHSE.600615', '鑫源智造')]
20260423 18:34:27- INFO- 2024-05-29 调仓日，买入: [('SZSE.301429', '森泰股份'), ('SZSE.001225', '和泰机电'), ('SHSE.603332', '苏州龙杰')]
20260423 18:34:28- INFO- 2024-06-05 调仓日，买入: [('SHSE.688237', '超卓航科'), ('SZSE.002319', '乐通股份'), ('SZSE.300692', '中赋科技')]
20260423 18:34:28- INFO- 2024-06-13 调仓日，买入: [('SHSE.688428', '诺诚健华'), ('SHSE.688071', '华依科技'), ('SHSE.603320', '迪贝电气')]
20260423 18:34:29- INFO- 2024-06-20 调仓日，买入: [('SZSE.002702', '海欣食品'), ('SZSE.301290', '东星医疗'), ('SHSE.601996', '丰林集团')]
20260423 18:34:29- INFO- 2024-06-27 调仓日，买入: [('SZSE.300281', '金明精机'), ('SHSE.600470', '六国化工'), ('SZSE.300164', '通源石油')]
20260423 18:34:30- INFO- 2024-07-04 调仓日，买入: [('SZSE.002021', '中捷资源'), ('SZSE.002420', '毅昌科技'), ('SZSE.300004', '南风股份')]
20260423 18:34:30- INFO- 2024-07-11 调仓日，买入: [('SZSE.301335', '天元宠物'), ('SHSE.603161', '科华控股'), ('SHSE.601996', '丰林集团')]
20260423 18:34:31- INFO- 2024-07-18 调仓日，买入: [('SZSE.000010', '美丽生态'), ('SZSE.300817', '双飞集团'), ('SZSE.300277', '汽轮科技')]
20260423 18:34:31- INFO- 2024-07-25 调仓日，买入: [('SZSE.301335', '天元宠物'), ('SZSE.002021', '中捷资源'), ('SZSE.300943', '春晖智控')]
20260423 18:34:32- INFO- 2024-08-01 调仓日，买入: [('SZSE.300235', '方直科技'), ('SZSE.300264', '佳创视讯'), ('SHSE.688610', '埃科光电')]
20260423 18:34:32- INFO- 2024-08-08 调仓日，买入: [('SHSE.603798', '康普顿'), ('SZSE.300084', '海默科技'), ('SZSE.002021', '中捷资源')]
20260423 18:34:33- INFO- 2024-08-15 调仓日，买入: [('SZSE.300922', '天秦装备'), ('SZSE.002374', '中锐股份'), ('SZSE.301220', '亚香股份')]
20260423 18:34:34- INFO- 2024-08-22 调仓日，买入: [('SZSE.300311', 'ST任子行'), ('SZSE.002849', '威星智能'), ('SHSE.605028', '世茂能源')]
20260423 18:34:34- INFO- 2024-08-29 调仓日，买入: [('SHSE.603700', '宁水集团'), ('SHSE.605289', '罗曼股份'), ('SHSE.688323', '瑞华泰')]
20260423 18:34:35- INFO- 2024-09-05 调仓日，买入: [('SHSE.603196', '璞源材料'), ('SZSE.301159', '三维天地'), ('SZSE.301257', '普蕊斯')]
20260423 18:34:35- INFO- 2024-09-12 调仓日，买入: [('SZSE.300543', '朗科智能'), ('SZSE.300004', '南风股份'), ('SHSE.603221', '爱丽家居')]
20260423 18:34:36- INFO- 2024-09-23 调仓日，买入: [('SZSE.300486', '东杰智能'), ('SZSE.301083', '百胜智能'), ('SHSE.600228', '*ST返利')]
20260423 18:34:36- INFO- 2024-09-30 调仓日，买入: [('SZSE.002806', '华锋股份'), ('SHSE.688163', '赛伦生物'), ('SHSE.600265', 'ST景谷')]
20260423 18:34:37- INFO- 2024-10-14 调仓日，买入: [('SHSE.600281', '华阳新材'), ('SHSE.600243', '*ST海华'), ('SHSE.603926', '铁流股份')]
20260423 18:34:37- INFO- 2024-10-21 调仓日，买入: [('SZSE.002319', '乐通股份'), ('SZSE.002862', '实丰文化'), ('SZSE.301359', '东南电子')]
20260423 18:34:38- INFO- 2024-10-28 调仓日，买入: [('SZSE.001255', '博菲电气'), ('SZSE.301515', '港通医疗'), ('SZSE.000633', '合金投资')]
20260423 18:34:38- INFO- 2024-11-04 调仓日，买入: [('SHSE.688078', '龙软科技'), ('SHSE.600281', '华阳新材'), ('SZSE.002524', '光正眼科')]
20260423 18:34:39- INFO- 2024-11-11 调仓日，买入: [('SZSE.300816', '艾可蓝'), ('SHSE.603089', '正裕工业'), ('SZSE.300716', 'ST泉为')]
20260423 18:34:39- INFO- 2024-11-18 调仓日，买入: [('SZSE.301429', '森泰股份'), ('SHSE.605122', '四方新材'), ('SZSE.300670', '大烨智能')]
20260423 18:34:40- INFO- 2024-11-25 调仓日，买入: [('SHSE.603137', '恒尚节能'), ('SHSE.600281', '华阳新材'), ('SHSE.600156', '华升股份')]
20260423 18:34:40- INFO- 2024-12-02 调仓日，买入: [('SZSE.001373', '翔腾新材'), ('SZSE.000586', '汇源通信'), ('SZSE.300658', '延江股份')]
20260423 18:34:41- INFO- 2024-12-09 调仓日，买入: [('SZSE.301163', '宏德股份'), ('SZSE.301197', '工大科雅'), ('SHSE.603090', '宏盛股份')]
20260423 18:34:41- INFO- 2024-12-16 调仓日，买入: [('SHSE.603716', '塞力医疗'), ('SZSE.002718', '友邦吊顶'), ('SHSE.688379', '华光新材')]
20260423 18:34:42- INFO- 2024-12-23 调仓日，买入: [('SHSE.600235', '民丰特纸'), ('SHSE.688557', '兰剑智能'), ('SHSE.603968', '醋化股份')]
20260423 18:34:42- INFO- 2024-12-30 调仓日，买入: [('SHSE.603725', '天安新材'), ('SHSE.688557', '兰剑智能'), ('SZSE.300371', '汇中股份')]
20260423 18:34:43- INFO- 2025-01-07 调仓日，买入: [('SHSE.603048', '浙江黎明'), ('SHSE.603789', '*ST星农'), ('SZSE.300564', '筑博设计')]
20260423 18:34:43- INFO- 2025-01-14 调仓日，买入: [('SZSE.002817', '黄山胶囊'), ('SZSE.002968', '新大正'), ('SZSE.002715', '登云股份')]
20260423 18:34:44- INFO- 2025-01-21 调仓日，买入: [('SZSE.301065', '本立科技'), ('SHSE.600232', '金鹰股份'), ('SZSE.300564', '筑博设计')]
20260423 18:34:44- INFO- 2025-02-05 调仓日，买入: [('SZSE.301359', '东南电子'), ('SHSE.603282', '亚光股份'), ('SZSE.301314', '科瑞思')]
20260423 18:34:45- INFO- 2025-02-12 调仓日，买入: [('SZSE.002105', '信隆健康'), ('SZSE.002133', '广宇集团'), ('SHSE.605122', '四方新材')]
20260423 18:34:45- INFO- 2025-02-19 调仓日，买入: [('SZSE.300103', '达刚控股'), ('SHSE.603090', '宏盛股份'), ('SZSE.002492', '恒基达鑫')]
20260423 18:34:46- INFO- 2025-02-26 调仓日，买入: [('SZSE.300906', '日月明'), ('SZSE.003030', '祖名股份'), ('SZSE.300670', '大烨智能')]
20260423 18:34:46- INFO- 2025-03-05 调仓日，买入: [('SHSE.605003', '众望布艺'), ('SZSE.002715', '登云股份'), ('SHSE.603818', '曲美家居')]
20260423 18:34:47- INFO- 2025-03-12 调仓日，买入: [('SZSE.000593', '德龙汇能'), ('SZSE.000952', '广济药业'), ('SZSE.300906', '日月明')]
20260423 18:34:47- INFO- 2025-03-19 调仓日，买入: [('SZSE.000586', '汇源通信'), ('SZSE.002084', '海鸥住工'), ('SHSE.600107', 'ST尔雅')]
20260423 18:34:48- INFO- 2025-03-26 调仓日，买入: [('SHSE.688113', '联测科技'), ('SZSE.300823', '建科智能'), ('SZSE.300658', '延江股份')]
20260423 18:34:48- INFO- 2025-04-02 调仓日，买入: [('SHSE.600802', '福建水泥'), ('SZSE.300670', '大烨智能'), ('SZSE.300906', '日月明')]
20260423 18:34:49- INFO- 2025-04-10 调仓日，买入: [('SZSE.301298', '东利机械'), ('SZSE.002842', '翔鹭钨业'), ('SZSE.003008', '开普检测')]
20260423 18:34:50- INFO- 2025-04-17 调仓日，买入: [('SHSE.603717', '天域生物'), ('SZSE.001260', '坤泰股份'), ('SHSE.603045', '福达合金')]
20260423 18:34:50- INFO- 2025-04-24 调仓日，买入: [('SHSE.605567', '春雪食品'), ('SHSE.600159', '大龙地产'), ('SZSE.300839', '博汇股份')]
20260423 18:34:51- INFO- 2025-05-06 调仓日，买入: [('SHSE.688216', '气派科技'), ('SZSE.301002', '崧盛股份'), ('SHSE.603172', '万丰股份')]
20260423 18:34:51- INFO- 2025-05-13 调仓日，买入: [('SHSE.600202', '哈空调'), ('SZSE.003023', '彩虹集团'), ('SZSE.300804', '广康生化')]
20260423 18:34:52- INFO- 2025-05-20 调仓日，买入: [('SHSE.688573', '信宇人'), ('SHSE.600302', '标准股份'), ('SZSE.300971', '博亚精工')]
20260423 18:34:52- INFO- 2025-05-27 调仓日，买入: [('SZSE.000586', '汇源通信'), ('SZSE.002696', '百洋股份'), ('SZSE.300645', '正元智慧')]
20260423 18:34:53- INFO- 2025-06-04 调仓日，买入: [('SHSE.688395', '正弦电气'), ('SHSE.603860', '中公高科'), ('SZSE.000637', '茂化实华')]
20260423 18:34:53- INFO- 2025-06-11 调仓日，买入: [('SZSE.002800', '天顺股份'), ('SZSE.301515', '港通医疗'), ('SZSE.001231', '农心科技')]
20260423 18:34:54- INFO- 2025-06-18 调仓日，买入: [('SZSE.002144', '宏达高科'), ('SZSE.300668', '杰恩设计'), ('SZSE.300670', '大烨智能')]
20260423 18:34:54- INFO- 2025-06-25 调仓日，买入: [('SZSE.300958', '建工修复'), ('SHSE.605122', '四方新材'), ('SZSE.002633', '申科股份')]
20260423 18:34:55- INFO- 2025-07-02 调仓日，买入: [('SZSE.300838', '浙江力诺'), ('SHSE.688679', '通源环境'), ('SZSE.001231', '农心科技')]
20260423 18:34:55- INFO- 2025-07-09 调仓日，买入: [('SHSE.603073', '彩蝶实业'), ('SHSE.688517', '金冠电气'), ('SHSE.600234', '科新发展')]
20260423 18:34:56- INFO- 2025-07-16 调仓日，买入: [('SZSE.300923', '研奥股份'), ('SHSE.688350', '富淼科技'), ('SHSE.688517', '金冠电气')]
20260423 18:34:56- INFO- 2025-07-23 调仓日，买入: [('SZSE.300665', '飞鹿股份'), ('SZSE.300640', '德艺文创'), ('SZSE.002828', '贝肯能源')]
20260423 18:34:57- INFO- 2025-07-30 调仓日，买入: [('SHSE.688156', '路德科技'), ('SZSE.301113', '雅艺科技'), ('SZSE.300849', '锦盛新材')]
20260423 18:34:57- INFO- 2025-08-06 调仓日，买入: [('SHSE.603177', '德创环保'), ('SZSE.301105', '鸿铭股份'), ('SHSE.688450', '光格科技')]
20260423 18:34:58- INFO- 2025-08-13 调仓日，买入: [('SZSE.002494', '华斯股份'), ('SHSE.688485', '九州一轨'), ('SHSE.688528', '秦川物联')]
20260423 18:34:58- INFO- 2025-08-20 调仓日，买入: [('SZSE.300635', '中达安'), ('SZSE.002494', '华斯股份'), ('SHSE.600137', '浪莎股份')]
20260423 18:34:59- INFO- 2025-08-27 调仓日，买入: [('SZSE.301198', '喜悦智行'), ('SZSE.002207', '准油股份'), ('SZSE.301273', '瑞晨环保')]
20260423 18:34:59- INFO- 2025-09-03 调仓日，买入: [('SHSE.605567', '春雪食品'), ('SZSE.301049', '超越科技'), ('SHSE.688517', '金冠电气')]
20260423 18:35:00- INFO- 2025-09-10 调仓日，买入: [('SZSE.300635', '中达安'), ('SHSE.600543', '莫高股份'), ('SZSE.300838', '浙江力诺')]
20260423 18:35:00- INFO- 2025-09-17 调仓日，买入: [('SZSE.300626', '华瑞股份'), ('SZSE.300621', '维业股份'), ('SZSE.002963', '豪尔赛')]
20260423 18:35:01- INFO- 2025-09-24 调仓日，买入: [('SHSE.688485', '九州一轨'), ('SHSE.603073', '彩蝶实业'), ('SHSE.600149', '廊坊发展')]
20260423 18:35:02- INFO- 2025-10-09 调仓日，买入: [('SZSE.301037', '保立佳'), ('SZSE.300823', '建科智能'), ('SHSE.603022', '新通联')]
20260423 18:35:02- INFO- 2025-10-16 调仓日，买入: [('SZSE.301231', '荣信文化'), ('SZSE.300717', '华信新材'), ('SZSE.300849', '锦盛新材')]
20260423 18:35:03- INFO- 2025-10-23 调仓日，买入: [('SZSE.000890', '法尔胜'), ('SZSE.002494', '华斯股份'), ('SZSE.300621', '维业股份')]
20260423 18:35:03- INFO- 2025-10-30 调仓日，买入: [('SZSE.300665', '飞鹿股份'), ('SHSE.688272', '富吉瑞'), ('SHSE.600778', '友好集团')]
20260423 18:35:04- INFO- 2025-11-06 调仓日，买入: [('SZSE.300912', '凯龙高科'), ('SHSE.688096', '京源环保'), ('SHSE.603880', '南卫股份')]
20260423 18:35:04- INFO- 2025-11-13 调仓日，买入: [('SZSE.300621', '维业股份'), ('SHSE.688038', '中科通达'), ('SZSE.001211', '双枪科技')]
20260423 18:35:05- INFO- 2025-11-20 调仓日，买入: [('SZSE.301273', '瑞晨环保'), ('SZSE.001336', '楚环科技'), ('SZSE.300405', '科隆股份')]
20260423 18:35:05- INFO- 2025-11-27 调仓日，买入: [('SZSE.300912', '凯龙高科'), ('SZSE.002188', '中天服务'), ('SZSE.300717', '华信新材')]
20260423 18:35:06- INFO- 2025-12-04 调仓日，买入: [('SZSE.300958', '建工修复'), ('SHSE.603879', '永悦科技'), ('SHSE.688004', '博汇科技')]
20260423 18:35:06- INFO- 2025-12-11 调仓日，买入: [('SHSE.688638', '誉辰智能'), ('SZSE.001373', '翔腾新材'), ('SZSE.300970', '华绿生物')]
20260423 18:35:07- INFO- 2025-12-18 调仓日，买入: [('SHSE.605069', '正和生态'), ('SHSE.688671', '碧兴物联'), ('SZSE.300169', '天晟新材')]
20260423 18:35:07- INFO- 2025-12-25 调仓日，买入: [('SZSE.300736', '百邦科技'), ('SZSE.300923', '研奥股份'), ('SHSE.688638', '誉辰智能')]
20260423 18:35:08- INFO- 2026-01-05 调仓日，买入: [('SHSE.603272', '联翔股份'), ('SHSE.600448', '华纺股份'), ('SHSE.600493', '凤竹纺织')]
20260423 18:35:08- INFO- 2026-01-12 调仓日，买入: [('SHSE.688671', '碧兴物联'), ('SHSE.600493', '凤竹纺织'), ('SHSE.600768', '宁波富邦')]
20260423 18:35:09- INFO- 2026-01-19 调仓日，买入: [('SZSE.002856', '美芝股份'), ('SHSE.600493', '凤竹纺织'), ('SZSE.300665', '飞鹿股份')]
20260423 18:35:09- INFO- 2026-01-26 调仓日，买入: [('SHSE.688565', '力源科技'), ('SZSE.301167', '建研设计'), ('SHSE.600883', '博闻科技')]
20260423 18:35:10- INFO- 2026-02-02 调仓日，买入: [('SHSE.600883', '博闻科技'), ('SZSE.300635', '中达安'), ('SZSE.002360', '同德化工')]
20260423 18:35:10- INFO- 2026-02-09 调仓日，买入: [('SHSE.688329', '艾隆科技'), ('SZSE.300405', '科隆股份'), ('SZSE.300649', '杭州园林')]
20260423 18:35:11- INFO- 2026-02-24 调仓日，买入: [('SZSE.002856', '美芝股份'), ('SZSE.301372', '科净源'), ('SZSE.300635', '中达安')]
20260423 18:35:11- INFO- 2026-03-03 调仓日，买入: [('SHSE.600137', '浪莎股份'), ('SHSE.688096', '京源环保'), ('SHSE.600448', '华纺股份')]
20260423 18:35:12- INFO- 2026-03-10 调仓日，买入: [('SZSE.301372', '科净源'), ('SHSE.688067', '爱威科技'), ('SZSE.300649', '杭州园林')]
20260423 18:35:12- INFO- 2026-03-17 调仓日，买入: [('SHSE.600689', '上海三毛'), ('SHSE.900922', '三毛B股'), ('SZSE.300295', '三六五网')]
20260423 18:35:13- INFO- 2026-03-24 调仓日，买入: [('SHSE.603879', '永悦科技'), ('SZSE.300169', '天晟新材'), ('SHSE.688156', '路德科技')]
20260423 18:35:13- INFO- 2026-03-31 调仓日，买入: [('SZSE.001211', '双枪科技'), ('SHSE.688793', '倍轻松'), ('SHSE.600847', '万里股份')]
20260423 18:35:14- INFO- 生成交易信号完成，共 651 条指令
20260423 18:35:14- INFO- 买入指令: 327
20260423 18:35:14- INFO- 卖出指令: 324
20260423 18:35:14- INFO- 开始回测...
20260423 18:36:32- INFO- 回测完成！
20260423 18:36:36- INFO- 回测结果:
    指标名称                 指标值
  回测开始日期 2024-01-02 00:00:00
  回测结束日期 2026-04-07 00:00:00
    策略胜率              53.09%
   策略盈亏比                1.10
  策略总收益率               7.76%
 策略年化收益率               3.36%
    最大回撤              -8.40%
最大回撤开始日期 2024-01-02 00:00:00
最大回撤结束日期 2024-02-07 00:00:00
    夏普比率                0.23
    最终净值              1.0776
20260423 18:36:37- INFO- 
============================================================
20260423 18:36:37- INFO- 回测指标:
20260423 18:36:37- INFO- ============================================================
20260423 18:36:37- INFO- 
    指标名称                 指标值
  回测开始日期 2024-01-02 00:00:00
  回测结束日期 2026-04-07 00:00:00
    策略胜率              53.09%
   策略盈亏比                1.10
  策略总收益率               7.76%
 策略年化收益率               3.36%
    最大回撤              -8.40%
最大回撤开始日期 2024-01-02 00:00:00
最大回撤结束日期 2024-02-07 00:00:00
    夏普比率                0.23
    最终净值              1.0776
20260423 18:36:37- INFO- 结果已保存
20260423 18:37:07- INFO- 读取数据: 2021-01-04 至 2026-04-20
20260423 18:37:09- INFO- 数据行数: 6362021
20260423 18:37:09- INFO- 生成交易信号...
20260423 18:37:09- INFO- 交易日数量: 1272
20260423 18:37:09- INFO- 2021-01-04 调仓日，买入: [('SHSE.600689', '上海三毛'), ('SHSE.900922', '三毛B股'), ('SHSE.600520', '三佳科技')]
20260423 18:37:10- INFO- 2021-01-11 调仓日，买入: [('SHSE.600766', '退市园城'), ('SZSE.000613', '东海A退'), ('SZSE.200613', '东海B退')]
20260423 18:37:11- INFO- 2021-01-18 调仓日，买入: [('SHSE.600689', '上海三毛'), ('SHSE.900922', '三毛B股'), ('SZSE.300736', '百邦科技')]
20260423 18:37:12- INFO- 2021-01-25 调仓日，买入: [('SHSE.600615', '鑫源智造'), ('SZSE.002862', '实丰文化'), ('SHSE.600768', '宁波富邦')]
20260423 18:37:14- INFO- 2021-02-01 调仓日，买入: [('SHSE.600520', '三佳科技'), ('SHSE.603029', '天鹅股份'), ('SHSE.600615', '鑫源智造')]
20260423 18:37:15- INFO- 2021-02-08 调仓日，买入: [('SHSE.603729', '龙韵股份'), ('SHSE.603269', '海鸥股份'), ('SZSE.002209', '达意隆')]
20260423 18:37:16- INFO- 2021-02-22 调仓日，买入: [('SZSE.300478', '杭州高新'), ('SZSE.002862', '实丰文化'), ('SHSE.600355', '*ST精伦')]
20260423 18:37:17- INFO- 2021-03-01 调仓日，买入: [('SZSE.300736', '百邦科技'), ('SHSE.600768', '宁波富邦'), ('SHSE.600355', '*ST精伦')]
20260423 18:37:18- INFO- 2021-03-08 调仓日，买入: [('SHSE.600766', '退市园城'), ('SHSE.600768', '宁波富邦'), ('SZSE.300736', '百邦科技')]
20260423 18:37:19- INFO- 2021-03-15 调仓日，买入: [('SHSE.600768', '宁波富邦'), ('SHSE.603029', '天鹅股份'), ('SHSE.600355', '*ST精伦')]
20260423 18:37:20- INFO- 2021-03-22 调仓日，买入: [('SZSE.300736', '百邦科技'), ('SHSE.600689', '上海三毛'), ('SHSE.900922', '三毛B股')]
20260423 18:37:21- INFO- 2021-03-29 调仓日，买入: [('SHSE.600689', '上海三毛'), ('SHSE.900922', '三毛B股'), ('SHSE.600766', '退市园城')]
20260423 18:37:23- INFO- 2021-04-06 调仓日，买入: [('SHSE.600689', '上海三毛'), ('SHSE.900922', '三毛B股'), ('SZSE.300478', '杭州高新')]
20260423 18:37:24- INFO- 2021-04-13 调仓日，买入: [('SHSE.600766', '退市园城'), ('SZSE.300478', '杭州高新'), ('SZSE.002633', '申科股份')]
20260423 18:37:25- INFO- 2021-04-20 调仓日，买入: [('SZSE.300736', '百邦科技'), ('SZSE.002633', '申科股份'), ('SZSE.300478', '杭州高新')]
20260423 18:37:26- INFO- 2021-04-27 调仓日，买入: [('SZSE.300478', '杭州高新'), ('SHSE.600689', '上海三毛'), ('SHSE.900922', '三毛B股')]
20260423 18:37:28- INFO- 2021-05-07 调仓日，买入: [('SZSE.002633', '申科股份'), ('SHSE.600768', '宁波富邦'), ('SHSE.600520', '三佳科技')]
20260423 18:37:29- INFO- 2021-05-14 调仓日，买入: [('SHSE.600689', '上海三毛'), ('SHSE.900922', '三毛B股'), ('SZSE.002633', '申科股份')]
20260423 18:37:30- INFO- 2021-05-21 调仓日，买入: [('SZSE.002633', '申科股份'), ('SHSE.600689', '上海三毛'), ('SHSE.900922', '三毛B股')]
20260423 18:37:31- INFO- 2021-05-28 调仓日，买入: [('SZSE.002633', '申科股份'), ('SHSE.600689', '上海三毛'), ('SHSE.900922', '三毛B股')]
20260423 18:37:32- INFO- 2021-06-04 调仓日，买入: [('SZSE.002633', '申科股份'), ('SHSE.600689', '上海三毛'), ('SHSE.900922', '三毛B股')]
20260423 18:37:34- INFO- 2021-06-11 调仓日，买入: [('SHSE.600689', '上海三毛'), ('SHSE.900922', '三毛B股'), ('SZSE.002633', '申科股份')]
20260423 18:37:35- INFO- 2021-06-21 调仓日，买入: [('SHSE.600689', '上海三毛'), ('SHSE.900922', '三毛B股'), ('SZSE.002633', '申科股份')]
20260423 18:37:36- INFO- 2021-06-28 调仓日，买入: [('SHSE.600689', '上海三毛'), ('SHSE.900922', '三毛B股'), ('SZSE.000017', '深中华A')]
20260423 18:37:37- INFO- 2021-07-05 调仓日，买入: [('SHSE.600689', '上海三毛'), ('SHSE.900922', '三毛B股'), ('SZSE.000017', '深中华A')]
20260423 18:37:38- INFO- 2021-07-12 调仓日，买入: [('SHSE.600689', '上海三毛'), ('SHSE.900922', '三毛B股'), ('SHSE.600455', '博通股份')]
20260423 18:37:39- INFO- 2021-07-19 调仓日，买入: [('SZSE.002633', '申科股份'), ('SHSE.600455', '博通股份'), ('SHSE.603813', '*ST原尚')]
20260423 18:37:40- INFO- 2021-07-26 调仓日，买入: [('SHSE.600455', '博通股份'), ('SZSE.002633', '申科股份'), ('SHSE.600272', '开开实业')]
20260423 18:37:42- INFO- 2021-08-02 调仓日，买入: [('SHSE.600455', '博通股份'), ('SZSE.002633', '申科股份'), ('SHSE.603813', '*ST原尚')]
20260423 18:37:43- INFO- 2021-08-09 调仓日，买入: [('SHSE.600689', '上海三毛'), ('SHSE.900922', '三毛B股'), ('SHSE.600455', '博通股份')]
20260423 18:37:44- INFO- 2021-08-16 调仓日，买入: [('SHSE.600689', '上海三毛'), ('SHSE.900922', '三毛B股'), ('SHSE.600455', '博通股份')]
20260423 18:37:45- INFO- 2021-08-23 调仓日，买入: [('SHSE.600689', '上海三毛'), ('SHSE.900922', '三毛B股'), ('SZSE.000017', '深中华A')]
20260423 18:37:46- INFO- 2021-08-30 调仓日，买入: [('SHSE.600689', '上海三毛'), ('SHSE.900922', '三毛B股'), ('SHSE.600272', '开开实业')]
20260423 18:37:47- INFO- 2021-09-06 调仓日，买入: [('SHSE.600689', '上海三毛'), ('SHSE.900922', '三毛B股'), ('SZSE.000017', '深中华A')]
20260423 18:37:48- INFO- 2021-09-13 调仓日，买入: [('SHSE.600689', '上海三毛'), ('SHSE.900922', '三毛B股'), ('SZSE.002633', '申科股份')]
20260423 18:37:50- INFO- 2021-09-22 调仓日，买入: [('SHSE.600689', '上海三毛'), ('SHSE.900922', '三毛B股'), ('SZSE.300478', '杭州高新')]
20260423 18:37:51- INFO- 2021-09-29 调仓日，买入: [('SZSE.000017', '深中华A'), ('SZSE.200017', '深中华B'), ('SZSE.300478', '杭州高新')]
20260423 18:37:52- INFO- 2021-10-13 调仓日，买入: [('SZSE.000017', '深中华A'), ('SZSE.200017', '深中华B'), ('SHSE.600689', '上海三毛')]
20260423 18:37:53- INFO- 2021-10-20 调仓日，买入: [('SZSE.000017', '深中华A'), ('SZSE.200017', '深中华B'), ('SHSE.600689', '上海三毛')]
20260423 18:37:54- INFO- 2021-10-27 调仓日，买入: [('SZSE.002633', '申科股份'), ('SHSE.600768', '宁波富邦'), ('SHSE.600272', '开开实业')]
20260423 18:37:55- INFO- 2021-11-03 调仓日，买入: [('SZSE.002633', '申科股份'), ('SHSE.600272', '开开实业'), ('SHSE.900943', '开开B股')]
20260423 18:37:57- INFO- 2021-11-10 调仓日，买入: [('SZSE.000017', '深中华A'), ('SZSE.200017', '深中华B'), ('SHSE.600272', '开开实业')]
20260423 18:37:58- INFO- 2021-11-17 调仓日，买入: [('SHSE.600689', '上海三毛'), ('SHSE.900922', '三毛B股'), ('SHSE.600272', '开开实业')]
20260423 18:37:59- INFO- 2021-11-24 调仓日，买入: [('SHSE.600689', '上海三毛'), ('SHSE.900922', '三毛B股'), ('SZSE.000017', '深中华A')]
20260423 18:38:00- INFO- 2021-12-01 调仓日，买入: [('SHSE.600689', '上海三毛'), ('SHSE.900922', '三毛B股'), ('SZSE.000017', '深中华A')]
20260423 18:38:01- INFO- 2021-12-08 调仓日，买入: [('SHSE.600689', '上海三毛'), ('SHSE.900922', '三毛B股'), ('SZSE.000017', '深中华A')]
20260423 18:38:02- INFO- 2021-12-15 调仓日，买入: [('SHSE.600689', '上海三毛'), ('SHSE.900922', '三毛B股'), ('SZSE.000017', '深中华A')]
20260423 18:38:03- INFO- 2021-12-22 调仓日，买入: [('SHSE.600689', '上海三毛'), ('SHSE.900922', '三毛B股'), ('SZSE.000017', '深中华A')]
20260423 18:38:05- INFO- 2021-12-29 调仓日，买入: [('SZSE.000017', '深中华A'), ('SZSE.200017', '深中华B'), ('SHSE.600689', '上海三毛')]
20260423 18:38:06- INFO- 2022-01-06 调仓日，买入: [('SZSE.000017', '深中华A'), ('SZSE.200017', '深中华B'), ('SHSE.600689', '上海三毛')]
20260423 18:38:07- INFO- 2022-01-13 调仓日，买入: [('SZSE.000017', '深中华A'), ('SZSE.200017', '深中华B'), ('SHSE.600689', '上海三毛')]
20260423 18:38:08- INFO- 2022-01-20 调仓日，买入: [('SZSE.000017', '深中华A'), ('SZSE.200017', '深中华B'), ('SHSE.600689', '上海三毛')]
20260423 18:38:09- INFO- 2022-01-27 调仓日，买入: [('SHSE.600689', '上海三毛'), ('SHSE.900922', '三毛B股'), ('SHSE.600768', '宁波富邦')]
20260423 18:38:11- INFO- 2022-02-10 调仓日，买入: [('SZSE.000017', '深中华A'), ('SZSE.200017', '深中华B'), ('SHSE.600689', '上海三毛')]
20260423 18:38:12- INFO- 2022-02-17 调仓日，买入: [('SZSE.000017', '深中华A'), ('SZSE.200017', '深中华B'), ('SHSE.600689', '上海三毛')]
20260423 18:38:13- INFO- 2022-02-24 调仓日，买入: [('SHSE.600689', '上海三毛'), ('SHSE.900922', '三毛B股'), ('SZSE.000017', '深中华A')]
20260423 18:38:14- INFO- 2022-03-03 调仓日，买入: [('SZSE.000017', '深中华A'), ('SZSE.200017', '深中华B'), ('SHSE.600689', '上海三毛')]
20260423 18:38:15- INFO- 2022-03-10 调仓日，买入: [('SZSE.000017', '深中华A'), ('SZSE.200017', '深中华B'), ('SHSE.688309', '恒誉环保')]
20260423 18:38:17- INFO- 2022-03-17 调仓日，买入: [('SZSE.000017', '深中华A'), ('SZSE.200017', '深中华B'), ('SHSE.600689', '上海三毛')]
20260423 18:38:18- INFO- 2022-03-24 调仓日，买入: [('SZSE.000017', '深中华A'), ('SZSE.200017', '深中华B'), ('SHSE.688309', '恒誉环保')]
20260423 18:38:19- INFO- 2022-03-31 调仓日，买入: [('SZSE.000017', '深中华A'), ('SZSE.200017', '深中华B'), ('SHSE.688309', '恒誉环保')]
20260423 18:38:20- INFO- 2022-04-11 调仓日，买入: [('SZSE.000017', '深中华A'), ('SZSE.200017', '深中华B'), ('SHSE.600689', '上海三毛')]
20260423 18:38:21- INFO- 2022-04-18 调仓日，买入: [('SHSE.600689', '上海三毛'), ('SHSE.900922', '三毛B股'), ('SHSE.688309', '恒誉环保')]
20260423 18:38:23- INFO- 2022-04-25 调仓日，买入: [('SHSE.600768', '宁波富邦'), ('SHSE.688215', '瑞晟智能'), ('SHSE.688081', '兴图新科')]
20260423 18:38:24- INFO- 2022-05-05 调仓日，买入: [('SHSE.600768', '宁波富邦'), ('SHSE.688215', '瑞晟智能'), ('SHSE.600455', '博通股份')]
20260423 18:38:25- INFO- 2022-05-12 调仓日，买入: [('SHSE.688555', '退市泽达'), ('SHSE.600768', '宁波富邦'), ('SHSE.600455', '博通股份')]
20260423 18:38:26- INFO- 2022-05-19 调仓日，买入: [('SHSE.688555', '退市泽达'), ('SZSE.000017', '深中华A'), ('SZSE.200017', '深中华B')]
20260423 18:38:28- INFO- 2022-05-26 调仓日，买入: [('SHSE.688555', '退市泽达'), ('SZSE.000017', '深中华A'), ('SZSE.200017', '深中华B')]
20260423 18:38:29- INFO- 2022-06-02 调仓日，买入: [('SZSE.000017', '深中华A'), ('SZSE.200017', '深中华B'), ('SHSE.600768', '宁波富邦')]
20260423 18:38:30- INFO- 2022-06-10 调仓日，买入: [('SZSE.000017', '深中华A'), ('SZSE.200017', '深中华B'), ('SHSE.688215', '瑞晟智能')]
20260423 18:38:31- INFO- 2022-06-17 调仓日，买入: [('SHSE.688215', '瑞晟智能'), ('SHSE.600455', '博通股份'), ('SHSE.688555', '退市泽达')]
20260423 18:38:32- INFO- 2022-06-24 调仓日，买入: [('SHSE.688555', '退市泽达'), ('SHSE.600455', '博通股份'), ('SHSE.688215', '瑞晟智能')]
20260423 18:38:33- INFO- 2022-07-01 调仓日，买入: [('SHSE.688555', '退市泽达'), ('SHSE.600455', '博通股份'), ('SHSE.688215', '瑞晟智能')]
20260423 18:38:35- INFO- 2022-07-08 调仓日，买入: [('SHSE.688555', '退市泽达'), ('SHSE.600455', '博通股份'), ('SZSE.002719', '麦趣尔')]
20260423 18:38:36- INFO- 2022-07-15 调仓日，买入: [('SHSE.688555', '退市泽达'), ('SZSE.002719', '麦趣尔'), ('SHSE.603729', '龙韵股份')]
20260423 18:38:37- INFO- 2022-07-22 调仓日，买入: [('SHSE.688555', '退市泽达'), ('SZSE.002719', '麦趣尔'), ('SHSE.600768', '宁波富邦')]
20260423 18:38:38- INFO- 2022-07-29 调仓日，买入: [('SHSE.688555', '退市泽达'), ('SZSE.002719', '麦趣尔'), ('SHSE.600455', '博通股份')]
20260423 18:38:39- INFO- 2022-08-05 调仓日，买入: [('SHSE.688555', '退市泽达'), ('SHSE.600689', '上海三毛'), ('SHSE.900922', '三毛B股')]
20260423 18:38:41- INFO- 2022-08-12 调仓日，买入: [('SHSE.688555', '退市泽达'), ('SHSE.600689', '上海三毛'), ('SHSE.900922', '三毛B股')]
20260423 18:38:42- INFO- 2022-08-19 调仓日，买入: [('SHSE.688555', '退市泽达'), ('SHSE.600689', '上海三毛'), ('SHSE.900922', '三毛B股')]
20260423 18:38:43- INFO- 2022-08-26 调仓日，买入: [('SHSE.688555', '退市泽达'), ('SHSE.688215', '瑞晟智能'), ('SHSE.688004', '博汇科技')]
20260423 18:38:44- INFO- 2022-09-02 调仓日，买入: [('SHSE.688215', '瑞晟智能'), ('SHSE.688004', '博汇科技'), ('SHSE.688555', '退市泽达')]
20260423 18:38:45- INFO- 2022-09-09 调仓日，买入: [('SHSE.688555', '退市泽达'), ('SHSE.688215', '瑞晟智能'), ('SHSE.688004', '博汇科技')]
20260423 18:38:46- INFO- 2022-09-19 调仓日，买入: [('SHSE.688555', '退市泽达'), ('SZSE.000017', '深中华A'), ('SZSE.200017', '深中华B')]
20260423 18:38:48- INFO- 2022-09-26 调仓日，买入: [('SHSE.688004', '博汇科技'), ('SHSE.688215', '瑞晟智能'), ('SHSE.600455', '博通股份')]
20260423 18:38:49- INFO- 2022-10-10 调仓日，买入: [('SZSE.000017', '深中华A'), ('SZSE.200017', '深中华B'), ('SHSE.688215', '瑞晟智能')]
20260423 18:38:50- INFO- 2022-10-17 调仓日，买入: [('SHSE.688555', '退市泽达'), ('SHSE.688215', '瑞晟智能'), ('SHSE.603729', '龙韵股份')]
20260423 18:38:51- INFO- 2022-10-24 调仓日，买入: [('SHSE.603729', '龙韵股份'), ('SHSE.688215', '瑞晟智能'), ('SHSE.600689', '上海三毛')]
20260423 18:38:52- INFO- 2022-10-31 调仓日，买入: [('SHSE.600689', '上海三毛'), ('SHSE.900922', '三毛B股'), ('SHSE.603729', '龙韵股份')]
20260423 18:38:54- INFO- 2022-11-07 调仓日，买入: [('SHSE.688555', '退市泽达'), ('SHSE.600689', '上海三毛'), ('SHSE.900922', '三毛B股')]
20260423 18:38:55- INFO- 2022-11-14 调仓日，买入: [('SHSE.688555', '退市泽达'), ('SHSE.688215', '瑞晟智能'), ('SHSE.600689', '上海三毛')]
20260423 18:38:56- WARNING- 2022-11-21 卖出时找不到股票 SHSE.688555，跳过
20260423 18:38:56- INFO- 2022-11-21 调仓日，买入: [('SHSE.688215', '瑞晟智能'), ('SHSE.600689', '上海三毛'), ('SHSE.900922', '三毛B股')]
20260423 18:38:57- INFO- 2022-11-28 调仓日，买入: [('SHSE.688004', '博汇科技'), ('SHSE.688215', '瑞晟智能'), ('SHSE.688701', '卓锦股份')]
20260423 18:38:58- INFO- 2022-12-05 调仓日，买入: [('SHSE.688701', '卓锦股份'), ('SHSE.688215', '瑞晟智能'), ('SHSE.600768', '宁波富邦')]
20260423 18:38:59- INFO- 2022-12-12 调仓日，买入: [('SHSE.688701', '卓锦股份'), ('SHSE.688215', '瑞晟智能'), ('SHSE.603729', '龙韵股份')]
20260423 18:39:01- INFO- 2022-12-19 调仓日，买入: [('SHSE.688701', '卓锦股份'), ('SHSE.688004', '博汇科技'), ('SHSE.688215', '瑞晟智能')]
20260423 18:39:02- INFO- 2022-12-26 调仓日，买入: [('SHSE.688701', '卓锦股份'), ('SHSE.688004', '博汇科技'), ('SHSE.600768', '宁波富邦')]
20260423 18:39:03- INFO- 2023-01-03 调仓日，买入: [('SHSE.688701', '卓锦股份'), ('SZSE.300478', '杭州高新'), ('SHSE.688004', '博汇科技')]
20260423 18:39:04- INFO- 2023-01-10 调仓日，买入: [('SHSE.688701', '卓锦股份'), ('SZSE.300478', '杭州高新'), ('SZSE.300555', 'ST路通')]
20260423 18:39:05- INFO- 2023-01-17 调仓日，买入: [('SHSE.688701', '卓锦股份'), ('SZSE.300478', '杭州高新'), ('SZSE.300555', 'ST路通')]
20260423 18:39:07- WARNING- 2023-01-31 卖出时找不到股票 SZSE.300555，跳过
20260423 18:39:07- INFO- 2023-01-31 调仓日，买入: [('SHSE.688701', '卓锦股份'), ('SZSE.300478', '杭州高新'), ('SHSE.603729', '龙韵股份')]
20260423 18:39:08- INFO- 2023-02-07 调仓日，买入: [('SHSE.688701', '卓锦股份'), ('SZSE.300478', '杭州高新'), ('SHSE.603729', '龙韵股份')]
20260423 18:39:09- INFO- 2023-02-14 调仓日，买入: [('SHSE.688701', '卓锦股份'), ('SZSE.300478', '杭州高新'), ('SHSE.603729', '龙韵股份')]
20260423 18:39:10- INFO- 2023-02-21 调仓日，买入: [('SHSE.688701', '卓锦股份'), ('SZSE.300478', '杭州高新'), ('SHSE.603729', '龙韵股份')]
20260423 18:39:11- INFO- 2023-02-28 调仓日，买入: [('SHSE.688701', '卓锦股份'), ('SZSE.300478', '杭州高新'), ('SHSE.603729', '龙韵股份')]
20260423 18:39:12- INFO- 2023-03-07 调仓日，买入: [('SHSE.688701', '卓锦股份'), ('SZSE.300478', '杭州高新'), ('SHSE.603729', '龙韵股份')]
20260423 18:39:14- INFO- 2023-03-14 调仓日，买入: [('SHSE.688701', '卓锦股份'), ('SZSE.300478', '杭州高新'), ('SHSE.688215', '瑞晟智能')]
20260423 18:39:15- INFO- 2023-03-21 调仓日，买入: [('SHSE.688701', '卓锦股份'), ('SZSE.300478', '杭州高新'), ('SHSE.688215', '瑞晟智能')]
20260423 18:39:16- INFO- 2023-03-28 调仓日，买入: [('SHSE.688701', '卓锦股份'), ('SZSE.300478', '杭州高新'), ('SZSE.300742', '越博退')]
20260423 18:39:17- INFO- 2023-04-04 调仓日，买入: [('SHSE.688701', '卓锦股份'), ('SZSE.300742', '越博退'), ('SZSE.002816', '*ST和科')]
20260423 18:39:18- INFO- 2023-04-12 调仓日，买入: [('SHSE.688701', '卓锦股份'), ('SZSE.002816', '*ST和科'), ('SHSE.603030', '全筑股份')]
20260423 18:39:19- INFO- 2023-04-19 调仓日，买入: [('SZSE.002816', '*ST和科'), ('SHSE.688701', '卓锦股份'), ('SZSE.300742', '越博退')]
20260423 18:39:20- INFO- 2023-04-26 调仓日，买入: [('SZSE.002816', '*ST和科'), ('SHSE.688701', '卓锦股份'), ('SZSE.300478', '杭州高新')]
20260423 18:39:22- INFO- 2023-05-08 调仓日，买入: [('SHSE.688701', '卓锦股份'), ('SZSE.300478', '杭州高新'), ('SHSE.688565', '力源科技')]
20260423 18:39:23- INFO- 2023-05-15 调仓日，买入: [('SZSE.300478', '杭州高新'), ('SHSE.688701', '卓锦股份'), ('SHSE.688565', '力源科技')]
20260423 18:39:24- INFO- 2023-05-22 调仓日，买入: [('SHSE.688701', '卓锦股份'), ('SZSE.300478', '杭州高新'), ('SHSE.688565', '力源科技')]
20260423 18:39:25- INFO- 2023-05-29 调仓日，买入: [('SHSE.688701', '卓锦股份'), ('SZSE.300478', '杭州高新'), ('SHSE.688565', '力源科技')]
20260423 18:39:26- INFO- 2023-06-05 调仓日，买入: [('SHSE.688701', '卓锦股份'), ('SZSE.300478', '杭州高新'), ('SHSE.688565', '力源科技')]
20260423 18:39:27- INFO- 2023-06-12 调仓日，买入: [('SZSE.300478', '杭州高新'), ('SHSE.688701', '卓锦股份'), ('SHSE.688565', '力源科技')]
20260423 18:39:28- INFO- 2023-06-19 调仓日，买入: [('SHSE.688701', '卓锦股份'), ('SHSE.688565', '力源科技'), ('SZSE.300478', '杭州高新')]
20260423 18:39:30- INFO- 2023-06-28 调仓日，买入: [('SHSE.688701', '卓锦股份'), ('SZSE.300478', '杭州高新'), ('SZSE.002856', '美芝股份')]
20260423 18:39:31- INFO- 2023-07-05 调仓日，买入: [('SHSE.688701', '卓锦股份'), ('SZSE.300478', '杭州高新'), ('SHSE.688565', '力源科技')]
20260423 18:39:32- INFO- 2023-07-12 调仓日，买入: [('SHSE.688701', '卓锦股份'), ('SHSE.688565', '力源科技'), ('SZSE.300478', '杭州高新')]
20260423 18:39:33- INFO- 2023-07-19 调仓日，买入: [('SHSE.688701', '卓锦股份'), ('SHSE.688565', '力源科技'), ('SZSE.300478', '杭州高新')]
20260423 18:39:34- INFO- 2023-07-26 调仓日，买入: [('SHSE.688701', '卓锦股份'), ('SHSE.688565', '力源科技'), ('SZSE.300478', '杭州高新')]
20260423 18:39:36- INFO- 2023-08-02 调仓日，买入: [('SHSE.688701', '卓锦股份'), ('SHSE.688565', '力源科技'), ('SZSE.300478', '杭州高新')]
20260423 18:39:37- INFO- 2023-08-09 调仓日，买入: [('SHSE.688701', '卓锦股份'), ('SHSE.688565', '力源科技'), ('SZSE.300478', '杭州高新')]
20260423 18:39:38- INFO- 2023-08-16 调仓日，买入: [('SHSE.688701', '卓锦股份'), ('SHSE.688565', '力源科技'), ('SZSE.300478', '杭州高新')]
20260423 18:39:39- INFO- 2023-08-23 调仓日，买入: [('SHSE.688701', '卓锦股份'), ('SZSE.300478', '杭州高新'), ('SHSE.688565', '力源科技')]
20260423 18:39:40- INFO- 2023-08-30 调仓日，买入: [('SHSE.688701', '卓锦股份'), ('SZSE.300478', '杭州高新'), ('SHSE.600768', '宁波富邦')]
20260423 18:39:42- INFO- 2023-09-06 调仓日，买入: [('SHSE.688701', '卓锦股份'), ('SHSE.688565', '力源科技'), ('SZSE.300478', '杭州高新')]
20260423 18:39:43- INFO- 2023-09-13 调仓日，买入: [('SHSE.688701', '卓锦股份'), ('SHSE.688565', '力源科技'), ('SZSE.300478', '杭州高新')]
20260423 18:39:44- INFO- 2023-09-20 调仓日，买入: [('SHSE.688701', '卓锦股份'), ('SHSE.688565', '力源科技'), ('SZSE.300478', '杭州高新')]
20260423 18:39:45- INFO- 2023-09-27 调仓日，买入: [('SHSE.688701', '卓锦股份'), ('SHSE.688565', '力源科技'), ('SZSE.300478', '杭州高新')]
20260423 18:39:46- INFO- 2023-10-12 调仓日，买入: [('SHSE.688701', '卓锦股份'), ('SHSE.688565', '力源科技'), ('SZSE.300478', '杭州高新')]
20260423 18:39:47- INFO- 2023-10-19 调仓日，买入: [('SHSE.688701', '卓锦股份'), ('SHSE.688565', '力源科技'), ('SHSE.688096', '京源环保')]
20260423 18:39:49- INFO- 2023-10-26 调仓日，买入: [('SHSE.688701', '卓锦股份'), ('SHSE.688565', '力源科技'), ('SHSE.688215', '瑞晟智能')]
20260423 18:39:50- INFO- 2023-11-02 调仓日，买入: [('SHSE.688701', '卓锦股份'), ('SHSE.688565', '力源科技'), ('SHSE.688215', '瑞晟智能')]
20260423 18:39:51- INFO- 2023-11-09 调仓日，买入: [('SHSE.688701', '卓锦股份'), ('SHSE.688565', '力源科技'), ('SHSE.688215', '瑞晟智能')]
20260423 18:39:52- INFO- 2023-11-16 调仓日，买入: [('SHSE.688701', '卓锦股份'), ('SHSE.688565', '力源科技'), ('SHSE.688215', '瑞晟智能')]
20260423 18:39:53- INFO- 2023-11-23 调仓日，买入: [('SHSE.688701', '卓锦股份'), ('SHSE.688565', '力源科技'), ('SHSE.688215', '瑞晟智能')]
20260423 18:39:54- INFO- 2023-11-30 调仓日，买入: [('SHSE.688701', '卓锦股份'), ('SHSE.688565', '力源科技'), ('SHSE.688096', '京源环保')]
20260423 18:39:56- INFO- 2023-12-07 调仓日，买入: [('SHSE.688701', '卓锦股份'), ('SHSE.688565', '力源科技'), ('SHSE.688096', '京源环保')]
20260423 18:39:57- INFO- 2023-12-14 调仓日，买入: [('SHSE.688701', '卓锦股份'), ('SHSE.688565', '力源科技'), ('SHSE.688096', '京源环保')]
20260423 18:39:58- INFO- 2023-12-21 调仓日，买入: [('SHSE.688701', '卓锦股份'), ('SHSE.688565', '力源科技'), ('SHSE.688096', '京源环保')]
20260423 18:39:59- INFO- 2023-12-28 调仓日，买入: [('SHSE.688701', '卓锦股份'), ('SHSE.688565', '力源科技'), ('SHSE.688096', '京源环保')]
20260423 18:40:00- INFO- 2024-01-05 调仓日，买入: [('SHSE.688701', '卓锦股份'), ('SHSE.688565', '力源科技'), ('SHSE.688215', '瑞晟智能')]
20260423 18:40:01- INFO- 2024-01-12 调仓日，买入: [('SHSE.688701', '卓锦股份'), ('SHSE.688565', '力源科技'), ('SHSE.688215', '瑞晟智能')]
20260423 18:40:02- INFO- 2024-01-19 调仓日，买入: [('SHSE.688701', '卓锦股份'), ('SHSE.688565', '力源科技'), ('SHSE.688215', '瑞晟智能')]
20260423 18:40:04- INFO- 2024-01-26 调仓日，买入: [('SHSE.688701', '卓锦股份'), ('SHSE.688565', '力源科技'), ('SHSE.688215', '瑞晟智能')]
20260423 18:40:05- INFO- 2024-02-02 调仓日，买入: [('SHSE.688038', '中科通达'), ('SHSE.688215', '瑞晟智能'), ('SHSE.688081', '兴图新科')]
20260423 18:40:06- INFO- 2024-02-19 调仓日，买入: [('SZSE.300854', '中兰环保'), ('SHSE.688309', '恒誉环保'), ('SZSE.300069', '金利华电')]
20260423 18:40:07- INFO- 2024-02-26 调仓日，买入: [('SHSE.688021', '奥福科技'), ('SHSE.688178', '万德斯'), ('SHSE.688215', '瑞晟智能')]
20260423 18:40:08- INFO- 2024-03-04 调仓日，买入: [('SHSE.688178', '万德斯'), ('SHSE.688215', '瑞晟智能'), ('SZSE.002856', '美芝股份')]
20260423 18:40:09- INFO- 2024-03-11 调仓日，买入: [('SHSE.688038', '中科通达'), ('SZSE.002856', '美芝股份'), ('SHSE.688067', '爱威科技')]
20260423 18:40:11- INFO- 2024-03-18 调仓日，买入: [('SHSE.688096', '京源环保'), ('SHSE.688021', '奥福科技'), ('SHSE.688178', '万德斯')]
20260423 18:40:12- INFO- 2024-03-25 调仓日，买入: [('SHSE.688178', '万德斯'), ('SHSE.688038', '中科通达'), ('SHSE.688215', '瑞晟智能')]
20260423 18:40:13- INFO- 2024-04-01 调仓日，买入: [('SHSE.688021', '奥福科技'), ('SHSE.688178', '万德斯'), ('SHSE.688038', '中科通达')]
20260423 18:40:14- INFO- 2024-04-10 调仓日，买入: [('SZSE.300117', '*ST嘉寓'), ('SHSE.688081', '兴图新科'), ('SHSE.688215', '瑞晟智能')]
20260423 18:40:15- INFO- 2024-04-17 调仓日，买入: [('SZSE.002629', '仁智股份'), ('SHSE.688067', '爱威科技'), ('SHSE.600847', '万里股份')]
20260423 18:40:17- INFO- 2024-04-24 调仓日，买入: [('SHSE.688681', '科汇股份'), ('SZSE.002629', '仁智股份'), ('SHSE.600847', '万里股份')]
20260423 18:40:18- INFO- 2024-05-06 调仓日，买入: [('SHSE.688178', '万德斯'), ('SHSE.688215', '瑞晟智能'), ('SHSE.688081', '兴图新科')]
20260423 18:40:19- INFO- 2024-05-13 调仓日，买入: [('SZSE.002193', '如意集团'), ('SZSE.002856', '美芝股份'), ('SZSE.002629', '仁智股份')]
20260423 18:40:20- INFO- 2024-05-20 调仓日，买入: [('SHSE.688004', '博汇科技'), ('SZSE.002193', '如意集团'), ('SHSE.688215', '瑞晟智能')]
20260423 18:40:21- INFO- 2024-05-27 调仓日，买入: [('SHSE.688081', '兴图新科'), ('SHSE.688178', '万德斯'), ('SHSE.600321', '正源股份')]
20260423 18:40:22- WARNING- 2024-06-03 卖出时找不到股票 SHSE.600321，跳过
20260423 18:40:22- INFO- 2024-06-03 调仓日，买入: [('SZSE.000679', '大连友谊'), ('SHSE.600455', '博通股份'), ('SHSE.603021', 'ST华鹏')]
20260423 18:40:24- INFO- 2024-06-11 调仓日，买入: [('SZSE.301040', '中环海陆'), ('SZSE.300635', '中达安'), ('SZSE.300854', '中兰环保')]
20260423 18:40:25- INFO- 2024-06-18 调仓日，买入: [('SZSE.300929', '华骐环保'), ('SHSE.603316', '诚邦股份'), ('SZSE.300478', '杭州高新')]
20260423 18:40:26- INFO- 2024-06-25 调仓日，买入: [('SHSE.600561', '江西长运'), ('SZSE.300165', '天瑞仪器'), ('SZSE.000890', '法尔胜')]
20260423 18:40:27- INFO- 2024-07-02 调仓日，买入: [('SZSE.300478', '杭州高新'), ('SZSE.301040', '中环海陆'), ('SHSE.688681', '科汇股份')]
20260423 18:40:28- INFO- 2024-07-09 调仓日，买入: [('SHSE.688607', '康众医疗'), ('SZSE.300854', '中兰环保'), ('SZSE.000638', '*ST万方')]
20260423 18:40:30- INFO- 2024-07-16 调仓日，买入: [('SHSE.688193', '仁度生物'), ('SHSE.688607', '康众医疗'), ('SHSE.688217', '睿昂基因')]
20260423 18:40:31- INFO- 2024-07-23 调仓日，买入: [('SZSE.301040', '中环海陆'), ('SZSE.002719', '麦趣尔'), ('SHSE.605303', '园林股份')]
20260423 18:40:32- INFO- 2024-07-30 调仓日，买入: [('SHSE.688193', '仁度生物'), ('SZSE.300405', '科隆股份'), ('SZSE.002211', 'ST宏达')]
20260423 18:40:33- INFO- 2024-08-06 调仓日，买入: [('SHSE.603813', '*ST原尚'), ('SZSE.002193', '如意集团'), ('SZSE.301040', '中环海陆')]
20260423 18:40:34- INFO- 2024-08-13 调仓日，买入: [('SZSE.002713', '*ST东易'), ('SHSE.603813', '*ST原尚'), ('SHSE.688038', '中科通达')]
20260423 18:40:35- INFO- 2024-08-20 调仓日，买入: [('SZSE.300854', '中兰环保'), ('SHSE.688193', '仁度生物'), ('SHSE.688367', '工大高科')]
20260423 18:40:37- INFO- 2024-08-27 调仓日，买入: [('SZSE.002211', 'ST宏达'), ('SZSE.002058', '*ST威尔'), ('SHSE.603955', '大千生态')]
20260423 18:40:38- INFO- 2024-09-03 调仓日，买入: [('SHSE.688193', '仁度生物'), ('SHSE.603880', '南卫股份'), ('SHSE.688329', '艾隆科技')]
20260423 18:40:39- INFO- 2024-09-10 调仓日，买入: [('SHSE.603955', '大千生态'), ('SHSE.600455', '博通股份'), ('SZSE.002719', '麦趣尔')]
20260423 18:40:40- INFO- 2024-09-19 调仓日，买入: [('SHSE.603880', '南卫股份'), ('SZSE.300220', '金运激光'), ('SZSE.002816', '*ST和科')]
20260423 18:40:41- INFO- 2024-09-26 调仓日，买入: [('SZSE.300665', '飞鹿股份'), ('SHSE.603813', '*ST原尚'), ('SHSE.688193', '仁度生物')]
20260423 18:40:42- INFO- 2024-10-10 调仓日，买入: [('SHSE.688679', '通源环境'), ('SZSE.002629', '仁智股份'), ('SHSE.603272', '联翔股份')]
20260423 18:40:44- INFO- 2024-10-17 调仓日，买入: [('SHSE.688215', '瑞晟智能'), ('SHSE.688679', '通源环境'), ('SHSE.603021', 'ST华鹏')]
20260423 18:40:45- INFO- 2024-10-24 调仓日，买入: [('SHSE.688217', '睿昂基因'), ('SHSE.688215', '瑞晟智能'), ('SHSE.688679', '通源环境')]
20260423 18:40:46- INFO- 2024-10-31 调仓日，买入: [('SHSE.688178', '万德斯'), ('SHSE.688217', '睿昂基因'), ('SHSE.688309', '恒誉环保')]
20260423 18:40:47- INFO- 2024-11-07 调仓日，买入: [('SHSE.688217', '睿昂基因'), ('SHSE.688565', '力源科技'), ('SHSE.688178', '万德斯')]
20260423 18:40:48- INFO- 2024-11-14 调仓日，买入: [('SHSE.688565', '力源科技'), ('SHSE.688178', '万德斯'), ('SHSE.688309', '恒誉环保')]
20260423 18:40:50- INFO- 2024-11-21 调仓日，买入: [('SHSE.688565', '力源科技'), ('SHSE.688178', '万德斯'), ('SHSE.688309', '恒誉环保')]
20260423 18:40:51- INFO- 2024-11-28 调仓日，买入: [('SHSE.688565', '力源科技'), ('SHSE.688309', '恒誉环保'), ('SHSE.688178', '万德斯')]
20260423 18:40:52- INFO- 2024-12-05 调仓日，买入: [('SHSE.688565', '力源科技'), ('SHSE.688309', '恒誉环保'), ('SHSE.688217', '睿昂基因')]
20260423 18:40:53- INFO- 2024-12-12 调仓日，买入: [('SHSE.688565', '力源科技'), ('SHSE.688217', '睿昂基因'), ('SHSE.688309', '恒誉环保')]
20260423 18:40:54- INFO- 2024-12-19 调仓日，买入: [('SHSE.688309', '恒誉环保'), ('SHSE.688215', '瑞晟智能'), ('SHSE.688178', '万德斯')]
20260423 18:40:55- INFO- 2024-12-26 调仓日，买入: [('SHSE.688309', '恒誉环保'), ('SHSE.688217', '睿昂基因'), ('SHSE.688215', '瑞晟智能')]
20260423 18:40:57- INFO- 2025-01-03 调仓日，买入: [('SHSE.688215', '瑞晟智能'), ('SZSE.000691', '*ST亚太'), ('SHSE.688659', '元琛科技')]
20260423 18:40:58- INFO- 2025-01-10 调仓日，买入: [('SHSE.688217', '睿昂基因'), ('SHSE.688215', '瑞晟智能'), ('SHSE.688178', '万德斯')]
20260423 18:40:59- INFO- 2025-01-17 调仓日，买入: [('SHSE.688309', '恒誉环保'), ('SZSE.000668', '*ST荣控'), ('SHSE.688329', '艾隆科技')]
20260423 18:41:00- INFO- 2025-01-24 调仓日，买入: [('SHSE.688309', '恒誉环保'), ('SHSE.600421', '*ST华嵘'), ('SZSE.002789', '*ST建艺')]
20260423 18:41:01- INFO- 2025-02-10 调仓日，买入: [('SZSE.000691', '*ST亚太'), ('SHSE.603813', '*ST原尚'), ('SHSE.605081', '*ST太和')]
20260423 18:41:02- INFO- 2025-02-17 调仓日，买入: [('SHSE.688565', '力源科技'), ('SZSE.000691', '*ST亚太'), ('SHSE.688309', '恒誉环保')]
20260423 18:41:04- INFO- 2025-02-24 调仓日，买入: [('SZSE.000691', '*ST亚太'), ('SHSE.688565', '力源科技'), ('SZSE.002848', '*ST高斯')]
20260423 18:41:05- INFO- 2025-03-03 调仓日，买入: [('SZSE.000691', '*ST亚太'), ('SHSE.605081', '*ST太和'), ('SHSE.688659', '元琛科技')]
20260423 18:41:06- INFO- 2025-03-10 调仓日，买入: [('SZSE.000691', '*ST亚太'), ('SHSE.688565', '力源科技'), ('SZSE.002848', '*ST高斯')]
20260423 18:41:07- INFO- 2025-03-17 调仓日，买入: [('SHSE.688565', '力源科技'), ('SZSE.002848', '*ST高斯'), ('SHSE.688659', '元琛科技')]
20260423 18:41:08- INFO- 2025-03-24 调仓日，买入: [('SZSE.002848', '*ST高斯'), ('SHSE.688565', '力源科技'), ('SHSE.688659', '元琛科技')]
20260423 18:41:09- INFO- 2025-03-31 调仓日，买入: [('SHSE.688565', '力源科技'), ('SHSE.688659', '元琛科技'), ('SZSE.300929', '华骐环保')]
20260423 18:41:10- INFO- 2025-04-08 调仓日，买入: [('SHSE.600421', '*ST华嵘'), ('SHSE.600243', '*ST海华'), ('SHSE.688217', '睿昂基因')]
20260423 18:41:12- INFO- 2025-04-15 调仓日，买入: [('SHSE.688659', '元琛科技'), ('SZSE.300736', '百邦科技'), ('SZSE.300929', '华骐环保')]
20260423 18:41:13- INFO- 2025-04-22 调仓日，买入: [('SHSE.688659', '元琛科技'), ('SZSE.300736', '百邦科技'), ('SZSE.002789', '*ST建艺')]
20260423 18:41:14- INFO- 2025-04-29 调仓日，买入: [('SHSE.688565', '力源科技'), ('SHSE.688659', '元琛科技'), ('SHSE.688329', '艾隆科技')]
20260423 18:41:15- INFO- 2025-05-09 调仓日，买入: [('SHSE.688565', '力源科技'), ('SHSE.688659', '元琛科技'), ('SZSE.300736', '百邦科技')]
20260423 18:41:16- INFO- 2025-05-16 调仓日，买入: [('SHSE.688701', '卓锦股份'), ('SHSE.688021', '奥福科技'), ('SHSE.688565', '力源科技')]
20260423 18:41:18- INFO- 2025-05-23 调仓日，买入: [('SHSE.688701', '卓锦股份'), ('SHSE.688021', '奥福科技'), ('SHSE.688565', '力源科技')]
20260423 18:41:19- INFO- 2025-05-30 调仓日，买入: [('SHSE.688701', '卓锦股份'), ('SHSE.688021', '奥福科技'), ('SHSE.688565', '力源科技')]
20260423 18:41:20- INFO- 2025-06-09 调仓日，买入: [('SHSE.688701', '卓锦股份'), ('SHSE.688021', '奥福科技'), ('SHSE.688565', '力源科技')]
20260423 18:41:21- INFO- 2025-06-16 调仓日，买入: [('SHSE.688021', '奥福科技'), ('SHSE.688565', '力源科技'), ('SHSE.688659', '元琛科技')]
20260423 18:41:22- INFO- 2025-06-23 调仓日，买入: [('SHSE.688021', '奥福科技'), ('SHSE.688565', '力源科技'), ('SHSE.688296', '和达科技')]
20260423 18:41:23- INFO- 2025-06-30 调仓日，买入: [('SHSE.688701', '卓锦股份'), ('SHSE.688021', '奥福科技'), ('SZSE.300736', '百邦科技')]
20260423 18:41:24- INFO- 2025-07-07 调仓日，买入: [('SHSE.600190', '退市锦港'), ('SHSE.900952', '退市锦B'), ('SHSE.688701', '卓锦股份')]
20260423 18:41:26- INFO- 2025-07-14 调仓日，买入: [('SHSE.688701', '卓锦股份'), ('SHSE.688021', '奥福科技'), ('SZSE.300736', '百邦科技')]
20260423 18:41:27- INFO- 2025-07-21 调仓日，买入: [('SHSE.688021', '奥福科技'), ('SHSE.688701', '卓锦股份'), ('SZSE.300736', '百邦科技')]
20260423 18:41:28- INFO- 2025-07-28 调仓日，买入: [('SHSE.688701', '卓锦股份'), ('SHSE.688021', '奥福科技'), ('SZSE.300736', '百邦科技')]
20260423 18:41:29- INFO- 2025-08-04 调仓日，买入: [('SHSE.688701', '卓锦股份'), ('SHSE.688021', '奥福科技'), ('SZSE.300736', '百邦科技')]
20260423 18:41:30- INFO- 2025-08-11 调仓日，买入: [('SHSE.688701', '卓锦股份'), ('SHSE.688021', '奥福科技'), ('SZSE.300736', '百邦科技')]
20260423 18:41:31- INFO- 2025-08-18 调仓日，买入: [('SHSE.688701', '卓锦股份'), ('SZSE.300736', '百邦科技'), ('SZSE.300929', '华骐环保')]
20260423 18:41:33- INFO- 2025-08-25 调仓日，买入: [('SHSE.688701', '卓锦股份'), ('SHSE.688021', '奥福科技'), ('SZSE.300929', '华骐环保')]
20260423 18:41:34- INFO- 2025-09-01 调仓日，买入: [('SHSE.688701', '卓锦股份'), ('SHSE.688021', '奥福科技'), ('SZSE.002856', '美芝股份')]
20260423 18:41:35- INFO- 2025-09-08 调仓日，买入: [('SHSE.688701', '卓锦股份'), ('SZSE.002856', '美芝股份'), ('SHSE.688021', '奥福科技')]
20260423 18:41:36- INFO- 2025-09-15 调仓日，买入: [('SHSE.688701', '卓锦股份'), ('SZSE.002856', '美芝股份'), ('SHSE.688021', '奥福科技')]
20260423 18:41:37- INFO- 2025-09-22 调仓日，买入: [('SHSE.688701', '卓锦股份'), ('SZSE.002856', '美芝股份'), ('SZSE.300929', '华骐环保')]
20260423 18:41:38- INFO- 2025-09-29 调仓日，买入: [('SHSE.688701', '卓锦股份'), ('SZSE.002856', '美芝股份'), ('SZSE.300929', '华骐环保')]
20260423 18:41:39- INFO- 2025-10-14 调仓日，买入: [('SHSE.688701', '卓锦股份'), ('SHSE.688021', '奥福科技'), ('SZSE.002856', '美芝股份')]
20260423 18:41:41- INFO- 2025-10-21 调仓日，买入: [('SHSE.688701', '卓锦股份'), ('SHSE.688021', '奥福科技'), ('SZSE.002193', '如意集团')]
20260423 18:41:42- INFO- 2025-10-28 调仓日，买入: [('SHSE.688701', '卓锦股份'), ('SZSE.002193', '如意集团'), ('SHSE.688021', '奥福科技')]
20260423 18:41:43- INFO- 2025-11-04 调仓日，买入: [('SHSE.688701', '卓锦股份'), ('SZSE.300929', '华骐环保'), ('SZSE.002193', '如意集团')]
20260423 18:41:44- INFO- 2025-11-11 调仓日，买入: [('SHSE.688701', '卓锦股份'), ('SZSE.300929', '华骐环保'), ('SZSE.002193', '如意集团')]
20260423 18:41:45- INFO- 2025-11-18 调仓日，买入: [('SHSE.688701', '卓锦股份'), ('SZSE.300929', '华骐环保'), ('SHSE.688021', '奥福科技')]
20260423 18:41:47- INFO- 2025-11-25 调仓日，买入: [('SHSE.688701', '卓锦股份'), ('SHSE.688021', '奥福科技'), ('SZSE.300929', '华骐环保')]
20260423 18:41:48- INFO- 2025-12-02 调仓日，买入: [('SHSE.688021', '奥福科技'), ('SHSE.688701', '卓锦股份'), ('SHSE.688217', '睿昂基因')]
20260423 18:41:49- INFO- 2025-12-09 调仓日，买入: [('SHSE.688021', '奥福科技'), ('SHSE.688217', '睿昂基因'), ('SZSE.300929', '华骐环保')]
20260423 18:41:50- INFO- 2025-12-16 调仓日，买入: [('SHSE.688701', '卓锦股份'), ('SHSE.688021', '奥福科技'), ('SZSE.300929', '华骐环保')]
20260423 18:41:51- INFO- 2025-12-23 调仓日，买入: [('SHSE.688701', '卓锦股份'), ('SHSE.688021', '奥福科技'), ('SZSE.002193', '如意集团')]
20260423 18:41:52- INFO- 2025-12-30 调仓日，买入: [('SHSE.688701', '卓锦股份'), ('SZSE.002193', '如意集团'), ('SHSE.688021', '奥福科技')]
20260423 18:41:53- INFO- 2026-01-08 调仓日，买入: [('SHSE.688701', '卓锦股份'), ('SZSE.002193', '如意集团'), ('SHSE.688021', '奥福科技')]
20260423 18:41:55- INFO- 2026-01-15 调仓日，买入: [('SZSE.300379', '东通退'), ('SHSE.688701', '卓锦股份'), ('SZSE.002193', '如意集团')]
20260423 18:41:56- WARNING- 2026-01-22 卖出时找不到股票 SZSE.300379，跳过
20260423 18:41:56- INFO- 2026-01-22 调仓日，买入: [('SHSE.688701', '卓锦股份'), ('SZSE.002193', '如意集团'), ('SZSE.002719', '麦趣尔')]
20260423 18:41:57- INFO- 2026-01-29 调仓日，买入: [('SHSE.688701', '卓锦股份'), ('SZSE.002719', '麦趣尔'), ('SZSE.300929', '华骐环保')]
20260423 18:41:58- INFO- 2026-02-05 调仓日，买入: [('SHSE.688701', '卓锦股份'), ('SZSE.300929', '华骐环保'), ('SZSE.002719', '麦趣尔')]
20260423 18:41:59- INFO- 2026-02-12 调仓日，买入: [('SHSE.688701', '卓锦股份'), ('SZSE.300929', '华骐环保'), ('SZSE.002719', '麦趣尔')]
20260423 18:42:00- INFO- 2026-02-27 调仓日，买入: [('SHSE.688701', '卓锦股份'), ('SZSE.300929', '华骐环保'), ('SZSE.002883', '中设股份')]
20260423 18:42:01- INFO- 2026-03-06 调仓日，买入: [('SHSE.688701', '卓锦股份'), ('SZSE.002883', '中设股份'), ('SZSE.300929', '华骐环保')]
20260423 18:42:03- INFO- 2026-03-13 调仓日，买入: [('SHSE.688701', '卓锦股份'), ('SZSE.002883', '中设股份'), ('SZSE.002719', '麦趣尔')]
20260423 18:42:04- INFO- 2026-03-20 调仓日，买入: [('SHSE.688701', '卓锦股份'), ('SZSE.002883', '中设股份'), ('SZSE.002856', '美芝股份')]
20260423 18:42:05- INFO- 2026-03-27 调仓日，买入: [('SHSE.688701', '卓锦股份'), ('SHSE.688296', '和达科技'), ('SZSE.002883', '中设股份')]
20260423 18:42:06- INFO- 2026-04-03 调仓日，买入: [('SHSE.688701', '卓锦股份'), ('SZSE.002193', '如意集团'), ('SHSE.688296', '和达科技')]
20260423 18:42:06- INFO- 生成交易信号完成，共 1523 条指令
20260423 18:42:06- INFO- 买入指令: 765
20260423 18:42:06- INFO- 卖出指令: 758
20260423 18:42:06- INFO- 开始回测...
20260423 18:45:03- INFO- 回测完成！
20260423 18:45:05- INFO- 回测结果:
    指标名称                 指标值
  回测开始日期 2021-01-04 00:00:00
  回测结束日期 2026-04-07 00:00:00
    策略胜率              51.19%
   策略盈亏比                1.10
  策略总收益率              -0.23%
 策略年化收益率              -0.04%
    最大回撤             -20.59%
最大回撤开始日期 2022-11-17 00:00:00
最大回撤结束日期 2024-07-24 00:00:00
    夏普比率               -0.16
    最终净值              0.9977
20260423 18:45:05- INFO- 
============================================================
20260423 18:45:05- INFO- 回测指标:
20260423 18:45:05- INFO- ============================================================
20260423 18:45:05- INFO- 
    指标名称                 指标值
  回测开始日期 2021-01-04 00:00:00
  回测结束日期 2026-04-07 00:00:00
    策略胜率              51.19%
   策略盈亏比                1.10
  策略总收益率              -0.23%
 策略年化收益率              -0.04%
    最大回撤             -20.59%
最大回撤开始日期 2022-11-17 00:00:00
最大回撤结束日期 2024-07-24 00:00:00
    夏普比率               -0.16
    最终净值              0.9977
20260423 18:45:05- INFO- 结果已保存
20260423 18:45:15- INFO- 读取数据: 2021-01-04 至 2026-04-20
20260423 18:45:16- INFO- 数据行数: 6362021
20260423 18:45:16- INFO- 生成交易信号...
20260423 18:45:16- INFO- 交易日数量: 1272
20260423 18:45:16- INFO- 2021-01-04 调仓日，买入: [('SHSE.600689', '上海三毛'), ('SHSE.900922', '三毛B股'), ('SHSE.600520', '三佳科技')]
20260423 18:45:17- INFO- 2021-01-11 调仓日，买入: [('SHSE.600766', '退市园城'), ('SZSE.000613', '东海A退'), ('SZSE.200613', '东海B退')]
20260423 18:45:18- INFO- 2021-01-18 调仓日，买入: [('SHSE.600689', '上海三毛'), ('SHSE.900922', '三毛B股'), ('SZSE.300736', '百邦科技')]
20260423 18:45:19- INFO- 2021-01-25 调仓日，买入: [('SHSE.600615', '鑫源智造'), ('SZSE.002862', '实丰文化'), ('SHSE.600768', '宁波富邦')]
20260423 18:45:21- INFO- 2021-02-01 调仓日，买入: [('SHSE.600520', '三佳科技'), ('SHSE.603029', '天鹅股份'), ('SHSE.600615', '鑫源智造')]
20260423 18:45:22- INFO- 2021-02-08 调仓日，买入: [('SHSE.603729', '龙韵股份'), ('SHSE.603269', '海鸥股份'), ('SZSE.002209', '达意隆')]
20260423 18:45:23- INFO- 2021-02-22 调仓日，买入: [('SZSE.300478', '杭州高新'), ('SZSE.002862', '实丰文化'), ('SHSE.600355', '*ST精伦')]
20260423 18:45:24- INFO- 2021-03-01 调仓日，买入: [('SZSE.300736', '百邦科技'), ('SHSE.600768', '宁波富邦'), ('SHSE.600355', '*ST精伦')]
20260423 18:45:25- INFO- 2021-03-08 调仓日，买入: [('SHSE.600766', '退市园城'), ('SHSE.600768', '宁波富邦'), ('SZSE.300736', '百邦科技')]
20260423 18:45:26- INFO- 2021-03-15 调仓日，买入: [('SHSE.600768', '宁波富邦'), ('SHSE.603029', '天鹅股份'), ('SHSE.600355', '*ST精伦')]
20260423 18:45:28- INFO- 2021-03-22 调仓日，买入: [('SZSE.300736', '百邦科技'), ('SHSE.600689', '上海三毛'), ('SHSE.900922', '三毛B股')]
20260423 18:45:29- INFO- 2021-03-29 调仓日，买入: [('SHSE.600689', '上海三毛'), ('SHSE.900922', '三毛B股'), ('SHSE.600766', '退市园城')]
20260423 18:45:30- INFO- 2021-04-06 调仓日，买入: [('SHSE.600689', '上海三毛'), ('SHSE.900922', '三毛B股'), ('SZSE.300478', '杭州高新')]
20260423 18:45:31- INFO- 2021-04-13 调仓日，买入: [('SHSE.600766', '退市园城'), ('SZSE.300478', '杭州高新'), ('SZSE.002633', '申科股份')]
20260423 18:45:33- INFO- 2021-04-20 调仓日，买入: [('SZSE.300736', '百邦科技'), ('SZSE.002633', '申科股份'), ('SZSE.300478', '杭州高新')]
20260423 18:45:34- INFO- 2021-04-27 调仓日，买入: [('SZSE.300478', '杭州高新'), ('SHSE.600689', '上海三毛'), ('SHSE.900922', '三毛B股')]
20260423 18:45:35- INFO- 2021-05-07 调仓日，买入: [('SZSE.002633', '申科股份'), ('SHSE.600768', '宁波富邦'), ('SHSE.600520', '三佳科技')]
20260423 18:45:36- INFO- 2021-05-14 调仓日，买入: [('SHSE.600689', '上海三毛'), ('SHSE.900922', '三毛B股'), ('SZSE.002633', '申科股份')]
20260423 18:45:37- INFO- 2021-05-21 调仓日，买入: [('SZSE.002633', '申科股份'), ('SHSE.600689', '上海三毛'), ('SHSE.900922', '三毛B股')]
20260423 18:45:39- INFO- 2021-05-28 调仓日，买入: [('SZSE.002633', '申科股份'), ('SHSE.600689', '上海三毛'), ('SHSE.900922', '三毛B股')]
20260423 18:45:40- INFO- 2021-06-04 调仓日，买入: [('SZSE.002633', '申科股份'), ('SHSE.600689', '上海三毛'), ('SHSE.900922', '三毛B股')]
20260423 18:45:41- INFO- 2021-06-11 调仓日，买入: [('SHSE.600689', '上海三毛'), ('SHSE.900922', '三毛B股'), ('SZSE.002633', '申科股份')]
20260423 18:45:42- INFO- 2021-06-21 调仓日，买入: [('SHSE.600689', '上海三毛'), ('SHSE.900922', '三毛B股'), ('SZSE.002633', '申科股份')]
20260423 18:45:43- INFO- 2021-06-28 调仓日，买入: [('SHSE.600689', '上海三毛'), ('SHSE.900922', '三毛B股'), ('SZSE.000017', '深中华A')]
20260423 18:45:44- INFO- 2021-07-05 调仓日，买入: [('SHSE.600689', '上海三毛'), ('SHSE.900922', '三毛B股'), ('SZSE.000017', '深中华A')]
20260423 18:45:46- INFO- 2021-07-12 调仓日，买入: [('SHSE.600689', '上海三毛'), ('SHSE.900922', '三毛B股'), ('SHSE.600455', '博通股份')]
20260423 18:45:47- INFO- 2021-07-19 调仓日，买入: [('SZSE.002633', '申科股份'), ('SHSE.600455', '博通股份'), ('SHSE.603813', '*ST原尚')]
20260423 18:45:48- INFO- 2021-07-26 调仓日，买入: [('SHSE.600455', '博通股份'), ('SZSE.002633', '申科股份'), ('SHSE.600272', '开开实业')]
20260423 18:45:49- INFO- 2021-08-02 调仓日，买入: [('SHSE.600455', '博通股份'), ('SZSE.002633', '申科股份'), ('SHSE.603813', '*ST原尚')]
20260423 18:45:50- INFO- 2021-08-09 调仓日，买入: [('SHSE.600689', '上海三毛'), ('SHSE.900922', '三毛B股'), ('SHSE.600455', '博通股份')]
20260423 18:45:52- INFO- 2021-08-16 调仓日，买入: [('SHSE.600689', '上海三毛'), ('SHSE.900922', '三毛B股'), ('SHSE.600455', '博通股份')]
20260423 18:45:53- INFO- 2021-08-23 调仓日，买入: [('SHSE.600689', '上海三毛'), ('SHSE.900922', '三毛B股'), ('SZSE.000017', '深中华A')]
20260423 18:45:54- INFO- 2021-08-30 调仓日，买入: [('SHSE.600689', '上海三毛'), ('SHSE.900922', '三毛B股'), ('SHSE.600272', '开开实业')]
20260423 18:45:55- INFO- 2021-09-06 调仓日，买入: [('SHSE.600689', '上海三毛'), ('SHSE.900922', '三毛B股'), ('SZSE.000017', '深中华A')]
20260423 18:45:56- INFO- 2021-09-13 调仓日，买入: [('SHSE.600689', '上海三毛'), ('SHSE.900922', '三毛B股'), ('SZSE.002633', '申科股份')]
20260423 18:45:57- INFO- 2021-09-22 调仓日，买入: [('SHSE.600689', '上海三毛'), ('SHSE.900922', '三毛B股'), ('SZSE.300478', '杭州高新')]
20260423 18:45:58- INFO- 2021-09-29 调仓日，买入: [('SZSE.000017', '深中华A'), ('SZSE.200017', '深中华B'), ('SZSE.300478', '杭州高新')]
20260423 18:45:59- INFO- 2021-10-13 调仓日，买入: [('SZSE.000017', '深中华A'), ('SZSE.200017', '深中华B'), ('SHSE.600689', '上海三毛')]
20260423 18:46:00- INFO- 2021-10-20 调仓日，买入: [('SZSE.000017', '深中华A'), ('SZSE.200017', '深中华B'), ('SHSE.600689', '上海三毛')]
20260423 18:46:02- INFO- 2021-10-27 调仓日，买入: [('SZSE.002633', '申科股份'), ('SHSE.600768', '宁波富邦'), ('SHSE.600272', '开开实业')]
20260423 18:46:03- INFO- 2021-11-03 调仓日，买入: [('SZSE.002633', '申科股份'), ('SHSE.600272', '开开实业'), ('SHSE.900943', '开开B股')]
20260423 18:46:04- INFO- 2021-11-10 调仓日，买入: [('SZSE.000017', '深中华A'), ('SZSE.200017', '深中华B'), ('SHSE.600272', '开开实业')]
20260423 18:46:05- INFO- 2021-11-17 调仓日，买入: [('SHSE.600689', '上海三毛'), ('SHSE.900922', '三毛B股'), ('SHSE.600272', '开开实业')]
20260423 18:46:06- INFO- 2021-11-24 调仓日，买入: [('SHSE.600689', '上海三毛'), ('SHSE.900922', '三毛B股'), ('SZSE.000017', '深中华A')]
20260423 18:46:07- INFO- 2021-12-01 调仓日，买入: [('SHSE.600689', '上海三毛'), ('SHSE.900922', '三毛B股'), ('SZSE.000017', '深中华A')]
20260423 18:46:09- INFO- 2021-12-08 调仓日，买入: [('SHSE.600689', '上海三毛'), ('SHSE.900922', '三毛B股'), ('SZSE.000017', '深中华A')]
20260423 18:46:10- INFO- 2021-12-15 调仓日，买入: [('SHSE.600689', '上海三毛'), ('SHSE.900922', '三毛B股'), ('SZSE.000017', '深中华A')]
20260423 18:46:11- INFO- 2021-12-22 调仓日，买入: [('SHSE.600689', '上海三毛'), ('SHSE.900922', '三毛B股'), ('SZSE.000017', '深中华A')]
20260423 18:46:12- INFO- 2021-12-29 调仓日，买入: [('SZSE.000017', '深中华A'), ('SZSE.200017', '深中华B'), ('SHSE.600689', '上海三毛')]
20260423 18:46:13- INFO- 2022-01-06 调仓日，买入: [('SZSE.000017', '深中华A'), ('SZSE.200017', '深中华B'), ('SHSE.600689', '上海三毛')]
20260423 18:46:14- INFO- 2022-01-13 调仓日，买入: [('SZSE.000017', '深中华A'), ('SZSE.200017', '深中华B'), ('SHSE.600689', '上海三毛')]
20260423 18:46:16- INFO- 2022-01-20 调仓日，买入: [('SZSE.000017', '深中华A'), ('SZSE.200017', '深中华B'), ('SHSE.600689', '上海三毛')]
20260423 18:46:17- INFO- 2022-01-27 调仓日，买入: [('SHSE.600689', '上海三毛'), ('SHSE.900922', '三毛B股'), ('SHSE.600768', '宁波富邦')]
20260423 18:46:18- INFO- 2022-02-10 调仓日，买入: [('SZSE.000017', '深中华A'), ('SZSE.200017', '深中华B'), ('SHSE.600689', '上海三毛')]
20260423 18:46:19- INFO- 2022-02-17 调仓日，买入: [('SZSE.000017', '深中华A'), ('SZSE.200017', '深中华B'), ('SHSE.600689', '上海三毛')]
20260423 18:46:20- INFO- 2022-02-24 调仓日，买入: [('SHSE.600689', '上海三毛'), ('SHSE.900922', '三毛B股'), ('SZSE.000017', '深中华A')]
20260423 18:46:22- INFO- 2022-03-03 调仓日，买入: [('SZSE.000017', '深中华A'), ('SZSE.200017', '深中华B'), ('SHSE.600689', '上海三毛')]
20260423 18:46:23- INFO- 2022-03-10 调仓日，买入: [('SZSE.000017', '深中华A'), ('SZSE.200017', '深中华B'), ('SHSE.688309', '恒誉环保')]
20260423 18:46:24- INFO- 2022-03-17 调仓日，买入: [('SZSE.000017', '深中华A'), ('SZSE.200017', '深中华B'), ('SHSE.600689', '上海三毛')]
20260423 18:46:25- INFO- 2022-03-24 调仓日，买入: [('SZSE.000017', '深中华A'), ('SZSE.200017', '深中华B'), ('SHSE.688309', '恒誉环保')]
20260423 18:46:26- INFO- 2022-03-31 调仓日，买入: [('SZSE.000017', '深中华A'), ('SZSE.200017', '深中华B'), ('SHSE.688309', '恒誉环保')]
20260423 18:46:27- INFO- 2022-04-11 调仓日，买入: [('SZSE.000017', '深中华A'), ('SZSE.200017', '深中华B'), ('SHSE.600689', '上海三毛')]
20260423 18:46:29- INFO- 2022-04-18 调仓日，买入: [('SHSE.600689', '上海三毛'), ('SHSE.900922', '三毛B股'), ('SHSE.688309', '恒誉环保')]
20260423 18:46:30- INFO- 2022-04-25 调仓日，买入: [('SHSE.600768', '宁波富邦'), ('SHSE.688215', '瑞晟智能'), ('SHSE.688081', '兴图新科')]
20260423 18:46:31- INFO- 2022-05-05 调仓日，买入: [('SHSE.600768', '宁波富邦'), ('SHSE.688215', '瑞晟智能'), ('SHSE.600455', '博通股份')]
20260423 18:46:32- INFO- 2022-05-12 调仓日，买入: [('SHSE.688555', '退市泽达'), ('SHSE.600768', '宁波富邦'), ('SHSE.600455', '博通股份')]
20260423 18:46:33- INFO- 2022-05-19 调仓日，买入: [('SHSE.688555', '退市泽达'), ('SZSE.000017', '深中华A'), ('SZSE.200017', '深中华B')]
20260423 18:46:34- INFO- 2022-05-26 调仓日，买入: [('SHSE.688555', '退市泽达'), ('SZSE.000017', '深中华A'), ('SZSE.200017', '深中华B')]
20260423 18:46:35- INFO- 2022-06-02 调仓日，买入: [('SZSE.000017', '深中华A'), ('SZSE.200017', '深中华B'), ('SHSE.600768', '宁波富邦')]
20260423 18:46:36- INFO- 2022-06-10 调仓日，买入: [('SZSE.000017', '深中华A'), ('SZSE.200017', '深中华B'), ('SHSE.688215', '瑞晟智能')]
20260423 18:46:38- INFO- 2022-06-17 调仓日，买入: [('SHSE.688215', '瑞晟智能'), ('SHSE.600455', '博通股份'), ('SHSE.688555', '退市泽达')]
20260423 18:46:39- INFO- 2022-06-24 调仓日，买入: [('SHSE.688555', '退市泽达'), ('SHSE.600455', '博通股份'), ('SHSE.688215', '瑞晟智能')]
20260423 18:46:40- INFO- 2022-07-01 调仓日，买入: [('SHSE.688555', '退市泽达'), ('SHSE.600455', '博通股份'), ('SHSE.688215', '瑞晟智能')]
20260423 18:46:41- INFO- 2022-07-08 调仓日，买入: [('SHSE.688555', '退市泽达'), ('SHSE.600455', '博通股份'), ('SZSE.002719', '麦趣尔')]
20260423 18:46:42- INFO- 2022-07-15 调仓日，买入: [('SHSE.688555', '退市泽达'), ('SZSE.002719', '麦趣尔'), ('SHSE.603729', '龙韵股份')]
20260423 18:46:43- INFO- 2022-07-22 调仓日，买入: [('SHSE.688555', '退市泽达'), ('SZSE.002719', '麦趣尔'), ('SHSE.600768', '宁波富邦')]
20260423 18:46:45- INFO- 2022-07-29 调仓日，买入: [('SHSE.688555', '退市泽达'), ('SZSE.002719', '麦趣尔'), ('SHSE.600455', '博通股份')]
20260423 18:46:46- INFO- 2022-08-05 调仓日，买入: [('SHSE.688555', '退市泽达'), ('SHSE.600689', '上海三毛'), ('SHSE.900922', '三毛B股')]
20260423 18:46:47- INFO- 2022-08-12 调仓日，买入: [('SHSE.688555', '退市泽达'), ('SHSE.600689', '上海三毛'), ('SHSE.900922', '三毛B股')]
20260423 18:46:48- INFO- 2022-08-19 调仓日，买入: [('SHSE.688555', '退市泽达'), ('SHSE.600689', '上海三毛'), ('SHSE.900922', '三毛B股')]
20260423 18:46:49- INFO- 2022-08-26 调仓日，买入: [('SHSE.688555', '退市泽达'), ('SHSE.688215', '瑞晟智能'), ('SHSE.688004', '博汇科技')]
20260423 18:46:51- INFO- 2022-09-02 调仓日，买入: [('SHSE.688215', '瑞晟智能'), ('SHSE.688004', '博汇科技'), ('SHSE.688555', '退市泽达')]
20260423 18:46:52- INFO- 2022-09-09 调仓日，买入: [('SHSE.688555', '退市泽达'), ('SHSE.688215', '瑞晟智能'), ('SHSE.688004', '博汇科技')]
20260423 18:46:53- INFO- 2022-09-19 调仓日，买入: [('SHSE.688555', '退市泽达'), ('SZSE.000017', '深中华A'), ('SZSE.200017', '深中华B')]
20260423 18:46:54- INFO- 2022-09-26 调仓日，买入: [('SHSE.688004', '博汇科技'), ('SHSE.688215', '瑞晟智能'), ('SHSE.600455', '博通股份')]
20260423 18:46:55- INFO- 2022-10-10 调仓日，买入: [('SZSE.000017', '深中华A'), ('SZSE.200017', '深中华B'), ('SHSE.688215', '瑞晟智能')]
20260423 18:46:57- INFO- 2022-10-17 调仓日，买入: [('SHSE.688555', '退市泽达'), ('SHSE.688215', '瑞晟智能'), ('SHSE.603729', '龙韵股份')]
20260423 18:46:58- INFO- 2022-10-24 调仓日，买入: [('SHSE.603729', '龙韵股份'), ('SHSE.688215', '瑞晟智能'), ('SHSE.600689', '上海三毛')]
20260423 18:46:59- INFO- 2022-10-31 调仓日，买入: [('SHSE.600689', '上海三毛'), ('SHSE.900922', '三毛B股'), ('SHSE.603729', '龙韵股份')]
20260423 18:47:00- INFO- 2022-11-07 调仓日，买入: [('SHSE.688555', '退市泽达'), ('SHSE.600689', '上海三毛'), ('SHSE.900922', '三毛B股')]
20260423 18:47:01- INFO- 2022-11-14 调仓日，买入: [('SHSE.688555', '退市泽达'), ('SHSE.688215', '瑞晟智能'), ('SHSE.600689', '上海三毛')]
20260423 18:47:02- WARNING- 2022-11-21 卖出时找不到股票 SHSE.688555，跳过
20260423 18:47:02- INFO- 2022-11-21 调仓日，买入: [('SHSE.688215', '瑞晟智能'), ('SHSE.600689', '上海三毛'), ('SHSE.900922', '三毛B股')]
20260423 18:47:04- INFO- 2022-11-28 调仓日，买入: [('SHSE.688004', '博汇科技'), ('SHSE.688215', '瑞晟智能'), ('SHSE.688701', '卓锦股份')]
20260423 18:47:05- INFO- 2022-12-05 调仓日，买入: [('SHSE.688701', '卓锦股份'), ('SHSE.688215', '瑞晟智能'), ('SHSE.600768', '宁波富邦')]
20260423 18:47:06- INFO- 2022-12-12 调仓日，买入: [('SHSE.688701', '卓锦股份'), ('SHSE.688215', '瑞晟智能'), ('SHSE.603729', '龙韵股份')]
20260423 18:47:07- INFO- 2022-12-19 调仓日，买入: [('SHSE.688701', '卓锦股份'), ('SHSE.688004', '博汇科技'), ('SHSE.688215', '瑞晟智能')]
20260423 18:47:08- INFO- 2022-12-26 调仓日，买入: [('SHSE.688701', '卓锦股份'), ('SHSE.688004', '博汇科技'), ('SHSE.600768', '宁波富邦')]
20260423 18:47:10- INFO- 2023-01-03 调仓日，买入: [('SHSE.688701', '卓锦股份'), ('SZSE.300478', '杭州高新'), ('SHSE.688004', '博汇科技')]
20260423 18:47:11- INFO- 2023-01-10 调仓日，买入: [('SHSE.688701', '卓锦股份'), ('SZSE.300478', '杭州高新'), ('SZSE.300555', 'ST路通')]
20260423 18:47:12- INFO- 2023-01-17 调仓日，买入: [('SHSE.688701', '卓锦股份'), ('SZSE.300478', '杭州高新'), ('SZSE.300555', 'ST路通')]
20260423 18:47:13- WARNING- 2023-01-31 卖出时找不到股票 SZSE.300555，跳过
20260423 18:47:13- INFO- 2023-01-31 调仓日，买入: [('SHSE.688701', '卓锦股份'), ('SZSE.300478', '杭州高新'), ('SHSE.603729', '龙韵股份')]
20260423 18:47:14- INFO- 2023-02-07 调仓日，买入: [('SHSE.688701', '卓锦股份'), ('SZSE.300478', '杭州高新'), ('SHSE.603729', '龙韵股份')]
20260423 18:47:16- INFO- 2023-02-14 调仓日，买入: [('SHSE.688701', '卓锦股份'), ('SZSE.300478', '杭州高新'), ('SHSE.603729', '龙韵股份')]
20260423 18:47:17- INFO- 2023-02-21 调仓日，买入: [('SHSE.688701', '卓锦股份'), ('SZSE.300478', '杭州高新'), ('SHSE.603729', '龙韵股份')]
20260423 18:47:18- INFO- 2023-02-28 调仓日，买入: [('SHSE.688701', '卓锦股份'), ('SZSE.300478', '杭州高新'), ('SHSE.603729', '龙韵股份')]
20260423 18:47:19- INFO- 2023-03-07 调仓日，买入: [('SHSE.688701', '卓锦股份'), ('SZSE.300478', '杭州高新'), ('SHSE.603729', '龙韵股份')]
20260423 18:47:21- INFO- 2023-03-14 调仓日，买入: [('SHSE.688701', '卓锦股份'), ('SZSE.300478', '杭州高新'), ('SHSE.688215', '瑞晟智能')]
20260423 18:47:22- INFO- 2023-03-21 调仓日，买入: [('SHSE.688701', '卓锦股份'), ('SZSE.300478', '杭州高新'), ('SHSE.688215', '瑞晟智能')]
20260423 18:47:24- INFO- 2023-03-28 调仓日，买入: [('SHSE.688701', '卓锦股份'), ('SZSE.300478', '杭州高新'), ('SZSE.300742', '越博退')]
20260423 18:47:25- INFO- 2023-04-04 调仓日，买入: [('SHSE.688701', '卓锦股份'), ('SZSE.300742', '越博退'), ('SZSE.002816', '*ST和科')]
20260423 18:47:27- INFO- 2023-04-12 调仓日，买入: [('SHSE.688701', '卓锦股份'), ('SZSE.002816', '*ST和科'), ('SHSE.603030', '全筑股份')]
20260423 18:47:28- INFO- 2023-04-19 调仓日，买入: [('SZSE.002816', '*ST和科'), ('SHSE.688701', '卓锦股份'), ('SZSE.300742', '越博退')]
20260423 18:47:29- INFO- 2023-04-26 调仓日，买入: [('SZSE.002816', '*ST和科'), ('SHSE.688701', '卓锦股份'), ('SZSE.300478', '杭州高新')]
20260423 18:47:31- INFO- 2023-05-08 调仓日，买入: [('SHSE.688701', '卓锦股份'), ('SZSE.300478', '杭州高新'), ('SHSE.688565', '力源科技')]
20260423 18:47:32- INFO- 2023-05-15 调仓日，买入: [('SZSE.300478', '杭州高新'), ('SHSE.688701', '卓锦股份'), ('SHSE.688565', '力源科技')]
20260423 18:47:33- INFO- 2023-05-22 调仓日，买入: [('SHSE.688701', '卓锦股份'), ('SZSE.300478', '杭州高新'), ('SHSE.688565', '力源科技')]
20260423 18:47:34- INFO- 2023-05-29 调仓日，买入: [('SHSE.688701', '卓锦股份'), ('SZSE.300478', '杭州高新'), ('SHSE.688565', '力源科技')]
20260423 18:47:35- INFO- 2023-06-05 调仓日，买入: [('SHSE.688701', '卓锦股份'), ('SZSE.300478', '杭州高新'), ('SHSE.688565', '力源科技')]
20260423 18:47:37- INFO- 2023-06-12 调仓日，买入: [('SZSE.300478', '杭州高新'), ('SHSE.688701', '卓锦股份'), ('SHSE.688565', '力源科技')]
20260423 18:47:38- INFO- 2023-06-19 调仓日，买入: [('SHSE.688701', '卓锦股份'), ('SHSE.688565', '力源科技'), ('SZSE.300478', '杭州高新')]
20260423 18:47:39- INFO- 2023-06-28 调仓日，买入: [('SHSE.688701', '卓锦股份'), ('SZSE.300478', '杭州高新'), ('SZSE.002856', '美芝股份')]
20260423 18:47:40- INFO- 2023-07-05 调仓日，买入: [('SHSE.688701', '卓锦股份'), ('SZSE.300478', '杭州高新'), ('SHSE.688565', '力源科技')]
20260423 18:47:42- INFO- 2023-07-12 调仓日，买入: [('SHSE.688701', '卓锦股份'), ('SHSE.688565', '力源科技'), ('SZSE.300478', '杭州高新')]
20260423 18:47:43- INFO- 2023-07-19 调仓日，买入: [('SHSE.688701', '卓锦股份'), ('SHSE.688565', '力源科技'), ('SZSE.300478', '杭州高新')]
20260423 18:47:44- INFO- 2023-07-26 调仓日，买入: [('SHSE.688701', '卓锦股份'), ('SHSE.688565', '力源科技'), ('SZSE.300478', '杭州高新')]
20260423 18:47:45- INFO- 2023-08-02 调仓日，买入: [('SHSE.688701', '卓锦股份'), ('SHSE.688565', '力源科技'), ('SZSE.300478', '杭州高新')]
20260423 18:47:46- INFO- 2023-08-09 调仓日，买入: [('SHSE.688701', '卓锦股份'), ('SHSE.688565', '力源科技'), ('SZSE.300478', '杭州高新')]
20260423 18:47:48- INFO- 2023-08-16 调仓日，买入: [('SHSE.688701', '卓锦股份'), ('SHSE.688565', '力源科技'), ('SZSE.300478', '杭州高新')]
20260423 18:47:49- INFO- 2023-08-23 调仓日，买入: [('SHSE.688701', '卓锦股份'), ('SZSE.300478', '杭州高新'), ('SHSE.688565', '力源科技')]
20260423 18:47:50- INFO- 2023-08-30 调仓日，买入: [('SHSE.688701', '卓锦股份'), ('SZSE.300478', '杭州高新'), ('SHSE.600768', '宁波富邦')]
20260423 18:47:51- INFO- 2023-09-06 调仓日，买入: [('SHSE.688701', '卓锦股份'), ('SHSE.688565', '力源科技'), ('SZSE.300478', '杭州高新')]
20260423 18:47:53- INFO- 2023-09-13 调仓日，买入: [('SHSE.688701', '卓锦股份'), ('SHSE.688565', '力源科技'), ('SZSE.300478', '杭州高新')]
20260423 18:47:54- INFO- 2023-09-20 调仓日，买入: [('SHSE.688701', '卓锦股份'), ('SHSE.688565', '力源科技'), ('SZSE.300478', '杭州高新')]
20260423 18:47:55- INFO- 2023-09-27 调仓日，买入: [('SHSE.688701', '卓锦股份'), ('SHSE.688565', '力源科技'), ('SZSE.300478', '杭州高新')]
20260423 18:47:56- INFO- 2023-10-12 调仓日，买入: [('SHSE.688701', '卓锦股份'), ('SHSE.688565', '力源科技'), ('SZSE.300478', '杭州高新')]
20260423 18:47:57- INFO- 2023-10-19 调仓日，买入: [('SHSE.688701', '卓锦股份'), ('SHSE.688565', '力源科技'), ('SHSE.688096', '京源环保')]
20260423 18:47:59- INFO- 2023-10-26 调仓日，买入: [('SHSE.688701', '卓锦股份'), ('SHSE.688565', '力源科技'), ('SHSE.688215', '瑞晟智能')]
20260423 18:48:00- INFO- 2023-11-02 调仓日，买入: [('SHSE.688701', '卓锦股份'), ('SHSE.688565', '力源科技'), ('SHSE.688215', '瑞晟智能')]
20260423 18:48:01- INFO- 2023-11-09 调仓日，买入: [('SHSE.688701', '卓锦股份'), ('SHSE.688565', '力源科技'), ('SHSE.688215', '瑞晟智能')]
20260423 18:48:02- INFO- 2023-11-16 调仓日，买入: [('SHSE.688701', '卓锦股份'), ('SHSE.688565', '力源科技'), ('SHSE.688215', '瑞晟智能')]
20260423 18:48:03- INFO- 2023-11-23 调仓日，买入: [('SHSE.688701', '卓锦股份'), ('SHSE.688565', '力源科技'), ('SHSE.688215', '瑞晟智能')]
20260423 18:48:05- INFO- 2023-11-30 调仓日，买入: [('SHSE.688701', '卓锦股份'), ('SHSE.688565', '力源科技'), ('SHSE.688096', '京源环保')]
20260423 18:48:06- INFO- 2023-12-07 调仓日，买入: [('SHSE.688701', '卓锦股份'), ('SHSE.688565', '力源科技'), ('SHSE.688096', '京源环保')]
20260423 18:48:07- INFO- 2023-12-14 调仓日，买入: [('SHSE.688701', '卓锦股份'), ('SHSE.688565', '力源科技'), ('SHSE.688096', '京源环保')]
20260423 18:48:08- INFO- 2023-12-21 调仓日，买入: [('SHSE.688701', '卓锦股份'), ('SHSE.688565', '力源科技'), ('SHSE.688096', '京源环保')]
20260423 18:48:10- INFO- 2023-12-28 调仓日，买入: [('SHSE.688701', '卓锦股份'), ('SHSE.688565', '力源科技'), ('SHSE.688096', '京源环保')]
20260423 18:48:11- INFO- 2024-01-05 调仓日，买入: [('SHSE.688701', '卓锦股份'), ('SHSE.688565', '力源科技'), ('SHSE.688215', '瑞晟智能')]
20260423 18:48:12- INFO- 2024-01-12 调仓日，买入: [('SHSE.688701', '卓锦股份'), ('SHSE.688565', '力源科技'), ('SHSE.688215', '瑞晟智能')]
20260423 18:48:13- INFO- 2024-01-19 调仓日，买入: [('SHSE.688701', '卓锦股份'), ('SHSE.688565', '力源科技'), ('SHSE.688215', '瑞晟智能')]
20260423 18:48:14- INFO- 2024-01-26 调仓日，买入: [('SHSE.688701', '卓锦股份'), ('SHSE.688565', '力源科技'), ('SHSE.688215', '瑞晟智能')]
20260423 18:48:16- INFO- 2024-02-02 调仓日，买入: [('SHSE.688038', '中科通达'), ('SHSE.688215', '瑞晟智能'), ('SHSE.688081', '兴图新科')]
20260423 18:48:17- INFO- 2024-02-19 调仓日，买入: [('SZSE.300854', '中兰环保'), ('SHSE.688309', '恒誉环保'), ('SZSE.300069', '金利华电')]
20260423 18:48:18- INFO- 2024-02-26 调仓日，买入: [('SHSE.688021', '奥福科技'), ('SHSE.688178', '万德斯'), ('SHSE.688215', '瑞晟智能')]
20260423 18:48:19- INFO- 2024-03-04 调仓日，买入: [('SHSE.688178', '万德斯'), ('SHSE.688215', '瑞晟智能'), ('SZSE.002856', '美芝股份')]
20260423 18:48:21- INFO- 2024-03-11 调仓日，买入: [('SHSE.688038', '中科通达'), ('SZSE.002856', '美芝股份'), ('SHSE.688067', '爱威科技')]
20260423 18:48:22- INFO- 2024-03-18 调仓日，买入: [('SHSE.688096', '京源环保'), ('SHSE.688021', '奥福科技'), ('SHSE.688178', '万德斯')]
20260423 18:48:23- INFO- 2024-03-25 调仓日，买入: [('SHSE.688178', '万德斯'), ('SHSE.688038', '中科通达'), ('SHSE.688215', '瑞晟智能')]
20260423 18:48:24- INFO- 2024-04-01 调仓日，买入: [('SHSE.688021', '奥福科技'), ('SHSE.688178', '万德斯'), ('SHSE.688038', '中科通达')]
20260423 18:48:26- INFO- 2024-04-10 调仓日，买入: [('SZSE.300117', '*ST嘉寓'), ('SHSE.688081', '兴图新科'), ('SHSE.688215', '瑞晟智能')]
20260423 18:48:27- INFO- 2024-04-17 调仓日，买入: [('SZSE.002629', '仁智股份'), ('SHSE.688067', '爱威科技'), ('SHSE.600847', '万里股份')]
20260423 18:48:28- INFO- 2024-04-24 调仓日，买入: [('SHSE.688681', '科汇股份'), ('SZSE.002629', '仁智股份'), ('SHSE.600847', '万里股份')]
20260423 18:48:29- INFO- 2024-05-06 调仓日，买入: [('SHSE.688178', '万德斯'), ('SHSE.688215', '瑞晟智能'), ('SHSE.688081', '兴图新科')]
20260423 18:48:30- INFO- 2024-05-13 调仓日，买入: [('SZSE.002193', '如意集团'), ('SZSE.002856', '美芝股份'), ('SZSE.002629', '仁智股份')]
20260423 18:48:32- INFO- 2024-05-20 调仓日，买入: [('SHSE.688004', '博汇科技'), ('SZSE.002193', '如意集团'), ('SHSE.688215', '瑞晟智能')]
20260423 18:48:33- INFO- 2024-05-27 调仓日，买入: [('SHSE.688081', '兴图新科'), ('SHSE.688178', '万德斯'), ('SHSE.600321', '正源股份')]
20260423 18:48:34- WARNING- 2024-06-03 卖出时找不到股票 SHSE.600321，跳过
20260423 18:48:34- INFO- 2024-06-03 调仓日，买入: [('SZSE.000679', '大连友谊'), ('SHSE.600455', '博通股份'), ('SHSE.603021', 'ST华鹏')]
20260423 18:48:36- INFO- 2024-06-11 调仓日，买入: [('SZSE.301040', '中环海陆'), ('SZSE.300635', '中达安'), ('SZSE.300854', '中兰环保')]
20260423 18:48:37- INFO- 2024-06-18 调仓日，买入: [('SZSE.300929', '华骐环保'), ('SHSE.603316', '诚邦股份'), ('SZSE.300478', '杭州高新')]
20260423 18:48:38- INFO- 2024-06-25 调仓日，买入: [('SHSE.600561', '江西长运'), ('SZSE.300165', '天瑞仪器'), ('SZSE.000890', '法尔胜')]
20260423 18:48:39- INFO- 2024-07-02 调仓日，买入: [('SZSE.300478', '杭州高新'), ('SZSE.301040', '中环海陆'), ('SHSE.688681', '科汇股份')]
20260423 18:48:41- INFO- 2024-07-09 调仓日，买入: [('SHSE.688607', '康众医疗'), ('SZSE.300854', '中兰环保'), ('SZSE.000638', '*ST万方')]
20260423 18:48:42- INFO- 2024-07-16 调仓日，买入: [('SHSE.688193', '仁度生物'), ('SHSE.688607', '康众医疗'), ('SHSE.688217', '睿昂基因')]
20260423 18:48:43- INFO- 2024-07-23 调仓日，买入: [('SZSE.301040', '中环海陆'), ('SZSE.002719', '麦趣尔'), ('SHSE.605303', '园林股份')]
20260423 18:48:44- INFO- 2024-07-30 调仓日，买入: [('SHSE.688193', '仁度生物'), ('SZSE.300405', '科隆股份'), ('SZSE.002211', 'ST宏达')]
20260423 18:48:45- INFO- 2024-08-06 调仓日，买入: [('SHSE.603813', '*ST原尚'), ('SZSE.002193', '如意集团'), ('SZSE.301040', '中环海陆')]
20260423 18:48:47- INFO- 2024-08-13 调仓日，买入: [('SZSE.002713', '*ST东易'), ('SHSE.603813', '*ST原尚'), ('SHSE.688038', '中科通达')]
20260423 18:48:48- INFO- 2024-08-20 调仓日，买入: [('SZSE.300854', '中兰环保'), ('SHSE.688193', '仁度生物'), ('SHSE.688367', '工大高科')]
20260423 18:48:49- INFO- 2024-08-27 调仓日，买入: [('SZSE.002211', 'ST宏达'), ('SZSE.002058', '*ST威尔'), ('SHSE.603955', '大千生态')]
20260423 18:48:50- INFO- 2024-09-03 调仓日，买入: [('SHSE.688193', '仁度生物'), ('SHSE.603880', '南卫股份'), ('SHSE.688329', '艾隆科技')]
20260423 18:48:51- INFO- 2024-09-10 调仓日，买入: [('SHSE.603955', '大千生态'), ('SHSE.600455', '博通股份'), ('SZSE.002719', '麦趣尔')]
20260423 18:48:53- INFO- 2024-09-19 调仓日，买入: [('SHSE.603880', '南卫股份'), ('SZSE.300220', '金运激光'), ('SZSE.002816', '*ST和科')]
20260423 18:48:54- INFO- 2024-09-26 调仓日，买入: [('SZSE.300665', '飞鹿股份'), ('SHSE.603813', '*ST原尚'), ('SHSE.688193', '仁度生物')]
20260423 18:48:55- INFO- 2024-10-10 调仓日，买入: [('SHSE.688679', '通源环境'), ('SZSE.002629', '仁智股份'), ('SHSE.603272', '联翔股份')]
20260423 18:48:56- INFO- 2024-10-17 调仓日，买入: [('SHSE.688215', '瑞晟智能'), ('SHSE.688679', '通源环境'), ('SHSE.603021', 'ST华鹏')]
20260423 18:48:57- INFO- 2024-10-24 调仓日，买入: [('SHSE.688217', '睿昂基因'), ('SHSE.688215', '瑞晟智能'), ('SHSE.688679', '通源环境')]
20260423 18:48:59- INFO- 2024-10-31 调仓日，买入: [('SHSE.688178', '万德斯'), ('SHSE.688217', '睿昂基因'), ('SHSE.688309', '恒誉环保')]
20260423 18:49:00- INFO- 2024-11-07 调仓日，买入: [('SHSE.688217', '睿昂基因'), ('SHSE.688565', '力源科技'), ('SHSE.688178', '万德斯')]
20260423 18:49:01- INFO- 2024-11-14 调仓日，买入: [('SHSE.688565', '力源科技'), ('SHSE.688178', '万德斯'), ('SHSE.688309', '恒誉环保')]
20260423 18:49:02- INFO- 2024-11-21 调仓日，买入: [('SHSE.688565', '力源科技'), ('SHSE.688178', '万德斯'), ('SHSE.688309', '恒誉环保')]
20260423 18:49:03- INFO- 2024-11-28 调仓日，买入: [('SHSE.688565', '力源科技'), ('SHSE.688309', '恒誉环保'), ('SHSE.688178', '万德斯')]
20260423 18:49:05- INFO- 2024-12-05 调仓日，买入: [('SHSE.688565', '力源科技'), ('SHSE.688309', '恒誉环保'), ('SHSE.688217', '睿昂基因')]
20260423 18:49:06- INFO- 2024-12-12 调仓日，买入: [('SHSE.688565', '力源科技'), ('SHSE.688217', '睿昂基因'), ('SHSE.688309', '恒誉环保')]
20260423 18:49:07- INFO- 2024-12-19 调仓日，买入: [('SHSE.688309', '恒誉环保'), ('SHSE.688215', '瑞晟智能'), ('SHSE.688178', '万德斯')]
20260423 18:49:08- INFO- 2024-12-26 调仓日，买入: [('SHSE.688309', '恒誉环保'), ('SHSE.688217', '睿昂基因'), ('SHSE.688215', '瑞晟智能')]
20260423 18:49:10- INFO- 2025-01-03 调仓日，买入: [('SHSE.688215', '瑞晟智能'), ('SZSE.000691', '*ST亚太'), ('SHSE.688659', '元琛科技')]
20260423 18:49:11- INFO- 2025-01-10 调仓日，买入: [('SHSE.688217', '睿昂基因'), ('SHSE.688215', '瑞晟智能'), ('SHSE.688178', '万德斯')]
20260423 18:49:12- INFO- 2025-01-17 调仓日，买入: [('SHSE.688309', '恒誉环保'), ('SZSE.000668', '*ST荣控'), ('SHSE.688329', '艾隆科技')]
20260423 18:49:13- INFO- 2025-01-24 调仓日，买入: [('SHSE.688309', '恒誉环保'), ('SHSE.600421', '*ST华嵘'), ('SZSE.002789', '*ST建艺')]
20260423 18:49:14- INFO- 2025-02-10 调仓日，买入: [('SZSE.000691', '*ST亚太'), ('SHSE.603813', '*ST原尚'), ('SHSE.605081', '*ST太和')]
20260423 18:49:16- INFO- 2025-02-17 调仓日，买入: [('SHSE.688565', '力源科技'), ('SZSE.000691', '*ST亚太'), ('SHSE.688309', '恒誉环保')]
20260423 18:49:17- INFO- 2025-02-24 调仓日，买入: [('SZSE.000691', '*ST亚太'), ('SHSE.688565', '力源科技'), ('SZSE.002848', '*ST高斯')]
20260423 18:49:18- INFO- 2025-03-03 调仓日，买入: [('SZSE.000691', '*ST亚太'), ('SHSE.605081', '*ST太和'), ('SHSE.688659', '元琛科技')]
20260423 18:49:19- INFO- 2025-03-10 调仓日，买入: [('SZSE.000691', '*ST亚太'), ('SHSE.688565', '力源科技'), ('SZSE.002848', '*ST高斯')]
20260423 18:49:20- INFO- 2025-03-17 调仓日，买入: [('SHSE.688565', '力源科技'), ('SZSE.002848', '*ST高斯'), ('SHSE.688659', '元琛科技')]
20260423 18:49:22- INFO- 2025-03-24 调仓日，买入: [('SZSE.002848', '*ST高斯'), ('SHSE.688565', '力源科技'), ('SHSE.688659', '元琛科技')]
20260423 18:49:23- INFO- 2025-03-31 调仓日，买入: [('SHSE.688565', '力源科技'), ('SHSE.688659', '元琛科技'), ('SZSE.300929', '华骐环保')]
20260423 18:49:24- INFO- 2025-04-08 调仓日，买入: [('SHSE.600421', '*ST华嵘'), ('SHSE.600243', '*ST海华'), ('SHSE.688217', '睿昂基因')]
20260423 18:49:25- INFO- 2025-04-15 调仓日，买入: [('SHSE.688659', '元琛科技'), ('SZSE.300736', '百邦科技'), ('SZSE.300929', '华骐环保')]
20260423 18:49:26- INFO- 2025-04-22 调仓日，买入: [('SHSE.688659', '元琛科技'), ('SZSE.300736', '百邦科技'), ('SZSE.002789', '*ST建艺')]
20260423 18:49:28- INFO- 2025-04-29 调仓日，买入: [('SHSE.688565', '力源科技'), ('SHSE.688659', '元琛科技'), ('SHSE.688329', '艾隆科技')]
20260423 18:49:29- INFO- 2025-05-09 调仓日，买入: [('SHSE.688565', '力源科技'), ('SHSE.688659', '元琛科技'), ('SZSE.300736', '百邦科技')]
20260423 18:49:30- INFO- 2025-05-16 调仓日，买入: [('SHSE.688701', '卓锦股份'), ('SHSE.688021', '奥福科技'), ('SHSE.688565', '力源科技')]
20260423 18:49:31- INFO- 2025-05-23 调仓日，买入: [('SHSE.688701', '卓锦股份'), ('SHSE.688021', '奥福科技'), ('SHSE.688565', '力源科技')]
20260423 18:49:32- INFO- 2025-05-30 调仓日，买入: [('SHSE.688701', '卓锦股份'), ('SHSE.688021', '奥福科技'), ('SHSE.688565', '力源科技')]
20260423 18:49:33- INFO- 2025-06-09 调仓日，买入: [('SHSE.688701', '卓锦股份'), ('SHSE.688021', '奥福科技'), ('SHSE.688565', '力源科技')]
20260423 18:49:35- INFO- 2025-06-16 调仓日，买入: [('SHSE.688021', '奥福科技'), ('SHSE.688565', '力源科技'), ('SHSE.688659', '元琛科技')]
20260423 18:49:36- INFO- 2025-06-23 调仓日，买入: [('SHSE.688021', '奥福科技'), ('SHSE.688565', '力源科技'), ('SHSE.688296', '和达科技')]
20260423 18:49:37- INFO- 2025-06-30 调仓日，买入: [('SHSE.688701', '卓锦股份'), ('SHSE.688021', '奥福科技'), ('SZSE.300736', '百邦科技')]
20260423 18:49:38- INFO- 2025-07-07 调仓日，买入: [('SHSE.600190', '退市锦港'), ('SHSE.900952', '退市锦B'), ('SHSE.688701', '卓锦股份')]
20260423 18:49:39- INFO- 2025-07-14 调仓日，买入: [('SHSE.688701', '卓锦股份'), ('SHSE.688021', '奥福科技'), ('SZSE.300736', '百邦科技')]
20260423 18:49:40- INFO- 2025-07-21 调仓日，买入: [('SHSE.688021', '奥福科技'), ('SHSE.688701', '卓锦股份'), ('SZSE.300736', '百邦科技')]
20260423 18:49:41- INFO- 2025-07-28 调仓日，买入: [('SHSE.688701', '卓锦股份'), ('SHSE.688021', '奥福科技'), ('SZSE.300736', '百邦科技')]
20260423 18:49:42- INFO- 2025-08-04 调仓日，买入: [('SHSE.688701', '卓锦股份'), ('SHSE.688021', '奥福科技'), ('SZSE.300736', '百邦科技')]
20260423 18:49:43- INFO- 2025-08-11 调仓日，买入: [('SHSE.688701', '卓锦股份'), ('SHSE.688021', '奥福科技'), ('SZSE.300736', '百邦科技')]
20260423 18:49:45- INFO- 2025-08-18 调仓日，买入: [('SHSE.688701', '卓锦股份'), ('SZSE.300736', '百邦科技'), ('SZSE.300929', '华骐环保')]
20260423 18:49:46- INFO- 2025-08-25 调仓日，买入: [('SHSE.688701', '卓锦股份'), ('SHSE.688021', '奥福科技'), ('SZSE.300929', '华骐环保')]
20260423 18:49:47- INFO- 2025-09-01 调仓日，买入: [('SHSE.688701', '卓锦股份'), ('SHSE.688021', '奥福科技'), ('SZSE.002856', '美芝股份')]
20260423 18:49:48- INFO- 2025-09-08 调仓日，买入: [('SHSE.688701', '卓锦股份'), ('SZSE.002856', '美芝股份'), ('SHSE.688021', '奥福科技')]
20260423 18:49:49- INFO- 2025-09-15 调仓日，买入: [('SHSE.688701', '卓锦股份'), ('SZSE.002856', '美芝股份'), ('SHSE.688021', '奥福科技')]
20260423 18:49:51- INFO- 2025-09-22 调仓日，买入: [('SHSE.688701', '卓锦股份'), ('SZSE.002856', '美芝股份'), ('SZSE.300929', '华骐环保')]
20260423 18:49:52- INFO- 2025-09-29 调仓日，买入: [('SHSE.688701', '卓锦股份'), ('SZSE.002856', '美芝股份'), ('SZSE.300929', '华骐环保')]
20260423 18:49:53- INFO- 2025-10-14 调仓日，买入: [('SHSE.688701', '卓锦股份'), ('SHSE.688021', '奥福科技'), ('SZSE.002856', '美芝股份')]
20260423 18:49:54- INFO- 2025-10-21 调仓日，买入: [('SHSE.688701', '卓锦股份'), ('SHSE.688021', '奥福科技'), ('SZSE.002193', '如意集团')]
20260423 18:49:55- INFO- 2025-10-28 调仓日，买入: [('SHSE.688701', '卓锦股份'), ('SZSE.002193', '如意集团'), ('SHSE.688021', '奥福科技')]
20260423 18:49:56- INFO- 2025-11-04 调仓日，买入: [('SHSE.688701', '卓锦股份'), ('SZSE.300929', '华骐环保'), ('SZSE.002193', '如意集团')]
20260423 18:49:58- INFO- 2025-11-11 调仓日，买入: [('SHSE.688701', '卓锦股份'), ('SZSE.300929', '华骐环保'), ('SZSE.002193', '如意集团')]
20260423 18:49:59- INFO- 2025-11-18 调仓日，买入: [('SHSE.688701', '卓锦股份'), ('SZSE.300929', '华骐环保'), ('SHSE.688021', '奥福科技')]
20260423 18:50:00- INFO- 2025-11-25 调仓日，买入: [('SHSE.688701', '卓锦股份'), ('SHSE.688021', '奥福科技'), ('SZSE.300929', '华骐环保')]
20260423 18:50:01- INFO- 2025-12-02 调仓日，买入: [('SHSE.688021', '奥福科技'), ('SHSE.688701', '卓锦股份'), ('SHSE.688217', '睿昂基因')]
20260423 18:50:02- INFO- 2025-12-09 调仓日，买入: [('SHSE.688021', '奥福科技'), ('SHSE.688217', '睿昂基因'), ('SZSE.300929', '华骐环保')]
20260423 18:50:03- INFO- 2025-12-16 调仓日，买入: [('SHSE.688701', '卓锦股份'), ('SHSE.688021', '奥福科技'), ('SZSE.300929', '华骐环保')]
20260423 18:50:04- INFO- 2025-12-23 调仓日，买入: [('SHSE.688701', '卓锦股份'), ('SHSE.688021', '奥福科技'), ('SZSE.002193', '如意集团')]
20260423 18:50:05- INFO- 2025-12-30 调仓日，买入: [('SHSE.688701', '卓锦股份'), ('SZSE.002193', '如意集团'), ('SHSE.688021', '奥福科技')]
20260423 18:50:06- INFO- 2026-01-08 调仓日，买入: [('SHSE.688701', '卓锦股份'), ('SZSE.002193', '如意集团'), ('SHSE.688021', '奥福科技')]
20260423 18:50:07- INFO- 2026-01-15 调仓日，买入: [('SZSE.300379', '东通退'), ('SHSE.688701', '卓锦股份'), ('SZSE.002193', '如意集团')]
20260423 18:50:09- WARNING- 2026-01-22 卖出时找不到股票 SZSE.300379，跳过
20260423 18:50:09- INFO- 2026-01-22 调仓日，买入: [('SHSE.688701', '卓锦股份'), ('SZSE.002193', '如意集团'), ('SZSE.002719', '麦趣尔')]
20260423 18:50:10- INFO- 2026-01-29 调仓日，买入: [('SHSE.688701', '卓锦股份'), ('SZSE.002719', '麦趣尔'), ('SZSE.300929', '华骐环保')]
20260423 18:50:11- INFO- 2026-02-05 调仓日，买入: [('SHSE.688701', '卓锦股份'), ('SZSE.300929', '华骐环保'), ('SZSE.002719', '麦趣尔')]
20260423 18:50:12- INFO- 2026-02-12 调仓日，买入: [('SHSE.688701', '卓锦股份'), ('SZSE.300929', '华骐环保'), ('SZSE.002719', '麦趣尔')]
20260423 18:50:13- INFO- 2026-02-27 调仓日，买入: [('SHSE.688701', '卓锦股份'), ('SZSE.300929', '华骐环保'), ('SZSE.002883', '中设股份')]
20260423 18:50:14- INFO- 2026-03-06 调仓日，买入: [('SHSE.688701', '卓锦股份'), ('SZSE.002883', '中设股份'), ('SZSE.300929', '华骐环保')]
20260423 18:50:15- INFO- 2026-03-13 调仓日，买入: [('SHSE.688701', '卓锦股份'), ('SZSE.002883', '中设股份'), ('SZSE.002719', '麦趣尔')]
20260423 18:50:16- INFO- 2026-03-20 调仓日，买入: [('SHSE.688701', '卓锦股份'), ('SZSE.002883', '中设股份'), ('SZSE.002856', '美芝股份')]
20260423 18:50:17- INFO- 2026-03-27 调仓日，买入: [('SHSE.688701', '卓锦股份'), ('SHSE.688296', '和达科技'), ('SZSE.002883', '中设股份')]
20260423 18:50:19- INFO- 2026-04-03 调仓日，买入: [('SHSE.688701', '卓锦股份'), ('SZSE.002193', '如意集团'), ('SHSE.688296', '和达科技')]
20260423 18:50:19- INFO- 生成交易信号完成，共 1523 条指令
20260423 18:50:19- INFO- 买入指令: 765
20260423 18:50:19- INFO- 卖出指令: 758
20260423 18:50:19- INFO- 开始回测...
20260423 18:52:54- INFO- 回测完成！
20260423 18:52:56- INFO- 回测结果:
    指标名称                 指标值
  回测开始日期 2021-01-04 00:00:00
  回测结束日期 2026-04-07 00:00:00
    策略胜率              51.19%
   策略盈亏比                1.10
  策略总收益率              -0.23%
 策略年化收益率              -0.04%
    最大回撤             -20.59%
最大回撤开始日期 2022-11-17 00:00:00
最大回撤结束日期 2024-07-24 00:00:00
    夏普比率               -0.16
    最终净值              0.9977
20260423 18:52:56- INFO- 
============================================================
20260423 18:52:56- INFO- 回测指标:
20260423 18:52:56- INFO- ============================================================
20260423 18:52:56- INFO- 
    指标名称                 指标值
  回测开始日期 2021-01-04 00:00:00
  回测结束日期 2026-04-07 00:00:00
    策略胜率              51.19%
   策略盈亏比                1.10
  策略总收益率              -0.23%
 策略年化收益率              -0.04%
    最大回撤             -20.59%
最大回撤开始日期 2022-11-17 00:00:00
最大回撤结束日期 2024-07-24 00:00:00
    夏普比率               -0.16
    最终净值              0.9977
20260423 18:52:56- INFO- 结果已保存
20260423 18:53:28- INFO- 读取数据: 2021-01-04 至 2026-04-20
20260423 18:53:29- INFO- 数据行数: 6362021
20260423 18:53:29- INFO- 生成交易信号...
20260423 18:53:29- INFO- 交易日数量: 1272
20260423 18:53:29- INFO- 2021-01-04 调仓，现金剩余: 1716.52
20260423 18:53:31- INFO- 2021-01-11 调仓，现金剩余: 1112.45
20260423 18:53:32- INFO- 2021-01-18 调仓，现金剩余: 446.02
20260423 18:53:33- INFO- 2021-01-25 调仓，现金剩余: 1663.04
20260423 18:53:34- INFO- 2021-02-01 调仓，现金剩余: 1595.20
20260423 18:53:35- INFO- 2021-02-08 调仓，现金剩余: 834.03
20260423 18:53:36- INFO- 2021-02-22 调仓，现金剩余: 943.42
20260423 18:53:37- INFO- 2021-03-01 调仓，现金剩余: 477.50
20260423 18:53:39- INFO- 2021-03-08 调仓，现金剩余: 1231.84
20260423 18:53:40- INFO- 2021-03-15 调仓，现金剩余: 1538.80
20260423 18:53:41- INFO- 2021-03-22 调仓，现金剩余: 2209.53
20260423 18:53:42- INFO- 2021-03-29 调仓，现金剩余: 979.45
20260423 18:53:43- INFO- 2021-04-06 调仓，现金剩余: 1160.94
20260423 18:53:44- INFO- 2021-04-13 调仓，现金剩余: 768.04
20260423 18:53:46- INFO- 2021-04-20 调仓，现金剩余: 974.47
20260423 18:53:47- INFO- 2021-04-27 调仓，现金剩余: 2354.34
20260423 18:53:48- INFO- 2021-05-07 调仓，现金剩余: 1216.23
20260423 18:53:49- INFO- 2021-05-14 调仓，现金剩余: 482.14
20260423 18:53:50- INFO- 2021-05-21 调仓，现金剩余: 2607.34
20260423 18:53:51- INFO- 2021-05-28 调仓，现金剩余: 1491.77
20260423 18:53:53- INFO- 2021-06-04 调仓，现金剩余: 2888.02
20260423 18:53:54- INFO- 2021-06-11 调仓，现金剩余: 1719.64
20260423 18:53:55- INFO- 2021-06-21 调仓，现金剩余: 2045.05
20260423 18:53:56- INFO- 2021-06-28 调仓，现金剩余: 802.93
20260423 18:53:57- INFO- 2021-07-05 调仓，现金剩余: 4022.89
20260423 18:53:58- INFO- 2021-07-12 调仓，现金剩余: 873.56
20260423 18:54:00- INFO- 2021-07-19 调仓，现金剩余: 967.35
20260423 18:54:01- INFO- 2021-07-26 调仓，现金剩余: 3371.31
20260423 18:54:02- INFO- 2021-08-02 调仓，现金剩余: 3920.51
20260423 18:54:03- INFO- 2021-08-09 调仓，现金剩余: 1376.96
20260423 18:54:04- INFO- 2021-08-16 调仓，现金剩余: 2753.07
20260423 18:54:05- INFO- 2021-08-23 调仓，现金剩余: 1513.01
20260423 18:54:06- INFO- 2021-08-30 调仓，现金剩余: 843.82
20260423 18:54:08- INFO- 2021-09-06 调仓，现金剩余: 910.87
20260423 18:54:09- INFO- 2021-09-13 调仓，现金剩余: 1517.39
20260423 18:54:10- INFO- 2021-09-22 调仓，现金剩余: 1396.31
20260423 18:54:11- INFO- 2021-09-29 调仓，现金剩余: 1789.61
20260423 18:54:12- INFO- 2021-10-13 调仓，现金剩余: 1774.27
20260423 18:54:13- INFO- 2021-10-20 调仓，现金剩余: 943.37
20260423 18:54:15- INFO- 2021-10-27 调仓，现金剩余: 1616.28
20260423 18:54:16- INFO- 2021-11-03 调仓，现金剩余: 2497.82
20260423 18:54:17- INFO- 2021-11-10 调仓，现金剩余: 888.95
20260423 18:54:18- INFO- 2021-11-17 调仓，现金剩余: 1069.51
20260423 18:54:19- INFO- 2021-11-24 调仓，现金剩余: 570.34
20260423 18:54:20- INFO- 2021-12-01 调仓，现金剩余: 1334.33
20260423 18:54:21- INFO- 2021-12-08 调仓，现金剩余: 781.09
20260423 18:54:23- INFO- 2021-12-15 调仓，现金剩余: 1197.66
20260423 18:54:24- INFO- 2021-12-22 调仓，现金剩余: 2840.26
20260423 18:54:25- INFO- 2021-12-29 调仓，现金剩余: 2610.54
20260423 18:54:26- INFO- 2022-01-06 调仓，现金剩余: 1757.62
20260423 18:54:27- INFO- 2022-01-13 调仓，现金剩余: 1251.80
20260423 18:54:28- INFO- 2022-01-20 调仓，现金剩余: 1875.09
20260423 18:54:30- INFO- 2022-01-27 调仓，现金剩余: 5263.56
20260423 18:54:31- INFO- 2022-02-10 调仓，现金剩余: 1503.66
20260423 18:54:32- INFO- 2022-02-17 调仓，现金剩余: 2012.99
20260423 18:54:33- INFO- 2022-02-24 调仓，现金剩余: 1125.78
20260423 18:54:34- INFO- 2022-03-03 调仓，现金剩余: 1984.66
20260423 18:54:35- INFO- 2022-03-10 调仓，现金剩余: 1463.32
20260423 18:54:36- INFO- 2022-03-17 调仓，现金剩余: 1647.59
20260423 18:54:38- INFO- 2022-03-24 调仓，现金剩余: 2233.92
20260423 18:54:39- INFO- 2022-03-31 调仓，现金剩余: 2819.30
20260423 18:54:40- INFO- 2022-04-11 调仓，现金剩余: 1609.06
20260423 18:54:41- INFO- 2022-04-18 调仓，现金剩余: 2546.90
20260423 18:54:42- INFO- 2022-04-25 调仓，现金剩余: 3317.98
20260423 18:54:43- INFO- 2022-05-05 调仓，现金剩余: 1410.00
20260423 18:54:45- INFO- 2022-05-12 调仓，现金剩余: 975.16
20260423 18:54:46- INFO- 2022-05-19 调仓，现金剩余: 1519.49
20260423 18:54:47- INFO- 2022-05-26 调仓，现金剩余: 2051.96
20260423 18:54:48- INFO- 2022-06-02 调仓，现金剩余: 2398.48
20260423 18:54:49- INFO- 2022-06-10 调仓，现金剩余: 1069.71
20260423 18:54:50- INFO- 2022-06-17 调仓，现金剩余: 2720.32
20260423 18:54:51- INFO- 2022-06-24 调仓，现金剩余: 1732.05
20260423 18:54:53- INFO- 2022-07-01 调仓，现金剩余: 3699.74
20260423 18:54:54- INFO- 2022-07-08 调仓，现金剩余: 451.90
20260423 18:54:55- INFO- 2022-07-15 调仓，现金剩余: 1008.07
20260423 18:54:56- INFO- 2022-07-22 调仓，现金剩余: 2498.39
20260423 18:54:57- INFO- 2022-07-29 调仓，现金剩余: 3101.44
20260423 18:54:59- INFO- 2022-08-05 调仓，现金剩余: 1247.47
20260423 18:55:00- INFO- 2022-08-12 调仓，现金剩余: 1922.04
20260423 18:55:01- INFO- 2022-08-19 调仓，现金剩余: 901.05
20260423 18:55:02- INFO- 2022-08-26 调仓，现金剩余: 2071.12
20260423 18:55:03- INFO- 2022-09-02 调仓，现金剩余: 931.65
20260423 18:55:04- INFO- 2022-09-09 调仓，现金剩余: 1045.46
20260423 18:55:06- INFO- 2022-09-19 调仓，现金剩余: 2471.01
20260423 18:55:07- INFO- 2022-09-26 调仓，现金剩余: 1297.40
20260423 18:55:08- INFO- 2022-10-10 调仓，现金剩余: 1626.29
20260423 18:55:09- INFO- 2022-10-17 调仓，现金剩余: 624.86
20260423 18:55:10- INFO- 2022-10-24 调仓，现金剩余: 1469.00
20260423 18:55:11- INFO- 2022-10-31 调仓，现金剩余: 1874.52
20260423 18:55:13- INFO- 2022-11-07 调仓，现金剩余: 1107.60
20260423 18:55:14- INFO- 2022-11-14 调仓，现金剩余: 1665.14
20260423 18:55:15- INFO- 2022-11-21 调仓，现金剩余: 772.80
20260423 18:55:16- INFO- 2022-11-28 调仓，现金剩余: 2340.50
20260423 18:55:17- INFO- 2022-12-05 调仓，现金剩余: 3147.58
20260423 18:55:18- INFO- 2022-12-12 调仓，现金剩余: 1395.41
20260423 18:55:19- INFO- 2022-12-19 调仓，现金剩余: 4932.16
20260423 18:55:21- INFO- 2022-12-26 调仓，现金剩余: 392.77
20260423 18:55:22- INFO- 2023-01-03 调仓，现金剩余: 2293.04
20260423 18:55:23- INFO- 2023-01-10 调仓，现金剩余: 1672.76
20260423 18:55:24- INFO- 2023-01-17 调仓，现金剩余: 2007.20
20260423 18:55:25- INFO- 2023-01-31 调仓，现金剩余: 2801.05
20260423 18:55:26- INFO- 2023-02-07 调仓，现金剩余: 1269.95
20260423 18:55:28- INFO- 2023-02-14 调仓，现金剩余: 700.12
20260423 18:55:29- INFO- 2023-02-21 调仓，现金剩余: 2073.00
20260423 18:55:30- INFO- 2023-02-28 调仓，现金剩余: 4150.94
20260423 18:55:31- INFO- 2023-03-07 调仓，现金剩余: 2960.58
20260423 18:55:32- INFO- 2023-03-14 调仓，现金剩余: 550.49
20260423 18:55:33- INFO- 2023-03-21 调仓，现金剩余: 1867.12
20260423 18:55:35- INFO- 2023-03-28 调仓，现金剩余: 3284.79
20260423 18:55:36- INFO- 2023-04-04 调仓，现金剩余: 1577.72
20260423 18:55:37- INFO- 2023-04-12 调仓，现金剩余: 2917.71
20260423 18:55:38- INFO- 2023-04-19 调仓，现金剩余: 1513.00
20260423 18:55:39- INFO- 2023-04-26 调仓，现金剩余: 1654.57
20260423 18:55:40- INFO- 2023-05-08 调仓，现金剩余: 2433.56
20260423 18:55:41- INFO- 2023-05-15 调仓，现金剩余: 1021.15
20260423 18:55:42- INFO- 2023-05-22 调仓，现金剩余: 821.46
20260423 18:55:44- INFO- 2023-05-29 调仓，现金剩余: 2013.32
20260423 18:55:45- INFO- 2023-06-05 调仓，现金剩余: 2841.92
20260423 18:55:46- INFO- 2023-06-12 调仓，现金剩余: 3091.32
20260423 18:55:47- INFO- 2023-06-19 调仓，现金剩余: 1591.26
20260423 18:55:48- INFO- 2023-06-28 调仓，现金剩余: 2371.49
20260423 18:55:49- INFO- 2023-07-05 调仓，现金剩余: 1282.19
20260423 18:55:50- INFO- 2023-07-12 调仓，现金剩余: 774.45
20260423 18:55:52- INFO- 2023-07-19 调仓，现金剩余: 1806.79
20260423 18:55:53- INFO- 2023-07-26 调仓，现金剩余: 2957.00
20260423 18:55:54- INFO- 2023-08-02 调仓，现金剩余: 1644.05
20260423 18:55:55- INFO- 2023-08-09 调仓，现金剩余: 4182.78
20260423 18:55:56- INFO- 2023-08-16 调仓，现金剩余: 1062.53
20260423 18:55:57- INFO- 2023-08-23 调仓，现金剩余: 1786.36
20260423 18:55:59- INFO- 2023-08-30 调仓，现金剩余: 790.86
20260423 18:56:00- INFO- 2023-09-06 调仓，现金剩余: 4445.28
20260423 18:56:01- INFO- 2023-09-13 调仓，现金剩余: 2617.94
20260423 18:56:02- INFO- 2023-09-20 调仓，现金剩余: 3993.13
20260423 18:56:03- INFO- 2023-09-27 调仓，现金剩余: 1074.68
20260423 18:56:04- INFO- 2023-10-12 调仓，现金剩余: 1732.97
20260423 18:56:05- INFO- 2023-10-19 调仓，现金剩余: 1582.46
20260423 18:56:07- INFO- 2023-10-26 调仓，现金剩余: 3255.11
20260423 18:56:08- INFO- 2023-11-02 调仓，现金剩余: 4536.82
20260423 18:56:09- INFO- 2023-11-09 调仓，现金剩余: 1763.92
20260423 18:56:10- INFO- 2023-11-16 调仓，现金剩余: 1376.47
20260423 18:56:11- INFO- 2023-11-23 调仓，现金剩余: 1681.18
20260423 18:56:12- INFO- 2023-11-30 调仓，现金剩余: 3183.64
20260423 18:56:13- INFO- 2023-12-07 调仓，现金剩余: 1629.24
20260423 18:56:15- INFO- 2023-12-14 调仓，现金剩余: 1852.22
20260423 18:56:16- INFO- 2023-12-21 调仓，现金剩余: 288.08
20260423 18:56:17- INFO- 2023-12-28 调仓，现金剩余: 2287.22
20260423 18:56:18- INFO- 2024-01-05 调仓，现金剩余: 4882.83
20260423 18:56:19- INFO- 2024-01-12 调仓，现金剩余: 2085.34
20260423 18:56:20- INFO- 2024-01-19 调仓，现金剩余: 4326.84
20260423 18:56:22- INFO- 2024-01-26 调仓，现金剩余: 5562.36
20260423 18:56:23- INFO- 2024-02-02 调仓，现金剩余: 1815.89
20260423 18:56:24- INFO- 2024-02-19 调仓，现金剩余: 1874.77
20260423 18:56:25- INFO- 2024-02-26 调仓，现金剩余: 608.44
20260423 18:56:26- INFO- 2024-03-04 调仓，现金剩余: 1145.79
20260423 18:56:27- INFO- 2024-03-11 调仓，现金剩余: 799.21
20260423 18:56:28- INFO- 2024-03-18 调仓，现金剩余: 3383.87
20260423 18:56:30- INFO- 2024-03-25 调仓，现金剩余: 1502.59
20260423 18:56:31- INFO- 2024-04-01 调仓，现金剩余: 913.00
20260423 18:56:32- INFO- 2024-04-10 调仓，现金剩余: 2391.97
20260423 18:56:33- INFO- 2024-04-17 调仓，现金剩余: 2042.58
20260423 18:56:34- INFO- 2024-04-24 调仓，现金剩余: 3028.18
20260423 18:56:35- INFO- 2024-05-06 调仓，现金剩余: 2611.70
20260423 18:56:37- INFO- 2024-05-13 调仓，现金剩余: 2044.86
20260423 18:56:38- INFO- 2024-05-20 调仓，现金剩余: 37.63
20260423 18:56:39- INFO- 2024-05-27 调仓，现金剩余: 1609.52
20260423 18:56:40- INFO- 2024-06-03 调仓，现金剩余: 1853.34
20260423 18:56:41- INFO- 2024-06-11 调仓，现金剩余: 1641.28
20260423 18:56:42- INFO- 2024-06-18 调仓，现金剩余: 602.55
20260423 18:56:43- INFO- 2024-06-25 调仓，现金剩余: 1025.47
20260423 18:56:44- INFO- 2024-07-02 调仓，现金剩余: 942.83
20260423 18:56:46- INFO- 2024-07-09 调仓，现金剩余: 478.20
20260423 18:56:47- INFO- 2024-07-16 调仓，现金剩余: 3359.67
20260423 18:56:48- INFO- 2024-07-23 调仓，现金剩余: 1780.78
20260423 18:56:49- INFO- 2024-07-30 调仓，现金剩余: 1929.96
20260423 18:56:50- INFO- 2024-08-06 调仓，现金剩余: 767.97
20260423 18:56:51- INFO- 2024-08-13 调仓，现金剩余: 1067.73
20260423 18:56:52- INFO- 2024-08-20 调仓，现金剩余: 1722.02
20260423 18:56:54- INFO- 2024-08-27 调仓，现金剩余: 2617.44
20260423 18:56:55- INFO- 2024-09-03 调仓，现金剩余: 2337.88
20260423 18:56:56- INFO- 2024-09-10 调仓，现金剩余: 1263.35
20260423 18:56:57- INFO- 2024-09-19 调仓，现金剩余: 732.90
20260423 18:56:58- INFO- 2024-09-26 调仓，现金剩余: 1830.56
20260423 18:56:59- INFO- 2024-10-10 调仓，现金剩余: 1398.74
20260423 18:57:01- INFO- 2024-10-17 调仓，现金剩余: 560.68
20260423 18:57:02- INFO- 2024-10-24 调仓，现金剩余: 2139.79
20260423 18:57:03- INFO- 2024-10-31 调仓，现金剩余: 1527.95
20260423 18:57:04- INFO- 2024-11-07 调仓，现金剩余: 1089.87
20260423 18:57:05- INFO- 2024-11-14 调仓，现金剩余: 835.55
20260423 18:57:06- INFO- 2024-11-21 调仓，现金剩余: 550.23
20260423 18:57:07- INFO- 2024-11-28 调仓，现金剩余: 870.81
20260423 18:57:08- WARNING- 2024-12-05 卖出找不到 SHSE.603356
20260423 18:57:08- INFO- 2024-12-05 调仓，现金剩余: 3309.06
20260423 18:57:10- INFO- 2024-12-12 调仓，现金剩余: 1472.08
20260423 18:57:11- INFO- 2024-12-19 调仓，现金剩余: 2032.66
20260423 18:57:12- INFO- 2024-12-26 调仓，现金剩余: 1661.40
20260423 18:57:13- INFO- 2025-01-03 调仓，现金剩余: 1300.17
20260423 18:57:14- INFO- 2025-01-10 调仓，现金剩余: 3179.18
20260423 18:57:15- INFO- 2025-01-17 调仓，现金剩余: 1210.34
20260423 18:57:16- INFO- 2025-01-24 调仓，现金剩余: 4742.36
20260423 18:57:18- INFO- 2025-02-10 调仓，现金剩余: 1073.07
20260423 18:57:19- INFO- 2025-02-17 调仓，现金剩余: 338.86
20260423 18:57:20- INFO- 2025-02-24 调仓，现金剩余: 3261.29
20260423 18:57:21- INFO- 2025-03-03 调仓，现金剩余: 3637.65
20260423 18:57:22- INFO- 2025-03-10 调仓，现金剩余: 1596.52
20260423 18:57:23- INFO- 2025-03-17 调仓，现金剩余: 299.85
20260423 18:57:24- INFO- 2025-03-24 调仓，现金剩余: 1923.42
20260423 18:57:25- INFO- 2025-03-31 调仓，现金剩余: 1168.74
20260423 18:57:27- INFO- 2025-04-08 调仓，现金剩余: 2041.53
20260423 18:57:28- INFO- 2025-04-15 调仓，现金剩余: 770.74
20260423 18:57:29- INFO- 2025-04-22 调仓，现金剩余: 864.78
20260423 18:57:30- INFO- 2025-04-29 调仓，现金剩余: 2212.08
20260423 18:57:31- INFO- 2025-05-09 调仓，现金剩余: 1850.83
20260423 18:57:32- INFO- 2025-05-16 调仓，现金剩余: 1169.74
20260423 18:57:34- INFO- 2025-05-23 调仓，现金剩余: 3974.68
20260423 18:57:35- INFO- 2025-05-30 调仓，现金剩余: 2106.34
20260423 18:57:36- INFO- 2025-06-09 调仓，现金剩余: 2201.50
20260423 18:57:37- INFO- 2025-06-16 调仓，现金剩余: 1688.32
20260423 18:57:38- INFO- 2025-06-23 调仓，现金剩余: 920.30
20260423 18:57:39- INFO- 2025-06-30 调仓，现金剩余: 2379.31
20260423 18:57:40- INFO- 2025-07-07 调仓，现金剩余: 3289.16
20260423 18:57:41- INFO- 2025-07-14 调仓，现金剩余: 2204.28
20260423 18:57:43- INFO- 2025-07-21 调仓，现金剩余: 3829.28
20260423 18:57:44- INFO- 2025-07-28 调仓，现金剩余: 1392.14
20260423 18:57:45- INFO- 2025-08-04 调仓，现金剩余: 2112.40
20260423 18:57:46- INFO- 2025-08-11 调仓，现金剩余: 2878.16
20260423 18:57:47- INFO- 2025-08-18 调仓，现金剩余: 1586.40
20260423 18:57:48- INFO- 2025-08-25 调仓，现金剩余: 3681.01
20260423 18:57:49- INFO- 2025-09-01 调仓，现金剩余: 2080.27
20260423 18:57:51- INFO- 2025-09-08 调仓，现金剩余: 1226.50
20260423 18:57:52- INFO- 2025-09-15 调仓，现金剩余: 5337.34
20260423 18:57:53- INFO- 2025-09-22 调仓，现金剩余: 3956.61
20260423 18:57:54- INFO- 2025-09-29 调仓，现金剩余: 1669.25
20260423 18:57:55- INFO- 2025-10-14 调仓，现金剩余: 2262.42
20260423 18:57:56- INFO- 2025-10-21 调仓，现金剩余: 2323.12
20260423 18:57:57- INFO- 2025-10-28 调仓，现金剩余: 1590.66
20260423 18:57:59- INFO- 2025-11-04 调仓，现金剩余: 3868.10
20260423 18:58:00- INFO- 2025-11-11 调仓，现金剩余: 956.14
20260423 18:58:01- INFO- 2025-11-18 调仓，现金剩余: 3351.74
20260423 18:58:02- INFO- 2025-11-25 调仓，现金剩余: 2485.46
20260423 18:58:03- INFO- 2025-12-02 调仓，现金剩余: 1891.20
20260423 18:58:04- INFO- 2025-12-09 调仓，现金剩余: 1216.49
20260423 18:58:05- INFO- 2025-12-16 调仓，现金剩余: 3025.99
20260423 18:58:06- INFO- 2025-12-23 调仓，现金剩余: 3620.01
20260423 18:58:08- INFO- 2025-12-30 调仓，现金剩余: 1753.12
20260423 18:58:09- INFO- 2026-01-08 调仓，现金剩余: 2007.45
20260423 18:58:10- INFO- 2026-01-15 调仓，现金剩余: 1939.87
20260423 18:58:11- INFO- 2026-01-22 调仓，现金剩余: 3391.62
20260423 18:58:12- INFO- 2026-01-29 调仓，现金剩余: 2579.59
20260423 18:58:13- INFO- 2026-02-05 调仓，现金剩余: 2502.94
20260423 18:58:14- INFO- 2026-02-12 调仓，现金剩余: 2712.76
20260423 18:58:15- INFO- 2026-02-27 调仓，现金剩余: 2164.03
20260423 18:58:17- INFO- 2026-03-06 调仓，现金剩余: 2906.42
20260423 18:58:18- INFO- 2026-03-13 调仓，现金剩余: 3139.20
20260423 18:58:19- INFO- 2026-03-20 调仓，现金剩余: 985.15
20260423 18:58:20- INFO- 2026-03-27 调仓，现金剩余: 2025.12
20260423 18:58:21- INFO- 2026-04-03 调仓，现金剩余: 3537.72
20260423 18:58:21- INFO- 信号生成完成: 买入765笔, 卖出761笔
20260423 18:58:21- INFO- 开始回测...
20260423 19:01:06- INFO- 回测完成！
20260423 19:01:08- INFO- 回测结果:
    指标名称                 指标值
  回测开始日期 2021-01-04 00:00:00
  回测结束日期 2026-04-07 00:00:00
    策略胜率               0.00%
   策略盈亏比                0.00
  策略总收益率              63.41%
 策略年化收益率               9.79%
    最大回撤             -46.23%
最大回撤开始日期 2022-08-23 00:00:00
最大回撤结束日期 2024-02-07 00:00:00
    夏普比率                0.41
    最终净值              1.6341
20260423 19:01:09- INFO- 
==================================================
20260423 19:01:09- INFO- 回测指标
20260423 19:01:09- INFO- ==================================================
20260423 19:01:09- INFO- 
    指标名称                 指标值
  回测开始日期 2021-01-04 00:00:00
  回测结束日期 2026-04-07 00:00:00
    策略胜率               0.00%
   策略盈亏比                0.00
  策略总收益率              63.41%
 策略年化收益率               9.79%
    最大回撤             -46.23%
最大回撤开始日期 2022-08-23 00:00:00
最大回撤结束日期 2024-02-07 00:00:00
    夏普比率                0.41
    最终净值              1.6341
20260423 19:01:09- INFO- 结果已保存
20260423 19:21:37- INFO- 读取数据: 2021-01-04 至 2026-04-20
20260423 19:21:38- INFO- 数据行数: 6362021
20260423 19:21:38- INFO- 生成交易信号...
20260423 19:21:38- INFO- 交易日数量: 1272
20260423 19:22:02- INFO- 读取数据: 2021-01-04 至 2026-04-20
20260423 19:22:02- INFO- 数据行数: 6362021
20260423 19:22:02- INFO- 生成交易信号...
20260423 19:22:03- INFO- 交易日数量: 1272
20260423 19:22:03- INFO- 2021-01-04 调仓，现金剩余: 1716.52
20260423 19:22:04- INFO- 2021-01-11 调仓，现金剩余: 1112.45
20260423 19:22:05- INFO- 2021-01-18 调仓，现金剩余: 446.02
20260423 19:22:06- INFO- 2021-01-25 调仓，现金剩余: 1663.04
20260423 19:22:07- INFO- 2021-02-01 调仓，现金剩余: 1595.20
20260423 19:22:08- INFO- 2021-02-08 调仓，现金剩余: 834.03
20260423 19:22:09- INFO- 2021-02-22 调仓，现金剩余: 943.42
20260423 19:22:11- INFO- 2021-03-01 调仓，现金剩余: 477.50
20260423 19:22:12- INFO- 2021-03-08 调仓，现金剩余: 1231.84
20260423 19:22:13- INFO- 2021-03-15 调仓，现金剩余: 1538.80
20260423 19:22:14- INFO- 2021-03-22 调仓，现金剩余: 2209.53
20260423 19:22:15- INFO- 2021-03-29 调仓，现金剩余: 979.45
20260423 19:22:16- INFO- 2021-04-06 调仓，现金剩余: 1160.94
20260423 19:22:17- INFO- 2021-04-13 调仓，现金剩余: 768.04
20260423 19:22:18- INFO- 2021-04-20 调仓，现金剩余: 974.47
20260423 19:22:20- INFO- 2021-04-27 调仓，现金剩余: 2354.34
20260423 19:22:21- INFO- 2021-05-07 调仓，现金剩余: 1216.23
20260423 19:22:22- INFO- 2021-05-14 调仓，现金剩余: 482.14
20260423 19:22:23- INFO- 2021-05-21 调仓，现金剩余: 2607.34
20260423 19:22:24- INFO- 2021-05-28 调仓，现金剩余: 1491.77
20260423 19:22:25- INFO- 2021-06-04 调仓，现金剩余: 2888.02
20260423 19:22:27- INFO- 2021-06-11 调仓，现金剩余: 1719.64
20260423 19:22:28- INFO- 2021-06-21 调仓，现金剩余: 2045.05
20260423 19:22:29- INFO- 2021-06-28 调仓，现金剩余: 802.93
20260423 19:22:30- INFO- 2021-07-05 调仓，现金剩余: 4022.89
20260423 19:22:31- INFO- 2021-07-12 调仓，现金剩余: 873.56
20260423 19:22:33- INFO- 2021-07-19 调仓，现金剩余: 967.35
20260423 19:22:34- INFO- 2021-07-26 调仓，现金剩余: 3371.31
20260423 19:22:35- INFO- 2021-08-02 调仓，现金剩余: 3920.51
20260423 19:22:36- INFO- 2021-08-09 调仓，现金剩余: 1376.96
20260423 19:22:37- INFO- 2021-08-16 调仓，现金剩余: 2753.07
20260423 19:22:39- INFO- 2021-08-23 调仓，现金剩余: 1513.01
20260423 19:22:40- INFO- 2021-08-30 调仓，现金剩余: 843.82
20260423 19:22:41- INFO- 2021-09-06 调仓，现金剩余: 910.87
20260423 19:22:42- INFO- 2021-09-13 调仓，现金剩余: 1517.39
20260423 19:22:43- INFO- 2021-09-22 调仓，现金剩余: 1396.31
20260423 19:22:44- INFO- 2021-09-29 调仓，现金剩余: 1789.61
20260423 19:22:46- INFO- 2021-10-13 调仓，现金剩余: 1774.27
20260423 19:22:47- INFO- 2021-10-20 调仓，现金剩余: 943.37
20260423 19:22:48- INFO- 2021-10-27 调仓，现金剩余: 1616.28
20260423 19:22:49- INFO- 2021-11-03 调仓，现金剩余: 2497.82
20260423 19:22:50- INFO- 2021-11-10 调仓，现金剩余: 888.95
20260423 19:22:52- INFO- 2021-11-17 调仓，现金剩余: 1069.51
20260423 19:22:53- INFO- 2021-11-24 调仓，现金剩余: 570.34
20260423 19:22:54- INFO- 2021-12-01 调仓，现金剩余: 1334.33
20260423 19:22:55- INFO- 2021-12-08 调仓，现金剩余: 781.09
20260423 19:22:56- INFO- 2021-12-15 调仓，现金剩余: 1197.66
20260423 19:22:57- INFO- 2021-12-22 调仓，现金剩余: 2840.26
20260423 19:22:59- INFO- 2021-12-29 调仓，现金剩余: 2610.54
20260423 19:23:00- INFO- 2022-01-06 调仓，现金剩余: 1757.62
20260423 19:23:01- INFO- 2022-01-13 调仓，现金剩余: 1251.80
20260423 19:23:02- INFO- 2022-01-20 调仓，现金剩余: 1875.09
20260423 19:23:03- INFO- 2022-01-27 调仓，现金剩余: 5263.56
20260423 19:23:05- INFO- 2022-02-10 调仓，现金剩余: 1503.66
20260423 19:23:06- INFO- 2022-02-17 调仓，现金剩余: 2012.99
20260423 19:23:07- INFO- 2022-02-24 调仓，现金剩余: 1125.78
20260423 19:23:08- INFO- 2022-03-03 调仓，现金剩余: 1984.66
20260423 19:23:09- INFO- 2022-03-10 调仓，现金剩余: 1463.32
20260423 19:23:10- INFO- 2022-03-17 调仓，现金剩余: 1647.59
20260423 19:23:11- INFO- 2022-03-24 调仓，现金剩余: 2233.92
20260423 19:23:13- INFO- 2022-03-31 调仓，现金剩余: 2819.30
20260423 19:23:14- INFO- 2022-04-11 调仓，现金剩余: 1609.06
20260423 19:23:15- INFO- 2022-04-18 调仓，现金剩余: 2546.90
20260423 19:23:16- INFO- 2022-04-25 调仓，现金剩余: 3317.98
20260423 19:23:17- INFO- 2022-05-05 调仓，现金剩余: 1410.00
20260423 19:23:18- INFO- 2022-05-12 调仓，现金剩余: 975.16
20260423 19:23:19- INFO- 2022-05-19 调仓，现金剩余: 1519.49
20260423 19:23:20- INFO- 2022-05-26 调仓，现金剩余: 2051.96
20260423 19:23:22- INFO- 2022-06-02 调仓，现金剩余: 2398.48
20260423 19:23:23- INFO- 2022-06-10 调仓，现金剩余: 1069.71
20260423 19:23:24- INFO- 2022-06-17 调仓，现金剩余: 2720.32
20260423 19:23:25- INFO- 2022-06-24 调仓，现金剩余: 1732.05
20260423 19:23:26- INFO- 2022-07-01 调仓，现金剩余: 3699.74
20260423 19:23:27- INFO- 2022-07-08 调仓，现金剩余: 451.90
20260423 19:23:28- INFO- 2022-07-15 调仓，现金剩余: 1008.07
20260423 19:23:29- INFO- 2022-07-22 调仓，现金剩余: 2498.39
20260423 19:23:30- INFO- 2022-07-29 调仓，现金剩余: 3101.44
20260423 19:23:31- INFO- 2022-08-05 调仓，现金剩余: 1247.47
20260423 19:23:32- INFO- 2022-08-12 调仓，现金剩余: 1922.04
20260423 19:23:33- INFO- 2022-08-19 调仓，现金剩余: 901.05
20260423 19:23:35- INFO- 2022-08-26 调仓，现金剩余: 2071.12
20260423 19:23:36- INFO- 2022-09-02 调仓，现金剩余: 931.65
20260423 19:23:37- INFO- 2022-09-09 调仓，现金剩余: 1045.46
20260423 19:23:38- INFO- 2022-09-19 调仓，现金剩余: 2471.01
20260423 19:23:39- INFO- 2022-09-26 调仓，现金剩余: 1297.40
20260423 19:23:40- INFO- 2022-10-10 调仓，现金剩余: 1626.29
20260423 19:23:41- INFO- 2022-10-17 调仓，现金剩余: 624.86
20260423 19:23:42- INFO- 2022-10-24 调仓，现金剩余: 1469.00
20260423 19:23:43- INFO- 2022-10-31 调仓，现金剩余: 1874.52
20260423 19:23:44- INFO- 2022-11-07 调仓，现金剩余: 1107.60
20260423 19:23:45- INFO- 2022-11-14 调仓，现金剩余: 1665.14
20260423 19:23:46- INFO- 2022-11-21 调仓，现金剩余: 772.80
20260423 19:23:48- INFO- 2022-11-28 调仓，现金剩余: 2340.50
20260423 19:23:49- INFO- 2022-12-05 调仓，现金剩余: 3147.58
20260423 19:23:50- INFO- 2022-12-12 调仓，现金剩余: 1395.41
20260423 19:23:51- INFO- 2022-12-19 调仓，现金剩余: 4932.16
20260423 19:23:52- INFO- 2022-12-26 调仓，现金剩余: 392.77
20260423 19:23:53- INFO- 2023-01-03 调仓，现金剩余: 2293.04
20260423 19:23:55- INFO- 2023-01-10 调仓，现金剩余: 1672.76
20260423 19:23:56- INFO- 2023-01-17 调仓，现金剩余: 2007.20
20260423 19:23:57- INFO- 2023-01-31 调仓，现金剩余: 2801.05
20260423 19:23:58- INFO- 2023-02-07 调仓，现金剩余: 1269.95
20260423 19:23:59- INFO- 2023-02-14 调仓，现金剩余: 700.12
20260423 19:24:01- INFO- 2023-02-21 调仓，现金剩余: 2073.00
20260423 19:24:02- INFO- 2023-02-28 调仓，现金剩余: 4150.94
20260423 19:24:03- INFO- 2023-03-07 调仓，现金剩余: 2960.58
20260423 19:24:04- INFO- 2023-03-14 调仓，现金剩余: 550.49
20260423 19:24:05- INFO- 2023-03-21 调仓，现金剩余: 1867.12
20260423 19:24:06- INFO- 2023-03-28 调仓，现金剩余: 3284.79
20260423 19:24:08- INFO- 2023-04-04 调仓，现金剩余: 1577.72
20260423 19:24:09- INFO- 2023-04-12 调仓，现金剩余: 2917.71
20260423 19:24:10- INFO- 2023-04-19 调仓，现金剩余: 1513.00
20260423 19:24:11- INFO- 2023-04-26 调仓，现金剩余: 1654.57
20260423 19:24:12- INFO- 2023-05-08 调仓，现金剩余: 2433.56
20260423 19:24:13- INFO- 2023-05-15 调仓，现金剩余: 1021.15
20260423 19:24:14- INFO- 2023-05-22 调仓，现金剩余: 821.46
20260423 19:24:16- INFO- 2023-05-29 调仓，现金剩余: 2013.32
20260423 19:24:17- INFO- 2023-06-05 调仓，现金剩余: 2841.92
20260423 19:24:18- INFO- 2023-06-12 调仓，现金剩余: 3091.32
20260423 19:24:19- INFO- 2023-06-19 调仓，现金剩余: 1591.26
20260423 19:24:20- INFO- 2023-06-28 调仓，现金剩余: 2371.49
20260423 19:24:22- INFO- 2023-07-05 调仓，现金剩余: 1282.19
20260423 19:24:23- INFO- 2023-07-12 调仓，现金剩余: 774.45
20260423 19:24:24- INFO- 2023-07-19 调仓，现金剩余: 1806.79
20260423 19:24:25- INFO- 2023-07-26 调仓，现金剩余: 2957.00
20260423 19:24:26- INFO- 2023-08-02 调仓，现金剩余: 1644.05
20260423 19:24:27- INFO- 2023-08-09 调仓，现金剩余: 4182.78
20260423 19:24:29- INFO- 2023-08-16 调仓，现金剩余: 1062.53
20260423 19:24:30- INFO- 2023-08-23 调仓，现金剩余: 1786.36
20260423 19:24:31- INFO- 2023-08-30 调仓，现金剩余: 790.86
20260423 19:24:32- INFO- 2023-09-06 调仓，现金剩余: 4445.28
20260423 19:24:33- INFO- 2023-09-13 调仓，现金剩余: 2617.94
20260423 19:24:35- INFO- 2023-09-20 调仓，现金剩余: 3993.13
20260423 19:24:36- INFO- 2023-09-27 调仓，现金剩余: 1074.68
20260423 19:24:37- INFO- 2023-10-12 调仓，现金剩余: 1732.97
20260423 19:24:38- INFO- 2023-10-19 调仓，现金剩余: 1582.46
20260423 19:24:39- INFO- 2023-10-26 调仓，现金剩余: 3255.11
20260423 19:24:40- INFO- 2023-11-02 调仓，现金剩余: 4536.82
20260423 19:24:42- INFO- 2023-11-09 调仓，现金剩余: 1763.92
20260423 19:24:43- INFO- 2023-11-16 调仓，现金剩余: 1376.47
20260423 19:24:44- INFO- 2023-11-23 调仓，现金剩余: 1681.18
20260423 19:24:45- INFO- 2023-11-30 调仓，现金剩余: 3183.64
20260423 19:24:46- INFO- 2023-12-07 调仓，现金剩余: 1629.24
20260423 19:24:47- INFO- 2023-12-14 调仓，现金剩余: 1852.22
20260423 19:24:48- INFO- 2023-12-21 调仓，现金剩余: 288.08
20260423 19:24:50- INFO- 2023-12-28 调仓，现金剩余: 2287.22
20260423 19:24:51- INFO- 2024-01-05 调仓，现金剩余: 4882.83
20260423 19:24:52- INFO- 2024-01-12 调仓，现金剩余: 2085.34
20260423 19:24:53- INFO- 2024-01-19 调仓，现金剩余: 4326.84
20260423 19:24:54- INFO- 2024-01-26 调仓，现金剩余: 5562.36
20260423 19:24:55- INFO- 2024-02-02 调仓，现金剩余: 1815.89
20260423 19:24:56- INFO- 2024-02-19 调仓，现金剩余: 1874.77
20260423 19:24:58- INFO- 2024-02-26 调仓，现金剩余: 608.44
20260423 19:24:59- INFO- 2024-03-04 调仓，现金剩余: 1145.79
20260423 19:25:00- INFO- 2024-03-11 调仓，现金剩余: 799.21
20260423 19:25:01- INFO- 2024-03-18 调仓，现金剩余: 3383.87
20260423 19:25:02- INFO- 2024-03-25 调仓，现金剩余: 1502.59
20260423 19:25:03- INFO- 2024-04-01 调仓，现金剩余: 913.00
20260423 19:25:05- INFO- 2024-04-10 调仓，现金剩余: 2391.97
20260423 19:25:06- INFO- 2024-04-17 调仓，现金剩余: 2042.58
20260423 19:25:07- INFO- 2024-04-24 调仓，现金剩余: 3028.18
20260423 19:25:08- INFO- 2024-05-06 调仓，现金剩余: 2611.70
20260423 19:25:09- INFO- 2024-05-13 调仓，现金剩余: 2044.86
20260423 19:25:11- INFO- 2024-05-20 调仓，现金剩余: 37.63
20260423 19:25:12- INFO- 2024-05-27 调仓，现金剩余: 1609.52
20260423 19:25:13- INFO- 2024-06-03 调仓，现金剩余: 1853.34
20260423 19:25:14- INFO- 2024-06-11 调仓，现金剩余: 1641.28
20260423 19:25:15- INFO- 2024-06-18 调仓，现金剩余: 602.55
20260423 19:25:16- INFO- 2024-06-25 调仓，现金剩余: 1025.47
20260423 19:25:18- INFO- 2024-07-02 调仓，现金剩余: 942.83
20260423 19:25:19- INFO- 2024-07-09 调仓，现金剩余: 478.20
20260423 19:25:20- INFO- 2024-07-16 调仓，现金剩余: 3359.67
20260423 19:25:21- INFO- 2024-07-23 调仓，现金剩余: 1780.78
20260423 19:25:22- INFO- 2024-07-30 调仓，现金剩余: 1929.96
20260423 19:25:24- INFO- 2024-08-06 调仓，现金剩余: 767.97
20260423 19:25:25- INFO- 2024-08-13 调仓，现金剩余: 1067.73
20260423 19:25:26- INFO- 2024-08-20 调仓，现金剩余: 1722.02
20260423 19:25:27- INFO- 2024-08-27 调仓，现金剩余: 2617.44
20260423 19:25:28- INFO- 2024-09-03 调仓，现金剩余: 2337.88
20260423 19:25:30- INFO- 2024-09-10 调仓，现金剩余: 1263.35
20260423 19:25:31- INFO- 2024-09-19 调仓，现金剩余: 732.90
20260423 19:25:32- INFO- 2024-09-26 调仓，现金剩余: 1830.56
20260423 19:25:33- INFO- 2024-10-10 调仓，现金剩余: 1398.74
20260423 19:25:34- INFO- 2024-10-17 调仓，现金剩余: 560.68
20260423 19:25:35- INFO- 2024-10-24 调仓，现金剩余: 2139.79
20260423 19:25:37- INFO- 2024-10-31 调仓，现金剩余: 1527.95
20260423 19:25:38- INFO- 2024-11-07 调仓，现金剩余: 1089.87
20260423 19:25:39- INFO- 2024-11-14 调仓，现金剩余: 835.55
20260423 19:25:40- INFO- 2024-11-21 调仓，现金剩余: 550.23
20260423 19:25:41- INFO- 2024-11-28 调仓，现金剩余: 870.81
20260423 19:25:42- WARNING- 2024-12-05 卖出找不到 SHSE.603356
20260423 19:25:42- INFO- 2024-12-05 调仓，现金剩余: 3309.06
20260423 19:25:44- INFO- 2024-12-12 调仓，现金剩余: 1472.08
20260423 19:25:45- INFO- 2024-12-19 调仓，现金剩余: 2032.66
20260423 19:25:46- INFO- 2024-12-26 调仓，现金剩余: 1661.40
20260423 19:25:47- INFO- 2025-01-03 调仓，现金剩余: 1300.17
20260423 19:25:48- INFO- 2025-01-10 调仓，现金剩余: 3179.18
20260423 19:25:49- INFO- 2025-01-17 调仓，现金剩余: 1210.34
20260423 19:25:50- INFO- 2025-01-24 调仓，现金剩余: 4742.36
20260423 19:25:52- INFO- 2025-02-10 调仓，现金剩余: 1073.07
20260423 19:25:53- INFO- 2025-02-17 调仓，现金剩余: 338.86
20260423 19:25:54- INFO- 2025-02-24 调仓，现金剩余: 3261.29
20260423 19:25:55- INFO- 2025-03-03 调仓，现金剩余: 3637.65
20260423 19:25:56- INFO- 2025-03-10 调仓，现金剩余: 1596.52
20260423 19:25:57- INFO- 2025-03-17 调仓，现金剩余: 299.85
20260423 19:25:59- INFO- 2025-03-24 调仓，现金剩余: 1923.42
20260423 19:26:00- INFO- 2025-03-31 调仓，现金剩余: 1168.74
20260423 19:26:01- INFO- 2025-04-08 调仓，现金剩余: 2041.53
20260423 19:26:02- INFO- 2025-04-15 调仓，现金剩余: 770.74
20260423 19:26:03- INFO- 2025-04-22 调仓，现金剩余: 864.78
20260423 19:26:04- INFO- 2025-04-29 调仓，现金剩余: 2212.08
20260423 19:26:06- INFO- 2025-05-09 调仓，现金剩余: 1850.83
20260423 19:26:07- INFO- 2025-05-16 调仓，现金剩余: 1169.74
20260423 19:26:08- INFO- 2025-05-23 调仓，现金剩余: 3974.68
20260423 19:26:09- INFO- 2025-05-30 调仓，现金剩余: 2106.34
20260423 19:26:10- INFO- 2025-06-09 调仓，现金剩余: 2201.50
20260423 19:26:11- INFO- 2025-06-16 调仓，现金剩余: 1688.32
20260423 19:26:13- INFO- 2025-06-23 调仓，现金剩余: 920.30
20260423 19:26:14- INFO- 2025-06-30 调仓，现金剩余: 2379.31
20260423 19:26:15- INFO- 2025-07-07 调仓，现金剩余: 3289.16
20260423 19:26:16- INFO- 2025-07-14 调仓，现金剩余: 2204.28
20260423 19:26:17- INFO- 2025-07-21 调仓，现金剩余: 3829.28
20260423 19:26:18- INFO- 2025-07-28 调仓，现金剩余: 1392.14
20260423 19:26:19- INFO- 2025-08-04 调仓，现金剩余: 2112.40
20260423 19:26:21- INFO- 2025-08-11 调仓，现金剩余: 2878.16
20260423 19:26:22- INFO- 2025-08-18 调仓，现金剩余: 1586.40
20260423 19:26:23- INFO- 2025-08-25 调仓，现金剩余: 3681.01
20260423 19:26:24- INFO- 2025-09-01 调仓，现金剩余: 2080.27
20260423 19:26:25- INFO- 2025-09-08 调仓，现金剩余: 1226.50
20260423 19:26:26- INFO- 2025-09-15 调仓，现金剩余: 5337.34
20260423 19:26:28- INFO- 2025-09-22 调仓，现金剩余: 3956.61
20260423 19:26:29- INFO- 2025-09-29 调仓，现金剩余: 1669.25
20260423 19:26:30- INFO- 2025-10-14 调仓，现金剩余: 2262.42
20260423 19:26:31- INFO- 2025-10-21 调仓，现金剩余: 2323.12
20260423 19:26:32- INFO- 2025-10-28 调仓，现金剩余: 1590.66
20260423 19:26:33- INFO- 2025-11-04 调仓，现金剩余: 3868.10
20260423 19:26:34- INFO- 2025-11-11 调仓，现金剩余: 956.14
20260423 19:26:36- INFO- 2025-11-18 调仓，现金剩余: 3351.74
20260423 19:26:37- INFO- 2025-11-25 调仓，现金剩余: 2485.46
20260423 19:26:38- INFO- 2025-12-02 调仓，现金剩余: 1891.20
20260423 19:26:39- INFO- 2025-12-09 调仓，现金剩余: 1216.49
20260423 19:26:40- INFO- 2025-12-16 调仓，现金剩余: 3025.99
20260423 19:26:41- INFO- 2025-12-23 调仓，现金剩余: 3620.01
20260423 19:26:42- INFO- 2025-12-30 调仓，现金剩余: 1753.12
20260423 19:26:43- INFO- 2026-01-08 调仓，现金剩余: 2007.45
20260423 19:26:45- INFO- 2026-01-15 调仓，现金剩余: 1939.87
20260423 19:26:46- INFO- 2026-01-22 调仓，现金剩余: 3391.62
20260423 19:26:47- INFO- 2026-01-29 调仓，现金剩余: 2579.59
20260423 19:26:48- INFO- 2026-02-05 调仓，现金剩余: 2502.94
20260423 19:26:49- INFO- 2026-02-12 调仓，现金剩余: 2712.76
20260423 19:26:50- INFO- 2026-02-27 调仓，现金剩余: 2164.03
20260423 19:26:51- INFO- 2026-03-06 调仓，现金剩余: 2906.42
20260423 19:26:52- INFO- 2026-03-13 调仓，现金剩余: 3139.20
20260423 19:26:54- INFO- 2026-03-20 调仓，现金剩余: 985.15
20260423 19:26:55- INFO- 2026-03-27 调仓，现金剩余: 2025.12
20260423 19:26:56- INFO- 2026-04-03 调仓，现金剩余: 3537.72
20260423 19:26:56- INFO- 信号生成完成: 买入765笔, 卖出761笔
20260423 19:26:56- INFO- 开始回测...
20260423 19:30:08- INFO- 回测完成！
20260423 19:30:12- INFO- 回测结果:
    指标名称                 指标值
  回测开始日期 2021-01-04 00:00:00
  回测结束日期 2026-04-07 00:00:00
    策略胜率               0.00%
   策略盈亏比                0.00
  策略总收益率              63.41%
 策略年化收益率               9.79%
    最大回撤             -46.23%
最大回撤开始日期 2022-08-23 00:00:00
最大回撤结束日期 2024-02-07 00:00:00
    夏普比率                0.41
    最终净值              1.6341
20260423 19:30:12- INFO- 
==================================================
20260423 19:30:12- INFO- 回测指标
20260423 19:30:12- INFO- ==================================================
20260423 19:30:12- INFO- 
    指标名称                 指标值
  回测开始日期 2021-01-04 00:00:00
  回测结束日期 2026-04-07 00:00:00
    策略胜率               0.00%
   策略盈亏比                0.00
  策略总收益率              63.41%
 策略年化收益率               9.79%
    最大回撤             -46.23%
最大回撤开始日期 2022-08-23 00:00:00
最大回撤结束日期 2024-02-07 00:00:00
    夏普比率                0.41
    最终净值              1.6341
20260423 19:30:13- INFO- 结果已保存
20260423 21:35:19- INFO- 读取数据: 2024-01-04 至 2026-04-20
20260423 21:35:20- INFO- 数据行数: 2873394
20260423 21:35:20- INFO- 生成交易信号...
20260423 21:35:20- INFO- 交易日数量: 543
20260423 21:35:20- INFO- 2024-01-04 调仓，现金剩余: 899.28
20260423 21:35:20- INFO- 2024-01-11 调仓，现金剩余: 2541.64
20260423 21:35:21- INFO- 2024-01-18 调仓，现金剩余: 2333.58
20260423 21:35:21- INFO- 2024-01-25 调仓，现金剩余: 763.13
20260423 21:35:22- INFO- 2024-02-01 调仓，现金剩余: 1438.86
20260423 21:35:22- INFO- 2024-02-08 调仓，现金剩余: 1936.39
20260423 21:35:23- INFO- 2024-02-23 调仓，现金剩余: 962.76
20260423 21:35:23- INFO- 2024-03-01 调仓，现金剩余: 3010.23
20260423 21:35:24- INFO- 2024-03-08 调仓，现金剩余: 795.82
20260423 21:35:24- INFO- 2024-03-15 调仓，现金剩余: 1099.55
20260423 21:35:25- INFO- 2024-03-22 调仓，现金剩余: 4215.29
20260423 21:35:25- INFO- 2024-03-29 调仓，现金剩余: 3517.44
20260423 21:35:26- INFO- 2024-04-09 调仓，现金剩余: 3023.65
20260423 21:35:26- INFO- 2024-04-16 调仓，现金剩余: 471.93
20260423 21:35:27- INFO- 2024-04-23 调仓，现金剩余: 585.34
20260423 21:35:27- INFO- 2024-04-30 调仓，现金剩余: 797.47
20260423 21:35:28- INFO- 2024-05-10 调仓，现金剩余: 1205.76
20260423 21:35:28- INFO- 2024-05-17 调仓，现金剩余: 2549.32
20260423 21:35:29- INFO- 2024-05-24 调仓，现金剩余: 4477.06
20260423 21:35:29- INFO- 2024-05-31 调仓，现金剩余: 2402.57
20260423 21:35:30- INFO- 2024-06-07 调仓，现金剩余: 416.55
20260423 21:35:30- INFO- 2024-06-17 调仓，现金剩余: 1120.95
20260423 21:35:30- INFO- 2024-06-24 调仓，现金剩余: 1677.69
20260423 21:35:31- INFO- 2024-07-01 调仓，现金剩余: 357.59
20260423 21:35:31- INFO- 2024-07-08 调仓，现金剩余: 1630.86
20260423 21:35:32- INFO- 2024-07-15 调仓，现金剩余: 433.43
20260423 21:35:32- INFO- 2024-07-22 调仓，现金剩余: 2864.86
20260423 21:35:33- INFO- 2024-07-29 调仓，现金剩余: 1659.08
20260423 21:35:33- INFO- 2024-08-05 调仓，现金剩余: 826.98
20260423 21:35:34- INFO- 2024-08-12 调仓，现金剩余: 759.23
20260423 21:35:34- INFO- 2024-08-19 调仓，现金剩余: 2024.55
20260423 21:35:35- INFO- 2024-08-26 调仓，现金剩余: 2559.78
20260423 21:35:35- INFO- 2024-09-02 调仓，现金剩余: 2000.23
20260423 21:35:36- INFO- 2024-09-09 调仓，现金剩余: 2501.64
20260423 21:35:36- INFO- 2024-09-18 调仓，现金剩余: 1073.88
20260423 21:35:37- INFO- 2024-09-25 调仓，现金剩余: 2019.10
20260423 21:35:37- INFO- 2024-10-09 调仓，现金剩余: 1956.54
20260423 21:35:38- INFO- 2024-10-16 调仓，现金剩余: 2337.88
20260423 21:35:38- INFO- 2024-10-23 调仓，现金剩余: 799.12
20260423 21:35:38- INFO- 2024-10-30 调仓，现金剩余: 1907.62
20260423 21:35:39- INFO- 2024-11-06 调仓，现金剩余: 1985.33
20260423 21:35:39- INFO- 2024-11-13 调仓，现金剩余: 3659.68
20260423 21:35:40- INFO- 2024-11-20 调仓，现金剩余: 660.75
20260423 21:35:40- INFO- 2024-11-27 调仓，现金剩余: 890.31
20260423 21:35:41- INFO- 2024-12-04 调仓，现金剩余: 2341.52
20260423 21:35:41- INFO- 2024-12-11 调仓，现金剩余: 2979.18
20260423 21:35:42- INFO- 2024-12-18 调仓，现金剩余: 2522.37
20260423 21:35:42- INFO- 2024-12-25 调仓，现金剩余: 1200.40
20260423 21:35:43- INFO- 2025-01-02 调仓，现金剩余: 1903.63
20260423 21:35:43- INFO- 2025-01-09 调仓，现金剩余: 980.46
20260423 21:35:44- INFO- 2025-01-16 调仓，现金剩余: 1671.74
20260423 21:35:44- INFO- 2025-01-23 调仓，现金剩余: 1625.62
20260423 21:35:45- INFO- 2025-02-07 调仓，现金剩余: 1842.25
20260423 21:35:45- INFO- 2025-02-14 调仓，现金剩余: 3270.54
20260423 21:35:46- INFO- 2025-02-21 调仓，现金剩余: 1485.17
20260423 21:35:46- INFO- 2025-02-28 调仓，现金剩余: 2901.85
20260423 21:35:46- INFO- 2025-03-07 调仓，现金剩余: 885.69
20260423 21:35:47- INFO- 2025-03-14 调仓，现金剩余: 1422.22
20260423 21:35:47- INFO- 2025-03-21 调仓，现金剩余: 1469.47
20260423 21:35:48- INFO- 2025-03-28 调仓，现金剩余: 2379.72
20260423 21:35:48- INFO- 2025-04-07 调仓，现金剩余: 2393.97
20260423 21:35:49- INFO- 2025-04-14 调仓，现金剩余: 2081.67
20260423 21:35:49- INFO- 2025-04-21 调仓，现金剩余: 957.63
20260423 21:35:50- INFO- 2025-04-28 调仓，现金剩余: 1847.79
20260423 21:35:50- INFO- 2025-05-08 调仓，现金剩余: 1159.96
20260423 21:35:51- INFO- 2025-05-15 调仓，现金剩余: 1967.74
20260423 21:35:51- INFO- 2025-05-22 调仓，现金剩余: 2282.80
20260423 21:35:52- INFO- 2025-05-29 调仓，现金剩余: 1258.53
20260423 21:35:52- INFO- 2025-06-06 调仓，现金剩余: 1719.33
20260423 21:35:52- INFO- 2025-06-13 调仓，现金剩余: 2323.01
20260423 21:35:53- INFO- 2025-06-20 调仓，现金剩余: 1979.30
20260423 21:35:53- INFO- 2025-06-27 调仓，现金剩余: 2417.51
20260423 21:35:54- INFO- 2025-07-04 调仓，现金剩余: 3834.40
20260423 21:35:54- INFO- 2025-07-11 调仓，现金剩余: 2285.78
20260423 21:35:55- INFO- 2025-07-18 调仓，现金剩余: 2201.08
20260423 21:35:55- INFO- 2025-07-25 调仓，现金剩余: 1715.69
20260423 21:35:56- INFO- 2025-08-01 调仓，现金剩余: 1408.10
20260423 21:35:56- INFO- 2025-08-08 调仓，现金剩余: 4614.56
20260423 21:35:57- INFO- 2025-08-15 调仓，现金剩余: 4356.15
20260423 21:35:57- INFO- 2025-08-22 调仓，现金剩余: 1370.62
20260423 21:35:58- INFO- 2025-08-29 调仓，现金剩余: 2465.31
20260423 21:35:58- INFO- 2025-09-05 调仓，现金剩余: 1799.22
20260423 21:35:59- INFO- 2025-09-12 调仓，现金剩余: 2517.84
20260423 21:35:59- INFO- 2025-09-19 调仓，现金剩余: 2459.99
20260423 21:36:00- INFO- 2025-09-26 调仓，现金剩余: 1591.22
20260423 21:36:00- INFO- 2025-10-13 调仓，现金剩余: 2259.60
20260423 21:36:01- INFO- 2025-10-20 调仓，现金剩余: 1897.97
20260423 21:36:01- INFO- 2025-10-27 调仓，现金剩余: 3138.89
20260423 21:36:02- INFO- 2025-11-03 调仓，现金剩余: 1610.99
20260423 21:36:02- INFO- 2025-11-10 调仓，现金剩余: 3915.38
20260423 21:36:03- INFO- 2025-11-17 调仓，现金剩余: 2395.17
20260423 21:36:03- INFO- 2025-11-24 调仓，现金剩余: 1820.71
20260423 21:36:04- INFO- 2025-12-01 调仓，现金剩余: 2331.88
20260423 21:36:04- INFO- 2025-12-08 调仓，现金剩余: 2357.38
20260423 21:36:05- INFO- 2025-12-15 调仓，现金剩余: 1301.98
20260423 21:36:05- INFO- 2025-12-22 调仓，现金剩余: 1811.87
20260423 21:36:06- INFO- 2025-12-29 调仓，现金剩余: 679.02
20260423 21:36:06- INFO- 2026-01-07 调仓，现金剩余: 1400.80
20260423 21:36:07- INFO- 2026-01-14 调仓，现金剩余: 1086.29
20260423 21:36:07- INFO- 2026-01-21 调仓，现金剩余: 2048.38
20260423 21:36:08- INFO- 2026-01-28 调仓，现金剩余: 1708.14
20260423 21:36:08- INFO- 2026-02-04 调仓，现金剩余: 403.41
20260423 21:36:09- INFO- 2026-02-11 调仓，现金剩余: 2347.70
20260423 21:36:09- INFO- 2026-02-26 调仓，现金剩余: 2753.72
20260423 21:36:09- INFO- 2026-03-05 调仓，现金剩余: 5722.02
20260423 21:36:10- INFO- 2026-03-12 调仓，现金剩余: 2551.62
20260423 21:36:10- INFO- 2026-03-19 调仓，现金剩余: 836.19
20260423 21:36:11- INFO- 2026-03-26 调仓，现金剩余: 728.07
20260423 21:36:11- INFO- 2026-04-02 调仓，现金剩余: 4894.50
20260423 21:36:12- INFO- 信号生成完成: 买入327笔, 卖出324笔
20260423 21:36:12- INFO- 开始回测...
20260423 21:37:17- INFO- 回测完成！
20260423 21:39:10- INFO- 回测结果:
    指标名称                 指标值
  回测开始日期 2024-01-04 00:00:00
  回测结束日期 2026-04-07 00:00:00
    策略胜率               0.00%
   策略盈亏比                0.00
  策略总收益率             105.37%
 策略年化收益率              37.54%
    最大回撤             -31.92%
最大回撤开始日期 2024-01-04 00:00:00
最大回撤结束日期 2024-02-07 00:00:00
    夏普比率                0.97
    最终净值              2.0537
20260423 21:39:10- INFO- 
==================================================
20260423 21:39:10- INFO- 回测指标
20260423 21:39:10- INFO- ==================================================
20260423 21:39:10- INFO- 
    指标名称                 指标值
  回测开始日期 2024-01-04 00:00:00
  回测结束日期 2026-04-07 00:00:00
    策略胜率               0.00%
   策略盈亏比                0.00
  策略总收益率             105.37%
 策略年化收益率              37.54%
    最大回撤             -31.92%
最大回撤开始日期 2024-01-04 00:00:00
最大回撤结束日期 2024-02-07 00:00:00
    夏普比率                0.97
    最终净值              2.0537
